# Blender 5.0.1
# www.blender.org
mtllib TheKing.mtl
o Body
v -34.785133 22.319365 -51.667606
v -26.751438 31.838890 -43.396511
v -39.030697 29.658247 -40.200729
v -26.751438 31.838890 -43.396511
v -23.726389 24.285374 -53.851719
v -34.785133 22.319365 -51.667606
v -29.689039 14.828553 -63.103062
v -13.282842 33.088467 -45.290985
v -20.241957 16.537941 -64.309204
v -13.282842 33.088467 -45.290985
v -11.790044 25.517904 -55.174236
v -11.790044 25.517904 -55.174236
v -0.061908 33.536869 -45.968185
v -0.061908 25.960623 -55.655178
v -10.084139 17.730272 -65.076569
v -0.061908 25.960623 -55.655178
v -10.084139 17.730272 -65.076569
v -0.061908 18.164986 -65.368042
v 9.960322 17.730272 -65.076569
v 9.960322 17.730272 -65.076569
v 11.666227 25.517904 -55.174236
v 11.666227 25.517904 -55.174236
v 13.159027 33.088467 -45.290985
v 23.602571 24.285374 -53.851719
v 13.159027 33.088467 -45.290985
v 26.627625 31.838890 -43.396511
v 20.118141 16.537941 -64.309204
v 29.565224 14.828553 -63.103062
v 34.661316 22.319365 -51.667606
v 34.661316 22.319365 -51.667606
v 26.627625 31.838890 -43.396511
v 38.906883 29.658247 -40.200729
v 39.056393 23.824961 -45.442776
v 39.708324 8.297239 -45.620567
v 31.588852 13.631177 -62.333622
v 39.945374 -17.187195 -46.450294
v 31.825916 -16.713087 -62.926273
v 39.886112 -14.401697 -46.272491
v 31.707392 -14.342443 -63.044811
v 31.470327 -3.496750 -63.222607
v 31.233263 10.430797 -63.222607
v 31.292524 12.268051 -63.104084
v -38.582264 -46.938805 -51.902748
v -39.056393 -35.678234 -49.769192
v -34.848495 -32.359348 -58.007172
v -39.767590 -21.276569 -46.865143
v -32.240784 -20.446857 -62.274342
v -39.945374 -18.253992 -46.568821
v -31.885180 -17.779886 -62.748470
v -39.056393 23.824961 -45.442776
v -31.588852 13.631177 -62.333622
v -39.708324 8.297239 -45.620567
v -39.945374 -17.187195 -46.450294
v -39.886112 -14.401697 -46.272491
v -31.825916 -16.713087 -62.926273
v -31.707392 -14.342443 -63.044811
v -31.470327 -3.496750 -63.222607
v -31.233263 10.430797 -63.222607
v -31.292524 12.268051 -63.104084
v 31.885180 -17.779886 -62.748470
v 39.945374 -18.253992 -46.568821
v 32.240784 -20.446857 -62.274342
v 39.767590 -21.276569 -46.865143
v 34.848495 -32.359348 -58.007172
v 39.056393 -35.678234 -49.769192
v 38.582264 -46.938805 -51.902748
v 31.470327 -68.511681 -55.458714
v 29.396009 -71.060150 -54.925301
v 22.817463 -49.250210 -63.755978
v 21.276550 -48.183414 -64.289383
v 14.046073 -72.897385 -54.984577
v 13.927548 -47.650017 -64.882011
v 0.000000 -47.650017 -65.178360
v 0.000000 -73.252975 -54.984577
v -14.046073 -72.897385 -54.984577
v -13.927548 -47.650017 -64.882011
v -21.276550 -48.183414 -64.289383
v -29.396009 -71.060150 -54.925301
v -22.817463 -49.250210 -63.755978
v -31.470327 -68.511681 -55.458714
v 54.287788 -101.463661 -45.264900
v 54.406330 -103.478706 -44.731510
v 53.576595 -102.530441 -49.176476
v 53.754398 -104.545502 -48.702347
v 53.339531 -102.945305 -47.339222
v 54.524853 -103.597244 -47.102158
v 53.339531 -103.419434 -46.865093
v 54.643379 -103.123116 -46.568768
v 53.517334 -103.004570 -46.390965
v 54.643379 -102.648987 -47.042896
v 53.517334 -102.471176 -46.865093
v 54.465591 -103.063866 -47.517025
v -38.285938 23.647173 -45.502052
v -30.936920 13.571899 -62.333622
v -38.937855 8.297239 -45.679832
v -30.818396 -3.496750 -63.163342
v -30.581331 10.430797 -63.163342
v -30.640594 12.208790 -63.044819
v 30.640594 12.208790 -63.044819
v 30.936920 13.571899 -62.333622
v 30.581331 10.430797 -63.163342
v 38.285938 23.647173 -45.502052
v 38.937855 8.297239 -45.679832
v 30.818396 -3.496750 -63.163342
v 42.434559 -63.355507 -13.261218
v 42.434559 -66.496613 -11.423963
v 10.015975 -63.355511 -21.380676
v 10.015975 -67.030022 -19.306355
v 42.434559 -66.496605 -7.808716
v 10.015975 -67.030022 -15.098454
v 42.434559 -63.355503 -5.971478
v 10.015975 -63.355507 -13.024137
v 42.434559 -60.214405 -7.808719
v 10.015975 -59.740280 -15.098460
v 42.434559 -60.214405 -11.423965
v 10.015975 -59.740284 -19.306358
v 42.434559 -63.355507 -13.261218
v 10.015975 -63.355511 -21.380676
v -42.434559 -63.355507 -13.261218
v -10.015975 -63.355511 -21.380676
v -42.434559 -66.496613 -11.423963
v -10.015975 -67.030022 -19.306355
v -42.434559 -66.496605 -7.808716
v -10.015975 -67.030022 -15.098454
v -42.434559 -63.355503 -5.971478
v -10.015975 -63.355507 -13.024137
v -42.434559 -60.214405 -7.808719
v -10.015975 -59.740280 -15.098460
v -42.434559 -60.214405 -11.423965
v -10.015975 -59.740284 -19.306358
v -42.434559 -63.355507 -13.261218
v -10.015975 -63.355511 -21.380676
v -20.150490 118.769341 -13.972505
v -19.735622 118.354469 -13.142787
v -20.565357 105.434471 -11.542592
v -18.846642 118.413750 -13.083525
v -14.875807 118.887878 -13.083525
v -13.986811 104.604729 -11.127725
v -8.534325 119.480537 -13.024248
v -8.534325 105.730789 -11.127726
v 0.000000 119.776863 -12.964985
v 17.720581 74.319748 -7.631021
v 35.204082 70.882309 -5.734503
v 17.720581 77.342308 -7.631022
v 37.989597 73.075142 -5.319637
v 37.989597 64.244499 -5.319633
v 35.204082 66.437340 -5.734500
v 17.720581 59.977333 -7.631014
v 17.720581 62.999912 -7.631016
v -17.720581 77.342300 -10.357258
v -17.720581 74.319740 -10.357256
v -37.989597 73.075142 -7.156890
v -35.204082 70.882309 -7.690282
v -35.204082 66.437340 -7.690279
v -37.989597 64.244499 -7.156886
v -17.720581 62.999912 -10.357251
v -17.720581 59.977333 -10.357249
v 17.720581 62.999912 -10.357251
v 17.720581 62.999912 -7.631016
v 35.204082 66.437340 -7.690279
v 35.204082 66.437340 -5.734500
v 35.204082 70.882309 -7.690282
v 35.204082 70.882309 -5.734503
v 17.720581 74.319748 -7.631021
v 17.720581 74.319740 -10.357256
v 17.720581 77.342308 -7.631022
v 37.989597 73.075142 -5.319637
v 17.720581 77.342300 -10.357258
v 37.989597 73.075142 -7.156890
v 37.989597 64.244499 -7.156886
v 37.989597 64.244499 -5.319633
v 17.720581 59.977333 -10.357249
v 17.720581 59.977333 -7.631014
v -21.217287 118.117409 -21.025177
v -20.328291 120.013924 -15.217105
v -15.527738 124.933022 -20.373268
v -19.024429 103.300888 -24.818207
v -8.415800 99.092987 -26.122066
v -8.534325 125.347885 -20.254726
v 0.000000 98.322525 -26.892525
v 0.000000 125.584946 -20.136189
v -8.534325 121.791916 -14.624438
v 0.000000 122.088249 -14.624438
v 8.534325 121.791916 -14.624438
v 8.534325 125.347885 -20.254726
v 15.231396 121.021446 -14.861503
v 15.527738 124.933022 -20.373268
v 18.965166 120.428795 -15.098565
v 20.328291 120.013924 -15.217105
v -18.965166 120.428795 -15.098565
v -15.231396 121.021446 -14.861503
v 17.720581 77.342285 -25.647926
v 37.989597 73.075134 -13.557632
v 17.720581 74.319740 -25.647926
v 35.204082 70.882301 -15.217084
v 35.204082 66.437332 -15.217084
v 37.989597 64.244492 -13.557629
v 17.720581 62.999905 -25.647923
v 17.720581 59.977325 -25.647923
v 17.720581 77.342300 -10.357258
v 37.989597 73.075142 -7.156890
v 17.720581 74.319740 -10.357256
v 35.204082 70.882309 -7.690282
v 35.204082 66.437340 -7.690279
v 37.989597 64.244499 -7.156886
v 17.720581 62.999912 -10.357251
v 17.720581 59.977333 -10.357249
v 17.720581 77.342285 -23.099480
v 37.989597 73.075134 -11.779642
v 17.720581 77.342285 -25.647926
v 37.989597 73.075134 -13.557632
v 37.989597 64.244492 -13.557629
v 37.989597 64.244492 -11.779638
v 17.720581 59.977325 -25.647923
v 17.720581 59.977325 -23.099476
v -17.720581 62.999905 -25.647923
v -35.204082 66.437332 -15.217084
v -17.720581 62.999905 -23.099476
v -35.204082 66.437332 -13.379828
v -35.204082 70.882301 -15.217084
v -35.204082 70.882301 -13.379831
v -17.720581 74.319740 -23.099480
v -17.720581 74.319740 -25.647926
v 17.720581 74.319740 -23.099480
v 35.204082 70.882301 -13.379831
v 17.720581 77.342285 -23.099480
v 37.989597 73.075134 -11.779642
v 37.989597 64.244492 -11.779638
v 35.204082 66.437332 -13.379828
v 17.720581 59.977325 -23.099476
v 17.720581 62.999905 -23.099476
v -17.720581 62.999905 -23.099476
v -35.204082 66.437332 -13.379828
v -17.720581 59.977325 -23.099476
v -37.989597 64.244492 -11.779638
v -35.204082 70.882301 -13.379831
v -37.989597 73.075134 -11.779642
v -17.720581 77.342285 -23.099480
v -17.720581 74.319740 -23.099480
v 17.720581 74.319740 -25.647926
v 35.204082 70.882301 -15.217084
v 17.720581 74.319740 -23.099480
v 35.204082 70.882301 -13.379831
v 35.204082 66.437332 -13.379828
v 35.204082 66.437332 -15.217084
v 17.720581 62.999905 -23.099476
v 17.720581 62.999905 -25.647923
v -17.720581 59.977325 -23.099476
v -37.989597 64.244492 -11.779638
v -17.720581 59.977325 -25.647923
v -37.989597 64.244492 -13.557629
v -37.989597 73.075134 -11.779642
v -37.989597 73.075134 -13.557632
v -17.720581 77.342285 -25.647926
v -17.720581 77.342285 -23.099480
v -17.720581 59.977333 -7.631014
v -37.989597 64.244499 -5.319633
v -17.720581 59.977333 -10.357249
v -37.989597 64.244499 -7.156886
v -37.989597 73.075142 -5.319637
v -37.989597 73.075142 -7.156890
v -17.720581 77.342300 -10.357258
v -17.720581 77.342308 -7.631022
v -17.720581 59.977325 -25.647923
v -37.989597 64.244492 -13.557629
v -17.720581 62.999905 -25.647923
v -35.204082 66.437332 -15.217084
v -37.989597 73.075134 -13.557632
v -35.204082 70.882301 -15.217084
v -17.720581 74.319740 -25.647926
v -17.720581 77.342285 -25.647926
v -17.720581 62.999912 -7.631016
v -35.204082 66.437340 -5.734500
v -17.720581 59.977333 -7.631014
v -37.989597 64.244499 -5.319633
v -35.204082 70.882309 -5.734503
v -37.989597 73.075142 -5.319637
v -17.720581 77.342308 -7.631022
v -17.720581 74.319748 -7.631021
v -17.720581 62.999912 -10.357251
v -35.204082 66.437340 -7.690279
v -17.720581 62.999912 -7.631016
v -35.204082 66.437340 -5.734500
v -35.204082 70.882309 -7.690282
v -35.204082 70.882309 -5.734503
v -17.720581 74.319748 -7.631021
v -17.720581 74.319740 -10.357256
v 19.439297 -108.871902 -11.542468
v 19.439297 -81.965088 -11.127613
v 19.439297 -109.286781 -26.299732
v 0.000000 29.633064 -16.224571
v 0.000000 -63.355511 -20.313877
v -2.785513 29.633066 -13.142733
v -2.785513 -63.355511 -17.232040
v 0.000000 29.573803 -10.001631
v 0.000000 -63.355507 -14.090938
v 2.785513 29.633066 -13.142733
v 2.785513 -63.355511 -17.232040
v 0.000000 -63.355511 -20.313877
v 0.000000 29.633064 -16.224571
v 19.439297 -108.516342 -26.299732
v 19.439297 -108.160713 -12.312941
v -19.617098 -108.516342 -26.299732
v -19.617098 -108.160713 -12.312941
v 19.439297 -81.965088 -11.127613
v -19.617098 -81.965088 -11.127613
v 22.461874 -81.965088 -11.127613
v 22.461874 -81.965111 -26.299744
v -22.639675 -81.965088 -11.127613
v -22.639675 -81.965111 -26.299744
v -22.639675 -81.965088 -11.127613
v -22.639675 -81.965111 -26.299744
v -22.639675 -108.871902 -11.542468
v -22.639675 -109.286781 -26.299732
v 22.461874 -108.871902 -11.542468
v 22.461874 -109.286781 -26.299732
v 22.461874 -81.965088 -11.127613
v 22.461874 -81.965111 -26.299744
v -37.871071 -46.701740 -51.902748
v -38.285938 -35.678234 -49.887714
v -34.137299 -32.359348 -57.947910
v -39.056393 -21.276569 -46.924419
v -31.588852 -20.387596 -62.215076
v -31.233263 -17.839148 -62.689205
v -39.174919 -18.372532 -46.628082
v 53.695122 -21.987743 -3.778668
v 53.339531 -23.232328 -4.667648
v 6.993413 16.594517 -6.682721
v 52.806141 -24.713980 -4.667647
v 4.741292 14.816525 -6.682721
v 52.272736 -25.899303 -3.778667
v 51.976406 -26.314169 -2.415541
v 3.852296 14.283134 -4.134273
v 52.035683 -25.780779 -1.052416
v 52.391273 -24.595453 -0.163421
v 5.571025 15.764784 -2.652623
v 52.924664 -23.113802 -0.163421
v 53.458073 -21.928467 -1.052418
v 7.526804 17.127909 -4.134274
v 53.754398 -21.513615 -2.415543
v 6.993413 49.961357 -13.498332
v 4.741292 49.961357 -13.498332
v 3.852296 49.961361 -10.949899
v 5.571025 49.961361 -9.468248
v 7.526804 49.961361 -10.949899
v -19.617098 -81.965088 -11.127613
v -19.617098 -108.871902 -11.542468
v -19.617098 -109.286781 -26.299732
v 39.886112 38.997105 -13.853930
v 35.263359 34.789223 -13.676127
v 17.720581 42.493813 -12.135218
v 17.720581 37.574718 -12.135216
v 35.263359 -26.906843 -13.676100
v 39.886112 -31.648134 -13.853900
v 17.720581 -26.906841 -12.135187
v 12.742225 -31.648132 -11.898122
v 12.742225 -26.906841 -11.898123
v 12.742225 40.063908 -11.898153
v 17.720581 98.085472 -12.135258
v 12.742225 98.085472 -11.898193
v 12.742225 -31.648132 -11.898122
v -12.742225 -31.648132 -11.898122
v 12.742225 -26.906841 -11.898123
v -12.742225 -26.906841 -11.898123
v -35.263359 -26.906843 -13.676100
v -39.886112 38.997105 -13.853930
v -35.263359 34.789223 -13.676127
v -17.720581 42.493813 -12.135218
v -17.720581 37.574718 -12.135216
v -12.742225 40.063908 -11.898153
v -17.720581 -26.906841 -12.135187
v -39.886112 -31.648134 -13.853900
v -12.742225 98.085472 -11.898193
v -17.720581 98.085472 -12.135258
v 17.720581 98.085480 -7.097639
v 17.720581 42.493816 -7.097599
v 17.720581 98.085472 -12.135258
v 17.720581 42.493813 -12.135218
v 39.886112 38.997105 -13.853930
v 39.886112 38.997108 -8.816312
v 39.886112 -31.648132 -8.816282
v 39.886112 -31.648134 -13.853900
v 39.886112 38.997105 -13.853930
v 39.886112 -31.648134 -13.853900
v 12.742225 -31.648132 -11.898122
v 12.742225 -31.648130 -6.860489
v -12.742225 -31.648132 -11.898122
v -12.742225 -31.648130 -6.860489
v 12.742225 -26.906839 -6.860490
v -12.742225 -26.906839 -6.860490
v -39.886112 -31.648134 -13.853900
v -39.886112 -31.648132 -8.816282
v -12.742225 98.085472 -11.898193
v -12.742225 98.085480 -6.860559
v -12.742225 40.063908 -11.898153
v -12.742225 40.063908 -6.860520
v -12.742225 -26.906841 -11.898123
v 12.742225 -26.906841 -11.898123
v -39.886112 38.997105 -13.853930
v -39.886112 -31.648134 -13.853900
v -39.886112 38.997108 -8.816312
v -17.720581 98.085480 -7.097639
v -17.720581 98.085472 -12.135258
v -17.720581 42.493816 -7.097599
v -17.720581 42.493813 -12.135218
v -39.886112 38.997105 -13.853930
v 12.742225 98.085472 -11.898193
v 12.742225 40.063908 -11.898153
v 12.742225 98.085480 -6.860559
v 12.742225 40.063908 -6.860520
v 12.742225 -26.906841 -11.898123
v 17.720581 -26.906839 -7.097569
v 35.263359 -26.906841 -8.638481
v 35.263359 34.789227 -8.638509
v 17.720581 37.574722 -7.097597
v -22.639675 -81.965088 -11.127613
v -22.639675 -108.871902 -11.542468
v -19.617098 -81.965088 -11.127613
v -19.617098 -108.871902 -11.542468
v -22.639675 -109.286781 -26.299732
v -19.617098 -109.286781 -26.299732
v -35.263359 34.789227 -8.638509
v -17.720581 37.574722 -7.097597
v -35.263359 -26.906841 -8.638481
v -17.720581 -26.906839 -7.097569
v -7.052675 97.196472 -14.980031
v -5.096896 103.656471 -16.580223
v -5.215421 96.722343 -16.817268
v 0.000000 96.722343 -16.817268
v 0.000000 103.952805 -16.580227
v 2.844775 108.279243 -12.727916
v 0.000000 109.049698 -12.609392
v 0.000000 103.656471 -13.202044
v -5.096896 103.360146 -13.202044
v -2.844775 108.279243 -12.727916
v -6.874873 103.715752 -14.920756
v -3.852296 109.049698 -14.091041
v -2.844775 108.931168 -15.572690
v 0.000000 109.879433 -13.913239
v 0.000000 109.701630 -15.335626
v 2.844775 108.931168 -15.572690
v 5.096896 103.656471 -16.580223
v 5.215421 96.722343 -16.817268
v 6.874873 103.715752 -14.920756
v 7.052675 97.196472 -14.980031
v 5.096896 103.360146 -13.202044
v 5.215421 97.670601 -13.202041
v 0.000000 97.670601 -13.202041
v -5.215421 97.670601 -13.202041
v 3.852296 109.049698 -14.091041
v -35.618950 68.156044 -43.546288
v -45.990528 68.156044 -43.249962
v -36.507946 68.156044 -44.968674
v -45.101532 68.156044 -44.731609
v 36.507946 68.156044 -44.968674
v 45.101532 68.156044 -44.731609
v 35.618950 68.156044 -43.546288
v 45.990528 68.156044 -43.249962
v -15.172133 -75.386551 -54.866039
v -15.172133 -75.386551 -54.095581
v -15.172133 -47.472214 -66.008095
v -15.172133 -45.220108 -65.830276
v -15.172133 -45.457172 -66.245155
v -12.268096 -75.623619 -54.984577
v -12.268096 -75.623619 -54.154842
v -15.172133 -75.386551 -54.095581
v -15.172133 -45.220108 -65.830276
v -12.268096 -45.397911 -66.304405
v -12.268096 -45.220108 -65.948837
v -12.268096 -47.412952 -66.067337
v -12.268096 -75.623619 -54.154842
v -12.268096 -45.220108 -65.948837
v 12.268096 -45.220108 -65.948837
v 15.172133 -45.220108 -65.830276
v 12.268096 -45.397911 -66.304405
v 15.172133 -45.457172 -66.245155
v 15.172133 -75.386551 -54.866039
v 15.172133 -47.472214 -66.008095
v 15.172133 -75.386551 -54.095581
v 15.172133 -45.220108 -65.830276
v 12.268096 -47.412952 -66.067337
v 12.268096 -45.220108 -65.948837
v 12.268096 -75.623619 -54.154842
v 12.268096 -75.623619 -54.984577
v 15.172133 -75.386551 -54.095581
v 12.268096 -75.623619 -54.154842
v -9.126979 -81.965088 -11.127613
v -9.126979 -108.871902 -11.542468
v -9.126979 -109.286781 -26.299732
v 53.280270 -103.063866 -43.664726
v 51.265213 -102.826805 -43.249859
v 52.924664 -104.841827 -44.375919
v 50.909622 -104.664040 -43.901791
v 52.569077 -105.849350 -45.916836
v 50.554020 -105.730820 -45.561241
v 52.213470 -105.730820 -47.813351
v 50.198429 -105.612297 -47.457764
v 52.094948 -104.545502 -49.295017
v 50.079891 -104.367691 -48.998676
v 52.213470 -102.708244 -49.769146
v 50.198429 -102.471176 -49.532066
v 52.569077 -100.930290 -49.117214
v 50.554020 -100.633926 -48.820889
v 52.924664 -99.922752 -47.576286
v 50.909622 -99.567146 -47.220699
v 53.280270 -100.041275 -45.679768
v 51.265213 -99.685669 -45.264900
v 53.398792 -101.226601 -44.198116
v 51.383751 -100.930290 -43.783253
v 53.280270 -103.063866 -43.664726
v 51.265213 -102.826805 -43.249859
v -35.263359 34.789223 -13.676127
v -17.720581 37.574718 -12.135216
v -17.720581 -26.906841 -12.135187
v -35.263359 -26.906843 -13.676100
v -12.149556 -108.871902 -11.542468
v -12.149556 -81.965088 -11.127613
v -12.149556 -109.286781 -26.299732
v -17.364977 44.745934 -14.446588
v -51.205952 39.530514 -16.580181
v -11.912492 24.536182 -14.979985
v -51.265213 23.113794 -16.580173
v -5.333945 -35.856018 -16.580147
v -51.265213 -35.856018 -16.580147
v -41.308502 -117.346970 -17.172752
v -37.634007 -117.346970 -16.817146
v -46.227592 -113.376129 -22.743778
v 0.000000 -117.346970 -16.817146
v 0.000000 -113.376129 -22.743778
v 46.227592 -113.376129 -22.743778
v 37.634007 -117.346970 -16.817146
v 41.308502 -117.346970 -17.172752
v -12.149556 -81.965088 -11.127613
v -12.149556 -108.871902 -11.542468
v -9.126979 -81.965088 -11.127613
v -9.126979 -108.871902 -11.542468
v -12.149556 -109.286781 -26.299732
v -9.126979 -109.286781 -26.299732
v 17.364977 44.745934 -14.446588
v 51.205952 39.530514 -16.580181
v 22.758200 46.523907 -21.617802
v 49.665039 43.382805 -27.188812
v 48.005569 52.746845 -39.338387
v 22.758200 55.887962 -35.249012
v 22.758200 83.031822 -35.249043
v 46.760986 69.459892 -41.649776
v 45.872005 87.595337 -38.330879
v 22.758200 94.233162 -21.499298
v 51.324474 80.720451 -36.375095
v 51.443016 75.860641 -37.619682
v 51.739342 69.459892 -38.034546
v 52.154209 62.762836 -37.382610
v 52.628338 57.547413 -35.841682
v 53.339531 52.213455 -31.930107
v 53.695122 49.250156 -27.070290
v 53.339531 46.286839 -17.469162
v 51.976406 44.034740 -8.994116
v 50.554020 43.264271 -5.556673
v 51.205952 86.291489 -33.293262
v 50.909622 89.788193 -28.492706
v 44.449615 96.663078 -10.949935
v 17.364977 95.833336 -14.446624
v 20.387554 95.537018 -6.386428
v 8.534325 95.655556 -6.267904
v 0.000000 95.833336 -14.446624
v 0.000000 95.774078 -6.149379
v -8.534325 95.655556 -6.267904
v -17.364977 95.833336 -14.446624
v -20.387554 95.537018 -6.386428
v -44.449615 96.663078 -10.949935
v -22.758200 94.233162 -21.499298
v -50.909622 89.788193 -28.492706
v -45.872005 87.595337 -38.330879
v -51.205952 86.291489 -33.293262
v -51.324474 80.720451 -36.375095
v -51.443016 75.860641 -37.619682
v -46.760986 69.459892 -41.649776
v -51.739342 69.459892 -38.034546
v -52.154209 62.762836 -37.382610
v -48.005569 52.746845 -39.338387
v -52.628338 57.547413 -35.841682
v -53.339531 52.213455 -31.930107
v -49.665039 43.382805 -27.188812
v -53.695122 49.250156 -27.070290
v -53.339531 46.286839 -17.469162
v -51.976406 44.034740 -8.994116
v -50.554020 43.264271 -5.556673
v -22.758200 83.031822 -35.249043
v -22.758200 55.887962 -35.249012
v -22.758200 46.523907 -21.617802
v 1.540912 -81.965088 -11.127613
v 1.540912 -108.871902 -11.542468
v 1.540912 -109.286781 -26.299732
v -50.731823 22.995258 -5.556664
v -50.909622 -19.202234 -5.556646
v -51.087425 -39.708324 -5.556637
v -17.364977 84.157913 -14.446618
v -9.838187 44.271805 -9.171904
v -9.838187 81.076080 -9.171935
v 0.000000 44.271805 -6.860521
v 0.000000 81.550209 -6.860552
v 0.000000 86.884148 -14.446620
v 0.000000 24.713970 -16.520897
v -7.526804 24.713972 -10.357219
v 0.000000 24.713972 -8.519979
v 7.526804 24.713972 -10.357219
v 17.364977 84.157913 -14.446618
v 9.838187 81.076080 -9.171935
v 9.838187 44.271805 -9.171904
v 11.912492 24.536182 -14.979985
v 0.000000 -35.856022 -21.202896
v 5.333945 -35.856018 -16.580147
v -8.534325 98.322533 -12.727912
v -19.024429 101.404373 -12.727913
v 8.415800 99.092987 -26.122066
v 0.000000 106.441986 -11.127726
v 8.534325 105.730789 -11.127726
v 8.534325 98.322533 -12.727912
v 13.986811 104.604729 -11.127725
v 19.024429 101.404373 -12.727913
v 20.565357 105.434471 -11.542592
v 21.217287 118.117409 -21.025177
v 20.150490 118.769341 -13.972505
v 19.024429 103.300888 -24.818207
v 0.000000 97.907661 -12.727912
v 8.534325 119.480537 -13.024248
v 14.875807 118.887878 -13.083525
v 18.846642 118.413750 -13.083525
v 19.735622 118.354469 -13.142787
v 0.000000 -72.541763 -22.032585
v 3.437429 -70.230377 -12.905610
v 0.000000 -70.882317 -12.372217
v 3.022577 -63.355503 -8.579187
v 0.000000 -63.355503 -7.571668
v 3.437429 -56.539902 -12.905616
v 0.000000 -55.828720 -12.372224
v 4.267162 -55.236057 -21.499203
v 4.682029 -63.355511 -25.825626
v 0.000000 -63.355511 -26.833160
v 0.000000 -54.169258 -22.032593
v -4.682029 -63.355511 -25.825626
v -4.267162 -55.236057 -21.499203
v -3.437429 -56.539902 -12.905616
v -3.022577 -63.355503 -8.579187
v -3.437429 -70.230377 -12.905610
v -4.267162 -71.474983 -21.499195
v -4.682029 -63.355511 -25.825626
v 0.000000 -63.355511 -26.833160
v 4.267162 -71.474983 -21.499195
v 4.682029 -63.355511 -25.825626
v -1.540912 -108.871902 -11.542468
v -1.540912 -81.965088 -11.127613
v -1.540912 -109.286781 -26.299732
v -19.913425 98.263245 -26.181332
v -19.794901 97.966919 -20.906647
v -18.194710 111.420341 -23.632889
v -18.016909 110.531342 -18.298943
v -10.134515 117.821083 -16.520954
v -10.253039 118.887878 -22.210503
v 0.000000 119.776863 -16.046822
v 0.000000 120.843666 -21.795654
v 10.134515 117.821083 -16.520954
v 10.253039 118.887878 -22.210503
v 18.016909 110.531342 -18.298943
v 18.194710 111.420341 -23.632889
v 19.913425 98.263245 -26.181332
v 19.794901 97.966919 -20.906647
v 16.475996 97.789124 -21.084435
v 15.349936 109.286758 -18.595268
v 9.304781 116.220894 -16.935818
v 0.000000 118.295212 -16.461689
v -9.304781 116.220894 -16.935818
v -15.349936 109.286758 -18.595268
v -16.475996 97.789124 -21.084435
v -1.540912 -81.965088 -11.127613
v -1.540912 -108.871902 -11.542468
v 1.540912 -81.965088 -11.127613
v 1.540912 -108.871902 -11.542468
v -1.540912 -109.286781 -26.299732
v 1.540912 -109.286781 -26.299732
v 19.498558 97.907661 -20.906647
v 17.009388 97.907661 -20.906647
v 17.305716 110.057213 -18.180401
v 15.468460 109.405304 -18.358204
v 10.075237 117.761826 -16.224625
v 9.245519 116.161629 -16.639488
v 0.000000 119.717598 -15.691234
v 0.000000 118.235954 -16.106102
v -10.075237 117.761826 -16.224625
v -9.245519 116.161629 -16.639488
v -15.468460 109.405304 -18.358204
v -17.305716 110.057213 -18.180401
v -19.498558 97.907661 -20.906647
v -17.009388 97.907661 -20.906647
v -19.913425 97.729858 -14.742969
v -17.779844 109.820152 -12.727917
v -10.253039 117.524757 -12.550117
v 0.000000 119.658340 -12.727921
v 10.253039 117.524757 -12.550117
v 17.779844 109.820152 -12.727917
v 19.913425 97.729858 -14.742969
v 12.149556 -81.965088 -11.127613
v 12.149556 -108.871902 -11.542468
v 12.149556 -109.286781 -26.299732
v -52.509811 -39.708324 -8.994079
v -54.406330 -39.886120 -17.469128
v -51.857883 -37.159885 -26.655384
v -55.236050 -40.656590 -22.684547
v -55.769440 -42.612370 -27.366577
v -56.065765 -45.220085 -30.981804
v -52.983940 -48.598255 -38.686409
v -56.243568 -48.835320 -33.470989
v -56.243568 -53.398808 -35.011902
v -53.398792 -63.651848 -41.412624
v -56.421371 -62.170193 -35.960140
v -56.362110 -70.289658 -35.604546
v -53.161728 -81.490990 -38.864185
v -56.184307 -74.971680 -34.419220
v -56.006504 -78.586922 -32.522705
v -51.028149 -94.470230 -22.743786
v -55.236050 -83.031868 -27.366543
v -53.813660 -86.884163 -21.084320
v -50.376217 -90.321602 -14.209466
v -44.864468 -91.921799 -10.534955
v -42.671627 -110.057228 -14.802110
v -25.602976 -94.470230 -22.743786
v -25.602976 -81.431709 -35.723068
v -25.543713 -48.420452 -35.723095
v -25.543713 -37.159885 -21.558487
v 56.125046 -32.003716 -1.052413
v -6.282204 15.764784 -2.652623
v 55.650913 -33.189041 -0.163417
v 55.117508 -34.670689 -0.163416
v -8.060196 14.283134 -4.134273
v 54.761921 -35.856010 -1.052412
v 54.702656 -36.389420 -2.415536
v -6.993413 14.816525 -6.682721
v 54.998985 -35.974552 -3.778662
v 55.473114 -34.789234 -4.667643
v -4.504227 16.594517 -6.682721
v 56.065765 -33.307568 -4.667644
v 56.421371 -32.122257 -3.778664
v -4.089360 17.127909 -4.134274
v 56.421371 -31.588852 -2.415538
v -4.089360 49.961361 -10.949899
v -6.282204 49.961361 -9.468248
v -8.060196 49.961361 -10.949899
v -6.993413 49.961357 -13.498332
v -4.504227 49.961357 -13.498332
v 51.087425 -39.708324 -5.556637
v 51.265213 -35.856018 -16.580147
v 52.509811 -39.708324 -8.994079
v 54.406330 -39.886120 -17.469128
v 51.857883 -37.159885 -26.655384
v 55.236050 -40.656590 -22.684547
v 55.769440 -42.612370 -27.366577
v 56.065765 -45.220085 -30.981804
v 52.983940 -48.598255 -38.686409
v 56.243568 -48.835320 -33.470989
v 56.243568 -53.398808 -35.011902
v 53.398792 -63.651848 -41.412624
v 56.421371 -62.170193 -35.960140
v 56.362110 -70.289658 -35.604546
v 53.161728 -81.490990 -38.864185
v 56.184307 -74.971680 -34.419220
v 56.006504 -78.586922 -32.522705
v 51.028149 -94.470230 -22.743786
v 55.236050 -83.031868 -27.366543
v 53.813660 -86.884163 -21.084320
v 50.376217 -90.321602 -14.209466
v 44.864468 -91.921799 -10.534955
v 42.671627 -110.057228 -14.802110
v 25.543713 -37.159885 -21.558487
v 25.543713 -48.420452 -35.723095
v 25.602976 -81.431709 -35.723068
v 25.602976 -94.470230 -22.743786
v -16.298193 97.611336 -14.446626
v -14.757267 108.457039 -12.490851
v -8.949192 115.628242 -12.431593
v 0.000000 117.821083 -12.609396
v 8.949192 115.628242 -12.431593
v 14.757267 108.457039 -12.490851
v 16.298193 97.611336 -14.446626
v 16.298193 98.144722 -26.181332
v 15.172133 110.116478 -23.929214
v 9.245519 117.228416 -22.566109
v 0.000000 119.243469 -22.151241
v -9.245519 117.228416 -22.566109
v -15.172133 110.116478 -23.929214
v -16.298193 98.144722 -26.181332
v 17.720581 -26.906841 -12.135187
v 17.720581 37.574718 -12.135216
v 35.263359 34.789223 -13.676127
v 35.263359 -26.906843 -13.676100
v 9.126979 -108.871902 -11.542468
v 9.126979 -81.965088 -11.127613
v 9.126979 -109.286781 -26.299732
v -30.699871 -67.859749 -55.103111
v -22.758200 -49.309475 -62.985500
v -30.403530 -69.519203 -54.628975
v -29.099682 -70.348953 -54.451176
v -21.276550 -48.242691 -63.459629
v -16.416719 -72.186172 -54.391907
v -12.623686 -48.064888 -63.933758
v 0.000000 -48.064888 -64.111580
v 0.000000 -73.134438 -54.391907
v 16.416719 -72.186172 -54.391907
v 12.623686 -48.064888 -63.933758
v 21.276550 -48.242691 -63.459629
v 29.099682 -70.348953 -54.451176
v 22.758200 -49.309475 -62.985500
v 30.403530 -69.519203 -54.628975
v 30.699871 -67.859749 -55.103111
v 9.126979 -81.965088 -11.127613
v 9.126979 -108.871902 -11.542468
v 12.149556 -81.965088 -11.127613
v 12.149556 -108.871902 -11.542468
v 9.126979 -109.286781 -26.299732
v 12.149556 -109.286781 -26.299732
v 51.265213 23.113794 -16.580173
v 25.128845 -128.014877 -44.850037
v 26.077105 -128.014877 -45.264889
v 26.077105 -124.458923 -43.961044
v 26.966101 -128.014877 -44.850037
v 27.321690 -128.014877 -43.961040
v 26.966101 -128.014877 -43.072044
v 26.077105 -128.014877 -42.716457
v 25.128845 -128.014877 -43.072044
v 24.773241 -128.014877 -43.961040
v -39.174919 -17.127932 -46.509556
v -39.174919 -14.401697 -46.331757
v -31.114723 -16.653826 -62.867016
v -30.996199 -14.342443 -62.985531
v 19.439297 -81.965088 -11.127613
v 19.439297 -108.871902 -11.542468
v 22.461874 -81.965088 -11.127613
v 22.461874 -108.871902 -11.542468
v 19.439297 -109.286781 -26.299732
v 22.461874 -109.286781 -26.299732
v 50.731823 22.995258 -5.556664
v 50.909622 -19.202234 -5.556646
v 53.280270 -100.041275 -45.679768
v 53.398792 -101.226601 -44.198116
v 53.695122 -103.004570 -46.924370
v 53.280270 -103.063866 -43.664726
v 52.924664 -104.841827 -44.375919
v 52.569077 -105.849350 -45.916836
v 52.213470 -105.730820 -47.813351
v 52.094948 -104.545502 -49.295017
v 52.213470 -102.708244 -49.769146
v 52.569077 -100.930290 -49.117214
v 52.924664 -99.922752 -47.576286
v 39.174919 -14.401697 -46.331757
v 30.996199 -14.342443 -62.985531
v 31.114723 -16.653826 -62.867016
v 39.174919 -17.127932 -46.509556
v 56.065765 -33.307568 -4.667644
v 56.421371 -32.122257 -3.778664
v 49.724300 -28.744078 -3.126733
v 56.421371 -31.588852 -2.415538
v 56.125046 -32.003716 -1.052413
v 55.650913 -33.189041 -0.163417
v 55.117508 -34.670689 -0.163416
v 54.761921 -35.856010 -1.052412
v 54.702656 -36.389420 -2.415536
v 54.998985 -35.974552 -3.778662
v 55.473114 -34.789234 -4.667643
v 52.806141 -24.713980 -4.667647
v 53.339531 -23.232328 -4.667648
v 46.998051 -18.609564 -3.126738
v 53.695122 -21.987743 -3.778668
v 53.754398 -21.513615 -2.415543
v 53.458073 -21.928467 -1.052418
v 52.924664 -23.113802 -0.163421
v 52.391273 -24.595453 -0.163421
v 52.035683 -25.780779 -1.052416
v 51.976406 -26.314169 -2.415541
v 52.272736 -25.899303 -3.778667
v 39.174919 -18.372532 -46.628082
v 39.056393 -21.276569 -46.924419
v 31.233263 -17.839148 -62.689205
v 31.588852 -20.387596 -62.215076
v 34.137299 -32.359348 -57.947910
v 38.285938 -35.678234 -49.887714
v 37.871071 -46.701740 -51.902748
v 0.000000 110.827698 -7.808824
v -8.534325 111.479607 -8.282952
v -8.534325 104.841805 -6.919840
v -37.396942 108.931168 -11.246267
v -37.930332 100.337578 -8.875617
v -28.151423 106.501251 -8.875620
v -23.884260 124.103310 -16.106106
v -26.966101 124.814476 -17.765541
v -28.684814 120.902924 -14.091046
v -29.929399 125.347885 -20.313988
v -34.018776 118.769341 -14.268847
v -43.856949 97.966927 -9.942414
v -37.930332 100.337578 -8.875617
v -37.396942 108.931168 -11.246267
v -31.825916 113.079796 -11.542596
v -27.203165 116.280159 -11.898201
v -19.972687 119.776863 -13.735457
v -20.150490 118.769341 -13.972505
v -19.972687 120.191727 -14.209586
v -20.328291 120.013924 -15.217105
v -20.920946 122.266045 -13.913245
v -21.750679 123.392090 -14.980044
v -22.047007 122.266045 -14.031783
v -24.417652 121.791916 -14.031783
v -21.809942 120.725121 -13.142787
v -20.446817 124.636688 -16.106106
v -15.349936 125.881279 -17.054363
v -22.047007 125.762733 -18.002621
v -15.409198 127.955597 -20.669594
v -8.534325 126.888802 -17.765541
v -8.534325 128.548264 -21.143723
v 0.000000 127.303665 -18.180408
v 0.000000 128.844604 -21.499313
v -14.875807 118.887878 -13.083525
v -18.846642 118.413750 -13.083525
v -19.320770 119.776863 -13.557653
v -18.965166 120.428795 -15.098565
v -19.261494 120.310272 -14.091044
v -15.053608 120.547318 -13.972505
v -15.231396 121.021446 -14.861503
v -8.534325 121.791916 -14.624438
v 0.000000 122.088249 -14.624438
v 0.000000 121.377052 -13.853982
v -8.534325 121.080727 -13.913245
v -15.290659 118.058151 -11.068470
v -20.387554 119.124931 -12.016728
v -21.750679 115.628242 -10.890680
v -8.534325 120.725121 -13.498377
v -14.994331 120.191727 -13.557653
v 0.000000 116.813576 -9.586817
v -8.534325 117.406219 -10.120211
v -15.764788 112.961258 -9.349751
v -23.647196 111.301826 -9.527553
v -23.706459 119.006409 -12.609397
v 28.684814 120.902924 -14.091046
v 34.018776 118.769341 -14.268847
v 35.381886 123.036507 -20.432529
v 23.113804 127.659248 -24.225563
v 22.936003 126.829536 -20.373268
v 29.929399 125.347885 -20.313988
v 26.966101 124.814476 -17.765541
v 23.884260 124.103310 -16.106106
v 22.047007 125.762733 -18.002621
v 15.409198 127.955597 -20.669594
v 15.587000 128.370468 -24.047760
v 8.534325 128.548264 -21.143723
v -19.735622 119.658340 -13.616917
v 23.765720 11.497578 -67.193436
v 12.801488 -3.081885 -67.786110
v 12.801488 11.853182 -67.549026
v 0.000000 -3.081885 -67.904633
v 0.000000 11.912445 -67.667564
v 20.446817 124.636688 -16.106106
v 19.794901 123.510635 -14.742980
v 20.565357 122.977242 -14.387376
v 8.534325 126.888802 -17.765541
v 15.349936 125.881279 -17.054363
v 19.854162 121.021446 -13.083525
v 15.231396 120.962181 -12.313069
v 20.387554 119.124931 -12.016728
v 15.290659 118.058151 -11.068470
v 8.593588 121.021446 -11.424074
v 8.534325 117.406219 -10.120211
v 0.000000 120.902924 -11.068470
v 31.825916 113.079796 -11.542596
v 8.534325 111.479607 -8.282952
v 15.764788 112.961258 -9.349751
v 21.750679 115.628242 -10.890680
v 23.706459 119.006409 -12.609397
v 21.809942 120.725121 -13.142787
v 12.801488 15.290610 -67.134186
v 37.396942 108.931168 -11.246267
v 38.582264 115.746765 -14.209584
v 39.708324 119.421280 -20.313984
v -38.226662 28.744055 -44.968647
v -30.936920 31.766632 -45.264977
v -37.752533 28.506990 -45.502052
v -30.936920 31.351765 -45.976185
v 37.752533 28.506990 -45.502052
v 30.936920 31.351765 -45.976185
v 30.936920 31.766632 -45.264977
v 22.758200 33.781670 -45.502056
v 22.698938 33.307541 -46.272514
v -37.752533 27.558733 -45.324249
v -30.936920 30.225719 -45.798382
v 22.698938 32.181496 -46.094715
v 30.936920 30.225719 -45.798382
v 37.752533 27.558733 -45.324249
v -16.890848 106.916122 -7.808822
v -22.936003 126.829536 -20.373268
v -15.587000 128.370468 -24.047760
v -23.113804 127.659248 -24.225563
v -30.107203 126.236862 -24.818218
v -35.381886 123.036507 -20.432529
v -35.618950 123.925491 -26.240604
v -39.945374 119.895401 -29.203915
v -39.708324 119.421280 -20.313984
v -38.582264 115.746765 -14.209584
v -39.708324 119.421280 -20.313984
v -42.256760 110.531342 -13.676175
v -38.582264 115.746765 -14.209584
v -42.375298 105.552986 -11.720395
v -20.683882 121.614120 -13.498378
v -19.735622 118.354469 -13.142787
v -19.557821 120.902924 -13.676179
v -19.972687 120.962181 -13.735459
v -19.676361 121.495567 -13.735459
v -19.913425 121.614120 -13.794719
v -19.735622 121.554848 -13.557654
v -20.150490 121.851181 -13.676180
v -19.854162 121.021446 -13.083525
v -15.231396 120.962181 -12.313069
v -8.593588 121.021446 -11.424074
v -8.534325 128.785309 -23.988499
v -8.534325 119.480537 -13.024248
v 0.000000 119.776863 -12.964985
v 0.000000 121.021446 -13.498377
v 0.000000 122.384575 -13.676180
v -8.534325 122.088249 -13.735459
v -8.534325 122.917961 -13.261330
v 0.000000 123.214302 -13.202051
v -8.534325 122.917961 -12.490858
v 0.000000 123.214302 -12.313070
v -20.269030 122.088249 -13.913245
v -20.150490 121.851181 -13.913245
v -20.150490 121.258530 -13.913245
v -20.091227 121.554848 -14.150310
v -19.557821 121.969696 -14.150310
v -20.031950 122.206795 -14.091046
v -19.557821 122.503105 -14.150310
v -20.209753 122.503105 -14.150310
v -19.676361 122.917961 -14.328113
v -20.565357 122.977242 -14.387376
v -19.794901 123.510635 -14.742980
v -8.534325 122.443825 -13.913245
v -15.172133 122.028976 -13.972507
v 37.396942 108.931168 -11.246267
v 37.930332 100.337578 -8.875617
v 43.856949 97.966927 -9.942414
v 42.256760 110.531342 -13.676175
v 38.582264 115.746765 -14.209584
v 43.264278 113.850243 -20.076920
v 39.708324 119.421280 -20.313984
v -20.387554 95.537018 -6.386428
v 28.151423 106.501251 -8.875620
v 37.930332 100.337578 -8.875617
v 20.387554 95.537018 -6.386428
v -8.534325 125.644211 -15.691237
v -15.349936 124.458893 -15.157847
v -8.534325 124.933022 -13.913247
v -15.349936 123.747696 -14.209590
v -8.534325 123.747696 -13.735461
v -15.231396 122.917961 -14.031785
v 0.000000 122.680923 -13.913245
v 0.000000 123.984764 -13.735461
v 0.000000 125.288605 -13.913247
v 0.000000 126.118340 -15.987565
v -15.290659 122.266045 -13.083526
v -15.231396 122.206795 -13.557654
v -15.112871 121.614120 -13.735459
v 42.375298 105.552986 -11.720395
v 27.203165 116.280159 -11.898201
v 23.647196 111.301826 -9.527553
v 16.890848 106.916122 -7.808822
v 8.534325 104.841805 -6.919840
v 8.534325 95.655556 -6.267904
v 0.000000 104.604736 -6.801300
v 0.000000 95.774078 -6.149379
v -8.534325 95.655556 -6.267904
v 21.750679 123.392090 -14.980044
v 20.920946 122.266045 -13.913245
v 22.047007 122.266045 -14.031783
v 20.683882 121.614120 -13.498378
v 24.417652 121.791916 -14.031783
v 19.735622 121.554848 -13.557654
v 19.676361 122.917961 -14.328113
v 20.209753 122.503105 -14.150310
v 20.269030 122.088249 -13.913245
v 20.150490 121.851181 -13.676180
v 19.913425 121.614120 -13.794719
v 19.676361 121.495567 -13.735459
v 19.972687 120.962181 -13.735459
v 19.557821 120.902924 -13.676179
v 19.735622 119.658340 -13.616917
v 19.972687 119.776863 -13.735457
v 20.150490 118.769341 -13.972505
v 19.972687 120.191727 -14.209586
v 20.328291 120.013924 -15.217105
v 18.965166 120.428795 -15.098565
v 19.261494 120.310272 -14.091044
v 15.053608 120.547318 -13.972505
v 15.231396 121.021446 -14.861503
v 8.534325 121.791916 -14.624438
v 8.534325 121.080727 -13.913245
v 8.534325 122.443825 -13.913245
v 15.172133 122.028976 -13.972507
v 19.320770 119.776863 -13.557653
v 19.557821 122.503105 -14.150310
v 20.031950 122.206795 -14.091046
v 20.150490 121.851181 -13.913245
v 20.150490 121.258530 -13.913245
v 20.091227 121.554848 -14.150310
v 19.557821 121.969696 -14.150310
v 19.735622 118.354469 -13.142787
v 18.846642 118.413750 -13.083525
v 14.875807 118.887878 -13.083525
v 14.994331 120.191727 -13.557653
v 8.534325 120.725121 -13.498377
v 8.534325 119.480537 -13.024248
v 15.231396 122.917961 -14.031785
v 15.349936 123.747696 -14.209590
v 15.349936 124.458893 -15.157847
v 8.534325 125.644211 -15.691237
v 8.534325 124.933022 -13.913247
v 8.534325 123.747696 -13.735461
v 8.534325 122.917961 -12.490858
v 15.290659 122.266045 -13.083526
v 8.534325 122.917961 -13.261330
v 8.534325 122.088249 -13.735459
v 15.112871 121.614120 -13.735459
v 15.231396 122.206795 -13.557654
v 38.226662 28.744055 -44.968647
v -22.698938 32.181496 -46.094715
v -22.698938 33.307541 -46.272514
v -15.290659 33.011215 -46.153976
v -15.290659 34.255798 -46.331779
v -7.645329 33.544621 -46.153976
v -7.645329 34.729927 -46.331779
v 0.000000 33.781670 -46.153976
v 0.000000 34.967007 -46.331779
v 7.645329 34.729927 -46.331779
v 7.645329 33.544621 -46.153976
v 15.290659 34.255798 -46.331779
v 15.290659 33.011215 -46.153976
v -39.471245 28.329205 -44.672318
v -38.760067 29.395988 -44.672318
v -30.403530 16.712999 -63.815289
v -29.040405 10.964187 -66.541504
v -30.522068 10.727122 -65.652512
v -30.522068 12.860704 -65.415466
v -31.766655 12.445839 -63.933796
v -31.707392 10.549322 -64.052338
v -31.944456 -3.496750 -64.052338
v -30.699871 -3.496751 -65.711792
v -32.122257 -14.401720 -63.874531
v -30.936920 -17.720625 -65.593239
v -29.099682 -3.496752 -66.897118
v -29.099682 -17.898428 -67.015625
v -23.765720 -17.957689 -67.489754
v -23.765720 -3.259687 -67.430504
v -12.742225 -18.016953 -67.845367
v -12.801488 -3.081885 -67.786110
v 0.000000 -18.016953 -67.963882
v -12.801488 11.853182 -67.549026
v -12.801488 15.290610 -67.134186
v 0.000000 15.646216 -67.252708
v 0.000000 18.965120 -66.363724
v -12.860750 18.431728 -66.245186
v 0.000000 20.031902 -65.533997
v -12.860750 19.439249 -65.415466
v -23.765720 16.772276 -65.889595
v -23.706459 17.779797 -65.119125
v -29.277483 16.357410 -64.585739
v -29.277483 15.409153 -65.296928
v -31.174000 15.586956 -63.815289
v -40.063915 25.365891 -44.613056
v -32.062981 14.105307 -63.104092
v -30.877659 14.697960 -64.585739
v -29.040405 13.275570 -66.185928
v -23.765720 14.164566 -66.778580
v -23.765720 11.497578 -67.193436
v -22.758200 33.781670 -45.502056
v -15.290659 34.670666 -45.561317
v -7.645329 35.204060 -45.620579
v 0.000000 35.441135 -45.620579
v 7.645329 35.204060 -45.620579
v 15.290659 34.670666 -45.561317
v 39.945374 94.351692 -7.986618
v 55.117508 -32.537125 -30.685486
v 55.887981 -32.833450 -30.329895
v 54.821182 -32.596401 -34.241451
v 55.650913 -32.951992 -34.241451
v 54.821182 -33.011253 -38.923481
v 54.228527 -32.596401 -38.508614
v 53.458073 -25.425190 -38.330814
v 53.576595 -21.454353 -36.908428
v 51.265213 23.528635 -40.701485
v 53.043205 23.943502 -36.493599
v 50.791084 53.398773 -40.523693
v 55.710178 -40.360249 -28.966766
v 56.006504 -42.612373 -30.744743
v 55.769440 -40.123184 -29.144554
v 56.006504 -41.782642 -30.685486
v 55.769440 -39.886124 -29.322357
v 56.006504 -40.952923 -30.685486
v 55.947243 -33.307579 -30.329895
v 55.650913 -33.426121 -34.241451
v 54.880459 -33.485382 -38.982742
v 54.524853 -33.426121 -39.753201
v 53.102467 -25.543730 -39.101273
v 51.798603 -21.098764 -41.234867
v 48.953831 -17.009405 -44.790825
v 48.420437 22.758179 -44.020386
v 48.005569 49.724277 -43.783333
v 47.768520 65.489044 -43.487026
v 50.376217 65.844666 -40.464451
v 49.546497 79.120285 -40.168129
v 47.472179 80.009277 -42.716576
v 47.175854 89.076996 -41.590519
v 48.716778 86.291481 -39.931068
v 46.523922 97.907646 -39.634747
v 51.857883 -24.654736 -41.708996
v 55.828716 -33.070530 -29.500164
v 53.695122 -33.781712 -40.345867
v 52.450535 -34.552189 -43.427708
v 54.287788 -40.597321 -40.405128
v 49.013107 -20.506098 -45.027901
v 49.131630 -23.291611 -45.383488
v 49.665039 -35.796772 -47.991199
v 50.079891 -49.546520 -50.302574
v 53.102467 -49.368717 -45.620541
v 55.236050 -44.449627 -38.686409
v 54.287788 -39.767601 -40.108803
v 53.754398 -33.722446 -40.168064
v 53.932201 -33.663185 -39.990265
v 54.406330 -38.819340 -39.931000
v 55.176785 -40.893646 -38.390087
v 55.176785 -42.671635 -38.508610
v 55.828716 -42.612373 -34.300713
v 55.887981 -44.094025 -34.122921
v 55.769440 -41.130726 -34.359978
v 50.435493 -61.873875 -51.428600
v 54.406330 -21.395086 -32.226414
v 53.872925 24.121311 -32.048634
v 53.339531 52.213455 -31.930107
v 52.628338 57.547413 -35.841682
v 52.154209 62.762836 -37.382610
v 51.739342 69.459892 -38.034546
v 51.443016 75.860641 -37.619682
v 51.324474 80.720451 -36.375095
v 49.902088 90.203033 -36.375099
v 48.005569 98.381775 -36.375103
v 45.160797 106.797562 -36.493649
v 46.523922 107.212418 -28.611240
v 43.679146 114.502174 -28.611244
v 39.945374 119.895401 -29.203915
v 43.205017 114.028046 -32.937668
v 54.050724 24.121311 -27.070278
v 53.695122 49.250156 -27.070290
v 42.671627 -110.057228 -14.802110
v 48.361176 -110.116493 -18.121014
v 44.864468 -91.921799 -10.534955
v 50.376217 -90.321602 -14.209466
v 51.205952 -110.412857 -24.106888
v 53.813660 -86.884163 -21.084320
v 55.236050 -83.031868 -27.366543
v 51.917145 -111.242561 -29.322311
v 51.857883 -112.842751 -33.589474
v 56.006504 -78.586922 -32.522705
v 51.205952 -112.368629 -41.827469
v 54.761921 -82.735558 -40.938484
v 50.198429 -112.605698 -47.457760
v 52.746864 -85.580330 -47.398506
v 50.198429 -87.476845 -51.784195
v 53.280270 -73.312233 -47.339233
v 50.554020 -74.141991 -51.902725
v 53.339531 -61.992416 -46.746590
v 55.413849 -49.072384 -39.101261
v 56.243568 -48.835320 -33.470989
v 56.065765 -45.220085 -30.981804
v 55.769440 -42.612370 -27.366577
v 55.295311 -33.603916 -28.670429
v 55.354588 -33.544655 -28.848232
v 55.354588 -33.485378 -28.966770
v 54.821182 -25.662251 -29.203838
v 54.761921 -25.484463 -29.974293
v 54.643379 -21.217299 -27.129524
v 53.576595 23.824974 -17.469154
v 53.339531 46.286839 -17.469162
v 55.236050 -40.656590 -22.684547
v 53.754398 -20.387560 -17.469135
v 52.094948 23.350845 -8.994106
v 51.976406 44.034740 -8.994116
v 55.769440 -62.110931 -40.108776
v 56.184307 -74.971680 -34.419220
v 55.591637 -71.830589 -40.582897
v 56.421371 -62.170193 -35.960140
v 56.243568 -53.398808 -35.011902
v 56.362110 -70.289658 -35.604546
v 51.383751 -114.857803 -35.900856
v 50.731823 -117.761871 -37.382504
v 49.013107 -124.281120 -42.005268
v 48.420437 -124.103355 -47.279953
v 48.183372 -123.688477 -49.354271
v 48.124111 -122.562424 -50.658119
v 48.301914 -120.488083 -51.132248
v 48.776043 -113.079826 -51.428577
v 49.190910 -124.340378 -38.627087
v 54.406330 -39.886120 -17.469128
v 52.509811 -39.708324 -8.994079
v 52.272736 -19.202236 -8.994088
v 50.731823 22.995258 -5.556664
v 50.554020 43.264271 -5.556673
v 50.909622 -19.202234 -5.556646
v 51.087425 -39.708324 -5.556637
v 51.205952 86.291489 -33.293262
v 50.909622 89.788193 -28.492706
v 49.072369 98.737373 -28.611237
v 49.902088 91.447655 -18.417458
v 48.420437 98.441048 -19.010128
v 46.642460 97.492790 -11.838931
v 44.805206 104.012085 -12.727915
v 46.168331 106.501244 -19.543526
v 48.005569 91.566170 -11.068458
v 41.427040 91.566177 -7.808815
v 45.457138 91.566177 -8.934875
v 39.945374 94.351692 -7.986618
v 0.000000 -128.548325 -101.626984
v 0.000000 -128.370544 -102.101112
v 32.596386 -128.014923 -101.271408
v 32.655651 -127.837128 -101.686264
v 36.330143 -127.422279 -99.434158
v 36.685749 -127.185173 -99.730461
v 38.048859 -126.236916 -97.004242
v 37.574730 -126.533272 -96.885689
v 46.227592 -112.961281 -56.881077
v 45.753464 -113.257645 -56.821800
v 46.168331 -113.257645 -54.332630
v 46.642460 -112.961281 -54.332630
v 47.175854 -114.205902 -50.954449
v 46.701725 -114.502213 -50.895187
v 46.168331 -114.205902 -50.835926
v 45.694202 -112.902016 -54.273354
v 45.279335 -112.902016 -56.762539
v 37.159878 -126.177673 -96.767181
v 36.033817 -127.007401 -99.137825
v 32.537109 -127.600067 -100.856544
v 0.000000 -128.133438 -101.212135
v -32.596386 -128.014923 -101.271408
v -32.655651 -127.837128 -101.686264
v -36.330143 -127.422279 -99.434158
v -36.685749 -127.185173 -99.730461
v -38.048859 -126.236916 -97.004242
v -37.574730 -126.533272 -96.885689
v -46.227592 -112.961281 -56.881077
v -45.753464 -113.257645 -56.821800
v -46.168331 -113.257645 -54.332630
v -45.694202 -112.902016 -54.273354
v -46.168331 -114.205902 -50.835926
v -46.701725 -114.502213 -50.895187
v -46.642460 -112.961281 -54.332630
v -47.175854 -114.205902 -50.954449
v -45.279335 -112.902016 -56.762539
v -37.159878 -126.177673 -96.767181
v -36.033817 -127.007401 -99.137825
v -32.537109 -127.600067 -100.856544
v -46.820263 -100.752464 -60.259243
v -38.997116 -120.725189 -97.656181
v -48.301914 -100.100533 -51.428581
v -48.005569 -99.685669 -53.206573
v -46.583183 -90.084564 -63.578144
v -39.471245 -113.435448 -97.952499
v -37.574730 -122.029045 -100.263878
v -33.426105 -122.918015 -102.278931
v 0.000000 -123.392143 -102.693794
v 0.000000 -116.695099 -102.812317
v 33.426105 -122.918015 -102.278931
v 33.959499 -116.220970 -102.456726
v 37.989597 -115.154182 -100.500954
v 37.574730 -122.029045 -100.263878
v 39.471245 -113.435448 -97.952499
v 38.997116 -120.725189 -97.656181
v 46.583183 -90.084564 -63.578144
v 46.820263 -100.752464 -60.259243
v 48.005569 -99.685669 -53.206573
v 48.301914 -100.100533 -51.428581
v -48.953831 -81.490990 -52.021263
v 48.953831 -81.490990 -52.021263
v -33.959499 -116.220970 -102.456726
v -37.989597 -115.154182 -100.500954
v -37.693268 -114.502251 -100.204605
v -33.840973 -115.509773 -102.101128
v 46.168331 -89.551193 -63.518887
v 48.479702 -80.957581 -51.962002
v 45.694202 -89.966042 -63.459606
v 38.582264 -113.316925 -97.774712
v 38.997116 -112.902061 -97.833969
v 37.337681 -114.798576 -99.967545
v 37.693268 -114.502251 -100.204605
v 33.840973 -115.509773 -102.101128
v 0.000000 -115.983902 -102.456726
v -33.781696 -115.746834 -101.686264
v -37.337681 -114.798576 -99.967545
v -38.997116 -112.902061 -97.833969
v -46.168331 -89.551193 -63.518887
v -48.479702 -80.957581 -51.962002
v -45.694202 -89.966042 -63.459606
v -48.064850 -81.431709 -51.902725
v 48.064850 -81.431709 -51.902725
v 0.000000 -116.220970 -102.101128
v 33.781696 -115.746834 -101.686264
v -38.582264 -113.316925 -97.774712
v 30.522068 12.860704 -65.415466
v 30.522068 10.727122 -65.652512
v 29.040405 10.964187 -66.541504
v 0.000000 -34.374409 -67.430489
v 12.742225 -18.016953 -67.845367
v 12.682962 -34.315144 -67.252670
v 23.647196 -34.255863 -66.837837
v 23.765720 -17.957689 -67.489754
v 23.765720 -3.259687 -67.430504
v 29.099682 -3.496752 -66.897118
v 30.699871 -3.496751 -65.711792
v 31.944456 -3.496750 -64.052338
v 31.707392 10.549322 -64.052338
v 31.766655 12.445839 -63.933796
v 30.877659 14.697960 -64.585739
v 32.062981 14.105307 -63.104092
v 32.122257 -14.401720 -63.874531
v 30.936920 -17.720625 -65.593239
v 29.099682 -17.898428 -67.015625
v 29.870138 -34.078075 -66.067345
v 32.300045 -33.663208 -63.755985
v 31.233263 -48.361214 -63.341129
v 34.907757 -48.835342 -59.429535
v 37.278404 -73.252975 -53.088062
v 38.878593 -61.873875 -52.673203
v 39.589787 -49.546520 -51.547161
v 35.263359 -32.655689 -58.777641
v 32.655651 -20.565397 -63.044811
v 32.240784 -17.365019 -63.696728
v 35.500423 -75.623619 -53.147324
v 38.760067 29.395988 -44.672318
v 39.471245 28.329205 -44.672318
v 30.403530 16.712999 -63.815289
v 31.174000 15.586956 -63.815289
v 40.063915 25.365891 -44.613056
v 29.277483 15.409153 -65.296928
v 29.040405 13.275570 -66.185928
v -12.682962 -34.315144 -67.252670
v -23.647196 -34.255863 -66.837837
v -12.623686 -47.175888 -65.771027
v -21.572878 -47.412952 -65.356140
v -29.870138 -34.078075 -66.067345
v -23.469395 -48.776081 -64.704231
v -31.233263 -48.361214 -63.341129
v -31.648129 -67.741241 -56.644020
v -35.500423 -75.623619 -53.147324
v -31.233263 -69.993332 -55.932838
v -32.714912 -76.986763 -53.088062
v -29.455271 -71.178650 -55.636494
v -17.424253 -79.001778 -53.088062
v -16.475996 -73.015907 -55.577232
v 0.000000 -79.831535 -53.088062
v 0.000000 -74.023422 -55.577232
v 16.475996 -73.015907 -55.577232
v 17.424253 -79.001778 -53.088062
v 29.455271 -71.178650 -55.636494
v 32.714912 -76.986763 -53.088062
v 31.233263 -69.993332 -55.932838
v 31.648129 -67.741241 -56.644020
v 23.469395 -48.776081 -64.704231
v 21.572878 -47.412952 -65.356140
v 12.623686 -47.175888 -65.771027
v 0.000000 -47.175888 -66.008095
v 29.277483 16.357410 -64.585739
v -32.300045 -33.663208 -63.755985
v -34.907757 -48.835342 -59.429535
v -35.263359 -32.655689 -58.777641
v -39.589787 -49.546520 -51.547161
v -38.878593 -61.873875 -52.673203
v -37.278404 -73.252975 -53.088062
v -32.240784 -17.365019 -63.696728
v -32.655651 -20.565397 -63.044811
v 23.765720 14.164566 -66.778580
v 23.765720 16.772276 -65.889595
v 23.706459 17.779797 -65.119125
v 12.860750 19.439249 -65.415466
v 12.860750 18.431728 -66.245186
v -54.821182 -25.662251 -29.203838
v -54.643379 -21.217299 -27.129524
v -54.761921 -25.484463 -29.974293
v -54.406330 -21.395086 -32.226414
v -55.236050 -40.656590 -22.684547
v -55.769440 -42.612370 -27.366577
v -55.295311 -33.603916 -28.670429
v -55.354588 -33.544655 -28.848232
v -55.354588 -33.485378 -28.966770
v -52.509811 -39.708324 -8.994079
v -53.754398 -20.387560 -17.469135
v -54.406330 -39.886120 -17.469128
v -53.576595 23.824974 -17.469154
v -54.050724 24.121311 -27.070278
v -53.872925 24.121311 -32.048634
v -53.576595 -21.454353 -36.908428
v -51.087425 -39.708324 -5.556637
v -50.909622 -19.202234 -5.556646
v -52.272736 -19.202236 -8.994088
v -52.094948 23.350845 -8.994106
v -53.339531 46.286839 -17.469162
v -53.695122 49.250156 -27.070290
v -53.339531 52.213455 -31.930107
v -53.043205 23.943502 -36.493599
v -51.265213 23.528635 -40.701485
v -51.798603 -21.098764 -41.234867
v -48.953831 -17.009405 -44.790825
v -49.013107 -20.506098 -45.027901
v -51.857883 -24.654736 -41.708996
v -49.131630 -23.291611 -45.383488
v -52.450535 -34.552189 -43.427708
v -49.665039 -35.796772 -47.991199
v -50.079891 -49.546520 -50.302574
v -53.102467 -49.368717 -45.620541
v -50.435493 -61.873875 -51.428600
v -53.339531 -61.992416 -46.746590
v -50.554020 -74.141991 -51.902725
v -53.280270 -73.312233 -47.339233
v -50.198429 -87.476845 -51.784195
v -52.746864 -85.580330 -47.398506
v -50.198429 -112.605698 -47.457760
v -51.205952 -112.368629 -41.827469
v -49.013107 -124.281120 -42.005268
v -49.190910 -124.340378 -38.627087
v -50.731823 -117.761871 -37.382504
v -51.383751 -114.857803 -35.900856
v -51.857883 -112.842751 -33.589474
v -54.761921 -82.735558 -40.938484
v -56.006504 -78.586922 -32.522705
v -56.184307 -74.971680 -34.419220
v -55.591637 -71.830589 -40.582897
v -56.362110 -70.289658 -35.604546
v -56.421371 -62.170193 -35.960140
v -55.769440 -62.110931 -40.108776
v -55.413849 -49.072384 -39.101261
v -55.236050 -44.449627 -38.686409
v -54.287788 -40.597321 -40.405128
v -54.287788 -39.767601 -40.108803
v -53.695122 -33.781712 -40.345867
v -53.754398 -33.722446 -40.168064
v -53.102467 -25.543730 -39.101273
v -53.932201 -33.663185 -39.990265
v -54.524853 -33.426121 -39.753201
v -54.406330 -38.819340 -39.931000
v -55.176785 -40.893646 -38.390087
v -55.176785 -42.671635 -38.508610
v -55.828716 -42.612373 -34.300713
v -55.887981 -44.094025 -34.122921
v -56.006504 -42.612373 -30.744743
v -56.065765 -45.220085 -30.981804
v -55.710178 -40.360249 -28.966766
v -55.769440 -40.123184 -29.144554
v -55.769440 -39.886124 -29.322357
v -55.828716 -33.070530 -29.500164
v -55.887981 -32.833450 -30.329895
v -55.117508 -32.537125 -30.685486
v -54.821182 -32.596401 -34.241451
v -54.228527 -32.596401 -38.508614
v -53.458073 -25.425190 -38.330814
v -54.821182 -33.011253 -38.923481
v -56.243568 -48.835320 -33.470989
v -56.243568 -53.398808 -35.011902
v -52.628338 57.547413 -35.841682
v -56.006504 -41.782642 -30.685486
v -55.769440 -41.130726 -34.359978
v -54.880459 -33.485382 -38.982742
v -55.650913 -33.426121 -34.241451
v -56.006504 -40.952923 -30.685486
v -50.731823 22.995258 -5.556664
v -51.976406 44.034740 -8.994116
v -50.554020 43.264271 -5.556673
v -48.420437 -124.103355 -47.279953
v -48.183372 -123.688477 -49.354271
v -48.124111 -122.562424 -50.658119
v -48.301914 -120.488083 -51.132248
v -48.776043 -113.079826 -51.428577
v -55.947243 -33.307579 -30.329895
v -55.650913 -32.951992 -34.241451
v -44.864468 -91.921799 -10.534955
v -50.376217 -90.321602 -14.209466
v -42.671627 -110.057228 -14.802110
v -48.361176 -110.116493 -18.121014
v -53.813660 -86.884163 -21.084320
v -51.205952 -110.412857 -24.106888
v -51.917145 -111.242561 -29.322311
v -55.236050 -83.031868 -27.366543
v -48.420437 22.758179 -44.020386
v -50.791084 53.398773 -40.523693
v -48.005569 49.724277 -43.783333
v -47.768520 65.489044 -43.487026
v -50.376217 65.844666 -40.464451
v -49.546497 79.120285 -40.168129
v -47.472179 80.009277 -42.716576
v -47.175854 89.076996 -41.590519
v -48.716778 86.291481 -39.931068
v -46.523922 97.907646 -39.634747
v -48.005569 98.381775 -36.375103
v -45.160797 106.797562 -36.493649
v -49.072369 98.737373 -28.611237
v -52.154209 62.762836 -37.382610
v -51.739342 69.459892 -38.034546
v -51.443016 75.860641 -37.619682
v -51.324474 80.720451 -36.375095
v -49.902088 90.203033 -36.375099
v -50.909622 89.788193 -28.492706
v -49.902088 91.447655 -18.417458
v -48.420437 98.441048 -19.010128
v -48.005569 91.566170 -11.068458
v -46.642460 97.492790 -11.838931
v -44.805206 104.012085 -12.727915
v -43.264278 113.850243 -20.076920
v -39.945374 119.895401 -29.203915
v -43.679146 114.502174 -28.611244
v -43.205017 114.028046 -32.937668
v -46.523922 107.212418 -28.611240
v -46.168331 106.501244 -19.543526
v -51.205952 86.291489 -33.293262
v -45.457138 91.566177 -8.934875
v -39.945374 94.351692 -7.986618
v -41.427040 91.566177 -7.808815
v -49.961365 -117.761856 -25.588551
v -50.494755 -118.591560 -29.559372
v -48.420437 -127.007355 -31.396626
v -50.376217 -119.895447 -30.981758
v -48.894566 -125.999847 -32.819012
v 47.768520 -126.829559 -28.196243
v 44.508881 -125.584961 -23.099361
v 47.175854 -127.185143 -28.314785
v 0.000000 -127.244423 -28.314785
v 0.000000 -127.362953 -30.922497
v -47.175854 -127.185143 -28.314785
v -47.649982 -127.244423 -30.981758
v -47.768520 -126.829559 -28.196243
v -47.057312 -117.406227 -20.017525
v -44.508881 -125.584961 -23.099361
v -41.308502 -117.346970 -17.172752
v -39.234196 -123.510651 -20.373127
v -37.634007 -117.346970 -16.817146
v -35.796753 -123.214317 -20.076786
v 0.000000 -123.214317 -20.076786
v 0.000000 -125.584961 -23.099361
v 35.796753 -123.214317 -20.076786
v 37.634007 -117.346970 -16.817146
v 39.234196 -123.510651 -20.373127
v 41.308502 -117.346970 -17.172752
v 47.057312 -117.406227 -20.017525
v 49.961365 -117.761856 -25.588551
v 50.494755 -118.591560 -29.559372
v 48.420437 -127.007355 -31.396626
v 48.894566 -125.999847 -32.819012
v 50.376217 -119.895447 -30.981758
v 47.649982 -127.244423 -30.981758
v 0.000000 -117.346970 -16.817146
v -32.892715 120.250969 -30.092899
v -28.329226 122.088242 -29.263180
v -33.070518 116.339432 -32.404278
v -20.150490 116.813560 -32.759880
v -1.007521 117.050621 -32.937668
v -1.303863 108.397728 -37.027042
v -29.336746 124.281082 -27.366665
v -34.196564 122.325302 -28.255657
v -37.752533 115.628235 -32.226490
v -33.485371 107.864357 -36.375111
v -20.683882 108.279228 -36.849243
v -20.920946 99.211494 -39.871811
v -1.303863 99.389282 -39.931076
v -21.098747 89.551125 -41.946110
v -1.303863 89.669624 -42.005386
v -21.276550 80.305603 -43.249969
v -33.840973 89.373314 -41.768322
v -34.018776 80.246323 -42.953640
v -40.952911 80.068542 -42.716576
v -34.137299 65.607605 -43.901894
v -41.189976 65.489044 -43.546288
v -34.137299 50.435471 -44.316727
v -41.367764 49.783539 -44.079678
v -41.308502 36.507919 -44.435257
v -44.923748 49.665012 -44.020397
v -48.420437 22.758179 -44.020386
v -33.663170 98.737366 -39.694008
v -20.506079 51.857857 -44.494530
v -21.454338 65.666862 -44.079693
v -1.303863 80.364861 -43.368492
v -1.244585 65.726105 -44.198219
v -0.237065 52.687576 -44.553806
v -44.627403 65.489044 -43.664829
v -44.271816 80.009277 -42.716576
v -40.656582 89.136253 -41.531258
v -40.182453 98.322517 -39.516205
v -39.234196 107.568031 -36.256573
v -42.019695 107.212410 -36.256573
v -40.004654 115.094841 -32.285751
v -37.930332 118.650795 -30.448498
v -43.975487 89.076996 -41.531258
v -43.264278 98.085457 -39.516205
v -48.420437 22.758179 -44.020386
v -48.005569 49.724277 -43.783333
v -47.768520 65.489044 -43.487026
v -47.472179 80.009277 -42.716576
v -47.175854 89.076996 -41.590519
v -46.523922 97.907646 -39.634747
v -45.160797 106.797562 -36.493649
v -43.205017 114.028046 -32.937668
v -39.945374 119.895401 -29.203915
v -35.618950 123.925491 -26.240604
v -30.107203 126.236862 -24.818218
v -23.113804 127.659248 -24.225563
v -22.639675 125.881271 -26.714733
v -22.047007 123.510628 -28.729790
v -15.587000 124.340340 -28.492725
v -8.534325 124.755211 -28.433464
v 0.000000 123.451363 -29.263180
v 0.000000 124.992279 -28.314922
v 8.534325 124.755211 -28.433464
v 0.000000 127.185112 -26.418407
v 8.534325 127.007324 -26.418407
v 0.000000 128.963104 -23.988499
v 8.534325 128.785309 -23.988499
v 15.587000 126.651733 -26.477669
v 15.587000 128.370468 -24.047760
v 22.639675 125.881271 -26.714733
v 23.113804 127.659248 -24.225563
v 29.336746 124.281082 -27.366665
v 30.107203 126.236862 -24.818218
v 34.196564 122.325302 -28.255657
v 35.618950 123.925491 -26.240604
v 37.930332 118.650795 -30.448498
v 39.945374 119.895401 -29.203915
v 40.004654 115.094841 -32.285751
v 43.205017 114.028046 -32.937668
v 42.019695 107.212410 -36.256573
v 45.160797 106.797562 -36.493649
v 43.264278 98.085457 -39.516205
v 46.523922 97.907646 -39.634747
v 43.975487 89.076996 -41.531258
v 47.175854 89.076996 -41.590519
v 44.271816 80.009277 -42.716576
v 47.472179 80.009277 -42.716576
v 44.627403 65.489044 -43.664829
v 47.768520 65.489044 -43.487026
v 44.923748 49.665012 -44.020397
v 48.005569 49.724277 -43.783333
v 48.420437 22.758179 -44.020386
v 41.308502 36.507919 -44.435257
v 31.114723 32.537086 -44.850124
v 34.137299 50.435471 -44.316727
v 23.291592 34.374340 -44.909386
v 20.506079 51.857857 -44.494530
v 15.290659 35.441135 -44.968651
v 7.645329 35.974529 -44.968651
v 0.000000 36.211594 -44.968651
v -7.645329 35.974529 -44.968651
v -15.290659 35.441135 -44.968651
v -23.291592 34.374340 -44.909386
v -31.114723 32.537086 -44.850124
v -40.656582 8.237976 -44.790836
v -40.893635 -14.342421 -45.442757
v -48.953831 -17.009405 -44.790825
v -40.893635 -17.839127 -45.620556
v -49.013107 -20.506098 -45.027901
v -49.131630 -23.291611 -45.383488
v -40.775108 -21.395094 -46.035423
v -40.123177 -35.796772 -48.998718
v -49.665039 -35.796772 -47.991199
v -50.079891 -49.546520 -50.302574
v -50.435493 -61.873875 -51.428600
v -50.198429 -87.476845 -51.784195
v -34.137299 -85.224739 -52.791714
v 0.000000 -87.476845 -52.791714
v 34.137299 -85.224739 -52.791714
v 50.198429 -87.476845 -51.784195
v 50.554020 -74.141991 -51.902725
v 50.435493 -61.873875 -51.428600
v 50.079891 -49.546520 -50.302574
v 49.665039 -35.796772 -47.991199
v 40.123177 -35.796772 -48.998718
v 49.131630 -23.291611 -45.383488
v 40.775108 -21.395094 -46.035423
v 40.893635 -17.839127 -45.620556
v 49.013107 -20.506098 -45.027901
v 48.953831 -17.009405 -44.790825
v 40.893635 -14.342421 -45.442757
v 40.656582 8.237976 -44.790836
v 1.007521 117.050621 -32.937668
v -15.587000 128.370468 -24.047760
v -8.534325 127.007324 -26.418407
v -15.587000 126.651733 -26.477669
v -8.534325 128.785309 -23.988499
v 37.752533 115.628235 -32.226490
v 39.234196 107.568031 -36.256573
v 1.303863 99.389282 -39.931076
v 21.098747 89.551125 -41.946110
v 1.303863 89.669624 -42.005386
v 21.276550 80.305603 -43.249969
v 1.303863 80.364861 -43.368492
v 21.454338 65.666862 -44.079693
v 1.244585 65.726105 -44.198219
v 34.137299 65.607605 -43.901894
v 41.367764 49.783539 -44.079678
v 41.189976 65.489044 -43.546288
v 40.952911 80.068542 -42.716576
v 40.656582 89.136253 -41.531258
v 33.840973 89.373314 -41.768322
v 40.182453 98.322517 -39.516205
v 33.663170 98.737366 -39.694008
v 33.485371 107.864357 -36.375111
v 20.920946 99.211494 -39.871811
v 20.683882 108.279228 -36.849243
v 1.303863 108.397728 -37.027042
v 20.150490 116.813560 -32.759880
v 15.587000 124.340340 -28.492725
v 22.047007 123.510628 -28.729790
v 28.329226 122.088242 -29.263180
v 32.892715 120.250969 -30.092899
v 33.070518 116.339432 -32.404278
v 34.018776 80.246323 -42.953640
v -34.078037 -113.198364 -51.902710
v -48.776043 -113.079826 -51.428577
v -48.301914 -120.488083 -51.132248
v -34.078037 -120.665886 -51.487854
v -34.078037 -122.680969 -50.835922
v 0.000000 -122.680969 -50.835922
v 0.000000 -120.784431 -51.547115
v 34.078037 -120.665886 -51.487854
v 0.000000 -113.316887 -51.961987
v 34.078037 -113.198364 -51.902710
v 48.776043 -113.079826 -51.428577
v -48.124111 -122.562424 -50.658119
v 34.078037 -122.680969 -50.835922
v 48.124111 -122.562424 -50.658119
v 48.301914 -120.488083 -51.132248
v 45.990528 -124.636719 -38.686363
v 46.049793 -124.873787 -35.723049
v 46.049793 -124.636711 -34.419201
v 45.812729 -126.118362 -32.819012
v 30.107203 126.236862 -24.818218
v 35.618950 123.925491 -26.240604
v 39.945374 119.895401 -29.203915
v 23.173067 -124.636711 -34.419201
v 0.000000 -126.118362 -32.819012
v 0.000000 -124.636711 -34.419201
v -23.173067 -124.636711 -34.419201
v -45.812729 -126.118362 -32.819012
v -46.049793 -124.636711 -34.419201
v 46.049793 -124.636711 -34.419201
v 45.812729 -126.118362 -32.819012
v 22.343334 -124.636719 -36.552784
v 23.706459 -124.636719 -35.723049
v 25.010321 -124.636711 -35.485985
v 43.323555 -124.636719 -35.545261
v 44.805206 -124.636719 -35.782310
v 45.753464 -124.636719 -36.612045
v 45.990528 -124.636719 -38.686363
v -45.990528 -124.636719 -38.686363
v -45.753464 -124.636719 -36.612045
v -44.805206 -124.636719 -35.782310
v -43.323555 -124.636719 -35.545261
v -25.010321 -124.636711 -35.485985
v -23.706459 -124.636719 -35.723049
v -22.343334 -124.636719 -36.552784
v 0.000000 -124.636719 -40.168015
v 19.498558 -124.636719 -39.575344
v 18.135433 -124.636719 -40.168015
v 18.905905 -124.636719 -40.049473
v -19.498558 -124.636719 -39.575344
v -18.135433 -124.636719 -40.168015
v -18.905905 -124.636719 -40.049473
v -38.582264 -113.316925 -97.774712
v -45.694202 -89.966042 -63.459606
v -46.109055 -100.633926 -51.428581
v -48.064850 -81.431709 -51.902725
v 46.168331 -114.205902 -50.835926
v 46.109055 -100.633926 -51.428581
v 45.694202 -112.902016 -54.273354
v 45.279335 -112.902016 -56.762539
v 37.159878 -126.177673 -96.767181
v 38.582264 -113.316925 -97.774712
v 36.033817 -127.007401 -99.137825
v 37.337681 -114.798576 -99.967545
v 33.781696 -115.746834 -101.686264
v 32.537109 -127.600067 -100.856544
v 0.000000 -128.133438 -101.212135
v 0.000000 -116.220970 -102.101128
v -33.781696 -115.746834 -101.686264
v -32.537109 -127.600067 -100.856544
v -36.033817 -127.007401 -99.137825
v -37.337681 -114.798576 -99.967545
v -37.159878 -126.177673 -96.767181
v -45.279335 -112.902016 -56.762539
v -45.694202 -112.902016 -54.273354
v -46.168331 -114.205902 -50.835926
v 45.694202 -89.966042 -63.459606
v 48.064850 -81.431709 -51.902725
v -17.127913 -126.770294 -27.010937
v -18.372513 -127.540756 -28.136982
v -18.372513 -127.066628 -28.196243
v -20.031950 -127.540756 -28.551849
v -20.031950 -127.125893 -28.611111
v -21.632139 -127.540756 -28.136982
v -21.691418 -127.066628 -28.196243
v -22.817463 -127.185143 -26.951660
v -22.936003 -126.770294 -27.010937
v -23.291592 -126.711006 -25.410748
v -23.350855 -126.236877 -25.410748
v -22.817463 -126.118355 -23.810558
v -22.936003 -125.644226 -23.751293
v -21.632139 -125.584961 -22.625233
v -21.691418 -125.110832 -22.565971
v -20.031950 -125.229370 -22.210369
v -20.031950 -124.755234 -22.151104
v -18.372513 -125.584961 -22.625233
v -18.372513 -125.110832 -22.565971
v -17.187176 -126.118355 -23.810558
v -17.127913 -125.644226 -23.751293
v -16.772324 -126.711006 -25.410748
v -16.653784 -126.236877 -25.410748
v -17.187176 -127.185143 -26.951660
v -13.986811 -127.540756 -29.914974
v 0.000000 -127.540756 -29.914974
v -14.520203 -127.481483 -29.263042
v 0.000000 -127.481483 -28.255520
v -14.460939 -127.481483 -28.255520
v -13.690483 -125.822029 -23.040100
v 0.000000 -125.822029 -23.040100
v -13.394142 -124.933037 -21.854778
v 0.000000 -124.577454 -21.321384
v -12.860750 -124.577454 -21.321384
v 12.860750 -124.577454 -21.321384
v 13.394142 -124.933037 -21.854778
v 13.690483 -125.822029 -23.040100
v 14.460939 -127.481483 -28.255520
v 14.520203 -127.481483 -29.263042
v 13.986811 -127.540756 -29.914974
v 20.031950 -125.229370 -22.210369
v 18.372513 -125.584961 -22.625233
v 21.632139 -125.584961 -22.625233
v 17.187176 -126.118355 -23.810558
v 22.817463 -126.118355 -23.810558
v 23.291592 -126.711006 -25.410748
v 16.772324 -126.711006 -25.410748
v 17.187176 -127.185143 -26.951660
v 22.817463 -127.185143 -26.951660
v 18.372513 -127.540756 -28.136982
v 21.632139 -127.540756 -28.136982
v 20.031950 -127.540756 -28.551849
v -20.328291 -123.925529 -42.064529
v -20.328291 -123.984795 -41.353336
v -23.528656 -123.866249 -44.909306
v -23.528656 -124.103340 -38.034431
v -24.299112 -123.806992 -45.383434
v -24.239851 -124.103340 -37.441776
v -25.247372 -123.806992 -45.561234
v -25.247372 -124.103340 -37.263977
v -43.560619 -124.103340 -37.323238
v -43.323555 -123.806992 -45.501972
v -43.975487 -123.806992 -45.324169
v -44.212540 -124.103340 -37.560303
v -44.331078 -123.866249 -44.731503
v -44.508881 -124.103340 -38.152958
v 25.010321 -123.036552 -45.916828
v 24.062063 -123.036552 -45.739025
v 0.000000 -123.036552 -45.916828
v 23.173067 -123.036537 -45.146370
v 19.854162 -123.155083 -42.183067
v 0.000000 -123.155083 -41.708939
v -19.854162 -123.155083 -42.183067
v -18.787365 -123.155083 -41.708939
v -19.854162 -123.214333 -41.175533
v 18.787365 -123.155083 -41.708939
v 19.854162 -123.214333 -41.175533
v -23.173067 -123.036537 -45.146370
v -24.062063 -123.036552 -45.739025
v -25.010321 -123.036552 -45.916828
v 49.190910 -124.636719 -35.663788
v 50.376217 -119.895447 -30.981758
v 48.894566 -125.999847 -32.819012
v 42.671627 -110.057228 -14.802110
v 41.308502 -117.346970 -17.172752
v 48.361176 -110.116493 -18.121014
v 47.057312 -117.406227 -20.017525
v 51.205952 -110.412857 -24.106888
v 49.961365 -117.761856 -25.588551
v 51.917145 -111.242561 -29.322311
v 50.494755 -118.591560 -29.559372
v 51.857883 -112.842751 -33.589474
v 51.383751 -114.857803 -35.900856
v 50.731823 -117.761871 -37.382504
v 49.190910 -124.340378 -38.627087
v -45.812729 -126.118362 -32.819012
v -46.049793 -124.873787 -35.723049
v -46.049793 -124.636711 -34.419201
v -45.990528 -124.636719 -38.686363
v -39.945374 94.351692 -7.986618
v -49.190910 -124.340378 -38.627087
v -45.812729 -124.518188 -45.087105
v -49.013107 -124.281120 -42.005268
v -48.420437 -124.103355 -47.279953
v -45.575665 -124.458939 -46.213154
v -44.627403 -124.399673 -47.042889
v -48.183372 -123.688477 -49.354271
v -43.086491 -124.340378 -47.339214
v -34.078037 -123.866249 -49.472797
v -34.078037 -122.680969 -50.835922
v 0.000000 -123.866249 -49.472797
v 0.000000 -122.680969 -50.835922
v 34.078037 -122.680969 -50.835922
v 34.078037 -123.866249 -49.472797
v 48.183372 -123.688477 -49.354271
v 43.086491 -124.340378 -47.339214
v 44.627403 -124.399673 -47.042889
v 48.124111 -122.562424 -50.658119
v -48.124111 -122.562424 -50.658119
v -34.078037 -124.340378 -47.339214
v 0.000000 -124.340378 -47.339214
v 34.078037 -124.340378 -47.339214
v 45.812729 -124.518188 -45.087105
v 49.190910 -124.340378 -38.627087
v 49.013107 -124.281120 -42.005268
v 48.420437 -124.103355 -47.279953
v 45.575665 -124.458939 -46.213154
v -35.618950 64.125938 -43.842617
v -35.618950 68.156044 -43.546288
v -36.033817 64.125938 -44.731609
v -36.507946 68.156044 -44.968674
v -36.507946 64.125938 -45.265003
v -37.278404 64.125938 -45.502083
v -44.331078 64.125938 -45.324280
v -45.101532 68.156044 -44.731609
v -45.101532 64.125938 -45.087215
v -45.575665 64.125938 -44.494545
v -45.990528 68.156044 -43.249962
v -45.990528 64.125938 -43.605564
v -49.190910 -124.636719 -35.663788
v -48.894566 -125.999847 -32.819012
v -50.376217 -119.895447 -30.981758
v -42.671627 -110.057228 -14.802110
v -48.361176 -110.116493 -18.121014
v -41.308502 -117.346970 -17.172752
v -47.057312 -117.406227 -20.017525
v -49.961365 -117.761856 -25.588551
v -51.205952 -110.412857 -24.106888
v -51.917145 -111.242561 -29.322311
v -50.494755 -118.591560 -29.559372
v -51.857883 -112.842751 -33.589474
v -51.383751 -114.857803 -35.900856
v -50.731823 -117.761871 -37.382504
v -49.190910 -124.340378 -38.627087
v 45.990528 64.125938 -43.605564
v 45.990528 68.156044 -43.249962
v 45.575665 64.125938 -44.494545
v 45.101532 68.156044 -44.731609
v 45.101532 64.125938 -45.087215
v 44.331078 64.125938 -45.324280
v 37.278404 64.125938 -45.502083
v 36.507946 68.156044 -44.968674
v 36.507946 64.125938 -45.265003
v 36.033817 64.125938 -44.731609
v 35.618950 68.156044 -43.546288
v 35.618950 64.125938 -43.842617
v 0.000000 65.726105 -44.613087
v 0.000000 80.424110 -43.783360
v 0.000000 89.847443 -42.420238
v 0.000000 99.507843 -40.286682
v 0.000000 108.634796 -37.382633
v 0.000000 117.228409 -33.234013
v -19.854162 -123.214333 -41.175533
v -19.854162 -123.155083 -42.183067
v -23.173067 -123.036537 -45.146370
v -24.062063 -123.036552 -45.739025
v -25.010321 -123.036552 -45.916828
v -34.137299 -123.036552 -45.916828
v -43.264278 -123.036552 -45.916828
v -44.271816 -123.036537 -45.620499
v -44.686668 -123.036537 -44.790764
v -44.864468 -123.332863 -38.034431
v -44.449615 -123.332863 -37.204700
v -43.501358 -123.332863 -36.908371
v -25.069584 -123.332863 -36.789848
v -24.062063 -123.332863 -36.967648
v -23.410131 -123.332863 -37.441776
v -24.062063 -123.332863 -36.967648
v -25.069584 -123.332863 -36.789848
v -43.501358 -123.332863 -36.908371
v -44.449615 -123.332863 -37.204700
v -44.864468 -123.332863 -38.034431
v -44.686668 -123.036537 -44.790764
v -44.271816 -123.036537 -45.620499
v -43.264278 -123.036552 -45.916828
v -34.137299 -123.036552 -45.916828
v 34.137299 -123.036552 -45.916828
v 43.264278 -123.036552 -45.916828
v 44.271816 -123.036537 -45.620499
v 44.686668 -123.036537 -44.790764
v 44.864468 -123.332863 -38.034431
v 44.449615 -123.332863 -37.204700
v 43.501358 -123.332863 -36.908371
v 25.069584 -123.332863 -36.789848
v 24.062063 -123.332863 -36.967648
v 23.410131 -123.332863 -37.441776
v -23.410131 -123.332863 -37.441776
v 8.534325 128.785309 -23.988499
v 0.000000 128.963104 -23.988499
v 44.508881 -124.103340 -38.152958
v 44.212540 -124.103340 -37.560303
v 44.331078 -123.866249 -44.731503
v 43.975487 -123.806992 -45.324169
v 43.560619 -124.103340 -37.323238
v 43.323555 -123.806992 -45.501972
v 25.247372 -123.806992 -45.561234
v 25.247372 -124.103340 -37.263977
v 24.239851 -124.103340 -37.441776
v 24.299112 -123.806992 -45.383434
v 23.528656 -124.103340 -38.034431
v 23.528656 -123.866249 -44.909306
v 20.328291 -123.984795 -41.353336
v 20.328291 -123.925529 -42.064529
v 14.520203 -127.125893 -28.255520
v 13.749746 -125.466431 -23.040100
v 13.453419 -124.577454 -21.795517
v 12.920012 -124.221840 -21.262108
v 0.000000 -124.221840 -21.262108
v -12.920012 -124.221840 -21.262108
v -13.453419 -124.577454 -21.795517
v -13.749746 -125.466431 -23.040100
v -14.520203 -127.125893 -28.255520
v -14.579479 -127.185143 -29.263042
v -13.986811 -127.185143 -29.974239
v 0.000000 -127.185143 -29.974239
v 13.986811 -127.185143 -29.974239
v 14.579479 -127.185143 -29.263042
v 45.101532 72.245407 -44.613094
v 44.271816 72.245407 -44.850159
v 37.219139 72.245407 -45.087223
v 36.389420 72.245407 -44.790882
v 35.856014 72.245407 -44.257488
v 35.559689 72.245407 -43.487034
v 35.618950 75.386505 -43.249969
v 35.856014 77.638626 -43.131443
v 36.863552 78.290527 -43.072166
v 40.952911 78.586884 -42.775841
v 44.745945 78.290527 -42.835102
v 45.694202 77.579330 -42.953640
v 45.634926 72.245407 -44.020424
v 45.931267 75.445755 -43.072166
v 45.990528 72.245407 -43.249969
v 34.137299 -123.036552 -45.916828
v 25.010321 -123.036552 -45.916828
v 24.062063 -123.036552 -45.739025
v 23.173067 -123.036537 -45.146370
v 19.854162 -123.155083 -42.183067
v 19.854162 -123.214333 -41.175533
v 23.410131 -123.332863 -37.441776
v 24.062063 -123.332863 -36.967648
v 25.069584 -123.332863 -36.789848
v 43.501358 -123.332863 -36.908371
v 44.449615 -123.332863 -37.204700
v 44.864468 -123.332863 -38.034431
v 44.686668 -123.036537 -44.790764
v 44.271816 -123.036537 -45.620499
v 43.264278 -123.036552 -45.916828
v 17.127913 -126.770294 -27.010937
v 16.653784 -126.236877 -25.410748
v 17.127913 -125.644226 -23.751293
v 18.372513 -125.110832 -22.565971
v 20.031950 -124.755234 -22.151104
v 21.691418 -125.110832 -22.565971
v 22.936003 -125.644226 -23.751293
v 23.350855 -126.236877 -25.410748
v 22.936003 -126.770294 -27.010937
v 21.691418 -127.066628 -28.196243
v 20.031950 -127.125893 -28.611111
v 18.372513 -127.066628 -28.196243
v -44.745945 78.290527 -42.835102
v -40.952911 78.586884 -42.775841
v -44.271816 72.245407 -44.850159
v -37.219139 72.245407 -45.087223
v -36.863552 78.290527 -43.072166
v -35.856014 77.638626 -43.131443
v -36.389420 72.245407 -44.790882
v -35.618950 75.386505 -43.249969
v -35.856014 72.245407 -44.257488
v -35.559689 72.245407 -43.487034
v -45.101532 72.245407 -44.613094
v -45.634926 72.245407 -44.020424
v -45.990528 72.245407 -43.249969
v -45.931267 75.445755 -43.072166
v -45.694202 77.579330 -42.953640
v 32.300045 13.690439 -62.392902
v 30.936920 13.571899 -62.333622
v 32.003719 12.268051 -63.163342
v 30.640594 12.208790 -63.044819
v -40.656582 -18.194731 -46.450294
v -40.656582 -17.305735 -46.391018
v -32.596386 -17.720623 -62.867016
v -32.477848 -16.772366 -62.985531
v -31.114723 -16.653826 -62.867016
v -39.174919 -17.127932 -46.509556
v 31.766655 12.445839 -63.933796
v 32.062981 14.105307 -63.104092
v 32.300045 13.690439 -62.392902
v 32.062981 14.105307 -63.104092
v 39.767590 23.943499 -45.383511
v 40.063915 25.365891 -44.613056
v -30.877659 -67.859749 -56.644020
v -22.876726 -49.250210 -64.526443
v -30.699871 -67.859749 -55.103111
v -22.758200 -49.309475 -62.985500
v -22.876726 -49.250210 -64.526443
v -21.335814 -48.124149 -65.059837
v -22.758200 -49.309475 -62.985500
v -21.276550 -48.242691 -63.459629
v -31.648129 -67.741241 -56.644020
v -23.469395 -48.776081 -64.704231
v -23.469395 -48.776081 -64.704231
v -21.572878 -47.412952 -65.356140
v -29.870138 17.127869 -63.518955
v -29.810875 13.453375 -62.155834
v -29.099682 16.950079 -64.052345
v -29.040405 13.216310 -62.689220
v -37.811810 29.218184 -45.264973
v -37.752533 26.491951 -44.316715
v -29.870138 17.127869 -63.518955
v -29.810875 13.453375 -62.155834
v -29.277483 16.357410 -64.585739
v -30.403530 16.712999 -63.815289
v -30.403530 16.712999 -63.815289
v -38.760067 29.395988 -44.672318
v -31.233263 -17.839148 -62.689205
v -39.174919 -18.372532 -46.628082
v -32.596386 -17.720623 -62.867016
v -32.596386 -17.720623 -62.867016
v -40.656582 -18.194731 -46.450294
v -30.936920 13.571899 -62.333622
v -38.285938 23.647173 -45.502052
v -32.300045 13.690439 -62.392902
v -39.767590 23.943499 -45.383511
v -30.640594 12.208790 -63.044819
v -30.936920 13.571899 -62.333622
v -32.003719 12.268051 -63.163342
v -32.300045 13.690439 -62.392902
v -32.062981 14.105307 -63.104092
v -31.766655 12.445839 -63.933796
v -40.063915 25.365891 -44.613056
v -32.062981 14.105307 -63.104092
v 30.699871 -67.859749 -55.103111
v 30.877659 -67.859749 -56.644020
v 30.403530 -69.519203 -54.628975
v 30.581331 -69.578484 -56.051365
v 29.099682 -70.348953 -54.451176
v 29.158943 -70.526741 -55.873562
v 22.758200 -49.309475 -62.985500
v 22.876726 -49.250210 -64.526443
v 30.699871 -67.859749 -55.103111
v 30.877659 -67.859749 -56.644020
v 21.276550 -48.242691 -63.459629
v 21.335814 -48.124149 -65.059837
v 22.758200 -49.309475 -62.985500
v 22.876726 -49.250210 -64.526443
v 23.469395 -48.776081 -64.704231
v 31.648129 -67.741241 -56.644020
v 21.572878 -47.412952 -65.356140
v 23.469395 -48.776081 -64.704231
v 29.040405 13.216310 -62.689220
v 29.810875 13.453375 -62.155834
v 29.099682 16.950079 -64.052345
v 29.870138 17.127869 -63.518955
v 29.810875 13.453375 -62.155834
v 37.752533 26.491951 -44.316715
v 29.870138 17.127869 -63.518955
v 37.811810 29.218184 -45.264973
v 30.403530 16.712999 -63.815289
v 29.277483 16.357410 -64.585739
v 38.760067 29.395988 -44.672318
v 30.403530 16.712999 -63.815289
v 40.656582 -18.194731 -46.450294
v 39.174919 -18.372532 -46.628082
v 32.596386 -17.720623 -62.867016
v 32.596386 -17.720623 -62.867016
v 31.233263 -17.839148 -62.689205
v 38.285938 23.647173 -45.502052
v 30.936920 13.571899 -62.333622
v -31.648129 -67.741241 -56.644020
v -30.877659 -67.859749 -56.644020
v -31.233263 -69.993332 -55.932838
v -30.581331 -69.578484 -56.051365
v -29.158943 -70.526741 -55.873562
v -29.455271 -71.178650 -55.636494
v 31.648129 -67.741241 -56.644020
v 31.233263 -69.993332 -55.932838
v 29.455271 -71.178650 -55.636494
v 40.656582 -18.194731 -46.450294
v 32.596386 -17.720623 -62.867016
v 40.656582 -17.305735 -46.391018
v 32.477848 -16.772366 -62.985531
v 31.114723 -16.653826 -62.867016
v 39.174919 -17.127932 -46.509556
v 40.656582 -17.305735 -46.391018
v 39.174919 -17.127932 -46.509556
v 40.656582 -14.460959 -46.213215
v 39.174919 -14.401697 -46.331757
v 38.937855 8.297239 -45.679832
v 40.419506 8.297239 -45.561306
v 39.767590 23.943499 -45.383511
v 38.285938 23.647173 -45.502052
v 40.063915 25.365891 -44.613056
v 40.656582 8.237976 -44.790836
v 40.893635 -14.342421 -45.442757
v 40.893635 -17.839127 -45.620556
v 39.174919 -18.372532 -46.628082
v 40.656582 -18.194731 -46.450294
v 39.056393 -21.276569 -46.924419
v 40.538044 -21.335831 -46.805882
v 39.826851 -35.678234 -49.709915
v 38.285938 -35.678234 -49.887714
v 37.871071 -46.701740 -51.902748
v 39.352722 -47.175869 -51.902748
v 32.003719 12.268051 -63.163342
v 30.640594 12.208790 -63.044819
v 31.944456 10.430797 -63.281872
v 30.581331 10.430797 -63.163342
v 30.818396 -3.496750 -63.163342
v 32.181522 -3.496750 -63.281872
v 32.359310 -14.342443 -63.104076
v 30.996199 -14.342443 -62.985531
v 32.477848 -16.772366 -62.985531
v 31.114723 -16.653826 -62.867016
v 32.240784 -17.365019 -63.696728
v 32.122257 -14.401720 -63.874531
v 31.944456 -3.496750 -64.052338
v 31.707392 10.549322 -64.052338
v 31.766655 12.445839 -63.933796
v 31.233263 -17.839148 -62.689205
v 32.951977 -20.446857 -62.333607
v 31.588852 -20.387596 -62.215076
v 35.559689 -32.418625 -58.066437
v 34.137299 -32.359348 -57.947910
v 39.352722 -47.175869 -51.902748
v 37.871071 -46.701740 -51.902748
v -40.656582 -17.305735 -46.391018
v -40.656582 -18.194731 -46.450294
v -40.893635 -17.839127 -45.620556
v -40.538044 -21.335831 -46.805882
v -40.775108 -21.395094 -46.035423
v -39.826851 -35.678234 -49.709915
v -40.123177 -35.796772 -48.998718
v -39.352722 -47.175869 -51.902748
v -39.589787 -49.546520 -51.547161
v -29.099682 -70.348953 -54.451176
v -30.403530 -69.519203 -54.628975
v -30.699871 -67.859749 -55.103111
v 29.099682 -70.348953 -54.451176
v 29.158943 -70.526741 -55.873562
v 16.416719 -72.186172 -54.391907
v 16.416719 -72.304718 -55.873558
v 0.000000 -73.134438 -54.391907
v 0.000000 -73.312233 -55.814297
v -16.416719 -72.304718 -55.873558
v -16.416719 -72.186172 -54.391907
v -29.158943 -70.526741 -55.873562
v -29.099682 -70.348953 -54.451176
v 29.455271 -71.178650 -55.636494
v 16.475996 -73.015907 -55.577232
v 0.000000 -74.023422 -55.577232
v -16.475996 -73.015907 -55.577232
v -29.455271 -71.178650 -55.636494
v -37.871071 -46.701740 -51.902748
v -34.137299 -32.359348 -57.947910
v -39.352722 -47.175869 -51.902748
v -35.559689 -32.418625 -58.066437
v -31.588852 -20.387596 -62.215076
v -32.951977 -20.446857 -62.333607
v -31.233263 -17.839148 -62.689205
v -32.003719 12.268051 -63.163342
v -31.944456 10.430797 -63.281872
v -30.640594 12.208790 -63.044819
v -30.581331 10.430797 -63.163342
v -30.818396 -3.496750 -63.163342
v -32.181522 -3.496750 -63.281872
v -32.359310 -14.342443 -63.104076
v -30.996199 -14.342443 -62.985531
v -32.477848 -16.772366 -62.985531
v -31.114723 -16.653826 -62.867016
v -39.174919 -18.372532 -46.628082
v -39.056393 -21.276569 -46.924419
v -38.285938 -35.678234 -49.887714
v -37.871071 -46.701740 -51.902748
v -40.656582 -17.305735 -46.391018
v -40.656582 -14.460959 -46.213215
v -39.174919 -17.127932 -46.509556
v -39.174919 -14.401697 -46.331757
v -38.937855 8.297239 -45.679832
v -40.419506 8.297239 -45.561306
v -39.767590 23.943499 -45.383511
v -38.285938 23.647173 -45.502052
v -31.766655 12.445839 -63.933796
v -31.707392 10.549322 -64.052338
v -31.944456 -3.496750 -64.052338
v -32.122257 -14.401720 -63.874531
v -32.240784 -17.365019 -63.696728
v -29.277483 16.357410 -64.585739
v -29.099682 16.950079 -64.052345
v -23.706459 17.779797 -65.119125
v -23.647196 18.313189 -64.467209
v -12.801488 19.913378 -64.822800
v -12.860750 19.439249 -65.415466
v 0.000000 20.446770 -64.882057
v 0.000000 20.031902 -65.533997
v 12.860750 19.439249 -65.415466
v 12.801488 19.913378 -64.822800
v 23.706459 17.779797 -65.119125
v 23.647196 18.313189 -64.467209
v 29.099682 16.950079 -64.052345
v 29.277483 16.357410 -64.585739
v -40.893635 -17.839127 -45.620556
v -40.893635 -14.342421 -45.442757
v -40.656582 8.237976 -44.790836
v -40.063915 25.365891 -44.613056
v 38.760067 29.395988 -44.672318
v 37.811810 29.218184 -45.264973
v 31.114723 32.537086 -44.850124
v 30.936920 32.062958 -45.502056
v 23.291592 34.374340 -44.909386
v 23.291592 33.900211 -45.620579
v 15.290659 34.967007 -45.679844
v 15.290659 35.441135 -44.968651
v 7.645329 35.974529 -44.968651
v 7.645329 35.441135 -45.679844
v 0.000000 35.737465 -45.679844
v 0.000000 36.211594 -44.968651
v -7.645329 35.974529 -44.968651
v -7.645329 35.441135 -45.679844
v -15.290659 34.967007 -45.679844
v -15.290659 35.441135 -44.968651
v -23.291592 34.374340 -44.909386
v -23.291592 33.900211 -45.620579
v -30.936920 32.062958 -45.502056
v -31.114723 32.537086 -44.850124
v -37.811810 29.218184 -45.264973
v -38.760067 29.395988 -44.672318
v 40.656582 -17.305735 -46.391018
v 40.893635 -17.839127 -45.620556
v 40.775108 -21.395094 -46.035423
v 40.123177 -35.796772 -48.998718
v 39.589787 -49.546520 -51.547161
v -37.752533 26.491951 -44.316715
v -30.047939 29.218185 -44.909382
v -15.290659 32.062958 -45.324253
v 0.000000 32.774151 -45.442780
v 15.290659 32.062958 -45.324253
v 30.047939 29.218185 -44.909382
v 37.752533 26.491951 -44.316715
v -32.477848 -16.772366 -62.985531
v -32.240784 -17.365019 -63.696728
v -32.655651 -20.565397 -63.044811
v -35.263359 -32.655689 -58.777641
v -39.589787 -49.546520 -51.547161
v 32.477848 -16.772366 -62.985531
v 32.240784 -17.365019 -63.696728
v 32.655651 -20.565397 -63.044811
v 35.263359 -32.655689 -58.777641
v 39.589787 -49.546520 -51.547161
v 27.321690 -123.332863 -43.961044
v 26.966101 -123.332863 -44.850040
v 26.077105 -123.332863 -45.264893
v 25.128845 -123.332863 -44.850040
v 24.773241 -123.332863 -43.961044
v 25.128845 -123.332863 -43.072048
v 26.077105 -123.332863 -42.716461
v 26.966101 -123.332863 -43.072048
v -29.040405 13.216310 -62.689220
v -23.587933 14.638697 -63.163349
v -12.801488 16.416676 -63.518955
v 0.000000 16.950081 -63.578220
v 12.801488 16.416676 -63.518955
v 23.587933 14.638697 -63.163349
v 29.040405 13.216310 -62.689220
v -21.572878 -47.412952 -65.356140
v -12.623686 -47.175888 -65.771027
v -21.335814 -48.124149 -65.059837
v -12.623686 -47.887081 -65.474709
v 0.000000 -47.175888 -66.008095
v 0.000000 -47.887081 -65.711769
v 12.623686 -47.887081 -65.474709
v 12.623686 -47.175888 -65.771027
v 21.335814 -48.124149 -65.059837
v 21.572878 -47.412952 -65.356140
v -21.276550 -48.242691 -63.459629
v -12.623686 -48.064888 -63.933758
v 0.000000 -48.064888 -64.111580
v 12.623686 -48.064888 -63.933758
v 21.276550 -48.242691 -63.459629
vn -0.3252 0.7593 -0.5636
vn -0.2873 0.7553 -0.5891
vn -0.3893 0.7418 -0.5461
vn -0.3033 0.7207 -0.6234
vn -0.3338 0.7267 -0.6003
vn -0.2370 0.7399 -0.6295
vn -0.1987 0.7575 -0.6219
vn -0.2316 0.7510 -0.6184
vn -0.2384 0.7542 -0.6119
vn -0.0672 0.7886 -0.6112
vn -0.2382 0.7719 -0.5895
vn -0.0988 0.7983 -0.5942
vn -0.1736 0.7612 -0.6248
vn -0.0638 0.7847 -0.6166
vn -0.1372 0.7838 -0.6057
vn -0.0717 0.7831 -0.6177
vn -0.2094 0.7539 -0.6228
vn -0.1531 0.7842 -0.6014
vn -0.0000 0.7862 -0.6180
vn -0.0000 0.7930 -0.6092
vn 0.0186 0.7947 -0.6067
vn 0.0189 0.7790 -0.6267
vn -0.1440 0.7708 -0.6206
vn 0.0073 0.7881 -0.6155
vn -0.2041 0.7561 -0.6218
vn -0.0000 0.7730 -0.6344
vn -0.0000 0.7799 -0.6259
vn 0.0155 0.7828 -0.6221
vn -0.0155 0.7828 -0.6221
vn 0.1440 0.7708 -0.6206
vn -0.0189 0.7790 -0.6267
vn -0.0072 0.7881 -0.6155
vn -0.0186 0.7947 -0.6067
vn 0.1530 0.7842 -0.6014
vn 0.0638 0.7847 -0.6165
vn 0.1372 0.7838 -0.6057
vn 0.0717 0.7831 -0.6177
vn 0.2382 0.7719 -0.5895
vn 0.0672 0.7886 -0.6112
vn 0.0988 0.7983 -0.5942
vn 0.1987 0.7575 -0.6219
vn 0.1733 0.7608 -0.6254
vn 0.2094 0.7539 -0.6227
vn 0.2041 0.7561 -0.6218
vn 0.2316 0.7510 -0.6184
vn 0.2384 0.7542 -0.6119
vn 0.3338 0.7267 -0.6004
vn 0.3033 0.7206 -0.6234
vn 0.2370 0.7399 -0.6295
vn 0.3893 0.7418 -0.5461
vn 0.2873 0.7554 -0.5889
vn 0.3252 0.7593 -0.5636
vn 0.9040 0.0428 -0.4255
vn 0.9023 0.0283 -0.4302
vn 0.9063 0.0240 -0.4219
vn 0.8965 0.0472 -0.4405
vn 0.8985 0.0252 -0.4383
vn 0.8984 0.0309 -0.4380
vn 0.8987 0.0176 -0.4382
vn 0.9003 0.0158 -0.4350
vn 0.9046 0.0157 -0.4261
vn 0.9379 -0.0079 -0.3468
vn -0.8969 0.0456 -0.4398
vn -0.8969 0.0451 -0.4400
vn -0.8976 0.0431 -0.4387
vn -0.8984 0.0143 -0.4390
vn -0.8966 0.0373 -0.4414
vn -0.8980 -0.0047 -0.4399
vn -0.8948 0.0403 -0.4446
vn -0.9040 0.0428 -0.4255
vn -0.9063 0.0240 -0.4219
vn -0.9023 0.0283 -0.4302
vn -0.8965 0.0472 -0.4405
vn -0.8984 0.0309 -0.4380
vn -0.8985 0.0252 -0.4383
vn -0.8987 0.0176 -0.4382
vn -0.9003 0.0158 -0.4350
vn -0.9046 0.0157 -0.4261
vn -0.9379 -0.0079 -0.3468
vn 0.8948 0.0403 -0.4446
vn 0.8980 -0.0047 -0.4399
vn 0.8966 0.0373 -0.4414
vn 0.8984 0.0143 -0.4390
vn 0.8976 0.0431 -0.4387
vn 0.8969 0.0451 -0.4400
vn 0.8969 0.0456 -0.4398
vn 0.1632 -0.3276 -0.9306
vn 0.0949 -0.3497 -0.9320
vn 0.0815 -0.3528 -0.9321
vn 0.0550 -0.3619 -0.9306
vn 0.0292 -0.3664 -0.9300
vn 0.0337 -0.3646 -0.9305
vn -0.0000 -0.3664 -0.9304
vn -0.0000 -0.3699 -0.9291
vn -0.0292 -0.3664 -0.9300
vn -0.0337 -0.3646 -0.9305
vn -0.0550 -0.3619 -0.9306
vn -0.0949 -0.3497 -0.9320
vn -0.0815 -0.3528 -0.9321
vn -0.1632 -0.3276 -0.9306
vn 0.9833 0.0098 -0.1815
vn 0.9836 0.0206 -0.1792
vn 0.9837 0.0353 -0.1761
vn 0.9837 0.0459 -0.1738
vn -0.1846 -0.0010 -0.9828
vn 0.4688 -0.8690 -0.1583
vn -0.1494 -0.9886 -0.0196
vn 0.6717 -0.0941 0.7349
vn 0.1599 -0.1026 0.9818
vn 0.6876 0.7226 -0.0718
vn 0.1400 0.9901 0.0132
vn 0.3996 0.0156 -0.9166
vn -0.5473 -0.6924 -0.4702
vn -0.7712 -0.5533 0.3148
vn -0.5632 0.0292 -0.8258
vn -0.8671 0.0216 0.4977
vn -0.8628 -0.0191 0.5052
vn -0.8136 -0.2300 0.5340
vn 0.8136 -0.2300 0.5340
vn 0.7716 -0.5522 0.3157
vn 0.8628 -0.0191 0.5052
vn 0.5473 -0.6924 -0.4702
vn 0.5632 0.0292 -0.8258
vn 0.8671 0.0216 0.4977
vn 0.2435 -0.0004 -0.9699
vn 0.1198 -0.8919 -0.4360
vn 0.4833 0.0019 -0.8755
vn 0.4536 -0.7510 -0.4798
vn -0.1090 -0.8309 0.5457
vn 0.2772 -0.8316 0.4813
vn -0.2116 0.0006 0.9774
vn 0.1972 0.0008 0.9804
vn -0.1112 0.8307 0.5455
vn 0.2471 0.8590 0.4485
vn 0.1189 0.8924 -0.4353
vn 0.4269 0.7836 -0.4513
vn -0.2435 -0.0004 -0.9699
vn -0.4833 0.0019 -0.8754
vn -0.1198 -0.8919 -0.4360
vn -0.4536 -0.7510 -0.4798
vn 0.1090 -0.8309 0.5457
vn -0.2772 -0.8316 0.4813
vn 0.2116 0.0006 0.9774
vn -0.1972 0.0008 0.9804
vn 0.1112 0.8307 0.5455
vn -0.2471 0.8590 0.4485
vn -0.1189 0.8924 -0.4353
vn -0.4269 0.7836 -0.4513
vn -0.4833 0.0019 -0.8755
vn 0.9343 -0.1016 -0.3416
vn 0.5066 -0.2079 -0.8367
vn 0.7692 0.1947 -0.6086
vn 0.0543 -0.2195 -0.9741
vn 0.0292 -0.2346 -0.9717
vn 0.0462 0.0997 -0.9939
vn 0.0228 -0.2493 -0.9682
vn -0.0035 0.0312 -0.9995
vn -0.0000 -0.2691 -0.9631
vn -0.2090 -0.6699 0.7124
vn -0.4612 -0.2838 0.8407
vn 0.0926 0.7681 0.6336
vn 0.5876 0.5032 0.6336
vn 0.5876 -0.5032 0.6336
vn -0.4609 0.2842 0.8407
vn 0.0927 -0.7681 0.6336
vn -0.2089 0.6700 0.7124
vn -0.2525 0.6944 -0.6739
vn -0.0001 -0.6248 -0.7808
vn -0.6742 0.5179 -0.5266
vn 0.2311 -0.3283 -0.9159
vn 0.2307 0.3288 -0.9158
vn -0.6742 -0.5178 -0.5266
vn -0.0001 0.6248 -0.7808
vn -0.2526 -0.6944 -0.6738
vn 0.0007 0.6232 -0.7821
vn -0.2089 0.6682 0.7140
vn -0.2307 0.3289 -0.9158
vn -0.4612 0.2838 0.8407
vn -0.2308 -0.3288 -0.9158
vn -0.2087 -0.6683 0.7140
vn 0.0007 -0.6232 -0.7821
vn 0.0922 0.7667 0.6353
vn 0.5869 0.5027 0.6347
vn 0.2524 0.6929 -0.6754
vn 0.6738 0.5174 -0.5275
vn 0.6738 -0.5174 -0.5275
vn 0.5868 -0.5028 0.6347
vn 0.2524 -0.6929 -0.6754
vn 0.0921 -0.7667 0.6353
vn 0.8016 -0.2796 0.5284
vn 0.8401 -0.5190 -0.1579
vn 0.2790 -0.8944 0.3496
vn 0.6397 0.3649 0.6765
vn 0.2026 0.6104 0.7657
vn 0.0529 -0.9276 0.3699
vn -0.0000 0.6110 0.7916
vn -0.0000 -0.9324 0.3615
vn 0.0606 -0.7846 -0.6170
vn -0.0000 -0.7926 -0.6097
vn -0.0606 -0.7846 -0.6170
vn -0.0529 -0.9276 0.3699
vn -0.1347 -0.8384 -0.5281
vn -0.2790 -0.8944 0.3496
vn -0.2047 -0.9253 -0.3193
vn -0.8401 -0.5190 -0.1579
vn 0.2047 -0.9253 -0.3193
vn 0.1347 -0.8384 -0.5281
vn 0.5084 0.5590 -0.6550
vn 0.7516 0.5330 -0.3886
vn 0.3562 -0.5278 -0.7711
vn 0.0785 -0.4663 -0.8811
vn 0.0780 0.4659 -0.8814
vn 0.7516 -0.5330 -0.3886
vn 0.3562 0.5278 -0.7711
vn 0.5084 -0.5590 -0.6550
vn 0.2526 0.6944 -0.6738
vn 0.6742 0.5178 -0.5266
vn 0.0001 -0.6248 -0.7808
vn -0.2307 -0.3288 -0.9158
vn -0.2311 0.3283 -0.9159
vn 0.6742 -0.5179 -0.5265
vn 0.0001 0.6248 -0.7808
vn 0.2525 -0.6944 -0.6739
vn -0.1054 0.8524 0.5121
vn 0.4475 0.5025 0.7397
vn 0.5086 0.5581 -0.6556
vn 0.7515 0.5324 -0.3896
vn 0.7520 -0.5319 -0.3893
vn 0.4475 -0.5025 0.7398
vn 0.5086 -0.5581 -0.6556
vn -0.1054 -0.8524 0.5121
vn -0.3558 0.5287 -0.7706
vn -0.0804 0.4667 -0.8807
vn 0.4408 0.7178 0.5390
vn 0.7001 0.1882 0.6888
vn -0.0793 -0.4657 -0.8814
vn 0.7001 -0.1880 0.6888
vn 0.4408 -0.7178 0.5390
vn -0.3558 -0.5287 -0.7706
vn -0.4403 -0.7192 0.5375
vn -0.6999 -0.1880 0.6891
vn -0.1049 0.8530 0.5113
vn 0.4477 0.5026 0.7396
vn 0.4477 -0.5027 0.7395
vn -0.6997 0.1883 0.6892
vn -0.1049 -0.8530 0.5113
vn -0.4402 0.7193 0.5375
vn 0.4403 0.7192 0.5375
vn 0.6999 0.1880 0.6891
vn 0.1049 -0.8530 0.5113
vn -0.4477 -0.5026 0.7396
vn 0.6997 -0.1883 0.6892
vn -0.4477 0.5027 0.7395
vn 0.1049 0.8530 0.5113
vn 0.4402 -0.7193 0.5375
vn 0.3558 -0.5287 -0.7706
vn 0.0804 -0.4668 -0.8807
vn -0.4408 -0.7178 0.5390
vn -0.7001 -0.1882 0.6888
vn -0.7001 0.1882 0.6888
vn 0.0793 0.4657 -0.8814
vn -0.4408 0.7178 0.5390
vn 0.3558 0.5287 -0.7706
vn 0.1054 -0.8524 0.5121
vn -0.4475 -0.5025 0.7398
vn -0.5086 -0.5581 -0.6556
vn -0.7515 -0.5324 -0.3896
vn -0.4475 0.5025 0.7398
vn -0.7520 0.5319 -0.3893
vn -0.5086 0.5581 -0.6556
vn 0.1054 0.8524 0.5121
vn -0.0922 -0.7667 0.6353
vn -0.5868 -0.5027 0.6348
vn -0.2524 -0.6929 -0.6754
vn -0.6738 -0.5174 -0.5275
vn -0.5868 0.5027 0.6348
vn -0.6738 0.5174 -0.5275
vn -0.2524 0.6929 -0.6754
vn -0.0921 0.7667 0.6353
vn -0.5084 -0.5590 -0.6550
vn -0.7516 -0.5330 -0.3886
vn -0.3562 0.5278 -0.7711
vn -0.0784 0.4664 -0.8811
vn -0.7516 0.5330 -0.3886
vn -0.0780 -0.4659 -0.8814
vn -0.3562 -0.5278 -0.7711
vn -0.5084 0.5590 -0.6550
vn 0.2090 0.6699 0.7124
vn 0.4612 0.2838 0.8407
vn -0.0926 -0.7681 0.6336
vn -0.5876 -0.5032 0.6336
vn 0.4609 -0.2842 0.8407
vn -0.5876 0.5032 0.6336
vn -0.0927 0.7681 0.6336
vn 0.2089 -0.6700 0.7124
vn -0.0007 0.6232 -0.7821
vn 0.2308 0.3288 -0.9158
vn 0.2087 0.6683 0.7140
vn 0.4612 0.2836 0.8407
vn 0.2306 -0.3289 -0.9158
vn 0.4612 -0.2838 0.8407
vn 0.2089 -0.6682 0.7140
vn -0.0007 -0.6232 -0.7821
vn -0.5797 -0.5725 0.5798
vn -0.1536 -0.0299 0.9877
vn -0.5505 -0.8345 0.0236
vn 0.0011 0.0439 -0.9990
vn 0.0011 0.0438 -0.9990
vn -1.0000 -0.0004 0.0097
vn -0.9997 0.0010 -0.0234
vn -0.0000 -0.0439 0.9990
vn 1.0000 -0.0004 0.0098
vn 0.9997 0.0010 -0.0234
vn -0.0011 0.0439 -0.9990
vn -0.0000 -0.9997 0.0254
vn -0.0000 -0.7141 0.7001
vn -0.1535 -0.0300 0.9877
vn 0.1535 -0.0300 0.9877
vn 0.5766 0.5733 0.5821
vn 0.7079 0.7063 -0.0000
vn -0.5765 0.5733 0.5822
vn -0.7079 0.7063 -0.0000
vn -0.5765 0.5734 0.5822
vn -0.7063 0.7079 -0.0000
vn -0.6998 -0.7140 0.0200
vn 0.5797 -0.5725 0.5798
vn 0.6998 -0.7140 0.0200
vn 0.5765 0.5733 0.5823
vn 0.7063 0.7079 -0.0000
vn -0.6096 0.7822 -0.1283
vn -0.5775 0.1301 -0.8060
vn -0.8376 0.3545 0.4156
vn -0.5574 0.1016 -0.8240
vn -0.8408 0.2664 0.4713
vn -0.7660 -0.4636 0.4453
vn -0.4860 -0.5244 -0.6991
vn 0.9562 -0.2928 0.0073
vn 0.9383 -0.2945 -0.1813
vn 0.5154 0.1051 -0.8505
vn 0.8210 -0.4576 -0.3414
vn -0.5682 -0.3285 -0.7545
vn 0.6419 -0.7199 -0.2639
vn 0.5264 -0.8493 0.0409
vn -0.8741 -0.4059 0.2667
vn 0.6033 -0.7035 0.3757
vn 0.7520 -0.4619 0.4702
vn -0.2346 0.0759 0.9691
vn 0.9120 -0.2669 0.3113
vn 0.9469 -0.2940 0.1300
vn 0.7780 0.4213 0.4660
vn 0.9430 -0.3300 0.0431
vn 0.5861 -0.1625 -0.7938
vn -0.5381 -0.1665 -0.8263
vn -0.9804 0.0363 0.1934
vn -0.0359 0.1917 0.9808
vn 0.9559 0.0565 0.2882
vn 0.1536 -0.0299 0.9877
vn 0.5505 -0.8345 0.0236
vn 0.5976 0.5280 -0.6034
vn -0.3967 -0.2694 -0.8775
vn 0.3065 0.3227 -0.8955
vn 0.1930 -0.3122 -0.9302
vn -0.3560 0.2608 -0.8974
vn 0.5594 -0.5773 -0.5948
vn 0.2486 0.3302 -0.9106
vn -0.0207 -0.7138 -0.7000
vn -0.3268 0.2983 -0.8968
vn -0.7245 -0.0000 -0.6893
vn 0.6909 -0.0000 -0.7230
vn -0.7245 0.0004 -0.6893
vn -0.0208 -0.7138 -0.7000
vn 0.0208 -0.7138 -0.7000
vn -0.3274 0.2990 -0.8963
vn 0.3271 0.2993 -0.8963
vn 0.3554 0.2614 -0.8974
vn -0.5976 0.5281 -0.6034
vn 0.3974 -0.2686 -0.8775
vn -0.3073 0.3219 -0.8955
vn -0.1924 -0.3127 -0.9302
vn 0.7245 -0.0000 -0.6893
vn -0.2493 0.3295 -0.9106
vn -0.5595 -0.5773 -0.5948
vn -0.6909 -0.0000 -0.7230
vn 0.7237 -0.0000 0.6901
vn 0.3980 0.2816 0.8731
vn 0.6892 -0.0000 -0.7245
vn 0.3069 0.3223 -0.8955
vn 0.5979 0.5271 -0.6039
vn 0.6337 0.5253 0.5680
vn 0.5946 -0.5778 0.5592
vn 0.5594 -0.5772 -0.5949
vn -0.0209 -0.7123 -0.7016
vn 0.0212 -0.7013 0.7126
vn 0.0208 -0.7123 -0.7016
vn -0.0212 -0.7013 0.7126
vn -0.2753 0.3042 0.9120
vn 0.2753 0.3042 0.9120
vn -0.5594 -0.5773 -0.5948
vn -0.5946 -0.5778 0.5592
vn 0.7229 -0.0000 -0.6909
vn 0.6901 -0.0000 0.7237
vn 0.3274 0.2990 -0.8963
vn -0.3273 0.3000 -0.8960
vn -0.5976 0.5280 -0.6034
vn -0.6337 0.5253 0.5680
vn -0.7237 -0.0000 0.6901
vn -0.6892 -0.0000 -0.7245
vn -0.3980 0.2816 0.8731
vn -0.3069 0.3223 -0.8955
vn -0.5980 0.5271 -0.6038
vn -0.7229 -0.0000 -0.6909
vn -0.6901 -0.0000 0.7237
vn -0.3284 0.2988 -0.8960
vn 0.3531 0.2736 0.8947
vn -0.2462 0.3418 0.9069
vn -0.3089 -0.3348 0.8902
vn 0.3073 -0.2748 0.9111
vn -0.5766 0.5733 0.5822
vn -0.5797 -0.5724 0.5798
vn 0.1535 -0.0298 0.9877
vn 0.5798 -0.5724 0.5798
vn -0.7015 -0.7124 0.0201
vn 0.5505 -0.8345 0.0235
vn 0.3089 -0.3348 0.8902
vn -0.3073 -0.2748 0.9111
vn 0.2462 0.3418 0.9069
vn -0.3531 0.2736 0.8947
vn -0.9918 0.0359 -0.1224
vn -0.3887 0.1766 -0.9043
vn -0.3565 0.0380 -0.9335
vn -0.0000 0.0336 -0.9994
vn -0.0000 0.1190 -0.9929
vn 0.3026 0.3548 0.8846
vn 0.0020 0.4950 0.8689
vn 0.0017 -0.0549 0.9985
vn -0.4084 0.0558 0.9111
vn -0.3070 0.3604 0.8808
vn -0.9717 0.2355 -0.0169
vn -0.6471 0.7487 0.1436
vn -0.3013 0.6409 -0.7060
vn -0.0000 0.9761 0.2173
vn -0.0000 0.7899 -0.6133
vn 0.3196 0.6328 -0.7053
vn 0.3918 0.1944 -0.8993
vn 0.3543 0.0339 -0.9345
vn 0.9676 0.2515 -0.0199
vn 0.9926 0.0291 -0.1177
vn 0.4074 0.0568 0.9115
vn 0.4010 0.0084 0.9160
vn -0.0000 -0.0000 1.0000
vn -0.4010 0.0084 0.9160
vn 0.6602 0.7403 0.1269
vn -0.6850 -0.6020 0.4104
vn 0.6969 -0.5932 0.4030
vn -0.3746 -0.6503 0.6609
vn 0.3970 -0.6541 0.6439
vn 0.3741 -0.6502 0.6613
vn -0.3964 -0.6540 0.6443
vn 0.6850 -0.6020 0.4104
vn -0.6969 -0.5932 0.4030
vn -0.6332 -0.6376 -0.4387
vn -0.6504 -0.7596 0.0001
vn -0.6841 -0.1808 -0.7066
vn -0.6894 0.6307 -0.3564
vn -0.6118 0.3541 -0.7074
vn 0.5657 -0.6834 -0.4616
vn 0.5607 -0.8280 -0.0000
vn -0.6520 -0.7582 -0.0000
vn -0.6911 0.6293 -0.3555
vn 0.5892 0.3839 -0.7109
vn 0.6702 0.6638 -0.3320
vn 0.6734 -0.1802 -0.7170
vn 0.5598 -0.8286 -0.0000
vn 0.6686 0.6651 -0.3326
vn -0.6703 0.6638 -0.3319
vn 0.6911 0.6293 -0.3556
vn -0.5892 0.3839 -0.7109
vn 0.6118 0.3541 -0.7074
vn 0.6332 -0.6376 -0.4387
vn 0.6841 -0.1808 -0.7066
vn 0.6504 -0.7596 -0.0000
vn 0.6894 0.6307 -0.3562
vn -0.6734 -0.1802 -0.7170
vn -0.6686 0.6651 -0.3327
vn -0.5598 -0.8286 0.0001
vn -0.5657 -0.6834 -0.4616
vn 0.6520 -0.7582 -0.0000
vn -0.5607 -0.8280 -0.0000
vn 0.2996 -0.0147 0.9539
vn 0.6814 -0.1224 0.7216
vn 0.2035 -0.0673 0.9768
vn 0.5993 -0.5905 0.5405
vn 0.1230 -0.6302 0.7667
vn 0.5050 -0.8545 0.1219
vn -0.0123 -0.9675 0.2527
vn 0.4081 -0.8293 -0.3817
vn -0.1169 -0.9314 -0.3447
vn 0.3726 -0.5028 -0.7799
vn -0.1635 -0.5398 -0.8257
vn 0.4085 -0.0133 -0.9127
vn -0.1147 0.0547 -0.9919
vn 0.5013 0.4579 -0.7342
vn -0.0188 0.6321 -0.7747
vn 0.5987 0.7337 -0.3213
vn 0.1197 0.9535 -0.2767
vn 0.6964 0.6963 0.1739
vn 0.2238 0.9166 0.3312
vn 0.7208 0.3812 0.5789
vn 0.2432 0.5295 0.8127
vn 0.6812 -0.1237 0.7216
vn 0.2037 -0.0650 0.9769
vn 0.3972 -0.2690 -0.8774
vn -0.1933 -0.3132 -0.9298
vn -0.2490 0.3299 -0.9106
vn 0.3564 0.2618 -0.8969
vn -0.2996 -0.0147 0.9539
vn -0.5007 0.0911 0.8608
vn 0.7841 0.4522 0.4251
vn -0.1735 -0.2306 0.9575
vn 0.7134 -0.0107 0.7007
vn 0.3007 -0.5991 0.7421
vn 0.7403 -0.6094 0.2838
vn -0.1063 0.0606 0.9925
vn -0.0356 0.2220 0.9744
vn 0.6883 0.5322 0.4930
vn -0.0000 0.2334 0.9724
vn -0.0000 0.4655 0.8851
vn -0.6883 0.5322 0.4930
vn 0.0357 0.2220 0.9744
vn 0.1063 0.0606 0.9925
vn -0.2974 -0.0147 0.9546
vn 0.2974 -0.0147 0.9546
vn 0.5798 -0.5725 0.5797
vn -0.5505 -0.8345 0.0235
vn 0.5007 0.0911 0.8608
vn -0.7841 0.4522 0.4251
vn 0.5792 0.6347 0.5116
vn -0.3097 0.8233 0.4756
vn -0.2303 0.4711 0.8515
vn 0.6891 0.3304 0.6450
vn 0.7090 -0.2943 0.6408
vn -0.1441 0.0083 0.9895
vn -0.2050 -0.6148 0.7616
vn 0.4969 -0.7159 0.4905
vn 0.6790 -0.2721 0.6819
vn 0.7344 -0.1595 0.6597
vn 0.7092 0.1195 0.6948
vn 0.6614 0.2091 0.7203
vn 0.5386 0.4649 0.7027
vn 0.4631 0.7129 0.5266
vn 0.3593 0.8122 0.4596
vn 0.1684 0.9362 0.3085
vn 0.2707 0.9491 0.1610
vn -0.2049 0.5620 0.8014
vn 0.6117 -0.5635 0.5552
vn 0.8139 -0.5339 0.2292
vn -0.0377 -0.9627 0.2681
vn 0.2311 -0.8238 0.5176
vn 0.0738 -0.6376 0.7668
vn 0.0046 -0.6890 0.7247
vn -0.0000 -0.7121 0.7020
vn -0.0000 -0.6756 0.7372
vn -0.0046 -0.6890 0.7247
vn -0.2311 -0.8238 0.5176
vn -0.0740 -0.6377 0.7667
vn 0.0377 -0.9627 0.2681
vn -0.4969 -0.7159 0.4905
vn -0.8166 -0.5313 0.2254
vn 0.2050 -0.6148 0.7616
vn -0.6117 -0.5634 0.5553
vn -0.6790 -0.2718 0.6819
vn -0.7344 -0.1596 0.6597
vn 0.1441 0.0083 0.9895
vn -0.7092 0.1195 0.6948
vn -0.6614 0.2091 0.7203
vn 0.2303 0.4711 0.8515
vn -0.5383 0.4666 0.7018
vn -0.4628 0.7141 0.5252
vn 0.3097 0.8233 0.4756
vn -0.3593 0.8122 0.4596
vn -0.1684 0.9362 0.3085
vn -0.2707 0.9491 0.1608
vn 0.2049 0.5618 0.8015
vn -0.7090 -0.2943 0.6408
vn -0.6891 0.3304 0.6450
vn -0.5792 0.6347 0.5116
vn 0.2106 -0.0053 0.9776
vn 0.2047 0.0151 0.9787
vn 0.1682 -0.6184 0.7677
vn -0.5662 0.1009 0.8180
vn -0.4225 -0.0667 0.9039
vn -0.3508 0.3262 0.8778
vn -0.0000 -0.0434 0.9991
vn -0.0000 0.4342 0.9008
vn -0.0000 0.4234 0.9059
vn -0.0000 -0.7075 0.7068
vn -0.3487 -0.6837 0.6411
vn -0.0000 -0.6885 0.7253
vn 0.3487 -0.6837 0.6411
vn 0.5662 0.1009 0.8180
vn 0.3508 0.3262 0.8778
vn 0.4225 -0.0667 0.9039
vn 0.1735 -0.2306 0.9575
vn -0.0000 -0.2452 0.9695
vn -0.3007 -0.5991 0.7421
vn 0.1214 0.8050 -0.5808
vn 0.6165 0.6590 -0.4310
vn -0.2026 0.6104 0.7657
vn -0.0000 0.0217 -0.9998
vn 0.0035 0.0312 -0.9995
vn -0.1214 0.8050 -0.5808
vn -0.0462 0.0997 -0.9939
vn -0.6165 0.6589 -0.4310
vn -0.7692 0.1947 -0.6086
vn -0.8016 -0.2796 0.5284
vn -0.9343 -0.1016 -0.3416
vn -0.6397 0.3649 0.6765
vn -0.0000 0.7864 -0.6177
vn -0.0229 -0.2493 -0.9682
vn -0.0292 -0.2346 -0.9717
vn -0.0543 -0.2195 -0.9741
vn -0.5066 -0.2079 -0.8367
vn -0.0000 -0.8954 -0.4453
vn 0.3640 -0.7685 0.5263
vn -0.0000 -0.8262 0.5634
vn 0.4067 -0.0042 0.9136
vn -0.0000 -0.0053 1.0000
vn 0.3837 0.7680 0.5127
vn -0.0000 0.8305 0.5570
vn 0.4464 0.8101 -0.3802
vn 0.4196 -0.0036 -0.9077
vn -0.0000 -0.0055 -1.0000
vn -0.0000 0.8985 -0.4389
vn -0.4196 -0.0036 -0.9077
vn -0.4464 0.8101 -0.3802
vn -0.3837 0.7680 0.5127
vn -0.4067 -0.0042 0.9136
vn -0.3640 -0.7685 0.5263
vn -0.4287 -0.8103 -0.3996
vn 0.4287 -0.8103 -0.3996
vn -0.9919 0.1239 0.0292
vn -0.7348 -0.0465 0.6767
vn -0.8940 0.4367 0.1004
vn -0.6789 0.2125 0.7028
vn -0.3489 0.5153 0.7827
vn -0.4644 0.8688 0.1716
vn 0.0019 0.5777 0.8163
vn 0.0011 0.9830 0.1834
vn 0.3473 0.5152 0.7836
vn 0.4625 0.8698 0.1718
vn 0.6805 0.2099 0.7021
vn 0.8961 0.4320 0.1019
vn 0.9908 0.1301 0.0359
vn 0.7367 -0.0398 0.6751
vn -0.7218 -0.2132 0.6584
vn -0.5636 -0.4038 0.7206
vn -0.3103 -0.6900 0.6539
vn 0.0004 -0.8016 0.5979
vn 0.3146 -0.6870 0.6551
vn 0.5596 -0.4089 0.7209
vn 0.7232 -0.2108 0.6577
vn -0.5797 -0.5726 0.5797
vn 0.5797 -0.5726 0.5797
vn 0.6591 0.2726 -0.7009
vn -0.5957 0.0936 -0.7977
vn 0.6422 0.4540 -0.6176
vn -0.5382 -0.0402 -0.8418
vn 0.3549 0.7642 -0.5386
vn -0.3483 -0.3317 -0.8767
vn -0.0026 0.8358 -0.5490
vn -0.0013 -0.4846 -0.8748
vn -0.3473 0.7675 -0.5388
vn 0.3455 -0.3432 -0.8734
vn 0.5449 -0.0399 -0.8375
vn -0.6447 0.4493 -0.6184
vn -0.6606 0.2744 -0.6987
vn 0.5989 0.0960 -0.7951
vn -0.9798 0.1892 -0.0647
vn -0.8865 0.4597 -0.0523
vn -0.4888 0.8719 0.0295
vn -0.0048 0.9997 0.0237
vn 0.4989 0.8663 0.0249
vn 0.8827 0.4669 -0.0539
vn 0.9812 0.1833 -0.0608
vn -0.4244 -0.9020 0.0790
vn -0.3472 -0.9142 0.2090
vn 0.3563 -0.8563 0.3739
vn -0.3978 -0.8847 0.2430
vn -0.3806 -0.7619 0.5241
vn -0.4623 -0.6529 0.6000
vn 0.3760 -0.4239 0.8240
vn -0.4098 -0.4892 0.7699
vn -0.3849 -0.2133 0.8980
vn 0.4165 -0.0136 0.9090
vn -0.3535 -0.0443 0.9344
vn -0.3595 0.1107 0.9266
vn 0.4549 0.4617 0.7615
vn -0.3028 0.2833 0.9099
vn -0.3318 0.6832 0.6505
vn 0.6100 0.4078 0.6794
vn -0.2711 0.7024 0.6581
vn -0.1489 0.7459 0.6492
vn -0.1507 0.8533 0.4992
vn 0.4208 0.6714 0.6101
vn 0.6927 -0.0910 0.7155
vn -0.1400 0.1779 0.9740
vn -0.6695 0.3244 0.6683
vn -0.6748 -0.3377 0.6563
vn -0.1931 -0.7865 0.5866
vn 0.9568 -0.2698 0.1082
vn -0.2349 0.0619 0.9700
vn 0.9202 -0.2481 0.3028
vn 0.7599 -0.4541 0.4651
vn -0.8744 -0.4148 0.2518
vn 0.6129 -0.6978 0.3708
vn 0.5356 -0.8436 0.0380
vn -0.5446 -0.3344 -0.7692
vn 0.6557 -0.7039 -0.2731
vn 0.8202 -0.4454 -0.3590
vn 0.5169 0.1217 -0.8474
vn 0.9339 -0.3029 -0.1899
vn 0.9578 -0.2862 0.0259
vn 0.7506 0.4247 0.5061
vn 0.9487 -0.3109 0.0565
vn 0.9397 0.0662 0.3355
vn -0.0556 0.1915 0.9799
vn -0.9853 0.0313 0.1678
vn -0.5151 -0.1691 -0.8403
vn 0.6020 -0.1601 -0.7823
vn -0.1682 -0.6183 0.7677
vn -0.7403 -0.6094 0.2838
vn 0.4243 -0.9021 0.0791
vn 0.3472 -0.9142 0.2089
vn -0.3563 -0.8563 0.3739
vn 0.3978 -0.8847 0.2429
vn 0.3806 -0.7620 0.5240
vn 0.4624 -0.6530 0.5999
vn -0.3760 -0.4239 0.8240
vn 0.4098 -0.4892 0.7699
vn 0.3849 -0.2133 0.8980
vn -0.4165 -0.0136 0.9090
vn 0.3534 -0.0445 0.9344
vn 0.3595 0.1104 0.9266
vn -0.4549 0.4617 0.7615
vn 0.3028 0.2831 0.9100
vn 0.3318 0.6827 0.6510
vn -0.6100 0.4078 0.6794
vn 0.2721 0.7021 0.6580
vn 0.1553 0.7595 0.6317
vn 0.1656 0.8644 0.4747
vn -0.4312 0.6752 0.5985
vn -0.7007 -0.1201 0.7033
vn 0.1931 -0.7865 0.5866
vn 0.6748 -0.3377 0.6563
vn 0.6695 0.3244 0.6683
vn 0.1400 0.1779 0.9740
vn 0.9866 -0.1094 -0.1207
vn 0.9090 -0.3799 -0.1716
vn 0.5201 -0.8400 -0.1547
vn -0.0041 -0.9926 -0.1211
vn -0.5291 -0.8368 -0.1405
vn -0.9084 -0.3865 -0.1597
vn -0.9863 -0.1196 -0.1141
vn -0.9945 -0.1015 0.0248
vn -0.9257 -0.3772 -0.0278
vn -0.5188 -0.8434 -0.1398
vn -0.0019 -0.9861 -0.1660
vn 0.5257 -0.8386 -0.1428
vn 0.9229 -0.3837 -0.0334
vn 0.9947 -0.0988 0.0278
vn 0.2491 0.3299 -0.9106
vn 0.1932 -0.3133 -0.9298
vn -0.3971 -0.2690 -0.8774
vn -0.3564 0.2617 -0.8969
vn 0.6341 -0.2760 -0.7223
vn 0.5241 -0.6225 -0.5813
vn 0.5980 0.2604 -0.7580
vn 0.2439 0.5178 -0.8200
vn 0.2008 -0.8185 -0.5383
vn 0.0556 0.5421 -0.8385
vn -0.0117 -0.7967 -0.6043
vn -0.0000 -0.7958 -0.6056
vn -0.0000 0.5344 -0.8452
vn -0.0556 0.5421 -0.8385
vn 0.0117 -0.7967 -0.6043
vn -0.1999 -0.8189 -0.5381
vn -0.2439 0.5178 -0.8200
vn -0.5240 -0.6226 -0.5812
vn -0.5988 0.2594 -0.7577
vn -0.6341 -0.2773 -0.7218
vn -0.7134 -0.0107 0.7007
vn -0.2726 -0.9240 -0.2683
vn 0.0073 -0.9172 -0.3984
vn -0.0071 -1.0000 -0.0034
vn 0.2744 -0.9279 -0.2523
vn 0.3731 -0.9278 -0.0000
vn 0.2725 -0.9228 0.2725
vn 0.0060 -0.9298 0.3681
vn -0.2696 -0.9190 0.2877
vn -0.3791 -0.9254 -0.0000
vn -0.4832 0.5913 -0.6456
vn -0.5600 0.0400 -0.8275
vn -0.7322 0.5553 0.3943
vn -0.8687 0.0447 0.4933
vn -0.1535 -0.0298 0.9877
vn 0.5765 0.5733 0.5822
vn 0.7015 -0.7123 0.0200
vn -0.2106 -0.0053 0.9776
vn -0.2047 0.0151 0.9787
vn 0.6955 0.6970 0.1743
vn 0.7200 0.3818 0.5795
vn 0.9774 -0.1152 -0.1773
vn 0.6798 -0.1228 0.7230
vn 0.5984 -0.5908 0.5413
vn 0.5040 -0.8550 0.1222
vn 0.4071 -0.8298 -0.3817
vn 0.3716 -0.5031 -0.7803
vn 0.4075 -0.0132 -0.9131
vn 0.5003 0.4584 -0.7346
vn 0.5978 0.7344 -0.3213
vn 0.5600 0.0400 -0.8275
vn 0.8687 0.0447 0.4933
vn 0.7325 0.5546 0.3949
vn 0.4835 0.5918 -0.6450
vn 0.9340 -0.3034 -0.1887
vn 0.9575 -0.2872 0.0265
vn 0.7619 -0.6414 0.0904
vn 0.9483 -0.3122 0.0565
vn 0.9567 -0.2707 0.1073
vn 0.9205 -0.2485 0.3015
vn 0.7607 -0.4539 0.4640
vn 0.6138 -0.6973 0.3701
vn 0.5367 -0.8429 0.0380
vn 0.6566 -0.7033 -0.2725
vn 0.8208 -0.4452 -0.3578
vn 0.8216 -0.4574 -0.3404
vn 0.9384 -0.2949 -0.1802
vn 0.7597 -0.6440 0.0900
vn 0.9559 -0.2937 0.0080
vn 0.9426 -0.3311 0.0433
vn 0.9467 -0.2950 0.1292
vn 0.9123 -0.2674 0.3101
vn 0.7527 -0.4618 0.4692
vn 0.6042 -0.7030 0.3751
vn 0.5274 -0.8486 0.0409
vn 0.6428 -0.7193 -0.2633
vn 0.4860 -0.5244 -0.6991
vn 0.5574 0.1016 -0.8240
vn 0.7658 -0.4644 0.4448
vn 0.8408 0.2663 0.4713
vn 0.8376 0.3545 0.4157
vn 0.5775 0.1301 -0.8060
vn 0.6096 0.7822 -0.1283
vn -0.0000 0.2284 0.9736
vn -0.0553 0.2522 0.9661
vn -0.0328 0.1380 0.9899
vn -0.2436 0.3113 0.9186
vn -0.1867 0.2260 0.9561
vn -0.1183 0.2225 0.9677
vn -0.1487 0.7581 0.6350
vn -0.2288 0.8041 0.5487
vn -0.2216 0.5797 0.7842
vn -0.3069 0.8742 0.3764
vn -0.3090 0.5664 0.7640
vn -0.4264 0.2585 0.8668
vn -0.1869 0.2262 0.9560
vn -0.1843 0.3313 0.9254
vn -0.1511 0.3658 0.9184
vn 0.8037 -0.0059 -0.5951
vn 0.9336 -0.1026 -0.3433
vn 0.8761 -0.4184 0.2397
vn 0.8392 -0.5205 -0.1577
vn -0.0125 0.5597 0.8286
vn -0.1197 0.6914 0.7125
vn -0.1052 0.5823 0.8061
vn -0.1307 0.5647 0.8149
vn -0.1244 0.4709 0.8734
vn -0.1072 0.7760 0.6215
vn -0.0843 0.8335 0.5460
vn -0.1637 0.8465 0.5065
vn -0.0961 0.9458 0.3102
vn -0.0446 0.8761 0.4800
vn -0.0413 0.9631 0.2658
vn -0.0000 0.8930 0.4500
vn -0.0000 0.9716 0.2366
vn 0.0294 -0.2368 -0.9711
vn 0.0547 -0.2215 -0.9736
vn 0.1063 -0.1842 -0.9771
vn 0.2043 -0.9261 -0.3172
vn 0.0323 -0.7050 0.7085
vn 0.1034 -0.8495 0.5173
vn 0.0604 -0.7834 -0.6186
vn -0.0000 -0.7926 -0.6098
vn -0.0000 -0.9023 0.4312
vn 0.0481 -0.9197 0.3896
vn -0.1018 0.3553 0.9292
vn -0.1312 0.4200 0.8980
vn -0.1178 0.3504 0.9292
vn 0.0221 -0.2619 -0.9648
vn 0.0230 -0.2335 -0.9721
vn -0.0000 0.3137 0.9495
vn -0.0648 0.3199 0.9452
vn -0.0888 0.2951 0.9513
vn -0.1174 0.2762 0.9539
vn -0.1361 0.4077 0.9029
vn 0.2229 0.5802 0.7834
vn 0.3223 0.5703 0.7555
vn 0.4859 0.7923 0.3689
vn 0.1364 0.9704 -0.1995
vn 0.1530 0.9295 0.3357
vn 0.3077 0.8735 0.3773
vn 0.2288 0.8041 0.5487
vn 0.1487 0.7581 0.6350
vn 0.1637 0.8465 0.5065
vn 0.0961 0.9458 0.3102
vn 0.0844 0.9685 -0.2345
vn 0.0413 0.9631 0.2658
vn 0.3814 -0.0959 -0.9194
vn 0.0848 0.0843 -0.9928
vn 0.0210 0.0099 -0.9997
vn 0.0220 0.0683 -0.9974
vn -0.0000 0.0099 -1.0000
vn -0.0000 0.0641 -0.9979
vn 0.1072 0.7760 0.6215
vn 0.0962 0.6656 0.7401
vn 0.0774 0.6033 0.7937
vn 0.0446 0.8761 0.4800
vn 0.0843 0.8335 0.5460
vn 0.0831 0.5734 0.8151
vn 0.1273 0.4585 0.8795
vn 0.1312 0.4200 0.8980
vn 0.1018 0.3553 0.9292
vn 0.0743 0.4183 0.9053
vn 0.0648 0.3199 0.9452
vn -0.0000 0.4070 0.9134
vn 0.1843 0.3313 0.9254
vn 0.0553 0.2522 0.9661
vn 0.0888 0.2951 0.9513
vn 0.1178 0.3504 0.9292
vn 0.1361 0.4077 0.9029
vn 0.1244 0.4709 0.8734
vn 0.0351 0.2001 -0.9791
vn 0.2436 0.3113 0.9186
vn 0.4864 0.5206 0.7017
vn 0.7023 0.6467 0.2975
vn -0.3246 0.7230 -0.6098
vn -0.2884 0.8247 -0.4864
vn -0.1929 0.3353 -0.9222
vn -0.1902 0.4259 -0.8845
vn 0.1929 0.3353 -0.9222
vn 0.1902 0.4259 -0.8845
vn 0.2884 0.8247 -0.4864
vn 0.1596 0.8358 -0.5253
vn 0.0950 0.4220 -0.9016
vn 0.0067 -0.1811 -0.9834
vn -0.0040 -0.1560 -0.9878
vn -0.0051 -0.1560 -0.9877
vn 0.0040 -0.1560 -0.9878
vn -0.0067 -0.1811 -0.9834
vn -0.0929 0.1956 0.9763
vn -0.1530 0.9295 0.3357
vn -0.0844 0.9685 -0.2345
vn -0.1364 0.9704 -0.1995
vn -0.2550 0.9409 -0.2231
vn -0.4963 0.7955 0.3476
vn -0.4584 0.8460 -0.2724
vn -0.5413 0.7237 -0.4281
vn -0.7084 0.6541 0.2651
vn -0.4754 0.5124 0.7152
vn -0.7101 0.6526 0.2643
vn -0.6414 0.4163 0.6444
vn -0.4775 0.5121 0.7140
vn -0.4043 0.3022 0.8633
vn -0.0251 0.5349 0.8445
vn 0.5053 -0.2091 -0.8372
vn 0.0800 -0.0747 -0.9940
vn 0.4441 -0.0513 -0.8945
vn 0.1734 0.4811 -0.8593
vn 0.5990 0.4141 -0.6853
vn 0.1316 0.9161 0.3787
vn 0.3937 0.7374 0.5489
vn -0.0831 0.5734 0.8151
vn -0.1273 0.4585 0.8795
vn -0.0743 0.4183 0.9053
vn -0.0381 0.9626 -0.2683
vn 0.0229 -0.2515 -0.9676
vn -0.0000 -0.2714 -0.9625
vn -0.0000 -0.2594 -0.9658
vn -0.0000 0.1984 -0.9801
vn 0.0019 0.1747 -0.9846
vn -0.0460 0.8683 -0.4940
vn -0.0000 0.8686 -0.4955
vn -0.0814 0.8591 0.5052
vn -0.0000 0.8593 0.5115
vn 0.3403 0.5010 0.7957
vn 0.9514 0.2690 0.1499
vn 0.9547 -0.0062 -0.2975
vn 0.6060 -0.0164 0.7953
vn 0.0168 -0.0049 0.9998
vn 0.2851 0.1541 0.9460
vn -0.0126 0.2006 0.9796
vn 0.0867 0.4168 0.9048
vn -0.0466 0.4868 0.8723
vn -0.0774 0.6033 0.7937
vn -0.0962 0.6656 0.7401
vn -0.0096 -0.0631 0.9980
vn -0.0260 0.0309 0.9992
vn 0.1868 0.2262 0.9560
vn 0.4264 0.2585 0.8668
vn 0.6454 0.4205 0.6377
vn 0.4885 0.5203 0.7004
vn 0.8543 0.4654 0.2317
vn 0.7041 0.6453 0.2965
vn -0.0738 -0.6386 0.7660
vn 0.1183 0.2225 0.9677
vn 0.1866 0.2261 0.9561
vn 0.0738 -0.6386 0.7660
vn -0.0684 0.8902 0.4504
vn -0.1225 0.7931 0.5966
vn -0.0706 0.6219 0.7799
vn -0.1204 0.5332 0.8374
vn -0.0250 0.0120 0.9996
vn -0.0423 0.1254 0.9912
vn -0.0000 -0.0466 0.9989
vn -0.0000 0.0030 1.0000
vn -0.0000 0.6236 0.7818
vn -0.0000 0.9030 0.4296
vn -0.1624 0.8887 0.4288
vn -0.0947 0.7531 -0.6510
vn -0.0150 0.0864 -0.9961
vn 0.4043 0.3022 0.8633
vn 0.1511 0.3658 0.9184
vn 0.1174 0.2762 0.9539
vn 0.0929 0.1956 0.9763
vn 0.0328 0.1380 0.9899
vn 0.0046 -0.6907 0.7231
vn -0.0000 0.1153 0.9933
vn -0.0000 -0.6773 0.7357
vn -0.0046 -0.6907 0.7231
vn 0.1197 0.6914 0.7125
vn 0.0125 0.5597 0.8286
vn 0.1052 0.5823 0.8061
vn 0.0251 0.5349 0.8445
vn 0.1307 0.5647 0.8149
vn -0.1316 0.9161 0.3787
vn 0.0466 0.4868 0.8723
vn -0.0867 0.4168 0.9048
vn -0.3403 0.5010 0.7957
vn -0.3937 0.7374 0.5489
vn -0.5990 0.4141 -0.6853
vn -0.1734 0.4811 -0.8593
vn -0.4441 -0.0513 -0.8945
vn -0.0800 -0.0747 -0.9940
vn -0.3814 -0.0959 -0.9194
vn -0.8037 -0.0059 -0.5951
vn -0.9336 -0.1022 -0.3435
vn -0.8761 -0.4184 0.2397
vn -0.8392 -0.5205 -0.1577
vn -0.2043 -0.9261 -0.3172
vn -0.0323 -0.7050 0.7085
vn -0.1034 -0.8495 0.5173
vn -0.0604 -0.7834 -0.6186
vn -0.0481 -0.9197 0.3896
vn 0.0096 -0.0631 0.9980
vn 0.0260 0.0309 0.9992
vn -0.1063 -0.1842 -0.9771
vn 0.0126 0.2006 0.9796
vn -0.2851 0.1541 0.9460
vn -0.9514 0.2690 0.1499
vn -0.9547 -0.0062 -0.2975
vn -0.6060 -0.0164 0.7953
vn -0.0168 -0.0049 0.9998
vn -0.5053 -0.2091 -0.8372
vn -0.0547 -0.2215 -0.9736
vn -0.0294 -0.2368 -0.9711
vn -0.0230 -0.2335 -0.9721
vn -0.0221 -0.2619 -0.9648
vn -0.0230 -0.2515 -0.9676
vn 0.0423 0.1254 0.9912
vn 0.1204 0.5332 0.8374
vn 0.1225 0.7931 0.5966
vn 0.0684 0.8902 0.4504
vn 0.0706 0.6219 0.7799
vn 0.0250 0.0120 0.9996
vn 0.0814 0.8591 0.5052
vn 0.1624 0.8887 0.4288
vn 0.0460 0.8683 -0.4940
vn -0.0019 0.1747 -0.9846
vn 0.0150 0.0864 -0.9961
vn 0.0947 0.7531 -0.6510
vn 0.3246 0.7230 -0.6098
vn 0.0051 -0.1560 -0.9877
vn -0.0950 0.4220 -0.9016
vn 0.0100 -0.1421 -0.9898
vn -0.0500 0.4560 -0.8886
vn 0.0070 -0.1480 -0.9890
vn -0.0192 0.4091 -0.9123
vn -0.0000 -0.1483 -0.9889
vn -0.0000 0.4137 -0.9104
vn 0.0192 0.4091 -0.9123
vn -0.0070 -0.1480 -0.9890
vn 0.0500 0.4560 -0.8886
vn -0.0100 -0.1421 -0.9898
vn -0.4201 0.1787 -0.8897
vn -0.2376 0.2902 -0.9270
vn -0.4584 0.5797 -0.6736
vn -0.3258 0.0740 -0.9425
vn -0.6662 0.0395 -0.7448
vn -0.6347 0.1559 -0.7569
vn -0.8746 0.0446 -0.4828
vn -0.8903 0.0073 -0.4553
vn -0.8903 0.0109 -0.4553
vn -0.7039 0.0103 -0.7103
vn -0.8954 0.0112 -0.4452
vn -0.7257 -0.0044 -0.6880
vn -0.3603 0.0142 -0.9327
vn -0.3597 -0.0152 -0.9329
vn -0.0633 -0.0200 -0.9978
vn -0.0677 0.0118 -0.9976
vn -0.0219 -0.0163 -0.9996
vn -0.0210 0.0099 -0.9997
vn -0.0000 -0.0143 -0.9999
vn -0.0220 0.0683 -0.9974
vn -0.0351 0.2001 -0.9791
vn -0.0000 0.1863 -0.9825
vn -0.0000 0.4499 -0.8931
vn -0.0645 0.4669 -0.8820
vn -0.0000 0.7412 -0.6713
vn -0.0839 0.7130 -0.6961
vn -0.1490 0.4687 -0.8707
vn -0.1790 0.6896 -0.7017
vn -0.2725 0.6207 -0.7352
vn -0.3473 0.4275 -0.8347
vn -0.7043 0.3424 -0.6219
vn -0.5242 0.0674 -0.8489
vn -0.8775 0.1085 -0.4672
vn -0.6547 0.2830 -0.7009
vn -0.3198 0.2384 -0.9170
vn -0.1065 0.2418 -0.9645
vn -0.0848 0.0843 -0.9928
vn -0.1596 0.8358 -0.5253
vn -0.0893 0.8758 -0.4744
vn -0.0390 0.8333 -0.5515
vn -0.0000 0.8321 -0.5547
vn 0.0390 0.8333 -0.5515
vn 0.0893 0.8758 -0.4744
vn 0.2142 0.2053 0.9550
vn 0.7502 0.4979 -0.4350
vn 0.9437 0.2988 -0.1418
vn 0.8085 0.5785 -0.1080
vn 0.8337 0.5412 -0.1098
vn 0.9352 0.3150 -0.1618
vn 0.8585 0.4147 0.3017
vn 0.9081 0.1348 -0.3965
vn 0.9607 0.0501 -0.2731
vn 0.8497 0.0174 -0.5269
vn 0.9574 0.0160 -0.2884
vn 0.8471 0.0183 -0.5311
vn 0.9891 0.0260 0.1448
vn 0.9996 0.0210 0.0213
vn 0.9736 0.0277 0.2267
vn 0.9985 -0.0002 0.0554
vn 0.9913 0.0358 0.1267
vn 0.9987 0.0039 0.0511
vn 0.9979 0.0561 0.0314
vn 0.9932 0.0091 -0.1160
vn 0.9509 0.0800 -0.2990
vn 0.6816 0.1009 -0.7247
vn 0.8978 0.1334 -0.4197
vn 0.8716 0.0564 -0.4870
vn 0.4873 0.0406 -0.8723
vn 0.4509 0.0176 -0.8924
vn 0.4460 0.0184 -0.8948
vn 0.4411 0.0438 -0.8964
vn 0.8122 0.0362 -0.5822
vn 0.8292 0.0933 -0.5511
vn 0.4365 0.0954 -0.8946
vn 0.4700 0.1874 -0.8625
vn 0.8526 0.1329 -0.5053
vn 0.4943 0.2895 -0.8197
vn 0.8675 0.1094 -0.4852
vn 0.9080 0.0654 0.4138
vn 0.9238 0.1012 -0.3694
vn 0.8750 0.1190 -0.4692
vn 0.9388 0.0944 -0.3314
vn 0.5049 0.0997 -0.8574
vn 0.5168 0.1603 -0.8410
vn 0.5156 0.1761 -0.8385
vn 0.5195 0.1224 -0.8457
vn 0.8920 0.0793 -0.4450
vn 0.9670 0.0626 -0.2470
vn 0.9245 0.0493 -0.3780
vn 0.8359 0.1024 -0.5393
vn 0.5295 0.0905 -0.8435
vn 0.7975 0.0229 -0.6029
vn 0.9589 0.0199 -0.2831
vn 0.9606 0.0433 -0.2746
vn 0.9943 0.0287 -0.1030
vn 0.9945 0.0433 -0.0959
vn 0.9943 0.0253 -0.1037
vn 0.5276 0.0607 -0.8473
vn 0.9932 0.0377 -0.1101
vn 0.9938 0.0160 -0.1100
vn 0.4650 0.7123 0.5257
vn 0.5395 0.4648 0.7021
vn 0.6622 0.2092 0.7195
vn 0.7085 0.1196 0.6955
vn 0.7351 -0.1594 0.6589
vn 0.6798 -0.2716 0.6812
vn 0.9332 0.1881 -0.3062
vn 0.9216 0.2555 -0.2922
vn 0.5629 0.4335 -0.7037
vn 0.9421 0.3312 -0.0526
vn 0.8857 0.4624 -0.0402
vn 0.5392 0.7191 -0.4384
vn 0.5635 0.5383 -0.6266
vn 0.9999 0.0144 0.0061
vn 0.3614 0.8115 0.4592
vn -0.6999 -0.1206 0.7040
vn 0.7082 -0.2623 0.6555
vn -0.4327 0.6757 0.5968
vn 0.1657 0.8645 0.4746
vn 0.9357 -0.1873 0.2991
vn 0.9827 -0.1556 0.1000
vn 0.9868 -0.1617 -0.0130
vn 0.3307 0.6829 0.6513
vn 0.9811 -0.1418 -0.1314
vn 0.9793 -0.0899 -0.1811
vn 0.9638 -0.1091 -0.2435
vn 0.9228 -0.0653 -0.3798
vn 0.5419 -0.0474 -0.8391
vn 0.9075 -0.0106 -0.4199
vn 0.5324 0.0049 -0.8465
vn 0.8991 0.0385 -0.4361
vn 0.9680 0.0531 -0.2452
vn 0.4108 -0.4890 0.7695
vn 0.4643 -0.6521 0.5993
vn 0.3827 -0.7611 0.5238
vn 0.9849 0.0565 0.1637
vn 0.9795 0.0656 0.1904
vn 0.9271 0.0529 0.3712
vn 0.9957 0.0875 -0.0294
vn 0.9943 0.0820 -0.0678
vn 0.9992 0.0326 0.0210
vn 0.9936 0.0099 0.1122
vn 0.1672 0.9364 0.3085
vn 0.3998 -0.8838 0.2430
vn 0.9905 0.0177 0.1363
vn 0.9624 0.0056 0.2715
vn 0.2718 0.9488 0.1611
vn 0.9683 0.0221 -0.2489
vn 0.3018 0.2834 0.9103
vn 0.9731 -0.0347 -0.2276
vn 0.3524 -0.0443 0.9348
vn 0.3595 0.1108 0.9266
vn 0.9827 -0.1777 -0.0524
vn 0.9783 -0.1973 -0.0636
vn 0.6772 -0.7311 -0.0825
vn 0.6567 -0.7356 -0.1665
vn 0.5861 -0.7068 -0.3962
vn 0.5573 -0.4398 -0.7043
vn 0.6042 -0.1616 -0.7803
vn 0.5910 -0.0604 -0.8044
vn 0.6714 -0.7385 -0.0622
vn 0.3492 -0.9134 0.2092
vn 0.4262 -0.9011 0.0796
vn 0.9624 0.0074 0.2714
vn -0.2060 0.5619 0.8012
vn -0.1692 -0.6185 0.7674
vn 0.6127 -0.5629 0.5548
vn 0.8139 -0.5339 0.2293
vn 0.9683 0.2475 -0.0350
vn 0.9624 0.2206 0.1586
vn 0.9530 0.2498 0.1713
vn 0.7917 0.2724 0.5467
vn 0.7502 0.3152 0.5813
vn 0.9245 0.3320 0.1875
vn 0.8136 0.2662 0.5170
vn 0.2636 0.2005 0.9436
vn 0.4688 0.2484 0.8476
vn 0.2153 0.2055 0.9547
vn -0.0000 -0.9783 0.2070
vn -0.0000 -0.6186 -0.7857
vn 0.0630 -0.9905 0.1223
vn 0.2135 -0.5908 -0.7780
vn 0.1236 -0.9762 0.1784
vn 0.6481 -0.5747 -0.4997
vn 0.8307 -0.5474 -0.1014
vn 0.0596 -0.9521 0.3000
vn 0.8678 -0.4895 -0.0850
vn -0.0144 -0.9851 0.1711
vn -0.0490 -0.9830 -0.1769
vn 0.8540 -0.4710 -0.2210
vn 0.7519 -0.5713 -0.3292
vn -0.0081 -0.9396 -0.3422
vn -0.8075 -0.5822 -0.0949
vn -0.9108 -0.4067 0.0707
vn -0.8788 -0.4168 0.2324
vn -0.8345 -0.3717 0.4068
vn -0.5779 -0.3779 0.7234
vn -0.1756 -0.3819 0.9074
vn -0.0000 -0.3541 0.9352
vn -0.0630 -0.9905 0.1223
vn -0.2135 -0.5908 -0.7780
vn -0.1236 -0.9762 0.1784
vn -0.6481 -0.5747 -0.4997
vn -0.8307 -0.5474 -0.1014
vn -0.0596 -0.9521 0.3000
vn -0.8678 -0.4895 -0.0850
vn 0.0144 -0.9851 0.1711
vn 0.0490 -0.9830 -0.1769
vn 0.9108 -0.4067 0.0707
vn 0.8075 -0.5822 -0.0949
vn 0.0081 -0.9396 -0.3422
vn -0.8540 -0.4710 -0.2210
vn -0.7519 -0.5713 -0.3292
vn 0.8788 -0.4168 0.2324
vn 0.8345 -0.3717 0.4068
vn 0.5774 -0.3777 0.7238
vn 0.1755 -0.3819 0.9074
vn -0.9841 -0.0603 -0.1670
vn -0.9501 -0.1317 -0.2826
vn -0.9816 -0.0660 -0.1792
vn -0.9838 -0.0589 -0.1693
vn -0.8833 0.2786 -0.3771
vn -0.8344 0.2754 -0.4774
vn -0.7151 -0.1350 -0.6859
vn -0.2429 -0.1006 -0.9648
vn -0.0000 -0.0685 -0.9977
vn -0.0000 0.2182 -0.9759
vn 0.2429 -0.1006 -0.9648
vn 0.2128 0.1912 -0.9582
vn 0.6227 0.2028 -0.7558
vn 0.7151 -0.1350 -0.6859
vn 0.8344 0.2754 -0.4774
vn 0.9501 -0.1317 -0.2826
vn 0.8833 0.2781 -0.3774
vn 0.9841 -0.0603 -0.1670
vn 0.9838 -0.0589 -0.1693
vn 0.9816 -0.0660 -0.1792
vn -0.7813 0.4134 -0.4677
vn 0.7825 0.4133 -0.4657
vn -0.2128 0.1912 -0.9582
vn -0.6227 0.2028 -0.7558
vn 0.0215 0.8515 -0.5240
vn 0.0200 0.9161 -0.4003
vn 0.0013 0.8105 -0.5858
vn -0.0648 0.8090 -0.5843
vn -0.8947 0.4305 -0.1187
vn -0.8954 0.4438 0.0361
vn -0.0590 0.8339 -0.5488
vn -0.7162 0.5252 0.4597
vn -0.0215 0.8515 -0.5240
vn -0.0200 0.9161 -0.4003
vn -0.0000 0.9647 -0.2634
vn 0.2752 0.5432 0.7932
vn 0.7167 0.5249 0.4591
vn 0.0590 0.8339 -0.5488
vn -0.0023 0.8110 -0.5850
vn 0.0645 0.8080 -0.5856
vn 0.8947 0.4305 -0.1187
vn 0.8626 0.4750 -0.1739
vn -0.8626 0.4750 -0.1739
vn -0.0000 0.5029 0.8643
vn -0.2752 0.5432 0.7932
vn 0.8954 0.4438 0.0361
vn 0.6347 0.1559 -0.7569
vn 0.6662 0.0395 -0.7448
vn 0.3258 0.0740 -0.9425
vn -0.0000 -0.0727 -0.9974
vn 0.0219 -0.0163 -0.9996
vn 0.0267 -0.0750 -0.9968
vn 0.0834 -0.0820 -0.9931
vn 0.0633 -0.0200 -0.9978
vn 0.0677 0.0118 -0.9976
vn 0.3603 0.0142 -0.9327
vn 0.7039 0.0103 -0.7103
vn 0.8903 0.0109 -0.4553
vn 0.8903 0.0073 -0.4553
vn 0.8745 0.0446 -0.4829
vn 0.6547 0.2830 -0.7009
vn 0.8774 0.1085 -0.4672
vn 0.8954 0.0112 -0.4452
vn 0.7257 -0.0044 -0.6880
vn 0.3597 -0.0152 -0.9329
vn 0.4240 -0.0763 -0.9024
vn 0.7796 -0.0222 -0.6259
vn 0.4581 -0.1812 -0.8703
vn 0.7932 -0.0506 -0.6069
vn 0.2572 -0.1044 -0.9607
vn 0.4888 -0.0081 -0.8724
vn 0.5560 0.0726 -0.8280
vn 0.8874 0.0319 -0.4599
vn 0.8698 0.0100 -0.4933
vn 0.8816 0.0199 -0.4715
vn 0.1284 -0.1591 -0.9789
vn 0.2378 0.2897 -0.9271
vn 0.4201 0.1787 -0.8897
vn 0.4585 0.5799 -0.6734
vn 0.7043 0.3424 -0.6219
vn 0.5242 0.0674 -0.8490
vn 0.3473 0.4275 -0.8347
vn 0.3198 0.2384 -0.9170
vn -0.0267 -0.0750 -0.9968
vn -0.0834 -0.0820 -0.9931
vn -0.0278 -0.2502 -0.9678
vn -0.0874 -0.2467 -0.9651
vn -0.4240 -0.0763 -0.9024
vn -0.1249 -0.2905 -0.9487
vn -0.4581 -0.1812 -0.8703
vn -0.1339 -0.3281 -0.9351
vn -0.1284 -0.1591 -0.9789
vn -0.0976 -0.3198 -0.9425
vn -0.0460 -0.1849 -0.9817
vn -0.0595 -0.3494 -0.9351
vn -0.0185 -0.2082 -0.9779
vn -0.0338 -0.3806 -0.9241
vn -0.0000 -0.2132 -0.9770
vn -0.0000 -0.3568 -0.9342
vn 0.0338 -0.3806 -0.9241
vn 0.0185 -0.2082 -0.9779
vn 0.0595 -0.3494 -0.9351
vn 0.0460 -0.1849 -0.9817
vn 0.0976 -0.3198 -0.9425
vn 0.1339 -0.3281 -0.9351
vn 0.1246 -0.2909 -0.9486
vn 0.0874 -0.2467 -0.9651
vn 0.0278 -0.2502 -0.9678
vn -0.0000 -0.2494 -0.9684
vn 0.2726 0.6207 -0.7352
vn -0.7796 -0.0222 -0.6259
vn -0.7932 -0.0506 -0.6069
vn -0.8874 0.0319 -0.4599
vn -0.5560 0.0726 -0.8280
vn -0.4888 -0.0081 -0.8724
vn -0.2572 -0.1044 -0.9607
vn -0.8816 0.0199 -0.4715
vn -0.8698 0.0100 -0.4933
vn 0.1065 0.2418 -0.9645
vn 0.1490 0.4687 -0.8707
vn 0.1790 0.6896 -0.7017
vn 0.0839 0.7130 -0.6961
vn 0.0645 0.4669 -0.8820
vn -0.9957 0.0875 -0.0294
vn -0.9992 0.0326 0.0210
vn -0.9943 0.0820 -0.0678
vn -0.9932 0.0377 -0.1101
vn -0.3997 -0.8839 0.2430
vn -0.3827 -0.7611 0.5238
vn -0.9849 0.0565 0.1637
vn -0.9795 0.0656 0.1904
vn -0.9270 0.0529 0.3712
vn -0.4262 -0.9011 0.0796
vn -0.9905 0.0177 0.1363
vn -0.3492 -0.9134 0.2092
vn -0.9936 0.0099 0.1122
vn -0.9999 0.0144 0.0061
vn -0.9938 0.0160 -0.1100
vn -0.9607 0.0501 -0.2731
vn 0.1694 -0.6184 0.7674
vn -0.9624 0.0074 0.2714
vn -0.9624 0.0056 0.2715
vn -0.1672 0.9364 0.3085
vn -0.3613 0.8116 0.4592
vn -0.4650 0.7123 0.5258
vn -0.9574 0.0160 -0.2884
vn -0.8497 0.0174 -0.5269
vn -0.8716 0.0564 -0.4870
vn -0.4873 0.0406 -0.8723
vn -0.5049 0.0998 -0.8574
vn -0.8675 0.1094 -0.4852
vn -0.5168 0.1603 -0.8410
vn -0.8750 0.1190 -0.4692
vn -0.5156 0.1761 -0.8385
vn -0.5195 0.1224 -0.8457
vn -0.8920 0.0793 -0.4450
vn -0.5276 0.0607 -0.8473
vn -0.8991 0.0385 -0.4361
vn -0.5324 0.0049 -0.8465
vn -0.9075 -0.0106 -0.4199
vn -0.5397 -0.0504 -0.8403
vn -0.9244 -0.0706 -0.3749
vn -0.9649 -0.1049 -0.2406
vn -0.9812 -0.1386 -0.1343
vn -0.6822 -0.7272 -0.0760
vn -0.6776 -0.7321 -0.0700
vn -0.9762 -0.2028 -0.0775
vn -0.9827 -0.1777 -0.0524
vn -0.9867 -0.1618 -0.0133
vn -0.9789 -0.0927 -0.1821
vn -0.3308 0.6835 0.6506
vn -0.3018 0.2834 0.9103
vn -0.9731 -0.0347 -0.2276
vn -0.3595 0.1104 0.9266
vn -0.3524 -0.0445 0.9348
vn -0.9683 0.0221 -0.2489
vn -0.9680 0.0531 -0.2452
vn -0.9670 0.0626 -0.2470
vn -0.9388 0.0944 -0.3314
vn -0.9245 0.0493 -0.3780
vn -0.9238 0.1012 -0.3694
vn -0.8359 0.1024 -0.5393
vn -0.8978 0.1334 -0.4197
vn -0.5295 0.0905 -0.8435
vn -0.6816 0.1009 -0.7247
vn -0.7975 0.0229 -0.6029
vn -0.9589 0.0199 -0.2831
vn -0.9606 0.0433 -0.2746
vn -0.9943 0.0287 -0.1030
vn -0.9945 0.0433 -0.0959
vn -0.9996 0.0210 0.0213
vn -0.4643 -0.6522 0.5992
vn -0.9891 0.0260 0.1448
vn -0.9736 0.0277 0.2267
vn -0.9913 0.0358 0.1267
vn -0.9080 0.0654 0.4138
vn -0.9437 0.2988 -0.1418
vn -0.7502 0.4979 -0.4350
vn -0.8085 0.5785 -0.1080
vn -0.8585 0.4147 0.3017
vn -0.9081 0.1348 -0.3965
vn -0.9352 0.3150 -0.1618
vn -0.4108 -0.4890 0.7695
vn -0.5395 0.4648 0.7021
vn -0.9985 -0.0002 0.0554
vn -0.9943 0.0253 -0.1037
vn -0.9509 0.0800 -0.2990
vn -0.9932 0.0091 -0.1160
vn -0.9987 0.0039 0.0511
vn -0.2718 0.9488 0.1611
vn 0.2060 0.5619 0.8012
vn -0.6567 -0.7356 -0.1665
vn -0.5861 -0.7068 -0.3962
vn -0.5573 -0.4396 -0.7044
vn -0.6042 -0.1617 -0.7803
vn -0.5892 -0.0569 -0.8060
vn -0.9979 0.0561 0.0314
vn -0.8337 0.5412 -0.1098
vn 0.4219 0.6723 0.6083
vn 0.6919 -0.0912 0.7162
vn -0.7072 -0.2462 0.6628
vn -0.1487 0.7460 0.6492
vn -0.9375 -0.1789 0.2985
vn -0.9825 -0.1567 0.1003
vn -0.4509 0.0176 -0.8924
vn -0.8471 0.0183 -0.5311
vn -0.4460 0.0184 -0.8948
vn -0.4411 0.0438 -0.8964
vn -0.8122 0.0362 -0.5822
vn -0.8292 0.0933 -0.5511
vn -0.4365 0.0954 -0.8946
vn -0.4700 0.1874 -0.8625
vn -0.8527 0.1349 -0.5046
vn -0.4996 0.2849 -0.8181
vn -0.9239 0.2514 -0.2886
vn -0.5678 0.4306 -0.7016
vn -0.9674 0.2498 -0.0407
vn -0.6622 0.2090 0.7196
vn -0.7085 0.1196 0.6955
vn -0.7351 -0.1595 0.6589
vn -0.6798 -0.2718 0.6811
vn -0.9287 0.1986 -0.3132
vn -0.9646 0.2146 0.1530
vn -0.9539 0.2514 0.1641
vn -0.8117 0.2592 0.5234
vn -0.7877 0.2735 0.5520
vn -0.7459 0.3164 0.5861
vn -0.8585 0.4654 0.2153
vn -0.8831 0.4679 -0.0360
vn -0.5636 0.5383 -0.6266
vn -0.9442 0.3245 -0.0561
vn -0.9270 0.3285 0.1813
vn -0.6127 -0.5629 0.5548
vn -0.4688 0.2484 0.8476
vn -0.2153 0.2055 0.9547
vn -0.2636 0.2005 0.9436
vn -0.9104 -0.2642 0.3185
vn -0.9673 -0.2191 0.1278
vn -0.5991 -0.7816 -0.1739
vn -0.9714 -0.2246 0.0769
vn -0.6736 -0.6960 -0.2487
vn 0.7138 -0.6153 0.3346
vn 0.3356 -0.7337 0.5908
vn 0.2392 -0.9441 0.2270
vn -0.0003 -0.9845 0.1756
vn -0.0004 -0.9644 -0.2643
vn -0.2390 -0.9441 0.2271
vn -0.1225 -0.9734 -0.1936
vn -0.7116 -0.6171 0.3357
vn -0.6426 -0.3512 0.6810
vn -0.3353 -0.7341 0.5905
vn -0.0730 -0.6524 0.7543
vn -0.0357 0.2243 0.9739
vn -0.0065 -0.6465 0.7629
vn -0.0000 -0.6491 0.7607
vn -0.0003 -0.8840 0.4674
vn 0.0065 -0.6465 0.7629
vn 0.0356 0.2243 0.9739
vn 0.0730 -0.6524 0.7543
vn 0.6482 -0.3459 0.6784
vn 0.9100 -0.2616 0.3217
vn 0.9664 -0.2220 0.1292
vn 0.6012 -0.7802 -0.1729
vn 0.6787 -0.6949 -0.2377
vn 0.9696 -0.2301 0.0835
vn 0.1227 -0.9734 -0.1936
vn -0.0000 0.2356 0.9718
vn -0.1178 0.5602 -0.8199
vn -0.0693 0.5720 -0.8173
vn -0.0737 0.4691 -0.8801
vn -0.0290 0.4683 -0.8831
vn -0.1660 0.4672 -0.8684
vn -0.1583 0.3645 -0.9176
vn -0.1235 0.7034 -0.7000
vn -0.1685 0.6583 -0.7337
vn -0.0879 0.4808 -0.8724
vn -0.0435 0.3881 -0.9206
vn -0.0288 0.3761 -0.9261
vn -0.0184 0.2663 -0.9637
vn -0.1435 0.2570 -0.9557
vn -0.0109 0.1757 -0.9844
vn -0.1645 0.1731 -0.9711
vn -0.0133 0.0977 -0.9951
vn -0.0292 0.1746 -0.9842
vn -0.0290 0.0962 -0.9949
vn -0.0203 0.0949 -0.9953
vn -0.0318 0.0450 -0.9985
vn -0.0084 0.0459 -0.9989
vn -0.0267 0.0280 -0.9993
vn -0.0247 0.0278 -0.9993
vn -0.0530 0.0172 -0.9984
vn -0.0491 0.0192 -0.9986
vn -0.4489 0.0176 -0.8934
vn -0.0322 0.2788 -0.9598
vn -0.0097 0.0277 -0.9996
vn -0.0110 0.0439 -0.9990
vn -0.1584 0.0994 -0.9824
vn -0.1597 0.0351 -0.9865
vn -0.0001 0.0261 -0.9997
vn 0.0015 0.0941 -0.9956
vn -0.0222 0.1737 -0.9845
vn -0.0334 0.2778 -0.9601
vn -0.0466 0.3984 -0.9160
vn -0.0138 0.3923 -0.9197
vn -0.0524 0.4966 -0.8664
vn -0.0875 0.5534 -0.8283
vn 0.0080 0.1731 -0.9849
vn 0.0010 0.2758 -0.9612
vn -0.4440 0.0184 -0.8958
vn -0.4390 0.0438 -0.8974
vn -0.5696 0.4304 -0.7002
vn -0.5653 0.5382 -0.6251
vn -0.2548 0.9407 -0.2242
vn -0.1363 0.9701 -0.2006
vn -0.0810 0.7285 -0.6803
vn -0.0508 0.5776 -0.8148
vn -0.0329 0.5836 -0.8114
vn -0.0202 0.5833 -0.8120
vn -0.0000 0.5118 -0.8591
vn -0.0000 0.5923 -0.8057
vn 0.0202 0.5833 -0.8120
vn -0.0000 0.7372 -0.6757
vn 0.0246 0.7408 -0.6713
vn -0.0000 0.9577 -0.2879
vn 0.0381 0.9620 -0.2704
vn 0.0481 0.7410 -0.6698
vn 0.0842 0.9679 -0.2368
vn 0.0810 0.7285 -0.6803
vn 0.1363 0.9701 -0.2006
vn 0.1235 0.7034 -0.7000
vn 0.2548 0.9406 -0.2242
vn 0.1685 0.6583 -0.7337
vn 0.4355 0.8539 -0.2851
vn 0.0875 0.5534 -0.8283
vn 0.0524 0.4966 -0.8664
vn 0.5653 0.5381 -0.6252
vn 0.0138 0.3923 -0.9197
vn 0.5649 0.4333 -0.7023
vn -0.0010 0.2758 -0.9612
vn -0.0080 0.1731 -0.9849
vn -0.0015 0.0941 -0.9956
vn 0.0110 0.0439 -0.9990
vn 0.4390 0.0438 -0.8974
vn 0.0491 0.0192 -0.9986
vn 0.4440 0.0184 -0.8958
vn 0.4490 0.0176 -0.8934
vn 0.0542 0.0173 -0.9984
vn 0.1481 0.4090 -0.9004
vn 0.0255 0.0267 -0.9993
vn 0.0934 0.4663 -0.8797
vn 0.0097 0.0277 -0.9996
vn 0.0506 0.4756 -0.8782
vn 0.0234 0.4563 -0.8895
vn -0.0000 0.4759 -0.8795
vn -0.0234 0.4563 -0.8895
vn -0.0506 0.4756 -0.8782
vn -0.0934 0.4663 -0.8797
vn -0.1485 0.4093 -0.9002
vn -0.6098 0.0327 -0.7919
vn -0.6253 0.0309 -0.7798
vn -0.4854 0.0406 -0.8734
vn -0.6297 0.0545 -0.7749
vn -0.5030 0.0998 -0.8585
vn -0.5150 0.1605 -0.8420
vn -0.6293 0.0950 -0.7714
vn -0.6023 0.1304 -0.7876
vn -0.5397 -0.0504 -0.8404
vn -0.0286 -0.0365 -0.9989
vn -0.0000 -0.0354 -0.9994
vn 0.0269 -0.0343 -0.9990
vn 0.6023 0.1304 -0.7876
vn 0.5150 0.1605 -0.8420
vn 0.6293 0.0950 -0.7714
vn 0.6297 0.0545 -0.7749
vn 0.5030 0.0998 -0.8585
vn 0.4853 0.0406 -0.8734
vn 0.6253 0.0309 -0.7798
vn 0.6098 0.0327 -0.7919
vn 0.1660 0.4672 -0.8684
vn -0.0842 0.9679 -0.2368
vn -0.0246 0.7408 -0.6713
vn -0.0481 0.7410 -0.6698
vn -0.0381 0.9620 -0.2704
vn 0.0947 0.4879 -0.8678
vn 0.0494 0.3935 -0.9180
vn 0.1435 0.2570 -0.9557
vn 0.0109 0.1757 -0.9844
vn 0.1645 0.1731 -0.9711
vn 0.0133 0.0977 -0.9951
vn 0.1584 0.0994 -0.9824
vn 0.1580 0.0325 -0.9869
vn 0.0319 0.0477 -0.9984
vn 0.0256 0.0267 -0.9993
vn 0.0085 0.0485 -0.9988
vn 0.0191 0.0935 -0.9954
vn 0.0222 0.1737 -0.9845
vn 0.0292 0.1746 -0.9842
vn 0.0327 0.2786 -0.9599
vn 0.0331 0.2798 -0.9595
vn 0.0396 0.3819 -0.9234
vn 0.0184 0.2663 -0.9637
vn 0.0288 0.3761 -0.9261
vn 0.1583 0.3645 -0.9176
vn 0.0290 0.4683 -0.8831
vn 0.0329 0.5836 -0.8114
vn 0.0508 0.5776 -0.8148
vn 0.0693 0.5720 -0.8173
vn 0.1178 0.5602 -0.8199
vn 0.0695 0.4737 -0.8779
vn 0.0301 0.0949 -0.9950
vn -0.0183 -0.0401 -0.9990
vn -0.6060 -0.1616 -0.7789
vn -0.0139 -0.1838 -0.9829
vn -0.0107 -0.5488 -0.8359
vn -0.0000 -0.5687 -0.8226
vn -0.0000 -0.2059 -0.9786
vn 0.0139 -0.1838 -0.9829
vn -0.0000 -0.0438 -0.9990
vn 0.0160 -0.0426 -0.9990
vn -0.5590 -0.4397 -0.7030
vn 0.0107 -0.5488 -0.8359
vn 0.5591 -0.4396 -0.7029
vn 0.6060 -0.1616 -0.7789
vn -0.3657 -0.9285 -0.0650
vn -0.6965 -0.6976 -0.1679
vn -0.6775 -0.6716 -0.2998
vn -0.0437 -0.8372 -0.5452
vn 0.2550 0.9408 -0.2231
vn 0.4355 0.8539 -0.2850
vn -0.0000 -0.9311 -0.3649
vn -0.0003 -0.7878 -0.6160
vn 0.0387 -0.8347 -0.5494
vn 0.6783 -0.6715 -0.2983
vn -0.6783 -0.6714 -0.2984
vn -0.0430 -0.8366 -0.5461
vn 0.2233 -0.9364 -0.2706
vn 0.1208 -0.9384 -0.3237
vn 0.0306 -0.9317 -0.3619
vn -0.0327 -0.9357 -0.3512
vn -0.1220 -0.9537 -0.2750
vn -0.2519 -0.9590 -0.1296
vn -0.3678 -0.9276 -0.0648
vn 0.3678 -0.9276 -0.0648
vn 0.2519 -0.9590 -0.1296
vn 0.1220 -0.9537 -0.2750
vn 0.0327 -0.9357 -0.3512
vn -0.0306 -0.9317 -0.3619
vn -0.1208 -0.9384 -0.3237
vn -0.2233 -0.9364 -0.2706
vn -0.0000 -0.9276 -0.3736
vn 0.2770 -0.9163 -0.2894
vn 0.0407 -0.9192 -0.3918
vn 0.1602 -0.8984 -0.4090
vn -0.2770 -0.9163 -0.2894
vn -0.0245 -0.9237 -0.3823
vn -0.1722 -0.9099 -0.3773
vn 0.8962 0.4421 0.0371
vn 0.8956 0.4290 -0.1175
vn 0.9869 0.0653 0.1474
vn 0.8631 0.4743 -0.1732
vn -0.8075 -0.5822 -0.0948
vn -0.9869 0.0653 0.1474
vn -0.9112 -0.4058 0.0709
vn -0.8793 -0.4158 0.2323
vn -0.8962 0.4421 0.0371
vn -0.5783 -0.3769 0.7236
vn -0.7172 0.5234 0.4601
vn -0.1757 -0.3809 0.9078
vn -0.0000 -0.3531 0.9356
vn 0.1757 -0.3809 0.9078
vn 0.5783 -0.3769 0.7235
vn 0.7167 0.5235 0.4607
vn 0.8793 -0.4157 0.2324
vn 0.9112 -0.4058 0.0709
vn -0.8956 0.4290 -0.1175
vn -0.8631 0.4743 -0.1732
vn 0.8813 -0.1789 -0.4373
vn 0.3818 -0.7748 -0.5038
vn 0.4931 -0.1092 -0.8631
vn -0.0017 -0.7067 -0.7075
vn -0.0016 -0.1426 -0.9898
vn -0.3703 -0.7907 -0.4874
vn -0.5243 -0.1797 -0.8323
vn -0.5879 -0.7920 -0.1645
vn -0.8677 -0.2886 -0.4047
vn -0.7104 -0.6754 0.1978
vn -0.9839 -0.1370 0.1149
vn -0.5296 -0.6654 0.5261
vn -0.7647 -0.2575 0.5907
vn -0.2933 -0.5668 0.7699
vn -0.4109 -0.1609 0.8974
vn -0.0004 -0.4152 0.9097
vn -0.0000 -0.1240 0.9923
vn 0.3272 -0.5387 0.7764
vn 0.4117 -0.1194 0.9035
vn 0.5704 -0.6264 0.5314
vn 0.7791 -0.1783 0.6010
vn 0.6659 -0.7169 0.2064
vn 0.9625 -0.2353 0.1348
vn 0.6322 -0.7553 -0.1728
vn -0.3333 -0.7065 -0.6243
vn -0.0000 -0.7749 -0.6320
vn -0.6844 -0.6954 -0.2192
vn -0.0000 -0.9854 0.1703
vn -0.6185 -0.7667 0.1720
vn -0.5818 -0.6840 0.4400
vn -0.0000 -0.8925 0.4511
vn -0.5394 -0.5578 0.6308
vn -0.0000 -0.5271 0.8498
vn -0.2278 -0.4918 0.8404
vn 0.2277 -0.4918 0.8404
vn 0.5394 -0.5578 0.6308
vn 0.5818 -0.6840 0.4400
vn 0.6185 -0.7667 0.1720
vn 0.6844 -0.6954 -0.2192
vn 0.3333 -0.7065 -0.6243
vn 0.0004 -0.4152 0.9097
vn -0.3272 -0.5387 0.7764
vn 0.2933 -0.5668 0.7699
vn -0.5704 -0.6264 0.5314
vn 0.5296 -0.6654 0.5261
vn 0.7104 -0.6754 0.1978
vn -0.6659 -0.7169 0.2064
vn -0.6322 -0.7553 -0.1728
vn 0.5879 -0.7920 -0.1645
vn -0.3818 -0.7748 -0.5038
vn 0.3703 -0.7907 -0.4874
vn 0.0017 -0.7067 -0.7075
vn 0.5319 -0.7941 -0.2941
vn 0.5230 -0.8349 0.1715
vn 0.2936 -0.8330 -0.4689
vn 0.3266 -0.8826 0.3382
vn 0.1911 -0.8176 -0.5432
vn 0.2231 -0.8554 0.4674
vn 0.0443 -0.8236 -0.5654
vn 0.0366 -0.8723 0.4876
vn -0.0969 -0.8412 0.5320
vn -0.0847 -0.8247 -0.5592
vn -0.3620 -0.7871 -0.4994
vn -0.3932 -0.8179 0.4200
vn -0.5330 -0.8201 -0.2081
vn -0.5482 -0.8301 0.1020
vn -0.0743 -0.9852 -0.1544
vn -0.1780 -0.8883 -0.4233
vn -0.0000 -0.9371 0.3492
vn -0.3020 -0.8615 -0.4081
vn -0.3400 -0.9218 -0.1861
vn -0.0000 -0.9223 -0.3864
vn 0.3392 -0.9224 -0.1848
vn -0.0575 -0.9446 -0.3233
vn 0.1957 -0.9574 -0.2125
vn 0.0620 -0.9487 -0.3100
vn -0.2102 -0.9558 -0.2057
vn 0.3020 -0.8615 -0.4081
vn 0.1780 -0.8883 -0.4233
vn 0.0742 -0.9852 -0.1544
vn 0.6975 -0.6991 -0.1571
vn 0.9698 -0.2296 0.0826
vn 0.6786 -0.6950 -0.2377
vn 0.1063 0.0607 0.9925
vn 0.7081 -0.2623 0.6555
vn 0.6722 -0.7377 -0.0622
vn 0.0397 -0.8350 -0.5488
vn 0.6923 -0.7034 -0.1612
vn 0.6777 -0.6726 -0.2972
vn 0.3657 -0.9285 -0.0650
vn -0.2142 0.2053 0.9550
vn -0.6792 -0.7306 -0.0701
vn 0.3648 -0.9310 0.0103
vn -0.6838 -0.7257 -0.0761
vn -0.6583 -0.7341 -0.1665
vn 0.2433 -0.9661 0.0869
vn 0.1334 -0.9807 0.1428
vn -0.5870 -0.7061 -0.3960
vn 0.0335 -0.9783 0.2044
vn -0.0044 -0.8918 -0.4525
vn -0.0107 -0.5506 -0.8347
vn -0.0000 -0.8928 -0.4504
vn -0.0000 -0.5706 -0.8213
vn 0.0107 -0.5506 -0.8347
vn 0.0044 -0.8918 -0.4525
vn 0.5870 -0.7061 -0.3960
vn -0.0335 -0.9783 0.2044
vn -0.1334 -0.9807 0.1428
vn 0.5591 -0.4386 -0.7036
vn -0.5591 -0.4386 -0.7036
vn -0.0000 -0.9660 0.2587
vn -0.3648 -0.9310 0.0103
vn 0.6731 -0.7370 -0.0621
vn 0.6788 -0.7297 -0.0826
vn 0.6583 -0.7341 -0.1665
vn -0.2433 -0.9661 0.0869
vn -0.3637 -0.8716 0.3286
vn -0.6850 -0.6020 0.4103
vn 0.0875 -0.9938 -0.0691
vn -0.3740 -0.6518 0.6598
vn 0.0279 -0.9707 -0.2386
vn 0.3558 -0.9264 -0.1236
vn -0.3151 -0.9420 -0.1159
vn 0.3962 -0.6556 0.6428
vn -0.2132 -0.9662 -0.1447
vn -0.0774 -0.9942 -0.0752
vn 0.6943 -0.6378 0.3333
vn -0.6939 -0.7037 -0.1530
vn -0.9716 -0.2241 0.0760
vn 0.6920 -0.0916 0.7161
vn -0.7071 -0.2462 0.6628
vn -0.6784 -0.7313 -0.0700
vn -0.6948 -0.6373 0.3334
vn 0.0774 -0.9942 -0.0752
vn -0.3958 -0.6555 0.6432
vn 0.2132 -0.9662 -0.1447
vn 0.3244 -0.9389 -0.1152
vn -0.3643 -0.9230 -0.1238
vn 0.3735 -0.6517 0.6602
vn -0.0278 -0.9707 -0.2386
vn -0.0880 -0.9937 -0.0692
vn 0.6850 -0.6020 0.4103
vn 0.3642 -0.8714 0.3288
vn 0.0018 0.0252 -0.9997
vn -0.0000 0.1010 -0.9949
vn -0.0000 0.1779 -0.9841
vn -0.0000 0.2618 -0.9651
vn -0.0000 0.3733 -0.9277
vn -0.0000 0.4875 -0.8731
vn 0.1940 -0.9578 -0.2119
vn 0.3401 -0.9220 -0.1852
vn 0.0741 -0.9854 -0.1534
vn -0.0023 -0.9833 -0.1817
vn 0.0065 -0.9956 -0.0939
vn 0.0286 -0.9990 0.0334
vn -0.0061 -0.9972 -0.0748
vn 0.0424 -0.9937 -0.1034
vn 0.0616 -0.9980 0.0108
vn 0.0104 -0.9968 0.0791
vn 0.0099 -0.9979 0.0646
vn 0.0051 -0.9999 -0.0159
vn 0.0424 -0.9981 0.0446
vn 0.0055 -0.9999 -0.0150
vn 0.0099 -0.9978 0.0657
vn 0.0103 -0.9967 0.0801
vn 0.0617 -0.9980 0.0106
vn 0.0425 -0.9937 -0.1035
vn -0.0059 -0.9972 -0.0747
vn 0.0288 -0.9990 0.0334
vn 0.0062 -0.9955 -0.0949
vn -0.0023 -0.9833 -0.1818
vn 0.0023 -0.9833 -0.1818
vn -0.0064 -0.9955 -0.0949
vn -0.0286 -0.9990 0.0336
vn 0.0059 -0.9972 -0.0749
vn -0.0425 -0.9937 -0.1035
vn -0.0618 -0.9980 0.0106
vn -0.0101 -0.9967 0.0801
vn -0.0098 -0.9978 0.0658
vn -0.0055 -0.9999 -0.0150
vn -0.0430 -0.9980 0.0454
vn 0.0431 -0.9980 0.0454
vn 0.0381 0.9626 -0.2683
vn -0.0000 0.9583 -0.2857
vn 0.5482 -0.8301 0.1020
vn 0.3932 -0.8179 0.4200
vn 0.5330 -0.8201 -0.2081
vn 0.3620 -0.7871 -0.4994
vn 0.0969 -0.8412 0.5320
vn 0.0847 -0.8247 -0.5592
vn -0.0443 -0.8236 -0.5654
vn -0.0366 -0.8723 0.4876
vn -0.2231 -0.8554 0.4674
vn -0.1911 -0.8176 -0.5432
vn -0.3266 -0.8826 0.3382
vn -0.2936 -0.8330 -0.4689
vn -0.5209 -0.8359 0.1733
vn -0.5295 -0.7949 -0.2961
vn 0.9771 -0.1656 0.1339
vn 0.9430 -0.1609 0.2914
vn 0.7161 -0.2292 0.6593
vn 0.2881 -0.2040 0.9356
vn -0.0000 -0.1644 0.9864
vn -0.2881 -0.2040 0.9356
vn -0.7161 -0.2292 0.6593
vn -0.9430 -0.1609 0.2914
vn -0.9771 -0.1656 0.1339
vn -0.9408 -0.1882 -0.2819
vn -0.4083 -0.1555 -0.8995
vn -0.0000 -0.1644 -0.9864
vn 0.4083 -0.1555 -0.8995
vn 0.9408 -0.1882 -0.2819
vn 0.5076 0.1357 -0.8509
vn 0.1470 0.1827 -0.9721
vn -0.1421 0.1727 -0.9747
vn -0.5222 0.1273 -0.8432
vn -0.8279 0.0706 -0.5565
vn -0.9330 0.0274 -0.3588
vn -0.7866 0.1129 -0.6071
vn -0.2464 0.2854 -0.9262
vn -0.0295 0.3145 -0.9488
vn 0.0287 0.3198 -0.9471
vn 0.0521 0.3047 -0.9510
vn 0.1893 0.2728 -0.9433
vn 0.8278 0.0583 -0.5580
vn 0.7725 0.1136 -0.6247
vn 0.9076 0.0295 -0.4189
vn 0.0023 -0.9833 -0.1817
vn -0.0741 -0.9854 -0.1534
vn -0.3409 -0.9214 -0.1865
vn -0.2092 -0.9558 -0.2064
vn -0.0424 -0.9981 0.0446
vn -0.0051 -0.9999 -0.0159
vn -0.0098 -0.9979 0.0646
vn -0.0102 -0.9968 0.0791
vn -0.0616 -0.9980 0.0110
vn -0.0423 -0.9937 -0.1034
vn 0.0060 -0.9972 -0.0749
vn -0.0286 -0.9990 0.0333
vn -0.0065 -0.9956 -0.0939
vn -0.8813 -0.1789 -0.4373
vn -0.9625 -0.2353 0.1348
vn -0.7791 -0.1783 0.6010
vn -0.4117 -0.1194 0.9035
vn 0.4109 -0.1609 0.8974
vn 0.7647 -0.2575 0.5907
vn 0.9839 -0.1370 0.1149
vn 0.8677 -0.2886 -0.4047
vn 0.5243 -0.1797 -0.8323
vn 0.0016 -0.1426 -0.9898
vn -0.4931 -0.1092 -0.8631
vn -0.0521 0.3047 -0.9510
vn -0.0287 0.3198 -0.9471
vn -0.1470 0.1827 -0.9721
vn 0.1421 0.1727 -0.9747
vn 0.0295 0.3145 -0.9488
vn 0.2464 0.2854 -0.9262
vn 0.5222 0.1273 -0.8432
vn 0.7866 0.1129 -0.6071
vn 0.8279 0.0706 -0.5565
vn 0.9330 0.0274 -0.3588
vn -0.5076 0.1357 -0.8509
vn -0.8278 0.0583 -0.5580
vn -0.9076 0.0295 -0.4189
vn -0.7725 0.1136 -0.6247
vn -0.1893 0.2728 -0.9433
vn 0.8144 -0.5508 0.1826
vn 0.7712 -0.5533 0.3148
vn 0.8608 -0.2396 0.4490
vn 0.8142 -0.2295 0.5333
vn -0.8341 -0.1373 -0.5343
vn -0.8166 0.2145 -0.5359
vn -0.9603 -0.2550 -0.1127
vn -0.8965 0.4386 -0.0627
vn -0.7327 0.5536 0.3958
vn -0.4847 0.5902 -0.6456
vn 0.8756 0.0439 -0.4810
vn 0.8784 0.1071 -0.4658
vn 0.8136 -0.5526 0.1807
vn 0.8783 0.1068 -0.4661
vn 0.8425 -0.1181 -0.5256
vn 0.5249 0.0672 -0.8485
vn 0.5421 -0.3768 -0.7511
vn 0.3743 -0.6335 -0.6772
vn 0.6322 -0.2776 -0.7233
vn 0.5224 -0.6225 -0.5827
vn 0.3735 -0.6355 -0.6757
vn 0.1175 -0.7390 -0.6634
vn 0.5229 -0.6227 -0.5821
vn 0.1990 -0.8187 -0.5386
vn -0.1233 -0.2919 -0.9485
vn -0.1234 -0.2920 -0.9484
vn -0.0866 -0.2487 -0.9647
vn 0.4234 0.8962 -0.1328
vn 0.7822 0.2258 0.5807
vn -0.0055 0.9963 0.0863
vn 0.3382 0.3275 0.8823
vn 0.0079 0.5653 -0.8249
vn 0.9475 -0.0871 -0.3077
vn 0.4253 0.8950 -0.1347
vn 0.7836 0.2252 0.5790
vn -0.2723 0.6215 -0.7346
vn -0.4568 0.5814 -0.6733
vn -0.4569 0.5815 -0.6731
vn -0.2377 0.2911 -0.9267
vn -0.7651 -0.4647 0.4457
vn -0.4882 -0.5228 -0.6988
vn -0.9600 -0.2561 -0.1128
vn -0.8335 -0.1393 -0.5347
vn -0.7719 -0.5523 0.3149
vn -0.5488 -0.6917 -0.4694
vn -0.8137 -0.5526 0.1806
vn -0.8425 -0.1181 -0.5256
vn -0.8142 -0.2289 0.5336
vn -0.8608 -0.2396 0.4490
vn -0.8144 -0.5508 0.1826
vn -0.8784 0.1070 -0.4658
vn -0.8756 0.0439 -0.4810
vn -0.5249 0.0674 -0.8485
vn -0.8783 0.1068 -0.4661
vn -0.6324 -0.2780 -0.7231
vn -0.5417 -0.3746 -0.7525
vn -0.5975 0.2598 -0.7586
vn -0.5281 0.0590 -0.8471
vn -0.2433 0.5171 -0.8206
vn -0.2266 0.4030 -0.8867
vn -0.5224 -0.6225 -0.5827
vn -0.3743 -0.6335 -0.6772
vn -0.6328 -0.2765 -0.7233
vn -0.5421 -0.3768 -0.7511
vn -0.1995 -0.8183 -0.5390
vn -0.1176 -0.7390 -0.6634
vn -0.5237 -0.6221 -0.5820
vn -0.3735 -0.6355 -0.6757
vn 0.1233 -0.2919 -0.9485
vn 0.1338 -0.3282 -0.9351
vn 0.0866 -0.2487 -0.9647
vn 0.1234 -0.2920 -0.9484
vn -0.3383 0.3275 0.8822
vn -0.7822 0.2258 0.5807
vn 0.0055 0.9963 0.0863
vn -0.4234 0.8962 -0.1328
vn -0.7836 0.2252 0.5790
vn -0.9475 -0.0863 -0.3080
vn -0.4253 0.8950 -0.1347
vn -0.0079 0.5653 -0.8249
vn 0.4568 0.5815 -0.6732
vn 0.2725 0.6210 -0.7349
vn 0.2379 0.2906 -0.9268
vn 0.4569 0.5815 -0.6731
vn 0.8335 -0.1393 -0.5347
vn 0.4872 -0.5229 -0.6995
vn 0.9600 -0.2561 -0.1128
vn 0.7647 -0.4648 0.4463
vn 0.5477 -0.6922 -0.4700
vn 0.7720 -0.5556 0.3087
vn 0.5417 -0.3746 -0.7525
vn -0.0972 -0.3196 -0.9425
vn 0.5281 0.0590 -0.8471
vn 0.2266 0.4030 -0.8867
vn 0.0974 -0.3197 -0.9425
vn 0.8341 -0.1373 -0.5343
vn 0.9604 -0.2550 -0.1127
vn 0.8169 0.2143 -0.5355
vn 0.8965 0.4386 -0.0627
vn 0.7330 0.5537 0.3952
vn 0.4847 0.5902 -0.6455
vn 0.8162 0.2124 -0.5373
vn 0.4855 0.5911 -0.6441
vn 0.6296 0.0395 -0.7759
vn 0.6302 0.0301 -0.7758
vn 0.8415 -0.1167 -0.5275
vn 0.5487 -0.6909 -0.4708
vn 0.5249 0.0674 -0.8485
vn 0.6089 0.0327 -0.7926
vn 0.4880 -0.5240 -0.6980
vn 0.8336 -0.1370 -0.5352
vn 0.6379 0.0939 -0.7643
vn 0.6004 0.1284 -0.7894
vn 0.6111 0.7808 -0.1300
vn 0.8709 0.1333 -0.4730
vn 0.8613 -0.2366 0.4496
vn 0.8142 -0.2301 0.5331
vn 0.8331 -0.0240 0.5527
vn 0.8312 0.0185 0.5557
vn 0.8314 0.0413 0.5541
vn 0.7318 0.5554 0.3950
vn 0.8827 0.0201 -0.4696
vn 0.8963 0.0112 -0.4433
vn 0.8913 0.0109 -0.4533
vn 0.8913 0.0073 -0.4533
vn 0.8756 0.0440 -0.4810
vn 0.7655 -0.4633 0.4464
vn 0.8521 0.2755 0.4451
vn 0.8408 0.2664 0.4712
vn 0.8324 0.3615 0.4202
vn 0.8376 0.3545 0.4156
vn 0.8721 0.1337 -0.4706
vn 0.6114 0.7810 -0.1275
vn -0.8172 0.2128 -0.5357
vn -0.8336 -0.1370 -0.5352
vn -0.6379 0.0939 -0.7643
vn -0.6292 0.0950 -0.7714
vn -0.6004 0.1284 -0.7894
vn -0.8709 0.1333 -0.4730
vn 0.2439 0.5166 -0.8208
vn 0.5975 0.2599 -0.7586
vn 0.6324 -0.2780 -0.7231
vn -0.2431 0.5170 -0.8208
vn -0.2238 0.4036 -0.8871
vn -0.0555 0.5412 -0.8390
vn -0.0517 0.5038 -0.8623
vn -0.0000 0.5335 -0.8458
vn -0.0000 0.5108 -0.8597
vn 0.0517 0.5038 -0.8623
vn 0.0555 0.5412 -0.8390
vn 0.2238 0.4036 -0.8871
vn 0.2439 0.5169 -0.8206
vn 0.0347 -0.3809 -0.9240
vn -0.0347 -0.3809 -0.9240
vn -0.6103 0.7818 -0.1277
vn -0.8721 0.1337 -0.4706
vn -0.8324 0.3614 0.4202
vn -0.8521 0.2755 0.4451
vn -0.7643 -0.4649 0.4469
vn -0.9604 -0.2550 -0.1127
vn -0.8613 -0.2366 0.4496
vn -0.8331 -0.0240 0.5527
vn -0.8144 -0.2292 0.5331
vn -0.8312 0.0185 0.5557
vn -0.8314 0.0413 0.5541
vn -0.7325 0.5545 0.3949
vn -0.4880 -0.5240 -0.6980
vn -0.6111 0.7808 -0.1300
vn -0.8162 0.2124 -0.5374
vn -0.6296 0.0395 -0.7759
vn -0.4848 0.5916 -0.6442
vn -0.6302 0.0301 -0.7758
vn -0.8415 -0.1168 -0.5275
vn -0.5478 -0.6915 -0.4708
vn -0.8756 0.0440 -0.4810
vn -0.8913 0.0073 -0.4533
vn -0.8913 0.0109 -0.4533
vn -0.8963 0.0112 -0.4433
vn -0.8826 0.0202 -0.4696
vn -0.2726 0.6207 -0.7352
vn -0.0082 0.9961 0.0877
vn -0.1792 0.6912 -0.7001
vn -0.1718 0.9489 0.2649
vn -0.0829 0.9628 0.2573
vn -0.0841 0.7146 -0.6945
vn -0.0000 0.9513 0.3081
vn -0.0000 0.7428 -0.6696
vn 0.0841 0.7146 -0.6945
vn 0.0829 0.9628 0.2573
vn 0.1792 0.6912 -0.7001
vn 0.1718 0.9489 0.2649
vn 0.0083 0.9961 0.0877
vn -0.6297 0.0544 -0.7749
vn -0.6089 0.0327 -0.7926
vn -0.0072 0.5644 -0.8255
vn 0.1484 0.4100 -0.8999
vn 0.1322 0.3488 -0.9278
vn 0.0951 0.4107 -0.9068
vn 0.0471 0.4240 -0.9044
vn 0.0240 0.4054 -0.9138
vn -0.0000 0.4445 -0.8958
vn -0.0240 0.4054 -0.9138
vn -0.0471 0.4240 -0.9044
vn -0.0951 0.4107 -0.9068
vn -0.1322 0.3488 -0.9278
vn -0.1488 0.4102 -0.8998
vn 0.0073 0.5644 -0.8255
vn 0.8172 0.2127 -0.5357
vn 0.6297 0.0553 -0.7749
vn 0.6292 0.0950 -0.7714
vn 0.9474 -0.0864 -0.3080
vn 0.0342 -0.2022 -0.9787
vn 0.0061 -0.1228 -0.9924
vn -0.0000 -0.0840 -0.9965
vn -0.0061 -0.1228 -0.9924
vn -0.0342 -0.2022 -0.9787
vn -0.8826 0.0205 -0.4697
vn -0.8709 0.0108 -0.4914
vn 0.8826 0.0205 -0.4697
vn 0.8709 0.0108 -0.4914
vn 1.0000 -0.0000 -0.0000
vn 0.7267 -0.0000 -0.6870
vn 0.0121 -0.0000 -0.9999
vn -0.7183 -0.0000 -0.6957
vn -1.0000 -0.0000 -0.0000
vn -0.6994 -0.0000 0.7148
vn 0.0109 -0.0000 0.9999
vn 0.7071 -0.0000 0.7071
vn 0.3362 0.3277 0.8829
vn -0.0163 0.3360 0.9417
vn -0.0162 0.3477 0.9375
vn -0.0000 0.3494 0.9370
vn 0.0162 0.3477 0.9375
vn 0.0163 0.3360 0.9417
vn -0.3362 0.3277 0.8829
vn -0.0867 -0.2487 -0.9647
vn -0.0278 -0.2524 -0.9672
vn 0.1153 -0.7400 -0.6626
vn -0.0113 -0.7957 -0.6056
vn -0.0000 -0.2518 -0.9678
vn -0.0000 -0.7971 -0.6039
vn 0.0113 -0.7957 -0.6056
vn 0.0278 -0.2524 -0.9672
vn -0.1153 -0.7400 -0.6626
vn 0.1990 -0.8183 -0.5392
vn -0.2000 -0.8183 -0.5388
vt 0.991471 0.755317
vt 0.999268 0.997884
vt 0.920808 0.986431
vt 0.914473 0.753854
vt 0.976364 0.511209
vt 0.834552 0.979122
vt 0.903996 0.518696
vt 0.831384 0.753611
vt 0.749878 0.976685
vt 0.749878 0.753367
vt 0.826510 0.524856
vt 0.749878 0.526958
vt 0.673368 0.524856
vt 0.668373 0.753611
vt 0.665327 0.979122
vt 0.585344 0.753854
vt 0.579070 0.986431
vt 0.595761 0.518696
vt 0.523591 0.511209
vt 0.508468 0.755317
vt 0.500488 0.997884
vt 0.012404 0.498618
vt 0.012426 0.494390
vt 0.014479 0.495842
vt 0.012526 0.487445
vt 0.014550 0.487581
vt 0.012505 0.488025
vt 0.014565 0.488225
vt 0.014572 0.491601
vt 0.014586 0.494984
vt 0.014572 0.495471
vt 0.013198 0.485800
vt 0.012934 0.488869
vt 0.013942 0.489763
vt 0.012598 0.492631
vt 0.014464 0.493017
vt 0.012540 0.493604
vt 0.014529 0.493740
vt 0.012755 0.485929
vt 0.012519 0.486351
vt 0.014550 0.487717
vt 0.014650 0.488032
vt 0.012347 0.489527
vt 0.014700 0.489555
vt 0.014700 0.492431
vt 0.012311 0.492431
vt 0.012347 0.495335
vt 0.014700 0.495306
vt 0.014650 0.496830
vt 0.012519 0.498510
vt 0.014550 0.497144
vt 0.012755 0.498932
vt 0.000846 0.484963
vt 0.000846 0.499512
vt 0.011611 0.484963
vt 0.011611 0.499512
vt 0.004365 0.492066
vt 0.000710 0.492989
vt 0.004365 0.492989
vt 0.000710 0.492066
vt 0.000710 0.491136
vt 0.004365 0.491136
vt 0.398391 0.853070
vt 0.380604 0.823586
vt 0.371345 0.852826
vt 0.353313 0.822124
vt 0.375243 0.822124
vt 0.378411 0.822368
vt 0.002925 0.920808
vt 0.007798 0.920808
vt 0.002925 0.901071
vt 0.007798 0.900341
vt 0.012671 0.920808
vt 0.012671 0.899853
vt 0.017545 0.920808
vt 0.017545 0.899610
vt 0.022662 0.920808
vt 0.022662 0.899853
vt 0.027535 0.920808
vt 0.027535 0.900341
vt 0.032408 0.920808
vt 0.032408 0.901071
vt 0.002925 0.863060
vt 0.002925 0.882797
vt 0.007798 0.863060
vt 0.007798 0.883771
vt 0.012671 0.863060
vt 0.012671 0.884015
vt 0.017545 0.863060
vt 0.017545 0.884259
vt 0.022662 0.863060
vt 0.022662 0.884015
vt 0.027535 0.863060
vt 0.027535 0.883771
vt 0.032408 0.863060
vt 0.032408 0.882797
vt 0.005118 0.507311
vt 0.005362 0.507554
vt 0.004874 0.513646
vt 0.005849 0.507554
vt 0.007798 0.507311
vt 0.008286 0.514134
vt 0.010722 0.507067
vt 0.010722 0.513646
vt 0.015108 0.506823
vt 0.041911 0.928118
vt 0.021687 0.931286
vt 0.041911 0.925438
vt 0.019738 0.929337
vt 0.019738 0.937621
vt 0.021687 0.935672
vt 0.041911 0.941763
vt 0.041911 0.938839
vt 0.040693 0.950779
vt 0.037769 0.950779
vt 0.040693 0.965155
vt 0.037769 0.965155
vt 0.040693 0.970028
vt 0.037769 0.970028
vt 0.037769 0.984648
vt 0.040693 0.984648
vt 0.038256 0.910331
vt 0.038256 0.892300
vt 0.041180 0.910331
vt 0.041180 0.892300
vt 0.041180 0.883041
vt 0.038256 0.883041
vt 0.041180 0.864765
vt 0.038256 0.864765
vt 0.004631 0.507554
vt 0.005118 0.506823
vt 0.007311 0.504387
vt 0.005605 0.514865
vt 0.010966 0.516814
vt 0.010722 0.504143
vt 0.015108 0.517301
vt 0.015108 0.503900
vt 0.010722 0.505849
vt 0.015108 0.505605
vt 0.007554 0.506092
vt 0.005605 0.506580
vt 0.130361 0.878654
vt 0.152291 0.878654
vt 0.130118 0.864522
vt 0.339424 0.880360
vt 0.282164 0.880360
vt 0.339424 0.877680
vt 0.282164 0.877680
vt 0.339424 0.875243
vt 0.282164 0.875243
vt 0.339424 0.872563
vt 0.282164 0.872563
vt 0.282164 0.870126
vt 0.339424 0.870126
vt 0.094786 0.890107
vt 0.095273 0.877924
vt 0.120615 0.890107
vt 0.120371 0.877924
vt 0.095517 0.860623
vt 0.119884 0.860623
vt 0.094786 0.860136
vt 0.094786 0.848196
vt 0.120615 0.860136
vt 0.120615 0.848196
vt 0.152535 0.864522
vt 0.080897 0.832846
vt 0.100390 0.836501
vt 0.106238 0.822368
vt 0.125244 0.841374
vt 0.126706 0.814815
vt 0.131336 0.813840
vt 0.131336 0.842105
vt 0.186647 0.641570
vt 0.184211 0.641570
vt 0.185429 0.717105
vt 0.190546 0.641570
vt 0.192739 0.717105
vt 0.194688 0.641570
vt 0.197125 0.641570
vt 0.197125 0.717105
vt 0.185429 0.736599
vt 0.192739 0.736599
vt 0.197125 0.736599
vt 0.006823 0.971247
vt 0.010479 0.973927
vt 0.024611 0.971247
vt 0.024611 0.973927
vt 0.010479 0.993177
vt 0.006823 0.995613
vt 0.024611 0.993177
vt 0.028509 0.995613
vt 0.028509 0.993177
vt 0.028509 0.972465
vt 0.024611 0.945175
vt 0.028509 0.945175
vt 0.038500 0.995613
vt 0.038500 0.993177
vt 0.020225 0.945175
vt 0.020225 0.969054
vt 0.006823 0.969054
vt 0.002925 0.994395
vt 0.002925 0.971247
vt 0.009991 0.997563
vt 0.031677 0.997563
vt 0.033383 0.995613
vt 0.028266 0.997563
vt 0.033383 0.993177
vt 0.032652 0.945175
vt 0.032652 0.972465
vt 0.032652 0.991714
vt 0.038500 0.991714
vt 0.241228 0.992689
vt 0.262183 0.992689
vt 0.241228 0.989521
vt 0.262183 0.989521
vt 0.276316 0.992689
vt 0.276316 0.989521
vt 0.220517 0.780458
vt 0.239766 0.777047
vt 0.220029 0.777047
vt 0.246589 0.784113
vt 0.240497 0.784113
vt 0.240985 0.780458
vt 0.247320 0.780458
vt 0.246589 0.777047
vt 0.221248 0.784113
vt 0.198343 0.586258
vt 0.159601 0.586258
vt 0.195663 0.579435
vt 0.163499 0.579192
vt 0.491958 0.707846
vt 0.495126 0.707846
vt 0.491958 0.597954
vt 0.495126 0.591375
vt 0.491958 0.591375
vt 0.483430 0.707846
vt 0.483430 0.711257
vt 0.491958 0.711257
vt 0.491958 0.588451
vt 0.483430 0.591375
vt 0.483430 0.588451
vt 0.483430 0.597954
vt 0.480019 0.707846
vt 0.480019 0.591375
vt 0.080897 0.578217
vt 0.080897 0.588207
vt 0.086989 0.578217
vt 0.086989 0.588207
vt 0.093081 0.578217
vt 0.093081 0.588207
vt 0.099172 0.578217
vt 0.099172 0.588207
vt 0.105264 0.578217
vt 0.105264 0.588207
vt 0.111355 0.578217
vt 0.111355 0.588207
vt 0.117447 0.578217
vt 0.117447 0.588207
vt 0.123538 0.578217
vt 0.123538 0.588207
vt 0.129630 0.578217
vt 0.129630 0.588207
vt 0.135722 0.578217
vt 0.135722 0.588207
vt 0.141570 0.578217
vt 0.141570 0.588207
vt 0.014134 0.975389
vt 0.020469 0.975389
vt 0.020469 0.991714
vt 0.014134 0.991714
vt 0.059211 0.897904
vt 0.086014 0.901071
vt 0.055069 0.910574
vt 0.086014 0.912280
vt 0.049952 0.948586
vt 0.086014 0.948586
vt 0.082116 0.997563
vt 0.076024 0.997563
vt 0.085040 0.991958
vt 0.045566 0.997563
vt 0.045566 0.994882
vt 0.063597 0.896685
vt 0.086014 0.898635
vt 0.085527 0.892787
vt 0.071395 0.890838
vt 0.071395 0.873781
vt 0.084552 0.882310
vt 0.083821 0.870857
vt 0.063597 0.866715
vt 0.089426 0.875243
vt 0.089669 0.878167
vt 0.089669 0.882310
vt 0.090157 0.886452
vt 0.090400 0.889863
vt 0.090887 0.893031
vt 0.091375 0.894980
vt 0.092593 0.896929
vt 0.093568 0.897660
vt 0.094299 0.898879
vt 0.089182 0.871588
vt 0.087720 0.869395
vt 0.081141 0.865984
vt 0.059211 0.867202
vt 0.061648 0.863547
vt 0.052389 0.863547
vt 0.045566 0.867202
vt 0.045566 0.863304
vt 0.094299 0.912280
vt 0.094543 0.938108
vt 0.094543 0.950048
vt 0.059211 0.873050
vt 0.053363 0.898148
vt 0.053363 0.874999
vt 0.045566 0.898148
vt 0.045566 0.874756
vt 0.045566 0.871345
vt 0.045566 0.913011
vt 0.051658 0.910574
vt 0.045566 0.910574
vt 0.045566 0.948586
vt 0.010722 0.517301
vt 0.005605 0.515595
vt 0.015108 0.513159
vt 0.008042 0.892056
vt 0.012915 0.894005
vt 0.012915 0.892056
vt 0.017545 0.893518
vt 0.017545 0.892056
vt 0.022418 0.894005
vt 0.022174 0.892056
vt 0.027291 0.894249
vt 0.032408 0.894736
vt 0.032408 0.892056
vt 0.027291 0.892056
vt 0.032408 0.889132
vt 0.027291 0.889619
vt 0.022418 0.889863
vt 0.017545 0.890350
vt 0.012915 0.889863
vt 0.008042 0.889619
vt 0.002925 0.889132
vt 0.002925 0.892056
vt 0.008042 0.894249
vt 0.002925 0.894736
vt 0.182262 0.785331
vt 0.202729 0.784844
vt 0.180068 0.779483
vt 0.202242 0.779240
vt 0.202485 0.776072
vt 0.178607 0.776316
vt 0.202485 0.775097
vt 0.178607 0.775341
vt 0.203948 0.784844
vt 0.203948 0.779727
vt 0.203948 0.776803
vt 0.203948 0.775828
vt 0.203460 0.775341
vt 0.203217 0.780458
vt 0.203948 0.780214
vt 0.202973 0.783869
vt 0.203948 0.783138
vt 0.202729 0.784600
vt 0.203704 0.784113
vt 0.180312 0.775828
vt 0.183967 0.780945
vt 0.191033 0.783869
vt 0.193957 0.784844
vt 0.094543 0.950779
vt 0.094543 0.951266
vt 0.086501 0.950292
vt 0.094543 0.951754
vt 0.094543 0.952485
vt 0.094543 0.954434
vt 0.089669 0.956627
vt 0.094299 0.956871
vt 0.094299 0.959794
vt 0.090157 0.966130
vt 0.094055 0.965155
vt 0.093812 0.970272
vt 0.088451 0.977338
vt 0.093568 0.973196
vt 0.093568 0.975632
vt 0.086258 0.985623
vt 0.093081 0.978313
vt 0.092593 0.980749
vt 0.092837 0.982943
vt 0.094543 0.983917
vt 0.091618 0.997563
vt 0.065790 0.985623
vt 0.075293 0.977338
vt 0.075293 0.956627
vt 0.065790 0.950292
vt 0.179094 0.775828
vt 0.181530 0.780214
vt 0.188597 0.783138
vt 0.191277 0.784113
vt 0.182505 0.785331
vt 0.180312 0.779971
vt 0.178850 0.777047
vt 0.178607 0.776072
vt 0.365496 0.627924
vt 0.333333 0.641813
vt 0.368421 0.628412
vt 0.369882 0.630605
vt 0.331384 0.644250
vt 0.373050 0.652778
vt 0.331140 0.659357
vt 0.331140 0.681287
vt 0.374756 0.681287
vt 0.373050 0.710039
vt 0.331140 0.703460
vt 0.331384 0.718567
vt 0.369882 0.732212
vt 0.333333 0.721004
vt 0.368421 0.734406
vt 0.365496 0.734893
vt 0.478313 0.512915
vt 0.472709 0.512915
vt 0.484892 0.501950
vt 0.484892 0.512915
vt 0.491714 0.512915
vt 0.497319 0.512915
vt 0.326998 0.851364
vt 0.330653 0.851608
vt 0.327241 0.822612
vt 0.331140 0.822368
vt 0.155946 0.953946
vt 0.160088 0.959794
vt 0.166911 0.950292
vt 0.166911 0.961988
vt 0.173733 0.959794
vt 0.178119 0.953946
vt 0.178119 0.946880
vt 0.173733 0.941032
vt 0.166911 0.938596
vt 0.160088 0.940789
vt 0.155946 0.946637
vt 0.184698 0.637915
vt 0.187135 0.637915
vt 0.190546 0.625244
vt 0.190546 0.637915
vt 0.194201 0.637915
vt 0.196637 0.637915
vt 0.422027 0.902534
vt 0.437865 0.901559
vt 0.437865 0.910574
vt 0.491227 0.896442
vt 0.492202 0.906676
vt 0.474171 0.904727
vt 0.466130 0.883771
vt 0.471978 0.880604
vt 0.475145 0.887427
vt 0.477338 0.875974
vt 0.485135 0.887183
vt 0.058724 0.510479
vt 0.054338 0.504874
vt 0.038500 0.510966
vt 0.480993 0.895467
vt 0.472465 0.892544
vt 0.458820 0.887670
vt 0.458576 0.887914
vt 0.458576 0.887670
vt 0.460769 0.887670
vt 0.462231 0.885721
vt 0.462719 0.887670
vt 0.467105 0.887670
vt 0.462475 0.889132
vt 0.459794 0.883771
vt 0.450292 0.882066
vt 0.462719 0.880116
vt 0.450535 0.875243
vt 0.437865 0.880604
vt 0.437865 0.874268
vt 0.422027 0.879873
vt 0.422027 0.873781
vt 0.449804 0.887914
vt 0.458089 0.887914
vt 0.458332 0.887914
vt 0.458089 0.887670
vt 0.458332 0.887427
vt 0.449804 0.887670
vt 0.437865 0.887914
vt 0.422027 0.887914
vt 0.450292 0.893031
vt 0.459794 0.891325
vt 0.462231 0.894980
vt 0.437865 0.888157
vt 0.449804 0.888157
vt 0.422027 0.895711
vt 0.437865 0.894980
vt 0.451266 0.898879
vt 0.465886 0.900341
vt 0.465886 0.890350
vt 0.368908 0.887427
vt 0.358918 0.887183
vt 0.356481 0.875730
vt 0.379142 0.868664
vt 0.379385 0.875974
vt 0.366471 0.875974
vt 0.372076 0.880604
vt 0.377680 0.883771
vt 0.381091 0.880116
vt 0.393518 0.875243
vt 0.393031 0.868908
vt 0.406188 0.874268
vt 0.219055 0.725390
vt 0.246102 0.705166
vt 0.218323 0.705166
vt 0.246102 0.681530
vt 0.218323 0.681530
vt 0.384015 0.883771
vt 0.385233 0.886208
vt 0.384015 0.886939
vt 0.406188 0.880604
vt 0.393518 0.882066
vt 0.385233 0.889376
vt 0.393762 0.890838
vt 0.384259 0.891325
vt 0.393762 0.893031
vt 0.406188 0.892300
vt 0.406188 0.894980
vt 0.422027 0.893031
vt 0.363060 0.895467
vt 0.406188 0.901559
vt 0.392787 0.898879
vt 0.381579 0.894980
vt 0.377924 0.890350
vt 0.381579 0.889132
vt 0.211988 0.705166
vt 0.352582 0.896442
vt 0.350633 0.887427
vt 0.348440 0.875974
vt 0.480993 0.563354
vt 0.483917 0.563354
vt 0.481237 0.576024
vt 0.483917 0.576024
vt 0.486597 0.563354
vt 0.486597 0.576024
vt 0.481237 0.576755
vt 0.483917 0.576755
vt 0.486597 0.576755
vt 0.453216 0.907163
vt 0.464424 0.875974
vt 0.451023 0.868908
vt 0.464911 0.868664
vt 0.477826 0.867446
vt 0.487572 0.875730
vt 0.488060 0.865009
vt 0.496100 0.859405
vt 0.495613 0.875974
vt 0.493420 0.887427
vt 0.019007 0.529728
vt 0.035576 0.517301
vt 0.025829 0.518276
vt 0.044835 0.513890
vt 0.460282 0.888645
vt 0.458332 0.888157
vt 0.458820 0.887914
vt 0.458576 0.888157
vt 0.458820 0.888157
vt 0.458576 0.888401
vt 0.459307 0.888157
vt 0.458820 0.889376
vt 0.450292 0.890838
vt 0.437865 0.892300
vt 0.437865 0.869152
vt 0.422027 0.888157
vt 0.437865 0.888888
vt 0.422027 0.889132
vt 0.437865 0.890594
vt 0.422027 0.890838
vt 0.459551 0.887914
vt 0.459307 0.887670
vt 0.459063 0.887670
vt 0.459063 0.887427
vt 0.459307 0.887427
vt 0.458332 0.886939
vt 0.460038 0.886939
vt 0.458576 0.886208
vt 0.450048 0.887670
vt 0.038500 0.852826
vt 0.054338 0.858918
vt 0.058724 0.853070
vt 0.035576 0.846247
vt 0.025829 0.845273
vt 0.029484 0.834308
vt 0.019007 0.833820
vt 0.459794 0.919346
vt 0.369882 0.904727
vt 0.351608 0.906676
vt 0.384259 0.919346
vt 0.437865 0.884502
vt 0.450292 0.885477
vt 0.437865 0.887670
vt 0.450292 0.887183
vt 0.450292 0.887670
vt 0.422027 0.884015
vt 0.450292 0.889376
vt 0.450048 0.888401
vt 0.450048 0.888157
vt 0.044835 0.849902
vt 0.371588 0.892544
vt 0.378167 0.900341
vt 0.390594 0.907163
vt 0.406188 0.910574
vt 0.406188 0.919590
vt 0.422027 0.911305
vt 0.422027 0.919834
vt 0.437865 0.919590
vt 0.381579 0.885721
vt 0.383284 0.887670
vt 0.381091 0.887670
vt 0.383771 0.888645
vt 0.376705 0.887670
vt 0.385477 0.888401
vt 0.385477 0.886939
vt 0.384502 0.887427
vt 0.384502 0.887914
vt 0.384502 0.888157
vt 0.384990 0.888157
vt 0.385477 0.888157
vt 0.385233 0.887914
vt 0.384990 0.887670
vt 0.385233 0.887670
vt 0.385477 0.887670
vt 0.385721 0.887670
vt 0.385721 0.887427
vt 0.394005 0.887670
vt 0.394493 0.887914
vt 0.406188 0.887914
vt 0.393762 0.887670
vt 0.385721 0.887914
vt 0.384746 0.887427
vt 0.384746 0.887670
vt 0.384990 0.887427
vt 0.385477 0.887914
vt 0.394249 0.888157
vt 0.406188 0.888157
vt 0.393518 0.887183
vt 0.393518 0.885477
vt 0.406188 0.884502
vt 0.406188 0.887670
vt 0.406188 0.890594
vt 0.393762 0.889376
vt 0.406188 0.888888
vt 0.394005 0.888157
vt 0.393762 0.888401
vt 0.489278 0.576755
vt 0.489278 0.576024
vt 0.491958 0.576755
vt 0.491958 0.576024
vt 0.494638 0.576755
vt 0.494638 0.576024
vt 0.187866 0.608432
vt 0.185916 0.609650
vt 0.209796 0.625244
vt 0.220029 0.627681
vt 0.220517 0.625001
vt 0.216618 0.624757
vt 0.217349 0.622564
vt 0.220760 0.622564
vt 0.246832 0.622320
vt 0.246832 0.624513
vt 0.267057 0.621833
vt 0.273148 0.624270
vt 0.246832 0.627681
vt 0.273635 0.627437
vt 0.273635 0.637427
vt 0.246345 0.637427
vt 0.273635 0.657895
vt 0.246102 0.657651
vt 0.273635 0.681530
vt 0.218323 0.657651
vt 0.211988 0.657651
vt 0.211257 0.681530
vt 0.205166 0.681530
vt 0.206140 0.657651
vt 0.203704 0.681530
vt 0.204922 0.657651
vt 0.209308 0.637427
vt 0.207846 0.637427
vt 0.210526 0.627193
vt 0.211745 0.627193
vt 0.211501 0.623782
vt 0.193226 0.607213
vt 0.214182 0.622076
vt 0.212963 0.624270
vt 0.215643 0.627681
vt 0.213938 0.637427
vt 0.219055 0.637427
vt 0.489278 0.563354
vt 0.491958 0.563354
vt 0.494638 0.563354
vt 0.349658 0.916422
vt 0.300682 0.814571
vt 0.301169 0.815302
vt 0.300682 0.807992
vt 0.301413 0.807992
vt 0.301413 0.799220
vt 0.300682 0.800195
vt 0.287524 0.800438
vt 0.280214 0.803119
vt 0.196881 0.796052
vt 0.195907 0.803850
vt 0.141326 0.796296
vt 0.315058 0.817738
vt 0.319201 0.814571
vt 0.314815 0.817495
vt 0.317738 0.814571
vt 0.314327 0.817251
vt 0.316276 0.814815
vt 0.302144 0.815302
vt 0.302144 0.807992
vt 0.302387 0.799220
vt 0.302387 0.797758
vt 0.287768 0.798977
vt 0.279483 0.795078
vt 0.271686 0.788499
vt 0.198100 0.789961
vt 0.148148 0.790448
vt 0.118909 0.790935
vt 0.118421 0.796540
vt 0.093812 0.797027
vt 0.092106 0.792397
vt 0.075293 0.794347
vt 0.080410 0.797514
vt 0.058968 0.798002
vt 0.286062 0.794103
vt 0.301657 0.816764
vt 0.302875 0.796783
vt 0.304337 0.790935
vt 0.315546 0.796783
vt 0.278265 0.788012
vt 0.283382 0.787281
vt 0.306774 0.782651
vt 0.332115 0.778265
vt 0.331871 0.787037
vt 0.322612 0.799951
vt 0.314084 0.797271
vt 0.302875 0.797027
vt 0.302631 0.797271
vt 0.312378 0.797514
vt 0.316033 0.800438
vt 0.319444 0.800195
vt 0.319201 0.807992
vt 0.322124 0.808236
vt 0.316520 0.807992
vt 0.355019 0.776072
vt 0.279971 0.811647
vt 0.195663 0.812134
vt 0.143519 0.812378
vt 0.133772 0.805068
vt 0.124026 0.802387
vt 0.111599 0.800926
vt 0.099903 0.801900
vt 0.090644 0.804093
vt 0.073100 0.804093
vt 0.057993 0.804093
vt 0.042398 0.803850
vt 0.041668 0.818470
vt 0.028022 0.818470
vt 0.018276 0.817495
vt 0.028997 0.810429
vt 0.195663 0.821393
vt 0.149123 0.821393
vt 0.444200 0.853070
vt 0.444443 0.840887
vt 0.410574 0.860867
vt 0.407651 0.847953
vt 0.444931 0.826998
vt 0.401315 0.832358
vt 0.394249 0.820906
vt 0.446393 0.817251
vt 0.449317 0.809210
vt 0.385964 0.811160
vt 0.448586 0.794103
vt 0.393518 0.795565
vt 0.448830 0.783626
vt 0.398879 0.783626
vt 0.402534 0.775585
vt 0.376218 0.783869
vt 0.377680 0.775341
vt 0.355263 0.784844
vt 0.331140 0.799220
vt 0.330896 0.809454
vt 0.324074 0.814084
vt 0.319201 0.820906
vt 0.302631 0.818470
vt 0.302631 0.818226
vt 0.302387 0.817738
vt 0.288012 0.817495
vt 0.287524 0.816033
vt 0.279727 0.821150
vt 0.196150 0.839181
vt 0.154484 0.839181
vt 0.315546 0.829435
vt 0.278021 0.839181
vt 0.197125 0.854775
vt 0.158626 0.854775
vt 0.355507 0.797271
vt 0.379142 0.807748
vt 0.373294 0.796296
vt 0.355507 0.804824
vt 0.339181 0.806774
vt 0.370613 0.805555
vt 0.453216 0.805068
vt 0.458576 0.802144
vt 0.470516 0.793616
vt 0.470272 0.783869
vt 0.469541 0.779971
vt 0.467348 0.777534
vt 0.463693 0.776803
vt 0.449804 0.776316
vt 0.470759 0.799951
vt 0.314327 0.839181
vt 0.313840 0.854775
vt 0.276072 0.854775
vt 0.197613 0.861355
vt 0.160088 0.861355
vt 0.276072 0.861355
vt 0.313840 0.861355
vt 0.080410 0.809698
vt 0.073831 0.818713
vt 0.057262 0.818470
vt 0.070907 0.837475
vt 0.057993 0.836257
vt 0.059698 0.849658
vt 0.047515 0.847953
vt 0.042886 0.835282
vt 0.070663 0.851121
vt 0.070663 0.860867
vt 0.070663 0.855019
vt 0.065546 0.860623
vt 0.272417 0.871101
vt 0.272417 0.872563
vt 0.208090 0.872319
vt 0.207846 0.873781
vt 0.199318 0.873294
vt 0.199562 0.874756
vt 0.191764 0.876949
vt 0.191520 0.875487
vt 0.112573 0.903021
vt 0.112330 0.901802
vt 0.107456 0.901802
vt 0.107700 0.903021
vt 0.100878 0.900584
vt 0.100878 0.899366
vt 0.100878 0.897904
vt 0.107456 0.900341
vt 0.112330 0.900341
vt 0.190546 0.874268
vt 0.199074 0.871832
vt 0.208090 0.870613
vt 0.272417 0.869639
vt 0.119396 0.927143
vt 0.193226 0.887670
vt 0.101852 0.928605
vt 0.105264 0.929337
vt 0.125975 0.948342
vt 0.193714 0.902046
vt 0.199318 0.884746
vt 0.206384 0.883528
vt 0.272417 0.882310
vt 0.272417 0.895467
vt 0.205410 0.896685
vt 0.199318 0.898391
vt 0.103071 0.965155
vt 0.199318 0.899610
vt 0.205410 0.898148
vt 0.126462 0.949073
vt 0.103558 0.965886
vt 0.126950 0.949804
vt 0.194688 0.903508
vt 0.194201 0.902777
vt 0.199562 0.900828
vt 0.272417 0.896929
vt 0.205410 0.899366
vt 0.104046 0.966374
vt 0.272417 0.898391
vt 0.216618 0.738060
vt 0.220517 0.738060
vt 0.220029 0.735137
vt 0.304093 0.681530
vt 0.273635 0.705166
vt 0.303850 0.704922
vt 0.303850 0.725146
vt 0.273635 0.725634
vt 0.246345 0.725390
vt 0.246832 0.735380
vt 0.246832 0.738304
vt 0.246832 0.740497
vt 0.220760 0.740254
vt 0.217349 0.740254
vt 0.212963 0.738548
vt 0.214182 0.740985
vt 0.267057 0.740985
vt 0.273148 0.738791
vt 0.273635 0.735380
vt 0.303606 0.736842
vt 0.302631 0.741228
vt 0.329922 0.739279
vt 0.330653 0.746102
vt 0.376218 0.750488
vt 0.355019 0.753411
vt 0.332115 0.754873
vt 0.300926 0.746832
vt 0.278509 0.741959
vt 0.272417 0.741228
vt 0.380604 0.747076
vt 0.185916 0.753411
vt 0.187866 0.754629
vt 0.209796 0.737817
vt 0.211501 0.739279
vt 0.193226 0.755848
vt 0.211745 0.735624
vt 0.215643 0.735380
vt 0.303850 0.657895
vt 0.303850 0.637671
vt 0.327729 0.658139
vt 0.328216 0.641326
vt 0.303606 0.625975
vt 0.330653 0.637915
vt 0.329922 0.623538
vt 0.365984 0.622807
vt 0.380604 0.615741
vt 0.370126 0.623538
vt 0.383041 0.620858
vt 0.372319 0.626950
vt 0.386696 0.649123
vt 0.375730 0.650829
vt 0.388157 0.681530
vt 0.377436 0.681530
vt 0.375730 0.711988
vt 0.386696 0.713694
vt 0.372319 0.736111
vt 0.383041 0.741959
vt 0.370126 0.739279
vt 0.365984 0.740010
vt 0.330653 0.724903
vt 0.328216 0.721491
vt 0.327729 0.704922
vt 0.327729 0.681530
vt 0.210526 0.735624
vt 0.302631 0.621589
vt 0.330653 0.616716
vt 0.300926 0.616229
vt 0.332115 0.608188
vt 0.355019 0.609406
vt 0.376218 0.612330
vt 0.272417 0.621589
vt 0.278509 0.620858
vt 0.213938 0.725390
vt 0.209308 0.725390
vt 0.207846 0.725390
vt 0.204922 0.705166
vt 0.206140 0.705166
vt 0.288012 0.546297
vt 0.279727 0.542398
vt 0.287524 0.547759
vt 0.279971 0.551901
vt 0.315546 0.534114
vt 0.319201 0.542886
vt 0.302631 0.545323
vt 0.302631 0.545566
vt 0.302387 0.545810
vt 0.313840 0.508773
vt 0.278021 0.524611
vt 0.314327 0.524611
vt 0.196150 0.524611
vt 0.195663 0.542155
vt 0.195663 0.551414
vt 0.280214 0.560430
vt 0.313840 0.502437
vt 0.276072 0.502437
vt 0.276072 0.508773
vt 0.197125 0.508773
vt 0.154484 0.524611
vt 0.149123 0.542155
vt 0.143519 0.551414
vt 0.195907 0.559698
vt 0.196881 0.567496
vt 0.279483 0.568470
vt 0.271686 0.575049
vt 0.278265 0.575537
vt 0.286062 0.569445
vt 0.283382 0.576267
vt 0.304337 0.572613
vt 0.306774 0.581141
vt 0.332115 0.585283
vt 0.331871 0.576512
vt 0.355019 0.587476
vt 0.355263 0.578704
vt 0.377680 0.588207
vt 0.376218 0.579679
vt 0.402534 0.588207
vt 0.398879 0.579923
vt 0.448830 0.579923
vt 0.448586 0.569689
vt 0.470516 0.569932
vt 0.470759 0.563841
vt 0.458576 0.561404
vt 0.453216 0.558480
vt 0.449317 0.554338
vt 0.393518 0.567983
vt 0.385964 0.552389
vt 0.379142 0.555800
vt 0.373294 0.567252
vt 0.370613 0.557993
vt 0.355507 0.558724
vt 0.355507 0.566278
vt 0.331140 0.564572
vt 0.322612 0.563841
vt 0.315546 0.567009
vt 0.314084 0.566521
vt 0.302875 0.567009
vt 0.302875 0.566521
vt 0.287768 0.564572
vt 0.302631 0.566278
vt 0.302387 0.565790
vt 0.312378 0.566034
vt 0.316033 0.563354
vt 0.319444 0.563597
vt 0.319201 0.555556
vt 0.322124 0.555313
vt 0.319201 0.548977
vt 0.324074 0.549465
vt 0.315058 0.545810
vt 0.314815 0.546054
vt 0.314327 0.546297
vt 0.301657 0.546784
vt 0.301169 0.548246
vt 0.300682 0.548977
vt 0.300682 0.555556
vt 0.300682 0.563597
vt 0.287524 0.563110
vt 0.301413 0.564328
vt 0.330896 0.554094
vt 0.339181 0.557018
vt 0.133772 0.558480
vt 0.317738 0.548977
vt 0.316520 0.555800
vt 0.302387 0.564328
vt 0.302144 0.555556
vt 0.316276 0.548977
vt 0.197613 0.502437
vt 0.158626 0.508773
vt 0.160088 0.502437
vt 0.470272 0.579679
vt 0.469541 0.583578
vt 0.467348 0.586014
vt 0.463693 0.586989
vt 0.449804 0.587476
vt 0.302144 0.548246
vt 0.301413 0.555556
vt 0.410574 0.502681
vt 0.407651 0.515595
vt 0.444200 0.510722
vt 0.444443 0.522905
vt 0.401315 0.531190
vt 0.444931 0.536794
vt 0.446393 0.546541
vt 0.394249 0.542886
vt 0.198100 0.573587
vt 0.141326 0.567252
vt 0.148148 0.573344
vt 0.118909 0.572613
vt 0.118421 0.567009
vt 0.093812 0.566521
vt 0.092106 0.571151
vt 0.075293 0.569201
vt 0.080410 0.566034
vt 0.058968 0.565546
vt 0.057993 0.559455
vt 0.042398 0.559698
vt 0.057262 0.545079
vt 0.124026 0.561404
vt 0.111599 0.562623
vt 0.099903 0.561892
vt 0.090644 0.559455
vt 0.073100 0.559455
vt 0.073831 0.544835
vt 0.070907 0.526317
vt 0.057993 0.527291
vt 0.070663 0.512671
vt 0.059698 0.514134
vt 0.047515 0.515839
vt 0.029484 0.529241
vt 0.018276 0.546297
vt 0.028022 0.545079
vt 0.028997 0.553120
vt 0.041668 0.545079
vt 0.042886 0.528266
vt 0.080410 0.553851
vt 0.070663 0.508773
vt 0.065546 0.502925
vt 0.070663 0.502681
vt 0.497075 0.975632
vt 0.496831 0.967835
vt 0.485379 0.963937
vt 0.494151 0.963693
vt 0.486597 0.960282
vt 0.307504 0.969541
vt 0.313596 0.978800
vt 0.308723 0.969297
vt 0.395954 0.969297
vt 0.395954 0.964424
vt 0.483186 0.969297
vt 0.483674 0.964424
vt 0.484161 0.969297
vt 0.488547 0.988060
vt 0.478557 0.978800
vt 0.472465 0.996100
vt 0.468810 0.983917
vt 0.465643 0.996588
vt 0.462475 0.984405
vt 0.395954 0.984405
vt 0.395954 0.978800
vt 0.329678 0.984405
vt 0.326267 0.996588
vt 0.323343 0.983917
vt 0.319444 0.996100
vt 0.303606 0.988060
vt 0.294834 0.975632
vt 0.295321 0.967835
vt 0.306286 0.963449
vt 0.305312 0.960282
vt 0.298002 0.963693
vt 0.307748 0.964180
vt 0.395954 0.996588
vt 0.017545 0.620615
vt 0.014134 0.628899
vt 0.024855 0.620127
vt 0.023880 0.644006
vt 0.023392 0.679581
vt 0.039474 0.679094
vt 0.009991 0.626950
vt 0.013646 0.617934
vt 0.026073 0.611355
vt 0.040449 0.619396
vt 0.039718 0.643032
vt 0.056531 0.642788
vt 0.056044 0.679094
vt 0.074318 0.642301
vt 0.074075 0.679094
vt 0.091375 0.642057
vt 0.074806 0.618665
vt 0.091618 0.618421
vt 0.091862 0.605507
vt 0.118665 0.618178
vt 0.118909 0.605020
vt 0.146930 0.618178
vt 0.148148 0.604776
vt 0.172759 0.605020
vt 0.148148 0.598198
vt 0.198343 0.592106
vt 0.057262 0.618909
vt 0.144250 0.643519
vt 0.118665 0.641570
vt 0.091375 0.679094
vt 0.118665 0.679094
vt 0.142788 0.681530
vt 0.118909 0.598685
vt 0.092106 0.599416
vt 0.075049 0.606238
vt 0.057993 0.606969
vt 0.040937 0.608675
vt 0.041668 0.603558
vt 0.027048 0.607456
vt 0.020469 0.611112
vt 0.075293 0.599903
vt 0.058480 0.601365
vt 0.171540 0.592593
vt 0.148148 0.592837
vt 0.118909 0.593324
vt 0.092106 0.593812
vt 0.075293 0.594299
vt 0.058968 0.595517
vt 0.042398 0.598198
vt 0.028997 0.601852
vt 0.018519 0.607700
vt 0.010966 0.615741
vt 0.006580 0.625732
vt 0.003900 0.638645
vt 0.007067 0.639620
vt 0.011453 0.640595
vt 0.009991 0.652535
vt 0.009260 0.665692
vt 0.011697 0.681530
vt 0.008773 0.681530
vt 0.009260 0.697125
vt 0.004631 0.681530
vt 0.004874 0.697125
vt 0.001463 0.681530
vt 0.001950 0.697125
vt 0.005605 0.710283
vt 0.002681 0.710283
vt 0.007067 0.723440
vt 0.003900 0.724172
vt 0.009991 0.735868
vt 0.006580 0.737086
vt 0.013646 0.744883
vt 0.010966 0.747076
vt 0.020469 0.751706
vt 0.018519 0.755117
vt 0.027048 0.755604
vt 0.028997 0.760965
vt 0.041668 0.759259
vt 0.042398 0.764863
vt 0.058480 0.761696
vt 0.058968 0.767300
vt 0.075293 0.762914
vt 0.075293 0.768518
vt 0.092106 0.763401
vt 0.092106 0.769006
vt 0.118909 0.764132
vt 0.118909 0.769493
vt 0.148148 0.764620
vt 0.148148 0.769980
vt 0.198343 0.770711
vt 0.172759 0.758041
vt 0.180068 0.739035
vt 0.146930 0.744639
vt 0.176657 0.724659
vt 0.144250 0.719299
vt 0.174708 0.709796
vt 0.173733 0.695663
vt 0.173246 0.681530
vt 0.173733 0.667154
vt 0.174708 0.653022
vt 0.176657 0.638158
vt 0.180068 0.623782
vt 0.224903 0.605995
vt 0.266813 0.605751
vt 0.271686 0.591131
vt 0.273392 0.605507
vt 0.278265 0.590887
vt 0.283382 0.590887
vt 0.279971 0.605751
vt 0.306530 0.606969
vt 0.306774 0.589669
vt 0.332115 0.588938
vt 0.355019 0.588207
vt 0.402534 0.588695
vt 0.398148 0.618178
vt 0.402534 0.681530
vt 0.398148 0.744639
vt 0.402534 0.774123
vt 0.377680 0.774854
vt 0.355019 0.774610
vt 0.332115 0.773879
vt 0.306774 0.773148
vt 0.306530 0.755848
vt 0.283382 0.772174
vt 0.279971 0.757066
vt 0.273392 0.757310
vt 0.278265 0.771930
vt 0.271686 0.771686
vt 0.266813 0.757310
vt 0.224903 0.756823
vt 0.023392 0.683236
vt 0.002681 0.652535
vt 0.004874 0.665692
vt 0.005605 0.652535
vt 0.001950 0.665692
vt 0.026073 0.751462
vt 0.040937 0.754142
vt 0.056044 0.683724
vt 0.074318 0.720517
vt 0.074075 0.683967
vt 0.091375 0.721004
vt 0.091375 0.683967
vt 0.118665 0.721248
vt 0.118665 0.683724
vt 0.118665 0.744639
vt 0.148148 0.758041
vt 0.118909 0.757797
vt 0.091862 0.757310
vt 0.075049 0.756823
vt 0.074806 0.744152
vt 0.057993 0.755848
vt 0.057262 0.743908
vt 0.040449 0.743421
vt 0.056531 0.720273
vt 0.039718 0.719786
vt 0.039474 0.683724
vt 0.023880 0.718811
vt 0.009991 0.710283
vt 0.011453 0.722222
vt 0.014134 0.733918
vt 0.017545 0.742446
vt 0.024855 0.742690
vt 0.091618 0.744396
vt 0.450048 0.618178
vt 0.449804 0.591375
vt 0.463693 0.592350
vt 0.463937 0.618421
vt 0.466374 0.618178
vt 0.466374 0.681530
vt 0.464180 0.681530
vt 0.463937 0.744639
vt 0.450292 0.681530
vt 0.450048 0.744639
vt 0.449804 0.771443
vt 0.466374 0.592593
vt 0.466374 0.744639
vt 0.466374 0.770224
vt 0.463693 0.770468
vt 0.327729 0.887183
vt 0.328460 0.896442
vt 0.334552 0.904970
vt 0.332358 0.905214
vt 0.366228 0.867446
vt 0.355994 0.865009
vt 0.347953 0.859405
vt 0.353070 0.957845
vt 0.395954 0.960282
vt 0.395954 0.957845
vt 0.438839 0.957845
vt 0.480993 0.960282
vt 0.481237 0.957845
vt 0.310672 0.957845
vt 0.311160 0.960282
vt 0.354532 0.953946
vt 0.352095 0.955409
vt 0.349658 0.955896
vt 0.315789 0.955896
vt 0.313109 0.955409
vt 0.311160 0.953703
vt 0.310672 0.950048
vt 0.481237 0.950048
vt 0.480749 0.953703
vt 0.479044 0.955409
vt 0.476364 0.955896
vt 0.442494 0.955896
vt 0.440058 0.955409
vt 0.437377 0.953946
vt 0.395954 0.947124
vt 0.359892 0.948342
vt 0.362573 0.947124
vt 0.360867 0.947368
vt 0.432260 0.948342
vt 0.429580 0.947124
vt 0.431042 0.947368
vt 0.180068 0.968079
vt 0.247807 0.922027
vt 0.271686 0.942982
vt 0.270711 0.904970
vt 0.272904 0.969785
vt 0.266082 0.967348
vt 0.261209 0.967105
vt 0.182018 0.993420
vt 0.174464 0.995369
vt 0.174708 0.971247
vt 0.167885 0.972709
vt 0.165448 0.996100
vt 0.101121 0.997319
vt 0.101121 0.973927
vt 0.218811 0.914960
vt 0.212963 0.912036
vt 0.214182 0.910087
vt 0.207602 0.910331
vt 0.207602 0.908382
vt 0.202242 0.912036
vt 0.201267 0.910087
vt 0.198343 0.916179
vt 0.196637 0.914960
vt 0.196881 0.921783
vt 0.194932 0.921783
vt 0.198343 0.927387
vt 0.196637 0.928362
vt 0.202242 0.931530
vt 0.201267 0.933235
vt 0.207602 0.932991
vt 0.207602 0.935185
vt 0.212963 0.931530
vt 0.214182 0.933235
vt 0.217105 0.927387
vt 0.218811 0.928362
vt 0.218568 0.921783
vt 0.220517 0.921783
vt 0.217105 0.916179
vt 0.326510 0.503169
vt 0.383528 0.503169
vt 0.324318 0.506092
vt 0.383528 0.510479
vt 0.324561 0.510479
vt 0.327729 0.532652
vt 0.383528 0.532652
vt 0.328947 0.538743
vt 0.383528 0.541424
vt 0.331140 0.541424
vt 0.061404 0.780945
vt 0.061404 0.782651
vt 0.053851 0.774610
vt 0.053851 0.790448
vt 0.052145 0.773392
vt 0.052145 0.791910
vt 0.049952 0.772904
vt 0.049952 0.792154
vt 0.007311 0.792154
vt 0.007798 0.772904
vt 0.006336 0.773392
vt 0.005849 0.791666
vt 0.005605 0.774854
vt 0.005118 0.790204
vt 0.349658 0.936646
vt 0.351364 0.936890
vt 0.395954 0.936646
vt 0.353070 0.938108
vt 0.359161 0.943469
vt 0.395954 0.944444
vt 0.432748 0.943469
vt 0.430799 0.944444
vt 0.432991 0.945419
vt 0.361355 0.944444
vt 0.359161 0.945419
vt 0.439083 0.938108
vt 0.440545 0.936890
vt 0.442494 0.936646
vt 0.320663 0.896442
vt 0.307261 0.910331
vt 0.323586 0.905214
vt 0.278021 0.960526
vt 0.299951 0.953459
vt 0.278021 0.948099
vt 0.300195 0.942494
vt 0.278752 0.930555
vt 0.300926 0.926169
vt 0.280945 0.914960
vt 0.303363 0.914717
vt 0.285575 0.902290
vt 0.291666 0.895467
vt 0.300195 0.891081
vt 0.319932 0.887183
vt 0.494395 0.916422
vt 0.486841 0.950048
vt 0.480993 0.938108
vt 0.486597 0.943713
vt 0.485379 0.933966
vt 0.480506 0.935916
vt 0.478800 0.934454
vt 0.484892 0.930068
vt 0.475876 0.933966
vt 0.459307 0.930068
vt 0.459307 0.925682
vt 0.395954 0.930068
vt 0.395954 0.925682
vt 0.332846 0.925682
vt 0.332846 0.930068
vt 0.307261 0.930068
vt 0.316276 0.933966
vt 0.313353 0.934454
vt 0.307261 0.925682
vt 0.484892 0.925682
vt 0.459063 0.933966
vt 0.395954 0.933966
vt 0.332846 0.933966
vt 0.311160 0.938108
vt 0.305312 0.950048
vt 0.305555 0.943713
vt 0.306774 0.933966
vt 0.311647 0.935916
vt 0.111112 0.529728
vt 0.121589 0.529728
vt 0.111112 0.531434
vt 0.121589 0.533139
vt 0.111112 0.533139
vt 0.111112 0.535089
vt 0.111112 0.548003
vt 0.121589 0.549952
vt 0.111112 0.549952
vt 0.111112 0.551658
vt 0.121589 0.554094
vt 0.111112 0.554094
vt 0.111112 0.526560
vt 0.121589 0.526560
vt 0.111112 0.523880
vt 0.121589 0.522174
vt 0.111112 0.522174
vt 0.111112 0.520469
vt 0.111112 0.507311
vt 0.121589 0.505605
vt 0.111112 0.505605
vt 0.111112 0.503900
vt 0.121589 0.502194
vt 0.111112 0.502194
vt 0.118421 0.681530
vt 0.091375 0.681530
vt 0.073831 0.681530
vt 0.055800 0.681530
vt 0.038987 0.681530
vt 0.023149 0.681530
vt 0.065059 0.783138
vt 0.065059 0.780214
vt 0.056531 0.771930
vt 0.054338 0.770224
vt 0.051901 0.769737
vt 0.028753 0.769737
vt 0.005849 0.769737
vt 0.003412 0.770468
vt 0.002194 0.772904
vt 0.001706 0.792154
vt 0.002681 0.794590
vt 0.005118 0.795565
vt 0.051901 0.795809
vt 0.054338 0.795321
vt 0.056044 0.793860
vt 0.440545 0.953216
vt 0.442494 0.953459
vt 0.476608 0.953216
vt 0.478313 0.952728
vt 0.479288 0.951266
vt 0.478800 0.938596
vt 0.478069 0.937134
vt 0.476120 0.936646
vt 0.459307 0.936646
vt 0.332846 0.936646
vt 0.315789 0.936646
vt 0.314084 0.937134
vt 0.313353 0.938596
vt 0.312865 0.951266
vt 0.313596 0.952728
vt 0.315546 0.953216
vt 0.349658 0.953459
vt 0.351364 0.953216
vt 0.352582 0.952241
vt 0.439327 0.952241
vt 0.406188 0.869152
vt 0.422027 0.869152
vt 0.005118 0.587720
vt 0.005849 0.589182
vt 0.005605 0.572369
vt 0.006336 0.571151
vt 0.007311 0.589669
vt 0.007798 0.570663
vt 0.049952 0.570663
vt 0.049952 0.589913
vt 0.052145 0.589426
vt 0.052145 0.570907
vt 0.053851 0.587964
vt 0.053851 0.572126
vt 0.061161 0.580166
vt 0.061161 0.578704
vt 0.323343 0.510235
vt 0.326754 0.533139
vt 0.327729 0.539474
vt 0.330166 0.542155
vt 0.383528 0.542155
vt 0.327972 0.539474
vt 0.323099 0.505605
vt 0.325536 0.502437
vt 0.383528 0.502437
vt 0.095273 0.522418
vt 0.095273 0.520469
vt 0.095273 0.507311
vt 0.095273 0.505605
vt 0.095273 0.503900
vt 0.095273 0.502194
vt 0.089426 0.503169
vt 0.085283 0.504874
vt 0.084065 0.506823
vt 0.083578 0.514377
vt 0.084065 0.521200
vt 0.085283 0.523149
vt 0.095273 0.524124
vt 0.089426 0.524855
vt 0.095273 0.526317
vt 0.028753 0.567252
vt 0.051901 0.567252
vt 0.054338 0.567740
vt 0.056531 0.569445
vt 0.064815 0.577973
vt 0.064815 0.580897
vt 0.056044 0.591375
vt 0.054338 0.592837
vt 0.051901 0.593324
vt 0.005118 0.593081
vt 0.002681 0.592106
vt 0.001706 0.589669
vt 0.002194 0.570663
vt 0.003169 0.568227
vt 0.005605 0.567252
vt 0.084065 0.548977
vt 0.083578 0.541911
vt 0.095273 0.548003
vt 0.095273 0.535089
vt 0.084065 0.534357
vt 0.085283 0.532652
vt 0.095273 0.533139
vt 0.089426 0.530946
vt 0.095273 0.531434
vt 0.095273 0.529728
vt 0.095273 0.549952
vt 0.095273 0.551658
vt 0.095273 0.553851
vt 0.089426 0.552389
vt 0.085283 0.550683
vt 0.140595 0.509504
vt 0.140839 0.521200
vt 0.141570 0.509504
vt 0.141813 0.521200
vt 0.144250 0.501463
vt 0.144250 0.509504
vt 0.130605 0.501463
vt 0.130361 0.509504
vt 0.130848 0.521200
vt 0.144006 0.521200
vt 0.141570 0.501463
vt 0.140351 0.501463
vt 0.140108 0.509504
vt 0.140108 0.501463
vt 0.130848 0.509504
vt 0.130361 0.501463
vt 0.128412 0.509504
vt 0.143519 0.509504
vt 0.128655 0.521200
vt 0.143762 0.521200
vt 0.133041 0.509504
vt 0.134259 0.509504
vt 0.133041 0.521200
vt 0.134504 0.521200
vt 0.128168 0.501463
vt 0.143762 0.501463
vt 0.133041 0.501463
vt 0.134504 0.501463
vt 0.136453 0.509504
vt 0.136696 0.521200
vt 0.136940 0.509504
vt 0.137184 0.521200
vt 0.130118 0.509504
vt 0.130605 0.521200
vt 0.144493 0.521200
vt 0.137427 0.501463
vt 0.136696 0.501463
vt 0.144493 0.501463
vt 0.129630 0.501463
vt 0.131336 0.521200
vt 0.143275 0.521200
vt 0.130605 0.509504
vt 0.140108 0.521200
vt 0.131823 0.521200
vt 0.136940 0.521200
vt 0.136696 0.509504
vt 0.136453 0.521200
vt 0.135965 0.509504
vt 0.135722 0.521200
vt 0.135235 0.509504
vt 0.136940 0.501463
vt 0.135965 0.501463
vt 0.134991 0.501463
vt 0.129387 0.509504
vt 0.129630 0.521200
vt 0.139864 0.521200
vt 0.139621 0.509504
vt 0.146443 0.509504
vt 0.146199 0.521200
vt 0.147174 0.501463
vt 0.139621 0.501463
vt 0.129143 0.501463
vt 0.144006 0.509504
vt 0.142544 0.521200
vt 0.142544 0.509504
vt 0.135722 0.509504
vt 0.135965 0.521200
vt 0.132067 0.521200
vt 0.131092 0.509504
vt 0.131092 0.521200
vt 0.133529 0.509504
vt 0.133529 0.521200
vt 0.138158 0.509504
vt 0.138158 0.521200
vt 0.142788 0.509504
vt 0.143032 0.521200
vt 0.143032 0.501463
vt 0.138158 0.501463
vt 0.133529 0.501463
vt 0.130848 0.501463
vt 0.132798 0.509504
vt 0.133285 0.521200
vt 0.137184 0.509504
vt 0.137427 0.521200
vt 0.144737 0.509504
vt 0.144493 0.509504
vt 0.142788 0.501463
vt 0.135722 0.501463
vt 0.130118 0.501463
vt 0.146930 0.521200
vt 0.146930 0.509504
vt 0.134991 0.521200
vt 0.134991 0.509504
vt 0.128168 0.521200
vt 0.128168 0.509504
vt 0.137915 0.509504
vt 0.137915 0.501463
vt 0.143275 0.509504
vt 0.143275 0.501463
vt 0.145468 0.501463
vt 0.145225 0.509504
vt 0.142057 0.501463
vt 0.142057 0.509504
vt 0.138889 0.501463
vt 0.138889 0.509504
vt 0.132554 0.501463
vt 0.132554 0.509504
vt 0.129387 0.501463
vt 0.145225 0.521200
vt 0.142301 0.521200
vt 0.129387 0.521200
vt 0.137184 0.501463
vt 0.145712 0.501463
vt 0.484892 0.528753
vt 0.478313 0.528753
vt 0.472709 0.528753
vt 0.491714 0.528753
vt 0.497319 0.528753
vt 0.133772 0.521200
vt 0.137915 0.521200
vt 0.143519 0.521200
vt 0.136209 0.521200
vt 0.142057 0.521200
s 1
usemtl material_atlas_00002_1
f 1/1/1 3/2/2 2/3/3
f 4/3/4 5/4/5 1/1/6
f 5/4/7 7/5/8 6/1/9
f 2/3/10 8/6/11 5/4/12
f 5/4/7 9/7/13 7/5/8
f 10/6/14 11/8/15 5/4/16
f 9/7/13 5/4/7 12/8/17
f 10/6/14 13/9/18 11/8/15
f 13/9/19 14/10/20 12/8/21
f 11/8/22 16/10/23 15/11/24
f 15/11/25 9/7/13 12/8/17
f 16/10/26 18/12/27 17/11/28
f 16/10/26 19/13/29 18/12/27
f 16/10/30 21/14/31 20/13/32
f 14/10/20 13/9/19 22/14/33
f 13/9/34 23/15/35 21/14/36
f 21/14/36 23/15/35 24/16/37
f 25/15/38 26/17/39 24/16/40
f 24/16/41 27/18/42 22/14/43
f 27/18/42 20/13/44 22/14/43
f 24/16/41 28/19/45 27/18/42
f 24/16/41 29/20/46 28/19/45
f 24/16/47 31/17/48 30/20/49
f 26/17/50 32/21/51 30/20/52
f 33/22/53 34/23/54 35/24/55
f 36/25/56 37/26/57 38/27/58
f 37/26/57 39/28/59 38/27/58
f 39/28/59 40/29/60 38/27/58
f 38/27/58 40/29/60 34/23/54
f 40/29/60 41/30/61 34/23/54
f 34/23/54 41/30/61 35/24/55
f 41/30/61 42/31/62 35/24/55
f 43/32/63 44/33/64 45/34/65
f 44/33/64 46/35/66 45/34/65
f 45/34/65 46/35/66 47/36/67
f 46/35/66 48/37/68 47/36/67
f 47/36/67 48/37/68 49/38/69
f 50/22/70 51/24/71 52/23/72
f 53/25/73 54/27/74 55/26/75
f 55/26/75 54/27/74 56/28/76
f 56/28/76 54/27/74 57/29/77
f 54/27/74 52/23/72 57/29/77
f 57/29/77 52/23/72 58/30/78
f 52/23/72 51/24/71 58/30/78
f 58/30/78 51/24/71 59/31/79
f 60/38/80 61/37/81 62/36/82
f 61/37/81 63/35/83 62/36/82
f 62/36/82 63/35/83 64/34/84
f 63/35/83 65/33/85 64/34/84
f 65/33/85 66/32/86 64/34/84
f 67/39/87 68/40/88 69/41/89
f 69/41/89 68/40/88 70/42/90
f 68/40/88 71/43/91 70/42/90
f 70/42/90 71/43/91 72/44/92
f 72/44/92 71/43/91 73/45/93
f 71/43/91 74/46/94 73/45/93
f 74/46/94 75/47/95 73/45/93
f 73/45/93 75/47/95 76/48/96
f 76/48/96 75/47/95 77/49/97
f 75/47/95 78/50/98 77/49/97
f 77/49/97 78/50/98 79/51/99
f 78/50/98 80/52/100 79/51/99
f 81/53/101 82/54/102 83/55/103
f 82/54/102 84/56/104 83/55/103
f 85/57/105 86/58/106 87/59/107
f 86/58/106 88/60/108 87/59/107
f 87/59/107 88/60/108 89/57/109
f 88/60/108 90/61/110 89/57/109
f 89/57/109 90/61/110 91/62/111
f 90/61/110 92/60/112 91/62/111
f 91/62/111 92/60/112 85/57/105
f 85/57/105 92/60/112 86/58/106
f 92/60/112 90/61/110 86/58/106
f 86/58/106 90/61/110 88/60/108
f 93/63/113 94/64/114 95/65/115
f 96/66/116 95/65/115 97/67/117
f 95/65/115 94/64/114 97/67/117
f 97/67/117 94/64/114 98/68/118
f 99/68/119 100/64/120 101/67/121
f 102/63/122 103/65/123 100/64/120
f 100/64/120 103/65/123 101/67/121
f 103/65/123 104/66/124 101/67/121
f 105/69/125 106/70/126 107/71/127
f 107/71/127 106/70/126 108/72/128
f 106/70/126 109/73/129 108/72/128
f 108/72/128 109/73/129 110/74/130
f 109/73/129 111/75/131 110/74/130
f 110/74/130 111/75/131 112/76/132
f 111/75/131 113/77/133 112/76/132
f 112/76/132 113/77/133 114/78/134
f 113/77/133 115/79/135 114/78/134
f 114/78/134 115/79/135 116/80/136
f 115/79/135 117/81/125 116/80/136
f 116/80/136 117/81/125 118/82/127
f 119/83/137 120/84/138 121/85/139
f 120/84/138 122/86/140 121/85/139
f 121/85/139 122/86/140 123/87/141
f 122/86/140 124/88/142 123/87/141
f 123/87/141 124/88/142 125/89/143
f 124/88/142 126/90/144 125/89/143
f 125/89/143 126/90/144 127/91/145
f 126/90/144 128/92/146 127/91/145
f 127/91/145 128/92/146 129/93/147
f 128/92/146 130/94/148 129/93/147
f 129/93/147 130/94/148 131/95/137
f 130/94/148 132/96/149 131/95/137
f 133/97/150 134/98/151 135/99/152
f 134/98/151 136/100/153 135/99/152
f 136/100/153 137/101/154 135/99/152
f 135/99/152 137/101/154 138/102/155
f 137/101/154 139/103/156 138/102/155
f 138/102/155 139/103/156 140/104/157
f 139/103/156 141/105/158 140/104/157
f 142/106/159 143/107/160 144/108/161
f 144/108/161 143/107/160 145/109/162
f 145/109/162 143/107/160 146/110/163
f 143/107/160 147/111/164 146/110/163
f 146/110/163 147/111/164 148/112/165
f 147/111/164 149/113/166 148/112/165
f 150/108/167 151/106/168 152/109/169
f 151/106/168 153/107/170 152/109/169
f 153/107/170 154/111/171 152/109/169
f 152/109/169 154/111/171 155/110/172
f 154/111/171 156/113/173 155/110/172
f 156/113/173 157/112/174 155/110/172
f 158/114/175 159/115/176 160/116/177
f 159/115/176 161/117/178 160/116/177
f 160/116/177 161/117/178 162/118/179
f 161/117/178 163/119/160 162/118/179
f 163/119/160 164/120/180 162/118/179
f 162/118/179 164/120/180 165/121/181
f 166/122/182 167/123/183 168/124/184
f 168/124/184 167/123/183 169/125/185
f 169/125/185 167/123/183 170/126/186
f 167/123/183 171/127/187 170/126/186
f 170/126/186 171/127/187 172/128/188
f 171/127/187 173/129/189 172/128/188
f 133/97/150 174/130/190 175/131/191
f 175/131/191 174/130/190 176/132/192
f 174/130/190 177/133/193 176/132/192
f 177/133/193 178/134/194 176/132/192
f 176/132/192 178/134/194 179/135/195
f 178/134/194 180/136/196 179/135/195
f 180/136/196 181/137/197 179/135/195
f 179/135/195 181/137/197 182/138/198
f 182/138/198 181/137/197 183/139/199
f 183/139/199 181/137/197 184/138/200
f 181/137/197 185/135/201 184/138/200
f 184/138/200 185/135/201 186/140/202
f 185/135/201 187/132/203 186/140/202
f 186/140/202 187/132/203 188/141/204
f 187/132/203 189/131/205 188/141/204
f 175/131/191 176/132/192 190/141/206
f 190/141/206 176/132/192 191/140/207
f 176/132/192 179/135/195 191/140/207
f 179/135/195 182/138/198 191/140/207
f 192/108/208 193/109/209 194/106/210
f 194/106/210 193/109/209 195/107/211
f 195/107/211 193/109/209 196/111/212
f 193/109/209 197/110/213 196/111/212
f 196/111/212 197/110/213 198/113/214
f 197/110/213 199/112/215 198/113/214
f 200/108/216 201/109/217 202/106/218
f 202/106/218 201/109/217 203/107/219
f 203/107/219 201/109/217 204/111/220
f 201/109/217 205/110/221 204/111/220
f 204/111/220 205/110/221 206/113/222
f 205/110/221 207/112/223 206/113/222
f 208/122/224 209/123/225 210/124/226
f 210/124/226 209/123/225 211/125/227
f 211/125/227 209/123/225 212/126/228
f 209/123/225 213/127/229 212/126/228
f 212/126/228 213/127/229 214/128/230
f 213/127/229 215/129/231 214/128/230
f 216/114/232 217/116/233 218/115/234
f 218/115/234 217/116/233 219/117/235
f 217/116/233 220/118/236 219/117/235
f 219/117/235 220/118/236 221/119/237
f 221/119/237 220/118/236 222/120/238
f 220/118/236 223/121/239 222/120/238
f 224/106/240 225/107/241 226/108/242
f 226/108/242 225/107/241 227/109/243
f 227/109/243 225/107/241 228/110/244
f 225/107/241 229/111/245 228/110/244
f 228/110/244 229/111/245 230/112/246
f 229/111/245 231/113/247 230/112/246
f 232/113/248 233/111/249 234/112/250
f 234/112/250 233/111/249 235/110/251
f 233/111/249 236/107/252 235/110/251
f 235/110/251 236/107/252 237/109/253
f 237/109/253 236/107/252 238/108/254
f 236/107/252 239/106/255 238/108/254
f 240/121/256 241/118/257 242/120/258
f 242/120/258 241/118/257 243/119/259
f 243/119/259 241/118/257 244/117/260
f 241/118/257 245/116/261 244/117/260
f 244/117/260 245/116/261 246/115/262
f 245/116/261 247/114/263 246/115/262
f 248/129/264 249/127/265 250/128/266
f 250/128/266 249/127/265 251/126/267
f 249/127/265 252/123/268 251/126/267
f 251/126/267 252/123/268 253/125/269
f 253/125/269 252/123/268 254/124/270
f 252/123/268 255/122/271 254/124/270
f 256/129/272 257/127/273 258/128/274
f 258/128/274 257/127/273 259/126/275
f 257/127/273 260/123/276 259/126/275
f 259/126/275 260/123/276 261/125/277
f 261/125/277 260/123/276 262/124/278
f 260/123/276 263/122/279 262/124/278
f 264/112/280 265/110/281 266/113/282
f 266/113/282 265/110/281 267/111/283
f 265/110/281 268/109/284 267/111/283
f 267/111/283 268/109/284 269/107/285
f 269/107/285 268/109/284 270/106/286
f 268/109/284 271/108/287 270/106/286
f 272/113/288 273/111/289 274/112/290
f 274/112/290 273/111/289 275/110/291
f 273/111/289 276/107/292 275/110/291
f 275/110/291 276/107/292 277/109/293
f 277/109/293 276/107/292 278/108/294
f 276/107/292 279/106/295 278/108/294
f 280/114/296 281/116/297 282/115/298
f 282/115/298 281/116/297 283/117/299
f 281/116/297 284/118/300 283/117/299
f 283/117/299 284/118/300 285/119/301
f 285/119/301 284/118/300 286/120/302
f 284/118/300 287/121/303 286/120/302
f 288/142/304 289/143/305 290/144/306
f 291/145/307 292/146/308 293/147/309
f 292/146/308 294/148/310 293/147/309
f 293/147/309 294/148/310 295/149/311
f 294/148/310 296/150/311 295/149/311
f 295/149/311 296/150/311 297/151/312
f 296/150/311 298/152/313 297/151/312
f 298/152/313 299/153/314 297/151/312
f 297/151/312 299/153/314 300/154/314
f 301/155/315 302/156/316 303/157/315
f 303/157/315 302/156/316 304/158/316
f 302/156/316 305/159/317 304/158/316
f 305/159/317 306/160/318 304/158/316
f 307/161/319 308/162/320 309/163/321
f 308/162/320 310/164/322 309/163/321
f 311/143/323 312/165/324 313/142/304
f 312/165/324 314/144/325 313/142/304
f 315/142/326 316/144/327 317/143/328
f 316/144/327 318/165/329 317/143/328
f 319/166/330 320/167/331 321/168/332
f 320/167/331 322/169/333 321/168/332
f 321/168/332 322/169/333 323/170/334
f 323/170/334 322/169/333 324/171/335
f 322/169/333 325/172/336 324/171/335
f 326/173/337 327/174/338 328/175/339
f 327/174/338 329/174/340 328/175/339
f 328/175/339 329/174/340 330/175/341
f 329/174/340 331/173/342 330/175/341
f 331/173/342 332/176/343 330/175/341
f 330/175/341 332/176/343 333/177/344
f 332/176/343 334/178/345 333/177/344
f 334/178/345 335/179/346 333/177/344
f 333/177/344 335/179/346 336/180/347
f 335/179/346 337/179/348 336/180/347
f 337/179/348 338/178/349 336/180/347
f 336/180/347 338/178/349 339/177/350
f 338/178/349 340/176/351 339/177/350
f 340/176/351 326/173/337 339/177/350
f 326/173/337 328/175/339 339/177/350
f 339/177/350 328/175/339 341/181/352
f 341/181/352 328/175/339 342/181/353
f 328/175/339 330/175/341 342/181/353
f 342/181/353 330/175/341 343/182/354
f 330/175/341 333/177/344 343/182/354
f 343/182/354 333/177/344 344/183/355
f 333/177/344 336/180/347 344/183/355
f 344/183/355 336/180/347 345/182/356
f 336/180/347 339/177/350 345/182/356
f 345/182/356 339/177/350 341/181/352
f 346/143/357 347/142/326 348/144/358
f 349/184/359 350/185/360 351/186/361
f 350/185/360 352/187/362 351/186/361
f 350/185/360 349/184/359 353/188/363
f 349/184/359 354/189/364 353/188/363
f 353/188/363 354/189/364 355/190/365
f 354/189/364 356/191/366 355/190/365
f 356/191/366 357/192/367 355/190/365
f 355/190/365 357/192/367 352/187/362
f 357/192/367 358/193/368 352/187/362
f 352/187/362 358/193/368 351/186/361
f 351/186/361 358/193/368 359/194/369
f 358/193/368 360/195/370 359/194/369
f 361/196/371 362/191/372 363/197/373
f 362/191/372 364/192/374 363/197/373
f 365/188/375 366/184/376 367/185/377
f 366/184/376 368/186/378 367/185/377
f 367/185/377 368/186/378 369/187/379
f 368/186/378 370/193/380 369/187/379
f 370/193/380 364/192/374 369/187/379
f 369/187/379 364/192/374 371/190/381
f 364/192/374 362/191/372 371/190/381
f 362/191/372 372/189/382 371/190/381
f 371/190/381 372/189/382 365/188/375
f 372/189/382 366/184/376 365/188/375
f 373/195/380 370/193/380 374/194/383
f 370/193/380 368/186/378 374/194/383
f 375/194/384 376/186/385 377/198/386
f 376/186/385 378/199/387 377/198/386
f 379/200/388 378/199/387 380/184/389
f 378/199/387 376/186/385 380/184/389
f 381/189/390 382/201/391 380/184/389
f 382/201/391 383/202/359 380/184/389
f 384/203/364 381/189/390 385/204/392
f 381/189/390 386/205/393 385/204/392
f 385/204/392 386/205/393 387/206/394
f 387/206/394 386/205/393 388/191/395
f 386/205/393 389/207/396 388/191/395
f 389/207/396 390/192/397 388/191/395
f 391/203/398 387/206/394 392/189/399
f 387/206/394 388/191/395 392/189/399
f 393/208/400 394/195/401 395/209/400
f 394/195/401 396/193/401 395/209/400
f 396/193/401 390/192/397 395/209/400
f 395/209/400 390/192/397 397/210/402
f 390/192/397 389/207/396 397/210/402
f 397/210/402 389/207/396 398/211/403
f 399/202/404 400/201/398 401/184/405
f 400/201/398 392/189/399 401/184/405
f 402/194/406 403/198/407 404/186/408
f 403/198/407 405/199/409 404/186/408
f 404/186/408 405/199/409 401/184/405
f 405/199/409 406/200/410 401/184/405
f 407/208/411 408/209/411 409/195/412
f 409/195/412 408/209/411 410/193/412
f 410/193/412 408/209/411 389/207/396
f 408/209/411 411/210/413 389/207/396
f 409/195/412 410/193/412 375/194/384
f 410/193/412 376/186/385 375/194/384
f 389/207/396 386/205/393 412/190/414
f 386/205/393 381/189/390 412/190/414
f 412/190/414 381/189/390 413/188/415
f 381/189/390 380/184/389 413/188/415
f 413/188/415 380/184/389 414/185/416
f 380/184/389 376/186/385 414/185/416
f 414/185/416 376/186/385 415/187/417
f 376/186/385 410/193/412 415/187/417
f 410/193/412 389/207/396 415/187/417
f 415/187/417 389/207/396 412/190/414
f 416/212/418 417/213/419 418/214/420
f 418/214/420 417/213/419 419/215/421
f 417/213/419 420/216/422 419/215/421
f 420/216/422 421/217/423 419/215/421
f 401/184/405 422/185/424 404/186/408
f 422/185/424 423/187/425 404/186/408
f 422/185/424 401/184/405 424/188/426
f 401/184/405 392/189/399 424/188/426
f 424/188/426 392/189/399 425/190/427
f 392/189/399 388/191/395 425/190/427
f 388/191/395 390/192/397 425/190/427
f 425/190/427 390/192/397 423/187/425
f 390/192/397 396/193/401 423/187/425
f 423/187/425 396/193/401 404/186/408
f 404/186/408 396/193/401 402/194/406
f 396/193/401 394/195/401 402/194/406
f 426/218/428 427/219/429 428/220/430
f 428/220/430 427/219/429 429/220/431
f 427/219/429 430/219/432 429/220/431
f 431/221/433 432/221/434 433/222/435
f 433/222/435 432/221/434 434/222/436
f 432/221/434 435/221/437 434/222/436
f 434/222/436 435/221/437 436/223/438
f 435/221/437 437/224/439 436/223/438
f 436/223/438 437/224/439 438/225/440
f 437/224/439 439/224/441 438/225/440
f 438/225/440 439/224/441 440/225/442
f 439/224/441 441/225/443 440/225/442
f 440/225/442 441/225/443 430/219/432
f 441/225/443 442/219/444 430/219/432
f 430/219/432 442/219/444 429/220/431
f 429/220/431 442/219/444 443/220/445
f 442/219/444 444/223/446 443/220/445
f 443/220/445 444/223/446 445/218/447
f 444/223/446 446/222/448 445/218/447
f 445/218/447 446/222/448 447/226/449
f 447/226/449 446/222/448 448/226/450
f 446/222/448 433/222/435 448/226/450
f 448/226/450 433/222/435 449/226/451
f 433/222/435 434/222/436 449/226/451
f 449/226/451 434/222/436 426/218/428
f 434/222/436 436/223/438 426/218/428
f 426/218/428 436/223/438 427/219/429
f 436/223/438 438/225/440 427/219/429
f 427/219/429 438/225/440 430/219/432
f 438/225/440 440/225/442 430/219/432
f 450/224/452 431/221/433 444/223/446
f 444/223/446 431/221/433 446/222/448
f 431/221/433 433/222/435 446/222/448
f 437/224/439 435/221/437 439/224/441
f 435/221/437 432/221/434 439/224/441
f 432/221/434 431/221/433 439/224/441
f 431/221/433 450/224/452 439/224/441
f 439/224/441 450/224/452 441/225/443
f 441/225/443 450/224/452 442/219/444
f 450/224/452 444/223/446 442/219/444
f 451/227/453 452/228/454 453/229/455
f 452/228/454 454/230/456 453/229/455
f 455/229/457 456/230/458 457/227/459
f 456/230/458 458/228/460 457/227/459
f 459/231/461 460/232/462 461/233/463
f 460/232/462 462/234/464 461/233/463
f 461/233/463 462/234/464 463/235/465
f 464/236/466 465/237/467 459/231/461
f 465/237/467 466/238/468 459/231/461
f 463/235/465 467/239/469 468/240/470
f 467/239/469 469/241/471 468/240/470
f 464/236/466 470/242/472 471/243/473
f 471/243/473 470/242/472 472/244/474
f 470/242/472 468/240/470 472/244/474
f 464/236/466 459/231/461 470/242/472
f 459/231/461 461/233/463 470/242/472
f 470/242/472 461/233/463 468/240/470
f 461/233/463 463/235/465 468/240/470
f 473/241/475 474/239/476 475/240/477
f 474/239/476 476/235/478 475/240/477
f 477/231/479 478/233/480 479/232/481
f 479/232/481 478/233/480 480/234/482
f 478/233/480 476/235/478 480/234/482
f 475/240/477 481/242/483 482/244/484
f 482/244/484 481/242/483 483/243/485
f 481/242/483 484/236/486 483/243/485
f 485/238/487 486/237/488 477/231/479
f 486/237/488 484/236/486 477/231/479
f 484/236/486 481/242/483 477/231/479
f 477/231/479 481/242/483 478/233/480
f 481/242/483 475/240/477 478/233/480
f 478/233/480 475/240/477 476/235/478
f 487/143/489 488/142/326 489/144/358
f 490/245/490 491/246/491 492/247/492
f 491/246/491 493/248/493 492/247/492
f 492/247/492 493/248/493 494/249/494
f 493/248/493 495/250/495 494/249/494
f 494/249/494 495/250/495 496/251/496
f 495/250/495 497/252/497 496/251/496
f 496/251/496 497/252/497 498/253/498
f 497/252/497 499/254/499 498/253/498
f 498/253/498 499/254/499 500/255/500
f 499/254/499 501/256/501 500/255/500
f 500/255/500 501/256/501 502/257/502
f 501/256/501 503/258/503 502/257/502
f 502/257/502 503/258/503 504/259/504
f 503/258/503 505/260/505 504/259/504
f 504/259/504 505/260/505 506/261/506
f 505/260/505 507/262/507 506/261/506
f 506/261/506 507/262/507 508/263/508
f 507/262/507 509/264/509 508/263/508
f 508/263/508 509/264/509 510/265/510
f 509/264/509 511/266/511 510/265/510
f 424/188/426 512/267/512 422/185/424
f 422/185/424 512/267/512 423/187/425
f 512/267/512 513/268/513 423/187/425
f 513/268/513 514/269/514 423/187/425
f 423/187/425 514/269/514 425/190/427
f 425/190/427 514/269/514 424/188/426
f 514/269/514 515/270/515 424/188/426
f 424/188/426 515/270/515 512/267/512
f 516/142/304 517/143/516 518/144/306
f 519/271/517 520/272/518 521/273/519
f 520/272/518 522/274/520 521/273/519
f 521/273/519 522/274/520 523/275/521
f 522/274/520 524/276/522 523/275/521
f 525/277/523 526/278/524 527/279/525
f 526/278/524 528/280/526 527/279/525
f 527/279/525 528/280/526 529/281/527
f 529/281/527 528/280/526 530/279/528
f 528/280/526 531/278/529 530/279/528
f 530/279/528 531/278/529 532/277/530
f 533/212/531 534/213/304 535/214/532
f 535/214/532 534/213/304 536/215/533
f 534/213/304 537/216/534 536/215/533
f 537/216/534 538/217/423 536/215/533
f 539/271/535 540/272/536 541/282/537
f 540/272/536 542/283/538 541/282/537
f 542/283/538 543/284/539 541/282/537
f 541/282/537 543/284/539 544/285/540
f 544/285/540 543/284/539 545/286/541
f 543/284/539 546/287/542 545/286/541
f 546/287/542 547/288/543 545/286/541
f 545/286/541 547/288/543 548/289/544
f 549/290/545 547/288/543 550/291/546
f 547/288/543 546/287/542 550/291/546
f 550/291/546 546/287/542 551/292/547
f 551/292/547 546/287/542 552/293/548
f 546/287/542 543/284/539 552/293/548
f 552/293/548 543/284/539 553/294/549
f 553/294/549 543/284/539 554/295/550
f 543/284/539 542/283/538 554/295/550
f 554/295/550 542/283/538 555/296/551
f 542/283/538 540/272/536 555/296/551
f 555/296/551 540/272/536 556/297/552
f 556/297/552 540/272/536 557/298/553
f 540/272/536 558/299/554 557/298/553
f 549/290/545 559/300/555 547/288/543
f 559/300/555 560/301/556 547/288/543
f 547/288/543 560/301/556 548/289/544
f 560/301/556 561/302/557 548/289/544
f 548/289/544 561/302/557 562/303/558
f 561/302/557 563/304/559 562/303/558
f 563/304/559 564/305/560 562/303/558
f 562/303/558 564/305/560 565/306/561
f 564/305/560 566/307/562 565/306/561
f 566/307/562 567/305/563 565/306/561
f 565/306/561 567/305/563 568/303/564
f 567/305/563 569/304/565 568/303/564
f 569/304/565 570/302/566 568/303/564
f 568/303/564 570/302/566 571/289/567
f 570/302/566 572/301/568 571/289/567
f 571/289/567 572/301/568 573/288/569
f 572/301/568 574/300/570 573/288/569
f 574/300/570 575/290/571 573/288/569
f 575/290/571 576/291/572 573/288/569
f 573/288/569 576/291/572 577/287/573
f 576/291/572 578/292/574 577/287/573
f 578/292/574 579/293/575 577/287/573
f 577/287/573 579/293/575 580/284/576
f 579/293/575 581/294/577 580/284/576
f 581/294/577 582/295/578 580/284/576
f 580/284/576 582/295/578 583/283/579
f 582/295/578 584/296/580 583/283/579
f 583/283/579 584/296/580 520/272/518
f 584/296/580 585/297/581 520/272/518
f 585/297/581 586/298/582 520/272/518
f 520/272/518 586/298/582 587/299/583
f 571/289/567 573/288/569 588/286/584
f 573/288/569 577/287/573 588/286/584
f 577/287/573 580/284/576 588/286/584
f 588/286/584 580/284/576 589/285/585
f 589/285/585 580/284/576 590/282/586
f 580/284/576 583/283/579 590/282/586
f 583/283/579 520/272/518 590/282/586
f 590/282/586 520/272/518 519/271/517
f 591/143/489 592/142/326 593/144/358
f 520/272/518 587/299/583 522/274/520
f 587/299/583 594/308/587 522/274/520
f 594/308/587 595/309/588 522/274/520
f 522/274/520 595/309/588 524/276/522
f 595/309/588 596/310/589 524/276/522
f 597/311/590 598/312/591 599/313/592
f 598/312/591 600/314/593 599/313/592
f 600/314/593 601/315/594 599/313/592
f 599/313/592 601/315/594 597/311/590
f 601/315/594 602/316/595 597/311/590
f 521/273/519 603/317/596 604/318/597
f 604/318/597 603/317/596 605/319/598
f 603/317/596 606/318/599 605/319/598
f 606/318/599 600/314/593 605/319/598
f 605/319/598 600/314/593 604/318/597
f 600/314/593 598/312/591 604/318/597
f 604/318/597 598/312/591 521/273/519
f 521/273/519 598/312/591 519/271/517
f 598/312/591 597/311/590 519/271/517
f 519/271/517 597/311/590 590/282/586
f 588/286/584 589/285/585 571/289/567
f 589/285/585 590/282/586 571/289/567
f 590/282/586 597/311/590 571/289/567
f 571/289/567 597/311/590 568/303/564
f 568/303/564 597/311/590 565/306/561
f 597/311/590 602/316/595 565/306/561
f 565/306/561 602/316/595 607/311/600
f 602/316/595 601/315/594 607/311/600
f 607/311/600 601/315/594 608/313/601
f 601/315/594 600/314/593 608/313/601
f 608/313/601 600/314/593 609/312/602
f 600/314/593 606/318/599 609/312/602
f 609/312/602 606/318/599 610/273/603
f 606/318/599 603/317/596 610/273/603
f 610/273/603 603/317/596 611/320/604
f 603/317/596 521/273/519 611/320/604
f 611/320/604 521/273/519 523/275/521
f 611/320/604 612/275/605 610/273/603
f 541/282/537 607/311/600 539/271/535
f 539/271/535 607/311/600 609/312/602
f 607/311/600 608/313/601 609/312/602
f 610/273/603 539/271/535 609/312/602
f 565/306/561 607/311/600 562/303/558
f 562/303/558 607/311/600 548/289/544
f 607/311/600 541/282/537 548/289/544
f 541/282/537 544/285/540 548/289/544
f 548/289/544 544/285/540 545/286/541
f 140/104/157 613/321/606 138/102/155
f 613/321/606 614/322/607 138/102/155
f 138/102/155 614/322/607 135/99/152
f 135/99/152 614/322/607 174/130/190
f 614/322/607 177/133/193 174/130/190
f 135/99/152 174/130/190 133/97/150
f 180/136/196 178/134/194 613/321/606
f 613/321/606 178/134/194 614/322/607
f 178/134/194 177/133/193 614/322/607
f 187/132/203 185/135/201 615/134/608
f 615/134/608 185/135/201 180/136/196
f 185/135/201 181/137/197 180/136/196
f 616/323/609 617/104/610 618/321/611
f 617/104/610 619/102/612 618/321/611
f 618/321/611 619/102/612 620/322/613
f 619/102/612 621/99/614 620/322/613
f 620/322/613 621/99/614 622/130/615
f 621/99/614 623/97/616 622/130/615
f 623/97/616 189/131/205 622/130/615
f 189/131/205 187/132/203 622/130/615
f 622/130/615 187/132/203 624/133/617
f 187/132/203 615/134/608 624/133/617
f 624/133/617 615/134/608 620/322/613
f 620/322/613 615/134/608 618/321/611
f 615/134/608 180/136/196 618/321/611
f 618/321/611 180/136/196 625/136/618
f 180/136/196 613/321/606 625/136/618
f 625/136/618 613/321/606 616/323/609
f 613/321/606 140/104/157 616/323/609
f 140/104/157 141/105/158 616/323/609
f 616/323/609 141/105/158 617/104/610
f 141/105/158 626/103/619 617/104/610
f 617/104/610 626/103/619 619/102/612
f 626/103/619 627/101/620 619/102/612
f 619/102/612 627/101/620 621/99/614
f 627/101/620 628/100/621 621/99/614
f 628/100/621 629/98/622 621/99/614
f 621/99/614 629/98/622 623/97/616
f 618/321/611 625/136/618 616/323/609
f 622/130/615 624/133/617 620/322/613
f 630/324/623 631/325/624 632/326/625
f 631/325/624 633/327/626 632/326/625
f 632/326/625 633/327/626 634/328/627
f 633/327/626 635/329/628 634/328/627
f 634/328/627 635/329/628 636/330/629
f 635/329/628 637/331/630 636/330/629
f 638/332/631 639/333/632 640/334/633
f 639/333/632 641/335/634 640/334/633
f 640/334/633 641/335/634 642/336/635
f 641/335/634 132/96/149 642/336/635
f 132/96/149 130/94/148 642/336/635
f 642/336/635 130/94/148 643/337/636
f 130/94/148 128/92/146 643/337/636
f 643/337/636 128/92/146 644/338/637
f 128/92/146 126/90/144 644/338/637
f 644/338/637 126/90/144 645/339/638
f 126/90/144 124/88/142 645/339/638
f 645/339/638 124/88/142 646/340/639
f 124/88/142 122/86/140 646/340/639
f 122/86/140 120/84/138 646/340/639
f 120/84/138 647/341/634 646/340/639
f 647/341/634 648/342/632 646/340/639
f 646/340/639 648/342/632 630/324/623
f 648/342/632 649/343/640 630/324/623
f 630/324/623 649/343/640 631/325/624
f 649/343/640 110/74/130 631/325/624
f 110/74/130 112/76/132 631/325/624
f 631/325/624 112/76/132 633/327/626
f 112/76/132 114/78/134 633/327/626
f 633/327/626 114/78/134 635/329/628
f 114/78/134 116/80/136 635/329/628
f 635/329/628 116/80/136 637/331/630
f 116/80/136 118/82/127 637/331/630
f 118/82/127 638/332/631 637/331/630
f 638/332/631 640/334/633 637/331/630
f 637/331/630 640/334/633 636/330/629
f 640/334/633 642/336/635 636/330/629
f 642/336/635 643/337/636 636/330/629
f 636/330/629 643/337/636 634/328/627
f 643/337/636 644/338/637 634/328/627
f 634/328/627 644/338/637 632/326/625
f 644/338/637 645/339/638 632/326/625
f 632/326/625 645/339/638 630/324/623
f 645/339/638 646/340/639 630/324/623
f 648/342/632 650/344/631 649/343/640
f 650/344/631 107/71/127 649/343/640
f 107/71/127 108/72/128 649/343/640
f 649/343/640 108/72/128 110/74/130
f 651/142/304 652/143/516 653/144/306
f 654/345/641 655/346/642 656/347/643
f 655/346/642 657/348/644 656/347/643
f 657/348/644 658/349/645 656/347/643
f 656/347/643 658/349/645 659/350/646
f 658/349/645 660/351/647 659/350/646
f 659/350/646 660/351/647 661/352/648
f 660/351/647 662/349/649 661/352/648
f 661/352/648 662/349/649 663/350/650
f 662/349/649 664/348/651 663/350/650
f 663/350/650 664/348/651 665/347/652
f 665/347/652 664/348/651 666/345/653
f 664/348/651 667/346/654 666/345/653
f 668/353/655 667/346/654 669/354/656
f 667/346/654 664/348/651 669/354/656
f 669/354/656 664/348/651 670/355/657
f 664/348/651 662/349/649 670/355/657
f 670/355/657 662/349/649 671/356/658
f 662/349/649 660/351/647 671/356/658
f 671/356/658 660/351/647 672/355/659
f 660/351/647 658/349/645 672/355/659
f 672/355/659 658/349/645 673/354/660
f 658/349/645 657/348/644 673/354/660
f 657/348/644 655/346/642 673/354/660
f 673/354/660 655/346/642 674/353/661
f 675/212/531 676/213/662 677/214/532
f 677/214/532 676/213/662 678/215/663
f 676/213/662 679/216/534 678/215/663
f 679/216/534 680/217/423 678/215/663
f 681/357/664 682/357/665 683/358/666
f 682/357/665 684/359/667 683/358/666
f 683/358/666 684/359/667 685/360/668
f 684/359/667 686/361/669 685/360/668
f 685/360/668 686/361/669 687/362/670
f 686/361/669 688/363/671 687/362/670
f 687/362/670 688/363/671 689/360/672
f 688/363/671 690/361/673 689/360/672
f 690/361/673 691/359/674 689/360/672
f 689/360/672 691/359/674 692/358/675
f 692/358/675 691/359/674 693/357/676
f 691/359/674 694/357/677 693/357/676
f 693/357/676 695/364/678 692/358/675
f 695/364/678 696/365/679 692/358/675
f 692/358/675 696/365/679 689/360/672
f 696/365/679 697/366/680 689/360/672
f 689/360/672 697/366/680 687/362/670
f 697/366/680 698/367/681 687/362/670
f 687/362/670 698/367/681 685/360/668
f 698/367/681 699/366/682 685/360/668
f 685/360/668 699/366/682 683/358/666
f 699/366/682 700/365/683 683/358/666
f 683/358/666 700/365/683 681/357/664
f 681/357/664 700/365/683 701/364/684
f 702/143/489 703/142/326 704/144/358
f 596/310/589 705/368/685 524/276/522
f 705/368/685 706/369/686 524/276/522
f 524/276/522 706/369/686 707/370/687
f 706/369/686 708/371/688 707/370/687
f 708/371/688 709/372/689 707/370/687
f 709/372/689 710/373/690 707/370/687
f 707/370/687 710/373/690 711/374/691
f 710/373/690 712/375/692 711/374/691
f 712/375/692 713/376/693 711/374/691
f 711/374/691 713/376/693 714/377/694
f 713/376/693 715/378/695 714/377/694
f 715/378/695 716/379/696 714/377/694
f 714/377/694 716/379/696 717/380/697
f 716/379/696 718/381/698 717/380/697
f 718/381/698 719/382/699 717/380/697
f 717/380/697 719/382/699 720/383/700
f 719/382/699 721/384/701 720/383/700
f 721/384/701 722/385/702 720/383/700
f 720/383/700 722/385/702 527/279/525
f 722/385/702 723/386/703 527/279/525
f 723/386/703 724/387/704 527/279/525
f 724/387/704 725/388/705 527/279/525
f 527/279/525 725/388/705 525/277/523
f 726/389/706 727/390/707 720/383/700
f 720/383/700 727/390/707 717/380/697
f 717/380/697 727/390/707 714/377/694
f 727/390/707 728/391/708 714/377/694
f 714/377/694 728/391/708 711/374/691
f 711/374/691 728/391/708 707/370/687
f 728/391/708 729/392/709 707/370/687
f 707/370/687 729/392/709 524/276/522
f 524/276/522 729/392/709 523/275/521
f 729/392/709 611/320/604 523/275/521
f 730/178/710 731/180/711 732/179/712
f 732/179/712 731/180/711 733/179/713
f 731/180/711 734/177/714 733/179/713
f 733/179/713 734/177/714 735/178/715
f 735/178/715 734/177/714 736/176/716
f 734/177/714 737/175/717 736/176/716
f 736/176/716 737/175/717 738/173/718
f 738/173/718 737/175/717 739/174/719
f 737/175/717 740/175/720 739/174/719
f 739/174/719 740/175/720 741/174/721
f 741/174/721 740/175/720 742/173/722
f 740/175/720 743/177/723 742/173/722
f 742/173/722 743/177/723 744/176/724
f 744/176/724 743/177/723 730/178/710
f 730/178/710 743/177/723 731/180/711
f 743/177/723 745/182/725 731/180/711
f 745/182/725 746/183/726 731/180/711
f 731/180/711 746/183/726 734/177/714
f 746/183/726 747/182/727 734/177/714
f 734/177/714 747/182/727 737/175/717
f 747/182/727 748/181/728 737/175/717
f 737/175/717 748/181/728 740/175/720
f 748/181/728 749/181/729 740/175/720
f 740/175/720 749/181/729 743/177/723
f 749/181/729 745/182/725 743/177/723
f 750/310/730 751/276/731 752/368/732
f 752/368/732 751/276/731 753/369/733
f 751/276/731 754/370/734 753/369/733
f 753/369/733 754/370/734 755/371/735
f 755/371/735 754/370/734 756/372/736
f 756/372/736 754/370/734 757/373/737
f 754/370/734 758/374/738 757/373/737
f 757/373/737 758/374/738 759/375/739
f 759/375/739 758/374/738 760/376/740
f 758/374/738 761/377/741 760/376/740
f 760/376/740 761/377/741 762/378/742
f 762/378/742 761/377/741 763/379/743
f 761/377/741 764/380/744 763/379/743
f 763/379/743 764/380/744 765/381/745
f 765/381/745 764/380/744 766/382/746
f 764/380/744 767/383/747 766/382/746
f 766/382/746 767/383/747 768/384/748
f 768/384/748 767/383/747 769/385/749
f 767/383/747 530/279/528 769/385/749
f 769/385/749 530/279/528 770/386/750
f 770/386/750 530/279/528 771/387/751
f 771/387/751 530/279/528 772/388/752
f 530/279/528 532/277/530 772/388/752
f 611/320/604 773/392/753 612/275/605
f 612/275/605 773/392/753 751/276/731
f 751/276/731 773/392/753 754/370/734
f 773/392/753 774/391/754 754/370/734
f 754/370/734 774/391/754 758/374/738
f 758/374/738 774/391/754 761/377/741
f 774/391/754 775/390/755 761/377/741
f 761/377/741 775/390/755 764/380/744
f 764/380/744 775/390/755 767/383/747
f 775/390/755 776/389/756 767/383/747
f 694/357/677 691/359/674 777/393/757
f 777/393/757 691/359/674 778/394/758
f 778/394/758 691/359/674 779/395/759
f 691/359/674 690/361/673 779/395/759
f 779/395/759 690/361/673 780/396/760
f 690/361/673 688/363/671 780/396/760
f 780/396/760 688/363/671 781/395/761
f 688/363/671 686/361/669 781/395/761
f 781/395/761 686/361/669 782/394/762
f 686/361/669 684/359/667 782/394/762
f 684/359/667 682/357/665 782/394/762
f 782/394/762 682/357/665 783/393/763
f 668/353/655 669/354/656 784/397/764
f 784/397/764 669/354/656 785/398/765
f 785/398/765 669/354/656 786/399/766
f 669/354/656 670/355/657 786/399/766
f 786/399/766 670/355/657 787/400/767
f 670/355/657 671/356/658 787/400/767
f 787/400/767 671/356/658 788/399/768
f 671/356/658 672/355/659 788/399/768
f 788/399/768 672/355/659 789/398/769
f 672/355/659 673/354/660 789/398/769
f 673/354/660 674/353/661 789/398/769
f 789/398/769 674/353/661 790/397/770
f 791/269/771 792/268/772 415/187/417
f 792/268/772 793/267/773 415/187/417
f 415/187/417 793/267/773 414/185/416
f 414/185/416 793/267/773 413/188/415
f 793/267/773 794/270/774 413/188/415
f 794/270/774 791/269/771 413/188/415
f 413/188/415 791/269/771 412/190/414
f 791/269/771 415/187/417 412/190/414
f 795/142/304 796/143/516 797/144/306
f 798/401/775 799/402/776 800/403/777
f 800/403/777 799/402/776 801/404/778
f 799/402/776 802/405/779 801/404/778
f 801/404/778 802/405/779 803/406/780
f 802/405/779 804/407/781 803/406/780
f 804/407/781 805/408/782 803/406/780
f 803/406/780 805/408/782 806/409/783
f 806/409/783 805/408/782 807/410/784
f 805/408/782 808/411/785 807/410/784
f 808/411/785 809/412/786 807/410/784
f 807/410/784 809/412/786 810/413/787
f 809/412/786 811/414/788 810/413/787
f 810/413/787 811/414/788 812/415/789
f 811/414/788 813/416/790 812/415/789
f 814/212/531 815/213/304 816/214/532
f 816/214/532 815/213/304 817/215/533
f 815/213/304 818/216/534 817/215/533
f 818/216/534 819/217/423 817/215/533
f 751/276/731 820/274/791 612/275/605
f 612/275/605 820/274/791 610/273/603
f 820/274/791 540/272/536 610/273/603
f 610/273/603 540/272/536 539/271/535
f 727/390/707 726/389/706 728/391/708
f 728/391/708 726/389/706 729/392/709
f 726/389/706 529/281/527 729/392/709
f 729/392/709 529/281/527 611/320/604
f 611/320/604 529/281/527 773/392/753
f 529/281/527 776/389/756 773/392/753
f 773/392/753 776/389/756 774/391/754
f 776/389/756 775/390/755 774/391/754
f 529/281/527 726/389/706 527/279/525
f 527/279/525 726/389/706 720/383/700
f 529/281/527 530/279/528 776/389/756
f 776/389/756 530/279/528 767/383/747
f 821/417/792 822/418/793 823/419/794
f 822/418/793 824/417/795 823/419/794
f 824/417/795 825/420/796 823/419/794
f 825/420/796 826/421/797 823/419/794
f 826/421/797 827/422/798 823/419/794
f 827/422/798 828/421/799 823/419/794
f 828/421/799 829/420/800 823/419/794
f 823/419/794 829/420/800 821/417/792
f 830/423/801 831/424/802 832/425/803
f 832/425/803 831/424/802 833/426/804
f 833/426/804 831/424/802 96/66/116
f 831/424/802 95/65/115 96/66/116
f 834/212/805 835/213/304 836/214/806
f 836/214/806 835/213/304 837/215/533
f 835/213/304 838/216/534 837/215/533
f 838/216/534 839/217/807 837/215/533
f 540/272/536 820/274/791 558/299/554
f 558/299/554 820/274/791 840/308/808
f 840/308/808 820/274/791 841/309/809
f 820/274/791 751/276/731 841/309/809
f 751/276/731 750/310/730 841/309/809
f 842/427/810 843/428/811 844/429/812
f 843/428/811 845/430/813 844/429/812
f 845/430/813 846/431/814 844/429/812
f 846/431/814 847/432/815 844/429/812
f 847/432/815 848/433/816 844/429/812
f 848/433/816 849/434/817 844/429/812
f 849/434/817 850/435/818 844/429/812
f 850/435/818 851/436/819 844/429/812
f 851/436/819 852/437/820 844/429/812
f 844/429/812 852/437/820 842/427/810
f 103/65/123 853/424/821 104/66/124
f 104/66/124 853/424/821 854/426/822
f 854/426/822 853/424/821 855/425/823
f 853/424/821 856/423/824 855/425/823
f 857/438/825 858/439/826 859/440/827
f 858/439/826 860/441/828 859/440/827
f 860/441/828 861/442/829 859/440/827
f 861/442/829 862/443/830 859/440/827
f 862/443/830 863/443/831 859/440/827
f 863/443/831 864/442/832 859/440/827
f 864/442/832 865/441/833 859/440/827
f 865/441/833 866/439/834 859/440/827
f 866/439/834 867/438/835 859/440/827
f 859/440/827 867/438/835 857/438/825
f 868/438/836 869/438/837 870/440/838
f 869/438/837 871/439/839 870/440/838
f 871/439/839 872/441/840 870/440/838
f 872/441/840 873/442/841 870/440/838
f 873/442/841 874/443/842 870/440/838
f 874/443/842 875/443/843 870/440/838
f 875/443/843 876/442/844 870/440/838
f 876/442/844 877/441/845 870/440/838
f 877/441/845 878/439/846 870/440/838
f 870/440/838 878/439/846 868/438/836
f 879/172/847 880/169/848 881/171/849
f 881/171/849 880/169/848 882/170/850
f 882/170/850 880/169/848 883/168/851
f 880/169/848 884/167/852 883/168/851
f 883/168/851 884/167/852 885/166/853
f 886/444/854 887/445/855 888/446/856
f 889/447/857 890/448/858 891/449/859
f 892/450/860 893/451/861 894/452/862
f 893/451/861 895/453/863 894/452/862
f 894/452/862 895/453/863 896/454/864
f 897/455/865 898/456/866 899/457/857
f 900/458/867 901/459/868 894/452/862
f 902/460/869 903/461/870 904/460/871
f 903/461/870 905/462/872 904/460/871
f 906/463/873 907/464/874 908/465/875
f 907/464/874 909/466/876 908/465/875
f 908/465/875 909/466/876 910/467/877
f 911/468/878 912/469/879 913/470/880
f 913/470/880 912/469/879 914/471/881
f 912/469/879 915/472/882 914/471/881
f 914/471/881 915/472/882 916/473/883
f 915/472/882 917/474/884 916/473/883
f 916/473/883 917/474/884 918/475/885
f 919/476/886 920/477/887 921/478/888
f 905/462/872 922/479/889 904/460/871
f 904/460/871 922/479/889 923/480/890
f 923/480/890 922/479/889 924/481/891
f 922/479/889 925/476/207 924/481/891
f 924/481/891 925/476/207 926/482/892
f 927/483/893 928/483/894 929/482/895
f 894/452/862 896/454/864 900/458/867
f 930/484/896 931/485/897 932/486/898
f 911/468/878 913/470/880 892/450/860
f 933/487/899 919/476/886 934/488/900
f 919/476/886 921/478/888 934/488/900
f 886/444/854 935/489/901 887/445/855
f 935/489/901 936/490/902 887/445/855
f 887/445/855 936/490/902 937/491/903
f 936/490/902 930/484/896 937/491/903
f 930/484/896 932/486/898 937/491/903
f 937/491/903 932/486/898 938/492/904
f 938/492/904 932/486/898 901/459/868
f 932/486/898 939/493/905 901/459/868
f 901/459/868 939/493/905 894/452/862
f 940/494/906 941/495/907 942/496/908
f 943/497/909 944/498/910 945/499/911
f 944/498/910 946/500/912 945/499/911
f 945/499/911 946/500/912 940/494/906
f 940/494/906 946/500/912 947/501/913
f 946/500/912 944/498/910 947/501/913
f 947/501/913 944/498/910 948/502/914
f 948/502/914 944/498/910 949/503/915
f 944/498/910 950/504/916 949/503/915
f 949/503/915 950/504/916 951/505/917
f 903/461/870 902/460/869 952/461/918
f 953/506/919 954/507/920 955/508/921
f 954/507/920 956/509/922 955/508/921
f 956/509/922 957/510/923 955/508/921
f 958/511/924 959/512/925 960/513/926
f 918/475/885 917/474/884 951/505/917
f 917/474/884 961/514/927 951/505/917
f 951/505/917 961/514/927 949/503/915
f 961/514/927 962/515/928 949/503/915
f 949/503/915 962/515/928 948/502/914
f 963/516/929 964/517/930 965/518/931
f 965/518/931 964/517/930 966/519/932
f 964/517/930 967/520/933 966/519/932
f 966/519/932 967/520/933 968/521/934
f 967/520/933 969/522/935 968/521/934
f 968/521/934 969/522/935 935/489/901
f 970/523/936 941/495/907 940/494/906
f 886/444/854 971/524/937 935/489/901
f 935/489/901 971/524/937 968/521/934
f 971/524/937 972/525/938 968/521/934
f 968/521/934 972/525/938 966/519/932
f 972/525/938 973/526/939 966/519/932
f 966/519/932 973/526/939 965/518/931
f 973/526/939 974/527/940 965/518/931
f 974/527/940 975/528/941 965/518/931
f 965/518/931 975/528/941 963/516/929
f 953/506/919 955/508/921 976/529/942
f 976/529/942 955/508/921 957/510/923
f 977/530/943 978/531/944 970/523/936
f 970/523/936 978/531/944 941/495/907
f 978/531/944 979/532/945 941/495/907
f 979/532/945 942/496/908 941/495/907
f 980/533/946 981/534/947 982/535/948
f 981/534/947 983/536/949 982/535/948
f 984/535/950 985/536/951 986/534/952
f 986/534/952 985/536/951 987/537/953
f 985/536/951 988/538/954 987/537/953
f 982/535/948 983/536/949 989/539/955
f 983/536/949 990/540/956 989/539/955
f 988/538/954 985/536/951 991/541/957
f 991/541/957 985/536/951 992/540/958
f 992/540/958 985/536/951 993/539/959
f 985/536/951 984/535/950 993/539/959
f 938/492/904 994/542/960 937/491/903
f 937/491/903 994/542/960 887/445/855
f 994/542/960 888/446/856 887/445/855
f 895/453/863 893/451/861 995/543/961
f 893/451/861 892/450/860 995/543/961
f 892/450/860 913/470/880 995/543/961
f 913/470/880 914/471/881 995/543/961
f 914/471/881 996/544/962 995/543/961
f 996/544/962 997/545/963 995/543/961
f 995/543/961 997/545/963 895/453/863
f 997/545/963 998/546/964 895/453/863
f 895/453/863 998/546/964 999/547/965
f 998/546/964 1000/548/966 999/547/965
f 1000/548/966 1001/549/967 999/547/965
f 1001/549/967 1002/550/968 999/547/965
f 1002/550/968 1003/551/969 999/547/965
f 999/547/965 1003/551/969 896/454/864
f 896/454/864 1003/551/969 900/458/867
f 1003/551/969 889/447/857 900/458/867
f 889/447/857 891/449/859 900/458/867
f 891/449/859 938/492/904 900/458/867
f 900/458/867 938/492/904 901/459/868
f 895/453/863 999/547/965 896/454/864
f 1004/552/970 1005/553/971 1006/554/972
f 1006/554/972 1005/553/971 899/457/857
f 1005/553/971 1007/555/973 899/457/857
f 899/457/857 1007/555/973 897/455/865
f 929/482/895 926/482/892 927/483/893
f 910/467/877 1008/556/974 908/465/875
f 1008/556/974 906/463/873 908/465/875
f 903/461/870 952/461/918 1009/461/975
f 1009/461/975 952/461/918 920/477/887
f 920/477/887 952/461/918 921/478/888
f 921/478/888 952/461/918 1010/557/976
f 952/461/918 1011/558/977 1010/557/976
f 1010/557/976 1011/558/977 1012/559/978
f 1011/558/977 1013/560/979 1012/559/978
f 1012/559/978 1013/560/979 1014/561/980
f 1013/560/979 1015/562/981 1014/561/980
f 1015/562/981 1008/556/974 1014/561/980
f 1014/561/980 1008/556/974 1016/563/982
f 1008/556/974 910/467/877 1016/563/982
f 910/467/877 931/485/897 1016/563/982
f 1016/563/982 931/485/897 1017/564/983
f 931/485/897 930/484/896 1017/564/983
f 1017/564/983 930/484/896 1018/565/984
f 930/484/896 936/490/902 1018/565/984
f 1018/565/984 936/490/902 969/522/935
f 936/490/902 935/489/901 969/522/935
f 914/471/881 916/473/883 996/544/962
f 996/544/962 916/473/883 1019/566/985
f 916/473/883 918/475/885 1019/566/985
f 933/487/899 1020/482/986 919/476/886
f 1021/567/987 1020/482/986 1022/567/988
f 1020/482/986 933/487/899 1022/567/988
f 1022/567/988 933/487/899 1023/567/989
f 933/487/899 1024/487/990 1023/567/989
f 1024/487/990 1025/568/991 1023/567/989
f 1023/567/989 1025/568/991 1026/569/992
f 1025/568/991 1027/570/993 1026/569/992
f 1026/569/992 1027/570/993 1028/571/994
f 1027/570/993 1018/565/984 1028/571/994
f 1028/571/994 1018/565/984 969/522/935
f 1011/558/977 952/461/918 902/460/869
f 906/463/873 1008/556/974 1029/572/995
f 1008/556/974 1015/562/981 1029/572/995
f 1029/572/995 1015/562/981 1030/573/996
f 1015/562/981 1013/560/979 1030/573/996
f 1030/573/996 1013/560/979 1031/574/997
f 1013/560/979 1011/558/977 1031/574/997
f 1011/558/977 902/460/869 1031/574/997
f 902/460/869 904/460/871 1031/574/997
f 1031/574/997 904/460/871 1032/575/998
f 904/460/871 923/480/890 1032/575/998
f 923/480/890 1033/480/999 1032/575/998
f 1032/575/998 1033/480/999 1034/575/1000
f 1033/480/999 1035/480/1001 1034/575/1000
f 1034/575/1000 1035/480/1001 1036/576/1002
f 1035/480/1001 1037/577/1003 1036/576/1002
f 1036/576/1002 1037/577/1003 1038/578/1004
f 1037/577/1003 1039/579/1005 1038/578/1004
f 1039/579/1005 911/468/878 1038/578/1004
f 1038/578/1004 911/468/878 907/464/874
f 911/468/878 892/450/860 907/464/874
f 907/464/874 892/450/860 909/466/876
f 892/450/860 894/452/862 909/466/876
f 894/452/862 939/493/905 909/466/876
f 909/466/876 939/493/905 910/467/877
f 910/467/877 939/493/905 931/485/897
f 939/493/905 932/486/898 931/485/897
f 1031/574/997 1032/575/998 1030/573/996
f 1032/575/998 1034/575/1000 1030/573/996
f 1030/573/996 1034/575/1000 1029/572/995
f 1034/575/1000 1036/576/1002 1029/572/995
f 1029/572/995 1036/576/1002 906/463/873
f 1036/576/1002 1038/578/1004 906/463/873
f 906/463/873 1038/578/1004 907/464/874
f 928/483/894 1040/482/1006 929/482/895
f 1040/482/1006 1041/580/1007 929/482/895
f 1041/580/1007 924/481/891 929/482/895
f 929/482/895 924/481/891 926/482/892
f 1042/581/943 1043/582/1008 1044/583/1009
f 1042/581/943 1045/584/1010 1046/585/1011
f 1045/584/1010 1047/586/1012 1046/585/1011
f 1046/585/1011 1047/586/1012 1048/587/1013
f 1049/588/1014 891/449/859 890/448/858
f 977/530/943 1050/589/1015 1051/590/1016
f 1050/589/1015 1052/591/1017 1051/590/1016
f 1053/592/1018 1054/593/1019 1055/594/1020
f 1054/593/1019 1056/595/1021 1055/594/1020
f 1055/594/1020 1056/595/1021 1057/482/1022
f 1056/595/1021 1058/596/1023 1057/482/1022
f 1057/482/1022 1058/596/1023 1040/482/1006
f 1058/596/1023 1041/580/1007 1040/482/1006
f 928/483/894 1059/483/1024 1040/482/1006
f 1040/482/1006 1059/483/1024 1057/482/1022
f 1059/483/1024 1060/483/1025 1057/482/1022
f 1057/482/1022 1060/483/1025 1055/594/1020
f 1060/483/1025 1061/483/1026 1055/594/1020
f 1055/594/1020 1061/483/1026 1053/592/1018
f 1061/483/1026 1062/597/1027 1053/592/1018
f 1062/597/1027 915/472/882 1053/592/1018
f 915/472/882 912/469/879 1053/592/1018
f 1053/592/1018 912/469/879 1054/593/1019
f 912/469/879 911/468/878 1054/593/1019
f 911/468/878 1039/579/1005 1054/593/1019
f 1039/579/1005 1037/577/1003 1054/593/1019
f 1054/593/1019 1037/577/1003 1056/595/1021
f 1037/577/1003 1035/480/1001 1056/595/1021
f 1056/595/1021 1035/480/1001 1058/596/1023
f 1035/480/1001 1033/480/999 1058/596/1023
f 1058/596/1023 1033/480/999 1041/580/1007
f 1041/580/1007 1033/480/999 924/481/891
f 1033/480/999 923/480/890 924/481/891
f 1062/597/1027 917/474/884 915/472/882
f 1016/563/982 1017/564/983 1014/561/980
f 1014/561/980 1017/564/983 1063/598/1028
f 1017/564/983 1027/570/993 1063/598/1028
f 1027/570/993 1025/568/991 1063/598/1028
f 1063/598/1028 1025/568/991 1064/599/1029
f 1025/568/991 1024/487/990 1064/599/1029
f 1064/599/1029 1024/487/990 1065/600/1030
f 1024/487/990 934/488/900 1065/600/1030
f 934/488/900 921/478/888 1065/600/1030
f 921/478/888 1010/557/976 1065/600/1030
f 1065/600/1030 1010/557/976 1064/599/1029
f 1010/557/976 1012/559/978 1064/599/1029
f 1064/599/1029 1012/559/978 1063/598/1028
f 1012/559/978 1014/561/980 1063/598/1028
f 1024/487/990 933/487/899 934/488/900
f 1017/564/983 1018/565/984 1027/570/993
f 943/497/909 950/504/916 944/498/910
f 1045/584/1010 1042/581/943 1066/601/1031
f 1042/581/943 1044/583/1009 1066/601/1031
f 977/530/943 970/523/936 1050/589/1015
f 940/494/906 1067/602/1032 970/523/936
f 1067/602/1032 1068/603/1033 970/523/936
f 970/523/936 1068/603/1033 1050/589/1015
f 1050/589/1015 1068/603/1033 1052/591/1017
f 1068/603/1033 1069/604/1034 1052/591/1017
f 974/527/940 973/526/939 1067/602/1032
f 1067/602/1032 973/526/939 1068/603/1033
f 973/526/939 972/525/938 1068/603/1033
f 1068/603/1033 972/525/938 1069/604/1034
f 972/525/938 971/524/937 1069/604/1034
f 971/524/937 1070/605/1035 1069/604/1034
f 1069/604/1034 1070/605/1035 1052/591/1017
f 1052/591/1017 1070/605/1035 1071/606/1036
f 1070/605/1035 1072/607/1037 1071/606/1036
f 1071/606/1036 1072/607/1037 1073/608/1038
f 1073/608/1038 1072/607/1037 1074/609/1039
f 1072/607/1037 888/446/856 1074/609/1039
f 1074/609/1039 888/446/856 1049/588/1014
f 888/446/856 994/542/960 1049/588/1014
f 994/542/960 938/492/904 1049/588/1014
f 1049/588/1014 938/492/904 891/449/859
f 971/524/937 886/444/854 1070/605/1035
f 1070/605/1035 886/444/854 1072/607/1037
f 886/444/854 888/446/856 1072/607/1037
f 958/511/924 960/513/926 1075/610/1040
f 960/513/926 1076/611/1041 1075/610/1040
f 1075/610/1040 1076/611/1041 1077/612/1042
f 1076/611/1041 1078/613/1043 1077/612/1042
f 1078/613/1043 975/528/941 1077/612/1042
f 1077/612/1042 975/528/941 1079/614/1044
f 975/528/941 974/527/940 1079/614/1044
f 1075/610/1040 1077/612/1042 1079/614/1044
f 975/528/941 1078/613/1043 963/516/929
f 963/516/929 1078/613/1043 1080/615/1045
f 959/512/925 1081/616/1046 960/513/926
f 1081/616/1046 1082/617/1047 960/513/926
f 960/513/926 1082/617/1047 1076/611/1041
f 1082/617/1047 1083/618/1048 1076/611/1041
f 1076/611/1041 1083/618/1048 1078/613/1043
f 1083/618/1048 1084/619/1049 1078/613/1043
f 1078/613/1043 1084/619/1049 1080/615/1045
f 1084/619/1049 1085/620/1050 1080/615/1045
f 1080/615/1045 1085/620/1050 1086/621/1051
f 1085/620/1050 1087/622/1052 1086/621/1051
f 1086/621/1051 1087/622/1052 1088/621/1053
f 1088/621/1053 1087/622/1052 1089/622/1054
f 1087/622/1052 1090/623/1055 1089/622/1054
f 1089/622/1054 1090/623/1055 1091/624/1056
f 1090/623/1055 1092/624/1057 1091/624/1056
f 1091/624/1056 1092/624/1057 1093/625/1058
f 1093/625/1058 1092/624/1057 1094/626/1059
f 1092/624/1057 1095/627/1060 1094/626/1059
f 1095/627/1060 1096/628/1061 1094/626/1059
f 1094/626/1059 1096/628/1061 1097/629/202
f 1097/629/202 1096/628/1061 1098/630/1062
f 1096/628/1061 1099/630/1063 1098/630/1062
f 1098/630/1062 1099/630/1063 927/483/893
f 927/483/893 1099/630/1063 928/483/894
f 928/483/894 1099/630/1063 1100/630/1064
f 1100/630/1064 1099/630/1063 1101/631/1065
f 1099/630/1063 1096/628/1061 1101/631/1065
f 1089/622/1054 1102/632/1066 1088/621/1053
f 1081/616/1046 1103/627/1067 1082/617/1047
f 1103/627/1067 1104/633/1068 1082/617/1047
f 1082/617/1047 1104/633/1068 1083/618/1048
f 1104/633/1068 1105/634/1069 1083/618/1048
f 1083/618/1048 1105/634/1069 1084/619/1049
f 1084/619/1049 1105/634/1069 1085/620/1050
f 1105/634/1069 1106/623/1070 1085/620/1050
f 1085/620/1050 1106/623/1070 1087/622/1052
f 1087/622/1052 1106/623/1070 1090/623/1055
f 1090/623/1055 1106/623/1070 1092/624/1057
f 1106/623/1070 1107/635/1071 1092/624/1057
f 1092/624/1057 1107/635/1071 1095/627/1060
f 1095/627/1060 1107/635/1071 1108/627/1072
f 1107/635/1071 1104/633/1068 1108/627/1072
f 1108/627/1072 1104/633/1068 1103/627/1067
f 1104/633/1068 1107/635/1071 1105/634/1069
f 1107/635/1071 1106/623/1070 1105/634/1069
f 1091/624/1056 1109/636/1073 1089/622/1054
f 1109/636/1073 1110/632/1074 1089/622/1054
f 1089/622/1054 1110/632/1074 1102/632/1066
f 1110/632/1074 1111/629/1075 1102/632/1066
f 1102/632/1066 1111/629/1075 1112/637/1076
f 1112/637/1076 1111/629/1075 1113/638/1077
f 1111/629/1075 1114/630/1078 1113/638/1077
f 961/514/927 917/474/884 1062/597/1027
f 1095/627/1060 1108/627/1072 1096/628/1061
f 1096/628/1061 1108/627/1072 1101/631/1065
f 1101/631/1065 1108/627/1072 1115/631/1079
f 1108/627/1072 1103/627/1067 1115/631/1079
f 1115/631/1079 1103/627/1067 1116/639/1080
f 1103/627/1067 1081/616/1046 1116/639/1080
f 1116/639/1080 1081/616/1046 1117/640/1081
f 1081/616/1046 959/512/925 1117/640/1081
f 959/512/925 958/511/924 1117/640/1081
f 958/511/924 962/515/928 1117/640/1081
f 1117/640/1081 962/515/928 1118/641/1082
f 962/515/928 961/514/927 1118/641/1082
f 961/514/927 1062/597/1027 1118/641/1082
f 1062/597/1027 1061/483/1026 1118/641/1082
f 1118/641/1082 1061/483/1026 1119/642/1083
f 1061/483/1026 1060/483/1025 1119/642/1083
f 1119/642/1083 1060/483/1025 1120/630/1084
f 1060/483/1025 1059/483/1024 1120/630/1084
f 1120/630/1084 1059/483/1024 1100/630/1064
f 1059/483/1024 928/483/894 1100/630/1064
f 1101/631/1065 1115/631/1079 1100/630/1064
f 1100/630/1064 1115/631/1079 1120/630/1084
f 1115/631/1079 1116/639/1080 1120/630/1084
f 1120/630/1084 1116/639/1080 1119/642/1083
f 1116/639/1080 1117/640/1081 1119/642/1083
f 1119/642/1083 1117/640/1081 1118/641/1082
f 962/515/928 958/511/924 948/502/914
f 948/502/914 958/511/924 947/501/913
f 958/511/924 1075/610/1040 947/501/913
f 1075/610/1040 1079/614/1044 947/501/913
f 947/501/913 1079/614/1044 940/494/906
f 1079/614/1044 974/527/940 940/494/906
f 940/494/906 974/527/940 1067/602/1032
f 1028/571/994 969/522/935 967/520/933
f 964/517/930 1121/643/1085 967/520/933
f 967/520/933 1121/643/1085 1028/571/994
f 1121/643/1085 1026/569/992 1028/571/994
f 963/516/929 1080/615/1045 964/517/930
f 1080/615/1045 1122/644/1086 964/517/930
f 964/517/930 1122/644/1086 1121/643/1085
f 1122/644/1086 1123/645/1087 1121/643/1085
f 1121/643/1085 1123/645/1087 1026/569/992
f 1026/569/992 1123/645/1087 1023/567/989
f 1123/645/1087 1124/638/1088 1023/567/989
f 1023/567/989 1124/638/1088 1113/638/1077
f 1113/638/1077 1124/638/1088 1112/637/1076
f 1124/638/1088 1125/646/1089 1112/637/1076
f 1112/637/1076 1125/646/1089 1102/632/1066
f 1102/632/1066 1125/646/1089 1088/621/1053
f 1125/646/1089 1126/647/1090 1088/621/1053
f 1088/621/1053 1126/647/1090 1086/621/1051
f 1126/647/1090 1122/644/1086 1086/621/1051
f 1086/621/1051 1122/644/1086 1080/615/1045
f 1122/644/1086 1126/647/1090 1123/645/1087
f 1123/645/1087 1126/647/1090 1124/638/1088
f 1126/647/1090 1125/646/1089 1124/638/1088
f 1023/567/989 1113/638/1077 1022/567/988
f 1113/638/1077 1114/630/1078 1022/567/988
f 1022/567/988 1114/630/1078 1021/567/987
f 986/534/952 1127/533/1091 984/535/950
f 990/540/956 983/536/949 1128/541/1092
f 983/536/949 1129/538/1093 1128/541/1092
f 1128/541/1092 1129/538/1093 1130/648/1094
f 1129/538/1093 1131/649/1095 1130/648/1094
f 1130/648/1094 1131/649/1095 1132/650/1096
f 1131/649/1095 1133/651/1097 1132/650/1096
f 1132/650/1096 1133/651/1097 1134/652/1098
f 1133/651/1097 1135/653/1099 1134/652/1098
f 1135/653/1099 1136/651/1100 1134/652/1098
f 1134/652/1098 1136/651/1100 1137/650/1101
f 1136/651/1100 1138/649/1102 1137/650/1101
f 1137/650/1101 1138/649/1102 1139/648/1103
f 1138/649/1102 988/538/954 1139/648/1103
f 1139/648/1103 988/538/954 991/541/957
f 1140/654/1104 1141/655/1105 1142/656/1106
f 1143/657/1107 1144/658/1108 1145/659/1109
f 1145/659/1109 1144/658/1108 1146/660/1110
f 1146/660/1110 1144/658/1108 1147/661/1111
f 1147/661/1111 1144/658/1108 1148/662/1112
f 1144/658/1108 1149/663/1113 1148/662/1112
f 1148/662/1112 1149/663/1113 1150/664/1114
f 1150/664/1114 1149/663/1113 1151/665/1115
f 1149/663/1113 1152/666/1116 1151/665/1115
f 1151/665/1115 1152/666/1116 1153/667/1117
f 1153/667/1117 1152/666/1116 1154/668/1118
f 1152/666/1116 1155/669/1119 1154/668/1118
f 1154/668/1118 1155/669/1119 1156/670/1120
f 1155/669/1119 1157/671/1121 1156/670/1120
f 1156/670/1120 1157/671/1121 1158/672/1122
f 1158/672/1122 1157/671/1121 956/509/922
f 1157/671/1121 1159/673/1123 956/509/922
f 956/509/922 1159/673/1123 957/510/923
f 1159/673/1123 1160/674/1124 957/510/923
f 957/510/923 1160/674/1124 1161/675/1125
f 1161/675/1125 1160/674/1124 1162/676/1126
f 1160/674/1124 1163/677/1127 1162/676/1126
f 1162/676/1126 1163/677/1127 1164/678/1128
f 1164/678/1128 1163/677/1127 1165/679/1129
f 1163/677/1127 1166/680/1130 1165/679/1129
f 1165/679/1129 1166/680/1130 1167/681/1131
f 1167/681/1131 1166/680/1130 1168/682/1132
f 1166/680/1130 1169/683/1133 1168/682/1132
f 1168/682/1132 1169/683/1133 1142/656/1106
f 1169/683/1133 1170/684/1134 1142/656/1106
f 1142/656/1106 1170/684/1134 1140/654/1104
f 1140/654/1104 1170/684/1134 1171/685/1135
f 1171/685/1135 1170/684/1134 1172/686/1136
f 1170/684/1134 1173/687/1137 1172/686/1136
f 1172/686/1136 1173/687/1137 1146/660/1110
f 1146/660/1110 1173/687/1137 1145/659/1109
f 1173/687/1137 1169/683/1133 1145/659/1109
f 1145/659/1109 1169/683/1133 1174/688/1138
f 1169/683/1133 1175/689/1139 1174/688/1138
f 1174/688/1138 1175/689/1139 1176/690/1140
f 1175/689/1139 1160/674/1124 1176/690/1140
f 1160/674/1124 1159/673/1123 1176/690/1140
f 1159/673/1123 1157/671/1121 1176/690/1140
f 1157/671/1121 1155/669/1119 1176/690/1140
f 1176/690/1140 1155/669/1119 1143/657/1107
f 1155/669/1119 1152/666/1116 1143/657/1107
f 1152/666/1116 1149/663/1113 1143/657/1107
f 1143/657/1107 1149/663/1113 1144/658/1108
f 1169/683/1133 1166/680/1130 1175/689/1139
f 1175/689/1139 1166/680/1130 1160/674/1124
f 1166/680/1130 1163/677/1127 1160/674/1124
f 1169/683/1133 1173/687/1137 1170/684/1134
f 1176/690/1140 1143/657/1107 1174/688/1138
f 1174/688/1138 1143/657/1107 1145/659/1109
f 981/534/947 1177/537/1141 983/536/949
f 983/536/949 1177/537/1141 1129/538/1093
f 1177/537/1141 1178/691/1142 1129/538/1093
f 1129/538/1093 1178/691/1142 1131/649/1095
f 1178/691/1142 1179/692/1143 1131/649/1095
f 1131/649/1095 1179/692/1143 1133/651/1097
f 1179/692/1143 1180/693/1144 1133/651/1097
f 1133/651/1097 1180/693/1144 1135/653/1099
f 1135/653/1099 1180/693/1144 1136/651/1100
f 1180/693/1144 1181/692/1145 1136/651/1100
f 1136/651/1100 1181/692/1145 1138/649/1102
f 1181/692/1145 1182/691/1146 1138/649/1102
f 1138/649/1102 1182/691/1146 988/538/954
f 1182/691/1146 987/537/953 988/538/954
f 1052/591/1017 1183/694/1147 1051/590/1016
f 1184/695/1148 1185/696/1149 1186/697/1150
f 1185/696/1149 1187/698/1151 1186/697/1150
f 1187/698/1151 1188/699/1152 1186/697/1150
f 1186/697/1150 1188/699/1152 1189/700/1153
f 1188/699/1152 1190/701/1154 1189/700/1153
f 1190/701/1154 1191/702/1155 1189/700/1153
f 1189/700/1153 1191/702/1155 1186/697/1150
f 1192/703/1156 1193/704/1157 1191/702/1155
f 1193/704/1157 1192/703/1156 1194/705/1158
f 1195/706/1159 1196/707/1160 1197/708/1161
f 1196/707/1160 1198/709/1162 1197/708/1161
f 1197/708/1161 1198/709/1162 1199/710/1163
f 1198/709/1162 1200/711/1164 1199/710/1163
f 1199/710/1163 1200/711/1164 1201/712/1165
f 1200/711/1164 1202/713/1166 1201/712/1165
f 1201/712/1165 1202/713/1166 1187/698/1151
f 1202/713/1166 1203/714/1167 1187/698/1151
f 1187/698/1151 1203/714/1167 1188/699/1152
f 1203/714/1167 1204/715/1168 1188/699/1152
f 1188/699/1152 1204/715/1168 1190/701/1154
f 1204/715/1168 1205/716/1169 1190/701/1154
f 1190/701/1154 1205/716/1169 1191/702/1155
f 1205/716/1169 1206/717/1170 1191/702/1155
f 1191/702/1155 1206/717/1170 1192/703/1156
f 1206/717/1170 1207/718/1171 1192/703/1156
f 1207/718/1171 1208/719/1172 1192/703/1156
f 1192/703/1156 1208/719/1172 1194/705/1158
f 1208/719/1172 1209/720/1173 1194/705/1158
f 1209/720/1173 1210/721/1174 1194/705/1158
f 1194/705/1158 1210/721/1174 1211/722/1175
f 1211/722/1175 1210/721/1174 1212/723/1176
f 1210/721/1174 1213/724/1177 1212/723/1176
f 1213/724/1177 1214/725/1178 1212/723/1176
f 1212/723/1176 1214/725/1178 1215/726/1179
f 1214/725/1178 1216/727/1180 1215/726/1179
f 1205/716/1169 1217/728/1181 1206/717/1170
f 1187/698/1151 1185/696/1149 1201/712/1165
f 1185/696/1149 1218/729/1182 1201/712/1165
f 1201/712/1165 1218/729/1182 1199/710/1163
f 1205/716/1169 1219/730/1183 1217/728/1181
f 1217/728/1181 1219/730/1183 1220/731/1184
f 1219/730/1183 1221/732/1185 1220/731/1184
f 1207/718/1171 1206/717/1170 1222/733/1186
f 1206/717/1170 1217/728/1181 1222/733/1186
f 1222/733/1186 1217/728/1181 1223/734/1187
f 1217/728/1181 1220/731/1184 1223/734/1187
f 1223/734/1187 1220/731/1184 1224/735/1188
f 1224/735/1188 1220/731/1184 1225/736/1189
f 1225/736/1189 1220/731/1184 1226/737/1190
f 1220/731/1184 1221/732/1185 1226/737/1190
f 1226/737/1190 1221/732/1185 1227/738/1191
f 1227/738/1191 1221/732/1185 1228/739/1192
f 1221/732/1185 1219/730/1183 1228/739/1192
f 1228/739/1192 1219/730/1183 1229/740/1193
f 1219/730/1183 1205/716/1169 1229/740/1193
f 1229/740/1193 1205/716/1169 1230/741/1194
f 1205/716/1169 1204/715/1168 1230/741/1194
f 1230/741/1194 1204/715/1168 1231/742/1195
f 1204/715/1168 1232/743/1196 1231/742/1195
f 1231/742/1195 1232/743/1196 1233/744/1197
f 1232/743/1196 1234/745/1198 1233/744/1197
f 1233/744/1197 1234/745/1198 1235/746/1199
f 1235/746/1199 1234/745/1198 1196/707/1160
f 1196/707/1160 1234/745/1198 1198/709/1162
f 1234/745/1198 1236/747/1200 1198/709/1162
f 1198/709/1162 1236/747/1200 1200/711/1164
f 1200/711/1164 1236/747/1200 1202/713/1166
f 1236/747/1200 1232/743/1196 1202/713/1166
f 1202/713/1166 1232/743/1196 1203/714/1167
f 1232/743/1196 1204/715/1168 1203/714/1167
f 1235/746/1199 1227/738/1191 1233/744/1197
f 1227/738/1191 1228/739/1192 1233/744/1197
f 1233/744/1197 1228/739/1192 1231/742/1195
f 1228/739/1192 1229/740/1193 1231/742/1195
f 1231/742/1195 1229/740/1193 1230/741/1194
f 1232/743/1196 1236/747/1200 1234/745/1198
f 1237/748/1201 1225/736/1189 1226/737/1190
f 1184/695/1148 1186/697/1150 1238/749/1202
f 1186/697/1150 1191/702/1155 1238/749/1202
f 1238/749/1202 1191/702/1155 1239/750/1203
f 1191/702/1155 1193/704/1157 1239/750/1203
f 1239/750/1203 1193/704/1157 1240/751/1204
f 1240/751/1204 1193/704/1157 1241/752/1205
f 1193/704/1157 1194/705/1158 1241/752/1205
f 1241/752/1205 1194/705/1158 1242/753/1206
f 1194/705/1158 1211/722/1175 1242/753/1206
f 1242/753/1206 1211/722/1175 1243/754/1207
f 1243/754/1207 1211/722/1175 1244/755/1208
f 1211/722/1175 1212/723/1176 1244/755/1208
f 1244/755/1208 1212/723/1176 1245/756/1209
f 1212/723/1176 1215/726/1179 1245/756/1209
f 1245/756/1209 1215/726/1179 1246/757/1210
f 1215/726/1179 1216/727/1180 1246/757/1210
f 1246/757/1210 1216/727/1180 1247/758/1211
f 1216/727/1180 1248/759/1212 1247/758/1211
f 1247/758/1211 1248/759/1212 1249/760/1213
f 1248/759/1212 1250/761/1214 1249/760/1213
f 1249/760/1213 1250/761/1214 1047/586/1012
f 1047/586/1012 1250/761/1214 1048/587/1013
f 1048/587/1013 1250/761/1214 1251/762/1215
f 1251/762/1215 1250/761/1214 1252/763/1216
f 1250/761/1214 1248/759/1212 1252/763/1216
f 1238/749/1202 1239/750/1203 1253/764/1217
f 1239/750/1203 1240/751/1204 1253/764/1217
f 1240/751/1204 1254/765/1218 1253/764/1217
f 1255/766/1219 1256/767/1220 1257/768/1221
f 1257/768/1221 1256/767/1220 1258/769/1222
f 1256/767/1220 1259/770/1223 1258/769/1222
f 1258/769/1222 1259/770/1223 1260/771/749
f 1260/771/749 1259/770/1223 1261/772/748
f 1259/770/1223 1262/773/1224 1261/772/748
f 1262/773/1224 1263/774/1225 1261/772/748
f 1261/772/748 1263/774/1225 1264/775/1226
f 1263/774/1225 1265/776/1227 1264/775/1226
f 1264/775/1226 1265/776/1227 1266/777/1228
f 1265/776/1227 1267/778/1229 1266/777/1228
f 1266/777/1228 1267/778/1229 1268/779/1230
f 1267/778/1229 1269/780/1231 1268/779/1230
f 1268/779/1230 1269/780/1231 1270/781/1232
f 1269/780/1231 1271/782/1233 1270/781/1232
f 1270/781/1232 1271/782/1233 1272/783/1234
f 1271/782/1233 1237/748/1201 1272/783/1234
f 1237/748/1201 1226/737/1190 1272/783/1234
f 1272/783/1234 1226/737/1190 1273/784/1235
f 1226/737/1190 1227/738/1191 1273/784/1235
f 1273/784/1235 1227/738/1191 1274/785/1236
f 1227/738/1191 1235/746/1199 1274/785/1236
f 1274/785/1236 1235/746/1199 1275/786/1237
f 1235/746/1199 1196/707/1160 1275/786/1237
f 1275/786/1237 1196/707/1160 1276/787/1238
f 1196/707/1160 1195/706/1159 1276/787/1238
f 1276/787/1238 1195/706/1159 1277/788/1239
f 1195/706/1159 1197/708/1161 1277/788/1239
f 1277/788/1239 1197/708/1161 1278/789/1240
f 1197/708/1161 1199/710/1163 1278/789/1240
f 1278/789/1240 1199/710/1163 1279/790/1241
f 1199/710/1163 1218/729/1182 1279/790/1241
f 1279/790/1241 1218/729/1182 1280/791/1242
f 1218/729/1182 1185/696/1149 1280/791/1242
f 1280/791/1242 1185/696/1149 1281/792/1243
f 1185/696/1149 1184/695/1148 1281/792/1243
f 1184/695/1148 1238/749/1202 1281/792/1243
f 1281/792/1243 1238/749/1202 1282/793/1244
f 1238/749/1202 1253/764/1217 1282/793/1244
f 1282/793/1244 1253/764/1217 1283/794/1245
f 1253/764/1217 1254/765/1218 1283/794/1245
f 1283/794/1245 1254/765/1218 1284/795/1246
f 1282/793/1244 1280/791/1242 1281/792/1243
f 1279/790/1241 1280/791/1242 1278/789/1240
f 1278/789/1240 1280/791/1242 1277/788/1239
f 1280/791/1242 1282/793/1244 1277/788/1239
f 1277/788/1239 1282/793/1244 1276/787/1238
f 1276/787/1238 1282/793/1244 1285/796/1247
f 1285/796/1247 1282/793/1244 1286/797/1248
f 1282/793/1244 1283/794/1245 1286/797/1248
f 1286/797/1248 1283/794/1245 1287/798/1249
f 1283/794/1245 1284/795/1246 1287/798/1249
f 1287/798/1249 1284/795/1246 1288/799/1250
f 1270/781/1232 1272/783/1234 1289/800/1251
f 1289/800/1251 1272/783/1234 1273/784/1235
f 1264/775/1226 1266/777/1228 1290/801/1252
f 1290/801/1252 1266/777/1228 1291/802/1253
f 1266/777/1228 1268/779/1230 1291/802/1253
f 1268/779/1230 1270/781/1232 1291/802/1253
f 1270/781/1232 1289/800/1251 1291/802/1253
f 1291/802/1253 1289/800/1251 1292/803/1254
f 1289/800/1251 1273/784/1235 1292/803/1254
f 1292/803/1254 1273/784/1235 1293/804/740
f 1273/784/1235 1274/785/1236 1293/804/740
f 1290/801/1252 1291/802/1253 1294/805/1255
f 1294/805/1255 1291/802/1253 1292/803/1254
f 1263/774/1225 1295/806/1256 1265/776/1227
f 1295/806/1256 1296/807/1257 1265/776/1227
f 1296/807/1257 1297/808/1258 1265/776/1227
f 1265/776/1227 1297/808/1258 1267/778/1229
f 1297/808/1258 1298/809/1259 1267/778/1229
f 1298/809/1259 1299/810/1260 1267/778/1229
f 1299/810/1260 1300/811/1261 1267/778/1229
f 1300/811/1261 1301/812/1262 1267/778/1229
f 1301/812/1262 1302/813/1263 1267/778/1229
f 1267/778/1229 1302/813/1263 1269/780/1231
f 1296/807/1257 1303/814/1264 1297/808/1258
f 1285/796/1247 1286/797/1248 1304/815/1265
f 1304/815/1265 1286/797/1248 1305/816/1266
f 1305/816/1266 1286/797/1248 1306/817/1267
f 1286/797/1248 1287/798/1249 1306/817/1267
f 1306/817/1267 1287/798/1249 1307/818/808
f 1287/798/1249 1288/799/1250 1307/818/808
f 1288/799/1250 1308/819/1268 1307/818/808
f 1307/818/808 1309/820/809 1306/817/1267
f 1306/817/1267 1309/820/809 1305/816/1266
f 1309/820/809 1310/821/1269 1305/816/1266
f 1245/756/1209 1246/757/1210 1311/822/1270
f 1311/822/1270 1246/757/1210 1312/823/1271
f 1246/757/1210 1313/824/1272 1312/823/1271
f 1312/823/1271 1313/824/1272 1314/825/1273
f 1313/824/1272 1315/826/1274 1314/825/1273
f 1314/825/1273 1315/826/1274 1316/827/1275
f 1315/826/1274 1317/828/1276 1316/827/1275
f 1316/827/1275 1317/828/1276 1066/601/1031
f 1066/601/1031 1317/828/1276 1045/584/1010
f 1317/828/1276 1318/829/1277 1045/584/1010
f 1045/584/1010 1318/829/1277 1047/586/1012
f 1047/586/1012 1318/829/1277 1249/760/1213
f 1318/829/1277 1313/824/1272 1249/760/1213
f 1249/760/1213 1313/824/1272 1247/758/1211
f 1313/824/1272 1246/757/1210 1247/758/1211
f 1313/824/1272 1318/829/1277 1315/826/1274
f 1318/829/1277 1317/828/1276 1315/826/1274
f 1316/827/1275 1319/830/1278 1314/825/1273
f 1320/831/1279 1321/832/1280 1322/833/1281
f 1322/833/1281 1321/832/1280 1044/583/1009
f 1321/832/1280 1319/830/1278 1044/583/1009
f 1319/830/1278 1316/827/1275 1044/583/1009
f 1044/583/1009 1316/827/1275 1066/601/1031
f 1322/833/1281 1044/583/1009 1043/582/1008
f 1323/834/1282 1324/835/1283 1325/836/1284
f 1324/835/1283 1326/837/1285 1325/836/1284
f 1325/836/1284 1326/837/1285 1327/838/1286
f 1326/837/1285 1328/839/1287 1327/838/1286
f 1328/839/1287 1329/840/1288 1327/838/1286
f 1327/838/1286 1329/840/1288 1330/841/1289
f 1329/840/1288 1331/842/1290 1330/841/1289
f 1330/841/1289 1331/842/1290 1332/843/1291
f 1332/843/1291 1331/842/1290 1333/844/1292
f 1331/842/1290 1334/845/1293 1333/844/1292
f 1335/846/1294 1336/847/1295 1334/845/1293
f 1334/845/1293 1336/847/1295 1333/844/1292
f 1336/847/1295 1337/848/1296 1333/844/1292
f 1337/848/1296 1338/849/1297 1333/844/1292
f 1333/844/1292 1338/849/1297 1332/843/1291
f 1338/849/1297 1339/850/1298 1332/843/1291
f 1332/843/1291 1339/850/1298 1330/841/1289
f 1339/850/1298 1340/851/1299 1330/841/1289
f 1330/841/1289 1340/851/1299 1327/838/1286
f 1340/851/1299 1341/852/1300 1327/838/1286
f 1327/838/1286 1341/852/1300 1325/836/1284
f 1341/852/1300 1342/853/1301 1325/836/1284
f 1342/853/1301 1343/854/1302 1325/836/1284
f 1325/836/1284 1343/854/1302 1323/834/1282
f 1343/854/1302 1344/836/1303 1323/834/1282
f 1323/834/1282 1344/836/1303 1324/835/1283
f 1324/835/1283 1344/836/1303 1345/837/1304
f 1344/836/1303 1346/838/1305 1345/837/1304
f 1345/837/1304 1346/838/1305 1347/839/1306
f 1347/839/1306 1346/838/1305 1348/840/1307
f 1346/838/1305 1349/841/1308 1348/840/1307
f 1348/840/1307 1349/841/1308 1350/842/1309
f 1349/841/1308 1351/843/1310 1350/842/1309
f 1350/842/1309 1351/843/1310 1352/844/1311
f 1351/843/1310 1353/849/1312 1352/844/1311
f 1353/849/1312 1354/848/1313 1352/844/1311
f 1354/848/1313 1355/847/1314 1352/844/1311
f 1352/844/1311 1355/847/1314 1356/845/1315
f 1355/847/1314 1357/846/1316 1356/845/1315
f 1352/844/1311 1356/845/1315 1350/842/1309
f 1353/849/1312 1351/843/1310 1358/850/1317
f 1351/843/1310 1349/841/1308 1358/850/1317
f 1358/850/1317 1349/841/1308 1359/851/1318
f 1349/841/1308 1346/838/1305 1359/851/1318
f 1359/851/1318 1346/838/1305 1360/852/1319
f 1346/838/1305 1344/836/1303 1360/852/1319
f 1360/852/1319 1344/836/1303 1361/853/1320
f 1344/836/1303 1343/854/1302 1361/853/1320
f 1356/845/1315 1362/855/1321 1350/842/1309
f 1350/842/1309 1362/855/1321 1348/840/1307
f 1362/855/1321 1363/856/1322 1348/840/1307
f 1348/840/1307 1363/856/1322 1347/839/1306
f 1357/846/1316 1364/857/1323 1356/845/1315
f 1364/857/1323 1365/858/1324 1356/845/1315
f 1356/845/1315 1365/858/1324 1362/855/1321
f 1365/858/1324 1366/859/1325 1362/855/1321
f 1362/855/1321 1366/859/1325 1363/856/1322
f 1366/859/1325 1367/860/1326 1363/856/1322
f 1367/860/1326 1368/861/1327 1363/856/1322
f 1363/856/1322 1368/861/1327 1347/839/1306
f 1368/861/1327 1369/862/1328 1347/839/1306
f 1347/839/1306 1369/862/1328 1345/837/1304
f 1345/837/1304 1369/862/1328 1324/835/1283
f 1324/835/1283 1369/862/1328 1370/863/1329
f 1369/862/1328 1371/864/1330 1370/863/1329
f 1370/863/1329 1371/864/1330 1372/862/1331
f 1371/864/1330 1373/865/1332 1372/862/1331
f 1373/865/1332 1374/866/1333 1372/862/1331
f 1372/862/1331 1374/866/1333 1375/861/1334
f 1374/866/1333 1376/860/1335 1375/861/1334
f 1375/861/1334 1376/860/1335 1377/856/1336
f 1376/860/1335 1378/859/1337 1377/856/1336
f 1377/856/1336 1378/859/1337 1379/855/1338
f 1378/859/1337 1380/858/1339 1379/855/1338
f 1379/855/1338 1380/858/1339 1334/845/1293
f 1380/858/1339 1381/857/1340 1334/845/1293
f 1334/845/1293 1381/857/1340 1335/846/1294
f 1366/859/1325 1365/858/1324 1382/867/1341
f 1365/858/1324 1364/857/1323 1382/867/1341
f 1381/857/1340 1380/858/1339 1383/867/1342
f 1383/867/1342 1380/858/1339 1378/859/1337
f 1334/845/1293 1331/842/1290 1379/855/1338
f 1331/842/1290 1329/840/1288 1379/855/1338
f 1379/855/1338 1329/840/1288 1377/856/1336
f 1329/840/1288 1328/839/1287 1377/856/1336
f 1377/856/1336 1328/839/1287 1375/861/1334
f 1375/861/1334 1328/839/1287 1372/862/1331
f 1328/839/1287 1326/837/1285 1372/862/1331
f 1326/837/1285 1324/835/1283 1372/862/1331
f 1372/862/1331 1324/835/1283 1370/863/1329
f 1371/864/1330 1369/862/1328 1384/865/1343
f 1384/865/1343 1369/862/1328 1385/866/1344
f 1369/862/1328 1368/861/1327 1385/866/1344
f 1385/866/1344 1368/861/1327 1367/860/1326
f 1367/860/1326 1386/868/1345 1385/866/1344
f 1386/868/1345 1387/869/1346 1385/866/1344
f 1385/866/1344 1387/869/1346 1384/865/1343
f 1387/869/1346 1371/864/1330 1384/865/1343
f 1383/867/1342 1388/870/1347 1389/871/1348
f 1389/871/1348 1388/870/1347 1390/872/1349
f 1390/872/1349 1388/870/1347 1391/873/1350
f 1388/870/1347 1392/874/1351 1391/873/1350
f 1391/873/1350 1392/874/1351 1393/875/1352
f 1392/874/1351 1394/868/1353 1393/875/1352
f 1393/875/1352 1394/868/1353 1395/869/1354
f 1394/868/1353 1374/866/1333 1395/869/1354
f 1374/866/1333 1373/865/1332 1395/869/1354
f 1373/865/1332 1371/864/1330 1395/869/1354
f 1395/869/1354 1371/864/1330 1396/876/1355
f 1371/864/1330 1387/869/1346 1396/876/1355
f 1396/876/1355 1387/869/1346 1397/877/1356
f 1397/877/1356 1387/869/1346 1398/875/1357
f 1387/869/1346 1386/868/1345 1398/875/1357
f 1398/875/1357 1386/868/1345 1399/874/1358
f 1386/868/1345 1367/860/1326 1399/874/1358
f 1367/860/1326 1366/859/1325 1399/874/1358
f 1399/874/1358 1366/859/1325 1400/870/1359
f 1366/859/1325 1401/871/1360 1400/870/1359
f 1400/870/1359 1401/871/1360 1402/872/1361
f 1401/871/1360 1403/878/1362 1402/872/1361
f 1390/872/1349 1404/878/1363 1389/871/1348
f 1366/859/1325 1382/867/1341 1401/871/1360
f 1397/877/1356 1405/879/1364 1396/876/1355
f 1405/879/1364 1406/877/1365 1396/876/1355
f 1396/876/1355 1406/877/1365 1395/869/1354
f 1406/877/1365 1393/875/1352 1395/869/1354
f 1383/867/1342 1378/859/1337 1388/870/1347
f 1388/870/1347 1378/859/1337 1392/874/1351
f 1378/859/1337 1376/860/1335 1392/874/1351
f 1392/874/1351 1376/860/1335 1394/868/1353
f 1376/860/1335 1374/866/1333 1394/868/1353
f 1398/875/1357 1399/874/1358 1407/873/1366
f 1399/874/1358 1400/870/1359 1407/873/1366
f 1400/870/1359 1402/872/1361 1407/873/1366
f 1408/880/1367 1409/881/1368 1410/882/1369
f 1411/883/1370 1412/884/1371 1413/885/1372
f 1413/885/1372 1412/884/1371 1414/886/1373
f 1414/886/1373 1412/884/1371 1415/887/1374
f 1412/884/1371 1416/888/1375 1415/887/1374
f 1415/887/1374 1416/888/1375 1417/889/1376
f 1416/888/1375 1410/882/1369 1417/889/1376
f 1417/889/1376 1410/882/1369 1418/890/1377
f 1410/882/1369 1409/881/1368 1418/890/1377
f 1418/890/1377 1409/881/1368 1419/891/1378
f 1419/891/1378 1409/881/1368 1420/892/1379
f 1420/892/1379 1409/881/1368 1421/893/1380
f 1409/881/1368 1408/880/1367 1421/893/1380
f 1408/880/1367 1422/894/1381 1421/893/1380
f 1421/893/1380 1422/894/1381 1423/895/1382
f 1419/891/1378 1424/896/1383 1418/890/1377
f 1424/896/1383 1425/897/1384 1418/890/1377
f 1418/890/1377 1425/897/1384 1417/889/1376
f 1425/897/1384 1426/898/1385 1417/889/1376
f 1417/889/1376 1426/898/1385 1415/887/1374
f 1426/898/1385 1427/899/1386 1415/887/1374
f 1415/887/1374 1427/899/1386 1414/886/1373
f 1426/898/1385 1425/897/1384 1427/899/1386
f 1425/897/1384 1428/900/1387 1427/899/1386
f 1427/899/1386 1428/900/1387 1429/901/1388
f 1428/900/1387 1430/902/1389 1429/901/1388
f 1429/901/1388 1430/902/1389 1431/903/1390
f 1431/903/1390 1430/902/1389 1432/904/1391
f 1432/904/1391 1430/902/1389 1433/905/1392
f 1433/905/1392 1430/902/1389 1434/906/1393
f 1430/902/1389 1428/900/1387 1434/906/1393
f 1428/900/1387 1425/897/1384 1434/906/1393
f 1434/906/1393 1425/897/1384 1435/907/1394
f 1435/907/1394 1425/897/1384 1436/908/1395
f 1425/897/1384 1424/896/1383 1436/908/1395
f 1437/909/1396 1429/901/1388 1431/903/1390
f 1438/910/1397 1439/911/1398 1440/912/1399
f 1440/912/1399 1439/911/1398 1441/913/1400
f 1439/911/1398 1442/914/1401 1441/913/1400
f 1442/914/1401 1423/895/1382 1441/913/1400
f 1423/895/1382 1422/894/1381 1441/913/1400
f 1441/913/1400 1422/894/1381 1443/915/1402
f 1422/894/1381 1408/880/1367 1443/915/1402
f 1443/915/1402 1408/880/1367 1444/916/1403
f 1408/880/1367 1410/882/1369 1444/916/1403
f 1444/916/1403 1410/882/1369 953/506/919
f 1410/882/1369 1416/888/1375 953/506/919
f 953/506/919 1416/888/1375 954/507/920
f 1416/888/1375 1412/884/1371 954/507/920
f 954/507/920 1412/884/1371 1158/672/1122
f 1412/884/1371 1411/883/1370 1158/672/1122
f 1158/672/1122 1411/883/1370 1156/670/1120
f 1411/883/1370 1445/917/1404 1156/670/1120
f 1156/670/1120 1445/917/1404 1446/918/1405
f 1445/917/1404 1447/919/1406 1446/918/1405
f 1447/919/1406 1448/920/1407 1446/918/1405
f 1446/918/1405 1448/920/1407 1449/921/1408
f 1448/920/1407 1450/922/1409 1449/921/1408
f 1449/921/1408 1450/922/1409 1451/923/1410
f 1450/922/1409 1452/924/1411 1451/923/1410
f 1451/923/1410 1452/924/1411 1453/925/1412
f 1452/924/1411 1454/926/1413 1453/925/1412
f 1453/925/1412 1454/926/1413 1455/927/1414
f 1454/926/1413 1456/928/1415 1455/927/1414
f 1455/927/1414 1456/928/1415 1457/929/1416
f 1456/928/1415 1458/930/1417 1457/929/1416
f 1457/929/1416 1458/930/1417 1459/931/1418
f 1458/930/1417 1460/932/1419 1459/931/1418
f 1460/932/1419 1461/933/1420 1459/931/1418
f 1459/931/1418 1461/933/1420 1462/934/1421
f 1461/933/1420 1463/935/1422 1462/934/1421
f 1462/934/1421 1463/935/1422 1464/936/1423
f 1463/935/1422 1465/937/1424 1464/936/1423
f 1464/936/1423 1465/937/1424 1437/909/1396
f 1465/937/1424 1466/938/1425 1437/909/1396
f 1437/909/1396 1466/938/1425 1429/901/1388
f 1466/938/1425 1467/939/1426 1429/901/1388
f 1429/901/1388 1467/939/1426 1427/899/1386
f 1467/939/1426 1468/940/1427 1427/899/1386
f 1427/899/1386 1468/940/1427 1414/886/1373
f 1468/940/1427 1469/941/1428 1414/886/1373
f 1414/886/1373 1469/941/1428 1413/885/1372
f 1469/941/1428 1470/942/1429 1413/885/1372
f 1413/885/1372 1470/942/1429 1411/883/1370
f 1411/883/1370 1470/942/1429 1445/917/1404
f 1470/942/1429 1447/919/1406 1445/917/1404
f 1471/943/1430 1440/912/1399 1443/915/1402
f 1440/912/1399 1441/913/1400 1443/915/1402
f 1158/672/1122 956/509/922 954/507/920
f 1156/670/1120 1446/918/1405 1154/668/1118
f 1446/918/1405 1449/921/1408 1154/668/1118
f 1154/668/1118 1449/921/1408 1153/667/1117
f 1153/667/1117 1449/921/1408 1151/665/1115
f 1151/665/1115 1449/921/1408 1472/944/1431
f 1449/921/1408 1451/923/1410 1472/944/1431
f 1451/923/1410 1473/945/1432 1472/944/1431
f 1472/944/1431 1473/945/1432 1474/946/1433
f 1474/946/1433 1473/945/1432 1475/947/1434
f 1475/947/1434 1473/945/1432 1476/948/1435
f 1476/948/1435 1473/945/1432 1477/949/1436
f 1473/945/1432 1451/923/1410 1477/949/1436
f 1477/949/1436 1451/923/1410 1453/925/1412
f 1150/664/1114 1151/665/1115 1478/950/1437
f 1478/950/1437 1151/665/1115 1479/951/1438
f 1479/951/1438 1151/665/1115 1474/946/1433
f 1151/665/1115 1472/944/1431 1474/946/1433
f 976/529/942 1480/952/1439 953/506/919
f 953/506/919 1480/952/1439 1444/916/1403
f 1444/916/1403 1480/952/1439 1443/915/1402
f 1480/952/1439 1481/953/1440 1443/915/1402
f 1443/915/1402 1481/953/1440 1471/943/1430
f 1471/943/1430 1481/953/1440 1482/954/1441
f 1482/954/1441 1481/953/1440 1483/955/1442
f 1481/953/1440 1484/956/1443 1483/955/1442
f 1483/955/1442 1484/956/1443 1164/678/1128
f 1164/678/1128 1484/956/1443 1162/676/1126
f 1484/956/1443 976/529/942 1162/676/1126
f 1162/676/1126 976/529/942 1161/675/1125
f 976/529/942 957/510/923 1161/675/1125
f 1484/956/1443 1481/953/1440 976/529/942
f 1481/953/1440 1480/952/1439 976/529/942
f 1485/957/1444 1486/958/1445 1487/959/1446
f 1486/958/1445 1488/960/1447 1487/959/1446
f 1489/961/1448 1486/958/1445 1490/962/1449
f 1490/962/1449 1486/958/1445 1491/963/1450
f 1486/958/1445 1485/957/1444 1491/963/1450
f 1491/963/1450 1485/957/1444 1492/964/1451
f 1485/957/1444 1493/965/1452 1492/964/1451
f 1494/966/1453 1495/967/1454 1496/968/1455
f 1496/968/1455 1495/967/1454 1489/961/1448
f 1489/961/1448 1495/967/1454 1486/958/1445
f 1495/967/1454 1497/969/1456 1486/958/1445
f 1497/969/1456 1498/970/1457 1486/958/1445
f 1486/958/1445 1498/970/1457 1488/960/1447
f 1498/970/1457 1499/971/1458 1488/960/1447
f 1488/960/1447 1499/971/1458 1500/972/1459
f 1501/973/1460 1502/974/588 1494/966/1453
f 1502/974/588 1503/975/1461 1494/966/1453
f 1494/966/1453 1503/975/1461 1495/967/1454
f 1503/975/1461 1504/976/1462 1495/967/1454
f 1495/967/1454 1504/976/1462 1497/969/1456
f 1504/976/1462 1505/977/1463 1497/969/1456
f 1505/977/1463 1506/978/1464 1497/969/1456
f 1497/969/1456 1506/978/1464 1498/970/1457
f 1506/978/1464 1507/979/1465 1498/970/1457
f 1498/970/1457 1507/979/1465 1499/971/1458
f 1507/979/1465 1508/980/1466 1499/971/1458
f 1499/971/1458 1508/980/1466 1500/972/1459
f 1508/980/1466 1509/981/1467 1500/972/1459
f 1500/972/1459 1509/981/1467 1510/982/1468
f 1509/981/1467 1511/983/1469 1510/982/1468
f 1511/983/1469 1512/984/1470 1510/982/1468
f 1510/982/1468 1512/984/1470 1513/985/1471
f 1512/984/1470 1514/986/1472 1513/985/1471
f 1513/985/1471 1514/986/1472 1515/987/1473
f 1514/986/1472 1516/988/1474 1515/987/1473
f 1516/988/1474 1517/989/1475 1515/987/1473
f 1515/987/1473 1517/989/1475 1518/990/1476
f 1517/989/1475 1519/991/1477 1518/990/1476
f 1518/990/1476 1519/991/1477 1520/992/1478
f 1519/991/1477 1521/993/1479 1520/992/1478
f 1520/992/1478 1521/993/1479 1522/994/1480
f 1521/993/1479 1523/995/1481 1522/994/1480
f 1522/994/1480 1523/995/1481 1524/996/1482
f 1523/995/1481 1525/997/1483 1524/996/1482
f 1524/996/1482 1525/997/1483 1526/998/1484
f 1525/997/1483 1527/999/1485 1526/998/1484
f 1527/999/1485 1528/1000/1486 1526/998/1484
f 1528/1000/1486 1529/1001/1487 1526/998/1484
f 1529/1001/1487 1530/1002/1488 1526/998/1484
f 1530/1002/1488 1531/1003/1489 1526/998/1484
f 1526/998/1484 1531/1003/1489 1532/1004/1490
f 1531/1003/1489 1533/1005/1491 1532/1004/1490
f 1533/1005/1491 1534/1006/1492 1532/1004/1490
f 1532/1004/1490 1534/1006/1492 1535/1007/1493
f 1534/1006/1492 1536/1008/1494 1535/1007/1493
f 1536/1008/1494 1537/1009/1495 1535/1007/1493
f 1535/1007/1493 1537/1009/1495 1538/1010/1496
f 1537/1009/1495 1539/1011/1497 1538/1010/1496
f 1538/1010/1496 1539/1011/1497 1520/992/1478
f 1520/992/1478 1539/1011/1497 1518/990/1476
f 1539/1011/1497 1540/1012/1498 1518/990/1476
f 1518/990/1476 1540/1012/1498 1541/1013/1499
f 1540/1012/1498 1542/1014/1500 1541/1013/1499
f 1541/1013/1499 1542/1014/1500 1543/1015/1501
f 1542/1014/1500 1544/1016/1502 1543/1015/1501
f 1543/1015/1501 1544/1016/1502 1545/1017/1503
f 1544/1016/1502 1546/1018/1504 1545/1017/1503
f 1545/1017/1503 1546/1018/1504 1547/1019/1505
f 1546/1018/1504 1548/1020/1506 1547/1019/1505
f 1547/1019/1505 1548/1020/1506 1549/1021/1507
f 1548/1020/1506 1550/1022/1508 1549/1021/1507
f 1549/1021/1507 1550/1022/1508 1551/1023/1509
f 1550/1022/1508 1552/1024/1510 1551/1023/1509
f 1551/1023/1509 1552/1024/1510 1553/1025/1511
f 1552/1024/1510 1554/1026/1512 1553/1025/1511
f 1554/1026/1512 1490/962/1449 1553/1025/1511
f 1553/1025/1511 1490/962/1449 1555/1027/1513
f 1490/962/1449 1491/963/1450 1555/1027/1513
f 1555/1027/1513 1491/963/1450 1556/1028/1514
f 1491/963/1450 1492/964/1451 1556/1028/1514
f 1556/1028/1514 1492/964/1451 1557/1029/1515
f 1492/964/1451 1493/965/1452 1557/1029/1515
f 1557/1029/1515 1493/965/1452 1558/1030/1516
f 1493/965/1452 1485/957/1444 1558/1030/1516
f 1558/1030/1516 1485/957/1444 1559/1031/1517
f 1485/957/1444 1487/959/1446 1559/1031/1517
f 1559/1031/1517 1487/959/1446 1560/1032/1518
f 1487/959/1446 1488/960/1447 1560/1032/1518
f 1560/1032/1518 1488/960/1447 1561/1033/1519
f 1488/960/1447 1500/972/1459 1561/1033/1519
f 1561/1033/1519 1500/972/1459 1562/1034/1520
f 1500/972/1459 1563/1035/1521 1562/1034/1520
f 1562/1034/1520 1563/1035/1521 1564/1036/1522
f 1547/1019/1505 1563/1035/1521 1545/1017/1503
f 1563/1035/1521 1500/972/1459 1545/1017/1503
f 1500/972/1459 1510/982/1468 1545/1017/1503
f 1510/982/1468 1513/985/1471 1545/1017/1503
f 1545/1017/1503 1513/985/1471 1543/1015/1501
f 1513/985/1471 1515/987/1473 1543/1015/1501
f 1543/1015/1501 1515/987/1473 1541/1013/1499
f 1515/987/1473 1518/990/1476 1541/1013/1499
f 1520/992/1478 1522/994/1480 1538/1010/1496
f 1538/1010/1496 1522/994/1480 1535/1007/1493
f 1522/994/1480 1524/996/1482 1535/1007/1493
f 1535/1007/1493 1524/996/1482 1532/1004/1490
f 1524/996/1482 1526/998/1484 1532/1004/1490
f 1546/1018/1504 1544/1016/1502 1548/1020/1506
f 1544/1016/1502 1542/1014/1500 1548/1020/1506
f 1548/1020/1506 1542/1014/1500 1550/1022/1508
f 1542/1014/1500 1540/1012/1498 1550/1022/1508
f 1550/1022/1508 1540/1012/1498 1552/1024/1510
f 1552/1024/1510 1540/1012/1498 1565/1037/1523
f 1540/1012/1498 1539/1011/1497 1565/1037/1523
f 1565/1037/1523 1539/1011/1497 1566/1038/693
f 1539/1011/1497 1537/1009/1495 1566/1038/693
f 1552/1024/1510 1565/1037/1523 1554/1026/1512
f 1507/979/1465 1567/1039/1524 1508/980/1466
f 1553/1025/1511 1568/1040/1525 1551/1023/1509
f 1568/1040/1525 1569/1041/1526 1551/1023/1509
f 1551/1023/1509 1569/1041/1526 1549/1021/1507
f 1563/1035/1521 1547/1019/1505 1564/1036/1522
f 1564/1036/1522 1547/1019/1505 1570/1042/1527
f 1547/1019/1505 1549/1021/1507 1570/1042/1527
f 1570/1042/1527 1549/1021/1507 1571/1043/1528
f 1549/1021/1507 1569/1041/1526 1571/1043/1528
f 1571/1043/1528 1569/1041/1526 1572/1044/1529
f 1569/1041/1526 1568/1040/1525 1572/1044/1529
f 1572/1044/1529 1568/1040/1525 1557/1029/1515
f 1557/1029/1515 1568/1040/1525 1556/1028/1514
f 1568/1040/1525 1553/1025/1511 1556/1028/1514
f 1556/1028/1514 1553/1025/1511 1555/1027/1513
f 1502/974/588 1573/1045/587 1503/975/1461
f 1503/975/1461 1573/1045/587 1504/976/1462
f 1573/1045/587 1574/1046/1530 1504/976/1462
f 1504/976/1462 1574/1046/1530 1505/977/1463
f 1573/1045/587 1575/1047/1531 1574/1046/1530
f 1527/999/1485 1525/997/1483 1576/1048/1532
f 1576/1048/1532 1525/997/1483 1577/1049/1533
f 1577/1049/1533 1525/997/1483 1578/1050/1534
f 1578/1050/1534 1525/997/1483 1579/1051/1535
f 1579/1051/1535 1525/997/1483 1580/1052/1536
f 1525/997/1483 1523/995/1481 1580/1052/1536
f 1571/1043/1528 1572/1044/1529 1581/1053/1537
f 1572/1044/1529 1557/1029/1515 1581/1053/1537
f 1557/1029/1515 1558/1030/1516 1581/1053/1537
f 1558/1030/1516 1559/1031/1517 1581/1053/1537
f 1559/1031/1517 1582/1054/1538 1581/1053/1537
f 1581/1053/1537 1582/1054/1538 1571/1043/1528
f 1571/1043/1528 1582/1054/1538 1570/1042/1527
f 1582/1054/1538 1564/1036/1522 1570/1042/1527
f 1583/1055/1539 1584/1056/703 1585/1057/1540
f 1585/1057/1540 1584/1056/703 1586/1058/1541
f 1584/1056/703 1587/1059/1542 1586/1058/1541
f 1586/1058/1541 1587/1059/1542 1588/1060/1543
f 1588/1060/1543 1587/1059/1542 1589/1061/1544
f 1587/1059/1542 1590/1062/701 1589/1061/1544
f 1590/1062/701 1533/1005/1491 1589/1061/1544
f 1533/1005/1491 1531/1003/1489 1589/1061/1544
f 1562/1034/1520 1564/1036/1522 1561/1033/1519
f 1564/1036/1522 1582/1054/1538 1561/1033/1519
f 1582/1054/1538 1559/1031/1517 1561/1033/1519
f 1559/1031/1517 1560/1032/1518 1561/1033/1519
f 1511/983/1469 1509/981/1467 1591/1063/1545
f 1509/981/1467 1592/1064/1546 1591/1063/1545
f 1591/1063/1545 1592/1064/1546 1593/1065/1547
f 1593/1065/1547 1592/1064/1546 1594/1066/1548
f 1592/1064/1546 1595/1067/1549 1594/1066/1548
f 1595/1067/1549 1596/1068/1550 1594/1066/1548
f 1594/1066/1548 1596/1068/1550 1597/1069/1551
f 1597/1069/1551 1596/1068/1550 1598/1070/1552
f 1596/1068/1550 1599/1071/1553 1598/1070/1552
f 1598/1070/1552 1599/1071/1553 1600/1072/1554
f 1599/1071/1553 1601/1073/1555 1600/1072/1554
f 1600/1072/1554 1601/1073/1555 1602/1074/1556
f 1601/1073/1555 1603/1075/1557 1602/1074/1556
f 1509/981/1467 1508/980/1466 1592/1064/1546
f 1508/980/1466 1567/1039/1524 1592/1064/1546
f 1567/1039/1524 1604/1076/1558 1592/1064/1546
f 1592/1064/1546 1604/1076/1558 1595/1067/1549
f 1604/1076/1558 1605/1077/1559 1595/1067/1549
f 1605/1077/1559 1606/1078/1560 1595/1067/1549
f 1595/1067/1549 1606/1078/1560 1596/1068/1550
f 1606/1078/1560 1607/1079/1561 1596/1068/1550
f 1596/1068/1550 1607/1079/1561 1599/1071/1553
f 1607/1079/1561 1608/1080/1562 1599/1071/1553
f 1599/1071/1553 1608/1080/1562 1601/1073/1555
f 1608/1080/1562 1609/1081/568 1601/1073/1555
f 1601/1073/1555 1609/1081/568 1603/1075/1557
f 1609/1081/568 1610/1082/1563 1603/1075/1557
f 1603/1075/1557 1610/1082/1563 1611/1083/1564
f 1610/1082/1563 1612/1084/1565 1611/1083/1564
f 1611/1083/1564 1612/1084/1565 1613/1085/1566
f 1612/1084/1565 897/455/865 1613/1085/1566
f 897/455/865 1007/555/973 1613/1085/1566
f 1613/1085/1566 1007/555/973 1614/1086/1567
f 1007/555/973 1005/553/971 1614/1086/1567
f 1614/1086/1567 1005/553/971 1615/1087/1568
f 1005/553/971 1004/552/970 1615/1087/1568
f 1004/552/970 1616/1088/967 1615/1087/1568
f 1615/1087/1568 1616/1088/967 1617/1089/1569
f 1616/1088/967 1618/1090/1570 1617/1089/1569
f 1618/1090/1570 1602/1074/1556 1617/1089/1569
f 1617/1089/1569 1602/1074/1556 1619/1091/1571
f 1602/1074/1556 1603/1075/1557 1619/1091/1571
f 1603/1075/1557 1611/1083/1564 1619/1091/1571
f 1619/1091/1571 1611/1083/1564 1620/1092/1572
f 1611/1083/1564 1613/1085/1566 1620/1092/1572
f 1613/1085/1566 1614/1086/1567 1620/1092/1572
f 1614/1086/1567 1615/1087/1568 1620/1092/1572
f 1615/1087/1568 1617/1089/1569 1620/1092/1572
f 1620/1092/1572 1617/1089/1569 1619/1091/1571
f 1609/1081/568 1608/1080/1562 1621/1093/1573
f 1621/1093/1573 1608/1080/1562 1607/1079/1561
f 1612/1084/1565 1622/1094/1574 897/455/865
f 897/455/865 1622/1094/1574 1623/1095/1575
f 1622/1094/1574 1624/1096/1576 1623/1095/1575
f 1623/1095/1575 898/456/866 897/455/865
f 1625/1097/1577 1626/1098/1578 1627/1099/1579
f 1626/1098/1578 1628/1100/1580 1627/1099/1579
f 1628/1100/1580 1629/1101/1581 1627/1099/1579
f 1630/1102/1582 1631/1103/1583 1632/1104/1584
f 1631/1103/1583 1633/1105/1585 1632/1104/1584
f 1632/1104/1584 1633/1105/1585 1634/1106/1586
f 1633/1105/1585 1635/1107/1587 1634/1106/1586
f 1634/1106/1586 1635/1107/1587 1636/1108/1588
f 1636/1108/1588 1635/1107/1587 1627/1099/1579
f 1635/1107/1587 1637/1109/1589 1627/1099/1579
f 1627/1099/1579 1637/1109/1589 1625/1097/1577
f 1625/1097/1577 1637/1109/1589 1638/1110/1590
f 1637/1109/1589 1639/1111/1591 1638/1110/1590
f 1638/1110/1590 1639/1111/1591 1640/1112/523
f 1639/1111/1591 1641/1113/1592 1640/1112/523
f 1640/1112/523 1641/1113/1592 1642/1114/1593
f 1641/1113/1592 1643/1115/1594 1642/1114/1593
f 1642/1114/1593 1643/1115/1594 1644/1116/1595
f 1643/1115/1594 1639/1111/1591 1644/1116/1595
f 1644/1116/1595 1639/1111/1591 1645/1117/1596
f 1639/1111/1591 1635/1107/1587 1645/1117/1596
f 1635/1107/1587 1633/1105/1585 1645/1117/1596
f 1633/1105/1585 1631/1103/1583 1645/1117/1596
f 1645/1117/1596 1631/1103/1583 1644/1116/1595
f 1631/1103/1583 1646/1118/1597 1644/1116/1595
f 1644/1116/1595 1646/1118/1597 1647/1119/1598
f 1646/1118/1597 1648/1120/1599 1647/1119/1598
f 1647/1119/1598 1648/1120/1599 1649/1121/530
f 1648/1120/1599 1631/1103/1583 1649/1121/530
f 1649/1121/530 1631/1103/1583 1650/1122/1600
f 1631/1103/1583 1630/1102/1582 1650/1122/1600
f 1650/1122/1600 1630/1102/1582 1651/1123/1601
f 1651/1123/1601 1630/1102/1582 1652/1124/1602
f 1630/1102/1582 1653/1125/1603 1652/1124/1602
f 1653/1125/1603 1654/1126/1604 1652/1124/1602
f 1652/1124/1602 1654/1126/1604 1655/1127/1605
f 1643/1115/1594 1641/1113/1592 1639/1111/1591
f 1646/1118/1597 1631/1103/1583 1648/1120/1599
f 1635/1107/1587 1639/1111/1591 1637/1109/1589
f 1634/1106/1586 1656/1128/1606 1632/1104/1584
f 1656/1128/1606 1653/1125/1603 1632/1104/1584
f 1632/1104/1584 1653/1125/1603 1630/1102/1582
f 1647/1119/1598 1657/1129/1607 1644/1116/1595
f 1644/1116/1595 1657/1129/1607 1642/1114/1593
f 1658/1130/1608 1659/1131/1609 1660/1132/1610
f 1659/1131/1609 1661/1133/1611 1660/1132/1610
f 1661/1133/1611 1662/1134/1612 1663/1135/1613
f 1664/1136/1614 1659/1131/1609 1665/1137/1615
f 1659/1131/1609 1658/1130/1608 1665/1137/1615
f 1665/1137/1615 1658/1130/1608 1666/1138/1616
f 1658/1130/1608 1660/1132/1610 1666/1138/1616
f 1666/1138/1616 1660/1132/1610 1667/1139/1617
f 1660/1132/1610 1661/1133/1611 1667/1139/1617
f 1667/1139/1617 1661/1133/1611 1668/1140/1618
f 1661/1133/1611 1663/1135/1613 1668/1140/1618
f 1668/1140/1618 1663/1135/1613 1669/1141/1619
f 1663/1135/1613 1670/1142/1620 1669/1141/1619
f 1669/1141/1619 1670/1142/1620 1671/1143/1621
f 1670/1142/1620 1672/1144/1622 1671/1143/1621
f 1672/1144/1622 1673/1145/1623 1671/1143/1621
f 1671/1143/1621 1673/1145/1623 1674/1146/1624
f 1673/1145/1623 1675/1147/1625 1674/1146/1624
f 1674/1146/1624 1675/1147/1625 1676/1148/1626
f 1675/1147/1625 1677/1149/1627 1676/1148/1626
f 1676/1148/1626 1677/1149/1627 1678/1150/1628
f 1677/1149/1627 1679/1151/1629 1678/1150/1628
f 1678/1150/1628 1679/1151/1629 1680/1152/1630
f 1679/1151/1629 1681/1153/1631 1680/1152/1630
f 1680/1152/1630 1681/1153/1631 1682/1154/1632
f 1681/1153/1631 1683/1155/1633 1682/1154/1632
f 1674/1146/1624 1684/1156/1634 1671/1143/1621
f 1671/1143/1621 1684/1156/1634 1669/1141/1619
f 1684/1156/1634 1667/1139/1617 1669/1141/1619
f 1669/1141/1619 1667/1139/1617 1668/1140/1618
f 1679/1151/1629 1677/1149/1627 1685/1157/1635
f 1685/1157/1635 1677/1149/1627 1686/1158/1636
f 1677/1149/1627 1675/1147/1625 1686/1158/1636
f 1675/1147/1625 1673/1145/1623 1686/1158/1636
f 1686/1158/1636 1673/1145/1623 1687/1159/1637
f 1673/1145/1623 1672/1144/1622 1687/1159/1637
f 1687/1159/1637 1688/1160/1638 1686/1158/1636
f 1688/1160/1638 1689/1161/1639 1686/1158/1636
f 1686/1158/1636 1689/1161/1639 1685/1157/1635
f 1682/1154/1632 1690/1162/1636 1680/1152/1630
f 1680/1152/1630 1690/1162/1636 1678/1150/1628
f 1690/1162/1636 1691/1163/1640 1678/1150/1628
f 1678/1150/1628 1691/1163/1640 1676/1148/1626
f 1691/1163/1640 1692/1164/1641 1676/1148/1626
f 1676/1148/1626 1692/1164/1641 1674/1146/1624
f 1692/1164/1641 1693/1165/1642 1674/1146/1624
f 1674/1146/1624 1693/1165/1642 1684/1156/1634
f 1693/1165/1642 1694/1166/1643 1684/1156/1634
f 1684/1156/1634 1694/1166/1643 1667/1139/1617
f 1667/1139/1617 1694/1166/1643 1666/1138/1616
f 1694/1166/1643 1695/1167/1644 1666/1138/1616
f 1695/1167/1644 1696/1168/1645 1666/1138/1616
f 1696/1168/1645 1697/1169/1646 1666/1138/1616
f 1666/1138/1616 1697/1169/1646 1665/1137/1615
f 1691/1163/1640 1698/1170/1647 1692/1164/1641
f 1698/1170/1647 1699/1171/1648 1692/1164/1641
f 1692/1164/1641 1699/1171/1648 1693/1165/1642
f 1699/1171/1648 1695/1167/1644 1693/1165/1642
f 1693/1165/1642 1695/1167/1644 1694/1166/1643
f 1700/1172/1633 1701/1173/1649 1682/1154/1632
f 1701/1173/1649 1702/1174/1650 1682/1154/1632
f 1682/1154/1632 1702/1174/1650 1690/1162/1636
f 1702/1174/1650 1703/1175/1551 1690/1162/1636
f 1690/1162/1636 1703/1175/1551 1691/1163/1640
f 1703/1175/1551 1704/1176/1552 1691/1163/1640
f 1691/1163/1640 1704/1176/1552 1698/1170/1647
f 1704/1176/1552 1705/1177/1554 1698/1170/1647
f 1698/1170/1647 1705/1177/1554 1699/1171/1648
f 1705/1177/1554 1706/1178/1651 1699/1171/1648
f 1699/1171/1648 1706/1178/1651 1695/1167/1644
f 1706/1178/1651 1707/1179/1652 1695/1167/1644
f 1695/1167/1644 1707/1179/1652 1696/1168/1645
f 1707/1179/1652 1708/1180/967 1696/1168/1645
f 1696/1168/1645 1708/1180/967 1697/1169/1646
f 1708/1180/967 1709/1181/966 1697/1169/1646
f 1697/1169/1646 1709/1181/966 1665/1137/1615
f 1709/1181/966 1710/1182/1653 1665/1137/1615
f 1665/1137/1615 1710/1182/1653 1664/1136/1614
f 1710/1182/1653 1711/1183/1654 1664/1136/1614
f 1711/1183/1654 1712/1184/1655 1664/1136/1614
f 1664/1136/1614 1712/1184/1655 1659/1131/1609
f 1712/1184/1655 1713/1185/1656 1659/1131/1609
f 1659/1131/1609 1713/1185/1656 1661/1133/1611
f 1713/1185/1656 1714/1186/1657 1661/1133/1611
f 1661/1133/1611 1714/1186/1657 1662/1134/1612
f 1714/1186/1657 1715/1187/1658 1662/1134/1612
f 1662/1134/1612 1715/1187/1658 1716/1188/1659
f 1715/1187/1658 1717/1189/1660 1716/1188/1659
f 1716/1188/1659 1717/1189/1660 1718/1190/1661
f 1717/1189/1660 1719/1191/1662 1718/1190/1661
f 1718/1190/1661 1719/1191/1662 1720/1192/1663
f 1719/1191/1662 1721/1193/1664 1720/1192/1663
f 1721/1193/1664 1722/1194/1665 1720/1192/1663
f 1720/1192/1663 1722/1194/1665 1723/1195/1666
f 1722/1194/1665 1724/1196/1667 1723/1195/1666
f 1723/1195/1666 1724/1196/1667 1725/1197/1668
f 1724/1196/1667 1726/1198/1669 1725/1197/1668
f 1725/1197/1668 1726/1198/1669 1727/1199/1670
f 1726/1198/1669 1728/1200/1671 1727/1199/1670
f 1727/1199/1670 1728/1200/1671 1729/1201/1672
f 1728/1200/1671 1730/1202/1673 1729/1201/1672
f 1729/1201/1672 1730/1202/1673 1731/1203/1674
f 1730/1202/1673 1732/1204/1215 1731/1203/1674
f 1731/1203/1674 1732/1204/1215 1733/1205/1675
f 1732/1204/1215 1734/1206/1676 1733/1205/1675
f 1733/1205/1675 1734/1206/1676 1735/1207/1677
f 1734/1206/1676 1736/1208/1678 1735/1207/1677
f 1735/1207/1677 1736/1208/1678 1737/1209/1679
f 1736/1208/1678 1738/1210/1180 1737/1209/1679
f 1737/1209/1679 1738/1210/1180 1739/1211/1680
f 1738/1210/1180 1740/1212/1178 1739/1211/1680
f 1739/1211/1680 1740/1212/1178 1741/1213/1681
f 1740/1212/1178 1742/1214/1177 1741/1213/1681
f 1741/1213/1681 1742/1214/1177 1743/1215/1682
f 1742/1214/1177 1744/1216/1683 1743/1215/1682
f 1743/1215/1682 1744/1216/1683 1745/1217/1684
f 1744/1216/1683 1746/1218/1685 1745/1217/1684
f 1746/1218/1685 1747/1219/1686 1745/1217/1684
f 1745/1217/1684 1747/1219/1686 1748/1220/1687
f 1747/1219/1686 1439/911/1398 1748/1220/1687
f 1439/911/1398 1438/910/1397 1748/1220/1687
f 1438/910/1397 1749/1221/1688 1748/1220/1687
f 1748/1220/1687 1749/1221/1688 1750/1222/1689
f 1749/1221/1688 1751/1223/1690 1750/1222/1689
f 1750/1222/1689 1751/1223/1690 1752/1224/1691
f 1751/1223/1690 1753/1225/1692 1752/1224/1691
f 1753/1225/1692 1754/1226/1693 1752/1224/1691
f 1752/1224/1691 1754/1226/1693 1689/1161/1639
f 1754/1226/1693 1755/1227/1694 1689/1161/1639
f 1755/1227/1694 1756/1228/1695 1689/1161/1639
f 1689/1161/1639 1756/1228/1695 1685/1157/1635
f 1756/1228/1695 1757/1229/1696 1685/1157/1635
f 1757/1229/1696 1758/1230/1697 1685/1157/1635
f 1685/1157/1635 1758/1230/1697 1679/1151/1629
f 1758/1230/1697 1759/1231/1698 1679/1151/1629
f 1759/1231/1698 1141/655/1105 1679/1151/1629
f 1679/1151/1629 1141/655/1105 1681/1153/1631
f 1141/655/1105 1140/654/1104 1681/1153/1631
f 1681/1153/1631 1140/654/1104 1683/1155/1633
f 1140/654/1104 1171/685/1135 1683/1155/1633
f 1171/685/1135 1760/1232/1699 1683/1155/1633
f 1760/1232/1699 1761/1233/1700 1683/1155/1633
f 1683/1155/1633 1761/1233/1700 1762/1234/1701
f 1761/1233/1700 1763/1235/1702 1762/1234/1701
f 1762/1234/1701 1763/1235/1702 1764/1236/1703
f 1764/1236/1703 1763/1235/1702 1765/1237/1704
f 1763/1235/1702 1766/1238/1705 1765/1237/1704
f 1766/1238/1705 1767/1239/1706 1765/1237/1704
f 1765/1237/1704 1767/1239/1706 1768/1240/1474
f 1767/1239/1706 1475/947/1434 1768/1240/1474
f 1768/1240/1474 1475/947/1434 1769/1241/1475
f 1475/947/1434 1476/948/1435 1769/1241/1475
f 1769/1241/1475 1476/948/1435 1770/1242/1477
f 1476/948/1435 1477/949/1436 1770/1242/1477
f 1770/1242/1477 1477/949/1436 1521/993/1479
f 1521/993/1479 1477/949/1436 1771/1243/1707
f 1477/949/1436 1453/925/1412 1771/1243/1707
f 1771/1243/1707 1453/925/1412 1772/1244/1708
f 1453/925/1412 1455/927/1414 1772/1244/1708
f 1455/927/1414 1457/929/1416 1772/1244/1708
f 1772/1244/1708 1457/929/1416 1773/1245/1709
f 1457/929/1416 1459/931/1418 1773/1245/1709
f 1459/931/1418 1462/934/1421 1773/1245/1709
f 1773/1245/1709 1462/934/1421 1774/1246/1710
f 1462/934/1421 1464/936/1423 1774/1246/1710
f 1464/936/1423 1437/909/1396 1774/1246/1710
f 1774/1246/1710 1437/909/1396 1775/1247/1231
f 1437/909/1396 1431/903/1390 1775/1247/1231
f 1775/1247/1231 1431/903/1390 1776/1248/1233
f 1776/1248/1233 1431/903/1390 1777/1249/1201
f 1431/903/1390 1432/904/1391 1777/1249/1201
f 1777/1249/1201 1432/904/1391 1778/1250/1189
f 1432/904/1391 1433/905/1392 1778/1250/1189
f 1778/1250/1189 1433/905/1392 1779/1251/1188
f 1433/905/1392 1780/1252/1711 1779/1251/1188
f 1779/1251/1188 1780/1252/1711 1781/1253/1712
f 1780/1252/1711 1782/1254/1713 1781/1253/1712
f 1782/1254/1713 1783/1255/1714 1781/1253/1712
f 1781/1253/1712 1783/1255/1714 1784/1256/1715
f 1784/1256/1715 1783/1255/1714 1785/1257/1716
f 1783/1255/1714 1786/1258/1717 1785/1257/1716
f 1785/1257/1716 1786/1258/1717 1747/1219/1686
f 1786/1258/1717 1787/1259/1718 1747/1219/1686
f 1787/1259/1718 1442/914/1401 1747/1219/1686
f 1747/1219/1686 1442/914/1401 1439/911/1398
f 1788/1260/1719 1716/1188/1659 1718/1190/1661
f 1712/1184/1655 1711/1183/1654 1789/1261/1720
f 1715/1187/1658 1714/1186/1657 1790/1262/1721
f 1714/1186/1657 1791/1263/1722 1790/1262/1721
f 1714/1186/1657 1713/1185/1656 1791/1263/1722
f 1713/1185/1656 1712/1184/1655 1791/1263/1722
f 1712/1184/1655 1789/1261/1720 1791/1263/1722
f 1789/1261/1720 1792/1264/1723 1791/1263/1722
f 1791/1263/1722 1792/1264/1723 1790/1262/1721
f 1792/1264/1723 1721/1193/1664 1790/1262/1721
f 1721/1193/1664 1719/1191/1662 1790/1262/1721
f 1790/1262/1721 1719/1191/1662 1715/1187/1658
f 1719/1191/1662 1717/1189/1660 1715/1187/1658
f 1729/1201/1672 1731/1203/1674 1793/1265/1724
f 1731/1203/1674 1733/1205/1675 1793/1265/1724
f 1733/1205/1675 1735/1207/1677 1793/1265/1724
f 1735/1207/1677 1794/1266/1725 1793/1265/1724
f 1795/1267/1726 1796/1268/1727 1797/1269/1728
f 1796/1268/1727 1798/1270/1729 1797/1269/1728
f 1797/1269/1728 1798/1270/1729 1799/1271/1730
f 1798/1270/1729 1800/1272/1682 1799/1271/1730
f 1799/1271/1730 1800/1272/1682 1801/1273/1731
f 1801/1273/1731 1800/1272/1682 1689/1161/1639
f 1689/1161/1639 1800/1272/1682 1752/1224/1691
f 1800/1272/1682 1802/1274/1732 1752/1224/1691
f 1752/1224/1691 1802/1274/1732 1750/1222/1689
f 1802/1274/1732 1803/1275/1733 1750/1222/1689
f 1750/1222/1689 1803/1275/1733 1748/1220/1687
f 1748/1220/1687 1803/1275/1733 1745/1217/1684
f 1745/1217/1684 1803/1275/1733 1743/1215/1682
f 1803/1275/1733 1804/1276/1734 1743/1215/1682
f 1743/1215/1682 1804/1276/1734 1741/1213/1681
f 1804/1276/1734 1805/1277/1735 1741/1213/1681
f 1741/1213/1681 1805/1277/1735 1806/1278/1736
f 1805/1277/1735 1807/1279/1737 1806/1278/1736
f 1806/1278/1736 1807/1279/1737 1808/1280/1738
f 1807/1279/1737 1809/1281/1739 1808/1280/1738
f 1808/1280/1738 1809/1281/1739 1810/1282/1740
f 1809/1281/1739 1811/1283/1741 1810/1282/1740
f 1810/1282/1740 1811/1283/1741 1812/1284/1742
f 1811/1283/1741 1813/1285/1743 1812/1284/1742
f 1812/1284/1742 1813/1285/1743 1814/1286/1744
f 1813/1285/1743 1788/1260/1719 1814/1286/1744
f 1814/1286/1744 1788/1260/1719 1815/1287/1745
f 1788/1260/1719 1718/1190/1661 1815/1287/1745
f 1718/1190/1661 1720/1192/1663 1815/1287/1745
f 1720/1192/1663 1723/1195/1666 1815/1287/1745
f 1815/1287/1745 1723/1195/1666 1816/1288/1746
f 1723/1195/1666 1725/1197/1668 1816/1288/1746
f 1816/1288/1746 1725/1197/1668 1817/1289/1747
f 1725/1197/1668 1727/1199/1670 1817/1289/1747
f 1727/1199/1670 1729/1201/1672 1817/1289/1747
f 1817/1289/1747 1729/1201/1672 1818/1290/1748
f 1729/1201/1672 1793/1265/1724 1818/1290/1748
f 1818/1290/1748 1793/1265/1724 1819/1291/1749
f 1793/1265/1724 1794/1266/1725 1819/1291/1749
f 1819/1291/1749 1794/1266/1725 1810/1282/1740
f 1810/1282/1740 1794/1266/1725 1808/1280/1738
f 1794/1266/1725 1735/1207/1677 1808/1280/1738
f 1735/1207/1677 1737/1209/1679 1808/1280/1738
f 1808/1280/1738 1737/1209/1679 1806/1278/1736
f 1737/1209/1679 1739/1211/1680 1806/1278/1736
f 1806/1278/1736 1739/1211/1680 1741/1213/1681
f 1812/1284/1742 1814/1286/1744 1810/1282/1740
f 1814/1286/1744 1819/1291/1749 1810/1282/1740
f 1818/1290/1748 1819/1291/1749 1817/1289/1747
f 1819/1291/1749 1814/1286/1744 1817/1289/1747
f 1817/1289/1747 1814/1286/1744 1816/1288/1746
f 1814/1286/1744 1815/1287/1745 1816/1288/1746
f 1813/1285/1743 1811/1283/1741 1795/1267/1726
f 1795/1267/1726 1811/1283/1741 1796/1268/1727
f 1811/1283/1741 1809/1281/1739 1796/1268/1727
f 1809/1281/1739 1807/1279/1737 1796/1268/1727
f 1796/1268/1727 1807/1279/1737 1798/1270/1729
f 1798/1270/1729 1807/1279/1737 1820/1292/1750
f 1807/1279/1737 1805/1277/1735 1820/1292/1750
f 1805/1277/1735 1804/1276/1734 1820/1292/1750
f 1820/1292/1750 1804/1276/1734 1802/1274/1732
f 1804/1276/1734 1803/1275/1733 1802/1274/1732
f 1798/1270/1729 1820/1292/1750 1800/1272/1682
f 1820/1292/1750 1802/1274/1732 1800/1272/1682
f 1773/1245/1709 1821/1293/1751 1772/1244/1708
f 1772/1244/1708 1821/1293/1751 1771/1243/1707
f 1771/1243/1707 1821/1293/1751 1822/1294/1536
f 1822/1294/1536 1821/1293/1751 1823/1295/1752
f 1821/1293/1751 1824/1296/1753 1823/1295/1752
f 1823/1295/1752 1824/1296/1753 1825/1297/1754
f 1825/1297/1754 1824/1296/1753 1826/1298/1755
f 1824/1296/1753 1827/1299/1756 1826/1298/1755
f 1826/1298/1755 1827/1299/1756 1828/1300/1757
f 1827/1299/1756 1829/1301/1758 1828/1300/1757
f 1828/1300/1757 1829/1301/1758 1830/1302/1759
f 1829/1301/1758 1773/1245/1709 1830/1302/1759
f 1773/1245/1709 1774/1246/1710 1830/1302/1759
f 1830/1302/1759 1774/1246/1710 1831/1303/1263
f 1774/1246/1710 1775/1247/1231 1831/1303/1263
f 1773/1245/1709 1829/1301/1758 1821/1293/1751
f 1821/1293/1751 1829/1301/1758 1824/1296/1753
f 1829/1301/1758 1827/1299/1756 1824/1296/1753
f 1825/1297/1754 1832/1304/1760 1823/1295/1752
f 1828/1300/1757 1833/1305/1761 1826/1298/1755
f 1834/1306/1762 1833/1305/1761 1835/1307/1763
f 1833/1305/1761 1828/1300/1757 1835/1307/1763
f 1828/1300/1757 1830/1302/1759 1835/1307/1763
f 1835/1307/1763 1830/1302/1759 1831/1303/1263
f 1836/1308/1764 1837/1309/1765 1838/1310/1766
f 1837/1309/1765 1839/1311/1767 1838/1310/1766
f 943/497/909 945/499/911 1840/1312/1768
f 945/499/911 942/496/908 1840/1312/1768
f 1840/1312/1768 942/496/908 1841/1313/1769
f 942/496/908 979/532/945 1841/1313/1769
f 1841/1313/1769 979/532/945 1842/1314/1215
f 942/496/908 945/499/911 940/494/906
f 1843/1315/1770 1844/1316/1771 1845/1317/1770
f 1845/1317/1770 1844/1316/1771 1846/1318/1770
f 1844/1316/1771 1847/1319/1772 1846/1318/1770
f 1846/1318/1770 1847/1319/1772 1848/1320/1773
f 1849/1321/1774 1850/1322/1775 1843/1315/1770
f 1843/1315/1770 1850/1322/1775 1844/1316/1771
f 1850/1322/1775 1634/1106/1586 1844/1316/1771
f 1634/1106/1586 1636/1108/1588 1844/1316/1771
f 1844/1316/1771 1636/1108/1588 1847/1319/1772
f 1636/1108/1588 1627/1099/1579 1847/1319/1772
f 1847/1319/1772 1627/1099/1579 1629/1101/1581
f 1634/1106/1586 1850/1322/1775 1656/1128/1606
f 1656/1128/1606 1850/1322/1775 1653/1125/1603
f 1850/1322/1775 1654/1126/1604 1653/1125/1603
f 1845/1317/1770 1851/1323/1776 1843/1315/1770
f 1851/1323/1776 1852/1324/1777 1843/1315/1770
f 1852/1324/1777 1853/1325/1778 1843/1315/1770
f 1853/1325/1778 1854/1326/1779 1843/1315/1770
f 1843/1315/1770 1854/1326/1779 1849/1321/1774
f 1854/1326/1779 1855/1327/1780 1849/1321/1774
f 1855/1327/1780 1856/1328/1781 1849/1321/1774
f 1849/1321/1774 1856/1328/1781 1857/1329/1782
f 1858/1330/1783 1859/1331/1784 1848/1320/1773
f 1859/1331/1784 1860/1332/1785 1848/1320/1773
f 1860/1332/1785 1861/1333/1786 1848/1320/1773
f 1848/1320/1773 1861/1333/1786 1846/1318/1770
f 1861/1333/1786 1862/1334/1787 1846/1318/1770
f 1862/1334/1787 1863/1335/1788 1846/1318/1770
f 1863/1335/1788 1864/1336/1789 1846/1318/1770
f 1846/1318/1770 1864/1336/1789 1845/1317/1770
f 1864/1336/1789 1865/1337/1790 1845/1317/1770
f 1845/1317/1770 1865/1337/1790 1851/1323/1776
f 1851/1323/1776 1865/1337/1790 1866/1338/1791
f 1865/1337/1790 1867/1339/1792 1866/1338/1791
f 1866/1338/1791 1867/1339/1792 1868/1340/1793
f 1864/1336/1789 1869/1341/1794 1865/1337/1790
f 1865/1337/1790 1869/1341/1794 1870/1342/1795
f 1869/1341/1794 1871/1343/1796 1870/1342/1795
f 1872/1344/1797 1873/1345/1798 1874/1346/1799
f 1874/1346/1799 1873/1345/1798 1875/1347/1800
f 1876/1348/1801 1877/1346/1802 1878/1349/1803
f 1878/1349/1803 1877/1346/1802 1879/1350/1804
f 1879/1350/1804 1877/1346/1802 1880/1351/1299
f 1877/1346/1802 1881/1344/1805 1880/1351/1299
f 1880/1351/1299 1881/1344/1805 1882/1352/1806
f 1881/1344/1805 1883/1353/1807 1882/1352/1806
f 1883/1353/1807 1884/1354/1365 1882/1352/1806
f 1882/1352/1806 1884/1354/1365 1885/1355/1808
f 1885/1355/1808 1884/1354/1365 1886/1356/1809
f 1884/1354/1365 1887/1357/1364 1886/1356/1809
f 1887/1357/1364 1888/1354/1356 1886/1356/1809
f 1886/1356/1809 1888/1354/1356 1889/1355/1810
f 1889/1355/1810 1888/1354/1356 1890/1352/1811
f 1888/1354/1356 1891/1353/1812 1890/1352/1811
f 1891/1353/1812 1872/1344/1797 1890/1352/1811
f 1890/1352/1811 1872/1344/1797 1892/1351/1318
f 1872/1344/1797 1874/1346/1799 1892/1351/1318
f 1892/1351/1318 1874/1346/1799 1893/1350/1813
f 1893/1350/1813 1874/1346/1799 1894/1349/1814
f 1874/1346/1799 1895/1348/1313 1894/1349/1814
f 1881/1344/1805 1877/1346/1802 1896/1345/1815
f 1896/1345/1815 1877/1346/1802 1897/1347/1816
f 1898/1358/1817 1899/1359/1818 1900/1360/1819
f 1899/1359/1818 1901/1361/1820 1900/1360/1819
f 1900/1360/1819 1901/1361/1820 1902/1362/1821
f 1901/1361/1820 1903/1363/1822 1902/1362/1821
f 1902/1362/1821 1903/1363/1822 1904/1364/1823
f 1903/1363/1822 1905/1365/1824 1904/1364/1823
f 1904/1364/1823 1905/1365/1824 1906/1366/1825
f 1905/1365/1824 1907/1367/1826 1906/1366/1825
f 1906/1366/1825 1907/1367/1826 1908/1368/1827
f 1907/1367/1826 1909/1369/1828 1908/1368/1827
f 1908/1368/1827 1909/1369/1828 1910/1370/1829
f 1909/1369/1828 1911/1371/1830 1910/1370/1829
f 1910/1370/1829 1911/1371/1830 1912/1372/1831
f 1911/1371/1830 1913/1373/1832 1912/1372/1831
f 1912/1372/1831 1913/1373/1832 1914/1374/1833
f 1913/1373/1832 1915/1375/1834 1914/1374/1833
f 1914/1374/1833 1915/1375/1834 1916/1376/1835
f 1915/1375/1834 1917/1377/1836 1916/1376/1835
f 1916/1376/1835 1917/1377/1836 1918/1378/1837
f 1917/1377/1836 1919/1379/1838 1918/1378/1837
f 1918/1378/1837 1919/1379/1838 1920/1380/1839
f 1919/1379/1838 1921/1381/1840 1920/1380/1839
f 1920/1380/1839 1921/1381/1840 1898/1358/1817
f 1921/1381/1840 1899/1359/1818 1898/1358/1817
f 1922/1382/1841 1923/1383/1842 1924/1384/1843
f 1923/1383/1842 1925/1385/1844 1924/1384/1843
f 1924/1384/1843 1925/1385/1844 1926/1386/1845
f 1926/1386/1845 1925/1385/1844 1927/1387/1846
f 1925/1385/1844 1928/1388/1847 1927/1387/1846
f 1927/1387/1846 1928/1388/1847 1929/1389/1848
f 1928/1388/1847 1930/1390/1849 1929/1389/1848
f 1929/1389/1848 1930/1390/1849 1931/1391/1850
f 1932/1391/1851 1930/1390/1849 1933/1389/1852
f 1930/1390/1849 1928/1388/1847 1933/1389/1852
f 1933/1389/1852 1928/1388/1847 1934/1387/1853
f 1928/1388/1847 1925/1385/1844 1934/1387/1853
f 1934/1387/1853 1925/1385/1844 1935/1386/1854
f 1935/1386/1854 1925/1385/1844 1936/1384/1855
f 1925/1385/1844 1923/1383/1842 1936/1384/1855
f 1936/1384/1855 1923/1383/1842 1937/1382/1856
f 1938/1373/1857 1939/1375/1858 1940/1371/1859
f 1939/1375/1858 1941/1377/1860 1940/1371/1859
f 1940/1371/1859 1941/1377/1860 1942/1369/1861
f 1942/1369/1861 1941/1377/1860 1943/1367/1862
f 1941/1377/1860 1944/1379/1863 1943/1367/1862
f 1944/1379/1863 1945/1381/1864 1943/1367/1862
f 1943/1367/1862 1945/1381/1864 1946/1365/1865
f 1945/1381/1864 1947/1359/1866 1946/1365/1865
f 1946/1365/1865 1947/1359/1866 1948/1363/1867
f 1947/1359/1866 1949/1361/1868 1948/1363/1867
f 1950/1392/1869 1951/1393/1870 1952/1394/1871
f 1951/1393/1870 1953/1395/1872 1952/1394/1871
f 1952/1394/1871 1953/1395/1872 1954/1396/1873
f 1953/1395/1872 1955/1397/1874 1954/1396/1873
f 1954/1396/1873 1955/1397/1874 1956/1398/1875
f 1955/1397/1874 1957/1399/1876 1956/1398/1875
f 1957/1399/1876 1958/1400/1877 1956/1398/1875
f 1956/1398/1875 1958/1400/1877 1959/1401/1878
f 1959/1401/1878 1958/1400/1877 1960/1402/1879
f 1958/1400/1877 1961/1403/1880 1960/1402/1879
f 1960/1402/1879 1961/1403/1880 1962/1404/1881
f 1961/1403/1880 1963/1405/1882 1962/1404/1881
f 1964/1406/1883 1965/1407/1884 1966/1408/1885
f 1965/1407/1884 1967/1409/1886 1966/1408/1885
f 1967/1409/1886 1968/1410/1887 1966/1408/1885
f 1968/1410/1887 1969/1411/1888 1966/1408/1885
f 1966/1408/1885 1969/1411/1888 1970/1412/1889
f 1969/1411/1888 1971/1413/1890 1970/1412/1889
f 1970/1412/1889 1971/1413/1890 1972/1414/1891
f 1969/1411/1888 1968/1410/1887 1973/1415/1892
f 1973/1415/1892 1968/1410/1887 1974/1416/1893
f 1970/1412/1889 1975/1417/1894 1966/1408/1885
f 1975/1417/1894 1976/1418/1895 1966/1408/1885
f 1966/1408/1885 1976/1418/1895 1977/1419/1896
f 1978/1420/1897 1979/1421/1898 1980/1422/1899
f 1981/1423/1219 1982/1424/1900 1983/1425/1901
f 1982/1424/1900 1984/1426/1600 1983/1425/1901
f 1983/1425/1901 1984/1426/1600 1985/1427/1223
f 1984/1426/1600 1986/1428/1601 1985/1427/1223
f 1985/1427/1223 1986/1428/1601 1987/1429/1224
f 1986/1428/1601 1988/1430/1602 1987/1429/1224
f 1987/1429/1224 1988/1430/1602 1989/1431/1225
f 1989/1431/1225 1988/1430/1602 1990/1432/1256
f 1988/1430/1602 1979/1421/1898 1990/1432/1256
f 1990/1432/1256 1979/1421/1898 1991/1433/1257
f 1979/1421/1898 1978/1420/1897 1991/1433/1257
f 1991/1433/1257 1978/1420/1897 1992/1434/1902
f 1993/1311/1903 1994/1309/1904 1995/1310/1905
f 1995/1310/1905 1994/1309/1904 1996/1308/1906
f 890/448/858 1997/1435/1907 1049/588/1014
f 1858/1330/1783 1998/1436/1908 1999/1437/1909
f 1998/1436/1908 2000/1438/1910 1999/1437/1909
f 2000/1438/1910 2001/1439/1911 1999/1437/1909
f 1999/1437/1909 2001/1439/1911 2002/1440/1912
f 2002/1440/1912 2001/1439/1911 2003/1441/1913
f 2001/1439/1911 2004/1442/1914 2003/1441/1913
f 2003/1441/1913 2004/1442/1914 2005/1443/1915
f 2005/1443/1915 2004/1442/1914 2006/1444/1916
f 2004/1442/1914 2007/1445/1917 2006/1444/1916
f 2006/1444/1916 2007/1445/1917 2008/1446/1918
f 2007/1445/1917 2009/1447/1919 2008/1446/1918
f 2009/1447/1919 2010/1448/1920 2008/1446/1918
f 2008/1446/1918 2010/1448/1920 2011/1449/1921
f 2010/1448/1920 2012/1450/1922 2011/1449/1921
f 2011/1449/1921 2012/1450/1922 2013/1451/1923
f 2012/1450/1922 2014/1452/1924 2013/1451/1923
f 2010/1448/1920 2015/1453/1925 2012/1450/1922
f 2004/1442/1914 2016/1454/1926 2007/1445/1917
f 2005/1443/1915 2006/1444/1916 2017/1455/1927
f 2017/1455/1927 2006/1444/1916 2018/1456/1927
f 2006/1444/1916 2008/1446/1918 2018/1456/1927
f 2008/1446/1918 2011/1449/1921 2018/1456/1927
f 2018/1456/1927 2011/1449/1921 2019/1457/1927
f 2011/1449/1921 2013/1451/1923 2019/1457/1927
f 1857/1329/1782 2020/1458/1928 2021/1459/1929
f 2021/1459/1929 2020/1458/1928 2022/1460/1930
f 2022/1460/1930 2020/1458/1928 2023/1461/1931
f 2020/1458/1928 2024/1462/1932 2023/1461/1931
f 2024/1462/1932 2014/1452/1924 2023/1461/1931
f 2014/1452/1924 2012/1450/1922 2023/1461/1931
f 2025/1463/1933 2026/1464/1934 2027/1465/1935
f 2026/1464/1934 2028/1466/1936 2027/1465/1935
f 2027/1465/1935 2028/1466/1936 2029/1467/1937
f 2029/1467/1937 2028/1466/1936 2030/1468/1938
f 2030/1468/1938 2028/1466/1936 2031/1469/1939
f 2028/1466/1936 2032/1470/1940 2031/1469/1939
f 2031/1469/1939 2032/1470/1940 2033/1471/1941
f 2033/1471/1941 2032/1470/1940 2034/1472/1942
f 2032/1470/1940 2035/1473/454 2034/1472/1942
f 2034/1472/1942 2035/1473/454 2036/1474/1943
f 2037/1420/1944 2038/1422/1581 2039/1421/1945
f 2040/1423/1946 2041/1425/1947 2042/1424/523
f 2042/1424/523 2041/1425/1947 2043/1426/1590
f 2043/1426/1590 2041/1425/1947 2044/1428/1577
f 2041/1425/1947 2045/1427/1543 2044/1428/1577
f 2045/1427/1543 2046/1429/1544 2044/1428/1577
f 2044/1428/1577 2046/1429/1544 2047/1430/1578
f 2046/1429/1544 2048/1431/1489 2047/1430/1578
f 2048/1431/1489 2049/1432/1488 2047/1430/1578
f 2047/1430/1578 2049/1432/1488 2039/1421/1945
f 2049/1432/1488 2050/1433/1487 2039/1421/1945
f 2039/1421/1945 2050/1433/1487 2037/1420/1944
f 2050/1433/1487 2051/1434/1948 2037/1420/1944
f 2038/1422/1581 2037/1420/1944 1993/1311/1903
f 1993/1311/1903 2037/1420/1944 1994/1309/1904
f 1994/1309/1904 2037/1420/1944 1996/1308/1906
f 2037/1420/1944 2051/1434/1948 1996/1308/1906
f 2052/1475/1949 2053/1476/460 2054/1477/1950
f 2053/1476/460 2055/1478/1951 2054/1477/1950
f 2054/1477/1950 2055/1478/1951 2056/1479/1952
f 2056/1479/1952 2055/1478/1951 2057/1480/1953
f 2057/1480/1953 2055/1478/1951 2058/1481/1954
f 2055/1478/1951 2059/1482/1955 2058/1481/1954
f 2058/1481/1954 2059/1482/1955 2060/1483/1956
f 2060/1483/1956 2059/1482/1955 2061/1484/1957
f 2059/1482/1955 2062/1485/1958 2061/1484/1957
f 2061/1484/1957 2062/1485/1958 2063/1486/1959
f 1992/1434/1902 1978/1420/1897 1836/1308/1764
f 1836/1308/1764 1978/1420/1897 1837/1309/1765
f 1978/1420/1897 1980/1422/1899 1837/1309/1765
f 1980/1422/1899 1839/1311/1767 1837/1309/1765
f 1689/1161/1639 1688/1160/1638 2064/1487/1960
f 1688/1160/1638 1687/1159/1637 2064/1487/1960
f 2064/1487/1960 1687/1159/1637 2065/1488/1961
f 1687/1159/1637 1672/1144/1622 2065/1488/1961
f 2065/1488/1961 1672/1144/1622 2066/1489/1962
f 1672/1144/1622 1670/1142/1620 2066/1489/1962
f 2066/1489/1962 1670/1142/1620 2067/1490/1963
f 1670/1142/1620 1663/1135/1613 2067/1490/1963
f 2067/1490/1963 1663/1135/1613 2068/1491/1964
f 1663/1135/1613 1662/1134/1612 2068/1491/1964
f 2068/1491/1964 1662/1134/1612 2069/1492/1965
f 1662/1134/1612 1716/1188/1659 2069/1492/1965
f 2070/1493/1966 1950/1392/1869 2071/1494/1967
f 2071/1494/1967 1950/1392/1869 2072/1495/1894
f 1950/1392/1869 1952/1394/1871 2072/1495/1894
f 1952/1394/1871 1954/1396/1873 2072/1495/1894
f 2072/1495/1894 1954/1396/1873 2073/1496/1895
f 1954/1396/1873 1956/1398/1875 2073/1496/1895
f 2073/1496/1895 1956/1398/1875 2074/1497/1968
f 2074/1497/1968 1956/1398/1875 2075/1498/1969
f 1956/1398/1875 1959/1401/1878 2075/1498/1969
f 2075/1498/1969 1959/1401/1878 2076/1499/1970
f 2076/1499/1970 1959/1401/1878 2077/1500/1971
f 1959/1401/1878 1960/1402/1879 2077/1500/1971
f 2077/1500/1971 1960/1402/1879 2078/1501/1972
f 1960/1402/1879 1962/1404/1881 2078/1501/1972
f 1962/1404/1881 1963/1405/1882 2078/1501/1972
f 2078/1501/1972 1963/1405/1882 2079/1502/1973
f 1963/1405/1882 1961/1403/1880 2079/1502/1973
f 2079/1502/1973 1961/1403/1880 2080/1503/1974
f 1961/1403/1880 1958/1400/1877 2080/1503/1974
f 2080/1503/1974 1958/1400/1877 2081/1504/1975
f 1958/1400/1877 1957/1399/1876 2081/1504/1975
f 2081/1504/1975 1957/1399/1876 2082/1505/1976
f 1957/1399/1876 1955/1397/1874 2082/1505/1976
f 2082/1505/1976 1955/1397/1874 2083/1506/1977
f 1955/1397/1874 1953/1395/1872 2083/1506/1977
f 2083/1506/1977 1953/1395/1872 2084/1507/1978
f 1953/1395/1872 1951/1393/1870 2084/1507/1978
f 2084/1507/1978 1951/1393/1870 2070/1493/1966
f 1951/1393/1870 1950/1392/1869 2070/1493/1966
f 1864/1336/1789 1863/1335/1788 2085/1508/1979
f 1863/1335/1788 1862/1334/1787 2085/1508/1979
f 2085/1508/1979 1862/1334/1787 2086/1509/1980
f 2086/1509/1980 1862/1334/1787 2087/1510/1981
f 1862/1334/1787 1861/1333/1786 2087/1510/1981
f 2087/1510/1981 1861/1333/1786 2088/1511/1982
f 1861/1333/1786 1860/1332/1785 2088/1511/1982
f 1860/1332/1785 1859/1331/1784 2088/1511/1982
f 1859/1331/1784 1858/1330/1783 2088/1511/1982
f 2088/1511/1982 1858/1330/1783 2089/1512/1983
f 2089/1512/1983 1858/1330/1783 2090/1513/1984
f 1858/1330/1783 1999/1437/1909 2090/1513/1984
f 1999/1437/1909 2002/1440/1912 2090/1513/1984
f 2090/1513/1984 2002/1440/1912 2091/1514/1985
f 2002/1440/1912 2003/1441/1913 2091/1514/1985
f 2003/1441/1913 2005/1443/1915 2091/1514/1985
f 2091/1514/1985 2005/1443/1915 2092/1515/1986
f 2005/1443/1915 2017/1455/1927 2092/1515/1986
f 2092/1515/1986 2017/1455/1927 2093/1516/1987
f 2093/1516/1987 2017/1455/1927 1977/1419/1896
f 2017/1455/1927 2018/1456/1927 1977/1419/1896
f 1977/1419/1896 2018/1456/1927 1966/1408/1885
f 1966/1408/1885 2018/1456/1927 1964/1406/1883
f 2018/1456/1927 2019/1457/1927 1964/1406/1883
f 1964/1406/1883 2019/1457/1927 2094/1517/1988
f 2094/1517/1988 2019/1457/1927 2095/1518/1989
f 2019/1457/1927 2013/1451/1923 2095/1518/1989
f 2095/1518/1989 2013/1451/1923 2096/1519/1990
f 2013/1451/1923 2014/1452/1924 2096/1519/1990
f 2014/1452/1924 2024/1462/1932 2096/1519/1990
f 2096/1519/1990 2024/1462/1932 2097/1520/1991
f 2024/1462/1932 2020/1458/1928 2097/1520/1991
f 2020/1458/1928 1857/1329/1782 2097/1520/1991
f 2097/1520/1991 1857/1329/1782 2098/1521/1992
f 2098/1521/1992 1857/1329/1782 2099/1522/1993
f 1857/1329/1782 1856/1328/1781 2099/1522/1993
f 1856/1328/1781 1855/1327/1780 2099/1522/1993
f 1855/1327/1780 1854/1326/1779 2099/1522/1993
f 2099/1522/1993 1854/1326/1779 2100/1523/1994
f 1854/1326/1779 1853/1325/1778 2100/1523/1994
f 2100/1523/1994 1853/1325/1778 2101/1524/1995
f 2101/1524/1995 1853/1325/1778 2102/1525/1996
f 1853/1325/1778 1852/1324/1777 2102/1525/1996
f 1852/1324/1777 1851/1323/1776 2102/1525/1996
f 2102/1525/1996 1851/1323/1776 2103/1526/1997
f 2103/1526/1997 1851/1323/1776 1974/1416/1893
f 1851/1323/1776 1866/1338/1791 1974/1416/1893
f 1866/1338/1791 1868/1340/1793 1974/1416/1893
f 1868/1340/1793 1867/1339/1792 1974/1416/1893
f 1974/1416/1893 1867/1339/1792 1973/1415/1892
f 1973/1415/1892 1867/1339/1792 1969/1411/1888
f 1867/1339/1792 1865/1337/1790 1969/1411/1888
f 1865/1337/1790 1870/1342/1795 1969/1411/1888
f 1969/1411/1888 1870/1342/1795 1971/1413/1890
f 1870/1342/1795 1871/1343/1796 1971/1413/1890
f 1971/1413/1890 1871/1343/1796 1972/1414/1891
f 1871/1343/1796 1869/1341/1794 1972/1414/1891
f 1869/1341/1794 1864/1336/1789 1972/1414/1891
f 1972/1414/1891 1864/1336/1789 2104/1527/1998
f 1864/1336/1789 2085/1508/1979 2104/1527/1998
f 950/504/916 2105/1528/1999 951/505/917
f 951/505/917 2105/1528/1999 918/475/885
f 2105/1528/1999 2106/1529/2000 918/475/885
f 918/475/885 2106/1529/2000 1019/566/985
f 2107/1530/2001 2108/1531/2002 2109/1532/2003
f 2109/1532/2003 2108/1531/2002 2110/1533/2004
f 2108/1531/2002 2111/1534/2005 2110/1533/2004
f 2110/1533/2004 2111/1534/2005 2112/1535/2006
f 2112/1535/2006 2111/1534/2005 2113/1536/2007
f 2111/1534/2005 2114/1537/2008 2113/1536/2007
f 2114/1537/2008 2115/1538/2009 2113/1536/2007
f 2113/1536/2007 2115/1538/2009 2116/1539/2010
f 2115/1538/2009 2117/1540/2011 2116/1539/2010
f 2116/1539/2010 2117/1540/2011 2118/1541/2012
f 2117/1540/2011 2119/1542/2013 2118/1541/2012
f 2118/1541/2012 2119/1542/2013 2120/1543/2014
f 1689/1161/1639 2064/1487/1960 1801/1273/1731
f 1801/1273/1731 2064/1487/1960 1799/1271/1730
f 2064/1487/1960 2065/1488/1961 1799/1271/1730
f 1799/1271/1730 2065/1488/1961 1797/1269/1728
f 2065/1488/1961 2066/1489/1962 1797/1269/1728
f 1797/1269/1728 2066/1489/1962 1795/1267/1726
f 2066/1489/1962 2067/1490/1963 1795/1267/1726
f 1795/1267/1726 2067/1490/1963 1813/1285/1743
f 2067/1490/1963 2068/1491/1964 1813/1285/1743
f 1813/1285/1743 2068/1491/1964 1788/1260/1719
f 2068/1491/1964 2069/1492/1965 1788/1260/1719
f 1788/1260/1719 2069/1492/1965 1716/1188/1659
f 1901/1361/1820 1899/1359/1818 1903/1363/1822
f 1903/1363/1822 1899/1359/1818 1905/1365/1824
f 1899/1359/1818 1921/1381/1840 1905/1365/1824
f 1905/1365/1824 1921/1381/1840 1907/1367/1826
f 1921/1381/1840 1919/1379/1838 1907/1367/1826
f 1919/1379/1838 1917/1377/1836 1907/1367/1826
f 1907/1367/1826 1917/1377/1836 1909/1369/1828
f 1909/1369/1828 1917/1377/1836 1911/1371/1830
f 1917/1377/1836 1915/1375/1834 1911/1371/1830
f 1911/1371/1830 1915/1375/1834 1913/1373/1832
f 2121/1544/2015 2122/1545/2016 1934/1387/1853
f 1934/1387/1853 2122/1545/2016 1933/1389/1852
f 2122/1545/2016 2123/1546/2017 1933/1389/1852
f 1933/1389/1852 2123/1546/2017 1932/1391/1851
f 2123/1546/2017 2124/1547/2018 1932/1391/1851
f 1932/1391/1851 2124/1547/2018 1930/1390/1849
f 2124/1547/2018 2125/1548/2019 1930/1390/1849
f 2125/1548/2019 2126/1547/2020 1930/1390/1849
f 1930/1390/1849 2126/1547/2020 1931/1391/1850
f 2126/1547/2020 2127/1549/2021 1931/1391/1850
f 1931/1391/1850 2127/1549/2021 1929/1389/1848
f 2127/1549/2021 2128/1545/2022 1929/1389/1848
f 1929/1389/1848 2128/1545/2022 1927/1387/1846
f 2128/1545/2022 2129/1544/2023 1927/1387/1846
f 1927/1387/1846 2129/1544/2023 1926/1386/1845
f 1926/1386/1845 2129/1544/2023 1924/1384/1843
f 2129/1544/2023 2130/1550/2024 1924/1384/1843
f 2130/1550/2024 2131/1551/2025 1924/1384/1843
f 1924/1384/1843 2131/1551/2025 1922/1382/1841
f 2131/1551/2025 2132/1552/2026 1922/1382/1841
f 1922/1382/1841 2132/1552/2026 1923/1383/1842
f 1923/1383/1842 2132/1552/2026 1937/1382/1856
f 2132/1552/2026 2133/1551/2027 1937/1382/1856
f 1937/1382/1856 2133/1551/2027 1936/1384/1855
f 2133/1551/2027 2134/1550/2028 1936/1384/1855
f 2134/1550/2028 2121/1544/2015 1936/1384/1855
f 1936/1384/1855 2121/1544/2015 1935/1386/1854
f 2121/1544/2015 1934/1387/1853 1935/1386/1854
f 2054/1477/1950 2056/1479/1952 2135/1553/2029
f 2135/1553/2029 2056/1479/1952 2136/1554/2030
f 2056/1479/1952 2057/1480/1953 2136/1554/2030
f 2136/1554/2030 2057/1480/1953 2137/1555/2031
f 2057/1480/1953 2058/1481/1954 2137/1555/2031
f 2137/1555/2031 2058/1481/1954 2138/1556/2032
f 2058/1481/1954 2060/1483/1956 2138/1556/2032
f 2138/1556/2032 2060/1483/1956 2139/1557/2033
f 2060/1483/1956 2061/1484/1957 2139/1557/2033
f 2061/1484/1957 2063/1486/1959 2139/1557/2033
f 2063/1486/1959 2140/1558/2034 2139/1557/2033
f 2140/1558/2034 2141/1559/2035 2139/1557/2033
f 2139/1557/2033 2141/1559/2035 2138/1556/2032
f 2141/1559/2035 2142/1560/2036 2138/1556/2032
f 2138/1556/2032 2142/1560/2036 2137/1555/2031
f 2142/1560/2036 2143/1561/2037 2137/1555/2031
f 2143/1561/2037 2144/1562/2038 2137/1555/2031
f 2137/1555/2031 2144/1562/2038 2136/1554/2030
f 2144/1562/2038 2145/1563/2039 2136/1554/2030
f 2136/1554/2030 2145/1563/2039 2135/1553/2029
f 2145/1563/2039 2146/1564/2040 2135/1553/2029
f 2135/1553/2029 2146/1564/2040 2147/1565/2041
f 2146/1564/2040 2148/1566/2042 2147/1565/2041
f 2148/1566/2042 2149/1567/2043 2147/1565/2041
f 2149/1567/2043 2052/1475/1949 2147/1565/2041
f 2052/1475/1949 2054/1477/1950 2147/1565/2041
f 2147/1565/2041 2054/1477/1950 2135/1553/2029
f 2150/1568/2044 2113/1536/2007 2151/1569/2045
f 2151/1569/2045 2113/1536/2007 2152/1570/1884
f 2113/1536/2007 2116/1539/2010 2152/1570/1884
f 2152/1570/1884 2116/1539/2010 2153/1571/1886
f 2116/1539/2010 2118/1541/2012 2153/1571/1886
f 2118/1541/2012 2120/1543/2014 2153/1571/1886
f 2153/1571/1886 2120/1543/2014 2154/1572/2046
f 2120/1543/2014 2119/1542/2013 2154/1572/2046
f 2154/1572/2046 2119/1542/2013 2155/1573/2047
f 2155/1573/2047 2119/1542/2013 2156/1574/2048
f 2119/1542/2013 2117/1540/2011 2156/1574/2048
f 2156/1574/2048 2117/1540/2011 2157/1575/2049
f 2117/1540/2011 2115/1538/2009 2157/1575/2049
f 2157/1575/2049 2115/1538/2009 2158/1576/2050
f 2115/1538/2009 2114/1537/2008 2158/1576/2050
f 2158/1576/2050 2114/1537/2008 2159/1577/2051
f 2114/1537/2008 2111/1534/2005 2159/1577/2051
f 2159/1577/2051 2111/1534/2005 2160/1578/2052
f 2111/1534/2005 2108/1531/2002 2160/1578/2052
f 2160/1578/2052 2108/1531/2002 2161/1579/2053
f 2108/1531/2002 2107/1530/2001 2161/1579/2053
f 2161/1579/2053 2107/1530/2001 2162/1580/2054
f 2107/1530/2001 2109/1532/2003 2162/1580/2054
f 2109/1532/2003 2110/1533/2004 2162/1580/2054
f 2162/1580/2054 2110/1533/2004 2163/1581/2055
f 2110/1533/2004 2112/1535/2006 2163/1581/2055
f 2163/1581/2055 2112/1535/2006 2164/1582/2056
f 2164/1582/2056 2112/1535/2006 2150/1568/2044
f 2112/1535/2006 2113/1536/2007 2150/1568/2044
f 1947/1359/1866 1945/1381/1864 2165/1358/2057
f 2165/1358/2057 1945/1381/1864 2166/1380/2058
f 1945/1381/1864 1944/1379/1863 2166/1380/2058
f 2166/1380/2058 1944/1379/1863 2167/1378/2059
f 1944/1379/1863 1941/1377/1860 2167/1378/2059
f 2167/1378/2059 1941/1377/1860 2168/1376/2060
f 1941/1377/1860 1939/1375/1858 2168/1376/2060
f 2168/1376/2060 1939/1375/1858 2169/1374/1833
f 1939/1375/1858 1938/1373/1857 2169/1374/1833
f 2169/1374/1833 1938/1373/1857 2170/1372/2061
f 1938/1373/1857 1940/1371/1859 2170/1372/2061
f 2170/1372/2061 1940/1371/1859 2171/1370/2062
f 1940/1371/1859 1942/1369/1861 2171/1370/2062
f 2171/1370/2062 1942/1369/1861 2172/1368/2063
f 1942/1369/1861 1943/1367/1862 2172/1368/2063
f 2172/1368/2063 1943/1367/1862 2173/1366/2064
f 1943/1367/1862 1946/1365/1865 2173/1366/2064
f 2173/1366/2064 1946/1365/1865 2174/1364/2065
f 1946/1365/1865 1948/1363/1867 2174/1364/2065
f 2174/1364/2065 1948/1363/1867 2175/1362/2066
f 1948/1363/1867 1949/1361/1868 2175/1362/2066
f 2175/1362/2066 1949/1361/1868 2176/1360/2067
f 1949/1361/1868 1947/1359/1866 2176/1360/2067
f 2176/1360/2067 1947/1359/1866 2165/1358/2057
f 2177/1583/2068 2178/1584/2069 2179/1585/2070
f 2179/1585/2070 2178/1584/2069 2180/1586/2071
f 2178/1584/2069 2181/1587/2072 2180/1586/2071
f 2181/1587/2072 2182/1588/2073 2180/1586/2071
f 2180/1586/2071 2182/1588/2073 2183/1589/2074
f 2182/1588/2073 2184/1590/2075 2183/1589/2074
f 2183/1589/2074 2184/1590/2075 2185/1591/2076
f 2184/1590/2075 2186/1592/2077 2185/1591/2076
f 2186/1592/2077 2025/1463/1933 2185/1591/2076
f 2025/1463/1933 2027/1465/1935 2185/1591/2076
f 2027/1465/1935 2029/1467/1937 2185/1591/2076
f 2185/1591/2076 2029/1467/1937 2183/1589/2074
f 2029/1467/1937 2030/1468/1938 2183/1589/2074
f 2183/1589/2074 2030/1468/1938 2180/1586/2071
f 2030/1468/1938 2031/1469/1939 2180/1586/2071
f 2180/1586/2071 2031/1469/1939 2179/1585/2070
f 2031/1469/1939 2033/1471/1941 2179/1585/2070
f 2179/1585/2070 2033/1471/1941 2187/1593/2078
f 2033/1471/1941 2034/1472/1942 2187/1593/2078
f 2187/1593/2078 2034/1472/1942 2188/1594/2079
f 2034/1472/1942 2036/1474/1943 2188/1594/2079
f 2036/1474/1943 2189/1595/2080 2188/1594/2079
f 2189/1595/2080 2190/1596/2081 2188/1594/2079
f 2190/1596/2081 2191/1597/2082 2188/1594/2079
f 2188/1594/2079 2191/1597/2082 2187/1593/2078
f 2191/1597/2082 2177/1583/2068 2187/1593/2078
f 2187/1593/2078 2177/1583/2068 2179/1585/2070
f 2192/1598/2083 2193/1599/2084 2194/1600/2085
f 2193/1599/2084 2195/1601/2086 2194/1600/2085
f 2196/1602/2087 2197/1603/2088 2198/1604/2089
f 2198/1604/2089 2197/1603/2088 2199/1605/2090
f 2199/1605/2090 2197/1603/2088 2200/1606/2091
f 2197/1603/2088 2201/1607/2092 2200/1606/2091
f 2194/1600/2085 2202/1608/2093 2192/1598/2083
f 2202/1608/2093 2203/1609/2094 2192/1598/2083
f 2204/1610/2095 2205/1611/2096 2206/1612/2097
f 2205/1611/2096 2207/1613/2098 2206/1612/2097
f 2208/1614/2099 2209/1615/2100 2210/1616/2101
f 2209/1615/2100 2211/1617/2102 2210/1616/2101
f 2212/1618/2103 2213/1619/2104 2214/1620/2105
f 2213/1619/2104 2215/1621/2106 2214/1620/2105
f 2216/1622/1411 2217/1623/2107 2208/1614/2099
f 2217/1623/2107 2209/1615/2100 2208/1614/2099
f 2218/1624/2108 2219/1625/2109 2212/1618/2103
f 2219/1625/2109 2213/1619/2104 2212/1618/2103
f 2220/1626/2110 2221/1627/2111 2222/1628/2112
f 2221/1627/2111 2223/1629/2113 2222/1628/2112
f 2224/1630/2114 2225/1631/2115 2226/1603/2116
f 2225/1631/2115 2227/1632/2117 2226/1603/2116
f 2228/1633/2118 2229/1634/2119 2222/1628/2112
f 2229/1634/2119 2220/1626/2110 2222/1628/2112
f 2230/1635/2120 2231/1636/2121 2226/1603/2116
f 2231/1636/2121 2224/1630/2114 2226/1603/2116
f 2232/1637/2122 2233/1638/2123 2234/1639/2124
f 2233/1638/2123 2236/1603/2125 2234/1639/2124
f 2237/1640/2126 2238/1641/2127 2239/1610/2128
f 2238/1641/2127 2240/1612/2129 2239/1610/2128
f 2241/1601/2130 2242/1599/114 2243/1600/2131
f 2242/1599/114 2244/1598/2132 2243/1600/2131
f 2245/1609/2133 2246/1608/2134 2244/1598/2132
f 2246/1608/2134 2243/1600/2131 2244/1598/2132
f 2247/1613/2135 2248/1611/2136 2240/1612/2129
f 2248/1611/2136 2239/1610/2128 2240/1612/2129
f 2249/1642/2137 2250/1643/2138 2251/1644/2139
f 2250/1643/2138 2252/1645/2140 2251/1644/2139
f 2251/1644/2139 2252/1645/2140 2253/1646/2141
f 2252/1645/2140 2254/1647/2142 2253/1646/2141
f 2255/1617/2143 2256/1615/2144 2257/1616/2145
f 2256/1615/2144 2258/1614/2146 2257/1616/2145
f 2259/1621/2147 2260/1619/2148 2261/1620/2149
f 2260/1619/2148 2262/1618/2150 2261/1620/2149
f 2256/1615/2144 2263/1623/2151 2258/1614/2146
f 2263/1623/2151 2264/1622/2152 2258/1614/2146
f 2260/1619/2148 2265/1625/2153 2262/1618/2150
f 2265/1625/2153 2266/1624/2154 2262/1618/2150
f 2267/1629/2155 2268/1627/2156 2269/1628/2157
f 2268/1627/2156 2270/1626/2158 2269/1628/2157
f 2271/1632/2159 2272/1631/2160 2273/1603/2161
f 2272/1631/2160 2274/1630/2162 2273/1603/2161
f 2270/1626/2158 2275/1634/2163 2269/1628/2157
f 2275/1634/2163 2276/1633/2164 2269/1628/2157
f 2274/1630/2162 2277/1636/2165 2273/1603/2161
f 2277/1636/2165 2278/1635/2166 2273/1603/2161
f 2279/1603/2167 2280/1638/2168 2281/1639/2169
f 2280/1638/2168 2283/1637/2170 2281/1639/2169
f 2206/1612/2097 2284/1641/2171 2204/1610/2095
f 2284/1641/2171 2285/1640/2172 2204/1610/2095
f 2286/1648/1411 2287/1643/2173 2288/1649/2174
f 2287/1643/2173 2289/1645/2175 2288/1649/2174
f 2289/1645/2175 2290/1647/2176 2288/1649/2174
f 2288/1649/2174 2290/1647/2176 2291/1650/1415
f 2292/1648/1425 2293/1649/2177 2250/1643/2138
f 2250/1643/2138 2293/1649/2177 2252/1645/2140
f 2252/1645/2140 2293/1649/2177 2254/1647/2142
f 2293/1649/2177 2294/1650/1422 2254/1647/2142
f 2295/1602/2178 2296/1604/2179 2297/1603/2180
f 2296/1604/2179 2298/1605/2181 2297/1603/2180
f 2298/1605/2181 2299/1606/2182 2297/1603/2180
f 2299/1606/2182 2300/1607/2183 2297/1603/2180
f 2301/1614/2184 2302/1616/2185 2303/1651/2186
f 2302/1616/2185 2304/1652/821 2303/1651/2186
f 2304/1652/821 2305/1653/123 2303/1651/2186
f 2303/1651/2186 2305/1653/123 2306/1654/2187
f 2306/1654/2187 2305/1653/123 2307/1655/2188
f 2305/1653/123 2308/1656/2189 2307/1655/2188
f 2307/1655/2188 2309/1657/2190 2306/1654/2187
f 2309/1657/2190 2310/1658/2191 2306/1654/2187
f 2306/1654/2187 2310/1658/2191 2303/1651/2186
f 2310/1658/2191 2311/1659/1717 2303/1651/2186
f 2303/1651/2186 2311/1659/1717 2301/1614/2184
f 2311/1659/1717 2312/1622/1714 2301/1614/2184
f 2313/1607/2192 2314/1660/2193 2315/1661/848
f 2314/1660/2193 2316/1662/2194 2315/1661/848
f 2316/1662/2194 2317/1663/2195 2315/1661/848
f 2315/1661/848 2317/1663/2195 2318/1664/852
f 2318/1664/852 2317/1663/2195 2319/1665/2196
f 2317/1663/2195 2320/1666/2197 2319/1665/2196
f 2321/1612/2198 2322/1667/2199 2323/1668/2200
f 2322/1667/2199 2324/1669/121 2323/1668/2200
f 2324/1669/121 2325/1664/124 2323/1668/2200
f 2323/1668/2200 2325/1664/124 2326/1663/2201
f 2326/1663/2201 2325/1664/124 2327/1670/2202
f 2325/1664/124 2328/1671/822 2327/1670/2202
f 2327/1670/2202 2328/1671/822 2329/1672/2181
f 2328/1671/822 2330/1673/2203 2329/1672/2181
f 2329/1672/2181 2331/1674/2204 2327/1670/2202
f 2331/1674/2204 2332/1675/2205 2327/1670/2202
f 2327/1670/2202 2332/1675/2205 2326/1663/2201
f 2332/1675/2205 2333/1649/2206 2326/1663/2201
f 2326/1663/2201 2333/1649/2206 2323/1668/2200
f 2333/1649/2206 2334/1676/2207 2323/1668/2200
f 2323/1668/2200 2334/1676/2207 2321/1612/2198
f 2334/1676/2207 2335/1677/2208 2321/1612/2198
f 2282/1639/2179 2336/1667/2209 2337/1678/2210
f 2336/1667/2209 2338/1679/2211 2337/1678/2210
f 2337/1678/2210 2338/1679/2211 2339/1680/2212
f 2338/1679/2211 2340/1681/2213 2339/1680/2212
f 2339/1680/2212 2340/1681/2213 2341/1682/2214
f 2340/1681/2213 2342/1607/2215 2341/1682/2214
f 2343/1683/2216 2344/1660/2217 2345/1602/1702
f 2344/1660/2217 2346/1662/2218 2345/1602/1702
f 2345/1602/1702 2346/1662/2218 2347/1684/2219
f 2346/1662/2218 2348/1663/2220 2347/1684/2219
f 2347/1684/2219 2348/1663/2220 2349/1685/1706
f 2348/1663/2220 2350/1666/2221 2349/1685/1706
f 2349/1685/1706 2350/1666/2221 2351/1686/1434
f 2290/1647/2176 2289/1645/2175 2352/1646/2222
f 2352/1646/2222 2289/1645/2175 2353/1644/2223
f 2289/1645/2175 2287/1643/2173 2353/1644/2223
f 2287/1643/2173 2354/1642/2224 2353/1644/2223
f 2355/1687/2225 2356/1688/2226 2357/1689/2227
f 2356/1688/2226 2358/1690/2228 2357/1689/2227
f 2357/1689/2227 2358/1690/2228 2359/1691/2229
f 2358/1690/2228 2360/1692/2230 2359/1691/2229
f 2360/1692/2230 2361/1690/2231 2359/1691/2229
f 2359/1691/2229 2361/1690/2231 2362/1689/2232
f 2361/1690/2231 2363/1688/2233 2362/1689/2232
f 2363/1688/2233 2364/1687/2234 2362/1689/2232
f 2356/1688/2226 2365/1657/1422 2358/1690/2228
f 2365/1657/1422 2366/1650/2235 2358/1690/2228
f 2358/1690/2228 2366/1650/2235 2360/1692/2230
f 2366/1650/2235 2367/1622/1419 2360/1692/2230
f 2367/1622/1419 2368/1650/2236 2360/1692/2230
f 2360/1692/2230 2368/1650/2236 2361/1690/2231
f 2368/1650/2236 2369/1657/1415 2361/1690/2231
f 2361/1690/2231 2369/1657/1415 2363/1688/2233
f 2370/1607/2237 2371/1681/332 2372/1682/2238
f 2372/1682/2238 2371/1681/332 2373/1680/2239
f 2371/1681/332 2374/1679/334 2373/1680/2239
f 2373/1680/2239 2374/1679/334 2375/1678/2240
f 2374/1679/334 2376/1667/2241 2375/1678/2240
f 2375/1678/2240 2376/1667/2241 2235/1639/2242
f 2377/1612/2243 2378/1668/2244 2379/1667/2245
f 2379/1667/2245 2378/1668/2244 2380/1669/117
f 2380/1669/117 2378/1668/2244 2381/1664/116
f 2378/1668/2244 2382/1663/2246 2381/1664/116
f 2382/1663/2246 2383/1670/2247 2381/1664/116
f 2381/1664/116 2383/1670/2247 2384/1671/804
f 2383/1670/2247 2385/1672/2090 2384/1671/804
f 2384/1671/804 2385/1672/2090 2386/1673/2248
f 2387/1607/2249 2388/1661/333 2344/1660/2217
f 2344/1660/2217 2388/1661/333 2346/1662/2218
f 2346/1662/2218 2388/1661/333 2348/1663/2220
f 2388/1661/333 2389/1664/331 2348/1663/2220
f 2389/1664/331 2390/1665/2250 2348/1663/2220
f 2348/1663/2220 2390/1665/2250 2350/1666/2221
f 2391/1614/2251 2392/1651/2252 2393/1616/2253
f 2393/1616/2253 2392/1651/2252 2394/1652/802
f 2394/1652/802 2392/1651/2252 2395/1653/115
f 2392/1651/2252 2396/1654/2254 2395/1653/115
f 2396/1654/2254 2397/1655/2255 2395/1653/115
f 2395/1653/115 2397/1655/2255 2398/1656/2256
f 2399/1677/2257 2400/1676/2258 2377/1612/2243
f 2377/1612/2243 2400/1676/2258 2378/1668/2244
f 2400/1676/2258 2401/1649/2259 2378/1668/2244
f 2378/1668/2244 2401/1649/2259 2382/1663/2246
f 2401/1649/2259 2402/1675/2260 2382/1663/2246
f 2382/1663/2246 2402/1675/2260 2383/1670/2247
f 2402/1675/2260 2403/1674/2261 2383/1670/2247
f 2403/1674/2261 2385/1672/2090 2383/1670/2247
f 2404/1677/2262 2405/1666/2263 2406/1676/2264
f 2405/1666/2263 2407/1668/2265 2406/1676/2264
f 2407/1668/2265 2408/1693/2266 2406/1676/2264
f 2406/1676/2264 2408/1693/2266 2409/1694/2267
f 2408/1693/2266 2410/1695/2268 2409/1694/2267
f 2409/1694/2267 2410/1695/2268 2411/1696/2269
f 2411/1696/2269 2410/1695/2268 2412/1694/2270
f 2410/1695/2268 2413/1693/2271 2412/1694/2270
f 2412/1694/2270 2413/1693/2271 2414/1676/2272
f 2413/1693/2271 2415/1668/2273 2414/1676/2272
f 2415/1668/2273 2416/1666/2274 2414/1676/2272
f 2414/1676/2272 2416/1666/2274 2417/1677/1430
f 2418/1622/2275 2419/1659/1700 2391/1614/2251
f 2391/1614/2251 2419/1659/1700 2392/1651/2252
f 2419/1659/1700 2420/1658/2276 2392/1651/2252
f 2392/1651/2252 2420/1658/2276 2396/1654/2254
f 2420/1658/2276 2421/1657/2135 2396/1654/2254
f 2421/1657/2135 2397/1655/2255 2396/1654/2254
f 2422/1697/2165 2423/1698/2277 2424/1699/2278
f 2423/1698/2277 2425/1700/2279 2424/1699/2278
f 2424/1699/2278 2425/1700/2279 2426/1701/1690
f 2425/1700/2279 2427/1702/2280 2426/1701/1690
f 2427/1702/2280 2428/1663/2281 2426/1701/1690
f 2426/1701/1690 2428/1663/2281 2429/1685/1692
f 2429/1685/1692 2428/1663/2281 2430/1703/1693
f 2428/1663/2281 2431/1704/2282 2430/1703/1693
f 2431/1704/2282 2432/1651/2283 2430/1703/1693
f 2430/1703/1693 2432/1651/2283 2433/1705/1694
f 2433/1705/1694 2432/1651/2283 2434/1703/1695
f 2432/1651/2283 2435/1704/2284 2434/1703/1695
f 2435/1704/2284 2436/1663/2285 2434/1703/1695
f 2434/1703/1695 2436/1663/2285 2437/1685/1696
f 2437/1685/1696 2436/1663/2285 2438/1701/1697
f 2436/1663/2285 2439/1702/2286 2438/1701/1697
f 2439/1702/2286 2440/1700/2287 2438/1701/1697
f 2438/1701/1697 2440/1700/2287 2441/1699/2288
f 2440/1700/2287 2442/1698/2289 2441/1699/2288
f 2441/1699/2288 2442/1698/2289 2443/1697/2121
f 2444/1683/2290 2445/1602/2291 2314/1660/2193
f 2314/1660/2193 2445/1602/2291 2316/1662/2194
f 2445/1602/2291 2446/1684/2292 2316/1662/2194
f 2316/1662/2194 2446/1684/2292 2317/1663/2195
f 2446/1684/2292 2447/1685/1711 2317/1663/2195
f 2317/1663/2195 2447/1685/1711 2320/1666/2197
f 2447/1685/1711 2448/1686/1392 2320/1666/2197
f 2449/1706/2293 2442/1698/2289 2450/1707/2294
f 2442/1698/2289 2440/1700/2287 2450/1707/2294
f 2440/1700/2287 2439/1702/2286 2450/1707/2294
f 2450/1707/2294 2439/1702/2286 2451/1664/2295
f 2439/1702/2286 2436/1663/2285 2451/1664/2295
f 2436/1663/2285 2435/1704/2284 2451/1664/2295
f 2451/1664/2295 2435/1704/2284 2452/1708/2296
f 2435/1704/2284 2432/1651/2283 2452/1708/2296
f 2432/1651/2283 2431/1704/2282 2452/1708/2296
f 2452/1708/2296 2431/1704/2282 2453/1664/2297
f 2431/1704/2282 2428/1663/2281 2453/1664/2297
f 2428/1663/2281 2427/1702/2280 2453/1664/2297
f 2453/1664/2297 2427/1702/2280 2454/1707/2298
f 2427/1702/2280 2425/1700/2279 2454/1707/2298
f 2425/1700/2279 2423/1698/2277 2454/1707/2298
f 2454/1707/2298 2423/1698/2277 2455/1706/2160
f 2456/1630/2090 2457/1613/2299 2235/1639/2242
f 2457/1613/2299 2458/1703/2300 2235/1639/2242
f 2235/1639/2242 2458/1703/2300 2375/1678/2240
f 2458/1703/2300 2459/1709/1433 2375/1678/2240
f 2375/1678/2240 2459/1709/1433 2373/1680/2239
f 2459/1709/1433 2460/1710/1434 2373/1680/2239
f 2373/1680/2239 2460/1710/1434 2372/1682/2238
f 2461/1630/2181 2282/1639/2179 2462/1613/2301
f 2462/1613/2301 2282/1639/2179 2463/1703/2302
f 2282/1639/2179 2337/1678/2210 2463/1703/2302
f 2463/1703/2302 2337/1678/2210 2464/1709/1393
f 2337/1678/2210 2339/1680/2212 2464/1709/1393
f 2464/1709/1393 2339/1680/2212 2465/1710/1392
f 2339/1680/2212 2341/1682/2214 2465/1710/1392
f 826/421/797 825/420/796 2466/1711/2303
f 2466/1711/2303 825/420/796 2467/1712/2304
f 825/420/796 824/417/795 2467/1712/2304
f 2467/1712/2304 824/417/795 2468/1713/2305
f 824/417/795 822/418/793 2468/1713/2305
f 2468/1713/2305 822/418/793 2469/1712/2306
f 822/418/793 821/417/792 2469/1712/2306
f 2469/1712/2306 821/417/792 2470/1711/2307
f 821/417/792 829/420/800 2470/1711/2307
f 2470/1711/2307 829/420/800 2471/1714/2308
f 829/420/800 828/421/799 2471/1714/2308
f 2471/1714/2308 828/421/799 2472/1715/2309
f 828/421/799 827/422/798 2472/1715/2309
f 2472/1715/2309 827/422/798 2473/1714/2310
f 827/422/798 826/421/797 2473/1714/2310
f 2473/1714/2310 826/421/797 2466/1711/2303
f 2474/1637/2311 2475/1716/2312 2405/1666/2263
f 2405/1666/2263 2475/1716/2312 2407/1668/2265
f 2475/1716/2312 2476/1717/2313 2407/1668/2265
f 2407/1668/2265 2476/1717/2313 2408/1693/2266
f 2476/1717/2313 2477/1718/2314 2408/1693/2266
f 2408/1693/2266 2477/1718/2314 2410/1695/2268
f 2410/1695/2268 2477/1718/2314 2413/1693/2271
f 2477/1718/2314 2478/1717/2315 2413/1693/2271
f 2413/1693/2271 2478/1717/2315 2415/1668/2273
f 2478/1717/2315 2479/1716/2316 2415/1668/2273
f 2415/1668/2273 2479/1716/2316 2416/1666/2274
f 2479/1716/2316 2480/1637/2317 2416/1666/2274
f 2481/1622/2318 2482/1649/2319 2483/1614/2320
f 2483/1614/2320 2482/1649/2319 2484/1645/2321
f 2482/1649/2319 2485/1608/2322 2484/1645/2321
f 2484/1645/2321 2485/1608/2322 2486/1600/2323
f 2486/1600/2323 2485/1608/2322 2487/1645/2324
f 2485/1608/2322 2488/1649/2325 2487/1645/2324
f 2487/1645/2324 2488/1649/2325 2489/1614/2326
f 2488/1649/2325 2490/1622/2153 2489/1614/2326
f 2483/1614/2320 2484/1645/2321 2491/1616/2327
f 2491/1616/2327 2484/1645/2321 2492/1719/781
f 2484/1645/2321 2486/1600/2323 2492/1719/781
f 2492/1719/781 2486/1600/2323 2493/1720/782
f 2493/1720/782 2486/1600/2323 2494/1719/785
f 2486/1600/2323 2487/1645/2324 2494/1719/785
f 2494/1719/785 2487/1645/2324 2495/1616/2328
f 2487/1645/2324 2489/1614/2326 2495/1616/2328
