# Blender 5.2.2 LTS
# www.blender.org
mtllib Head.mtl
o Head
v 1.301867 27.816690 -3.488758
v 0.895027 27.193506 -4.508166
v 1.301867 27.420816 -4.530152
v 0.895027 27.193506 -4.508166
v 1.301867 27.816690 -3.488758
v 0.895027 27.663568 -3.364620
v 1.301867 27.420816 -4.530152
v 0.895027 27.193506 -4.508166
v 1.301867 27.949869 -5.048066
v 0.895027 27.193506 -4.508166
v 0.895027 27.876566 -5.258439
v 1.301867 27.949869 -5.048066
v 1.301867 28.909861 -4.638825
v 1.301867 27.949869 -5.048066
v 0.895027 27.876566 -5.258439
v 0.895027 27.876566 -5.258439
v 0.895027 28.993326 -4.780021
v 1.301867 28.909861 -4.638825
v 0.895027 32.382545 2.552383
v 0.895027 30.661371 0.687813
v 1.301867 32.497841 2.333856
v 1.301867 30.786692 0.501670
v 1.301867 32.497841 2.333856
v 0.895027 30.661371 0.687813
v 0.822245 36.211098 4.857788
v 1.301867 35.244972 4.511979
v 1.301867 36.369377 4.696887
v 1.301867 35.244972 4.511979
v 0.822245 36.211098 4.857788
v 0.895027 35.049568 4.700788
v 1.301867 36.912819 4.232971
v 0.822723 36.999107 4.053185
v 1.301867 36.369377 4.696887
v 0.822723 36.999107 4.053185
v 0.822245 36.211098 4.857788
v 1.301867 36.369377 4.696887
v 0.482120 25.924036 -1.557435
v 0.000000 27.666162 -3.366017
v 0.000000 25.923410 -1.557329
v 0.895027 27.663568 -3.364620
v 0.482120 25.924036 -1.557435
v 0.895027 25.939508 -1.553575
v 0.482120 25.924036 -1.557435
v 0.895027 27.663568 -3.364620
v 0.000000 27.666162 -3.366017
v 0.895027 30.675623 -0.101617
v 0.000000 27.666162 -3.366017
v 0.895027 27.663568 -3.364620
v 0.000000 27.666162 -3.366017
v 0.895027 30.675623 -0.101617
v 0.000000 30.680979 -0.091768
v 0.895027 30.675623 -0.101617
v 0.895027 27.663568 -3.364620
v 1.301867 30.811213 -0.282435
v 1.301867 30.811213 -0.282435
v 0.895027 27.663568 -3.364620
v 1.301867 27.816690 -3.488758
v 0.895027 33.257378 2.695235
v 1.301867 32.497841 2.333856
v 1.301867 33.377937 2.465841
v 1.301867 32.497841 2.333856
v 0.895027 33.257378 2.695235
v 0.895027 32.382545 2.552383
v 0.895027 33.257378 2.695235
v 0.000000 33.265083 2.714727
v 0.000000 32.391579 2.569679
v 0.895027 33.257378 2.695235
v 0.000000 32.391579 2.569679
v 0.895027 32.382545 2.552383
v 0.895027 35.049568 4.700788
v 0.895027 33.257378 2.695235
v 1.301867 35.244972 4.511979
v 1.301867 33.377937 2.465841
v 1.301867 35.244972 4.511979
v 0.895027 33.257378 2.695235
v 0.895027 30.661371 0.687813
v 0.895027 30.675623 -0.101617
v 1.301867 30.786692 0.501670
v 1.301867 30.811213 -0.282435
v 1.301867 30.786692 0.501670
v 0.895027 30.675623 -0.101617
v 0.895027 30.661371 0.687813
v 0.000000 30.668802 0.698680
v 0.000000 30.680979 -0.091768
v 0.895027 30.661371 0.687813
v 0.000000 30.680979 -0.091768
v 0.895027 30.675623 -0.101617
v 0.398881 46.080070 10.170461
v 0.319206 48.253777 13.122324
v 0.532658 45.893730 10.491004
v 0.421470 48.223991 13.597137
v 0.532658 45.893730 10.491004
v 0.319206 48.253777 13.122324
v 0.822245 36.211098 4.857788
v 0.000000 35.044380 4.705812
v 0.895027 35.049568 4.700788
v 0.000000 35.044380 4.705812
v 0.822245 36.211098 4.857788
v 0.000000 36.211098 4.857788
v 0.509274 45.133385 14.658697
v 0.000000 45.209343 13.690046
v 0.521156 45.209343 13.690046
v 0.000000 45.209343 13.690046
v 0.509274 45.133385 14.658697
v 0.000000 45.133385 14.658697
v 1.073292 34.480446 -4.229512
v 0.812122 36.228935 -4.845632
v 0.975665 36.178719 -4.683599
v 0.812122 36.228935 -4.845632
v 1.073292 34.480446 -4.229512
v 0.899158 34.401314 -4.338481
v 0.812122 36.228935 -4.845632
v 0.810941 36.996483 -3.829954
v 0.974491 36.823051 -3.830759
v 0.812122 36.228935 -4.845632
v 0.974491 36.823051 -3.830759
v 0.975665 36.178719 -4.683599
v 0.810941 36.996483 -3.829954
v 1.068925 35.813469 -2.394095
v 0.974491 36.823051 -3.830759
v 1.068925 35.813469 -2.394095
v 0.810941 36.996483 -3.829954
v 0.896806 35.897194 -2.278769
v -1.073292 34.480446 -4.229512
v -0.812122 36.228935 -4.845632
v -0.899158 34.401314 -4.338481
v -0.812122 36.228935 -4.845632
v -1.073292 34.480446 -4.229512
v -0.975665 36.178719 -4.683599
v -0.974491 36.823051 -3.830759
v -0.812122 36.228935 -4.845632
v -0.975665 36.178719 -4.683599
v -0.810941 36.996483 -3.829954
v -0.812122 36.228935 -4.845632
v -0.974491 36.823051 -3.830759
v -0.896806 35.897194 -2.278769
v -0.810941 36.996483 -3.829954
v -1.068925 35.813469 -2.394095
v -1.068925 35.813469 -2.394095
v -0.810941 36.996483 -3.829954
v -0.974491 36.823051 -3.830759
v 1.002412 37.766853 -0.234568
v 0.758488 39.515312 -0.850681
v 0.911231 39.465080 -0.688648
v 0.758488 39.515312 -0.850681
v 1.002412 37.766853 -0.234568
v 0.839778 37.687691 -0.343529
v 0.758488 39.515312 -0.850681
v 0.757388 40.282860 0.164994
v 0.910135 40.109413 0.164186
v 0.758488 39.515312 -0.850681
v 0.910135 40.109413 0.164186
v 0.911231 39.465080 -0.688648
v 0.837582 39.183617 1.716183
v 0.910135 40.109413 0.164186
v 0.757388 40.282860 0.164994
v 0.910135 40.109413 0.164186
v 0.837582 39.183617 1.716183
v 0.998332 39.099846 1.600851
v -1.002412 37.766853 -0.234568
v -0.758488 39.515312 -0.850681
v -0.839778 37.687691 -0.343529
v -0.758488 39.515312 -0.850681
v -1.002412 37.766853 -0.234568
v -0.911231 39.465080 -0.688648
v -0.910135 40.109413 0.164186
v -0.758488 39.515312 -0.850681
v -0.911231 39.465080 -0.688648
v -0.757388 40.282860 0.164994
v -0.758488 39.515312 -0.850681
v -0.910135 40.109413 0.164186
v -0.837582 39.183617 1.716183
v -0.910135 40.109413 0.164186
v -0.998332 39.099846 1.600851
v -0.910135 40.109413 0.164186
v -0.837582 39.183617 1.716183
v -0.757388 40.282860 0.164994
v 0.936889 41.030022 3.819592
v 0.708912 42.778465 3.203483
v 0.851669 42.728294 3.365512
v 0.708912 42.778465 3.203483
v 0.936889 41.030022 3.819592
v 0.784887 40.950920 3.710631
v 0.708912 42.778465 3.203483
v 0.707881 43.546074 4.219154
v 0.850645 43.372643 4.218349
v 0.708912 42.778465 3.203483
v 0.850645 43.372643 4.218349
v 0.851669 42.728294 3.365512
v 0.782835 42.446892 5.770344
v 0.850645 43.372643 4.218349
v 0.707881 43.546074 4.219154
v 0.850645 43.372643 4.218349
v 0.782835 42.446892 5.770344
v 0.933079 42.362999 5.655009
v -0.936889 41.030022 3.819592
v -0.708912 42.778465 3.203483
v -0.784887 40.950920 3.710631
v -0.708912 42.778465 3.203483
v -0.936889 41.030022 3.819592
v -0.851669 42.728294 3.365512
v -0.850645 43.372643 4.218349
v -0.708912 42.778465 3.203483
v -0.851669 42.728294 3.365512
v -0.707881 43.546074 4.219154
v -0.708912 42.778465 3.203483
v -0.850645 43.372643 4.218349
v -0.782835 42.446892 5.770344
v -0.850645 43.372643 4.218349
v -0.933079 42.362999 5.655009
v -0.850645 43.372643 4.218349
v -0.782835 42.446892 5.770344
v -0.707881 43.546074 4.219154
v 0.896311 44.357658 7.878019
v 0.678208 46.106102 7.261904
v 0.814782 46.055870 7.423939
v 0.678208 46.106102 7.261904
v 0.896311 44.357658 7.878019
v 0.750891 44.278496 7.769054
v 0.678208 46.106102 7.261904
v 0.677221 46.873680 8.277577
v 0.813802 46.700249 8.276771
v 0.678208 46.106102 7.261904
v 0.813802 46.700249 8.276771
v 0.814782 46.055870 7.423939
v 0.748928 45.774406 9.828773
v 0.813802 46.700249 8.276771
v 0.677221 46.873680 8.277577
v 0.813802 46.700249 8.276771
v 0.748928 45.774406 9.828773
v 0.892664 45.690636 9.713436
v -0.896311 44.357658 7.878019
v -0.678208 46.106102 7.261904
v -0.750891 44.278496 7.769054
v -0.678208 46.106102 7.261904
v -0.896311 44.357658 7.878019
v -0.814782 46.055870 7.423939
v -0.813802 46.700249 8.276771
v -0.678208 46.106102 7.261904
v -0.814782 46.055870 7.423939
v -0.677221 46.873680 8.277577
v -0.678208 46.106102 7.261904
v -0.813802 46.700249 8.276771
v -0.748928 45.774406 9.828773
v -0.813802 46.700249 8.276771
v -0.892664 45.690636 9.713436
v -0.813802 46.700249 8.276771
v -0.748928 45.774406 9.828773
v -0.677221 46.873680 8.277577
v 9.645318 10.721079 0.206843
v 8.758396 10.887552 0.597614
v 9.166551 11.123377 0.415278
v 8.758396 10.887552 0.597614
v 9.645318 10.721079 0.206843
v 8.374696 10.313227 0.276339
v 8.358949 9.402140 2.844057
v 8.374696 10.313227 0.276339
v 9.664739 9.699594 2.764231
v 9.664739 9.699594 2.764231
v 8.374696 10.313227 0.276339
v 9.645318 10.721079 0.206843
v 9.353884 18.342279 3.088473
v 9.385943 18.776438 3.733613
v 9.892640 18.636805 3.329438
v 9.385943 18.776438 3.733613
v 9.353884 18.342279 3.088473
v 9.187384 18.347574 3.270081
v 9.385943 18.776438 3.733613
v 9.293936 16.832682 6.461620
v 9.820122 16.802713 6.096725
v 9.820122 16.802713 6.096725
v 9.892640 18.636805 3.329438
v 9.385943 18.776438 3.733613
v 8.358949 9.402140 2.844057
v 8.758396 10.887552 0.597614
v 8.374696 10.313227 0.276339
v 8.413666 9.466364 3.454520
v 8.758396 10.887552 0.597614
v 8.358949 9.402140 2.844057
v 9.250842 9.605478 3.374854
v 8.413666 9.466364 3.454520
v 8.358949 9.402140 2.844057
v 8.358949 9.402140 2.844057
v 9.664739 9.699594 2.764231
v 9.250842 9.605478 3.374854
v 9.187384 18.347574 3.270081
v 9.232009 16.327448 6.569525
v 9.293936 16.832682 6.461620
v 9.187384 18.347574 3.270081
v 9.293936 16.832682 6.461620
v 9.385943 18.776438 3.733613
v 9.820122 16.802713 6.096725
v 9.293936 16.832682 6.461620
v 9.377531 16.306314 6.486702
v 9.377531 16.306314 6.486702
v 9.293936 16.832682 6.461620
v 9.232009 16.327448 6.569525
v -9.645318 10.721079 0.206843
v -8.758396 10.887552 0.597614
v -8.374696 10.313227 0.276339
v -8.758396 10.887552 0.597614
v -9.645318 10.721079 0.206843
v -9.166551 11.123377 0.415278
v -9.664739 9.699594 2.764231
v -8.374696 10.313227 0.276339
v -8.358949 9.402140 2.844057
v -8.374696 10.313227 0.276339
v -9.664739 9.699594 2.764231
v -9.645318 10.721079 0.206843
v -9.353884 18.342279 3.088473
v -9.385943 18.776438 3.733613
v -9.187384 18.347574 3.270081
v -9.385943 18.776438 3.733613
v -9.353884 18.342279 3.088473
v -9.892640 18.636805 3.329438
v -9.293936 16.832682 6.461620
v -9.385943 18.776438 3.733613
v -9.820122 16.802713 6.096725
v -9.892640 18.636805 3.329438
v -9.820122 16.802713 6.096725
v -9.385943 18.776438 3.733613
v -8.358949 9.402140 2.844057
v -8.374696 10.313227 0.276339
v -8.758396 10.887552 0.597614
v -8.758396 10.887552 0.597614
v -8.413666 9.466364 3.454520
v -8.358949 9.402140 2.844057
v -9.250842 9.605478 3.374854
v -8.358949 9.402140 2.844057
v -8.413666 9.466364 3.454520
v -8.358949 9.402140 2.844057
v -9.250842 9.605478 3.374854
v -9.664739 9.699594 2.764231
v -9.232009 16.327448 6.569525
v -9.187384 18.347574 3.270081
v -9.293936 16.832682 6.461620
v -9.293936 16.832682 6.461620
v -9.187384 18.347574 3.270081
v -9.385943 18.776438 3.733613
v -9.820122 16.802713 6.096725
v -9.377531 16.306314 6.486702
v -9.293936 16.832682 6.461620
v -9.293936 16.832682 6.461620
v -9.377531 16.306314 6.486702
v -9.232009 16.327448 6.569525
v 6.856573 6.359079 -3.713661
v 6.596318 7.267725 -3.867428
v 7.472518 7.283930 -3.550879
v 6.596318 7.267725 -3.867428
v 6.856573 6.359079 -3.713661
v 6.345944 6.920450 -4.096482
v 4.849167 6.042322 2.967451
v 6.539614 6.646128 1.032224
v 6.354117 6.042536 2.967004
v 10.717163 12.330362 2.032026
v 11.253515 14.018656 2.641742
v 9.912934 12.987955 2.351122
v 10.070509 15.765940 3.238887
v 9.976282 17.350321 3.871234
v 9.473895 17.536463 3.910023
v 9.976282 17.350321 3.871234
v 10.070509 15.765940 3.238887
v 11.037604 15.522989 3.162403
v 10.070509 15.765940 3.238887
v 9.912934 12.987955 2.351122
v 11.253515 14.018656 2.641742
v 10.070509 15.765940 3.238887
v 11.253515 14.018656 2.641742
v 11.037604 15.522989 3.162403
v 9.743771 11.134424 1.456144
v 10.717163 12.330362 2.032026
v 9.912934 12.987955 2.351122
v 9.743771 11.134424 1.456144
v 9.912934 12.987955 2.351122
v 9.083591 11.092279 1.516377
v 7.930254 8.438059 1.085814
v 6.354117 6.042536 2.967004
v 6.539614 6.646128 1.032224
v -6.856573 6.359079 -3.713661
v -7.472518 7.283930 -3.550879
v -6.596318 7.267725 -3.867428
v -6.856573 6.359079 -3.713661
v -6.596318 7.267725 -3.867428
v -6.345944 6.920450 -4.096482
v -4.849167 6.042322 2.967451
v -6.354117 6.042536 2.967004
v -6.539614 6.646128 1.032224
v -10.717163 12.330362 2.032026
v -9.912934 12.987955 2.351122
v -11.253515 14.018656 2.641742
v -9.976282 17.350321 3.871234
v -10.070509 15.765940 3.238887
v -9.473895 17.536463 3.910023
v -10.070509 15.765940 3.238887
v -9.976282 17.350321 3.871234
v -11.037604 15.522989 3.162403
v -10.070509 15.765940 3.238887
v -11.253515 14.018656 2.641742
v -9.912934 12.987955 2.351122
v -11.253515 14.018656 2.641742
v -10.070509 15.765940 3.238887
v -11.037604 15.522989 3.162403
v -9.083591 11.092279 1.516377
v -9.912934 12.987955 2.351122
v -9.743771 11.134424 1.456144
v -9.743771 11.134424 1.456144
v -9.912934 12.987955 2.351122
v -10.717163 12.330362 2.032026
v -7.930254 8.438059 1.085814
v -6.539614 6.646128 1.032224
v -6.354117 6.042536 2.967004
v -9.201409 11.404428 4.679320
v -8.158176 8.259027 7.546691
v -8.574757 11.884897 5.726662
v -8.574757 11.884897 5.726662
v -8.158176 8.259027 7.546691
v -6.990064 9.798502 8.461074
v -7.930254 8.438059 1.085814
v -6.354117 6.042536 2.967004
v -7.538311 6.421900 3.605844
v -7.538311 6.421900 3.605844
v -9.123571 9.617487 1.102372
v -7.930254 8.438059 1.085814
v -8.559925 12.539530 5.121519
v -8.242973 13.673212 2.552231
v -9.201409 11.404428 4.679320
v -8.242973 13.673212 2.552231
v -9.912934 12.987955 2.351122
v -9.201409 11.404428 4.679320
v -8.559925 12.539530 5.121519
v -9.201409 11.404428 4.679320
v -8.574757 11.884897 5.726662
v -4.464790 6.562616 11.330235
v -5.814515 8.155176 8.667956
v -4.768482 6.431009 11.231132
v -4.768482 6.431009 11.231132
v -5.814515 8.155176 8.667956
v -6.202572 8.012720 8.667956
v -6.202572 8.012720 8.667956
v -5.814515 8.155176 8.667956
v -6.990064 9.798502 8.461074
v -3.343917 7.616861 18.097546
v -5.281528 9.073893 14.694397
v -3.570801 7.546167 18.045801
v -5.549042 9.031443 14.564852
v -3.570801 7.546167 18.045801
v -5.281528 9.073893 14.694397
v -5.666472 9.735422 14.922729
v -5.549042 9.031443 14.564852
v -5.373344 9.620157 14.972490
v -5.549042 9.031443 14.564852
v -5.281528 9.073893 14.694397
v -5.373344 9.620157 14.972490
v -3.690041 8.273600 18.402012
v -5.373344 9.620157 14.972490
v -3.440977 8.185740 18.373741
v -5.373344 9.620157 14.972490
v -3.690041 8.273600 18.402012
v -5.666472 9.735422 14.922729
v -2.250009 6.819071 19.938072
v -3.343917 7.616861 18.097546
v -2.469020 6.749079 19.914480
v -2.469020 6.749079 19.914480
v -3.343917 7.616861 18.097546
v -3.570801 7.546167 18.045801
v -2.528305 7.484766 20.279293
v -3.440977 8.185740 18.373741
v -2.294900 7.394175 20.224976
v -3.440977 8.185740 18.373741
v -2.528305 7.484766 20.279293
v -3.690041 8.273600 18.402012
v -2.250009 6.819071 19.938072
v -1.203321 6.120996 21.386570
v -1.036200 6.222483 21.356892
v -2.469020 6.749079 19.914480
v -1.203321 6.120996 21.386570
v -2.250009 6.819071 19.938072
v -1.204570 6.862421 21.760410
v -2.294900 7.394175 20.224976
v -1.026107 6.806849 21.644897
v -2.294900 7.394175 20.224976
v -1.204570 6.862421 21.760410
v -2.528305 7.484766 20.279293
v 8.158176 8.259027 7.546691
v 9.201409 11.404428 4.679320
v 8.574757 11.884897 5.726662
v 8.158176 8.259027 7.546691
v 8.574757 11.884897 5.726662
v 6.990064 9.798502 8.461074
v 7.930254 8.438059 1.085814
v 7.538311 6.421900 3.605844
v 6.354117 6.042536 2.967004
v 7.538311 6.421900 3.605844
v 7.930254 8.438059 1.085814
v 9.123571 9.617487 1.102372
v 8.242973 13.673212 2.552231
v 9.201409 11.404428 4.679320
v 9.912934 12.987955 2.351122
v 9.201409 11.404428 4.679320
v 8.242973 13.673212 2.552231
v 8.559925 12.539530 5.121519
v 8.559925 12.539530 5.121519
v 8.574757 11.884897 5.726662
v 9.201409 11.404428 4.679320
v 5.814515 8.155176 8.667956
v 4.464790 6.562616 11.330235
v 4.768482 6.431009 11.231132
v 4.768482 6.431009 11.231132
v 6.202572 8.012720 8.667956
v 5.814515 8.155176 8.667956
v 6.202572 8.012720 8.667956
v 6.990064 9.798502 8.461074
v 5.814515 8.155176 8.667956
v 5.281528 9.073893 14.694397
v 3.343917 7.616861 18.097546
v 3.570801 7.546167 18.045801
v 3.570801 7.546167 18.045801
v 5.549042 9.031443 14.564852
v 5.281528 9.073893 14.694397
v 5.373344 9.620157 14.972490
v 5.549042 9.031443 14.564852
v 5.666472 9.735422 14.922729
v 5.549042 9.031443 14.564852
v 5.373344 9.620157 14.972490
v 5.281528 9.073893 14.694397
v 5.373344 9.620157 14.972490
v 3.690041 8.273600 18.402012
v 3.440977 8.185740 18.373741
v 3.690041 8.273600 18.402012
v 5.373344 9.620157 14.972490
v 5.666472 9.735422 14.922729
v 3.343917 7.616861 18.097546
v 2.250009 6.819071 19.938072
v 2.469020 6.749079 19.914480
v 2.469020 6.749079 19.914480
v 3.570801 7.546167 18.045801
v 3.343917 7.616861 18.097546
v 3.440977 8.185740 18.373741
v 2.528305 7.484766 20.279293
v 2.294900 7.394175 20.224976
v 2.528305 7.484766 20.279293
v 3.440977 8.185740 18.373741
v 3.690041 8.273600 18.402012
v 2.250009 6.819071 19.938072
v 1.036200 6.222483 21.356892
v 1.203321 6.120996 21.386570
v 1.203321 6.120996 21.386570
v 2.469020 6.749079 19.914480
v 2.250009 6.819071 19.938072
v 2.294900 7.394175 20.224976
v 1.204570 6.862421 21.760410
v 1.026107 6.806849 21.644897
v 1.204570 6.862421 21.760410
v 2.294900 7.394175 20.224976
v 2.528305 7.484766 20.279293
v -1.301867 27.816690 -3.488758
v -0.895027 27.193506 -4.508166
v -0.895027 27.663568 -3.364620
v -0.895027 27.193506 -4.508166
v -1.301867 27.816690 -3.488758
v -1.301867 27.420816 -4.530152
v -1.301867 27.949869 -5.048066
v -0.895027 27.193506 -4.508166
v -1.301867 27.420816 -4.530152
v -0.895027 27.876566 -5.258439
v -0.895027 27.193506 -4.508166
v -1.301867 27.949869 -5.048066
v -1.301867 28.909861 -4.638825
v -0.895027 27.876566 -5.258439
v -1.301867 27.949869 -5.048066
v -0.895027 27.876566 -5.258439
v -1.301867 28.909861 -4.638825
v -0.895027 28.993326 -4.780021
v -0.895027 30.661371 0.687813
v -0.895027 32.382545 2.552383
v -1.301867 32.497841 2.333856
v -1.301867 32.497841 2.333856
v -1.301867 30.786692 0.501670
v -0.895027 30.661371 0.687813
v -0.822245 36.211098 4.857788
v -1.301867 35.244972 4.511979
v -0.895027 35.049568 4.700788
v -1.301867 35.244972 4.511979
v -0.822245 36.211098 4.857788
v -1.301867 36.369377 4.696887
v -1.301867 36.369377 4.696887
v -0.822723 36.999107 4.053185
v -1.301867 36.912819 4.232971
v -0.822723 36.999107 4.053185
v -1.301867 36.369377 4.696887
v -0.822245 36.211098 4.857788
v -0.482120 25.924036 -1.557435
v -0.895027 27.663568 -3.364620
v -0.895027 25.939508 -1.553575
v -0.895027 27.663568 -3.364620
v -0.482120 25.924036 -1.557435
v 0.000000 27.666162 -3.366017
v 0.000000 25.923410 -1.557329
v 0.000000 27.666162 -3.366017
v -0.482120 25.924036 -1.557435
v -0.895027 30.675623 -0.101617
v 0.000000 27.666162 -3.366017
v 0.000000 30.680979 -0.091768
v 0.000000 27.666162 -3.366017
v -0.895027 30.675623 -0.101617
v -0.895027 27.663568 -3.364620
v -1.301867 30.811213 -0.282435
v -0.895027 27.663568 -3.364620
v -0.895027 30.675623 -0.101617
v -1.301867 30.811213 -0.282435
v -1.301867 27.816690 -3.488758
v -0.895027 27.663568 -3.364620
v -0.895027 33.257378 2.695235
v -1.301867 32.497841 2.333856
v -0.895027 32.382545 2.552383
v -1.301867 32.497841 2.333856
v -0.895027 33.257378 2.695235
v -1.301867 33.377937 2.465841
v -0.895027 33.257378 2.695235
v 0.000000 32.391579 2.569679
v 0.000000 33.265083 2.714727
v 0.000000 32.391579 2.569679
v -0.895027 33.257378 2.695235
v -0.895027 32.382545 2.552383
v -0.895027 33.257378 2.695235
v -0.895027 35.049568 4.700788
v -1.301867 35.244972 4.511979
v -1.301867 35.244972 4.511979
v -1.301867 33.377937 2.465841
v -0.895027 33.257378 2.695235
v -0.895027 30.661371 0.687813
v -1.301867 30.786692 0.501670
v -0.895027 30.675623 -0.101617
v -1.301867 30.786692 0.501670
v -1.301867 30.811213 -0.282435
v -0.895027 30.675623 -0.101617
v -0.895027 30.661371 0.687813
v 0.000000 30.680979 -0.091768
v 0.000000 30.668802 0.698680
v 0.000000 30.680979 -0.091768
v -0.895027 30.661371 0.687813
v -0.895027 30.675623 -0.101617
v -0.319206 48.253777 13.122324
v -0.398881 46.080070 10.170461
v -0.532658 45.893730 10.491004
v -0.532658 45.893730 10.491004
v -0.421470 48.223991 13.597137
v -0.319206 48.253777 13.122324
v -0.822245 36.211098 4.857788
v 0.000000 35.044380 4.705812
v 0.000000 36.211098 4.857788
v 0.000000 35.044380 4.705812
v -0.822245 36.211098 4.857788
v -0.895027 35.049568 4.700788
v -0.509274 45.133385 14.658697
v 0.000000 45.209343 13.690046
v 0.000000 45.133385 14.658697
v 0.000000 45.209343 13.690046
v -0.509274 45.133385 14.658697
v -0.521156 45.209343 13.690046
v -8.243711 12.544703 8.093984
v -7.457776 11.580759 10.535261
v -8.810504 13.979410 8.973028
v -8.243711 12.544703 8.093984
v -8.529901 12.998819 7.832297
v -9.718861 15.388727 6.100883
v -9.835546 14.279627 5.743521
v -10.070509 15.765940 3.238887
v -8.927068 16.524363 7.421974
v -8.001353 15.351603 9.843602
v -9.298149 17.030390 5.665999
v -9.473895 17.536463 3.910023
v -7.172590 17.669321 9.027652
v -6.863982 16.692225 10.766790
v -7.455256 18.627405 7.184175
v -7.542572 19.585505 5.340695
v -9.185097 18.897303 1.295861
v -4.874685 18.928293 10.437568
v -4.424058 17.169855 12.963482
v -5.646950 21.238184 6.260518
v -4.297512 20.808207 9.158280
v -7.158277 22.224115 0.173522
v -8.353274 20.555445 -1.889501
v -4.325434 22.080957 6.979300
v -3.452388 22.588266 7.945586
v -3.103362 24.686396 1.879952
v -5.349178 23.563196 0.971577
v -4.017215 24.219629 1.529213
v -1.219095 25.619349 -1.141427
v -5.533145 23.745829 -0.974640
v -1.407794 25.440287 -2.166511
v 0.000000 25.764719 -1.477950
v 0.000000 25.681421 -2.267605
v -3.902653 24.689249 -1.536311
v -1.704274 24.638880 -4.486161
v 0.000000 24.869379 -4.747891
v -2.000748 23.196009 -7.071233
v 0.000000 23.415888 -7.493602
v -4.437155 22.730036 -6.175956
v -4.169901 23.996256 -3.784831
v -6.343458 21.972742 -4.721160
v -5.837014 23.241770 -2.252589
v 8.243711 12.544703 8.093984
v 8.810504 13.979410 8.973028
v 7.457776 11.580759 10.535261
v 8.243711 12.544703 8.093984
v 8.529901 12.998819 7.832297
v 9.718861 15.388727 6.100883
v 9.835546 14.279627 5.743521
v 10.070509 15.765940 3.238887
v 8.927068 16.524363 7.421974
v 8.001353 15.351603 9.843602
v 9.298149 17.030390 5.665999
v 9.473895 17.536463 3.910023
v 7.172590 17.669321 9.027652
v 6.863982 16.692225 10.766790
v 7.455256 18.627405 7.184175
v 7.542572 19.585505 5.340695
v 9.185097 18.897303 1.295861
v 4.874685 18.928293 10.437568
v 4.424058 17.169855 12.963482
v 5.646950 21.238184 6.260518
v 4.297512 20.808207 9.158280
v 7.158277 22.224115 0.173522
v 8.353274 20.555445 -1.889501
v 5.349178 23.563196 0.971577
v 4.325434 22.080957 6.979300
v 3.452388 22.588266 7.945586
v 3.103362 24.686396 1.879952
v 4.017215 24.219629 1.529213
v 1.219095 25.619349 -1.141427
v 5.533145 23.745829 -0.974640
v 1.407794 25.440287 -2.166511
v 0.000000 25.764719 -1.477950
v 0.000000 25.681421 -2.267605
v 3.902653 24.689249 -1.536311
v 5.837014 23.241770 -2.252589
v 6.343458 21.972742 -4.721160
v 4.169901 23.996256 -3.784831
v 4.437155 22.730036 -6.175956
v 1.704274 24.638880 -4.486161
v 2.000748 23.196009 -7.071233
v 0.000000 24.869379 -4.747891
v 0.000000 23.415888 -7.493602
v 0.447510 25.692987 -1.632287
v 0.000000 24.843317 -1.346584
v 0.447514 24.843317 -1.346584
v 0.000000 25.692987 -1.632287
v 0.447514 23.531183 -6.716327
v 0.000000 23.694483 -7.047360
v 0.447514 23.773005 -6.929767
v 0.000000 23.468454 -6.826037
v 0.000000 35.044380 4.705812
v 0.000000 33.265083 2.714727
v 0.895027 35.049568 4.700788
v 0.895027 33.257378 2.695235
v 0.000000 36.211098 4.857788
v 0.822245 36.211098 4.857788
v 0.000000 36.999107 4.053185
v 0.822723 36.999107 4.053185
v 0.000000 36.999107 4.053185
v 0.521156 45.209343 13.690046
v 0.000000 45.209343 13.690046
v 0.822723 36.999107 4.053185
v 1.068925 35.813469 -2.394095
v 0.961639 33.225243 -1.178133
v 1.145954 33.170464 -1.253538
v 0.896806 35.897194 -2.278769
v 1.073292 34.480446 -4.229512
v 1.145951 32.549080 -2.109190
v 0.961639 32.493355 -2.185810
v 0.899158 34.401314 -4.338481
v 1.145951 32.549080 -2.109190
v 1.145954 33.170464 -1.253538
v 0.961639 33.225243 -1.178133
v 0.961639 32.493355 -2.185810
v 0.896806 35.897194 -2.278769
v 0.000000 33.225243 -1.178133
v 0.961639 33.225243 -1.178133
v 0.000000 35.897194 -2.278769
v 0.000000 34.401314 -4.338481
v 0.812122 36.228935 -4.845632
v 0.899158 34.401314 -4.338481
v 0.000000 36.228935 -4.845632
v 0.000000 36.996483 -3.829954
v 0.810941 36.996483 -3.829954
v 0.000000 36.228935 -4.845632
v 0.812122 36.228935 -4.845632
v 0.000000 35.897194 -2.278769
v 0.810941 36.996483 -3.829954
v 0.000000 36.996483 -3.829954
v 0.896806 35.897194 -2.278769
v 0.000000 32.493355 -2.185810
v 0.899158 34.401314 -4.338481
v 0.961639 32.493355 -2.185810
v 0.000000 34.401314 -4.338481
v 0.000000 33.225243 -1.178133
v 0.961639 32.493355 -2.185810
v 0.961639 33.225243 -1.178133
v 0.000000 32.493355 -2.185810
v -1.068925 35.813469 -2.394095
v -0.961639 33.225243 -1.178133
v -0.896806 35.897194 -2.278769
v -1.145954 33.170464 -1.253538
v -1.145951 32.549080 -2.109190
v -1.073292 34.480446 -4.229512
v -0.961639 32.493355 -2.185810
v -0.899158 34.401314 -4.338481
v -1.145951 32.549080 -2.109190
v -0.961639 33.225243 -1.178133
v -1.145954 33.170464 -1.253538
v -0.961639 32.493355 -2.185810
v -0.896806 35.897194 -2.278769
v 0.000000 33.225243 -1.178133
v 0.000000 35.897194 -2.278769
v -0.961639 33.225243 -1.178133
v -0.899158 34.401314 -4.338481
v -0.812122 36.228935 -4.845632
v 0.000000 34.401314 -4.338481
v 0.000000 36.228935 -4.845632
v 0.000000 36.996483 -3.829954
v 0.000000 36.228935 -4.845632
v -0.810941 36.996483 -3.829954
v -0.812122 36.228935 -4.845632
v 0.000000 35.897194 -2.278769
v -0.810941 36.996483 -3.829954
v -0.896806 35.897194 -2.278769
v 0.000000 36.996483 -3.829954
v -0.961639 32.493355 -2.185810
v -0.899158 34.401314 -4.338481
v 0.000000 32.493355 -2.185810
v 0.000000 34.401314 -4.338481
v 0.000000 33.225243 -1.178133
v -0.961639 33.225243 -1.178133
v -0.961639 32.493355 -2.185810
v 0.000000 32.493355 -2.185810
v 0.998332 39.099846 1.600851
v 0.898134 36.511620 2.816816
v 1.070274 36.456902 2.741413
v 0.837582 39.183617 1.716183
v 1.002412 37.766853 -0.234568
v 1.070271 35.835442 1.885761
v 0.898134 35.779747 1.809143
v 0.839778 37.687691 -0.343529
v 1.070271 35.835442 1.885761
v 1.070274 36.456902 2.741413
v 0.898134 36.511620 2.816816
v 0.898134 35.779747 1.809143
v 0.837582 39.183617 1.716183
v 0.000000 36.511620 2.816816
v 0.898134 36.511620 2.816816
v 0.000000 39.183617 1.716183
v 0.000000 37.687691 -0.343529
v 0.758488 39.515312 -0.850681
v 0.839778 37.687691 -0.343529
v 0.000000 39.515312 -0.850681
v 0.000000 40.282860 0.164994
v 0.757388 40.282860 0.164994
v 0.000000 39.515312 -0.850681
v 0.758488 39.515312 -0.850681
v 0.000000 39.183617 1.716183
v 0.757388 40.282860 0.164994
v 0.000000 40.282860 0.164994
v 0.837582 39.183617 1.716183
v 0.000000 35.779747 1.809143
v 0.839778 37.687691 -0.343529
v 0.898134 35.779747 1.809143
v 0.000000 37.687691 -0.343529
v 0.000000 36.511620 2.816816
v 0.898134 35.779747 1.809143
v 0.898134 36.511620 2.816816
v 0.000000 35.779747 1.809143
v -0.998332 39.099846 1.600851
v -0.898134 36.511620 2.816816
v -0.837582 39.183617 1.716183
v -1.070274 36.456902 2.741413
v -1.070271 35.835442 1.885761
v -1.002412 37.766853 -0.234568
v -0.898134 35.779747 1.809143
v -0.839778 37.687691 -0.343529
v -1.070271 35.835442 1.885761
v -0.898134 36.511620 2.816816
v -1.070274 36.456902 2.741413
v -0.898134 35.779747 1.809143
v -0.837582 39.183617 1.716183
v 0.000000 36.511620 2.816816
v 0.000000 39.183617 1.716183
v -0.898134 36.511620 2.816816
v -0.839778 37.687691 -0.343529
v -0.758488 39.515312 -0.850681
v 0.000000 37.687691 -0.343529
v 0.000000 39.515312 -0.850681
v 0.000000 40.282860 0.164994
v 0.000000 39.515312 -0.850681
v -0.757388 40.282860 0.164994
v -0.758488 39.515312 -0.850681
v 0.000000 39.183617 1.716183
v -0.757388 40.282860 0.164994
v -0.837582 39.183617 1.716183
v 0.000000 40.282860 0.164994
v -0.898134 35.779747 1.809143
v -0.839778 37.687691 -0.343529
v 0.000000 35.779747 1.809143
v 0.000000 37.687691 -0.343529
v 0.000000 36.511620 2.816816
v -0.898134 36.511620 2.816816
v -0.898134 35.779747 1.809143
v 0.000000 35.779747 1.809143
v 0.933079 42.362999 5.655009
v 0.839429 39.774803 6.870972
v 1.000316 39.720085 6.795574
v 0.782835 42.446892 5.770344
v 0.936889 41.030022 3.819592
v 1.000316 39.098656 5.939923
v 0.839429 39.042946 5.863305
v 0.784887 40.950920 3.710631
v 1.000316 39.098656 5.939923
v 1.000316 39.720085 6.795574
v 0.839429 39.774803 6.870972
v 0.839429 39.042946 5.863305
v 0.782835 42.446892 5.770344
v 0.000000 39.774803 6.870972
v 0.839429 39.774803 6.870972
v 0.000000 42.446892 5.770344
v 0.000000 40.950920 3.710631
v 0.708912 42.778465 3.203483
v 0.784887 40.950920 3.710631
v 0.000000 42.778465 3.203483
v 0.000000 43.546074 4.219154
v 0.707881 43.546074 4.219154
v 0.000000 42.778465 3.203483
v 0.708912 42.778465 3.203483
v 0.000000 42.446892 5.770344
v 0.707881 43.546074 4.219154
v 0.000000 43.546074 4.219154
v 0.782835 42.446892 5.770344
v 0.000000 39.042946 5.863305
v 0.784887 40.950920 3.710631
v 0.839429 39.042946 5.863305
v 0.000000 40.950920 3.710631
v 0.000000 39.774803 6.870972
v 0.839429 39.042946 5.863305
v 0.839429 39.774803 6.870972
v 0.000000 39.042946 5.863305
v -0.933079 42.362999 5.655009
v -0.839429 39.774803 6.870972
v -0.782835 42.446892 5.770344
v -1.000316 39.720085 6.795574
v -1.000316 39.098656 5.939923
v -0.936889 41.030022 3.819592
v -0.839429 39.042946 5.863305
v -0.784887 40.950920 3.710631
v -1.000316 39.098656 5.939923
v -0.839429 39.774803 6.870972
v -1.000316 39.720085 6.795574
v -0.839429 39.042946 5.863305
v -0.782835 42.446892 5.770344
v 0.000000 39.774803 6.870972
v 0.000000 42.446892 5.770344
v -0.839429 39.774803 6.870972
v -0.784887 40.950920 3.710631
v -0.708912 42.778465 3.203483
v 0.000000 40.950920 3.710631
v 0.000000 42.778465 3.203483
v 0.000000 43.546074 4.219154
v 0.000000 42.778465 3.203483
v -0.707881 43.546074 4.219154
v -0.708912 42.778465 3.203483
v 0.000000 42.446892 5.770344
v -0.707881 43.546074 4.219154
v -0.782835 42.446892 5.770344
v 0.000000 43.546074 4.219154
v -0.839429 39.042946 5.863305
v -0.784887 40.950920 3.710631
v 0.000000 39.042946 5.863305
v 0.000000 40.950920 3.710631
v 0.000000 39.774803 6.870972
v -0.839429 39.774803 6.870972
v -0.839429 39.042946 5.863305
v 0.000000 39.042946 5.863305
v 0.892664 45.690636 9.713436
v 0.803071 43.102409 10.929405
v 0.956992 43.047691 10.854000
v 0.748928 45.774406 9.828773
v 0.896311 44.357658 7.878019
v 0.803071 42.370567 9.921728
v 0.750891 44.278496 7.769054
v 0.956989 42.426262 9.998344
v 0.956989 42.426262 9.998344
v 0.956992 43.047691 10.854000
v 0.803071 43.102409 10.929405
v 0.803071 42.370567 9.921728
v 0.748928 45.774406 9.828773
v 0.000000 43.102409 10.929405
v 0.803071 43.102409 10.929405
v 0.000000 45.774406 9.828773
v 0.000000 44.278496 7.769054
v 0.678208 46.106102 7.261904
v 0.750891 44.278496 7.769054
v 0.000000 46.106102 7.261904
v 0.000000 46.873680 8.277577
v 0.677221 46.873680 8.277577
v 0.000000 46.106102 7.261904
v 0.678208 46.106102 7.261904
v 0.000000 45.774406 9.828773
v 0.677221 46.873680 8.277577
v 0.000000 46.873680 8.277577
v 0.748928 45.774406 9.828773
v 0.000000 42.370567 9.921728
v 0.750891 44.278496 7.769054
v 0.803071 42.370567 9.921728
v 0.000000 44.278496 7.769054
v 0.000000 43.102409 10.929405
v 0.803071 42.370567 9.921728
v 0.803071 43.102409 10.929405
v 0.000000 42.370567 9.921728
v -0.892664 45.690636 9.713436
v -0.803071 43.102409 10.929405
v -0.748928 45.774406 9.828773
v -0.956992 43.047691 10.854000
v -0.956989 42.426262 9.998344
v -0.896311 44.357658 7.878019
v -0.803071 42.370567 9.921728
v -0.750891 44.278496 7.769054
v -0.956989 42.426262 9.998344
v -0.803071 43.102409 10.929405
v -0.956992 43.047691 10.854000
v -0.803071 42.370567 9.921728
v -0.748928 45.774406 9.828773
v 0.000000 43.102409 10.929405
v 0.000000 45.774406 9.828773
v -0.803071 43.102409 10.929405
v -0.750891 44.278496 7.769054
v -0.678208 46.106102 7.261904
v 0.000000 44.278496 7.769054
v 0.000000 46.106102 7.261904
v 0.000000 46.873680 8.277577
v 0.000000 46.106102 7.261904
v -0.677221 46.873680 8.277577
v -0.678208 46.106102 7.261904
v 0.000000 45.774406 9.828773
v -0.677221 46.873680 8.277577
v -0.748928 45.774406 9.828773
v 0.000000 46.873680 8.277577
v -0.803071 42.370567 9.921728
v -0.750891 44.278496 7.769054
v 0.000000 42.370567 9.921728
v 0.000000 44.278496 7.769054
v 0.000000 43.102409 10.929405
v -0.803071 43.102409 10.929405
v -0.803071 42.370567 9.921728
v 0.000000 42.370567 9.921728
v 0.000000 4.997156 3.987253
v 4.125392 3.778711 9.408249
v 0.000000 3.778711 9.408249
v 5.930490 4.996332 3.987185
v 0.000000 6.869486 -4.170016
v 6.345944 6.920450 -4.096482
v 0.000000 6.352106 -3.631290
v 6.856573 6.359079 -3.713661
v -4.125392 3.778711 9.408249
v 0.000000 4.997156 3.987253
v 0.000000 3.778711 9.408249
v -5.930490 4.996332 3.987185
v -6.345944 6.920450 -4.096482
v 0.000000 6.352106 -3.631290
v -6.856573 6.359079 -3.713661
v 0.000000 6.869486 -4.170016
v -0.447510 25.692987 -1.632287
v 0.000000 24.843317 -1.346584
v 0.000000 25.692987 -1.632287
v -0.447514 24.843317 -1.346584
v -0.447514 23.531183 -6.716327
v 0.000000 23.694483 -7.047360
v 0.000000 23.468454 -6.826037
v -0.447514 23.773005 -6.929767
v -0.895027 35.049568 4.700788
v 0.000000 33.265083 2.714727
v 0.000000 35.044380 4.705812
v -0.895027 33.257378 2.695235
v 0.000000 36.211098 4.857788
v 0.000000 36.999107 4.053185
v -0.822245 36.211098 4.857788
v -0.822723 36.999107 4.053185
v -0.521156 45.209343 13.690046
v 0.000000 36.999107 4.053185
v 0.000000 45.209343 13.690046
v -0.822723 36.999107 4.053185
v 0.895027 24.680658 -7.318793
v 0.895027 24.082468 -6.753953
v 0.447514 24.505014 -7.528121
v 0.447514 23.773005 -6.929767
v 0.000000 24.380289 -7.676791
v 0.000000 23.694483 -7.047360
v 0.895027 25.939508 -1.553575
v 0.482120 25.924036 -1.557435
v 0.447510 25.692987 -1.632287
v 0.000000 25.923410 -1.557329
v 0.000000 25.692987 -1.632287
v 0.000000 44.880180 15.649231
v 0.000000 44.978081 15.272532
v 0.246233 44.913048 15.522655
v 0.000000 45.003288 15.175425
v 0.497075 45.002800 15.177351
v 0.000000 45.044304 15.017569
v 0.509274 45.133385 14.658697
v 0.000000 45.133385 14.658697
v 0.000000 30.668802 0.698680
v 0.895027 30.661371 0.687813
v 0.734789 30.040537 1.271912
v 0.000000 30.208841 1.130830
v 0.391271 29.702539 1.589842
v 0.000000 29.622843 1.667929
v -2.270741 21.240976 11.385570
v -1.031666 20.722345 11.081714
v -1.070438 22.733561 12.271870
v 0.000000 20.610743 11.012053
v 0.000000 23.054361 12.440659
v 1.070438 22.733561 12.271870
v 1.031666 20.722345 11.081714
v 2.270741 21.240976 11.385570
v 8.758396 10.887552 0.597614
v 8.413666 9.466364 3.454520
v 8.771350 11.303125 4.099332
v 8.943715 12.729578 0.845511
v 9.139270 13.139917 4.744143
v 9.139270 14.571604 1.093409
v 9.152619 16.459589 2.181745
v 9.174929 14.733683 5.656834
v 9.187384 18.347574 3.270081
v 9.232009 16.327448 6.569525
v 9.664739 9.699594 2.764231
v 9.645318 10.721079 0.206843
v 11.144641 11.562891 3.356579
v 11.420856 12.709131 0.501049
v 11.807711 13.426218 3.948925
v 12.161749 14.697184 0.795254
v 11.544519 16.666986 2.062346
v 11.222329 15.114466 5.022825
v 9.892640 18.636805 3.329438
v 9.820122 16.802713 6.096725
v -9.250842 9.605478 3.374854
v -8.413666 9.466364 3.454520
v -8.771350 11.303125 4.099332
v -10.583549 11.446894 3.920903
v -9.139270 13.139917 4.744143
v -11.190187 13.288309 4.466951
v -10.646897 14.797312 5.476827
v -9.174929 14.733683 5.656834
v -9.377531 16.306314 6.486702
v -9.232009 16.327448 6.569525
v 6.354117 6.042536 2.967004
v 5.930490 4.996332 3.987185
v 4.849167 6.042322 2.967451
v 0.000000 4.997156 3.987253
v 0.000000 6.040857 2.970533
v 8.578062 13.739664 3.445210
v 8.578062 13.322489 4.591395
v 8.736326 13.877512 4.793411
v 8.736326 14.294703 3.647236
v 9.168708 14.283823 4.941287
v 9.168708 14.700983 3.795104
v 9.759355 14.849680 3.849231
v 9.759355 14.432474 4.995403
v 10.350007 14.283823 4.941287
v 10.350007 14.700983 3.795104
v 10.782389 14.294703 3.647236
v 10.782389 13.877512 4.793411
v 10.940654 13.739664 3.445210
v 10.940654 13.322489 4.591395
v 10.782389 13.184671 3.243197
v 10.782389 12.767420 4.389368
v 10.350007 12.778330 3.095315
v 10.350007 12.361139 4.241491
v 9.759355 12.212458 4.187365
v 9.759355 12.629618 3.041187
v 9.168708 12.778330 3.095315
v 9.168708 12.361139 4.241491
v 8.736326 12.767420 4.389368
v 8.736326 13.184671 3.243197
v 8.578062 13.322489 4.591395
v 8.578062 13.739664 3.445210
v 8.430963 13.224573 4.860446
v 8.578062 13.322489 4.591395
v 8.736326 12.767420 4.389368
v 8.608933 12.600443 4.633273
v 9.168708 12.361139 4.241491
v 9.095159 12.143534 4.466970
v 9.759355 12.212458 4.187365
v 9.759355 11.976297 4.406103
v 10.423557 12.143534 4.466970
v 10.350007 12.361139 4.241491
v 10.909781 12.600443 4.633273
v 10.782389 12.767420 4.389368
v 11.087753 13.224573 4.860446
v 10.940654 13.322489 4.591395
v 10.782389 13.877512 4.793411
v 10.909781 13.848703 5.087613
v 10.350007 14.283823 4.941287
v 10.423557 14.305582 5.253903
v 9.759355 14.472803 5.314771
v 9.759355 14.432474 4.995403
v 9.168708 14.283823 4.941287
v 9.095159 14.305582 5.253903
v 8.608933 13.848703 5.087613
v 8.736326 13.877512 4.793411
v 8.430963 13.224573 4.860446
v 8.578062 13.322489 4.591395
v -8.740554 12.748194 6.169269
v -8.615387 12.911325 5.721072
v -8.877035 13.226892 6.343489
v -8.768646 13.448847 5.916709
v -9.249947 13.577250 6.471026
v -9.187364 13.842234 6.059895
v -9.759355 13.986292 6.112338
v -9.759395 13.705530 6.517712
v -10.268734 13.577265 6.471027
v -10.331310 13.842249 6.059909
v -10.750070 13.448847 5.916709
v -10.641673 13.226847 6.343489
v -10.903329 12.911325 5.721062
v -10.778169 12.748194 6.169269
v -10.641666 12.269449 5.995025
v -10.750076 12.373819 5.525443
v -10.268782 11.919092 5.867500
v -10.331366 11.980341 5.382237
v -9.759368 11.790827 5.820818
v -9.759355 11.836329 5.329816
v -9.187364 11.980341 5.382234
v -9.249953 11.919062 5.867497
v -8.768625 12.373850 5.525449
v -8.877035 12.269510 5.995038
v -8.615387 12.911325 5.721072
v -8.740554 12.748194 6.169269
v -8.574757 11.884897 5.726662
v -6.990064 9.798502 8.461074
v -8.239525 12.107950 7.361033
v -7.390133 11.136148 9.362277
v -8.243711 12.544703 8.093984
v -7.457776 11.580759 10.535261
v 6.990064 9.798502 8.461074
v 8.574757 11.884897 5.726662
v 8.239525 12.107950 7.361033
v 7.390133 11.136148 9.362277
v 8.243711 12.544703 8.093984
v 7.457776 11.580759 10.535261
v -0.895027 24.082468 -6.753953
v -0.895027 24.680658 -7.318793
v -0.447514 24.505014 -7.528121
v -0.447514 23.773005 -6.929767
v 0.000000 24.380289 -7.676791
v 0.000000 23.694483 -7.047360
v -0.391271 31.423716 3.454412
v 0.000000 31.344004 3.532501
v 0.000000 31.931574 3.001829
v -0.734789 31.761698 3.136483
v 0.000000 32.391579 2.569679
v -0.895027 32.382545 2.552383
v -0.401872 45.236717 13.637924
v -0.606881 29.350489 -5.216331
v -0.591223 26.393930 -2.285719
v -0.269713 45.044304 15.017569
v -0.346544 26.290796 -2.180839
v -0.258548 45.003288 15.175425
v 0.000000 44.978081 15.272532
v 0.000000 26.215555 -2.104342
v 1.301867 35.244972 4.511979
v 1.301867 36.912819 4.232971
v 1.301867 36.369377 4.696887
v 1.301867 35.089973 2.178728
v 1.301867 33.377937 2.465841
v 1.301867 34.165154 1.063666
v 1.301867 32.497841 2.333856
v 1.301867 30.786692 0.501670
v 1.301867 31.821085 -1.583763
v 1.301867 30.811213 -0.282435
v 1.301867 27.816690 -3.488758
v 1.301867 28.909861 -4.638825
v 1.301867 27.420816 -4.530152
v 1.301867 27.949869 -5.048066
v 1.301867 36.912819 4.232971
v 1.301867 35.089973 2.178728
v 0.822723 36.999107 4.053185
v 0.853032 35.076454 1.903078
v 1.301867 34.165154 1.063666
v 0.866498 34.142235 0.796605
v 1.301867 31.821085 -1.583763
v 0.885686 31.853510 -1.751834
v 1.301867 28.909861 -4.638825
v 0.895027 28.993326 -4.780021
v 0.000000 30.917078 -10.228708
v 0.415799 30.439951 -10.222282
v 0.000000 30.316141 -10.377436
v 0.405228 31.009470 -10.073555
v 0.731548 30.878885 -9.661201
v 0.677055 31.463205 -9.507195
v 0.894979 31.488367 -8.903282
v 0.677055 31.704752 -9.185896
v 0.664862 34.352013 -5.620271
v 0.886481 34.105568 -5.380662
v 0.641221 37.205025 -1.780332
v 0.855125 36.961464 -1.536799
v 0.619090 39.553169 1.380105
v 0.825718 39.305595 1.618219
v 0.398881 46.080070 10.170461
v 0.532658 45.893730 10.491004
v 0.895027 25.039255 -4.949084
v 0.447514 23.773005 -6.929767
v 0.895027 24.082468 -6.753953
v 0.447514 24.975748 -4.659871
v 0.895027 25.939508 -1.553575
v 0.447510 25.692987 -1.632287
v 0.447514 23.773005 -6.929767
v 0.447514 24.975748 -4.659871
v 0.447514 23.531183 -6.716327
v 0.447514 24.251429 -4.319591
v 0.447510 25.692987 -1.632287
v 0.447514 24.843317 -1.346584
v 0.421470 48.223991 13.597137
v 0.319206 48.253777 13.122324
v 0.000000 48.253777 13.122324
v 0.000000 48.024803 16.769823
v 0.403429 48.032433 16.648720
v 0.380259 47.946281 18.021500
v 0.186941 47.923943 18.376860
v 0.000000 47.915855 18.505920
v 0.319206 48.253777 13.122324
v 0.000000 46.080070 10.170461
v 0.000000 48.253777 13.122324
v 0.398881 46.080070 10.170461
v 0.000000 39.553169 1.380105
v 0.619090 39.553169 1.380105
v 0.000000 37.205025 -1.780332
v 0.619090 39.553169 1.380105
v 0.641221 37.205025 -1.780332
v 0.000000 34.352013 -5.620271
v 0.664862 34.352013 -5.620271
v 0.404248 31.704767 -9.185896
v 0.677055 31.704752 -9.185896
v 0.677055 31.463205 -9.507195
v 0.000000 31.704767 -9.185896
v 0.405228 31.009470 -10.073555
v 0.000000 30.917078 -10.228708
v 0.895027 32.382545 2.552383
v 0.734789 30.040537 1.271912
v 0.895027 30.661371 0.687813
v 0.734789 31.761698 3.136483
v 0.391271 29.702539 1.589842
v 0.391271 31.423716 3.454412
v 0.000000 29.622843 1.667929
v 0.000000 31.344004 3.532501
v 0.000000 32.391579 2.569679
v 0.734789 31.761698 3.136483
v 0.895027 32.382545 2.552383
v 0.000000 31.931574 3.001829
v 0.391271 31.423716 3.454412
v 0.000000 31.344004 3.532501
v 1.073292 34.480446 -4.229512
v 1.145954 33.170464 -1.253538
v 1.145951 32.549080 -2.109190
v 1.068925 35.813469 -2.394095
v 0.975665 36.178719 -4.683599
v 0.974491 36.823051 -3.830759
v -1.145954 33.170464 -1.253538
v -1.073292 34.480446 -4.229512
v -1.145951 32.549080 -2.109190
v -1.068925 35.813469 -2.394095
v -0.975665 36.178719 -4.683599
v -0.974491 36.823051 -3.830759
v 1.002412 37.766853 -0.234568
v 1.070274 36.456902 2.741413
v 1.070271 35.835442 1.885761
v 0.998332 39.099846 1.600851
v 0.911231 39.465080 -0.688648
v 0.910135 40.109413 0.164186
v -1.070274 36.456902 2.741413
v -1.002412 37.766853 -0.234568
v -1.070271 35.835442 1.885761
v -0.998332 39.099846 1.600851
v -0.911231 39.465080 -0.688648
v -0.910135 40.109413 0.164186
v 0.936889 41.030022 3.819592
v 1.000316 39.720085 6.795574
v 1.000316 39.098656 5.939923
v 0.933079 42.362999 5.655009
v 0.851669 42.728294 3.365512
v 0.850645 43.372643 4.218349
v -1.000316 39.720085 6.795574
v -0.936889 41.030022 3.819592
v -1.000316 39.098656 5.939923
v -0.933079 42.362999 5.655009
v -0.851669 42.728294 3.365512
v -0.850645 43.372643 4.218349
v 0.896311 44.357658 7.878019
v 0.956992 43.047691 10.854000
v 0.956989 42.426262 9.998344
v 0.892664 45.690636 9.713436
v 0.814782 46.055870 7.423939
v 0.813802 46.700249 8.276771
v -0.956992 43.047691 10.854000
v -0.896311 44.357658 7.878019
v -0.956989 42.426262 9.998344
v -0.892664 45.690636 9.713436
v -0.814782 46.055870 7.423939
v -0.813802 46.700249 8.276771
v 9.892640 18.636805 3.329438
v 10.961104 16.564890 1.876361
v 9.353884 18.342279 3.088473
v 11.544519 16.666986 2.062346
v 11.533669 14.787516 0.664249
v 12.161749 14.697184 0.795254
v 11.420856 12.709131 0.501049
v 10.867431 12.955439 0.539764
v 9.645318 10.721079 0.206843
v 9.166551 11.123377 0.415278
v 9.353884 18.342279 3.088473
v 9.152619 16.459589 2.181745
v 9.187384 18.347574 3.270081
v 10.961104 16.564890 1.876361
v 9.139270 14.571604 1.093409
v 11.533669 14.787516 0.664249
v 10.867431 12.955439 0.539764
v 8.943715 12.729578 0.845511
v 9.166551 11.123377 0.415278
v 8.758396 10.887552 0.597614
v 9.232009 16.327448 6.569525
v 9.174929 14.733683 5.656834
v 9.377531 16.306314 6.486702
v 10.646897 14.797312 5.476827
v 9.139270 13.139917 4.744143
v 11.190187 13.288309 4.466951
v 10.583549 11.446894 3.920903
v 8.771350 11.303125 4.099332
v 9.250842 9.605478 3.374854
v 8.413666 9.466364 3.454520
v 11.144641 11.562891 3.356579
v 9.250842 9.605478 3.374854
v 9.664739 9.699594 2.764231
v 10.583549 11.446894 3.920903
v 11.807711 13.426218 3.948925
v 11.190187 13.288309 4.466951
v 10.646897 14.797312 5.476827
v 11.222329 15.114466 5.022825
v 9.820122 16.802713 6.096725
v 9.377531 16.306314 6.486702
v -11.222329 15.114466 5.022825
v -9.820122 16.802713 6.096725
v -9.892640 18.636805 3.329438
v -11.544519 16.666986 2.062346
v -11.807711 13.426218 3.948925
v -12.161749 14.697184 0.795254
v -11.420856 12.709131 0.501049
v -11.144641 11.562891 3.356579
v -9.645318 10.721079 0.206843
v -9.664739 9.699594 2.764231
v -10.961104 16.564890 1.876361
v -9.892640 18.636805 3.329438
v -9.353884 18.342279 3.088473
v -11.544519 16.666986 2.062346
v -11.533669 14.787516 0.664249
v -12.161749 14.697184 0.795254
v -11.420856 12.709131 0.501049
v -10.867431 12.955439 0.539764
v -9.645318 10.721079 0.206843
v -9.166551 11.123377 0.415278
v -9.152619 16.459589 2.181745
v -9.353884 18.342279 3.088473
v -9.187384 18.347574 3.270081
v -10.961104 16.564890 1.876361
v -9.139270 14.571604 1.093409
v -11.533669 14.787516 0.664249
v -10.867431 12.955439 0.539764
v -8.943715 12.729578 0.845511
v -9.166551 11.123377 0.415278
v -8.758396 10.887552 0.597614
v -9.174929 14.733683 5.656834
v -9.187384 18.347574 3.270081
v -9.232009 16.327448 6.569525
v -9.152619 16.459589 2.181745
v -9.139270 13.139917 4.744143
v -9.139270 14.571604 1.093409
v -8.943715 12.729578 0.845511
v -8.771350 11.303125 4.099332
v -8.758396 10.887552 0.597614
v -8.413666 9.466364 3.454520
v -9.250842 9.605478 3.374854
v -11.144641 11.562891 3.356579
v -9.664739 9.699594 2.764231
v -10.583549 11.446894 3.920903
v -11.807711 13.426218 3.948925
v -11.190187 13.288309 4.466951
v -10.646897 14.797312 5.476827
v -11.222329 15.114466 5.022825
v -9.820122 16.802713 6.096725
v -9.377531 16.306314 6.486702
v 0.000000 1.763956 15.373302
v 0.000000 3.248392 11.022994
v 0.943209 1.949427 14.958511
v 2.133262 2.598917 12.990755
v 3.323322 3.248392 11.022994
v 0.000000 3.778711 9.408249
v 4.125392 3.778711 9.408249
v 0.000000 3.248392 11.022994
v 6.428752 6.153101 -1.328008
v 0.000000 6.352106 -3.631290
v 6.856573 6.359079 -3.713661
v 0.000000 5.965128 0.855171
v 5.838476 5.965372 0.851635
v 4.849167 6.042322 2.967451
v 0.000000 6.040857 2.970533
v 5.961826 7.615015 -6.661731
v 6.596318 7.267725 -3.867428
v 6.345944 6.920450 -4.096482
v 5.709649 7.182886 -6.576842
v 4.044338 7.770807 -8.442308
v 3.887439 7.333750 -8.301325
v 1.577121 7.883005 -9.724756
v 1.542541 7.442667 -9.546471
v 0.000000 7.908060 -10.011017
v 0.000000 7.467218 -9.826897
v 6.596318 7.267725 -3.867428
v 7.427758 11.586649 -5.263227
v 7.472518 7.283930 -3.550879
v 8.468041 11.434305 -4.988416
v 7.635345 13.565058 -6.104510
v 8.388865 13.905497 -5.895783
v 0.000000 16.328852 -11.652288
v 1.770886 15.705149 -10.553333
v 0.000000 15.896036 -10.930130
v 2.115160 16.149378 -11.165249
v 4.655224 15.099909 -9.265526
v 5.049509 15.619776 -9.832300
v 7.026378 14.889154 -8.094185
v 6.868093 14.335459 -7.589683
v 7.635345 13.565058 -6.104510
v 8.388865 13.905497 -5.895783
v 5.838476 5.965372 0.851635
v 6.539614 6.646128 1.032224
v 4.849167 6.042322 2.967451
v 7.071043 7.065928 -1.027554
v 6.428752 6.153101 -1.328008
v 7.472518 7.283930 -3.550879
v 6.856573 6.359079 -3.713661
v 8.430963 12.964273 5.575657
v 8.608933 13.848703 5.087613
v 8.430963 13.224573 4.860446
v 8.608933 13.588388 5.802821
v 9.095159 14.305582 5.253903
v 9.095159 14.045298 5.969113
v 9.759355 14.472803 5.314771
v 9.759355 14.212534 6.029981
v 10.423557 14.045298 5.969113
v 10.423557 14.305582 5.253903
v 10.909781 13.588388 5.802821
v 10.909781 13.848703 5.087613
v 11.087753 12.964273 5.575657
v 11.087753 13.224573 4.860446
v 10.909781 12.340128 5.348481
v 10.909781 12.600443 4.633273
v 10.423557 12.143534 4.466970
v 10.423557 11.883188 5.182180
v 9.759355 11.715967 5.121315
v 9.759355 11.976297 4.406103
v 9.095159 12.143534 4.466970
v 9.095159 11.883188 5.182180
v 8.608933 12.340128 5.348481
v 8.608933 12.600443 4.633273
v 8.430963 13.224573 4.860446
v 8.430963 12.964273 5.575657
v 8.430963 12.964273 5.575657
v 8.608933 12.340128 5.348481
v 8.615387 12.911325 5.721072
v 8.768625 12.373850 5.525449
v 9.095159 11.883188 5.182180
v 9.187364 11.980341 5.382234
v 9.759355 11.715967 5.121315
v 9.759355 11.836329 5.329816
v 10.331366 11.980341 5.382237
v 10.423557 11.883188 5.182180
v 10.750076 12.373819 5.525443
v 10.909781 12.340128 5.348481
v 10.903329 12.911325 5.721062
v 11.087753 12.964273 5.575657
v 10.750070 13.448847 5.916709
v 10.909781 13.588388 5.802821
v 10.331310 13.842249 6.059909
v 10.423557 14.045298 5.969113
v 9.759355 13.986292 6.112338
v 9.759355 14.212534 6.029981
v 9.095159 14.045298 5.969113
v 9.187364 13.842234 6.059895
v 8.608933 13.588388 5.802821
v 8.768646 13.448847 5.916709
v 8.430963 12.964273 5.575657
v 8.615387 12.911325 5.721072
v 8.615387 12.911325 5.721072
v 8.877035 12.269510 5.995038
v 8.740554 12.748194 6.169269
v 8.768625 12.373850 5.525449
v 9.249953 11.919062 5.867497
v 9.187364 11.980341 5.382234
v 9.759368 11.790827 5.820818
v 9.759355 11.836329 5.329816
v 10.331366 11.980341 5.382237
v 10.268782 11.919092 5.867500
v 10.750076 12.373819 5.525443
v 10.641666 12.269449 5.995025
v 10.903329 12.911325 5.721062
v 10.778169 12.748194 6.169269
v 10.641673 13.226847 6.343489
v 10.750070 13.448847 5.916709
v 10.268734 13.577265 6.471027
v 10.331310 13.842249 6.059909
v 9.759355 13.986292 6.112338
v 9.759395 13.705530 6.517712
v 9.249947 13.577250 6.471026
v 9.187364 13.842234 6.059895
v 8.768646 13.448847 5.916709
v 8.877035 13.226892 6.343489
v 8.615387 12.911325 5.721072
v 8.740554 12.748194 6.169269
v 3.343917 7.616861 18.097546
v 5.281528 9.073893 14.694397
v 5.373344 9.620157 14.972490
v 3.440977 8.185740 18.373741
v 2.250009 6.819071 19.938072
v 2.294900 7.394175 20.224976
v 1.036200 6.222483 21.356892
v 1.026107 6.806849 21.644897
v 0.000000 6.599268 22.197258
v 0.000000 6.088724 21.724987
v -0.943209 1.949427 14.958511
v 0.000000 3.248392 11.022994
v 0.000000 1.763956 15.373302
v -2.133262 2.598917 12.990755
v -3.323322 3.248392 11.022994
v 0.000000 3.778711 9.408249
v -4.125392 3.778711 9.408249
v 0.000000 3.248392 11.022994
v -6.354117 6.042536 2.967004
v -4.849167 6.042322 2.967451
v -5.930490 4.996332 3.987185
v 0.000000 4.997156 3.987253
v 0.000000 6.040857 2.970533
v 0.000000 6.352106 -3.631290
v -6.428752 6.153101 -1.328008
v -6.856573 6.359079 -3.713661
v 0.000000 5.965128 0.855171
v -5.838476 5.965372 0.851635
v -4.849167 6.042322 2.967451
v 0.000000 6.040857 2.970533
v -6.596318 7.267725 -3.867428
v -5.961826 7.615015 -6.661731
v -6.345944 6.920450 -4.096482
v -5.709649 7.182886 -6.576842
v -4.044338 7.770807 -8.442308
v -3.887439 7.333750 -8.301325
v -1.577121 7.883005 -9.724756
v -1.542541 7.442667 -9.546471
v 0.000000 7.908060 -10.011017
v 0.000000 7.467218 -9.826897
v -7.427758 11.586649 -5.263227
v -6.596318 7.267725 -3.867428
v -7.472518 7.283930 -3.550879
v -8.468041 11.434305 -4.988416
v -7.635345 13.565058 -6.104510
v -8.388865 13.905497 -5.895783
v -1.770886 15.705149 -10.553333
v 0.000000 16.328852 -11.652288
v 0.000000 15.896036 -10.930130
v -2.115160 16.149378 -11.165249
v -4.655224 15.099909 -9.265526
v -5.049509 15.619776 -9.832300
v -7.026378 14.889154 -8.094185
v -6.868093 14.335459 -7.589683
v -7.635345 13.565058 -6.104510
v -8.388865 13.905497 -5.895783
v -5.838476 5.965372 0.851635
v -4.849167 6.042322 2.967451
v -6.539614 6.646128 1.032224
v -7.071043 7.065928 -1.027554
v -6.428752 6.153101 -1.328008
v -7.472518 7.283930 -3.550879
v -6.856573 6.359079 -3.713661
v -8.736326 13.877512 4.793411
v -8.430963 13.224573 4.860446
v -8.578062 13.322489 4.591395
v -8.608933 13.848703 5.087613
v -9.168708 14.283823 4.941287
v -9.095159 14.305582 5.253903
v -9.759355 14.472803 5.314771
v -9.759355 14.432474 4.995403
v -10.350007 14.283823 4.941287
v -10.423557 14.305582 5.253903
v -10.909781 13.848703 5.087613
v -10.782389 13.877512 4.793411
v -11.087753 13.224573 4.860446
v -10.940654 13.322489 4.591395
v -10.782389 12.767420 4.389368
v -10.909781 12.600443 4.633273
v -10.350007 12.361139 4.241491
v -10.423557 12.143534 4.466970
v -9.759355 12.212458 4.187365
v -9.759355 11.976297 4.406103
v -9.095159 12.143534 4.466970
v -9.168708 12.361139 4.241491
v -8.608933 12.600443 4.633273
v -8.736326 12.767420 4.389368
v -8.430963 13.224573 4.860446
v -8.578062 13.322489 4.591395
v -8.578062 13.739664 3.445210
v -8.736326 13.877512 4.793411
v -8.578062 13.322489 4.591395
v -8.736326 14.294703 3.647236
v -9.168708 14.283823 4.941287
v -9.168708 14.700983 3.795104
v -9.759355 14.849680 3.849231
v -9.759355 14.432474 4.995403
v -10.350007 14.283823 4.941287
v -10.350007 14.700983 3.795104
v -10.782389 14.294703 3.647236
v -10.782389 13.877512 4.793411
v -10.940654 13.739664 3.445210
v -10.940654 13.322489 4.591395
v -10.782389 13.184671 3.243197
v -10.782389 12.767420 4.389368
v -10.350007 12.778330 3.095315
v -10.350007 12.361139 4.241491
v -9.759355 12.212458 4.187365
v -9.759355 12.629618 3.041187
v -9.168708 12.778330 3.095315
v -9.168708 12.361139 4.241491
v -8.736326 12.767420 4.389368
v -8.736326 13.184671 3.243197
v -8.578062 13.322489 4.591395
v -8.578062 13.739664 3.445210
v -8.608933 13.848703 5.087613
v -8.430963 12.964273 5.575657
v -8.430963 13.224573 4.860446
v -8.608933 13.588388 5.802821
v -9.095159 14.305582 5.253903
v -9.095159 14.045298 5.969113
v -9.759355 14.472803 5.314771
v -9.759355 14.212534 6.029981
v -10.423557 14.045298 5.969113
v -10.423557 14.305582 5.253903
v -10.909781 13.588388 5.802821
v -10.909781 13.848703 5.087613
v -11.087753 12.964273 5.575657
v -11.087753 13.224573 4.860446
v -10.909781 12.340128 5.348481
v -10.909781 12.600443 4.633273
v -10.423557 12.143534 4.466970
v -10.423557 11.883188 5.182180
v -9.759355 11.715967 5.121315
v -9.759355 11.976297 4.406103
v -9.095159 12.143534 4.466970
v -9.095159 11.883188 5.182180
v -8.608933 12.340128 5.348481
v -8.608933 12.600443 4.633273
v -8.430963 13.224573 4.860446
v -8.430963 12.964273 5.575657
v -8.615387 12.911325 5.721072
v -8.608933 12.340128 5.348481
v -8.430963 12.964273 5.575657
v -8.768625 12.373850 5.525449
v -9.095159 11.883188 5.182180
v -9.187364 11.980341 5.382234
v -9.759355 11.715967 5.121315
v -9.759355 11.836329 5.329816
v -10.331366 11.980341 5.382237
v -10.423557 11.883188 5.182180
v -10.750076 12.373819 5.525443
v -10.909781 12.340128 5.348481
v -10.903329 12.911325 5.721062
v -11.087753 12.964273 5.575657
v -10.750070 13.448847 5.916709
v -10.909781 13.588388 5.802821
v -10.331310 13.842249 6.059909
v -10.423557 14.045298 5.969113
v -9.759355 13.986292 6.112338
v -9.759355 14.212534 6.029981
v -9.095159 14.045298 5.969113
v -9.187364 13.842234 6.059895
v -8.608933 13.588388 5.802821
v -8.768646 13.448847 5.916709
v -8.430963 12.964273 5.575657
v -8.615387 12.911325 5.721072
v -5.281528 9.073893 14.694397
v -3.343917 7.616861 18.097546
v -5.373344 9.620157 14.972490
v -3.440977 8.185740 18.373741
v -2.250009 6.819071 19.938072
v -2.294900 7.394175 20.224976
v -1.036200 6.222483 21.356892
v -1.026107 6.806849 21.644897
v 0.000000 6.599268 22.197258
v 0.000000 6.088724 21.724987
v -3.783653 5.210474 12.792295
v -4.464790 6.562616 11.330235
v -4.768482 6.431009 11.231132
v -3.420984 5.367563 12.864780
v -2.278771 4.186274 15.289755
v -2.041849 4.402277 15.238089
v -1.786421 3.609903 16.053232
v -1.333022 3.830210 15.902462
v -0.997059 3.616159 16.762453
v -0.911129 3.749048 16.640692
v 0.000000 3.781031 17.096088
v 0.000000 3.655069 17.257357
v 0.997059 3.616159 16.762453
v 0.911129 3.749048 16.640692
v 1.333022 3.830210 15.902462
v 1.786421 3.609903 16.053232
v 2.041849 4.402277 15.238089
v 2.278771 4.186274 15.289755
v 3.420984 5.367563 12.864780
v 3.783653 5.210474 12.792295
v 4.464790 6.562616 11.330235
v 4.768482 6.431009 11.231132
v -6.202572 8.012720 8.667956
v -6.990064 9.798502 8.461074
v -8.158176 8.259027 7.546691
v -6.842370 6.505259 7.952127
v -4.768482 6.431009 11.231132
v -5.160110 5.155268 10.755773
v -3.783653 5.210474 12.792295
v -4.216840 4.458567 12.488390
v -2.772848 3.566767 14.845713
v -2.278771 4.186274 15.289755
v -1.786421 3.609903 16.053232
v -1.087721 2.604242 17.185362
v -0.997059 3.616159 16.762453
v 0.000000 3.655069 17.257357
v 0.000000 2.409403 17.588652
v 1.087721 2.604242 17.185362
v 0.997059 3.616159 16.762453
v 1.786421 3.609903 16.053232
v 2.772848 3.566767 14.845713
v 2.278771 4.186274 15.289755
v 3.783653 5.210474 12.792295
v 4.216840 4.458567 12.488390
v 5.160110 5.155268 10.755773
v 4.768482 6.431009 11.231132
v 6.842370 6.505259 7.952127
v 6.202572 8.012720 8.667956
v 8.158176 8.259027 7.546691
v 6.990064 9.798502 8.461074
v -9.473895 17.536463 3.910023
v -9.185097 18.897303 1.295861
v -9.976282 17.350321 3.871234
v -9.652038 18.878931 1.022113
v -8.353274 20.555445 -1.889501
v -8.906766 20.552896 -2.193667
v -6.903628 22.033289 -5.037688
v -6.343458 21.972742 -4.721160
v -4.437155 22.730036 -6.175956
v -4.625403 22.994379 -6.884074
v -2.000748 23.196009 -7.071233
v -2.168572 23.468882 -7.795583
v 0.000000 23.415888 -7.493602
v 0.000000 23.695704 -8.231501
v 2.168572 23.468882 -7.795583
v 2.000748 23.196009 -7.071233
v 4.625403 22.994379 -6.884074
v 4.437155 22.730036 -6.175956
v 6.903628 22.033289 -5.037688
v 6.343458 21.972742 -4.721160
v 8.353274 20.555445 -1.889501
v 8.906766 20.552896 -2.193667
v 9.652038 18.878931 1.022113
v 9.185097 18.897303 1.295861
v 9.976282 17.350321 3.871234
v 9.473895 17.536463 3.910023
v -9.743771 11.134424 1.456144
v -8.922418 12.544184 -2.474554
v -9.083591 11.092279 1.516377
v -9.472549 12.591562 -2.535649
v -8.388865 13.905497 -5.895783
v -8.801955 14.002878 -6.137206
v -7.026378 14.889154 -8.094185
v -7.349285 15.010569 -8.429754
v -5.049509 15.619776 -9.832300
v -5.185602 15.790003 -10.268654
v -2.115160 16.149378 -11.165249
v -2.193742 16.311792 -11.538076
v 0.000000 16.328852 -11.652288
v 0.000000 16.503382 -12.017972
v 2.193742 16.311792 -11.538076
v 2.115160 16.149378 -11.165249
v 5.185602 15.790003 -10.268654
v 5.049509 15.619776 -9.832300
v 7.349285 15.010569 -8.429754
v 7.026378 14.889154 -8.094185
v 8.801955 14.002878 -6.137206
v 8.388865 13.905497 -5.895783
v 9.472549 12.591562 -2.535649
v 8.922418 12.544184 -2.474554
v 9.743771 11.134424 1.456144
v 9.083591 11.092279 1.516377
v -1.301867 36.912819 4.232971
v -1.301867 35.244972 4.511979
v -1.301867 36.369377 4.696887
v -1.301867 35.089973 2.178728
v -1.301867 33.377937 2.465841
v -1.301867 34.165154 1.063666
v -1.301867 32.497841 2.333856
v -1.301867 30.786692 0.501670
v -1.301867 31.821085 -1.583763
v -1.301867 30.811213 -0.282435
v -1.301867 27.816690 -3.488758
v -1.301867 28.909861 -4.638825
v -1.301867 27.420816 -4.530152
v -1.301867 27.949869 -5.048066
v -0.822723 36.999107 4.053185
v -1.301867 35.089973 2.178728
v -1.301867 36.912819 4.232971
v -0.853032 35.076454 1.903078
v -1.301867 34.165154 1.063666
v -0.866498 34.142235 0.796605
v -1.301867 31.821085 -1.583763
v -0.885686 31.853510 -1.751834
v -1.301867 28.909861 -4.638825
v -0.895027 28.993326 -4.780021
v -0.415799 30.439951 -10.222282
v 0.000000 30.917078 -10.228708
v 0.000000 30.316141 -10.377436
v -0.405228 31.009470 -10.073555
v -0.731548 30.878885 -9.661201
v -0.677055 31.463205 -9.507195
v -0.894979 31.488367 -8.903282
v -0.677055 31.704752 -9.185896
v -0.664862 34.352013 -5.620271
v -0.886481 34.105568 -5.380662
v -0.641221 37.205025 -1.780332
v -0.855125 36.961464 -1.536799
v -0.619090 39.553169 1.380105
v -0.825718 39.305595 1.618219
v -0.398881 46.080070 10.170461
v -0.532658 45.893730 10.491004
v -0.447514 23.773005 -6.929767
v -0.895027 25.039255 -4.949084
v -0.895027 24.082468 -6.753953
v -0.447514 24.975748 -4.659871
v -0.895027 25.939508 -1.553575
v -0.447510 25.692987 -1.632287
v -0.447514 24.975748 -4.659871
v -0.447514 23.773005 -6.929767
v -0.447514 23.531183 -6.716327
v -0.447514 24.251429 -4.319591
v -0.447510 25.692987 -1.632287
v -0.447514 24.843317 -1.346584
v 0.000000 25.923410 -1.557329
v -0.447510 25.692987 -1.632287
v 0.000000 25.692987 -1.632287
v -0.482120 25.924036 -1.557435
v -0.895027 25.939508 -1.553575
v 0.000000 44.880180 15.649231
v -0.246233 44.913048 15.522655
v 0.000000 44.978081 15.272532
v 0.000000 45.003288 15.175425
v -0.497075 45.002800 15.177351
v 0.000000 45.044304 15.017569
v -0.509274 45.133385 14.658697
v 0.000000 45.133385 14.658697
v -0.421470 48.223991 13.597137
v 0.000000 48.253777 13.122324
v -0.319206 48.253777 13.122324
v 0.000000 48.024803 16.769823
v -0.403429 48.032433 16.648720
v -0.380259 47.946281 18.021500
v -0.186941 47.923943 18.376860
v 0.000000 47.915855 18.505920
v 0.000000 48.253777 13.122324
v 0.000000 46.080070 10.170461
v -0.319206 48.253777 13.122324
v -0.398881 46.080070 10.170461
v 0.000000 39.553169 1.380105
v -0.619090 39.553169 1.380105
v 0.000000 37.205025 -1.780332
v -0.619090 39.553169 1.380105
v -0.641221 37.205025 -1.780332
v 0.000000 34.352013 -5.620271
v -0.664862 34.352013 -5.620271
v -0.404248 31.704767 -9.185896
v -0.677055 31.704752 -9.185896
v -0.677055 31.463205 -9.507195
v 0.000000 31.704767 -9.185896
v -0.405228 31.009470 -10.073555
v 0.000000 30.917078 -10.228708
v 0.000000 30.668802 0.698680
v -0.734789 30.040537 1.271912
v -0.895027 30.661371 0.687813
v 0.000000 30.208841 1.130830
v -0.391271 29.702539 1.589842
v 0.000000 29.622843 1.667929
v -0.734789 30.040537 1.271912
v -0.895027 32.382545 2.552383
v -0.895027 30.661371 0.687813
v -0.734789 31.761698 3.136483
v -0.391271 29.702539 1.589842
v -0.391271 31.423716 3.454412
v 0.000000 29.622843 1.667929
v 0.000000 31.344004 3.532501
v 0.401872 45.236717 13.637924
v 0.591223 26.393930 -2.285719
v 0.606881 29.350489 -5.216331
v 0.269713 45.044304 15.017569
v 0.346544 26.290796 -2.180839
v 0.258548 45.003288 15.175425
v 0.000000 44.978081 15.272532
v 0.000000 26.215555 -2.104342
v 0.895027 25.939508 -1.553575
v 0.895027 27.193506 -4.508166
v 0.895027 27.663568 -3.364620
v 0.895027 25.039255 -4.949084
v 0.895027 24.680658 -7.318793
v 0.895027 24.082468 -6.753953
v 0.895027 27.876566 -5.258439
v 0.895027 25.150766 -8.355774
v 0.895027 27.048960 -9.562967
v 0.895027 25.272989 -9.502089
v 0.895027 29.129740 -9.682240
v 0.895027 28.993326 -4.780021
v 0.447514 26.985285 -10.108210
v 0.447514 25.133432 -9.971441
v 0.000000 26.944803 -10.263363
v 0.000000 25.008677 -10.120115
v 0.000000 29.025583 -10.382633
v 0.447514 29.066034 -10.227480
v 0.000000 30.316141 -10.377436
v 0.415799 30.439951 -10.222282
v 0.731548 30.878885 -9.661201
v 0.894979 31.488367 -8.903282
v 0.886481 34.105568 -5.380662
v 0.885686 31.853510 -1.751834
v 0.855125 36.961464 -1.536799
v 0.866498 34.142235 0.796605
v 0.853032 35.076454 1.903078
v 0.825718 39.305595 1.618219
v 0.822723 36.999107 4.053185
v 0.532658 45.893730 10.491004
v 0.521156 45.209343 13.690046
v 0.421470 48.223991 13.597137
v 0.403429 48.032433 16.648720
v 0.509274 45.133385 14.658697
v 0.497075 45.002800 15.177351
v 0.380259 47.946281 18.021500
v 0.246233 44.913048 15.522655
v 0.186941 47.923943 18.376860
v 0.000000 47.915855 18.505920
v 0.000000 44.880180 15.649231
v 5.709649 7.182886 -6.576842
v 6.345944 6.920450 -4.096482
v 0.000000 6.869486 -4.170016
v 3.887439 7.333750 -8.301325
v 1.542541 7.442667 -9.546471
v 0.000000 7.467218 -9.826897
v 10.070509 15.765940 3.238887
v 8.876775 15.522669 3.154681
v 9.912934 12.987955 2.351122
v 8.242973 14.904001 2.960652
v 8.010982 14.069986 2.696724
v 8.242973 13.673212 2.552231
v 6.539614 6.646128 1.032224
v 7.071043 7.065928 -1.027554
v 7.930254 8.438059 1.085814
v 9.123571 9.617487 1.102372
v 8.868001 10.766748 -2.750495
v 7.472518 7.283930 -3.550879
v 9.083591 11.092279 1.516377
v 8.468041 11.434305 -4.988416
v 8.922418 12.544184 -2.474554
v 8.388865 13.905497 -5.895783
v -5.709649 7.182886 -6.576842
v 0.000000 6.869486 -4.170016
v -6.345944 6.920450 -4.096482
v -3.887439 7.333750 -8.301325
v -1.542541 7.442667 -9.546471
v 0.000000 7.467218 -9.826897
v -10.070509 15.765940 3.238887
v -9.912934 12.987955 2.351122
v -8.876775 15.522669 3.154681
v -8.242973 14.904001 2.960652
v -8.010982 14.069986 2.696724
v -8.242973 13.673212 2.552231
v -6.539614 6.646128 1.032224
v -7.930254 8.438059 1.085814
v -7.071043 7.065928 -1.027554
v -9.123571 9.617487 1.102372
v -8.868001 10.766748 -2.750495
v -7.472518 7.283930 -3.550879
v -9.083591 11.092279 1.516377
v -8.468041 11.434305 -4.988416
v -8.922418 12.544184 -2.474554
v -8.388865 13.905497 -5.895783
v -6.354117 6.042536 2.967004
v -6.977417 5.920984 4.473748
v -7.538311 6.421900 3.605844
v -5.930490 4.996332 3.987185
v -4.125392 3.778711 9.408249
v -4.665296 4.123331 9.817432
v -3.323322 3.248392 11.022994
v -3.679218 3.440180 11.888982
v -2.133262 2.598917 12.990755
v -2.362365 2.799555 13.843996
v -0.943209 1.949427 14.958511
v -1.045507 2.158930 15.799011
v 0.000000 1.763956 15.373302
v 0.000000 1.996805 16.219904
v 1.045507 2.158930 15.799011
v 0.943209 1.949427 14.958511
v 2.362365 2.799555 13.843996
v 2.133262 2.598917 12.990755
v 3.679218 3.440180 11.888982
v 3.323322 3.248392 11.022994
v 4.665296 4.123331 9.817432
v 4.125392 3.778711 9.408249
v 6.977417 5.920984 4.473748
v 5.930490 4.996332 3.987185
v 6.354117 6.042536 2.967004
v 7.538311 6.421900 3.605844
v -9.201409 11.404428 4.679320
v -9.912934 12.987955 2.351122
v -9.083591 11.092279 1.516377
v -9.123571 9.617487 1.102372
v -7.538311 6.421900 3.605844
v -8.158176 8.259027 7.546691
v -6.977417 5.920984 4.473748
v -6.842370 6.505259 7.952127
v -4.665296 4.123331 9.817432
v -5.160110 5.155268 10.755773
v -3.679218 3.440180 11.888982
v -4.216840 4.458567 12.488390
v -2.362365 2.799555 13.843996
v -2.772848 3.566767 14.845713
v -1.045507 2.158930 15.799011
v -1.087721 2.604242 17.185362
v 0.000000 1.996805 16.219904
v 0.000000 2.409403 17.588652
v 1.087721 2.604242 17.185362
v 1.045507 2.158930 15.799011
v 2.772848 3.566767 14.845713
v 2.362365 2.799555 13.843996
v 4.216840 4.458567 12.488390
v 3.679218 3.440180 11.888982
v 5.160110 5.155268 10.755773
v 4.665296 4.123331 9.817432
v 6.842370 6.505259 7.952127
v 6.977417 5.920984 4.473748
v 8.158176 8.259027 7.546691
v 7.538311 6.421900 3.605844
v 9.201409 11.404428 4.679320
v 9.123571 9.617487 1.102372
v 9.083591 11.092279 1.516377
v 9.912934 12.987955 2.351122
v -1.203321 6.120996 21.386570
v 0.000000 5.939402 21.812210
v -1.036200 6.222483 21.356892
v 0.000000 6.088724 21.724987
v 1.036200 6.222483 21.356892
v 1.203321 6.120996 21.386570
v -1.026107 6.806849 21.644897
v 0.000000 6.602365 22.379311
v -1.204570 6.862421 21.760410
v 0.000000 6.599268 22.197258
v 1.026107 6.806849 21.644897
v 1.204570 6.862421 21.760410
v -0.895027 27.193506 -4.508166
v -0.895027 25.939508 -1.553575
v -0.895027 27.663568 -3.364620
v -0.895027 25.039255 -4.949084
v -0.895027 24.680658 -7.318793
v -0.895027 24.082468 -6.753953
v -0.895027 27.876566 -5.258439
v -0.895027 25.150766 -8.355774
v -0.895027 27.048960 -9.562967
v -0.895027 25.272989 -9.502089
v -0.895027 29.129740 -9.682240
v -0.895027 28.993326 -4.780021
v -0.447514 26.985285 -10.108210
v -0.447514 25.133432 -9.971441
v 0.000000 26.944803 -10.263363
v 0.000000 25.008677 -10.120115
v 0.000000 29.025583 -10.382633
v -0.447514 29.066034 -10.227480
v 0.000000 30.316141 -10.377436
v -0.415799 30.439951 -10.222282
v -0.731548 30.878885 -9.661201
v -0.894979 31.488367 -8.903282
v -0.886481 34.105568 -5.380662
v -0.885686 31.853510 -1.751834
v -0.855125 36.961464 -1.536799
v -0.866498 34.142235 0.796605
v -0.853032 35.076454 1.903078
v -0.825718 39.305595 1.618219
v -0.822723 36.999107 4.053185
v -0.532658 45.893730 10.491004
v -0.521156 45.209343 13.690046
v -0.421470 48.223991 13.597137
v -0.403429 48.032433 16.648720
v -0.509274 45.133385 14.658697
v -0.497075 45.002800 15.177351
v -0.380259 47.946281 18.021500
v -0.246233 44.913048 15.522655
v -0.186941 47.923943 18.376860
v 0.000000 47.915855 18.505920
v 0.000000 44.880180 15.649231
v 0.000000 24.850397 -8.713772
v 0.000000 25.008677 -10.120115
v 0.447514 25.133432 -9.971441
v 0.447514 24.975153 -8.565100
v 0.000000 24.380289 -7.676791
v 0.895027 25.272989 -9.502089
v 0.447514 24.505014 -7.528121
v 0.895027 25.150766 -8.355774
v 0.895027 24.680658 -7.318793
v -9.976282 17.350321 3.871234
v -9.652038 18.878931 1.022113
v -11.037604 15.522989 3.162403
v -11.134419 17.200556 -0.349471
v -8.906766 20.552896 -2.193667
v -11.253515 14.018656 2.641742
v -10.199452 18.887522 -3.880961
v -6.903628 22.033289 -5.037688
v -11.388597 15.715570 -1.220336
v -10.717163 12.330362 2.032026
v -8.105454 20.297403 -6.832305
v -4.625403 22.994379 -6.884074
v -10.447669 17.227320 -4.970660
v -10.798409 14.059885 -2.073247
v -9.743771 11.134424 1.456144
v -9.472549 12.591562 -2.535649
v -8.801955 14.002878 -6.137206
v -9.955237 15.567774 -5.652343
v -7.349285 15.010569 -8.429754
v -8.112910 16.708460 -8.359907
v -5.185602 15.790003 -10.268654
v -8.452199 18.598795 -7.847365
v -5.551002 17.593393 -10.460270
v -2.570253 18.046213 -11.535332
v -2.193742 16.311792 -11.538076
v -5.652132 19.609812 -10.083790
v -5.414411 21.325693 -8.984861
v -2.168572 23.468882 -7.795583
v -2.691227 20.045313 -11.074579
v -2.557661 21.802225 -9.982363
v 0.000000 23.695704 -8.231501
v 0.000000 18.263361 -12.050771
v 0.000000 16.503382 -12.017972
v 2.193742 16.311792 -11.538076
v 0.000000 20.280558 -11.609692
v 0.000000 22.042307 -10.484625
v 2.557661 21.802225 -9.982363
v 2.168572 23.468882 -7.795583
v 2.691227 20.045313 -11.074579
v 2.570253 18.046213 -11.535332
v 5.185602 15.790003 -10.268654
v 5.414411 21.325693 -8.984861
v 4.625403 22.994379 -6.884074
v 5.652132 19.609812 -10.083790
v 5.551002 17.593393 -10.460270
v 8.112910 16.708460 -8.359907
v 7.349285 15.010569 -8.429754
v 8.452199 18.598795 -7.847365
v 9.955237 15.567774 -5.652343
v 8.801955 14.002878 -6.137206
v 8.105454 20.297403 -6.832305
v 6.903628 22.033289 -5.037688
v 10.447669 17.227320 -4.970660
v 10.199452 18.887522 -3.880961
v 8.906766 20.552896 -2.193667
v 10.798409 14.059885 -2.073247
v 9.472549 12.591562 -2.535649
v 9.743771 11.134424 1.456144
v 10.717163 12.330362 2.032026
v 11.388597 15.715570 -1.220336
v 11.253515 14.018656 2.641742
v 11.134419 17.200556 -0.349471
v 11.037604 15.522989 3.162403
v 9.652038 18.878931 1.022113
v 9.976282 17.350321 3.871234
v 0.000000 24.850397 -8.713772
v -0.447514 25.133432 -9.971441
v 0.000000 25.008677 -10.120115
v -0.447514 24.975153 -8.565100
v 0.000000 24.380289 -7.676791
v -0.895027 25.272989 -9.502089
v -0.447514 24.505014 -7.528121
v -0.895027 25.150766 -8.355774
v -0.895027 24.680658 -7.318793
v -7.457776 11.580759 10.535261
v -5.549042 9.031443 14.564852
v -5.666472 9.735422 14.922729
v -7.390133 11.136148 9.362277
v -4.950107 7.667673 12.778063
v -6.990064 9.798502 8.461074
v -5.814515 8.155176 8.667956
v -4.464790 6.562616 11.330235
v -3.420984 5.367563 12.864780
v -4.485016 7.199503 13.714815
v -2.041849 4.402277 15.238089
v -2.806328 5.974222 16.641943
v -3.570801 7.546167 18.045801
v -1.333022 3.830210 15.902462
v -1.901018 5.289652 17.908472
v -2.469020 6.749079 19.914480
v -0.911129 3.749048 16.640692
v -1.057225 4.935007 19.013634
v -1.203321 6.120996 21.386570
v 0.000000 3.781031 17.096088
v 0.000000 4.860209 19.454151
v 0.000000 5.939402 21.812210
v 1.203321 6.120996 21.386570
v 1.057225 4.935007 19.013634
v 0.911129 3.749048 16.640692
v 2.469020 6.749079 19.914480
v 1.901018 5.289652 17.908472
v 1.333022 3.830210 15.902462
v 3.570801 7.546167 18.045801
v 2.806328 5.974222 16.641943
v 2.041849 4.402277 15.238089
v 5.549042 9.031443 14.564852
v 4.485016 7.199503 13.714815
v 3.420984 5.367563 12.864780
v 7.457776 11.580759 10.535261
v 5.666472 9.735422 14.922729
v 7.390133 11.136148 9.362277
v 4.950107 7.667673 12.778063
v 4.464790 6.562616 11.330235
v 6.990064 9.798502 8.461074
v 5.814515 8.155176 8.667956
v 0.000000 12.198832 -10.722729
v 1.577121 7.883005 -9.724756
v 0.000000 7.908060 -10.011017
v 0.000000 15.896036 -10.930130
v 1.770886 15.705149 -10.553333
v 1.751924 12.174234 -10.347462
v 4.044338 7.770807 -8.442308
v 4.655224 15.099909 -9.265526
v 4.366760 12.065592 -8.994940
v 5.961826 7.615015 -6.661731
v 6.868093 14.335459 -7.589683
v 7.427758 11.586649 -5.263227
v 6.596318 7.267725 -3.867428
v 6.511269 11.838388 -7.166545
v 7.635345 13.565058 -6.104510
v -1.577121 7.883005 -9.724756
v 0.000000 12.198832 -10.722729
v 0.000000 7.908060 -10.011017
v -1.770886 15.705149 -10.553333
v 0.000000 15.896036 -10.930130
v -1.751924 12.174234 -10.347462
v -4.044338 7.770807 -8.442308
v -4.655224 15.099909 -9.265526
v -4.366760 12.065592 -8.994940
v -5.961826 7.615015 -6.661731
v -6.868093 14.335459 -7.589683
v -6.596318 7.267725 -3.867428
v -7.427758 11.586649 -5.263227
v -6.511269 11.838388 -7.166545
v -7.635345 13.565058 -6.104510
v -4.297512 20.808207 9.158280
v -3.067321 21.220728 10.781488
v -3.452388 22.588266 7.945586
v -4.145229 19.790674 10.900321
v -4.874685 18.928293 10.437568
v -3.128682 20.585703 11.364097
v -2.713781 21.098505 11.048428
v -2.270741 21.240976 11.385570
v -3.708785 17.937845 13.432789
v -4.424058 17.169855 12.963482
v -2.833349 18.783045 13.854664
v -2.104589 19.535563 13.829458
v -3.522694 16.595072 15.019892
v -1.702554 18.318583 15.367754
v -2.568785 17.476892 15.282881
v -0.917998 17.182840 16.555866
v -1.708774 15.807062 17.461111
v -2.360187 14.593729 17.592163
v -0.364916 16.734949 17.123159
v -0.710630 15.041513 18.493050
v -1.066757 13.512445 19.199514
v 0.000000 16.515299 17.351923
v 0.000000 14.808222 18.834131
v 0.000000 13.060587 19.898199
v 1.066757 13.512445 19.199514
v 0.710630 15.041513 18.493050
v 0.364916 16.734949 17.123159
v 2.360187 14.593729 17.592163
v 1.708774 15.807062 17.461111
v 0.917998 17.182840 16.555866
v 3.522694 16.595072 15.019892
v 2.568785 17.476892 15.282881
v 1.702554 18.318583 15.367754
v 3.708785 17.937845 13.432789
v 4.424058 17.169855 12.963482
v 4.874685 18.928293 10.437568
v 2.833349 18.783045 13.854664
v 2.104589 19.535563 13.829458
v 2.270741 21.240976 11.385570
v 4.145229 19.790674 10.900321
v 4.297512 20.808207 9.158280
v 3.128682 20.585703 11.364097
v 2.713781 21.098505 11.048428
v 3.067321 21.220728 10.781488
v 3.452388 22.588266 7.945586
v -2.713781 21.098505 11.048428
v -2.270741 21.240976 11.385570
v -2.576972 21.736506 11.355409
v -3.067321 21.220728 10.781488
v -1.070438 22.733561 12.271870
v -2.906612 21.931986 11.150100
v -1.342950 23.081629 12.173523
v 0.000000 23.508600 12.489347
v 0.000000 23.054361 12.440659
v 1.070438 22.733561 12.271870
v -1.511266 23.449137 12.014040
v -3.051697 23.374323 8.550939
v -3.452388 22.588266 7.945586
v -1.509791 24.766611 9.570203
v -2.554499 25.382685 2.823303
v -3.103362 24.686396 1.879952
v -1.453087 26.373621 3.842436
v -1.001675 26.194590 0.459108
v -1.219095 25.619349 -1.141427
v 0.000000 26.689661 4.093660
v 0.000000 26.398142 0.239418
v 0.000000 25.764719 -1.477950
v 1.219095 25.619349 -1.141427
v 1.001675 26.194590 0.459108
v 3.103362 24.686396 1.879952
v 2.554499 25.382685 2.823303
v 3.452388 22.588266 7.945586
v 1.453087 26.373621 3.842436
v 3.051697 23.374323 8.550939
v 3.067321 21.220728 10.781488
v 1.509791 24.766611 9.570203
v 0.000000 25.190729 9.944716
v 2.906612 21.931986 11.150100
v 0.000000 23.937098 12.366098
v 1.511266 23.449137 12.014040
v 1.342950 23.081629 12.173523
v 2.576972 21.736506 11.355409
v 2.270741 21.240976 11.385570
v 2.713781 21.098505 11.048428
v -9.021772 14.126657 5.737281
v -10.070509 15.765940 3.238887
v -8.876775 15.522669 3.154681
v -9.835546 14.279627 5.743521
v -8.242973 14.904001 2.960652
v -8.529901 12.998819 7.832297
v -8.549273 13.696604 5.588011
v -8.010982 14.069986 2.696724
v -8.273661 12.726435 7.691476
v -8.243711 12.544703 8.093984
v -8.239525 12.107950 7.361033
v -8.379981 13.120874 5.363646
v -8.242973 13.673212 2.552231
v -8.574757 11.884897 5.726662
v -8.559925 12.539530 5.121519
v 9.021772 14.126657 5.737281
v 10.070509 15.765940 3.238887
v 9.835546 14.279627 5.743521
v 8.876775 15.522669 3.154681
v 8.529901 12.998819 7.832297
v 8.242973 14.904001 2.960652
v 8.549273 13.696604 5.588011
v 8.010982 14.069986 2.696724
v 8.273661 12.726435 7.691476
v 8.243711 12.544703 8.093984
v 8.239525 12.107950 7.361033
v 8.379981 13.120874 5.363646
v 8.242973 13.673212 2.552231
v 8.574757 11.884897 5.726662
v 8.559925 12.539530 5.121519
v -1.943350 20.750818 10.861199
v -0.951179 20.569757 13.452524
v -1.113670 22.130960 11.495984
v -1.693040 19.515085 12.860399
v 0.000000 22.476557 11.746982
v -0.897015 20.049326 14.104706
v -1.609603 19.103174 13.526798
v 0.000000 20.924829 13.656195
v 0.951179 20.569757 13.452524
v 1.113670 22.130960 11.495984
v 1.943350 20.750818 10.861199
v 1.693040 19.515085 12.860399
v 0.897015 20.049326 14.104706
v 1.609603 19.103174 13.526798
v 0.000000 20.407511 14.292599
v 0.000000 19.112757 15.565516
v 0.756645 18.738276 15.424532
v 1.302124 17.978327 15.065353
v -0.756645 18.738276 15.424532
v -1.302124 17.978327 15.065353
v 0.464824 17.863230 16.076931
v 0.702091 17.356165 15.870874
v 0.279090 16.889261 16.385227
v 0.000000 18.190271 16.188004
v 0.000000 16.660273 16.592644
v -0.279090 16.889261 16.385227
v -0.464824 17.863230 16.076931
v -0.702091 17.356165 15.870874
v -0.481840 17.141184 16.237329
v -1.702554 18.318583 15.367754
v -0.917998 17.182840 16.555866
v -0.364916 16.734949 17.123159
v -0.784344 17.949991 15.043631
v -2.104589 19.535563 13.829458
v 0.000000 17.047037 16.163799
v 0.000000 16.515299 17.351923
v 0.364916 16.734949 17.123159
v -0.929853 19.155008 13.327446
v -2.270741 21.240976 11.385570
v -1.031666 20.722345 11.081714
v 0.000000 17.857950 14.803932
v 0.000000 19.090723 13.217628
v 0.000000 20.610743 11.012053
v 1.031666 20.722345 11.081714
v 0.929853 19.155008 13.327446
v 2.270741 21.240976 11.385570
v 2.104589 19.535563 13.829458
v 0.784344 17.949991 15.043631
v 1.702554 18.318583 15.367754
v 0.481840 17.141184 16.237329
v 0.917998 17.182840 16.555866
v -3.522694 16.595072 15.019892
v -4.424058 17.169855 12.963482
v -3.871031 16.143351 14.885672
v -2.360187 14.593729 17.592163
v -6.258224 15.624247 12.667681
v -6.863982 16.692225 10.766790
v -5.083242 14.173410 15.250097
v -7.070333 14.197092 12.055174
v -8.001353 15.351603 9.843602
v -3.134991 12.634317 17.989555
v -1.066757 13.512445 19.199514
v -5.518328 12.577631 15.233747
v -7.642528 12.766184 11.445803
v -8.810504 13.979410 8.973028
v -7.457776 11.580759 10.535261
v -5.821104 11.015802 15.153322
v -5.666472 9.735422 14.922729
v -3.458984 10.980509 18.267393
v -3.701369 9.400721 18.409845
v -3.690041 8.273600 18.402012
v -1.591119 11.770365 19.644964
v -1.990157 10.163126 19.924528
v -2.412767 8.568735 20.282993
v -2.528305 7.484766 20.279293
v -1.131362 11.513086 20.137936
v 0.000000 13.060587 19.898199
v -1.180206 9.712397 20.838322
v -1.199784 7.861109 21.621315
v -1.204570 6.862421 21.760410
v 0.000000 11.186350 20.719666
v 0.000000 9.392969 21.484364
v 0.000000 7.637735 22.101982
v 0.000000 6.602365 22.379311
v 1.204570 6.862421 21.760410
v 1.199784 7.861109 21.621315
v 2.528305 7.484766 20.279293
v 1.180206 9.712397 20.838322
v 2.412767 8.568735 20.282993
v 3.690041 8.273600 18.402012
v 1.131362 11.513086 20.137936
v 1.066757 13.512445 19.199514
v 1.990157 10.163126 19.924528
v 3.701369 9.400721 18.409845
v 5.666472 9.735422 14.922729
v 1.591119 11.770365 19.644964
v 3.458984 10.980509 18.267393
v 5.821104 11.015802 15.153322
v 7.457776 11.580759 10.535261
v 3.134991 12.634317 17.989555
v 2.360187 14.593729 17.592163
v 5.518328 12.577631 15.233747
v 7.642528 12.766184 11.445803
v 8.810504 13.979410 8.973028
v 8.001353 15.351603 9.843602
v 5.083242 14.173410 15.250097
v 7.070333 14.197092 12.055174
v 6.863982 16.692225 10.766790
v 3.871031 16.143351 14.885672
v 3.522694 16.595072 15.019892
v 4.424058 17.169855 12.963482
v 6.258224 15.624247 12.667681
v 10.641666 12.269449 5.995025
v 10.778169 12.748194 6.169269
v 9.759355 12.748194 6.169269
v 10.268782 11.919092 5.867500
v 10.641673 13.226847 6.343489
v 9.759368 11.790827 5.820818
v 10.268734 13.577265 6.471027
v 9.249953 11.919062 5.867497
v 9.759395 13.705530 6.517712
v 8.877035 12.269510 5.995038
v 9.249947 13.577250 6.471026
v 8.740554 12.748194 6.169269
v 8.877035 13.226892 6.343489
v -10.641666 12.269449 5.995025
v -9.759355 12.748194 6.169269
v -10.778169 12.748194 6.169269
v -10.268782 11.919092 5.867500
v -10.641673 13.226847 6.343489
v -9.759368 11.790827 5.820818
v -10.268734 13.577265 6.471027
v -9.249953 11.919062 5.867497
v -9.759395 13.705530 6.517712
v -8.877035 12.269510 5.995038
v -9.249947 13.577250 6.471026
v -8.740554 12.748194 6.169269
v -8.877035 13.226892 6.343489
vn 0.4741 -0.8218 0.3160
vn 0.4165 -0.8408 0.3458
vn 0.3298 -0.6596 -0.6753
vn 0.3298 -0.6596 -0.6754
vn 0.4325 -0.6682 -0.6054
vn 0.4324 -0.6682 -0.6054
vn 0.3784 0.3627 -0.8516
vn 0.3785 0.3627 -0.8516
vn 0.3717 0.3638 -0.8541
vn 0.3717 0.3639 -0.8541
vn 0.4956 -0.6373 0.5901
vn 0.4728 -0.6463 0.5989
vn 0.4728 -0.6463 0.5990
vn 0.3618 -0.1494 0.9202
vn 0.4546 -0.0940 0.8857
vn 0.4546 -0.0939 0.8857
vn -0.1658 0.6398 0.7504
vn -0.1659 0.6399 0.7503
vn -0.0000 0.7149 0.6992
vn -0.0001 0.7149 0.6992
vn -0.0000 0.7189 0.6951
vn -0.0000 0.7189 0.6952
vn -0.0314 0.7223 0.6909
vn -0.0000 0.7188 0.6952
vn -0.0000 -0.7342 0.6789
vn -0.0001 -0.7342 0.6789
vn 0.4790 -0.6438 0.5967
vn 0.4789 -0.6438 0.5968
vn 0.4326 -0.6607 0.6135
vn 0.5116 -0.1259 0.8500
vn 0.5117 -0.1260 0.8499
vn 0.4954 -0.1415 0.8571
vn 0.0237 -0.1656 0.9859
vn 0.0158 -0.1580 0.9873
vn 0.5528 -0.6236 0.5527
vn 0.5527 -0.6237 0.5527
vn 0.5145 -0.6334 0.5780
vn 0.5144 -0.6335 0.5780
vn 0.2830 -0.9590 -0.0157
vn 0.3065 -0.9513 -0.0314
vn 0.3066 -0.9513 -0.0314
vn -0.0081 -0.9998 -0.0156
vn -0.0078 -0.9998 -0.0158
vn -0.0078 -0.9998 -0.0159
vn 0.9271 0.3142 -0.2043
vn 0.9390 0.2920 -0.1815
vn 0.0078 -0.1337 0.9910
vn -0.0000 -0.1260 0.9920
vn -0.0000 -0.9969 -0.0782
vn -0.0000 -0.9969 -0.0787
vn 0.6701 -0.1577 -0.7253
vn 0.5840 -0.1895 -0.7893
vn 0.5841 -0.1894 -0.7893
vn 0.6479 0.6084 -0.4583
vn 0.6425 0.6112 -0.4623
vn 0.6426 0.6111 -0.4622
vn 0.6673 0.6280 0.4003
vn 0.6674 0.6280 0.4002
vn 0.6135 0.6607 0.4326
vn -0.5841 -0.1894 -0.7893
vn -0.5840 -0.1895 -0.7893
vn -0.6701 -0.1576 -0.7253
vn -0.6426 0.6111 -0.4621
vn -0.6479 0.6084 -0.4583
vn -0.6135 0.6607 0.4326
vn -0.6135 0.6607 0.4325
vn -0.6674 0.6280 0.4002
vn -0.6674 0.6281 0.4002
vn 0.6954 -0.1503 -0.7028
vn 0.6955 -0.1503 -0.7027
vn 0.6067 -0.1891 -0.7721
vn 0.6699 0.5911 -0.4493
vn 0.6699 0.5912 -0.4492
vn 0.6920 0.6054 0.3931
vn 0.6920 0.6055 0.3932
vn 0.6385 0.6463 0.4178
vn -0.6067 -0.1891 -0.7721
vn -0.6957 -0.1505 -0.7024
vn -0.6954 -0.1503 -0.7028
vn -0.6699 0.5912 -0.4492
vn -0.6699 0.5911 -0.4492
vn -0.6385 0.6463 0.4178
vn -0.6920 0.6055 0.3932
vn -0.6920 0.6054 0.3931
vn 0.7194 -0.1423 -0.6798
vn 0.6335 -0.1822 -0.7520
vn 0.6333 -0.1821 -0.7521
vn 0.6937 0.5753 -0.4335
vn 0.6936 0.5753 -0.4335
vn 0.6937 0.5752 -0.4335
vn 0.7181 0.5839 0.3787
vn 0.6630 0.6313 0.4025
vn -0.6333 -0.1821 -0.7521
vn -0.6335 -0.1822 -0.7520
vn -0.7194 -0.1423 -0.6798
vn -0.7194 -0.1423 -0.6799
vn -0.6937 0.5752 -0.4335
vn -0.6940 0.5748 -0.4335
vn -0.6936 0.5753 -0.4335
vn -0.6630 0.6313 0.4025
vn -0.7180 0.5839 0.3788
vn -0.7181 0.5839 0.3787
vn 0.7347 -0.1421 -0.6633
vn 0.6510 -0.1804 -0.7373
vn 0.6510 -0.1805 -0.7373
vn 0.7103 0.5603 -0.4262
vn 0.7103 0.5603 -0.4261
vn 0.7310 0.5738 0.3694
vn 0.6803 0.6170 0.3956
vn 0.6803 0.6170 0.3955
vn -0.6510 -0.1803 -0.7374
vn -0.6510 -0.1804 -0.7373
vn -0.7347 -0.1421 -0.6633
vn -0.7103 0.5604 -0.4260
vn -0.7103 0.5604 -0.4261
vn -0.7103 0.5603 -0.4261
vn -0.6803 0.6170 0.3955
vn -0.7310 0.5738 0.3694
vn -0.4026 -0.0078 -0.9153
vn -0.4026 -0.0079 -0.9154
vn -0.4025 -0.0079 -0.9154
vn -0.2288 0.5915 -0.7731
vn -0.2288 0.5916 -0.7731
vn 0.1882 -0.9253 -0.3294
vn 0.2666 -0.8938 -0.3605
vn -0.2040 0.8158 -0.5412
vn -0.4887 0.7331 -0.4729
vn 0.4179 0.7334 0.5362
vn 0.5597 0.6858 0.4651
vn -0.8603 0.4820 0.1658
vn -0.9428 0.3300 0.0471
vn -0.9428 0.3300 0.0472
vn 0.1727 -0.9812 0.0865
vn 0.2204 -0.9754 -0.0000
vn -0.9846 0.1418 0.1024
vn -0.9507 0.2672 0.1572
vn 0.5683 0.1263 0.8130
vn 0.5684 0.1263 0.8130
vn 0.5028 0.1179 0.8563
vn 0.2288 0.5916 -0.7731
vn 0.4025 -0.0079 -0.9154
vn 0.4026 -0.0079 -0.9154
vn -0.1882 -0.9253 -0.3294
vn -0.1882 -0.9253 -0.3293
vn -0.2666 -0.8938 -0.3606
vn 0.4887 0.7331 -0.4730
vn 0.2039 0.8157 -0.5413
vn -0.4179 0.7333 0.5362
vn -0.5597 0.6859 0.4651
vn 0.8603 0.4820 0.1658
vn 0.9428 0.3300 0.0472
vn 0.9428 0.3300 0.0471
vn -0.1727 -0.9812 0.0865
vn -0.1726 -0.9812 0.0865
vn -0.2204 -0.9754 -0.0000
vn 0.9846 0.1418 0.1023
vn 0.9846 0.1418 0.1024
vn 0.9508 0.2671 0.1571
vn -0.5683 0.1263 0.8130
vn -0.5028 0.1179 0.8563
vn 0.3391 -0.0632 -0.9386
vn 0.3392 -0.0631 -0.9386
vn 0.6361 0.0550 -0.7696
vn -0.0000 -0.9541 -0.2995
vn 0.0787 -0.3621 0.9288
vn -0.0629 -0.3693 0.9272
vn -0.0236 -0.3699 0.9288
vn 0.0314 -0.3066 0.9513
vn -0.0079 -0.3302 0.9439
vn -0.0079 -0.3303 0.9438
vn 0.0002 -0.4346 0.9006
vn 0.0001 -0.4345 0.9007
vn 0.1103 -0.4413 0.8906
vn 0.1102 -0.4412 0.8906
vn 0.7875 -0.6064 -0.1103
vn -0.3392 -0.0631 -0.9386
vn -0.3391 -0.0632 -0.9386
vn -0.6361 0.0550 -0.7696
vn -0.0787 -0.3621 0.9288
vn 0.0629 -0.3693 0.9272
vn 0.0236 -0.3699 0.9288
vn -0.0314 -0.3066 0.9513
vn 0.0079 -0.3303 0.9438
vn -0.1103 -0.4413 0.8906
vn -0.1102 -0.4412 0.8906
vn -0.0001 -0.4345 0.9007
vn -0.7875 -0.6064 -0.1103
vn -0.8751 0.1339 0.4651
vn -0.7639 0.2205 0.6065
vn -0.4947 -0.7145 -0.4947
vn -0.6431 -0.6431 -0.4157
vn -0.8808 0.4639 0.0944
vn -0.3617 0.7156 0.5976
vn -0.8680 0.3472 0.3550
vn -0.8680 0.3472 0.3551
vn -0.4731 0.6308 0.6151
vn -0.2754 0.7398 0.6138
vn -0.0395 0.1026 0.9939
vn -0.3620 0.7633 0.5351
vn -0.3777 0.7555 0.5353
vn -0.3232 -0.4729 0.8197
vn -0.3231 -0.4728 0.8198
vn -0.3231 -0.4729 0.8198
vn -0.3457 -0.9192 -0.1886
vn -0.3307 -0.9212 -0.2048
vn -0.3064 0.7933 0.5262
vn -0.3064 0.7932 0.5262
vn -0.3619 0.7633 0.5352
vn -0.3847 -0.9109 -0.1493
vn -0.3467 -0.9218 -0.1733
vn -0.3468 -0.9218 -0.1733
vn -0.3372 0.7294 0.5952
vn -0.3063 0.7539 0.5812
vn -0.3457 -0.9350 -0.0786
vn -0.3694 -0.9276 -0.0548
vn 0.8750 0.1341 0.4651
vn 0.8750 0.1340 0.4651
vn 0.7639 0.2205 0.6065
vn 0.7639 0.2205 0.6064
vn 0.4946 -0.7146 -0.4947
vn 0.4947 -0.7145 -0.4947
vn 0.6431 -0.6431 -0.4157
vn 0.6431 -0.6432 -0.4157
vn 0.3617 0.7156 0.5976
vn 0.8808 0.4639 0.0944
vn 0.8680 0.3472 0.3551
vn 0.4731 0.6307 0.6151
vn 0.2754 0.7398 0.6138
vn 0.0395 0.1026 0.9939
vn 0.3620 0.7633 0.5351
vn 0.3777 0.7555 0.5353
vn 0.3232 -0.4729 0.8197
vn 0.3231 -0.4728 0.8198
vn 0.3457 -0.9192 -0.1886
vn 0.3307 -0.9213 -0.2047
vn 0.3307 -0.9212 -0.2048
vn 0.3063 0.7933 0.5262
vn 0.3619 0.7633 0.5352
vn 0.3847 -0.9109 -0.1493
vn 0.3848 -0.9109 -0.1493
vn 0.3468 -0.9218 -0.1733
vn 0.3467 -0.9218 -0.1733
vn 0.3372 0.7294 0.5952
vn 0.3063 0.7540 0.5811
vn 0.3062 0.7539 0.5812
vn 0.3063 0.7539 0.5812
vn 0.3457 -0.9351 -0.0786
vn 0.3457 -0.9350 -0.0786
vn 0.3694 -0.9276 -0.0549
vn -0.4165 -0.8408 0.3458
vn -0.4741 -0.8218 0.3160
vn -0.3298 -0.6596 -0.6754
vn -0.4325 -0.6682 -0.6054
vn -0.3784 0.3627 -0.8516
vn -0.3717 0.3639 -0.8541
vn -0.3717 0.3638 -0.8541
vn -0.4957 -0.6373 0.5900
vn -0.4729 -0.6463 0.5989
vn -0.4729 -0.6462 0.5990
vn -0.4546 -0.0940 0.8857
vn -0.3617 -0.1495 0.9202
vn 0.1659 0.6399 0.7504
vn 0.1658 0.6397 0.7505
vn 0.0314 0.7223 0.6909
vn -0.4790 -0.6438 0.5967
vn -0.4326 -0.6607 0.6135
vn -0.4954 -0.1415 0.8571
vn -0.4954 -0.1415 0.8570
vn -0.5116 -0.1259 0.8500
vn -0.0237 -0.1656 0.9859
vn -0.0158 -0.1580 0.9873
vn -0.5526 -0.6238 0.5526
vn -0.5146 -0.6334 0.5780
vn -0.5145 -0.6334 0.5780
vn -0.5144 -0.6335 0.5780
vn -0.2830 -0.9590 -0.0157
vn -0.3066 -0.9513 -0.0314
vn -0.3065 -0.9513 -0.0314
vn 0.0081 -0.9998 -0.0156
vn 0.0078 -0.9998 -0.0158
vn 0.0078 -0.9998 -0.0159
vn -0.9271 0.3143 -0.2043
vn -0.9271 0.3142 -0.2043
vn -0.9390 0.2919 -0.1816
vn -0.9391 0.2919 -0.1816
vn -0.0079 -0.1337 0.9910
vn -0.0080 -0.1337 0.9910
vn -0.0000 -0.9969 -0.0785
vn -0.8974 -0.4251 0.1181
vn -0.9143 -0.3232 0.2442
vn -0.9427 -0.1494 0.2985
vn -0.8761 -0.4499 0.1736
vn -0.9427 -0.1492 0.2985
vn -0.9133 -0.3071 0.2676
vn -0.9609 0.0709 0.2678
vn -0.9463 -0.0000 0.3233
vn -0.9674 0.2045 0.1494
vn -0.8344 0.3857 0.3936
vn -0.8338 0.2989 0.4641
vn -0.8657 0.4327 0.2518
vn -0.8508 0.4806 0.2127
vn -0.7154 0.5425 0.4403
vn -0.7267 0.4897 0.4818
vn -0.7054 0.5957 0.3841
vn -0.7434 0.6089 0.2768
vn -0.8120 0.5597 0.1656
vn -0.6456 0.6062 0.4645
vn -0.6427 0.5722 0.5095
vn -0.6613 0.6613 0.3542
vn -0.7066 0.5888 0.3925
vn -0.7389 0.6682 0.0865
vn -0.7756 0.6252 -0.0870
vn -0.6383 0.7092 0.2994
vn -0.6936 0.6621 0.2838
vn -0.5507 0.8182 0.1652
vn -0.5813 0.7855 0.2121
vn -0.4888 0.8594 0.1498
vn -0.3691 0.9267 -0.0707
vn -0.5975 0.8019 -0.0079
vn -0.2751 0.9510 -0.1415
vn -0.0001 0.9920 -0.1260
vn -0.0001 0.9697 -0.2444
vn -0.4468 0.8938 -0.0392
vn -0.2513 0.8948 -0.3690
vn -0.0001 0.9082 -0.4185
vn -0.2370 0.8609 -0.4502
vn -0.0001 0.8847 -0.4661
vn -0.4108 0.8217 -0.3950
vn -0.4497 0.8441 -0.2919
vn -0.6284 0.7306 -0.2671
vn -0.6465 0.7410 -0.1814
vn 0.8974 -0.4252 0.1182
vn 0.9427 -0.1494 0.2985
vn 0.9143 -0.3232 0.2442
vn 0.9427 -0.1492 0.2985
vn 0.8761 -0.4498 0.1736
vn 0.9133 -0.3072 0.2676
vn 0.9609 0.0709 0.2678
vn 0.9463 -0.0000 0.3233
vn 0.9674 0.2045 0.1494
vn 0.8344 0.3857 0.3936
vn 0.8338 0.2989 0.4641
vn 0.8656 0.4328 0.2518
vn 0.8508 0.4805 0.2127
vn 0.7154 0.5425 0.4403
vn 0.7267 0.4897 0.4818
vn 0.7054 0.5957 0.3841
vn 0.7434 0.6089 0.2768
vn 0.8120 0.5597 0.1656
vn 0.6456 0.6062 0.4645
vn 0.6427 0.5722 0.5095
vn 0.6613 0.6613 0.3542
vn 0.7066 0.5888 0.3925
vn 0.7389 0.6682 0.0865
vn 0.7756 0.6252 -0.0870
vn 0.5813 0.7855 0.2121
vn 0.6383 0.7092 0.2994
vn 0.6936 0.6621 0.2838
vn 0.5507 0.8182 0.1652
vn 0.4888 0.8594 0.1498
vn 0.3691 0.9267 -0.0707
vn 0.5975 0.8019 -0.0079
vn 0.2751 0.9510 -0.1415
vn 0.0001 0.9920 -0.1260
vn 0.0001 0.9697 -0.2444
vn 0.4468 0.8938 -0.0392
vn 0.6465 0.7410 -0.1814
vn 0.6284 0.7306 -0.2671
vn 0.4497 0.8441 -0.2919
vn 0.4108 0.8217 -0.3950
vn 0.2512 0.8949 -0.3689
vn 0.2370 0.8609 -0.4502
vn 0.0001 0.9082 -0.4185
vn 0.0001 0.8847 -0.4661
vn -0.0000 0.3163 0.9487
vn -0.0000 0.3162 0.9487
vn 0.2837 -0.6540 -0.7013
vn 0.0001 -0.6789 -0.7342
vn 0.4015 -0.5986 -0.6932
vn 0.0001 -0.6992 -0.7149
vn 0.0079 -0.7453 0.6667
vn 0.0078 -0.7451 0.6669
vn 0.0078 -0.7452 0.6668
vn -0.0000 0.7150 0.6991
vn -0.0000 0.7148 0.6994
vn -0.0000 0.7144 0.6997
vn -0.0000 -0.7637 0.6456
vn 0.5364 0.3391 0.7729
vn 0.3478 -0.3085 0.8854
vn 0.2908 -0.2909 0.9115
vn 0.6285 0.3064 0.7149
vn 0.5287 -0.6234 -0.5760
vn 0.1891 -0.9531 0.2363
vn 0.4409 -0.8659 -0.2362
vn 0.6054 -0.5896 -0.5347
vn 0.1890 -0.9531 0.2364
vn 0.2908 -0.2906 0.9116
vn 0.3479 -0.3082 0.8854
vn 0.4408 -0.8659 -0.2363
vn -0.0000 0.3795 0.9252
vn -0.0000 0.3796 0.9251
vn -0.0000 0.3797 0.9251
vn -0.0000 -0.2682 -0.9634
vn -0.0000 -0.2683 -0.9633
vn -0.0000 0.7952 -0.6063
vn -0.0000 0.7953 -0.6063
vn -0.0000 0.8185 0.5745
vn -0.0000 0.8184 0.5746
vn -0.0000 -0.7492 -0.6624
vn -0.0000 -0.7491 -0.6625
vn -0.0000 -0.8084 0.5886
vn -0.0000 -0.8084 0.5887
vn -0.5364 0.3391 0.7729
vn -0.3478 -0.3085 0.8854
vn -0.6285 0.3064 0.7149
vn -0.2907 -0.2909 0.9115
vn -0.1891 -0.9531 0.2364
vn -0.5287 -0.6234 -0.5760
vn -0.4409 -0.8659 -0.2362
vn -0.6054 -0.5896 -0.5347
vn -0.3479 -0.3082 0.8854
vn -0.2908 -0.2907 0.9116
vn -0.0000 -0.2685 -0.9633
vn -0.0000 -0.7490 -0.6626
vn 0.5664 0.3303 0.7550
vn 0.3700 -0.3151 0.8740
vn 0.3072 -0.2916 0.9059
vn 0.6546 0.2997 0.6940
vn 0.5560 -0.6108 -0.5638
vn 0.1962 -0.9499 0.2434
vn 0.4635 -0.8563 -0.2278
vn 0.6282 -0.5732 -0.5261
vn 0.1962 -0.9499 0.2435
vn 0.3073 -0.2914 0.9059
vn 0.3701 -0.3149 0.8740
vn 0.4634 -0.8563 -0.2278
vn -0.0000 0.3796 0.9252
vn -0.0000 -0.2684 -0.9633
vn -0.0000 -0.8085 0.5885
vn -0.5664 0.3303 0.7550
vn -0.3700 -0.3151 0.8740
vn -0.6546 0.2998 0.6940
vn -0.3072 -0.2916 0.9059
vn -0.1963 -0.9499 0.2434
vn -0.5560 -0.6108 -0.5638
vn -0.4635 -0.8563 -0.2278
vn -0.6282 -0.5732 -0.5261
vn -0.1962 -0.9499 0.2435
vn -0.3701 -0.3148 0.8740
vn -0.3073 -0.2914 0.9059
vn -0.4636 -0.8563 -0.2278
vn 0.5904 0.3227 0.7398
vn 0.3861 -0.3153 0.8669
vn 0.3229 -0.2994 0.8978
vn 0.6801 0.2926 0.6722
vn 0.5823 -0.5980 -0.5508
vn 0.2129 -0.9460 0.2444
vn 0.4890 -0.8438 -0.2210
vn 0.6531 -0.5586 -0.5114
vn 0.2128 -0.9460 0.2444
vn 0.3230 -0.2992 0.8979
vn 0.3863 -0.3151 0.8669
vn 0.4889 -0.8439 -0.2209
vn -0.0000 -0.7492 -0.6623
vn -0.5904 0.3227 0.7398
vn -0.3861 -0.3154 0.8668
vn -0.6801 0.2926 0.6721
vn -0.3229 -0.2994 0.8978
vn -0.2129 -0.9460 0.2444
vn -0.5823 -0.5980 -0.5508
vn -0.4889 -0.8439 -0.2209
vn -0.6531 -0.5586 -0.5114
vn -0.2128 -0.9460 0.2444
vn -0.3862 -0.3151 0.8669
vn -0.3230 -0.2992 0.8979
vn -0.4890 -0.8439 -0.2208
vn -0.0000 -0.2681 -0.9634
vn -0.0000 -0.7491 -0.6624
vn 0.6075 0.3233 0.7256
vn 0.3944 -0.3236 0.8601
vn 0.3299 -0.2986 0.8955
vn 0.6937 0.2838 0.6621
vn 0.5978 -0.5900 -0.5427
vn 0.5050 -0.8364 -0.2131
vn 0.6703 -0.5441 -0.5047
vn 0.2200 -0.9426 0.2514
vn 0.2199 -0.9426 0.2515
vn 0.3300 -0.2984 0.8956
vn 0.3947 -0.3233 0.8600
vn -0.0000 0.8185 0.5746
vn -0.6075 0.3233 0.7256
vn -0.3945 -0.3236 0.8600
vn -0.6936 0.2837 0.6621
vn -0.3299 -0.2987 0.8955
vn -0.2200 -0.9426 0.2514
vn -0.5979 -0.5899 -0.5427
vn -0.5050 -0.8364 -0.2131
vn -0.6703 -0.5441 -0.5047
vn -0.2199 -0.9426 0.2515
vn -0.3947 -0.3233 0.8601
vn -0.3301 -0.2984 0.8956
vn -0.5051 -0.8364 -0.2130
vn -0.0000 -0.9754 -0.2203
vn -0.0000 -0.9755 -0.2201
vn -0.0000 -0.9755 -0.2202
vn -0.0000 -0.7227 -0.6912
vn -0.0000 -0.6456 -0.7637
vn -0.0000 -0.6457 -0.7636
vn -0.0081 -0.5692 -0.8222
vn -0.0000 -0.6455 -0.7637
vn 0.0079 -0.5692 -0.8222
vn -0.2837 -0.6540 -0.7013
vn -0.0001 -0.6789 -0.7342
vn -0.0001 -0.6992 -0.7149
vn -0.4015 -0.5986 -0.6931
vn -0.0079 -0.7453 0.6667
vn -0.0079 -0.7453 0.6666
vn -0.0080 -0.7454 0.6666
vn 0.5206 -0.5837 -0.6231
vn 0.5581 -0.5503 -0.6210
vn 0.5055 -0.5606 -0.6559
vn 0.4017 -0.5986 -0.6931
vn 0.0001 -0.6540 -0.7565
vn -0.0000 -0.3068 0.9518
vn 0.0001 -0.3069 0.9518
vn -0.0000 -0.3069 0.9518
vn -0.0001 -0.9678 -0.2515
vn -0.0001 -0.9678 -0.2516
vn -0.0001 -0.9679 -0.2515
vn -0.0000 -0.9678 -0.2517
vn -0.0000 -0.9697 -0.2444
vn -0.0157 -0.6831 -0.7301
vn -0.0157 -0.6831 -0.7302
vn -0.0157 -0.6830 -0.7302
vn -0.0000 -0.6789 -0.7342
vn -0.0079 -0.6750 -0.7378
vn -0.0000 -0.6750 -0.7378
vn -0.0000 -0.5122 0.8589
vn 0.0082 -0.5064 0.8623
vn -0.0000 -0.5064 0.8623
vn -0.0000 -0.5029 0.8644
vn -0.0081 -0.5064 0.8623
vn -0.0000 -0.5121 0.8589
vn -0.9887 0.1491 -0.0157
vn -0.9800 0.1976 -0.0237
vn -0.9862 0.1657 -0.0000
vn -0.9918 0.1259 0.0236
vn -0.9966 0.0785 0.0235
vn -0.9982 0.0550 0.0236
vn -0.9999 0.0080 0.0079
vn -0.9997 0.0158 0.0159
vn -0.9998 0.0157 0.0158
vn -0.9994 0.0236 0.0236
vn 0.7964 -0.5598 -0.2289
vn 0.7734 -0.5998 -0.2052
vn 0.8415 -0.5191 -0.1494
vn 0.8926 -0.4424 -0.0869
vn 0.9937 -0.0709 0.0868
vn 0.9931 -0.0867 0.0788
vn 0.9256 0.2902 0.2431
vn 0.8730 0.3854 0.2989
vn 0.8176 0.4717 0.3302
vn -0.1344 -0.3557 0.9249
vn -0.1498 -0.3549 0.9228
vn -0.1256 -0.3535 0.9269
vn -0.1261 -0.3466 0.9295
vn -0.1336 -0.4243 0.8956
vn -0.1494 -0.4168 0.8966
vn -0.1339 -0.4958 0.8580
vn -0.2127 -0.4805 0.8508
vn -0.2588 -0.4784 0.8391
vn -0.3849 -0.4713 0.7935
vn -0.0000 -0.6991 -0.7150
vn -0.0000 -0.6993 -0.7148
vn -0.0000 -0.6992 -0.7149
vn -0.9957 0.0871 0.0316
vn -0.9957 -0.0868 -0.0316
vn -0.9078 0.3947 0.1421
vn -0.8171 0.5421 0.1964
vn -0.4977 0.8137 0.3002
vn -0.0000 0.9404 0.3399
vn -0.0000 0.9404 0.3400
vn 0.4977 0.8137 0.3002
vn 0.8171 0.5418 0.1972
vn 0.9078 0.3947 0.1421
vn 0.9957 0.0869 0.0316
vn 0.9957 -0.0869 -0.0316
vn 0.9078 -0.3947 -0.1421
vn 0.8171 -0.5418 -0.1972
vn 0.4977 -0.8137 -0.3002
vn -0.0000 -0.9405 -0.3399
vn -0.0000 -0.9404 -0.3400
vn -0.4977 -0.8137 -0.3002
vn -0.8171 -0.5421 -0.1964
vn -0.9078 -0.3947 -0.1421
vn -0.9957 -0.0871 -0.0317
vn -0.9957 0.0868 0.0316
vn -0.8880 0.1570 -0.4323
vn -0.8880 0.1570 -0.4322
vn -0.8074 -0.1960 -0.5566
vn -0.7256 -0.3234 -0.6074
vn -0.5121 -0.5279 -0.6776
vn -0.3777 -0.6058 -0.7002
vn 0.3777 -0.6058 -0.7002
vn 0.5121 -0.5279 -0.6775
vn 0.7256 -0.3234 -0.6073
vn 0.8074 -0.1960 -0.5566
vn 0.8880 0.1572 -0.4322
vn 0.8073 0.5095 -0.2978
vn 0.7262 0.6394 -0.2526
vn 0.4411 0.8821 -0.1654
vn -0.0000 0.9920 -0.1262
vn -0.0000 0.9920 -0.1259
vn -0.4411 0.8821 -0.1654
vn -0.4411 0.8821 -0.1655
vn -0.7262 0.6394 -0.2525
vn -0.8073 0.5095 -0.2978
vn -0.8880 0.1573 -0.4321
vn -0.8880 0.1573 -0.4322
vn 0.9679 -0.0864 0.2361
vn 0.8756 0.2998 0.3787
vn 0.7950 0.4329 0.4250
vn 0.4803 0.7008 0.5275
vn -0.0000 0.8221 0.5694
vn -0.4803 0.7008 0.5275
vn -0.7950 0.4329 0.4250
vn -0.8757 0.2998 0.3786
vn -0.9679 -0.0866 0.2361
vn -0.8757 -0.4734 0.0947
vn -0.7944 -0.6056 0.0472
vn -0.5599 -0.8280 -0.0314
vn -0.4083 -0.9107 -0.0627
vn -0.0000 -0.9955 -0.0948
vn 0.4083 -0.9107 -0.0628
vn 0.5598 -0.8280 -0.0316
vn 0.7944 -0.6056 0.0472
vn 0.8757 -0.4734 0.0946
vn 0.9679 -0.0867 0.2360
vn -0.8983 -0.3704 0.2364
vn -0.8785 -0.4392 0.1882
vn -0.9019 -0.3764 0.2118
vn -0.8880 -0.4322 0.1572
vn -0.9017 -0.3999 0.1646
vn -0.9045 -0.3933 0.1652
vn 0.8785 -0.4392 0.1882
vn 0.8983 -0.3704 0.2364
vn 0.9019 -0.3765 0.2117
vn 0.8880 -0.4322 0.1572
vn 0.9017 -0.3999 0.1646
vn 0.9045 -0.3933 0.1652
vn -0.5581 -0.5503 -0.6210
vn -0.5206 -0.5837 -0.6231
vn -0.5055 -0.5609 -0.6557
vn -0.4017 -0.5986 -0.6931
vn -0.0001 -0.6540 -0.7565
vn -0.0158 0.6707 0.7416
vn -0.0000 0.6707 0.7417
vn -0.0000 0.6750 0.7378
vn -0.0237 0.6787 0.7340
vn -0.0233 0.6830 0.7300
vn -0.0235 0.6830 0.7301
vn -0.9984 -0.0315 0.0472
vn -1.0000 -0.0000 0.0079
vn -0.9334 -0.2374 0.2691
vn -0.9248 -0.2528 0.2845
vn -0.5977 -0.5428 0.5900
vn -0.7890 -0.4183 0.4499
vn -0.0001 -0.6789 0.7342
vn -0.0002 -0.6789 0.7342
vn 1.0000 -0.0000 -0.0000
vn 0.3606 0.6976 -0.6192
vn 0.3536 0.7069 -0.6126
vn 0.3463 0.7161 -0.6060
vn 0.3393 0.7181 -0.6076
vn 0.3310 0.7092 -0.6225
vn 0.3225 0.7001 -0.6371
vn 0.3296 0.6907 -0.6436
vn 0.3384 0.6848 -0.6454
vn 0.3628 0.6784 -0.6389
vn 0.0001 0.2518 -0.9678
vn 0.4797 0.2202 -0.8494
vn 0.0001 0.2444 -0.9697
vn 0.6616 0.2205 -0.7167
vn 0.8483 0.1885 -0.4948
vn 0.8660 0.2755 -0.4172
vn 0.8676 0.3707 -0.3313
vn 0.8419 0.4326 -0.3225
vn 0.8390 0.4391 -0.3215
vn 0.8418 0.4327 -0.3226
vn 0.8440 0.4338 -0.3155
vn 0.8511 0.4256 -0.3074
vn 0.8826 0.3862 -0.2680
vn 0.8933 0.3715 -0.2530
vn 0.9271 0.3144 -0.2042
vn 0.3613 -0.8562 0.3692
vn 0.3936 -0.8109 0.4330
vn 0.3786 -0.8757 0.2998
vn 0.3684 -0.9014 0.2273
vn 0.4410 -0.8738 0.2048
vn -0.0000 0.9980 0.0626
vn -0.0001 0.9980 0.0626
vn -0.0002 0.9980 0.0627
vn -0.0000 0.8056 -0.5924
vn -0.0000 0.8056 -0.5925
vn -0.0000 0.8055 -0.5926
vn -0.0000 0.8019 -0.5974
vn -0.0000 0.8019 -0.5975
vn -0.0000 0.8020 -0.5974
vn -0.0000 0.8021 -0.5972
vn -0.0000 0.8020 -0.5973
vn -0.0079 0.7952 -0.6063
vn -0.0000 0.8018 -0.5976
vn -0.0157 0.7952 -0.6062
vn 0.0079 0.7885 -0.6150
vn 0.9830 -0.1338 0.1258
vn 0.9444 -0.2440 0.2204
vn 0.9830 -0.1337 0.1258
vn 0.8832 -0.3470 0.3154
vn 0.6602 -0.5504 0.5111
vn 0.4730 -0.6468 0.5983
vn 0.0001 -0.7342 0.6789
vn 0.0227 0.6832 0.7298
vn 0.0237 0.6787 0.7340
vn 0.0235 0.6830 0.7301
vn 0.0158 0.6706 0.7416
vn 0.9992 0.0316 -0.0236
vn 0.9996 0.0236 -0.0157
vn 0.9990 0.0393 -0.0236
vn 0.9984 0.0472 -0.0315
vn 0.9984 0.0471 -0.0315
vn -0.9996 0.0236 -0.0157
vn -0.9992 0.0316 -0.0236
vn -0.9990 0.0393 -0.0236
vn -0.9984 0.0472 -0.0315
vn -0.9984 0.0471 -0.0316
vn 0.9994 0.0315 -0.0158
vn 0.9998 0.0158 -0.0157
vn 0.9989 0.0393 -0.0236
vn 0.9984 0.0471 -0.0314
vn 0.9987 0.0393 -0.0315
vn -0.9994 0.0315 -0.0158
vn -0.9998 0.0158 -0.0157
vn -0.9989 0.0393 -0.0236
vn -0.9984 0.0471 -0.0314
vn -0.9987 0.0393 -0.0315
vn 0.9998 0.0157 -0.0158
vn 0.9992 0.0315 -0.0236
vn 0.9987 0.0393 -0.0314
vn 0.9987 0.0394 -0.0313
vn -0.9998 0.0157 -0.0158
vn -0.9992 0.0315 -0.0236
vn -0.9987 0.0393 -0.0314
vn 0.9998 0.0157 -0.0157
vn 0.9992 0.0314 -0.0235
vn -0.9998 0.0158 -0.0156
vn -0.9998 0.0157 -0.0157
vn -0.9992 0.0314 -0.0235
vn 0.0863 0.6040 -0.7923
vn 0.1101 0.5976 -0.7942
vn 0.0394 0.5881 -0.8078
vn 0.1801 0.5952 -0.7831
vn 0.1492 0.3455 -0.9265
vn 0.2363 0.3308 -0.9136
vn 0.0552 0.1025 -0.9932
vn -0.0787 0.1575 -0.9844
vn -0.1021 0.2041 -0.9736
vn -0.2049 0.2522 -0.9457
vn -0.4421 0.4262 -0.7892
vn -0.3534 0.4556 -0.8170
vn -0.6777 0.3782 -0.6306
vn -0.1811 0.4803 -0.8582
vn -0.1882 0.3293 -0.9253
vn -0.1972 0.3312 -0.9227
vn -0.1810 0.1732 -0.9681
vn -0.2826 0.1806 -0.9421
vn -0.3312 0.1972 -0.9227
vn -0.4816 0.1658 -0.8605
vn 0.3849 -0.4713 0.7935
vn 0.2127 -0.4805 0.8508
vn 0.2588 -0.4784 0.8392
vn 0.1339 -0.4959 0.8580
vn 0.1336 -0.4243 0.8956
vn 0.1494 -0.4169 0.8966
vn 0.1261 -0.3466 0.9295
vn 0.1256 -0.3535 0.9269
vn 0.1344 -0.3557 0.9249
vn 0.1499 -0.3549 0.9228
vn 0.6667 -0.5648 0.4863
vn 0.6520 -0.6284 0.4242
vn 0.6725 -0.6489 0.3561
vn 0.6544 -0.4810 0.5834
vn 0.6692 -0.3228 0.6693
vn 0.6488 -0.3244 0.6883
vn 0.6545 -0.1025 0.7491
vn 0.6506 -0.1019 0.7525
vn 0.6284 0.0157 0.7777
vn 0.6453 0.0315 0.7633
vn -0.8730 0.3854 0.2989
vn -0.8176 0.4717 0.3302
vn -0.9256 0.2902 0.2431
vn -0.9937 -0.0709 0.0868
vn -0.9931 -0.0867 0.0788
vn -0.8926 -0.4424 -0.0869
vn -0.8416 -0.5191 -0.1494
vn -0.7734 -0.5998 -0.2052
vn -0.7964 -0.5598 -0.2288
vn -0.1101 0.5976 -0.7942
vn -0.0863 0.6040 -0.7923
vn -0.0393 0.5881 -0.8078
vn -0.1801 0.5952 -0.7831
vn -0.1492 0.3455 -0.9265
vn -0.2363 0.3308 -0.9136
vn -0.0552 0.1025 -0.9932
vn 0.0787 0.1575 -0.9844
vn 0.1021 0.2041 -0.9736
vn 0.2049 0.2522 -0.9457
vn 0.3534 0.4556 -0.8170
vn 0.4421 0.4262 -0.7892
vn 0.6777 0.3782 -0.6306
vn 0.1811 0.4804 -0.8582
vn 0.1882 0.3293 -0.9253
vn 0.1972 0.3312 -0.9227
vn 0.1810 0.1732 -0.9681
vn 0.2826 0.1806 -0.9421
vn 0.3312 0.1972 -0.9227
vn 0.4816 0.1658 -0.8605
vn 0.9997 0.0158 0.0159
vn 0.9998 0.0156 0.0158
vn 0.9994 0.0236 0.0236
vn 0.9999 0.0080 0.0079
vn 0.9966 0.0785 0.0235
vn 0.9982 0.0550 0.0236
vn 0.9918 0.1259 0.0236
vn 0.9862 0.1657 -0.0000
vn 0.9887 0.1491 -0.0157
vn 0.9800 0.1976 -0.0237
vn -0.6520 -0.6284 0.4242
vn -0.6667 -0.5648 0.4863
vn -0.6727 -0.6486 0.3561
vn -0.6544 -0.4810 0.5834
vn -0.6692 -0.3228 0.6693
vn -0.6488 -0.3244 0.6883
vn -0.6545 -0.1025 0.7491
vn -0.6506 -0.1019 0.7525
vn -0.6284 0.0157 0.7777
vn -0.6453 0.0315 0.7633
vn -0.0000 -0.9463 -0.3233
vn -0.0000 -0.9487 -0.3162
vn 0.0237 -0.9484 -0.3161
vn -0.0000 -0.9495 -0.3139
vn -0.0000 -0.9495 -0.3137
vn -0.0000 -0.9495 -0.3138
vn -0.0000 -0.9963 -0.0859
vn -0.0000 -0.9963 -0.0860
vn -0.0000 -0.9997 -0.0236
vn -0.0000 -0.9992 0.0392
vn -0.0000 -0.9992 0.0393
vn 0.7706 -0.4954 -0.4011
vn 0.8576 -0.4485 -0.2517
vn 0.8336 -0.4876 -0.2595
vn 0.6769 -0.4880 -0.5510
vn 0.5339 -0.4396 -0.7223
vn 0.4789 -0.4082 -0.7772
vn 0.3316 -0.3868 -0.8605
vn 0.2523 -0.3783 -0.8906
vn 0.0001 -0.3863 -0.9224
vn 0.3224 -0.3461 -0.8811
vn 0.2289 -0.3710 -0.9000
vn 0.2600 -0.3545 -0.8982
vn 0.2519 -0.3621 -0.8975
vn 0.2838 -0.3548 -0.8908
vn 0.3778 -0.3069 -0.8735
vn -0.0000 -0.8404 -0.5420
vn 0.0474 -0.8371 -0.5449
vn -0.0000 -0.8589 -0.5122
vn 0.0942 -0.8085 -0.5809
vn 0.1738 -0.7743 -0.6084
vn 0.1726 -0.7842 -0.5961
vn 0.3552 -0.7103 -0.6077
vn 0.3696 -0.6840 -0.6289
vn 0.4638 -0.6682 -0.5818
vn 0.4638 -0.6682 -0.5817
vn 0.7081 -0.6845 0.1731
vn 0.6602 -0.7309 0.1729
vn 0.6174 -0.7202 0.3165
vn 0.7647 -0.6385 0.0867
vn 0.8045 -0.5836 0.1104
vn 0.8128 -0.5760 0.0868
vn 0.8185 -0.5667 0.0944
vn -0.9957 0.0871 0.0317
vn -0.9077 0.3947 0.1421
vn -0.8171 0.5418 0.1972
vn -0.5730 0.7693 0.2826
vn -0.4191 0.8540 0.3083
vn -0.0000 0.9405 0.3399
vn 0.4191 0.8540 0.3083
vn 0.5730 0.7693 0.2826
vn 0.8171 0.5421 0.1964
vn 0.9077 0.3947 0.1421
vn 0.8647 -0.4716 -0.1729
vn 0.4978 -0.8137 -0.3001
vn -0.8647 -0.4716 -0.1729
vn -0.6436 -0.2042 0.7377
vn -0.5836 -0.5206 0.6232
vn -0.6433 -0.3140 0.6982
vn -0.5290 -0.6079 0.5922
vn -0.3710 -0.7578 0.5367
vn -0.2678 -0.8112 0.5198
vn -0.0000 -0.8678 0.4970
vn 0.2678 -0.8113 0.5197
vn 0.3710 -0.7579 0.5367
vn 0.5290 -0.6079 0.5922
vn 0.5837 -0.5206 0.6232
vn 0.6434 -0.3138 0.6983
vn 0.6389 -0.2051 0.7414
vn 0.5835 -0.0078 0.8121
vn 0.5287 0.0868 0.8443
vn 0.3703 0.2364 0.8983
vn 0.2670 0.2906 0.9189
vn -0.0000 0.3399 0.9404
vn -0.0000 0.3398 0.9405
vn -0.2670 0.2905 0.9188
vn -0.3703 0.2364 0.8983
vn -0.5287 0.0868 0.8444
vn -0.5834 -0.0079 0.8121
vn -0.6436 -0.2039 0.7377
vn -0.6434 -0.3137 0.6983
vn -0.9679 -0.0867 0.2360
vn -0.5598 -0.8280 -0.0315
vn -0.4083 -0.9107 -0.0628
vn -0.0000 -0.9955 -0.0947
vn 0.4083 -0.9107 -0.0627
vn 0.5599 -0.8280 -0.0314
vn 0.8757 -0.4734 0.0947
vn 0.9679 -0.0866 0.2361
vn 0.8757 0.2998 0.3786
vn 0.4804 0.7007 0.5275
vn -0.4804 0.7008 0.5274
vn -0.8756 0.2998 0.3786
vn -0.9679 -0.0864 0.2361
vn 0.8721 -0.3300 0.3614
vn 0.8745 -0.3309 0.3545
vn 0.8743 -0.3229 0.3623
vn 0.8690 -0.3081 0.3871
vn 0.8410 -0.3144 0.4402
vn 0.8092 -0.2907 0.5106
vn 0.6144 -0.4175 0.6695
vn 0.6436 -0.3297 0.6907
vn 0.0001 -0.5656 0.8247
vn 0.0001 -0.6789 0.7342
vn -0.0237 -0.9484 -0.3161
vn -0.0000 -0.9997 -0.0235
vn -0.8576 -0.4484 -0.2518
vn -0.7706 -0.4954 -0.4011
vn -0.8336 -0.4876 -0.2595
vn -0.6769 -0.4880 -0.5510
vn -0.5339 -0.4396 -0.7223
vn -0.4789 -0.4082 -0.7772
vn -0.3316 -0.3868 -0.8605
vn -0.2522 -0.3783 -0.8907
vn -0.0001 -0.3863 -0.9224
vn -0.2289 -0.3710 -0.9000
vn -0.3225 -0.3461 -0.8810
vn -0.2600 -0.3545 -0.8982
vn -0.2519 -0.3621 -0.8974
vn -0.2838 -0.3548 -0.8908
vn -0.3778 -0.3069 -0.8735
vn -0.0474 -0.8371 -0.5449
vn -0.0942 -0.8085 -0.5809
vn -0.1738 -0.7743 -0.6084
vn -0.1726 -0.7842 -0.5961
vn -0.3552 -0.7103 -0.6077
vn -0.3696 -0.6840 -0.6289
vn -0.4638 -0.6682 -0.5818
vn -0.7081 -0.6845 0.1731
vn -0.6173 -0.7202 0.3165
vn -0.6602 -0.7309 0.1729
vn -0.7647 -0.6385 0.0867
vn -0.8045 -0.5836 0.1104
vn -0.8128 -0.5760 0.0868
vn -0.8185 -0.5667 0.0944
vn 0.8880 0.1573 -0.4321
vn 0.8880 0.1573 -0.4322
vn 0.7262 0.6394 -0.2525
vn -0.0000 0.9920 -0.1260
vn -0.8880 0.1572 -0.4322
vn -0.8880 0.1571 -0.4322
vn -0.7256 -0.3234 -0.6073
vn -0.5121 -0.5279 -0.6775
vn -0.0000 -0.6789 -0.7343
vn 0.5121 -0.5279 -0.6776
vn 0.7256 -0.3234 -0.6074
vn 0.8880 0.1570 -0.4323
vn 0.8880 0.1570 -0.4322
vn 0.9957 0.0870 0.0317
vn 0.9957 -0.0868 -0.0316
vn 0.4978 0.8137 0.3001
vn -0.4977 0.8137 0.3001
vn -0.9957 0.0869 0.0316
vn -0.9957 -0.0869 -0.0316
vn 0.9957 -0.0870 -0.0317
vn 0.9957 0.0868 0.0316
vn 0.9957 0.0871 0.0317
vn -0.0000 0.9405 0.3398
vn -0.0000 -0.9404 -0.3399
vn 0.4978 -0.8137 -0.3002
vn 0.8647 -0.4716 -0.1728
vn 0.9957 -0.0871 -0.0317
vn 0.6434 -0.3140 0.6982
vn 0.5836 -0.5206 0.6232
vn 0.6436 -0.2042 0.7377
vn 0.3710 -0.7578 0.5367
vn 0.2678 -0.8112 0.5198
vn -0.0000 -0.8677 0.4970
vn -0.2678 -0.8113 0.5197
vn -0.5290 -0.6079 0.5921
vn -0.5837 -0.5206 0.6231
vn -0.6434 -0.3138 0.6983
vn -0.6389 -0.2051 0.7414
vn -0.5835 -0.0078 0.8121
vn -0.5287 0.0868 0.8443
vn -0.2670 0.2906 0.9189
vn 0.2670 0.2905 0.9189
vn 0.5287 0.0868 0.8444
vn 0.5834 -0.0079 0.8121
vn 0.6436 -0.2039 0.7377
vn 0.6434 -0.3137 0.6983
vn -0.8745 -0.3309 0.3546
vn -0.8721 -0.3300 0.3614
vn -0.8743 -0.3229 0.3623
vn -0.8690 -0.3081 0.3871
vn -0.8410 -0.3144 0.4402
vn -0.8092 -0.2907 0.5106
vn -0.6144 -0.4175 0.6695
vn -0.6436 -0.3297 0.6907
vn -0.0001 -0.5656 0.8247
vn -0.4262 0.6156 0.6629
vn -0.4238 0.5572 0.7141
vn -0.4634 0.5341 0.7071
vn -0.4389 0.6584 0.6114
vn -0.4324 0.6683 0.6054
vn -0.3299 0.6676 0.6675
vn -0.2751 0.7469 0.6054
vn -0.3383 0.7949 0.5037
vn -0.3845 0.7846 0.4864
vn -0.4410 0.7480 0.4960
vn -0.0000 0.7886 0.6149
vn -0.0000 0.7886 0.6150
vn 0.3845 0.7846 0.4864
vn 0.4410 0.7480 0.4960
vn 0.3383 0.7949 0.5037
vn 0.2751 0.7469 0.6054
vn 0.3298 0.6676 0.6675
vn 0.4324 0.6683 0.6054
vn 0.4390 0.6584 0.6114
vn 0.4262 0.6156 0.6629
vn 0.4238 0.5572 0.7141
vn 0.4634 0.5342 0.7071
vn -0.6394 -0.0710 0.7656
vn -0.5057 -0.1265 0.8534
vn -0.5034 -0.1574 0.8496
vn -0.7525 -0.0079 0.6585
vn -0.8360 0.0710 0.5442
vn -0.8298 0.1185 0.5453
vn -0.8058 0.1896 0.5609
vn -0.7985 0.2372 0.5533
vn -0.7778 0.1964 0.5971
vn -0.7230 0.2279 0.6522
vn -0.5433 0.2913 0.7874
vn -0.5279 0.3703 0.7643
vn -0.0000 0.3373 0.9414
vn -0.0000 0.2592 0.9658
vn 0.5433 0.2913 0.7874
vn 0.5279 0.3703 0.7643
vn 0.7230 0.2279 0.6522
vn 0.7778 0.1964 0.5971
vn 0.8058 0.1896 0.5609
vn 0.7985 0.2372 0.5533
vn 0.8298 0.1185 0.5453
vn 0.8360 0.0709 0.5442
vn 0.7525 -0.0079 0.6585
vn 0.6394 -0.0710 0.7656
vn 0.5034 -0.1574 0.8496
vn 0.5057 -0.1264 0.8534
vn -0.3457 0.8485 0.4007
vn -0.2981 0.8630 0.4080
vn -0.3155 0.8519 0.4180
vn -0.2600 0.8744 0.4096
vn -0.1967 0.9048 0.3777
vn -0.2117 0.9019 0.3764
vn -0.1262 0.9232 0.3630
vn -0.1104 0.9223 0.3704
vn -0.0787 0.9288 0.3621
vn -0.0631 0.9298 0.3627
vn -0.0394 0.9310 0.3629
vn -0.0314 0.9349 0.3535
vn -0.0000 0.9353 0.3538
vn -0.0000 0.9353 0.3539
vn 0.0314 0.9349 0.3535
vn 0.0394 0.9310 0.3628
vn 0.0631 0.9298 0.3625
vn 0.0787 0.9288 0.3621
vn 0.1262 0.9232 0.3630
vn 0.1104 0.9223 0.3704
vn 0.1967 0.9048 0.3777
vn 0.2118 0.9019 0.3765
vn 0.2600 0.8744 0.4096
vn 0.2981 0.8630 0.4080
vn 0.3155 0.8519 0.4180
vn 0.3457 0.8485 0.4008
vn -0.0394 -0.9372 -0.3465
vn -0.0393 -0.9346 -0.3535
vn -0.0315 -0.9375 -0.3466
vn -0.0316 -0.9312 -0.3630
vn -0.0079 -0.9251 -0.3795
vn 0.0158 -0.9251 -0.3795
vn 0.0316 -0.9247 -0.3793
vn 0.0316 -0.9286 -0.3698
vn 0.0158 -0.9316 -0.3631
vn 0.0078 -0.9263 -0.3768
vn -0.0079 -0.9224 -0.3862
vn -0.0157 -0.9124 -0.4090
vn -0.0000 -0.9095 -0.4156
vn -0.0000 -0.9021 -0.4314
vn 0.0157 -0.9124 -0.4090
vn 0.0079 -0.9224 -0.3862
vn -0.0078 -0.9263 -0.3768
vn -0.0158 -0.9316 -0.3632
vn -0.0315 -0.9286 -0.3698
vn -0.0316 -0.9247 -0.3793
vn -0.0158 -0.9251 -0.3795
vn 0.0079 -0.9251 -0.3795
vn 0.0316 -0.9312 -0.3630
vn 0.0393 -0.9346 -0.3535
vn 0.0394 -0.9372 -0.3465
vn 0.0315 -0.9375 -0.3466
vn -1.0000 -0.0000 -0.0000
vn -0.3606 0.6976 -0.6192
vn -0.3535 0.7069 -0.6126
vn -0.3463 0.7161 -0.6060
vn -0.3393 0.7181 -0.6076
vn -0.3310 0.7092 -0.6225
vn -0.3225 0.7001 -0.6371
vn -0.3296 0.6907 -0.6436
vn -0.3384 0.6848 -0.6454
vn -0.3627 0.6784 -0.6390
vn -0.4797 0.2202 -0.8494
vn -0.0001 0.2518 -0.9678
vn -0.0001 0.2444 -0.9697
vn -0.6616 0.2205 -0.7167
vn -0.8483 0.1885 -0.4948
vn -0.8660 0.2755 -0.4172
vn -0.8676 0.3707 -0.3313
vn -0.8419 0.4327 -0.3226
vn -0.8390 0.4391 -0.3215
vn -0.8418 0.4327 -0.3226
vn -0.8440 0.4338 -0.3155
vn -0.8511 0.4256 -0.3074
vn -0.8826 0.3862 -0.2680
vn -0.8933 0.3715 -0.2529
vn -0.9271 0.3143 -0.2042
vn -0.3936 -0.8109 0.4330
vn -0.3612 -0.8563 0.3692
vn -0.3786 -0.8757 0.2998
vn -0.3684 -0.9014 0.2273
vn -0.4409 -0.8739 0.2047
vn -0.0000 -0.3069 0.9517
vn -0.0001 -0.3069 0.9517
vn 0.0001 -0.9678 -0.2515
vn 0.0001 -0.9679 -0.2515
vn 0.0001 -0.9678 -0.2516
vn 0.0001 0.9980 0.0626
vn 0.0001 0.9980 0.0627
vn 0.0079 0.7952 -0.6063
vn 0.0157 0.7952 -0.6062
vn -0.0079 0.7885 -0.6150
vn 0.0157 -0.6831 -0.7301
vn 0.0157 -0.6830 -0.7302
vn 0.0158 -0.6831 -0.7302
vn 0.0079 -0.6750 -0.7378
vn -0.9444 -0.2440 0.2204
vn -0.9830 -0.1338 0.1258
vn -0.9830 -0.1339 0.1258
vn -0.8832 -0.3470 0.3154
vn -0.6602 -0.5504 0.5110
vn -0.4730 -0.6462 0.5989
vn 0.9984 -0.0315 0.0472
vn 0.9334 -0.2374 0.2691
vn 1.0000 -0.0000 0.0079
vn 0.9248 -0.2528 0.2845
vn 0.5977 -0.5428 0.5900
vn 0.7890 -0.4184 0.4499
vn 0.9413 -0.0157 -0.3371
vn 0.8846 -0.0237 -0.4658
vn 0.9492 0.0235 -0.3138
vn 0.5649 -0.0471 -0.8238
vn 0.4807 -0.0630 -0.8746
vn 0.0001 -0.0707 -0.9975
vn 0.0001 -0.0393 -0.9992
vn 0.5745 -0.0157 -0.8184
vn 0.0002 0.0078 -1.0000
vn 0.6784 0.0395 -0.7336
vn 0.9048 0.0865 -0.4170
vn 0.9950 0.0316 -0.0947
vn 1.0000 0.0079 -0.0000
vn 0.9999 0.0079 0.0078
vn 0.9999 0.0079 0.0079
vn 0.9998 0.0157 0.0157
vn 0.9996 0.0236 0.0157
vn 0.9995 0.0315 0.0079
vn 0.9995 0.0314 0.0078
vn 0.9744 -0.1336 0.1807
vn 0.9097 -0.2689 0.3164
vn 0.6458 -0.5198 0.5592
vn 0.6630 -0.5051 0.5525
vn -0.0000 -0.6832 0.7303
vn -0.0000 -0.6871 0.7266
vn 0.0079 -0.9947 -0.1026
vn 0.0079 -0.9939 -0.1104
vn -0.0000 -0.9947 -0.1026
vn 0.0080 -0.9947 -0.1026
vn -0.0079 -0.3068 0.9518
vn -0.0000 -0.2996 0.9541
vn -0.0079 -0.3162 0.9487
vn 0.0001 -0.2997 0.9540
vn -0.0157 -0.3303 0.9437
vn -0.0394 -0.3629 0.9310
vn 0.7862 -0.6130 0.0784
vn 0.8241 -0.5651 0.0392
vn 0.7397 -0.6610 0.1259
vn 0.9078 -0.4182 -0.0316
vn 0.9728 -0.2040 -0.1098
vn 0.9320 -0.3554 -0.0711
vn 0.9985 0.0079 -0.0550
vn 0.9719 -0.1176 -0.2038
vn 0.9909 -0.0157 -0.1337
vn 0.9857 -0.0315 -0.1656
vn -0.0079 -0.9947 -0.1026
vn -0.0079 -0.9939 -0.1104
vn -0.0080 -0.9947 -0.1026
vn 0.0079 -0.3068 0.9518
vn 0.0079 -0.3162 0.9487
vn -0.0001 -0.2997 0.9540
vn 0.0157 -0.3303 0.9437
vn 0.0394 -0.3629 0.9310
vn -0.7861 -0.6130 0.0785
vn -0.7397 -0.6610 0.1259
vn -0.8241 -0.5651 0.0392
vn -0.9078 -0.4182 -0.0316
vn -0.9728 -0.2040 -0.1098
vn -0.9320 -0.3554 -0.0711
vn -0.9985 0.0079 -0.0550
vn -0.9719 -0.1176 -0.2038
vn -0.9909 -0.0157 -0.1337
vn -0.9857 -0.0315 -0.1656
vn -0.5686 -0.7660 -0.3001
vn -0.5983 -0.7872 -0.1496
vn -0.4085 -0.8797 -0.2435
vn -0.6913 -0.7070 -0.1492
vn -0.5835 -0.8121 -0.0000
vn -0.5418 -0.8402 -0.0236
vn -0.5179 -0.8553 -0.0157
vn -0.5029 -0.8643 0.0078
vn -0.5118 -0.8582 0.0394
vn -0.5438 -0.8355 0.0788
vn -0.4717 -0.8727 0.1258
vn -0.3710 -0.9075 0.1972
vn -0.0000 -0.9715 0.2370
vn -0.0000 -0.9633 0.2684
vn 0.3710 -0.9074 0.1972
vn 0.4717 -0.8727 0.1258
vn 0.5438 -0.8355 0.0788
vn 0.5118 -0.8582 0.0394
vn 0.5029 -0.8643 0.0078
vn 0.5179 -0.8553 -0.0157
vn 0.5418 -0.8402 -0.0236
vn 0.5835 -0.8121 -0.0000
vn 0.5983 -0.7872 -0.1496
vn 0.6913 -0.7070 -0.1492
vn 0.5686 -0.7660 -0.3001
vn 0.4085 -0.8797 -0.2435
vn -0.9654 -0.2590 0.0314
vn -0.9154 -0.4025 0.0078
vn -0.9819 -0.1885 -0.0157
vn -0.9859 -0.1578 0.0552
vn -0.8990 -0.4258 0.1025
vn -0.8585 -0.5040 0.0945
vn -0.7881 -0.5990 0.1418
vn -0.7966 -0.5836 0.1577
vn -0.7934 -0.5813 0.1807
vn -0.8033 -0.5592 0.2048
vn -0.7870 -0.5666 0.2440
vn -0.7634 -0.5981 0.2440
vn -0.7262 -0.6394 0.2526
vn -0.7026 -0.6789 0.2132
vn -0.5602 -0.7890 0.2525
vn -0.4161 -0.8716 0.2592
vn -0.0000 -0.9563 0.2924
vn -0.0000 -0.9570 0.2901
vn 0.4161 -0.8716 0.2592
vn 0.5602 -0.7890 0.2525
vn 0.7026 -0.6789 0.2132
vn 0.7262 -0.6394 0.2526
vn 0.7634 -0.5981 0.2440
vn 0.7870 -0.5666 0.2440
vn 0.8033 -0.5592 0.2048
vn 0.7934 -0.5813 0.1807
vn 0.7966 -0.5836 0.1577
vn 0.7881 -0.5990 0.1419
vn 0.8585 -0.5040 0.0945
vn 0.8990 -0.4258 0.1025
vn 0.9654 -0.2590 0.0314
vn 0.9859 -0.1578 0.0552
vn 0.9819 -0.1885 -0.0157
vn 0.9154 -0.4025 0.0078
vn -0.1972 0.5601 0.8046
vn -0.0000 0.5419 0.8404
vn -0.2208 0.5283 0.8199
vn -0.0000 0.5029 0.8643
vn 0.2208 0.5283 0.8199
vn 0.1973 0.5602 0.8046
vn -0.2292 -0.9722 0.0476
vn -0.0000 -0.9989 0.0473
vn -0.2511 -0.9648 0.0786
vn -0.0000 -0.9999 0.0158
vn 0.2292 -0.9722 0.0476
vn 0.2510 -0.9648 0.0786
vn -0.9413 -0.0157 -0.3371
vn -0.8846 -0.0237 -0.4658
vn -0.9492 0.0235 -0.3138
vn -0.5649 -0.0471 -0.8238
vn -0.4807 -0.0630 -0.8746
vn -0.0001 -0.0707 -0.9975
vn -0.0001 -0.0393 -0.9992
vn -0.5744 -0.0158 -0.8184
vn -0.0002 0.0079 -1.0000
vn -0.6784 0.0395 -0.7336
vn -0.9048 0.0865 -0.4170
vn -0.9950 0.0316 -0.0947
vn -1.0000 0.0079 -0.0000
vn -0.9999 0.0079 0.0078
vn -0.9999 0.0079 0.0079
vn -0.9998 0.0157 0.0157
vn -0.9996 0.0236 0.0157
vn -0.9995 0.0315 0.0079
vn -0.9995 0.0314 0.0078
vn -0.9994 0.0236 0.0235
vn -0.9744 -0.1336 0.1807
vn -0.9097 -0.2689 0.3164
vn -0.6459 -0.5198 0.5592
vn -0.6630 -0.5051 0.5525
vn -0.0001 -0.6831 0.7303
vn 0.0001 -0.9771 -0.2128
vn 0.0002 -0.9939 -0.1104
vn 0.3311 -0.9380 -0.1025
vn 0.3858 -0.8897 -0.2441
vn 0.0001 -0.9125 -0.4091
vn 0.4003 -0.9107 -0.1020
vn 0.4405 -0.8181 -0.3697
vn 0.4580 -0.8449 -0.2764
vn 0.4817 -0.7975 -0.3632
vn -0.8791 0.4552 0.1413
vn -0.8348 0.5198 0.1811
vn -0.9140 0.3703 0.1655
vn -0.9244 0.3713 0.0869
vn -0.7777 0.6284 0.0157
vn -0.9994 -0.0158 0.0315
vn -0.8573 0.4876 -0.1652
vn -0.6697 0.7091 -0.2206
vn -0.9927 -0.0235 -0.1181
vn -0.9156 -0.3789 -0.1342
vn -0.7159 0.5822 -0.3855
vn -0.5043 0.7643 -0.4019
vn -0.9135 0.1024 -0.3938
vn -0.8669 -0.4098 -0.2837
vn -0.7805 -0.5755 -0.2444
vn -0.7487 -0.5832 -0.3152
vn -0.7608 -0.4628 -0.4549
vn -0.8222 -0.2609 -0.5059
vn -0.6801 -0.2926 -0.6722
vn -0.7106 -0.1105 -0.6948
vn -0.4655 -0.1736 -0.8679
vn -0.7306 0.2671 -0.6284
vn -0.5214 -0.0000 -0.8533
vn -0.2993 0.0473 -0.9530
vn -0.2608 -0.0474 -0.9642
vn -0.4814 0.3078 -0.8207
vn -0.4730 0.6386 -0.6070
vn -0.2835 0.7955 -0.5356
vn -0.2842 0.3710 -0.8841
vn -0.2517 0.6684 -0.6999
vn -0.0000 0.8083 -0.5887
vn -0.0000 0.0948 -0.9955
vn -0.0000 -0.0158 -0.9999
vn 0.2608 -0.0474 -0.9642
vn -0.0000 0.4345 -0.9007
vn -0.0000 0.6831 -0.7303
vn 0.2517 0.6684 -0.6999
vn 0.2835 0.7955 -0.5356
vn 0.2840 0.3709 -0.8842
vn 0.2993 0.0473 -0.9530
vn 0.4655 -0.1736 -0.8679
vn 0.4730 0.6386 -0.6070
vn 0.5043 0.7643 -0.4019
vn 0.4814 0.3078 -0.8207
vn 0.5214 -0.0000 -0.8533
vn 0.7106 -0.1106 -0.6948
vn 0.6801 -0.2926 -0.6722
vn 0.7306 0.2671 -0.6284
vn 0.8222 -0.2609 -0.5059
vn 0.7608 -0.4628 -0.4549
vn 0.7159 0.5822 -0.3855
vn 0.6697 0.7091 -0.2206
vn 0.9135 0.1024 -0.3938
vn 0.8573 0.4876 -0.1652
vn 0.7777 0.6284 0.0157
vn 0.8669 -0.4098 -0.2837
vn 0.7487 -0.5832 -0.3152
vn 0.7805 -0.5755 -0.2444
vn 0.9156 -0.3789 -0.1342
vn 0.9927 -0.0235 -0.1182
vn 0.9994 -0.0158 0.0315
vn 0.9244 0.3713 0.0869
vn 0.9140 0.3703 0.1655
vn 0.8348 0.5198 0.1811
vn 0.8791 0.4552 0.1413
vn -0.0001 -0.9771 -0.2128
vn -0.3311 -0.9380 -0.1025
vn -0.0002 -0.9939 -0.1104
vn -0.3858 -0.8897 -0.2441
vn -0.0001 -0.9125 -0.4091
vn -0.4003 -0.9107 -0.1020
vn -0.4405 -0.8181 -0.3697
vn -0.4580 -0.8449 -0.2764
vn -0.4817 -0.7975 -0.3632
vn -0.8507 -0.4962 0.1733
vn -0.9228 -0.2839 0.2603
vn -0.8434 -0.5202 0.1340
vn -0.8784 -0.4392 0.1882
vn -0.8306 -0.5458 0.1107
vn -0.8350 -0.5356 0.1260
vn -0.8182 -0.5507 0.1652
vn -0.8086 -0.5574 0.1884
vn -0.7784 -0.5818 0.2359
vn -0.7798 -0.5829 0.2284
vn -0.7812 -0.5839 0.2209
vn -0.7269 -0.6321 0.2686
vn -0.7248 -0.6380 0.2601
vn -0.7158 -0.6450 0.2674
vn -0.5277 -0.7719 0.3545
vn -0.4651 -0.8040 0.3705
vn -0.4094 -0.8267 0.3858
vn -0.0000 -0.9052 0.4251
vn -0.0000 -0.9052 0.4250
vn -0.0000 -0.9082 0.4185
vn 0.4094 -0.8267 0.3858
vn 0.4651 -0.8040 0.3705
vn 0.5277 -0.7719 0.3545
vn 0.7158 -0.6450 0.2674
vn 0.7248 -0.6380 0.2601
vn 0.7269 -0.6321 0.2686
vn 0.7812 -0.5839 0.2209
vn 0.7798 -0.5829 0.2284
vn 0.7784 -0.5818 0.2359
vn 0.8507 -0.4962 0.1733
vn 0.8086 -0.5574 0.1884
vn 0.8182 -0.5507 0.1652
vn 0.9229 -0.2840 0.2602
vn 0.8434 -0.5202 0.1340
vn 0.8350 -0.5357 0.1260
vn 0.8784 -0.4392 0.1882
vn 0.8306 -0.5458 0.1107
vn 0.0001 -0.1104 -0.9939
vn 0.2768 -0.1503 -0.9491
vn 0.0001 -0.1657 -0.9862
vn 0.0001 -0.0550 -0.9985
vn 0.2681 -0.0552 -0.9618
vn 0.3636 -0.1107 -0.9249
vn 0.5283 -0.1498 -0.8358
vn 0.4730 -0.1025 -0.8751
vn 0.5658 -0.1572 -0.8094
vn 0.8023 -0.1888 -0.5663
vn 0.6784 -0.1893 -0.7099
vn 0.8941 -0.2374 -0.3798
vn 0.9346 -0.2592 -0.2435
vn 0.7721 -0.2127 -0.5988
vn 0.8369 -0.2447 -0.4895
vn -0.2768 -0.1503 -0.9491
vn -0.0001 -0.1104 -0.9939
vn -0.0001 -0.1657 -0.9862
vn -0.2681 -0.0552 -0.9618
vn -0.0001 -0.0550 -0.9985
vn -0.3636 -0.1107 -0.9249
vn -0.5283 -0.1498 -0.8358
vn -0.4730 -0.1025 -0.8751
vn -0.5658 -0.1572 -0.8094
vn -0.8023 -0.1888 -0.5663
vn -0.6784 -0.1893 -0.7099
vn -0.9346 -0.2591 -0.2437
vn -0.8941 -0.2374 -0.3798
vn -0.7721 -0.2127 -0.5988
vn -0.8369 -0.2447 -0.4895
vn -0.7422 0.5527 0.3790
vn -0.6072 0.6072 0.5125
vn -0.7054 0.5957 0.3840
vn -0.7258 0.5207 0.4497
vn -0.7863 0.4561 0.4167
vn -0.5441 0.6387 0.5441
vn -0.4331 0.7007 0.5669
vn -0.5669 0.6693 0.4803
vn -0.7331 0.4729 0.4887
vn -0.7723 0.4413 0.4570
vn -0.6312 0.5602 0.5365
vn -0.5976 0.5976 0.5346
vn -0.6791 0.4738 0.5606
vn -0.5509 0.5194 0.6532
vn -0.5813 0.5263 0.6206
vn -0.3855 0.5822 0.7159
vn -0.4579 0.5447 0.7026
vn -0.5676 0.4178 0.7094
vn -0.2039 0.6352 0.7449
vn -0.3075 0.5441 0.7806
vn -0.3691 0.4712 0.8011
vn -0.0000 0.6455 0.7638
vn -0.0000 0.5510 0.8345
vn -0.0000 0.5214 0.8533
vn 0.3691 0.4712 0.8011
vn 0.3075 0.5441 0.7806
vn 0.2040 0.6352 0.7449
vn 0.5676 0.4178 0.7094
vn 0.4579 0.5447 0.7026
vn 0.3855 0.5822 0.7159
vn 0.6791 0.4738 0.5606
vn 0.5813 0.5263 0.6206
vn 0.5509 0.5194 0.6532
vn 0.7331 0.4729 0.4887
vn 0.7723 0.4413 0.4570
vn 0.7863 0.4561 0.4167
vn 0.6312 0.5602 0.5365
vn 0.5976 0.5976 0.5346
vn 0.5669 0.6693 0.4803
vn 0.7258 0.5207 0.4497
vn 0.7422 0.5527 0.3790
vn 0.5441 0.6387 0.5441
vn 0.4331 0.7007 0.5669
vn 0.6071 0.6072 0.5125
vn 0.7055 0.5958 0.3838
vn -0.5831 -0.2522 0.7722
vn -0.4719 -0.2360 0.8495
vn -0.5346 -0.1808 0.8255
vn -0.8588 -0.0158 0.5121
vn -0.3151 -0.0866 0.9451
vn -0.7845 0.1961 0.5883
vn -0.4339 0.0553 0.8993
vn -0.0000 0.1260 0.9920
vn -0.0000 -0.1104 0.9939
vn 0.3151 -0.0866 0.9451
vn -0.4883 0.5198 0.7009
vn -0.8621 0.4666 0.1977
vn -0.9039 0.4009 0.1493
vn -0.5496 0.7773 0.3062
vn -0.7707 0.6370 0.0157
vn -0.7319 0.6768 -0.0787
vn -0.5287 0.8444 0.0868
vn -0.4416 0.8832 -0.1577
vn -0.3786 0.8834 -0.2761
vn -0.0000 0.9962 0.0870
vn -0.0000 0.9697 -0.2444
vn -0.0000 0.9380 -0.3467
vn 0.3786 0.8834 -0.2761
vn 0.4416 0.8832 -0.1577
vn 0.7319 0.6768 -0.0787
vn 0.7707 0.6370 0.0157
vn 0.9039 0.4009 0.1493
vn 0.5287 0.8444 0.0868
vn 0.8621 0.4666 0.1977
vn 0.8588 -0.0158 0.5121
vn 0.5496 0.7773 0.3063
vn -0.0000 0.9196 0.3930
vn 0.7845 0.1961 0.5883
vn -0.0000 0.6285 0.7778
vn 0.4883 0.5198 0.7009
vn 0.4339 0.0552 0.8993
vn 0.5346 -0.1808 0.8255
vn 0.4719 -0.2361 0.8495
vn 0.5831 -0.2522 0.7722
vn -0.4576 -0.7889 -0.4102
vn -0.1887 -0.8570 -0.4796
vn -0.4722 -0.7634 -0.4407
vn -0.1659 -0.8690 -0.4661
vn -0.8078 -0.4940 -0.3215
vn -0.6224 -0.7326 -0.2757
vn -0.8658 -0.4565 -0.2047
vn -0.9915 0.0316 -0.1259
vn -0.9356 -0.3460 -0.0708
vn -0.9276 -0.3616 -0.0943
vn -0.9968 0.0157 0.0785
vn -0.9947 0.0946 0.0394
vn -0.9191 0.3928 0.0314
vn -0.9604 0.2047 0.1889
vn -0.9614 0.2522 0.1103
vn 0.4576 -0.7889 -0.4102
vn 0.1887 -0.8570 -0.4796
vn 0.1659 -0.8690 -0.4661
vn 0.4722 -0.7634 -0.4407
vn 0.6224 -0.7326 -0.2757
vn 0.8078 -0.4940 -0.3215
vn 0.8658 -0.4565 -0.2047
vn 0.9915 0.0316 -0.1259
vn 0.9356 -0.3460 -0.0708
vn 0.9276 -0.3616 -0.0943
vn 0.9968 0.0157 0.0785
vn 0.9947 0.0946 0.0394
vn 0.9191 0.3928 0.0314
vn 0.9604 0.2047 0.1889
vn 0.9613 0.2523 0.1104
vn -0.8561 0.3770 0.3534
vn -0.6453 0.5744 0.5036
vn -0.6482 0.5691 0.5059
vn -0.8442 0.3945 0.3629
vn -0.0000 0.7708 0.6371
vn -0.6161 0.5687 0.5450
vn -0.8293 0.3790 0.4107
vn -0.0000 0.7708 0.6370
vn 0.6453 0.5744 0.5036
vn 0.6482 0.5691 0.5059
vn 0.8561 0.3770 0.3534
vn 0.8442 0.3945 0.3629
vn 0.6161 0.5687 0.5450
vn 0.8292 0.3791 0.4107
vn -0.0000 0.7421 0.6703
vn -0.0000 0.6501 0.7598
vn 0.6374 0.4328 0.6374
vn 0.7784 0.2359 0.5818
vn -0.6374 0.4328 0.6374
vn -0.7784 0.2359 0.5818
vn 0.6294 0.2124 0.7475
vn 0.7502 0.0868 0.6555
vn 0.5297 0.1739 0.8302
vn -0.0000 0.3863 0.9224
vn -0.0000 0.2518 0.9678
vn -0.5297 0.1739 0.8302
vn -0.6294 0.2124 0.7475
vn -0.7502 0.0868 0.6555
vn 0.3399 0.8380 0.4269
vn 0.4492 0.7723 0.4492
vn 0.3791 0.8292 0.4107
vn 0.2833 0.8815 0.3778
vn 0.3550 0.7967 0.4891
vn 0.4570 0.7485 0.4806
vn -0.0000 0.8896 0.4568
vn -0.0000 0.9128 0.4085
vn -0.2833 0.8815 0.3778
vn 0.3160 0.7821 0.5372
vn 0.4409 0.7480 0.4961
vn 0.2282 0.8027 0.5509
vn -0.0000 0.8284 0.5601
vn -0.0000 0.8121 0.5835
vn -0.0000 0.8247 0.5656
vn -0.2282 0.8027 0.5509
vn -0.3160 0.7821 0.5372
vn -0.4409 0.7480 0.4961
vn -0.4570 0.7485 0.4806
vn -0.3550 0.7967 0.4891
vn -0.4492 0.7723 0.4492
vn -0.3399 0.8380 0.4269
vn -0.3790 0.8292 0.4107
vn -0.7393 0.4090 0.5349
vn -0.6697 0.4885 0.5594
vn -0.6373 0.4091 0.6530
vn -0.7168 0.4647 0.5199
vn -0.7233 0.3460 0.5976
vn -0.8424 0.2283 0.4881
vn -0.6530 0.3068 0.6924
vn -0.5352 0.3778 0.7556
vn -0.8035 0.1811 0.5671
vn -0.9052 -0.0080 0.4250
vn -0.9426 -0.1491 0.2986
vn -0.9143 -0.3231 0.2443
vn -0.8805 -0.0471 0.4717
vn -0.8966 -0.1259 0.4247
vn -0.7179 0.2130 0.6627
vn -0.8069 0.0791 0.5854
vn -0.8438 0.0236 0.5362
vn -0.6153 0.3077 0.7258
vn -0.6540 0.2837 0.7013
vn -0.7326 0.1891 0.6538
vn -0.7575 0.0868 0.6470
vn -0.4873 0.3458 0.8019
vn -0.0000 0.4185 0.9082
vn -0.4978 0.3397 0.7980
vn -0.5282 0.2207 0.8199
vn -0.5035 0.1573 0.8496
vn -0.0000 0.3864 0.9223
vn -0.0000 0.3700 0.9290
vn -0.0000 0.2444 0.9697
vn 0.5035 0.1573 0.8496
vn 0.5282 0.2208 0.8199
vn 0.7575 0.0868 0.6470
vn 0.4978 0.3397 0.7980
vn 0.7326 0.1891 0.6538
vn 0.8438 0.0236 0.5362
vn 0.4873 0.3458 0.8018
vn 0.5352 0.3778 0.7556
vn 0.6540 0.2837 0.7013
vn 0.8069 0.0791 0.5854
vn 0.8966 -0.1259 0.4247
vn 0.6153 0.3077 0.7258
vn 0.7179 0.2130 0.6627
vn 0.8805 -0.0471 0.4717
vn 0.9143 -0.3231 0.2443
vn 0.6530 0.3068 0.6924
vn 0.6373 0.4091 0.6530
vn 0.8035 0.1811 0.5671
vn 0.9051 -0.0079 0.4250
vn 0.9426 -0.1491 0.2986
vn 0.7235 0.3459 0.5974
vn 0.8424 0.2283 0.4881
vn 0.6697 0.4885 0.5594
vn 0.7393 0.4090 0.5349
vn 0.7168 0.4647 0.5199
vn -0.0000 -0.3399 0.9405
vn -0.0000 -0.3399 0.9404
vn -0.0000 -0.3400 0.9404
vn -0.0000 -0.3398 0.9405
vt 0.806641 0.288574
vt 0.808594 0.270508
vt 0.812988 0.274902
vt 0.800293 0.286621
vt 0.822754 0.273926
vt 0.823242 0.267090
vt 0.828613 0.287109
vt 0.828125 0.269531
vt 0.833984 0.285156
vt 0.794922 0.394531
vt 0.793945 0.358887
vt 0.801270 0.393066
vt 0.800293 0.358398
vt 0.812500 0.456543
vt 0.810059 0.441406
vt 0.819824 0.453613
vt 0.803223 0.441895
vt 0.829590 0.453613
vt 0.832031 0.460449
vt 0.816406 0.459961
vt 0.977051 0.333496
vt 0.972168 0.359375
vt 0.972168 0.333496
vt 0.981445 0.359375
vt 0.981445 0.333496
vt 0.981934 0.404785
vt 0.973145 0.404785
vt 0.800781 0.350098
vt 0.800293 0.288574
vt 0.807129 0.350098
vt 0.801758 0.404785
vt 0.808594 0.402832
vt 0.984375 0.488281
vt 0.973633 0.488281
vt 0.973633 0.478027
vt 0.984375 0.477539
vt 0.982422 0.412598
vt 0.973145 0.413086
vt 0.906250 0.588135
vt 0.898926 0.645020
vt 0.900391 0.589844
vt 0.894043 0.650146
vt 0.983398 0.534912
vt 0.973633 0.520752
vt 0.984375 0.520752
vt 0.973633 0.534912
vt 0.979492 0.713379
vt 0.973145 0.701660
vt 0.979492 0.701660
vt 0.973145 0.713379
vt 0.697754 0.177246
vt 0.717773 0.181641
vt 0.715820 0.184570
vt 0.698730 0.173828
vt 0.719238 0.183594
vt 0.718750 0.196777
vt 0.715332 0.195801
vt 0.717773 0.198730
vt 0.697754 0.201172
vt 0.698242 0.204590
vt 0.697754 0.255371
vt 0.717773 0.259766
vt 0.715820 0.262207
vt 0.698730 0.251953
vt 0.719238 0.261230
vt 0.718750 0.274902
vt 0.715332 0.273926
vt 0.698242 0.282715
vt 0.717773 0.276855
vt 0.697754 0.278809
vt 0.697754 0.328613
vt 0.717773 0.333008
vt 0.715820 0.335449
vt 0.698730 0.324707
vt 0.719238 0.334473
vt 0.718750 0.348145
vt 0.715332 0.346680
vt 0.698242 0.355469
vt 0.717773 0.349609
vt 0.697754 0.352051
vt 0.697754 0.400879
vt 0.717773 0.405273
vt 0.715820 0.408203
vt 0.698730 0.397461
vt 0.719238 0.407227
vt 0.718750 0.420410
vt 0.715332 0.419434
vt 0.698242 0.428223
vt 0.717773 0.422363
vt 0.697754 0.424316
vt 0.056854 0.165527
vt 0.072998 0.170898
vt 0.064819 0.173828
vt 0.078857 0.159180
vt 0.497559 0.145996
vt 0.543945 0.150391
vt 0.498535 0.168945
vt 0.545410 0.173340
vt 0.057434 0.307129
vt 0.058105 0.320312
vt 0.048431 0.313965
vt 0.061249 0.309082
vt 0.506348 0.347656
vt 0.454590 0.323242
vt 0.463135 0.316406
vt 0.515137 0.340332
vt 0.131470 0.155762
vt 0.087158 0.170410
vt 0.084839 0.157715
vt 0.141235 0.160156
vt 0.452637 0.174805
vt 0.439453 0.169434
vt 0.444580 0.159180
vt 0.465088 0.171875
vt 0.095581 0.306641
vt 0.159546 0.289062
vt 0.155396 0.296875
vt 0.101379 0.316406
vt 0.445068 0.309570
vt 0.434082 0.309570
vt 0.433838 0.302246
vt 0.431641 0.302734
vt 0.622070 0.609863
vt 0.628906 0.625000
vt 0.612793 0.626709
vt 0.633789 0.618408
vt 0.760254 0.088867
vt 0.788086 0.113281
vt 0.759766 0.110352
vt 0.630859 0.879700
vt 0.641602 0.915955
vt 0.614258 0.894165
vt 0.617188 0.952972
vt 0.615234 0.987350
vt 0.604980 0.991051
vt 0.636719 0.948029
vt 0.611816 0.852661
vt 0.598145 0.852173
vt 0.831055 0.074707
vt 0.793457 0.039062
vt 0.822266 0.041016
vt 0.028870 0.431152
vt 0.071594 0.375000
vt 0.049164 0.436523
vt 0.096497 0.398438
vt 0.459473 0.511475
vt 0.412842 0.494629
vt 0.425781 0.479980
vt 0.482422 0.504639
vt 0.056366 0.568115
vt 0.030426 0.593018
vt 0.046875 0.553467
vt 0.017441 0.574463
vt 0.061707 0.558105
vt 0.156372 0.339355
vt 0.113586 0.372070
vt 0.151489 0.336914
vt 0.107910 0.368652
vt 0.730469 0.512695
vt 0.767578 0.540039
vt 0.730469 0.515381
vt 0.768555 0.543457
vt 0.774414 0.536865
vt 0.771484 0.535645
vt 0.204346 0.445312
vt 0.163574 0.478027
vt 0.203613 0.441895
vt 0.163452 0.482422
vt 0.709961 0.498047
vt 0.709473 0.500488
vt 0.228271 0.425781
vt 0.227905 0.422363
vt 0.690430 0.489258
vt 0.689941 0.486816
vt 0.250977 0.411133
vt 0.250488 0.408691
vt 0.468262 0.374512
vt 0.511230 0.430176
vt 0.490967 0.436035
vt 0.443359 0.397949
vt 0.079895 0.511230
vt 0.113525 0.479980
vt 0.126587 0.494629
vt 0.056976 0.504395
vt 0.509277 0.590576
vt 0.492432 0.551270
vt 0.521973 0.571777
vt 0.483154 0.565918
vt 0.477539 0.556152
vt 0.426270 0.371582
vt 0.383301 0.338867
vt 0.388184 0.336426
vt 0.431885 0.368164
vt 0.585938 0.539551
vt 0.623047 0.512451
vt 0.623535 0.515137
vt 0.584961 0.542969
vt 0.582031 0.535156
vt 0.579102 0.536377
vt 0.374756 0.477051
vt 0.333740 0.444336
vt 0.334473 0.440918
vt 0.375000 0.480957
vt 0.644043 0.498047
vt 0.644043 0.500244
vt 0.309570 0.425293
vt 0.310059 0.422363
vt 0.663574 0.486816
vt 0.663574 0.488770
vt 0.286865 0.411133
vt 0.287109 0.408691
vt 0.093201 0.555176
vt 0.117859 0.529785
vt 0.110962 0.568848
vt 0.092468 0.562988
vt 0.089111 0.603516
vt 0.078430 0.594238
vt 0.060669 0.625732
vt 0.111816 0.606201
vt 0.132080 0.577637
vt 0.096497 0.623535
vt 0.081909 0.641113
vt 0.144043 0.608154
vt 0.155518 0.585938
vt 0.131348 0.631104
vt 0.119873 0.654053
vt 0.068909 0.676514
vt 0.180664 0.614258
vt 0.196167 0.578613
vt 0.151001 0.667236
vt 0.183960 0.643555
vt 0.092957 0.720947
vt 0.056641 0.722412
vt 0.171753 0.673096
vt 0.189331 0.672119
vt 0.151855 0.744385
vt 0.120667 0.732422
vt 0.139282 0.739258
vt 0.145142 0.791138
vt 0.103577 0.749756
vt 0.134033 0.798462
vt 0.152466 0.805664
vt 0.145020 0.812500
vt 0.115906 0.770264
vt 0.107422 0.814941
vt 0.119080 0.833374
vt 0.075012 0.833374
vt 0.087219 0.856079
vt 0.061768 0.802612
vt 0.091370 0.786255
vt 0.055298 0.770752
vt 0.087646 0.756958
vt 0.446045 0.553467
vt 0.428467 0.567139
vt 0.421143 0.528076
vt 0.446777 0.561279
vt 0.450684 0.601318
vt 0.461670 0.592285
vt 0.479492 0.623535
vt 0.427979 0.604248
vt 0.407227 0.576172
vt 0.443604 0.621582
vt 0.458252 0.639160
vt 0.395752 0.606689
vt 0.384033 0.584717
vt 0.408691 0.629395
vt 0.420410 0.652344
vt 0.471680 0.674316
vt 0.359131 0.613281
vt 0.343262 0.577881
vt 0.389404 0.665771
vt 0.356201 0.642578
vt 0.448242 0.718994
vt 0.484619 0.719971
vt 0.420654 0.730713
vt 0.368652 0.671875
vt 0.351074 0.671387
vt 0.389404 0.743164
vt 0.401855 0.737793
vt 0.396729 0.789795
vt 0.437744 0.747803
vt 0.407959 0.796875
vt 0.389404 0.804321
vt 0.396973 0.811035
vt 0.425781 0.768555
vt 0.453857 0.754883
vt 0.486328 0.768433
vt 0.450439 0.784302
vt 0.480225 0.800293
vt 0.434814 0.813110
vt 0.467285 0.831177
vt 0.423340 0.831665
vt 0.455322 0.854004
vt 0.707520 0.131836
vt 0.703613 0.116699
vt 0.710449 0.118164
vt 0.700684 0.130371
vt 0.791504 0.144043
vt 0.799316 0.147949
vt 0.791992 0.148926
vt 0.798340 0.143066
vt 0.973633 0.548584
vt 0.983398 0.548584
vt 0.667480 0.197266
vt 0.667969 0.193359
vt 0.668457 0.182129
vt 0.668457 0.178223
vt 0.664062 0.194336
vt 0.664551 0.181152
vt 0.646484 0.217773
vt 0.616211 0.234863
vt 0.616211 0.214844
vt 0.646484 0.234863
vt 0.698242 0.234863
vt 0.679199 0.219238
vt 0.698242 0.217285
vt 0.679199 0.234863
vt 0.665527 0.234863
vt 0.665527 0.219238
vt 0.728027 0.234863
vt 0.728027 0.214844
vt 0.603027 0.214844
vt 0.603027 0.234863
vt 0.667480 0.275391
vt 0.667969 0.271484
vt 0.668457 0.260254
vt 0.668457 0.256348
vt 0.664062 0.272461
vt 0.664551 0.259277
vt 0.646484 0.295410
vt 0.616211 0.312988
vt 0.616211 0.292969
vt 0.646484 0.312988
vt 0.698242 0.312988
vt 0.679199 0.297363
vt 0.698242 0.295410
vt 0.679199 0.312988
vt 0.665527 0.312988
vt 0.665527 0.297363
vt 0.728027 0.312988
vt 0.728027 0.292969
vt 0.603027 0.292969
vt 0.603027 0.312988
vt 0.667480 0.348633
vt 0.667969 0.344727
vt 0.668457 0.333496
vt 0.668457 0.329102
vt 0.664062 0.345215
vt 0.664551 0.332031
vt 0.646484 0.368652
vt 0.616211 0.386230
vt 0.616211 0.365723
vt 0.646484 0.386230
vt 0.698242 0.386230
vt 0.679199 0.370117
vt 0.698242 0.368652
vt 0.679199 0.386230
vt 0.665527 0.386230
vt 0.665527 0.370117
vt 0.728027 0.386230
vt 0.728027 0.365723
vt 0.603027 0.365723
vt 0.603027 0.386230
vt 0.667480 0.420898
vt 0.667969 0.416992
vt 0.668457 0.401855
vt 0.668457 0.405762
vt 0.664062 0.417969
vt 0.664551 0.404785
vt 0.646484 0.440918
vt 0.616211 0.458496
vt 0.616211 0.438477
vt 0.646484 0.458496
vt 0.698242 0.458496
vt 0.679199 0.442871
vt 0.698242 0.440918
vt 0.679199 0.458496
vt 0.665527 0.458496
vt 0.665527 0.442871
vt 0.728027 0.458496
vt 0.728027 0.438477
vt 0.603027 0.438477
vt 0.603027 0.458496
vt 0.740723 0.020020
vt 0.661133 0.076660
vt 0.662109 0.018555
vt 0.739258 0.104004
vt 0.788574 0.900269
vt 0.789551 0.975342
vt 0.779785 0.900452
vt 0.781738 0.981522
vt 0.811035 0.114258
vt 0.812500 0.102539
vt 0.818359 0.115234
vt 0.820801 0.102051
vt 0.825195 0.116211
vt 0.827148 0.103027
vt 0.976562 0.331055
vt 0.972168 0.331055
vt 0.973145 0.725586
vt 0.973145 0.720947
vt 0.976074 0.724121
vt 0.973145 0.719727
vt 0.979004 0.719727
vt 0.973145 0.717773
vt 0.981445 0.421387
vt 0.973633 0.419434
vt 0.978516 0.426270
vt 0.974609 0.427734
vt 0.235229 0.677490
vt 0.254883 0.673340
vt 0.252441 0.707764
vt 0.269531 0.672852
vt 0.269531 0.713623
vt 0.286621 0.708008
vt 0.284424 0.673584
vt 0.303955 0.677734
vt 0.142822 0.193848
vt 0.082458 0.202148
vt 0.144653 0.228027
vt 0.077759 0.233887
vt 0.086609 0.270508
vt 0.152100 0.258301
vt 0.496582 0.210938
vt 0.548828 0.219727
vt 0.494141 0.246094
vt 0.551758 0.256348
vt 0.535645 0.294922
vt 0.480713 0.278809
vt 0.437744 0.204102
vt 0.468506 0.210938
vt 0.438232 0.238770
vt 0.473633 0.245117
vt 0.458496 0.273438
vt 0.433594 0.270508
vt 0.431396 0.302246
vt 0.761230 0.020508
vt 0.940918 0.937195
vt 0.918945 0.937195
vt 0.918945 0.927551
vt 0.940918 0.927551
vt 0.918945 0.917908
vt 0.940918 0.917908
vt 0.940918 0.908264
vt 0.918945 0.908264
vt 0.918945 0.898621
vt 0.940918 0.898621
vt 0.940918 0.888977
vt 0.918945 0.888977
vt 0.940918 0.879333
vt 0.918945 0.879333
vt 0.940918 0.869751
vt 0.918945 0.869751
vt 0.940918 0.860107
vt 0.918945 0.860107
vt 0.918945 0.850464
vt 0.940918 0.850464
vt 0.940918 0.840820
vt 0.918945 0.840820
vt 0.918945 0.831177
vt 0.940918 0.831177
vt 0.918945 0.821533
vt 0.940918 0.821533
vt 0.913086 0.821533
vt 0.913086 0.831177
vt 0.913086 0.840820
vt 0.913086 0.850464
vt 0.913086 0.860107
vt 0.913086 0.869751
vt 0.913086 0.879333
vt 0.913086 0.888977
vt 0.913086 0.898621
vt 0.913086 0.908264
vt 0.913086 0.917908
vt 0.913086 0.927551
vt 0.913086 0.937195
vt 0.873535 0.937195
vt 0.882812 0.937195
vt 0.873535 0.927551
vt 0.882812 0.927551
vt 0.873535 0.917908
vt 0.882812 0.917908
vt 0.882812 0.908264
vt 0.873535 0.908264
vt 0.873535 0.898621
vt 0.882812 0.898621
vt 0.882812 0.888977
vt 0.873535 0.888977
vt 0.882812 0.879333
vt 0.873535 0.879333
vt 0.873535 0.869751
vt 0.882812 0.869751
vt 0.873535 0.860107
vt 0.882812 0.860107
vt 0.873535 0.850464
vt 0.882812 0.850464
vt 0.882812 0.840820
vt 0.873535 0.840820
vt 0.882812 0.831177
vt 0.873535 0.831177
vt 0.882812 0.821533
vt 0.873535 0.821533
vt 0.085815 0.517822
vt 0.082397 0.553467
vt 0.101929 0.530273
vt 0.453125 0.515869
vt 0.456787 0.551514
vt 0.437012 0.528564
vt 0.978027 0.461914
vt 0.973145 0.460449
vt 0.973145 0.470215
vt 0.981934 0.467285
vt 0.975586 0.298340
vt 0.937012 0.010254
vt 0.986328 0.007812
vt 0.989258 0.307617
vt 0.989258 0.007812
vt 0.990723 0.308594
vt 0.994141 0.309082
vt 0.993652 0.007812
vt 0.829590 0.415527
vt 0.830078 0.395508
vt 0.829590 0.346191
vt 0.836914 0.452637
vt 0.835938 0.412598
vt 0.836426 0.392578
vt 0.835938 0.344727
vt 0.834473 0.286621
vt 0.938477 0.192383
vt 0.928223 0.189941
vt 0.931641 0.183594
vt 0.933594 0.197266
vt 0.926758 0.201660
vt 0.932129 0.209473
vt 0.926758 0.216797
vt 0.933105 0.215332
vt 0.931152 0.284180
vt 0.924805 0.284668
vt 0.927246 0.358887
vt 0.921387 0.358887
vt 0.922852 0.419922
vt 0.916504 0.419922
vt 0.810547 0.203613
vt 0.810059 0.166504
vt 0.816406 0.172363
vt 0.802734 0.205078
vt 0.791016 0.254395
vt 0.784180 0.249512
vt 0.752930 0.146484
vt 0.753906 0.134277
vt 0.901855 0.647949
vt 0.905273 0.650879
vt 0.860840 0.687256
vt 0.857910 0.681396
vt 0.842285 0.695557
vt 0.839844 0.701416
vt 0.840332 0.704834
vt 0.912109 0.589111
vt 0.903809 0.646240
vt 0.932129 0.420898
vt 0.937500 0.359375
vt 0.941406 0.284668
vt 0.937012 0.214844
vt 0.943359 0.214844
vt 0.781738 0.359375
vt 0.782715 0.395020
vt 0.773926 0.359863
vt 0.774902 0.395020
vt 0.768066 0.359863
vt 0.769043 0.395508
vt 0.029907 0.270508
vt 0.019714 0.273438
vt 0.020355 0.233398
vt 0.009323 0.232422
vt 0.024307 0.198242
vt 0.033600 0.203125
vt 0.061493 0.271484
vt 0.061951 0.233887
vt 0.067261 0.202148
vt 0.482178 0.210938
vt 0.487549 0.245605
vt 0.471680 0.277344
vt 0.573242 0.016602
vt 0.638184 0.018066
vt 0.579102 0.029785
vt 0.608398 0.047363
vt 0.637207 0.064941
vt 0.753418 0.976822
vt 0.726562 0.901123
vt 0.727051 0.970154
vt 0.702148 0.958771
vt 0.701172 0.901428
vt 0.692871 0.629150
vt 0.654785 0.618652
vt 0.659668 0.613770
vt 0.694336 0.622559
vt 0.728516 0.632080
vt 0.729492 0.625488
vt 0.766602 0.632812
vt 0.766113 0.626465
vt 0.788574 0.631836
vt 0.788086 0.625244
vt 0.630371 0.704590
vt 0.611328 0.704346
vt 0.634766 0.741455
vt 0.621582 0.748535
vt 0.800781 0.776367
vt 0.763672 0.771118
vt 0.793945 0.763550
vt 0.764160 0.785400
vt 0.708008 0.771973
vt 0.707520 0.786865
vt 0.662598 0.773682
vt 0.659668 0.760742
vt 0.816895 0.026367
vt 0.782227 0.023438
vt 0.853516 0.048340
vt 0.850586 0.026855
vt 0.887695 0.041016
vt 0.886230 0.024414
vt 0.898926 0.937195
vt 0.898926 0.927551
vt 0.898926 0.917908
vt 0.898926 0.908264
vt 0.898926 0.898621
vt 0.898926 0.888977
vt 0.898926 0.879333
vt 0.898926 0.869751
vt 0.898926 0.860107
vt 0.898926 0.850464
vt 0.898926 0.840820
vt 0.898926 0.831177
vt 0.898926 0.821533
vt 0.894531 0.821533
vt 0.894531 0.831177
vt 0.894531 0.840820
vt 0.894531 0.850464
vt 0.894531 0.860107
vt 0.894531 0.869751
vt 0.894531 0.879333
vt 0.894531 0.888977
vt 0.894531 0.898621
vt 0.894531 0.908264
vt 0.894531 0.917908
vt 0.894531 0.927551
vt 0.894531 0.937195
vt 0.198608 0.828003
vt 0.152344 0.837280
vt 0.150879 0.830566
vt 0.197021 0.821045
vt 0.223877 0.822754
vt 0.222534 0.815674
vt 0.245483 0.818359
vt 0.244385 0.811035
vt 0.257324 0.808228
vt 0.257324 0.815674
vt 0.178711 0.313965
vt 0.184204 0.317383
vt 0.222046 0.289062
vt 0.224854 0.293457
vt 0.234741 0.277344
vt 0.240112 0.284180
vt 0.251709 0.274414
vt 0.252197 0.277832
vt 0.269775 0.276367
vt 0.269775 0.272949
vt 0.287598 0.274414
vt 0.287109 0.277832
vt 0.299561 0.283691
vt 0.304688 0.277344
vt 0.314697 0.293457
vt 0.317383 0.289062
vt 0.355469 0.316895
vt 0.360840 0.313477
vt 0.090332 0.345703
vt 0.139160 0.317871
vt 0.169067 0.302734
vt 0.210205 0.281250
vt 0.251953 0.257324
vt 0.269775 0.252441
vt 0.287598 0.257324
vt 0.329346 0.280762
vt 0.370605 0.302246
vt 0.400391 0.317383
vt 0.449463 0.345215
vt 0.506836 0.981522
vt 0.469727 0.980453
vt 0.508789 0.975082
vt 0.468018 0.974045
vt 0.420654 0.977966
vt 0.420654 0.970276
vt 0.371582 0.968292
vt 0.369629 0.975800
vt 0.334961 0.974487
vt 0.332031 0.965485
vt 0.298096 0.974152
vt 0.297363 0.964447
vt 0.268799 0.973129
vt 0.268799 0.963531
vt 0.240112 0.964386
vt 0.239502 0.974075
vt 0.205688 0.965332
vt 0.202637 0.974335
vt 0.165894 0.968079
vt 0.167969 0.975571
vt 0.116943 0.977631
vt 0.117004 0.969940
vt 0.069519 0.973602
vt 0.067810 0.980011
vt 0.028900 0.974548
vt 0.030411 0.981003
vt 0.524414 0.883118
vt 0.473145 0.865845
vt 0.526367 0.875183
vt 0.471924 0.872559
vt 0.423340 0.861084
vt 0.421143 0.866577
vt 0.384277 0.857544
vt 0.382568 0.863159
vt 0.345947 0.854004
vt 0.343506 0.859497
vt 0.300293 0.852417
vt 0.299316 0.857422
vt 0.268799 0.853027
vt 0.268799 0.857910
vt 0.238403 0.857300
vt 0.237427 0.852295
vt 0.194336 0.859375
vt 0.191895 0.853882
vt 0.155151 0.862915
vt 0.153564 0.857300
vt 0.116638 0.866211
vt 0.114502 0.860840
vt 0.065918 0.872070
vt 0.064758 0.865479
vt 0.013405 0.882507
vt 0.011528 0.874634
vt 0.833008 0.229004
vt 0.828613 0.247559
vt 0.829102 0.170898
vt 0.848633 0.226074
vt 0.844727 0.163086
vt 0.879395 0.166504
vt 0.857422 0.150391
vt 0.905762 0.185059
vt 0.857422 0.242676
vt 0.885254 0.157227
vt 0.861816 0.141113
vt 0.889160 0.150879
vt 0.864258 0.133789
vt 0.916016 0.169922
vt 0.912109 0.175781
vt 0.862793 0.306152
vt 0.864746 0.358398
vt 0.864258 0.380371
vt 0.864746 0.424316
vt 0.859375 0.619141
vt 0.847656 0.628662
vt 0.840820 0.632812
vt 0.834961 0.635742
vt 0.837402 0.699463
vt 0.833984 0.700684
vt 0.830566 0.636963
vt 0.818848 0.967072
vt 0.838867 0.945007
vt 0.853027 0.916870
vt 0.855957 0.898560
vt 0.667480 0.606934
vt 0.660156 0.592285
vt 0.696777 0.580078
vt 0.661133 0.580078
vt 0.668457 0.570068
vt 0.674805 0.568604
vt 0.837402 0.095703
vt 0.896973 0.096191
vt 0.837891 0.119629
vt 0.923828 0.096680
vt 0.900879 0.122559
vt 0.947754 0.127930
vt 0.412842 0.470703
vt 0.394775 0.481445
vt 0.349609 0.411621
vt 0.357422 0.404297
vt 0.331787 0.391602
vt 0.335205 0.378906
vt 0.308105 0.367676
vt 0.310059 0.354980
vt 0.284180 0.343262
vt 0.284912 0.331055
vt 0.269775 0.338379
vt 0.269775 0.325684
vt 0.254395 0.331055
vt 0.255127 0.343262
vt 0.229370 0.354980
vt 0.231445 0.367676
vt 0.204224 0.378418
vt 0.207642 0.391602
vt 0.181885 0.404297
vt 0.189697 0.411621
vt 0.126465 0.470703
vt 0.144531 0.481445
vt 0.494873 0.449219
vt 0.526855 0.475098
vt 0.501465 0.493652
vt 0.439697 0.419922
vt 0.407715 0.420898
vt 0.370117 0.387207
vt 0.348877 0.366211
vt 0.318604 0.337891
vt 0.285645 0.310059
vt 0.269775 0.305664
vt 0.253662 0.310059
vt 0.220825 0.337891
vt 0.190552 0.366211
vt 0.169312 0.387207
vt 0.131592 0.420410
vt 0.099792 0.419434
vt 0.044434 0.448730
vt 0.037994 0.493652
vt 0.012405 0.475098
vt 0.676758 0.485352
vt 0.676758 0.483887
vt 0.268799 0.404297
vt 0.268799 0.402832
vt 0.826172 0.132324
vt 0.829102 0.152344
vt 0.822266 0.151367
vt 0.818848 0.131836
vt 0.814453 0.146484
vt 0.811523 0.130371
vt 0.514648 0.947662
vt 0.468262 0.942291
vt 0.519531 0.927490
vt 0.420898 0.937653
vt 0.468994 0.921204
vt 0.522949 0.903870
vt 0.375732 0.933960
vt 0.421387 0.913391
vt 0.469482 0.897278
vt 0.421875 0.890869
vt 0.380859 0.885376
vt 0.378418 0.909424
vt 0.339600 0.882019
vt 0.300781 0.879211
vt 0.336182 0.906616
vt 0.334229 0.931519
vt 0.300049 0.904785
vt 0.298828 0.930664
vt 0.268799 0.878784
vt 0.268799 0.904114
vt 0.268799 0.929260
vt 0.238770 0.930603
vt 0.237549 0.904724
vt 0.237061 0.879150
vt 0.203491 0.931335
vt 0.201538 0.906494
vt 0.198120 0.881897
vt 0.156982 0.885132
vt 0.159180 0.909180
vt 0.115845 0.890564
vt 0.161865 0.933716
vt 0.116394 0.913086
vt 0.116760 0.937317
vt 0.068298 0.896851
vt 0.014587 0.903320
vt 0.068726 0.920776
vt 0.018234 0.926880
vt 0.069519 0.941864
vt 0.022827 0.947113
vt 0.816895 0.573242
vt 0.817383 0.587158
vt 0.760254 0.567871
vt 0.806641 0.602295
vt 0.784668 0.607666
vt 0.753418 0.587646
vt 0.730957 0.577637
vt 0.750000 0.560547
vt 0.705566 0.558350
vt 0.717773 0.536865
vt 0.693359 0.554443
vt 0.701660 0.527344
vt 0.687012 0.547363
vt 0.688965 0.518066
vt 0.676758 0.542725
vt 0.676758 0.514160
vt 0.665039 0.518066
vt 0.666504 0.547363
vt 0.651855 0.527344
vt 0.660156 0.554199
vt 0.635742 0.536621
vt 0.647949 0.558105
vt 0.603516 0.560059
vt 0.622070 0.577148
vt 0.536621 0.572510
vt 0.536133 0.586426
vt 0.593262 0.567383
vt 0.600098 0.587158
vt 0.546387 0.601562
vt 0.568359 0.606934
vt 0.793945 0.691406
vt 0.796875 0.742188
vt 0.771973 0.740723
vt 0.769531 0.692383
vt 0.728516 0.733643
vt 0.729004 0.691650
vt 0.690430 0.723145
vt 0.662109 0.681885
vt 0.690430 0.687988
vt 0.668457 0.710693
vt 0.209351 0.637451
vt 0.194702 0.620605
vt 0.210693 0.626465
vt 0.214600 0.634766
vt 0.221802 0.634521
vt 0.209595 0.583740
vt 0.224365 0.590088
vt 0.234131 0.598877
vt 0.217041 0.558594
vt 0.244019 0.575439
vt 0.231689 0.566650
vt 0.256104 0.555664
vt 0.247559 0.534668
vt 0.237061 0.520752
vt 0.264648 0.547363
vt 0.260742 0.520020
vt 0.255615 0.499512
vt 0.269531 0.543457
vt 0.269287 0.515137
vt 0.269287 0.490234
vt 0.282959 0.499023
vt 0.278076 0.519775
vt 0.274658 0.547363
vt 0.301758 0.520508
vt 0.291504 0.534424
vt 0.282959 0.555664
vt 0.322266 0.558105
vt 0.307617 0.566162
vt 0.295410 0.575195
vt 0.330078 0.583008
vt 0.315186 0.589600
vt 0.305664 0.598389
vt 0.318359 0.633789
vt 0.345215 0.619629
vt 0.329346 0.625977
vt 0.325439 0.634277
vt 0.330811 0.636719
vt 0.490234 0.631348
vt 0.496826 0.626221
vt 0.499268 0.632812
vt 0.487793 0.637451
vt 0.526367 0.625488
vt 0.497803 0.637939
vt 0.525391 0.631104
vt 0.544922 0.629639
vt 0.544922 0.624756
vt 0.563965 0.625488
vt 0.525391 0.635986
vt 0.498047 0.676025
vt 0.485596 0.680176
vt 0.525879 0.669678
vt 0.508789 0.752686
vt 0.497070 0.763672
vt 0.527344 0.741699
vt 0.532227 0.782104
vt 0.528320 0.803101
vt 0.544922 0.739014
vt 0.544922 0.784546
vt 0.544922 0.806763
vt 0.562012 0.803101
vt 0.558105 0.782104
vt 0.593262 0.763672
vt 0.581055 0.752686
vt 0.604492 0.680176
vt 0.562988 0.741699
vt 0.592285 0.676025
vt 0.602539 0.637451
vt 0.564453 0.669678
vt 0.544922 0.667236
vt 0.592285 0.637939
vt 0.544922 0.635010
vt 0.564453 0.635986
vt 0.564453 0.631104
vt 0.590820 0.632812
vt 0.593262 0.626221
vt 0.600098 0.631348
vt 0.072205 0.586670
vt 0.048523 0.615234
vt 0.040863 0.606689
vt 0.067078 0.580322
vt 0.033905 0.597900
vt 0.088989 0.559326
vt 0.061859 0.574463
vt 0.467529 0.584717
vt 0.491455 0.613037
vt 0.499023 0.604492
vt 0.472656 0.578369
vt 0.505859 0.595459
vt 0.450195 0.557617
vt 0.477783 0.572266
vt 0.274658 0.826172
vt 0.302734 0.792969
vt 0.301270 0.832031
vt 0.280762 0.789185
vt 0.320068 0.832031
vt 0.303467 0.780151
vt 0.283203 0.776489
vt 0.318848 0.793823
vt 0.335205 0.792114
vt 0.338867 0.831055
vt 0.364990 0.823486
vt 0.356934 0.786987
vt 0.333740 0.779297
vt 0.353760 0.774414
vt 0.318604 0.781372
vt 0.317871 0.754028
vt 0.330322 0.750610
vt 0.344482 0.743896
vt 0.304932 0.751343
vt 0.290771 0.745605
vt 0.325195 0.733887
vt 0.332031 0.727783
vt 0.322021 0.718262
vt 0.317383 0.737793
vt 0.316650 0.714111
vt 0.311523 0.718506
vt 0.309326 0.734375
vt 0.302246 0.728760
vt 0.262451 0.580078
vt 0.242065 0.600586
vt 0.255371 0.576172
vt 0.264160 0.565430
vt 0.257568 0.601562
vt 0.235718 0.630615
vt 0.270020 0.580322
vt 0.270020 0.560791
vt 0.275635 0.565430
vt 0.255371 0.632812
vt 0.269775 0.603760
vt 0.269775 0.633545
vt 0.284180 0.633057
vt 0.303955 0.630859
vt 0.281982 0.601562
vt 0.297852 0.600830
vt 0.277344 0.580078
vt 0.284424 0.576172
vt 0.210815 0.554688
vt 0.170410 0.562500
vt 0.193604 0.530762
vt 0.151489 0.551025
vt 0.224487 0.497070
vt 0.182251 0.513428
vt 0.134155 0.539551
vt 0.171631 0.496582
vt 0.216919 0.477051
vt 0.209351 0.458496
vt 0.247314 0.477539
vt 0.239868 0.458496
vt 0.233154 0.438477
vt 0.254150 0.472168
vt 0.252930 0.448242
vt 0.252930 0.423340
vt 0.269043 0.465332
vt 0.269043 0.441406
vt 0.268799 0.417969
vt 0.284912 0.423340
vt 0.285156 0.448242
vt 0.304932 0.437988
vt 0.284180 0.472168
vt 0.298340 0.458008
vt 0.328857 0.457520
vt 0.291016 0.477539
vt 0.321533 0.476562
vt 0.366943 0.495605
vt 0.314209 0.496582
vt 0.356445 0.512451
vt 0.404785 0.538086
vt 0.345459 0.529785
vt 0.387695 0.549805
vt 0.328369 0.553955
vt 0.368896 0.561279
vt 0.891602 0.949158
vt 0.900391 0.946869
vt 0.900391 0.963684
vt 0.885742 0.955322
vt 0.908691 0.949097
vt 0.883301 0.963745
vt 0.915039 0.955231
vt 0.885742 0.972137
vt 0.916992 0.963623
vt 0.892090 0.978256
vt 0.915039 0.972031
vt 0.900391 0.980484
vt 0.908691 0.978195
s 1
usemtl Head
f 1/1/1 2/2/1 3/3/1
f 4/2/2 5/1/2 6/4/2
f 7/3/3 8/2/4 9/5/3
f 10/2/5 11/6/6 12/5/5
f 13/7/7 14/5/7 15/8/8
f 16/8/9 17/9/10 18/7/10
f 19/10/11 20/11/11 21/12/11
f 22/13/12 23/12/13 24/11/12
f 25/14/14 26/15/14 27/16/14
f 28/15/15 29/14/15 30/17/16
f 31/18/17 32/19/18 33/16/18
f 34/19/19 35/20/20 36/16/20
f 37/21/21 38/22/21 39/23/22
f 40/24/23 41/21/23 42/25/23
f 43/21/24 44/24/24 45/22/24
f 46/26/25 47/22/26 48/24/25
f 49/22/25 50/26/25 51/27/25
f 52/28/27 53/29/27 54/30/28
f 55/30/29 56/29/29 57/1/29
f 58/31/30 59/12/31 60/32/30
f 61/12/32 62/31/32 63/10/32
f 64/33/33 65/34/33 66/35/33
f 67/33/34 68/35/34 69/36/34
f 70/17/35 71/31/36 72/15/35
f 73/32/37 74/15/38 75/31/37
f 76/11/39 77/28/39 78/13/39
f 79/30/40 80/13/41 81/28/41
f 82/37/42 83/38/42 84/27/42
f 85/37/43 86/27/44 87/26/43
f 88/39/45 89/40/45 90/41/45
f 91/42/46 92/41/46 93/40/46
f 94/43/47 95/44/47 96/45/47
f 97/44/48 98/43/48 99/46/48
f 100/47/49 101/48/49 102/49/49
f 103/48/50 104/47/50 105/50/50
f 106/51/51 107/52/51 108/53/51
f 109/52/52 110/51/53 111/54/52
f 112/55/54 113/56/54 114/57/54
f 115/55/55 116/57/56 117/53/55
f 118/58/57 119/59/57 120/57/58
f 121/59/59 122/58/59 123/60/59
f 124/51/60 125/52/60 126/54/61
f 127/52/62 128/51/62 129/53/62
f 130/57/63 131/55/63 132/53/63
f 133/56/64 134/55/64 135/57/64
f 136/60/65 137/58/66 138/59/65
f 139/59/67 140/58/68 141/57/67
f 142/61/69 143/62/70 144/63/69
f 145/62/71 146/61/71 147/64/71
f 148/65/72 149/66/72 150/67/72
f 151/65/73 152/67/73 153/63/73
f 154/68/74 155/67/75 156/69/75
f 157/67/76 158/68/76 159/70/76
f 160/61/77 161/62/77 162/64/77
f 163/62/78 164/61/79 165/63/78
f 166/67/80 167/65/80 168/63/80
f 169/66/81 170/65/81 171/67/81
f 172/68/82 173/67/82 174/70/82
f 175/67/83 176/68/84 177/69/84
f 178/71/85 179/72/85 180/73/85
f 181/72/86 182/71/87 183/74/86
f 184/75/88 185/76/89 186/77/88
f 187/75/89 188/77/90 189/73/89
f 190/78/91 191/77/91 192/79/91
f 193/77/92 194/78/92 195/80/92
f 196/71/93 197/72/93 198/74/94
f 199/72/95 200/71/96 201/73/95
f 202/77/97 203/75/98 204/73/97
f 205/76/99 206/75/99 207/77/99
f 208/78/100 209/77/100 210/80/100
f 211/77/101 212/78/102 213/79/102
f 214/81/103 215/82/103 216/83/103
f 217/82/104 218/81/104 219/84/105
f 220/85/106 221/86/106 222/87/106
f 223/85/107 224/87/107 225/83/107
f 226/88/108 227/87/108 228/89/108
f 229/87/109 230/88/110 231/90/110
f 232/81/111 233/82/112 234/84/112
f 235/82/113 236/81/113 237/83/113
f 238/87/114 239/85/115 240/83/115
f 241/86/116 242/85/116 243/87/116
f 244/88/117 245/87/117 246/90/117
f 247/87/118 248/88/118 249/89/118
f 250/91/119 251/92/120 252/93/121
f 253/92/122 254/91/123 255/94/123
f 256/95/124 257/96/124 258/97/124
f 259/97/125 260/96/125 261/98/125
f 262/99/126 263/100/126 264/101/126
f 265/100/127 266/99/127 267/102/127
f 268/103/128 269/104/128 270/105/128
f 271/105/129 272/106/129 273/103/129
f 274/107/130 275/108/130 276/109/130
f 277/110/131 278/108/131 279/107/132
f 280/111/133 281/112/133 282/113/133
f 283/113/134 284/114/134 285/111/134
f 286/115/135 287/116/135 288/117/135
f 289/115/136 290/117/136 291/118/136
f 292/119/137 293/120/137 294/121/138
f 295/121/139 296/120/139 297/122/139
f 298/91/140 299/92/140 300/94/140
f 301/92/141 302/91/141 303/93/142
f 304/97/143 305/96/143 306/95/144
f 307/96/145 308/97/145 309/98/145
f 310/99/146 311/100/146 312/102/146
f 313/100/147 314/99/147 315/101/147
f 316/104/148 317/103/148 318/105/148
f 319/106/149 320/105/149 321/103/149
f 322/107/150 323/109/150 324/108/150
f 325/108/151 326/110/152 327/107/151
f 328/111/153 329/113/153 330/112/154
f 331/113/155 332/111/155 333/114/155
f 334/116/156 335/115/156 336/117/157
f 337/117/158 338/115/158 339/118/158
f 340/119/159 341/121/159 342/120/159
f 343/120/160 344/121/160 345/122/160
f 346/123/161 347/124/161 348/125/162
f 349/124/163 350/123/163 351/126/163
f 352/127/164 353/128/164 354/129/164
f 355/130/165 356/131/165 357/132/165
f 358/133/166 359/134/166 360/135/166
f 361/134/167 362/133/167 363/136/167
f 364/133/168 365/132/168 366/131/168
f 367/133/169 368/131/170 369/136/170
f 370/137/171 371/130/172 372/132/172
f 373/137/173 374/132/174 375/138/173
f 376/139/175 377/140/175 378/141/175
f 379/123/176 380/125/176 381/124/177
f 382/123/178 383/124/178 384/126/178
f 385/127/164 386/129/164 387/128/164
f 388/130/179 389/132/179 390/131/179
f 391/134/180 392/133/180 393/135/180
f 394/133/181 395/134/181 396/136/181
f 397/133/182 398/131/182 399/132/182
f 400/131/183 401/133/183 402/136/183
f 403/138/184 404/132/185 405/137/184
f 406/137/186 407/132/186 408/130/186
f 409/139/187 410/141/187 411/140/187
f 412/142/188 413/143/188 414/144/188
f 415/144/189 416/143/189 417/145/189
f 418/146/190 419/147/190 420/148/190
f 421/148/191 422/149/191 423/146/191
f 424/150/192 425/151/192 426/152/192
f 427/151/193 428/153/193 429/152/193
f 430/150/194 431/152/195 432/154/195
f 433/155/196 434/156/196 435/157/196
f 436/157/197 437/156/197 438/158/197
f 439/158/198 440/156/198 441/145/198
f 442/159/199 443/160/199 444/161/199
f 445/162/200 446/161/200 447/160/200
f 448/163/201 449/162/201 450/164/201
f 451/162/202 452/160/201 453/164/203
f 454/165/204 455/166/204 456/167/204
f 457/166/205 458/165/205 459/168/205
f 460/169/206 461/159/207 462/170/207
f 463/170/208 464/159/208 465/161/208
f 466/171/209 467/167/209 468/172/209
f 469/167/210 470/171/211 471/165/210
f 472/169/212 473/173/212 474/174/212
f 475/170/213 476/173/213 477/169/213
f 478/175/214 479/172/214 480/176/214
f 481/172/215 482/175/215 483/171/215
f 484/177/216 485/178/217 486/179/216
f 487/177/218 488/179/219 489/180/218
f 490/181/220 491/182/220 492/183/221
f 493/182/222 494/181/223 495/184/222
f 496/185/224 497/186/224 498/187/224
f 499/186/225 500/185/225 501/188/225
f 502/188/226 503/189/226 504/186/226
f 505/190/227 506/191/227 507/192/227
f 508/192/228 509/193/228 510/190/228
f 511/193/229 512/180/229 513/190/229
f 514/194/230 515/195/230 516/196/230
f 517/196/231 518/197/231 519/194/231
f 520/198/232 521/197/232 522/199/232
f 523/197/233 524/198/232 525/194/233
f 526/200/234 527/201/234 528/202/234
f 529/201/235 530/200/236 531/203/235
f 532/195/237 533/204/237 534/205/237
f 535/205/238 536/196/238 537/195/238
f 538/202/239 539/206/240 540/207/240
f 541/206/241 542/202/242 543/201/242
f 544/204/243 545/208/243 546/209/243
f 547/209/244 548/205/245 549/204/246
f 550/207/247 551/210/248 552/211/248
f 553/210/249 554/207/249 555/206/249
f 556/1/250 557/2/250 558/4/250
f 559/2/251 560/1/251 561/3/251
f 562/5/252 563/2/252 564/3/252
f 565/6/253 566/2/253 567/5/253
f 568/7/254 569/8/254 570/5/254
f 571/8/255 572/7/256 573/9/255
f 574/11/257 575/10/257 576/12/257
f 577/12/258 578/13/259 579/11/258
f 580/14/260 581/15/260 582/17/260
f 583/15/261 584/14/261 585/16/261
f 586/16/262 587/19/263 588/18/262
f 589/19/19 590/16/19 591/20/19
f 592/21/264 593/24/264 594/25/264
f 595/24/24 596/21/24 597/22/24
f 598/23/22 599/22/22 600/21/22
f 601/26/26 602/22/25 603/27/25
f 604/22/25 605/26/25 606/24/25
f 607/30/265 608/29/265 609/28/265
f 610/30/266 611/1/266 612/29/266
f 613/31/267 614/12/268 615/10/268
f 616/12/269 617/31/269 618/32/269
f 619/33/270 620/35/270 621/34/270
f 622/35/271 623/33/271 624/36/271
f 625/31/272 626/17/272 627/15/272
f 628/15/273 629/32/274 630/31/275
f 631/11/276 632/13/276 633/28/276
f 634/13/277 635/30/278 636/28/277
f 637/37/279 638/27/279 639/38/279
f 640/27/280 641/37/281 642/26/281
f 643/40/282 644/39/283 645/41/282
f 646/41/284 647/42/284 648/40/285
f 649/43/48 650/44/48 651/46/48
f 652/44/286 653/43/287 654/45/287
f 655/47/50 656/48/50 657/50/50
f 658/48/288 659/47/288 660/49/288
f 661/212/289 662/213/290 663/214/291
f 664/212/292 663/214/293 665/215/294
f 663/214/293 666/216/295 665/215/294
f 665/215/294 666/216/295 667/217/296
f 668/218/297 667/217/296 666/216/295
f 666/216/295 663/214/293 669/219/298
f 670/220/299 669/219/298 663/214/293
f 666/216/295 669/219/298 671/221/300
f 671/221/300 668/218/297 666/216/295
f 668/218/297 671/221/300 672/222/301
f 669/219/298 670/220/299 673/223/302
f 670/220/299 674/224/303 673/223/302
f 671/221/300 669/219/298 675/225/304
f 669/219/298 673/223/302 675/225/304
f 676/226/305 671/221/300 675/225/304
f 671/221/300 676/226/305 672/222/301
f 677/227/306 672/222/301 676/226/305
f 673/223/302 678/228/307 675/225/304
f 674/224/303 678/228/307 673/223/302
f 678/228/307 674/224/303 679/229/308
f 675/225/304 680/230/309 676/226/305
f 680/230/309 675/225/304 678/228/307
f 681/231/310 680/230/309 678/228/307
f 677/227/306 676/226/305 682/232/311
f 683/233/312 677/227/306 682/232/311
f 680/230/309 681/231/310 684/234/313
f 685/235/314 684/234/313 681/231/310
f 685/235/314 686/236/315 684/234/313
f 676/226/305 687/237/316 682/232/311
f 687/237/316 676/226/305 680/230/309
f 684/234/313 688/238/317 680/230/309
f 688/238/317 684/234/313 686/236/315
f 687/237/316 680/230/309 688/238/317
f 686/236/315 689/239/318 688/238/317
f 690/240/319 682/232/311 687/237/316
f 691/241/320 688/238/317 689/239/318
f 692/242/321 691/241/320 689/239/318
f 691/241/320 692/242/321 693/243/322
f 688/238/317 691/241/320 694/244/323
f 687/237/316 694/244/323 690/240/319
f 688/238/317 694/244/323 687/237/316
f 693/243/322 695/245/324 691/241/320
f 695/245/324 693/243/322 696/246/325
f 696/246/325 697/247/326 695/245/324
f 697/247/326 696/246/325 698/248/327
f 699/249/328 695/245/324 697/247/326
f 695/245/324 699/249/328 700/250/329
f 691/241/320 700/250/329 694/244/323
f 700/250/329 691/241/320 695/245/324
f 700/250/329 699/249/328 701/251/330
f 702/252/331 694/244/323 700/250/329
f 701/251/330 702/252/331 700/250/329
f 694/244/323 702/252/331 690/240/319
f 701/251/330 683/233/312 702/252/331
f 682/232/311 690/240/319 702/252/331
f 683/233/312 682/232/311 702/252/331
f 703/253/332 704/254/333 705/255/334
f 704/254/335 706/253/336 707/256/337
f 707/256/337 708/257/338 704/254/335
f 707/256/337 709/258/339 708/257/338
f 710/259/340 708/257/338 709/258/339
f 704/254/335 708/257/338 711/260/341
f 704/254/335 711/260/341 712/261/342
f 708/257/338 713/262/343 711/260/341
f 710/259/340 713/262/343 708/257/338
f 713/262/343 710/259/340 714/263/344
f 711/260/341 715/264/345 712/261/342
f 712/261/342 715/264/345 716/265/346
f 713/262/343 717/266/347 711/260/341
f 711/260/341 717/266/347 715/264/345
f 713/262/343 718/267/348 717/266/347
f 718/267/348 713/262/343 714/263/344
f 719/268/349 718/267/348 714/263/344
f 715/264/345 717/266/347 720/269/350
f 720/269/350 716/265/346 715/264/345
f 716/265/346 720/269/350 721/270/351
f 722/271/352 717/266/347 718/267/348
f 717/266/347 722/271/352 720/269/350
f 722/271/352 723/272/353 720/269/350
f 719/268/349 724/273/354 718/267/348
f 725/274/355 724/273/354 719/268/349
f 726/275/356 718/267/348 724/273/354
f 718/267/348 726/275/356 722/271/352
f 723/272/353 722/271/352 727/276/357
f 728/277/358 723/272/353 727/276/357
f 729/278/359 728/277/358 727/276/357
f 730/279/360 727/276/357 722/271/352
f 727/276/357 730/279/360 729/278/359
f 722/271/352 726/275/356 730/279/360
f 730/279/360 731/280/361 729/278/359
f 732/281/362 726/275/356 724/273/354
f 731/280/361 730/279/360 733/282/363
f 733/282/363 734/283/364 731/280/361
f 734/283/364 733/282/363 735/284/365
f 736/285/366 726/275/356 732/281/362
f 730/279/360 736/285/366 733/282/363
f 726/275/356 736/285/366 730/279/360
f 724/273/354 737/286/367 732/281/362
f 737/286/367 736/285/366 732/281/362
f 725/274/355 737/286/367 724/273/354
f 738/287/368 737/286/367 725/274/355
f 738/287/368 739/288/369 737/286/367
f 739/288/369 733/282/363 736/285/366
f 736/285/366 737/286/367 739/288/369
f 739/288/369 738/287/368 740/289/370
f 733/282/363 739/288/369 741/290/371
f 741/290/371 739/288/369 740/289/370
f 741/290/371 735/284/365 733/282/363
f 741/290/371 740/289/370 742/291/372
f 742/291/372 743/292/373 741/290/371
f 735/284/365 741/290/371 743/292/373
f 743/292/373 742/291/372 744/293/374
f 745/294/375 746/295/375 747/296/375
f 746/295/375 745/294/375 748/297/376
f 749/298/377 750/299/378 751/300/379
f 750/299/378 749/298/377 752/301/380
f 753/44/381 754/34/382 755/45/381
f 755/45/381 754/34/382 756/33/383
f 757/46/384 758/43/385 759/302/384
f 758/43/385 760/303/386 759/302/384
f 761/302/387 762/49/387 763/48/387
f 762/49/387 761/302/387 764/303/387
f 765/59/388 766/304/389 767/305/390
f 766/304/389 765/59/388 768/60/391
f 769/51/392 770/306/393 771/307/394
f 771/307/394 772/54/395 769/51/392
f 773/306/396 774/305/397 775/308/398
f 775/308/398 776/309/399 773/306/396
f 777/310/400 778/311/401 779/312/402
f 778/311/401 777/310/400 780/313/400
f 781/314/403 782/315/404 783/316/403
f 782/315/404 781/314/403 784/317/404
f 785/318/405 786/319/406 787/317/405
f 786/319/406 788/315/406 787/317/405
f 789/313/407 790/319/407 791/318/408
f 790/319/407 789/313/407 792/310/407
f 793/320/409 794/316/409 795/321/410
f 794/316/409 793/320/409 796/314/409
f 797/311/411 798/322/411 799/312/412
f 798/322/411 797/311/411 800/323/412
f 801/59/413 802/304/414 803/60/415
f 802/304/414 801/59/413 804/305/416
f 805/306/417 806/51/418 807/307/419
f 808/54/420 807/307/419 806/51/418
f 809/306/417 810/308/421 811/305/422
f 812/309/419 810/308/421 809/306/417
f 813/310/400 814/311/401 815/313/400
f 814/311/401 813/310/400 816/312/400
f 817/316/423 818/315/403 819/314/404
f 819/314/404 818/315/403 820/317/404
f 821/318/405 822/317/405 823/319/406
f 823/319/406 822/317/405 824/315/406
f 825/313/407 826/319/407 827/310/407
f 826/319/407 825/313/407 828/318/408
f 829/321/424 830/316/410 831/320/409
f 831/320/409 830/316/410 832/314/409
f 833/311/411 834/312/412 835/322/411
f 833/311/411 835/322/411 836/323/412
f 837/70/425 838/324/426 839/325/427
f 838/324/426 837/70/425 840/68/428
f 841/61/429 842/326/430 843/327/431
f 843/327/431 844/64/432 841/61/429
f 845/326/433 846/325/434 847/328/435
f 847/328/435 848/329/436 845/326/433
f 849/330/400 850/331/402 851/332/437
f 850/331/402 849/330/400 852/333/437
f 853/334/423 854/335/423 855/336/404
f 854/335/423 853/334/423 856/337/438
f 857/338/406 858/339/406 859/337/406
f 858/339/406 860/335/405 859/337/406
f 861/333/407 862/339/407 863/338/407
f 862/339/407 861/333/407 864/330/407
f 865/340/410 866/336/424 867/341/424
f 866/336/424 865/340/410 868/334/410
f 869/331/439 870/342/439 871/332/411
f 870/342/439 869/331/439 872/343/411
f 873/70/440 874/324/441 875/68/442
f 874/324/441 873/70/440 876/325/443
f 877/326/444 878/61/445 879/327/446
f 880/64/447 879/327/446 878/61/445
f 881/326/448 882/328/449 883/325/450
f 884/329/451 882/328/449 881/326/448
f 885/330/401 886/331/437 887/333/437
f 886/331/437 885/330/401 888/332/437
f 889/336/423 890/335/403 891/334/423
f 891/334/423 890/335/403 892/337/438
f 893/338/406 894/337/406 895/339/406
f 895/339/406 894/337/406 896/335/405
f 897/333/407 898/339/407 899/330/407
f 898/339/407 897/333/407 900/338/407
f 901/341/409 902/336/424 903/340/410
f 903/340/410 902/336/424 904/334/410
f 905/331/439 906/332/411 907/342/439
f 905/331/439 907/342/439 908/343/411
f 909/80/452 910/344/453 911/345/454
f 910/344/453 909/80/452 912/78/455
f 913/71/456 914/346/457 915/347/458
f 915/347/458 916/74/459 913/71/456
f 917/346/460 918/345/461 919/348/462
f 919/348/462 920/349/463 917/346/460
f 921/350/400 922/351/400 923/352/400
f 922/351/400 921/350/400 924/353/400
f 925/354/423 926/355/423 927/356/438
f 926/355/423 925/354/423 928/357/438
f 929/358/405 930/359/405 931/357/405
f 930/359/405 932/355/405 931/357/405
f 933/353/407 934/359/407 935/358/407
f 934/359/407 933/353/407 936/350/407
f 937/360/410 938/356/409 939/361/464
f 938/356/409 937/360/410 940/354/464
f 941/351/411 942/362/411 943/352/439
f 942/362/411 941/351/411 944/363/439
f 945/80/465 946/344/466 947/78/467
f 946/344/466 945/80/465 948/345/468
f 949/346/469 950/71/470 951/347/471
f 952/74/472 951/347/471 950/71/470
f 953/346/473 954/348/474 955/345/475
f 956/349/476 954/348/474 953/346/473
f 957/350/400 958/351/400 959/353/400
f 958/351/400 957/350/400 960/352/400
f 961/356/423 962/355/477 963/354/423
f 963/354/423 962/355/477 964/357/438
f 965/358/405 966/357/405 967/359/405
f 967/359/405 966/357/405 968/355/405
f 969/353/407 970/359/407 971/350/407
f 970/359/407 969/353/407 972/358/407
f 973/361/464 974/356/478 975/360/424
f 975/360/424 974/356/478 976/354/464
f 977/351/411 978/352/439 979/362/411
f 977/351/411 979/362/411 980/363/439
f 981/90/479 982/364/480 983/365/481
f 982/364/480 981/90/479 984/88/482
f 985/81/483 986/366/484 987/84/485
f 986/366/484 985/81/483 988/367/486
f 989/367/487 990/365/488 991/368/489
f 991/368/489 992/369/484 989/367/487
f 993/370/402 994/371/400 995/372/437
f 994/371/400 993/370/402 996/373/400
f 997/374/404 998/375/423 999/376/438
f 998/375/423 997/374/404 1000/377/438
f 1001/378/405 1002/379/405 1003/377/405
f 1002/379/405 1004/375/405 1003/377/405
f 1005/373/407 1006/379/407 1007/378/490
f 1006/379/407 1005/373/407 1008/370/408
f 1009/380/410 1010/376/478 1011/381/410
f 1010/376/478 1009/380/410 1012/374/410
f 1013/371/411 1014/382/439 1015/372/439
f 1014/382/439 1013/371/411 1016/383/439
f 1017/90/491 1018/364/492 1019/88/493
f 1018/364/492 1017/90/491 1020/365/494
f 1021/367/495 1022/81/496 1023/366/497
f 1024/84/498 1023/366/497 1022/81/496
f 1025/367/499 1026/368/500 1027/365/501
f 1028/369/502 1026/368/500 1025/367/499
f 1029/370/437 1030/371/402 1031/373/400
f 1030/371/402 1029/370/437 1032/372/401
f 1033/376/438 1034/375/438 1035/374/438
f 1035/374/438 1034/375/438 1036/377/438
f 1037/378/405 1038/377/405 1039/379/405
f 1039/379/405 1038/377/405 1040/375/405
f 1041/373/490 1042/379/407 1043/370/407
f 1042/379/407 1041/373/490 1044/378/490
f 1045/381/410 1046/376/409 1047/380/478
f 1047/380/478 1046/376/409 1048/374/410
f 1049/371/411 1050/372/439 1051/382/439
f 1049/371/411 1051/382/439 1052/383/439
f 1053/384/503 1054/385/504 1055/386/505
f 1054/385/504 1053/384/503 1056/387/504
f 1057/388/506 1058/389/507 1059/390/508
f 1060/391/509 1059/390/508 1058/389/507
f 1061/385/504 1062/384/503 1063/386/505
f 1062/384/503 1061/385/504 1064/387/504
f 1065/389/510 1066/390/508 1067/391/511
f 1066/390/508 1065/389/510 1068/388/506
f 1069/294/375 1070/295/375 1071/297/376
f 1070/295/375 1069/294/375 1072/296/376
f 1073/298/512 1074/299/513 1075/301/514
f 1074/299/513 1073/298/512 1076/300/515
f 1077/45/516 1078/34/517 1079/44/518
f 1078/34/517 1077/45/516 1080/33/517
f 1081/46/384 1082/302/384 1083/43/385
f 1083/43/385 1082/302/384 1084/303/386
f 1085/49/387 1086/302/387 1087/48/387
f 1086/302/387 1085/49/387 1088/303/387
f 1089/392/519 1090/393/520 1091/394/521
f 1092/395/522 1091/394/521 1090/393/520
f 1092/395/522 1093/396/523 1091/394/521
f 1093/396/523 1092/395/522 1094/397/378
f 1095/25/524 1096/21/525 1097/398/526
f 1098/23/524 1097/398/526 1096/21/525
f 1097/398/526 1098/23/524 1099/399/524
f 1100/400/527 1101/401/528 1102/402/529
f 1103/403/529 1102/402/529 1101/401/528
f 1104/404/530 1102/402/529 1103/403/529
f 1105/405/531 1104/404/530 1103/403/529
f 1105/405/531 1106/47/531 1104/404/530
f 1106/47/531 1105/405/531 1107/50/531
f 1108/38/532 1109/37/533 1110/406/534
f 1110/406/534 1111/407/535 1108/38/532
f 1111/407/535 1110/406/534 1112/408/536
f 1111/407/535 1112/408/536 1113/409/537
f 1114/410/538 1115/411/538 1116/412/539
f 1117/413/540 1116/412/539 1115/411/538
f 1116/412/539 1117/413/540 1118/414/541
f 1118/414/541 1117/413/540 1119/415/542
f 1119/415/542 1117/413/540 1120/416/543
f 1121/417/538 1119/415/542 1120/416/543
f 1122/108/544 1123/110/545 1124/418/546
f 1124/418/546 1125/419/547 1122/108/544
f 1125/419/547 1124/418/546 1126/420/548
f 1126/420/548 1127/421/549 1125/419/547
f 1126/420/548 1128/422/550 1127/421/549
f 1128/422/550 1126/420/548 1129/423/551
f 1129/423/551 1130/115/552 1128/422/550
f 1130/115/552 1129/423/551 1131/116/553
f 1132/97/554 1133/98/555 1134/424/556
f 1133/98/555 1135/425/557 1134/424/556
f 1135/425/557 1136/426/558 1134/424/556
f 1136/426/558 1135/425/557 1137/427/559
f 1137/427/559 1138/428/560 1136/426/558
f 1136/426/558 1138/428/560 1139/429/561
f 1138/428/560 1140/106/562 1139/429/561
f 1139/429/561 1140/106/562 1141/105/562
f 1142/111/563 1143/112/564 1144/430/565
f 1145/431/566 1142/111/563 1144/430/565
f 1146/432/567 1145/431/566 1144/430/565
f 1145/431/566 1146/432/567 1147/433/568
f 1146/432/567 1148/434/569 1147/433/568
f 1148/434/569 1146/432/567 1149/435/570
f 1149/435/570 1150/121/571 1148/434/569
f 1150/121/571 1149/435/570 1151/436/572
f 1152/129/573 1153/387/574 1154/127/573
f 1153/387/574 1155/384/575 1154/127/573
f 1154/127/573 1155/384/575 1156/437/575
f 1157/438/576 1158/439/577 1159/440/578
f 1157/438/576 1159/440/578 1160/441/579
f 1160/441/579 1159/440/578 1161/442/580
f 1160/441/579 1161/442/580 1162/443/580
f 1161/442/580 1163/444/581 1162/443/580
f 1163/444/581 1161/442/580 1164/445/582
f 1163/444/581 1164/445/582 1165/446/583
f 1165/446/583 1166/447/583 1163/444/581
f 1165/446/583 1167/448/584 1166/447/583
f 1167/448/584 1165/446/583 1168/449/585
f 1168/449/585 1169/450/586 1167/448/584
f 1169/450/586 1168/449/585 1170/451/587
f 1170/451/587 1171/452/588 1169/450/586
f 1171/452/588 1170/451/587 1172/453/589
f 1172/453/589 1173/454/590 1171/452/588
f 1173/454/590 1172/453/589 1174/455/590
f 1175/456/591 1173/454/590 1174/455/590
f 1173/454/590 1175/456/591 1176/457/592
f 1175/456/591 1177/458/593 1176/457/592
f 1177/458/593 1175/456/591 1178/459/593
f 1179/460/594 1177/458/593 1178/459/593
f 1177/458/593 1179/460/594 1180/461/595
f 1180/461/595 1179/460/594 1181/462/596
f 1180/461/595 1181/462/596 1182/463/597
f 1183/464/598 1184/462/599 1185/460/600
f 1186/465/601 1183/464/598 1185/460/600
f 1185/460/600 1187/459/602 1186/465/601
f 1187/459/602 1188/466/603 1186/465/601
f 1189/456/535 1188/466/603 1187/459/602
f 1188/466/603 1189/456/535 1190/467/535
f 1189/456/535 1191/468/604 1190/467/535
f 1191/468/604 1189/456/535 1192/455/605
f 1192/455/605 1193/469/606 1191/468/604
f 1193/469/606 1192/455/605 1194/453/607
f 1194/453/607 1195/470/608 1193/469/606
f 1195/470/608 1194/453/607 1196/451/608
f 1196/451/608 1197/449/609 1195/470/608
f 1198/471/610 1195/470/608 1197/449/609
f 1199/446/611 1198/471/610 1197/449/609
f 1198/471/610 1199/446/611 1200/472/611
f 1199/446/611 1201/473/612 1200/472/611
f 1201/473/612 1199/446/611 1202/445/613
f 1201/473/612 1202/445/613 1203/442/614
f 1204/474/615 1201/473/612 1203/442/614
f 1203/442/614 1205/475/616 1204/474/615
f 1205/475/616 1203/442/614 1206/440/617
f 1206/440/617 1207/476/618 1205/475/616
f 1207/476/618 1206/440/617 1208/439/619
f 1209/477/620 1210/478/620 1211/479/621
f 1210/478/620 1212/480/622 1211/479/621
f 1212/480/622 1213/481/623 1211/479/621
f 1213/481/623 1212/480/622 1214/482/623
f 1215/483/624 1213/481/623 1214/482/623
f 1213/481/623 1215/483/624 1216/484/624
f 1216/484/624 1215/483/624 1217/485/625
f 1217/485/625 1215/483/624 1218/486/625
f 1219/487/626 1217/485/625 1218/486/625
f 1217/485/625 1219/487/626 1220/488/627
f 1221/489/628 1220/488/627 1219/487/626
f 1220/488/627 1221/489/628 1222/490/628
f 1223/491/629 1222/490/628 1221/489/628
f 1223/491/629 1221/489/628 1224/492/630
f 1223/491/629 1224/492/630 1225/493/631
f 1225/493/631 1224/492/630 1226/494/632
f 1225/493/631 1226/494/632 1227/495/633
f 1227/495/633 1226/494/632 1228/496/633
f 1229/497/634 1227/495/633 1228/496/633
f 1227/495/633 1229/497/634 1230/498/635
f 1231/499/636 1230/498/635 1229/497/634
f 1230/498/635 1231/499/636 1232/500/637
f 1233/501/638 1232/500/637 1231/499/636
f 1232/500/637 1233/501/638 1234/502/638
f 1235/154/639 1236/503/640 1237/504/641
f 1237/504/641 1236/503/640 1238/505/642
f 1237/504/641 1238/505/642 1239/212/643
f 1240/213/644 1239/212/643 1238/505/642
f 1241/506/645 1242/189/646 1243/507/647
f 1241/506/645 1243/507/647 1244/508/648
f 1244/508/648 1243/507/647 1245/253/649
f 1244/508/648 1245/253/649 1246/255/650
f 1247/393/651 1248/392/652 1249/394/653
f 1250/395/654 1247/393/651 1249/394/653
f 1251/396/655 1250/395/654 1249/394/653
f 1250/395/654 1251/396/655 1252/397/513
f 1253/509/656 1254/510/657 1255/511/658
f 1256/512/659 1253/509/656 1255/511/658
f 1257/35/660 1256/512/659 1255/511/658
f 1256/512/659 1257/35/660 1258/36/661
f 1259/513/662 1260/514/663 1261/515/664
f 1261/515/664 1262/516/665 1259/513/662
f 1262/516/665 1261/515/664 1263/517/666
f 1263/517/666 1264/518/667 1262/516/665
f 1263/517/666 1265/519/668 1264/518/667
f 1265/519/668 1263/517/666 1266/520/669
f 1267/15/670 1268/18/670 1269/16/670
f 1270/521/670 1268/18/670 1267/15/670
f 1267/15/670 1271/32/670 1270/521/670
f 1272/522/670 1270/521/670 1271/32/670
f 1273/12/670 1272/522/670 1271/32/670
f 1274/13/670 1272/522/670 1273/12/670
f 1272/522/670 1274/13/670 1275/523/670
f 1276/30/670 1275/523/670 1274/13/670
f 1277/1/670 1275/523/670 1276/30/670
f 1275/523/670 1277/1/670 1278/7/670
f 1279/3/670 1278/7/670 1277/1/670
f 1278/7/670 1279/3/670 1280/5/670
f 1281/18/671 1282/521/672 1283/524/671
f 1283/524/671 1282/521/672 1284/525/673
f 1282/521/672 1285/522/674 1284/525/673
f 1284/525/673 1285/522/674 1286/526/675
f 1285/522/674 1287/523/676 1286/526/675
f 1286/526/675 1287/523/676 1288/527/677
f 1289/7/678 1288/527/677 1287/523/676
f 1288/527/677 1289/7/678 1290/528/679
f 1291/529/680 1292/530/681 1293/531/682
f 1292/530/681 1291/529/680 1294/532/683
f 1295/533/684 1292/530/681 1294/532/683
f 1294/532/683 1296/534/685 1295/533/684
f 1297/535/686 1295/533/684 1296/534/685
f 1297/535/686 1296/534/685 1298/536/687
f 1299/537/688 1297/535/686 1298/536/687
f 1297/535/686 1299/537/688 1300/538/689
f 1301/539/690 1300/538/689 1299/537/688
f 1300/538/689 1301/539/690 1302/540/691
f 1301/539/690 1303/541/691 1302/540/691
f 1304/542/692 1302/540/691 1303/541/691
f 1305/39/693 1304/542/692 1303/541/691
f 1304/542/692 1305/39/693 1306/41/694
f 1307/543/695 1308/544/696 1309/545/696
f 1310/546/697 1308/544/696 1307/543/695
f 1311/547/698 1310/546/697 1307/543/695
f 1310/546/697 1311/547/698 1312/548/699
f 1313/300/670 1314/549/670 1315/298/670
f 1316/550/670 1315/298/670 1314/549/670
f 1317/294/670 1316/550/670 1314/549/670
f 1316/550/670 1317/294/670 1318/296/670
f 1319/42/700 1320/551/700 1321/552/700
f 1322/553/701 1319/42/700 1321/552/700
f 1319/42/700 1322/553/701 1323/554/701
f 1322/553/701 1324/555/702 1323/554/701
f 1324/555/702 1322/553/701 1325/556/700
f 1322/553/701 1326/557/700 1325/556/700
f 1327/40/703 1328/558/704 1329/559/705
f 1328/558/704 1327/40/703 1330/39/706
f 1330/39/706 1331/560/707 1328/558/704
f 1331/560/707 1330/39/706 1332/541/708
f 1333/561/709 1331/560/710 1334/541/710
f 1334/541/710 1335/539/710 1333/561/709
f 1336/562/706 1333/561/709 1335/539/710
f 1335/539/710 1337/537/706 1336/562/706
f 1337/537/706 1338/563/711 1336/562/706
f 1338/563/711 1337/537/706 1339/536/712
f 1340/534/713 1338/563/711 1339/536/712
f 1338/563/711 1341/564/406 1336/562/706
f 1338/563/711 1342/532/714 1341/564/406
f 1338/563/711 1340/534/713 1342/532/714
f 1341/564/406 1342/532/714 1343/529/406
f 1344/10/715 1345/565/716 1346/11/717
f 1345/565/716 1344/10/715 1347/566/718
f 1347/566/718 1348/567/719 1345/565/716
f 1348/567/719 1347/566/718 1349/568/720
f 1349/568/720 1350/569/721 1348/567/719
f 1350/569/721 1349/568/720 1351/570/721
f 1352/35/722 1353/512/723 1354/36/724
f 1353/512/723 1352/35/722 1355/511/658
f 1353/512/723 1355/511/658 1356/509/725
f 1356/509/725 1355/511/658 1357/510/657
f 1358/51/726 1359/305/727 1360/306/727
f 1358/51/726 1361/59/728 1359/305/727
f 1362/53/729 1361/59/728 1358/51/726
f 1361/59/728 1362/53/729 1363/57/730
f 1364/305/731 1365/51/732 1366/306/731
f 1365/51/732 1364/305/731 1367/59/733
f 1367/59/733 1368/53/734 1365/51/732
f 1368/53/734 1367/59/733 1369/57/735
f 1370/61/736 1371/325/727 1372/326/737
f 1370/61/736 1373/70/738 1371/325/727
f 1374/63/739 1373/70/738 1370/61/736
f 1373/70/738 1374/63/739 1375/67/740
f 1376/325/731 1377/61/741 1378/326/742
f 1377/61/741 1376/325/731 1379/70/743
f 1379/70/743 1380/63/744 1377/61/741
f 1380/63/744 1379/70/743 1381/67/745
f 1382/71/727 1383/345/746 1384/346/737
f 1382/71/727 1385/80/747 1383/345/746
f 1386/73/748 1385/80/747 1382/71/727
f 1385/80/747 1386/73/748 1387/77/749
f 1388/345/750 1389/71/731 1390/346/742
f 1389/71/731 1388/345/750 1391/80/751
f 1391/80/751 1392/73/745 1389/71/731
f 1392/73/745 1391/80/751 1393/77/752
f 1394/81/727 1395/365/737 1396/367/753
f 1394/81/727 1397/90/754 1395/365/737
f 1398/83/740 1397/90/754 1394/81/727
f 1397/90/754 1398/83/740 1399/87/740
f 1400/365/755 1401/81/731 1402/367/756
f 1401/81/731 1400/365/755 1403/90/757
f 1403/90/757 1404/83/745 1401/81/731
f 1404/83/745 1403/90/757 1405/87/745
f 1406/101/758 1407/571/759 1408/99/760
f 1407/571/759 1406/101/758 1409/572/761
f 1409/572/761 1410/573/762 1407/571/759
f 1410/573/762 1409/572/761 1411/574/763
f 1412/575/764 1410/573/762 1411/574/763
f 1410/573/762 1412/575/764 1413/576/765
f 1412/575/764 1414/91/766 1413/576/765
f 1415/93/767 1413/576/765 1414/91/766
f 1416/99/768 1417/577/769 1418/102/770
f 1419/571/771 1417/577/769 1416/99/768
f 1419/571/771 1420/578/772 1417/577/769
f 1420/578/772 1419/571/771 1421/573/773
f 1420/578/772 1421/573/773 1422/576/774
f 1422/576/774 1423/579/775 1420/578/772
f 1423/579/775 1422/576/774 1424/93/776
f 1425/92/777 1423/579/775 1424/93/776
f 1426/436/778 1427/435/779 1428/121/780
f 1429/434/781 1428/121/780 1427/435/779
f 1429/434/781 1427/435/779 1430/432/782
f 1430/432/782 1431/433/783 1429/434/781
f 1430/432/782 1432/431/784 1431/433/783
f 1432/431/784 1430/432/782 1433/430/785
f 1432/431/784 1433/430/785 1434/111/786
f 1434/111/786 1433/430/785 1435/112/787
f 1436/580/788 1437/111/789 1438/114/790
f 1437/111/789 1436/580/788 1439/431/791
f 1436/580/788 1440/581/792 1439/431/791
f 1439/431/791 1440/581/792 1441/433/793
f 1440/581/792 1442/434/794 1441/433/793
f 1442/434/794 1440/581/792 1443/582/795
f 1443/582/795 1444/119/796 1442/434/794
f 1442/434/794 1444/119/796 1445/121/797
f 1446/429/798 1447/105/799 1448/106/799
f 1449/428/800 1446/429/798 1448/106/799
f 1450/426/801 1446/429/798 1449/428/800
f 1451/427/802 1450/426/801 1449/428/800
f 1452/425/803 1450/426/801 1451/427/802
f 1450/426/801 1452/425/803 1453/424/804
f 1454/98/805 1453/424/804 1452/425/803
f 1453/424/804 1454/98/805 1455/97/806
f 1456/571/807 1457/101/808 1458/99/809
f 1457/101/808 1456/571/807 1459/572/810
f 1460/573/811 1459/572/810 1456/571/807
f 1459/572/810 1460/573/811 1461/574/812
f 1460/573/811 1462/575/813 1461/574/812
f 1462/575/813 1460/573/811 1463/576/814
f 1463/576/814 1464/91/815 1462/575/813
f 1463/576/814 1465/93/816 1464/91/815
f 1466/577/817 1467/99/818 1468/102/819
f 1469/571/820 1467/99/818 1466/577/817
f 1470/578/821 1469/571/820 1466/577/817
f 1469/571/820 1470/578/821 1471/573/822
f 1470/578/821 1472/576/823 1471/573/822
f 1472/576/823 1470/578/821 1473/579/824
f 1473/579/824 1474/93/825 1472/576/823
f 1474/93/825 1473/579/824 1475/92/826
f 1476/423/827 1477/115/828 1478/116/829
f 1476/423/827 1479/422/830 1477/115/828
f 1480/420/831 1479/422/830 1476/423/827
f 1479/422/830 1480/420/831 1481/421/832
f 1480/420/831 1482/419/833 1481/421/832
f 1482/419/833 1480/420/831 1483/418/834
f 1483/418/834 1484/108/835 1482/419/833
f 1484/108/835 1483/418/834 1485/110/836
f 1486/111/837 1487/580/838 1488/114/839
f 1487/580/838 1486/111/837 1489/431/840
f 1490/581/841 1487/580/838 1489/431/840
f 1489/431/840 1491/433/842 1490/581/841
f 1492/434/843 1490/581/841 1491/433/842
f 1490/581/841 1492/434/843 1493/582/844
f 1492/434/843 1494/119/845 1493/582/844
f 1492/434/843 1495/121/846 1494/119/845
f 1496/583/847 1497/584/848 1498/585/849
f 1497/584/848 1499/586/850 1498/585/849
f 1497/584/848 1500/587/851 1499/586/850
f 1500/587/852 1501/386/852 1502/385/850
f 1501/386/852 1500/587/852 1503/584/850
f 1504/588/853 1505/390/854 1506/391/854
f 1505/390/854 1504/588/853 1507/589/855
f 1507/589/855 1504/588/853 1508/590/855
f 1509/591/856 1507/589/855 1508/590/855
f 1507/589/855 1509/591/856 1510/592/857
f 1511/593/858 1512/594/859 1513/595/860
f 1513/595/860 1514/596/861 1511/593/858
f 1514/596/861 1515/597/862 1511/593/858
f 1515/597/862 1514/596/861 1516/598/863
f 1516/598/863 1517/599/864 1515/597/862
f 1517/599/864 1516/598/863 1518/600/865
f 1518/600/865 1519/601/866 1517/599/864
f 1519/601/866 1518/600/865 1520/602/866
f 1521/124/867 1522/603/868 1523/125/869
f 1523/125/869 1522/603/868 1524/604/870
f 1525/605/871 1524/604/870 1522/603/868
f 1526/606/872 1524/604/870 1525/605/871
f 1527/607/873 1528/608/874 1529/609/875
f 1528/608/874 1527/607/873 1530/610/876
f 1530/610/876 1531/611/877 1528/608/874
f 1531/611/877 1530/610/876 1532/612/878
f 1533/613/879 1531/611/877 1532/612/878
f 1531/611/877 1533/613/879 1534/614/880
f 1533/613/879 1535/605/881 1534/614/880
f 1533/613/879 1536/606/882 1535/605/881
f 1537/615/883 1538/141/884 1539/616/885
f 1537/615/883 1540/617/886 1538/141/884
f 1540/617/886 1537/615/883 1541/618/887
f 1541/618/887 1542/619/888 1540/617/886
f 1542/619/888 1541/618/887 1543/620/889
f 1544/621/890 1545/475/891 1546/476/577
f 1545/475/891 1544/621/890 1547/622/892
f 1547/622/892 1548/474/893 1545/475/891
f 1548/474/893 1547/622/892 1549/623/894
f 1549/623/894 1550/473/895 1548/474/893
f 1550/473/895 1549/623/894 1551/624/895
f 1551/624/895 1552/625/896 1550/473/895
f 1552/625/896 1553/472/897 1550/473/895
f 1554/626/898 1553/472/897 1552/625/896
f 1553/472/897 1554/626/898 1555/471/899
f 1556/627/586 1555/471/899 1554/626/898
f 1557/470/587 1555/471/899 1556/627/586
f 1558/628/900 1557/470/587 1556/627/586
f 1559/469/900 1557/470/587 1558/628/900
f 1558/628/900 1560/468/901 1559/469/900
f 1560/468/901 1558/628/900 1561/629/590
f 1562/630/591 1560/468/901 1561/629/590
f 1560/468/901 1562/630/591 1563/467/592
f 1562/630/591 1564/466/593 1563/467/592
f 1562/630/591 1565/631/593 1564/466/593
f 1566/632/902 1564/466/593 1565/631/593
f 1564/466/593 1566/632/902 1567/465/902
f 1566/632/902 1568/464/596 1567/465/902
f 1568/464/596 1566/632/902 1569/633/597
f 1570/633/903 1571/632/904 1572/634/905
f 1571/632/904 1573/635/906 1572/634/905
f 1573/635/906 1571/632/904 1574/631/907
f 1575/636/908 1573/635/906 1574/631/907
f 1576/630/909 1575/636/908 1574/631/907
f 1575/636/908 1576/630/909 1577/637/909
f 1576/630/909 1578/638/910 1577/637/909
f 1578/638/910 1576/630/909 1579/629/911
f 1579/629/911 1580/639/912 1578/638/910
f 1580/639/912 1579/629/911 1581/628/913
f 1581/628/913 1582/640/914 1580/639/912
f 1582/640/914 1581/628/913 1583/627/915
f 1583/627/915 1584/641/916 1582/640/914
f 1584/641/916 1583/627/915 1585/626/917
f 1585/626/917 1586/642/918 1584/641/916
f 1586/642/918 1585/626/917 1587/625/919
f 1587/625/919 1588/643/920 1586/642/918
f 1588/643/920 1587/625/919 1589/624/921
f 1590/623/922 1588/643/920 1589/624/921
f 1588/643/920 1590/623/922 1591/644/923
f 1591/644/923 1590/623/922 1592/622/924
f 1593/645/925 1591/644/923 1592/622/924
f 1592/622/924 1594/621/926 1593/645/925
f 1593/645/925 1594/621/926 1595/646/927
f 1596/501/928 1597/500/629 1598/502/928
f 1597/500/629 1596/501/928 1599/499/630
f 1599/499/630 1600/498/929 1597/500/629
f 1600/498/929 1599/499/630 1601/497/930
f 1601/497/930 1602/495/931 1600/498/929
f 1602/495/931 1601/497/930 1603/496/633
f 1602/495/931 1603/496/633 1604/494/932
f 1605/493/933 1602/495/931 1604/494/932
f 1605/493/933 1604/494/932 1606/492/636
f 1605/493/933 1606/492/636 1607/491/934
f 1606/492/636 1608/489/935 1607/491/934
f 1607/491/934 1608/489/935 1609/490/935
f 1608/489/935 1610/488/936 1609/490/935
f 1610/488/936 1608/489/935 1611/487/622
f 1611/487/622 1612/485/937 1610/488/936
f 1612/485/937 1611/487/622 1613/486/937
f 1612/485/937 1613/486/937 1614/483/624
f 1615/484/624 1612/485/937 1614/483/624
f 1614/483/624 1616/481/938 1615/484/624
f 1616/481/938 1614/483/624 1617/482/625
f 1616/481/938 1617/482/625 1618/480/626
f 1618/480/626 1619/479/939 1616/481/938
f 1620/478/940 1619/479/939 1618/480/626
f 1619/479/939 1620/478/940 1621/477/940
f 1622/647/941 1623/648/942 1624/649/943
f 1622/647/941 1624/649/943 1625/650/944
f 1625/650/944 1626/651/945 1622/647/941
f 1626/651/945 1625/650/944 1627/652/946
f 1628/653/947 1626/651/945 1627/652/946
f 1628/653/947 1627/652/946 1629/654/948
f 1630/655/949 1628/653/947 1629/654/948
f 1628/653/947 1630/655/949 1631/656/950
f 1632/585/951 1633/584/848 1634/583/847
f 1633/584/848 1632/585/951 1635/586/850
f 1633/584/848 1635/586/850 1636/587/851
f 1637/386/850 1636/587/852 1638/385/851
f 1636/587/852 1637/386/850 1639/584/850
f 1640/129/573 1641/127/573 1642/387/575
f 1643/384/573 1642/387/575 1641/127/573
f 1643/384/573 1641/127/573 1644/437/575
f 1645/390/854 1646/588/853 1647/391/854
f 1646/588/853 1645/390/854 1648/589/952
f 1646/588/853 1648/589/952 1649/590/855
f 1648/589/952 1650/591/856 1649/590/855
f 1650/591/856 1648/589/952 1651/592/857
f 1652/594/953 1653/593/954 1654/595/955
f 1654/595/955 1653/593/954 1655/596/956
f 1653/593/954 1656/597/957 1655/596/956
f 1657/598/958 1655/596/956 1656/597/957
f 1658/599/959 1657/598/958 1656/597/957
f 1657/598/958 1658/599/959 1659/600/960
f 1660/601/961 1659/600/960 1658/599/959
f 1659/600/960 1660/601/961 1661/602/961
f 1662/603/962 1663/124/963 1664/125/964
f 1664/125/964 1665/604/965 1662/603/962
f 1666/605/966 1662/603/962 1665/604/965
f 1665/604/965 1667/606/967 1666/605/966
f 1668/608/968 1669/607/873 1670/609/875
f 1669/607/873 1668/608/968 1671/610/969
f 1668/608/968 1672/611/970 1671/610/969
f 1672/611/970 1673/612/971 1671/610/969
f 1672/611/970 1674/613/972 1673/612/971
f 1674/613/972 1672/611/970 1675/614/973
f 1676/605/974 1674/613/972 1675/614/973
f 1677/606/974 1674/613/972 1676/605/974
f 1678/615/975 1679/616/976 1680/141/977
f 1681/617/978 1678/615/975 1680/141/977
f 1678/615/975 1681/617/978 1682/618/979
f 1681/617/978 1683/619/980 1682/618/979
f 1682/618/979 1683/619/980 1684/620/981
f 1685/440/609 1686/476/982 1687/439/983
f 1686/476/982 1685/440/609 1688/475/984
f 1689/442/611 1688/475/984 1685/440/609
f 1688/475/984 1689/442/611 1690/474/611
f 1689/442/611 1691/473/985 1690/474/611
f 1691/473/985 1689/442/611 1692/445/985
f 1693/446/614 1691/473/985 1692/445/985
f 1691/473/985 1693/446/614 1694/472/614
f 1693/446/614 1695/471/616 1694/472/614
f 1695/471/616 1693/446/614 1696/449/617
f 1697/470/986 1695/471/616 1696/449/617
f 1697/470/986 1696/449/617 1698/451/987
f 1699/453/600 1697/470/986 1698/451/987
f 1697/470/986 1699/453/600 1700/469/988
f 1701/455/989 1700/469/988 1699/453/600
f 1700/469/988 1701/455/989 1702/468/603
f 1703/456/990 1702/468/603 1701/455/989
f 1702/468/603 1703/456/990 1704/467/535
f 1705/466/604 1704/467/535 1703/456/990
f 1705/466/604 1703/456/990 1706/459/991
f 1706/459/991 1707/465/992 1705/466/604
f 1707/465/992 1706/459/991 1708/460/607
f 1708/460/607 1709/464/993 1707/465/992
f 1709/464/993 1708/460/607 1710/462/994
f 1711/438/995 1712/440/585 1713/439/996
f 1712/440/585 1711/438/995 1714/441/584
f 1714/441/584 1715/442/583 1712/440/585
f 1715/442/583 1714/441/584 1716/443/997
f 1717/444/581 1715/442/583 1716/443/997
f 1715/442/583 1717/444/581 1718/445/581
f 1718/445/581 1717/444/581 1719/446/580
f 1719/446/580 1717/444/581 1720/447/998
f 1721/448/579 1719/446/580 1720/447/998
f 1719/446/580 1721/448/579 1722/449/578
f 1723/450/999 1722/449/578 1721/448/579
f 1722/449/578 1723/450/999 1724/451/1000
f 1725/452/595 1724/451/1000 1723/450/999
f 1724/451/1000 1725/452/595 1726/453/594
f 1727/454/593 1726/453/594 1725/452/595
f 1726/453/594 1727/454/593 1728/455/593
f 1728/455/593 1727/454/593 1729/456/591
f 1729/456/591 1727/454/593 1730/457/592
f 1731/458/590 1729/456/591 1730/457/592
f 1729/456/591 1731/458/590 1732/459/590
f 1732/459/590 1731/458/590 1733/460/589
f 1734/461/588 1733/460/589 1731/458/590
f 1734/461/588 1735/462/1001 1733/460/589
f 1735/462/1001 1734/461/588 1736/463/1002
f 1737/475/899 1738/621/1003 1739/476/996
f 1738/621/1003 1737/475/899 1740/622/898
f 1741/474/897 1740/622/898 1737/475/899
f 1740/622/898 1741/474/897 1742/623/896
f 1743/473/1004 1742/623/896 1741/474/897
f 1742/623/896 1743/473/1004 1744/624/895
f 1744/624/895 1743/473/1004 1745/625/894
f 1745/625/894 1743/473/1004 1746/472/893
f 1746/472/893 1747/626/892 1745/625/894
f 1747/626/892 1746/472/893 1748/471/891
f 1749/627/999 1747/626/892 1748/471/891
f 1749/627/999 1748/471/891 1750/470/1000
f 1751/628/902 1749/627/999 1750/470/1000
f 1751/628/902 1750/470/1000 1752/469/902
f 1753/468/593 1751/628/902 1752/469/902
f 1751/628/902 1753/468/593 1754/629/593
f 1753/468/593 1755/630/591 1754/629/593
f 1755/630/591 1753/468/593 1756/467/1005
f 1757/466/590 1755/630/591 1756/467/1005
f 1755/630/591 1757/466/590 1758/631/1006
f 1758/631/1006 1757/466/590 1759/632/900
f 1757/466/590 1760/465/1007 1759/632/900
f 1761/464/1008 1759/632/900 1760/465/1007
f 1759/632/900 1761/464/1008 1762/633/1002
f 1763/634/1009 1764/632/1010 1765/633/1011
f 1764/632/1010 1763/634/1009 1766/635/912
f 1766/635/912 1767/631/1012 1764/632/1010
f 1767/631/1012 1766/635/912 1768/636/1013
f 1769/630/1014 1767/631/1012 1768/636/1013
f 1768/636/1013 1770/637/1014 1769/630/1014
f 1771/638/1015 1769/630/1014 1770/637/1014
f 1769/630/1014 1771/638/1015 1772/629/907
f 1773/639/1016 1772/629/907 1771/638/1015
f 1772/629/907 1773/639/1016 1774/628/1017
f 1775/640/1018 1774/628/1017 1773/639/1016
f 1774/628/1017 1775/640/1018 1776/627/1019
f 1777/641/1020 1776/627/1019 1775/640/1018
f 1776/627/1019 1777/641/1020 1778/626/1021
f 1779/642/923 1778/626/1021 1777/641/1020
f 1778/626/1021 1779/642/923 1780/625/1022
f 1781/643/920 1780/625/1022 1779/642/923
f 1780/625/1022 1781/643/920 1782/624/921
f 1783/623/1023 1782/624/921 1781/643/920
f 1783/623/1023 1781/643/920 1784/644/918
f 1784/644/918 1785/622/1024 1783/623/1023
f 1785/622/1024 1784/644/918 1786/645/1025
f 1786/645/1025 1787/621/1026 1785/622/1024
f 1786/645/1025 1788/646/1027 1787/621/1026
f 1789/648/1028 1790/647/1029 1791/649/1030
f 1792/650/1031 1791/649/1030 1790/647/1029
f 1793/651/1032 1792/650/1031 1790/647/1029
f 1792/650/1031 1793/651/1032 1794/652/1033
f 1793/651/1032 1795/653/1034 1794/652/1033
f 1796/654/1035 1794/652/1033 1795/653/1034
f 1795/653/1034 1797/655/1036 1796/654/1035
f 1797/655/1036 1795/653/1034 1798/656/668
f 1799/657/1037 1800/155/1038 1801/157/1039
f 1800/155/1038 1799/657/1037 1802/658/1040
f 1803/659/1041 1802/658/1040 1799/657/1037
f 1802/658/1040 1803/659/1041 1804/660/1042
f 1805/661/1043 1804/660/1042 1803/659/1041
f 1804/660/1042 1805/661/1043 1806/662/1044
f 1807/663/1045 1806/662/1044 1805/661/1043
f 1806/662/1044 1807/663/1045 1808/664/1046
f 1807/663/1045 1809/665/1047 1808/664/1046
f 1807/663/1045 1810/666/1048 1809/665/1047
f 1811/667/1049 1809/665/1047 1810/666/1048
f 1812/668/1050 1809/665/1047 1811/667/1049
f 1811/667/1049 1813/669/1051 1812/668/1050
f 1813/669/1051 1811/667/1049 1814/670/1052
f 1814/670/1052 1815/671/1053 1813/669/1051
f 1815/671/1053 1814/670/1052 1816/672/1054
f 1816/672/1054 1817/673/1055 1815/671/1053
f 1817/673/1055 1816/672/1054 1818/674/1056
f 1818/674/1056 1819/191/1057 1817/673/1055
f 1819/191/1057 1818/674/1056 1820/192/1058
f 1821/158/1059 1822/145/1060 1823/143/1061
f 1821/158/1059 1823/143/1061 1824/675/1062
f 1824/675/1062 1825/157/1063 1821/158/1059
f 1825/157/1063 1824/675/1062 1826/676/1064
f 1826/676/1064 1827/657/1065 1825/157/1063
f 1827/657/1065 1826/676/1064 1828/677/1066
f 1829/678/1067 1827/657/1065 1828/677/1066
f 1827/657/1065 1829/678/1067 1830/659/1067
f 1831/661/1068 1830/659/1067 1829/678/1067
f 1831/661/1068 1829/678/1067 1832/679/1069
f 1833/663/1070 1831/661/1068 1832/679/1069
f 1832/679/1069 1834/666/1071 1833/663/1070
f 1834/666/1071 1832/679/1069 1835/680/1072
f 1834/666/1071 1835/680/1072 1836/681/1073
f 1837/667/1074 1834/666/1071 1836/681/1073
f 1837/667/1074 1836/681/1073 1838/670/1075
f 1838/670/1075 1836/681/1073 1839/682/1076
f 1838/670/1075 1839/682/1076 1840/672/1076
f 1839/682/1076 1841/674/1077 1840/672/1076
f 1841/674/1077 1839/682/1076 1842/683/1078
f 1843/684/1079 1841/674/1077 1842/683/1078
f 1841/674/1077 1843/684/1079 1844/192/1080
f 1845/685/1081 1844/192/1080 1843/684/1079
f 1844/192/1080 1845/685/1081 1846/193/1082
f 1846/193/1082 1845/685/1081 1847/177/1083
f 1846/193/1082 1847/177/1083 1848/180/1084
f 1849/686/1085 1850/687/1086 1851/688/1087
f 1852/689/1088 1851/688/1087 1850/687/1086
f 1853/690/1089 1852/689/1088 1850/687/1086
f 1852/689/1088 1853/690/1089 1854/691/1090
f 1855/692/1091 1854/691/1090 1853/690/1089
f 1855/692/1091 1853/690/1089 1856/693/1092
f 1857/694/1093 1855/692/1091 1856/693/1092
f 1855/692/1091 1857/694/1093 1858/695/1094
f 1859/696/1095 1858/695/1094 1857/694/1093
f 1858/695/1094 1859/696/1095 1860/697/1096
f 1861/698/1097 1860/697/1096 1859/696/1095
f 1860/697/1096 1861/698/1097 1862/699/1098
f 1861/698/1097 1863/700/1099 1862/699/1098
f 1863/700/1099 1861/698/1097 1864/701/1100
f 1864/701/1100 1865/702/1101 1863/700/1099
f 1865/702/1101 1864/701/1100 1866/703/1102
f 1866/703/1102 1867/704/1103 1865/702/1101
f 1867/704/1103 1866/703/1102 1868/705/1104
f 1869/706/1105 1867/704/1103 1868/705/1104
f 1867/704/1103 1869/706/1105 1870/707/1106
f 1869/706/1105 1871/708/1107 1870/707/1106
f 1871/708/1107 1869/706/1105 1872/709/1108
f 1873/710/1109 1871/708/1107 1872/709/1108
f 1872/709/1108 1874/711/1110 1873/710/1109
f 1875/712/1111 1876/713/1112 1877/714/1113
f 1876/713/1112 1875/712/1111 1878/715/1114
f 1878/715/1114 1879/716/1115 1876/713/1112
f 1879/716/1115 1878/715/1114 1880/717/1116
f 1880/717/1116 1881/718/1117 1879/716/1115
f 1881/718/1117 1880/717/1116 1882/719/1118
f 1882/719/1118 1883/720/1119 1881/718/1117
f 1883/720/1119 1882/719/1118 1884/721/1120
f 1884/721/1120 1885/722/1121 1883/720/1119
f 1885/722/1121 1884/721/1120 1886/723/1122
f 1886/723/1122 1887/724/1123 1885/722/1121
f 1887/724/1123 1886/723/1122 1888/725/1124
f 1889/726/1125 1887/724/1123 1888/725/1124
f 1887/724/1123 1889/726/1125 1890/727/1126
f 1891/728/1127 1890/727/1126 1889/726/1125
f 1890/727/1126 1891/728/1127 1892/729/1128
f 1893/730/1129 1892/729/1128 1891/728/1127
f 1892/729/1128 1893/730/1129 1894/731/1130
f 1893/730/1129 1895/732/1131 1894/731/1130
f 1896/733/1132 1894/731/1130 1895/732/1131
f 1897/734/1133 1896/733/1132 1895/732/1131
f 1896/733/1132 1897/734/1133 1898/735/1134
f 1899/736/1135 1898/735/1134 1897/734/1133
f 1898/735/1134 1899/736/1135 1900/737/1136
f 1901/18/1137 1902/15/1137 1903/16/1137
f 1904/521/1137 1902/15/1137 1901/18/1137
f 1905/32/1137 1902/15/1137 1904/521/1137
f 1906/522/1137 1905/32/1137 1904/521/1137
f 1907/12/1137 1905/32/1137 1906/522/1137
f 1906/522/1137 1908/13/1137 1907/12/1137
f 1908/13/1137 1906/522/1137 1909/523/1137
f 1910/30/1137 1908/13/1137 1909/523/1137
f 1911/1/1137 1910/30/1137 1909/523/1137
f 1909/523/1137 1912/7/1137 1911/1/1137
f 1912/7/1137 1913/3/1137 1911/1/1137
f 1913/3/1137 1912/7/1137 1914/5/1137
f 1915/524/1138 1916/521/1139 1917/18/1138
f 1915/524/1138 1918/525/1140 1916/521/1139
f 1918/525/1140 1919/522/1141 1916/521/1139
f 1918/525/1140 1920/526/1142 1919/522/1141
f 1920/526/1142 1921/523/1143 1919/522/1141
f 1920/526/1142 1922/527/1144 1921/523/1143
f 1922/527/1144 1923/7/1145 1921/523/1143
f 1923/7/1145 1922/527/1144 1924/528/1146
f 1925/530/1147 1926/529/1148 1927/531/1149
f 1926/529/1148 1925/530/1147 1928/532/1150
f 1929/533/1151 1928/532/1150 1925/530/1147
f 1930/534/1152 1928/532/1150 1929/533/1151
f 1931/535/1153 1930/534/1152 1929/533/1151
f 1931/535/1153 1932/536/1154 1930/534/1152
f 1931/535/1153 1933/537/1155 1932/536/1154
f 1933/537/1155 1931/535/1153 1934/538/1156
f 1935/539/1157 1933/537/1155 1934/538/1156
f 1934/538/1156 1936/540/1158 1935/539/1157
f 1936/540/1158 1937/541/1158 1935/539/1157
f 1937/541/1158 1936/540/1158 1938/542/1159
f 1939/39/1160 1937/541/1158 1938/542/1159
f 1938/542/1159 1940/41/1161 1939/39/1160
f 1941/544/1162 1942/543/1163 1943/545/1162
f 1941/544/1162 1944/546/1164 1942/543/1163
f 1944/546/1164 1945/547/1165 1942/543/1163
f 1945/547/1165 1944/546/1164 1946/548/1166
f 1947/549/1137 1948/300/1137 1949/298/1137
f 1947/549/1137 1949/298/1137 1950/550/1137
f 1950/550/1137 1951/294/1137 1947/549/1137
f 1951/294/1137 1950/550/1137 1952/296/1137
f 1953/23/1167 1954/398/1168 1955/399/524
f 1954/398/1168 1953/23/1167 1956/21/524
f 1957/25/524 1954/398/1168 1956/21/524
f 1958/400/1169 1959/402/1170 1960/401/1171
f 1960/401/1171 1959/402/1170 1961/403/1170
f 1962/404/530 1961/403/1170 1959/402/1170
f 1961/403/1170 1962/404/530 1963/405/531
f 1963/405/531 1962/404/530 1964/47/531
f 1963/405/531 1964/47/531 1965/50/531
f 1966/42/700 1967/552/700 1968/551/700
f 1966/42/700 1969/553/1172 1967/552/700
f 1969/553/1172 1966/42/700 1970/554/1172
f 1971/555/1173 1969/553/1172 1970/554/1172
f 1969/553/1172 1971/555/1173 1972/556/700
f 1969/553/1172 1972/556/700 1973/557/700
f 1974/559/705 1975/558/704 1976/40/705
f 1975/558/704 1977/39/708 1976/40/705
f 1978/560/707 1977/39/708 1975/558/704
f 1977/39/708 1978/560/707 1979/541/708
f 1978/560/710 1980/561/706 1981/541/710
f 1981/541/710 1980/561/706 1982/539/708
f 1980/561/706 1983/562/706 1982/539/708
f 1982/539/708 1983/562/706 1984/537/706
f 1985/563/1174 1984/537/706 1983/562/706
f 1984/537/706 1985/563/1174 1986/536/707
f 1985/563/1174 1987/534/1175 1986/536/707
f 1985/563/1174 1983/562/706 1988/564/405
f 1987/534/1175 1985/563/1174 1989/532/1176
f 1988/564/405 1989/532/1176 1985/563/1174
f 1988/564/405 1990/529/405 1989/532/1176
f 1991/38/1177 1992/406/1178 1993/37/1179
f 1992/406/1178 1991/38/1177 1994/407/535
f 1994/407/535 1995/408/1180 1992/406/1178
f 1994/407/535 1996/409/537 1995/408/1180
f 1997/565/1181 1998/10/1182 1999/11/1183
f 1998/10/1182 1997/565/1181 2000/566/1184
f 2001/567/1185 2000/566/1184 1997/565/1181
f 2000/566/1184 2001/567/1185 2002/568/1186
f 2003/569/26 2002/568/1186 2001/567/1185
f 2002/568/1186 2003/569/26 2004/570/26
f 2005/513/1187 2006/515/1188 2007/514/1189
f 2008/516/1190 2006/515/1188 2005/513/1187
f 2008/516/1190 2009/517/1191 2006/515/1188
f 2009/517/1191 2008/516/1190 2010/518/1192
f 2011/519/950 2009/517/1191 2010/518/1192
f 2009/517/1191 2011/519/950 2012/520/950
f 2013/547/670 2014/738/670 2015/739/670
f 2014/738/670 2013/547/670 2016/543/670
f 2017/740/670 2014/738/670 2016/543/670
f 2017/740/670 2016/543/670 2018/545/670
f 2014/738/670 2017/740/670 2019/741/670
f 2020/742/670 2019/741/670 2017/740/670
f 2020/742/670 2021/743/1193 2019/741/670
f 2021/743/1193 2020/742/670 2022/744/1194
f 2023/745/1195 2019/741/670 2021/743/1193
f 2019/741/670 2023/745/1195 2024/746/670
f 2021/743/1193 2022/744/1194 2025/747/1196
f 2026/748/1197 2025/747/1196 2022/744/1194
f 2026/748/1197 2027/749/1198 2025/747/1196
f 2027/749/1198 2026/748/1197 2028/750/1198
f 2027/749/1198 2029/751/1199 2025/747/1196
f 2030/752/1200 2021/743/1193 2025/747/1196
f 2025/747/1196 2029/751/1199 2030/752/1200
f 2021/743/1193 2030/752/1200 2023/745/1195
f 2029/751/1199 2031/531/1201 2030/752/1200
f 2030/752/1200 2032/530/1202 2023/745/1195
f 2030/752/1200 2031/531/1201 2032/530/1202
f 2033/533/1203 2023/745/1195 2032/530/1202
f 2034/535/1204 2024/746/670 2023/745/1195
f 2023/745/1195 2033/533/1203 2034/535/1204
f 2024/746/670 2034/535/1204 2035/538/670
f 2035/538/670 2036/753/1205 2024/746/670
f 2037/540/1205 2036/753/1205 2035/538/670
f 2036/753/1205 2037/540/1205 2038/754/1205
f 2038/754/1205 2037/540/1205 2039/755/1206
f 2037/540/1205 2040/542/1207 2039/755/1206
f 2039/755/1206 2040/542/1207 2041/756/1208
f 2040/542/1207 2042/41/1209 2041/756/1208
f 2043/757/1210 2041/756/1208 2042/41/1209
f 2042/41/1209 2044/42/1211 2043/757/1210
f 2045/554/1209 2043/757/1210 2044/42/1211
f 2045/554/1209 2046/758/829 2043/757/1210
f 2045/554/1209 2047/759/1212 2046/758/829
f 2047/759/1212 2045/554/1209 2048/555/1213
f 2048/555/1213 2049/760/1214 2047/759/1212
f 2049/760/1214 2048/555/1213 2050/761/1215
f 2049/760/1214 2050/761/1215 2051/762/1216
f 2051/762/1216 2052/763/1217 2049/760/1214
f 2053/764/1218 2054/389/1219 2055/388/1220
f 2056/765/1221 2053/764/1218 2055/388/1220
f 2055/388/1220 2057/766/1218 2056/765/1221
f 2055/388/1220 2058/767/1220 2057/766/1218
f 2059/768/1222 2060/769/1223 2061/770/1224
f 2060/769/1223 2062/771/1225 2061/770/1224
f 2062/771/1225 2063/772/1226 2061/770/1224
f 2063/772/1226 2064/773/1227 2061/770/1224
f 2065/141/1228 2066/617/1229 2067/139/1230
f 2067/139/1230 2066/617/1229 2068/774/1231
f 2066/617/1229 2069/775/1232 2068/774/1231
f 2069/775/1232 2066/617/1229 2070/619/1233
f 2068/774/1231 2069/775/1232 2071/776/1234
f 2072/777/1235 2069/775/1232 2070/619/1233
f 2072/777/1235 2073/778/1236 2069/775/1232
f 2069/775/1232 2073/778/1236 2071/776/1234
f 2073/778/1236 2072/777/1235 2074/779/1237
f 2075/764/1238 2076/388/1220 2077/389/1239
f 2078/765/1240 2076/388/1220 2075/764/1238
f 2079/766/1238 2076/388/1220 2078/765/1240
f 2076/388/1220 2079/766/1238 2080/767/1220
f 2081/768/1241 2082/770/1242 2083/769/1223
f 2083/769/1223 2082/770/1242 2084/771/1243
f 2084/771/1243 2082/770/1242 2085/772/1244
f 2085/772/1244 2082/770/1242 2086/773/1245
f 2087/141/1246 2088/139/1247 2089/617/1248
f 2088/139/1247 2090/774/1249 2089/617/1248
f 2091/775/1250 2089/617/1248 2090/774/1249
f 2089/617/1248 2091/775/1250 2092/619/1251
f 2093/776/1252 2091/775/1250 2090/774/1249
f 2094/777/1253 2092/619/1251 2091/775/1250
f 2095/778/1254 2094/777/1253 2091/775/1250
f 2091/775/1250 2093/776/1252 2095/778/1254
f 2094/777/1253 2095/778/1254 2096/779/1255
f 2097/147/1256 2098/780/1257 2099/148/1258
f 2097/147/1256 2100/781/1259 2098/780/1257
f 2100/781/1259 2101/782/1260 2098/780/1257
f 2102/783/1261 2098/780/1257 2101/782/1260
f 2101/782/1260 2103/784/1262 2102/783/1261
f 2104/785/1263 2102/783/1261 2103/784/1262
f 2105/786/1264 2104/785/1263 2103/784/1262
f 2104/785/1263 2105/786/1264 2106/787/1265
f 2105/786/1264 2107/788/1266 2106/787/1265
f 2108/789/1267 2106/787/1265 2107/788/1266
f 2108/789/1267 2107/788/1266 2109/790/1268
f 2108/789/1267 2109/790/1268 2110/791/1269
f 2111/792/1270 2110/791/1269 2109/790/1268
f 2111/792/1270 2109/790/1268 2112/793/1271
f 2113/794/1272 2111/792/1270 2112/793/1271
f 2112/793/1271 2114/795/1273 2113/794/1272
f 2114/795/1273 2115/796/1274 2113/794/1272
f 2115/796/1274 2114/795/1273 2116/797/1275
f 2116/797/1275 2117/798/1276 2115/796/1274
f 2116/797/1275 2118/799/1277 2117/798/1276
f 2118/799/1277 2119/800/1278 2117/798/1276
f 2118/799/1277 2120/801/1279 2119/800/1278
f 2121/183/1280 2119/800/1278 2120/801/1279
f 2119/800/1278 2121/183/1280 2122/182/1281
f 2123/802/1282 2124/803/1283 2125/804/1284
f 2123/802/1282 2125/804/1284 2126/149/1285
f 2123/802/1282 2126/149/1285 2127/148/1286
f 2127/148/1286 2128/805/1287 2123/802/1282
f 2129/780/1288 2128/805/1287 2127/148/1286
f 2128/805/1287 2129/780/1288 2130/806/1289
f 2129/780/1288 2131/783/1290 2130/806/1289
f 2132/807/1291 2130/806/1289 2131/783/1290
f 2131/783/1290 2133/785/1292 2132/807/1291
f 2134/808/1293 2132/807/1291 2133/785/1292
f 2135/787/1294 2134/808/1293 2133/785/1292
f 2134/808/1293 2135/787/1294 2136/809/1295
f 2137/789/1296 2136/809/1295 2135/787/1294
f 2136/809/1295 2137/789/1296 2138/810/1297
f 2139/791/1298 2138/810/1297 2137/789/1296
f 2138/810/1297 2139/791/1298 2140/811/1299
f 2139/791/1298 2141/812/1300 2140/811/1299
f 2141/812/1300 2139/791/1298 2142/792/1301
f 2142/792/1301 2143/813/1302 2141/812/1300
f 2143/813/1302 2142/792/1301 2144/794/1303
f 2144/794/1303 2145/814/1304 2143/813/1302
f 2145/814/1304 2144/794/1303 2146/796/1305
f 2146/796/1305 2147/815/1306 2145/814/1304
f 2146/796/1305 2148/798/1307 2147/815/1306
f 2148/798/1307 2149/816/1308 2147/815/1306
f 2148/798/1307 2150/800/1309 2149/816/1308
f 2150/800/1309 2151/817/1310 2149/816/1308
f 2151/817/1310 2150/800/1309 2152/182/1311
f 2152/182/1311 2153/818/1312 2151/817/1310
f 2153/818/1312 2152/182/1311 2154/184/1313
f 2153/818/1312 2154/184/1313 2155/819/1314
f 2153/818/1312 2155/819/1314 2156/820/1315
f 2157/173/1316 2158/821/1317 2159/174/1318
f 2159/174/1318 2158/821/1317 2160/822/1319
f 2161/208/1320 2160/822/1319 2158/821/1317
f 2158/821/1317 2162/209/1321 2161/208/1320
f 2163/176/1322 2164/823/1323 2165/175/1324
f 2164/823/1323 2163/176/1322 2166/824/1325
f 2167/211/1326 2164/823/1323 2166/824/1325
f 2164/823/1323 2167/211/1326 2168/210/1327
f 2169/738/1137 2170/547/1137 2171/739/1137
f 2169/738/1137 2172/543/1137 2170/547/1137
f 2169/738/1137 2173/740/1137 2172/543/1137
f 2174/545/1137 2172/543/1137 2173/740/1137
f 2175/741/1137 2173/740/1137 2169/738/1137
f 2173/740/1137 2175/741/1137 2176/742/1137
f 2177/743/1328 2176/742/1137 2175/741/1137
f 2176/742/1137 2177/743/1328 2178/744/1329
f 2179/745/1330 2177/743/1328 2175/741/1137
f 2180/746/1137 2179/745/1330 2175/741/1137
f 2181/747/1331 2178/744/1329 2177/743/1328
f 2178/744/1329 2181/747/1331 2182/748/1332
f 2183/749/1333 2182/748/1332 2181/747/1331
f 2182/748/1332 2183/749/1333 2184/750/1333
f 2181/747/1331 2185/751/1334 2183/749/1333
f 2185/751/1334 2181/747/1331 2186/752/1335
f 2186/752/1335 2177/743/1328 2179/745/1330
f 2177/743/1328 2186/752/1335 2181/747/1331
f 2186/752/1335 2187/531/1336 2185/751/1334
f 2179/745/1330 2188/530/1337 2186/752/1335
f 2187/531/1336 2186/752/1335 2188/530/1337
f 2179/745/1330 2189/533/1338 2188/530/1337
f 2179/745/1330 2190/535/1339 2189/533/1338
f 2190/535/1339 2179/745/1330 2180/746/1137
f 2180/746/1137 2191/538/1137 2190/535/1339
f 2191/538/1137 2180/746/1137 2192/753/1340
f 2192/753/1340 2193/540/1340 2191/538/1137
f 2193/540/1340 2192/753/1340 2194/754/1340
f 2194/754/1340 2195/755/1341 2193/540/1340
f 2193/540/1340 2195/755/1341 2196/542/1342
f 2195/755/1341 2197/756/1343 2196/542/1342
f 2197/756/1343 2198/41/1344 2196/542/1342
f 2198/41/1344 2197/756/1343 2199/757/1345
f 2198/41/1344 2199/757/1345 2200/42/1346
f 2199/757/1345 2201/554/1344 2200/42/1346
f 2201/554/1344 2199/757/1345 2202/758/1347
f 2203/759/1348 2201/554/1344 2202/758/1347
f 2201/554/1344 2203/759/1348 2204/555/1349
f 2205/760/1350 2204/555/1349 2203/759/1348
f 2204/555/1349 2205/760/1350 2206/761/1351
f 2206/761/1351 2205/760/1350 2207/762/1352
f 2207/762/1352 2205/760/1350 2208/763/1217
f 2209/825/1353 2210/826/1354 2211/827/1355
f 2209/825/1353 2211/827/1355 2212/828/1356
f 2212/828/1356 2213/396/1357 2209/825/1353
f 2214/829/1358 2212/828/1356 2211/827/1355
f 2213/396/1357 2212/828/1356 2215/394/1359
f 2212/828/1356 2214/829/1358 2216/830/1360
f 2215/394/1359 2212/828/1356 2216/830/1360
f 2216/830/1360 2217/392/1361 2215/394/1359
f 2218/688/1362 2219/689/1363 2220/831/1364
f 2221/832/1365 2220/831/1364 2219/689/1363
f 2222/691/1366 2221/832/1365 2219/689/1363
f 2220/831/1364 2221/832/1365 2223/833/1367
f 2221/832/1365 2222/691/1366 2224/834/1368
f 2225/692/1369 2224/834/1368 2222/691/1366
f 2226/835/1370 2223/833/1367 2221/832/1365
f 2224/834/1368 2226/835/1370 2221/832/1365
f 2223/833/1367 2226/835/1370 2227/836/1371
f 2224/834/1368 2225/692/1369 2228/837/1372
f 2229/695/1373 2228/837/1372 2225/692/1369
f 2228/837/1372 2230/838/1374 2224/834/1368
f 2226/835/1370 2224/834/1368 2230/838/1374
f 2230/838/1374 2231/839/1375 2226/835/1370
f 2231/839/1375 2227/836/1371 2226/835/1370
f 2231/839/1375 2232/712/1376 2227/836/1371
f 2232/712/1376 2231/839/1375 2233/715/1377
f 2231/839/1375 2234/717/1378 2233/715/1377
f 2231/839/1375 2230/838/1374 2235/840/1379
f 2234/717/1378 2231/839/1375 2235/840/1379
f 2236/719/1380 2234/717/1378 2235/840/1379
f 2230/838/1374 2237/841/1381 2235/840/1379
f 2235/840/1379 2237/841/1381 2236/719/1380
f 2238/721/1382 2236/719/1380 2237/841/1381
f 2237/841/1381 2230/838/1374 2239/842/1383
f 2230/838/1374 2228/837/1372 2239/842/1383
f 2240/843/1384 2237/841/1381 2239/842/1383
f 2238/721/1382 2237/841/1381 2240/843/1384
f 2241/844/1385 2238/721/1382 2240/843/1384
f 2238/721/1382 2241/844/1385 2242/723/1386
f 2241/844/1385 2240/843/1384 2243/845/1387
f 2240/843/1384 2239/842/1383 2243/845/1387
f 2244/846/1388 2239/842/1383 2228/837/1372
f 2239/842/1383 2244/846/1388 2243/845/1387
f 2228/837/1372 2229/695/1373 2244/846/1388
f 2245/697/1389 2244/846/1388 2229/695/1373
f 2246/847/1390 2243/845/1387 2244/846/1388
f 2241/844/1385 2243/845/1387 2246/847/1390
f 2246/847/1390 2244/846/1388 2247/848/1391
f 2244/846/1388 2245/697/1389 2247/848/1391
f 2248/699/1392 2247/848/1391 2245/697/1389
f 2249/849/1393 2242/723/1386 2241/844/1385
f 2249/849/1393 2241/844/1385 2246/847/1390
f 2242/723/1386 2249/849/1393 2250/725/1394
f 2249/849/1393 2251/726/1395 2250/725/1394
f 2249/849/1393 2246/847/1390 2252/850/1396
f 2252/850/1396 2246/847/1390 2247/848/1391
f 2252/850/1396 2247/848/1391 2253/851/1397
f 2247/848/1391 2248/699/1392 2253/851/1397
f 2254/852/1398 2252/850/1396 2253/851/1397
f 2248/699/1392 2254/852/1398 2253/851/1397
f 2254/852/1398 2248/699/1392 2255/700/1399
f 2256/853/1400 2249/849/1393 2252/850/1396
f 2252/850/1396 2254/852/1398 2256/853/1400
f 2249/849/1393 2256/853/1400 2257/854/1401
f 2251/726/1395 2249/849/1393 2257/854/1401
f 2257/854/1401 2258/728/1402 2251/726/1395
f 2259/855/1403 2256/853/1400 2254/852/1398
f 2255/700/1399 2259/855/1403 2254/852/1398
f 2259/855/1403 2255/700/1399 2260/702/1404
f 2256/853/1400 2259/855/1403 2261/856/1405
f 2256/853/1400 2261/856/1405 2257/854/1401
f 2258/728/1402 2257/854/1401 2262/857/1406
f 2262/857/1406 2257/854/1401 2261/856/1405
f 2262/857/1406 2263/858/1407 2258/728/1402
f 2258/728/1402 2263/858/1407 2264/730/1408
f 2262/857/1406 2265/859/1409 2263/858/1407
f 2259/855/1403 2265/859/1409 2261/856/1405
f 2261/856/1405 2265/859/1409 2262/857/1406
f 2266/860/1410 2264/730/1408 2263/858/1407
f 2264/730/1408 2266/860/1410 2267/732/1411
f 2265/859/1409 2259/855/1403 2268/861/1412
f 2260/702/1404 2268/861/1412 2259/855/1403
f 2268/861/1412 2260/702/1404 2269/704/1413
f 2268/861/1412 2270/862/1414 2265/859/1409
f 2266/860/1410 2263/858/1407 2270/862/1414
f 2263/858/1407 2265/859/1409 2270/862/1414
f 2270/862/1414 2268/861/1412 2271/863/1415
f 2269/704/1413 2271/863/1415 2268/861/1412
f 2271/863/1415 2269/704/1413 2272/707/1416
f 2270/862/1414 2273/864/1417 2266/860/1410
f 2267/732/1411 2266/860/1410 2273/864/1417
f 2274/734/1418 2267/732/1411 2273/864/1417
f 2273/864/1417 2275/736/1419 2274/734/1418
f 2275/736/1419 2273/864/1417 2276/865/1420
f 2276/865/1420 2273/864/1417 2277/866/1421
f 2271/863/1415 2277/866/1421 2270/862/1414
f 2273/864/1417 2270/862/1414 2277/866/1421
f 2276/865/1420 2277/866/1421 2278/867/1422
f 2277/866/1421 2271/863/1415 2279/868/1423
f 2278/867/1422 2277/866/1421 2279/868/1423
f 2272/707/1416 2279/868/1423 2271/863/1415
f 2278/867/1422 2279/868/1423 2280/869/1424
f 2280/869/1424 2279/868/1423 2281/708/1425
f 2279/868/1423 2272/707/1416 2281/708/1425
f 2280/869/1424 2281/708/1425 2282/710/1426
f 2283/825/1427 2284/827/1428 2285/826/1429
f 2286/828/1430 2284/827/1428 2283/825/1427
f 2287/396/1431 2286/828/1430 2283/825/1427
f 2286/828/1430 2288/829/1432 2284/827/1428
f 2289/394/1433 2286/828/1430 2287/396/1431
f 2286/828/1430 2289/394/1433 2290/830/1434
f 2288/829/1432 2286/828/1430 2290/830/1434
f 2291/392/1435 2290/830/1434 2289/394/1433
f 2292/870/644 2293/162/1436 2294/163/1437
f 2293/162/1436 2292/870/644 2295/871/642
f 2295/871/642 2296/872/1438 2293/162/1436
f 2296/872/1438 2295/871/642 2297/873/1439
f 2296/872/1438 2297/873/1439 2298/874/1440
f 2296/872/1438 2298/874/1440 2299/875/1441
f 2300/876/1442 2296/872/1438 2299/875/1441
f 2293/162/1436 2296/872/1438 2301/877/1443
f 2296/872/1438 2300/876/1442 2301/877/1443
f 2302/878/1444 2301/877/1443 2300/876/1442
f 2301/877/1443 2302/878/1444 2303/879/1445
f 2303/879/1445 2293/162/1436 2301/877/1443
f 2293/162/1436 2303/879/1445 2304/161/1446
f 2305/880/1447 2303/879/1445 2302/878/1444
f 2306/881/1448 2304/161/1446 2303/879/1445
f 2303/879/1445 2305/880/1447 2306/881/1448
f 2304/161/1446 2306/881/1448 2307/170/1449
f 2308/882/1450 2306/881/1448 2305/880/1447
f 2306/881/1448 2308/882/1450 2309/883/1451
f 2307/170/1449 2306/881/1448 2309/883/1451
f 2309/883/1451 2310/173/1452 2307/170/1449
f 2311/884/1453 2309/883/1451 2308/882/1450
f 2310/173/1452 2309/883/1451 2312/885/1454
f 2309/883/1451 2311/884/1453 2312/885/1454
f 2310/173/1452 2312/885/1454 2313/821/1455
f 2314/209/1456 2313/821/1455 2312/885/1454
f 2314/209/1456 2312/885/1454 2315/886/1457
f 2311/884/1453 2315/886/1457 2312/885/1454
f 2315/886/1457 2311/884/1453 2316/887/1458
f 2315/886/1457 2317/205/1459 2314/209/1456
f 2318/888/1460 2317/205/1459 2315/886/1457
f 2316/887/1458 2318/888/1460 2315/886/1457
f 2318/888/1460 2316/887/1458 2319/889/1461
f 2320/196/1462 2317/205/1459 2318/888/1460
f 2321/890/1463 2320/196/1462 2318/888/1460
f 2321/890/1463 2318/888/1460 2319/889/1461
f 2322/891/1464 2321/890/1463 2319/889/1461
f 2323/197/1465 2320/196/1462 2321/890/1463
f 2321/890/1463 2324/892/1466 2323/197/1465
f 2324/892/1466 2321/890/1463 2322/891/1464
f 2322/891/1464 2325/893/1467 2324/892/1466
f 2323/197/1465 2326/894/650 2327/199/1468
f 2326/894/650 2323/197/1465 2328/895/648
f 2323/197/1465 2324/892/1466 2329/896/1469
f 2329/896/1469 2328/895/648 2323/197/1465
f 2325/893/1467 2329/896/1469 2324/892/1466
f 2325/893/1467 2330/897/1470 2329/896/1469
f 2328/895/648 2329/896/1469 2331/898/1471
f 2329/896/1469 2332/899/1472 2331/898/1471
f 2332/899/1472 2329/896/1469 2330/897/1470
f 2333/900/1473 2334/599/1474 2335/601/1475
f 2333/900/1473 2336/901/1476 2337/902/1477
f 2337/902/1477 2338/903/1478 2333/900/1473
f 2334/599/1474 2333/900/1473 2338/903/1478
f 2338/903/1478 2339/597/1479 2334/599/1474
f 2338/903/1478 2337/902/1477 2340/904/1480
f 2341/905/1481 2338/903/1478 2340/904/1480
f 2339/597/1479 2338/903/1478 2341/905/1481
f 2341/905/1481 2342/593/1482 2339/597/1479
f 2343/906/1483 2341/905/1481 2340/904/1480
f 2344/907/1484 2345/594/1485 2342/593/1482
f 2342/593/1482 2341/905/1481 2346/908/1486
f 2344/907/1484 2342/593/1482 2346/908/1486
f 2341/905/1481 2343/906/1483 2346/908/1486
f 2344/907/1484 2346/908/1486 2347/909/1487
f 2347/909/1487 2346/908/1486 2343/906/1483
f 2348/599/1488 2349/900/1489 2350/601/1490
f 2349/900/1489 2351/902/1491 2352/901/1492
f 2349/900/1489 2348/599/1488 2353/903/1493
f 2353/903/1493 2351/902/1491 2349/900/1489
f 2354/597/1494 2353/903/1493 2348/599/1488
f 2353/903/1493 2355/904/1495 2351/902/1491
f 2356/905/1496 2355/904/1495 2353/903/1493
f 2353/903/1493 2354/597/1494 2356/905/1496
f 2357/593/1497 2356/905/1496 2354/597/1494
f 2356/905/1496 2358/906/1498 2355/904/1495
f 2359/594/1499 2360/907/1500 2357/593/1497
f 2358/906/1498 2356/905/1496 2361/908/1501
f 2356/905/1496 2357/593/1497 2361/908/1501
f 2361/908/1501 2357/593/1497 2360/907/1500
f 2360/907/1500 2362/909/1502 2361/908/1501
f 2362/909/1502 2358/906/1498 2361/908/1501
f 2363/231/1503 2364/910/1504 2365/235/1505
f 2364/910/1504 2363/231/1503 2366/911/1506
f 2367/228/1507 2366/911/1506 2363/231/1503
f 2366/911/1506 2368/912/1508 2364/910/1504
f 2369/913/1509 2364/910/1504 2368/912/1508
f 2368/912/1508 2370/914/1510 2369/913/1509
f 2367/228/1507 2371/915/1511 2366/911/1506
f 2367/228/1507 2372/229/1512 2371/915/1511
f 2373/916/1513 2370/914/1510 2368/912/1508
f 2366/911/1506 2371/915/1511 2373/916/1513
f 2366/911/1506 2373/916/1513 2368/912/1508
f 2370/914/1510 2373/916/1513 2374/917/1514
f 2375/918/1515 2371/915/1511 2372/229/1512
f 2376/919/1516 2374/917/1514 2373/916/1513
f 2377/920/1517 2376/919/1516 2373/916/1513
f 2371/915/1511 2375/918/1515 2377/920/1517
f 2371/915/1511 2377/920/1517 2373/916/1513
f 2377/920/1517 2378/921/1518 2376/919/1516
f 2378/921/1518 2377/920/1517 2379/922/1519
f 2375/918/1515 2379/922/1519 2377/920/1517
f 2375/918/1515 2380/923/1520 2379/922/1519
f 2379/922/1519 2381/924/1521 2378/921/1518
f 2380/923/1520 2382/925/1522 2379/922/1519
f 2381/924/1521 2379/922/1519 2382/925/1522
f 2382/925/1522 2380/923/1520 2383/926/1523
f 2381/924/1521 2382/925/1522 2384/927/1524
f 2384/927/1524 2382/925/1522 2385/928/1525
f 2382/925/1522 2383/926/1523 2385/928/1525
f 2386/929/1526 2385/928/1525 2383/926/1523
f 2385/928/1525 2386/929/1526 2387/930/1527
f 2384/927/1524 2385/928/1525 2388/931/1528
f 2385/928/1525 2387/930/1527 2388/931/1528
f 2388/931/1528 2389/932/1529 2384/927/1524
f 2388/931/1528 2387/930/1527 2390/933/1530
f 2388/931/1528 2390/933/1530 2391/934/1531
f 2389/932/1529 2388/931/1528 2391/934/1531
f 2389/932/1529 2391/934/1531 2392/935/1532
f 2390/933/1530 2393/936/1533 2391/934/1531
f 2394/937/1534 2391/934/1531 2393/936/1533
f 2394/937/1534 2392/935/1532 2391/934/1531
f 2392/935/1532 2394/937/1534 2395/938/1535
f 2393/936/1533 2396/939/1536 2394/937/1534
f 2393/936/1533 2397/270/1537 2396/939/1536
f 2397/270/1537 2398/269/1538 2396/939/1536
f 2399/940/1539 2394/937/1534 2396/939/1536
f 2394/937/1534 2399/940/1539 2395/938/1535
f 2395/938/1535 2399/940/1539 2400/941/1540
f 2401/942/1541 2400/941/1540 2399/940/1539
f 2402/943/1542 2396/939/1536 2398/269/1538
f 2402/943/1542 2399/940/1539 2396/939/1536
f 2398/269/1538 2403/272/1543 2402/943/1542
f 2399/940/1539 2402/943/1542 2404/944/1544
f 2399/940/1539 2404/944/1544 2401/942/1541
f 2404/944/1544 2405/945/1545 2401/942/1541
f 2402/943/1542 2406/946/1546 2404/944/1544
f 2403/272/1543 2406/946/1546 2402/943/1542
f 2405/945/1545 2404/944/1544 2406/946/1546
f 2406/946/1546 2403/272/1543 2407/277/1547
f 2408/947/1548 2409/948/1549 2410/949/1550
f 2410/949/1550 2411/950/1551 2408/947/1548
f 2412/951/1552 2410/949/1550 2409/948/1549
f 2411/950/1551 2410/949/1550 2413/952/1553
f 2414/953/1554 2413/952/1553 2410/949/1550
f 2410/949/1550 2412/951/1552 2414/953/1554
f 2412/951/1552 2415/954/1555 2414/953/1554
f 2415/954/1555 2412/951/1552 2416/955/1556
f 2417/956/1557 2415/954/1555 2416/955/1556
f 2413/952/1553 2414/953/1554 2418/957/1558
f 2415/954/1555 2418/957/1558 2414/953/1554
f 2419/958/1559 2411/950/1551 2413/952/1553
f 2411/950/1551 2419/958/1559 2420/959/1560
f 2419/958/1559 2413/952/1553 2421/960/1561
f 2413/952/1553 2418/957/1558 2421/960/1561
f 2419/958/1559 2422/961/1562 2420/959/1560
f 2423/962/1563 2420/959/1560 2422/961/1562
f 2424/963/1564 2419/958/1559 2421/960/1561
f 2419/958/1559 2424/963/1564 2422/961/1562
f 2422/961/1562 2425/964/1565 2423/962/1563
f 2422/961/1562 2424/963/1564 2425/964/1565
f 2426/965/1566 2423/962/1563 2425/964/1565
f 2427/966/1567 2425/964/1565 2424/963/1564
f 2421/960/1561 2427/966/1567 2424/963/1564
f 2425/964/1565 2427/966/1567 2428/967/1568
f 2428/967/1568 2426/965/1566 2425/964/1565
f 2426/965/1566 2428/967/1568 2429/968/1569
f 2428/967/1568 2430/969/1570 2429/968/1569
f 2430/969/1570 2428/967/1568 2431/970/1571
f 2427/966/1567 2431/970/1571 2428/967/1568
f 2432/971/1572 2430/969/1570 2431/970/1571
f 2432/971/1572 2431/970/1571 2433/972/1573
f 2434/973/1574 2432/971/1572 2433/972/1573
f 2431/970/1571 2427/966/1567 2435/974/1575
f 2433/972/1573 2431/970/1571 2435/974/1575
f 2436/975/1576 2433/972/1573 2435/974/1575
f 2433/972/1573 2436/975/1576 2434/973/1574
f 2437/976/1577 2434/973/1574 2436/975/1576
f 2438/977/1578 2435/974/1575 2427/966/1567
f 2436/975/1576 2435/974/1575 2438/977/1578
f 2427/966/1567 2439/978/1579 2438/977/1578
f 2418/957/1558 2439/978/1579 2421/960/1561
f 2439/978/1579 2427/966/1567 2421/960/1561
f 2437/976/1577 2436/975/1576 2440/979/1580
f 2436/975/1576 2438/977/1578 2440/979/1580
f 2418/957/1558 2415/954/1555 2441/980/1581
f 2441/980/1581 2439/978/1579 2418/957/1558
f 2442/981/1582 2438/977/1578 2439/978/1579
f 2441/980/1581 2442/981/1582 2439/978/1579
f 2415/954/1555 2442/981/1582 2441/980/1581
f 2440/979/1580 2438/977/1578 2442/981/1582
f 2443/982/1583 2440/979/1580 2442/981/1582
f 2415/954/1555 2417/956/1557 2443/982/1583
f 2442/981/1582 2415/954/1555 2443/982/1583
f 2417/956/1557 2444/983/1584 2443/982/1583
f 2444/983/1584 2437/976/1577 2440/979/1580
f 2440/979/1580 2443/982/1583 2444/983/1584
f 2444/983/1584 2417/956/1557 2445/984/1585
f 2446/985/1586 2444/983/1584 2445/984/1585
f 2437/976/1577 2444/983/1584 2446/985/1586
f 2447/986/1587 2448/218/1588 2449/987/1589
f 2448/218/1588 2447/986/1587 2450/217/1590
f 2451/988/1591 2447/986/1587 2449/987/1589
f 2450/217/1590 2447/986/1587 2452/215/1592
f 2447/986/1587 2451/988/1591 2453/989/1593
f 2453/989/1593 2452/215/1592 2447/986/1587
f 2454/990/1594 2453/989/1593 2451/988/1591
f 2452/215/1592 2453/989/1593 2455/991/1595
f 2455/991/1595 2456/212/1596 2452/215/1592
f 2456/212/1596 2455/991/1595 2457/504/1597
f 2458/992/1598 2455/991/1595 2453/989/1593
f 2455/991/1595 2458/992/1598 2457/504/1597
f 2453/989/1593 2454/990/1594 2458/992/1598
f 2459/151/1599 2458/992/1598 2454/990/1594
f 2460/154/1600 2457/504/1597 2458/992/1598
f 2461/150/1601 2460/154/1600 2458/992/1598
f 2458/992/1598 2459/151/1599 2461/150/1601
f 2462/993/1602 2463/259/1603 2464/258/1604
f 2463/259/1603 2462/993/1602 2465/994/1605
f 2464/258/1604 2466/256/1606 2462/993/1602
f 2465/994/1605 2462/993/1602 2467/995/1607
f 2466/256/1606 2468/996/1608 2462/993/1602
f 2468/996/1608 2467/995/1607 2462/993/1602
f 2467/995/1607 2468/996/1608 2469/997/1609
f 2468/996/1608 2466/256/1606 2470/998/1610
f 2470/998/1610 2466/256/1606 2471/253/1611
f 2471/253/1611 2472/507/1612 2470/998/1610
f 2470/998/1610 2473/999/1613 2468/996/1608
f 2473/999/1613 2470/998/1610 2472/507/1612
f 2473/999/1613 2469/997/1609 2468/996/1608
f 2469/997/1609 2473/999/1613 2474/185/1614
f 2475/189/1615 2473/999/1613 2472/507/1612
f 2476/188/1616 2474/185/1614 2473/999/1613
f 2473/999/1613 2475/189/1615 2476/188/1616
f 2477/1000/1617 2478/1001/1618 2479/1002/1619
f 2477/1000/1617 2480/1003/1620 2478/1001/1618
f 2478/1001/1618 2481/1004/1621 2479/1002/1619
f 2480/1003/1620 2482/1005/1622 2478/1001/1618
f 2482/1005/1622 2480/1003/1620 2483/1006/1623
f 2482/1005/1622 2484/1007/1624 2478/1001/1618
f 2484/1007/1624 2481/1004/1621 2478/1001/1618
f 2485/1008/1625 2481/1004/1621 2484/1007/1624
f 2481/1004/1621 2485/1008/1625 2486/1009/1626
f 2486/1009/1626 2485/1008/1625 2487/1010/1627
f 2488/1011/1628 2487/1010/1627 2485/1008/1625
f 2484/1007/1624 2489/1012/1629 2485/1008/1625
f 2488/1011/1628 2485/1008/1625 2489/1012/1629
f 2490/1013/1630 2488/1011/1628 2489/1012/1629
f 2489/1012/1629 2484/1007/1624 2491/1014/1631
f 2484/1007/1624 2482/1005/1622 2491/1014/1631
f 2491/1014/1631 2482/1005/1622 2492/1015/1632
f 2491/1014/1631 2492/1015/1632 2489/1012/1629
f 2493/1016/1633 2489/1012/1629 2492/1015/1632
f 2489/1012/1629 2493/1016/1633 2490/1013/1630
f 2494/1017/1634 2490/1013/1630 2493/1016/1633
f 2483/1006/1623 2495/1018/1635 2482/1005/1622
f 2482/1005/1622 2495/1018/1635 2492/1015/1632
f 2483/1006/1623 2496/1019/1636 2495/1018/1635
f 2497/1020/1637 2494/1017/1634 2493/1016/1633
f 2494/1017/1634 2497/1020/1637 2498/1021/1638
f 2499/1022/1639 2498/1021/1638 2497/1020/1637
f 2499/1022/1639 2497/1020/1637 2500/1023/1640
f 2492/1015/1632 2500/1023/1640 2493/1016/1633
f 2492/1015/1632 2495/1018/1635 2500/1023/1640
f 2497/1020/1637 2493/1016/1633 2500/1023/1640
f 2500/1023/1640 2501/1024/1641 2499/1022/1639
f 2501/1024/1641 2500/1023/1640 2502/1025/1642
f 2495/1018/1635 2503/1026/1643 2500/1023/1640
f 2502/1025/1642 2500/1023/1640 2503/1026/1643
f 2496/1019/1636 2503/1026/1643 2495/1018/1635
f 2503/1026/1643 2496/1019/1636 2504/1027/1644
f 2502/1025/1642 2503/1026/1643 2504/1027/1644
f 2505/1028/1645 2506/1029/1646 2507/1030/1647
f 2508/1031/1648 2505/1028/1645 2507/1030/1647
f 2506/1029/1646 2505/1028/1645 2509/1032/1649
f 2509/1032/1649 2510/1033/1650 2506/1029/1646
f 2511/1034/1651 2505/1028/1645 2508/1031/1648
f 2511/1034/1651 2509/1032/1649 2505/1028/1645
f 2512/1035/1652 2511/1034/1651 2508/1031/1648
f 2513/1036/1653 2511/1034/1651 2512/1035/1652
f 2509/1032/1649 2514/1037/1654 2510/1033/1650
f 2514/1037/1654 2515/410/1655 2510/1033/1650
f 2515/410/1655 2514/1037/1654 2516/411/1656
f 2509/1032/1649 2511/1034/1651 2517/1038/1657
f 2517/1038/1657 2514/1037/1654 2509/1032/1649
f 2516/411/1656 2514/1037/1654 2518/1039/1658
f 2514/1037/1654 2517/1038/1657 2518/1039/1658
f 2518/1039/1658 2519/413/1659 2516/411/1656
f 2518/1039/1658 2520/416/1660 2519/413/1659
f 2517/1038/1657 2521/1040/1661 2518/1039/1658
f 2521/1040/1661 2520/416/1660 2518/1039/1658
f 2521/1040/1661 2522/417/1662 2520/416/1660
f 2521/1040/1661 2523/1041/1663 2522/417/1662
f 2517/1038/1657 2524/1042/1664 2521/1040/1661
f 2524/1042/1664 2523/1041/1663 2521/1040/1661
f 2511/1034/1651 2524/1042/1664 2517/1038/1657
f 2523/1041/1663 2524/1042/1664 2525/1043/1665
f 2526/1044/1666 2525/1043/1665 2524/1042/1664
f 2511/1034/1651 2513/1036/1653 2526/1044/1666
f 2524/1042/1664 2511/1034/1651 2526/1044/1666
f 2513/1036/1653 2527/1045/1667 2526/1044/1666
f 2525/1043/1665 2526/1044/1666 2527/1045/1667
f 2528/918/1668 2529/229/308 2530/1046/1669
f 2531/923/1670 2528/918/1668 2530/1046/1669
f 2532/1047/1671 2530/1046/1669 2529/229/308
f 2533/224/303 2532/1047/1671 2529/229/308
f 2530/1046/1669 2532/1047/1671 2534/1048/1672
f 2531/923/1670 2530/1046/1669 2534/1048/1672
f 2535/1049/1673 2534/1048/1672 2532/1047/1671
f 2535/1049/1673 2532/1047/1671 2533/224/303
f 2536/220/299 2535/1049/1673 2533/224/303
f 2537/1050/1674 2531/923/1670 2534/1048/1672
f 2537/1050/1674 2538/926/1675 2531/923/1670
f 2534/1048/1672 2535/1049/1673 2539/1051/1676
f 2539/1051/1676 2537/1050/1674 2534/1048/1672
f 2540/1052/1677 2539/1051/1676 2535/1049/1673
f 2536/220/299 2540/1052/1677 2535/1049/1673
f 2540/1052/1677 2536/220/299 2541/214/1678
f 2542/213/1679 2540/1052/1677 2541/214/1678
f 2539/1051/1676 2540/1052/1677 2543/1053/1680
f 2542/213/1679 2543/1053/1680 2540/1052/1677
f 2543/1053/1680 2542/213/1679 2544/168/1681
f 2537/1050/1674 2539/1051/1676 2545/1054/1682
f 2543/1053/1680 2545/1054/1682 2539/1051/1676
f 2545/1054/1682 2543/1053/1680 2546/1055/1683
f 2544/168/1681 2546/1055/1683 2543/1053/1680
f 2546/1055/1683 2544/168/1681 2547/165/1684
f 2538/926/1675 2537/1050/1674 2548/1056/1685
f 2545/1054/1682 2548/1056/1685 2537/1050/1674
f 2548/1056/1685 2545/1054/1682 2549/1057/1686
f 2546/1055/1683 2549/1057/1686 2545/1054/1682
f 2547/165/1684 2550/1058/1687 2546/1055/1683
f 2549/1057/1686 2546/1055/1683 2550/1058/1687
f 2550/1058/1687 2547/165/1684 2551/171/1688
f 2548/1056/1685 2549/1057/1686 2552/1059/1689
f 2538/926/1675 2548/1056/1685 2552/1059/1689
f 2538/926/1675 2552/1059/1689 2553/929/1690
f 2554/1060/1691 2552/1059/1689 2549/1057/1686
f 2550/1058/1687 2554/1060/1691 2549/1057/1686
f 2554/1060/1691 2550/1058/1687 2555/1061/1692
f 2555/1061/1692 2550/1058/1687 2551/171/1688
f 2551/171/1688 2556/175/1693 2555/1061/1692
f 2553/929/1690 2552/1059/1689 2557/1062/1694
f 2554/1060/1691 2557/1062/1694 2552/1059/1689
f 2557/1062/1694 2554/1060/1691 2558/1063/1695
f 2555/1061/1692 2558/1063/1695 2554/1060/1691
f 2558/1063/1695 2555/1061/1692 2559/1064/1696
f 2559/1064/1696 2555/1061/1692 2556/175/1693
f 2559/1064/1696 2556/175/1693 2560/823/1072
f 2561/210/1697 2559/1064/1696 2560/823/1072
f 2562/1065/1698 2558/1063/1695 2559/1064/1696
f 2559/1064/1696 2561/210/1697 2562/1065/1698
f 2561/210/1697 2563/206/1699 2562/1065/1698
f 2558/1063/1695 2562/1065/1698 2564/1066/1700
f 2564/1066/1700 2557/1062/1694 2558/1063/1695
f 2564/1066/1700 2562/1065/1698 2565/1067/1701
f 2562/1065/1698 2563/206/1699 2565/1067/1701
f 2566/201/1702 2565/1067/1701 2563/206/1699
f 2557/1062/1694 2564/1066/1700 2567/1068/1703
f 2553/929/1690 2557/1062/1694 2567/1068/1703
f 2568/930/1704 2553/929/1690 2567/1068/1703
f 2567/1068/1703 2564/1066/1700 2569/1069/1705
f 2564/1066/1700 2565/1067/1701 2569/1069/1705
f 2565/1067/1701 2570/1070/1706 2569/1069/1705
f 2565/1067/1701 2566/201/1702 2570/1070/1706
f 2571/203/1707 2570/1070/1706 2566/201/1702
f 2567/1068/1703 2569/1069/1705 2572/1071/1708
f 2568/930/1704 2567/1068/1703 2572/1071/1708
f 2572/1071/1708 2569/1069/1705 2573/1072/1709
f 2570/1070/1706 2573/1072/1709 2569/1069/1705
f 2574/1073/1710 2573/1072/1709 2570/1070/1706
f 2570/1070/1706 2571/203/1707 2574/1073/1710
f 2571/203/1707 2575/255/1711 2574/1073/1710
f 2572/1071/1708 2573/1072/1709 2576/1074/1712
f 2568/930/1704 2572/1071/1708 2576/1074/1712
f 2576/1074/1712 2577/933/1713 2568/930/1704
f 2573/1072/1709 2574/1073/1710 2578/1075/1714
f 2578/1075/1714 2576/1074/1712 2573/1072/1709
f 2579/1076/1715 2578/1075/1714 2574/1073/1710
f 2579/1076/1715 2574/1073/1710 2575/255/1711
f 2575/255/1711 2580/254/1716 2579/1076/1715
f 2581/261/342 2579/1076/1715 2580/254/1716
f 2576/1074/1712 2582/1077/1717 2577/933/1713
f 2576/1074/1712 2578/1075/1714 2582/1077/1717
f 2578/1075/1714 2579/1076/1715 2583/1078/1718
f 2579/1076/1715 2581/261/342 2583/1078/1718
f 2583/1078/1718 2582/1077/1717 2578/1075/1714
f 2581/261/342 2584/265/346 2583/1078/1718
f 2577/933/1713 2582/1077/1717 2585/1079/1719
f 2577/933/1713 2585/1079/1719 2586/936/1720
f 2586/936/1720 2585/1079/1719 2587/270/351
f 2582/1077/1717 2583/1078/1718 2588/1080/1721
f 2588/1080/1721 2585/1079/1719 2582/1077/1717
f 2583/1078/1718 2584/265/346 2588/1080/1721
f 2585/1079/1719 2588/1080/1721 2587/270/351
f 2584/265/346 2587/270/351 2588/1080/1721
f 2589/1081/1722 2590/1082/1723 2591/1083/1722
f 2592/1084/1722 2589/1081/1722 2591/1083/1722
f 2590/1082/1723 2593/1085/1722 2591/1083/1722
f 2594/1086/1723 2592/1084/1722 2591/1083/1722
f 2593/1085/1722 2595/1087/1722 2591/1083/1722
f 2596/1088/1722 2594/1086/1723 2591/1083/1722
f 2595/1087/1722 2597/1089/1722 2591/1083/1722
f 2598/1090/1722 2596/1088/1722 2591/1083/1722
f 2597/1089/1722 2599/1091/1722 2591/1083/1722
f 2600/1092/1724 2598/1090/1722 2591/1083/1722
f 2601/1093/1722 2600/1092/1724 2591/1083/1722
f 2599/1091/1722 2601/1093/1722 2591/1083/1722
f 2602/1081/1725 2603/1083/1722 2604/1082/1722
f 2605/1084/1722 2603/1083/1722 2602/1081/1725
f 2604/1082/1722 2603/1083/1722 2606/1085/1722
f 2607/1086/1723 2603/1083/1722 2605/1084/1722
f 2606/1085/1722 2603/1083/1722 2608/1087/1722
f 2609/1088/1725 2603/1083/1722 2607/1086/1723
f 2608/1087/1722 2603/1083/1722 2610/1089/1722
f 2611/1090/1722 2603/1083/1722 2609/1088/1725
f 2610/1089/1722 2603/1083/1722 2612/1091/1722
f 2613/1092/1724 2603/1083/1722 2611/1090/1722
f 2614/1093/1723 2603/1083/1722 2613/1092/1724
f 2612/1091/1722 2603/1083/1722 2614/1093/1723
