# Blender 5.2.2 LTS
# www.blender.org
mtllib Hip.mtl
o Hip
v 3.754405 -36.492294 -19.657421
v 0.000000 -27.960358 -19.316452
v 0.000000 -36.153595 -19.657421
v 0.000000 -23.060013 -17.262569
v 9.300077 -22.473312 -19.042818
v 9.374849 -22.708572 -17.231817
v 9.300077 -22.473312 -19.042818
v 0.000000 -23.060013 -17.262569
v 0.000000 -22.824783 -19.073566
v 8.024322 -21.583084 -22.882835
v 8.088334 -17.782532 -25.404997
v 8.733124 -21.819763 -22.586618
v 8.088334 -17.782532 -25.404997
v 8.024322 -21.583084 -22.882835
v 7.376089 -18.070831 -25.047817
v 5.065661 -18.132263 -27.787624
v 7.376089 -18.070831 -25.047817
v 4.221851 -18.271698 -27.060547
v 7.376089 -18.070831 -25.047817
v 5.065661 -18.132263 -27.787624
v 8.088334 -17.782532 -25.404997
v 13.098629 -17.160446 -16.647976
v 0.000000 -16.827744 -16.647976
v 9.374849 -22.708572 -17.231817
v 0.000000 -16.827744 -16.647976
v 0.000000 -23.060013 -17.262569
v 9.374849 -22.708572 -17.231817
v 8.162414 -22.519302 -19.144663
v 7.358813 -25.229294 -19.202795
v 7.192596 -24.896606 -21.701309
v 8.093367 -21.971466 -21.375429
v 5.756873 -28.045044 -19.316452
v 3.754405 -36.492294 -19.657421
v 3.669141 -35.885086 -21.879513
v 5.756873 -28.045044 -19.316452
v 3.669141 -35.885086 -21.879513
v 5.626721 -27.643723 -21.745861
v 7.358813 -25.229294 -19.202795
v 5.626721 -27.643723 -21.745861
v 7.192596 -24.896606 -21.701309
v 5.756873 -28.045044 -19.316452
v -8.093367 -21.971466 -21.375429
v -7.026379 -24.659729 -23.465321
v -7.192596 -24.896606 -21.701309
v -7.026379 -24.659729 -23.465321
v -8.093367 -21.971466 -21.375429
v -8.024322 -21.583084 -22.882835
v -1.968975 -10.658813 -27.978685
v -2.437871 -10.987442 -28.739056
v -3.091504 -8.490616 -27.524467
v -1.968975 -10.658813 -27.978685
v -3.091504 -8.490616 -27.524467
v -3.486966 -7.071747 -26.240351
v -4.749303 -26.589737 -23.575535
v -2.105169 -34.760071 -25.311815
v -2.103446 -35.330414 -23.498295
v -2.105169 -34.760071 -25.311815
v -4.749303 -26.589737 -23.575535
v -4.752295 -25.912674 -25.636843
v -4.749303 -26.589737 -23.575535
v -7.026379 -24.659729 -23.465321
v -4.752295 -25.912674 -25.636843
v -7.026379 -24.659729 -23.465321
v -4.749303 -26.589737 -23.575535
v -7.192596 -24.896606 -21.701309
v -5.626721 -27.643723 -21.745861
v -7.192596 -24.896606 -21.701309
v -4.749303 -26.589737 -23.575535
v 7.026379 -24.659729 -23.465321
v 8.093367 -21.971466 -21.375429
v 7.192596 -24.896606 -21.701309
v 8.093367 -21.971466 -21.375429
v 7.026379 -24.659729 -23.465321
v 8.024322 -21.583084 -22.882835
v 1.968975 -10.658813 -27.978685
v 3.091504 -8.490616 -27.524467
v 2.437871 -10.987442 -28.739056
v 1.968975 -10.658813 -27.978685
v 3.486966 -7.071747 -26.240351
v 3.091504 -8.490616 -27.524467
v 4.749303 -26.589737 -23.575535
v 2.103446 -35.330414 -23.498295
v 2.105169 -34.760071 -25.311815
v 2.105169 -34.760071 -25.311815
v 4.752295 -25.912674 -25.636843
v 4.749303 -26.589737 -23.575535
v 4.749303 -26.589737 -23.575535
v 7.026379 -24.659729 -23.465321
v 7.192596 -24.896606 -21.701309
v 7.026379 -24.659729 -23.465321
v 4.749303 -26.589737 -23.575535
v 4.752295 -25.912674 -25.636843
v 5.626721 -27.643723 -21.745861
v 4.749303 -26.589737 -23.575535
v 7.192596 -24.896606 -21.701309
v 0.000000 -27.960358 -19.316452
v -3.754405 -36.492294 -19.657421
v 0.000000 -36.153595 -19.657421
v 0.000000 -23.060013 -17.262569
v -9.374849 -22.708572 -17.231817
v -9.300077 -22.473312 -19.042818
v 0.000000 -23.060013 -17.262569
v -9.300077 -22.473312 -19.042818
v 0.000000 -22.824783 -19.073566
v -8.733124 -21.819763 -22.586618
v -8.088334 -17.782532 -25.404997
v -8.024322 -21.583084 -22.882835
v -8.088334 -17.782532 -25.404997
v -7.376089 -18.070831 -25.047817
v -8.024322 -21.583084 -22.882835
v -5.065661 -18.132263 -27.787624
v -7.376089 -18.070831 -25.047817
v -8.088334 -17.782532 -25.404997
v -7.376089 -18.070831 -25.047817
v -5.065661 -18.132263 -27.787624
v -4.221851 -18.271698 -27.060547
v -9.374849 -22.708572 -17.231817
v 0.000000 -16.827744 -16.647976
v -13.098629 -17.160446 -16.647976
v 0.000000 -16.827744 -16.647976
v -9.374849 -22.708572 -17.231817
v 0.000000 -23.060013 -17.262569
v -8.162414 -22.519302 -19.144663
v -7.192596 -24.896606 -21.701309
v -7.358813 -25.229294 -19.202795
v -8.093367 -21.971466 -21.375429
v -5.756873 -28.045044 -19.316452
v -3.669141 -35.885086 -21.879513
v -3.754405 -36.492294 -19.657421
v -3.669141 -35.885086 -21.879513
v -5.756873 -28.045044 -19.316452
v -5.626721 -27.643723 -21.745861
v -7.358813 -25.229294 -19.202795
v -5.626721 -27.643723 -21.745861
v -5.756873 -28.045044 -19.316452
v -7.192596 -24.896606 -21.701309
v 12.434704 -14.948547 -7.030815
v 13.624983 -14.980469 -11.098391
v 15.272568 -15.151184 -5.566141
v 13.624983 -14.980469 -11.098391
v 12.434704 -14.948547 -7.030815
v 11.967765 -14.901077 -9.988402
v 10.143818 -19.585190 16.861174
v 7.401328 -20.105576 18.092733
v 10.087580 -22.668091 16.896454
v 7.401328 -20.105576 18.092733
v 7.285591 -23.831589 18.157099
v 10.087580 -22.668091 16.896454
v 4.542842 -23.655838 19.359558
v 4.322729 -23.003052 21.695742
v 3.078279 -24.056564 21.503412
v 4.322729 -23.003052 21.695742
v 4.542842 -23.655838 19.359558
v 7.401328 -20.105576 18.092733
v 10.087580 -22.668091 16.896454
v 7.285591 -23.831589 18.157099
v 8.460530 -24.114822 15.395926
v 8.460530 -24.114822 15.395926
v 11.234315 -22.951462 14.135248
v 10.087580 -22.668091 16.896454
v 6.666137 -26.779373 17.971882
v 8.460530 -24.114822 15.395926
v 7.285591 -23.831589 18.157099
v 8.460530 -24.114822 15.395926
v 6.666137 -26.779373 17.971882
v 7.767147 -27.470291 15.356236
v 4.322729 -23.003052 21.695742
v 7.401328 -20.105576 18.092733
v 8.596736 -21.303665 21.923000
v 15.473623 -8.009796 -15.659236
v 15.269723 -7.628403 -10.565861
v 16.983831 -7.599197 -11.409376
v 15.269723 -7.628403 -10.565861
v 15.473623 -8.009796 -15.659236
v 13.339252 -7.820511 -15.582114
v 17.478701 -9.010651 -11.532547
v 15.473623 -8.009796 -15.659236
v 16.983831 -7.599197 -11.409376
v 15.473623 -8.009796 -15.659236
v 17.478701 -9.010651 -11.532547
v 15.834682 -9.481766 -15.759946
v 14.917001 -10.969421 14.368504
v 14.627254 -11.551163 11.251204
v 13.362671 -10.987808 14.368504
v 14.627254 -11.551163 11.251204
v 14.917001 -10.969421 14.368504
v 16.209761 -11.533920 11.251204
v 18.543257 -9.531372 3.291590
v 17.058346 -7.512909 0.838617
v 16.799129 -9.591064 3.270379
v 17.058346 -7.512909 0.838617
v 18.543257 -9.531372 3.291590
v 18.841736 -7.431412 0.870431
v 18.489027 -14.086853 2.175493
v 18.445587 -14.167679 -3.079164
v 18.720009 -13.420029 -3.221806
v 15.272568 -15.151184 -5.566141
v 16.091732 -14.980469 -11.442610
v 17.755560 -15.151184 -5.914713
v 16.091732 -14.980469 -11.442610
v 15.272568 -15.151184 -5.566141
v 13.624983 -14.980469 -11.098391
v 13.624983 -14.980469 -11.098391
v 14.979512 -14.235184 -15.739927
v 16.091732 -14.980469 -11.442610
v 14.979512 -14.235184 -15.739927
v 13.624983 -14.980469 -11.098391
v 11.893222 -13.997879 -15.410113
v 17.356867 -6.639038 -9.437621
v 15.269723 -7.628403 -10.565861
v 15.738212 -6.691788 -8.883859
v 15.269723 -7.628403 -10.565861
v 17.356867 -6.639038 -9.437621
v 16.983831 -7.599197 -11.409376
v 12.384653 -13.552856 -16.546637
v 12.855882 -10.011368 -16.588587
v 14.858818 -12.753845 -16.830919
v 14.858818 -12.753845 -16.830919
v 12.855882 -10.011368 -16.588587
v 15.213237 -9.509644 -16.741793
v 12.855882 -10.011368 -16.588587
v 13.612104 -8.367828 -16.637732
v 15.213237 -9.509644 -16.741793
v 15.213237 -9.509644 -16.741793
v 13.612104 -8.367828 -16.637732
v 14.985966 -8.489975 -16.669666
v 14.482727 -13.776154 -16.771902
v 12.384653 -13.552856 -16.546637
v 14.858818 -12.753845 -16.830919
v 9.041001 -19.901245 -18.321341
v 10.703300 -14.163757 -18.184738
v 9.918685 -20.011002 -16.620485
v 11.893222 -13.997879 -15.410113
v 9.918685 -20.011002 -16.620485
v 10.703300 -14.163757 -18.184738
v 12.415418 -9.878891 -15.521431
v 11.893222 -13.997879 -15.410113
v 10.864515 -10.014954 -18.296057
v 11.893222 -13.997879 -15.410113
v 10.703300 -14.163757 -18.184738
v 10.864515 -10.014954 -18.296057
v 14.858818 -12.753845 -16.830919
v 15.213237 -9.509644 -16.741793
v 15.491561 -12.810913 -15.858344
v 15.834682 -9.481766 -15.759946
v 15.491561 -12.810913 -15.858344
v 15.213237 -9.509644 -16.741793
v 12.855882 -10.011368 -16.588587
v 12.384653 -13.552856 -16.546637
v 12.415418 -9.878891 -15.521431
v 11.893222 -13.997879 -15.410113
v 12.415418 -9.878891 -15.521431
v 12.384653 -13.552856 -16.546637
v 15.473623 -8.009796 -15.659236
v 15.834682 -9.481766 -15.759946
v 14.985966 -8.489975 -16.669666
v 15.834682 -9.481766 -15.759946
v 15.213237 -9.509644 -16.741793
v 14.985966 -8.489975 -16.669666
v 14.985966 -8.489975 -16.669666
v 13.339252 -7.820511 -15.582114
v 15.473623 -8.009796 -15.659236
v 13.339252 -7.820511 -15.582114
v 14.985966 -8.489975 -16.669666
v 13.612104 -8.367828 -16.637732
v 13.612104 -8.367828 -16.637732
v 12.415418 -9.878891 -15.521431
v 13.339252 -7.820511 -15.582114
v 12.415418 -9.878891 -15.521431
v 13.612104 -8.367828 -16.637732
v 12.855882 -10.011368 -16.588587
v 15.491561 -12.810913 -15.858344
v 14.482727 -13.776154 -16.771902
v 14.858818 -12.753845 -16.830919
v 14.482727 -13.776154 -16.771902
v 15.491561 -12.810913 -15.858344
v 14.979512 -14.235184 -15.739927
v 12.384653 -13.552856 -16.546637
v 14.979512 -14.235184 -15.739927
v 11.893222 -13.997879 -15.410113
v 14.979512 -14.235184 -15.739927
v 12.384653 -13.552856 -16.546637
v 14.482727 -13.776154 -16.771902
v 4.482419 -33.704041 -14.598145
v 6.821262 -21.548889 -15.019205
v 5.788788 -22.350174 -14.485443
v 5.788788 -22.350174 -14.485443
v 4.270899 -33.350784 -13.911949
v 4.482419 -33.704041 -14.598145
v 4.388951 -39.480850 -5.178590
v 4.555313 -36.774719 -11.266713
v 4.385925 -36.147476 -10.865546
v 4.385925 -36.147476 -10.865546
v 4.222652 -39.039169 -4.329069
v 4.388951 -39.480850 -5.178590
v 3.377443 -41.311539 -5.080524
v 4.388951 -39.480850 -5.178590
v 4.222652 -39.039169 -4.329069
v 4.388951 -39.480850 -5.178590
v 3.377443 -41.311539 -5.080524
v 3.630892 -41.378174 -5.805813
v 4.555313 -36.774719 -11.266713
v 4.482419 -33.704041 -14.598145
v 4.270899 -33.350784 -13.911949
v 4.555313 -36.774719 -11.266713
v 4.270899 -33.350784 -13.911949
v 4.385925 -36.147476 -10.865546
v -15.272568 -15.151184 -5.566141
v -13.624983 -14.980469 -11.098391
v -12.434704 -14.948547 -7.030815
v -13.624983 -14.980469 -11.098391
v -11.967765 -14.901077 -9.988402
v -12.434704 -14.948547 -7.030815
v -10.143818 -19.585190 16.861174
v -10.056526 -22.668091 16.896454
v -7.401328 -20.105576 18.092733
v -7.355794 -23.831589 18.157099
v -7.401328 -20.105576 18.092733
v -10.056526 -22.668091 16.896454
v -4.322729 -23.003052 21.695742
v -4.542842 -23.655838 19.359558
v -3.078279 -24.056564 21.503412
v -4.542842 -23.655838 19.359558
v -4.322729 -23.003052 21.695742
v -7.401328 -20.105576 18.092733
v -10.056526 -22.668091 16.896454
v -8.484550 -24.114822 15.395926
v -7.355794 -23.831589 18.157099
v -8.484550 -24.114822 15.395926
v -10.056526 -22.668091 16.896454
v -11.234315 -22.951462 14.135248
v -8.484550 -24.114822 15.395926
v -6.666137 -26.779373 17.971882
v -7.355794 -23.831589 18.157099
v -6.666137 -26.779373 17.971882
v -8.484550 -24.114822 15.395926
v -7.802774 -27.470291 15.356236
v -4.322729 -23.003052 21.695742
v -8.596736 -21.303665 21.923000
v -7.401328 -20.105576 18.092733
v -15.473623 -8.009796 -15.659236
v -16.983831 -7.599197 -11.409376
v -15.269723 -7.628403 -10.565861
v -15.269723 -7.628403 -10.565861
v -13.339252 -7.820511 -15.582114
v -15.473623 -8.009796 -15.659236
v -16.983831 -7.599197 -11.409376
v -15.473623 -8.009796 -15.659236
v -17.478701 -9.010651 -11.532547
v -15.473623 -8.009796 -15.659236
v -15.834682 -9.481766 -15.759946
v -17.478701 -9.010651 -11.532547
v -14.627254 -11.551163 11.251204
v -14.917001 -10.969421 14.368504
v -13.362671 -10.987808 14.368504
v -14.917001 -10.969421 14.368504
v -14.627254 -11.551163 11.251204
v -16.209761 -11.533920 11.251204
v -18.543257 -9.531372 3.291590
v -17.058346 -7.512909 0.838617
v -18.841736 -7.431412 0.870431
v -17.058346 -7.512909 0.838617
v -18.543257 -9.531372 3.291590
v -16.799129 -9.591064 3.270379
v -18.489027 -14.086853 2.175493
v -18.720009 -13.420029 -3.221806
v -18.445587 -14.167679 -3.079164
v -16.091732 -14.980469 -11.442610
v -15.272568 -15.151184 -5.566141
v -17.755560 -15.151184 -5.914713
v -15.272568 -15.151184 -5.566141
v -16.091732 -14.980469 -11.442610
v -13.624983 -14.980469 -11.098391
v -14.979512 -14.235184 -15.739927
v -13.624983 -14.980469 -11.098391
v -16.091732 -14.980469 -11.442610
v -13.624983 -14.980469 -11.098391
v -14.979512 -14.235184 -15.739927
v -11.893222 -13.997879 -15.410113
v -17.356867 -6.639038 -9.437621
v -15.269723 -7.628403 -10.565861
v -16.983831 -7.599197 -11.409376
v -15.269723 -7.628403 -10.565861
v -17.356867 -6.639038 -9.437621
v -15.738212 -6.691788 -8.883859
v -12.384653 -13.552856 -16.546637
v -14.858818 -12.753845 -16.830919
v -12.855882 -10.011368 -16.588587
v -14.858818 -12.753845 -16.830919
v -15.213237 -9.509644 -16.741793
v -12.855882 -10.011368 -16.588587
v -12.855882 -10.011368 -16.588587
v -15.213237 -9.509644 -16.741793
v -13.612104 -8.367828 -16.637732
v -15.213237 -9.509644 -16.741793
v -14.985966 -8.489975 -16.669666
v -13.612104 -8.367828 -16.637732
v -14.482727 -13.776154 -16.771902
v -14.858818 -12.753845 -16.830919
v -12.384653 -13.552856 -16.546637
v -9.918685 -20.011002 -16.620485
v -11.893222 -13.997879 -15.410113
v -10.703300 -14.163757 -18.184738
v -9.918685 -20.011002 -16.620485
v -10.703300 -14.163757 -18.184738
v -9.041001 -19.901245 -18.321341
v -10.864515 -10.014954 -18.296057
v -11.893222 -13.997879 -15.410113
v -12.415418 -9.878891 -15.521431
v -11.893222 -13.997879 -15.410113
v -10.864515 -10.014954 -18.296057
v -10.703300 -14.163757 -18.184738
v -15.491561 -12.810913 -15.858344
v -15.834682 -9.481766 -15.759946
v -15.213237 -9.509644 -16.741793
v -15.491561 -12.810913 -15.858344
v -15.213237 -9.509644 -16.741793
v -14.858818 -12.753845 -16.830919
v -12.415418 -9.878891 -15.521431
v -11.893222 -13.997879 -15.410113
v -12.384653 -13.552856 -16.546637
v -12.415418 -9.878891 -15.521431
v -12.384653 -13.552856 -16.546637
v -12.855882 -10.011368 -16.588587
v -15.473623 -8.009796 -15.659236
v -14.985966 -8.489975 -16.669666
v -15.834682 -9.481766 -15.759946
v -15.834682 -9.481766 -15.759946
v -14.985966 -8.489975 -16.669666
v -15.213237 -9.509644 -16.741793
v -13.339252 -7.820511 -15.582114
v -14.985966 -8.489975 -16.669666
v -15.473623 -8.009796 -15.659236
v -14.985966 -8.489975 -16.669666
v -13.339252 -7.820511 -15.582114
v -13.612104 -8.367828 -16.637732
v -12.415418 -9.878891 -15.521431
v -13.612104 -8.367828 -16.637732
v -13.339252 -7.820511 -15.582114
v -13.612104 -8.367828 -16.637732
v -12.415418 -9.878891 -15.521431
v -12.855882 -10.011368 -16.588587
v -15.491561 -12.810913 -15.858344
v -14.482727 -13.776154 -16.771902
v -14.979512 -14.235184 -15.739927
v -14.482727 -13.776154 -16.771902
v -15.491561 -12.810913 -15.858344
v -14.858818 -12.753845 -16.830919
v -14.979512 -14.235184 -15.739927
v -12.384653 -13.552856 -16.546637
v -11.893222 -13.997879 -15.410113
v -12.384653 -13.552856 -16.546637
v -14.979512 -14.235184 -15.739927
v -14.482727 -13.776154 -16.771902
v -6.821262 -21.548889 -15.019205
v -4.482419 -33.704041 -14.598145
v -5.788788 -22.350174 -14.485443
v -5.788788 -22.350174 -14.485443
v -4.482419 -33.704041 -14.598145
v -4.270899 -33.350784 -13.911949
v -4.222652 -39.039169 -4.329069
v -4.385925 -36.147476 -10.865546
v -4.388951 -39.480850 -5.178590
v -4.388951 -39.480850 -5.178590
v -4.385925 -36.147476 -10.865546
v -4.555313 -36.774719 -11.266713
v -4.388951 -39.480850 -5.178590
v -3.377443 -41.311539 -5.080524
v -4.222652 -39.039169 -4.329069
v -3.377443 -41.311539 -5.080524
v -4.388951 -39.480850 -5.178590
v -3.630892 -41.378174 -5.805813
v -4.482419 -33.704041 -14.598145
v -4.555313 -36.774719 -11.266713
v -4.270899 -33.350784 -13.911949
v -4.270899 -33.350784 -13.911949
v -4.555313 -36.774719 -11.266713
v -4.385925 -36.147476 -10.865546
v -14.485170 -15.615738 19.837410
v -8.547796 -12.462418 21.811485
v -13.913933 -15.223312 18.684130
v -8.547796 -12.462418 21.811485
v -14.485170 -15.615738 19.837410
v -8.899309 -12.901566 22.926746
v -13.913933 -15.223312 18.684130
v -10.431046 -20.520020 19.351664
v -14.485170 -15.615738 19.837410
v -14.485170 -15.615738 19.837410
v -10.431046 -20.520020 19.351664
v -11.428595 -20.250046 20.432505
v 14.485170 -15.615738 19.837410
v 8.547796 -12.462418 21.811485
v 8.899309 -12.901566 22.926746
v 8.547796 -12.462418 21.811485
v 14.485170 -15.615738 19.837410
v 13.913933 -15.223312 18.684130
v 14.485170 -15.615738 19.837410
v 11.428595 -20.250046 20.432505
v 10.431046 -20.520020 19.351664
v 14.485170 -15.615738 19.837410
v 10.431046 -20.520020 19.351664
v 13.913933 -15.223312 18.684130
v -13.913933 -15.223312 18.684130
v -6.414634 -14.973068 20.848518
v -10.431046 -20.520020 19.351664
v -10.431046 -20.520020 19.351664
v -6.414634 -14.973068 20.848518
v -8.177967 -20.520020 19.351664
v -13.913933 -15.223312 18.684130
v -8.547796 -12.462418 21.811485
v -6.414634 -14.973068 20.848518
v 13.913933 -15.223312 18.684130
v 10.431046 -20.520020 19.351664
v 6.414634 -14.973068 20.848518
v 10.431046 -20.520020 19.351664
v 8.177967 -20.520020 19.351664
v 6.414634 -14.973068 20.848518
v 13.913933 -15.223312 18.684130
v 6.414634 -14.973068 20.848518
v 8.547796 -12.462418 21.811485
v 0.000000 -27.960358 -19.316452
v 3.754405 -36.492294 -19.657421
v 5.756873 -28.045044 -19.316452
v 5.756873 -28.045044 -19.316452
v 0.000000 -25.229294 -19.202795
v 7.358813 -25.229294 -19.202795
v 0.000000 -22.824783 -19.073566
v 8.162414 -22.519302 -19.144663
v 9.300077 -22.473312 -19.042818
v -5.756873 -28.045044 -19.316452
v -3.754405 -36.492294 -19.657421
v 0.000000 -27.960358 -19.316452
v 0.000000 -25.229294 -19.202795
v -5.756873 -28.045044 -19.316452
v -7.358813 -25.229294 -19.202795
v 0.000000 -22.824783 -19.073566
v -8.162414 -22.519302 -19.144663
v -9.300077 -22.473312 -19.042818
v 1.626481 -38.450912 -20.296621
v 3.754405 -36.492294 -19.657421
v 0.000000 -36.153595 -19.657421
v 0.000000 -39.205688 -20.646072
v 0.000000 -7.185623 -16.919880
v 9.121083 -5.576859 -17.569395
v 0.000000 -5.576859 -17.569395
v 10.424942 -7.185623 -16.919880
v 0.000000 -36.076141 -23.882578
v -2.105169 -34.760071 -25.311815
v 0.000000 -35.507523 -25.695602
v -2.103446 -35.330414 -23.498295
v 0.000000 -36.076141 -23.882578
v 2.105169 -34.760071 -25.311815
v 2.103446 -35.330414 -23.498295
v 0.000000 -35.507523 -25.695602
v -1.626481 -38.450912 -20.296621
v 0.000000 -36.153595 -19.657421
v -3.754405 -36.492294 -19.657421
v 0.000000 -39.205688 -20.646072
v -9.121083 -5.576859 -17.569395
v 0.000000 -7.185623 -16.919880
v 0.000000 -5.576859 -17.569395
v -10.424942 -7.185623 -16.919880
v 3.599499 -39.484894 -11.936458
v 4.388951 -39.480850 -5.178590
v 3.630892 -41.378174 -5.805813
v 4.555313 -36.774719 -11.266713
v 3.504702 -36.193680 -20.095541
v 4.482419 -33.704041 -14.598145
v 3.500966 -37.965256 -15.751105
v 4.353403 -32.240128 -20.018148
v 6.821262 -21.548889 -15.019205
v 5.868369 -21.109634 -20.271334
v 4.482419 -33.704041 -14.598145
v 4.555313 -36.774719 -11.266713
v 3.500966 -37.965256 -15.751105
v 3.599499 -39.484894 -11.936458
v 4.222652 -39.039169 -4.329069
v 4.380508 -40.615036 2.416482
v 3.535299 -41.861038 2.416481
v 3.377443 -41.311539 -5.080524
v 4.385925 -35.907822 13.921119
v 3.540716 -39.705292 14.088789
v 4.429886 -39.073044 9.622662
v 3.584677 -41.301788 9.706496
v 3.584677 -41.301788 9.706496
v 4.380508 -40.615036 2.416482
v 4.429886 -39.073044 9.622662
v 3.535299 -41.861038 2.416481
v 0.000000 -43.154800 2.416480
v 3.377443 -41.311539 -5.080524
v 3.535299 -41.861038 2.416481
v 0.000000 -42.617920 -5.080525
v 3.540716 -39.705292 14.088789
v 0.000000 -42.595551 9.706496
v 3.584677 -41.301788 9.706496
v 0.000000 -40.999039 14.088788
v 0.000000 -40.999039 14.088788
v 2.196146 -37.037857 19.909920
v 0.000000 -38.326691 19.797159
v 3.540716 -39.705292 14.088789
v 0.000000 -42.595551 9.706496
v 3.535299 -41.861038 2.416481
v 3.584677 -41.301788 9.706496
v 0.000000 -43.154800 2.416480
v 10.143818 -19.585190 16.861174
v 10.087580 -22.668091 16.896454
v 11.234315 -22.951462 14.135248
v 11.415163 -18.413147 13.983534
v 15.269723 -7.628403 -10.565861
v 12.415418 -9.878891 -15.521431
v 14.868443 -10.034424 -10.332158
v 13.339252 -7.820511 -15.582114
v 0.000000 -42.791763 -5.844677
v 3.599499 -39.484894 -11.936458
v 3.630892 -41.378174 -5.805813
v 0.000000 -40.758362 -12.156190
v 0.000000 -39.162735 -16.169407
v 3.504702 -36.193680 -20.095541
v 3.500966 -37.965256 -15.751105
v 0.000000 -37.512207 -20.285475
v 0.000000 -40.758362 -12.156190
v 3.500966 -37.965256 -15.751105
v 3.599499 -39.484894 -11.936458
v 0.000000 -39.162735 -16.169407
v 3.377443 -41.311539 -5.080524
v 0.000000 -42.617920 -5.080525
v 0.000000 -42.791763 -5.844677
v 3.630892 -41.378174 -5.805813
v -4.388951 -39.480850 -5.178590
v -3.599499 -39.484894 -11.936458
v -3.630892 -41.378174 -5.805813
v -4.555313 -36.774719 -11.266713
v -4.482419 -33.704041 -14.598145
v -3.504702 -36.193680 -20.095541
v -3.500966 -37.965256 -15.751105
v -4.353403 -32.240128 -20.018148
v -5.868369 -21.109634 -20.271334
v -6.821262 -21.548889 -15.019205
v -4.482419 -33.704041 -14.598145
v -3.500966 -37.965256 -15.751105
v -4.555313 -36.774719 -11.266713
v -3.599499 -39.484894 -11.936458
v -4.222652 -39.039169 -4.329069
v -3.535299 -41.861038 2.416481
v -4.380508 -40.615036 2.416482
v -3.377443 -41.311539 -5.080524
v -4.385925 -35.907822 13.921119
v -4.429886 -39.073044 9.622662
v -3.540716 -39.705292 14.088789
v -3.584677 -41.301788 9.706496
v -4.429886 -39.073044 9.622662
v -4.380508 -40.615036 2.416482
v -3.584677 -41.301788 9.706496
v -3.535299 -41.861038 2.416481
v -3.535299 -41.861038 2.416481
v -3.377443 -41.311539 -5.080524
v 0.000000 -43.154800 2.416480
v 0.000000 -42.617920 -5.080525
v -3.540716 -39.705292 14.088789
v 0.000000 -42.595551 9.706496
v 0.000000 -40.999039 14.088788
v -3.584677 -41.301788 9.706496
v -2.196146 -37.037857 19.909920
v 0.000000 -40.999039 14.088788
v 0.000000 -38.326691 19.797159
v -3.540716 -39.705292 14.088789
v -3.584677 -41.301788 9.706496
v -3.535299 -41.861038 2.416481
v 0.000000 -42.595551 9.706496
v 0.000000 -43.154800 2.416480
v -10.143818 -19.585190 16.861174
v -11.234315 -22.951462 14.135248
v -10.056526 -22.668091 16.896454
v -11.420334 -18.413147 13.983534
v -14.868443 -10.034424 -10.332158
v -12.415418 -9.878891 -15.521431
v -15.269723 -7.628403 -10.565861
v -13.339252 -7.820511 -15.582114
v 0.000000 -42.791763 -5.844677
v -3.599499 -39.484894 -11.936458
v 0.000000 -40.758362 -12.156190
v -3.630892 -41.378174 -5.805813
v 0.000000 -39.162735 -16.169407
v -3.504702 -36.193680 -20.095541
v 0.000000 -37.512207 -20.285475
v -3.500966 -37.965256 -15.751105
v 0.000000 -40.758362 -12.156190
v -3.500966 -37.965256 -15.751105
v 0.000000 -39.162735 -16.169407
v -3.599499 -39.484894 -11.936458
v -3.630892 -41.378174 -5.805813
v 0.000000 -42.791763 -5.844677
v -3.377443 -41.311539 -5.080524
v 0.000000 -42.617920 -5.080525
v -5.981191 -14.942703 22.513594
v -6.982693 -14.329468 21.398737
v -6.543621 -14.121933 22.709078
v -7.652191 -13.647583 21.741447
v 0.000000 -15.328918 22.032932
v -5.981191 -15.328934 22.032932
v 0.000000 -14.942703 22.513592
v -5.981191 -14.942703 22.513594
v -5.981191 -15.328934 22.032932
v 0.000000 -15.328918 22.032932
v 0.000000 -14.973068 20.848518
v -6.414634 -14.973068 20.848518
v 0.000000 -20.520020 19.351664
v -8.177967 -20.520020 19.351664
v -6.414634 -14.973068 20.848518
v 0.000000 -14.973068 20.848518
v 5.981191 -14.942703 22.513594
v 6.543621 -14.121933 22.709078
v 6.982693 -14.329468 21.398737
v 7.652191 -13.647583 21.741447
v 0.000000 -14.942703 22.513592
v 5.981191 -14.942703 22.513594
v 5.981191 -15.328934 22.032932
v 0.000000 -15.328918 22.032932
v 6.414634 -14.973068 20.848518
v 0.000000 -14.973068 20.848518
v 5.981191 -15.328934 22.032932
v 0.000000 -15.328918 22.032932
v 0.000000 -20.520020 19.351664
v 6.414634 -14.973068 20.848518
v 8.177967 -20.520020 19.351664
v 0.000000 -14.973068 20.848518
v -3.575560 -18.279068 -26.831636
v -1.525085 -18.347000 -28.218817
v -0.903883 -23.958893 -26.605713
v 0.000000 -18.307129 -28.408472
v 0.000000 -24.109299 -26.611647
v 0.903883 -23.958893 -26.605713
v 1.525085 -18.347000 -28.218817
v 3.575560 -18.279068 -26.831636
v -1.968975 -10.658813 -27.978685
v -3.486966 -7.071747 -26.240351
v -1.743482 -7.120178 -26.882599
v 0.000000 -10.621323 -28.072374
v 0.000000 -7.125488 -26.987961
v 1.743482 -7.120178 -26.882599
v 1.968975 -10.658813 -27.978685
v 3.486966 -7.071747 -26.240351
v 3.091504 -8.490616 -27.524467
v 3.486966 -7.071747 -26.240351
v 4.190352 -8.466583 -27.101191
v 6.210490 -7.140488 -25.005835
v 7.402434 -8.488007 -25.741377
v 8.184241 -7.166672 -23.345095
v 9.799761 -8.518875 -23.780926
v 9.637283 -7.166946 -20.194658
v 11.592696 -8.572174 -20.398039
v 10.424942 -7.185623 -16.919880
v 12.331622 -8.594498 -16.892935
v 8.024322 -21.583084 -22.882835
v 7.026379 -24.659729 -23.465321
v 7.376089 -18.070831 -25.047817
v 4.752295 -25.912674 -25.636843
v 4.221851 -18.271698 -27.060547
v 1.092959 -24.158188 -26.849865
v 2.105169 -34.760071 -25.311815
v 0.000000 -24.318024 -26.856459
v 0.000000 -35.507523 -25.695602
v -2.105169 -34.760071 -25.311815
v -1.092959 -24.158188 -26.849865
v -4.752295 -25.912674 -25.636843
v -4.221851 -18.271698 -27.060547
v -7.376089 -18.070831 -25.047817
v -7.026379 -24.659729 -23.465321
v -8.024322 -21.583084 -22.882835
v 17.356867 -6.639038 -9.437621
v 15.738212 -6.691788 -8.883859
v 17.143681 -7.013580 -3.837853
v 18.958902 -6.890137 -3.785646
v 17.058346 -7.512909 0.838617
v 18.841736 -7.431412 0.870431
v 11.508110 -20.562424 -11.919662
v 9.918685 -20.011002 -16.620485
v 12.734266 -17.040695 -11.033163
v 11.893222 -13.997879 -15.410113
v 13.624983 -14.980469 -11.098391
v -9.821731 -17.376282 22.257315
v -9.175815 -14.910416 22.248240
v -12.443252 -15.259155 19.051416
v -11.822129 -12.996857 19.032982
v -15.510499 -13.287125 14.396305
v -14.917001 -10.969421 14.368504
v -16.901627 -12.306656 11.288370
v -16.209761 -11.533920 11.251204
v -18.325802 -11.333801 7.321380
v -17.654613 -10.532639 7.271397
v -19.049694 -10.360931 3.354391
v -18.543257 -9.531372 3.291590
v -19.436806 -9.878296 0.941366
v -18.841736 -7.431412 0.870431
v -19.428148 -9.310074 -3.699061
v -18.958902 -6.890137 -3.785646
v -17.356867 -6.639038 -9.437621
v -17.478701 -9.010651 -11.532547
v -16.983831 -7.599197 -11.409376
v -14.868443 -10.034424 -10.332158
v -15.269723 -7.628403 -10.565861
v -15.738212 -6.691788 -8.883859
v -16.590483 -10.155151 -3.681748
v -17.143681 -7.013580 -3.837853
v -17.058346 -7.512909 0.838617
v -16.521004 -10.744385 0.935125
v -16.799129 -9.591064 3.270379
v -16.150957 -10.924408 3.335902
v -16.008097 -10.571121 7.260792
v -15.495835 -11.484482 7.300558
v -14.627254 -11.551163 11.251204
v -14.105139 -12.343582 11.265213
v -13.362671 -10.987808 14.368504
v -12.781092 -12.885986 14.392975
v -10.498664 -12.992996 19.032982
v -10.306786 -14.075104 19.067919
v -8.066958 -14.884354 22.248240
v -8.193800 -15.251175 22.525808
v -6.543621 -14.121933 22.709078
v -7.652191 -13.647583 21.741447
v -7.673672 -14.121933 22.709078
v -5.932193 -14.765701 24.022594
v -6.205867 -15.217163 24.943668
v -4.277447 -15.765961 26.063322
v -4.475313 -16.263428 27.078274
v -1.933035 -16.765717 28.103065
v -2.021011 -17.309647 29.212891
v 0.000000 -17.288620 29.169872
v 0.000000 -17.856613 30.328815
v 0.000000 -42.531036 19.542728
v 0.000000 -44.375305 19.648026
v -2.209948 -41.876465 19.407345
v -1.243096 -41.125427 19.407345
v -3.719409 -39.420380 19.184952
v -2.789557 -38.669357 19.184954
v -4.631240 -33.349411 19.022545
v -6.174986 -33.349411 19.022545
v -6.120439 -28.390411 19.101330
v -7.806655 -28.390411 19.101330
v -8.177967 -20.520020 19.351664
v -10.431046 -20.520020 19.351664
v 8.963131 -32.335312 11.356530
v 8.310606 -36.035980 7.598786
v 10.977891 -36.506287 7.598785
v 11.630424 -32.805618 11.356530
v 9.854492 -27.280136 12.731963
v 12.521785 -27.750443 12.731963
v 10.745859 -22.224960 11.356536
v 13.413144 -22.695251 11.356536
v 11.398385 -18.524292 7.598798
v 14.065671 -18.994629 7.598798
v 11.637225 -17.169754 2.465630
v 14.304511 -17.640091 2.465630
v 14.065671 -18.994598 -2.667541
v 11.398385 -18.524292 -2.667541
v 13.413144 -22.695251 -6.425284
v 10.745859 -22.224945 -6.425284
v 12.521785 -27.750427 -7.800718
v 9.854492 -27.280136 -7.800717
v 11.630424 -32.805603 -6.425291
v 8.963131 -32.335297 -6.425291
v 10.977891 -36.506287 -2.667553
v 8.310606 -36.035980 -2.667553
v 10.739058 -37.860809 2.465615
v 8.071772 -37.390488 2.465616
v 8.310606 -36.035980 7.598786
v 10.977891 -36.506287 7.598785
v -8.963131 -32.335312 11.356530
v -10.977891 -36.506287 7.598785
v -8.310606 -36.035980 7.598786
v -11.630424 -32.805618 11.356530
v -9.854492 -27.280136 12.731963
v -12.521785 -27.750443 12.731963
v -10.745859 -22.224960 11.356536
v -13.413144 -22.695251 11.356536
v -11.398385 -18.524292 7.598798
v -14.065671 -18.994629 7.598798
v -11.637225 -17.169754 2.465630
v -14.304511 -17.640091 2.465630
v -14.065671 -18.994598 -2.667541
v -11.398385 -18.524292 -2.667541
v -13.413144 -22.695251 -6.425284
v -10.745859 -22.224945 -6.425284
v -12.521785 -27.750427 -7.800718
v -9.854492 -27.280136 -7.800717
v -11.630424 -32.805603 -6.425291
v -8.963131 -32.335297 -6.425291
v -10.977891 -36.506287 -2.667553
v -8.310606 -36.035980 -2.667553
v -10.739058 -37.860809 2.465615
v -8.071772 -37.390488 2.465616
v -8.310606 -36.035980 7.598786
v -10.977891 -36.506287 7.598785
v 0.000000 -8.594498 -16.892935
v 10.424942 -7.185623 -16.919880
v 0.000000 -7.185623 -16.919880
v 12.331622 -8.594498 -16.892935
v 0.000000 -10.992203 -16.754616
v 12.749969 -10.992249 -16.754803
v 0.000000 -13.835297 -16.713379
v 13.267230 -13.835297 -16.713379
v 13.098629 -17.160446 -16.647976
v 0.000000 -16.827744 -16.647976
v 8.093367 -21.971466 -21.375429
v 8.024322 -21.583084 -22.882835
v 8.733124 -21.819763 -22.586618
v 9.016601 -22.066803 -21.176395
v 8.162414 -22.519302 -19.144663
v 9.300077 -22.473312 -19.042818
v 1.626481 -38.450912 -20.296621
v 3.669141 -35.885086 -21.879513
v 3.754405 -36.492294 -19.657421
v 1.596555 -37.747803 -22.447187
v 0.000000 -39.205688 -20.646072
v 0.000000 -38.375793 -22.703745
v -1.092959 -24.158188 -26.849865
v -4.221851 -18.271698 -27.060547
v -3.575560 -18.279068 -26.831636
v -0.903883 -23.958893 -26.605713
v 0.000000 -24.318024 -26.856459
v 0.000000 -24.109299 -26.611647
v 0.903883 -23.958893 -26.605713
v 1.092959 -24.158188 -26.849865
v 3.575560 -18.279068 -26.831636
v 4.221851 -18.271698 -27.060547
v -11.592696 -8.572174 -20.398039
v -12.331622 -8.594498 -16.892935
v -10.424942 -7.185623 -16.919880
v -9.637283 -7.166946 -20.194658
v -9.799761 -8.518875 -23.780926
v -8.184241 -7.166672 -23.345095
v -7.402434 -8.488007 -25.741377
v -6.210490 -7.140488 -25.005835
v -4.190352 -8.466583 -27.101191
v -3.486966 -7.071747 -26.240351
v -3.091504 -8.490616 -27.524467
v -10.424942 -7.185623 -16.919880
v 0.000000 -8.594498 -16.892935
v 0.000000 -7.185623 -16.919880
v -12.331622 -8.594498 -16.892935
v 0.000000 -10.992203 -16.754616
v -12.749969 -10.992249 -16.754803
v 0.000000 -13.835297 -16.713379
v -13.267230 -13.835297 -16.713379
v -13.098629 -17.160446 -16.647976
v 0.000000 -16.827744 -16.647976
v -8.093367 -21.971466 -21.375429
v -8.733124 -21.819763 -22.586618
v -8.024322 -21.583084 -22.882835
v -9.016601 -22.066803 -21.176395
v -8.162414 -22.519302 -19.144663
v -9.300077 -22.473312 -19.042818
v -3.669141 -35.885086 -21.879513
v -1.626481 -38.450912 -20.296621
v -3.754405 -36.492294 -19.657421
v -1.596555 -37.747803 -22.447187
v 0.000000 -39.205688 -20.646072
v 0.000000 -38.375793 -22.703745
v 4.542842 -23.655838 19.359558
v 7.285591 -23.831589 18.157099
v 7.401328 -20.105576 18.092733
v 6.666137 -26.779373 17.971882
v 4.560301 -28.287949 19.203451
v 5.048207 -28.978867 16.587803
v 7.767147 -27.470291 15.356236
v 8.460530 -24.114822 15.395926
v 10.565957 -27.055984 14.124667
v 11.234315 -22.951462 14.135248
v 7.767147 -27.470291 15.356236
v 9.454835 -34.010269 11.457984
v 5.048207 -28.978867 16.587803
v 4.385925 -35.907822 13.921119
v 4.429886 -39.073044 9.622662
v 9.066001 -37.586563 8.650432
v 4.380508 -40.615036 2.416482
v 8.915119 -39.518021 2.502929
v 9.066001 -37.916992 -3.586357
v 4.222652 -39.039169 -4.329069
v 9.454835 -34.658340 -8.519038
v 4.385925 -36.147476 -10.865546
v 9.736859 -32.108154 -10.918691
v 4.270899 -33.350784 -13.911949
v 5.788788 -22.350174 -14.485443
v 10.582932 -21.136047 -11.563382
v 11.967765 -14.901077 -9.988402
v 12.734266 -17.040695 -11.033163
v 13.624983 -14.980469 -11.098391
v 11.354481 -17.091049 -10.116405
v 11.508110 -20.562424 -11.919662
v 10.582932 -21.136047 -11.563382
v 11.335855 -19.066620 18.771345
v 9.821731 -17.376282 22.257315
v 8.596736 -21.303665 21.923000
v 12.443252 -15.259155 19.051416
v 14.481666 -16.974716 14.170471
v 15.510499 -13.287125 14.396305
v 15.911686 -15.987152 11.116780
v 16.901627 -12.306656 11.288370
v 17.462215 -15.003052 7.313866
v 18.325802 -11.333801 7.321380
v 18.489027 -14.086853 2.175493
v 19.049694 -10.360931 3.354391
v 19.436806 -9.878296 0.941366
v 18.720009 -13.420029 -3.221806
v 19.428148 -9.310074 -3.699061
v 18.472219 -13.245087 -5.390306
v 18.445587 -14.167679 -3.079164
v 17.478701 -9.010651 -11.532547
v 17.755560 -15.151184 -5.914713
v 16.821251 -12.970642 -11.644568
v 16.091732 -14.980469 -11.442610
v 9.175815 -14.910416 22.248240
v 10.498664 -12.992996 19.032982
v 8.066958 -14.884354 22.248240
v 11.822129 -12.996857 19.032982
v 13.362671 -10.987808 14.368504
v 14.917001 -10.969421 14.368504
v 9.821731 -17.376282 22.257315
v 12.443252 -15.259155 19.051416
v 9.175815 -14.910416 22.248240
v 11.822129 -12.996857 19.032982
v 15.510499 -13.287125 14.396305
v 14.917001 -10.969421 14.368504
v 16.901627 -12.306656 11.288370
v 16.209761 -11.533920 11.251204
v 18.325802 -11.333801 7.321380
v 17.654613 -10.532639 7.271397
v 19.049694 -10.360931 3.354391
v 18.543257 -9.531372 3.291590
v 19.436806 -9.878296 0.941366
v 18.841736 -7.431412 0.870431
v 19.428148 -9.310074 -3.699061
v 18.958902 -6.890137 -3.785646
v 17.356867 -6.639038 -9.437621
v 17.478701 -9.010651 -11.532547
v 16.983831 -7.599197 -11.409376
v 10.306786 -14.075104 19.067919
v 8.193800 -15.251175 22.525808
v 8.066958 -14.884354 22.248240
v 10.498664 -12.992996 19.032982
v 12.781092 -12.885986 14.392975
v 13.362671 -10.987808 14.368504
v 14.105139 -12.343582 11.265213
v 14.627254 -11.551163 11.251204
v 15.495835 -11.484482 7.300558
v 16.008097 -10.571121 7.260792
v 16.150957 -10.924408 3.335902
v 16.799129 -9.591064 3.270379
v 16.521004 -10.744385 0.935125
v 17.058346 -7.512909 0.838617
v 16.590483 -10.155151 -3.681748
v 17.143681 -7.013580 -3.837853
v 15.738212 -6.691788 -8.883859
v 14.868443 -10.034424 -10.332158
v 15.269723 -7.628403 -10.565861
v 16.799129 -9.591064 3.270379
v 17.654613 -10.532639 7.271397
v 18.543257 -9.531372 3.291590
v 16.008097 -10.571121 7.260792
v 16.209761 -11.533920 11.251204
v 14.627254 -11.551163 11.251204
v -4.542842 -23.655838 19.359558
v -7.401328 -20.105576 18.092733
v -7.355794 -23.831589 18.157099
v -6.666137 -26.779373 17.971882
v -4.560301 -28.287949 19.203451
v -5.048207 -28.978867 16.587803
v -7.802774 -27.470291 15.356236
v -10.571737 -27.055984 14.124667
v -8.484550 -24.114822 15.395926
v -11.234315 -22.951462 14.135248
v -7.802774 -27.470291 15.356236
v -9.454835 -34.010269 11.457984
v -5.048207 -28.978867 16.587803
v -4.385925 -35.907822 13.921119
v -4.429886 -39.073044 9.622662
v -9.066001 -37.586563 8.650432
v -4.380508 -40.615036 2.416482
v -8.915119 -39.518021 2.502929
v -9.066001 -37.916992 -3.586357
v -4.222652 -39.039169 -4.329069
v -9.454835 -34.658340 -8.519038
v -4.385925 -36.147476 -10.865546
v -9.736859 -32.108154 -10.918691
v -4.270899 -33.350784 -13.911949
v -5.788788 -22.350174 -14.485443
v -10.582932 -21.136047 -11.563382
v -12.734266 -17.040695 -11.033163
v -11.967765 -14.901077 -9.988402
v -13.624983 -14.980469 -11.098391
v -11.354481 -17.091049 -10.116405
v -11.508110 -20.562424 -11.919662
v -10.582932 -21.136047 -11.563382
v -9.821731 -17.376282 22.257315
v -11.335855 -19.066620 18.771345
v -8.596736 -21.303665 21.923000
v -12.443252 -15.259155 19.051416
v -14.481666 -16.974716 14.170471
v -15.510499 -13.287125 14.396305
v -15.911686 -15.987152 11.116780
v -16.901627 -12.306656 11.288370
v -17.462215 -15.003052 7.313866
v -18.325802 -11.333801 7.321380
v -18.489027 -14.086853 2.175493
v -19.049694 -10.360931 3.354391
v -19.436806 -9.878296 0.941366
v -18.720009 -13.420029 -3.221806
v -19.428148 -9.310074 -3.699061
v -18.472219 -13.245087 -5.390306
v -17.478701 -9.010651 -11.532547
v -18.445587 -14.167679 -3.079164
v -16.821251 -12.970642 -11.644568
v -17.755560 -15.151184 -5.914713
v -16.091732 -14.980469 -11.442610
v -10.498664 -12.992996 19.032982
v -9.175815 -14.910416 22.248240
v -8.066958 -14.884354 22.248240
v -11.822129 -12.996857 19.032982
v -13.362671 -10.987808 14.368504
v -14.917001 -10.969421 14.368504
v -18.958902 -6.890137 -3.785646
v -18.841736 -7.431412 0.870431
v -17.058346 -7.512909 0.838617
v -17.143681 -7.013580 -3.837853
v -17.356867 -6.639038 -9.437621
v -15.738212 -6.691788 -8.883859
v -17.654613 -10.532639 7.271397
v -16.799129 -9.591064 3.270379
v -18.543257 -9.531372 3.291590
v -16.008097 -10.571121 7.260792
v -16.209761 -11.533920 11.251204
v -14.627254 -11.551163 11.251204
v -12.734266 -17.040695 -11.033163
v -13.624983 -14.980469 -11.098391
v -11.893222 -13.997879 -15.410113
v -9.918685 -20.011002 -16.620485
v -11.508110 -20.562424 -11.919662
v 0.000000 -17.227386 31.753944
v -3.351135 -21.871872 32.649471
v 0.000000 -22.780716 34.492710
v -2.327253 -16.594513 30.470234
v -7.025662 -20.319061 29.480799
v -4.901565 -15.513031 28.263432
v -9.744020 -18.766220 26.312119
v -6.714558 -14.431534 26.056627
v -8.899309 -12.901566 22.926746
v -14.485170 -15.615738 19.837410
v -3.351135 -21.871872 32.649471
v 0.000000 -25.405350 31.675644
v 0.000000 -22.780716 34.492710
v -3.018964 -24.617874 30.003338
v -7.025662 -20.319061 29.480799
v -6.322632 -23.272461 27.128654
v -9.744020 -18.766220 26.312119
v -8.696621 -21.926987 24.253981
v -11.428595 -20.250046 20.432505
v -14.485170 -15.615738 19.837410
v -8.406063 -28.218109 20.150604
v -8.696621 -21.926987 24.253981
v -11.428595 -20.250046 20.432505
v -6.735678 -28.868195 23.235315
v -6.581254 -33.454391 20.072823
v -5.152710 -34.016739 22.628151
v -2.981458 -39.192673 22.219351
v -3.809822 -39.796539 20.232489
v -1.641397 -41.297745 22.167997
v -2.102203 -42.298798 20.439344
v 0.000000 -43.402893 22.116638
v 0.000000 -44.801025 20.646202
v 0.000000 -44.801025 20.646202
v -2.102203 -42.298798 20.439344
v 0.000000 -44.375305 19.648026
v -2.209948 -41.876465 19.407345
v -3.809822 -39.796539 20.232489
v -3.719409 -39.420380 19.184952
v -6.581254 -33.454391 20.072823
v -6.174986 -33.349411 19.022545
v -7.806655 -28.390411 19.101330
v -8.406063 -28.218109 20.150604
v -10.431046 -20.520020 19.351664
v -11.428595 -20.250046 20.432505
v 3.351135 -21.871872 32.649471
v 0.000000 -17.227386 31.753944
v 0.000000 -22.780716 34.492710
v 2.327253 -16.594513 30.470234
v 7.025662 -20.319061 29.480799
v 4.901565 -15.513031 28.263432
v 9.744020 -18.766220 26.312119
v 6.714558 -14.431534 26.056627
v 8.899309 -12.901566 22.926746
v 14.485170 -15.615738 19.837410
v 3.351135 -21.871872 32.649471
v 0.000000 -22.780716 34.492710
v 0.000000 -25.405350 31.675644
v 3.018964 -24.617874 30.003338
v 7.025662 -20.319061 29.480799
v 6.322632 -23.272461 27.128654
v 9.744020 -18.766220 26.312119
v 8.696621 -21.926987 24.253981
v 11.428595 -20.250046 20.432505
v 14.485170 -15.615738 19.837410
v 8.696621 -21.926987 24.253981
v 8.406063 -28.218109 20.150604
v 11.428595 -20.250046 20.432505
v 6.735678 -28.868195 23.235315
v 6.581254 -33.454391 20.072823
v 5.152710 -34.016739 22.628151
v 2.981458 -39.192673 22.219351
v 3.809822 -39.796539 20.232489
v 1.641397 -41.297745 22.167997
v 2.102203 -42.298798 20.439344
v 0.000000 -43.402893 22.116638
v 0.000000 -44.801025 20.646202
v 2.102203 -42.298798 20.439344
v 0.000000 -44.801025 20.646202
v 0.000000 -44.375305 19.648026
v 2.209948 -41.876465 19.407345
v 3.809822 -39.796539 20.232489
v 3.719409 -39.420380 19.184952
v 6.581254 -33.454391 20.072823
v 6.174986 -33.349411 19.022545
v 7.806655 -28.390411 19.101330
v 8.406063 -28.218109 20.150604
v 10.431046 -20.520020 19.351664
v 11.428595 -20.250046 20.432505
v 0.000000 -17.856613 30.328815
v -2.327253 -16.594513 30.470234
v 0.000000 -17.227386 31.753944
v -2.021011 -17.309647 29.212891
v -4.901565 -15.513031 28.263432
v -4.475313 -16.263428 27.078274
v -6.714558 -14.431534 26.056627
v -6.205867 -15.217163 24.943668
v -8.899309 -12.901566 22.926746
v -7.673672 -14.121933 22.709078
v -8.696621 -21.926987 24.253981
v -6.735678 -28.868195 23.235315
v -7.467152 -22.380005 24.396450
v -5.743565 -28.809280 23.482611
v -5.152710 -34.016739 22.628151
v -4.248751 -33.599823 22.910521
v -2.255706 -38.342560 22.505428
v -2.981458 -39.192673 22.219351
v -1.240021 -40.052826 22.529711
v -1.641397 -41.297745 22.167997
v 0.000000 -41.763184 22.553991
v 0.000000 -43.402893 22.116638
v -6.322632 -23.272461 27.128654
v -8.696621 -21.926987 24.253981
v -7.467152 -22.380005 24.396450
v -5.372678 -23.622482 26.921999
v -3.018964 -24.617874 30.003338
v -2.406838 -24.864883 29.534853
v 0.000000 -25.506134 30.868475
v 0.000000 -25.405350 31.675644
v -7.652191 -13.647583 21.741447
v -8.899309 -12.901566 22.926746
v -7.673672 -14.121933 22.709078
v -8.547796 -12.462418 21.811485
v -6.982693 -14.329468 21.398737
v -6.414634 -14.973068 20.848518
v -5.981191 -15.328934 22.032932
v -5.981191 -14.942703 22.513594
v 0.000000 -17.836929 28.418478
v -1.933035 -16.765717 28.103065
v 0.000000 -17.288620 29.169872
v -1.767315 -17.359009 27.443464
v -4.277447 -15.765961 26.063322
v -3.910007 -16.445297 25.579227
v -5.932193 -14.765701 24.022594
v -5.422375 -15.531113 23.714094
v -5.981191 -14.942703 22.513594
v -6.543621 -14.121933 22.709078
v -1.243096 -41.125427 19.407345
v 0.000000 -41.125427 19.407345
v 0.000000 -42.531036 19.542728
v 0.000000 -38.669357 19.184954
v -2.789557 -38.669357 19.184954
v 0.000000 -33.349411 19.022545
v -4.631240 -33.349411 19.022545
v 0.000000 -28.390411 19.101330
v -6.120439 -28.390411 19.101330
v 0.000000 -20.520020 19.351664
v -8.177967 -20.520020 19.351664
v 2.327253 -16.594513 30.470234
v 0.000000 -17.856613 30.328815
v 0.000000 -17.227386 31.753944
v 2.021011 -17.309647 29.212891
v 4.901565 -15.513031 28.263432
v 4.475313 -16.263428 27.078274
v 6.714558 -14.431534 26.056627
v 6.205867 -15.217163 24.943668
v 8.899309 -12.901566 22.926746
v 7.673672 -14.121933 22.709078
v 7.467152 -22.380005 24.396450
v 6.735678 -28.868195 23.235315
v 8.696621 -21.926987 24.253981
v 5.743565 -28.809280 23.482611
v 5.152710 -34.016739 22.628151
v 4.248751 -33.599823 22.910521
v 2.255706 -38.342560 22.505428
v 2.981458 -39.192673 22.219351
v 1.240021 -40.052826 22.529711
v 1.641397 -41.297745 22.167997
v 0.000000 -41.763184 22.553991
v 0.000000 -43.402893 22.116638
v 6.322632 -23.272461 27.128654
v 7.467152 -22.380005 24.396450
v 8.696621 -21.926987 24.253981
v 5.372678 -23.622482 26.921999
v 3.018964 -24.617874 30.003338
v 2.406838 -24.864883 29.534853
v 0.000000 -25.506134 30.868475
v 0.000000 -25.405350 31.675644
v 8.899309 -12.901566 22.926746
v 7.652191 -13.647583 21.741447
v 7.673672 -14.121933 22.709078
v 8.547796 -12.462418 21.811485
v 6.982693 -14.329468 21.398737
v 6.414634 -14.973068 20.848518
v 5.981191 -15.328934 22.032932
v 5.981191 -14.942703 22.513594
v 2.021011 -17.309647 29.212891
v 0.000000 -17.288620 29.169872
v 0.000000 -17.856613 30.328815
v 1.933035 -16.765717 28.103065
v 4.475313 -16.263428 27.078274
v 4.277447 -15.765961 26.063322
v 6.205867 -15.217163 24.943668
v 5.932193 -14.765701 24.022594
v 7.673672 -14.121933 22.709078
v 6.543621 -14.121933 22.709078
v 7.652191 -13.647583 21.741447
v 1.933035 -16.765717 28.103065
v 0.000000 -17.836929 28.418478
v 0.000000 -17.288620 29.169872
v 1.767315 -17.359009 27.443464
v 4.277447 -15.765961 26.063322
v 3.910007 -16.445297 25.579227
v 5.932193 -14.765701 24.022594
v 5.422375 -15.531113 23.714094
v 5.981191 -14.942703 22.513594
v 6.543621 -14.121933 22.709078
v 1.243096 -41.125427 19.407345
v 0.000000 -42.531036 19.542728
v 0.000000 -41.125427 19.407345
v 0.000000 -38.669357 19.184954
v 2.789557 -38.669357 19.184954
v 0.000000 -33.349411 19.022545
v 4.631240 -33.349411 19.022545
v 0.000000 -28.390411 19.101330
v 6.120439 -28.390411 19.101330
v 0.000000 -20.520020 19.351664
v 8.177967 -20.520020 19.351664
v 7.806655 -28.390411 19.101330
v 8.177967 -20.520020 19.351664
v 10.431046 -20.520020 19.351664
v 6.120439 -28.390411 19.101330
v 6.174986 -33.349411 19.022545
v 4.631240 -33.349411 19.022545
v 3.719409 -39.420380 19.184952
v 2.789557 -38.669357 19.184954
v 1.243096 -41.125427 19.407345
v 2.209948 -41.876465 19.407345
v 0.000000 -42.531036 19.542728
v 0.000000 -44.375305 19.648026
v 26.710400 -34.778122 -0.107686
v 13.833873 -32.507660 -0.107685
v 27.037514 -32.922958 -1.991470
v 14.160984 -30.652481 -1.991468
v 14.607839 -28.118271 -2.680980
v 27.484369 -30.388748 -2.680982
v 27.931210 -27.854553 -1.991467
v 15.054686 -25.584061 -1.991466
v 15.381805 -23.728897 -0.107675
v 28.258326 -25.999420 -0.107689
v 15.501542 -23.049866 2.465626
v 28.378069 -25.320358 2.465624
v 28.258329 -25.999420 5.038935
v 15.381805 -23.728912 5.038925
v 27.931210 -27.854568 6.922711
v 15.054686 -25.584061 6.922712
v 14.607839 -28.118271 7.612225
v 27.484369 -30.388763 7.612224
v 27.037514 -32.922974 6.922701
v 14.160984 -30.652496 6.922710
v 13.833873 -32.507660 5.038922
v 26.710400 -34.778122 5.038914
v 26.590670 -35.457153 2.465617
v 13.714140 -33.186691 2.465619
v 13.833873 -32.507660 -0.107685
v 26.710400 -34.778122 -0.107686
v -13.833873 -32.507660 -0.107685
v -26.710400 -34.778122 -0.107686
v -27.037514 -32.922958 -1.991470
v -14.160984 -30.652481 -1.991468
v -14.607839 -28.118271 -2.680980
v -27.484369 -30.388748 -2.680982
v -27.931210 -27.854553 -1.991467
v -15.054686 -25.584061 -1.991466
v -15.381805 -23.728897 -0.107675
v -28.258326 -25.999420 -0.107689
v -15.501542 -23.049866 2.465626
v -28.378069 -25.320358 2.465624
v -28.258329 -25.999420 5.038935
v -15.381805 -23.728912 5.038925
v -27.931210 -27.854568 6.922711
v -15.054686 -25.584061 6.922712
v -14.607839 -28.118271 7.612225
v -27.484369 -30.388763 7.612224
v -27.037514 -32.922974 6.922701
v -14.160984 -30.652496 6.922710
v -13.833873 -32.507660 5.038922
v -26.710400 -34.778122 5.038914
v -26.590670 -35.457153 2.465617
v -13.714140 -33.186691 2.465619
v -13.833873 -32.507660 -0.107685
v -26.710400 -34.778122 -0.107686
v 1.525085 -18.347000 -28.218817
v 0.000000 -18.307129 -28.408472
v 0.000000 -18.152924 -28.765757
v 1.842174 -18.191879 -28.544931
v 4.221851 -18.271698 -27.060547
v 5.065661 -18.132263 -27.787624
v 3.575560 -18.279068 -26.831636
v -2.103446 -35.330414 -23.498295
v -5.626721 -27.643723 -21.745861
v -4.749303 -26.589737 -23.575535
v -3.669141 -35.885086 -21.879513
v -1.596555 -37.747803 -22.447187
v 0.000000 -36.076141 -23.882578
v 0.000000 -38.375793 -22.703745
v 1.596555 -37.747803 -22.447187
v 2.103446 -35.330414 -23.498295
v 3.669141 -35.885086 -21.879513
v 5.626721 -27.643723 -21.745861
v 4.749303 -26.589737 -23.575535
v -9.121083 -5.576859 -17.569395
v -9.637283 -7.166946 -20.194658
v -10.424942 -7.185623 -16.919880
v -8.431939 -5.591568 -20.016836
v -7.160641 -5.550278 -22.639999
v -8.184241 -7.166672 -23.345095
v -6.210490 -7.140488 -25.005835
v -5.433759 -5.527390 -24.093018
v -3.486966 -7.071747 -26.240351
v -3.050884 -5.508286 -25.306351
v -1.743482 -7.120178 -26.882599
v -1.525442 -5.557343 -25.906410
v 0.000000 -7.125488 -26.987961
v 0.000000 -5.498917 -25.896616
v 1.525442 -5.557343 -25.906410
v 1.743482 -7.120178 -26.882599
v 3.050884 -5.508286 -25.306351
v 3.486966 -7.071747 -26.240351
v 5.433759 -5.527390 -24.093018
v 6.210490 -7.140488 -25.005835
v 7.160641 -5.550278 -22.639999
v 8.184241 -7.166672 -23.345095
v 9.637283 -7.166946 -20.194658
v 8.431939 -5.591568 -20.016836
v 9.121083 -5.576859 -17.569395
v 10.424942 -7.185623 -16.919880
v -5.433759 -5.527390 -24.093018
v 0.000000 -5.576859 -17.569395
v -3.050884 -5.508286 -25.306351
v -7.160641 -5.550278 -22.639999
v -8.431939 -5.591568 -20.016836
v -9.121083 -5.576859 -17.569395
v -3.050884 -5.508286 -25.306351
v 0.000000 -5.576859 -17.569395
v -1.525442 -5.557343 -25.906410
v 0.000000 -5.498917 -25.896616
v 1.525442 -5.557343 -25.906410
v 3.050884 -5.508286 -25.306351
v -1.968975 -10.658813 -27.978685
v 0.000000 -10.925949 -28.944393
v -2.437871 -10.987442 -28.739056
v 0.000000 -10.621323 -28.072374
v 1.968975 -10.658813 -27.978685
v 2.437871 -10.987442 -28.739056
v 5.433759 -5.527390 -24.093018
v 3.050884 -5.508286 -25.306351
v 0.000000 -5.576859 -17.569395
v 7.160641 -5.550278 -22.639999
v 8.431939 -5.591568 -20.016836
v 9.121083 -5.576859 -17.569395
v -1.525085 -18.347000 -28.218817
v 0.000000 -18.152924 -28.765757
v 0.000000 -18.307129 -28.408472
v -1.842174 -18.191879 -28.544931
v -4.221851 -18.271698 -27.060547
v -3.575560 -18.279068 -26.831636
v -5.065661 -18.132263 -27.787624
v 7.401328 -20.105576 18.092733
v 11.335855 -19.066620 18.771345
v 8.596736 -21.303665 21.923000
v 10.143818 -19.585190 16.861174
v 11.793351 -18.236572 14.006483
v 14.481666 -16.974716 14.170471
v 11.415163 -18.413147 13.983534
v 13.432011 -16.274780 9.589559
v 15.911686 -15.987152 11.116780
v 11.894067 -16.451660 8.650446
v 13.876745 -15.935852 8.174523
v 17.462215 -15.003052 7.313866
v 12.617739 -15.348969 2.502946
v 15.553382 -14.717911 2.339219
v 18.489027 -14.086853 2.175493
v 12.526221 -15.008835 -2.263935
v 15.945033 -14.430054 -2.900792
v 18.445587 -14.167679 -3.079164
v 17.755560 -15.151184 -5.914713
v 15.272568 -15.151184 -5.566141
v 12.434704 -14.948547 -7.030815
v 6.821262 -21.548889 -15.019205
v 5.868369 -21.109634 -20.271334
v 9.041001 -19.901245 -18.321341
v 9.918685 -20.011002 -16.620485
v 10.582932 -21.136047 -11.563382
v 11.508110 -20.562424 -11.919662
v 5.788788 -22.350174 -14.485443
v 2.196146 -37.037857 19.909920
v 4.385925 -35.907822 13.921119
v 3.041355 -34.137985 20.357403
v 3.540716 -39.705292 14.088789
v 5.048207 -28.978867 16.587803
v 4.560301 -28.287949 19.203451
v 3.041355 -34.137985 20.357403
v 3.135749 -28.467224 21.123606
v 3.078279 -24.056564 21.503412
v 4.542842 -23.655838 19.359558
v 16.821251 -12.970642 -11.644568
v 15.834682 -9.481766 -15.759946
v 17.478701 -9.010651 -11.532547
v 15.491561 -12.810913 -15.858344
v 14.979512 -14.235184 -15.739927
v 16.091732 -14.980469 -11.442610
v -7.401328 -20.105576 18.092733
v -8.596736 -21.303665 21.923000
v -11.335855 -19.066620 18.771345
v -10.143818 -19.585190 16.861174
v -11.804893 -18.236572 14.006483
v -14.481666 -16.974716 14.170471
v -11.420334 -18.413147 13.983534
v -13.435347 -16.274780 9.589559
v -15.911686 -15.987152 11.116780
v -11.894067 -16.451660 8.650446
v -13.876745 -15.935852 8.174523
v -17.462215 -15.003052 7.313866
v -12.617739 -15.348969 2.502946
v -15.553382 -14.717911 2.339219
v -18.489027 -14.086853 2.175493
v -12.526221 -15.008835 -2.263935
v -15.945033 -14.430054 -2.900792
v -18.445587 -14.167679 -3.079164
v -17.755560 -15.151184 -5.914713
v -15.272568 -15.151184 -5.566141
v -15.272568 -15.151184 -5.566141
v -12.434704 -14.948547 -7.030815
v -5.868369 -21.109634 -20.271334
v -6.821262 -21.548889 -15.019205
v -9.041001 -19.901245 -18.321341
v -9.918685 -20.011002 -16.620485
v -10.582932 -21.136047 -11.563382
v -11.508110 -20.562424 -11.919662
v -5.788788 -22.350174 -14.485443
v -3.041355 -34.137985 20.357403
v -4.385925 -35.907822 13.921119
v -2.196146 -37.037857 19.909920
v -3.540716 -39.705292 14.088789
v -4.560301 -28.287949 19.203451
v -5.048207 -28.978867 16.587803
v -3.041355 -34.137985 20.357403
v -3.135749 -28.467224 21.123606
v -3.078279 -24.056564 21.503412
v -4.542842 -23.655838 19.359558
v -15.834682 -9.481766 -15.759946
v -16.821251 -12.970642 -11.644568
v -17.478701 -9.010651 -11.532547
v -15.491561 -12.810913 -15.858344
v -14.979512 -14.235184 -15.739927
v -16.091732 -14.980469 -11.442610
v 0.000000 -14.942703 22.513592
v -5.981191 -14.942703 22.513594
v -5.422375 -15.531113 23.714094
v -3.910007 -16.445297 25.579227
v -1.767315 -17.359009 27.443464
v 0.000000 -17.836929 28.418478
v 0.000000 -14.942703 22.513592
v 5.422375 -15.531113 23.714094
v 5.981191 -14.942703 22.513594
v 3.910007 -16.445297 25.579227
v 1.767315 -17.359009 27.443464
v 0.000000 -17.836929 28.418478
v -13.098629 -17.160446 -16.647976
v -9.300077 -22.473312 -19.042818
v -9.374849 -22.708572 -17.231817
v -12.134220 -17.070267 -20.705727
v -9.016601 -22.066803 -21.176395
v -13.267230 -13.835297 -16.713379
v -8.733124 -21.819763 -22.586618
v -10.511149 -17.278183 -23.560007
v -8.088334 -17.782532 -25.404997
v -12.509792 -13.819641 -20.702200
v -12.173488 -10.999130 -20.467281
v -12.749969 -10.992249 -16.754803
v -12.331622 -8.594498 -16.892935
v -11.592696 -8.572174 -20.398039
v -9.799761 -8.518875 -23.780926
v -10.352978 -10.967728 -24.017849
v -10.840647 -14.089874 -24.068909
v -8.301790 -14.388458 -26.295734
v -7.908001 -10.949188 -26.148474
v -7.402434 -8.488007 -25.741377
v -5.097259 -14.536835 -27.855742
v -5.065661 -18.132263 -27.787624
v -5.128857 -10.941391 -27.923864
v -4.190352 -8.466583 -27.101191
v -2.446979 -14.537170 -29.064205
v -1.842174 -18.191879 -28.544931
v -2.437871 -10.987442 -28.739056
v -3.091504 -8.490616 -27.524467
v 0.000000 -14.458054 -29.219593
v 0.000000 -18.152924 -28.765757
v 0.000000 -10.925949 -28.944393
v 1.842174 -18.191879 -28.544931
v 2.437871 -10.987442 -28.739056
v 2.446979 -14.537170 -29.064205
v 5.065661 -18.132263 -27.787624
v 3.091504 -8.490616 -27.524467
v 4.190352 -8.466583 -27.101191
v 5.097259 -14.536835 -27.855742
v 8.088334 -17.782532 -25.404997
v 5.128857 -10.941391 -27.923864
v 7.402434 -8.488007 -25.741377
v 7.908001 -10.949188 -26.148474
v 9.799761 -8.518875 -23.780926
v 8.301790 -14.388458 -26.295734
v 10.352978 -10.967728 -24.017849
v 10.511149 -17.278183 -23.560007
v 8.733124 -21.819763 -22.586618
v 10.840647 -14.089874 -24.068909
v 12.509792 -13.819641 -20.702200
v 12.173488 -10.999130 -20.467281
v 11.592696 -8.572174 -20.398039
v 12.331622 -8.594498 -16.892935
v 12.749969 -10.992249 -16.754803
v 13.267230 -13.835297 -16.713379
v 12.134220 -17.070267 -20.705727
v 9.016601 -22.066803 -21.176395
v 13.098629 -17.160446 -16.647976
v 9.300077 -22.473312 -19.042818
v 9.374849 -22.708572 -17.231817
v 0.000000 -9.785324 -15.556709
v 4.261491 -10.006058 -18.467993
v 0.000000 -10.006058 -18.467993
v 5.409796 -9.784195 -15.547109
v 10.864515 -10.014954 -18.296057
v 0.000000 -10.061646 -10.515947
v 12.415418 -9.878891 -15.521431
v 7.423854 -10.053619 -10.424053
v 0.000000 -10.146072 -3.823661
v 14.868443 -10.034424 -10.332158
v 8.290077 -10.152267 -3.752705
v 16.590483 -10.155151 -3.681748
v 0.000000 -10.738846 0.848647
v 16.521004 -10.744385 0.935125
v 8.258008 -10.742645 0.891887
v 16.150957 -10.924408 3.335902
v 8.073924 -10.923279 3.307074
v 0.000000 -10.920746 3.278248
v 15.495835 -11.484482 7.300558
v 7.576488 -11.482849 7.286142
v 0.000000 -11.482040 7.271729
v 14.105139 -12.343582 11.265213
v 7.001909 -12.341446 11.265210
v 0.000000 -12.342316 11.265210
v 12.781092 -12.885986 14.392975
v 6.323220 -12.881760 14.392975
v 0.000000 -12.883423 14.392975
v 10.306786 -14.075104 19.067919
v 5.543329 -14.103470 19.038490
v 8.193800 -15.251175 22.525808
v 0.000000 -14.104309 19.038490
v 4.895315 -15.235168 22.486807
v 0.000000 -15.235168 22.486807
v -4.261491 -10.006058 -18.467993
v 0.000000 -9.785324 -15.556709
v 0.000000 -10.006058 -18.467993
v -5.409796 -9.784195 -15.547109
v -10.864515 -10.014954 -18.296057
v 0.000000 -10.061646 -10.515947
v -12.415418 -9.878891 -15.521431
v -7.423854 -10.053619 -10.424053
v 0.000000 -10.146072 -3.823661
v -14.868443 -10.034424 -10.332158
v -8.290077 -10.152267 -3.752705
v -16.590483 -10.155151 -3.681748
v 0.000000 -10.738846 0.848647
v -16.521004 -10.744385 0.935125
v -8.258008 -10.742645 0.891887
v -16.150957 -10.924408 3.335902
v -8.073924 -10.923279 3.307074
v 0.000000 -10.920746 3.278248
v -15.495835 -11.484482 7.300558
v -7.576488 -11.482849 7.286142
v 0.000000 -11.482040 7.271729
v -14.105139 -12.343582 11.265213
v -7.001909 -12.341446 11.265210
v 0.000000 -12.342316 11.265210
v -12.781092 -12.885986 14.392975
v -6.323220 -12.881760 14.392975
v 0.000000 -12.883423 14.392975
v -10.306786 -14.075104 19.067919
v -5.543329 -14.103470 19.038490
v -8.193800 -15.251175 22.525808
v 0.000000 -14.104309 19.038490
v -4.895315 -15.235168 22.486807
v 0.000000 -15.235168 22.486807
v -5.372678 -23.622482 26.921999
v -7.467152 -22.380005 24.396450
v -5.743565 -28.809280 23.482611
v -4.218094 -29.225143 25.878414
v -4.248751 -33.599823 22.910521
v -2.406838 -24.864883 29.534853
v -3.061565 -33.958023 24.795776
v -2.255706 -38.342560 22.505428
v -1.776511 -29.640976 28.034264
v 0.000000 -25.506134 30.868475
v 0.000000 -29.887985 29.068775
v -1.307463 -34.316193 26.523785
v 0.000000 -34.483673 27.271906
v -1.575215 -38.622253 23.567793
v -1.240021 -40.052826 22.529711
v -0.598507 -38.901978 24.567575
v 0.000000 -38.961182 25.017036
v 0.000000 -41.763184 22.553991
v 5.372678 -23.622482 26.921999
v 5.743565 -28.809280 23.482611
v 7.467152 -22.380005 24.396450
v 4.218094 -29.225143 25.878414
v 4.248751 -33.599823 22.910521
v 2.406838 -24.864883 29.534853
v 3.061565 -33.958023 24.795776
v 2.255706 -38.342560 22.505428
v 1.776511 -29.640976 28.034264
v 0.000000 -25.506134 30.868475
v 0.000000 -29.887985 29.068775
v 1.307463 -34.316193 26.523785
v 0.000000 -34.483673 27.271906
v 1.575215 -38.622253 23.567793
v 1.240021 -40.052826 22.529711
v 0.598507 -38.901978 24.567575
v 0.000000 -38.961182 25.017036
v 0.000000 -41.763184 22.553991
v 12.434704 -14.948547 -7.030815
v 11.354481 -17.091049 -10.116405
v 11.967765 -14.901077 -9.988402
v 11.878689 -17.414719 -7.030817
v 12.526221 -15.008835 -2.263935
v 11.179997 -22.223953 -7.030820
v 10.582932 -21.136047 -11.563382
v 9.736859 -32.108154 -10.918691
v 9.454835 -34.658340 -8.519038
v 9.066001 -37.916992 -3.586357
v 11.989286 -18.386871 2.502943
v 12.617739 -15.348969 2.502946
v 11.894067 -16.451660 8.650446
v 11.073287 -24.015076 2.502940
v 8.915119 -39.518021 2.502929
v 9.066001 -37.586563 8.650432
v 11.615031 -19.712372 8.650444
v 11.415163 -18.413147 13.983534
v 11.234315 -22.951462 14.135248
v 10.787261 -25.805756 8.650439
v 10.565957 -27.055984 14.124667
v 10.787261 -25.805756 8.650439
v 9.454835 -34.010269 11.457984
v -11.354481 -17.091049 -10.116405
v -12.434704 -14.948547 -7.030815
v -11.967765 -14.901077 -9.988402
v -11.878689 -17.414719 -7.030817
v -12.526221 -15.008835 -2.263935
v -11.179997 -22.223953 -7.030820
v -10.582932 -21.136047 -11.563382
v -9.736859 -32.108154 -10.918691
v -9.454835 -34.658340 -8.519038
v -9.066001 -37.916992 -3.586357
v -11.989286 -18.386871 2.502943
v -12.617739 -15.348969 2.502946
v -11.894067 -16.451660 8.650446
v -11.073287 -24.015076 2.502940
v -8.915119 -39.518021 2.502929
v -9.066001 -37.586563 8.650432
v -11.615492 -19.712372 8.650444
v -11.420334 -18.413147 13.983534
v -11.234315 -22.951462 14.135248
v -10.787261 -25.805756 8.650439
v -10.571737 -27.055984 14.124667
v -10.787261 -25.805756 8.650439
v -9.454835 -34.010269 11.457984
v 15.867982 -20.997452 2.465627
v 14.065671 -18.994598 -2.667541
v 14.304511 -17.640091 2.465630
v 14.065671 -18.994629 7.598798
v 15.699742 -21.951584 -1.150100
v 15.699742 -21.951584 6.081353
v 13.413144 -22.695251 -6.425284
v 13.413144 -22.695251 11.356536
v 15.240108 -24.558243 -3.796999
v 15.240108 -24.558273 8.728248
v 12.521785 -27.750427 -7.800718
v 12.521785 -27.750443 12.731963
v 14.612247 -28.119049 -4.765831
v 14.612247 -28.119064 9.697076
v 11.630424 -32.805603 -6.425291
v 11.630424 -32.805618 11.356530
v 13.984377 -31.679855 -3.797004
v 13.984377 -31.679855 8.728243
v 10.977891 -36.506287 -2.667553
v 10.977891 -36.506287 7.598785
v 13.524750 -34.286545 -1.150109
v 13.524750 -34.286545 6.081344
v 10.739058 -37.860809 2.465615
v 13.356517 -35.240646 2.465617
v 14.607839 -28.118271 -2.680980
v 13.984377 -31.679855 -3.797004
v 14.612247 -28.119049 -4.765831
v 15.240108 -24.558243 -3.796999
v 14.160984 -30.652481 -1.991468
v 15.054686 -25.584061 -1.991466
v 13.524750 -34.286545 -1.150109
v 15.699742 -21.951584 -1.150100
v 13.833873 -32.507660 -0.107685
v 15.381805 -23.728897 -0.107675
v 13.356517 -35.240646 2.465617
v 15.867982 -20.997452 2.465627
v 13.714140 -33.186691 2.465619
v 15.501542 -23.049866 2.465626
v 13.833873 -32.507660 5.038922
v 15.381805 -23.728912 5.038925
v 13.524750 -34.286545 6.081344
v 15.699742 -21.951584 6.081353
v 14.160984 -30.652496 6.922710
v 15.054686 -25.584061 6.922712
v 13.984377 -31.679855 8.728243
v 15.240108 -24.558273 8.728248
v 14.607839 -28.118271 7.612225
v 14.612247 -28.119064 9.697076
v -14.304511 -17.640091 2.465630
v -14.065671 -18.994598 -2.667541
v -15.867982 -20.997452 2.465627
v -14.065671 -18.994629 7.598798
v -15.699742 -21.951584 -1.150100
v -15.699742 -21.951584 6.081353
v -13.413144 -22.695251 -6.425284
v -13.413144 -22.695251 11.356536
v -15.240108 -24.558243 -3.796999
v -15.240108 -24.558273 8.728248
v -12.521785 -27.750427 -7.800718
v -12.521785 -27.750443 12.731963
v -14.612247 -28.119049 -4.765831
v -14.612247 -28.119064 9.697076
v -11.630424 -32.805603 -6.425291
v -11.630424 -32.805618 11.356530
v -13.984377 -31.679855 -3.797004
v -13.984377 -31.679855 8.728243
v -10.977891 -36.506287 -2.667553
v -10.977891 -36.506287 7.598785
v -13.524750 -34.286545 -1.150109
v -13.524750 -34.286545 6.081344
v -10.739058 -37.860809 2.465615
v -13.356517 -35.240646 2.465617
v -13.984377 -31.679855 -3.797004
v -14.607839 -28.118271 -2.680980
v -14.612247 -28.119049 -4.765831
v -15.240108 -24.558243 -3.796999
v -14.160984 -30.652481 -1.991468
v -15.054686 -25.584061 -1.991466
v -13.524750 -34.286545 -1.150109
v -15.699742 -21.951584 -1.150100
v -13.833873 -32.507660 -0.107685
v -15.381805 -23.728897 -0.107675
v -13.356517 -35.240646 2.465617
v -15.867982 -20.997452 2.465627
v -13.714140 -33.186691 2.465619
v -15.501542 -23.049866 2.465626
v -13.833873 -32.507660 5.038922
v -15.381805 -23.728912 5.038925
v -13.524750 -34.286545 6.081344
v -15.699742 -21.951584 6.081353
v -14.160984 -30.652496 6.922710
v -15.054686 -25.584061 6.922712
v -13.984377 -31.679855 8.728243
v -15.240108 -24.558273 8.728248
v -14.607839 -28.118271 7.612225
v -14.612247 -28.119064 9.697076
vn -0.0000 -0.0393 0.9992
vn 0.0393 -0.9903 -0.1336
vn 0.0393 -0.9913 -0.1260
vn 0.1575 -0.5514 -0.8192
vn 0.1576 -0.5514 -0.8193
vn -0.1888 -0.5429 -0.8183
vn 0.1024 -0.9922 -0.0709
vn 0.2757 -0.9374 -0.2127
vn -0.0000 -0.1026 0.9947
vn -0.0001 -0.1026 0.9947
vn -0.0000 -0.0948 0.9955
vn 0.9534 -0.2836 -0.1024
vn 0.9535 -0.2836 -0.1024
vn 0.9534 -0.2837 -0.1024
vn 0.9682 -0.2283 -0.1023
vn 0.9696 -0.2286 -0.0867
vn 0.8642 -0.4871 -0.1257
vn 0.8643 -0.4871 -0.1257
vn -0.9530 -0.2756 -0.1260
vn -0.9530 -0.2757 -0.1260
vn -0.9518 -0.2832 -0.1180
vn 0.7511 0.4823 -0.4507
vn 0.6532 0.4643 -0.5981
vn 0.7511 0.4823 -0.4508
vn 0.7512 0.4823 -0.4506
vn 0.8258 0.4877 -0.2831
vn -0.9527 -0.2913 -0.0866
vn -0.9527 -0.2913 -0.0867
vn -0.9520 -0.2911 -0.0944
vn -0.6370 -0.7313 -0.2438
vn -0.6452 -0.7476 -0.1574
vn -0.6453 -0.7476 -0.1574
vn -0.7147 -0.4006 -0.5734
vn 0.9530 -0.2757 -0.1260
vn 0.9518 -0.2832 -0.1180
vn -0.7511 0.4823 -0.4507
vn -0.6532 0.4643 -0.5981
vn -0.7512 0.4823 -0.4506
vn -0.8258 0.4877 -0.2831
vn 0.9527 -0.2913 -0.0867
vn 0.9527 -0.2913 -0.0866
vn 0.9520 -0.2911 -0.0944
vn 0.6453 -0.7476 -0.1574
vn 0.6370 -0.7313 -0.2438
vn 0.7147 -0.4006 -0.5734
vn -0.0393 -0.9903 -0.1336
vn -0.0393 -0.9913 -0.1260
vn -0.1575 -0.5514 -0.8192
vn 0.1888 -0.5429 -0.8183
vn 0.1889 -0.5429 -0.8183
vn -0.2757 -0.9374 -0.2127
vn -0.1024 -0.9922 -0.0709
vn 0.0001 -0.1026 0.9947
vn -0.9534 -0.2836 -0.1024
vn -0.9535 -0.2836 -0.1024
vn -0.9534 -0.2837 -0.1024
vn -0.9682 -0.2283 -0.1023
vn -0.9696 -0.2286 -0.0867
vn -0.8642 -0.4871 -0.1257
vn -0.8642 -0.4872 -0.1257
vn -0.8642 -0.4871 -0.1258
vn -0.0628 -0.9980 -0.0078
vn -0.0550 -0.9985 -0.0079
vn 0.4091 0.0001 0.9125
vn 0.5982 -0.7554 0.2674
vn 0.7964 -0.5598 0.2288
vn 0.4724 -0.8346 0.2834
vn 0.4785 -0.8315 0.2824
vn 0.8907 -0.2127 0.4017
vn 0.8862 -0.1882 0.4234
vn 0.3627 -0.8516 -0.3785
vn 0.3062 -0.9262 -0.2199
vn 0.3313 -0.8676 -0.3707
vn -0.0553 0.9953 -0.0790
vn -0.0553 0.9953 -0.0789
vn 0.0868 0.9937 -0.0710
vn 0.8747 0.3388 -0.3467
vn 0.8746 0.3388 -0.3467
vn 0.8940 0.2431 -0.3764
vn -0.0078 0.9835 -0.1809
vn -0.0079 0.9835 -0.1809
vn -0.0079 0.9835 -0.1810
vn -0.0315 0.7633 0.6453
vn -0.0472 0.7556 0.6533
vn 0.9679 -0.2361 0.0865
vn 0.9344 -0.3455 -0.0864
vn 0.9644 -0.2588 -0.0548
vn -0.0078 -0.9995 -0.0314
vn -0.0079 -0.9995 -0.0315
vn -0.0237 -0.9859 -0.1657
vn -0.0947 -0.9788 -0.1816
vn -0.1807 0.8797 -0.4398
vn -0.2120 0.8950 -0.3925
vn -0.1182 -0.0000 -0.9930
vn -0.0707 0.0314 -0.9970
vn -0.0629 -0.0000 -0.9980
vn -0.0157 0.0629 -0.9979
vn -0.1104 -0.0158 -0.9938
vn 0.8578 -0.2361 -0.4565
vn 0.8578 -0.2362 -0.4565
vn 0.9016 -0.2214 -0.3717
vn 0.9016 -0.2215 -0.3716
vn 0.8675 -0.1262 -0.4811
vn 0.9186 -0.0471 -0.3925
vn 0.8355 -0.0788 -0.5438
vn 0.8355 -0.0788 -0.5439
vn 0.8419 -0.0708 -0.5350
vn -0.9119 0.1179 -0.3931
vn -0.9261 0.1099 -0.3610
vn 0.8262 0.2361 -0.5115
vn 0.8262 0.2362 -0.5115
vn 0.8199 0.2208 -0.5282
vn 0.0629 0.8879 -0.4557
vn 0.0709 0.8906 -0.4492
vn -0.8365 0.3630 -0.4104
vn -0.8393 0.3766 -0.3922
vn -0.8393 0.3765 -0.3922
vn 0.7864 -0.3224 -0.5269
vn 0.7864 -0.3225 -0.5269
vn -0.1106 -0.9085 -0.4029
vn -0.1338 -0.9286 -0.3462
vn -0.1338 -0.9285 -0.3463
vn 0.4960 -0.0630 0.8660
vn 0.9312 -0.1105 0.3472
vn 0.9758 0.1888 0.1101
vn 0.9758 0.1889 0.1102
vn 0.9794 0.1738 0.1026
vn 0.8160 -0.4316 0.3845
vn 0.8161 -0.4315 0.3845
vn 0.8345 -0.4409 0.3306
vn 0.9586 0.2200 0.1807
vn 0.9754 0.1809 0.1259
vn 0.0628 -0.9980 -0.0078
vn 0.0550 -0.9985 -0.0079
vn -0.4091 -0.0000 0.9125
vn -0.4090 -0.0000 0.9125
vn -0.4185 0.0079 0.9082
vn -0.5982 -0.7554 0.2674
vn -0.7964 -0.5598 0.2287
vn -0.7964 -0.5599 0.2287
vn -0.4877 -0.8258 0.2833
vn -0.4806 -0.8271 0.2914
vn -0.4805 -0.8271 0.2915
vn -0.8914 -0.2366 0.3865
vn -0.8827 -0.1813 0.4335
vn -0.3627 -0.8516 -0.3785
vn -0.3313 -0.8676 -0.3707
vn -0.3062 -0.9262 -0.2199
vn 0.0553 0.9953 -0.0790
vn -0.0868 0.9937 -0.0710
vn -0.8747 0.3388 -0.3467
vn -0.8746 0.3388 -0.3467
vn -0.8940 0.2431 -0.3764
vn 0.0078 0.9835 -0.1809
vn 0.0079 0.9835 -0.1809
vn 0.0472 0.7556 0.6533
vn 0.0315 0.7633 0.6453
vn -0.9679 -0.2361 0.0865
vn -0.9644 -0.2588 -0.0548
vn -0.9344 -0.3455 -0.0864
vn 0.0078 -0.9995 -0.0314
vn 0.0079 -0.9995 -0.0315
vn 0.0237 -0.9859 -0.1657
vn 0.0947 -0.9788 -0.1815
vn 0.2120 0.8950 -0.3925
vn 0.1807 0.8797 -0.4399
vn 0.1182 -0.0000 -0.9930
vn 0.0707 0.0314 -0.9970
vn 0.0629 -0.0000 -0.9980
vn 0.0157 0.0629 -0.9979
vn 0.1104 -0.0158 -0.9938
vn -0.9016 -0.2215 -0.3716
vn -0.9016 -0.2214 -0.3717
vn -0.8578 -0.2361 -0.4565
vn -0.8675 -0.1262 -0.4811
vn -0.8676 -0.1261 -0.4811
vn -0.9186 -0.0471 -0.3925
vn -0.8419 -0.0708 -0.5350
vn -0.8355 -0.0788 -0.5438
vn -0.8355 -0.0788 -0.5439
vn 0.9261 0.1099 -0.3610
vn 0.9119 0.1179 -0.3931
vn -0.8262 0.2361 -0.5115
vn -0.8262 0.2362 -0.5115
vn -0.8199 0.2208 -0.5282
vn -0.0629 0.8879 -0.4557
vn -0.0628 0.8879 -0.4557
vn -0.0709 0.8906 -0.4492
vn 0.8366 0.3630 -0.4103
vn 0.8365 0.3630 -0.4104
vn 0.8393 0.3764 -0.3922
vn 0.8393 0.3765 -0.3922
vn -0.7864 -0.3225 -0.5269
vn -0.7864 -0.3224 -0.5270
vn -0.7864 -0.3224 -0.5269
vn 0.1106 -0.9085 -0.4029
vn 0.1107 -0.9085 -0.4029
vn 0.1338 -0.9286 -0.3463
vn -0.4960 -0.0630 0.8660
vn -0.9312 -0.1105 0.3472
vn -0.9794 0.1738 0.1026
vn -0.9758 0.1889 0.1102
vn -0.8162 -0.4314 0.3843
vn -0.8161 -0.4315 0.3844
vn -0.8345 -0.4409 0.3306
vn -0.8344 -0.4409 0.3307
vn -0.9586 0.2200 0.1807
vn -0.9586 0.2200 0.1808
vn -0.9754 0.1809 0.1259
vn -0.4809 0.8751 0.0552
vn -0.5056 0.8451 0.1737
vn -0.6874 -0.5136 -0.5136
vn -0.6874 -0.5135 -0.5135
vn -0.6874 -0.5214 -0.5056
vn 0.5054 0.8452 0.1738
vn 0.4809 0.8751 0.0552
vn 0.4809 0.8750 0.0552
vn 0.6874 -0.5214 -0.5056
vn 0.6874 -0.5136 -0.5136
vn 0.2752 0.0629 -0.9593
vn -0.0000 0.2591 -0.9658
vn -0.0000 0.2592 -0.9658
vn 0.2197 0.5100 -0.8317
vn -0.2752 0.0629 -0.9593
vn -0.2197 0.5100 -0.8317
vn -0.0002 -0.0474 0.9989
vn -0.0000 -0.0394 0.9992
vn 0.0236 -0.4721 0.8813
vn 0.0316 -0.7027 0.7108
vn 0.0393 -0.9987 0.0316
vn 0.0002 -0.0474 0.9989
vn -0.0236 -0.4721 0.8813
vn -0.0315 -0.7028 0.7107
vn -0.0393 -0.9987 0.0316
vn -0.0472 -0.2993 0.9530
vn -0.0236 -0.2830 0.9588
vn -0.0000 -0.2996 0.9541
vn -0.0000 -0.3068 0.9518
vn -0.0000 0.3767 0.9263
vn -0.0000 0.3768 0.9263
vn -0.0001 -0.9541 -0.2996
vn -0.3624 -0.8903 -0.2758
vn 0.0001 -0.9541 -0.2996
vn 0.3624 -0.8903 -0.2758
vn 0.0001 -0.9540 -0.2997
vn 0.0472 -0.2993 0.9530
vn 0.0236 -0.2829 0.9588
vn 0.9421 -0.3140 -0.1178
vn 0.9397 -0.3237 -0.1106
vn 0.9348 -0.3378 -0.1099
vn 0.9550 -0.2605 -0.1421
vn 0.9757 -0.2046 -0.0787
vn 0.9751 -0.1966 -0.1022
vn 0.9646 -0.2274 -0.1333
vn 0.9763 -0.1811 -0.1181
vn 0.9771 -0.1655 -0.1340
vn 0.9730 -0.1334 -0.1883
vn 0.9646 -0.2274 -0.1334
vn 0.9751 -0.1966 -0.1023
vn 0.8889 -0.4483 -0.0944
vn 0.8676 -0.4970 -0.0158
vn 0.8717 -0.4869 -0.0550
vn 0.9404 -0.3369 -0.0469
vn 0.9444 -0.2204 0.2439
vn 0.9457 -0.2522 0.2049
vn 0.9457 -0.2995 0.1261
vn 0.9024 -0.4237 0.0785
vn 0.8676 -0.4969 -0.0157
vn 0.8717 -0.4870 -0.0549
vn 0.0001 -0.9997 -0.0236
vn 0.3528 -0.9330 -0.0706
vn 0.3397 -0.9402 0.0236
vn 0.0001 -0.9975 -0.0707
vn 0.3150 -0.8740 0.3700
vn 0.0001 -0.9771 0.2128
vn 0.3312 -0.9227 0.1972
vn 0.0001 -0.9096 0.4156
vn 0.3778 -0.8265 0.4172
vn -0.0000 -0.9052 0.4250
vn 0.3149 -0.8740 0.3701
vn 0.3397 -0.9402 0.0237
vn 0.3312 -0.9227 0.1971
vn 0.9194 -0.0157 0.3929
vn 0.9223 -0.0158 0.3863
vn 0.9831 -0.0786 0.1653
vn 0.9837 -0.0472 0.1732
vn -0.9152 0.2603 0.3078
vn -0.8821 0.2914 0.3702
vn -0.9434 0.1730 0.2831
vn -0.8619 0.3962 0.3165
vn 0.3385 -0.8895 -0.3070
vn 0.3530 -0.8944 -0.2746
vn 0.0001 -0.9354 -0.3537
vn 0.0001 -0.9290 -0.3700
vn 0.3448 -0.8699 -0.3526
vn 0.3379 -0.8722 -0.3536
vn 0.0001 -0.9353 -0.3537
vn 0.0001 -0.9290 -0.3701
vn 0.3540 -0.9126 0.2046
vn 0.0001 -0.9754 0.2203
vn 0.3540 -0.9126 0.2045
vn -0.9397 -0.3238 -0.1105
vn -0.9421 -0.3140 -0.1178
vn -0.9348 -0.3378 -0.1099
vn -0.9550 -0.2605 -0.1421
vn -0.9751 -0.1966 -0.1022
vn -0.9757 -0.2046 -0.0787
vn -0.9646 -0.2274 -0.1333
vn -0.9763 -0.1811 -0.1181
vn -0.9730 -0.1335 -0.1883
vn -0.9771 -0.1655 -0.1340
vn -0.9646 -0.2274 -0.1334
vn -0.9751 -0.1966 -0.1023
vn -0.8889 -0.4483 -0.0944
vn -0.8717 -0.4869 -0.0550
vn -0.8676 -0.4969 -0.0158
vn -0.9404 -0.3369 -0.0469
vn -0.9444 -0.2204 0.2439
vn -0.9457 -0.2995 0.1261
vn -0.9457 -0.2522 0.2049
vn -0.9024 -0.4237 0.0785
vn -0.8717 -0.4869 -0.0549
vn -0.3397 -0.9402 0.0236
vn -0.3528 -0.9330 -0.0706
vn -0.0001 -0.9997 -0.0236
vn -0.0001 -0.9975 -0.0707
vn -0.3150 -0.8740 0.3700
vn -0.0001 -0.9771 0.2128
vn -0.0001 -0.9096 0.4156
vn -0.3312 -0.9227 0.1972
vn -0.3778 -0.8265 0.4172
vn -0.0001 -0.9095 0.4156
vn -0.3149 -0.8740 0.3701
vn -0.3312 -0.9227 0.1971
vn -0.3397 -0.9402 0.0237
vn -0.0001 -0.9771 0.2127
vn -0.9193 -0.0236 0.3929
vn -0.9831 -0.0786 0.1653
vn -0.9193 -0.0235 0.3929
vn -0.9851 -0.0473 0.1656
vn 0.9434 0.1730 0.2831
vn 0.8821 0.2914 0.3702
vn 0.9152 0.2603 0.3078
vn 0.8619 0.3962 0.3165
vn -0.3385 -0.8895 -0.3070
vn -0.0001 -0.9354 -0.3537
vn -0.3530 -0.8944 -0.2746
vn -0.0001 -0.9290 -0.3700
vn -0.3448 -0.8699 -0.3527
vn -0.3379 -0.8722 -0.3536
vn -0.3540 -0.9126 0.2045
vn -0.0001 -0.9754 0.2203
vn 0.7394 0.5821 -0.3383
vn 0.6675 0.6675 -0.3299
vn 0.6675 0.6675 -0.3298
vn 0.5919 0.7417 -0.3157
vn -0.0000 0.7778 -0.6286
vn -0.0000 0.7778 -0.6285
vn -0.0000 0.9569 0.2903
vn -0.0000 0.9570 0.2902
vn -0.0000 0.2591 -0.9659
vn -0.7394 0.5821 -0.3383
vn -0.6675 0.6675 -0.3298
vn -0.5919 0.7416 -0.3157
vn -0.5445 -0.2842 -0.7892
vn -0.3377 -0.2906 -0.8953
vn -0.2444 -0.2995 -0.9223
vn -0.0000 -0.2924 -0.9563
vn -0.0000 -0.2996 -0.9541
vn 0.2444 -0.2995 -0.9223
vn 0.3377 -0.2906 -0.8953
vn 0.5445 -0.2841 -0.7892
vn -0.1887 0.2987 -0.9355
vn -0.3228 0.2992 -0.8979
vn -0.1416 0.2989 -0.9437
vn -0.0000 0.2996 -0.9541
vn 0.1416 0.2989 -0.9437
vn 0.1887 0.2987 -0.9355
vn 0.3229 0.2993 -0.8979
vn 0.3058 0.4784 -0.8232
vn 0.3074 0.6069 -0.7330
vn 0.3152 0.5045 -0.8038
vn 0.3698 0.6609 -0.6530
vn 0.4639 0.5112 -0.7235
vn 0.5031 0.7390 -0.4481
vn 0.6940 0.4891 -0.5284
vn 0.5652 0.7929 -0.2276
vn 0.7515 0.6092 -0.2531
vn 0.5826 0.8030 -0.1259
vn 0.8898 0.4252 -0.1654
vn 0.8326 -0.1727 -0.5263
vn 0.7868 -0.1810 -0.5901
vn 0.7129 -0.1645 -0.6817
vn 0.4579 -0.1500 -0.8763
vn 0.3947 -0.1421 -0.9078
vn 0.1805 -0.1413 -0.9734
vn 0.1658 -0.1184 -0.9790
vn -0.0000 -0.1260 -0.9920
vn -0.0000 -0.1027 -0.9947
vn -0.1658 -0.1184 -0.9790
vn -0.1805 -0.1413 -0.9734
vn -0.4579 -0.1500 -0.8763
vn -0.3947 -0.1421 -0.9078
vn -0.7130 -0.1645 -0.6816
vn -0.7868 -0.1810 -0.5901
vn -0.8326 -0.1728 -0.5263
vn -0.0392 0.9973 0.0628
vn -0.0079 0.9980 0.0629
vn -0.0474 0.9957 0.0790
vn -0.0631 0.9935 0.0946
vn -0.0552 0.9924 0.1102
vn -0.0473 0.9928 0.1103
vn 0.9112 -0.2357 -0.3378
vn 0.8883 -0.2830 -0.3616
vn 0.8756 -0.2998 -0.3787
vn 0.8290 -0.3712 -0.4183
vn -0.6984 0.1883 0.6905
vn -0.6943 0.1894 0.6943
vn -0.7240 0.1967 0.6611
vn -0.7487 0.2049 0.6305
vn -0.8055 0.2132 0.5528
vn -0.8185 0.3777 0.4329
vn -0.7782 0.5189 0.3537
vn -0.7017 0.6308 0.3312
vn -0.6976 0.6192 0.3605
vn -0.7414 0.5837 0.3313
vn -0.7875 0.5512 0.2756
vn -0.8573 0.4247 0.2910
vn -0.9203 0.3382 0.1966
vn -0.9663 0.2200 0.1336
vn -0.9716 0.2133 -0.1027
vn -0.9758 0.1889 -0.1102
vn -0.9279 0.2516 -0.2752
vn -0.9156 0.2921 -0.2763
vn -0.8811 0.3381 -0.3307
vn 0.9434 0.1730 0.2830
vn 0.9152 0.2603 0.3076
vn 0.9595 0.1652 0.2281
vn 0.9771 0.1655 0.1339
vn 0.9734 0.1805 0.1413
vn 0.9861 0.1657 0.0158
vn 0.9656 0.2590 -0.0235
vn 0.9369 0.3465 -0.0473
vn 0.8895 0.4487 -0.0866
vn 0.8794 0.4633 -0.1099
vn 0.8516 0.5047 -0.1419
vn 0.8231 0.5095 -0.2508
vn 0.8431 0.4413 -0.3073
vn 0.8538 0.3478 -0.3874
vn 0.8875 0.2278 -0.4006
vn 0.8635 0.1805 -0.4710
vn 0.8255 -0.1257 -0.5503
vn 0.7570 -0.2603 -0.5993
vn 0.5663 -0.6134 -0.5505
vn -0.0000 0.8976 0.4409
vn -0.0000 0.8975 0.4409
vn -0.0000 0.8976 0.4408
vn -0.0000 0.8977 0.4406
vn -0.0000 0.8977 0.4405
vn 0.0314 -0.0707 -0.9970
vn 0.0471 -0.0550 -0.9974
vn 0.0235 -0.0785 -0.9966
vn 0.0315 -0.0393 -0.9987
vn 0.0157 -0.0472 -0.9988
vn 0.0001 -0.0079 -1.0000
vn -0.0000 -0.0000 -1.0000
vn -0.0000 0.0234 -0.9997
vn -0.0000 0.0237 -0.9997
vn -0.0000 0.0315 -0.9995
vn -0.0000 0.0318 -0.9995
vn -0.1022 -0.5662 0.8179
vn -0.1582 -0.8939 0.4194
vn -0.1420 -0.8049 0.5762
vn -0.0709 -0.4175 0.9059
vn -0.0153 -0.0870 0.9961
vn 0.0153 0.0870 0.9961
vn 0.0709 0.4175 0.9059
vn 0.1022 0.5662 0.8179
vn 0.1419 0.8050 0.5761
vn 0.1577 0.8941 0.4193
vn 0.1731 0.9849 -0.0000
vn 0.1582 0.8940 -0.4193
vn 0.1420 0.8050 -0.5761
vn 0.1022 0.5662 -0.8179
vn 0.0709 0.4175 -0.9059
vn 0.0158 0.0869 -0.9961
vn -0.0158 -0.0869 -0.9961
vn -0.0709 -0.4175 -0.9059
vn -0.1022 -0.5662 -0.8179
vn -0.1420 -0.8050 -0.5761
vn -0.1582 -0.8940 -0.4193
vn -0.1736 -0.9848 -0.0000
vn -0.1582 -0.8940 0.4192
vn -0.1421 -0.8050 0.5760
vn 0.1023 -0.5662 0.8179
vn 0.1420 -0.8049 0.5762
vn 0.1582 -0.8939 0.4194
vn 0.0709 -0.4175 0.9059
vn 0.0158 -0.0869 0.9961
vn -0.0158 0.0869 0.9961
vn -0.0709 0.4175 0.9059
vn -0.1022 0.5662 0.8179
vn -0.1420 0.8050 0.5761
vn -0.1582 0.8940 0.4193
vn -0.1731 0.9849 -0.0000
vn -0.1737 0.9848 -0.0000
vn -0.1576 0.8941 -0.4193
vn -0.1419 0.8050 -0.5761
vn -0.1022 0.5662 -0.8179
vn -0.0709 0.4175 -0.9059
vn -0.0153 0.0870 -0.9961
vn 0.0153 -0.0870 -0.9961
vn 0.0709 -0.4175 -0.9059
vn 0.1022 -0.5662 -0.8179
vn 0.1419 -0.8050 -0.5761
vn 0.1576 -0.8941 -0.4193
vn 0.1732 -0.9849 -0.0000
vn 0.1736 -0.9848 -0.0000
vn 0.1582 -0.8940 0.4192
vn 0.1420 -0.8050 0.5760
vn -0.0000 0.0315 0.9995
vn -0.0000 0.0158 0.9999
vn -0.0000 0.0473 0.9989
vn -0.0000 0.0393 0.9992
vn -0.0000 0.0316 0.9995
vn -0.0000 0.0157 0.9999
vn -0.0000 0.0236 0.9997
vn -0.0000 0.0235 0.9997
vn -0.1105 -0.9708 -0.2131
vn -0.2208 -0.9462 -0.2366
vn -0.1420 -0.9700 -0.1972
vn -0.0237 -0.9800 -0.1976
vn -0.0000 -0.9771 -0.2128
vn 0.0553 -0.9788 -0.1973
vn 0.6153 -0.7494 -0.2446
vn 0.6924 -0.6845 -0.2282
vn 0.6948 -0.6868 -0.2133
vn 0.5139 -0.8064 -0.2925
vn -0.0000 -0.9379 -0.3468
vn 0.0001 -0.9263 -0.3768
vn 0.3858 0.4095 -0.8267
vn 0.3319 0.1424 -0.9325
vn 0.4957 0.2125 -0.8421
vn 0.3062 0.6201 -0.7223
vn -0.0000 0.7491 -0.6624
vn -0.0000 0.7636 -0.6457
vn -0.3062 0.6201 -0.7223
vn -0.3858 0.4095 -0.8267
vn -0.4957 0.2125 -0.8421
vn -0.3319 0.1424 -0.9325
vn -0.7515 0.6092 -0.2531
vn -0.8899 0.4252 -0.1653
vn -0.5825 0.8030 -0.1260
vn -0.5652 0.7929 -0.2276
vn -0.6940 0.4890 -0.5284
vn -0.5031 0.7390 -0.4481
vn -0.4640 0.5112 -0.7234
vn -0.3698 0.6609 -0.6530
vn -0.3152 0.5045 -0.8038
vn -0.3074 0.6069 -0.7330
vn -0.3058 0.4784 -0.8232
vn 0.1105 -0.9708 -0.2131
vn 0.1420 -0.9700 -0.1972
vn 0.2208 -0.9462 -0.2366
vn 0.0237 -0.9800 -0.1976
vn -0.0553 -0.9788 -0.1973
vn -0.6924 -0.6845 -0.2282
vn -0.6153 -0.7494 -0.2446
vn -0.6948 -0.6868 -0.2132
vn -0.5139 -0.8064 -0.2925
vn -0.0001 -0.9263 -0.3768
vn 0.4402 -0.0550 0.8962
vn 0.3948 -0.0711 0.9160
vn 0.4025 -0.0000 0.9154
vn 0.5909 -0.4254 0.6855
vn 0.6539 -0.3939 0.6460
vn 0.5976 -0.5347 0.5975
vn 0.5117 -0.3937 0.7636
vn 0.4265 -0.0869 0.9003
vn 0.4264 -0.1895 0.8844
vn 0.4398 -0.0707 0.8953
vn 0.5117 -0.3936 0.7637
vn 0.4720 -0.4799 0.7395
vn 0.5975 -0.5346 0.5976
vn 0.5212 -0.5370 0.6633
vn 0.4100 -0.7649 0.4968
vn 0.3155 -0.8519 0.4181
vn 0.2684 -0.9633 -0.0000
vn 0.2369 -0.9712 0.0237
vn 0.2529 -0.9088 -0.3319
vn 0.3149 -0.8740 -0.3701
vn 0.3862 -0.7723 -0.5044
vn 0.4573 -0.7096 -0.5361
vn 0.5191 -0.3854 -0.7629
vn 0.5117 -0.3936 -0.7637
vn 0.5187 -0.1022 -0.8488
vn 0.5340 -0.0942 -0.8402
vn 0.5413 -0.2040 0.8157
vn 0.5356 -0.2600 0.8034
vn 0.5357 -0.2048 0.8192
vn 0.5337 -0.3140 0.7852
vn 0.5264 -0.3771 0.7621
vn 0.5279 -0.3703 0.7643
vn 0.8290 -0.2842 0.4816
vn 0.8201 -0.2839 0.4968
vn 0.8163 -0.2982 0.4946
vn 0.8418 -0.2754 0.4642
vn 0.8688 -0.2764 0.4107
vn 0.8896 -0.2677 0.3700
vn 0.9074 -0.2683 0.3235
vn 0.9201 -0.2438 0.3067
vn 0.9401 -0.2370 0.2449
vn 0.9588 -0.2122 0.1886
vn 0.9679 -0.2360 0.0866
vn 0.9740 -0.1885 0.1257
vn 0.9813 -0.1884 0.0393
vn 0.9644 -0.2587 -0.0549
vn 0.9771 -0.1654 -0.1339
vn 0.9531 -0.2363 -0.1890
vn 0.9576 -0.1413 -0.2512
vn 0.9229 -0.3155 -0.2209
vn 0.9280 -0.2595 -0.2674
vn 0.8908 -0.3548 -0.2838
vn 0.0079 0.8589 0.5122
vn 0.0078 0.8782 0.4783
vn 0.0235 0.8552 0.5178
vn -0.0000 0.9007 0.4345
vn -0.0079 0.9195 0.3929
vn 0.6984 0.1883 0.6905
vn 0.7240 0.1967 0.6611
vn 0.6944 0.1893 0.6943
vn 0.7487 0.2049 0.6305
vn 0.8056 0.2132 0.5528
vn 0.8185 0.3777 0.4329
vn 0.7782 0.5189 0.3537
vn 0.7017 0.6308 0.3312
vn 0.6976 0.6192 0.3606
vn 0.7414 0.5837 0.3313
vn 0.7875 0.5512 0.2756
vn 0.8573 0.4247 0.2910
vn 0.9203 0.3382 0.1966
vn 0.9663 0.2200 0.1336
vn 0.9716 0.2133 -0.1027
vn 0.9758 0.1889 -0.1102
vn 0.9279 0.2516 -0.2752
vn 0.9156 0.2921 -0.2763
vn 0.8811 0.3382 -0.3306
vn -0.8255 -0.1257 -0.5503
vn -0.5663 -0.6134 -0.5505
vn -0.7570 -0.2603 -0.5993
vn -0.8635 0.1805 -0.4710
vn -0.8875 0.2278 -0.4006
vn -0.8538 0.3478 -0.3874
vn -0.8431 0.4413 -0.3073
vn -0.8231 0.5095 -0.2508
vn -0.8516 0.5047 -0.1419
vn -0.8794 0.4632 -0.1099
vn -0.8895 0.4487 -0.0866
vn -0.9369 0.3464 -0.0472
vn -0.9656 0.2590 -0.0235
vn -0.9860 0.1657 0.0157
vn -0.9771 0.1655 0.1339
vn -0.9734 0.1805 0.1413
vn -0.9595 0.1652 0.2281
vn -0.9434 0.1729 0.2830
vn -0.9152 0.2603 0.3076
vn -0.0316 0.9710 0.2369
vn -0.0316 0.9710 0.2368
vn -0.0395 0.9708 0.2368
vn -0.0158 0.9714 0.2369
vn -0.0157 0.9714 0.2369
vn -0.0080 0.9715 0.2369
vn -0.4339 -0.0552 0.8993
vn -0.3930 0.0078 0.9195
vn -0.3853 -0.0708 0.9201
vn -0.5909 -0.4255 0.6854
vn -0.6539 -0.3939 0.6460
vn -0.5925 -0.5373 0.6003
vn -0.5059 -0.3952 0.7667
vn -0.4329 -0.1889 0.8814
vn -0.4265 -0.0869 0.9003
vn -0.4398 -0.0707 0.8953
vn -0.5059 -0.3952 0.7668
vn -0.4720 -0.4799 0.7395
vn -0.5924 -0.5371 0.6004
vn -0.5212 -0.5370 0.6633
vn -0.4100 -0.7649 0.4968
vn -0.3155 -0.8519 0.4181
vn -0.2684 -0.9633 -0.0000
vn -0.2369 -0.9712 0.0237
vn -0.2529 -0.9088 -0.3319
vn -0.3150 -0.8740 -0.3701
vn -0.3862 -0.7723 -0.5044
vn -0.4573 -0.7096 -0.5361
vn -0.5191 -0.3854 -0.7629
vn -0.5117 -0.3936 -0.7637
vn -0.5187 -0.1022 -0.8488
vn -0.5340 -0.0942 -0.8402
vn -0.5356 -0.2600 0.8034
vn -0.5415 -0.2042 0.8155
vn -0.5357 -0.2048 0.8192
vn -0.5339 -0.3140 0.7851
vn -0.5264 -0.3771 0.7621
vn -0.5279 -0.3703 0.7643
vn -0.8201 -0.2839 0.4968
vn -0.8291 -0.2842 0.4815
vn -0.8163 -0.2982 0.4946
vn -0.8418 -0.2754 0.4642
vn -0.8688 -0.2764 0.4107
vn -0.8896 -0.2677 0.3700
vn -0.9074 -0.2683 0.3235
vn -0.9201 -0.2438 0.3067
vn -0.9401 -0.2370 0.2449
vn -0.9588 -0.2122 0.1886
vn -0.9679 -0.2360 0.0866
vn -0.9740 -0.1885 0.1257
vn -0.9813 -0.1884 0.0393
vn -0.9644 -0.2587 -0.0549
vn -0.9771 -0.1655 -0.1339
vn -0.9531 -0.2363 -0.1891
vn -0.9576 -0.1413 -0.2512
vn -0.9280 -0.2595 -0.2674
vn -0.9229 -0.3155 -0.2209
vn -0.8908 -0.3548 -0.2838
vn -0.0078 0.8782 0.4783
vn -0.0079 0.8589 0.5122
vn -0.0235 0.8552 0.5178
vn 0.0079 0.9195 0.3929
vn 0.0631 0.9935 0.0946
vn 0.0473 0.9928 0.1103
vn 0.0552 0.9924 0.1102
vn 0.0474 0.9957 0.0790
vn 0.0392 0.9973 0.0628
vn 0.0079 0.9980 0.0629
vn 0.0316 0.9710 0.2368
vn 0.0395 0.9708 0.2368
vn 0.0158 0.9714 0.2369
vn 0.0079 0.9715 0.2369
vn -0.8883 -0.2830 -0.3616
vn -0.8290 -0.3712 -0.4183
vn -0.8756 -0.2998 -0.3787
vn -0.9112 -0.2357 -0.3378
vn -0.9113 -0.2356 -0.3378
vn -0.3458 0.4165 0.8408
vn -0.3937 0.4174 0.8190
vn -0.4408 0.4170 0.7949
vn -0.5187 0.4165 0.7466
vn -0.5431 0.4250 0.7242
vn -0.5828 0.4489 0.6773
vn -0.5911 0.4492 0.6699
vn -0.5981 0.4643 0.6532
vn -0.5899 0.4641 0.6608
vn -0.5505 -0.6134 0.5662
vn -0.4957 -0.6373 0.5901
vn -0.4956 -0.6373 0.5901
vn -0.6082 -0.5845 0.5371
vn -0.6975 -0.5407 0.4702
vn -0.7315 -0.5270 0.4326
vn -0.7809 -0.4969 0.3786
vn -0.7801 -0.5043 0.3703
vn -0.7968 -0.4891 0.3550
vn -0.8026 -0.4800 0.3541
vn -0.8519 -0.3155 0.4180
vn -0.8490 -0.3145 0.4245
vn -0.8291 -0.3316 0.4501
vn -0.8616 -0.3083 0.4032
vn -0.8459 -0.3399 0.4111
vn -0.8485 -0.3457 0.4007
vn -0.8031 -0.4094 0.4330
vn -0.7749 -0.4349 0.4586
vn -0.7266 -0.4976 0.4739
vn -0.7038 -0.5140 0.4903
vn -0.6801 -0.5377 0.4983
vn -0.6845 -0.5272 0.5036
vn -0.7268 -0.6321 -0.2687
vn -0.7558 -0.6220 -0.2047
vn -0.7267 -0.6477 -0.2291
vn -0.7881 -0.5832 -0.1970
vn -0.8421 -0.4958 -0.2125
vn -0.8592 -0.4257 -0.2837
vn -0.8745 -0.3309 -0.3545
vn -0.8717 -0.3220 -0.3694
vn -0.8641 -0.2828 -0.4163
vn -0.8187 -0.2755 -0.5038
vn -0.8018 -0.2673 -0.5345
vn -0.7393 -0.2595 -0.6213
vn 0.3938 0.4174 0.8190
vn 0.3458 0.4165 0.8408
vn 0.4407 0.4171 0.7949
vn 0.5187 0.4165 0.7466
vn 0.5431 0.4250 0.7242
vn 0.5829 0.4489 0.6773
vn 0.5911 0.4493 0.6699
vn 0.5981 0.4643 0.6533
vn 0.5899 0.4641 0.6608
vn 0.5505 -0.6134 0.5662
vn 0.4956 -0.6373 0.5901
vn 0.4957 -0.6373 0.5901
vn 0.6082 -0.5845 0.5371
vn 0.6975 -0.5408 0.4702
vn 0.7315 -0.5270 0.4326
vn 0.7809 -0.4969 0.3786
vn 0.7801 -0.5043 0.3703
vn 0.7968 -0.4891 0.3550
vn 0.8026 -0.4800 0.3541
vn 0.8490 -0.3145 0.4245
vn 0.8519 -0.3155 0.4180
vn 0.8291 -0.3317 0.4502
vn 0.8616 -0.3082 0.4032
vn 0.8459 -0.3399 0.4111
vn 0.8485 -0.3457 0.4007
vn 0.8031 -0.4094 0.4330
vn 0.7749 -0.4349 0.4586
vn 0.7266 -0.4976 0.4739
vn 0.7038 -0.5140 0.4903
vn 0.6801 -0.5377 0.4983
vn 0.6845 -0.5272 0.5035
vn 0.7558 -0.6220 -0.2047
vn 0.7269 -0.6320 -0.2686
vn 0.7267 -0.6477 -0.2291
vn 0.7881 -0.5832 -0.1970
vn 0.8421 -0.4958 -0.2125
vn 0.8592 -0.4257 -0.2837
vn 0.8745 -0.3309 -0.3545
vn 0.8717 -0.3220 -0.3694
vn 0.8641 -0.2828 -0.4163
vn 0.8187 -0.2755 -0.5038
vn 0.8018 -0.2672 -0.5346
vn 0.7393 -0.2595 -0.6213
vn 0.4261 0.8286 -0.3630
vn 0.4783 0.8076 -0.3450
vn 0.4262 0.8286 -0.3631
vn 0.5282 0.7884 -0.3153
vn 0.6079 0.7500 -0.2605
vn 0.6393 0.7341 -0.2289
vn 0.6864 0.7022 -0.1893
vn 0.6905 0.7061 -0.1569
vn 0.7007 0.7007 -0.1339
vn 0.6915 0.7151 -0.1022
vn -0.1817 -0.1974 0.9633
vn -0.2122 -0.1886 0.9589
vn -0.2044 -0.1965 0.9590
vn -0.2214 -0.1897 0.9566
vn -0.2128 -0.1734 0.9616
vn -0.2200 -0.1807 0.9586
vn -0.2136 -0.1503 0.9653
vn -0.2284 -0.1575 0.9608
vn -0.2595 -0.1652 0.9515
vn -0.2762 -0.2051 0.9390
vn -0.2830 -0.2122 0.9354
vn -0.2902 -0.2432 0.9256
vn -0.3470 -0.9304 -0.1183
vn -0.3237 -0.9315 -0.1659
vn -0.3476 -0.9242 -0.1580
vn -0.3693 -0.9272 -0.0629
vn -0.3395 -0.9394 0.0473
vn -0.3464 -0.9369 0.0472
vn -0.3072 -0.9452 0.1103
vn -0.3140 -0.9421 0.1178
vn 0.7262 0.5683 0.3868
vn 0.7159 0.5822 0.3855
vn 0.6942 0.6390 0.3312
vn 0.7625 0.5738 0.2988
vn 0.7847 0.6199 -0.0078
vn 0.7491 0.6624 -0.0000
vn 0.7579 0.6079 -0.2368
vn 0.7619 0.5028 -0.4084
vn 0.4796 0.7076 -0.5189
vn 0.5341 0.6911 -0.4869
vn 0.5890 0.6675 -0.4555
vn 0.6701 0.6386 -0.3784
vn 0.7073 0.6209 -0.3380
vn 0.7778 0.5971 -0.1964
vn 0.8122 0.5757 -0.0946
vn -0.0000 -0.0947 -0.9955
vn 0.0314 -0.0706 -0.9970
vn -0.0000 -0.0707 -0.9975
vn -0.0000 -0.0157 -0.9999
vn -0.0000 -0.0078 -1.0000
vn -0.0000 0.0238 -0.9997
vn -0.0000 0.0236 -0.9997
vn -0.4783 0.8076 -0.3450
vn -0.4261 0.8286 -0.3630
vn -0.4262 0.8286 -0.3631
vn -0.5282 0.7884 -0.3153
vn -0.6079 0.7500 -0.2605
vn -0.6393 0.7341 -0.2289
vn -0.6864 0.7022 -0.1893
vn -0.6905 0.7061 -0.1569
vn -0.7007 0.7007 -0.1339
vn -0.6915 0.7151 -0.1022
vn 0.2044 -0.1965 0.9590
vn 0.2122 -0.1886 0.9589
vn 0.1816 -0.1974 0.9634
vn 0.2214 -0.1897 0.9566
vn 0.2128 -0.1734 0.9616
vn 0.2200 -0.1807 0.9586
vn 0.2136 -0.1503 0.9653
vn 0.2284 -0.1575 0.9608
vn 0.2595 -0.1652 0.9515
vn 0.2762 -0.2051 0.9390
vn 0.2830 -0.2122 0.9354
vn 0.2902 -0.2432 0.9256
vn 0.3469 -0.9304 -0.1183
vn 0.3476 -0.9242 -0.1580
vn 0.3237 -0.9315 -0.1659
vn 0.3693 -0.9272 -0.0629
vn 0.3395 -0.9394 0.0473
vn 0.3464 -0.9369 0.0472
vn 0.3072 -0.9452 0.1103
vn 0.3140 -0.9421 0.1178
vn -0.7159 0.5822 0.3855
vn -0.7262 0.5683 0.3868
vn -0.6942 0.6390 0.3314
vn -0.7625 0.5738 0.2988
vn -0.7847 0.6199 -0.0078
vn -0.7491 0.6624 -0.0000
vn -0.7579 0.6079 -0.2368
vn -0.7619 0.5027 -0.4084
vn -0.0000 0.8975 0.4410
vn -0.0000 0.8976 0.4407
vn -0.5341 0.6911 -0.4869
vn -0.4796 0.7077 -0.5189
vn -0.4796 0.7076 -0.5189
vn -0.5890 0.6675 -0.4555
vn -0.6701 0.6386 -0.3784
vn -0.7073 0.6209 -0.3380
vn -0.7778 0.5971 -0.1964
vn -0.8122 0.5757 -0.0946
vn -0.0235 -0.0785 -0.9966
vn -0.0314 -0.0706 -0.9970
vn -0.0157 -0.0472 -0.9988
vn -0.0000 0.0235 -0.9997
vn -0.0001 -0.0079 -1.0000
vn -0.0315 -0.0393 -0.9987
vn -0.0471 -0.0550 -0.9974
vn -0.0314 -0.0707 -0.9970
vn -0.1502 -0.8539 -0.4982
vn -0.0864 -0.4951 -0.8645
vn -0.0865 -0.4951 -0.8645
vn 0.0864 0.4951 -0.8645
vn 0.0865 0.4951 -0.8645
vn 0.1421 0.8050 -0.5761
vn 0.1582 0.8939 -0.4193
vn 0.1732 0.9849 -0.0000
vn 0.1733 0.9849 -0.0000
vn 0.1576 0.8940 0.4193
vn 0.0865 0.4951 0.8645
vn -0.0000 -0.0000 1.0000
vn -0.0865 -0.4951 0.8645
vn -0.1502 -0.8539 0.4983
vn -0.1733 -0.9849 -0.0000
vn -0.1502 -0.8540 -0.4981
vn 0.1502 -0.8539 -0.4982
vn 0.0864 -0.4951 -0.8645
vn 0.0865 -0.4951 -0.8645
vn -0.0864 0.4951 -0.8645
vn -0.1730 0.9849 -0.0000
vn -0.1736 0.9848 -0.0000
vn -0.1582 0.8939 0.4193
vn -0.0864 0.4951 0.8645
vn -0.0865 0.4951 0.8645
vn 0.0864 -0.4951 0.8645
vn 0.0865 -0.4951 0.8645
vn 0.1502 -0.8540 0.4982
vn 0.1502 -0.8539 0.4983
vn 0.1733 -0.9849 -0.0000
vn 0.1502 -0.8540 -0.4981
vn 0.1503 -0.8540 -0.4981
vn 0.0551 -0.9598 -0.2754
vn -0.0000 -0.9195 -0.3930
vn -0.0000 -0.9154 -0.4025
vn 0.0790 -0.9555 -0.2843
vn 0.0789 -0.9867 -0.1421
vn 0.0472 -0.9899 -0.1335
vn 0.0158 -0.9996 0.0236
vn -0.6123 -0.3218 -0.7222
vn -0.7521 -0.2037 -0.6267
vn -0.8079 -0.2509 -0.5333
vn -0.6362 -0.2906 -0.7147
vn -0.4028 -0.4344 -0.8056
vn -0.0000 -0.4567 -0.8896
vn -0.0000 -0.4565 -0.8897
vn 0.4028 -0.4344 -0.8056
vn 0.6123 -0.3218 -0.7222
vn 0.6362 -0.2906 -0.7147
vn 0.7521 -0.2037 -0.6267
vn 0.8078 -0.2510 -0.5333
vn -0.7802 0.5910 -0.2049
vn -0.7539 0.5968 -0.2748
vn -0.7958 0.5752 -0.1891
vn -0.7452 0.6040 -0.2824
vn -0.6314 0.6078 -0.4816
vn -0.6315 0.6078 -0.4815
vn -0.4643 0.5981 -0.6532
vn -0.4163 0.5813 -0.6991
vn -0.3388 0.5595 -0.7564
vn -0.3166 0.5461 -0.7756
vn -0.2052 0.5447 -0.8131
vn -0.1185 0.5453 -0.8298
vn -0.0000 0.5453 -0.8382
vn -0.0000 0.5602 -0.8284
vn 0.1185 0.5453 -0.8298
vn 0.2052 0.5447 -0.8131
vn 0.3166 0.5461 -0.7756
vn 0.3388 0.5595 -0.7564
vn 0.4163 0.5813 -0.6991
vn 0.4643 0.5981 -0.6532
vn 0.6315 0.6078 -0.4815
vn 0.7539 0.5968 -0.2748
vn 0.7452 0.6040 -0.2824
vn 0.7802 0.5910 -0.2049
vn 0.7958 0.5752 -0.1891
vn -0.0000 1.0000 0.0079
vn -0.0079 0.9998 0.0157
vn -0.0000 1.0000 0.0001
vn -0.0000 1.0000 -0.0079
vn 0.0315 0.9995 -0.0000
vn -0.0000 1.0000 -0.0000
vn -0.0315 0.9995 -0.0000
vn -0.0472 0.9369 -0.3464
vn -0.0000 0.9379 -0.3468
vn -0.0550 0.9276 -0.3695
vn -0.0000 0.9439 -0.3301
vn 0.0472 0.9369 -0.3464
vn 0.0550 0.9277 -0.3693
vn 0.0079 0.9998 0.0157
vn -0.0551 -0.9598 -0.2754
vn -0.0790 -0.9555 -0.2843
vn -0.0789 -0.9867 -0.1421
vn -0.0158 -0.9996 0.0236
vn -0.0472 -0.9899 -0.1335
vn 0.3061 -0.9263 -0.2198
vn 0.3769 -0.9187 -0.1178
vn 0.3313 -0.8677 -0.3707
vn 0.4019 -0.9140 -0.0551
vn 0.4468 -0.8779 -0.1724
vn 0.3625 -0.9142 -0.1813
vn 0.3798 -0.8941 -0.2373
vn 0.2990 -0.9285 -0.2203
vn 0.2203 -0.9599 -0.1731
vn 0.2448 -0.9476 -0.2053
vn 0.2117 -0.9647 -0.1569
vn 0.2123 -0.9669 -0.1415
vn 0.2052 -0.9705 -0.1263
vn 0.1968 -0.9759 -0.0944
vn 0.1731 -0.9834 -0.0551
vn 0.1259 -0.9918 0.0236
vn 0.1416 -0.9829 0.1180
vn 0.1177 -0.9806 0.1569
vn 0.0785 -0.9583 0.2749
vn 0.0553 -0.9871 0.1500
vn -0.0629 -0.9980 -0.0079
vn 0.3850 -0.8880 -0.2515
vn 0.4327 -0.8890 -0.1495
vn 0.3850 -0.9035 -0.1886
vn 0.3696 -0.8966 -0.2438
vn 0.4023 -0.8677 -0.2919
vn 0.4392 -0.8627 -0.2509
vn 0.4392 -0.8157 -0.3765
vn 0.9226 -0.2524 0.2918
vn 0.9444 -0.2204 0.2440
vn 0.9034 -0.2043 0.3770
vn 0.9457 -0.2522 0.2050
vn 0.9444 -0.2203 0.2440
vn 0.9569 -0.1805 0.2275
vn 0.8826 -0.1103 0.4571
vn 0.9034 -0.2042 0.3770
vn 0.8040 -0.0631 0.5912
vn 0.8181 -0.0315 0.5742
vn 0.8283 -0.0158 0.5601
vn 0.9218 -0.2364 -0.3073
vn 0.9388 -0.1183 -0.3235
vn 0.9276 -0.1414 -0.3459
vn 0.9285 -0.2203 -0.2990
vn 0.8913 -0.3471 -0.2918
vn 0.8888 -0.3539 -0.2910
vn -0.3061 -0.9263 -0.2198
vn -0.3313 -0.8677 -0.3707
vn -0.3769 -0.9187 -0.1178
vn -0.4019 -0.9140 -0.0552
vn -0.4404 -0.8809 -0.1731
vn -0.3625 -0.9142 -0.1813
vn -0.3764 -0.8940 -0.2431
vn -0.2990 -0.9285 -0.2203
vn -0.2203 -0.9599 -0.1731
vn -0.2448 -0.9476 -0.2053
vn -0.2118 -0.9647 -0.1568
vn -0.2123 -0.9669 -0.1416
vn -0.2052 -0.9705 -0.1263
vn -0.1968 -0.9759 -0.0944
vn -0.1731 -0.9834 -0.0551
vn -0.1259 -0.9918 0.0236
vn -0.1416 -0.9829 0.1180
vn -0.1177 -0.9806 0.1569
vn -0.0785 -0.9583 0.2749
vn -0.0393 -0.9670 0.2516
vn -0.0708 -0.9922 0.1024
vn 0.0629 -0.9980 -0.0079
vn -0.4327 -0.8890 -0.1495
vn -0.3850 -0.8880 -0.2515
vn -0.3850 -0.9035 -0.1886
vn -0.3696 -0.8966 -0.2438
vn -0.4023 -0.8677 -0.2919
vn -0.4392 -0.8627 -0.2509
vn -0.4392 -0.8157 -0.3765
vn -0.9034 -0.2043 0.3770
vn -0.9444 -0.2204 0.2440
vn -0.9226 -0.2524 0.2918
vn -0.9457 -0.2522 0.2050
vn -0.9444 -0.2203 0.2440
vn -0.8826 -0.1103 0.4571
vn -0.9569 -0.1804 0.2275
vn -0.9034 -0.2042 0.3770
vn -0.8040 -0.0631 0.5912
vn -0.8181 -0.0315 0.5742
vn -0.8283 -0.0158 0.5600
vn -0.9388 -0.1183 -0.3234
vn -0.9218 -0.2364 -0.3073
vn -0.9276 -0.1415 -0.3459
vn -0.9285 -0.2203 -0.2991
vn -0.8913 -0.3470 -0.2919
vn -0.8888 -0.3540 -0.2910
vn -0.9062 -0.3782 -0.1891
vn -0.8360 -0.5205 -0.1735
vn -0.8337 -0.5427 -0.1022
vn -0.9000 -0.3237 -0.2921
vn -0.8368 -0.4974 -0.2290
vn -0.9816 0.0314 -0.1885
vn -0.7634 -0.4407 -0.4722
vn -0.7586 -0.2529 -0.6005
vn -0.5741 -0.2281 -0.7864
vn -0.9290 0.0079 -0.3700
vn -0.9377 0.1891 -0.2916
vn -0.9749 0.1651 -0.1494
vn -0.8899 0.4252 -0.1654
vn -0.7516 0.6091 -0.2532
vn -0.6940 0.4889 -0.5285
vn -0.7785 0.1652 -0.6055
vn -0.7950 -0.0236 -0.6061
vn -0.5875 -0.0627 -0.8068
vn -0.5754 0.1498 -0.8040
vn -0.4640 0.5111 -0.7235
vn -0.4565 -0.0236 -0.8894
vn -0.4270 -0.0712 -0.9014
vn -0.4026 0.2052 -0.8921
vn -0.3152 0.5043 -0.8039
vn -0.2443 -0.0315 -0.9692
vn -0.1343 -0.1501 -0.9795
vn -0.2447 0.1658 -0.9553
vn -0.3058 0.4782 -0.8233
vn -0.0000 -0.0237 -0.9997
vn -0.0000 -0.1182 -0.9930
vn -0.0000 0.0785 -0.9969
vn 0.1343 -0.1501 -0.9795
vn 0.2447 0.1658 -0.9553
vn 0.2443 -0.0315 -0.9692
vn 0.4270 -0.0712 -0.9014
vn 0.3058 0.4782 -0.8233
vn 0.3152 0.5043 -0.8039
vn 0.4565 -0.0236 -0.8894
vn 0.5741 -0.2281 -0.7864
vn 0.4026 0.2052 -0.8921
vn 0.4640 0.5111 -0.7235
vn 0.5754 0.1498 -0.8040
vn 0.6941 0.4889 -0.5284
vn 0.5875 -0.0627 -0.8068
vn 0.7785 0.1652 -0.6055
vn 0.7586 -0.2529 -0.6005
vn 0.7634 -0.4407 -0.4722
vn 0.7950 -0.0236 -0.6061
vn 0.9290 0.0079 -0.3700
vn 0.9377 0.1891 -0.2916
vn 0.7516 0.6091 -0.2532
vn 0.8899 0.4252 -0.1654
vn 0.9749 0.1651 -0.1494
vn 0.9816 0.0314 -0.1885
vn 0.9000 -0.3237 -0.2921
vn 0.8368 -0.4974 -0.2290
vn 0.9062 -0.3782 -0.1891
vn 0.8360 -0.5205 -0.1735
vn 0.8337 -0.5427 -0.1022
vn -0.0000 0.9995 -0.0315
vn -0.0000 0.9969 -0.0784
vn 0.0079 0.9999 -0.0079
vn 0.0079 0.9980 -0.0628
vn -0.0000 0.9992 0.0394
vn 0.0079 0.9999 0.0079
vn 0.0001 0.9995 0.0313
vn -0.0000 0.9989 0.0472
vn -0.0000 0.9997 0.0236
vn -0.0000 0.9969 0.0785
vn -0.0000 0.9975 0.0707
vn -0.0000 0.9947 0.1026
vn -0.0000 0.9939 0.1104
vn -0.0000 0.9955 0.0949
vn -0.0000 0.9955 0.0948
vn -0.0001 0.9930 0.1182
vn -0.0000 0.9862 0.1657
vn -0.0000 0.9849 0.1734
vn -0.0002 0.9821 0.1885
vn -0.0000 0.9803 0.1976
vn -0.0000 0.9821 0.1886
vn -0.0000 0.9835 0.1810
vn -0.0000 0.9806 0.1962
vn -0.0000 0.9771 0.2128
vn -0.0000 0.9737 0.2277
vn -0.0079 0.9612 0.2757
vn 0.0001 0.9591 0.2830
vn -0.0000 0.9495 0.3139
vn -0.0001 0.9563 0.2924
vn -0.0000 0.9495 0.3138
vn -0.0001 0.9969 -0.0784
vn 0.0002 0.9995 -0.0315
vn -0.0079 0.9999 -0.0079
vn -0.0079 0.9980 -0.0629
vn -0.0000 0.9992 0.0393
vn -0.0079 0.9999 0.0079
vn -0.0000 0.9995 0.0314
vn -0.0000 0.9930 0.1182
vn -0.0000 0.9862 0.1658
vn -0.0000 0.9848 0.1736
vn -0.0000 0.9821 0.1885
vn 0.0079 0.9612 0.2757
vn -0.0000 0.9591 0.2830
vn -0.0000 0.9563 0.2924
vn -0.7810 -0.2761 0.5601
vn -0.8032 -0.2913 0.5197
vn -0.8183 -0.2911 0.4957
vn -0.7488 -0.2995 0.5912
vn -0.8262 -0.3305 0.4564
vn -0.6300 -0.2992 0.7166
vn -0.7655 -0.3551 0.5366
vn -0.8112 -0.4095 0.4173
vn -0.5759 -0.3077 0.7574
vn -0.5179 -0.3218 0.7926
vn -0.5044 -0.3152 0.8039
vn -0.5992 -0.3390 0.7253
vn -0.5262 -0.3613 0.7698
vn -0.7572 -0.4417 0.4811
vn -0.7237 -0.5035 0.4720
vn -0.6315 -0.4500 0.6315
vn -0.5597 -0.4651 0.6858
vn -0.6208 -0.5344 0.5736
vn 0.7810 -0.2761 0.5601
vn 0.8183 -0.2911 0.4957
vn 0.8032 -0.2913 0.5197
vn 0.7488 -0.2995 0.5912
vn 0.8262 -0.3305 0.4564
vn 0.6300 -0.2992 0.7166
vn 0.7655 -0.3551 0.5366
vn 0.8112 -0.4095 0.4174
vn 0.5759 -0.3077 0.7574
vn 0.5179 -0.3218 0.7926
vn 0.5044 -0.3152 0.8039
vn 0.5992 -0.3390 0.7253
vn 0.5262 -0.3613 0.7698
vn 0.7572 -0.4417 0.4811
vn 0.7237 -0.5035 0.4720
vn 0.6315 -0.4500 0.6315
vn 0.5597 -0.4651 0.6858
vn 0.6208 -0.5344 0.5736
vn 0.9665 -0.2279 -0.1179
vn 0.9667 -0.1886 -0.1729
vn 0.9527 -0.2598 -0.1574
vn 0.9795 -0.1817 -0.0869
vn 0.9782 -0.2051 -0.0315
vn 0.9885 -0.1334 -0.0706
vn 0.9815 -0.1099 -0.1570
vn 0.9902 -0.1100 -0.0864
vn 0.9909 -0.1338 -0.0157
vn 0.9909 -0.1337 -0.0157
vn 0.9861 -0.1657 0.0079
vn 0.9784 -0.2052 0.0237
vn 0.9901 -0.1257 0.0629
vn 0.9899 -0.1414 -0.0000
vn 0.9897 -0.1412 0.0236
vn 0.9934 -0.1104 0.0315
vn 0.9838 -0.0472 0.1731
vn 0.9831 -0.0787 0.1651
vn 0.9888 -0.1491 -0.0000
vn 0.9874 -0.1580 -0.0000
vn 0.9887 -0.1491 0.0157
vn 0.9884 -0.1502 0.0237
vn 0.9874 -0.1580 0.0001
vn -0.9667 -0.1886 -0.1729
vn -0.9665 -0.2279 -0.1179
vn -0.9527 -0.2598 -0.1574
vn -0.9795 -0.1817 -0.0869
vn -0.9782 -0.2051 -0.0315
vn -0.9885 -0.1334 -0.0706
vn -0.9815 -0.1099 -0.1570
vn -0.9902 -0.1100 -0.0864
vn -0.9909 -0.1338 -0.0157
vn -0.9909 -0.1337 -0.0157
vn -0.9862 -0.1657 0.0079
vn -0.9784 -0.2052 0.0237
vn -0.9901 -0.1257 0.0629
vn -0.9899 -0.1414 -0.0000
vn -0.9897 -0.1412 0.0236
vn -0.9934 -0.1103 0.0315
vn -0.9851 -0.0473 0.1654
vn -0.9831 -0.0787 0.1651
vn -0.9888 -0.1491 -0.0078
vn -0.9874 -0.1580 -0.0000
vn -0.9887 -0.1491 0.0157
vn -0.9884 -0.1502 0.0237
vn 0.9052 0.4250 -0.0000
vn 0.8966 0.3696 -0.2438
vn 0.8966 0.3696 0.2438
vn 0.8874 0.3220 -0.3298
vn 0.8874 0.3220 0.3298
vn 0.8635 0.1805 0.4710
vn 0.8495 0.0944 -0.5191
vn 0.8495 0.0944 0.5191
vn 0.8122 -0.0947 -0.5756
vn 0.8122 -0.0947 0.5756
vn 0.7958 -0.1891 -0.5752
vn 0.7958 -0.1891 0.5752
vn 0.7652 -0.3787 -0.5206
vn 0.7652 -0.3787 0.5206
vn 0.7486 -0.4649 -0.4728
vn 0.7486 -0.4649 0.4728
vn 0.7238 -0.6058 -0.3304
vn 0.7238 -0.6058 0.3304
vn 0.7165 -0.6535 -0.2441
vn 0.7165 -0.6535 0.2441
vn 0.7075 -0.7067 -0.0000
vn 0.7072 -0.7070 -0.0000
vn 0.9849 -0.1734 0.0001
vn 0.9849 -0.1733 -0.0000
vn 0.9849 -0.1733 0.0001
vn 0.9849 -0.1734 -0.0000
vn 0.9848 -0.1735 0.0001
vn 0.9848 -0.1734 -0.0000
vn 0.9849 -0.1734 -0.0001
vn -0.9052 0.4250 -0.0000
vn -0.8966 0.3696 -0.2438
vn -0.8966 0.3696 0.2438
vn -0.8874 0.3220 -0.3298
vn -0.8874 0.3220 0.3298
vn -0.8635 0.1805 0.4710
vn -0.8495 0.0944 -0.5191
vn -0.8495 0.0944 0.5191
vn -0.8122 -0.0947 -0.5756
vn -0.8122 -0.0947 0.5756
vn -0.7958 -0.1891 -0.5752
vn -0.7958 -0.1891 0.5752
vn -0.7652 -0.3787 -0.5206
vn -0.7652 -0.3787 0.5206
vn -0.7486 -0.4649 -0.4728
vn -0.7486 -0.4649 0.4728
vn -0.7238 -0.6058 -0.3304
vn -0.7238 -0.6058 0.3304
vn -0.7165 -0.6535 -0.2441
vn -0.7165 -0.6535 0.2441
vn -0.7071 -0.7071 -0.0000
vn -0.7072 -0.7070 -0.0000
vn -0.9849 -0.1733 -0.0000
vn -0.9849 -0.1733 0.0001
vn -0.9849 -0.1734 0.0001
vn -0.9849 -0.1734 -0.0000
vn -0.9848 -0.1735 0.0001
vn -0.9849 -0.1732 -0.0000
vn -0.9848 -0.1735 -0.0000
vn -0.9848 -0.1734 -0.0000
vn -0.9849 -0.1733 -0.0001
vn -0.9849 -0.1734 -0.0001
vt 0.042999 0.764648
vt 0.010757 0.817505
vt 0.010803 0.757080
vt 0.010941 0.876465
vt 0.076660 0.869385
vt 0.076477 0.876526
vt 0.010719 0.869385
vt 0.044159 0.624268
vt 0.049377 0.694336
vt 0.031860 0.619629
vt 0.059967 0.686768
vt 0.100891 0.723877
vt 0.112610 0.710938
vt 0.101013 0.919250
vt 0.010468 0.919128
vt 0.131226 0.687988
vt 0.142944 0.665771
vt 0.161743 0.677979
vt 0.146973 0.700928
vt 0.157593 0.641113
vt 0.195435 0.573975
vt 0.210693 0.587646
vt 0.175415 0.653564
vt 0.361084 0.748047
vt 0.338623 0.729980
vt 0.351562 0.723633
vt 0.350098 0.754028
vt 0.290527 0.864746
vt 0.294678 0.857544
vt 0.305664 0.880371
vt 0.289307 0.878906
vt 0.301758 0.896912
vt 0.302734 0.913757
vt 0.325928 0.710449
vt 0.290527 0.649170
vt 0.303223 0.640381
vt 0.312012 0.721436
vt 0.358154 0.671875
vt 0.378174 0.697510
vt 0.342773 0.689697
vt 0.205688 0.728516
vt 0.182739 0.746094
vt 0.192993 0.721924
vt 0.193848 0.752319
vt 0.253418 0.865112
vt 0.238525 0.880981
vt 0.249268 0.857910
vt 0.254395 0.878906
vt 0.241089 0.913757
vt 0.241943 0.896912
vt 0.218750 0.709229
vt 0.243042 0.639648
vt 0.255371 0.648682
vt 0.232422 0.720459
vt 0.187622 0.670654
vt 0.202637 0.688965
vt 0.167236 0.696289
vt 0.379395 0.368164
vt 0.399902 0.379883
vt 0.363525 0.394043
vt 0.411621 0.366699
vt 0.072815 0.312500
vt 0.045837 0.304688
vt 0.071594 0.286133
vt 0.047394 0.271484
vt 0.121216 0.201172
vt 0.068787 0.191406
vt 0.069397 0.177734
vt 0.133179 0.238281
vt 0.072815 0.263184
vt 0.096619 0.281738
vt 0.042206 0.245117
vt 0.065063 0.234375
vt 0.087402 0.239746
vt 0.054840 0.498535
vt 0.017075 0.516357
vt 0.017838 0.500977
vt 0.060913 0.514893
vt 0.017563 0.488770
vt 0.054443 0.486328
vt 0.788574 0.485840
vt 0.764648 0.470703
vt 0.794922 0.474121
vt 0.759766 0.483887
vt 0.684570 0.486328
vt 0.657227 0.470703
vt 0.686523 0.470703
vt 0.656250 0.486328
vt 0.304199 0.421387
vt 0.345459 0.419922
vt 0.346924 0.425781
vt 0.395020 0.402344
vt 0.364990 0.415039
vt 0.028992 0.419922
vt 0.058411 0.447266
vt 0.022507 0.438965
vt 0.067932 0.423828
vt 0.564453 0.471191
vt 0.552246 0.451660
vt 0.569336 0.456543
vt 0.544922 0.466797
vt 0.085999 0.452637
vt 0.082764 0.481934
vt 0.066284 0.459961
vt 0.063660 0.485840
vt 0.076050 0.495605
vt 0.064697 0.494629
vt 0.068359 0.449707
vt 0.457520 0.297363
vt 0.457275 0.339844
vt 0.444092 0.298828
vt 0.436279 0.343262
vt 0.438721 0.372559
vt 0.460938 0.368652
vt 0.057098 0.458984
vt 0.092102 0.483398
vt 0.096252 0.449707
vt 0.064758 0.498535
vt 0.068848 0.509033
vt 0.070801 0.515625
vt 0.064514 0.532959
vt 0.073608 0.530518
vt 0.075378 0.432129
vt 0.417969 0.116699
vt 0.433350 0.215332
vt 0.424072 0.208496
vt 0.412354 0.120117
vt 0.338623 0.075684
vt 0.388428 0.094727
vt 0.385498 0.100098
vt 0.331787 0.079102
vt 0.336182 0.058594
vt 0.342285 0.059570
vt 0.553223 0.390137
vt 0.607422 0.434082
vt 0.541504 0.397461
vt 0.614746 0.423340
vt 0.555176 0.323730
vt 0.567871 0.333984
vt 0.948242 0.390137
vt 0.894043 0.434082
vt 0.886719 0.422852
vt 0.959473 0.396973
vt 0.933594 0.333984
vt 0.946289 0.323730
vt 0.796875 0.769897
vt 0.802246 0.699219
vt 0.746582 0.736816
vt 0.746582 0.711914
vt 0.821777 0.717529
vt 0.051331 0.819458
vt 0.010742 0.837646
vt 0.054108 0.837646
vt 0.070374 0.850708
vt 0.027847 0.749756
vt 0.010818 0.734131
vt 0.010101 0.982483
vt 0.073669 0.993969
vt 0.010635 0.993877
vt 0.082886 0.982590
vt 0.278564 0.628906
vt 0.272949 0.643311
vt 0.296143 0.634521
vt 0.267822 0.628906
vt 0.250244 0.634033
vt 0.392334 0.071289
vt 0.459961 0.090820
vt 0.423828 0.080566
vt 0.462646 0.123047
vt 0.476318 0.212402
vt 0.313965 0.076660
vt 0.259766 0.067871
vt 0.259521 0.055664
vt 0.319824 0.056152
vt 0.167480 0.105469
vt 0.167114 0.067383
vt 0.202637 0.080566
vt 0.201538 0.061523
vt 0.258301 0.025879
vt 0.319580 0.026855
vt 0.198486 0.030762
vt 0.161743 0.037598
vt 0.077881 0.087402
vt 0.074280 0.066895
vt 0.099915 0.321289
vt 0.017822 0.536377
vt 0.346191 0.028809
vt 0.398682 0.041504
vt 0.432129 0.051270
vt 0.466064 0.061523
vt 0.339844 0.028320
vt 0.842773 0.686035
vt 0.832031 0.693848
vt 0.845215 0.693359
vt 0.834961 0.701172
vt 0.827148 0.630859
vt 0.827148 0.687744
vt 0.831543 0.630859
vt 0.831543 0.687744
vt 0.815430 0.630859
vt 0.815430 0.691895
vt 0.750488 0.628906
vt 0.750488 0.703369
vt 0.806641 0.690674
vt 0.805664 0.628906
vt 0.292480 0.783691
vt 0.279297 0.785522
vt 0.275879 0.753906
vt 0.270996 0.786011
vt 0.270996 0.753052
vt 0.266113 0.753784
vt 0.262695 0.785522
vt 0.249390 0.783569
vt 0.286865 0.909851
vt 0.271973 0.878479
vt 0.271729 0.908997
vt 0.256836 0.909851
vt 0.232300 0.901428
vt 0.217285 0.924988
vt 0.204224 0.914978
vt 0.199829 0.939240
vt 0.183105 0.932434
vt 0.185425 0.965393
vt 0.165649 0.960419
vt 0.175537 0.992195
vt 0.155762 0.989151
vt 0.207275 0.783447
vt 0.237671 0.783813
vt 0.263184 0.736084
vt 0.271973 0.734619
vt 0.281006 0.736084
vt 0.305420 0.784546
vt 0.335938 0.784790
vt 0.614746 0.469727
vt 0.614746 0.485840
vt 0.409180 0.298340
vt 0.402832 0.324707
vt 0.402832 0.340820
vt 0.854004 0.538086
vt 0.852539 0.522705
vt 0.814941 0.530273
vt 0.813477 0.514648
vt 0.777344 0.525391
vt 0.775879 0.509277
vt 0.754395 0.523682
vt 0.755371 0.516602
vt 0.726562 0.521240
vt 0.727051 0.514160
vt 0.699707 0.516846
vt 0.699707 0.510254
vt 0.683594 0.514404
vt 0.682617 0.497559
vt 0.652832 0.511230
vt 0.651367 0.495117
vt 0.612305 0.493164
vt 0.598633 0.509766
vt 0.598633 0.500000
vt 0.844238 0.605469
vt 0.847656 0.588135
vt 0.835938 0.579834
vt 0.794922 0.599121
vt 0.798828 0.576416
vt 0.765625 0.575684
vt 0.761230 0.598877
vt 0.746582 0.587402
vt 0.743164 0.597168
vt 0.717285 0.585938
vt 0.713867 0.592529
vt 0.687500 0.581543
vt 0.683594 0.586914
vt 0.668457 0.567627
vt 0.660645 0.579102
vt 0.628906 0.561768
vt 0.624023 0.568115
vt 0.586914 0.558594
vt 0.586426 0.560547
vt 0.844238 0.703857
vt 0.856934 0.686523
vt 0.865723 0.689941
vt 0.875977 0.672607
vt 0.885742 0.673584
vt 0.895508 0.649170
vt 0.906250 0.650146
vt 0.905762 0.630859
vt 0.916992 0.630859
vt 0.529297 0.637451
vt 0.519043 0.637451
vt 0.542969 0.658447
vt 0.542969 0.649170
vt 0.566406 0.672852
vt 0.566406 0.664062
vt 0.624023 0.681641
vt 0.624023 0.696289
vt 0.671387 0.693115
vt 0.671387 0.711914
vt 0.980957 0.928345
vt 0.980957 0.974152
vt 0.957520 0.974152
vt 0.957520 0.928345
vt 0.980957 0.882507
vt 0.957520 0.882507
vt 0.980957 0.836670
vt 0.957520 0.836670
vt 0.980957 0.790894
vt 0.957520 0.790894
vt 0.980957 0.745117
vt 0.957520 0.745117
vt 0.957520 0.699219
vt 0.980957 0.699219
vt 0.957520 0.653320
vt 0.980957 0.653320
vt 0.957520 0.607666
vt 0.980957 0.607666
vt 0.957520 0.561768
vt 0.980957 0.561768
vt 0.957520 0.515869
vt 0.980957 0.515869
vt 0.957520 0.470215
vt 0.980957 0.470215
vt 0.980957 0.424316
vt 0.957520 0.424316
vt 0.010109 0.973221
vt 0.096436 0.973343
vt 0.010124 0.957428
vt 0.099426 0.957581
vt 0.010139 0.938751
vt 0.103149 0.938873
vt 0.041321 0.597656
vt 0.025085 0.594971
vt 0.037964 0.557861
vt 0.018127 0.557373
vt 0.214111 0.555420
vt 0.228271 0.569580
vt 0.226196 0.544922
vt 0.239502 0.559326
vt 0.300049 0.784546
vt 0.278809 0.738281
vt 0.271973 0.737061
vt 0.265381 0.738037
vt 0.243164 0.783936
vt 0.378174 0.960449
vt 0.387939 0.989189
vt 0.368164 0.992226
vt 0.358398 0.965424
vt 0.360596 0.932495
vt 0.343994 0.939270
vt 0.339600 0.915039
vt 0.326416 0.924988
vt 0.311523 0.901428
vt 0.020599 0.271484
vt 0.021042 0.231445
vt 0.040802 0.218262
vt 0.102234 0.527100
vt 0.134399 0.530029
vt 0.108154 0.554688
vt 0.123352 0.506348
vt 0.189331 0.495605
vt 0.119324 0.478027
vt 0.175049 0.446777
vt 0.220215 0.440430
vt 0.226440 0.482422
vt 0.283203 0.438477
vt 0.281738 0.478516
vt 0.335938 0.483398
vt 0.342529 0.440918
vt 0.385498 0.495117
vt 0.403320 0.447754
vt 0.414551 0.505371
vt 0.439209 0.455566
vt 0.504883 0.517334
vt 0.489258 0.567627
vt 0.389404 0.336426
vt 0.391846 0.320312
vt 0.404785 0.291504
vt 0.822754 0.555908
vt 0.862793 0.564697
vt 0.784180 0.550293
vt 0.760254 0.548584
vt 0.730957 0.546143
vt 0.693848 0.542969
vt 0.655762 0.539551
vt 0.641113 0.538330
vt 0.656250 0.544922
vt 0.636230 0.551514
vt 0.597168 0.536865
vt 0.597168 0.551270
vt 0.893066 0.489746
vt 0.845703 0.476074
vt 0.897949 0.480469
vt 0.839844 0.486328
vt 0.721191 0.485352
vt 0.725098 0.471191
vt 0.750488 0.370605
vt 0.717773 0.317871
vt 0.750488 0.310547
vt 0.720703 0.377930
vt 0.671875 0.334473
vt 0.683594 0.390137
vt 0.630371 0.352051
vt 0.653809 0.402832
vt 0.750488 0.273438
vt 0.706543 0.280762
vt 0.657227 0.297363
vt 0.616699 0.313477
vt 0.580566 0.238770
vt 0.617676 0.234863
vt 0.593750 0.182129
vt 0.624512 0.178223
vt 0.634766 0.120605
vt 0.612793 0.112793
vt 0.642090 0.095215
vt 0.624023 0.083496
vt 0.649902 0.068359
vt 0.636719 0.051758
vt 0.625488 0.051270
vt 0.612305 0.083984
vt 0.601074 0.112793
vt 0.582031 0.178711
vt 0.569824 0.231445
vt 0.553223 0.325195
vt 0.783203 0.317871
vt 0.780762 0.377930
vt 0.829590 0.334473
vt 0.817871 0.390137
vt 0.870605 0.352051
vt 0.847656 0.402832
vt 0.794434 0.280762
vt 0.844238 0.297363
vt 0.884277 0.313477
vt 0.920410 0.238770
vt 0.883301 0.234375
vt 0.907715 0.182129
vt 0.876465 0.178223
vt 0.866211 0.120117
vt 0.888184 0.112793
vt 0.858887 0.094727
vt 0.876953 0.083008
vt 0.851074 0.067871
vt 0.864258 0.051758
vt 0.875488 0.051270
vt 0.888672 0.083984
vt 0.899902 0.112793
vt 0.918945 0.178711
vt 0.931152 0.231445
vt 0.948242 0.324707
vt 0.917480 0.656250
vt 0.918945 0.678467
vt 0.931152 0.656250
vt 0.906738 0.675537
vt 0.897949 0.703125
vt 0.886719 0.698975
vt 0.876953 0.720459
vt 0.865723 0.715332
vt 0.850586 0.740479
vt 0.846680 0.729492
vt 0.497803 0.018066
vt 0.500000 0.109375
vt 0.511230 0.027344
vt 0.512695 0.111328
vt 0.500488 0.176270
vt 0.513184 0.173828
vt 0.522461 0.237305
vt 0.510742 0.245605
vt 0.529785 0.261230
vt 0.520020 0.274902
vt 0.539551 0.285156
vt 0.533203 0.305664
vt 0.546387 0.011719
vt 0.554688 0.021973
vt 0.603516 0.013184
vt 0.605957 0.022949
vt 0.640625 0.029785
vt 0.646973 0.021484
vt 0.838379 0.735352
vt 0.841309 0.746826
vt 0.833008 0.729004
vt 0.827637 0.725342
vt 0.838379 0.718262
vt 0.843750 0.720947
vt 0.898926 0.630859
vt 0.889648 0.647705
vt 0.870605 0.667969
vt 0.853516 0.678711
vt 0.546875 0.640625
vt 0.546875 0.628906
vt 0.533691 0.628906
vt 0.570312 0.628906
vt 0.570312 0.655518
vt 0.627930 0.628906
vt 0.627930 0.673096
vt 0.675293 0.628906
vt 0.675293 0.684814
vt 0.500488 0.919861
vt 0.500488 0.834839
vt 0.518066 0.919861
vt 0.518066 0.834839
vt 0.535156 0.834839
vt 0.535156 0.919861
vt 0.552734 0.919861
vt 0.552734 0.834839
vt 0.569824 0.834839
vt 0.569824 0.919861
vt 0.587402 0.834839
vt 0.587402 0.919861
vt 0.604492 0.919861
vt 0.604492 0.834839
vt 0.622070 0.919861
vt 0.622070 0.834839
vt 0.639160 0.834839
vt 0.639160 0.919861
vt 0.656738 0.919861
vt 0.656738 0.834839
vt 0.673828 0.834839
vt 0.673828 0.919861
vt 0.691406 0.919861
vt 0.691406 0.834839
vt 0.708496 0.834839
vt 0.708496 0.919861
vt 0.155884 0.724609
vt 0.179565 0.726562
vt 0.179688 0.732666
vt 0.151245 0.730469
vt 0.122253 0.706543
vt 0.296143 0.608154
vt 0.316162 0.595215
vt 0.290771 0.580811
vt 0.273193 0.602783
vt 0.273438 0.576172
vt 0.256104 0.580811
vt 0.250488 0.607910
vt 0.230469 0.594727
vt 0.349854 0.990929
vt 0.342529 0.970871
vt 0.330811 0.949860
vt 0.316406 0.938354
vt 0.296631 0.928955
vt 0.284180 0.924500
vt 0.271729 0.924805
vt 0.259521 0.924500
vt 0.246948 0.928955
vt 0.227417 0.938354
vt 0.212891 0.949829
vt 0.201050 0.970856
vt 0.193848 0.990906
vt 0.271729 0.994984
vt 0.271484 0.858154
vt 0.271973 0.866089
vt 0.167236 0.336426
vt 0.166626 0.371094
vt 0.123962 0.349609
vt 0.180176 0.357422
vt 0.204956 0.369629
vt 0.206421 0.393066
vt 0.204712 0.366211
vt 0.242920 0.381836
vt 0.231812 0.402344
vt 0.249878 0.368652
vt 0.254395 0.384766
vt 0.262939 0.414062
vt 0.299561 0.373535
vt 0.302002 0.397461
vt 0.338135 0.371582
vt 0.343506 0.399414
vt 0.439697 0.272461
vt 0.477295 0.277832
vt 0.407959 0.290527
vt 0.437988 0.262695
vt 0.077454 0.113281
vt 0.144409 0.160156
vt 0.122803 0.164551
vt 0.073059 0.143066
vt 0.021393 0.456543
vt 0.842773 0.682373
vt 0.860840 0.667969
vt 0.878418 0.647705
vt 0.887695 0.630859
vt 0.439941 0.794678
vt 0.403564 0.745605
vt 0.418457 0.739990
vt 0.404541 0.799805
vt 0.385742 0.752563
vt 0.442871 0.824463
vt 0.373535 0.756836
vt 0.376221 0.799561
vt 0.350098 0.794800
vt 0.407959 0.827515
vt 0.409912 0.851807
vt 0.442383 0.850220
vt 0.441406 0.871582
vt 0.409668 0.873413
vt 0.375244 0.875671
vt 0.375488 0.854004
vt 0.376221 0.827026
vt 0.347900 0.825439
vt 0.347412 0.855347
vt 0.347168 0.877319
vt 0.317627 0.825317
vt 0.316162 0.794067
vt 0.319092 0.856445
vt 0.316162 0.880005
vt 0.292725 0.826416
vt 0.287354 0.794556
vt 0.271729 0.827759
vt 0.271240 0.795410
vt 0.255371 0.794922
vt 0.250488 0.826782
vt 0.226562 0.794800
vt 0.228027 0.880737
vt 0.225708 0.826050
vt 0.192749 0.796143
vt 0.224731 0.857178
vt 0.197021 0.878601
vt 0.196411 0.856689
vt 0.168945 0.877441
vt 0.195435 0.826782
vt 0.168335 0.855835
vt 0.166504 0.801392
vt 0.168579 0.758545
vt 0.167114 0.828857
vt 0.135376 0.829834
vt 0.133667 0.854126
vt 0.134399 0.875732
vt 0.102783 0.874512
vt 0.101257 0.853149
vt 0.100525 0.827393
vt 0.138428 0.802002
vt 0.156372 0.754517
vt 0.102905 0.797607
vt 0.138306 0.747803
vt 0.123535 0.742432
vt 0.657227 0.794189
vt 0.671875 0.777344
vt 0.672852 0.793457
vt 0.656250 0.773926
vt 0.666992 0.766479
vt 0.630859 0.795654
vt 0.651367 0.751831
vt 0.629395 0.767700
vt 0.605469 0.796875
vt 0.627441 0.739746
vt 0.604004 0.765503
vt 0.602539 0.734131
vt 0.587402 0.797485
vt 0.584961 0.735107
vt 0.586426 0.766235
vt 0.576172 0.736816
vt 0.577148 0.767212
vt 0.578125 0.797729
vt 0.561523 0.739502
vt 0.562012 0.769409
vt 0.562500 0.797974
vt 0.546387 0.744873
vt 0.546875 0.771484
vt 0.546875 0.798096
vt 0.534668 0.749023
vt 0.534668 0.773560
vt 0.534668 0.798096
vt 0.516602 0.756714
vt 0.516113 0.775757
vt 0.498047 0.764282
vt 0.515625 0.797974
vt 0.496582 0.777832
vt 0.496338 0.797729
vt 0.667969 0.267090
vt 0.626953 0.269043
vt 0.654785 0.195801
vt 0.687012 0.202637
vt 0.678223 0.140625
vt 0.716309 0.266113
vt 0.703613 0.146973
vt 0.710449 0.087891
vt 0.725098 0.208008
vt 0.749512 0.265137
vt 0.749512 0.209961
vt 0.731934 0.151367
vt 0.749512 0.153320
vt 0.725098 0.091309
vt 0.728516 0.069824
vt 0.741211 0.094727
vt 0.749512 0.096680
vt 0.749023 0.054688
vt 0.831055 0.267090
vt 0.844238 0.195801
vt 0.871582 0.269043
vt 0.811523 0.202637
vt 0.820312 0.140625
vt 0.782715 0.266113
vt 0.794922 0.146484
vt 0.788086 0.087891
vt 0.773438 0.208008
vt 0.766602 0.151367
vt 0.773438 0.091309
vt 0.770020 0.069824
vt 0.757324 0.094727
vt 0.319580 0.342773
vt 0.357422 0.325684
vt 0.355225 0.335938
vt 0.321045 0.321289
vt 0.279541 0.340332
vt 0.323242 0.280273
vt 0.361816 0.290527
vt 0.360107 0.197266
vt 0.340820 0.174805
vt 0.300537 0.145020
vt 0.240845 0.309570
vt 0.239502 0.335449
vt 0.187988 0.322754
vt 0.243286 0.261230
vt 0.249634 0.128906
vt 0.196899 0.142578
vt 0.189453 0.295410
vt 0.143799 0.304199
vt 0.144287 0.265625
vt 0.192017 0.243164
vt 0.146118 0.230469
vt 0.171631 0.171875
vt 0.909180 0.900574
vt 0.928223 0.853760
vt 0.940430 0.900452
vt 0.928223 0.947296
vt 0.900391 0.869873
vt 0.900391 0.931396
vt 0.893555 0.819946
vt 0.894043 0.981339
vt 0.877930 0.847290
vt 0.878418 0.954224
vt 0.846680 0.807495
vt 0.847656 0.994213
vt 0.846680 0.839233
vt 0.847168 0.962524
vt 0.800293 0.820068
vt 0.800781 0.981995
vt 0.815918 0.847656
vt 0.816406 0.954346
vt 0.766113 0.854370
vt 0.766602 0.948029
vt 0.793457 0.870361
vt 0.793945 0.931885
vt 0.753418 0.901245
vt 0.785645 0.901123
vt 0.847168 0.856934
vt 0.825195 0.863037
vt 0.869141 0.862793
vt 0.809082 0.879089
vt 0.885254 0.878784
vt 0.803223 0.901062
vt 0.891113 0.900696
vt 0.809082 0.922974
vt 0.885254 0.922668
vt 0.825195 0.938965
vt 0.869141 0.938812
vt 0.847168 0.944763
s 1
usemtl Hip
f 1/1/1 2/2/1 3/3/1
f 4/4/2 5/5/2 6/6/2
f 7/5/3 8/4/3 9/7/3
f 10/8/4 11/9/5 12/10/4
f 13/9/6 14/8/6 15/11/6
f 16/12/7 17/11/7 18/13/7
f 19/11/8 20/12/8 21/9/8
f 22/14/9 23/15/9 24/6/10
f 25/15/11 26/4/11 27/6/11
f 28/16/12 29/17/13 30/18/12
f 30/18/12 31/19/14 28/16/12
f 32/20/15 33/21/15 34/22/15
f 35/20/16 36/22/16 37/23/16
f 38/17/17 39/23/18 40/18/17
f 39/23/18 38/17/17 41/20/17
f 42/24/19 43/25/20 44/26/20
f 45/25/21 46/24/21 47/27/21
f 48/28/22 49/29/23 50/30/24
f 51/31/25 52/32/25 53/33/26
f 54/34/27 55/35/27 56/36/28
f 57/35/29 58/34/29 59/37/29
f 60/34/30 61/25/30 62/37/30
f 63/25/31 64/34/32 65/26/32
f 66/38/33 67/39/33 68/40/33
f 69/41/34 70/42/34 71/43/34
f 72/42/35 73/41/35 74/44/35
f 75/45/36 76/46/36 77/47/37
f 78/48/38 79/49/39 80/50/38
f 81/51/40 82/52/41 83/53/40
f 84/53/42 85/54/42 86/51/42
f 87/51/43 88/41/43 89/43/43
f 90/41/44 91/51/44 92/54/44
f 93/55/45 94/56/45 95/57/45
f 96/2/1 97/1/1 98/3/1
f 99/4/46 100/6/46 101/5/46
f 102/4/47 103/5/47 104/7/47
f 105/10/48 106/9/48 107/8/48
f 108/9/49 109/11/49 110/8/50
f 111/12/51 112/11/51 113/9/51
f 114/11/52 115/12/52 116/13/52
f 117/6/53 118/15/53 119/14/53
f 120/15/11 121/6/11 122/4/11
f 123/16/54 124/18/54 125/17/55
f 124/18/54 123/16/54 126/19/56
f 127/20/57 128/22/57 129/21/57
f 130/22/58 131/20/58 132/23/58
f 133/17/59 134/23/60 135/20/61
f 134/23/60 133/17/59 136/18/59
f 137/58/62 138/59/62 139/60/62
f 140/59/63 141/58/63 142/61/63
f 143/62/64 144/63/64 145/64/64
f 146/63/64 147/65/64 148/64/64
f 149/66/65 150/67/65 151/68/65
f 152/67/66 153/66/66 154/69/66
f 155/64/67 156/65/67 157/70/67
f 158/70/68 159/71/68 160/64/68
f 161/72/69 162/70/69 163/65/69
f 164/70/70 165/72/70 166/73/70
f 167/67/71 168/69/72 169/74/73
f 170/75/74 171/76/74 172/77/75
f 173/76/76 174/75/76 175/78/76
f 176/79/77 177/75/78 178/77/78
f 179/75/79 180/79/79 181/80/79
f 182/81/80 183/82/80 184/83/80
f 185/82/81 186/81/82 187/84/81
f 188/85/83 189/86/83 190/87/83
f 191/86/84 192/85/84 193/88/84
f 194/89/85 195/90/86 196/91/87
f 197/60/88 198/92/88 199/93/88
f 200/92/89 201/60/89 202/59/89
f 203/94/90 204/95/90 205/96/90
f 206/95/91 207/94/91 208/97/91
f 209/98/92 210/99/92 211/100/92
f 212/99/93 213/98/93 214/101/93
f 215/102/94 216/103/94 217/104/94
f 218/104/95 219/103/95 220/105/95
f 221/103/96 222/106/96 223/105/96
f 224/105/97 225/106/97 226/107/97
f 227/108/98 228/102/98 229/104/98
f 230/109/99 231/110/100 232/111/100
f 233/112/101 234/111/102 235/110/102
f 236/113/103 237/112/103 238/114/103
f 239/112/104 240/110/104 241/114/104
f 242/104/105 243/105/106 244/115/105
f 245/80/107 246/115/107 247/105/107
f 248/103/108 249/102/108 250/116/108
f 251/117/109 252/116/109 253/102/109
f 254/75/110 255/80/111 256/107/111
f 257/80/112 258/105/112 259/107/112
f 260/118/113 261/78/113 262/75/113
f 263/78/114 264/118/114 265/119/114
f 266/120/115 267/121/115 268/78/115
f 269/121/116 270/120/116 271/122/117
f 272/115/118 273/108/118 274/104/118
f 275/108/119 276/115/119 277/95/119
f 278/123/120 279/95/120 280/97/120
f 281/95/121 282/123/122 283/108/121
f 284/124/123 285/125/123 286/126/123
f 287/126/124 288/127/124 289/124/124
f 290/128/125 291/129/126 292/130/125
f 293/130/127 294/131/127 295/128/127
f 296/132/128 297/128/128 298/131/129
f 299/128/130 300/132/130 301/133/130
f 302/129/131 303/124/131 304/127/131
f 305/129/132 306/127/132 307/130/132
f 308/60/133 309/59/133 310/58/133
f 311/59/134 312/61/134 313/58/134
f 314/62/135 315/64/135 316/63/136
f 317/65/137 318/63/137 319/64/137
f 320/67/138 321/66/138 322/68/138
f 323/66/139 324/67/139 325/69/140
f 326/64/141 327/70/141 328/65/141
f 329/70/142 330/64/143 331/71/142
f 332/70/144 333/72/144 334/65/144
f 335/72/145 336/70/145 337/73/145
f 338/67/146 339/74/147 340/69/148
f 341/75/149 342/77/149 343/76/149
f 344/76/150 345/78/150 346/75/150
f 347/77/151 348/75/151 349/79/152
f 350/75/153 351/80/153 352/79/153
f 353/82/154 354/81/154 355/83/154
f 356/81/155 357/82/155 358/84/155
f 359/85/156 360/86/156 361/88/156
f 362/86/157 363/85/157 364/87/157
f 365/89/158 366/91/159 367/90/160
f 368/92/161 369/60/161 370/93/161
f 371/60/162 372/92/162 373/59/162
f 374/95/163 375/94/163 376/96/163
f 377/94/164 378/95/164 379/97/164
f 380/98/165 381/99/165 382/101/165
f 383/99/166 384/98/166 385/100/166
f 386/102/167 387/104/167 388/103/167
f 389/104/168 390/105/168 391/103/168
f 392/103/169 393/105/169 394/106/169
f 395/105/170 396/107/170 397/106/170
f 398/108/171 399/104/171 400/102/171
f 401/111/172 402/112/173 403/110/173
f 404/111/174 405/110/174 406/109/174
f 407/114/175 408/112/176 409/113/176
f 410/112/177 411/114/177 412/110/177
f 413/115/178 414/80/178 415/105/178
f 416/115/179 417/105/179 418/104/180
f 419/116/181 420/117/181 421/102/181
f 422/116/182 423/102/182 424/103/182
f 425/75/183 426/107/184 427/80/184
f 428/80/185 429/107/185 430/105/185
f 431/78/186 432/118/186 433/75/187
f 434/118/188 435/78/188 436/119/188
f 437/121/189 438/120/189 439/78/190
f 440/120/191 441/121/192 442/122/192
f 443/115/193 444/108/193 445/95/193
f 446/108/194 447/115/195 448/104/195
f 449/95/196 450/123/196 451/97/197
f 452/123/198 453/95/198 454/108/198
f 455/125/199 456/124/199 457/126/199
f 458/126/200 459/124/200 460/127/200
f 461/131/201 462/130/201 463/128/201
f 464/128/202 465/130/202 466/129/202
f 467/128/203 468/132/204 469/131/204
f 470/132/205 471/128/206 472/133/206
f 473/124/207 474/129/208 475/127/208
f 476/127/209 477/129/209 478/130/209
f 479/134/210 480/135/210 481/136/210
f 482/135/211 483/134/211 484/137/211
f 485/136/212 486/138/212 487/134/213
f 488/134/214 489/138/214 490/139/214
f 491/140/215 492/141/215 493/142/215
f 494/141/216 495/140/217 496/143/216
f 497/140/218 498/144/218 499/145/218
f 500/140/219 501/145/219 502/143/219
f 503/146/220 504/147/220 505/148/220
f 506/148/221 507/147/222 508/149/221
f 509/146/223 510/150/223 511/147/223
f 512/146/224 513/148/224 514/147/224
f 515/148/221 516/149/221 517/147/222
f 518/146/225 519/147/225 520/150/225
f 521/2/1 522/1/1 523/151/1
f 524/151/1 525/152/226 521/2/227
f 525/152/226 524/151/1 526/153/1
f 526/153/1 527/7/228 525/152/226
f 527/7/228 526/153/1 528/154/229
f 529/5/230 527/7/228 528/154/229
f 530/151/1 531/1/1 532/2/1
f 533/152/231 534/151/1 532/2/227
f 534/151/1 533/152/231 535/153/1
f 536/7/232 535/153/1 533/152/231
f 535/153/1 536/7/232 537/154/233
f 536/7/232 538/5/234 537/154/233
f 539/155/235 540/1/236 541/3/237
f 542/156/238 539/155/235 541/3/237
f 543/157/239 544/158/240 545/159/239
f 544/158/240 543/157/239 546/160/240
f 547/161/241 548/35/242 549/162/241
f 548/35/242 547/161/241 550/163/242
f 551/164/243 552/53/244 553/165/244
f 552/53/244 551/164/243 554/162/245
f 555/155/246 556/3/237 557/1/247
f 558/156/238 556/3/237 555/155/246
f 559/158/240 560/157/239 561/159/239
f 560/157/239 559/158/240 562/160/240
f 563/166/248 564/128/249 565/133/250
f 564/128/249 563/166/248 566/129/251
f 567/167/252 568/124/253 569/168/254
f 568/124/253 567/167/252 570/169/255
f 571/125/256 570/169/255 572/170/257
f 571/125/256 573/124/253 570/169/255
f 574/129/251 575/168/258 573/124/259
f 575/168/258 574/129/251 576/166/248
f 577/171/260 578/172/261 579/173/262
f 579/173/262 580/174/263 577/171/260
f 581/175/264 582/176/265 583/177/266
f 583/177/266 582/176/265 584/178/267
f 585/178/267 586/172/268 587/177/266
f 586/172/268 585/178/267 588/173/269
f 589/179/270 590/174/271 591/173/272
f 590/174/271 589/179/270 592/180/273
f 593/176/274 594/181/275 595/178/276
f 594/181/275 593/176/274 596/182/277
f 597/182/277 598/183/278 599/184/279
f 598/183/278 597/182/277 600/176/280
f 601/181/275 602/173/281 603/178/282
f 602/173/281 601/181/275 604/179/270
f 605/62/283 606/64/284 607/71/285
f 607/71/285 608/185/286 605/62/283
f 609/76/287 610/121/288 611/186/289
f 610/121/288 609/76/287 612/78/290
f 613/187/243 614/166/291 615/133/292
f 614/166/291 613/187/243 616/188/293
f 617/189/294 618/167/295 619/168/296
f 618/167/295 617/189/294 620/190/294
f 621/188/297 622/168/296 623/166/291
f 622/168/296 621/188/297 624/189/298
f 625/132/299 626/191/300 627/187/300
f 625/132/299 627/187/300 628/133/301
f 629/128/302 630/166/303 631/133/304
f 630/166/303 629/128/302 632/129/305
f 633/124/306 634/167/307 635/168/308
f 634/167/307 633/124/306 636/169/309
f 637/170/310 636/169/309 638/125/311
f 639/124/306 638/125/311 636/169/309
f 640/168/312 641/129/305 639/124/313
f 641/129/305 640/168/312 642/166/303
f 643/171/314 644/173/315 645/172/316
f 646/174/317 644/173/315 643/171/314
f 647/175/318 648/177/319 649/176/320
f 648/177/319 650/178/321 649/176/320
f 651/177/319 652/172/316 653/178/321
f 652/172/316 654/173/322 653/178/321
f 655/173/323 656/174/324 657/179/325
f 657/179/325 656/174/324 658/180/326
f 659/176/327 660/181/328 661/182/329
f 660/181/328 659/176/327 662/178/330
f 663/183/331 664/182/332 665/184/279
f 664/182/332 663/183/331 666/176/333
f 667/178/334 668/173/335 669/181/336
f 669/181/336 668/173/335 670/179/325
f 671/62/337 672/71/338 673/64/339
f 672/71/338 671/62/337 674/185/340
f 675/186/341 676/121/342 677/76/343
f 677/76/343 676/121/342 678/78/344
f 679/187/241 680/166/345 681/188/346
f 680/166/345 679/187/241 682/133/347
f 683/189/348 684/167/349 685/190/348
f 684/167/349 683/189/348 686/168/350
f 687/188/346 688/168/350 689/189/348
f 688/168/350 687/188/346 690/166/345
f 691/133/351 692/187/352 693/132/351
f 694/191/352 693/132/351 692/187/352
f 695/192/353 696/193/354 697/194/355
f 696/193/354 698/195/356 697/194/355
f 699/196/357 700/197/358 701/198/358
f 702/199/358 701/198/358 700/197/358
f 703/197/359 704/196/360 705/200/360
f 703/197/359 705/200/360 706/201/359
f 707/202/221 708/203/222 709/204/222
f 707/202/221 709/204/222 710/205/361
f 711/192/362 712/194/363 713/193/363
f 713/193/363 712/194/363 714/195/364
f 715/198/358 716/199/358 717/197/358
f 715/198/358 717/197/358 718/196/357
f 719/201/359 720/200/360 721/197/359
f 722/196/360 721/197/359 720/200/360
f 723/202/221 724/204/222 725/203/222
f 724/204/222 723/202/221 726/205/361
f 727/206/365 728/207/366 729/208/367
f 730/209/368 729/208/367 728/207/366
f 729/208/367 730/209/368 731/210/369
f 731/210/369 730/209/368 732/211/370
f 730/209/368 733/212/371 732/211/370
f 734/213/372 732/211/370 733/212/371
f 735/31/373 736/33/374 737/214/375
f 737/214/375 738/215/376 735/31/373
f 738/215/376 737/214/375 739/216/376
f 740/217/377 738/215/376 739/216/376
f 738/215/376 740/217/377 741/48/378
f 741/48/378 740/217/377 742/49/379
f 743/50/380 744/49/381 745/218/382
f 746/219/383 745/218/382 744/49/381
f 747/220/384 745/218/382 746/219/383
f 746/219/383 748/221/385 747/220/384
f 749/222/386 747/220/384 748/221/385
f 749/222/386 748/221/385 750/223/387
f 751/224/388 749/222/386 750/223/387
f 752/225/389 751/224/388 750/223/387
f 753/226/390 751/224/388 752/225/389
f 754/44/391 755/41/392 756/227/393
f 756/227/393 755/41/392 757/54/394
f 756/227/393 757/54/394 758/228/395
f 759/229/396 758/228/395 757/54/394
f 760/53/397 759/229/396 757/54/394
f 760/53/397 761/230/398 759/229/396
f 762/162/399 761/230/398 760/53/397
f 763/35/400 761/230/398 762/162/399
f 761/230/398 763/35/400 764/231/401
f 763/35/400 765/37/402 764/231/401
f 764/231/401 765/37/402 766/232/403
f 767/233/404 766/232/403 765/37/402
f 767/233/404 765/37/402 768/25/405
f 769/27/406 767/233/404 768/25/405
f 770/98/407 771/100/408 772/234/409
f 773/235/410 770/98/407 772/234/409
f 774/86/411 773/235/410 772/234/409
f 775/88/412 773/235/410 774/86/411
f 776/236/413 777/111/413 778/237/414
f 777/111/413 779/112/415 778/237/414
f 778/237/414 779/112/415 780/238/416
f 781/239/417 782/240/418 783/241/419
f 783/241/419 782/240/418 784/242/420
f 784/242/420 785/243/421 783/241/419
f 785/243/421 784/242/420 786/244/422
f 786/244/422 787/245/423 785/243/421
f 787/245/423 786/244/422 788/246/424
f 789/247/425 787/245/423 788/246/424
f 788/246/424 790/248/426 789/247/425
f 791/249/427 789/247/425 790/248/426
f 790/248/426 792/250/428 791/249/427
f 793/251/429 791/249/427 792/250/428
f 792/250/428 794/252/430 793/251/429
f 795/253/431 793/251/429 794/252/430
f 794/252/430 796/254/432 795/253/431
f 797/255/433 795/253/431 796/254/432
f 795/253/431 797/255/433 798/256/434
f 799/257/435 798/256/434 797/255/433
f 800/258/436 801/259/437 802/260/438
f 802/260/438 803/261/439 800/258/436
f 803/261/439 802/260/438 804/262/440
f 805/263/441 803/261/439 804/262/440
f 803/261/439 805/263/441 806/264/442
f 807/265/443 806/264/442 805/263/441
f 806/264/442 807/265/443 808/266/444
f 809/267/445 808/266/444 807/265/443
f 808/266/444 809/267/445 810/268/446
f 811/269/447 810/268/446 809/267/445
f 810/268/446 811/269/447 812/270/448
f 813/271/449 812/270/448 811/269/447
f 812/270/448 813/271/449 814/272/450
f 815/273/451 814/272/450 813/271/449
f 814/272/450 815/273/451 816/274/452
f 817/275/453 816/274/452 815/273/451
f 818/276/454 816/274/452 817/275/453
f 819/194/455 820/195/456 821/277/457
f 821/277/457 822/278/458 819/194/455
f 822/278/458 821/277/457 823/279/458
f 823/279/458 824/280/455 822/278/458
f 824/280/455 823/279/458 825/281/459
f 825/281/459 826/282/455 824/280/455
f 826/282/455 825/281/459 827/283/457
f 827/283/457 828/284/455 826/282/455
f 828/284/455 827/283/457 829/285/456
f 830/286/460 831/287/461 832/288/461
f 833/289/462 830/286/460 832/288/461
f 832/288/461 834/290/463 833/289/462
f 835/291/464 833/289/462 834/290/463
f 834/290/463 836/292/465 835/291/464
f 836/292/465 834/290/463 837/293/466
f 837/293/466 838/294/467 836/292/465
f 838/294/467 837/293/466 839/295/468
f 839/295/468 840/149/469 838/294/467
f 840/149/469 839/295/468 841/148/470
f 842/296/471 843/297/472 844/298/473
f 844/298/473 845/299/474 842/296/471
f 846/300/475 842/296/471 845/299/474
f 845/299/474 847/301/476 846/300/475
f 848/302/477 846/300/475 847/301/476
f 847/301/476 849/303/478 848/302/477
f 850/304/479 848/302/477 849/303/478
f 849/303/478 851/305/480 850/304/479
f 851/305/480 852/306/481 850/304/479
f 852/306/481 851/305/480 853/307/481
f 854/308/482 852/306/481 853/307/481
f 852/306/481 854/308/482 855/309/483
f 856/310/484 855/309/483 854/308/482
f 855/309/483 856/310/484 857/311/485
f 858/312/486 857/311/485 856/310/484
f 857/311/485 858/312/486 859/313/487
f 860/314/488 859/313/487 858/312/486
f 859/313/487 860/314/488 861/315/489
f 862/316/490 861/315/489 860/314/488
f 861/315/489 862/316/490 863/317/491
f 864/318/492 863/317/491 862/316/490
f 863/317/491 864/318/492 865/319/492
f 866/320/493 865/319/492 864/318/492
f 864/318/492 867/321/494 866/320/493
f 868/296/495 869/298/496 870/297/497
f 869/298/496 868/296/495 871/299/498
f 872/300/499 871/299/498 868/296/495
f 871/299/498 872/300/499 873/301/500
f 874/302/501 873/301/500 872/300/499
f 873/301/500 874/302/501 875/303/502
f 876/304/503 875/303/502 874/302/501
f 875/303/502 876/304/503 877/305/504
f 876/304/503 878/306/505 877/305/504
f 877/305/504 878/306/505 879/307/506
f 878/306/505 880/308/507 879/307/506
f 880/308/507 878/306/505 881/309/508
f 881/309/508 882/310/509 880/308/507
f 882/310/509 881/309/508 883/311/510
f 883/311/510 884/312/511 882/310/509
f 884/312/511 883/311/510 885/313/512
f 885/313/512 886/314/513 884/312/511
f 886/314/513 885/313/512 887/315/514
f 887/315/514 888/316/515 886/314/513
f 888/316/515 887/315/514 889/317/516
f 889/317/516 890/318/517 888/316/515
f 890/318/517 889/317/516 891/319/518
f 892/320/519 890/318/517 891/319/518
f 893/321/520 890/318/517 892/320/519
f 894/322/521 895/160/522 896/157/522
f 895/160/522 894/322/521 897/323/523
f 898/324/524 897/323/523 894/322/521
f 897/323/523 898/324/524 899/325/525
f 900/326/526 899/325/525 898/324/524
f 899/325/525 900/326/526 901/327/522
f 900/326/526 902/14/527 901/327/522
f 902/14/527 900/326/526 903/15/528
f 904/328/529 905/8/530 906/10/531
f 904/328/529 906/10/531 907/329/532
f 907/329/532 908/330/533 904/328/529
f 908/330/533 907/329/532 909/331/534
f 910/332/535 911/22/536 912/21/537
f 911/22/536 910/332/535 913/333/538
f 914/334/539 913/333/538 910/332/535
f 913/333/538 914/334/539 915/335/540
f 916/231/541 917/232/542 918/336/543
f 916/231/541 918/336/543 919/337/544
f 919/337/544 920/230/545 916/231/541
f 920/230/545 919/337/544 921/338/546
f 922/339/547 920/230/545 921/338/546
f 920/230/545 922/339/547 923/229/548
f 924/340/549 923/229/548 922/339/547
f 923/229/548 924/340/549 925/228/550
f 926/341/551 927/342/552 928/343/553
f 928/343/553 929/344/554 926/341/551
f 929/344/554 930/345/555 926/341/551
f 930/345/555 929/344/554 931/346/556
f 932/347/557 930/345/555 931/346/556
f 932/347/557 931/346/556 933/348/558
f 934/349/559 932/347/557 933/348/558
f 933/348/558 935/33/560 934/349/559
f 936/32/561 934/349/559 935/33/560
f 937/160/522 938/322/521 939/157/522
f 938/322/521 937/160/522 940/323/523
f 940/323/523 941/324/524 938/322/521
f 941/324/524 940/323/523 942/325/525
f 942/325/525 943/326/526 941/324/524
f 943/326/526 942/325/525 944/327/522
f 943/326/526 944/327/522 945/14/527
f 943/326/526 945/14/527 946/15/528
f 947/328/562 948/10/563 949/8/564
f 950/329/565 948/10/563 947/328/562
f 951/330/533 950/329/565 947/328/562
f 950/329/565 951/330/533 952/331/566
f 953/22/567 954/332/568 955/21/569
f 954/332/568 953/22/567 956/333/570
f 956/333/570 957/334/539 954/332/568
f 957/334/539 956/333/570 958/335/571
f 959/350/572 960/65/573 961/63/574
f 959/350/572 962/72/575 960/65/573
f 962/72/575 959/350/572 963/351/576
f 962/72/575 963/351/576 964/352/577
f 964/352/577 965/73/578 962/72/575
f 966/353/579 967/354/580 968/355/581
f 967/354/580 966/353/579 969/356/582
f 969/356/582 970/357/583 967/354/580
f 971/358/584 970/357/583 969/356/582
f 970/357/583 971/358/584 972/359/585
f 973/360/586 970/357/583 972/359/585
f 970/357/583 973/360/586 974/361/587
f 975/362/588 974/361/587 973/360/586
f 974/361/587 975/362/588 976/363/589
f 975/362/588 977/364/590 976/363/589
f 977/364/590 975/362/588 978/365/591
f 978/365/591 979/366/592 977/364/590
f 978/365/591 980/367/593 979/366/592
f 980/367/593 981/368/594 979/366/592
f 980/367/593 982/369/595 981/368/594
f 982/369/595 983/370/596 981/368/594
f 981/368/594 983/370/596 984/371/597
f 985/372/598 986/237/599 987/238/600
f 986/237/599 985/372/598 988/373/601
f 988/373/601 989/236/602 986/237/599
f 989/236/602 988/373/601 990/374/603
f 991/375/604 992/239/605 993/376/606
f 992/239/605 991/375/604 994/241/607
f 991/375/604 995/377/608 994/241/607
f 994/241/607 995/377/608 996/243/609
f 997/378/610 996/243/609 995/377/608
f 996/243/609 997/378/610 998/245/611
f 999/379/612 998/245/611 997/378/610
f 998/245/611 999/379/612 1000/247/613
f 999/379/612 1001/380/614 1000/247/613
f 1000/247/613 1001/380/614 1002/249/615
f 1002/249/615 1001/380/614 1003/251/616
f 1001/380/614 1004/381/617 1003/251/616
f 1003/251/616 1004/381/617 1005/253/618
f 1006/382/619 1005/253/618 1004/381/617
f 1007/383/86 1006/382/619 1004/381/617
f 1006/382/619 1008/256/620 1005/253/618
f 1006/382/619 1007/383/86 1009/384/621
f 1008/256/620 1006/382/619 1010/385/622
f 1009/384/621 1010/385/622 1006/382/619
f 1010/385/622 1009/384/621 1011/386/623
f 1012/387/624 1013/388/625 1014/389/626
f 1013/388/625 1012/387/624 1015/390/627
f 1015/390/627 1016/83/628 1013/388/625
f 1016/83/628 1015/390/627 1017/81/628
f 1018/239/629 1019/241/630 1020/240/631
f 1019/241/630 1021/242/632 1020/240/631
f 1019/241/630 1022/243/633 1021/242/632
f 1022/243/633 1023/244/634 1021/242/632
f 1022/243/633 1024/245/635 1023/244/634
f 1023/244/634 1024/245/635 1025/246/636
f 1024/245/635 1026/247/637 1025/246/636
f 1025/246/636 1026/247/637 1027/248/638
f 1026/247/637 1028/249/639 1027/248/638
f 1027/248/638 1028/249/639 1029/250/640
f 1028/249/639 1030/251/641 1029/250/640
f 1029/250/640 1030/251/641 1031/252/642
f 1030/251/641 1032/253/643 1031/252/642
f 1031/252/642 1032/253/643 1033/254/644
f 1032/253/643 1034/255/645 1033/254/644
f 1034/255/645 1032/253/643 1035/256/646
f 1036/257/647 1034/255/645 1035/256/646
f 1037/274/648 1038/276/649 1039/275/650
f 1039/275/650 1040/273/651 1037/274/648
f 1040/273/651 1041/272/652 1037/274/648
f 1041/272/652 1040/273/651 1042/271/653
f 1042/271/653 1043/270/654 1041/272/652
f 1043/270/654 1042/271/653 1044/269/655
f 1044/269/655 1045/268/656 1043/270/654
f 1045/268/656 1044/269/655 1046/267/657
f 1046/267/657 1047/266/658 1045/268/656
f 1047/266/658 1046/267/657 1048/265/659
f 1048/265/659 1049/264/660 1047/266/658
f 1049/264/660 1048/265/659 1050/263/661
f 1050/263/661 1051/261/662 1049/264/660
f 1051/261/662 1050/263/661 1052/262/663
f 1053/260/664 1051/261/662 1052/262/663
f 1051/261/662 1053/260/664 1054/258/665
f 1054/258/665 1053/260/664 1055/259/666
f 1056/87/667 1057/391/668 1058/85/669
f 1057/391/668 1056/87/667 1059/392/670
f 1059/392/670 1060/84/671 1057/391/668
f 1060/84/671 1059/392/670 1061/82/672
f 1062/350/673 1063/63/674 1064/65/675
f 1065/72/676 1062/350/673 1064/65/675
f 1062/350/673 1065/72/676 1066/351/677
f 1065/72/676 1067/352/678 1066/351/677
f 1065/72/676 1068/73/679 1067/352/678
f 1069/354/680 1070/353/681 1071/355/682
f 1070/353/681 1069/354/680 1072/356/683
f 1069/354/680 1073/357/684 1072/356/683
f 1073/357/684 1074/358/685 1072/356/683
f 1074/358/685 1073/357/684 1075/359/686
f 1073/357/684 1076/360/687 1075/359/686
f 1076/360/687 1073/357/684 1077/361/688
f 1077/361/688 1078/362/689 1076/360/687
f 1078/362/689 1077/361/688 1079/363/690
f 1078/362/689 1079/363/690 1080/364/691
f 1078/362/689 1080/364/691 1081/365/692
f 1081/365/692 1080/364/691 1082/366/693
f 1081/365/692 1082/366/693 1083/367/694
f 1083/367/694 1082/366/693 1084/368/695
f 1083/367/694 1084/368/695 1085/369/696
f 1084/368/695 1086/370/697 1085/369/696
f 1086/370/697 1084/368/695 1087/371/698
f 1088/237/699 1089/372/700 1090/238/701
f 1089/372/700 1088/237/699 1091/373/702
f 1092/236/703 1091/373/702 1088/237/699
f 1091/373/702 1092/236/703 1093/374/704
f 1094/239/705 1095/375/706 1096/376/707
f 1095/375/706 1094/239/705 1097/241/708
f 1098/377/709 1095/375/706 1097/241/708
f 1097/241/708 1099/243/710 1098/377/709
f 1098/377/709 1099/243/710 1100/378/711
f 1099/243/710 1101/245/712 1100/378/711
f 1100/378/711 1101/245/712 1102/379/713
f 1101/245/712 1103/247/714 1102/379/713
f 1104/380/715 1102/379/713 1103/247/714
f 1103/247/714 1105/249/716 1104/380/715
f 1105/249/716 1106/251/717 1104/380/715
f 1104/380/715 1106/251/717 1107/381/718
f 1106/251/717 1108/253/719 1107/381/718
f 1109/382/720 1107/381/718 1108/253/719
f 1109/382/720 1108/253/719 1110/256/721
f 1109/382/720 1111/383/160 1107/381/718
f 1109/382/720 1110/256/721 1112/385/722
f 1111/383/160 1109/382/720 1113/384/723
f 1112/385/722 1113/384/723 1109/382/720
f 1113/384/723 1112/385/722 1114/386/724
f 1115/388/725 1116/387/726 1117/389/727
f 1116/387/726 1115/388/725 1118/390/627
f 1119/83/728 1118/390/627 1115/388/725
f 1118/390/627 1119/83/728 1120/81/728
f 1121/235/729 1122/88/730 1123/86/731
f 1123/86/731 1124/234/732 1121/235/729
f 1124/234/732 1125/98/733 1121/235/729
f 1125/98/733 1124/234/732 1126/100/734
f 1127/391/735 1128/87/735 1129/85/736
f 1128/87/735 1127/391/735 1130/392/737
f 1131/84/737 1130/392/737 1127/391/735
f 1130/392/737 1131/84/737 1132/82/738
f 1133/237/739 1134/238/740 1135/112/741
f 1136/111/742 1133/237/739 1135/112/741
f 1133/237/739 1136/111/742 1137/236/743
f 1138/393/744 1139/394/745 1140/395/744
f 1139/394/745 1138/393/744 1141/396/746
f 1139/394/745 1141/396/746 1142/397/747
f 1143/398/748 1142/397/747 1141/396/746
f 1142/397/747 1143/398/748 1144/399/749
f 1145/400/750 1144/399/749 1143/398/748
f 1146/137/751 1144/399/749 1145/400/750
f 1144/399/749 1146/137/751 1147/134/752
f 1148/394/753 1149/401/754 1150/395/755
f 1148/394/753 1151/402/756 1149/401/754
f 1152/397/757 1151/402/756 1148/394/753
f 1151/402/756 1152/397/757 1153/403/758
f 1154/399/759 1153/403/758 1152/397/757
f 1153/403/758 1154/399/759 1155/404/760
f 1156/139/761 1155/404/760 1154/399/759
f 1154/399/759 1157/134/762 1156/139/761
f 1158/405/763 1159/404/764 1160/139/765
f 1159/404/764 1158/405/763 1161/406/766
f 1162/407/767 1161/406/766 1158/405/763
f 1161/406/766 1162/407/767 1163/408/768
f 1162/407/767 1164/409/769 1163/408/768
f 1162/407/767 1165/410/770 1164/409/769
f 1165/410/770 1166/411/771 1164/409/769
f 1166/411/771 1165/410/770 1167/412/772
f 1168/413/773 1166/411/771 1167/412/772
f 1167/412/772 1169/414/774 1168/413/773
f 1170/414/775 1171/412/776 1172/415/777
f 1173/416/778 1172/415/777 1171/412/776
f 1171/412/776 1174/410/779 1173/416/778
f 1175/417/780 1173/416/778 1174/410/779
f 1174/410/779 1176/407/781 1175/417/780
f 1177/418/782 1175/417/780 1176/407/781
f 1176/407/781 1178/419/783 1177/418/782
f 1178/419/783 1176/407/781 1179/405/784
f 1179/405/784 1180/420/785 1178/419/783
f 1180/420/785 1179/405/784 1181/139/786
f 1182/421/787 1183/393/788 1184/395/788
f 1183/393/788 1182/421/787 1185/422/789
f 1185/422/789 1182/421/787 1186/423/790
f 1185/422/789 1186/423/790 1187/424/791
f 1187/424/791 1186/423/790 1188/425/792
f 1187/424/791 1188/425/792 1189/426/793
f 1188/425/792 1190/142/794 1189/426/793
f 1190/142/794 1188/425/792 1191/140/795
f 1192/421/796 1193/395/797 1194/401/798
f 1192/421/796 1194/401/798 1195/427/799
f 1195/427/799 1196/423/800 1192/421/796
f 1196/423/800 1195/427/799 1197/428/801
f 1198/425/802 1196/423/800 1197/428/801
f 1197/428/801 1199/429/803 1198/425/802
f 1200/144/804 1198/425/802 1199/429/803
f 1198/425/802 1200/144/804 1201/140/805
f 1202/429/806 1203/430/807 1204/144/808
f 1203/430/807 1202/429/806 1205/431/809
f 1205/431/809 1206/432/810 1203/430/807
f 1206/432/810 1205/431/809 1207/433/811
f 1208/434/812 1206/432/810 1207/433/811
f 1206/432/810 1208/434/812 1209/435/813
f 1210/436/814 1209/435/813 1208/434/812
f 1209/435/813 1210/436/814 1211/437/815
f 1210/436/814 1212/438/816 1211/437/815
f 1211/437/815 1212/438/816 1213/439/817
f 1214/437/818 1215/439/819 1216/440/820
f 1214/437/818 1216/440/820 1217/441/821
f 1218/435/822 1214/437/818 1217/441/821
f 1218/435/822 1217/441/821 1219/442/823
f 1220/432/824 1218/435/822 1219/442/823
f 1220/432/824 1219/442/823 1221/443/825
f 1222/444/826 1220/432/824 1221/443/825
f 1220/432/824 1222/444/826 1223/430/827
f 1224/445/828 1223/430/827 1222/444/826
f 1223/430/827 1224/445/828 1225/144/829
f 1226/446/830 1227/447/831 1228/448/832
f 1227/447/831 1226/446/830 1229/449/833
f 1229/449/833 1230/450/834 1227/447/831
f 1230/450/834 1229/449/833 1231/451/835
f 1231/451/835 1232/452/836 1230/450/834
f 1232/452/836 1231/451/835 1233/453/837
f 1233/453/837 1234/454/838 1232/452/836
f 1234/454/838 1233/453/837 1235/455/839
f 1236/456/840 1237/457/841 1238/458/842
f 1239/459/843 1238/458/842 1237/457/841
f 1237/457/841 1240/460/844 1239/459/843
f 1241/461/845 1239/459/843 1240/460/844
f 1240/460/844 1242/462/846 1241/461/845
f 1242/462/846 1240/460/844 1243/463/847
f 1244/464/848 1242/462/846 1243/463/847
f 1243/463/847 1245/465/849 1244/464/848
f 1245/465/849 1246/466/850 1244/464/848
f 1246/466/850 1245/465/849 1247/467/851
f 1248/468/852 1249/456/853 1250/458/854
f 1250/458/854 1251/469/855 1248/468/852
f 1251/469/855 1252/470/856 1248/468/852
f 1252/470/856 1251/469/855 1253/471/857
f 1254/472/858 1252/470/856 1253/471/857
f 1255/473/859 1252/470/856 1254/472/858
f 1256/474/860 1257/454/861 1258/455/862
f 1257/454/861 1256/474/860 1259/475/863
f 1260/476/864 1259/475/863 1256/474/860
f 1261/477/865 1259/475/863 1260/476/864
f 1260/476/864 1262/478/866 1261/477/865
f 1262/478/866 1260/476/864 1263/479/867
f 1264/480/868 1265/282/869 1266/284/868
f 1265/282/869 1264/480/868 1267/481/870
f 1267/481/870 1268/280/871 1265/282/869
f 1268/280/871 1267/481/870 1269/482/872
f 1269/482/872 1270/278/873 1268/280/871
f 1270/278/873 1269/482/872 1271/483/873
f 1272/192/874 1270/278/873 1271/483/873
f 1270/278/873 1272/192/874 1273/194/874
f 1274/484/462 1275/485/875 1276/486/876
f 1274/484/462 1277/487/877 1275/485/875
f 1277/487/877 1274/484/462 1278/488/464
f 1278/488/464 1279/489/878 1277/487/877
f 1279/489/878 1278/488/464 1280/490/879
f 1280/490/879 1281/491/880 1279/489/878
f 1281/491/880 1280/490/879 1282/492/881
f 1282/492/881 1283/202/469 1281/491/880
f 1283/202/469 1282/492/881 1284/203/469
f 1285/447/882 1286/446/883 1287/448/884
f 1286/446/883 1285/447/882 1288/449/885
f 1288/449/885 1285/447/882 1289/450/886
f 1290/451/887 1288/449/885 1289/450/886
f 1290/451/887 1289/450/886 1291/452/888
f 1292/453/889 1290/451/887 1291/452/888
f 1293/454/890 1292/453/889 1291/452/888
f 1292/453/889 1293/454/890 1294/455/891
f 1295/458/892 1296/457/893 1297/456/894
f 1296/457/893 1295/458/892 1298/459/895
f 1298/459/895 1299/460/896 1296/457/893
f 1299/460/896 1298/459/895 1300/461/897
f 1301/462/898 1299/460/896 1300/461/897
f 1299/460/896 1301/462/898 1302/463/899
f 1303/464/900 1302/463/899 1301/462/898
f 1304/465/901 1302/463/899 1303/464/900
f 1305/466/902 1304/465/901 1303/464/900
f 1304/465/901 1305/466/902 1306/467/903
f 1307/468/904 1308/458/905 1309/456/906
f 1308/458/905 1307/468/904 1310/469/907
f 1311/470/908 1310/469/907 1307/468/904
f 1310/469/907 1311/470/908 1312/471/909
f 1313/472/910 1312/471/909 1311/470/908
f 1311/470/908 1314/473/911 1313/472/910
f 1315/454/912 1316/474/913 1317/455/914
f 1316/474/913 1315/454/912 1318/475/915
f 1318/475/915 1319/476/916 1316/474/913
f 1318/475/915 1320/477/917 1319/476/916
f 1321/478/918 1319/476/916 1320/477/917
f 1319/476/916 1321/478/918 1322/479/919
f 1323/283/920 1324/284/455 1325/285/455
f 1324/284/455 1323/283/920 1326/282/455
f 1327/281/921 1326/282/455 1323/283/920
f 1326/282/455 1327/281/921 1328/280/457
f 1329/279/457 1328/280/457 1327/281/921
f 1328/280/457 1329/279/457 1330/278/921
f 1331/277/921 1330/278/921 1329/279/457
f 1330/278/921 1331/277/921 1332/194/921
f 1332/194/921 1331/277/921 1333/195/455
f 1334/282/922 1335/480/923 1336/284/924
f 1335/480/923 1334/282/922 1337/481/925
f 1338/280/926 1337/481/925 1334/282/922
f 1337/481/925 1338/280/926 1339/482/927
f 1340/278/928 1339/482/927 1338/280/926
f 1339/482/927 1340/278/928 1341/483/928
f 1342/192/929 1341/483/928 1340/278/928
f 1340/278/928 1343/194/929 1342/192/929
f 1344/484/930 1345/486/931 1346/485/875
f 1347/487/877 1344/484/930 1346/485/875
f 1344/484/930 1347/487/877 1348/488/932
f 1349/489/878 1348/488/932 1347/487/877
f 1348/488/932 1349/489/878 1350/490/879
f 1351/491/880 1350/490/879 1349/489/878
f 1350/490/879 1351/491/880 1352/492/881
f 1353/202/469 1352/492/881 1351/491/880
f 1352/492/881 1353/202/469 1354/203/469
f 1355/295/468 1356/149/469 1357/148/470
f 1356/149/469 1355/295/468 1358/294/933
f 1359/293/466 1358/294/933 1355/295/468
f 1358/294/933 1359/293/466 1360/292/934
f 1361/290/935 1360/292/934 1359/293/466
f 1360/292/934 1361/290/935 1362/291/932
f 1361/290/935 1363/289/930 1362/291/932
f 1363/289/930 1361/290/935 1364/288/936
f 1364/288/936 1365/286/937 1363/289/930
f 1364/288/936 1366/287/936 1365/286/937
f 1367/493/938 1368/494/938 1369/495/939
f 1370/496/940 1369/495/939 1368/494/938
f 1371/497/466 1369/495/939 1370/496/940
f 1369/495/939 1371/497/466 1372/498/466
f 1372/498/466 1371/497/466 1373/499/941
f 1374/500/942 1373/499/941 1371/497/466
f 1375/501/943 1373/499/941 1374/500/942
f 1373/499/941 1375/501/943 1376/502/944
f 1377/503/945 1376/502/944 1375/501/943
f 1376/502/944 1377/503/945 1378/504/946
f 1377/503/945 1379/505/947 1378/504/946
f 1379/505/947 1377/503/945 1380/506/479
f 1379/505/947 1380/506/479 1381/507/948
f 1382/508/948 1381/507/948 1380/506/479
f 1383/509/949 1381/507/948 1382/508/948
f 1381/507/948 1383/509/949 1384/510/949
f 1384/510/949 1383/509/949 1385/511/950
f 1386/512/950 1385/511/950 1383/509/949
f 1387/513/951 1385/511/950 1386/512/950
f 1385/511/950 1387/513/951 1388/514/951
f 1388/514/951 1387/513/951 1389/515/492
f 1390/516/952 1389/515/492 1387/513/951
f 1391/517/953 1389/515/492 1390/516/952
f 1389/515/492 1391/517/953 1392/518/953
f 1393/494/954 1394/493/954 1395/495/955
f 1395/495/955 1396/496/956 1393/494/954
f 1395/495/955 1397/497/466 1396/496/956
f 1397/497/466 1395/495/955 1398/498/466
f 1397/497/466 1398/498/466 1399/499/957
f 1397/497/466 1399/499/957 1400/500/957
f 1399/499/957 1401/501/508 1400/500/957
f 1401/501/508 1399/499/957 1402/502/507
f 1402/502/507 1403/503/958 1401/501/508
f 1403/503/958 1402/502/507 1404/504/959
f 1405/505/960 1403/503/958 1404/504/959
f 1405/505/960 1406/506/503 1403/503/958
f 1407/507/961 1406/506/503 1405/505/960
f 1406/506/503 1407/507/961 1408/508/962
f 1407/507/961 1409/509/949 1408/508/962
f 1409/509/949 1407/507/961 1410/510/949
f 1411/511/963 1409/509/949 1410/510/949
f 1409/509/949 1411/511/963 1412/512/964
f 1411/511/963 1413/513/965 1412/512/964
f 1413/513/965 1411/511/963 1414/514/966
f 1413/513/965 1414/514/966 1415/515/518
f 1413/513/965 1415/515/518 1416/516/967
f 1415/515/518 1417/517/968 1416/516/967
f 1417/517/968 1415/515/518 1418/518/969
f 1419/519/970 1420/520/971 1421/521/972
f 1421/521/972 1422/522/973 1419/519/970
f 1422/522/973 1423/13/974 1419/519/970
f 1423/13/974 1422/522/973 1424/12/975
f 1423/13/974 1425/523/976 1419/519/970
f 1426/524/977 1427/38/978 1428/40/979
f 1427/38/978 1426/524/977 1429/525/980
f 1430/526/981 1429/525/980 1426/524/977
f 1431/527/982 1430/526/981 1426/524/977
f 1430/526/981 1431/527/982 1432/528/983
f 1431/527/982 1433/529/984 1432/528/983
f 1433/529/984 1431/527/982 1434/530/985
f 1433/529/984 1434/530/985 1435/531/986
f 1436/55/987 1435/531/986 1434/530/985
f 1434/530/985 1437/56/988 1436/55/987
f 1438/532/989 1439/344/990 1440/343/991
f 1439/344/990 1438/532/989 1441/533/992
f 1441/533/992 1442/534/993 1439/344/990
f 1443/346/994 1439/344/990 1442/534/993
f 1442/534/993 1444/348/995 1443/346/994
f 1444/348/995 1442/534/993 1445/535/996
f 1445/535/996 1446/33/997 1444/348/995
f 1446/33/997 1445/535/996 1447/536/998
f 1447/536/998 1448/214/999 1446/33/997
f 1448/214/999 1447/536/998 1449/537/1000
f 1449/537/1000 1450/216/1001 1448/214/999
f 1450/216/1001 1449/537/1000 1451/538/1002
f 1452/539/1003 1450/216/1001 1451/538/1002
f 1450/216/1001 1452/539/1003 1453/217/1004
f 1453/217/1004 1452/539/1003 1454/540/1005
f 1455/49/1006 1453/217/1004 1454/540/1005
f 1456/541/1007 1455/49/1006 1454/540/1005
f 1455/49/1006 1456/541/1007 1457/219/1008
f 1458/542/1009 1457/219/1008 1456/541/1007
f 1457/219/1008 1458/542/1009 1459/221/1009
f 1460/223/1010 1459/221/1009 1458/542/1009
f 1461/543/1011 1460/223/1010 1458/542/1009
f 1462/544/1012 1460/223/1010 1461/543/1011
f 1460/223/1010 1462/544/1012 1463/225/1013
f 1464/535/1014 1465/545/1014 1466/536/1014
f 1467/534/1015 1465/545/1014 1464/535/1014
f 1468/533/1016 1465/545/1014 1467/534/1015
f 1469/532/1017 1465/545/1014 1468/533/1016
f 1470/536/1018 1471/545/1019 1472/537/1019
f 1471/545/1019 1473/538/1014 1472/537/1019
f 1471/545/1019 1474/539/1019 1473/538/1014
f 1475/540/1020 1474/539/1019 1471/545/1019
f 1476/28/1021 1477/546/1022 1478/29/1023
f 1477/546/1022 1476/28/1021 1479/547/1024
f 1480/45/1025 1477/546/1022 1479/547/1024
f 1477/546/1022 1480/45/1025 1481/47/1026
f 1482/541/1014 1483/540/1014 1484/545/1014
f 1485/542/1027 1482/541/1014 1484/545/1014
f 1486/543/1016 1485/542/1027 1484/545/1014
f 1487/544/1017 1486/543/1016 1484/545/1014
f 1488/519/1028 1489/521/972 1490/520/971
f 1489/521/972 1488/519/1028 1491/522/1029
f 1492/13/1030 1491/522/1029 1488/519/1028
f 1492/13/1030 1488/519/1028 1493/523/1031
f 1491/522/1029 1492/13/1030 1494/12/1032
f 1495/548/1033 1496/549/1034 1497/550/1035
f 1495/548/1033 1498/551/1036 1496/549/1034
f 1499/552/1037 1496/549/1034 1498/551/1036
f 1496/549/1034 1499/552/1037 1500/553/1038
f 1499/552/1037 1498/551/1036 1501/554/1039
f 1502/555/1040 1500/553/1038 1499/552/1037
f 1502/555/1040 1499/552/1037 1501/554/1039
f 1500/553/1038 1502/555/1040 1503/556/1041
f 1501/554/1039 1504/557/1042 1502/555/1040
f 1505/558/1043 1502/555/1040 1504/557/1042
f 1505/558/1043 1503/556/1041 1502/555/1040
f 1503/556/1041 1505/558/1043 1506/559/1044
f 1504/557/1042 1507/560/1045 1505/558/1043
f 1508/561/1046 1506/559/1044 1505/558/1043
f 1507/560/1045 1508/561/1046 1505/558/1043
f 1506/559/1044 1508/561/1046 1509/89/1047
f 1510/562/1048 1508/561/1046 1507/560/1045
f 1508/561/1046 1510/562/1048 1511/563/1049
f 1511/563/1049 1509/89/1047 1508/561/1046
f 1509/89/1047 1511/563/1049 1512/90/1050
f 1511/563/1049 1513/93/1051 1512/90/1050
f 1510/562/1048 1514/60/1052 1511/563/1049
f 1513/93/1051 1511/563/1049 1514/60/1052
f 1514/60/1052 1510/562/1048 1515/58/1053
f 1516/564/1054 1517/565/1055 1518/109/1056
f 1519/111/1057 1516/564/1054 1518/109/1056
f 1519/111/1057 1520/566/1058 1516/564/1054
f 1519/111/1057 1521/236/1059 1520/566/1058
f 1520/566/1058 1522/567/1060 1516/564/1054
f 1523/183/1061 1524/175/1062 1525/568/1063
f 1524/175/1062 1523/183/1061 1526/176/1064
f 1524/175/1065 1527/569/1066 1528/570/1067
f 1528/570/1067 1529/568/1068 1524/175/1065
f 1529/568/1068 1528/570/1067 1530/571/1069
f 1528/570/1067 1531/68/1070 1530/571/1069
f 1531/68/1070 1528/570/1067 1532/66/1071
f 1533/572/1072 1534/80/1073 1535/79/1074
f 1534/80/1073 1533/572/1072 1536/115/1075
f 1533/572/1072 1537/95/1076 1536/115/1075
f 1537/95/1076 1533/572/1072 1538/96/1077
f 1539/548/1078 1540/550/1079 1541/549/1080
f 1539/548/1078 1541/549/1080 1542/551/1081
f 1541/549/1080 1543/552/1082 1542/551/1081
f 1541/549/1080 1544/553/1083 1543/552/1082
f 1543/552/1082 1545/554/1084 1542/551/1081
f 1546/555/1085 1545/554/1084 1543/552/1082
f 1544/553/1083 1546/555/1085 1543/552/1082
f 1546/555/1085 1544/553/1083 1547/556/1086
f 1548/557/1087 1545/554/1084 1546/555/1085
f 1549/558/1088 1548/557/1087 1546/555/1085
f 1546/555/1085 1547/556/1086 1549/558/1088
f 1547/556/1086 1550/559/1089 1549/558/1088
f 1549/558/1088 1551/560/1090 1548/557/1087
f 1550/559/1089 1552/561/1091 1549/558/1088
f 1551/560/1090 1549/558/1088 1552/561/1091
f 1552/561/1091 1550/559/1089 1553/89/1092
f 1552/561/1091 1554/562/1093 1551/560/1090
f 1554/562/1093 1552/561/1091 1555/563/1094
f 1553/89/1092 1555/563/1094 1552/561/1091
f 1555/563/1094 1553/89/1092 1556/90/1095
f 1555/563/1094 1556/90/1095 1557/93/1096
f 1557/93/1096 1558/60/1097 1555/563/1094
f 1559/60/1098 1554/562/1093 1555/563/1094
f 1554/562/1093 1559/60/1098 1560/58/1099
f 1561/565/1100 1562/564/1101 1563/109/1102
f 1563/109/1102 1562/564/1101 1564/111/1103
f 1565/566/1104 1564/111/1103 1562/564/1101
f 1564/111/1103 1565/566/1104 1566/236/1105
f 1565/566/1104 1562/564/1101 1567/567/1106
f 1568/568/1107 1569/175/1108 1570/183/1109
f 1569/175/1108 1571/176/1110 1570/183/1109
f 1569/175/1111 1572/570/1112 1573/569/1113
f 1574/568/1114 1572/570/1112 1569/175/1111
f 1572/570/1112 1574/568/1114 1575/571/1115
f 1576/68/1116 1572/570/1112 1575/571/1115
f 1572/570/1112 1576/68/1116 1577/66/1117
f 1578/80/1118 1579/572/1119 1580/79/1120
f 1579/572/1119 1578/80/1118 1581/115/1121
f 1582/95/1122 1579/572/1119 1581/115/1121
f 1579/572/1119 1582/95/1122 1583/96/1123
f 1584/198/455 1585/199/456 1586/573/455
f 1584/198/455 1586/573/455 1587/574/921
f 1584/198/455 1587/574/921 1588/575/920
f 1584/198/455 1588/575/920 1589/576/455
f 1590/198/455 1591/573/921 1592/199/456
f 1590/198/455 1593/574/921 1591/573/921
f 1590/198/455 1594/575/920 1593/574/921
f 1590/198/455 1595/576/455 1594/575/920
f 1596/577/1124 1597/578/1125 1598/579/1126
f 1597/578/1125 1596/577/1124 1599/580/1127
f 1599/580/1127 1600/581/1128 1597/578/1125
f 1601/582/1129 1599/580/1127 1596/577/1124
f 1599/580/1127 1602/583/1130 1600/581/1128
f 1602/583/1130 1599/580/1127 1603/584/1131
f 1602/583/1130 1603/584/1131 1604/585/1132
f 1605/586/1133 1603/584/1131 1599/580/1127
f 1599/580/1127 1601/582/1129 1605/586/1133
f 1601/582/1129 1606/587/1134 1605/586/1133
f 1601/582/1129 1607/588/1135 1606/587/1134
f 1608/589/1136 1606/587/1134 1607/588/1135
f 1606/587/1134 1608/589/1136 1609/590/1137
f 1610/591/1138 1606/587/1134 1609/590/1137
f 1606/587/1134 1610/591/1138 1611/592/1139
f 1606/587/1134 1611/592/1139 1605/586/1133
f 1605/586/1133 1611/592/1139 1612/593/1140
f 1603/584/1131 1605/586/1133 1612/593/1140
f 1613/594/1141 1603/584/1131 1612/593/1140
f 1613/594/1141 1612/593/1140 1611/592/1139
f 1603/584/1131 1613/594/1141 1604/585/1132
f 1613/594/1141 1611/592/1139 1614/595/1142
f 1611/592/1139 1610/591/1138 1614/595/1142
f 1614/595/1142 1610/591/1138 1615/596/1143
f 1616/597/1144 1613/594/1141 1614/595/1142
f 1604/585/1132 1613/594/1141 1616/597/1144
f 1617/598/1145 1604/585/1132 1616/597/1144
f 1616/597/1144 1614/595/1142 1618/599/1146
f 1615/596/1143 1618/599/1146 1614/595/1142
f 1618/599/1146 1615/596/1143 1619/600/1147
f 1617/598/1145 1616/597/1144 1620/601/1148
f 1621/602/1149 1617/598/1145 1620/601/1148
f 1622/29/1150 1616/597/1144 1618/599/1146
f 1619/600/1147 1622/29/1150 1618/599/1146
f 1616/597/1144 1622/29/1150 1620/601/1148
f 1622/29/1150 1619/600/1147 1623/30/1151
f 1620/601/1148 1622/29/1150 1624/603/1152
f 1624/603/1152 1621/602/1149 1620/601/1148
f 1621/602/1149 1624/603/1152 1625/604/1153
f 1624/603/1152 1622/29/1150 1626/546/1154
f 1625/604/1153 1624/603/1152 1627/605/1155
f 1624/603/1152 1626/546/1154 1628/47/1156
f 1629/606/1157 1624/603/1152 1628/47/1156
f 1624/603/1152 1629/606/1157 1627/605/1155
f 1627/605/1155 1629/606/1157 1630/607/1158
f 1628/47/1156 1631/46/1159 1632/608/1160
f 1630/607/1158 1629/606/1157 1633/609/1161
f 1628/47/1156 1633/609/1161 1629/606/1157
f 1630/607/1158 1633/609/1161 1634/610/1162
f 1633/609/1161 1628/47/1156 1635/611/1163
f 1635/611/1163 1628/47/1156 1632/608/1160
f 1636/612/1164 1635/611/1163 1632/608/1160
f 1637/613/1165 1633/609/1161 1635/611/1163
f 1635/611/1163 1636/612/1164 1637/613/1165
f 1637/613/1165 1636/612/1164 1638/614/1166
f 1633/609/1161 1637/613/1165 1639/615/1167
f 1634/610/1162 1633/609/1161 1639/615/1167
f 1640/616/1168 1639/615/1167 1637/613/1165
f 1640/616/1168 1637/613/1165 1638/614/1166
f 1641/617/1169 1634/610/1162 1639/615/1167
f 1642/618/1170 1634/610/1162 1641/617/1169
f 1641/617/1169 1639/615/1167 1643/619/1171
f 1639/615/1167 1640/616/1168 1643/619/1171
f 1644/620/1172 1641/617/1169 1643/619/1171
f 1644/620/1172 1643/619/1171 1640/616/1168
f 1638/614/1166 1645/621/1173 1640/616/1168
f 1645/621/1173 1644/620/1172 1640/616/1168
f 1645/621/1173 1638/614/1166 1646/622/1174
f 1647/623/1175 1645/621/1173 1646/622/1174
f 1645/621/1173 1647/623/1175 1648/624/1176
f 1645/621/1173 1649/625/1177 1644/620/1172
f 1649/625/1177 1645/621/1173 1648/624/1176
f 1644/620/1172 1650/626/1178 1641/617/1169
f 1649/625/1177 1650/626/1178 1644/620/1172
f 1642/618/1170 1641/617/1169 1650/626/1178
f 1650/626/1178 1651/627/1179 1642/618/1170
f 1650/626/1178 1649/625/1177 1652/628/1180
f 1652/628/1180 1653/629/1181 1650/626/1178
f 1650/626/1178 1653/629/1181 1651/627/1179
f 1653/629/1181 1652/628/1180 1654/630/1182
f 1655/631/1183 1656/632/1184 1657/633/1184
f 1656/632/1184 1655/631/1183 1658/634/1185
f 1658/634/1185 1659/635/1186 1656/632/1184
f 1660/636/1187 1658/634/1185 1655/631/1183
f 1659/635/1186 1658/634/1185 1661/637/1188
f 1662/638/1189 1661/637/1188 1658/634/1185
f 1658/634/1185 1660/636/1187 1662/638/1189
f 1663/639/1190 1662/638/1189 1660/636/1187
f 1664/640/1191 1661/637/1188 1662/638/1189
f 1665/641/1192 1664/640/1191 1662/638/1189
f 1662/638/1189 1663/639/1190 1665/641/1192
f 1664/640/1191 1665/641/1192 1666/642/1193
f 1667/643/1194 1665/641/1192 1663/639/1190
f 1665/641/1192 1668/644/1195 1666/642/1193
f 1668/644/1195 1665/641/1192 1669/645/1196
f 1665/641/1192 1667/643/1194 1669/645/1196
f 1669/645/1196 1670/646/1197 1668/644/1195
f 1670/646/1197 1669/645/1196 1671/647/1195
f 1667/643/1194 1671/647/1195 1669/645/1196
f 1671/647/1195 1667/643/1194 1672/648/1198
f 1671/647/1195 1673/649/1199 1670/646/1197
f 1672/648/1198 1674/650/1200 1671/647/1195
f 1673/649/1199 1671/647/1195 1674/650/1200
f 1674/650/1200 1672/648/1198 1675/651/1201
f 1674/650/1200 1676/652/1202 1673/649/1199
f 1676/652/1202 1674/650/1200 1677/653/1203
f 1675/651/1201 1677/653/1203 1674/650/1200
f 1677/653/1203 1675/651/1201 1678/654/1204
f 1677/653/1203 1679/655/1205 1676/652/1202
f 1678/654/1204 1680/656/1206 1677/653/1203
f 1679/655/1205 1677/653/1203 1680/656/1206
f 1680/656/1206 1678/654/1204 1681/657/1207
f 1680/656/1206 1682/658/1208 1679/655/1205
f 1682/658/1208 1680/656/1206 1683/659/1209
f 1681/657/1207 1683/659/1209 1680/656/1206
f 1683/659/1209 1684/660/1210 1682/658/1208
f 1683/659/1209 1681/657/1207 1685/661/1211
f 1685/661/1211 1686/662/1212 1683/659/1209
f 1684/660/1210 1683/659/1209 1686/662/1212
f 1686/662/1212 1685/661/1211 1687/663/1212
f 1688/632/1213 1689/631/1214 1690/633/1184
f 1689/631/1214 1688/632/1213 1691/634/1215
f 1692/635/1216 1691/634/1215 1688/632/1213
f 1691/634/1215 1693/636/1217 1689/631/1214
f 1691/634/1215 1692/635/1216 1694/637/1218
f 1695/638/1219 1691/634/1215 1694/637/1218
f 1693/636/1217 1691/634/1215 1695/638/1219
f 1695/638/1219 1696/639/1190 1693/636/1217
f 1697/640/1191 1695/638/1219 1694/637/1218
f 1697/640/1191 1698/641/1192 1695/638/1219
f 1696/639/1190 1695/638/1219 1698/641/1192
f 1698/641/1192 1697/640/1191 1699/642/1193
f 1698/641/1192 1700/643/1194 1696/639/1190
f 1701/644/1195 1698/641/1192 1699/642/1193
f 1698/641/1192 1701/644/1195 1702/645/1197
f 1700/643/1194 1698/641/1192 1702/645/1197
f 1703/646/1197 1702/645/1197 1701/644/1195
f 1702/645/1197 1703/646/1197 1704/647/1195
f 1704/647/1195 1700/643/1194 1702/645/1197
f 1700/643/1194 1704/647/1195 1705/648/1220
f 1706/649/1221 1704/647/1195 1703/646/1197
f 1707/650/1222 1705/648/1220 1704/647/1195
f 1704/647/1195 1706/649/1221 1707/650/1222
f 1707/650/1222 1708/651/1223 1705/648/1220
f 1709/652/1202 1707/650/1222 1706/649/1221
f 1707/650/1222 1709/652/1202 1710/653/1203
f 1710/653/1203 1708/651/1223 1707/650/1222
f 1708/651/1223 1710/653/1203 1711/654/1204
f 1712/655/1205 1710/653/1203 1709/652/1202
f 1713/656/1206 1711/654/1204 1710/653/1203
f 1710/653/1203 1712/655/1205 1713/656/1206
f 1711/654/1204 1713/656/1206 1714/657/1207
f 1715/658/1224 1713/656/1206 1712/655/1205
f 1713/656/1206 1715/658/1224 1716/659/1225
f 1716/659/1225 1714/657/1207 1713/656/1206
f 1717/660/1210 1716/659/1225 1715/658/1224
f 1714/657/1207 1716/659/1225 1718/661/1226
f 1719/662/1212 1718/661/1226 1716/659/1225
f 1716/659/1225 1717/660/1210 1719/662/1212
f 1718/661/1226 1719/662/1212 1720/663/1212
f 1721/664/1227 1722/665/1228 1723/666/1229
f 1724/667/1230 1721/664/1227 1723/666/1229
f 1724/667/1230 1723/666/1229 1725/668/1231
f 1726/669/1232 1721/664/1227 1724/667/1230
f 1727/670/1233 1724/667/1230 1725/668/1231
f 1728/671/1234 1727/670/1233 1725/668/1231
f 1729/672/1235 1726/669/1232 1724/667/1230
f 1729/672/1235 1730/673/1236 1726/669/1232
f 1730/673/1236 1729/672/1235 1731/674/1237
f 1724/667/1230 1732/675/1238 1729/672/1235
f 1732/675/1238 1731/674/1237 1729/672/1235
f 1732/675/1238 1724/667/1230 1727/670/1233
f 1731/674/1237 1732/675/1238 1733/676/1239
f 1727/670/1233 1728/671/1234 1734/677/1240
f 1734/677/1240 1728/671/1234 1735/678/1241
f 1727/670/1233 1736/679/1242 1732/675/1238
f 1736/679/1242 1727/670/1233 1734/677/1240
f 1736/679/1242 1733/676/1239 1732/675/1238
f 1735/678/1241 1736/679/1242 1734/677/1240
f 1733/676/1239 1736/679/1242 1737/680/1243
f 1738/681/1244 1737/680/1243 1736/679/1242
f 1738/681/1244 1736/679/1242 1735/678/1241
f 1739/682/1245 1740/683/1246 1741/684/1247
f 1740/683/1246 1739/682/1245 1742/685/1248
f 1742/685/1248 1743/686/1249 1740/683/1246
f 1744/687/1250 1742/685/1248 1739/682/1245
f 1743/686/1249 1742/685/1248 1745/688/1251
f 1745/688/1251 1746/689/1252 1743/686/1249
f 1742/685/1248 1744/687/1250 1747/690/1253
f 1748/673/1254 1747/690/1253 1744/687/1250
f 1747/690/1253 1748/673/1254 1749/674/1255
f 1749/674/1255 1750/691/1256 1747/690/1253
f 1742/685/1248 1750/691/1256 1745/688/1251
f 1750/691/1256 1742/685/1248 1747/690/1253
f 1750/691/1256 1749/674/1255 1751/676/1257
f 1746/689/1252 1745/688/1251 1752/692/1258
f 1752/692/1258 1753/693/1259 1746/689/1252
f 1745/688/1251 1754/694/1260 1752/692/1258
f 1751/676/1257 1754/694/1260 1750/691/1256
f 1754/694/1260 1753/693/1259 1752/692/1258
f 1754/694/1260 1745/688/1251 1750/691/1256
f 1754/694/1260 1751/676/1257 1755/680/1261
f 1754/694/1260 1756/681/1262 1753/693/1259
f 1756/681/1262 1754/694/1260 1755/680/1261
f 1757/695/1263 1758/696/1264 1759/697/1265
f 1758/696/1264 1757/695/1263 1760/698/1266
f 1761/699/1267 1760/698/1266 1757/695/1263
f 1760/698/1266 1762/700/1268 1758/696/1264
f 1763/701/1269 1758/696/1264 1762/700/1268
f 1764/702/1270 1763/701/1269 1762/700/1268
f 1762/700/1268 1765/703/1271 1764/702/1270
f 1766/704/1272 1765/703/1271 1762/700/1268
f 1767/705/1273 1762/700/1268 1760/698/1266
f 1761/699/1267 1767/705/1273 1760/698/1266
f 1768/706/1274 1767/705/1273 1761/699/1267
f 1769/707/1275 1767/705/1273 1768/706/1274
f 1770/708/1276 1766/704/1272 1762/700/1268
f 1762/700/1268 1767/705/1273 1770/708/1276
f 1770/708/1276 1771/709/1276 1766/704/1272
f 1771/709/1276 1770/708/1276 1772/710/1277
f 1773/711/1278 1770/708/1276 1767/705/1273
f 1767/705/1273 1769/707/1275 1773/711/1278
f 1774/712/1279 1773/711/1278 1769/707/1275
f 1773/711/1278 1774/712/1279 1775/713/1280
f 1775/713/1280 1776/714/1281 1773/711/1278
f 1776/714/1281 1775/713/1280 1777/715/1282
f 1772/710/1277 1770/708/1276 1778/714/1283
f 1770/708/1276 1773/711/1278 1778/714/1283
f 1772/710/1277 1778/714/1283 1779/716/1284
f 1777/715/1285 1779/716/1284 1778/714/1283
f 1780/696/1286 1781/695/1287 1782/697/1288
f 1781/695/1287 1780/696/1286 1783/698/1289
f 1784/699/1290 1781/695/1287 1783/698/1289
f 1780/696/1286 1785/700/1291 1783/698/1289
f 1785/700/1291 1780/696/1286 1786/701/1292
f 1787/702/1293 1785/700/1291 1786/701/1292
f 1788/703/1294 1785/700/1291 1787/702/1293
f 1789/704/1295 1785/700/1291 1788/703/1294
f 1785/700/1291 1790/705/1296 1783/698/1289
f 1784/699/1290 1783/698/1289 1790/705/1296
f 1791/706/1297 1784/699/1290 1790/705/1296
f 1790/705/1296 1792/707/1298 1791/706/1297
f 1785/700/1291 1789/704/1295 1793/708/1299
f 1790/705/1296 1785/700/1291 1793/708/1299
f 1794/709/1299 1793/708/1299 1789/704/1295
f 1795/710/1300 1793/708/1299 1794/709/1299
f 1793/708/1299 1796/711/1301 1790/705/1296
f 1792/707/1298 1790/705/1296 1796/711/1301
f 1796/711/1301 1797/712/1302 1792/707/1298
f 1797/712/1302 1796/711/1301 1798/713/1303
f 1799/714/1304 1798/713/1303 1796/711/1301
f 1798/713/1303 1799/714/1304 1800/715/1305
f 1795/710/1300 1801/714/1306 1793/708/1299
f 1796/711/1301 1793/708/1299 1801/714/1306
f 1802/716/1307 1801/714/1306 1795/710/1300
f 1801/714/1306 1802/716/1307 1800/715/1305
f 1803/717/1308 1804/718/1309 1805/719/1308
f 1806/720/1310 1803/717/1308 1805/719/1308
f 1804/718/1309 1803/717/1308 1807/721/1311
f 1803/717/1308 1806/720/1310 1808/722/1312
f 1809/723/451 1804/718/1309 1807/721/1311
f 1810/724/1313 1808/722/1312 1806/720/1310
f 1809/723/451 1807/721/1311 1811/725/1314
f 1808/722/1312 1810/724/1313 1812/726/1315
f 1813/727/1316 1809/723/451 1811/725/1314
f 1814/728/1317 1812/726/1315 1810/724/1313
f 1811/725/1314 1815/729/1318 1813/727/1316
f 1812/726/1315 1814/728/1317 1816/730/1319
f 1815/729/1318 1817/731/1320 1813/727/1316
f 1818/732/1321 1816/730/1319 1814/728/1317
f 1817/731/1320 1815/729/1318 1819/733/1322
f 1816/730/1319 1818/732/1321 1820/734/1323
f 1819/733/1322 1821/735/1324 1817/731/1320
f 1822/736/1325 1820/734/1323 1818/732/1321
f 1821/735/1324 1819/733/1322 1823/737/1326
f 1820/734/1323 1822/736/1325 1824/738/1327
f 1825/739/1328 1821/735/1324 1823/737/1326
f 1825/739/1328 1824/738/1327 1822/736/1325
f 1824/738/1327 1825/739/1328 1826/740/1329
f 1825/739/1328 1823/737/1326 1826/740/1329
f 1827/741/1330 1828/733/1331 1829/729/1332
f 1830/725/1330 1827/741/1330 1829/729/1332
f 1828/733/1331 1827/741/1330 1831/742/1332
f 1827/741/1330 1830/725/1330 1832/743/1330
f 1831/742/1332 1833/737/1332 1828/733/1331
f 1834/721/1333 1832/743/1330 1830/725/1330
f 1833/737/1332 1831/742/1332 1835/744/1331
f 1832/743/1330 1834/721/1333 1836/745/1334
f 1837/740/1331 1833/737/1332 1835/744/1331
f 1838/717/1333 1836/745/1334 1834/721/1333
f 1837/740/1331 1835/744/1331 1839/746/1331
f 1836/745/1334 1838/717/1333 1840/747/1335
f 1841/748/1331 1837/740/1331 1839/746/1331
f 1838/717/1333 1842/749/1333 1840/747/1335
f 1837/740/1331 1841/748/1331 1843/738/1331
f 1842/749/1333 1838/717/1333 1844/722/1333
f 1845/750/1331 1843/738/1331 1841/748/1331
f 1846/751/1336 1842/749/1333 1844/722/1333
f 1843/738/1331 1845/750/1331 1847/734/1331
f 1844/722/1333 1848/726/1336 1846/751/1336
f 1848/726/1336 1849/752/1331 1846/751/1336
f 1849/752/1331 1847/734/1331 1845/750/1331
f 1847/734/1331 1849/752/1331 1850/730/1336
f 1848/726/1336 1850/730/1336 1849/752/1331
f 1851/719/1337 1852/718/1338 1853/717/1337
f 1853/717/1337 1854/720/1339 1851/719/1337
f 1852/718/1338 1855/721/1340 1853/717/1337
f 1854/720/1339 1853/717/1337 1856/722/1341
f 1852/718/1338 1857/723/651 1855/721/1340
f 1856/722/1341 1858/724/1342 1854/720/1339
f 1859/725/1343 1855/721/1340 1857/723/651
f 1858/724/1342 1856/722/1341 1860/726/1344
f 1861/727/1345 1859/725/1343 1857/723/651
f 1860/726/1344 1862/728/1346 1858/724/1342
f 1859/725/1343 1861/727/1345 1863/729/1347
f 1862/728/1346 1860/726/1344 1864/730/1348
f 1865/731/1349 1863/729/1347 1861/727/1345
f 1864/730/1348 1866/732/1350 1862/728/1346
f 1863/729/1347 1865/731/1349 1867/733/1351
f 1866/732/1350 1864/730/1348 1868/734/1352
f 1865/731/1349 1869/735/1353 1867/733/1351
f 1868/734/1352 1870/736/1354 1866/732/1350
f 1869/735/1353 1871/737/1355 1867/733/1351
f 1870/736/1354 1868/734/1352 1872/738/1356
f 1872/738/1356 1873/739/1357 1870/736/1354
f 1869/735/1353 1873/739/1357 1871/737/1355
f 1873/739/1357 1872/738/1356 1874/740/1358
f 1871/737/1355 1873/739/1357 1874/740/1358
f 1875/733/1359 1876/741/1360 1877/729/1360
f 1876/741/1360 1878/725/1361 1877/729/1360
f 1876/741/1360 1875/733/1359 1879/742/1359
f 1878/725/1361 1876/741/1360 1880/743/1361
f 1875/733/1359 1881/737/1359 1879/742/1359
f 1880/743/1361 1882/721/1362 1878/725/1361
f 1881/737/1359 1883/744/1360 1879/742/1359
f 1882/721/1362 1880/743/1361 1884/745/1363
f 1881/737/1359 1885/740/1364 1883/744/1360
f 1884/745/1363 1886/717/1365 1882/721/1362
f 1883/744/1360 1885/740/1364 1887/746/1359
f 1886/717/1365 1884/745/1363 1888/747/1366
f 1885/740/1364 1889/748/1367 1887/746/1359
f 1890/749/1362 1886/717/1365 1888/747/1366
f 1889/748/1367 1885/740/1364 1891/738/1359
f 1886/717/1365 1890/749/1362 1892/722/1362
f 1891/738/1359 1893/750/1359 1889/748/1367
f 1894/751/1368 1892/722/1362 1890/749/1362
f 1893/750/1359 1891/738/1359 1895/734/1361
f 1892/722/1362 1894/751/1368 1896/726/1359
f 1897/752/1359 1896/726/1359 1894/751/1368
f 1895/734/1361 1897/752/1359 1893/750/1359
f 1897/752/1359 1895/734/1361 1898/730/1359
f 1898/730/1359 1896/726/1359 1897/752/1359
