# Blender 5.2.2 LTS
# www.blender.org
mtllib LeftForearm.mtl
o LeftForearm2
v 15.255921 -5.624037 -0.965070
v 13.538011 -5.163008 -1.106670
v 13.072495 -5.624037 -0.967201
v 13.538011 -5.163008 -1.106670
v 15.255921 -5.624037 -0.965070
v 14.904191 -5.163008 -1.107122
v 13.072495 -5.624037 -0.967201
v 15.357156 -11.665617 1.042624
v 15.255921 -5.624037 -0.965070
v 15.357156 -11.665617 1.042624
v 13.072495 -5.624037 -0.967201
v 9.826241 -14.330366 1.910152
v 12.835542 -5.624037 -1.280711
v 9.826241 -14.330366 1.910152
v 13.072495 -5.624037 -0.967201
v 15.357156 -11.665617 1.042624
v 15.627702 -5.624037 -1.362278
v 15.255921 -5.624037 -0.965070
v 15.627702 -5.624037 -1.362278
v 15.357156 -11.665617 1.042624
v 15.832818 -11.665617 0.603678
v 15.255921 -5.624037 -0.965070
v 15.236451 -5.163008 -1.434851
v 14.904191 -5.163008 -1.107122
v 15.236451 -5.163008 -1.434851
v 15.255921 -5.624037 -0.965070
v 15.627702 -5.624037 -1.362278
v 9.218888 -32.494888 -0.502663
v 11.467103 -31.794142 -1.168170
v 11.102441 -31.257170 -0.676035
v 11.467103 -31.794142 -1.168170
v 9.218888 -32.494888 -0.502663
v 9.218888 -33.182968 -0.951269
v 13.299973 -5.163008 -1.459850
v 13.072495 -5.624037 -0.967201
v 13.538011 -5.163008 -1.106670
v 13.072495 -5.624037 -0.967201
v 13.299973 -5.163008 -1.459850
v 12.835542 -5.624037 -1.280711
v 9.218888 -32.494888 -0.502663
v 8.310151 -19.612638 1.297044
v 8.310151 -32.494888 -0.502663
v 13.538011 -5.162992 -7.037545
v 15.255921 -5.624022 -7.179146
v 13.072495 -5.624022 -7.177015
v 15.255921 -5.624022 -7.179146
v 13.538011 -5.162992 -7.037545
v 14.904191 -5.162992 -7.037093
v 15.357156 -11.665617 -9.186850
v 13.072495 -5.624022 -7.177015
v 15.255921 -5.624022 -7.179146
v 13.072495 -5.624022 -7.177015
v 15.357156 -11.665617 -9.186850
v 9.826241 -14.330366 -10.054380
v 12.835542 -5.624022 -6.863506
v 13.072495 -5.624022 -7.177015
v 9.826241 -14.330366 -10.054380
v 15.357156 -11.665617 -9.186850
v 15.627702 -5.624022 -6.781939
v 15.832818 -11.665617 -8.747902
v 15.627702 -5.624022 -6.781939
v 15.357156 -11.665617 -9.186850
v 15.255921 -5.624022 -7.179146
v 15.255921 -5.624022 -7.179146
v 15.236451 -5.162992 -6.709365
v 15.627702 -5.624022 -6.781939
v 15.236451 -5.162992 -6.709365
v 15.255921 -5.624022 -7.179146
v 14.904191 -5.162992 -7.037093
v 11.467103 -31.794127 -6.976083
v 9.218888 -32.494873 -7.641590
v 11.102441 -31.257170 -7.468216
v 9.218888 -32.494873 -7.641590
v 11.467103 -31.794127 -6.976083
v 9.218888 -33.182953 -7.192986
v 12.835542 -5.624022 -6.863506
v 13.299973 -5.162992 -6.684365
v 13.072495 -5.624022 -7.177015
v 13.072495 -5.624022 -7.177015
v 13.299973 -5.162992 -6.684365
v 13.538011 -5.162992 -7.037545
v 9.218888 -32.494873 -7.641590
v 8.310151 -32.494873 -7.641591
v 8.310151 -19.612623 -9.441280
v -15.079612 -5.624037 -0.965070
v -13.361705 -5.163008 -1.106670
v -14.727878 -5.163008 -1.107122
v -13.361705 -5.163008 -1.106670
v -15.079612 -5.624037 -0.965070
v -12.896186 -5.624037 -0.967201
v -15.180846 -11.665617 1.042624
v -12.896186 -5.624037 -0.967201
v -15.079612 -5.624037 -0.965070
v -12.896186 -5.624037 -0.967201
v -15.180846 -11.665617 1.042624
v -9.649936 -14.330366 1.910152
v -12.659240 -5.624037 -1.280711
v -12.896186 -5.624037 -0.967201
v -9.649936 -14.330366 1.910152
v -15.451396 -5.624037 -1.362278
v -15.180846 -11.665617 1.042624
v -15.079612 -5.624037 -0.965070
v -15.180846 -11.665617 1.042624
v -15.451396 -5.624037 -1.362278
v -15.656516 -11.665617 0.603678
v -15.060142 -5.163008 -1.434851
v -15.079612 -5.624037 -0.965070
v -14.727878 -5.163008 -1.107122
v -15.079612 -5.624037 -0.965070
v -15.060142 -5.163008 -1.434851
v -15.451396 -5.624037 -1.362278
v -9.042586 -32.494888 -0.502663
v -11.290797 -31.794142 -1.168170
v -9.042590 -33.182968 -0.951269
v -11.290797 -31.794142 -1.168170
v -9.042586 -32.494888 -0.502663
v -10.926139 -31.257170 -0.676035
v -13.123672 -5.163008 -1.459850
v -13.361705 -5.163008 -1.106670
v -12.896186 -5.624037 -0.967201
v -12.896186 -5.624037 -0.967201
v -12.659240 -5.624037 -1.280711
v -13.123672 -5.163008 -1.459850
v -9.042586 -32.494888 -0.502663
v -8.133853 -32.494888 -0.502663
v -8.133853 -19.612638 1.297044
v -15.079612 -5.624022 -7.179146
v -13.361705 -5.162992 -7.037545
v -12.896186 -5.624022 -7.177015
v -13.361705 -5.162992 -7.037545
v -15.079612 -5.624022 -7.179146
v -14.727878 -5.162992 -7.037093
v -15.180846 -11.665617 -9.186850
v -12.896186 -5.624022 -7.177015
v -9.649936 -14.330366 -10.054380
v -12.896186 -5.624022 -7.177015
v -15.180846 -11.665617 -9.186850
v -15.079612 -5.624022 -7.179146
v -12.659240 -5.624022 -6.863506
v -9.649936 -14.330366 -10.054380
v -12.896186 -5.624022 -7.177015
v -15.180846 -11.665617 -9.186850
v -15.451396 -5.624022 -6.781939
v -15.079612 -5.624022 -7.179146
v -15.451396 -5.624022 -6.781939
v -15.180846 -11.665617 -9.186850
v -15.656516 -11.665617 -8.747902
v -15.060142 -5.162992 -6.709365
v -15.079612 -5.624022 -7.179146
v -15.451396 -5.624022 -6.781939
v -15.079612 -5.624022 -7.179146
v -15.060142 -5.162992 -6.709365
v -14.727878 -5.162992 -7.037093
v -11.290797 -31.794127 -6.976083
v -9.042586 -32.494873 -7.641590
v -9.042590 -33.182953 -7.192986
v -9.042586 -32.494873 -7.641590
v -11.290797 -31.794127 -6.976083
v -10.926139 -31.257170 -7.468216
v -12.659240 -5.624022 -6.863506
v -12.896186 -5.624022 -7.177015
v -13.123672 -5.162992 -6.684365
v -12.896186 -5.624022 -7.177015
v -13.361705 -5.162992 -7.037545
v -13.123672 -5.162992 -6.684365
v -9.042586 -32.494873 -7.641590
v -8.133853 -19.612623 -9.441280
v -8.133853 -32.494873 -7.641591
v 13.299973 -5.163008 -1.459850
v 14.904191 -5.163008 -1.107122
v 15.236451 -5.163008 -1.434851
v 13.538011 -5.163008 -1.106670
v 8.310151 -32.494888 -0.502663
v 9.218888 -33.182968 -0.951269
v 9.218888 -32.494888 -0.502663
v 8.310151 -33.182968 -0.951269
v 14.904191 -5.162992 -7.037093
v 13.299973 -5.162992 -6.684365
v 15.236451 -5.162992 -6.709365
v 13.538011 -5.162992 -7.037545
v 8.310151 -33.182953 -7.192987
v 8.310151 -32.494873 -7.641591
v 9.218888 -33.182953 -7.192986
v 9.218888 -32.494873 -7.641590
v -13.123672 -5.163008 -1.459850
v -15.060142 -5.163008 -1.434851
v -14.727878 -5.163008 -1.107122
v -13.361705 -5.163008 -1.106670
v -8.133853 -32.494888 -0.502663
v -9.042586 -32.494888 -0.502663
v -9.042590 -33.182968 -0.951269
v -8.133838 -33.182968 -0.951269
v -14.727878 -5.162992 -7.037093
v -13.123672 -5.162992 -6.684365
v -13.361705 -5.162992 -7.037545
v -15.060142 -5.162992 -6.709365
v -8.133838 -33.182953 -7.192987
v -9.042590 -33.182953 -7.192986
v -8.133853 -32.494873 -7.641591
v -9.042586 -32.494873 -7.641590
v 8.310151 -19.612638 1.297044
v 9.218888 -32.494888 -0.502663
v 11.102441 -31.257170 -0.676035
v 9.714738 -19.612623 1.220978
v 13.260591 -21.446623 0.134115
v 9.826241 -14.330366 1.910152
v 15.357156 -11.665617 1.042624
v 9.218888 -32.494873 -7.641590
v 8.310151 -19.612623 -9.441280
v 11.102441 -31.257170 -7.468216
v 9.714738 -19.612593 -9.365213
v 13.260591 -21.446623 -8.278353
v 9.826241 -14.330366 -10.054380
v 15.357156 -11.665617 -9.186850
v -9.042586 -32.494888 -0.502663
v -8.133853 -19.612638 1.297044
v -10.926139 -31.257170 -0.676035
v -9.538428 -19.612623 1.220978
v -13.084285 -21.446623 0.134115
v -9.649936 -14.330366 1.910152
v -15.180846 -11.665617 1.042624
v 9.218888 -33.182953 -7.192986
v 8.310151 -33.182953 -4.072128
v 8.310151 -33.182953 -7.192987
v 9.218888 -33.182953 -4.072128
v 8.310151 -33.182968 -0.951269
v 9.218888 -33.182968 -0.951269
v 13.679185 -21.653593 -0.350659
v 11.102441 -31.257170 -0.676035
v 11.467103 -31.794142 -1.168170
v 13.260591 -21.446623 0.134115
v 15.832818 -11.665617 0.603678
v 15.357156 -11.665617 1.042624
v 11.102441 -31.257170 -7.468216
v 13.679185 -21.653593 -7.793579
v 11.467103 -31.794127 -6.976083
v 13.260591 -21.446623 -8.278353
v 15.832818 -11.665617 -8.747902
v 15.357156 -11.665617 -9.186850
v -8.133838 -33.182953 -4.072128
v -9.042590 -33.182953 -7.192986
v -8.133838 -33.182953 -7.192987
v -9.042590 -33.182953 -4.072128
v -8.133838 -33.182968 -0.951269
v -9.042590 -33.182968 -0.951269
v -10.926139 -31.257170 -0.676035
v -13.502879 -21.653593 -0.350659
v -11.290797 -31.794142 -1.168170
v -13.084285 -21.446623 0.134115
v -15.656516 -11.665617 0.603678
v -15.180846 -11.665617 1.042624
v -9.649936 -14.330366 -10.054380
v -13.084285 -21.446623 -8.278353
v -15.180846 -11.665617 -9.186850
v -9.538428 -19.612593 -9.365213
v -10.926139 -31.257170 -7.468216
v -8.133853 -19.612623 -9.441280
v -9.042586 -32.494873 -7.641590
v -13.502879 -21.653593 -7.793579
v -10.926139 -31.257170 -7.468216
v -11.290797 -31.794127 -6.976083
v -13.084285 -21.446623 -8.278353
v -15.656516 -11.665617 -8.747902
v -15.180846 -11.665617 -9.186850
v 9.826234 -14.330366 -4.072115
v 9.826241 -14.330366 -10.054380
v 9.714738 -19.612593 -9.365213
v 9.714730 -19.612593 -4.072119
v 9.714738 -19.612623 1.220978
v 9.826241 -14.330366 1.910152
v 9.218888 -33.182953 -4.072128
v 9.218888 -33.182953 -7.192986
v 11.467103 -31.794127 -6.976083
v 11.467103 -31.794127 -4.072127
v 11.467103 -31.794142 -1.168170
v 9.218888 -33.182968 -0.951269
v 8.310151 -19.612623 -4.072119
v 9.714738 -19.612593 -9.365213
v 8.310151 -19.612623 -9.441280
v 9.714730 -19.612593 -4.072119
v 9.714738 -19.612623 1.220978
v 8.310151 -19.612638 1.297044
v 15.832818 -11.665617 -8.747902
v 15.627702 -5.624022 -6.781939
v 15.832818 -11.665617 -4.072113
v 15.627702 -5.624022 -4.072109
v 15.627702 -5.624037 -1.362278
v 15.832818 -11.665617 0.603678
v 15.236268 -5.162992 -4.072109
v 15.236451 -5.162992 -6.709365
v 13.299973 -5.162992 -6.684365
v 13.299607 -5.162992 -4.072109
v 13.299973 -5.163008 -1.459850
v 15.236451 -5.163008 -1.434851
v 15.236451 -5.162992 -6.709365
v 15.627702 -5.624022 -4.072109
v 15.627702 -5.624022 -6.781939
v 15.236268 -5.162992 -4.072109
v 15.236451 -5.163008 -1.434851
v 15.627702 -5.624037 -1.362278
v 12.835542 -5.624022 -6.863506
v 12.835542 -5.624022 -4.072109
v 13.299973 -5.162992 -6.684365
v 13.299607 -5.162992 -4.072109
v 13.299973 -5.163008 -1.459850
v 12.835542 -5.624037 -1.280711
v 9.826234 -14.330366 -4.072115
v 12.835542 -5.624022 -6.863506
v 9.826241 -14.330366 -10.054380
v 12.835542 -5.624022 -4.072109
v 12.835542 -5.624037 -1.280711
v 9.826241 -14.330366 1.910152
v -9.649932 -14.330366 -4.072115
v -9.538428 -19.612593 -9.365213
v -9.649936 -14.330366 -10.054380
v -9.538417 -19.612593 -4.072119
v -9.538428 -19.612623 1.220978
v -9.649936 -14.330366 1.910152
v -9.042590 -33.182953 -4.072128
v -11.290797 -31.794127 -6.976083
v -9.042590 -33.182953 -7.192986
v -11.290797 -31.794127 -4.072127
v -11.290797 -31.794142 -1.168170
v -9.042590 -33.182968 -0.951269
v -9.538428 -19.612593 -9.365213
v -8.133853 -19.612623 -4.072119
v -8.133853 -19.612623 -9.441280
v -9.538417 -19.612593 -4.072119
v -9.538428 -19.612623 1.220978
v -8.133853 -19.612638 1.297044
v -15.656508 -11.665617 -4.072113
v -15.451396 -5.624022 -6.781939
v -15.656516 -11.665617 -8.747902
v -15.451396 -5.624022 -4.072109
v -15.451396 -5.624037 -1.362278
v -15.656516 -11.665617 0.603678
v -15.059966 -5.162992 -4.072109
v -13.123672 -5.162992 -6.684365
v -15.060142 -5.162992 -6.709365
v -13.123294 -5.162992 -4.072109
v -13.123672 -5.163008 -1.459850
v -15.060142 -5.163008 -1.434851
v -15.451396 -5.624022 -4.072109
v -15.060142 -5.162992 -6.709365
v -15.451396 -5.624022 -6.781939
v -15.059966 -5.162992 -4.072109
v -15.060142 -5.163008 -1.434851
v -15.451396 -5.624037 -1.362278
v -12.659240 -5.624022 -4.072109
v -12.659240 -5.624022 -6.863506
v -13.123672 -5.162992 -6.684365
v -13.123294 -5.162992 -4.072109
v -13.123672 -5.163008 -1.459850
v -12.659240 -5.624037 -1.280711
v -12.659240 -5.624022 -6.863506
v -9.649932 -14.330366 -4.072115
v -9.649936 -14.330366 -10.054380
v -12.659240 -5.624022 -4.072109
v -12.659240 -5.624037 -1.280711
v -9.649936 -14.330366 1.910152
v 15.832818 -11.665617 -4.072113
v 13.679185 -21.653593 -7.793579
v 15.832818 -11.665617 -8.747902
v 13.679185 -21.653593 -0.350659
v 15.832818 -11.665617 0.603678
v 13.679185 -21.653593 -4.072120
v 11.467103 -31.794127 -6.976083
v 11.467103 -31.794142 -1.168170
v 11.467103 -31.794127 -4.072127
v -15.656516 -11.665617 -8.747902
v -13.502879 -21.653593 -7.793579
v -15.656508 -11.665617 -4.072113
v -13.502879 -21.653593 -0.350659
v -15.656516 -11.665617 0.603678
v -13.502879 -21.653593 -4.072120
v -11.290797 -31.794127 -6.976083
v -11.290797 -31.794142 -1.168170
v -11.290797 -31.794127 -4.072127
vn -0.0001 0.2902 0.9570
vn -0.0000 0.2925 0.9563
vn -0.0000 0.3139 0.9494
vn -0.0000 0.3139 0.9495
vn -0.7154 0.4403 0.5425
vn 0.7103 0.2368 0.6629
vn 0.6559 0.2530 0.7112
vn 0.6559 0.2531 0.7111
vn 0.6559 0.2532 0.7111
vn 0.5586 0.6059 0.5665
vn 0.5902 0.5902 0.5508
vn 0.3849 -0.4713 0.7935
vn 0.3849 -0.4714 0.7935
vn 0.3861 -0.5043 0.7724
vn 0.3862 -0.5044 0.7723
vn 0.3861 -0.5044 0.7723
vn -0.5838 0.7098 0.3943
vn -0.5838 0.7097 0.3943
vn -0.5536 0.7196 0.4192
vn -0.5536 0.7197 0.4191
vn -0.0000 -0.1414 0.9900
vn -0.0000 0.2902 -0.9570
vn -0.0000 0.2924 -0.9563
vn -0.0000 0.3139 -0.9495
vn -0.0001 0.3139 -0.9495
vn -0.7154 0.4403 -0.5425
vn 0.6559 0.2526 -0.7113
vn 0.7103 0.2367 -0.6630
vn 0.5902 0.5902 -0.5508
vn 0.5586 0.6058 -0.5665
vn 0.3849 -0.4714 -0.7935
vn 0.3861 -0.5042 -0.7725
vn 0.3860 -0.5042 -0.7725
vn -0.5536 0.7198 -0.4189
vn -0.5536 0.7197 -0.4190
vn -0.5839 0.7097 -0.3942
vn -0.0000 -0.1414 -0.9900
vn -0.0000 0.2924 0.9563
vn -0.0000 0.2902 0.9570
vn -0.0000 0.3138 0.9495
vn 0.0001 0.3139 0.9495
vn 0.7154 0.4403 0.5424
vn 0.7154 0.4403 0.5425
vn -0.7103 0.2368 0.6629
vn -0.6559 0.2530 0.7112
vn -0.6559 0.2532 0.7111
vn -0.5586 0.6058 0.5665
vn -0.5902 0.5901 0.5509
vn -0.5902 0.5902 0.5508
vn -0.3862 -0.5044 0.7723
vn -0.3849 -0.4713 0.7935
vn -0.3849 -0.4714 0.7935
vn 0.5838 0.7097 0.3943
vn 0.5536 0.7196 0.4193
vn 0.0001 0.2902 -0.9570
vn -0.0000 0.2925 -0.9563
vn 0.0001 0.3140 -0.9494
vn -0.0000 0.3139 -0.9494
vn 0.7155 0.4403 -0.5425
vn -0.7103 0.2368 -0.6629
vn -0.6559 0.2530 -0.7112
vn -0.5902 0.5902 -0.5508
vn -0.5586 0.6058 -0.5665
vn -0.5586 0.6059 -0.5665
vn -0.3862 -0.5044 -0.7723
vn -0.3850 -0.4714 -0.7935
vn 0.5536 0.7196 -0.4192
vn 0.5836 0.7098 -0.3944
vn -0.0000 1.0000 -0.0000
vn -0.0000 -0.5457 0.8380
vn -0.0000 -0.5456 0.8381
vn -0.0000 -0.5456 -0.8381
vn -0.0000 -0.5457 -0.8380
vn -0.0000 -0.5459 0.8379
vn -0.0000 -0.5454 0.8382
vn 0.1102 -0.1417 0.9838
vn 0.1733 -0.1260 0.9768
vn 0.1501 -0.1343 0.9795
vn 0.1729 -0.1415 0.9747
vn 0.2274 -0.1333 0.9646
vn 0.2200 -0.1337 0.9663
vn 0.2200 -0.1336 0.9663
vn 0.1733 -0.1261 -0.9768
vn 0.1102 -0.1417 -0.9838
vn 0.1501 -0.1343 -0.9795
vn 0.1729 -0.1415 -0.9747
vn 0.2274 -0.1333 -0.9646
vn 0.2200 -0.1337 -0.9663
vn 0.2200 -0.1336 -0.9663
vn -0.1733 -0.1260 0.9768
vn -0.1102 -0.1417 0.9838
vn -0.1501 -0.1343 0.9795
vn -0.1729 -0.1415 0.9747
vn -0.2274 -0.1333 0.9646
vn -0.2200 -0.1337 0.9663
vn -0.2200 -0.1336 0.9663
vn -0.0000 -1.0000 -0.0000
vn 0.6831 -0.2120 0.6989
vn 0.6800 -0.2056 0.7038
vn 0.6682 -0.2044 0.7154
vn 0.6831 -0.2120 0.6988
vn 0.6789 -0.2131 0.7026
vn 0.6627 -0.2130 0.7179
vn 0.6800 -0.2056 -0.7038
vn 0.6831 -0.2120 -0.6989
vn 0.6681 -0.2043 -0.7154
vn 0.6832 -0.2120 -0.6988
vn 0.6789 -0.2131 -0.7026
vn 0.6627 -0.2130 -0.7179
vn -0.6800 -0.2056 0.7038
vn -0.6831 -0.2120 0.6989
vn -0.6682 -0.2044 0.7154
vn -0.6831 -0.2120 0.6988
vn -0.6789 -0.2131 0.7026
vn -0.6627 -0.2130 0.7179
vn -0.2200 -0.1337 -0.9663
vn -0.2274 -0.1333 -0.9646
vn -0.2200 -0.1336 -0.9663
vn -0.1729 -0.1415 -0.9747
vn -0.1501 -0.1343 -0.9795
vn -0.1102 -0.1417 -0.9838
vn -0.1733 -0.1260 -0.9768
vn -0.6831 -0.2120 -0.6989
vn -0.6800 -0.2056 -0.7038
vn -0.6682 -0.2044 -0.7154
vn -0.6831 -0.2120 -0.6988
vn -0.6789 -0.2131 -0.7026
vn -0.6627 -0.2130 -0.7179
vn -0.9997 0.0235 -0.0000
vn -0.9997 0.0236 -0.0000
vn 0.5271 -0.8498 -0.0000
vn 0.5272 -0.8498 -0.0000
vn 0.9995 0.0315 -0.0000
vn 0.9995 0.0316 -0.0000
vn 0.7636 0.6456 -0.0000
vn 0.7637 0.6456 -0.0000
vn 0.7637 0.6455 -0.0000
vn 0.7636 0.6457 -0.0000
vn -0.7032 0.7110 -0.0000
vn -0.7031 0.7111 -0.0000
vn -0.7031 0.7110 -0.0000
vn -0.7071 0.7071 -0.0000
vn -0.9463 0.3234 -0.0000
vn -0.9463 0.3233 -0.0000
vn 0.9997 0.0236 -0.0000
vn 0.9997 0.0235 -0.0000
vn -0.5271 -0.8498 -0.0000
vn -0.5272 -0.8497 -0.0000
vn -0.9995 0.0316 -0.0000
vn -0.9995 0.0315 -0.0000
vn -0.7636 0.6457 -0.0000
vn -0.7636 0.6456 -0.0000
vn 0.7032 0.7110 -0.0000
vn 0.7031 0.7111 -0.0000
vn 0.7070 0.7072 -0.0000
vn 0.7031 0.7110 -0.0000
vn 0.9463 0.3233 -0.0000
vn 0.9463 0.3234 -0.0000
vn 0.9771 -0.2128 -0.0000
vn 0.9771 -0.2127 -0.0000
vn 0.9772 -0.2125 -0.0000
vn 0.9770 -0.2131 -0.0000
vn -0.9771 -0.2127 -0.0000
vn -0.9772 -0.2125 -0.0000
vn -0.9772 -0.2124 -0.0000
vn -0.9771 -0.2128 -0.0000
vn -0.9770 -0.2131 -0.0000
vt 0.640137 0.197266
vt 0.629395 0.196777
vt 0.626953 0.193848
vt 0.637695 0.198730
vt 0.651855 0.161133
vt 0.623535 0.135254
vt 0.625000 0.195312
vt 0.642090 0.199219
vt 0.654785 0.161621
vt 0.639648 0.200195
vt 0.653809 0.024414
vt 0.666016 0.033203
vt 0.663086 0.035156
vt 0.655273 0.020020
vt 0.627441 0.198242
vt 0.624512 0.100098
vt 0.648438 0.022949
vt 0.649414 0.018555
vt 0.632812 0.103027
vt 0.657715 0.098633
vt 0.703613 0.019531
vt 0.684082 0.013672
vt 0.703613 0.013672
vt 0.684082 0.019531
vt 0.664551 0.013672
vt 0.664551 0.019531
vt 0.660645 0.098145
vt 0.684570 0.271484
vt 0.722168 0.271484
vt 0.717773 0.304688
vt 0.684570 0.305176
vt 0.651367 0.305176
vt 0.646973 0.271973
vt 0.702148 0.033691
vt 0.684082 0.033691
vt 0.666016 0.033691
vt 0.684570 0.313965
vt 0.718262 0.313477
vt 0.650879 0.313965
vt 0.713867 0.161133
vt 0.701660 0.198730
vt 0.684082 0.160645
vt 0.684570 0.198730
vt 0.667480 0.198730
vt 0.684570 0.201660
vt 0.701172 0.201660
vt 0.700684 0.213867
vt 0.684570 0.213867
vt 0.667969 0.213867
vt 0.667969 0.201660
vt 0.702148 0.216797
vt 0.684570 0.216797
vt 0.666992 0.216797
vt 0.707520 0.097656
vt 0.684082 0.097656
s 1
usemtl Arm
f 1/1/1 2/2/1 3/3/1
f 4/2/2 5/1/2 6/4/2
f 7/3/3 8/5/3 9/1/3
f 10/5/4 11/3/4 12/6/4
f 13/7/5 14/6/5 15/3/5
f 16/5/6 17/8/6 18/1/6
f 19/8/7 20/5/8 21/9/9
f 22/1/10 23/10/10 24/4/10
f 25/10/11 26/1/11 27/8/11
f 28/11/12 29/12/13 30/13/13
f 31/12/14 32/11/15 33/14/16
f 34/15/17 35/3/18 36/2/17
f 37/3/19 38/15/19 39/7/20
f 40/11/21 41/16/21 42/17/21
f 43/2/22 44/1/22 45/3/22
f 46/1/23 47/2/23 48/4/23
f 49/5/24 50/3/24 51/1/24
f 52/3/24 53/5/25 54/6/25
f 55/7/26 56/3/26 57/6/26
f 58/5/27 59/8/27 60/9/27
f 61/8/28 62/5/28 63/1/28
f 64/1/29 65/10/29 66/8/29
f 67/10/30 68/1/30 69/4/30
f 70/12/31 71/11/31 72/13/31
f 73/11/32 74/12/32 75/14/33
f 76/7/34 77/15/34 78/3/35
f 79/3/36 80/15/36 81/2/36
f 82/11/37 83/17/37 84/16/37
f 85/1/38 86/2/38 87/4/38
f 88/2/39 89/1/39 90/3/39
f 91/5/40 92/3/40 93/1/40
f 94/3/4 95/5/4 96/6/41
f 97/7/42 98/3/42 99/6/43
f 100/8/44 101/5/44 102/1/44
f 103/5/45 104/8/46 105/9/46
f 106/10/47 107/1/47 108/4/47
f 109/1/48 110/10/49 111/8/49
f 112/11/50 113/12/50 114/14/50
f 115/12/51 116/11/52 117/13/52
f 118/15/53 119/2/53 120/3/53
f 121/3/54 122/7/54 123/15/54
f 124/11/21 125/17/21 126/16/21
f 127/1/55 128/2/55 129/3/55
f 130/2/56 131/1/56 132/4/56
f 133/5/24 134/3/24 135/6/24
f 136/3/57 137/5/57 138/1/58
f 139/7/59 140/6/59 141/3/59
f 142/5/60 143/8/60 144/1/60
f 145/8/61 146/5/61 147/9/61
f 148/10/62 149/1/62 150/8/62
f 151/1/63 152/10/63 153/4/64
f 154/12/65 155/11/65 156/14/65
f 157/11/66 158/12/66 159/13/66
f 160/7/67 161/3/67 162/15/67
f 163/3/68 164/2/68 165/15/68
f 166/11/37 167/16/37 168/17/37
f 169/15/69 170/4/69 171/10/69
f 170/4/69 169/15/69 172/2/69
f 173/17/70 174/14/70 175/11/71
f 174/14/70 173/17/70 176/18/70
f 177/4/69 178/15/69 179/10/69
f 178/15/69 177/4/69 180/2/69
f 181/18/72 182/17/73 183/14/72
f 183/14/72 182/17/73 184/11/73
f 185/15/69 186/10/69 187/4/69
f 185/15/69 187/4/69 188/2/69
f 189/17/74 190/11/75 191/14/71
f 189/17/74 191/14/71 192/18/71
f 193/4/69 194/15/69 195/2/69
f 196/10/69 194/15/69 193/4/69
f 197/18/72 198/14/73 199/17/72
f 198/14/73 200/11/72 199/17/72
f 201/16/76 202/11/77 203/13/78
f 203/13/78 204/19/79 201/16/76
f 205/20/80 204/19/79 203/13/78
f 205/20/80 206/6/81 204/19/79
f 206/6/81 205/20/80 207/5/82
f 208/11/83 209/16/84 210/13/85
f 210/13/85 209/16/84 211/19/86
f 212/20/87 210/13/85 211/19/86
f 213/6/88 212/20/87 211/19/86
f 212/20/87 213/6/88 214/5/89
f 215/11/90 216/16/91 217/13/92
f 217/13/92 216/16/91 218/19/93
f 219/20/94 217/13/92 218/19/93
f 220/6/95 219/20/94 218/19/93
f 219/20/94 220/6/95 221/5/96
f 222/21/97 223/22/97 224/23/97
f 223/22/97 222/21/97 225/24/97
f 225/24/97 226/25/97 223/22/97
f 226/25/97 225/24/97 227/26/97
f 228/27/98 229/13/99 230/12/100
f 229/13/99 228/27/98 231/20/101
f 232/9/102 231/20/101 228/27/98
f 231/20/101 232/9/102 233/5/103
f 234/13/104 235/27/105 236/12/106
f 235/27/105 234/13/104 237/20/107
f 237/20/107 238/9/108 235/27/105
f 238/9/108 237/20/107 239/5/109
f 240/22/97 241/21/97 242/23/97
f 243/24/97 241/21/97 240/22/97
f 244/25/97 243/24/97 240/22/97
f 245/26/97 243/24/97 244/25/97
f 246/13/110 247/27/111 248/12/112
f 247/27/111 246/13/110 249/20/113
f 249/20/113 250/9/114 247/27/111
f 250/9/114 249/20/113 251/5/115
f 252/6/116 253/20/117 254/5/118
f 253/20/117 252/6/116 255/19/119
f 253/20/117 255/19/119 256/13/120
f 257/16/121 256/13/120 255/19/119
f 256/13/120 257/16/121 258/11/122
f 259/27/123 260/13/124 261/12/125
f 260/13/124 259/27/123 262/20/126
f 263/9/127 262/20/126 259/27/123
f 262/20/126 263/9/127 264/5/128
f 265/28/129 266/29/129 267/30/129
f 268/31/129 265/28/129 267/30/129
f 269/32/130 265/28/129 268/31/129
f 269/32/130 270/33/129 265/28/129
f 271/24/131 272/21/132 273/34/131
f 274/35/131 271/24/131 273/34/131
f 275/36/131 271/24/131 274/35/131
f 275/36/131 276/26/131 271/24/131
f 277/37/69 278/30/69 279/38/69
f 280/31/69 278/30/69 277/37/69
f 281/32/69 280/31/69 277/37/69
f 277/37/69 282/39/69 281/32/69
f 283/40/133 284/41/134 285/42/134
f 286/43/134 285/42/134 284/41/134
f 287/44/134 285/42/134 286/43/134
f 287/44/134 288/9/133 285/42/134
f 289/45/69 290/46/69 291/47/69
f 292/48/69 289/45/69 291/47/69
f 293/49/69 289/45/69 292/48/69
f 293/49/69 294/50/69 289/45/69
f 295/46/135 296/43/136 297/41/137
f 296/43/136 295/46/135 298/45/136
f 299/50/136 296/43/136 298/45/136
f 296/43/136 299/50/136 300/44/138
f 301/51/139 302/52/140 303/47/141
f 303/47/141 302/52/140 304/48/142
f 302/52/140 305/49/139 304/48/142
f 305/49/139 302/52/140 306/53/140
f 307/28/143 308/51/144 309/29/143
f 307/28/143 310/52/144 308/51/144
f 310/52/144 307/28/143 311/53/143
f 312/33/144 311/53/143 307/28/143
f 313/28/145 314/30/146 315/29/146
f 316/31/145 314/30/146 313/28/145
f 313/28/145 317/32/145 316/31/145
f 317/32/145 313/28/145 318/33/146
f 319/24/147 320/34/147 321/21/148
f 320/34/147 319/24/147 322/35/148
f 319/24/147 323/36/147 322/35/148
f 323/36/147 319/24/147 324/26/147
f 325/30/69 326/37/69 327/38/69
f 326/37/69 325/30/69 328/31/69
f 329/32/69 326/37/69 328/31/69
f 330/39/69 326/37/69 329/32/69
f 331/42/149 332/41/149 333/40/150
f 331/42/149 334/43/150 332/41/149
f 331/42/149 335/44/149 334/43/150
f 335/44/149 331/42/149 336/9/149
f 337/45/69 338/47/69 339/46/69
f 340/48/69 338/47/69 337/45/69
f 337/45/69 341/49/69 340/48/69
f 341/49/69 337/45/69 342/50/69
f 343/43/151 344/46/151 345/41/151
f 344/46/151 343/43/151 346/45/152
f 343/43/151 347/50/152 346/45/152
f 347/50/152 343/43/151 348/44/151
f 349/52/153 350/51/154 351/47/154
f 351/47/154 352/48/155 349/52/153
f 353/49/156 349/52/153 352/48/155
f 354/53/154 349/52/153 353/49/156
f 355/51/157 356/28/157 357/29/157
f 356/28/157 355/51/157 358/52/157
f 359/53/157 356/28/157 358/52/157
f 359/53/157 360/33/158 356/28/157
f 361/42/159 362/54/159 363/40/160
f 364/27/160 361/42/159 365/9/160
f 361/42/159 364/27/160 366/55/161
f 362/54/159 361/42/159 366/55/161
f 366/55/161 367/34/159 362/54/159
f 368/36/162 366/55/161 364/27/160
f 367/34/159 366/55/161 369/35/162
f 366/55/161 368/36/162 369/35/162
f 370/40/163 371/54/164 372/42/163
f 373/27/165 374/9/163 372/42/163
f 373/27/165 372/42/163 375/55/164
f 375/55/164 372/42/163 371/54/164
f 376/34/166 375/55/164 371/54/164
f 375/55/164 377/36/167 373/27/165
f 375/55/164 376/34/166 378/35/163
f 377/36/167 375/55/164 378/35/163
o LeftForearm
v -8.707625 -19.626677 -9.216698
v -8.522132 -29.025740 -7.972455
v -7.743937 -19.626371 -9.215082
v -7.743937 -19.626371 -9.215082
v -8.522132 -29.025740 -7.972455
v -7.743937 -29.025740 -7.971357
v -8.522132 -29.025740 -7.972455
v -7.743948 -33.162750 -7.564798
v -7.743937 -29.025740 -7.971357
v -7.743948 -33.162750 -7.564798
v -8.522132 -29.025740 -7.972455
v -8.955188 -33.162354 -7.565385
v -8.290401 -19.626692 1.568658
v -7.743937 -29.025862 0.206281
v -8.522132 -29.025740 0.207460
v -7.743937 -29.025862 0.206281
v -8.290401 -19.626692 1.568658
v -7.743937 -19.626509 1.449436
v -8.522132 -29.025740 0.207460
v -7.743948 -33.162750 -0.284101
v -8.955188 -33.162354 -0.283515
v -7.743948 -33.162750 -0.284101
v -8.522132 -29.025740 0.207460
v -7.743937 -29.025862 0.206281
v -2.921248 -27.740065 5.596734
v -2.821940 -27.733427 5.290238
v -3.991980 -21.921370 5.145237
v 7.911134 -19.626371 -9.215082
v 8.689332 -29.025740 -7.972455
v 8.874818 -19.626677 -9.216698
v 8.689332 -29.025740 -7.972455
v 7.911134 -19.626371 -9.215082
v 7.911134 -29.025740 -7.971357
v 7.911134 -29.025740 -7.971357
v 7.911150 -33.162750 -7.564798
v 8.689332 -29.025740 -7.972455
v 7.911150 -33.162750 -7.564798
v 9.122384 -33.162354 -7.565385
v 8.689332 -29.025740 -7.972455
v 8.457597 -19.626692 1.568658
v 8.689332 -29.025740 0.207460
v 7.911134 -29.025862 0.206281
v 7.911134 -29.025862 0.206281
v 7.911134 -19.626509 1.449436
v 8.457597 -19.626692 1.568658
v 8.689332 -29.025740 0.207460
v 9.122384 -33.162354 -0.283515
v 7.911150 -33.162750 -0.284101
v 7.911150 -33.162750 -0.284101
v 7.911134 -29.025862 0.206281
v 8.689332 -29.025740 0.207460
v 3.088441 -27.740065 5.596734
v 4.159181 -21.921370 5.145237
v 2.989133 -27.733427 5.290238
v 5.320497 -9.720854 -1.211287
v 6.046995 -10.518339 -2.074403
v 5.253358 -9.623106 -1.735579
v 4.911802 -10.554609 0.887476
v 5.744543 -13.627089 0.028293
v 3.588903 -13.370192 2.098484
v 4.163442 -10.884443 -1.523168
v 5.320497 -9.720854 -1.211287
v 5.253358 -9.623106 -1.735579
v 5.320497 -9.720854 -1.211287
v 4.163442 -10.884443 -1.523168
v 4.163869 -11.176527 0.018477
v 3.417962 -11.569624 -1.523160
v 4.163442 -10.884443 -1.523168
v 4.163442 -11.602339 -3.252532
v 6.471654 -10.359205 -8.626308
v 4.784624 -7.410780 -9.104727
v 5.253805 -10.377607 -8.701765
v -5.153300 -9.720854 -1.211287
v -5.086161 -9.623106 -1.735579
v -5.879794 -10.518339 -2.074403
v -4.744601 -10.554609 0.887476
v -3.421706 -13.370192 2.098484
v -5.577353 -13.627089 0.028293
v -3.996249 -10.884443 -1.523168
v -5.153300 -9.720854 -1.211287
v -3.996672 -11.176527 0.018477
v -5.153300 -9.720854 -1.211287
v -3.996249 -10.884443 -1.523168
v -5.086161 -9.623106 -1.735579
v -3.250766 -11.569624 -1.523160
v -3.996249 -11.602339 -3.252532
v -3.996249 -10.884443 -1.523168
v -6.304453 -10.359205 -8.626308
v -5.086604 -10.377607 -8.701765
v -4.617434 -7.410780 -9.104727
v 5.744543 -13.627089 0.028293
v 4.911802 -10.554609 0.887476
v 6.486978 -10.798460 -0.639132
v 7.235403 -11.458677 -2.086933
v 0.083597 -7.410780 -9.104727
v 4.484628 -7.459547 -10.431244
v 0.083597 -7.459547 -10.431244
v 4.784624 -7.410780 -9.104727
v 8.231484 -9.981871 -8.620098
v 6.471654 -10.359205 -8.626308
v 8.852227 -11.331800 -6.855088
v 7.230424 -11.296553 -6.844179
v 2.310430 -20.191496 6.071761
v 0.083597 -19.956083 5.686224
v 0.083597 -20.213530 6.376961
v 2.184247 -19.949751 5.375492
v -5.577353 -13.627089 0.028293
v -6.319781 -10.798460 -0.639132
v -4.744601 -10.554609 0.887476
v -7.068202 -11.458677 -2.086933
v 0.083597 -7.410780 -9.104727
v -4.317431 -7.459547 -10.431244
v -4.617434 -7.410780 -9.104727
v 0.083597 -7.459547 -10.431244
v -8.064281 -9.981871 -8.620098
v -8.685023 -11.331800 -6.855088
v -6.304453 -10.359205 -8.626308
v -7.063227 -11.296553 -6.844179
v 0.083597 -19.956083 5.686224
v -2.143233 -20.191496 6.071761
v 0.083597 -20.213530 6.376961
v -2.017047 -19.949751 5.375492
v 0.083597 -2.388029 -15.227848
v 0.083597 -7.459547 -14.055035
v 1.623414 -2.388029 -14.789558
v 2.071267 -7.459547 -13.321369
v 2.748109 -2.388060 -13.490549
v 3.631181 -7.459547 -12.022358
v 3.363439 -2.388060 -11.899435
v 4.484628 -7.459547 -10.431244
v 3.893697 -2.388060 -10.141052
v 4.784624 -7.410780 -9.104727
v 6.486978 -10.798460 -0.639132
v 8.191941 -10.798460 -0.639132
v 7.235403 -11.458677 -2.086933
v 8.940362 -11.458677 -2.086933
v 7.571146 -11.800505 -3.915446
v 9.276116 -11.800505 -3.915446
v 8.852227 -11.331800 -6.855088
v 7.230424 -11.296553 -6.844179
v 5.744543 -13.627089 0.028293
v 4.035760 -13.863356 0.609418
v 3.588903 -13.370192 2.098484
v 2.326970 -14.099592 1.190544
v 0.083597 -13.370008 2.321068
v 0.083597 -14.204206 1.316483
v -3.726496 -2.388060 -10.141052
v -4.617434 -7.410780 -9.104727
v -4.317431 -7.459547 -10.431244
v -3.196250 -2.388060 -11.899435
v -3.463984 -7.459547 -12.022358
v -2.580909 -2.388060 -13.490549
v -1.904074 -7.459547 -13.321369
v -1.456217 -2.388029 -14.789558
v 0.083597 -7.459547 -14.055035
v 0.083597 -2.388029 -15.227848
v -1.661936 -12.746550 -8.469612
v 0.083597 -12.849943 -8.201517
v 0.083597 -7.410780 -9.104727
v -3.541728 -10.975889 -8.466099
v -4.617434 -7.410780 -9.104727
v -5.086604 -10.377607 -8.701765
v -3.726496 -2.388060 -10.141052
v -5.289706 -2.388060 -10.144808
v -6.312575 -3.161924 -9.917740
v -4.617434 -7.410780 -9.104727
v -8.064281 -9.981871 -8.620098
v -6.304453 -10.359205 -8.626308
v -2.159774 -14.099592 1.190544
v -3.524035 -13.061247 0.568890
v -3.868563 -13.863356 0.609418
v -4.888297 -12.022947 -0.530987
v -5.577353 -13.627089 0.028293
v -7.068202 -11.458677 -2.086933
v -5.879794 -10.518339 -2.074403
v 2.709119 -59.229103 1.088295
v 0.083597 -59.229103 1.666691
v 0.083597 -58.366646 0.494689
v 2.157792 -58.366646 -0.095963
v 4.636011 -59.229095 -1.123648
v 3.680036 -58.366646 -1.709653
v 5.341310 -59.229095 -3.914021
v 4.237215 -58.366646 -3.914018
v 3.680036 -58.366646 -6.118335
v 4.636011 -59.229095 -6.704327
v 2.157792 -58.366646 -7.732023
v 2.709119 -59.229095 -8.916264
v 0.083597 -58.366646 -8.322676
v 0.083597 -59.229095 -9.494665
v 0.083597 -59.229103 1.666691
v -2.541919 -59.229103 1.088295
v 0.083597 -58.366646 0.494689
v -1.990595 -58.366646 -0.095963
v -4.468817 -59.229095 -1.123648
v -3.512835 -58.366646 -1.709653
v -5.174109 -59.229095 -3.914021
v -4.070017 -58.366646 -3.914018
v -3.512835 -58.366646 -6.118335
v -4.468817 -59.229095 -6.704327
v -1.990595 -58.366646 -7.732023
v -2.541919 -59.229095 -8.916264
v 0.083597 -58.366646 -8.322676
v 0.083597 -59.229095 -9.494665
v -10.615161 -51.012993 -3.924451
v -10.089423 -51.361786 -4.612044
v -10.137111 -51.183830 -3.924451
v -10.480327 -51.220406 -4.749307
v -9.959144 -51.848000 -5.115397
v -10.376292 -51.812592 -5.361632
v -10.327720 -52.659592 -5.615707
v -9.781180 -52.512169 -5.299637
v -9.603225 -53.176315 -5.115398
v -10.042254 -53.436020 -5.381069
v -9.472941 -53.662529 -4.612046
v -9.888961 -54.046822 -4.764194
v -9.917823 -54.305740 -3.924454
v -9.425261 -53.840485 -3.924453
v -10.621093 -50.353134 -3.924454
v -10.480327 -51.220406 -4.749307
v -10.615161 -51.012993 -3.924451
v -9.880416 -50.353134 -8.570293
v -10.376292 -51.812592 -5.361632
v -9.861110 -52.660606 -8.510094
v -10.327720 -52.659592 -5.615707
v -8.583098 -51.865410 -10.487621
v -8.825980 -50.353104 -10.194324
v -8.692054 -52.727791 -10.237808
v -8.244941 -51.257019 -11.039982
v -8.300281 -53.538506 -10.195612
v -7.771540 -50.353058 -11.818357
v -7.769461 -51.046394 -11.783785
v -7.057635 -51.261131 -12.283913
v -4.452990 -50.352844 -14.215967
v -6.515551 -51.875793 -12.641096
v -9.020587 -54.837135 -8.094563
v -10.042254 -53.436020 -5.381069
v -7.754176 -54.157570 -10.539543
v -9.888961 -54.046822 -4.764194
v -9.697364 -54.837105 -3.924454
v -9.917823 -54.305740 -3.924454
v -7.731242 -55.883270 -7.476687
v -8.312163 -55.883270 -3.924455
v -6.077239 -55.883263 -9.960178
v -7.093703 -54.837051 -11.010033
v -7.169402 -54.427872 -11.177452
v -6.537562 -54.161827 -11.769665
v -4.061518 -54.836876 -13.162134
v -3.367270 -55.883240 -11.803467
v -6.211245 -53.559181 -12.327061
v 0.083597 -54.836678 -14.069088
v 0.083597 -55.883240 -12.565985
v 3.534471 -55.883240 -11.803467
v -4.444205 -52.660347 -14.082623
v -6.258261 -52.741135 -12.742188
v -1.421809 -51.888145 -14.793652
v -1.669222 -52.744102 -14.654900
v -0.786051 -51.270302 -14.974453
v -1.418204 -53.555603 -14.333307
v 0.083597 -50.352600 -15.226385
v -0.785044 -54.175735 -14.184740
v 0.083597 -51.056732 -15.181692
v 0.953252 -51.270302 -14.974453
v 0.083597 -54.458046 -14.244932
v 4.620195 -50.352844 -14.215967
v 0.952245 -54.175735 -14.184740
v 1.589006 -51.888145 -14.793652
v 4.228712 -54.836876 -13.162134
v 1.585405 -53.555603 -14.333307
v 6.244432 -55.883263 -9.960178
v 1.836419 -52.744102 -14.654900
v 4.611394 -52.660347 -14.082623
v 6.378446 -53.559181 -12.327061
v 6.425462 -52.741135 -12.742188
v 6.682752 -51.875793 -12.641096
v 6.704755 -54.161827 -11.769665
v 7.224836 -51.261131 -12.283913
v 7.938737 -50.353058 -11.818357
v 7.936662 -51.046394 -11.783785
v 8.412133 -51.257019 -11.039982
v 8.993173 -50.353104 -10.194324
v 8.750299 -51.865410 -10.487621
v 10.047608 -50.353134 -8.570293
v 7.260904 -54.837051 -11.010033
v 7.336591 -54.427872 -11.177452
v 7.921373 -54.157570 -10.539543
v 9.187783 -54.837135 -8.094563
v 7.898439 -55.883270 -7.476687
v 8.467477 -53.538506 -10.195612
v 9.864556 -54.837105 -3.924454
v 8.479356 -55.883270 -3.924455
v 10.056153 -54.046822 -4.764194
v 10.085015 -54.305740 -3.924454
v 10.209458 -53.436020 -5.381069
v 10.494920 -52.659592 -5.615707
v 10.028306 -52.660606 -8.510094
v 8.859246 -52.727791 -10.237808
v 10.543489 -51.812592 -5.361632
v 10.647523 -51.220406 -4.749307
v 10.788293 -50.353134 -3.924454
v 10.782365 -51.012993 -3.924451
v -10.089423 -51.361786 -3.236859
v -10.615161 -51.012993 -3.924451
v -10.137111 -51.183830 -3.924451
v -10.480327 -51.220406 -3.099596
v -9.959144 -51.848000 -2.733507
v -10.376292 -51.812592 -2.487272
v -10.327720 -52.659592 -2.233197
v -9.781180 -52.512169 -2.549268
v -9.603225 -53.176315 -2.733508
v -10.042254 -53.436020 -2.467836
v -9.472941 -53.662529 -3.236860
v -9.888961 -54.046822 -3.084712
v -9.917823 -54.305740 -3.924454
v -9.425261 -53.840485 -3.924453
v -10.480327 -51.220406 -3.099596
v -10.621093 -50.353134 -3.924454
v -10.615161 -51.012993 -3.924451
v -9.880416 -50.353149 0.721381
v -10.376292 -51.812592 -2.487272
v -9.861110 -52.660606 0.661189
v -10.327720 -52.659592 -2.233197
v -8.583098 -51.865417 2.638718
v -8.825980 -50.353119 2.345412
v -8.692054 -52.727798 2.388902
v -8.244941 -51.257034 3.191081
v -8.300281 -53.538513 2.346707
v -7.771540 -50.353073 3.969444
v -7.769461 -51.046402 3.934882
v -7.057635 -51.261139 4.435011
v -4.452990 -50.352875 6.367055
v -6.515551 -51.875816 4.792192
v -9.020587 -54.837135 0.245654
v -10.042254 -53.436020 -2.467836
v -7.754176 -54.157570 2.690637
v -9.888961 -54.046822 -3.084712
v -9.697364 -54.837105 -3.924454
v -9.917823 -54.305740 -3.924454
v -7.731242 -55.883270 -0.372222
v -8.312163 -55.883270 -3.924455
v -6.077239 -55.883263 2.111270
v -7.093703 -54.837074 3.161124
v -7.169402 -54.427902 3.328546
v -6.537562 -54.161858 3.920759
v -4.061518 -54.836906 5.313225
v -3.367270 -55.883270 3.954557
v -6.211245 -53.559204 4.478155
v 0.083597 -54.836700 6.220181
v 0.083597 -55.883270 4.717075
v 3.534471 -55.883270 3.954557
v -4.444205 -52.660370 6.233718
v -6.258261 -52.741158 4.893282
v -1.421809 -51.888176 6.944747
v -1.669222 -52.744125 6.805996
v -0.786051 -51.270332 7.125552
v -1.418204 -53.555618 6.484401
v 0.083597 -50.352615 7.377474
v -0.785044 -54.175751 6.335835
v 0.083597 -51.056755 7.332790
v 0.953252 -51.270332 7.125552
v 0.083597 -54.458076 6.396027
v 4.620195 -50.352875 6.367055
v 0.952245 -54.175751 6.335835
v 1.589006 -51.888176 6.944747
v 4.228712 -54.836906 5.313225
v 1.585405 -53.555618 6.484401
v 6.244432 -55.883263 2.111270
v 1.836419 -52.744125 6.805996
v 4.611394 -52.660370 6.233718
v 6.378446 -53.559204 4.478155
v 6.425462 -52.741158 4.893282
v 6.682752 -51.875816 4.792192
v 6.704755 -54.161858 3.920759
v 7.224836 -51.261139 4.435011
v 7.938737 -50.353073 3.969444
v 7.936662 -51.046402 3.934882
v 8.412133 -51.257034 3.191081
v 8.993173 -50.353119 2.345412
v 8.750299 -51.865417 2.638718
v 10.047608 -50.353149 0.721381
v 7.260904 -54.837074 3.161124
v 7.336591 -54.427902 3.328546
v 7.921373 -54.157570 2.690637
v 9.187783 -54.837135 0.245654
v 7.898439 -55.883270 -0.372222
v 8.467477 -53.538513 2.346707
v 9.864556 -54.837105 -3.924454
v 8.479356 -55.883270 -3.924455
v 10.056153 -54.046822 -3.084712
v 10.085015 -54.305740 -3.924454
v 10.209458 -53.436020 -2.467836
v 10.494920 -52.659592 -2.233197
v 10.028306 -52.660606 0.661189
v 8.859246 -52.727798 2.388902
v 10.543489 -51.812592 -2.487272
v 10.647523 -51.220406 -3.099596
v 10.788293 -50.353134 -3.924454
v 10.782365 -51.012993 -3.924451
v -5.275393 -11.182707 2.590549
v -4.044589 -11.810621 3.664757
v -4.394598 -11.182615 2.642770
v -4.744601 -10.554609 0.887476
v -7.031504 -10.554792 0.783035
v -6.319781 -10.798460 -0.639132
v -8.024741 -10.798460 -0.639132
v 10.256623 -51.361786 -4.612044
v 10.782365 -51.012993 -3.924451
v 10.304307 -51.183830 -3.924451
v 10.647523 -51.220406 -4.749307
v 10.126344 -51.848000 -5.115397
v 10.543489 -51.812592 -5.361632
v 10.494920 -52.659592 -5.615707
v 9.948388 -52.512169 -5.299637
v 9.770417 -53.176315 -5.115398
v 10.209458 -53.436020 -5.381069
v 9.640145 -53.662529 -4.612046
v 10.056153 -54.046822 -4.764194
v 10.085015 -54.305740 -3.924454
v 9.592462 -53.840485 -3.924453
v 10.782365 -51.012993 -3.924451
v 10.256623 -51.361786 -3.236859
v 10.304307 -51.183830 -3.924451
v 10.647523 -51.220406 -3.099596
v 10.126344 -51.848000 -2.733507
v 10.543489 -51.812592 -2.487272
v 10.494920 -52.659592 -2.233197
v 9.948388 -52.512169 -2.549268
v 9.770417 -53.176315 -2.733508
v 10.209458 -53.436020 -2.467836
v 9.640145 -53.662529 -3.236860
v 10.056153 -54.046822 -3.084712
v 10.085015 -54.305740 -3.924454
v 9.592462 -53.840485 -3.924453
v 5.442594 -11.182707 2.590549
v 4.561792 -11.182615 2.642770
v 4.211790 -11.810621 3.664757
v 4.911802 -10.554609 0.887476
v 7.198698 -10.554792 0.783035
v 6.486978 -10.798460 -0.639132
v 8.191941 -10.798460 -0.639132
v 4.163869 -11.176527 0.018477
v 6.046995 -10.518339 -2.074403
v 5.320497 -9.720854 -1.211287
v 5.055498 -12.022947 -0.530987
v 3.418386 -11.677687 0.550694
v 3.691232 -13.061247 0.568890
v 2.326970 -14.099592 1.190544
v 2.031434 -12.749266 0.802077
v 0.083597 -14.204206 1.316483
v 0.083597 -12.854277 0.877419
v 6.381170 -11.237135 -3.802894
v 6.046995 -10.518339 -2.074403
v 7.235403 -11.458677 -2.086933
v 7.571146 -11.800505 -3.915446
v 6.491365 -10.942183 -6.191614
v 7.230424 -11.296553 -6.844179
v 6.471654 -10.359205 -8.626308
v 2.031434 -12.749266 0.802077
v 0.083597 -12.854277 -1.523162
v 0.083597 -12.854277 0.877419
v 2.030996 -12.749266 -1.523162
v 3.418386 -11.677687 0.550694
v 3.417962 -11.569624 -1.523160
v 4.163869 -11.176527 0.018477
v 4.163442 -10.884443 -1.523168
v 6.046995 -10.518339 -2.074403
v 5.252935 -10.341017 -3.252550
v 5.253358 -9.623106 -1.735579
v 6.381170 -11.237135 -3.802894
v 5.252935 -10.624632 -5.642488
v 6.491365 -10.942183 -6.191614
v 6.471654 -10.359205 -8.626308
v 3.417962 -11.569624 -1.523160
v 2.030996 -13.467192 -3.252526
v 2.030996 -12.749266 -1.523162
v 4.163442 -11.602339 -3.252532
v 2.030996 -13.174269 -5.642463
v 4.163442 -11.309431 -5.642470
v 3.708928 -10.975889 -8.466099
v 1.829137 -12.746550 -8.469612
v 0.083597 -55.883270 -11.243088
v 2.720853 -55.235687 -9.754166
v 0.083597 -55.235497 -10.214867
v 3.067403 -55.883270 -10.632750
v 4.686235 -55.235870 -8.538343
v 5.378473 -55.883270 -9.126463
v 5.851316 -55.235870 -6.946496
v 6.674272 -55.883263 -7.410640
v 7.485471 -55.883270 -3.924455
v 6.648241 -55.235847 -3.924454
v 5.851316 -55.235870 -0.902413
v 6.674272 -55.883263 -0.438269
v 5.378473 -55.883270 1.277554
v 4.686235 -55.235870 0.689435
v 3.067403 -55.883278 2.783840
v 2.720853 -55.235687 1.905255
v 0.083597 -55.883278 3.394179
v 0.083597 -55.235497 2.365959
v 3.631181 -7.459547 -12.022358
v 0.083597 -7.459547 -10.431244
v 4.484628 -7.459547 -10.431244
v 0.083597 -7.459547 -12.022358
v 2.071267 -7.459547 -13.321369
v 0.083597 -7.459547 -14.055035
v 4.784624 -7.410780 -9.104727
v 3.708928 -10.975889 -8.466099
v 5.253805 -10.377607 -8.701765
v 0.083597 -7.410780 -9.104727
v 1.829137 -12.746550 -8.469612
v 0.083597 -12.849943 -8.201517
v 0.083597 -2.388029 -15.227848
v 2.219133 -2.388029 -15.832691
v 0.083597 -2.388060 -16.507095
v 1.623414 -2.388029 -14.789558
v 3.826867 -2.388060 -14.036018
v 2.748109 -2.388060 -13.490549
v 3.363439 -2.388060 -11.899435
v 4.895338 -2.388060 -11.902882
v 3.893697 -2.388060 -10.141052
v 5.456907 -2.388060 -10.144808
v 0.083597 -2.388060 -16.507095
v 2.219133 -2.388029 -15.832691
v 0.083597 -3.161879 -17.004637
v 2.636132 -3.161879 -16.376017
v 3.826867 -2.388060 -14.036018
v 4.682481 -3.161879 -14.289936
v 4.895338 -2.388060 -11.902882
v 5.902299 -3.161879 -11.872568
v 5.456907 -2.388060 -10.144808
v 6.479776 -3.161924 -9.917740
v 3.893697 -2.388060 -10.141052
v 6.479776 -3.161924 -9.917740
v 5.456907 -2.388060 -10.144808
v 4.784624 -7.410780 -9.104727
v 8.231484 -9.981871 -8.620098
v 6.471654 -10.359205 -8.626308
v 8.874818 -19.626677 -9.216698
v 7.911150 -19.626310 -6.884817
v 7.911134 -19.626371 -9.215082
v 9.779313 -19.626677 -6.885918
v 7.911150 -19.626280 -3.915536
v 10.098298 -19.626677 -3.915454
v 9.501191 -19.626692 -0.813400
v 7.911150 -19.626402 -0.814638
v 8.457597 -19.626692 1.568658
v 7.911134 -19.626509 1.449436
v 0.083597 -13.370008 2.321068
v 3.386358 -13.591902 2.878977
v 3.588903 -13.370192 2.098484
v 0.083597 -13.591703 3.101557
v 3.353338 -13.813612 3.822359
v 0.083597 -13.813398 4.044940
v 2.184247 -19.949751 5.375492
v 0.083597 -17.631132 4.865581
v 0.083597 -19.956083 5.686224
v 2.872937 -17.628065 4.598925
v 0.083597 -13.813398 4.044940
v 3.353338 -13.813612 3.822359
v 3.200799 -17.631208 5.450225
v 2.184247 -19.949751 5.375492
v 2.310430 -20.191496 6.071761
v 2.872937 -17.628065 4.598925
v 3.737523 -13.918745 4.557305
v 3.353338 -13.813612 3.822359
v 4.211790 -11.810621 3.664757
v 3.386358 -13.591902 2.878977
v 4.561792 -11.182615 2.642770
v 3.588903 -13.370192 2.098484
v 4.911802 -10.554609 0.887476
v 2.326970 -14.099592 1.190544
v 4.035760 -13.863356 0.609418
v 3.691232 -13.061247 0.568890
v 5.055498 -12.022947 -0.530987
v 5.744543 -13.627089 0.028293
v 7.235403 -11.458677 -2.086933
v 6.046995 -10.518339 -2.074403
v -2.159774 -14.099592 1.190544
v 0.083597 -13.370008 2.321068
v 0.083597 -14.204206 1.316483
v -3.421706 -13.370192 2.098484
v -3.868563 -13.863356 0.609418
v -5.577353 -13.627089 0.028293
v -5.879794 -10.518339 -2.074403
v -3.996672 -11.176527 0.018477
v -5.153300 -9.720854 -1.211287
v -4.888297 -12.022947 -0.530987
v -3.251189 -11.677687 0.550694
v -3.524035 -13.061247 0.568890
v -2.159774 -14.099592 1.190544
v -1.864234 -12.749266 0.802077
v 0.083597 -14.204206 1.316483
v 0.083597 -12.854277 0.877419
v -5.879794 -10.518339 -2.074403
v -6.213973 -11.237135 -3.802894
v -7.068202 -11.458677 -2.086933
v -7.403944 -11.800505 -3.915446
v -6.324172 -10.942183 -6.191614
v -7.063227 -11.296553 -6.844179
v -6.304453 -10.359205 -8.626308
v 0.083597 -12.854277 -1.523162
v -1.864234 -12.749266 0.802077
v 0.083597 -12.854277 0.877419
v -1.863795 -12.749266 -1.523162
v -3.251189 -11.677687 0.550694
v -3.250766 -11.569624 -1.523160
v -3.996672 -11.176527 0.018477
v -3.996249 -10.884443 -1.523168
v -5.085738 -10.341017 -3.252550
v -5.879794 -10.518339 -2.074403
v -5.086161 -9.623106 -1.735579
v -6.213973 -11.237135 -3.802894
v -5.085738 -10.624632 -5.642488
v -6.324172 -10.942183 -6.191614
v -6.304453 -10.359205 -8.626308
v -1.863795 -13.467192 -3.252526
v -3.250766 -11.569624 -1.523160
v -1.863795 -12.749266 -1.523162
v -3.996249 -11.602339 -3.252532
v -1.863795 -13.174269 -5.642463
v -3.996249 -11.309431 -5.642470
v -3.541728 -10.975889 -8.466099
v -1.661936 -12.746550 -8.469612
v -2.553656 -55.235687 -9.754166
v 0.083597 -55.883270 -11.243088
v 0.083597 -55.235497 -10.214867
v -2.900210 -55.883270 -10.632750
v -4.519034 -55.235870 -8.538343
v -5.211272 -55.883270 -9.126463
v -5.684123 -55.235870 -6.946496
v -6.507071 -55.883263 -7.410640
v -7.318270 -55.883270 -3.924455
v -6.481040 -55.235847 -3.924454
v -5.684123 -55.235870 -0.902413
v -6.507071 -55.883263 -0.438269
v -5.211272 -55.883270 1.277554
v -4.519034 -55.235870 0.689435
v -2.900210 -55.883278 2.783840
v -2.553656 -55.235687 1.905255
v 0.083597 -55.883278 3.394179
v 0.083597 -55.235497 2.365959
v 0.083597 -7.459547 -10.431244
v -3.463984 -7.459547 -12.022358
v -4.317431 -7.459547 -10.431244
v 0.083597 -7.459547 -12.022358
v -1.904074 -7.459547 -13.321369
v 0.083597 -7.459547 -14.055035
v -2.051940 -2.388029 -15.832691
v 0.083597 -2.388029 -15.227848
v 0.083597 -2.388060 -16.507095
v -1.456217 -2.388029 -14.789558
v -3.659667 -2.388060 -14.036018
v -2.580909 -2.388060 -13.490549
v -3.196250 -2.388060 -11.899435
v -4.728137 -2.388060 -11.902882
v -3.726496 -2.388060 -10.141052
v -5.289706 -2.388060 -10.144808
v 0.083597 -3.161879 -17.004637
v -2.051940 -2.388029 -15.832691
v 0.083597 -2.388060 -16.507095
v -2.468936 -3.161879 -16.376017
v -3.659667 -2.388060 -14.036018
v -4.515280 -3.161879 -14.289936
v -4.728137 -2.388060 -11.902882
v -5.735102 -3.161879 -11.872568
v -5.289706 -2.388060 -10.144808
v -6.312575 -3.161924 -9.917740
v -7.743956 -19.626310 -6.884817
v -8.707625 -19.626677 -9.216698
v -7.743937 -19.626371 -9.215082
v -9.612113 -19.626677 -6.885918
v -7.743956 -19.626280 -3.915536
v -9.931094 -19.626677 -3.915454
v -9.333995 -19.626692 -0.813400
v -7.743948 -19.626402 -0.814638
v -8.290401 -19.626692 1.568658
v -7.743937 -19.626509 1.449436
v -3.219161 -13.591902 2.878977
v 0.083597 -13.370008 2.321068
v -3.421706 -13.370192 2.098484
v 0.083597 -13.591703 3.101557
v -3.186137 -13.813612 3.822359
v 0.083597 -13.813398 4.044940
v 0.083597 -17.631132 4.865581
v -2.017047 -19.949751 5.375492
v 0.083597 -19.956083 5.686224
v -2.705741 -17.628065 4.598925
v 0.083597 -13.813398 4.044940
v -3.186137 -13.813612 3.822359
v -2.017047 -19.949751 5.375492
v -3.033606 -17.631208 5.450225
v -2.143233 -20.191496 6.071761
v -2.705741 -17.628065 4.598925
v -3.570323 -13.918745 4.557305
v -3.186137 -13.813612 3.822359
v -4.044589 -11.810621 3.664757
v -3.219161 -13.591902 2.878977
v -4.394598 -11.182615 2.642770
v -3.421706 -13.370192 2.098484
v -4.744601 -10.554609 0.887476
v -6.319781 -10.798460 -0.639132
v -7.068202 -11.458677 -2.086933
v -8.024741 -10.798460 -0.639132
v -8.773170 -11.458677 -2.086933
v -7.403944 -11.800505 -3.915446
v -9.108920 -11.800505 -3.915446
v -8.685023 -11.331800 -6.855088
v -7.063227 -11.296553 -6.844179
v 0.083597 -27.717741 5.793625
v -2.821940 -27.733427 5.290238
v -2.921248 -27.740065 5.596734
v 0.083597 -27.739927 6.398579
v 3.088441 -27.740065 5.596734
v 2.989133 -27.733427 5.290238
v 2.030996 -12.749266 -1.523162
v 0.083597 -13.572187 -3.252526
v 0.083597 -12.854277 -1.523162
v 2.030996 -13.467192 -3.252526
v 2.030996 -13.174269 -5.642463
v 0.083597 -13.279264 -5.642463
v 0.083597 -12.849943 -8.201517
v 1.829137 -12.746550 -8.469612
v 5.252935 -10.341017 -3.252550
v 4.163442 -10.884443 -1.523168
v 5.253358 -9.623106 -1.735579
v 4.163442 -11.602339 -3.252532
v 4.163442 -11.309431 -5.642470
v 5.252935 -10.624632 -5.642488
v 3.708928 -10.975889 -8.466099
v 5.253805 -10.377607 -8.701765
v 6.471654 -10.359205 -8.626308
v 3.534471 -55.883240 -11.803467
v 0.083597 -55.883270 -11.243088
v 0.083597 -55.883240 -12.565985
v 3.067403 -55.883270 -10.632750
v 5.378473 -55.883270 -9.126463
v 6.244432 -55.883263 -9.960178
v 6.674272 -55.883263 -7.410640
v 7.898439 -55.883270 -7.476687
v 7.485471 -55.883270 -3.924455
v 8.479356 -55.883270 -3.924455
v 7.898439 -55.883270 -0.372222
v 6.674272 -55.883263 -0.438269
v 6.244432 -55.883263 2.111270
v 5.378473 -55.883270 1.277554
v 3.534471 -55.883270 3.954557
v 3.067403 -55.883278 2.783840
v 0.083597 -55.883278 3.394179
v 0.083597 -55.883270 4.717075
v 7.911150 -33.162735 -3.924426
v 9.122384 -33.162354 -7.565385
v 7.911150 -33.162750 -7.564798
v 9.596780 -33.162354 -3.924450
v 9.122384 -33.162354 -0.283515
v 7.911150 -33.162750 -0.284101
v 0.083597 -13.572187 -3.252526
v -1.863795 -12.749266 -1.523162
v 0.083597 -12.854277 -1.523162
v -1.863795 -13.467192 -3.252526
v -1.863795 -13.174269 -5.642463
v 0.083597 -13.279264 -5.642463
v 0.083597 -12.849943 -8.201517
v -1.661936 -12.746550 -8.469612
v -5.085738 -10.341017 -3.252550
v -5.086161 -9.623106 -1.735579
v -3.996249 -10.884443 -1.523168
v -3.996249 -11.602339 -3.252532
v -3.996249 -11.309431 -5.642470
v -5.085738 -10.624632 -5.642488
v -3.541728 -10.975889 -8.466099
v -5.086604 -10.377607 -8.701765
v -6.304453 -10.359205 -8.626308
v 0.083597 -55.883270 -11.243088
v -3.367270 -55.883240 -11.803467
v 0.083597 -55.883240 -12.565985
v -2.900210 -55.883270 -10.632750
v -5.211272 -55.883270 -9.126463
v -6.077239 -55.883263 -9.960178
v -6.507071 -55.883263 -7.410640
v -7.731242 -55.883270 -7.476687
v -7.318270 -55.883270 -3.924455
v -8.312163 -55.883270 -3.924455
v -7.731242 -55.883270 -0.372222
v -6.507071 -55.883263 -0.438269
v -6.077239 -55.883263 2.111270
v -5.211272 -55.883270 1.277554
v -3.367270 -55.883270 3.954557
v -2.900210 -55.883278 2.783840
v 0.083597 -55.883278 3.394179
v 0.083597 -55.883270 4.717075
v -8.955188 -33.162354 -7.565385
v -7.743948 -33.162735 -3.924426
v -7.743948 -33.162750 -7.564798
v -9.429584 -33.162354 -3.924450
v -8.955188 -33.162354 -0.283515
v -7.743948 -33.162750 -0.284101
v -7.124846 -27.541090 -11.195484
v -8.522132 -29.025740 -7.972455
v -8.707625 -19.626677 -9.216698
v -7.256865 -32.617188 -11.313101
v -8.955188 -33.162354 -7.565385
v -4.357771 -31.280409 -13.193956
v -9.130237 -37.941849 -8.236271
v -4.383151 -37.941849 -13.642645
v -2.137088 -32.706284 -14.037043
v -7.388873 -37.941849 -11.430719
v -9.015166 -45.577606 -9.454203
v 0.083597 -37.941849 -14.745186
v 0.083597 -33.411911 -14.524187
v 2.304288 -32.706284 -14.037043
v -7.652712 -45.577606 -11.702885
v -8.825980 -50.353104 -10.194324
v -7.771540 -50.353058 -11.818357
v -4.452990 -50.352844 -14.215967
v -4.433371 -45.577606 -14.076260
v 0.083597 -50.352600 -15.226385
v 0.083597 -45.577606 -15.111448
v 4.600572 -45.577606 -14.076260
v 4.620195 -50.352844 -14.215967
v 4.550352 -37.941849 -13.642645
v 4.524972 -31.280409 -13.193956
v 7.819910 -45.577606 -11.702885
v 7.938737 -50.353058 -11.818357
v 8.993173 -50.353104 -10.194324
v 9.182359 -45.577606 -9.454203
v 7.556070 -37.941849 -11.430719
v 9.297441 -37.941849 -8.236271
v 7.424058 -32.617188 -11.313101
v 9.122384 -33.162354 -7.565385
v 7.292047 -27.541090 -11.195484
v 8.689332 -29.025740 -7.972455
v 8.874818 -19.626677 -9.216698
v 9.139314 -15.578642 -8.162552
v 9.779313 -19.626677 -6.885918
v 8.874818 -19.626677 -9.216698
v 9.409066 -15.524916 -6.972439
v 8.852227 -11.331800 -6.855088
v 10.098298 -19.626677 -3.915454
v 9.276116 -11.800505 -3.915446
v 9.796723 -15.382826 -3.915450
v 9.310113 -15.218031 -1.533292
v 9.501191 -19.626692 -0.813400
v 8.940362 -11.458677 -2.086933
v 8.528802 -14.723448 0.011349
v 8.457597 -19.626692 1.568658
v 8.191941 -10.798460 -0.639132
v 7.911134 -29.025740 -7.971357
v 7.911134 -19.626371 -9.215082
v 7.911150 -19.626310 -6.884817
v 7.911150 -29.031981 -3.924519
v 7.911150 -19.626280 -3.915536
v 7.911150 -33.162750 -7.564798
v 7.911150 -33.162735 -3.924426
v 7.911150 -33.162750 -0.284101
v 7.911150 -19.626402 -0.814638
v 7.911134 -29.025862 0.206281
v 7.911134 -19.626509 1.449436
v 9.180604 -45.577621 1.608190
v 8.993173 -50.353119 2.345412
v 10.047608 -50.353149 0.721381
v 9.790803 -45.577621 0.601080
v 9.297441 -37.941864 0.387365
v 10.788293 -50.353134 -3.924454
v 10.538209 -45.577621 -3.924459
v 9.957444 -37.941849 -3.924454
v 9.122384 -33.162354 -0.283515
v 9.596780 -33.162354 -3.924450
v 9.122384 -33.162354 -7.565385
v 9.297441 -37.941849 -8.236271
v 9.790803 -45.577606 -8.449997
v 10.047608 -50.353134 -8.570293
v 9.182359 -45.577606 -9.454203
v 8.993173 -50.353104 -10.194324
v -9.612113 -19.626677 -6.885918
v -8.972117 -15.578642 -8.162552
v -8.707625 -19.626677 -9.216698
v -9.241874 -15.524916 -6.972439
v -8.685023 -11.331800 -6.855088
v -9.931094 -19.626677 -3.915454
v -9.108920 -11.800505 -3.915446
v -9.629527 -15.382826 -3.915450
v -9.142913 -15.218031 -1.533292
v -9.333995 -19.626692 -0.813400
v -8.773170 -11.458677 -2.086933
v -8.361602 -14.723448 0.011349
v -8.290401 -19.626692 1.568658
v -8.024741 -10.798460 -0.639132
v -7.743937 -29.025740 -7.971357
v -7.743956 -19.626310 -6.884817
v -7.743937 -19.626371 -9.215082
v -7.743948 -29.031981 -3.924519
v -7.743956 -19.626280 -3.915536
v -7.743948 -33.162750 -7.564798
v -7.743948 -33.162735 -3.924426
v -7.743948 -33.162750 -0.284101
v -7.743948 -19.626402 -0.814638
v -7.743937 -29.025862 0.206281
v -7.743937 -19.626509 1.449436
v -8.825980 -50.353119 2.345412
v -9.013400 -45.577621 1.608190
v -9.880416 -50.353149 0.721381
v -9.623599 -45.577621 0.601080
v -10.621093 -50.353134 -3.924454
v -9.130237 -37.941864 0.387365
v -10.371017 -45.577621 -3.924459
v -9.623599 -45.577606 -8.449997
v -9.880416 -50.353134 -8.570293
v -9.790252 -37.941849 -3.924454
v -8.955188 -33.162354 -0.283515
v -9.429584 -33.162354 -3.924450
v -8.955188 -33.162354 -7.565385
v -9.130237 -37.941849 -8.236271
v -9.015166 -45.577606 -9.454203
v -8.825980 -50.353104 -10.194324
v 0.083597 -58.366646 0.494689
v 0.083597 -58.366646 -3.914015
v 2.157792 -58.366646 -0.095963
v 3.680036 -58.366646 -1.709653
v 4.237215 -58.366646 -3.914018
v 3.680036 -58.366646 -6.118335
v 2.157792 -58.366646 -7.732023
v 0.083597 -58.366646 -8.322676
v 0.083597 -58.366646 0.494689
v -1.990595 -58.366646 -0.095963
v 0.083597 -58.366646 -3.914015
v -3.512835 -58.366646 -1.709653
v -4.070017 -58.366646 -3.914018
v -3.512835 -58.366646 -6.118335
v -1.990595 -58.366646 -7.732023
v 0.083597 -58.366646 -8.322676
v 0.784608 -53.728844 -13.638802
v 0.083597 -53.910294 -13.590189
v 0.083597 -52.556053 -13.953054
v 1.297788 -53.233162 -13.771622
v 1.485616 -52.556053 -13.953054
v 1.297788 -51.878922 -14.134491
v 0.784608 -51.383240 -14.267309
v 0.083597 -51.201775 -14.315924
v 0.805055 -53.763084 5.780731
v 0.083597 -52.556076 6.104152
v 0.083597 -53.949806 5.730697
v 1.333196 -53.252930 5.917425
v 1.526513 -52.556076 6.104152
v 1.333196 -51.859192 6.290879
v 0.805055 -51.349045 6.427572
v 0.083597 -51.162300 6.477607
v -0.617411 -53.728844 -13.638802
v 0.083597 -52.556053 -13.953054
v 0.083597 -53.910294 -13.590189
v -1.130587 -53.233162 -13.771622
v -1.318419 -52.556053 -13.953054
v -1.130587 -51.878922 -14.134491
v -0.617411 -51.383240 -14.267309
v 0.083597 -51.201775 -14.315924
v -0.637858 -53.763084 5.780731
v 0.083597 -53.949806 5.730697
v 0.083597 -52.556076 6.104152
v -1.165999 -53.252930 5.917425
v -1.359313 -52.556076 6.104152
v -1.165999 -51.859192 6.290879
v -0.637858 -51.349045 6.427572
v 0.083597 -51.162300 6.477607
v 0.083597 -59.229103 1.666691
v 2.709119 -59.229103 1.088295
v 0.083597 -59.015244 2.057359
v 2.892884 -59.015244 1.483046
v 0.083597 -57.859795 2.733133
v 4.954675 -59.015236 -0.928313
v 4.636011 -59.229095 -1.123648
v 3.213933 -57.859795 2.093823
v 0.083597 -56.655586 3.231219
v 5.509065 -57.859779 -0.590432
v 5.709348 -59.015236 -3.914021
v 5.341310 -59.229095 -3.914021
v 4.636011 -59.229095 -6.704327
v 6.349138 -57.859779 -3.914014
v 4.954675 -59.015236 -6.899656
v 2.709119 -59.229095 -8.916264
v 0.083597 -59.015236 -9.885332
v 0.083597 -59.229095 -9.494665
v 2.892884 -59.015236 -9.311010
v 0.083597 -57.859779 -10.561131
v 5.509065 -57.859779 -7.237564
v 3.213933 -57.859779 -9.921814
v 0.083597 -56.655571 -11.059261
v 6.821321 -56.655571 -3.914014
v 5.918306 -56.655571 -7.486641
v 3.451181 -56.655571 -10.372042
v 0.083597 -54.397217 -11.201290
v 3.519124 -54.397240 -10.500412
v 6.035287 -54.397240 -7.557659
v 6.956254 -54.397240 -3.914012
v 5.918306 -56.655571 -0.341402
v 6.035287 -54.397240 -0.270401
v 3.451181 -56.655586 2.544001
v 3.519124 -54.397240 2.672352
v 0.083597 -54.397247 3.373231
v 0.083597 -59.015244 2.057359
v -2.541919 -59.229103 1.088295
v 0.083597 -59.229103 1.666691
v -2.725688 -59.015244 1.483046
v 0.083597 -57.859795 2.733133
v -4.787474 -59.015236 -0.928313
v -4.468817 -59.229095 -1.123648
v -3.046736 -57.859795 2.093823
v 0.083597 -56.655586 3.231219
v -5.341872 -57.859779 -0.590432
v -5.542147 -59.015236 -3.914021
v -5.174109 -59.229095 -3.914021
v -4.468817 -59.229095 -6.704327
v -6.181941 -57.859779 -3.914014
v -4.787474 -59.015236 -6.899656
v -2.541919 -59.229095 -8.916264
v 0.083597 -59.015236 -9.885332
v 0.083597 -59.229095 -9.494665
v -2.725688 -59.015236 -9.311010
v 0.083597 -57.859779 -10.561131
v -5.341872 -57.859779 -7.237564
v -3.046736 -57.859779 -9.921814
v 0.083597 -56.655571 -11.059261
v -6.654120 -56.655571 -3.914014
v -5.751116 -56.655571 -7.486641
v -3.283980 -56.655571 -10.372042
v 0.083597 -54.397217 -11.201290
v -3.351924 -54.397240 -10.500412
v -5.868094 -54.397240 -7.557659
v -6.789057 -54.397240 -3.914012
v -5.751116 -56.655571 -0.341402
v -5.868094 -54.397240 -0.270401
v -3.283980 -56.655586 2.544001
v -3.351924 -54.397240 2.672352
v 0.083597 -54.397247 3.373231
v -8.522132 -29.025740 0.207460
v -6.869986 -20.572355 2.887271
v -8.290401 -19.626692 1.568658
v -7.124846 -28.442610 3.346591
v -5.430983 -21.246824 4.123302
v -7.256865 -33.162354 3.464201
v -8.955188 -33.162354 -0.283515
v -9.130237 -37.941864 0.387365
v -4.339575 -27.740156 5.218252
v -3.991980 -21.921370 5.145237
v -2.921248 -27.740065 5.596734
v -4.361365 -33.162354 5.505994
v 0.083597 -33.162354 6.647429
v 0.083597 -27.739927 6.398579
v 3.088441 -27.740065 5.596734
v -4.383151 -37.941864 5.793737
v 0.083597 -37.941864 6.896278
v 4.528570 -33.162354 5.505994
v -7.388873 -37.941864 3.581811
v -9.013400 -45.577621 1.608190
v 0.083597 -45.577621 7.262531
v -7.652712 -45.577621 3.853966
v -8.825980 -50.353119 2.345412
v -7.771540 -50.353073 3.969444
v -4.452990 -50.352875 6.367055
v -4.433371 -45.577621 6.227341
v 0.083597 -50.352615 7.377474
v 4.600572 -45.577621 6.227341
v 4.620195 -50.352875 6.367055
v 4.550352 -37.941864 5.793737
v 7.819910 -45.577621 3.853966
v 7.938737 -50.353073 3.969444
v 8.993173 -50.353119 2.345412
v 9.180604 -45.577621 1.608190
v 7.556070 -37.941864 3.581811
v 9.297441 -37.941864 0.387365
v 7.424058 -33.162354 3.464201
v 9.122384 -33.162354 -0.283515
v 8.689332 -29.025740 0.207460
v 8.457597 -19.626692 1.568658
v 7.037183 -20.572355 2.887271
v 7.292047 -28.442610 3.346591
v 5.598184 -21.246824 4.123302
v 4.506776 -27.740156 5.218252
v 4.159181 -21.921370 5.145237
v -8.064281 -9.981871 -8.620098
v -8.972117 -15.578642 -8.162552
v -8.685023 -11.331800 -6.855088
v -8.397079 -15.693129 -10.699484
v -8.707625 -19.626677 -9.216698
v -7.817915 -9.981855 -11.629307
v -6.312575 -3.161924 -9.917740
v -5.735102 -3.161879 -11.872568
v -7.101065 -21.240278 -13.621820
v -6.363638 -9.981855 -14.442711
v -4.515280 -3.161879 -14.289936
v -6.917887 -15.926970 -14.080694
v -3.260207 -9.981871 -17.107246
v -2.468936 -3.161879 -16.376017
v -3.983332 -16.160795 -17.123556
v 0.083597 -9.981871 -17.708107
v 0.083597 -3.161879 -17.004637
v 2.636132 -3.161879 -16.376017
v 0.083597 -16.303343 -18.056086
v 3.427408 -9.981871 -17.107246
v 4.682481 -3.161879 -14.289936
v -4.166975 -21.672743 -16.822859
v 6.530839 -9.981855 -14.442711
v 5.902299 -3.161879 -11.872568
v -7.062434 -24.465696 -12.965071
v -7.124846 -27.541090 -11.195484
v -4.307742 -26.228666 -15.747208
v 0.083597 -21.926619 -17.800833
v -4.283080 -29.275480 -14.912560
v -4.357771 -31.280409 -13.193956
v 0.083597 -26.705153 -16.887791
v 0.083597 -29.846022 -15.929796
v -2.137088 -32.706284 -14.037043
v 0.083597 -33.411911 -14.524187
v 2.304288 -32.706284 -14.037043
v 4.524972 -31.280409 -13.193956
v 4.450277 -29.275480 -14.912560
v 7.292047 -27.541090 -11.195484
v 4.474943 -26.228666 -15.747208
v 7.229635 -24.465696 -12.965071
v 8.874818 -19.626677 -9.216698
v 4.334177 -21.672743 -16.822859
v 7.268259 -21.240278 -13.621820
v 4.150522 -16.160795 -17.123556
v 7.085077 -15.926970 -14.080694
v 8.564279 -15.693129 -10.699484
v 9.139314 -15.578642 -8.162552
v 7.985116 -9.981855 -11.629307
v 6.479776 -3.161924 -9.917740
v 8.231484 -9.981871 -8.620098
v 8.852227 -11.331800 -6.855088
v -2.502429 -62.113327 -5.170499
v 0.122434 -57.877899 -7.268373
v 0.122445 -62.113327 -6.414423
v 0.122445 -63.724609 -3.439846
v -3.255999 -57.877899 -5.667339
v -2.502429 -62.113327 -1.709192
v 0.122445 -62.113342 -0.465268
v -3.255980 -57.877899 -1.212345
v 0.122434 -57.877899 0.388696
v 2.747308 -62.113327 -5.170499
v 0.122445 -62.113327 -6.414423
v 0.122434 -57.877899 -7.268373
v 0.122445 -63.724609 -3.439846
v 3.500879 -57.877899 -5.667339
v 2.747308 -62.113327 -1.709192
v 0.122445 -62.113342 -0.465268
v 3.500859 -57.877899 -1.212345
v 0.122434 -57.877899 0.388696
v -7.744673 -51.352066 2.886096
v -8.244941 -51.257034 3.191081
v -8.020774 -51.860931 2.417166
v -7.271101 -51.165794 3.430250
v -8.583098 -51.865417 2.638718
v -7.769461 -51.046402 3.934882
v -8.025420 -52.556061 2.149111
v -7.057635 -51.261139 4.435011
v -8.692054 -52.727798 2.388902
v -6.726939 -51.352066 3.903825
v -8.300281 -53.538513 2.346707
v -6.258017 -51.860931 4.179926
v -7.757365 -53.251175 2.153757
v -6.515551 -51.875816 4.792192
v -7.754176 -54.157570 2.690637
v -5.989962 -52.556061 4.184572
v -7.288439 -53.760033 2.429858
v -6.258261 -52.741158 4.893282
v -7.169402 -54.427902 3.328546
v -6.211245 -53.559204 4.478155
v -6.744284 -53.946304 2.903432
v -5.994608 -53.251183 3.916517
v -6.270712 -53.760033 3.447588
v -6.537562 -54.161858 3.920759
v 8.859246 -52.727791 -10.237808
v 8.175439 -52.556053 -10.015198
v 8.750299 -51.865410 -10.487621
v 8.467477 -53.538506 -10.195612
v 8.170869 -51.872650 -10.278727
v 7.911912 -53.239433 -10.019766
v 8.412133 -51.257019 -11.039982
v 7.921373 -54.157570 -10.539543
v 7.899423 -51.372375 -10.739737
v 7.450895 -53.739708 -10.291206
v 7.433851 -51.189270 -11.274706
v 7.336591 -54.427872 -11.177452
v 7.936662 -51.046394 -11.783785
v 6.915929 -53.922806 -10.756784
v 6.898878 -51.372375 -11.740284
v 6.450349 -53.739700 -11.291754
v 7.224836 -51.261131 -12.283913
v 6.704755 -54.161827 -11.769665
v 6.437875 -51.872650 -12.011726
v 6.178911 -53.239433 -11.752766
v 6.682752 -51.875793 -12.641096
v 6.378446 -53.559181 -12.327061
v 6.174341 -52.556053 -12.016294
v 6.425462 -52.741135 -12.742188
v 6.425462 -52.741158 4.893282
v 6.157159 -52.556061 4.184572
v 6.682752 -51.875816 4.792192
v 6.378446 -53.559204 4.478155
v 6.425214 -51.860931 4.179926
v 6.161806 -53.251183 3.916517
v 7.224836 -51.261139 4.435011
v 6.704755 -54.161858 3.920759
v 6.894140 -51.352066 3.903825
v 6.437906 -53.760033 3.447588
v 7.438303 -51.165794 3.430250
v 7.336591 -54.427902 3.328546
v 7.936662 -51.046402 3.934882
v 6.911481 -53.946304 2.903432
v 8.412133 -51.257034 3.191081
v 7.455637 -53.760033 2.429858
v 7.911867 -51.352066 2.886096
v 7.921373 -54.157570 2.690637
v 8.187974 -51.860931 2.417166
v 7.924562 -53.251175 2.153757
v 8.750299 -51.865417 2.638718
v 8.467477 -53.538513 2.346707
v 8.192620 -52.556061 2.149111
v 8.859246 -52.727798 2.388902
v -1.418204 -53.555603 -14.333307
v -0.617411 -53.728844 -13.638802
v -0.785044 -54.175735 -14.184740
v 0.083597 -54.458046 -14.244932
v -1.130587 -53.233162 -13.771622
v 0.083597 -53.910294 -13.590189
v -1.669222 -52.744102 -14.654900
v 0.784608 -53.728844 -13.638802
v -1.318419 -52.556053 -13.953054
v 0.952245 -54.175735 -14.184740
v -1.130587 -51.878922 -14.134491
v 1.585405 -53.555603 -14.333307
v -1.421809 -51.888145 -14.793652
v 1.297788 -53.233162 -13.771622
v -0.786051 -51.270302 -14.974453
v 1.836419 -52.744102 -14.654900
v -0.617411 -51.383240 -14.267309
v 1.485616 -52.556053 -13.953054
v 0.083597 -51.201775 -14.315924
v 1.297788 -51.878922 -14.134491
v 0.083597 -51.056732 -15.181692
v 1.589006 -51.888145 -14.793652
v 0.953252 -51.270302 -14.974453
v 0.784608 -51.383240 -14.267309
v -7.169402 -54.427872 -11.177452
v -7.283701 -53.739708 -10.291206
v -6.748728 -53.922806 -10.756784
v -6.283152 -53.739700 -11.291754
v -7.754176 -54.157570 -10.539543
v -6.537562 -54.161827 -11.769665
v -7.744711 -53.239433 -10.019766
v -6.011710 -53.239433 -11.752766
v -8.300281 -53.538506 -10.195612
v -6.211245 -53.559181 -12.327061
v -8.008239 -52.556053 -10.015198
v -6.007140 -52.556053 -12.016294
v -8.692054 -52.727791 -10.237808
v -6.258261 -52.741135 -12.742188
v -8.583098 -51.865410 -10.487621
v -6.515551 -51.875793 -12.641096
v -8.003673 -51.872650 -10.278727
v -6.270670 -51.872650 -12.011726
v -8.244941 -51.257019 -11.039982
v -7.057635 -51.261131 -12.283913
v -7.732230 -51.372375 -10.739737
v -6.731680 -51.372375 -11.740284
v -7.266654 -51.189270 -11.274706
v -7.769461 -51.046394 -11.783785
v -0.637858 -53.763084 5.780731
v -1.418204 -53.555618 6.484401
v -0.785044 -54.175751 6.335835
v 0.083597 -54.458076 6.396027
v -1.165999 -53.252930 5.917425
v 0.083597 -53.949806 5.730697
v -1.669222 -52.744125 6.805996
v 0.805055 -53.763084 5.780731
v -1.359313 -52.556076 6.104152
v 0.952245 -54.175751 6.335835
v -1.165999 -51.859192 6.290879
v 1.585405 -53.555618 6.484401
v -1.421809 -51.888176 6.944747
v 1.333196 -53.252930 5.917425
v -0.786051 -51.270332 7.125552
v 1.836419 -52.744125 6.805996
v -0.637858 -51.349045 6.427572
v 1.526513 -52.556076 6.104152
v 0.083597 -51.162300 6.477607
v 1.333196 -51.859192 6.290879
v 0.083597 -51.056755 7.332790
v 1.589006 -51.888176 6.944747
v 0.953252 -51.270332 7.125552
v 0.805055 -51.349045 6.427572
v -8.024741 -10.798460 -0.639132
v -7.490454 -14.435835 1.521599
v -7.031504 -10.554792 0.783035
v -8.361602 -14.723448 0.011349
v -6.150908 -14.167707 2.920420
v -5.275393 -11.182707 2.590549
v -7.247862 -17.597425 2.345747
v -8.290401 -19.626692 1.568658
v -6.869986 -20.572355 2.887271
v -5.971537 -17.632399 3.633220
v -5.430983 -21.246824 4.123302
v -5.018790 -13.983671 3.929962
v -4.044589 -11.810621 3.664757
v -3.570323 -13.918745 4.557305
v -4.680720 -17.663649 4.722092
v -3.033606 -17.631208 5.450225
v -3.991980 -21.921370 5.145237
v -2.143233 -20.191496 6.071761
v -2.013732 -21.994474 6.047404
v -2.821940 -27.733427 5.290238
v 0.083597 -20.213530 6.376961
v 0.083597 -27.717741 5.793625
v 0.083597 -22.071974 6.386806
v 2.180925 -21.994474 6.047404
v 2.989133 -27.733427 5.290238
v 2.310430 -20.191496 6.071761
v 4.159181 -21.921370 5.145237
v 4.847913 -17.663649 4.722092
v 3.200799 -17.631208 5.450225
v 5.598184 -21.246824 4.123302
v 3.737523 -13.918745 4.557305
v 6.138731 -17.632399 3.633220
v 7.037183 -20.572355 2.887271
v 5.185991 -13.983671 3.929962
v 4.211790 -11.810621 3.664757
v 5.442594 -11.182707 2.590549
v 6.318109 -14.167707 2.920420
v 7.198698 -10.554792 0.783035
v 7.415063 -17.597425 2.345747
v 8.457597 -19.626692 1.568658
v 8.528802 -14.723448 0.011349
v 7.657651 -14.435835 1.521599
v 8.191941 -10.798460 -0.639132
v 7.911912 -53.239433 -10.019766
v 7.450895 -53.739708 -10.291206
v 7.174890 -52.556053 -11.015745
v 8.175439 -52.556053 -10.015198
v 6.915929 -53.922806 -10.756784
v 8.170869 -51.872650 -10.278727
v 6.450349 -53.739700 -11.291754
v 7.899423 -51.372375 -10.739737
v 6.178911 -53.239433 -11.752766
v 7.433851 -51.189270 -11.274706
v 6.174341 -52.556053 -12.016294
v 6.898878 -51.372375 -11.740284
v 6.437875 -51.872650 -12.011726
v 9.592462 -53.840485 -3.924453
v 9.640145 -53.662529 -4.612046
v 9.948388 -52.512169 -3.924453
v 9.640145 -53.662529 -3.236860
v 9.770417 -53.176315 -5.115398
v 9.770417 -53.176315 -2.733508
v 9.948388 -52.512169 -5.299637
v 9.948388 -52.512169 -2.549268
v 10.126344 -51.848000 -5.115397
v 10.126344 -51.848000 -2.733507
v 10.256623 -51.361786 -4.612044
v 10.256623 -51.361786 -3.236859
v 10.304307 -51.183830 -3.924451
v 7.924562 -53.251175 2.153757
v 7.174890 -52.556061 3.166842
v 7.455637 -53.760033 2.429858
v 8.192620 -52.556061 2.149111
v 6.911481 -53.946304 2.903432
v 8.187974 -51.860931 2.417166
v 6.437906 -53.760033 3.447588
v 7.911867 -51.352066 2.886096
v 6.161806 -53.251183 3.916517
v 7.438303 -51.165794 3.430250
v 6.157159 -52.556061 4.184572
v 6.894140 -51.352066 3.903825
v 6.425214 -51.860931 4.179926
v -7.744711 -53.239433 -10.019766
v -7.007693 -52.556053 -11.015745
v -7.283701 -53.739708 -10.291206
v -8.008239 -52.556053 -10.015198
v -6.748728 -53.922806 -10.756784
v -8.003673 -51.872650 -10.278727
v -6.283152 -53.739700 -11.291754
v -7.732230 -51.372375 -10.739737
v -6.011710 -53.239433 -11.752766
v -7.266654 -51.189270 -11.274706
v -6.007140 -52.556053 -12.016294
v -6.731680 -51.372375 -11.740284
v -6.270670 -51.872650 -12.011726
v -9.425261 -53.840485 -3.924453
v -9.781180 -52.512169 -3.924453
v -9.472941 -53.662529 -4.612046
v -9.472941 -53.662529 -3.236860
v -9.603225 -53.176315 -5.115398
v -9.603225 -53.176315 -2.733508
v -9.781180 -52.512169 -5.299637
v -9.781180 -52.512169 -2.549268
v -9.959144 -51.848000 -5.115397
v -9.959144 -51.848000 -2.733507
v -10.089423 -51.361786 -4.612044
v -10.089423 -51.361786 -3.236859
v -10.137111 -51.183830 -3.924451
v -7.757365 -53.251175 2.153757
v -7.288439 -53.760033 2.429858
v -7.007693 -52.556061 3.166842
v -8.025420 -52.556061 2.149111
v -6.744284 -53.946304 2.903432
v -8.020774 -51.860931 2.417166
v -6.270712 -53.760033 3.447588
v -7.744673 -51.352066 2.886096
v -5.994608 -53.251183 3.916517
v -7.271101 -51.165794 3.430250
v -5.989962 -52.556061 4.184572
v -6.726939 -51.352066 3.903825
v -6.258017 -51.860931 4.179926
v 0.795446 -6.116484 -16.807751
v 0.083597 -5.855558 -17.337420
v 0.083597 -5.623320 -16.764593
v -0.628253 -6.116484 -16.807751
v 0.741258 -6.311186 -17.377283
v 1.316545 -7.463896 -16.925627
v -0.574057 -6.311186 -17.377283
v -1.149352 -7.463896 -16.925627
v 0.083597 -6.612852 -17.872065
v 1.222700 -7.556013 -17.486193
v 1.507299 -9.304472 -17.086658
v 0.586950 -6.961607 -17.902575
v -1.055503 -7.556013 -17.486193
v -1.340098 -9.304472 -17.086658
v -0.419753 -6.961607 -17.902575
v 0.083597 -7.779936 -18.287136
v 0.955430 -7.914335 -17.985929
v 0.356016 -7.968657 -18.303648
v -0.188815 -7.968657 -18.303648
v 1.398916 -9.256498 -17.634968
v -0.788226 -7.914335 -17.985929
v 1.222700 -10.956953 -17.783741
v 1.316545 -11.145033 -17.247688
v -1.231719 -9.256498 -17.634968
v 0.741258 -12.201796 -17.892649
v 0.795446 -12.492445 -17.365568
v 0.083597 -12.985609 -17.408720
v -1.055503 -10.956953 -17.783741
v -1.149352 -11.145033 -17.247688
v 0.083597 -12.657438 -17.932507
v -0.574057 -12.201796 -17.892649
v -0.628253 -12.492445 -17.365568
v 0.083597 -11.818769 -18.327530
v 0.586950 -11.470060 -18.297018
v -0.419753 -11.470060 -18.297018
v 0.083597 -10.597349 -18.533634
v 0.955430 -10.517317 -18.213665
v 0.356016 -10.408628 -18.517124
v 1.090303 -9.215834 -18.099798
v 0.555429 -9.893019 -18.472013
v 0.555429 -8.484297 -18.348759
v 0.628427 -9.188673 -18.410385
v 0.083597 -9.179090 -18.519451
v -0.188815 -10.408628 -18.517124
v -0.388232 -8.484297 -18.348759
v -0.788226 -10.517317 -18.213665
v -0.923106 -9.215834 -18.099798
v -0.388232 -9.893019 -18.472013
v -0.461226 -9.188673 -18.410385
v -4.463439 -6.201948 -14.455389
v -5.323821 -5.895842 -14.309061
v -4.905997 -5.714415 -13.891245
v -5.470141 -6.201948 -13.448681
v -4.914942 -6.346281 -14.830254
v -4.261034 -7.533934 -14.989933
v -5.845011 -6.346281 -13.900183
v -6.004694 -7.533934 -13.246277
v -5.747099 -6.603666 -14.732347
v -4.727950 -7.576857 -15.324120
v -6.338870 -7.576857 -13.713192
v -5.434161 -6.948408 -15.131248
v -4.812930 -9.257917 -15.658323
v -4.353026 -9.353483 -15.351675
v -5.291033 -7.890272 -15.509241
v -6.111407 -7.730131 -15.096655
v -6.146006 -6.948408 -14.419401
v -5.942046 -7.916700 -15.312538
v -6.327300 -7.916700 -14.927288
v -5.864592 -8.426451 -15.517103
v -6.523989 -7.890272 -14.276283
v -5.356093 -9.176893 -15.765024
v -5.899790 -9.122755 -15.655537
v -6.361277 -9.103712 -15.346527
v -6.038233 -9.819044 -15.690746
v -5.611872 -10.463499 -15.830076
v -6.242789 -10.328794 -15.613291
v -5.147135 -10.938932 -15.743311
v -4.714766 -11.173033 -15.443661
v -5.989867 -11.405348 -15.686956
v -5.641005 -12.169554 -15.556320
v -5.249316 -12.505033 -15.241266
v -5.813452 -12.992552 -14.798702
v -6.458678 -10.515348 -15.443922
v -6.388762 -11.750090 -15.374012
v -6.162192 -12.619978 -15.147442
v -6.571078 -12.169554 -14.626249
v -6.256014 -12.505033 -14.234558
v -6.458418 -11.173033 -13.700006
v -6.701701 -11.405348 -14.975109
v -6.758063 -10.938932 -14.132381
v -6.366435 -9.353483 -13.338264
v -6.628043 -10.328794 -15.228039
v -6.844828 -10.463499 -14.597126
v -6.673071 -9.257917 -13.798180
v -6.705504 -9.819044 -15.023476
v -6.779784 -9.176893 -14.341333
v -6.670290 -9.122755 -14.885040
v -6.531859 -8.426451 -14.849833
v 5.637338 -6.201948 -13.448681
v 5.491018 -5.895842 -14.309061
v 5.073194 -5.714415 -13.891245
v 4.630640 -6.201948 -14.455389
v 6.012212 -6.346281 -13.900183
v 6.171888 -7.533934 -13.246277
v 5.082143 -6.346281 -14.830254
v 4.428228 -7.533934 -14.989933
v 5.914300 -6.603666 -14.732347
v 6.506067 -7.576857 -13.713192
v 4.895147 -7.576857 -15.324120
v 6.313203 -6.948408 -14.419401
v 6.840272 -9.257917 -13.798180
v 6.533628 -9.353483 -13.338264
v 5.601362 -6.948408 -15.131248
v 6.278604 -7.730131 -15.096655
v 5.458234 -7.890272 -15.509241
v 6.691190 -7.890272 -14.276283
v 6.494501 -7.916700 -14.927288
v 6.109247 -7.916700 -15.312538
v 6.699060 -8.426451 -14.849833
v 6.528474 -9.103712 -15.346527
v 6.031785 -8.426451 -15.517103
v 6.946981 -9.176893 -14.341333
v 6.837484 -9.122755 -14.885040
v 6.872705 -9.819044 -15.023476
v 7.012018 -10.463499 -14.597126
v 6.925264 -10.938932 -14.132381
v 6.625619 -11.173033 -13.700006
v 6.795232 -10.328794 -15.228039
v 6.868902 -11.405348 -14.975109
v 6.738275 -12.169554 -14.626249
v 6.423215 -12.505033 -14.234558
v 5.980649 -12.992552 -14.798702
v 6.625875 -10.515348 -15.443922
v 6.555963 -11.750090 -15.374012
v 6.329385 -12.619978 -15.147442
v 5.808198 -12.169554 -15.556320
v 5.416509 -12.505033 -15.241266
v 4.881959 -11.173033 -15.443661
v 6.157060 -11.405348 -15.686956
v 5.314325 -10.938932 -15.743311
v 4.520219 -9.353483 -15.351675
v 6.409986 -10.328794 -15.613291
v 5.779073 -10.463499 -15.830076
v 4.980131 -9.257917 -15.658323
v 6.205434 -9.819044 -15.690746
v 5.523290 -9.176893 -15.765024
v 6.066991 -9.122755 -15.655537
vn -0.0000 0.1336 0.9910
vn -0.0001 0.1336 0.9910
vn -0.0000 0.1337 0.9910
vn -0.0000 0.0948 0.9955
vn -0.0000 0.1414 -0.9899
vn -0.2127 0.1261 -0.9690
vn -0.0000 0.1182 -0.9930
vn -0.0002 0.1181 -0.9930
vn -0.0001 0.1182 -0.9930
vn -0.0002 0.1182 -0.9930
vn 0.9309 0.1972 0.3076
vn 0.9309 0.1971 0.3076
vn 0.0001 0.1336 0.9910
vn 0.2127 0.1261 -0.9690
vn -0.0001 0.1183 -0.9930
vn 0.0001 0.1182 -0.9930
vn -0.9309 0.1972 0.3076
vn -0.9309 0.1971 0.3075
vn 0.7524 0.6583 0.0236
vn 0.7524 0.6583 0.0235
vn -0.6911 0.0157 -0.7226
vn -0.5519 0.5362 -0.6387
vn -0.3471 0.7340 -0.5838
vn -0.7217 0.6590 0.2118
vn -0.7171 0.6855 0.1261
vn -0.6480 0.7033 -0.2924
vn -0.0472 0.1336 0.9899
vn -0.0315 0.1656 0.9857
vn -0.0629 0.1257 0.9901
vn -0.7524 0.6583 0.0236
vn 0.6911 0.0157 -0.7226
vn 0.3471 0.7339 -0.5838
vn 0.5519 0.5362 -0.6386
vn 0.7170 0.6855 0.1261
vn 0.7217 0.6590 0.2118
vn 0.6480 0.7033 -0.2924
vn 0.0472 0.1336 0.9899
vn 0.0629 0.1255 0.9901
vn 0.0315 0.1656 0.9857
vn -0.7869 0.0630 -0.6138
vn -0.6951 0.0159 -0.7188
vn -0.8606 0.1105 -0.4972
vn -0.0000 0.9992 -0.0392
vn -0.0000 0.9992 -0.0393
vn -0.1649 0.7539 0.6360
vn -0.0711 0.8299 0.5533
vn -0.0316 0.9312 0.3632
vn 0.0237 0.9484 0.3163
vn 0.0392 0.9407 0.3371
vn -0.0000 0.9414 0.3374
vn -0.0000 0.9379 0.3468
vn 0.0473 0.9452 0.3230
vn 0.7869 0.0630 -0.6138
vn 0.6951 0.0158 -0.7188
vn 0.8605 0.1105 -0.4973
vn 0.1648 0.7539 0.6359
vn 0.0316 0.9312 0.3632
vn 0.0711 0.8299 0.5533
vn -0.0237 0.9484 0.3163
vn -0.0392 0.9407 0.3371
vn -0.0473 0.9452 0.3230
vn -0.0002 0.2277 0.9737
vn -0.0002 0.2369 0.9715
vn -0.4666 0.1977 0.8621
vn -0.5888 0.1570 0.7929
vn -0.7937 0.0629 0.6051
vn -0.8381 -0.0000 0.5455
vn -0.9223 -0.0788 0.3784
vn -0.9380 -0.1024 0.3311
vn -0.9596 -0.1258 0.2517
vn -0.9673 -0.1258 0.2202
vn -0.0000 0.9097 -0.4152
vn -0.0000 0.9099 -0.4149
vn -0.0000 0.9405 -0.3398
vn -0.0000 0.9658 -0.2592
vn 0.0079 0.9999 -0.0079
vn -0.0000 0.9999 -0.0157
vn -0.0315 0.9313 0.3629
vn 0.0237 0.9485 0.3159
vn -0.2512 0.8949 -0.3690
vn -0.1178 0.8323 -0.5416
vn -0.0000 0.7885 -0.6150
vn -0.0000 0.7708 -0.6371
vn 0.9596 -0.1258 0.2517
vn 0.9673 -0.1258 0.2203
vn 0.9380 -0.1024 0.3311
vn 0.9223 -0.0788 0.3784
vn 0.8381 -0.0000 0.5455
vn 0.7937 0.0629 0.6051
vn 0.5888 0.1570 0.7929
vn 0.4666 0.1977 0.8621
vn 0.0002 0.2370 0.9715
vn 0.0002 0.2277 0.9737
vn -0.0236 0.1259 0.9918
vn -0.0002 0.1657 0.9862
vn -0.0000 0.1414 0.9899
vn -0.0000 0.1414 0.9900
vn -0.0473 0.1655 0.9851
vn -0.0944 0.1496 0.9842
vn 0.0079 0.2444 0.9697
vn -0.0000 0.2830 0.9591
vn 0.0079 0.2202 0.9754
vn 0.0158 0.1656 0.9861
vn 0.0471 0.1336 0.9899
vn -0.2996 0.1734 0.9382
vn -0.3925 0.2120 0.8950
vn -0.3454 0.2826 0.8949
vn -0.3950 0.4109 0.8217
vn -0.3388 0.4333 0.8351
vn -0.4263 0.4816 0.7658
vn -0.4108 0.5058 0.7585
vn -0.2435 -0.8247 -0.5105
vn -0.0002 -0.8056 -0.5924
vn -0.0002 -0.8247 -0.5656
vn -0.3535 -0.8170 -0.4556
vn -0.5031 -0.8019 -0.3223
vn -0.5613 -0.7905 -0.2451
vn -0.6151 -0.7885 -0.0000
vn -0.6152 -0.7884 -0.0000
vn -0.5613 -0.7905 0.2451
vn -0.5031 -0.8019 0.3223
vn -0.3535 -0.8170 0.4556
vn -0.2435 -0.8247 0.5105
vn -0.0002 -0.8247 0.5656
vn -0.0002 -0.8056 0.5924
vn 0.0002 -0.8056 -0.5924
vn 0.2435 -0.8247 -0.5105
vn 0.0002 -0.8247 -0.5656
vn 0.3535 -0.8170 -0.4556
vn 0.5031 -0.8019 -0.3223
vn 0.5613 -0.7905 -0.2451
vn 0.6153 -0.7883 -0.0000
vn 0.6156 -0.7881 -0.0000
vn 0.5613 -0.7905 0.2451
vn 0.5031 -0.8019 0.3223
vn 0.3535 -0.8170 0.4556
vn 0.2435 -0.8247 0.5105
vn 0.0002 -0.8247 0.5656
vn 0.0002 -0.8057 0.5924
vn -0.3551 -0.9154 0.1894
vn -0.3945 -0.8600 0.3235
vn -0.3301 -0.9198 0.2123
vn -0.4247 -0.7866 0.4482
vn -0.4559 -0.5188 0.7232
vn -0.4711 -0.4947 0.7303
vn -0.5028 -0.1178 0.8563
vn -0.4715 -0.1259 0.8728
vn -0.5813 0.2122 0.7855
vn -0.6225 0.3308 0.7093
vn -0.6823 0.5960 0.4235
vn -0.6941 0.5916 0.4101
vn -0.6842 0.7000 0.2045
vn -0.6685 0.7078 0.2281
vn -1.0000 -0.0079 -0.0002
vn -0.9874 -0.0080 -0.1580
vn -0.9462 -0.0158 -0.3233
vn -0.9035 -0.1885 -0.3850
vn -0.9527 -0.2598 -0.1575
vn -0.8341 -0.0315 -0.5508
vn -0.8377 -0.0315 -0.5452
vn -0.8124 -0.2287 -0.5364
vn -0.7670 -0.3949 -0.5058
vn -0.7221 -0.0392 -0.6907
vn -0.5829 -0.0472 -0.8112
vn -0.4083 -0.0549 -0.9112
vn -0.5826 -0.0551 -0.8109
vn -0.7889 -0.5365 -0.2998
vn -0.9136 -0.3781 -0.1496
vn -0.7629 -0.3854 -0.5191
vn -0.9136 -0.3783 -0.1493
vn -0.7885 -0.6150 -0.0002
vn -0.9224 -0.3863 -0.0002
vn -0.5679 -0.8046 -0.1735
vn -0.6063 -0.7953 -0.0002
vn -0.4161 -0.8165 -0.4004
vn -0.5980 -0.5508 -0.5823
vn -0.6525 -0.3852 -0.6526
vn -0.5278 -0.4017 -0.7484
vn -0.3313 -0.5521 -0.7651
vn -0.1896 -0.8218 -0.5373
vn -0.5292 -0.4107 -0.7425
vn -0.0000 -0.6456 -0.7637
vn -0.0000 -0.8185 -0.5745
vn 0.1896 -0.8218 -0.5373
vn -0.4237 -0.2197 -0.8788
vn -0.5655 -0.2514 -0.7855
vn -0.2123 -0.0708 -0.9746
vn -0.1967 -0.3147 -0.9286
vn -0.2198 -0.0628 -0.9735
vn -0.1970 -0.4099 -0.8906
vn -0.0000 -0.0630 -0.9980
vn -0.0000 -0.0633 -0.9980
vn 0.2198 -0.0628 -0.9735
vn -0.0000 -0.4186 -0.9082
vn 0.4084 -0.0550 -0.9111
vn 0.1969 -0.4099 -0.8906
vn 0.2127 -0.0711 -0.9745
vn 0.3313 -0.5521 -0.7651
vn 0.1970 -0.4099 -0.8906
vn 0.4161 -0.8165 -0.4004
vn 0.1967 -0.3147 -0.9286
vn 0.4237 -0.2197 -0.8788
vn 0.5292 -0.4107 -0.7425
vn 0.5655 -0.2514 -0.7855
vn 0.5826 -0.0551 -0.8109
vn 0.5278 -0.4018 -0.7483
vn 0.5829 -0.0472 -0.8112
vn 0.7221 -0.0393 -0.6907
vn 0.7221 -0.0392 -0.6907
vn 0.8377 -0.0315 -0.5452
vn 0.8377 -0.0316 -0.5453
vn 0.8341 -0.0315 -0.5508
vn 0.9462 -0.0158 -0.3233
vn 0.5980 -0.5508 -0.5823
vn 0.6525 -0.3852 -0.6526
vn 0.7629 -0.3854 -0.5191
vn 0.7889 -0.5365 -0.2998
vn 0.5679 -0.8046 -0.1735
vn 0.7670 -0.3948 -0.5058
vn 0.7885 -0.6150 -0.0002
vn 0.6063 -0.7953 -0.0002
vn 0.9136 -0.3781 -0.1496
vn 0.9224 -0.3863 -0.0002
vn 0.9527 -0.2598 -0.1575
vn 0.9035 -0.1885 -0.3850
vn 0.8124 -0.2287 -0.5364
vn 0.9874 -0.0081 -0.1580
vn 0.9874 -0.0079 -0.1580
vn 1.0000 -0.0079 -0.0002
vn -0.3945 -0.8600 -0.3235
vn -0.3551 -0.9154 -0.1894
vn -0.3302 -0.9198 -0.2123
vn -0.4250 -0.7865 -0.4482
vn -0.4559 -0.5188 -0.7232
vn -0.4711 -0.4947 -0.7303
vn -0.5028 -0.1178 -0.8563
vn -0.4716 -0.1259 -0.8728
vn -0.5813 0.2121 -0.7855
vn -0.6226 0.3308 -0.7092
vn -0.6823 0.5960 -0.4235
vn -0.6941 0.5916 -0.4101
vn -0.6842 0.7000 -0.2045
vn -0.6685 0.7079 -0.2281
vn -0.9874 -0.0079 0.1580
vn -1.0000 -0.0079 0.0002
vn -0.9462 -0.0158 0.3233
vn -0.9874 -0.0080 0.1580
vn -0.9035 -0.1885 0.3850
vn -0.9527 -0.2598 0.1575
vn -0.8341 -0.0315 0.5508
vn -0.8377 -0.0316 0.5452
vn -0.8124 -0.2287 0.5364
vn -0.8377 -0.0314 0.5452
vn -0.7670 -0.3949 0.5058
vn -0.7221 -0.0392 0.6907
vn -0.5828 -0.0472 0.8112
vn -0.4083 -0.0550 0.9112
vn -0.5827 -0.0551 0.8108
vn -0.7889 -0.5365 0.2998
vn -0.9136 -0.3781 0.1496
vn -0.7629 -0.3854 0.5191
vn -0.7885 -0.6150 0.0002
vn -0.9224 -0.3863 0.0002
vn -0.5679 -0.8046 0.1735
vn -0.6063 -0.7952 0.0002
vn -0.4161 -0.8165 0.4004
vn -0.5980 -0.5508 0.5822
vn -0.6525 -0.3852 0.6525
vn -0.5278 -0.4018 0.7483
vn -0.3313 -0.5521 0.7651
vn -0.1896 -0.8218 0.5373
vn -0.5292 -0.4107 0.7425
vn -0.0000 -0.6456 0.7637
vn -0.0000 -0.8185 0.5745
vn 0.1896 -0.8218 0.5373
vn -0.4237 -0.2197 0.8788
vn -0.5655 -0.2514 0.7855
vn -0.2124 -0.0709 0.9746
vn -0.1967 -0.3147 0.9286
vn -0.2197 -0.0628 0.9736
vn -0.1970 -0.4098 0.8906
vn -0.0000 -0.0633 0.9980
vn 0.2197 -0.0628 0.9735
vn -0.0000 -0.4185 0.9082
vn 0.4084 -0.0550 0.9111
vn 0.1970 -0.4099 0.8906
vn 0.2126 -0.0710 0.9746
vn 0.3313 -0.5521 0.7651
vn 0.1971 -0.4098 0.8906
vn 0.4161 -0.8164 0.4004
vn 0.1967 -0.3147 0.9286
vn 0.4237 -0.2197 0.8788
vn 0.5292 -0.4107 0.7425
vn 0.5655 -0.2514 0.7855
vn 0.5826 -0.0551 0.8109
vn 0.5278 -0.4018 0.7483
vn 0.5829 -0.0472 0.8112
vn 0.7220 -0.0392 0.6908
vn 0.7221 -0.0392 0.6907
vn 0.8377 -0.0314 0.5452
vn 0.8341 -0.0315 0.5508
vn 0.9462 -0.0158 0.3233
vn 0.5980 -0.5508 0.5823
vn 0.6525 -0.3852 0.6525
vn 0.7629 -0.3854 0.5191
vn 0.7889 -0.5365 0.2998
vn 0.5679 -0.8046 0.1735
vn 0.7670 -0.3949 0.5058
vn 0.7885 -0.6150 0.0002
vn 0.6063 -0.7953 0.0002
vn 0.9136 -0.3781 0.1495
vn 0.9224 -0.3863 0.0002
vn 0.9136 -0.3781 0.1496
vn 0.9527 -0.2598 0.1575
vn 0.9035 -0.1885 0.3850
vn 0.8123 -0.2288 0.5364
vn 0.9874 -0.0080 0.1580
vn 0.9874 -0.0079 0.1580
vn 1.0000 -0.0079 0.0002
vn -0.0236 0.9123 0.4089
vn -0.0315 0.8493 0.5269
vn -0.0236 0.8973 0.4408
vn -0.0079 0.9835 0.1809
vn -0.0000 1.0000 -0.0000
vn -0.0000 0.9862 -0.1657
vn 0.3945 -0.8600 0.3235
vn 0.3551 -0.9154 0.1894
vn 0.3301 -0.9198 0.2122
vn 0.4250 -0.7864 0.4482
vn 0.4559 -0.5188 0.7232
vn 0.4711 -0.4947 0.7303
vn 0.5028 -0.1178 0.8563
vn 0.4716 -0.1259 0.8728
vn 0.5813 0.2121 0.7855
vn 0.6226 0.3308 0.7092
vn 0.6823 0.5960 0.4235
vn 0.6941 0.5916 0.4102
vn 0.6843 0.7000 0.2045
vn 0.6685 0.7079 0.2280
vn 0.3551 -0.9154 -0.1894
vn 0.3945 -0.8600 -0.3235
vn 0.3301 -0.9198 -0.2123
vn 0.4247 -0.7866 -0.4482
vn 0.4559 -0.5188 -0.7232
vn 0.4711 -0.4947 -0.7303
vn 0.5028 -0.1178 -0.8563
vn 0.4717 -0.1258 -0.8727
vn 0.5813 0.2121 -0.7855
vn 0.6225 0.3308 -0.7093
vn 0.6823 0.5960 -0.4235
vn 0.6941 0.5916 -0.4102
vn 0.6843 0.7000 -0.2045
vn 0.6685 0.7078 -0.2283
vn 0.0236 0.9123 0.4089
vn 0.0236 0.8973 0.4408
vn 0.0315 0.8494 0.5269
vn 0.0079 0.9835 0.1810
vn 0.6677 0.0943 0.7384
vn 0.7178 0.1183 0.6862
vn 0.7488 -0.0315 0.6621
vn 0.6033 0.1489 0.7835
vn 0.3789 0.1342 0.9157
vn 0.4636 0.1021 0.8801
vn 0.1260 0.2127 0.9690
vn 0.0078 0.2902 0.9569
vn -0.0000 0.2996 0.9541
vn -0.0000 0.3068 0.9518
vn 0.4962 0.8664 -0.0551
vn 0.6048 0.7697 -0.2042
vn 0.5191 0.8415 -0.1494
vn 0.4499 0.8918 0.0473
vn 0.4959 0.8580 0.1338
vn 0.5254 0.8391 0.1412
vn 0.5573 0.8086 0.1884
vn -0.2519 0.9677 -0.0000
vn -0.4564 0.8896 0.0157
vn -0.5972 0.8015 0.0314
vn -0.6222 0.7797 0.0709
vn -0.6073 0.7888 0.0946
vn -0.6679 0.7307 0.1414
vn 0.5904 0.7557 -0.2834
vn 0.5927 0.7745 -0.2213
vn 0.6436 0.6907 -0.3296
vn 0.4864 0.8709 -0.0706
vn 0.4170 0.9048 0.0865
vn 0.3161 0.9326 0.1739
vn 0.3296 0.9182 0.2198
vn -0.6231 0.7257 -0.2918
vn -0.6445 0.7466 -0.1650
vn -0.6169 0.7274 -0.3006
vn -0.6582 0.7522 -0.0314
vn -0.6603 0.7390 0.1336
vn -0.6514 0.7455 0.1414
vn -0.6602 0.7309 0.1729
vn -0.6782 0.7177 0.1577
vn -0.1023 -0.8337 0.5427
vn -0.1728 -0.8326 0.5263
vn -0.0946 -0.8438 0.5283
vn -0.2514 -0.8172 0.5186
vn -0.3684 -0.8152 0.4468
vn -0.4174 -0.8190 0.3938
vn -0.5287 -0.8128 0.2446
vn -0.5115 -0.8262 0.2361
vn -0.5924 -0.8057 -0.0000
vn -0.6150 -0.7885 -0.0000
vn -0.5287 -0.8128 -0.2446
vn -0.5115 -0.8262 -0.2361
vn -0.4174 -0.8190 -0.3938
vn -0.3684 -0.8152 -0.4468
vn -0.2514 -0.8172 -0.5186
vn -0.1728 -0.8326 -0.5263
vn -0.1023 -0.8337 -0.5427
vn -0.0946 -0.8437 -0.5284
vn 0.0473 0.1655 0.9851
vn 0.0945 0.1496 0.9842
vn -0.0000 0.1415 0.9899
vn 0.0236 0.1259 0.9918
vn 0.0002 0.1657 0.9862
vn 0.0002 0.5420 -0.8404
vn 0.3466 0.6144 -0.7088
vn 0.0002 0.5924 -0.8057
vn 0.4234 0.6822 -0.5960
vn 0.5530 0.7110 -0.4345
vn 0.5614 0.7433 -0.3638
vn 0.5906 0.7639 -0.2599
vn 0.6064 0.7640 -0.2205
vn 0.6067 0.7722 -0.1891
vn 0.6210 0.7626 -0.1809
vn -0.0079 0.2444 0.9697
vn -0.0079 0.2202 0.9754
vn 0.0002 0.2831 0.9591
vn -0.0158 0.1656 0.9861
vn -0.0471 0.1336 0.9899
vn -0.0003 -1.0000 -0.0000
vn -0.0002 -1.0000 -0.0000
vn -0.0002 -1.0000 -0.0001
vn 0.0001 -1.0000 -0.0000
vn 0.0003 -1.0000 -0.0000
vn -0.0000 0.9612 0.2758
vn 0.0157 0.9657 0.2591
vn 0.0158 0.9611 0.2757
vn -0.0000 0.9697 0.2444
vn 0.0157 0.9736 0.2278
vn -0.0000 0.9737 0.2277
vn 0.1103 0.3072 0.9452
vn 0.0002 0.2757 0.9612
vn 0.0002 0.3303 0.9439
vn 0.0867 0.2286 0.9696
vn -0.0000 0.1976 0.9803
vn 0.0633 0.1897 0.9798
vn -0.8897 0.3228 0.3228
vn -0.8740 0.3701 0.3150
vn -0.8798 0.3764 0.2901
vn -0.8827 0.2679 0.3862
vn -0.8601 0.2683 0.4340
vn -0.8746 0.3388 0.3467
vn -0.8944 0.4158 0.1646
vn -0.9077 0.4184 -0.0316
vn -0.9034 0.4242 -0.0628
vn -0.9059 0.4175 -0.0709
vn -0.9121 0.4089 -0.0315
vn 0.2995 0.1735 0.9382
vn 0.3454 0.2826 0.8949
vn 0.3925 0.2120 0.8950
vn 0.3950 0.4109 0.8217
vn 0.3388 0.4333 0.8352
vn 0.4263 0.4816 0.7657
vn 0.4109 0.5057 0.7586
vn 0.1178 0.8323 -0.5417
vn 0.3471 0.7340 -0.5838
vn 0.2512 0.8949 -0.3690
vn 0.5520 0.5361 -0.6387
vn -0.7177 0.1183 0.6862
vn -0.6677 0.0943 0.7384
vn -0.7488 -0.0317 0.6621
vn -0.6033 0.1489 0.7835
vn -0.3789 0.1342 0.9157
vn -0.4636 0.1022 0.8801
vn -0.1260 0.2127 0.9690
vn -0.0078 0.2902 0.9569
vn -0.6049 0.7697 -0.2041
vn -0.4962 0.8664 -0.0551
vn -0.5191 0.8415 -0.1494
vn -0.4499 0.8918 0.0473
vn -0.4959 0.8580 0.1338
vn -0.5254 0.8391 0.1412
vn -0.5572 0.8087 0.1885
vn 0.2519 0.9678 -0.0000
vn 0.4564 0.8896 0.0157
vn 0.5972 0.8015 0.0314
vn 0.6222 0.7797 0.0709
vn 0.6073 0.7888 0.0947
vn 0.6679 0.7307 0.1414
vn -0.5927 0.7744 -0.2213
vn -0.5904 0.7557 -0.2834
vn -0.6436 0.6908 -0.3296
vn -0.4864 0.8709 -0.0706
vn -0.4170 0.9048 0.0865
vn -0.3162 0.9326 0.1739
vn -0.3296 0.9182 0.2197
vn 0.6445 0.7466 -0.1650
vn 0.6232 0.7256 -0.2918
vn 0.6168 0.7275 -0.3005
vn 0.6582 0.7522 -0.0314
vn 0.6603 0.7390 0.1336
vn 0.6514 0.7455 0.1414
vn 0.6602 0.7309 0.1729
vn 0.6783 0.7176 0.1578
vn 0.1728 -0.8326 0.5263
vn 0.1022 -0.8337 0.5427
vn 0.0946 -0.8438 0.5283
vn 0.2514 -0.8172 0.5186
vn 0.3684 -0.8152 0.4468
vn 0.4174 -0.8190 0.3938
vn 0.5287 -0.8128 0.2446
vn 0.5115 -0.8262 0.2361
vn 0.5924 -0.8056 -0.0000
vn 0.6150 -0.7885 -0.0000
vn 0.5287 -0.8128 -0.2446
vn 0.5115 -0.8262 -0.2361
vn 0.4174 -0.8190 -0.3938
vn 0.3684 -0.8152 -0.4468
vn 0.2514 -0.8172 -0.5186
vn 0.1728 -0.8326 -0.5263
vn 0.1022 -0.8337 -0.5427
vn 0.0946 -0.8437 -0.5283
vn -0.0002 0.5924 -0.8057
vn -0.3466 0.6144 -0.7088
vn -0.0002 0.5420 -0.8404
vn -0.4235 0.6823 -0.5960
vn -0.5530 0.7110 -0.4344
vn -0.5614 0.7433 -0.3637
vn -0.5907 0.7639 -0.2599
vn -0.6064 0.7640 -0.2205
vn -0.6067 0.7722 -0.1891
vn -0.6211 0.7626 -0.1808
vn 0.0002 -1.0000 -0.0000
vn 0.0002 -1.0000 -0.0001
vn 0.0003 -1.0000 -0.0001
vn -0.0157 0.9657 0.2590
vn -0.0158 0.9611 0.2757
vn -0.0157 0.9736 0.2277
vn -0.0002 0.2757 0.9612
vn -0.1103 0.3072 0.9452
vn -0.0002 0.3304 0.9439
vn -0.0867 0.2286 0.9696
vn -0.0632 0.1896 0.9798
vn 0.8740 0.3701 0.3150
vn 0.8897 0.3228 0.3228
vn 0.8796 0.3767 0.2904
vn 0.8827 0.2679 0.3862
vn 0.8601 0.2683 0.4340
vn 0.8746 0.3388 0.3467
vn 0.8944 0.4158 0.1646
vn 0.9077 0.4184 -0.0316
vn 0.9034 0.4242 -0.0628
vn 0.9059 0.4175 -0.0709
vn 0.9121 0.4089 -0.0315
vn -0.0079 0.9999 -0.0079
vn 0.0315 0.9313 0.3629
vn -0.0237 0.9485 0.3160
vn -0.0000 0.9995 0.0315
vn -0.0079 0.9998 0.0157
vn -0.0079 0.9995 0.0315
vn -0.0000 0.9992 0.0393
vn 0.0079 0.9995 0.0315
vn 0.0079 0.9998 0.0157
vn -0.0473 0.9214 -0.3858
vn -0.0000 0.9910 -0.1337
vn -0.0000 0.9224 -0.3863
vn -0.0549 0.9895 -0.1336
vn -0.0471 0.9889 0.1413
vn -0.0000 0.9899 0.1414
vn -0.0000 0.9874 0.1580
vn -0.0317 0.9881 0.1502
vn -0.7038 0.6959 -0.1424
vn -0.7398 0.6139 -0.2755
vn -0.7487 0.5992 -0.2834
vn -0.7531 0.6511 -0.0941
vn -0.6141 0.7873 0.0551
vn -0.3695 0.9271 0.0628
vn -0.4405 0.8889 0.1259
vn -0.1894 0.9787 0.0789
vn -0.0236 0.9966 0.0785
vn -0.0000 -1.0000 -0.0000
vn 0.0001 1.0000 -0.0000
vn -0.0003 1.0000 -0.0000
vn -0.0002 1.0000 -0.0000
vn 0.0003 1.0000 -0.0000
vn 0.0473 0.9213 -0.3859
vn 0.0549 0.9895 -0.1336
vn 0.0471 0.9889 0.1413
vn 0.0316 0.9882 0.1502
vn 0.7038 0.6959 -0.1423
vn 0.7487 0.5992 -0.2834
vn 0.7398 0.6139 -0.2755
vn 0.7531 0.6511 -0.0941
vn 0.6141 0.7873 0.0551
vn 0.3694 0.9271 0.0628
vn 0.4405 0.8889 0.1259
vn 0.1894 0.9787 0.0789
vn 0.0236 0.9966 0.0785
vn 0.0002 1.0000 -0.0000
vn -0.8247 -0.0000 -0.5655
vn -0.9125 0.0079 -0.4090
vn -0.9029 -0.0707 -0.4240
vn -0.7876 0.0473 -0.6143
vn -0.9131 0.0710 -0.4015
vn -0.4809 0.0552 -0.8751
vn -0.8911 0.0631 -0.4495
vn -0.4020 0.0473 -0.9144
vn -0.2515 0.0472 -0.9667
vn -0.7483 0.0473 -0.6617
vn -0.8610 0.0553 -0.5056
vn -0.0000 0.0393 -0.9992
vn -0.0000 0.0473 -0.9989
vn 0.2515 0.0472 -0.9667
vn -0.7336 0.0394 -0.6784
vn -0.8469 0.0396 -0.5303
vn -0.7262 0.0316 -0.6868
vn -0.4720 0.0310 -0.8811
vn -0.4182 0.0395 -0.9075
vn -0.0000 0.0238 -0.9997
vn -0.0000 0.0472 -0.9989
vn 0.4183 0.0394 -0.9075
vn 0.4720 0.0315 -0.8811
vn 0.4020 0.0473 -0.9144
vn 0.4809 0.0552 -0.8751
vn 0.7336 0.0394 -0.6784
vn 0.7262 0.0316 -0.6868
vn 0.8469 0.0396 -0.5303
vn 0.8610 0.0553 -0.5056
vn 0.7483 0.0472 -0.6616
vn 0.8911 0.0631 -0.4495
vn 0.7876 0.0473 -0.6143
vn 0.9131 0.0709 -0.4015
vn 0.8247 -0.0000 -0.5655
vn 0.9125 0.0078 -0.4090
vn 0.9029 -0.0707 -0.4240
vn 0.9597 0.0865 -0.2675
vn 0.9709 0.0710 -0.2289
vn 0.9312 0.0316 -0.3630
vn 0.9815 0.1099 -0.1571
vn 0.9758 0.1338 -0.1731
vn 0.9961 0.0784 0.0392
vn 0.9907 0.1337 0.0235
vn 0.9934 0.1104 0.0315
vn 0.9594 0.1101 0.2595
vn 0.9356 0.1022 0.3381
vn 0.9359 0.1416 0.3225
vn 0.9039 0.1258 0.4087
vn 0.9099 0.1099 0.4000
vn 0.9049 0.1418 0.4013
vn 1.0000 -0.0000 -0.0000
vn 0.8481 0.0628 0.5261
vn 0.8371 0.0473 0.5449
vn 0.9068 0.0552 0.4179
vn 0.9499 0.0628 0.3062
vn 0.9654 0.0706 0.2511
vn 0.9985 0.0551 -0.0000
vn 0.9980 0.0627 -0.0000
vn 0.9975 0.0706 -0.0000
vn 0.9878 0.0633 0.1422
vn 0.9969 0.0784 -0.0000
vn 0.9878 0.0633 -0.1422
vn 0.9654 0.0706 -0.2511
vn 0.9499 0.0628 -0.3062
vn 0.9068 0.0552 -0.4179
vn 0.8481 0.0628 -0.5261
vn 0.8371 0.0475 -0.5449
vn -0.9709 0.0710 -0.2289
vn -0.9597 0.0865 -0.2674
vn -0.9312 0.0316 -0.3630
vn -0.9815 0.1099 -0.1571
vn -0.9758 0.1338 -0.1731
vn -0.9961 0.0785 0.0392
vn -0.9907 0.1337 0.0235
vn -0.9934 0.1103 0.0315
vn -0.9594 0.1101 0.2595
vn -0.9356 0.1022 0.3381
vn -0.9359 0.1416 0.3225
vn -0.9039 0.1258 0.4087
vn -0.9099 0.1098 0.4000
vn -0.9049 0.1418 0.4013
vn -1.0000 -0.0000 -0.0000
vn -0.8371 0.0474 0.5449
vn -0.8481 0.0628 0.5261
vn -0.9068 0.0552 0.4179
vn -0.9499 0.0628 0.3062
vn -0.9985 0.0551 -0.0000
vn -0.9654 0.0706 0.2512
vn -0.9980 0.0630 -0.0000
vn -0.9499 0.0628 -0.3062
vn -0.9068 0.0552 -0.4179
vn -0.9975 0.0706 -0.0000
vn -0.9878 0.0632 0.1422
vn -0.9969 0.0784 -0.0000
vn -0.9878 0.0633 -0.1422
vn -0.9654 0.0706 -0.2511
vn -0.8481 0.0628 -0.5261
vn -0.8371 0.0474 -0.5449
vn -0.0000 -0.2594 -0.9658
vn -0.0000 -0.2588 -0.9659
vn -0.0000 -0.2591 -0.9658
vn -0.0000 -0.2593 -0.9658
vn -0.0000 -0.2588 0.9659
vn -0.0000 -0.2594 0.9658
vn -0.0000 -0.2593 0.9658
vn 0.0002 -0.8764 0.4816
vn 0.2359 -0.8887 0.3932
vn 0.0001 -0.7884 0.6151
vn 0.3784 -0.6701 0.6386
vn 0.0002 -0.4660 0.8848
vn 0.6368 -0.7075 0.3066
vn 0.4634 -0.8641 0.1964
vn 0.4558 -0.4323 0.7781
vn 0.0002 -0.2757 0.9612
vn 0.8031 -0.4330 0.4094
vn 0.6457 -0.7636 -0.0000
vn 0.5028 -0.8644 -0.0000
vn 0.4634 -0.8641 -0.1964
vn 0.8944 -0.4472 -0.0000
vn 0.6368 -0.7075 -0.3066
vn 0.2359 -0.8887 -0.3932
vn 0.0001 -0.7884 -0.6151
vn 0.0002 -0.8764 -0.4816
vn 0.3784 -0.6701 -0.6386
vn 0.0002 -0.4660 -0.8848
vn 0.8031 -0.4330 -0.4094
vn 0.4558 -0.4323 -0.7780
vn 0.0002 -0.2757 -0.9612
vn 0.9633 -0.2685 -0.0000
vn 0.8660 -0.2204 -0.4488
vn 0.4963 -0.1733 -0.8507
vn 0.0002 -0.0629 -0.9980
vn 0.5053 -0.0631 -0.8606
vn 0.8481 -0.0628 -0.5261
vn 0.9980 -0.0629 -0.0000
vn 0.8660 -0.2204 0.4488
vn 0.8481 -0.0628 0.5261
vn 0.4962 -0.1733 0.8507
vn 0.5054 -0.0633 0.8605
vn 0.0002 -0.0629 0.9980
vn -0.0001 -0.7884 0.6151
vn -0.2359 -0.8887 0.3932
vn -0.0002 -0.8764 0.4816
vn -0.3784 -0.6701 0.6386
vn -0.0002 -0.4660 0.8848
vn -0.6368 -0.7075 0.3066
vn -0.4634 -0.8641 0.1964
vn -0.4558 -0.4323 0.7781
vn -0.0002 -0.2757 0.9612
vn -0.8031 -0.4330 0.4094
vn -0.6458 -0.7635 -0.0000
vn -0.5028 -0.8644 -0.0000
vn -0.4635 -0.8641 -0.1964
vn -0.8944 -0.4472 -0.0000
vn -0.6368 -0.7075 -0.3066
vn -0.2359 -0.8887 -0.3932
vn -0.0001 -0.7884 -0.6151
vn -0.0002 -0.8764 -0.4816
vn -0.3784 -0.6701 -0.6386
vn -0.0002 -0.4660 -0.8848
vn -0.8031 -0.4330 -0.4094
vn -0.4558 -0.4323 -0.7780
vn -0.0002 -0.2757 -0.9612
vn -0.9633 -0.2685 -0.0000
vn -0.8660 -0.2204 -0.4488
vn -0.4962 -0.1733 -0.8507
vn -0.0002 -0.0629 -0.9980
vn -0.5054 -0.0632 -0.8606
vn -0.8481 -0.0628 -0.5261
vn -0.9980 -0.0628 -0.0000
vn -0.8660 -0.2204 0.4488
vn -0.8481 -0.0628 0.5261
vn -0.4962 -0.1733 0.8507
vn -0.5053 -0.0632 0.8606
vn -0.0002 -0.0629 0.9980
vn -0.8730 0.0157 0.4876
vn -0.7708 0.0079 0.6371
vn -0.7084 -0.0865 0.7005
vn -0.7181 0.0473 0.6943
vn -0.5878 0.0549 0.8072
vn -0.7876 0.0473 0.6144
vn -0.9089 0.0711 0.4110
vn -0.8879 0.0629 0.4557
vn -0.4499 0.0474 0.8918
vn -0.4184 0.0394 0.9074
vn -0.2515 0.0471 0.9667
vn -0.3926 0.0471 0.9185
vn -0.0000 0.0472 0.9989
vn -0.0000 0.0471 0.9989
vn 0.2515 0.0471 0.9667
vn -0.4181 0.0473 0.9072
vn -0.0000 0.0548 0.9985
vn 0.3926 0.0471 0.9185
vn -0.7483 0.0473 0.6617
vn -0.8610 0.0553 0.5056
vn -0.7336 0.0395 0.6784
vn -0.8469 0.0396 0.5303
vn -0.7262 0.0316 0.6868
vn -0.4720 0.0315 0.8811
vn -0.4183 0.0394 0.9075
vn -0.0000 0.0237 0.9997
vn 0.4183 0.0394 0.9075
vn 0.4720 0.0310 0.8811
vn 0.4181 0.0474 0.9072
vn 0.7336 0.0394 0.6784
vn 0.7262 0.0316 0.6868
vn 0.8469 0.0396 0.5303
vn 0.8610 0.0553 0.5056
vn 0.7484 0.0472 0.6616
vn 0.8879 0.0629 0.4557
vn 0.7876 0.0473 0.6144
vn 0.9089 0.0711 0.4110
vn 0.8730 0.0157 0.4876
vn 0.7084 -0.0865 0.7005
vn 0.7708 0.0079 0.6371
vn 0.7181 0.0473 0.6943
vn 0.5878 0.0549 0.8072
vn 0.4499 0.0474 0.8918
vn 0.4184 0.0395 0.9074
vn -0.9761 0.1496 -0.1575
vn -0.9696 0.0867 -0.2286
vn -0.9623 0.1341 -0.2366
vn -0.9607 0.0315 -0.2756
vn -0.9572 -0.0628 -0.2825
vn -0.9415 0.1569 -0.2982
vn -0.9522 0.2518 -0.1731
vn -0.8880 0.2515 -0.3850
vn -0.8520 -0.0552 -0.5207
vn -0.7881 0.1419 -0.5990
vn -0.7499 0.1973 -0.6315
vn -0.8439 0.0158 -0.5363
vn -0.4476 0.1099 -0.8874
vn -0.3857 0.1338 -0.9129
vn -0.5655 0.0079 -0.8247
vn -0.0000 0.0948 -0.9955
vn -0.0000 0.1026 -0.9947
vn 0.3857 0.1338 -0.9129
vn -0.0000 -0.0000 -1.0000
vn 0.4476 0.1099 -0.8874
vn 0.7499 0.1973 -0.6315
vn -0.5095 -0.1019 -0.8544
vn 0.7881 0.1419 -0.5990
vn 0.8880 0.2515 -0.3850
vn -0.8496 -0.1573 -0.5035
vn -0.8510 -0.2443 -0.4649
vn -0.5429 -0.2203 -0.8104
vn -0.0000 -0.1491 -0.9888
vn -0.5206 -0.3628 -0.7729
vn -0.5431 -0.4250 -0.7241
vn -0.0000 -0.2518 -0.9678
vn -0.0000 -0.3930 -0.9195
vn -0.3845 -0.2825 -0.8788
vn -0.0000 -0.3699 -0.9291
vn 0.3845 -0.2825 -0.8788
vn 0.5431 -0.4250 -0.7241
vn 0.5206 -0.3628 -0.7729
vn 0.8510 -0.2443 -0.4649
vn 0.5429 -0.2203 -0.8104
vn 0.8496 -0.1573 -0.5035
vn 0.9572 -0.0628 -0.2825
vn 0.5095 -0.1019 -0.8544
vn 0.8520 -0.0552 -0.5207
vn 0.5655 0.0078 -0.8247
vn 0.8439 0.0158 -0.5363
vn 0.9607 0.0315 -0.2756
vn 0.9696 0.0867 -0.2286
vn 0.9415 0.1569 -0.2982
vn 0.9522 0.2518 -0.1731
vn 0.9761 0.1496 -0.1575
vn 0.9623 0.1341 -0.2366
vn -0.6286 -0.5500 -0.5499
vn -0.0000 -0.1976 -0.9803
vn -0.0002 -0.6062 -0.7953
vn -0.9188 -0.2042 -0.3379
vn -0.7330 -0.4965 0.4650
vn -0.0002 -0.6063 0.7953
vn -0.8286 -0.2052 0.5208
vn -0.0000 -0.1977 0.9803
vn 0.6287 -0.5500 -0.5498
vn 0.0002 -0.6063 -0.7953
vn -0.0000 -0.1977 -0.9803
vn 0.9188 -0.2042 -0.3379
vn 0.7330 -0.4965 0.4650
vn 0.0002 -0.6062 0.7953
vn 0.8286 -0.2052 0.5208
vn -0.0000 -0.1976 0.9803
vn 0.1344 -0.8613 0.4900
vn 0.1417 -0.8657 0.4801
vn 0.2916 -0.6146 0.7329
vn -0.1336 -0.9820 0.1335
vn 0.3384 -0.4643 0.8185
vn -0.1184 -0.9868 0.1105
vn 0.3378 -0.1100 0.9348
vn -0.4728 -0.8669 -0.1576
vn 0.3613 -0.1021 0.9268
vn -0.4795 -0.8647 -0.1493
vn 0.2124 0.2518 0.9442
vn -0.7275 -0.6088 -0.3163
vn 0.1261 0.3860 0.9138
vn -0.8063 -0.4664 -0.3637
vn -0.0786 0.6045 0.7927
vn -0.9268 -0.1022 -0.3614
vn -0.1806 0.6914 0.6995
vn -0.9210 -0.0945 -0.3778
vn -0.4493 0.7723 0.4491
vn -0.9400 0.2528 -0.2291
vn -0.4417 0.7809 0.4417
vn -0.9102 0.3922 -0.1335
vn -0.7004 0.6924 0.1731
vn -0.7932 0.6048 0.0708
vn -0.3308 -0.1102 -0.9372
vn -0.3140 -0.1177 -0.9421
vn -0.3081 -0.4660 -0.8294
vn -0.1890 0.2364 -0.9531
vn -0.2605 -0.6079 -0.7500
vn -0.0948 0.3710 -0.9238
vn -0.1098 -0.8625 -0.4940
vn 0.1027 0.5842 -0.8051
vn -0.1020 -0.8544 -0.5095
vn 0.1968 0.6692 -0.7165
vn 0.1100 -0.9743 -0.1964
vn 0.4639 0.7548 -0.4639
vn 0.2044 -0.9751 -0.0865
vn 0.4566 0.7636 -0.4566
vn 0.4265 -0.9003 0.0869
vn 0.7165 0.6692 -0.1968
vn 0.5454 -0.8217 0.1653
vn 0.8020 0.5898 -0.0945
vn 0.7417 -0.6076 0.2841
vn 0.9196 0.3773 0.1100
vn 0.8206 -0.4656 0.3314
vn 0.9476 0.2448 0.2053
vn 0.9372 -0.1103 0.3308
vn 0.9320 -0.1028 0.3476
vn 0.9210 -0.0945 -0.3778
vn 0.9268 -0.1021 -0.3614
vn 0.8063 -0.4664 -0.3637
vn 0.9400 0.2528 -0.2291
vn 0.7275 -0.6088 -0.3163
vn 0.9102 0.3922 -0.1335
vn 0.4728 -0.8670 -0.1576
vn 0.7932 0.6048 0.0708
vn 0.4796 -0.8647 -0.1494
vn 0.7004 0.6924 0.1730
vn 0.1335 -0.9820 0.1335
vn 0.4493 0.7723 0.4491
vn 0.1184 -0.9868 0.1105
vn 0.4419 0.7807 0.4419
vn -0.1417 -0.8657 0.4801
vn 0.1806 0.6914 0.6995
vn -0.1344 -0.8613 0.4900
vn 0.0786 0.6045 0.7927
vn -0.2916 -0.6146 0.7330
vn -0.1261 0.3860 0.9138
vn -0.3384 -0.4643 0.8185
vn -0.2124 0.2518 0.9442
vn -0.3378 -0.1100 0.9348
vn -0.3613 -0.1021 0.9268
vn 0.7298 0.3608 -0.5806
vn 0.4328 0.6374 -0.6375
vn 0.4264 0.6317 -0.6475
vn -0.0000 0.7565 -0.6540
vn 0.8109 0.2363 -0.5354
vn -0.0000 0.7674 -0.6411
vn 0.8944 -0.1180 -0.4314
vn -0.4328 0.6374 -0.6374
vn 0.9012 -0.1107 -0.4190
vn -0.4264 0.6317 -0.6475
vn 0.7737 -0.5447 -0.3237
vn -0.7298 0.3608 -0.5806
vn 0.7750 -0.5377 -0.3321
vn -0.8109 0.2362 -0.5354
vn 0.4345 -0.8690 -0.2370
vn -0.8944 -0.1180 -0.4314
vn 0.4430 -0.8623 -0.2452
vn -0.9012 -0.1107 -0.4190
vn -0.0000 -0.9821 -0.1885
vn -0.7737 -0.5447 -0.3237
vn -0.0000 -0.9863 -0.1652
vn -0.7750 -0.5377 -0.3321
vn -0.4345 -0.8690 -0.2370
vn -0.4431 -0.8623 -0.2452
vn -0.4639 0.7547 -0.4639
vn -0.1968 0.6692 -0.7165
vn -0.4566 0.7636 -0.4566
vn -0.7166 0.6692 -0.1967
vn -0.1027 0.5842 -0.8051
vn -0.8020 0.5898 -0.0945
vn 0.0948 0.3710 -0.9238
vn -0.9196 0.3771 0.1101
vn 0.1890 0.2363 -0.9531
vn -0.9476 0.2448 0.2053
vn 0.3140 -0.1177 -0.9421
vn -0.9372 -0.1103 0.3308
vn 0.3308 -0.1102 -0.9372
vn -0.9320 -0.1026 0.3475
vn 0.3081 -0.4661 -0.8294
vn -0.8206 -0.4656 0.3314
vn 0.2605 -0.6079 -0.7501
vn -0.7417 -0.6076 0.2841
vn 0.1098 -0.8625 -0.4940
vn -0.5451 -0.8218 0.1659
vn 0.1020 -0.8544 -0.5095
vn -0.4266 -0.9003 0.0869
vn -0.1100 -0.9743 -0.1965
vn -0.2044 -0.9751 -0.0865
vn 0.4494 0.6624 0.5993
vn 0.7477 0.3933 0.5351
vn 0.4411 0.6616 0.6064
vn -0.0000 0.7848 0.6197
vn 0.8320 0.2513 0.4946
vn -0.0000 0.7952 0.6064
vn 0.9163 -0.1027 0.3871
vn -0.4495 0.6624 0.5993
vn 0.9203 -0.1023 0.3776
vn -0.4410 0.6616 0.6064
vn 0.7939 -0.5423 0.2751
vn -0.7477 0.3933 0.5351
vn 0.7955 -0.5356 0.2835
vn -0.8304 0.2586 0.4936
vn 0.4486 -0.8735 0.1889
vn -0.9163 -0.1027 0.3871
vn 0.4572 -0.8672 0.1970
vn -0.9203 -0.1022 0.3776
vn -0.0000 -0.9900 0.1413
vn -0.7938 -0.5423 0.2751
vn -0.0000 -0.9920 0.1260
vn -0.7955 -0.5356 0.2835
vn -0.4486 -0.8735 0.1889
vn -0.4573 -0.8672 0.1971
vn -0.8451 0.1738 0.5055
vn -0.8104 0.1495 0.5665
vn -0.7341 0.2289 0.6393
vn -0.8435 0.1340 0.5202
vn -0.6916 0.1809 0.6993
vn -0.6112 0.2899 0.7365
vn -0.7497 0.0947 0.6550
vn -0.7254 0.1183 0.6781
vn -0.6747 0.0314 0.7375
vn -0.6694 0.0630 0.7402
vn -0.6285 -0.0000 0.7778
vn -0.5583 0.2122 0.8020
vn -0.4568 0.3072 0.8349
vn -0.4004 0.1963 0.8951
vn -0.5109 0.0707 0.8567
vn -0.4026 0.1184 0.9077
vn -0.4721 -0.0236 0.8812
vn -0.3537 0.0078 0.9353
vn -0.2440 -0.0551 0.9682
vn -0.2913 -0.0866 0.9527
vn -0.0000 -0.0076 1.0000
vn -0.0000 -0.1027 0.9947
vn -0.0000 -0.0473 0.9989
vn 0.2440 -0.0551 0.9682
vn 0.2913 -0.0866 0.9527
vn 0.3537 0.0079 0.9353
vn 0.4721 -0.0236 0.8812
vn 0.5109 0.0707 0.8567
vn 0.4026 0.1184 0.9077
vn 0.6285 -0.0000 0.7778
vn 0.4004 0.1963 0.8951
vn 0.6694 0.0630 0.7402
vn 0.6747 0.0314 0.7375
vn 0.5583 0.2123 0.8020
vn 0.4568 0.3072 0.8349
vn 0.6112 0.2898 0.7365
vn 0.6916 0.1809 0.6993
vn 0.7341 0.2289 0.6393
vn 0.7497 0.0947 0.6550
vn 0.7254 0.1183 0.6781
vn 0.8435 0.1340 0.5202
vn 0.8104 0.1495 0.5665
vn 0.8451 0.1738 0.5055
vn 0.6830 -0.2588 -0.6830
vn 0.6829 -0.2593 -0.6829
vn 0.9659 -0.2588 -0.0000
vn 0.9658 -0.2593 -0.0000
vn 0.9658 -0.2591 -0.0000
vn 0.6830 -0.2588 0.6830
vn 0.6829 -0.2591 0.6830
vn 0.6830 -0.2591 0.6830
vn -0.6829 -0.2593 -0.6829
vn -0.6830 -0.2588 -0.6830
vn -0.6829 -0.2591 -0.6830
vn -0.6829 -0.2595 -0.6829
vn -0.9658 -0.2594 -0.0000
vn -0.9659 -0.2588 -0.0000
vn -0.9658 -0.2591 -0.0000
vn -0.9658 -0.2593 -0.0000
vn -0.6830 -0.2588 0.6830
vn -0.6829 -0.2593 0.6829
vn -0.6829 -0.2594 0.6829
vn 0.6765 0.6765 -0.2910
vn -0.0000 0.8345 -0.5510
vn -0.0000 0.9263 -0.3768
vn -0.6765 0.6765 -0.2910
vn 0.6705 0.5286 -0.5206
vn 0.9369 0.2834 -0.2047
vn -0.6705 0.5286 -0.5206
vn -0.9369 0.2834 -0.2047
vn -0.0000 0.4970 -0.8677
vn 0.8797 0.2435 -0.4084
vn 0.9819 0.0157 -0.1886
vn 0.4418 0.3629 -0.8205
vn -0.8797 0.2435 -0.4084
vn -0.9819 0.0157 -0.1886
vn -0.4418 0.3629 -0.8204
vn -0.0000 0.2758 -0.9612
vn 0.6518 0.2042 -0.7303
vn 0.2527 0.2291 -0.9400
vn -0.2528 0.2291 -0.9400
vn 0.8969 0.0393 -0.4406
vn -0.6518 0.2042 -0.7303
vn 0.8821 -0.1654 -0.4410
vn 0.9365 -0.2440 -0.2518
vn -0.8969 0.0393 -0.4406
vn 0.6514 -0.4787 -0.5886
vn 0.7489 -0.5440 -0.3784
vn -0.0000 -0.8497 -0.5272
vn -0.8821 -0.1654 -0.4411
vn -0.9365 -0.2440 -0.2518
vn -0.0000 -0.6541 -0.7564
vn -0.6514 -0.4787 -0.5886
vn -0.7489 -0.5440 -0.3784
vn -0.0000 -0.3398 -0.9405
vn 0.4394 -0.2197 -0.8710
vn -0.4394 -0.2197 -0.8710
vn -0.0000 -0.1108 -0.9938
vn 0.6520 -0.0786 -0.7541
vn 0.2513 -0.0628 -0.9659
vn 0.6611 0.0630 -0.7476
vn 0.3863 0.0079 -0.9223
vn 0.3875 0.1503 -0.9095
vn 0.3851 0.0786 -0.9195
vn -0.0000 0.0872 -0.9962
vn -0.2513 -0.0628 -0.9659
vn -0.3875 0.1503 -0.9095
vn -0.6520 -0.0786 -0.7541
vn -0.6611 0.0630 -0.7476
vn -0.3863 0.0079 -0.9223
vn -0.3851 0.0786 -0.9195
vn 0.3156 0.6942 -0.6469
vn -0.3398 0.8770 -0.3398
vn -0.2056 0.9568 -0.2056
vn -0.6469 0.6942 0.3156
vn 0.1335 0.5731 -0.8086
vn 0.5446 0.2605 -0.7972
vn -0.8086 0.5731 0.1335
vn -0.7972 0.2605 0.5446
vn -0.5799 0.5722 -0.5799
vn 0.3065 0.2987 -0.9038
vn -0.9038 0.2986 0.3065
vn -0.2444 0.4337 -0.8673
vn 0.3618 0.0865 -0.9282
vn 0.5511 -0.0000 -0.8345
vn -0.0394 0.2683 -0.9625
vn -0.6594 0.3612 -0.6594
vn -0.8673 0.4337 -0.2444
vn -0.4722 0.3069 -0.8263
vn -0.8263 0.3069 -0.4722
vn -0.3548 0.2286 -0.9066
vn -0.9625 0.2683 -0.0394
vn -0.0550 0.1335 -0.9895
vn -0.3708 0.1578 -0.9152
vn -0.6964 0.1737 -0.6964
vn -0.3781 0.0867 -0.9217
vn -0.0707 -0.0157 -0.9974
vn -0.5028 0.0236 -0.8641
vn 0.2995 -0.1261 -0.9457
vn 0.4728 -0.2285 -0.8510
vn -0.3154 -0.1419 -0.9383
vn 0.0157 -0.4250 -0.9051
vn 0.2286 -0.5124 -0.8278
vn -0.4262 -0.7979 -0.4262
vn -0.7069 -0.0236 -0.7069
vn -0.6830 -0.2591 -0.6830
vn -0.5747 -0.5826 -0.5747
vn -0.9051 -0.4250 0.0157
vn -0.8278 -0.5124 0.2286
vn -0.8510 -0.2285 0.4728
vn -0.9383 -0.1419 -0.3154
vn -0.9457 -0.1261 0.2995
vn -0.8345 -0.0000 0.5511
vn -0.8641 0.0236 -0.5028
vn -0.9974 -0.0157 -0.0707
vn -0.9282 0.0865 0.3618
vn -0.9217 0.0867 -0.3781
vn -0.9895 0.1335 -0.0550
vn -0.9152 0.1578 -0.3708
vn -0.9066 0.2286 -0.3548
vn 0.6469 0.6942 0.3156
vn 0.3398 0.8770 -0.3398
vn 0.2057 0.9568 -0.2057
vn -0.3156 0.6942 -0.6469
vn 0.8086 0.5731 0.1335
vn 0.7972 0.2605 0.5446
vn -0.1335 0.5731 -0.8086
vn -0.5446 0.2605 -0.7972
vn 0.5799 0.5723 -0.5799
vn 0.9038 0.2987 0.3065
vn -0.3065 0.2986 -0.9038
vn 0.8673 0.4337 -0.2444
vn 0.9282 0.0865 0.3618
vn 0.8345 -0.0000 0.5511
vn 0.2444 0.4337 -0.8673
vn 0.6594 0.3612 -0.6594
vn 0.0394 0.2683 -0.9625
vn 0.9625 0.2683 -0.0394
vn 0.8263 0.3069 -0.4722
vn 0.4722 0.3069 -0.8263
vn 0.9066 0.2286 -0.3548
vn 0.6963 0.1743 -0.6963
vn 0.3548 0.2286 -0.9066
vn 0.9895 0.1335 -0.0550
vn 0.9152 0.1578 -0.3708
vn 0.9217 0.0867 -0.3781
vn 0.9974 -0.0158 -0.0706
vn 0.9457 -0.1261 0.2995
vn 0.8510 -0.2285 0.4728
vn 0.8641 0.0236 -0.5028
vn 0.9383 -0.1419 -0.3154
vn 0.9051 -0.4250 0.0157
vn 0.8278 -0.5124 0.2286
vn 0.4266 -0.7975 -0.4266
vn 0.7069 -0.0237 -0.7069
vn 0.6829 -0.2595 -0.6829
vn 0.5747 -0.5826 -0.5747
vn -0.0157 -0.4250 -0.9051
vn -0.2286 -0.5124 -0.8277
vn -0.4728 -0.2285 -0.8510
vn 0.3154 -0.1419 -0.9383
vn -0.2995 -0.1261 -0.9457
vn -0.5511 -0.0000 -0.8345
vn 0.5028 0.0236 -0.8641
vn 0.0707 -0.0157 -0.9974
vn -0.3618 0.0865 -0.9282
vn 0.3781 0.0867 -0.9217
vn 0.0550 0.1335 -0.9895
vn 0.3708 0.1578 -0.9152
vt 0.472168 0.183105
vt 0.481689 0.133789
vt 0.477295 0.184082
vt 0.485596 0.134277
vt 0.491699 0.113770
vt 0.485596 0.111816
vt 0.213989 0.187988
vt 0.199463 0.136230
vt 0.203735 0.135254
vt 0.210815 0.188477
vt 0.192383 0.113770
vt 0.198975 0.111816
vt 0.250977 0.140625
vt 0.252441 0.141602
vt 0.244873 0.173340
vt 0.362793 0.183105
vt 0.359375 0.132324
vt 0.367920 0.182129
vt 0.355469 0.133301
vt 0.349609 0.112305
vt 0.355713 0.110840
vt 0.323242 0.187500
vt 0.333252 0.134766
vt 0.337646 0.135742
vt 0.326416 0.188477
vt 0.337891 0.111328
vt 0.344482 0.113281
vt 0.285889 0.140137
vt 0.292236 0.173340
vt 0.284668 0.141602
vt 0.597656 0.220703
vt 0.604980 0.219238
vt 0.599609 0.224609
vt 0.583008 0.171387
vt 0.566895 0.163086
vt 0.576660 0.155273
vt 0.590332 0.224609
vt 0.588379 0.216309
vt 0.584961 0.224609
vt 0.588379 0.234375
vt 0.587402 0.278320
vt 0.577637 0.294922
vt 0.580078 0.278320
vt 0.575684 0.177246
vt 0.567383 0.180664
vt 0.550293 0.294922
vt 0.575684 0.302734
vt 0.550293 0.302734
vt 0.601074 0.282715
vt 0.590820 0.280273
vt 0.606445 0.273438
vt 0.597656 0.271484
vt 0.564941 0.111328
vt 0.551758 0.109863
vt 0.553223 0.106445
vt 0.562988 0.115234
vt 0.506348 0.307129
vt 0.506348 0.277832
vt 0.515625 0.307129
vt 0.518066 0.277832
vt 0.521973 0.307129
vt 0.526855 0.277832
vt 0.530762 0.306641
vt 0.536133 0.276855
vt 0.541016 0.305664
vt 0.543945 0.275879
vt 0.508301 0.271973
vt 0.508301 0.262207
vt 0.517090 0.268066
vt 0.517090 0.258301
vt 0.527344 0.266113
vt 0.527832 0.256348
vt 0.544434 0.259277
vt 0.544434 0.268555
vt 0.594238 0.100586
vt 0.584473 0.098145
vt 0.581543 0.089355
vt 0.574707 0.096191
vt 0.562012 0.088867
vt 0.562012 0.096191
vt 0.560547 0.264648
vt 0.550293 0.263672
vt 0.571289 0.274902
vt 0.576172 0.326172
vt 0.584961 0.326172
vt 0.590820 0.321777
vt 0.581055 0.297363
vt 0.603516 0.196289
vt 0.604492 0.206055
vt 0.608887 0.204590
vt 0.605957 0.216797
vt 0.614746 0.212402
vt 0.611328 0.230469
vt 0.603516 0.229004
vt 0.335938 0.291016
vt 0.342529 0.307129
vt 0.333252 0.309570
vt 0.327393 0.296387
vt 0.319580 0.279785
vt 0.315674 0.288086
vt 0.300781 0.276367
vt 0.301025 0.285645
vt 0.286621 0.289062
vt 0.282227 0.280762
vt 0.275391 0.297852
vt 0.266602 0.292480
vt 0.269775 0.311035
vt 0.260498 0.309570
vt 0.197266 0.193848
vt 0.193115 0.191895
vt 0.196655 0.191406
vt 0.192749 0.194336
vt 0.190063 0.190918
vt 0.188477 0.192871
vt 0.185303 0.188965
vt 0.188232 0.187988
vt 0.187378 0.184570
vt 0.184326 0.184570
vt 0.188232 0.181152
vt 0.185425 0.179688
vt 0.188599 0.176270
vt 0.190674 0.178711
vt 0.198486 0.196777
vt 0.175781 0.206543
vt 0.171631 0.195312
vt 0.161621 0.203613
vt 0.165894 0.210449
vt 0.161743 0.198242
vt 0.159180 0.208008
vt 0.159180 0.193848
vt 0.155151 0.214355
vt 0.154541 0.210449
vt 0.149414 0.209961
vt 0.132935 0.217285
vt 0.145142 0.207520
vt 0.167480 0.183594
vt 0.154907 0.191406
vt 0.187012 0.173828
vt 0.164429 0.174805
vt 0.181763 0.166504
vt 0.147705 0.179199
vt 0.149780 0.188477
vt 0.149902 0.190918
vt 0.145508 0.193359
vt 0.130371 0.192383
vt 0.128784 0.183105
vt 0.142944 0.197754
vt 0.107910 0.193359
vt 0.107971 0.184082
vt 0.087158 0.182617
vt 0.131836 0.205078
vt 0.142700 0.202637
vt 0.116394 0.210449
vt 0.117737 0.205566
vt 0.112793 0.214355
vt 0.116333 0.200684
vt 0.107849 0.219727
vt 0.112793 0.196777
vt 0.107849 0.215820
vt 0.102966 0.214355
vt 0.107910 0.195312
vt 0.082764 0.217285
vt 0.103088 0.196777
vt 0.099426 0.210449
vt 0.085449 0.192383
vt 0.099487 0.200684
vt 0.068237 0.179199
vt 0.098083 0.205566
vt 0.083984 0.205078
vt 0.072876 0.197266
vt 0.073120 0.202637
vt 0.070557 0.207031
vt 0.070312 0.193359
vt 0.066284 0.209961
vt 0.060608 0.213867
vt 0.061188 0.210449
vt 0.056610 0.207520
vt 0.049835 0.209961
vt 0.054169 0.203125
vt 0.040039 0.206055
vt 0.066162 0.188477
vt 0.065979 0.190430
vt 0.060944 0.190918
vt 0.048492 0.183594
vt 0.051514 0.174805
vt 0.056671 0.193848
vt 0.028976 0.173340
vt 0.034241 0.166016
vt 0.030472 0.179199
vt 0.027405 0.175781
vt 0.031555 0.184082
vt 0.030594 0.188477
vt 0.044189 0.194824
vt 0.054077 0.197754
vt 0.027405 0.192383
vt 0.023132 0.193848
vt 0.017349 0.196289
vt 0.018539 0.193359
vt 0.022736 0.231445
vt 0.018524 0.233398
vt 0.019226 0.230957
vt 0.023117 0.233887
vt 0.025726 0.230469
vt 0.027374 0.232422
vt 0.030563 0.228516
vt 0.027603 0.227539
vt 0.028519 0.224121
vt 0.031525 0.224121
vt 0.027618 0.220703
vt 0.030426 0.219238
vt 0.027344 0.215820
vt 0.025177 0.218262
vt 0.017334 0.236328
vt 0.040039 0.246094
vt 0.044159 0.234863
vt 0.054169 0.243164
vt 0.049866 0.250000
vt 0.054047 0.237793
vt 0.056641 0.247559
vt 0.056641 0.233398
vt 0.060638 0.253906
vt 0.061218 0.250488
vt 0.066345 0.250000
vt 0.082825 0.257324
vt 0.070618 0.247070
vt 0.048431 0.223145
vt 0.060913 0.230957
vt 0.028900 0.213379
vt 0.051422 0.214844
vt 0.034149 0.206055
vt 0.068176 0.219238
vt 0.066101 0.228516
vt 0.065979 0.230469
vt 0.070312 0.232910
vt 0.085449 0.232422
vt 0.087158 0.222656
vt 0.072876 0.237305
vt 0.107971 0.232910
vt 0.107971 0.223633
vt 0.128784 0.222656
vt 0.084045 0.245117
vt 0.073181 0.242676
vt 0.099487 0.250488
vt 0.098145 0.245605
vt 0.103027 0.253906
vt 0.099548 0.240234
vt 0.107971 0.259277
vt 0.103088 0.236816
vt 0.107971 0.255859
vt 0.112915 0.253906
vt 0.107971 0.234863
vt 0.133179 0.257324
vt 0.112854 0.236816
vt 0.116516 0.250488
vt 0.130493 0.232422
vt 0.116455 0.240234
vt 0.147705 0.219238
vt 0.117859 0.245605
vt 0.131836 0.245117
vt 0.143066 0.237305
vt 0.142822 0.242676
vt 0.145264 0.247070
vt 0.145630 0.233398
vt 0.149658 0.250000
vt 0.155273 0.253906
vt 0.154663 0.250488
vt 0.159302 0.247559
vt 0.166138 0.250000
vt 0.161743 0.243164
vt 0.175903 0.246094
vt 0.149780 0.228516
vt 0.150024 0.230469
vt 0.155029 0.230957
vt 0.167480 0.223145
vt 0.164551 0.214844
vt 0.159302 0.233398
vt 0.187012 0.213379
vt 0.181763 0.206055
vt 0.185547 0.219238
vt 0.188599 0.215820
vt 0.184448 0.224121
vt 0.185425 0.228516
vt 0.171753 0.234863
vt 0.161865 0.237793
vt 0.188599 0.232422
vt 0.192871 0.233887
vt 0.198608 0.236328
vt 0.197388 0.233398
vt 0.234131 0.260254
vt 0.242920 0.256348
vt 0.238525 0.261719
vt 0.231445 0.270508
vt 0.220825 0.264160
vt 0.218628 0.272461
vt 0.211426 0.264648
vt 0.022751 0.191406
vt 0.019257 0.190918
vt 0.025757 0.190430
vt 0.027649 0.187500
vt 0.028564 0.184082
vt 0.027664 0.180664
vt 0.025238 0.178223
vt 0.193237 0.231445
vt 0.196777 0.230957
vt 0.190186 0.230469
vt 0.188354 0.227539
vt 0.187378 0.224121
vt 0.188354 0.220703
vt 0.190796 0.218262
vt 0.304199 0.259766
vt 0.299805 0.261719
vt 0.295410 0.255859
vt 0.306885 0.270020
vt 0.317383 0.263672
vt 0.319824 0.271484
vt 0.326904 0.264160
vt 0.595703 0.209473
vt 0.602539 0.208496
vt 0.592285 0.205078
vt 0.597168 0.199219
vt 0.591797 0.190430
vt 0.587402 0.196777
vt 0.581543 0.185547
vt 0.578125 0.192383
vt 0.604980 0.238281
vt 0.611816 0.239746
vt 0.604004 0.250977
vt 0.608398 0.254395
vt 0.603027 0.264160
vt 0.574219 0.212891
vt 0.563965 0.225098
vt 0.563965 0.212402
vt 0.574707 0.225098
vt 0.583496 0.213867
vt 0.597656 0.233887
vt 0.596680 0.247559
vt 0.573730 0.234863
vt 0.574707 0.247559
vt 0.589844 0.247559
vt 0.588379 0.263184
vt 0.574707 0.262695
vt 0.262695 0.263184
vt 0.254150 0.276367
vt 0.256592 0.263184
vt 0.259521 0.278320
vt 0.248291 0.286133
vt 0.251953 0.290039
vt 0.240479 0.291504
vt 0.243164 0.296875
vt 0.225464 0.300781
vt 0.225464 0.295410
vt 0.210449 0.291992
vt 0.207764 0.296875
vt 0.198975 0.290039
vt 0.202637 0.286133
vt 0.191284 0.278320
vt 0.196655 0.276367
vt 0.188110 0.263184
vt 0.194092 0.263184
vt 0.570801 0.312012
vt 0.550293 0.312012
vt 0.562012 0.319336
vt 0.550293 0.323730
vt 0.509277 0.342773
vt 0.520508 0.345215
vt 0.509766 0.349609
vt 0.517090 0.339844
vt 0.528320 0.335449
vt 0.522461 0.332520
vt 0.525391 0.324219
vt 0.533691 0.323730
vt 0.527832 0.314941
vt 0.536133 0.314453
vt 0.510742 0.354492
vt 0.523926 0.349121
vt 0.534668 0.337402
vt 0.540039 0.323730
vt 0.542969 0.313477
vt 0.557617 0.199219
vt 0.544434 0.193848
vt 0.557617 0.193848
vt 0.544434 0.204590
vt 0.527344 0.193848
vt 0.527344 0.206543
vt 0.509277 0.203125
vt 0.509277 0.193848
vt 0.495850 0.196777
vt 0.496582 0.193848
vt 0.580078 0.084961
vt 0.561523 0.084473
vt 0.579590 0.079590
vt 0.561523 0.079102
vt 0.573730 0.044434
vt 0.562012 0.057617
vt 0.562012 0.043457
vt 0.577637 0.058105
vt 0.572754 0.124023
vt 0.569336 0.127930
vt 0.583984 0.143066
vt 0.581543 0.146484
vt 0.589355 0.155273
vt 0.578613 0.150879
vt 0.587402 0.162109
vt 0.268555 0.142578
vt 0.268555 0.139160
vt 0.563477 0.235352
vt 0.563965 0.248047
vt 0.565430 0.261719
vt 0.596680 0.264648
vt 0.265381 0.280762
vt 0.269531 0.263184
vt 0.256104 0.294434
vt 0.243530 0.303223
vt 0.225464 0.306152
vt 0.207397 0.303223
vt 0.194702 0.294434
vt 0.185425 0.280762
vt 0.181396 0.263672
vt 0.525879 0.107422
vt 0.547363 0.099609
vt 0.546875 0.107422
vt 0.525879 0.098145
vt 0.504395 0.099609
vt 0.504883 0.107422
vt 0.462402 0.140137
vt 0.463867 0.113281
vt 0.445068 0.119629
vt 0.484375 0.086426
vt 0.445312 0.084473
vt 0.432861 0.111816
vt 0.465088 0.084961
vt 0.480957 0.045410
vt 0.420898 0.083984
vt 0.420654 0.107910
vt 0.408691 0.111816
vt 0.467041 0.044434
vt 0.478271 0.020020
vt 0.468018 0.019043
vt 0.446289 0.018555
vt 0.445801 0.043945
vt 0.421631 0.018066
vt 0.421387 0.043457
vt 0.396729 0.043457
vt 0.396729 0.018066
vt 0.396484 0.083984
vt 0.396240 0.119141
vt 0.375732 0.043945
vt 0.375000 0.018555
vt 0.364746 0.018555
vt 0.361816 0.044434
vt 0.376709 0.084473
vt 0.357422 0.084961
vt 0.377686 0.112793
vt 0.378418 0.139648
vt 0.552246 0.235352
vt 0.544922 0.212402
vt 0.559082 0.212402
vt 0.545410 0.235352
vt 0.527832 0.211914
vt 0.527832 0.235840
vt 0.514160 0.236816
vt 0.510254 0.211914
vt 0.504395 0.240234
vt 0.495850 0.212402
vt 0.550293 0.136230
vt 0.557129 0.189941
vt 0.543945 0.189941
vt 0.526855 0.136230
vt 0.526855 0.189941
vt 0.547852 0.112305
vt 0.526855 0.112305
vt 0.505859 0.112305
vt 0.508789 0.189941
vt 0.502930 0.136230
vt 0.496094 0.189941
vt 0.493652 0.027344
vt 0.489502 0.000488
vt 0.500000 0.000488
vt 0.500000 0.027344
vt 0.500488 0.071289
vt 0.525879 0.000488
vt 0.525879 0.027832
vt 0.525879 0.071289
vt 0.551270 0.071289
vt 0.552246 0.027832
vt 0.552246 0.000488
vt 0.558594 0.027832
vt 0.562988 0.000488
vt 0.328857 0.310059
vt 0.301514 0.310547
vt 0.324463 0.300781
vt 0.314453 0.293945
vt 0.301270 0.291504
vt 0.288086 0.294434
vt 0.278320 0.301270
vt 0.274170 0.310547
vt 0.574707 0.015625
vt 0.578613 0.014648
vt 0.578613 0.022461
vt 0.571777 0.018555
vt 0.570801 0.022461
vt 0.571777 0.026367
vt 0.574707 0.029297
vt 0.578613 0.030273
vt 0.582520 0.015625
vt 0.585449 0.018555
vt 0.586426 0.022461
vt 0.585449 0.026367
vt 0.582520 0.029297
vt 0.151733 0.306152
vt 0.129395 0.306152
vt 0.151733 0.303223
vt 0.129395 0.303223
vt 0.151733 0.294922
vt 0.104858 0.303223
vt 0.104858 0.306152
vt 0.129395 0.294922
vt 0.151733 0.286621
vt 0.104858 0.294922
vt 0.081055 0.303223
vt 0.081055 0.306152
vt 0.057190 0.306152
vt 0.081055 0.294922
vt 0.057190 0.303223
vt 0.032623 0.306152
vt 0.010376 0.303223
vt 0.010376 0.306152
vt 0.032623 0.303223
vt 0.010376 0.294922
vt 0.057190 0.294922
vt 0.032623 0.294922
vt 0.010376 0.286621
vt 0.081055 0.286621
vt 0.057190 0.286621
vt 0.032623 0.286621
vt 0.010376 0.272461
vt 0.032623 0.272461
vt 0.057190 0.272461
vt 0.081055 0.272461
vt 0.104858 0.286621
vt 0.104858 0.272461
vt 0.129395 0.286621
vt 0.129395 0.272461
vt 0.151733 0.272461
vt 0.224487 0.181641
vt 0.223389 0.137207
vt 0.235107 0.177734
vt 0.222290 0.110352
vt 0.200439 0.084473
vt 0.242676 0.140625
vt 0.242432 0.109375
vt 0.268311 0.108887
vt 0.242188 0.082520
vt 0.268311 0.082031
vt 0.294434 0.109375
vt 0.221069 0.083008
vt 0.204346 0.040527
vt 0.268066 0.038574
vt 0.219238 0.039551
vt 0.207275 0.013184
vt 0.218262 0.012695
vt 0.241577 0.011719
vt 0.241943 0.039062
vt 0.268066 0.011719
vt 0.294434 0.039062
vt 0.294678 0.011719
vt 0.294434 0.082031
vt 0.317139 0.039551
vt 0.317871 0.012207
vt 0.328857 0.012695
vt 0.332031 0.040039
vt 0.315674 0.083008
vt 0.336182 0.083984
vt 0.314453 0.109863
vt 0.312744 0.181641
vt 0.313477 0.136719
vt 0.302246 0.177246
vt 0.294434 0.140137
vt 0.177490 0.126465
vt 0.182251 0.097656
vt 0.187012 0.119629
vt 0.169434 0.096191
vt 0.176514 0.075684
vt 0.162842 0.125000
vt 0.163940 0.160645
vt 0.153809 0.159668
vt 0.152710 0.068848
vt 0.147339 0.124512
vt 0.139893 0.158691
vt 0.151367 0.095215
vt 0.127441 0.124512
vt 0.124756 0.158203
vt 0.130981 0.094727
vt 0.110962 0.124512
vt 0.110962 0.157715
vt 0.097229 0.158203
vt 0.110901 0.094238
vt 0.094360 0.124512
vt 0.082031 0.158691
vt 0.131714 0.067871
vt 0.074463 0.124512
vt 0.068176 0.159668
vt 0.153320 0.052246
vt 0.158691 0.035156
vt 0.133179 0.045410
vt 0.110840 0.067383
vt 0.133301 0.030273
vt 0.136963 0.018066
vt 0.110779 0.043945
vt 0.110779 0.028320
vt 0.123169 0.012207
vt 0.110779 0.009766
vt 0.098328 0.012207
vt 0.084534 0.018066
vt 0.088196 0.030273
vt 0.062805 0.035156
vt 0.088440 0.045410
vt 0.068298 0.052734
vt 0.045197 0.076172
vt 0.089966 0.068359
vt 0.068970 0.068848
vt 0.090820 0.094727
vt 0.070435 0.095215
vt 0.052277 0.096680
vt 0.039551 0.097656
vt 0.059052 0.125000
vt 0.058014 0.161133
vt 0.044312 0.126465
vt 0.034760 0.120117
vt 0.811523 0.206055
vt 0.812988 0.217285
vt 0.816895 0.208984
vt 0.817383 0.202148
vt 0.803711 0.210938
vt 0.811523 0.198242
vt 0.816895 0.195801
vt 0.803711 0.193848
vt 0.812988 0.187500
vt 0.058746 0.245605
vt 0.056976 0.242676
vt 0.061829 0.247070
vt 0.057037 0.238770
vt 0.065308 0.247070
vt 0.068237 0.245117
vt 0.058746 0.235840
vt 0.069885 0.242188
vt 0.061676 0.233887
vt 0.065125 0.233887
vt 0.069824 0.238281
vt 0.068115 0.235352
vt 0.057129 0.198730
vt 0.057037 0.202637
vt 0.058838 0.195801
vt 0.058777 0.205566
vt 0.061707 0.193848
vt 0.061829 0.207031
vt 0.065063 0.193848
vt 0.065247 0.207031
vt 0.068054 0.195801
vt 0.068176 0.205078
vt 0.069702 0.198730
vt 0.069763 0.202148
vt 0.145996 0.242188
vt 0.147705 0.245117
vt 0.146118 0.238281
vt 0.150635 0.247070
vt 0.147827 0.235352
vt 0.154175 0.247070
vt 0.150879 0.233887
vt 0.154297 0.233887
vt 0.157227 0.245605
vt 0.158936 0.242676
vt 0.157227 0.235840
vt 0.158936 0.238770
vt 0.111145 0.199707
vt 0.113403 0.202148
vt 0.107910 0.199219
vt 0.104736 0.199707
vt 0.114258 0.205566
vt 0.113403 0.208984
vt 0.102417 0.202148
vt 0.111084 0.211426
vt 0.101501 0.205566
vt 0.107910 0.211914
vt 0.102356 0.208984
vt 0.104675 0.211426
vt 0.154175 0.194336
vt 0.150757 0.194336
vt 0.147827 0.195801
vt 0.156982 0.196289
vt 0.146118 0.198730
vt 0.158691 0.199219
vt 0.145996 0.202148
vt 0.158813 0.202637
vt 0.147583 0.205078
vt 0.156982 0.205566
vt 0.150513 0.207031
vt 0.153931 0.207520
vt 0.104675 0.239746
vt 0.102356 0.242188
vt 0.107971 0.238770
vt 0.111267 0.239746
vt 0.101440 0.245605
vt 0.102356 0.248535
vt 0.113647 0.242188
vt 0.104675 0.251465
vt 0.114502 0.245605
vt 0.107971 0.251953
vt 0.113647 0.248535
vt 0.111267 0.251465
vt 0.219849 0.242676
vt 0.210205 0.242676
vt 0.230591 0.243164
vt 0.222656 0.225098
vt 0.214966 0.214355
vt 0.225342 0.208496
vt 0.232544 0.224121
vt 0.235596 0.204102
vt 0.238892 0.243652
vt 0.247437 0.244141
vt 0.241699 0.223633
vt 0.251465 0.223145
vt 0.245239 0.199707
vt 0.256592 0.209473
vt 0.257080 0.199707
vt 0.252441 0.167969
vt 0.268799 0.209473
vt 0.268555 0.167969
vt 0.268799 0.199219
vt 0.280273 0.199219
vt 0.284912 0.167969
vt 0.281006 0.208984
vt 0.292236 0.199707
vt 0.296143 0.223145
vt 0.286377 0.223145
vt 0.302002 0.203613
vt 0.290527 0.243652
vt 0.305420 0.223633
vt 0.312256 0.208008
vt 0.299316 0.243652
vt 0.307617 0.242676
vt 0.315186 0.224609
vt 0.322754 0.213867
vt 0.327881 0.241699
vt 0.318115 0.242188
vt 0.596191 0.065430
vt 0.601562 0.063965
vt 0.601562 0.068359
vt 0.606934 0.065430
vt 0.597656 0.061523
vt 0.591309 0.055664
vt 0.605469 0.061523
vt 0.612305 0.055664
vt 0.601562 0.058105
vt 0.594238 0.053223
vt 0.589355 0.041016
vt 0.599121 0.056152
vt 0.609375 0.053223
vt 0.614258 0.041016
vt 0.604492 0.056152
vt 0.601562 0.050293
vt 0.596680 0.049805
vt 0.600098 0.049316
vt 0.603027 0.049316
vt 0.592285 0.041016
vt 0.606934 0.049805
vt 0.593750 0.028809
vt 0.591309 0.026855
vt 0.610840 0.041016
vt 0.597656 0.020996
vt 0.596191 0.017090
vt 0.601562 0.014160
vt 0.609375 0.028809
vt 0.612305 0.026855
vt 0.601562 0.018066
vt 0.605469 0.020508
vt 0.606934 0.017090
vt 0.601562 0.023926
vt 0.599121 0.026367
vt 0.604492 0.026367
vt 0.601562 0.032227
vt 0.596680 0.032227
vt 0.600098 0.033203
vt 0.595703 0.041016
vt 0.599121 0.036621
vt 0.599121 0.045898
vt 0.598633 0.041016
vt 0.601562 0.041016
vt 0.603027 0.033203
vt 0.604492 0.045898
vt 0.606934 0.032227
vt 0.607910 0.041016
vt 0.604492 0.036621
vt 0.604980 0.041016
vt 0.606934 0.130859
vt 0.601562 0.129883
vt 0.601562 0.133789
vt 0.596191 0.130859
vt 0.605469 0.127441
vt 0.612305 0.121094
vt 0.597656 0.127441
vt 0.591309 0.121094
vt 0.601562 0.124023
vt 0.609375 0.119141
vt 0.594238 0.119141
vt 0.604492 0.121582
vt 0.610840 0.106934
vt 0.614258 0.106934
vt 0.606934 0.115723
vt 0.601562 0.116211
vt 0.599121 0.121582
vt 0.603027 0.114746
vt 0.600098 0.114746
vt 0.604492 0.111328
vt 0.596680 0.115723
vt 0.607910 0.106934
vt 0.604980 0.106934
vt 0.601562 0.106934
vt 0.604492 0.102051
vt 0.606934 0.098145
vt 0.603027 0.099121
vt 0.609375 0.094727
vt 0.612305 0.092285
vt 0.604492 0.091797
vt 0.605469 0.086426
vt 0.606934 0.082520
vt 0.601562 0.080078
vt 0.601562 0.097656
vt 0.601562 0.089844
vt 0.601562 0.083984
vt 0.597656 0.086426
vt 0.596191 0.083008
vt 0.591309 0.092773
vt 0.599121 0.091797
vt 0.593750 0.094727
vt 0.589355 0.106934
vt 0.600098 0.099121
vt 0.596680 0.098145
vt 0.592285 0.106934
vt 0.599121 0.102051
vt 0.595703 0.106934
vt 0.598633 0.106934
vt 0.599121 0.111328
s 1
usemtl Arm
f 379/56/168 380/57/168 381/58/169
f 382/58/170 383/57/168 384/59/170
f 385/57/171 386/60/171 387/59/171
f 388/60/171 389/57/171 390/61/171
f 391/62/172 392/63/172 393/64/172
f 394/63/173 395/62/173 396/65/173
f 397/64/174 398/66/175 399/67/174
f 400/66/176 401/64/177 402/63/177
f 403/68/178 404/69/179 405/70/179
f 406/71/180 407/72/180 408/73/168
f 409/72/180 410/71/180 411/74/168
f 412/74/171 413/75/171 414/72/171
f 415/75/171 416/76/171 417/72/171
f 418/77/172 419/78/172 420/79/172
f 421/79/181 422/80/181 423/77/181
f 424/78/182 425/81/174 426/82/182
f 427/82/183 428/79/183 429/78/183
f 430/83/184 431/84/185 432/85/184
f 433/86/186 434/87/186 435/88/187
f 436/89/188 437/90/189 438/91/190
f 439/92/191 440/86/191 441/88/191
f 442/86/192 443/92/192 444/93/192
f 445/94/193 446/92/193 447/95/193
f 448/96/194 449/97/195 450/98/196
f 451/86/197 452/88/197 453/87/197
f 454/89/198 455/91/199 456/90/200
f 457/92/201 458/86/201 459/93/201
f 460/86/202 461/92/202 462/88/202
f 463/94/203 464/95/203 465/92/203
f 466/96/204 467/98/205 468/97/206
f 469/90/207 470/89/208 471/99/207
f 469/90/207 471/99/207 472/100/209
f 473/101/210 474/102/211 475/103/211
f 474/102/211 473/101/210 476/97/211
f 477/104/212 478/105/213 479/106/214
f 479/106/214 478/105/213 480/107/215
f 481/108/216 482/109/217 483/110/218
f 482/109/217 481/108/216 484/111/219
f 485/90/220 486/99/220 487/89/221
f 485/90/220 488/100/222 486/99/220
f 489/101/211 490/102/210 491/97/210
f 490/102/210 489/101/211 492/103/210
f 493/104/223 494/106/224 495/105/225
f 494/106/224 496/107/226 495/105/225
f 497/109/217 498/108/227 499/110/218
f 498/108/227 497/109/217 500/111/228
f 501/112/229 502/113/230 503/114/231
f 503/114/231 502/113/230 504/115/232
f 503/114/231 504/115/232 505/116/233
f 504/115/232 506/117/234 505/116/233
f 506/117/234 507/118/235 505/116/233
f 507/118/235 506/117/234 508/119/236
f 508/119/236 509/120/237 507/118/235
f 509/120/237 508/119/236 510/121/238
f 511/122/239 512/123/240 513/124/241
f 512/123/240 514/125/242 513/124/241
f 513/124/241 514/125/242 515/126/243
f 514/125/242 516/127/244 515/126/243
f 516/127/244 517/128/245 515/126/243
f 515/126/243 517/128/245 518/129/246
f 519/130/189 520/131/247 521/132/190
f 521/132/190 520/131/247 522/133/248
f 522/133/248 523/134/249 521/132/190
f 523/134/249 522/133/248 524/135/250
f 525/120/251 526/121/252 527/119/253
f 525/120/251 527/119/253 528/118/254
f 528/118/254 527/119/253 529/117/255
f 528/118/254 529/117/255 530/116/256
f 531/115/257 530/116/256 529/117/255
f 530/116/256 531/115/257 532/114/258
f 532/114/258 531/115/257 533/113/259
f 533/113/259 534/112/260 532/114/258
f 535/136/261 536/137/262 537/101/263
f 538/138/264 535/136/261 537/101/263
f 538/138/264 537/101/263 539/97/265
f 538/138/264 539/97/265 540/98/266
f 541/139/267 542/140/268 543/141/269
f 544/142/206 541/139/267 543/141/269
f 543/141/269 545/104/270 544/142/206
f 545/104/270 546/105/271 544/142/206
f 547/143/272 548/144/273 549/145/274
f 550/146/275 549/145/274 548/144/273
f 549/145/274 550/146/275 551/147/276
f 550/146/275 552/148/277 551/147/276
f 552/148/277 550/146/275 553/149/278
f 554/150/279 555/151/280 556/152/281
f 554/150/279 556/152/281 557/153/282
f 558/154/283 554/150/279 557/153/282
f 557/153/282 559/155/284 558/154/283
f 559/155/284 560/156/285 558/154/283
f 560/156/285 559/155/284 561/157/286
f 562/158/287 560/156/285 561/157/286
f 560/156/285 562/158/287 563/159/288
f 564/160/289 563/159/288 562/158/287
f 563/159/288 564/160/289 565/161/290
f 566/162/291 565/161/290 564/160/289
f 565/161/290 566/162/291 567/163/292
f 568/151/293 569/150/294 570/152/295
f 571/153/296 570/152/295 569/150/294
f 572/154/297 571/153/296 569/150/294
f 571/153/296 572/154/297 573/155/298
f 574/156/299 573/155/298 572/154/297
f 573/155/298 574/156/299 575/157/300
f 574/156/299 576/158/301 575/157/300
f 576/158/301 574/156/299 577/159/302
f 577/159/302 578/160/303 576/158/301
f 578/160/303 577/159/302 579/161/304
f 579/161/304 580/162/305 578/160/303
f 580/162/305 579/161/304 581/163/306
f 582/164/307 583/165/308 584/166/309
f 583/165/308 582/164/307 585/167/310
f 585/167/310 586/168/311 583/165/308
f 586/168/311 585/167/310 587/169/312
f 588/170/313 586/168/311 587/169/312
f 586/168/311 588/170/313 589/171/314
f 588/170/313 590/172/315 589/171/314
f 590/172/315 588/170/313 591/173/316
f 591/173/316 592/174/317 590/172/315
f 591/173/316 593/175/318 592/174/317
f 594/176/319 592/174/317 593/175/318
f 592/174/317 594/176/319 595/177/320
f 596/178/321 597/167/322 598/164/321
f 596/178/321 599/179/323 597/167/322
f 597/167/322 599/179/323 600/169/322
f 600/169/322 599/179/323 601/180/324
f 601/180/324 602/170/325 600/169/322
f 603/181/326 601/180/324 599/179/323
f 604/182/327 603/181/326 599/179/323
f 601/180/324 603/181/326 605/183/328
f 603/181/326 604/182/327 606/184/327
f 601/180/324 605/183/328 607/185/329
f 606/184/327 604/182/327 608/186/330
f 606/184/327 608/186/330 609/187/330
f 608/186/330 610/188/331 609/187/330
f 610/188/331 608/186/330 611/189/332
f 611/189/332 612/190/333 610/188/331
f 602/170/325 601/180/324 613/191/334
f 607/185/329 613/191/334 601/180/324
f 602/170/325 613/191/334 614/173/335
f 613/191/334 607/185/329 615/192/336
f 613/191/334 616/175/337 614/173/335
f 613/191/334 617/193/338 616/175/337
f 616/175/337 617/193/338 618/176/339
f 617/193/338 613/191/334 619/194/340
f 617/193/338 619/194/340 620/195/341
f 613/191/334 621/196/342 619/194/340
f 621/196/342 613/191/334 622/197/343
f 615/192/336 622/197/343 613/191/334
f 622/197/343 615/192/336 623/198/344
f 624/199/345 622/197/343 623/198/344
f 625/200/346 622/197/343 624/199/345
f 625/200/346 621/196/342 622/197/343
f 626/201/347 621/196/342 625/200/346
f 627/202/348 625/200/346 624/199/345
f 628/203/349 626/201/347 625/200/346
f 626/201/347 628/203/349 629/204/350
f 630/205/351 629/204/350 628/203/349
f 627/202/348 631/206/352 625/200/346
f 611/189/332 631/206/352 612/190/333
f 631/206/352 627/202/348 632/207/353
f 631/206/352 632/207/353 612/190/333
f 633/208/354 631/206/352 611/189/332
f 634/209/355 625/200/346 631/206/352
f 631/206/352 633/208/354 634/209/355
f 611/189/332 635/210/356 633/208/354
f 625/200/346 634/209/355 636/211/357
f 611/189/332 637/212/358 635/210/356
f 638/213/357 628/203/349 625/200/346
f 625/200/346 636/211/357 638/213/357
f 635/210/356 637/212/358 639/214/359
f 640/215/360 639/214/359 637/212/358
f 628/203/349 638/213/357 641/216/361
f 637/212/358 642/217/362 640/215/360
f 643/218/363 628/203/349 641/216/361
f 642/217/362 644/219/364 640/215/360
f 628/203/349 643/218/363 645/220/365
f 628/203/349 645/220/365 630/205/351
f 645/220/365 643/218/363 646/221/366
f 645/220/365 647/222/367 630/205/351
f 648/223/368 645/220/365 646/221/366
f 644/219/364 649/224/369 648/223/368
f 645/220/365 648/223/368 649/224/369
f 649/224/369 644/219/364 642/217/362
f 650/225/370 645/220/365 649/224/369
f 650/225/370 649/224/369 651/226/371
f 642/217/362 652/227/372 649/224/369
f 649/224/369 652/227/372 651/226/371
f 650/225/370 653/228/373 645/220/365
f 642/217/362 654/229/374 652/227/372
f 655/230/375 654/229/374 642/217/362
f 654/229/374 655/230/375 656/231/376
f 655/230/375 657/232/377 656/231/376
f 655/230/375 658/233/378 657/232/377
f 658/233/378 659/234/379 657/232/377
f 659/234/379 658/233/378 660/235/380
f 647/222/367 645/220/365 661/236/381
f 661/236/381 645/220/365 653/228/373
f 661/236/381 653/228/373 662/237/382
f 663/238/383 661/236/381 662/237/382
f 661/236/381 664/239/384 647/222/367
f 661/236/381 663/238/383 664/239/384
f 665/240/385 647/222/367 664/239/384
f 664/239/384 663/238/383 666/241/386
f 664/239/384 667/242/387 665/240/385
f 665/240/385 667/242/387 668/243/388
f 667/242/387 664/239/384 669/244/389
f 667/242/387 669/244/389 670/245/390
f 664/239/384 671/246/389 669/244/389
f 671/246/389 664/239/384 672/247/391
f 672/247/391 664/239/384 673/248/392
f 664/239/384 666/241/386 673/248/392
f 673/248/392 659/234/379 660/235/380
f 659/234/379 673/248/392 674/249/393
f 673/248/392 666/241/386 674/249/393
f 675/250/394 673/248/392 660/235/380
f 673/248/392 675/250/394 672/247/391
f 676/251/395 675/250/394 660/235/380
f 660/235/380 677/252/396 676/251/395
f 676/251/395 677/252/396 678/253/396
f 679/254/397 680/255/398 681/256/399
f 680/255/398 679/254/397 682/257/400
f 683/258/401 682/257/400 679/254/397
f 682/257/400 683/258/401 684/259/402
f 683/258/401 685/260/403 684/259/402
f 685/260/403 683/258/401 686/261/404
f 687/262/405 685/260/403 686/261/404
f 685/260/403 687/262/405 688/263/406
f 689/264/407 688/263/406 687/262/405
f 690/265/408 688/263/406 689/264/407
f 689/264/407 691/266/409 690/265/408
f 691/266/409 689/264/407 692/267/410
f 693/257/411 694/268/412 695/255/412
f 693/257/411 696/269/413 694/268/412
f 693/257/411 697/259/414 696/269/413
f 696/269/413 697/259/414 698/270/415
f 698/270/415 697/259/414 699/260/416
f 698/270/415 700/271/417 696/269/413
f 700/271/417 701/272/418 696/269/413
f 700/271/417 698/270/415 702/273/419
f 701/272/418 700/271/417 703/274/420
f 702/273/419 698/270/415 704/275/421
f 705/276/422 701/272/418 703/274/420
f 705/276/422 703/274/420 706/277/422
f 707/278/423 705/276/422 706/277/422
f 705/276/422 707/278/423 708/279/424
f 708/279/424 707/278/423 709/280/425
f 710/281/426 698/270/415 699/260/416
f 698/270/415 710/281/426 704/275/421
f 710/281/426 699/260/416 711/263/427
f 710/281/426 712/282/428 704/275/421
f 710/281/426 711/263/427 713/265/427
f 714/283/429 710/281/426 713/265/427
f 714/283/429 713/265/427 715/266/430
f 710/281/426 714/283/429 716/284/431
f 716/284/431 714/283/429 717/285/432
f 718/286/433 710/281/426 716/284/431
f 710/281/426 718/286/433 719/287/434
f 719/287/434 712/282/428 710/281/426
f 712/282/428 719/287/434 720/288/435
f 719/287/434 721/289/436 720/288/435
f 719/287/434 722/290/437 721/289/436
f 722/290/437 719/287/434 718/286/433
f 718/286/433 723/291/438 722/290/437
f 724/292/439 721/289/436 722/290/437
f 723/291/438 725/293/440 722/290/437
f 725/293/440 723/291/438 726/294/441
f 725/293/440 726/294/441 727/295/442
f 728/296/443 708/279/424 709/280/425
f 722/290/437 728/296/443 724/292/439
f 728/296/443 709/280/425 729/297/444
f 724/292/439 728/296/443 729/297/444
f 728/296/443 730/298/445 708/279/424
f 722/290/437 731/299/446 728/296/443
f 730/298/445 728/296/443 731/299/446
f 708/279/424 730/298/445 732/300/447
f 731/299/446 722/290/437 733/301/448
f 734/302/449 708/279/424 732/300/447
f 725/293/440 735/303/448 722/290/437
f 722/290/437 735/303/448 733/301/448
f 734/302/449 732/300/447 736/304/449
f 734/302/449 736/304/449 737/305/450
f 735/303/448 725/293/440 738/306/451
f 739/307/452 734/302/449 737/305/450
f 725/293/440 740/308/453 738/306/451
f 739/307/452 737/305/450 741/309/454
f 740/308/453 725/293/440 742/310/455
f 742/310/455 725/293/440 727/295/442
f 742/310/455 743/311/456 740/308/453
f 744/312/457 742/310/455 727/295/442
f 742/310/455 745/313/458 743/311/456
f 745/313/458 742/310/455 746/314/459
f 741/309/454 746/314/459 739/307/452
f 746/314/459 741/309/454 745/313/458
f 742/310/455 747/315/460 746/314/459
f 748/316/461 746/314/459 747/315/460
f 749/317/462 746/314/459 748/316/461
f 749/317/462 739/307/452 746/314/459
f 747/315/460 742/310/455 750/318/463
f 739/307/452 749/317/462 751/319/464
f 751/319/464 752/320/465 739/307/452
f 752/320/465 751/319/464 753/321/466
f 754/322/467 752/320/465 753/321/466
f 755/323/467 752/320/465 754/322/467
f 756/324/468 755/323/467 754/322/467
f 755/323/467 756/324/468 757/325/469
f 758/326/470 742/310/455 744/312/457
f 750/318/463 742/310/455 758/326/470
f 759/327/471 750/318/463 758/326/470
f 758/326/470 760/328/472 759/327/471
f 760/328/472 758/326/470 761/329/473
f 761/329/473 758/326/470 744/312/457
f 744/312/457 762/330/474 761/329/473
f 761/329/473 763/331/475 760/328/472
f 762/330/474 764/332/476 761/329/473
f 764/332/476 762/330/474 765/333/477
f 766/334/478 761/329/473 764/332/476
f 766/334/478 764/332/476 767/335/479
f 761/329/473 766/334/478 768/336/480
f 769/337/481 761/329/473 768/336/480
f 770/338/482 763/331/475 761/329/473
f 761/329/473 769/337/481 770/338/482
f 756/324/468 770/338/482 757/325/469
f 763/331/475 770/338/482 771/339/483
f 770/338/482 756/324/468 771/339/483
f 770/338/482 772/340/484 757/325/469
f 772/340/484 770/338/482 769/337/481
f 773/341/485 757/325/469 772/340/484
f 774/342/486 757/325/469 773/341/485
f 774/342/486 773/341/485 775/343/486
f 776/344/487 777/345/488 778/346/489
f 778/346/489 779/347/490 776/344/487
f 779/347/490 780/348/491 776/344/487
f 779/347/490 781/349/492 780/348/491
f 780/348/491 781/349/492 782/350/492
f 783/351/493 784/253/494 785/352/495
f 784/253/494 783/351/493 786/251/496
f 787/353/497 786/251/496 783/351/493
f 786/251/496 787/353/497 788/250/498
f 787/353/497 789/247/499 788/250/498
f 789/247/499 787/353/497 790/354/500
f 791/355/501 789/247/499 790/354/500
f 789/247/499 791/355/501 792/246/502
f 793/356/503 792/246/502 791/355/501
f 792/246/502 793/356/503 794/244/504
f 793/356/503 795/245/505 794/244/504
f 795/245/505 793/356/503 796/357/506
f 797/343/507 798/358/508 799/359/509
f 798/358/508 797/343/507 800/341/510
f 800/341/510 801/360/511 798/358/508
f 801/360/511 800/341/510 802/340/512
f 803/337/513 801/360/511 802/340/512
f 801/360/511 803/337/513 804/361/514
f 803/337/513 805/362/515 804/361/514
f 805/362/515 803/337/513 806/336/516
f 807/363/517 805/362/515 806/336/516
f 807/363/517 806/336/516 808/334/518
f 809/335/519 807/363/517 808/334/518
f 807/363/517 809/335/519 810/364/520
f 811/365/521 812/366/522 813/367/523
f 811/365/521 814/368/524 812/366/522
f 814/368/524 811/365/521 815/369/491
f 816/370/492 814/368/524 815/369/491
f 815/369/491 817/371/492 816/370/492
f 818/372/525 819/87/526 820/86/527
f 819/87/526 818/372/525 821/373/528
f 822/374/529 821/373/528 818/372/525
f 823/375/530 821/373/528 822/374/529
f 824/376/531 823/375/530 822/374/529
f 824/376/531 822/374/529 825/377/532
f 826/378/533 824/376/531 825/377/532
f 825/377/532 827/379/534 826/378/533
f 828/380/535 829/149/536 830/148/537
f 830/148/537 831/381/538 828/380/535
f 831/381/538 832/382/539 828/380/535
f 832/382/539 831/381/538 833/383/540
f 832/382/539 833/383/540 834/384/541
f 835/385/542 836/386/491 837/387/491
f 836/386/491 835/385/542 838/388/543
f 839/389/544 838/388/543 835/385/542
f 838/388/543 839/389/544 840/94/545
f 841/93/546 840/94/545 839/389/544
f 840/94/545 841/93/546 842/92/547
f 843/149/548 844/390/549 845/88/550
f 844/390/549 843/149/548 846/380/551
f 846/380/551 847/391/552 844/390/549
f 847/391/552 846/380/551 848/382/553
f 847/391/552 848/382/553 849/384/554
f 850/94/555 851/392/556 852/388/557
f 851/392/556 850/94/555 853/95/558
f 853/95/558 854/393/559 851/392/556
f 854/393/559 853/95/558 855/394/560
f 855/394/560 856/395/561 854/393/559
f 854/393/559 856/395/561 857/396/562
f 858/397/563 859/398/564 860/399/565
f 859/398/564 858/397/563 861/400/566
f 861/400/566 862/401/567 859/398/564
f 862/401/567 861/400/566 863/402/568
f 863/402/568 864/403/569 862/401/567
f 863/402/568 865/404/570 864/403/569
f 865/404/570 866/405/571 864/403/569
f 864/403/569 866/405/571 867/406/572
f 866/405/571 868/407/573 867/406/572
f 868/407/573 866/405/571 869/408/574
f 869/408/574 870/409/575 868/407/573
f 868/407/573 870/409/575 871/410/576
f 870/409/575 872/411/577 871/410/576
f 871/410/576 872/411/577 873/412/578
f 874/413/579 873/412/578 872/411/577
f 873/412/578 874/413/579 875/414/580
f 876/415/491 877/103/491 878/102/491
f 877/103/491 876/415/491 879/416/491
f 876/415/491 880/417/491 879/416/491
f 879/416/491 880/417/491 881/418/491
f 882/97/581 883/138/264 884/98/582
f 885/101/583 883/138/264 882/97/581
f 883/138/264 885/101/583 886/136/584
f 886/136/584 885/101/583 887/137/585
f 888/419/491 889/420/491 890/421/491
f 889/420/491 888/419/491 891/422/491
f 892/423/491 889/420/491 891/422/491
f 892/423/491 891/422/491 893/424/491
f 892/423/491 893/424/491 894/425/491
f 895/426/491 892/423/491 894/425/491
f 896/427/491 895/426/491 894/425/491
f 895/426/491 896/427/491 897/428/491
f 898/421/586 899/420/587 900/429/588
f 901/430/589 900/429/588 899/420/587
f 899/420/587 902/423/590 901/430/589
f 903/431/591 901/430/589 902/423/590
f 902/423/590 904/426/592 903/431/591
f 905/432/593 903/431/591 904/426/592
f 905/432/593 904/426/592 906/428/594
f 907/433/595 905/432/593 906/428/594
f 908/139/596 909/141/597 910/140/598
f 908/139/596 911/142/195 909/141/597
f 912/104/599 909/141/597 911/142/195
f 912/104/599 911/142/195 913/105/600
f 914/434/601 915/435/602 916/436/601
f 915/435/602 914/434/601 917/437/602
f 917/437/602 918/438/602 915/435/602
f 918/438/602 917/437/602 919/439/602
f 918/438/602 919/439/602 920/440/603
f 921/441/603 918/438/602 920/440/603
f 922/442/604 921/441/603 920/440/603
f 921/441/603 922/442/604 923/443/605
f 924/134/606 925/444/607 926/132/608
f 925/444/607 924/134/606 927/445/609
f 927/445/609 928/446/610 925/444/607
f 928/446/610 927/445/609 929/447/611
f 930/448/612 931/449/613 932/450/614
f 931/449/613 930/448/612 933/451/615
f 933/451/615 934/447/616 931/449/613
f 934/447/616 933/451/615 935/446/617
f 936/452/618 937/111/619 938/108/620
f 937/111/619 936/452/618 939/453/621
f 940/454/622 939/453/621 936/452/618
f 939/453/621 940/454/622 941/455/623
f 942/456/624 941/455/623 940/454/622
f 942/456/624 943/457/625 941/455/623
f 943/457/625 942/456/624 944/458/626
f 944/458/626 945/91/627 943/457/625
f 945/91/627 944/458/626 946/89/628
f 947/143/629 948/145/630 949/144/631
f 948/145/630 950/146/632 949/144/631
f 950/146/632 948/145/630 951/147/633
f 952/148/634 950/146/632 951/147/633
f 950/146/632 952/148/634 953/149/635
f 954/133/636 955/134/249 956/135/250
f 955/134/249 954/133/636 957/132/637
f 957/132/637 954/133/636 958/131/638
f 959/130/639 957/132/637 958/131/638
f 960/87/640 961/372/641 962/86/642
f 960/87/640 963/373/643 961/372/641
f 964/374/644 961/372/641 963/373/643
f 965/375/645 964/374/644 963/373/643
f 966/376/646 964/374/644 965/375/645
f 966/376/646 967/377/647 964/374/644
f 968/378/533 967/377/647 966/376/646
f 967/377/647 968/378/533 969/379/534
f 970/149/648 971/380/649 972/148/650
f 972/148/650 971/380/649 973/381/651
f 974/382/652 973/381/651 971/380/649
f 973/381/651 974/382/652 975/383/653
f 974/382/652 976/384/654 975/383/653
f 977/386/491 978/385/655 979/387/491
f 978/385/655 977/386/491 980/388/656
f 980/388/656 981/389/657 978/385/655
f 981/389/657 980/388/656 982/94/658
f 982/94/658 983/93/659 981/389/657
f 983/93/659 982/94/658 984/92/660
f 985/390/661 986/149/662 987/88/663
f 986/149/662 985/390/661 988/380/664
f 989/391/665 988/380/664 985/390/661
f 988/380/664 989/391/665 990/382/666
f 989/391/665 991/384/667 990/382/666
f 992/392/668 993/94/669 994/388/670
f 993/94/669 992/392/668 995/95/671
f 996/393/672 995/95/671 992/392/668
f 995/95/671 996/393/672 997/394/673
f 997/394/673 996/393/672 998/395/674
f 996/393/672 999/396/675 998/395/674
f 1000/398/676 1001/397/677 1002/399/678
f 1001/397/677 1000/398/676 1003/400/679
f 1000/398/676 1004/401/680 1003/400/679
f 1003/400/679 1004/401/680 1005/402/681
f 1006/403/682 1005/402/681 1004/401/680
f 1005/402/681 1006/403/682 1007/404/683
f 1008/405/684 1007/404/683 1006/403/682
f 1006/403/682 1009/406/685 1008/405/684
f 1010/407/686 1008/405/684 1009/406/685
f 1011/408/687 1008/405/684 1010/407/686
f 1010/407/686 1012/409/688 1011/408/687
f 1010/407/686 1013/410/689 1012/409/688
f 1014/411/690 1012/409/688 1013/410/689
f 1013/410/689 1015/412/691 1014/411/690
f 1015/412/691 1016/413/692 1014/411/690
f 1016/413/692 1015/412/691 1017/414/693
f 1018/103/491 1019/415/491 1020/102/491
f 1019/415/491 1018/103/491 1021/416/491
f 1019/415/491 1021/416/491 1022/417/491
f 1021/416/491 1023/418/491 1022/417/491
f 1024/420/491 1025/419/491 1026/421/491
f 1025/419/491 1024/420/491 1027/422/491
f 1024/420/491 1028/423/491 1027/422/491
f 1027/422/491 1028/423/491 1029/424/491
f 1028/423/491 1030/425/491 1029/424/491
f 1030/425/491 1028/423/491 1031/426/491
f 1031/426/491 1032/427/491 1030/425/491
f 1032/427/491 1031/426/491 1033/428/491
f 1034/429/694 1035/420/695 1036/421/696
f 1035/420/695 1034/429/694 1037/430/697
f 1037/430/697 1038/423/698 1035/420/695
f 1037/430/697 1039/431/699 1038/423/698
f 1039/431/699 1040/426/700 1038/423/698
f 1040/426/700 1039/431/699 1041/432/701
f 1041/432/701 1042/428/702 1040/426/700
f 1042/428/702 1041/432/701 1043/433/703
f 1044/435/704 1045/434/605 1046/436/605
f 1047/437/704 1045/434/605 1044/435/704
f 1048/438/704 1047/437/704 1044/435/704
f 1048/438/704 1049/439/704 1047/437/704
f 1048/438/704 1050/440/705 1049/439/704
f 1050/440/705 1048/438/704 1051/441/705
f 1051/441/705 1052/442/706 1050/440/705
f 1052/442/706 1051/441/705 1053/443/605
f 1054/444/707 1055/134/606 1056/132/708
f 1055/134/606 1054/444/707 1057/445/609
f 1058/446/709 1057/445/609 1054/444/707
f 1057/445/609 1058/446/709 1059/447/611
f 1060/449/710 1061/448/711 1062/450/712
f 1061/448/711 1060/449/710 1063/451/713
f 1064/447/616 1063/451/713 1060/449/710
f 1063/451/713 1064/447/616 1065/446/714
f 1066/111/715 1067/452/716 1068/108/717
f 1067/452/716 1066/111/715 1069/453/718
f 1069/453/718 1070/454/719 1067/452/716
f 1070/454/719 1069/453/718 1071/455/720
f 1072/456/721 1070/454/719 1071/455/720
f 1073/457/722 1072/456/721 1071/455/720
f 1072/456/721 1073/457/722 1074/458/723
f 1075/91/724 1074/458/723 1073/457/722
f 1074/458/723 1075/91/724 1076/89/725
f 1077/122/239 1078/124/241 1079/123/240
f 1079/123/240 1078/124/241 1080/125/242
f 1078/124/241 1081/126/726 1080/125/242
f 1080/125/242 1081/126/726 1082/127/244
f 1081/126/726 1083/128/727 1082/127/244
f 1083/128/727 1081/126/726 1084/129/728
f 1085/459/729 1086/69/730 1087/68/731
f 1087/68/731 1088/460/732 1085/459/729
f 1088/460/732 1089/83/733 1085/459/729
f 1090/85/734 1085/459/729 1089/83/733
f 1091/388/735 1092/461/736 1093/386/737
f 1092/461/736 1091/388/735 1094/392/738
f 1095/393/739 1092/461/736 1094/392/738
f 1092/461/736 1095/393/739 1096/462/740
f 1095/393/739 1097/463/741 1096/462/740
f 1097/463/741 1095/393/739 1098/396/742
f 1099/390/743 1100/92/744 1101/88/745
f 1100/92/744 1099/390/743 1102/95/746
f 1099/390/743 1103/394/747 1102/95/746
f 1103/394/747 1099/390/743 1104/391/748
f 1103/394/747 1104/391/748 1105/395/749
f 1105/395/749 1104/391/748 1106/464/750
f 1106/464/750 1104/391/748 1107/384/751
f 1108/465/752 1109/397/752 1110/466/752
f 1109/397/752 1108/465/752 1111/400/752
f 1108/465/752 1112/402/752 1111/400/752
f 1112/402/752 1108/465/752 1113/467/752
f 1113/467/752 1114/404/752 1112/402/752
f 1113/467/752 1115/468/752 1114/404/752
f 1116/405/752 1114/404/752 1115/468/752
f 1115/468/752 1117/469/752 1116/405/752
f 1116/405/752 1117/469/752 1118/470/752
f 1119/408/752 1116/405/752 1118/470/752
f 1118/470/752 1120/471/752 1119/408/752
f 1119/408/752 1120/471/752 1121/409/752
f 1122/472/752 1121/409/752 1120/471/752
f 1121/409/752 1122/472/752 1123/411/752
f 1122/472/752 1124/413/752 1123/411/752
f 1122/472/752 1125/473/752 1124/413/752
f 1126/474/753 1127/475/491 1128/476/754
f 1129/477/755 1127/475/491 1126/474/753
f 1130/478/756 1129/477/755 1126/474/753
f 1126/474/753 1131/479/754 1130/478/756
f 1132/461/736 1133/388/757 1134/386/737
f 1133/388/757 1132/461/736 1135/392/758
f 1135/392/758 1132/461/736 1136/393/759
f 1132/461/736 1137/462/740 1136/393/759
f 1138/463/741 1136/393/759 1137/462/740
f 1136/393/759 1138/463/741 1139/396/760
f 1140/390/761 1141/88/762 1142/92/763
f 1142/92/763 1143/95/764 1140/390/761
f 1144/394/765 1140/390/761 1143/95/764
f 1140/390/761 1144/394/765 1145/391/766
f 1144/394/765 1146/395/767 1145/391/766
f 1146/395/767 1147/464/768 1145/391/766
f 1147/464/768 1148/384/769 1145/391/766
f 1149/397/752 1150/465/752 1151/466/752
f 1150/465/752 1149/397/752 1152/400/752
f 1153/402/752 1150/465/752 1152/400/752
f 1150/465/752 1153/402/752 1154/467/752
f 1155/404/752 1154/467/752 1153/402/752
f 1156/468/752 1154/467/752 1155/404/752
f 1157/405/752 1156/468/752 1155/404/752
f 1158/469/752 1156/468/752 1157/405/752
f 1157/405/752 1159/470/752 1158/469/752
f 1159/470/752 1157/405/752 1160/408/752
f 1160/408/752 1161/471/752 1159/470/752
f 1160/408/752 1162/409/752 1161/471/752
f 1162/409/752 1163/472/752 1161/471/752
f 1163/472/752 1162/409/752 1164/411/752
f 1164/411/752 1165/413/752 1163/472/752
f 1166/473/752 1163/472/752 1165/413/752
f 1167/475/756 1168/474/754 1169/476/756
f 1168/474/754 1167/475/756 1170/477/770
f 1171/478/754 1168/474/754 1170/477/770
f 1172/479/756 1168/474/754 1171/478/754
f 1173/480/771 1174/57/772 1175/56/773
f 1176/481/774 1174/57/772 1173/480/771
f 1174/57/772 1176/481/774 1177/61/775
f 1173/480/771 1178/482/776 1176/481/774
f 1176/481/774 1179/483/777 1177/61/775
f 1178/482/776 1180/484/778 1176/481/774
f 1180/484/778 1178/482/776 1181/485/779
f 1180/484/778 1182/486/780 1176/481/774
f 1179/483/777 1176/481/774 1182/486/780
f 1183/487/781 1179/483/777 1182/486/780
f 1181/485/779 1184/488/782 1180/484/778
f 1184/488/782 1181/485/779 1185/489/783
f 1186/490/784 1184/488/782 1185/489/783
f 1183/487/781 1182/486/780 1187/491/785
f 1187/491/785 1188/492/786 1183/487/781
f 1188/492/786 1187/491/785 1189/493/787
f 1187/491/785 1190/494/788 1189/493/787
f 1190/494/788 1187/491/785 1191/495/789
f 1191/495/789 1182/486/780 1180/484/778
f 1182/486/780 1191/495/789 1187/491/785
f 1191/495/789 1192/496/790 1190/494/788
f 1192/496/790 1191/495/789 1193/497/791
f 1193/497/791 1180/484/778 1184/488/782
f 1180/484/778 1193/497/791 1191/495/789
f 1194/498/792 1192/496/790 1193/497/791
f 1192/496/790 1194/498/792 1195/499/793
f 1196/500/794 1193/497/791 1184/488/782
f 1193/497/791 1196/500/794 1194/498/792
f 1184/488/782 1186/490/784 1196/500/794
f 1196/500/794 1186/490/784 1197/501/795
f 1198/502/796 1195/499/793 1194/498/792
f 1195/499/793 1198/502/796 1199/503/797
f 1198/502/796 1200/504/798 1199/503/797
f 1200/504/798 1198/502/796 1201/505/799
f 1194/498/792 1202/506/800 1198/502/796
f 1202/506/800 1201/505/799 1198/502/796
f 1202/506/800 1194/498/792 1196/500/794
f 1201/505/799 1202/506/800 1203/507/801
f 1204/508/802 1203/507/801 1202/506/800
f 1197/501/795 1204/508/802 1196/500/794
f 1196/500/794 1204/508/802 1202/506/800
f 1203/507/801 1204/508/802 1205/76/803
f 1206/509/804 1204/508/802 1197/501/795
f 1204/508/802 1206/509/804 1207/72/805
f 1207/72/805 1205/76/803 1204/508/802
f 1206/509/804 1208/73/806 1207/72/805
f 1209/510/807 1210/511/808 1211/512/809
f 1210/511/808 1209/510/807 1212/513/810
f 1209/510/807 1213/128/811 1212/513/810
f 1212/513/810 1214/514/812 1210/511/808
f 1215/127/813 1212/513/810 1213/128/811
f 1214/514/812 1212/513/810 1216/515/814
f 1215/127/813 1216/515/814 1212/513/810
f 1217/516/815 1216/515/814 1215/127/813
f 1217/516/815 1214/514/812 1216/515/814
f 1217/516/815 1218/517/816 1214/514/812
f 1219/125/817 1217/516/815 1215/127/813
f 1220/518/818 1218/517/816 1217/516/815
f 1220/518/818 1217/516/815 1219/125/817
f 1220/518/818 1221/519/819 1218/517/816
f 1222/123/820 1220/518/818 1219/125/817
f 1223/520/821 1224/521/821 1225/522/821
f 1225/522/821 1226/523/821 1223/520/821
f 1226/523/821 1225/522/821 1227/524/821
f 1226/523/821 1228/525/821 1223/520/821
f 1226/523/821 1229/526/821 1228/525/821
f 1230/527/821 1229/526/821 1226/523/821
f 1231/528/821 1226/523/821 1227/524/821
f 1232/529/821 1230/527/821 1226/523/821
f 1231/528/821 1232/529/821 1226/523/821
f 1232/529/821 1231/528/821 1233/530/821
f 1234/531/822 1235/532/823 1236/533/824
f 1234/531/822 1236/533/824 1237/534/825
f 1237/534/825 1238/535/826 1234/531/822
f 1237/534/825 1236/533/824 1239/536/827
f 1237/534/825 1239/536/827 1240/537/828
f 1238/535/826 1237/534/825 1240/537/828
f 1238/535/826 1240/537/828 1241/538/829
f 1242/478/830 1238/535/826 1241/538/829
f 1242/478/830 1241/538/829 1243/477/831
f 1243/477/831 1241/538/829 1244/475/832
f 1241/538/829 1240/537/828 1245/539/833
f 1241/538/829 1245/539/833 1244/475/832
f 1239/536/827 1246/540/834 1240/537/828
f 1246/540/834 1245/539/833 1240/537/828
f 1246/540/834 1239/536/827 1247/541/835
f 1247/541/835 1248/542/836 1246/540/834
f 1248/542/836 1245/539/833 1246/540/834
f 1248/542/836 1247/541/835 1249/543/837
f 1250/511/838 1251/510/839 1252/512/840
f 1251/510/839 1250/511/838 1253/513/841
f 1251/510/839 1253/513/841 1254/128/842
f 1255/514/843 1253/513/841 1250/511/838
f 1253/513/841 1256/127/844 1254/128/842
f 1255/514/843 1257/515/845 1253/513/841
f 1256/127/844 1253/513/841 1257/515/845
f 1258/516/846 1256/127/844 1257/515/845
f 1255/514/843 1258/516/846 1257/515/845
f 1258/516/846 1255/514/843 1259/517/847
f 1256/127/844 1258/516/846 1260/125/848
f 1259/517/847 1261/518/849 1258/516/846
f 1261/518/849 1260/125/848 1258/516/846
f 1261/518/849 1259/517/847 1262/519/850
f 1260/125/848 1261/518/849 1263/123/851
f 1264/520/852 1265/522/852 1266/521/852
f 1267/523/852 1265/522/852 1264/520/852
f 1267/523/852 1268/524/852 1265/522/852
f 1269/525/852 1267/523/852 1264/520/852
f 1267/523/852 1269/525/852 1270/526/852
f 1271/527/852 1267/523/852 1270/526/852
f 1267/523/852 1272/528/852 1268/524/852
f 1273/529/852 1267/523/852 1271/527/852
f 1272/528/852 1267/523/852 1273/529/852
f 1273/529/852 1274/530/852 1272/528/852
f 1275/532/853 1276/531/854 1277/533/855
f 1278/534/856 1277/533/855 1276/531/854
f 1278/534/856 1279/536/857 1277/533/855
f 1278/534/856 1276/531/854 1280/535/858
f 1280/535/858 1281/537/859 1278/534/856
f 1279/536/857 1278/534/856 1281/537/859
f 1279/536/857 1281/537/859 1282/540/860
f 1279/536/857 1282/540/860 1283/541/861
f 1281/537/859 1280/535/858 1284/538/862
f 1285/478/863 1284/538/862 1280/535/858
f 1284/538/862 1285/478/863 1286/477/864
f 1286/477/864 1287/475/865 1284/538/862
f 1284/538/862 1287/475/865 1288/539/866
f 1281/537/859 1284/538/862 1288/539/866
f 1281/537/859 1288/539/866 1282/540/860
f 1289/542/867 1283/541/861 1282/540/860
f 1289/542/867 1282/540/860 1288/539/866
f 1283/541/861 1289/542/867 1290/543/868
f 1291/544/752 1292/545/752 1293/546/752
f 1293/546/752 1292/545/752 1294/547/752
f 1294/547/752 1292/545/752 1295/548/752
f 1295/548/752 1292/545/752 1296/549/752
f 1296/549/752 1292/545/752 1297/550/752
f 1297/550/752 1292/545/752 1298/551/752
f 1299/544/752 1300/546/752 1301/545/752
f 1300/546/752 1302/547/752 1301/545/752
f 1302/547/752 1303/548/752 1301/545/752
f 1303/548/752 1304/549/752 1301/545/752
f 1304/549/752 1305/550/752 1301/545/752
f 1305/550/752 1306/551/752 1301/545/752
f 1307/552/869 1308/553/870 1309/554/870
f 1310/555/870 1307/552/869 1309/554/870
f 1311/556/871 1310/555/870 1309/554/870
f 1312/557/871 1311/556/871 1309/554/870
f 1313/558/872 1312/557/871 1309/554/870
f 1314/559/870 1313/558/872 1309/554/870
f 1315/560/873 1316/554/873 1317/553/873
f 1318/561/874 1316/554/873 1315/560/873
f 1319/562/873 1316/554/873 1318/561/874
f 1320/563/873 1316/554/873 1319/562/873
f 1321/564/873 1316/554/873 1320/563/873
f 1322/559/875 1316/554/873 1321/564/873
f 1323/552/870 1324/554/870 1325/553/870
f 1326/555/870 1324/554/870 1323/552/870
f 1327/556/870 1324/554/870 1326/555/870
f 1328/557/870 1324/554/870 1327/556/870
f 1329/558/870 1324/554/870 1328/557/870
f 1330/559/870 1324/554/870 1329/558/870
f 1331/560/873 1332/553/873 1333/554/873
f 1334/561/873 1331/560/873 1333/554/873
f 1335/562/873 1334/561/873 1333/554/873
f 1336/563/873 1335/562/873 1333/554/873
f 1337/564/873 1336/563/873 1333/554/873
f 1338/559/873 1337/564/873 1333/554/873
f 1339/565/876 1340/566/877 1341/567/878
f 1342/568/879 1341/567/878 1340/566/877
f 1341/567/878 1342/568/879 1343/569/880
f 1340/566/877 1344/570/881 1342/568/879
f 1344/570/881 1340/566/877 1345/571/882
f 1346/572/883 1343/569/880 1342/568/879
f 1346/572/883 1347/573/884 1343/569/880
f 1342/568/879 1348/574/885 1346/572/883
f 1348/574/885 1342/568/879 1344/570/881
f 1345/571/882 1349/575/886 1344/570/881
f 1349/575/886 1345/571/882 1350/576/887
f 1351/577/888 1349/575/886 1350/576/887
f 1344/570/881 1352/578/889 1348/574/885
f 1352/578/889 1344/570/881 1349/575/886
f 1353/579/890 1352/578/889 1349/575/886
f 1353/579/890 1349/575/886 1351/577/888
f 1351/577/888 1354/580/891 1353/579/890
f 1355/581/892 1354/580/891 1356/582/893
f 1357/583/894 1353/579/890 1354/580/891
f 1354/580/891 1355/581/892 1357/583/894
f 1358/584/895 1357/583/894 1355/581/892
f 1352/578/889 1353/579/890 1359/585/896
f 1353/579/890 1357/583/894 1359/585/896
f 1360/586/897 1359/585/896 1357/583/894
f 1357/583/894 1358/584/895 1360/586/897
f 1361/587/898 1360/586/897 1358/584/895
f 1352/578/889 1359/585/896 1362/588/899
f 1362/588/899 1348/574/885 1352/578/889
f 1362/588/899 1359/585/896 1363/589/900
f 1359/585/896 1360/586/897 1363/589/900
f 1363/589/900 1360/586/897 1364/590/901
f 1360/586/897 1361/587/898 1364/590/901
f 1365/591/902 1364/590/901 1361/587/898
f 1364/590/901 1365/591/902 1366/592/903
f 1367/593/904 1363/589/900 1364/590/901
f 1367/593/904 1364/590/901 1366/592/903
f 1368/594/905 1363/589/900 1367/593/904
f 1368/594/905 1362/588/899 1363/589/900
f 1348/574/885 1362/588/899 1369/595/906
f 1369/595/906 1346/572/883 1348/574/885
f 1368/594/905 1369/595/906 1362/588/899
f 1369/595/906 1368/594/905 1370/596/907
f 1370/596/907 1371/597/908 1369/595/906
f 1346/572/883 1369/595/906 1371/597/908
f 1347/573/884 1346/572/883 1371/597/908
f 1371/597/908 1370/596/907 1372/598/909
f 1371/597/908 1373/599/910 1347/573/884
f 1373/599/910 1371/597/908 1372/598/909
f 1374/567/911 1375/566/912 1376/565/913
f 1375/566/912 1374/567/911 1377/568/914
f 1378/569/915 1377/568/914 1374/567/911
f 1379/570/916 1375/566/912 1377/568/914
f 1375/566/912 1379/570/916 1380/571/917
f 1377/568/914 1378/569/915 1381/572/918
f 1382/573/919 1381/572/918 1378/569/915
f 1377/568/914 1383/574/920 1379/570/916
f 1383/574/920 1377/568/914 1381/572/918
f 1384/575/921 1380/571/917 1379/570/916
f 1380/571/917 1384/575/921 1385/576/922
f 1386/577/923 1385/576/922 1384/575/921
f 1387/578/924 1379/570/916 1383/574/920
f 1379/570/916 1387/578/924 1384/575/921
f 1388/579/925 1384/575/921 1387/578/924
f 1384/575/921 1388/579/925 1386/577/923
f 1388/579/925 1389/580/926 1386/577/923
f 1389/580/926 1390/581/927 1391/582/928
f 1389/580/926 1388/579/925 1392/583/929
f 1390/581/927 1389/580/926 1392/583/929
f 1392/583/929 1393/584/930 1390/581/927
f 1388/579/925 1394/585/931 1392/583/929
f 1387/578/924 1394/585/931 1388/579/925
f 1393/584/930 1392/583/929 1395/586/932
f 1394/585/931 1395/586/932 1392/583/929
f 1395/586/932 1396/587/933 1393/584/930
f 1383/574/920 1397/588/934 1387/578/924
f 1397/588/934 1394/585/931 1387/578/924
f 1398/589/935 1395/586/932 1394/585/931
f 1394/585/931 1397/588/934 1398/589/935
f 1398/589/935 1399/590/936 1395/586/932
f 1396/587/933 1395/586/932 1399/590/936
f 1399/590/936 1400/591/937 1396/587/933
f 1400/591/937 1399/590/936 1401/592/938
f 1402/593/939 1399/590/936 1398/589/935
f 1399/590/936 1402/593/939 1401/592/938
f 1403/594/940 1398/589/935 1397/588/934
f 1398/589/935 1403/594/940 1402/593/939
f 1404/595/941 1403/594/940 1397/588/934
f 1397/588/934 1383/574/920 1404/595/941
f 1381/572/918 1404/595/941 1383/574/920
f 1403/594/940 1404/595/941 1405/596/942
f 1404/595/941 1381/572/918 1406/597/943
f 1382/573/919 1406/597/943 1381/572/918
f 1406/597/943 1405/596/942 1404/595/941
f 1405/596/942 1406/597/943 1407/598/944
f 1408/599/945 1407/598/944 1406/597/943
f 1408/599/945 1406/597/943 1382/573/919
f 1409/64/946 1410/600/947 1411/62/948
f 1410/600/947 1409/64/946 1412/601/949
f 1412/601/949 1413/602/950 1410/600/947
f 1409/64/946 1414/603/951 1412/601/949
f 1414/603/951 1409/64/946 1415/67/952
f 1416/604/953 1414/603/951 1415/67/952
f 1412/601/949 1417/605/954 1413/602/950
f 1417/605/954 1418/70/955 1413/602/950
f 1417/605/954 1419/68/956 1418/70/955
f 1419/68/956 1417/605/954 1420/606/957
f 1412/601/949 1414/603/951 1420/606/957
f 1420/606/957 1417/605/954 1412/601/949
f 1421/607/958 1419/68/956 1420/606/957
f 1419/68/956 1421/607/958 1422/460/959
f 1421/607/958 1423/83/960 1422/460/959
f 1414/603/951 1424/608/961 1420/606/957
f 1425/609/962 1420/606/957 1424/608/961
f 1420/606/957 1425/609/962 1421/607/958
f 1423/83/960 1421/607/958 1426/610/963
f 1425/609/962 1426/610/963 1421/607/958
f 1424/608/961 1414/603/951 1427/611/964
f 1414/603/951 1416/604/953 1427/611/964
f 1428/612/965 1427/611/964 1416/604/953
f 1424/608/961 1429/613/958 1425/609/962
f 1427/611/964 1428/612/965 1430/614/966
f 1431/615/967 1430/614/966 1428/612/965
f 1430/614/966 1431/615/967 1432/616/968
f 1433/617/969 1430/614/966 1432/616/968
f 1427/611/964 1434/618/970 1424/608/961
f 1434/618/970 1427/611/964 1430/614/966
f 1430/614/966 1433/617/969 1434/618/970
f 1429/613/958 1424/608/961 1434/618/970
f 1434/618/970 1435/619/971 1429/613/958
f 1435/619/971 1434/618/970 1433/617/969
f 1435/619/971 1436/620/972 1429/613/958
f 1436/620/972 1435/619/971 1437/621/973
f 1438/622/974 1429/613/958 1436/620/972
f 1426/610/963 1425/609/962 1438/622/974
f 1429/613/958 1438/622/974 1425/609/962
f 1437/621/973 1439/623/975 1436/620/972
f 1439/623/975 1437/621/973 1440/624/976
f 1441/625/977 1439/623/975 1440/624/976
f 1439/623/975 1441/625/977 1442/626/978
f 1443/627/979 1436/620/972 1439/623/975
f 1443/627/979 1439/623/975 1442/626/978
f 1436/620/972 1443/627/979 1438/622/974
f 1443/627/979 1442/626/978 1444/628/980
f 1445/629/981 1443/627/979 1444/628/980
f 1438/622/974 1445/629/981 1426/610/963
f 1445/629/981 1438/622/974 1443/627/979
f 1445/629/981 1444/628/980 1446/81/982
f 1445/629/981 1446/81/982 1447/78/983
f 1447/78/983 1448/77/984 1449/630/985
f 1450/631/986 1445/629/981 1447/78/983
f 1449/630/985 1450/631/986 1447/78/983
f 1450/631/986 1426/610/963 1445/629/981
f 1450/631/986 1449/630/985 1451/632/987
f 1450/631/986 1451/632/987 1452/633/988
f 1423/83/960 1426/610/963 1452/633/988
f 1452/633/988 1426/610/963 1450/631/986
f 1452/633/988 1451/632/987 1453/84/989
f 1452/633/988 1453/84/989 1423/83/960
f 1454/634/990 1455/635/991 1456/636/992
f 1455/635/991 1454/634/990 1457/637/993
f 1458/638/994 1455/635/991 1457/637/993
f 1457/637/993 1454/634/990 1459/639/995
f 1454/634/990 1460/640/996 1459/639/995
f 1461/641/997 1459/639/995 1460/640/996
f 1457/637/993 1462/642/998 1458/638/994
f 1461/641/997 1463/643/999 1459/639/995
f 1463/643/999 1461/641/997 1464/644/1000
f 1459/639/995 1465/645/1001 1457/637/993
f 1465/645/1001 1459/639/995 1463/643/999
f 1462/642/998 1457/637/993 1465/645/1001
f 1463/643/999 1464/644/1000 1466/646/1002
f 1466/646/1002 1464/644/1000 1467/647/1003
f 1463/643/999 1468/648/1004 1465/645/1001
f 1468/648/1004 1463/643/999 1466/646/1002
f 1468/648/1004 1462/642/998 1465/645/1001
f 1466/646/1002 1467/647/1003 1469/649/1005
f 1469/649/1005 1467/647/1003 1470/650/1006
f 1469/649/1005 1470/650/1006 1471/651/1007
f 1472/652/1008 1466/646/1002 1469/649/1005
f 1466/646/1002 1472/652/1008 1468/648/1004
f 1471/651/1007 1473/653/1009 1469/649/1005
f 1472/652/1008 1469/649/1005 1473/653/1009
f 1473/653/1009 1471/651/1007 1474/654/1010
f 1462/642/998 1468/648/1004 1475/655/1011
f 1475/655/1011 1468/648/1004 1472/652/1008
f 1474/654/1010 1476/656/1012 1473/653/1009
f 1477/657/1013 1476/656/1012 1474/654/1010
f 1478/658/1014 1458/638/994 1462/642/998
f 1475/655/1011 1478/658/1014 1462/642/998
f 1479/659/1015 1458/638/994 1478/658/1014
f 1478/658/1014 1475/655/1011 1480/660/1016
f 1478/658/1014 1480/660/1016 1479/659/1015
f 1481/661/1017 1475/655/1011 1472/652/1008
f 1481/661/1017 1480/660/1016 1475/655/1011
f 1480/660/1016 1482/662/1018 1479/659/1015
f 1479/659/1015 1482/662/1018 1483/663/1019
f 1484/664/1020 1482/662/1018 1480/660/1016
f 1480/660/1016 1481/661/1017 1484/664/1020
f 1482/662/1018 1484/664/1020 1485/665/1021
f 1485/665/1021 1483/663/1019 1482/662/1018
f 1483/663/1019 1485/665/1021 1486/666/1022
f 1485/665/1021 1487/667/1023 1486/666/1022
f 1485/665/1021 1488/668/1024 1487/667/1023
f 1485/665/1021 1489/669/1025 1488/668/1024
f 1489/669/1025 1485/665/1021 1490/670/1026
f 1490/670/1026 1485/665/1021 1484/664/1020
f 1491/671/1027 1489/669/1025 1490/670/1026
f 1492/672/1028 1491/671/1027 1490/670/1026
f 1492/672/1028 1484/664/1020 1481/661/1017
f 1490/670/1026 1484/664/1020 1492/672/1028
f 1493/673/1029 1491/671/1027 1492/672/1028
f 1491/671/1027 1493/673/1029 1494/674/1030
f 1493/673/1029 1492/672/1028 1495/675/1031
f 1481/661/1017 1472/652/1008 1495/675/1031
f 1492/672/1028 1481/661/1017 1495/675/1031
f 1493/673/1029 1496/676/1032 1494/674/1030
f 1496/676/1032 1493/673/1029 1495/675/1031
f 1496/676/1032 1495/675/1031 1497/677/1033
f 1473/653/1009 1497/677/1033 1472/652/1008
f 1497/677/1033 1473/653/1009 1476/656/1012
f 1495/675/1031 1472/652/1008 1497/677/1033
f 1498/678/1034 1496/676/1032 1497/677/1033
f 1476/656/1012 1498/678/1034 1497/677/1033
f 1499/679/1035 1496/676/1032 1498/678/1034
f 1496/676/1032 1499/679/1035 1494/674/1030
f 1494/674/1030 1499/679/1035 1500/680/1036
f 1501/681/1037 1498/678/1034 1476/656/1012
f 1501/681/1037 1499/679/1035 1498/678/1034
f 1477/657/1013 1501/681/1037 1476/656/1012
f 1502/682/1038 1501/681/1037 1477/657/1013
f 1503/683/1039 1499/679/1035 1501/681/1037
f 1499/679/1035 1503/683/1039 1500/680/1036
f 1502/682/1038 1503/683/1039 1501/681/1037
f 1500/680/1036 1503/683/1039 1504/684/1040
f 1505/685/1041 1506/686/1042 1507/687/1043
f 1507/687/1043 1508/688/602 1505/685/1041
f 1506/686/1042 1505/685/1041 1509/689/1044
f 1505/685/1041 1508/688/602 1510/690/1045
f 1510/690/1045 1509/689/1044 1505/685/1041
f 1510/690/1045 1508/688/602 1511/691/1046
f 1512/692/1047 1509/689/1044 1510/690/1045
f 1510/690/1045 1513/693/1048 1512/692/1047
f 1513/693/1048 1510/690/1045 1511/691/1046
f 1514/685/1049 1515/687/1050 1516/686/1051
f 1515/687/1050 1514/685/1049 1517/688/704
f 1516/686/1051 1518/689/1052 1514/685/1049
f 1519/690/1053 1514/685/1049 1518/689/1052
f 1514/685/1049 1519/690/1053 1517/688/704
f 1519/690/1053 1520/691/1054 1517/688/704
f 1521/692/1055 1519/690/1053 1518/689/1052
f 1522/693/1056 1519/690/1053 1521/692/1055
f 1519/690/1053 1522/693/1056 1520/691/1054
f 1523/694/1057 1524/274/1058 1525/695/1059
f 1526/696/1060 1524/274/1058 1523/694/1057
f 1525/695/1059 1524/274/1058 1527/271/1061
f 1524/274/1058 1526/696/1060 1528/277/1062
f 1527/271/1061 1529/697/1063 1525/695/1059
f 1528/277/1062 1526/696/1060 1530/278/1064
f 1529/697/1063 1527/271/1061 1531/273/1065
f 1526/696/1060 1532/698/1066 1530/278/1064
f 1531/273/1065 1533/275/1067 1529/697/1063
f 1534/699/1068 1530/278/1064 1532/698/1066
f 1533/275/1067 1535/700/1069 1529/697/1063
f 1530/278/1064 1534/699/1068 1536/280/1070
f 1533/275/1067 1537/282/1071 1535/700/1069
f 1536/280/1070 1534/699/1068 1538/701/1072
f 1537/282/1071 1539/702/1073 1535/700/1069
f 1540/297/1074 1536/280/1070 1538/701/1072
f 1541/288/1075 1539/702/1073 1537/282/1071
f 1538/701/1072 1542/292/1076 1540/297/1074
f 1539/702/1073 1541/288/1075 1543/703/1077
f 1542/292/1076 1538/701/1072 1544/704/1078
f 1541/288/1075 1545/705/1079 1543/703/1077
f 1544/704/1078 1546/289/1080 1542/292/1076
f 1545/705/1079 1541/288/1075 1546/289/1080
f 1546/289/1080 1544/704/1078 1545/705/1079
f 1547/249/1081 1548/706/1082 1549/234/1083
f 1550/241/1084 1548/706/1082 1547/249/1081
f 1548/706/1082 1551/707/1085 1549/234/1083
f 1548/706/1082 1550/241/1084 1552/708/1086
f 1553/232/1087 1549/234/1083 1551/707/1085
f 1554/238/1088 1552/708/1086 1550/241/1084
f 1553/232/1087 1551/707/1085 1555/709/1089
f 1552/708/1086 1554/238/1088 1556/710/1090
f 1553/232/1087 1555/709/1089 1557/711/1091
f 1558/237/1092 1556/710/1090 1554/238/1088
f 1559/231/1093 1553/232/1087 1557/711/1091
f 1556/710/1090 1558/237/1092 1560/712/1094
f 1561/713/1095 1559/231/1093 1557/711/1091
f 1558/237/1092 1562/714/1096 1560/712/1094
f 1559/231/1093 1561/713/1095 1563/229/1097
f 1562/714/1096 1558/237/1092 1564/228/1098
f 1565/715/1099 1563/229/1097 1561/713/1095
f 1566/716/1100 1562/714/1096 1564/228/1098
f 1565/715/1099 1567/227/1101 1563/229/1097
f 1568/225/1102 1566/716/1100 1564/228/1098
f 1568/225/1102 1569/717/1103 1566/716/1100
f 1569/717/1103 1567/227/1101 1565/715/1099
f 1569/717/1103 1568/225/1102 1570/226/1104
f 1567/227/1101 1569/717/1103 1570/226/1104
f 1571/316/1105 1572/718/1106 1573/317/1107
f 1574/315/1108 1572/718/1106 1571/316/1105
f 1573/317/1107 1572/718/1106 1575/719/1109
f 1572/718/1106 1574/315/1108 1576/720/1110
f 1577/319/1111 1573/317/1107 1575/719/1109
f 1576/720/1110 1574/315/1108 1578/318/1112
f 1579/721/1113 1577/319/1111 1575/719/1109
f 1578/318/1112 1580/722/1114 1576/720/1110
f 1581/723/1115 1577/319/1111 1579/721/1113
f 1582/327/1116 1580/722/1114 1578/318/1112
f 1583/321/1117 1577/319/1111 1581/723/1115
f 1580/722/1114 1582/327/1116 1584/724/1118
f 1585/322/1119 1583/321/1117 1581/723/1115
f 1582/327/1116 1586/725/1120 1584/724/1118
f 1581/723/1115 1587/726/1121 1585/322/1119
f 1586/725/1120 1582/327/1116 1588/328/1122
f 1587/726/1121 1589/727/1123 1585/322/1119
f 1588/328/1122 1590/728/1124 1586/725/1120
f 1589/727/1123 1591/324/1125 1585/322/1119
f 1592/331/1126 1590/728/1124 1588/328/1122
f 1592/331/1126 1593/729/1127 1590/728/1124
f 1591/324/1125 1589/727/1123 1593/729/1127
f 1591/324/1125 1593/729/1127 1594/339/1128
f 1593/729/1127 1592/331/1126 1594/339/1128
f 1595/211/1129 1596/730/1130 1597/213/1131
f 1596/730/1130 1598/216/1132 1597/213/1131
f 1596/730/1130 1595/211/1129 1599/731/1133
f 1598/216/1132 1596/730/1130 1600/732/1134
f 1601/209/1135 1599/731/1133 1595/211/1129
f 1602/733/1136 1598/216/1132 1600/732/1134
f 1599/731/1133 1601/209/1135 1603/734/1137
f 1598/216/1132 1602/733/1136 1604/218/1138
f 1601/209/1135 1605/735/1139 1603/734/1137
f 1602/733/1136 1606/221/1140 1604/218/1138
f 1605/735/1139 1601/209/1135 1607/208/1141
f 1606/221/1140 1602/733/1136 1608/736/1142
f 1609/210/1143 1605/735/1139 1607/208/1141
f 1608/736/1142 1610/223/1144 1606/221/1140
f 1605/735/1139 1609/210/1143 1611/737/1145
f 1610/223/1144 1608/736/1142 1612/738/1146
f 1609/210/1143 1613/739/1147 1611/737/1145
f 1614/740/1148 1610/223/1144 1612/738/1146
f 1613/739/1147 1609/210/1143 1615/214/1149
f 1610/223/1144 1614/740/1148 1616/219/1150
f 1614/740/1148 1617/215/1151 1616/219/1150
f 1617/215/1151 1613/739/1147 1615/214/1149
f 1617/215/1151 1614/740/1148 1618/741/1152
f 1613/739/1147 1617/215/1151 1618/741/1152
f 1619/198/1153 1620/742/1154 1621/743/1155
f 1622/744/1156 1619/198/1153 1621/743/1155
f 1620/742/1154 1619/198/1153 1623/192/1157
f 1619/198/1153 1622/744/1156 1624/199/1158
f 1623/192/1157 1625/745/1159 1620/742/1154
f 1626/746/1160 1624/199/1158 1622/744/1156
f 1625/745/1159 1623/192/1157 1627/185/1161
f 1628/202/1162 1624/199/1158 1626/746/1160
f 1629/747/1163 1625/745/1159 1627/185/1161
f 1630/748/1164 1628/202/1162 1626/746/1160
f 1627/185/1161 1631/183/1165 1629/747/1163
f 1628/202/1162 1630/748/1164 1632/207/1166
f 1631/183/1165 1633/181/1167 1629/747/1163
f 1634/190/1168 1632/207/1166 1630/748/1164
f 1629/747/1163 1633/181/1167 1635/749/1169
f 1630/748/1164 1636/750/1170 1634/190/1168
f 1637/184/1171 1635/749/1169 1633/181/1167
f 1636/750/1170 1638/188/1172 1634/190/1168
f 1635/749/1169 1637/184/1171 1639/751/1173
f 1638/188/1172 1636/750/1170 1640/752/1174
f 1637/184/1171 1641/753/1175 1639/751/1173
f 1640/752/1174 1642/187/1176 1638/188/1172
f 1641/753/1175 1637/184/1171 1642/187/1176
f 1642/187/1176 1640/752/1174 1641/753/1175
f 1643/754/1177 1644/301/1178 1645/303/1179
f 1646/306/1180 1643/754/1177 1645/303/1179
f 1644/301/1178 1643/754/1177 1647/755/1181
f 1643/754/1177 1646/306/1180 1648/756/1182
f 1647/755/1181 1649/299/1183 1644/301/1178
f 1646/306/1180 1650/757/1184 1648/756/1182
f 1649/299/1183 1647/755/1181 1651/758/1185
f 1650/757/1184 1646/306/1180 1652/308/1186
f 1653/759/1187 1649/299/1183 1651/758/1185
f 1654/311/1188 1650/757/1184 1652/308/1186
f 1649/299/1183 1653/759/1187 1655/298/1189
f 1650/757/1184 1654/311/1188 1656/760/1190
f 1653/759/1187 1657/300/1191 1655/298/1189
f 1658/313/1192 1656/760/1190 1654/311/1188
f 1657/300/1191 1653/759/1187 1659/761/1193
f 1656/760/1190 1658/313/1192 1660/762/1194
f 1657/300/1191 1659/761/1193 1661/763/1195
f 1658/313/1192 1662/764/1196 1660/762/1194
f 1663/304/1197 1657/300/1191 1661/763/1195
f 1662/764/1196 1658/313/1192 1664/309/1198
f 1665/305/1199 1662/764/1196 1664/309/1198
f 1663/304/1197 1661/763/1195 1665/305/1199
f 1662/764/1196 1665/305/1199 1666/765/1200
f 1665/305/1199 1661/763/1195 1666/765/1200
f 1667/350/1201 1668/766/1202 1669/348/1203
f 1668/766/1202 1667/350/1201 1670/767/1204
f 1671/768/1205 1669/348/1203 1668/766/1202
f 1669/348/1203 1671/768/1205 1672/344/1206
f 1673/769/1207 1668/766/1202 1670/767/1204
f 1673/769/1207 1671/768/1205 1668/766/1202
f 1673/769/1207 1670/767/1204 1674/770/1208
f 1673/769/1207 1674/770/1208 1675/771/1209
f 1671/768/1205 1673/769/1207 1676/772/1210
f 1673/769/1207 1675/771/1209 1676/772/1210
f 1677/773/1211 1676/772/1210 1675/771/1209
f 1671/768/1205 1676/772/1210 1678/774/1212
f 1671/768/1205 1678/774/1212 1672/344/1206
f 1672/344/1206 1678/774/1212 1679/345/1213
f 1678/774/1212 1680/775/1214 1679/345/1213
f 1677/773/1211 1681/776/1215 1676/772/1210
f 1676/772/1210 1681/776/1215 1678/774/1212
f 1678/774/1212 1681/776/1215 1680/775/1214
f 1681/776/1215 1682/777/1216 1680/775/1214
f 1681/776/1215 1677/773/1211 1683/778/1217
f 1681/776/1215 1683/778/1217 1684/779/1218
f 1681/776/1215 1684/779/1218 1682/777/1216
f 1684/779/1218 1683/778/1217 1685/780/1219
f 1685/780/1219 1683/778/1217 1686/781/1220
f 1685/780/1219 1687/782/1221 1684/779/1218
f 1688/783/1222 1685/780/1219 1686/781/1220
f 1687/782/1221 1685/780/1219 1689/784/1223
f 1685/780/1219 1688/783/1222 1689/784/1223
f 1688/783/1222 1690/785/1224 1689/784/1223
f 1690/785/1224 1687/782/1221 1689/784/1223
f 1690/785/1224 1688/783/1222 1691/786/1225
f 1687/782/1221 1690/785/1224 1692/787/1226
f 1692/787/1226 1690/785/1224 1693/788/1227
f 1690/785/1224 1691/786/1225 1693/788/1227
f 1694/789/1228 1692/787/1226 1693/788/1227
f 1692/787/1226 1694/789/1228 1695/790/1229
f 1696/791/1230 1694/789/1228 1693/788/1227
f 1694/789/1228 1697/792/1231 1695/790/1229
f 1694/789/1228 1696/791/1230 1698/793/1232
f 1698/793/1232 1696/791/1230 1699/794/1233
f 1698/793/1232 1700/795/1234 1694/789/1228
f 1697/792/1231 1694/789/1228 1700/795/1234
f 1700/795/1234 1701/367/1235 1697/792/1231
f 1701/367/1235 1700/795/1234 1702/365/1236
f 1700/795/1234 1698/793/1232 1703/796/1237
f 1703/796/1237 1702/365/1236 1700/795/1234
f 1702/365/1236 1703/796/1237 1704/369/1238
f 1699/794/1233 1705/797/1239 1698/793/1232
f 1703/796/1237 1698/793/1232 1705/797/1239
f 1705/797/1239 1699/794/1233 1706/798/1240
f 1705/797/1239 1706/798/1240 1707/799/1241
f 1703/796/1237 1705/797/1239 1708/800/1242
f 1705/797/1239 1707/799/1241 1708/800/1242
f 1703/796/1237 1708/800/1242 1704/369/1238
f 1708/800/1242 1707/799/1241 1709/371/1243
f 1704/369/1238 1708/800/1242 1709/371/1243
f 1710/555/1244 1711/552/1244 1712/554/1244
f 1713/556/1244 1710/555/1244 1712/554/1244
f 1711/552/1244 1714/553/1245 1712/554/1244
f 1715/557/1244 1713/556/1244 1712/554/1244
f 1714/553/1245 1716/560/1244 1712/554/1244
f 1717/558/1244 1715/557/1244 1712/554/1244
f 1716/560/1244 1718/561/1244 1712/554/1244
f 1719/559/1244 1717/558/1244 1712/554/1244
f 1718/561/1244 1720/562/1244 1712/554/1244
f 1721/564/1244 1719/559/1244 1712/554/1244
f 1722/563/1244 1721/564/1244 1712/554/1244
f 1720/562/1244 1722/563/1244 1712/554/1244
f 1723/553/1246 1724/560/1246 1725/554/1246
f 1723/553/1246 1725/554/1246 1726/552/1246
f 1724/560/1246 1727/561/1246 1725/554/1246
f 1726/552/1246 1725/554/1246 1728/555/1247
f 1727/561/1246 1729/562/1246 1725/554/1246
f 1728/555/1247 1725/554/1246 1730/556/1248
f 1729/562/1246 1731/563/1246 1725/554/1246
f 1730/556/1248 1725/554/1246 1732/557/1246
f 1731/563/1246 1733/564/1246 1725/554/1246
f 1732/557/1246 1725/554/1246 1734/558/1246
f 1733/564/1246 1735/559/1247 1725/554/1246
f 1734/558/1246 1725/554/1246 1735/559/1247
f 1736/561/1249 1737/554/1249 1738/560/1249
f 1739/562/1249 1737/554/1249 1736/561/1249
f 1738/560/1249 1737/554/1249 1740/553/1249
f 1741/563/1249 1737/554/1249 1739/562/1249
f 1740/553/1249 1737/554/1249 1742/552/1249
f 1743/564/1249 1737/554/1249 1741/563/1249
f 1742/552/1249 1737/554/1249 1744/555/1249
f 1745/559/1250 1737/554/1249 1743/564/1249
f 1744/555/1249 1737/554/1249 1746/556/1249
f 1747/558/1251 1737/554/1249 1745/559/1250
f 1746/556/1249 1737/554/1249 1748/557/1249
f 1748/557/1249 1737/554/1249 1747/558/1251
f 1749/555/1252 1750/554/1253 1751/552/1253
f 1752/556/1253 1750/554/1253 1749/555/1252
f 1751/552/1253 1750/554/1253 1753/553/1254
f 1754/557/1253 1750/554/1253 1752/556/1253
f 1753/553/1254 1750/554/1253 1755/560/1253
f 1756/558/1255 1750/554/1253 1754/557/1253
f 1755/560/1253 1750/554/1253 1757/561/1253
f 1758/559/1253 1750/554/1253 1756/558/1255
f 1757/561/1253 1750/554/1253 1759/562/1253
f 1760/564/1253 1750/554/1253 1758/559/1253
f 1761/563/1253 1750/554/1253 1760/564/1253
f 1759/562/1253 1750/554/1253 1761/563/1253
f 1762/553/1256 1763/554/1257 1764/560/1257
f 1762/553/1256 1765/552/1258 1763/554/1257
f 1764/560/1257 1763/554/1257 1766/561/1259
f 1765/552/1258 1767/555/1258 1763/554/1257
f 1766/561/1259 1763/554/1257 1768/562/1257
f 1767/555/1258 1769/556/1257 1763/554/1257
f 1768/562/1257 1763/554/1257 1770/563/1257
f 1769/556/1257 1771/557/1257 1763/554/1257
f 1770/563/1257 1763/554/1257 1772/564/1257
f 1771/557/1257 1773/558/1257 1763/554/1257
f 1773/558/1257 1774/559/1257 1763/554/1257
f 1772/564/1257 1763/554/1257 1774/559/1257
f 1775/561/1260 1776/560/1260 1777/554/1260
f 1778/562/1260 1775/561/1260 1777/554/1260
f 1776/560/1260 1779/553/1260 1777/554/1260
f 1780/563/1260 1778/562/1260 1777/554/1260
f 1779/553/1260 1781/552/1260 1777/554/1260
f 1782/564/1260 1780/563/1260 1777/554/1260
f 1781/552/1260 1783/555/1261 1777/554/1260
f 1784/559/1262 1782/564/1260 1777/554/1260
f 1783/555/1261 1785/556/1260 1777/554/1260
f 1786/558/1260 1784/559/1262 1777/554/1260
f 1785/556/1260 1787/557/1260 1777/554/1260
f 1787/557/1260 1786/558/1260 1777/554/1260
f 1788/801/1263 1789/802/1264 1790/803/1265
f 1790/803/1265 1789/802/1264 1791/804/1266
f 1789/802/1264 1788/801/1263 1792/805/1267
f 1793/806/1268 1792/805/1267 1788/801/1263
f 1791/804/1266 1789/802/1264 1794/807/1269
f 1795/808/1270 1791/804/1266 1794/807/1269
f 1796/809/1271 1794/807/1269 1789/802/1264
f 1792/805/1267 1796/809/1271 1789/802/1264
f 1792/805/1267 1793/806/1268 1797/810/1272
f 1798/811/1273 1797/810/1272 1793/806/1268
f 1797/810/1272 1799/812/1274 1792/805/1267
f 1796/809/1271 1792/805/1267 1799/812/1274
f 1795/808/1270 1794/807/1269 1800/813/1275
f 1801/814/1276 1795/808/1270 1800/813/1275
f 1794/807/1269 1802/815/1277 1800/813/1275
f 1794/807/1269 1796/809/1271 1802/815/1277
f 1803/816/1278 1802/815/1277 1796/809/1271
f 1799/812/1274 1803/816/1278 1796/809/1271
f 1799/812/1274 1797/810/1272 1804/817/1279
f 1803/816/1278 1799/812/1274 1805/818/1280
f 1804/817/1279 1805/818/1280 1799/812/1274
f 1802/815/1277 1803/816/1278 1806/819/1281
f 1797/810/1272 1798/811/1273 1807/820/1282
f 1807/820/1282 1804/817/1279 1797/810/1272
f 1802/815/1277 1806/819/1281 1808/821/1283
f 1800/813/1275 1802/815/1277 1808/821/1283
f 1798/811/1273 1809/822/1284 1807/820/1282
f 1809/822/1284 1798/811/1273 1810/823/1285
f 1801/814/1276 1800/813/1275 1811/824/1286
f 1811/824/1286 1800/813/1275 1808/821/1283
f 1810/823/1285 1812/825/1287 1809/822/1284
f 1812/825/1287 1810/823/1285 1813/826/1288
f 1814/827/1289 1812/825/1287 1813/826/1288
f 1815/828/1290 1801/814/1276 1811/824/1286
f 1801/814/1276 1815/828/1290 1816/829/1291
f 1812/825/1287 1814/827/1289 1817/830/1292
f 1814/827/1289 1818/831/1293 1817/830/1292
f 1818/831/1293 1816/829/1291 1815/828/1290
f 1819/832/1294 1818/831/1293 1814/827/1289
f 1816/829/1291 1818/831/1293 1819/832/1294
f 1817/830/1292 1820/833/1295 1812/825/1287
f 1818/831/1293 1820/833/1295 1817/830/1292
f 1821/834/1296 1809/822/1284 1812/825/1287
f 1821/834/1296 1812/825/1287 1820/833/1295
f 1815/828/1290 1822/835/1297 1818/831/1293
f 1820/833/1295 1818/831/1293 1822/835/1297
f 1820/833/1295 1823/836/1298 1821/834/1296
f 1822/835/1297 1823/836/1298 1820/833/1295
f 1824/837/1299 1807/820/1282 1809/822/1284
f 1809/822/1284 1821/834/1296 1824/837/1299
f 1824/837/1299 1821/834/1296 1825/838/1300
f 1825/838/1300 1821/834/1296 1823/836/1298
f 1804/817/1279 1807/820/1282 1826/839/1301
f 1807/820/1282 1824/837/1299 1826/839/1301
f 1826/839/1301 1824/837/1299 1827/840/1302
f 1827/840/1302 1824/837/1299 1825/838/1300
f 1826/839/1301 1828/841/1303 1804/817/1279
f 1805/818/1280 1804/817/1279 1828/841/1303
f 1828/841/1303 1826/839/1301 1829/842/1304
f 1826/839/1301 1827/840/1302 1829/842/1304
f 1827/840/1302 1825/838/1300 1830/843/1305
f 1829/842/1304 1827/840/1302 1830/843/1305
f 1828/841/1303 1829/842/1304 1830/843/1305
f 1805/818/1280 1828/841/1303 1830/843/1305
f 1825/838/1300 1823/836/1298 1830/843/1305
f 1803/816/1278 1805/818/1280 1830/843/1305
f 1806/819/1281 1803/816/1278 1830/843/1305
f 1823/836/1298 1831/844/1306 1830/843/1305
f 1823/836/1298 1822/835/1297 1831/844/1306
f 1808/821/1283 1806/819/1281 1832/845/1307
f 1832/845/1307 1806/819/1281 1830/843/1305
f 1822/835/1297 1815/828/1290 1833/846/1308
f 1811/824/1286 1833/846/1308 1815/828/1290
f 1833/846/1308 1831/844/1306 1822/835/1297
f 1833/846/1308 1811/824/1286 1834/847/1309
f 1834/847/1309 1808/821/1283 1832/845/1307
f 1811/824/1286 1808/821/1283 1834/847/1309
f 1831/844/1306 1833/846/1308 1835/848/1310
f 1834/847/1309 1835/848/1310 1833/846/1308
f 1831/844/1306 1835/848/1310 1830/843/1305
f 1835/848/1310 1834/847/1309 1836/849/1311
f 1836/849/1311 1832/845/1307 1830/843/1305
f 1835/848/1310 1836/849/1311 1830/843/1305
f 1834/847/1309 1832/845/1307 1836/849/1311
f 1837/850/1312 1838/851/1313 1839/852/1314
f 1838/851/1313 1840/853/1315 1839/852/1314
f 1838/851/1313 1837/850/1312 1841/854/1316
f 1842/855/1317 1841/854/1316 1837/850/1312
f 1840/853/1315 1838/851/1313 1843/856/1318
f 1843/856/1318 1844/857/1319 1840/853/1315
f 1845/858/1320 1843/856/1318 1838/851/1313
f 1845/858/1320 1838/851/1313 1841/854/1316
f 1846/859/1321 1841/854/1316 1842/855/1317
f 1844/857/1319 1843/856/1318 1847/860/1322
f 1841/854/1316 1848/861/1323 1845/858/1320
f 1841/854/1316 1846/859/1321 1848/861/1323
f 1842/855/1317 1849/862/1324 1846/859/1321
f 1849/862/1324 1842/855/1317 1850/863/1325
f 1851/864/1326 1848/861/1323 1846/859/1321
f 1846/859/1321 1849/862/1324 1851/864/1326
f 1852/865/1327 1845/858/1320 1848/861/1323
f 1852/865/1327 1853/866/1328 1845/858/1320
f 1853/866/1328 1847/860/1322 1843/856/1318
f 1843/856/1318 1845/858/1320 1853/866/1328
f 1848/861/1323 1854/867/1329 1852/865/1327
f 1854/867/1329 1848/861/1323 1851/864/1326
f 1853/866/1328 1852/865/1327 1855/868/1330
f 1851/864/1326 1856/869/1331 1854/867/1329
f 1855/868/1330 1857/870/1332 1853/866/1328
f 1847/860/1322 1853/866/1328 1857/870/1332
f 1851/864/1326 1858/871/1333 1856/869/1331
f 1851/864/1326 1849/862/1324 1858/871/1333
f 1856/869/1331 1858/871/1333 1859/872/1334
f 1856/869/1331 1860/873/1335 1854/867/1329
f 1859/872/1334 1860/873/1335 1856/869/1331
f 1854/867/1329 1860/873/1335 1852/865/1327
f 1852/865/1327 1860/873/1335 1855/868/1330
f 1861/874/1336 1860/873/1335 1859/872/1334
f 1858/871/1333 1861/874/1336 1859/872/1334
f 1849/862/1324 1862/875/1337 1858/871/1333
f 1861/874/1336 1858/871/1333 1862/875/1337
f 1862/875/1337 1863/876/1338 1861/874/1336
f 1863/876/1338 1860/873/1335 1861/874/1336
f 1850/863/1325 1864/877/1339 1849/862/1324
f 1862/875/1337 1849/862/1324 1864/877/1339
f 1864/877/1339 1850/863/1325 1865/878/1340
f 1863/876/1338 1862/875/1337 1866/879/1341
f 1864/877/1339 1866/879/1341 1862/875/1337
f 1866/879/1341 1864/877/1339 1867/880/1342
f 1865/878/1340 1867/880/1342 1864/877/1339
f 1867/880/1342 1865/878/1340 1868/881/1343
f 1869/882/1344 1867/880/1342 1868/881/1343
f 1866/879/1341 1870/883/1345 1863/876/1338
f 1870/883/1345 1860/873/1335 1863/876/1338
f 1870/883/1345 1866/879/1341 1871/884/1346
f 1867/880/1342 1871/884/1346 1866/879/1341
f 1871/884/1346 1867/880/1342 1872/885/1347
f 1867/880/1342 1869/882/1344 1872/885/1347
f 1873/886/1348 1871/884/1346 1872/885/1347
f 1869/882/1344 1873/886/1348 1872/885/1347
f 1873/886/1348 1869/882/1344 1874/887/1349
f 1874/887/1349 1875/888/1350 1873/886/1348
f 1876/889/1351 1870/883/1345 1871/884/1346
f 1871/884/1346 1873/886/1348 1876/889/1351
f 1873/886/1348 1877/890/1352 1876/889/1351
f 1875/888/1350 1877/890/1352 1873/886/1348
f 1875/888/1350 1878/891/1353 1877/890/1352
f 1879/892/1354 1860/873/1335 1870/883/1345
f 1870/883/1345 1876/889/1351 1879/892/1354
f 1879/892/1354 1876/889/1351 1880/893/1355
f 1877/890/1352 1880/893/1355 1876/889/1351
f 1881/894/1356 1877/890/1352 1878/891/1353
f 1877/890/1352 1881/894/1356 1880/893/1355
f 1878/891/1353 1844/857/1319 1881/894/1356
f 1847/860/1322 1881/894/1356 1844/857/1319
f 1857/870/1332 1881/894/1356 1847/860/1322
f 1882/895/1357 1860/873/1335 1879/892/1354
f 1880/893/1355 1882/895/1357 1879/892/1354
f 1880/893/1355 1883/896/1358 1882/895/1357
f 1881/894/1356 1857/870/1332 1883/896/1358
f 1881/894/1356 1883/896/1358 1880/893/1355
f 1883/896/1358 1884/897/1359 1882/895/1357
f 1884/897/1359 1860/873/1335 1882/895/1357
f 1885/898/1360 1860/873/1335 1884/897/1359
f 1883/896/1358 1885/898/1360 1884/897/1359
f 1885/898/1360 1883/896/1358 1857/870/1332
f 1855/868/1330 1860/873/1335 1885/898/1360
f 1857/870/1332 1855/868/1330 1885/898/1360
f 1886/853/1361 1887/851/1362 1888/852/1363
f 1889/850/1364 1888/852/1363 1887/851/1362
f 1887/851/1362 1886/853/1361 1890/856/1365
f 1891/857/1366 1890/856/1365 1886/853/1361
f 1887/851/1362 1892/854/1367 1889/850/1364
f 1893/855/1368 1889/850/1364 1892/854/1367
f 1894/858/1369 1892/854/1367 1887/851/1362
f 1890/856/1365 1894/858/1369 1887/851/1362
f 1890/856/1365 1891/857/1366 1895/860/1370
f 1892/854/1367 1896/859/1371 1893/855/1368
f 1894/858/1369 1890/856/1365 1897/866/1372
f 1895/860/1370 1897/866/1372 1890/856/1365
f 1891/857/1366 1898/894/1373 1895/860/1370
f 1898/894/1373 1891/857/1366 1899/891/1374
f 1896/859/1371 1892/854/1367 1900/861/1375
f 1892/854/1367 1894/858/1369 1900/861/1375
f 1901/865/1376 1900/861/1375 1894/858/1369
f 1897/866/1372 1901/865/1376 1894/858/1369
f 1896/859/1371 1900/861/1375 1902/864/1377
f 1898/894/1373 1903/870/1378 1895/860/1370
f 1897/866/1372 1895/860/1370 1903/870/1378
f 1903/870/1378 1904/868/1379 1897/866/1372
f 1901/865/1376 1897/866/1372 1904/868/1379
f 1900/861/1375 1905/867/1380 1902/864/1377
f 1900/861/1375 1901/865/1376 1905/867/1380
f 1904/868/1379 1903/870/1378 1906/898/1381
f 1901/865/1376 1904/868/1379 1907/873/1382
f 1905/867/1380 1901/865/1376 1907/873/1382
f 1904/868/1379 1906/898/1381 1907/873/1382
f 1908/869/1383 1905/867/1380 1907/873/1382
f 1902/864/1377 1905/867/1380 1908/869/1383
f 1903/870/1378 1898/894/1373 1909/896/1384
f 1909/896/1384 1906/898/1381 1903/870/1378
f 1906/898/1381 1910/897/1385 1907/873/1382
f 1906/898/1381 1909/896/1384 1910/897/1385
f 1910/897/1385 1911/895/1386 1907/873/1382
f 1909/896/1384 1911/895/1386 1910/897/1385
f 1898/894/1373 1912/893/1387 1909/896/1384
f 1911/895/1386 1909/896/1384 1912/893/1387
f 1899/891/1374 1913/890/1388 1898/894/1373
f 1912/893/1387 1898/894/1373 1913/890/1388
f 1913/890/1388 1899/891/1374 1914/888/1389
f 1911/895/1386 1915/892/1390 1907/873/1382
f 1915/892/1390 1911/895/1386 1912/893/1387
f 1913/890/1388 1916/889/1391 1912/893/1387
f 1912/893/1387 1916/889/1391 1915/892/1390
f 1916/889/1391 1913/890/1388 1917/886/1392
f 1914/888/1389 1917/886/1392 1913/890/1388
f 1917/886/1392 1914/888/1389 1918/887/1393
f 1919/882/1394 1917/886/1392 1918/887/1393
f 1915/892/1390 1920/883/1395 1907/873/1382
f 1915/892/1390 1916/889/1391 1920/883/1395
f 1921/884/1396 1920/883/1395 1916/889/1391
f 1921/884/1396 1916/889/1391 1917/886/1392
f 1917/886/1392 1919/882/1394 1922/885/1397
f 1917/886/1392 1922/885/1397 1921/884/1396
f 1923/880/1398 1921/884/1396 1922/885/1397
f 1919/882/1394 1923/880/1398 1922/885/1397
f 1923/880/1398 1919/882/1394 1924/881/1399
f 1925/878/1400 1923/880/1398 1924/881/1399
f 1921/884/1396 1923/880/1398 1926/879/1401
f 1926/879/1401 1920/883/1395 1921/884/1396
f 1927/877/1402 1926/879/1401 1923/880/1398
f 1923/880/1398 1925/878/1400 1927/877/1402
f 1928/863/1403 1927/877/1402 1925/878/1400
f 1920/883/1395 1929/876/1404 1907/873/1382
f 1920/883/1395 1926/879/1401 1929/876/1404
f 1930/875/1405 1929/876/1404 1926/879/1401
f 1926/879/1401 1927/877/1402 1930/875/1405
f 1927/877/1402 1928/863/1403 1931/862/1406
f 1931/862/1406 1930/875/1405 1927/877/1402
f 1893/855/1368 1931/862/1406 1928/863/1403
f 1931/862/1406 1893/855/1368 1896/859/1371
f 1931/862/1406 1896/859/1371 1902/864/1377
f 1929/876/1404 1932/874/1407 1907/873/1382
f 1929/876/1404 1930/875/1405 1932/874/1407
f 1902/864/1377 1933/871/1408 1931/862/1406
f 1933/871/1408 1932/874/1407 1930/875/1405
f 1933/871/1408 1902/864/1377 1908/869/1383
f 1930/875/1405 1931/862/1406 1933/871/1408
f 1932/874/1407 1934/872/1409 1907/873/1382
f 1932/874/1407 1933/871/1408 1934/872/1409
f 1934/872/1409 1908/869/1383 1907/873/1382
f 1934/872/1409 1933/871/1408 1908/869/1383
