# Blender 5.2.2 LTS
# www.blender.org
mtllib LeftThigh.mtl
o LeftThigh
v 4.101321 -52.804901 2.018598
v 3.069011 -55.761078 -5.133378
v 4.491122 -52.804901 -6.211039
v 3.069011 -55.761078 -5.133378
v 4.101321 -52.804901 2.018598
v 2.789191 -55.761078 2.018596
v -4.084416 -52.804901 2.018598
v -3.052104 -55.761078 -5.133378
v -2.772285 -55.761078 2.018596
v -3.052104 -55.761078 -5.133378
v -4.084416 -52.804901 2.018598
v -4.474219 -52.804901 -6.211039
v -5.343181 -8.696899 15.351528
v -3.830041 -7.982498 15.529558
v -4.565461 -8.932846 14.706458
v -3.830041 -7.982498 15.529558
v -3.252511 -8.283203 14.863239
v -4.565461 -8.932846 14.706458
v -5.607305 -11.037384 14.715483
v -5.343181 -8.696899 15.351528
v -4.675687 -10.873398 14.231496
v -4.675687 -10.873398 14.231496
v -5.343181 -8.696899 15.351528
v -4.565461 -8.932846 14.706458
v -2.353866 -6.920959 15.307273
v -3.252511 -8.283203 14.863239
v -2.808558 -6.553970 15.942739
v -3.830041 -7.982498 15.529558
v -2.808558 -6.553970 15.942739
v -3.252511 -8.283203 14.863239
v -2.592624 -24.722580 25.568773
v 0.008452 -21.378159 24.030939
v 0.008452 -24.942444 25.842287
v 0.008452 -21.378159 24.030939
v -2.592624 -24.722580 25.568773
v -4.746991 -21.378159 24.030939
v 4.582366 -8.932846 14.706458
v 3.846942 -7.982498 15.529558
v 5.360080 -8.696899 15.351528
v 3.846942 -7.982498 15.529558
v 4.582366 -8.932846 14.706458
v 3.269416 -8.283203 14.863239
v 4.692592 -10.873398 14.231496
v 5.360080 -8.696899 15.351528
v 5.624206 -11.037384 14.715483
v 5.360080 -8.696899 15.351528
v 4.692592 -10.873398 14.231496
v 4.582366 -8.932846 14.706458
v 2.825461 -6.553970 15.942739
v 3.846942 -7.982498 15.529558
v 3.269416 -8.283203 14.863239
v 2.825461 -6.553970 15.942739
v 3.269416 -8.283203 14.863239
v 2.370772 -6.920959 15.307273
v 0.008452 -21.378159 24.030939
v 2.609527 -24.722580 25.568773
v 0.008452 -24.942444 25.842287
v 2.609527 -24.722580 25.568773
v 0.008452 -21.378159 24.030939
v 4.763896 -21.378159 24.030939
v -5.214761 -15.006729 -8.277896
v -7.035270 -15.200363 -7.398903
v -3.067126 -14.799728 -8.232978
v -3.372361 -27.352112 -10.566113
v -2.527141 -27.364059 -9.654151
v -2.830457 -27.299942 -8.763050
v -5.996419 -27.588638 -9.418328
v -2.830457 -27.299942 -8.763050
v -5.445188 -27.341293 -7.859611
v -2.830457 -27.299942 -8.763050
v -5.996419 -27.588638 -9.418328
v -3.372361 -27.352112 -10.566113
v -5.445188 -27.341293 -7.859611
v -8.962173 -27.605865 -6.493340
v -5.996419 -27.588638 -9.418328
v -8.962173 -27.605865 -6.493340
v -5.445188 -27.341293 -7.859611
v -6.963212 -27.289169 -5.207727
v -8.962173 -27.605865 -6.493340
v -6.963212 -27.289169 -5.207727
v -10.974931 -24.531982 -2.969782
v -10.974931 -24.531982 -2.969782
v -6.963212 -27.289169 -5.207727
v -8.011247 -24.835266 -1.870650
v -7.482511 -20.008911 -1.412091
v -4.262794 -16.791031 -3.798895
v -9.004827 -16.236115 -4.852418
v -9.004827 -16.236115 -4.852418
v -10.469291 -20.033295 -2.387484
v -7.482511 -20.008911 -1.412091
v -9.004827 -16.236115 -4.852418
v -4.262794 -16.791031 -3.798895
v -7.035270 -15.200363 -7.398903
v -7.035270 -15.200363 -7.398903
v -4.262794 -16.791031 -3.798895
v -3.067126 -14.799728 -8.232978
v 5.231727 -15.006729 -8.277896
v 3.084090 -14.799728 -8.232978
v 7.052234 -15.200363 -7.398903
v 3.389327 -27.352112 -10.566113
v 2.847423 -27.299942 -8.763050
v 2.544105 -27.364059 -9.654151
v 6.013385 -27.588638 -9.418328
v 2.847423 -27.299942 -8.763050
v 3.389327 -27.352112 -10.566113
v 2.847423 -27.299942 -8.763050
v 6.013385 -27.588638 -9.418328
v 5.462153 -27.341293 -7.859611
v 6.013385 -27.588638 -9.418328
v 8.979140 -27.605865 -6.493340
v 5.462153 -27.341293 -7.859611
v 8.979140 -27.605865 -6.493340
v 6.980178 -27.289169 -5.207727
v 5.462153 -27.341293 -7.859611
v 8.979140 -27.605865 -6.493340
v 10.991897 -24.531982 -2.969782
v 6.980178 -27.289169 -5.207727
v 10.991897 -24.531982 -2.969782
v 8.028209 -24.835266 -1.870650
v 6.980178 -27.289169 -5.207727
v 7.499476 -20.008911 -1.412091
v 9.021792 -16.236115 -4.852418
v 4.279757 -16.791031 -3.798895
v 9.021792 -16.236115 -4.852418
v 7.499476 -20.008911 -1.412091
v 10.486251 -20.033295 -2.387484
v 4.279757 -16.791031 -3.798895
v 9.021792 -16.236115 -4.852418
v 7.052234 -15.200363 -7.398903
v 7.052234 -15.200363 -7.398903
v 3.084090 -14.799728 -8.232978
v 4.279757 -16.791031 -3.798895
v -6.298848 -11.374817 9.306283
v -5.126338 -13.190170 11.629019
v -6.111419 -11.694321 12.792674
v -5.126338 -13.190170 11.629019
v -6.298848 -11.374817 9.306283
v -5.198550 -12.920197 8.794542
v -6.247247 -7.437164 2.951708
v -4.976178 -9.666458 -0.258891
v -5.122275 -8.853134 3.023951
v -4.976178 -9.666458 -0.258891
v -6.247247 -7.437164 2.951708
v -6.195649 -8.302856 -0.884232
v 6.315749 -11.374817 9.306283
v 5.143245 -13.190170 11.629019
v 5.215457 -12.920197 8.794542
v 5.143245 -13.190170 11.629019
v 6.315749 -11.374817 9.306283
v 6.128325 -11.694321 12.792674
v 6.264148 -7.437164 2.951708
v 4.993083 -9.666458 -0.258891
v 6.212554 -8.302856 -0.884232
v 4.993083 -9.666458 -0.258891
v 6.264148 -7.437164 2.951708
v 5.139178 -8.853134 3.023951
v 6.128325 -11.694321 12.792674
v 4.213527 -11.767410 13.729058
v 5.143245 -13.190170 11.629019
v -6.111419 -11.694321 12.792674
v -5.126338 -13.190170 11.629019
v -4.196622 -11.767410 13.729058
v -2.427140 -48.559654 -5.802179
v -2.052257 -47.369972 -5.843627
v -1.903901 -48.370987 -5.196114
v -2.052257 -47.369972 -5.843627
v -2.427140 -48.559654 -5.802179
v -2.594571 -47.159035 -6.147885
v -1.617517 -46.243896 -6.228099
v -2.594571 -47.159035 -6.147885
v -2.039689 -45.583328 -6.686955
v -2.594571 -47.159035 -6.147885
v -1.617517 -46.243896 -6.228099
v -2.052257 -47.369972 -5.843627
v -10.913981 -28.831161 -1.823140
v -10.442346 -30.237854 -0.461070
v -10.289426 -28.061615 -1.207344
v -10.442346 -30.237854 -0.461070
v -10.913981 -28.831161 -1.823140
v -10.998265 -30.077988 -1.353865
v -10.959525 -34.192368 3.656882
v -10.732974 -35.131294 8.491124
v -11.371806 -34.646683 7.592481
v -7.637109 -54.109657 11.030863
v -8.162078 -49.797905 9.902102
v -6.680099 -53.636925 10.464505
v -6.680099 -53.636925 10.464505
v -8.162078 -49.797905 9.902102
v -7.205089 -49.684555 9.426334
v -6.475160 -55.823181 9.312219
v -7.637109 -54.109657 11.030863
v -6.680099 -53.636925 10.464505
v -7.637109 -54.109657 11.030863
v -6.475160 -55.823181 9.312219
v -7.432170 -56.506355 9.777895
v -8.405761 -43.458420 1.255395
v -9.304357 -41.808014 5.579216
v -10.602134 -41.155388 5.746485
v -9.799109 -45.282784 6.509730
v -9.304357 -41.808014 5.579216
v -8.832488 -45.520927 6.288626
v -9.304357 -41.808014 5.579216
v -9.799109 -45.282784 6.509730
v -10.602134 -41.155388 5.746485
v -9.157941 -48.331223 6.899114
v -7.205089 -49.684555 9.426334
v -8.162078 -49.797905 9.902102
v -7.205089 -49.684555 9.426334
v -9.157941 -48.331223 6.899114
v -8.200917 -48.219963 6.664780
v -9.157941 -48.331223 6.899114
v -8.832488 -45.520927 6.288626
v -8.200917 -48.219963 6.664780
v -8.832488 -45.520927 6.288626
v -9.157941 -48.331223 6.899114
v -9.799109 -45.282784 6.509730
v -8.081159 -15.208221 12.106270
v -6.982055 -15.377747 13.261387
v -7.011582 -14.871704 11.846445
v -6.982055 -15.377747 13.261387
v -8.081159 -15.208221 12.106270
v -8.081159 -16.031174 14.396713
v -10.247800 -21.053604 7.428528
v -11.432076 -22.840179 2.995220
v -11.287848 -21.053604 7.840946
v -11.432076 -22.840179 2.995220
v -10.247800 -21.053604 7.428528
v -10.423211 -22.802750 2.068802
v -11.287848 -21.053604 7.840946
v -10.591556 -19.609528 7.766960
v -10.247800 -21.053604 7.428528
v -10.591556 -19.609528 7.766960
v -9.551511 -19.609528 7.354541
v -10.247800 -21.053604 7.428528
v 0.008452 -11.094910 16.708975
v 0.008452 -10.513718 13.514430
v -2.947839 -11.169662 16.827570
v -2.947839 -11.169662 16.827570
v 0.008452 -10.513718 13.514430
v -4.431624 -10.510529 13.518127
v -4.431624 -10.510529 13.518127
v 0.008452 -10.513718 13.514430
v -5.057908 -8.901291 9.089595
v -1.903901 -48.370987 -5.196114
v -2.052257 -47.369972 -5.843627
v -1.677756 -48.407875 -6.438276
v -2.052257 -47.369972 -5.843627
v -1.807809 -47.695259 -6.584802
v -1.677756 -48.407875 -6.438276
v -2.052257 -47.369972 -5.843627
v -1.617517 -46.243896 -6.228099
v -1.463319 -46.854095 -6.492035
v -1.463319 -46.854095 -6.492035
v -1.807809 -47.695259 -6.584802
v -2.052257 -47.369972 -5.843627
v -3.979701 -55.399368 14.145292
v -2.489631 -55.400551 14.648725
v -4.648759 -54.549110 15.374194
v -2.156932 -54.557800 16.651232
v -4.648759 -54.549110 15.374194
v -2.489631 -55.400551 14.648725
v -4.369241 -59.071030 12.119037
v -3.630929 -61.652626 11.297447
v -3.427533 -59.071030 12.585327
v -3.630929 -61.652626 11.297447
v -4.369241 -59.071030 12.119037
v -4.628383 -61.652626 10.831158
v -3.979701 -55.399368 14.145292
v -3.427533 -59.071030 12.585327
v -2.489631 -55.400551 14.648725
v -3.427533 -59.071030 12.585327
v -3.979701 -55.399368 14.145292
v -4.369241 -59.071030 12.119037
v -5.405829 -57.654282 8.258421
v -4.628383 -61.652626 10.831158
v -7.432170 -56.506355 9.777895
v -4.628383 -61.652626 10.831158
v -5.405829 -57.654282 8.258421
v -3.365611 -61.399040 9.024847
v -5.405829 -57.654282 8.258421
v -7.432170 -56.506355 9.777895
v -6.475160 -55.823181 9.312219
v -6.475160 -55.823181 9.312219
v -4.709449 -57.157166 7.919563
v -5.405829 -57.654282 8.258421
v -6.475160 -55.823181 9.312219
v -5.037494 -55.310173 6.257749
v -4.709449 -57.157166 7.919563
v -5.037494 -55.310173 6.257749
v -6.475160 -55.823181 9.312219
v -6.925973 -53.284958 7.028456
v -6.925973 -53.284958 7.028456
v -4.916656 -54.790215 3.638121
v -5.037494 -55.310173 6.257749
v -4.916656 -54.790215 3.638121
v -6.925973 -53.284958 7.028456
v -6.759917 -52.570404 3.428414
v -3.365611 -61.399040 9.024847
v -3.630929 -61.652626 11.297447
v -4.628383 -61.652626 10.831158
v -3.630929 -61.652626 11.297447
v -3.365611 -61.399040 9.024847
v -2.639800 -61.399040 9.364147
v -3.548173 -60.487595 10.672360
v -3.427533 -59.071030 12.585327
v -3.630929 -61.652626 11.297447
v -3.427533 -59.071030 12.585327
v -3.548173 -60.487595 10.672360
v -3.291898 -58.579895 11.634521
v -3.291898 -58.579895 11.634521
v -2.345140 -54.892967 13.708168
v -3.427533 -59.071030 12.585327
v -3.427533 -59.071030 12.585327
v -2.345140 -54.892967 13.708168
v -2.489631 -55.400551 14.648725
v -3.548173 -60.487595 10.672360
v -3.630929 -61.652626 11.297447
v -2.639800 -61.399040 9.364147
v -2.639800 -61.399040 9.364147
v -2.656684 -60.328735 9.495879
v -3.548173 -60.487595 10.672360
v -5.814740 -12.540680 16.772371
v -3.690171 -12.788391 19.617006
v -2.947839 -11.169662 16.827570
v -2.624888 -28.778931 -11.788827
v -1.630984 -30.991898 -11.080587
v -3.560229 -28.388260 -9.999778
v -2.213384 -31.486053 -9.443608
v -3.560229 -28.388260 -9.999778
v -1.630984 -30.991898 -11.080587
v -3.560229 -28.388260 -9.999778
v -3.171594 -26.485794 -9.259579
v -2.624888 -28.778931 -11.788827
v 2.069160 -47.369972 -5.843627
v 2.444045 -48.559654 -5.802179
v 1.920806 -48.370987 -5.196114
v 2.444045 -48.559654 -5.802179
v 2.069160 -47.369972 -5.843627
v 2.611476 -47.159035 -6.147885
v 2.611476 -47.159035 -6.147885
v 1.634421 -46.243896 -6.228099
v 2.056594 -45.583328 -6.686955
v 1.634421 -46.243896 -6.228099
v 2.611476 -47.159035 -6.147885
v 2.069160 -47.369972 -5.843627
v 10.459250 -30.237854 -0.461070
v 10.930888 -28.831161 -1.823140
v 10.306331 -28.061615 -1.207344
v 10.930888 -28.831161 -1.823140
v 10.459250 -30.237854 -0.461070
v 11.015166 -30.077988 -1.353865
v 10.976428 -34.192368 3.656882
v 11.388709 -34.646683 7.592481
v 10.749877 -35.131294 8.491124
v 8.178981 -49.797905 9.902102
v 6.697001 -53.636925 10.464505
v 7.221995 -49.684555 9.426334
v 6.697001 -53.636925 10.464505
v 8.178981 -49.797905 9.902102
v 7.654010 -54.109657 11.030863
v 6.492064 -55.823181 9.312219
v 6.697001 -53.636925 10.464505
v 7.654010 -54.109657 11.030863
v 6.492064 -55.823181 9.312219
v 7.654010 -54.109657 11.030863
v 7.449077 -56.506355 9.777895
v 8.422668 -43.458420 1.255395
v 10.619037 -41.155388 5.746485
v 9.321261 -41.808014 5.579216
v 9.321261 -41.808014 5.579216
v 9.816016 -45.282784 6.509730
v 8.849391 -45.520927 6.288626
v 9.816016 -45.282784 6.509730
v 9.321261 -41.808014 5.579216
v 10.619037 -41.155388 5.746485
v 9.174850 -48.331223 6.899114
v 7.221995 -49.684555 9.426334
v 8.217822 -48.219963 6.664780
v 7.221995 -49.684555 9.426334
v 9.174850 -48.331223 6.899114
v 8.178981 -49.797905 9.902102
v 8.849391 -45.520927 6.288626
v 9.174850 -48.331223 6.899114
v 8.217822 -48.219963 6.664780
v 9.174850 -48.331223 6.899114
v 8.849391 -45.520927 6.288626
v 9.816016 -45.282784 6.509730
v 8.098063 -15.208221 12.106270
v 6.998958 -15.377747 13.261387
v 8.098063 -16.031174 14.396713
v 6.998958 -15.377747 13.261387
v 8.098063 -15.208221 12.106270
v 7.028491 -14.871704 11.846445
v 10.264705 -21.053604 7.428528
v 11.448981 -22.840179 2.995220
v 10.440116 -22.802750 2.068802
v 11.448981 -22.840179 2.995220
v 10.264705 -21.053604 7.428528
v 11.304755 -21.053604 7.840946
v 10.264705 -21.053604 7.428528
v 10.608459 -19.609528 7.766960
v 11.304755 -21.053604 7.840946
v 10.608459 -19.609528 7.766960
v 10.264705 -21.053604 7.428528
v 9.568416 -19.609528 7.354541
v 0.008452 -11.094910 16.708975
v 2.964744 -11.169662 16.827570
v 0.008452 -10.513718 13.514430
v 2.964744 -11.169662 16.827570
v 4.448531 -10.510529 13.518127
v 0.008452 -10.513718 13.514430
v 4.448531 -10.510529 13.518127
v 5.074817 -8.901291 9.089595
v 0.008452 -10.513718 13.514430
v 1.920806 -48.370987 -5.196114
v 1.694659 -48.407875 -6.438276
v 2.069160 -47.369972 -5.843627
v 2.069160 -47.369972 -5.843627
v 1.694659 -48.407875 -6.438276
v 1.824714 -47.695259 -6.584802
v 2.069160 -47.369972 -5.843627
v 1.480224 -46.854095 -6.492035
v 1.634421 -46.243896 -6.228099
v 1.480224 -46.854095 -6.492035
v 2.069160 -47.369972 -5.843627
v 1.824714 -47.695259 -6.584802
v 4.665664 -54.549110 15.374194
v 2.173835 -54.557800 16.651232
v 2.506534 -55.400551 14.648725
v 4.665664 -54.549110 15.374194
v 2.506534 -55.400551 14.648725
v 3.996604 -55.399368 14.145292
v 3.647830 -61.652626 11.297447
v 4.386146 -59.071030 12.119037
v 3.444438 -59.071030 12.585327
v 4.386146 -59.071030 12.119037
v 3.647830 -61.652626 11.297447
v 4.645286 -61.652626 10.831158
v 3.444438 -59.071030 12.585327
v 3.996604 -55.399368 14.145292
v 2.506534 -55.400551 14.648725
v 3.996604 -55.399368 14.145292
v 3.444438 -59.071030 12.585327
v 4.386146 -59.071030 12.119037
v 4.645286 -61.652626 10.831158
v 5.422732 -57.654282 8.258421
v 7.449077 -56.506355 9.777895
v 5.422732 -57.654282 8.258421
v 4.645286 -61.652626 10.831158
v 3.382514 -61.399040 9.024847
v 7.449077 -56.506355 9.777895
v 5.422732 -57.654282 8.258421
v 6.492064 -55.823181 9.312219
v 4.726352 -57.157166 7.919563
v 6.492064 -55.823181 9.312219
v 5.422732 -57.654282 8.258421
v 6.492064 -55.823181 9.312219
v 5.054393 -55.310173 6.257749
v 6.942878 -53.284958 7.028456
v 5.054393 -55.310173 6.257749
v 6.492064 -55.823181 9.312219
v 4.726352 -57.157166 7.919563
v 4.933558 -54.790215 3.638121
v 6.942878 -53.284958 7.028456
v 5.054393 -55.310173 6.257749
v 6.942878 -53.284958 7.028456
v 4.933558 -54.790215 3.638121
v 6.776820 -52.570404 3.428414
v 3.647830 -61.652626 11.297447
v 3.382514 -61.399040 9.024847
v 4.645286 -61.652626 10.831158
v 3.382514 -61.399040 9.024847
v 3.647830 -61.652626 11.297447
v 2.656707 -61.399040 9.364147
v 3.565078 -60.487595 10.672360
v 3.444438 -59.071030 12.585327
v 3.308803 -58.579895 11.634521
v 3.444438 -59.071030 12.585327
v 3.565078 -60.487595 10.672360
v 3.647830 -61.652626 11.297447
v 2.362044 -54.892967 13.708168
v 3.308803 -58.579895 11.634521
v 3.444438 -59.071030 12.585327
v 3.444438 -59.071030 12.585327
v 2.506534 -55.400551 14.648725
v 2.362044 -54.892967 13.708168
v 3.565078 -60.487595 10.672360
v 2.656707 -61.399040 9.364147
v 3.647830 -61.652626 11.297447
v 2.656707 -61.399040 9.364147
v 3.565078 -60.487595 10.672360
v 2.673587 -60.328735 9.495879
v 5.831645 -12.540680 16.772371
v 2.964744 -11.169662 16.827570
v 3.707076 -12.788391 19.617006
v 3.577132 -28.388260 -9.999778
v 2.230289 -31.486053 -9.443608
v 1.647891 -30.991898 -11.080587
v 3.577132 -28.388260 -9.999778
v 1.647891 -30.991898 -11.080587
v 2.641791 -28.778931 -11.788827
v 3.577132 -28.388260 -9.999778
v 2.641791 -28.778931 -11.788827
v 3.188498 -26.485794 -9.259579
v 6.965465 -10.995377 -2.805355
v 3.621070 -9.725647 -0.468349
v 6.166163 -8.799316 -0.468348
v 4.420367 -11.921722 -2.805356
v 0.008452 -55.761078 2.018596
v 3.069011 -55.761078 -5.133378
v 2.789191 -55.761078 2.018596
v 0.008452 -55.761078 -5.781009
v 2.702701 -48.284241 -4.950573
v 3.370452 -46.776665 -6.448176
v 2.702926 -48.283707 -7.412938
v 3.370234 -46.777153 -4.331479
v 0.008452 -48.284225 -5.503342
v 2.702701 -48.284241 -4.950573
v 2.702926 -48.283707 -7.412938
v 0.008452 -48.283707 -8.010658
v 7.918307 -48.596176 7.303795
v 8.199035 -51.748291 7.742680
v 8.938376 -48.595818 7.303898
v 6.528563 -51.748268 7.742684
v 0.008452 -55.761078 2.018596
v -3.052104 -55.761078 -5.133378
v 0.008452 -55.761078 -5.781009
v -2.772285 -55.761078 2.018596
v -2.685794 -48.284241 -4.950573
v -3.353547 -46.776665 -6.448176
v -3.353332 -46.777153 -4.331479
v -2.686023 -48.283707 -7.412938
v 0.008452 -48.284225 -5.503342
v -2.686023 -48.283707 -7.412938
v -2.685794 -48.284241 -4.950573
v 0.008452 -48.283707 -8.010658
v -8.182136 -51.748291 7.742680
v -7.901401 -48.596176 7.303795
v -8.921474 -48.595818 7.303898
v -6.511661 -51.748268 7.742684
v -5.607133 -15.118149 21.344070
v 0.008452 -11.037384 14.715483
v 0.008452 -15.118149 21.344070
v -5.607305 -11.037384 14.715483
v -4.746991 -21.378159 24.030939
v 0.008452 -15.118149 21.344070
v 0.008452 -21.378159 24.030939
v -5.607133 -15.118149 21.344070
v 0.008452 -11.037384 14.715483
v -5.607305 -11.037384 14.715483
v -4.675687 -10.873398 14.231496
v 0.008452 -10.873062 14.231519
v -3.830041 -7.982498 15.529558
v -3.752141 -13.125946 23.085127
v -2.808120 -11.802414 23.928665
v -2.808558 -6.553970 15.942739
v 2.825461 -6.553970 15.942739
v 2.825023 -11.802414 23.928665
v 3.846942 -7.982498 15.529558
v 3.769046 -13.125946 23.085127
v 5.624038 -15.118149 21.344070
v 0.008452 -11.037384 14.715483
v 5.624206 -11.037384 14.715483
v 0.008452 -15.118149 21.344070
v 4.763896 -21.378159 24.030939
v 0.008452 -15.118149 21.344070
v 5.624038 -15.118149 21.344070
v 0.008452 -21.378159 24.030939
v 5.624206 -11.037384 14.715483
v 0.008452 -11.037384 14.715483
v 4.692592 -10.873398 14.231496
v 0.008452 -10.873062 14.231519
v -5.139440 -14.611420 -3.022095
v -6.487937 -13.683411 -3.931714
v -5.251548 -15.614914 -4.303392
v -4.187886 -16.272354 -4.714551
v 5.156344 -14.611420 -3.022095
v 5.268455 -15.614914 -4.303392
v 6.504840 -13.683411 -3.931714
v 4.204791 -16.272354 -4.714551
v 0.008452 -8.814102 -7.504282
v -2.781089 -8.605728 -8.640384
v 0.008452 -8.416977 -8.647034
v -2.781072 -9.002823 -7.497632
v 0.008452 -8.814102 -7.504282
v 2.797992 -8.605728 -8.640384
v 2.797976 -9.002823 -7.497632
v 0.008452 -8.416977 -8.647034
v -1.617517 -46.243896 -6.228099
v 0.008452 -45.583328 -7.106212
v 0.008452 -46.243843 -6.522573
v -2.039689 -45.583328 -6.686955
v -7.226319 -40.863785 15.715643
v -7.551179 -47.244949 13.664552
v -7.826259 -45.938911 15.559799
v -7.562665 -42.743515 16.631266
v -5.814740 -12.540680 16.772371
v -4.405831 -12.100830 15.815419
v -6.982055 -15.377747 13.261387
v -2.947839 -11.169662 16.827570
v -9.551511 -19.609528 7.354541
v -8.081159 -15.208221 12.106270
v -7.011582 -14.871704 11.846445
v -10.591556 -19.609528 7.766960
v 0.008452 -48.370949 -5.655011
v -1.677756 -48.407875 -6.438276
v 0.008452 -48.394493 -6.711635
v -1.903901 -48.370987 -5.196114
v -1.463319 -46.854095 -6.492035
v 0.008452 -46.243843 -6.522573
v 0.008452 -46.880180 -6.697027
v -1.617517 -46.243896 -6.228099
v 0.008452 -54.651291 17.041931
v -2.156932 -54.557800 16.651232
v 0.008452 -55.431313 15.077442
v -2.489631 -55.400551 14.648725
v -3.291898 -58.579895 11.634521
v 0.008452 -60.487572 11.127752
v 0.008452 -58.515602 12.114683
v -3.548173 -60.487595 10.672360
v -2.345140 -54.892967 13.708168
v 0.008452 -58.515602 12.114683
v 0.008452 -54.914429 14.119694
v -3.291898 -58.579895 11.634521
v -2.656684 -60.328735 9.495879
v 0.008452 -60.487572 11.127752
v -3.548173 -60.487595 10.672360
v 0.008452 -60.328476 9.835219
v -2.345140 -54.892967 13.708168
v 0.008452 -54.914429 14.119694
v -2.489631 -55.400551 14.648725
v 0.008452 -55.431313 15.077442
v 0.008452 -60.328476 9.835219
v -2.639800 -61.399040 9.364147
v 0.008452 -61.399040 9.703452
v -2.656684 -60.328735 9.495879
v 0.008452 -31.486481 -9.766170
v -1.630984 -30.991898 -11.080587
v 0.008452 -31.053802 -11.310367
v -2.213384 -31.486053 -9.443608
v -1.630984 -30.991898 -11.080587
v 0.008452 -28.890030 -12.282704
v 0.008452 -31.053802 -11.310367
v -2.624888 -28.778931 -11.788827
v 0.008452 -26.485794 -9.259579
v -2.624888 -28.778931 -11.788827
v -3.171594 -26.485794 -9.259579
v 0.008452 -28.890030 -12.282704
v 1.634421 -46.243896 -6.228099
v 0.008452 -46.243843 -6.522573
v 0.008452 -45.583328 -7.106212
v 2.056594 -45.583328 -6.686955
v 7.568080 -47.244949 13.664552
v 7.243220 -40.863785 15.715643
v 7.843162 -45.938911 15.559799
v 7.579566 -42.743515 16.631266
v 5.831645 -12.540680 16.772371
v 6.998958 -15.377747 13.261387
v 4.422736 -12.100830 15.815419
v 2.964744 -11.169662 16.827570
v 9.568416 -19.609528 7.354541
v 7.028491 -14.871704 11.846445
v 8.098063 -15.208221 12.106270
v 10.608459 -19.609528 7.766960
v 0.008452 -48.370949 -5.655011
v 1.694659 -48.407875 -6.438276
v 1.920806 -48.370987 -5.196114
v 0.008452 -48.394493 -6.711635
v 1.480224 -46.854095 -6.492035
v 0.008452 -46.880180 -6.697027
v 0.008452 -46.243843 -6.522573
v 1.634421 -46.243896 -6.228099
v 0.008452 -54.651291 17.041931
v 0.008452 -55.431313 15.077442
v 2.173835 -54.557800 16.651232
v 2.506534 -55.400551 14.648725
v 3.308803 -58.579895 11.634521
v 0.008452 -60.487572 11.127752
v 3.565078 -60.487595 10.672360
v 0.008452 -58.515602 12.114683
v 0.008452 -58.515602 12.114683
v 2.362044 -54.892967 13.708168
v 0.008452 -54.914429 14.119694
v 3.308803 -58.579895 11.634521
v 0.008452 -60.487572 11.127752
v 2.673587 -60.328735 9.495879
v 3.565078 -60.487595 10.672360
v 0.008452 -60.328476 9.835219
v 2.506534 -55.400551 14.648725
v 0.008452 -55.431313 15.077442
v 0.008452 -54.914429 14.119694
v 2.362044 -54.892967 13.708168
v 0.008452 -60.328476 9.835219
v 2.656707 -61.399040 9.364147
v 2.673587 -60.328735 9.495879
v 0.008452 -61.399040 9.703452
v 0.008452 -31.486481 -9.766170
v 1.647891 -30.991898 -11.080587
v 2.230289 -31.486053 -9.443608
v 0.008452 -31.053802 -11.310367
v 0.008452 -28.890030 -12.282704
v 1.647891 -30.991898 -11.080587
v 0.008452 -31.053802 -11.310367
v 2.641791 -28.778931 -11.788827
v 0.008452 -26.485794 -9.259579
v 2.641791 -28.778931 -11.788827
v 0.008452 -28.890030 -12.282704
v 3.188498 -26.485794 -9.259579
v -4.474219 -52.804901 -6.211039
v -4.084416 -52.804901 2.018598
v -7.755758 -52.804901 -3.619521
v -6.435384 -52.804901 2.018598
v -8.956885 -52.804901 2.018598
v -8.182136 -52.835289 6.079948
v -6.715962 -52.835289 6.079948
v -8.182136 -51.748291 7.742680
v -6.511661 -51.748268 7.742684
v -8.939788 -51.602791 6.435776
v -8.182136 -51.748291 7.742680
v -8.921474 -48.595818 7.303898
v -9.774167 -50.807381 2.018600
v -8.985137 -46.776672 2.018602
v -7.755758 -46.776672 -3.619517
v -8.463548 -50.807381 -4.249772
v -4.882855 -50.807373 -7.334316
v -4.474219 -46.776665 -6.211035
v -2.686023 -48.283707 -7.412938
v -3.353547 -46.776665 -6.448176
v -2.742909 -50.807373 -7.828264
v 0.008452 -50.807373 -8.463336
v 0.008452 -48.283707 -8.010658
v 0.008452 -53.313202 6.391777
v -6.353381 -53.313202 6.493529
v -6.353381 -56.258087 9.186363
v 0.008452 -56.258087 9.066745
v -6.353381 -60.280884 10.411079
v 0.008452 -60.280884 10.302585
v -6.353381 -64.303703 9.676480
v 0.008452 -64.303703 9.676480
v -6.353381 -67.248589 6.731585
v 0.008452 -67.248589 6.731585
v -6.353381 -68.326485 2.708788
v 0.008452 -68.326485 2.708788
v -6.353381 -67.248589 -1.314005
v 0.008452 -67.248589 -1.314005
v -6.353381 -64.303680 -4.258904
v 0.008452 -64.303680 -4.258904
v -6.353381 -60.280876 -5.336797
v 0.008452 -60.280876 -5.336797
v -6.353381 -56.258080 -4.258898
v 0.008452 -56.258080 -4.258898
v -6.353381 -53.313194 -1.313995
v 0.008452 -53.313194 -1.313995
v -6.353381 -52.235298 2.708800
v 0.008452 -52.235298 2.708800
v 0.008452 -53.313202 6.391777
v -6.353381 -53.313202 6.493529
v 0.008452 -10.873062 14.231519
v -4.675687 -10.873398 14.231496
v -4.565461 -8.932846 14.706458
v 0.008452 -8.932190 14.706503
v -3.252511 -8.283203 14.863239
v 0.008452 -8.282730 14.863272
v -2.353866 -6.920959 15.307273
v 0.008452 -6.412155 15.460721
v 4.167613 -17.803802 -11.061981
v 3.127822 -17.801926 -10.245204
v 5.348964 -16.983673 -10.274576
v 3.084090 -14.799728 -8.232978
v 5.231727 -15.006729 -8.277896
v 1.927859 -26.079651 -9.782322
v 1.927859 -28.491302 -8.655037
v 1.927859 -29.403320 -9.957557
v 1.927859 -26.491196 -11.318227
v 1.477500 -29.789932 -10.509678
v 1.477500 -26.665634 -11.969272
v 0.803496 -26.782196 -12.404283
v 0.803496 -30.048233 -10.878590
v -0.786592 -30.048233 -10.878590
v -0.786592 -26.782196 -12.404283
v -1.460597 -29.789932 -10.509678
v -1.460597 -26.665634 -11.969272
v -1.910953 -26.491196 -11.318233
v -1.910953 -29.403320 -9.957557
v -1.910953 -26.079651 -9.782322
v -1.910953 -28.491302 -8.655037
v -1.910953 -23.739044 -10.409486
v -1.910953 -22.022766 -10.520885
v -1.910953 -21.884171 -12.104924
v -1.910953 -24.150589 -11.945396
v -1.460597 -21.825439 -12.776365
v -1.460597 -24.325027 -12.596427
v -0.786592 -21.786179 -13.225005
v -0.786592 -24.441589 -13.031439
v 0.803496 -21.786179 -13.225005
v 0.803496 -24.441589 -13.031439
v 1.477500 -24.325027 -12.596427
v 1.477500 -21.825439 -12.776365
v 1.927859 -24.150589 -11.945390
v 1.927859 -21.884171 -12.104918
v 1.927859 -23.739044 -10.409486
v 1.927859 -22.022766 -10.520885
v -3.145835 -23.642090 -10.047643
v -1.910953 -23.739044 -10.409486
v -3.145835 -24.247543 -12.307227
v -1.910953 -24.150589 -11.945396
v -2.350888 -24.555450 -13.456400
v -1.460597 -24.325027 -12.596427
v -0.786592 -24.441589 -13.031439
v -1.161187 -24.761215 -14.224244
v 0.803496 -24.441589 -13.031439
v 1.178096 -24.761215 -14.224244
v 2.367805 -24.555450 -13.456386
v 1.477500 -24.325027 -12.596427
v 1.927859 -24.150589 -11.945390
v 3.162742 -24.247543 -12.307220
v 1.927859 -23.739044 -10.409486
v 3.162734 -23.642090 -10.047643
v -3.145835 -19.641449 -9.936512
v -1.910953 -19.608810 -10.309690
v -3.145835 -19.437576 -12.266900
v -1.910953 -19.470215 -11.893728
v -2.350890 -19.333893 -13.452080
v -1.460597 -19.411484 -12.565170
v -0.786592 -19.372223 -13.013811
v -1.161191 -19.264603 -14.243988
v 0.803496 -19.372223 -13.013811
v 1.178100 -19.264603 -14.243988
v 2.367805 -19.333893 -13.452080
v 1.477500 -19.411484 -12.565170
v 1.927859 -19.470215 -11.893722
v 3.162742 -19.437576 -12.266893
v 1.927859 -19.608810 -10.309690
v 3.162734 -19.641449 -9.936512
v -3.145835 -12.161331 -6.027187
v -1.910953 -11.920517 -6.314146
v -3.145835 -10.657654 -7.819180
v -1.910953 -10.898438 -7.532226
v -2.350888 -9.892914 -8.730549
v -1.460597 -10.465195 -8.048536
v -1.161187 -9.381927 -9.339501
v -0.786592 -10.175720 -8.393534
v 0.803496 -10.175720 -8.393534
v 1.178096 -9.381927 -9.339501
v 1.477500 -10.465195 -8.048536
v 2.367805 -9.892914 -8.730541
v 1.927859 -10.898438 -7.532226
v 3.162742 -10.657654 -7.819180
v 1.927859 -11.920517 -6.314146
v 3.162734 -12.161331 -6.027187
v 0.008452 -5.540619 13.799536
v 0.008452 -7.059387 14.981851
v 2.370990 -5.648911 13.687351
v 2.366176 -7.200592 14.841108
v 3.158500 -6.241180 13.615133
v 5.387324 -8.540497 13.352367
v 3.704379 -9.488708 14.445838
v 6.128325 -11.694321 12.792674
v 4.213527 -11.767410 13.729058
v -5.591071 -14.252487 -8.870188
v -4.353032 -14.680679 -9.324544
v -4.311749 -15.078598 -8.172048
v -5.251548 -15.614914 -4.303392
v -4.187886 -16.272354 -4.714551
v 0.008452 -15.078278 -8.176930
v -4.311749 -15.078598 -8.172048
v -3.880696 -11.949432 -7.770440
v 0.008452 -11.949570 -7.770453
v -2.781072 -9.002823 -7.497632
v 0.008452 -8.814102 -7.504282
v -7.432170 -56.506355 9.777895
v -4.628383 -61.652626 10.831158
v -4.369241 -59.071030 12.119037
v -7.637109 -54.109657 11.030863
v -3.979701 -55.399368 14.145292
v -6.092498 -48.317513 14.483426
v -8.162078 -49.797905 9.902102
v -7.551179 -47.244949 13.664552
v -8.715014 -42.027794 12.098214
v -9.157941 -48.331223 6.899114
v -7.226319 -40.863785 15.715643
v -9.799109 -45.282784 6.509730
v -7.955265 -37.301109 15.379222
v -6.747943 -34.441826 18.591244
v -9.196996 -41.760094 10.370171
v -10.602134 -41.155388 5.746485
v -10.283065 -38.570244 9.484026
v -10.732974 -35.131294 8.491124
v -7.749319 -34.840042 16.457882
v -8.841321 -30.123474 15.480975
v -9.009864 -30.952240 15.315638
v -11.389121 -25.312592 13.651142
v -9.762935 -22.265671 16.936480
v -12.022983 -22.598999 10.485776
v -9.982425 -18.708008 15.103955
v -11.941012 -20.608948 9.091581
v -9.814248 -16.700378 13.623163
v -11.532105 -19.417007 9.144764
v -9.665885 -16.167908 12.465471
v -7.226319 -40.863785 15.715643
v -7.562665 -42.743515 16.631266
v -5.560941 -41.918289 16.629637
v -5.260415 -44.221649 18.756557
v -3.895560 -42.972794 17.543629
v -2.603190 -45.204704 20.013245
v -2.371148 -43.786232 18.271780
v 0.008452 -44.375633 18.743740
v 0.008452 -45.909378 20.217449
v 4.645286 -61.652626 10.831158
v 7.449077 -56.506355 9.777895
v 4.386146 -59.071030 12.119037
v 7.654010 -54.109657 11.030863
v 3.996604 -55.399368 14.145292
v 6.109401 -48.317513 14.483426
v 8.178981 -49.797905 9.902102
v 7.568080 -47.244949 13.664552
v 8.731917 -42.027794 12.098214
v 9.174850 -48.331223 6.899114
v 7.243220 -40.863785 15.715643
v 9.816016 -45.282784 6.509730
v 7.972167 -37.301109 15.379222
v 6.764846 -34.441826 18.591244
v 9.213897 -41.760094 10.370171
v 10.619037 -41.155388 5.746485
v 10.299972 -38.570244 9.484026
v 10.749877 -35.131294 8.491124
v 7.766223 -34.840042 16.457882
v 8.858226 -30.123474 15.480975
v 9.026771 -30.952240 15.315638
v 0.008452 -38.000641 22.593809
v 0.008452 -44.375633 18.743740
v 2.388053 -43.786232 18.271780
v 2.388888 -37.950844 22.017992
v 3.912463 -42.972794 17.543629
v 4.046283 -37.493553 20.981449
v 3.564387 -34.089653 20.493174
v 5.577842 -41.918289 16.629637
v 5.498805 -36.299355 20.031391
v 6.764846 -34.441826 18.591244
v 7.243220 -40.863785 15.715643
v 6.998958 -15.377747 13.261387
v 5.831645 -12.540680 16.772371
v 7.282184 -13.775818 17.024048
v 8.098063 -16.031174 14.396713
v 8.836246 -17.326447 18.187578
v 8.779227 -18.419205 15.891601
v 8.065955 -20.784409 19.869118
v 7.727466 -22.206360 18.248539
v 5.205054 -24.305038 21.713560
v 4.794005 -25.666473 20.591415
v 2.393023 -29.544510 23.775240
v 2.501906 -30.135040 23.130602
v 1.470233 -29.694031 24.373255
v 0.008452 -30.165558 23.441988
v 0.008452 -29.760651 24.456625
v 0.008452 -25.422516 25.320614
v 1.547805 -25.302475 25.160900
v 0.008452 -23.021011 25.375084
v 1.717921 -22.931854 25.260635
v 2.917167 -25.220291 24.547031
v 5.205054 -24.305038 21.713560
v 2.664374 -21.360550 24.871582
v 4.317676 -23.220261 23.543119
v 8.065955 -20.784409 19.869118
v 4.148974 -18.977219 23.484413
v 6.566497 -19.451202 21.975798
v 8.836246 -17.326447 18.187578
v 7.452434 -16.029724 20.016167
v 7.282184 -13.775818 17.024048
v 5.192824 -15.047470 21.359119
v 5.831645 -12.540680 16.772371
v 3.707076 -12.788391 19.617006
v 4.035769 -14.786194 21.414686
v 2.964744 -11.169662 16.827570
v 4.422736 -12.100830 15.815419
v 4.448531 -10.510529 13.518127
v 6.998958 -15.377747 13.261387
v 7.028491 -14.871704 11.846445
v 3.577132 -28.388260 -9.999778
v 3.188498 -26.485794 -9.259579
v 3.889289 -27.693588 -9.279266
v 4.165492 -28.390396 -9.916278
v 7.194095 -27.693588 -7.167068
v 7.814750 -28.418320 -7.605024
v 9.328715 -27.972977 -3.944514
v 10.073928 -28.717636 -4.087244
v 10.930888 -28.831161 -1.823140
v 10.306331 -28.061615 -1.207344
v 8.057330 -13.995239 -3.660758
v 4.420367 -11.921722 -2.805356
v 6.965465 -10.995377 -2.805355
v 5.512233 -14.921600 -3.660759
v 9.149192 -16.995117 -2.805359
v 6.604106 -17.921478 -2.805360
v 9.948501 -19.191208 -0.468355
v 7.403403 -20.117538 -0.468356
v 7.695968 -20.921356 2.724051
v 10.241057 -19.995010 2.724051
v 9.948501 -19.191208 5.916459
v 7.403403 -20.117538 5.916459
v 6.604106 -17.921494 8.253463
v 9.149192 -16.995132 8.253463
v 5.512233 -14.921600 9.108868
v 8.057330 -13.995255 9.108868
v 4.420367 -11.866714 8.252039
v 6.965465 -10.951889 8.258492
v 6.166163 -8.784012 5.921554
v 3.621070 -9.687683 5.925135
v 5.873595 -7.995499 2.724060
v 3.328498 -8.921829 2.724059
v 3.621070 -9.725647 -0.468349
v 6.166163 -8.799316 -0.468348
v 4.491122 -52.804901 -6.211039
v 7.772662 -52.804901 -3.619521
v 4.101321 -52.804901 2.018598
v 6.452289 -52.804901 2.018598
v 8.973788 -52.804901 2.018598
v 8.199035 -52.835289 6.079948
v 6.732867 -52.835289 6.079948
v 8.199035 -51.748291 7.742680
v 6.528563 -51.748268 7.742684
v 3.370234 -46.777153 -4.331479
v 4.491122 -46.776665 -6.211035
v 3.370452 -46.776665 -6.448176
v 4.165355 -46.777245 -3.820637
v 7.772662 -46.776672 -3.619517
v 6.671893 -46.777161 -2.209988
v 9.002044 -46.776672 2.018602
v 7.572738 -46.777161 2.018602
v 7.918307 -48.596176 7.303795
v 8.938376 -48.595818 7.303898
v 8.199035 -52.835289 6.079948
v 8.956691 -51.602791 6.435776
v 8.199035 -51.748291 7.742680
v 9.791072 -50.807381 2.018600
v 8.973788 -52.804901 2.018598
v 7.772662 -52.804901 -3.619521
v 8.480449 -50.807381 -4.249772
v 4.899760 -50.807373 -7.334316
v 4.491122 -52.804901 -6.211039
v 2.759814 -50.807373 -7.828264
v 0.008452 -52.804901 -7.159602
v 0.008452 -50.807373 -8.463336
v 3.014823 -52.804901 -6.834954
v 3.069011 -55.761078 -5.133378
v 0.008452 -55.761078 -5.781009
v 8.956691 -51.602791 6.435776
v 8.938376 -48.595818 7.303898
v 8.199035 -51.748291 7.742680
v 9.791072 -50.807381 2.018600
v 9.002044 -46.776672 2.018602
v 7.772662 -46.776672 -3.619517
v 8.480449 -50.807381 -4.249772
v 4.899760 -50.807373 -7.334316
v 4.491122 -46.776665 -6.211035
v 2.702926 -48.283707 -7.412938
v 3.370452 -46.776665 -6.448176
v 2.759814 -50.807373 -7.828264
v 0.008452 -50.807373 -8.463336
v 0.008452 -48.283707 -8.010658
v -4.474219 -46.776665 -6.211035
v -3.353332 -46.777153 -4.331479
v -3.353547 -46.776665 -6.448176
v -4.148450 -46.777245 -3.820637
v -7.755758 -46.776672 -3.619517
v -6.654988 -46.777161 -2.209988
v -8.985137 -46.776672 2.018602
v -7.555837 -46.777161 2.018602
v -7.901401 -48.596176 7.303795
v -8.921474 -48.595818 7.303898
v -8.182136 -52.835289 6.079948
v -8.182136 -51.748291 7.742680
v -8.939788 -51.602791 6.435776
v -9.774167 -50.807381 2.018600
v -8.956885 -52.804901 2.018598
v -7.755758 -52.804901 -3.619521
v -8.463548 -50.807381 -4.249772
v -4.882855 -50.807373 -7.334316
v -4.474219 -52.804901 -6.211039
v -2.742909 -50.807373 -7.828264
v 0.008452 -52.804901 -7.159602
v 0.008452 -50.807373 -8.463336
v -2.997916 -52.804901 -6.834954
v -3.052104 -55.761078 -5.133378
v 0.008452 -55.761078 -5.781009
v 6.370284 -56.258087 9.186363
v 9.889682 -54.228172 6.168391
v 6.370284 -53.313202 6.493529
v 9.889682 -56.786346 8.559907
v 6.370284 -60.280884 10.411079
v 9.889682 -60.280884 9.606324
v 9.889682 -63.775436 8.767930
v 6.370284 -64.303703 9.676480
v 9.889682 -66.333618 6.209750
v 6.370284 -67.248589 6.731585
v 6.370284 -68.326485 2.708788
v 9.889682 -67.269958 2.715209
v 9.889682 -66.333618 -0.779332
v 6.370284 -67.248589 -1.314005
v 9.889682 -63.775429 -3.337504
v 6.370284 -64.303680 -4.258904
v 6.370284 -60.280876 -5.336797
v 9.889682 -60.280876 -4.273870
v 9.889682 -56.786339 -3.337499
v 6.370284 -56.258080 -4.258898
v 6.370284 -53.313194 -1.313995
v 9.889682 -54.228165 -0.779323
v 6.370284 -52.235298 2.708800
v 9.889682 -53.291817 2.715219
v 9.889682 -54.228172 6.168391
v 6.370284 -53.313202 6.493529
v 0.008452 -53.313202 6.391777
v 6.370284 -56.258087 9.186363
v 6.370284 -53.313202 6.493529
v 0.008452 -56.258087 9.066745
v 6.370284 -60.280884 10.411079
v 0.008452 -60.280884 10.302585
v 6.370284 -64.303703 9.676480
v 0.008452 -64.303703 9.676480
v 6.370284 -67.248589 6.731585
v 0.008452 -67.248589 6.731585
v 6.370284 -68.326485 2.708788
v 0.008452 -68.326485 2.708788
v 6.370284 -67.248589 -1.314005
v 0.008452 -67.248589 -1.314005
v 6.370284 -64.303680 -4.258904
v 0.008452 -64.303680 -4.258904
v 6.370284 -60.280876 -5.336797
v 0.008452 -60.280876 -5.336797
v 6.370284 -56.258080 -4.258898
v 0.008452 -56.258080 -4.258898
v 6.370284 -53.313194 -1.313995
v 0.008452 -53.313194 -1.313995
v 6.370284 -52.235298 2.708800
v 0.008452 -52.235298 2.708800
v 0.008452 -53.313202 6.391777
v 6.370284 -53.313202 6.493529
v -9.872779 -54.228172 6.168391
v -6.353381 -56.258087 9.186363
v -6.353381 -53.313202 6.493529
v -9.872779 -56.786346 8.559907
v -6.353381 -60.280884 10.411079
v -9.872779 -60.280884 9.606324
v -9.872779 -63.775436 8.767930
v -6.353381 -64.303703 9.676480
v -9.872779 -66.333618 6.209750
v -6.353381 -67.248589 6.731585
v -6.353381 -68.326485 2.708788
v -9.872779 -67.269958 2.715209
v -9.872779 -66.333618 -0.779332
v -6.353381 -67.248589 -1.314005
v -9.872779 -63.775429 -3.337504
v -6.353381 -64.303680 -4.258904
v -6.353381 -60.280876 -5.336797
v -9.872779 -60.280876 -4.273870
v -9.872779 -56.786339 -3.337499
v -6.353381 -56.258080 -4.258898
v -6.353381 -53.313194 -1.313995
v -9.872779 -54.228165 -0.779323
v -6.353381 -52.235298 2.708800
v -9.872779 -53.291817 2.715219
v -9.872779 -54.228172 6.168391
v -6.353381 -53.313202 6.493529
v -5.607305 -11.037384 14.715483
v -5.342795 -13.625977 22.628986
v -5.343181 -8.696899 15.351528
v -5.607133 -15.118149 21.344070
v -4.534284 -20.702026 25.587671
v -4.746991 -21.378159 24.030939
v -2.592624 -24.722580 25.568773
v -2.563062 -24.089096 27.073709
v 0.008452 -24.942444 25.842287
v 0.008452 -24.279861 27.158108
v -2.105662 -6.038620 16.092737
v -2.353866 -6.920959 15.307273
v -2.808558 -6.553970 15.942739
v 0.008452 -6.412155 15.460721
v 0.008452 -5.910004 16.187130
v -3.752141 -13.125946 23.085127
v -2.592475 -18.333420 26.294292
v -2.808120 -11.802414 23.928665
v -3.267333 -19.271271 25.573034
v -1.553561 -19.671051 26.854462
v -1.943582 -20.723495 26.174606
v 0.008452 -20.869553 26.235823
v 0.008452 -19.834534 26.924589
v 1.570464 -19.671051 26.854462
v 1.960486 -20.723495 26.174606
v 3.284236 -19.271271 25.573034
v 2.609378 -18.333420 26.294292
v 3.769046 -13.125946 23.085127
v 2.825023 -11.802414 23.928665
v 5.360080 -8.696899 15.351528
v 5.359698 -13.625977 22.628986
v 5.624206 -11.037384 14.715483
v 5.624038 -15.118149 21.344070
v 4.551188 -20.702026 25.587671
v 4.763896 -21.378159 24.030939
v 2.609527 -24.722580 25.568773
v 2.579967 -24.089096 27.073709
v 0.008452 -24.942444 25.842287
v 0.008452 -24.279861 27.158108
v 2.122565 -6.038620 16.092737
v 2.825461 -6.553970 15.942739
v 2.370772 -6.920959 15.307273
v 0.008452 -6.412155 15.460721
v 0.008452 -5.910004 16.187130
v 0.008452 -10.873062 14.231519
v 4.582366 -8.932846 14.706458
v 4.692592 -10.873398 14.231496
v 0.008452 -8.932190 14.706503
v 3.269416 -8.283203 14.863239
v 0.008452 -8.282730 14.863272
v 2.370772 -6.920959 15.307273
v 0.008452 -6.412155 15.460721
v -3.372361 -27.352112 -10.566113
v -2.977069 -22.427002 -10.877709
v -2.527141 -27.364059 -9.654151
v -3.972264 -22.411133 -11.724460
v -3.047309 -19.400696 -10.798803
v -4.065919 -19.413071 -11.674069
v -3.110856 -17.801926 -10.245204
v -4.150645 -17.803802 -11.061981
v -5.332000 -16.983673 -10.274576
v -5.214761 -15.006729 -8.277896
v -3.067126 -14.799728 -8.232978
v -3.110856 -17.801926 -10.245204
v -4.150645 -17.803802 -11.061981
v -2.527141 -27.364059 -9.654151
v 0.008483 -22.427002 -10.877709
v 0.008483 -27.364059 -9.654151
v -2.977069 -22.427002 -10.877709
v 0.008483 -19.400696 -10.798803
v -3.047309 -19.400696 -10.798803
v 0.008483 -17.801926 -10.245204
v -3.110856 -17.801926 -10.245204
v -3.067126 -14.799728 -8.232978
v 0.008483 -14.799728 -8.232978
v 2.994037 -22.427002 -10.877709
v 3.389327 -27.352112 -10.566113
v 2.544105 -27.364059 -9.654151
v 3.989230 -22.411133 -11.724460
v 3.064273 -19.400696 -10.798803
v 4.082885 -19.413071 -11.674069
v 3.127822 -17.801926 -10.245204
v 4.167613 -17.803802 -11.061981
v 0.008483 -22.427002 -10.877709
v 2.544105 -27.364059 -9.654151
v 0.008483 -27.364059 -9.654151
v 2.994037 -22.427002 -10.877709
v 0.008483 -19.400696 -10.798803
v 3.064273 -19.400696 -10.798803
v 0.008483 -17.801926 -10.245204
v 3.127822 -17.801926 -10.245204
v 3.084090 -14.799728 -8.232978
v 0.008483 -14.799728 -8.232978
v -1.910953 -17.035156 -11.163855
v -1.910953 -19.608810 -10.309690
v -1.910953 -17.791351 -9.535628
v -1.910953 -19.470215 -11.893728
v -1.460597 -16.750305 -11.774714
v -1.460597 -19.411484 -12.565170
v -0.786592 -19.372223 -13.013811
v -0.786592 -16.559967 -12.182875
v 0.803496 -16.559967 -12.182875
v 0.803496 -19.372223 -13.013811
v 1.477500 -16.750305 -11.774714
v 1.477500 -19.411484 -12.565170
v 1.927859 -19.470215 -11.893722
v 1.927859 -17.035156 -11.163855
v 1.927859 -19.608810 -10.309690
v 1.927859 -17.791351 -9.535628
v -1.910953 -13.919388 -7.729136
v -1.910953 -14.839005 -10.139773
v -1.894914 -15.615707 -8.456018
v -1.910953 -12.754700 -9.089812
v -1.460597 -14.554153 -10.750632
v -1.460597 -12.321457 -9.606130
v -0.786592 -14.363831 -11.158800
v -0.786592 -12.031967 -9.951126
v 0.803496 -12.031967 -9.951126
v 0.803496 -14.363831 -11.158800
v 1.477500 -12.321457 -9.606130
v 1.477500 -14.554153 -10.750632
v 1.927859 -12.754700 -9.089812
v 1.927859 -14.839005 -10.139773
v 1.927859 -13.919388 -7.729136
v 1.911815 -15.615707 -8.456018
v -3.145835 -10.657654 -7.819180
v -3.145839 -14.017563 -7.584774
v -3.145835 -12.161331 -6.027187
v -3.145835 -12.513901 -9.376767
v -2.350888 -9.892914 -8.730549
v -2.350896 -11.749176 -10.288135
v -1.161187 -11.238174 -10.897087
v -1.161187 -9.381927 -9.339501
v 1.178096 -9.381927 -9.339501
v 1.178096 -11.238174 -10.897087
v 2.367805 -9.892914 -8.730541
v 2.367801 -11.749176 -10.288141
v 3.162742 -12.513901 -9.376767
v 3.162742 -10.657654 -7.819180
v 3.162738 -14.017563 -7.584774
v 3.162734 -12.161331 -6.027187
v -3.145835 -26.588150 -11.680062
v -1.910953 -26.079651 -9.782322
v -3.145839 -25.982697 -9.420485
v -1.910953 -26.491196 -11.318233
v -2.350896 -26.896057 -12.829235
v -1.460597 -26.665634 -11.969272
v -0.786592 -26.782196 -12.404283
v -1.161187 -27.101807 -13.597081
v 0.803496 -26.782196 -12.404283
v 1.178096 -27.101807 -13.597081
v 2.367801 -26.896057 -12.829235
v 1.477500 -26.665634 -11.969272
v 1.927859 -26.491196 -11.318227
v 3.162742 -26.588150 -11.680062
v 3.162738 -25.982697 -9.420491
v 1.927859 -26.079651 -9.782322
v -3.145835 -21.851532 -12.478096
v -1.910953 -22.022766 -10.520885
v -3.145839 -22.055405 -10.147707
v -1.910953 -21.884171 -12.104924
v -2.350888 -21.747849 -13.663286
v -1.460597 -21.825439 -12.776365
v -0.786592 -21.786179 -13.225005
v -1.161191 -21.678543 -14.455183
v 0.803496 -21.786179 -13.225005
v 1.178100 -21.678543 -14.455183
v 2.367797 -21.747849 -13.663279
v 1.477500 -21.825439 -12.776365
v 1.927859 -21.884171 -12.104918
v 3.162742 -21.851532 -12.478096
v 3.162738 -22.055405 -10.147714
v 1.927859 -22.022766 -10.520885
v -5.122275 -8.853134 3.023951
v -6.273047 -8.206070 6.524515
v -6.247247 -7.437164 2.951708
v -5.160411 -9.778366 6.293043
v -6.298848 -11.374817 9.306283
v -5.198550 -12.920197 8.794542
v -4.936736 -11.381454 -2.484552
v -6.487937 -13.683411 -3.931714
v -5.139440 -14.611420 -3.022095
v -6.189002 -10.231461 -3.252896
v -4.976178 -9.666458 -0.258891
v -6.195649 -8.302856 -0.884232
v 6.289950 -8.206070 6.524515
v 5.139178 -8.853134 3.023951
v 6.264148 -7.437164 2.951708
v 5.177314 -9.778366 6.293043
v 6.315749 -11.374817 9.306283
v 5.215457 -12.920197 8.794542
v 4.953639 -11.381454 -2.484552
v 5.156344 -14.611420 -3.022095
v 6.504840 -13.683411 -3.931714
v 6.205909 -10.231461 -3.252896
v 4.993083 -9.666458 -0.258891
v 6.212554 -8.302856 -0.884232
v 0.008452 -5.540619 13.799536
v -2.354085 -5.648911 13.687351
v 0.008452 -7.059387 14.981851
v -2.349269 -7.200592 14.841108
v -3.141597 -6.241180 13.615133
v -5.370425 -8.540497 13.352367
v -3.687474 -9.488708 14.445838
v -6.111419 -11.694321 12.792674
v -4.196622 -11.767410 13.729058
v 0.008452 -8.416977 -8.647034
v -2.842603 -7.543076 -8.151113
v 0.008452 -7.404922 -8.190786
v -2.781089 -8.605728 -8.640384
v -3.801532 -8.131195 -8.093999
v -4.878901 -11.104156 -8.461061
v -3.880710 -11.552338 -8.913192
v -5.591071 -14.252487 -8.870188
v -4.353032 -14.680679 -9.324544
v -4.353032 -14.680679 -9.324544
v -3.880696 -11.949432 -7.770440
v -4.311749 -15.078598 -8.172048
v -3.880710 -11.552338 -8.913192
v -2.781072 -9.002823 -7.497632
v -2.781089 -8.605728 -8.640384
v 2.859508 -7.543076 -8.151113
v 0.008452 -8.416977 -8.647034
v 0.008452 -7.404922 -8.190786
v 2.797992 -8.605728 -8.640384
v 3.818435 -8.131195 -8.093999
v 4.895804 -11.104156 -8.461061
v 3.897613 -11.552338 -8.913192
v 5.607974 -14.252487 -8.870188
v 4.369941 -14.680679 -9.324544
v 5.607974 -14.252487 -8.870188
v 4.328654 -15.078598 -8.172048
v 4.369941 -14.680679 -9.324544
v 5.268455 -15.614914 -4.303392
v 4.204791 -16.272354 -4.714551
v 0.008452 -15.078278 -8.176930
v 3.897601 -11.949432 -7.770440
v 4.328654 -15.078598 -8.172048
v 0.008452 -11.949570 -7.770453
v 2.797976 -9.002823 -7.497632
v 0.008452 -8.814102 -7.504282
v 3.897601 -11.949432 -7.770440
v 4.369941 -14.680679 -9.324544
v 4.328654 -15.078598 -8.172048
v 3.897613 -11.552338 -8.913192
v 2.797976 -9.002823 -7.497632
v 2.797992 -8.605728 -8.640384
v -10.913981 -28.831161 -1.823140
v -10.057019 -28.717636 -4.087244
v -10.998265 -30.077988 -1.353865
v -9.325894 -32.685715 -4.224384
v -7.797843 -28.418320 -7.605024
v -6.242526 -34.583855 -7.007354
v -8.368236 -34.435043 -4.888192
v -4.148591 -28.390396 -9.916278
v -7.339088 -38.761017 -4.946880
v -2.213384 -31.486053 -9.443608
v -3.560229 -28.388260 -9.999778
v -5.512002 -38.454521 -6.588149
v -6.724193 -42.957191 -4.537309
v -3.491517 -34.583855 -8.461535
v 0.008452 -34.583855 -9.029402
v 0.008452 -31.486481 -9.766170
v -3.186122 -38.454521 -7.614836
v 0.008452 -38.454521 -8.182177
v -5.065675 -42.957191 -5.989344
v -6.559627 -45.583328 -4.357426
v -2.582929 -42.957191 -6.914192
v 0.008452 -42.957191 -7.315443
v -4.762706 -45.583328 -5.618892
v -6.443477 -47.159058 -4.115001
v -2.039689 -45.583328 -6.686955
v 0.008452 -45.583328 -7.106212
v -2.594571 -47.159035 -6.147885
v -4.790942 -47.159035 -5.227292
v -6.301816 -48.559677 -3.871511
v -4.694982 -48.559677 -4.869704
v -2.427140 -48.559654 -5.802179
v -6.162250 -47.284348 -3.427889
v -6.301816 -48.559677 -3.871511
v -6.386361 -48.559677 -2.472382
v -6.443477 -47.159058 -4.115001
v -6.220946 -45.849625 -3.656574
v -6.559627 -45.583328 -4.357426
v -6.189456 -42.970581 -3.955423
v -6.724193 -42.957191 -4.537309
v -6.676097 -38.862053 -4.390526
v -7.339088 -38.761017 -4.946880
v -8.071979 -34.395798 -4.288177
v -8.368236 -34.435043 -4.888192
v -9.325894 -32.685715 -4.224384
v -8.669169 -33.143921 -3.692477
v -10.998265 -30.077988 -1.353865
v -10.442346 -30.237854 -0.461070
v -10.423211 -22.802750 2.068802
v -12.295592 -26.474991 3.376508
v -11.432076 -22.840179 2.995220
v -11.188006 -27.393921 2.358376
v -12.526422 -28.417511 4.626044
v -11.315354 -29.256058 3.520916
v -11.670197 -30.618011 5.525371
v -12.260989 -29.347961 6.226679
v 0.008452 -38.000641 22.593809
v -2.371148 -43.786232 18.271780
v 0.008452 -44.375633 18.743740
v -2.371984 -37.950844 22.017992
v -3.895560 -42.972794 17.543629
v -4.029378 -37.493553 20.981449
v -5.560941 -41.918289 16.629637
v -3.547482 -34.089653 20.493174
v -5.481902 -36.299355 20.031391
v -7.226319 -40.863785 15.715643
v -6.747943 -34.441826 18.591244
v -7.826259 -45.938911 15.559799
v -5.260415 -44.221649 18.756557
v -7.562665 -42.743515 16.631266
v -6.042130 -48.413368 16.854731
v -2.603190 -45.204704 20.013245
v -2.407943 -50.205070 18.762426
v 0.008452 -45.909378 20.217449
v -4.648759 -54.549110 15.374194
v 0.008452 -50.292473 19.201611
v -2.156932 -54.557800 16.651232
v 0.008452 -54.651291 17.041931
v -10.959525 -34.192368 3.656882
v -11.371806 -34.646683 7.592481
v -11.670197 -30.618011 5.525371
v -11.315354 -29.256058 3.520916
v -9.997247 -34.286102 -0.721205
v -10.442346 -30.237854 -0.461070
v -11.188006 -27.393921 2.358376
v -8.669169 -33.143921 -3.692477
v -8.071979 -34.395798 -4.288177
v -10.289426 -28.061615 -1.207344
v -9.098302 -36.138130 -2.800251
v -6.676097 -38.862053 -4.390526
v -8.429404 -42.957207 -1.454198
v -6.189456 -42.970581 -3.955423
v -6.220946 -45.849625 -3.656574
v -7.598444 -45.583351 -0.793159
v -8.405761 -43.458420 1.255395
v -6.162250 -47.284348 -3.427889
v -7.875989 -45.849640 1.889517
v -7.249694 -47.159042 -0.396532
v -6.386361 -48.559677 -2.472382
v -7.680948 -47.284348 2.269991
v -7.013139 -48.559677 -0.043983
v -7.569547 -48.559677 2.608186
v -9.888804 -22.913757 -1.239332
v -9.311810 -27.972977 -3.944514
v -10.423211 -22.802750 2.068802
v -9.551511 -19.609528 7.354541
v -10.247800 -21.053604 7.428528
v -7.328891 -22.862427 -6.812836
v -7.177196 -27.693588 -7.167068
v -3.171594 -26.485794 -9.259579
v -3.872384 -27.693588 -9.279266
v -4.002595 -22.862427 -9.200509
v -6.124194 -16.984818 -6.153948
v -3.378154 -16.984818 -8.125103
v -3.773282 -8.984070 -2.909823
v -1.027242 -8.984070 -4.880977
v -8.130658 -17.027161 -1.565157
v -5.305480 -8.936508 -0.584453
v -8.571843 -16.935562 1.165882
v -5.467292 -8.129791 3.219710
v -8.139619 -14.521423 5.266217
v -7.011582 -14.871704 11.846445
v -5.755359 -12.250412 7.411580
v -5.057908 -8.901291 9.089595
v -4.431624 -10.510529 13.518127
v -10.409539 -26.408783 12.327943
v -12.260989 -29.347961 6.226679
v -12.645041 -29.717514 7.208872
v -11.083323 -27.278366 12.514751
v -10.351907 -26.999237 13.272353
v -10.844525 -27.786179 13.350262
v -8.841321 -30.123474 15.480975
v -10.130359 -30.021683 14.994444
v -10.001683 -30.690201 14.710603
v -9.009864 -30.952240 15.315638
v -10.732974 -35.131294 8.491124
v -11.750409 -34.143677 9.003900
v -11.750409 -34.143677 9.003900
v -11.371806 -34.646683 7.592481
v -10.732974 -35.131294 8.491124
v -12.147172 -33.637398 8.035803
v -11.670197 -30.618011 5.525371
v -12.548549 -30.797516 7.100667
v -12.260989 -29.347961 6.226679
v -12.645041 -29.717514 7.208872
v -12.548549 -30.797516 7.100667
v -11.083323 -27.278366 12.514751
v -12.645041 -29.717514 7.208872
v -10.844525 -27.786179 13.350262
v -12.147172 -33.637398 8.035803
v -10.130359 -30.021683 14.994444
v -10.001683 -30.690201 14.710603
v -11.750409 -34.143677 9.003900
v -10.664674 -42.118149 0.403306
v -10.698092 -37.170517 -2.082049
v -10.063565 -41.572510 -1.154282
v -11.301953 -35.983284 -0.892746
v -12.177106 -40.104668 4.920053
v -12.351844 -35.300262 3.823086
v -11.941674 -36.140419 8.268449
v -11.863980 -37.939041 8.881003
v -6.982055 -15.377747 13.261387
v -7.265283 -13.775818 17.024048
v -5.814740 -12.540680 16.772371
v -8.081159 -16.031174 14.396713
v -8.819345 -17.326447 18.187578
v -8.762326 -18.419205 15.891601
v -8.049054 -20.784409 19.869118
v -7.710565 -22.206360 18.248539
v -5.188149 -24.305038 21.713560
v -4.777101 -25.666473 20.591415
v -2.376121 -29.544510 23.775240
v -2.485002 -30.135040 23.130602
v -1.453328 -29.694031 24.373255
v 0.008452 -30.165558 23.441988
v 0.008452 -29.760651 24.456625
v 0.008452 -25.422516 25.320614
v -1.530900 -25.302475 25.160900
v 0.008452 -23.021011 25.375084
v -1.701020 -22.931854 25.260635
v -2.900264 -25.220291 24.547031
v -5.188149 -24.305038 21.713560
v -2.647471 -21.360550 24.871582
v -4.300771 -23.220261 23.543119
v -8.049054 -20.784409 19.869118
v -4.132071 -18.977219 23.484413
v -6.549590 -19.451202 21.975798
v -8.819345 -17.326447 18.187578
v -7.435529 -16.029724 20.016167
v -7.265283 -13.775818 17.024048
v -5.175921 -15.047470 21.359119
v -5.814740 -12.540680 16.772371
v -3.690171 -12.788391 19.617006
v -4.018865 -14.786194 21.414686
v -6.982055 -15.377747 13.261387
v -4.431624 -10.510529 13.518127
v -7.011582 -14.871704 11.846445
v -4.405831 -12.100830 15.815419
v -2.947839 -11.169662 16.827570
v -3.560229 -28.388260 -9.999778
v -3.872384 -27.693588 -9.279266
v -3.171594 -26.485794 -9.259579
v -4.148591 -28.390396 -9.916278
v -7.177196 -27.693588 -7.167068
v -7.797843 -28.418320 -7.605024
v -9.311810 -27.972977 -3.944514
v -10.057019 -28.717636 -4.087244
v -10.913981 -28.831161 -1.823140
v -10.289426 -28.061615 -1.207344
v 11.015166 -30.077988 -1.353865
v 10.073928 -28.717636 -4.087244
v 10.930888 -28.831161 -1.823140
v 9.342799 -32.685715 -4.224384
v 7.814750 -28.418320 -7.605024
v 6.259429 -34.583855 -7.007354
v 8.385139 -34.435043 -4.888192
v 4.165492 -28.390396 -9.916278
v 7.355990 -38.761017 -4.946880
v 2.230289 -31.486053 -9.443608
v 3.577132 -28.388260 -9.999778
v 5.528903 -38.454521 -6.588149
v 6.741096 -42.957191 -4.537309
v 3.508418 -34.583855 -8.461535
v 0.008452 -34.583855 -9.029402
v 0.008452 -31.486481 -9.766170
v 3.203025 -38.454521 -7.614836
v 0.008452 -38.454521 -8.182177
v 5.082580 -42.957191 -5.989344
v 6.576530 -45.583328 -4.357426
v 2.599833 -42.957191 -6.914192
v 0.008452 -42.957191 -7.315443
v 4.779613 -45.583328 -5.618892
v 6.460380 -47.159058 -4.115001
v 2.056594 -45.583328 -6.686955
v 0.008452 -45.583328 -7.106212
v 2.611476 -47.159035 -6.147885
v 4.807845 -47.159035 -5.227292
v 6.318717 -48.559677 -3.871511
v 4.711883 -48.559677 -4.869704
v 2.444045 -48.559654 -5.802179
v 6.318717 -48.559677 -3.871511
v 6.179152 -47.284348 -3.427889
v 6.403270 -48.559677 -2.472382
v 6.460380 -47.159058 -4.115001
v 6.237849 -45.849625 -3.656574
v 6.576530 -45.583328 -4.357426
v 6.206359 -42.970581 -3.955423
v 6.741096 -42.957191 -4.537309
v 6.693000 -38.862053 -4.390526
v 7.355990 -38.761017 -4.946880
v 8.088881 -34.395798 -4.288177
v 8.385139 -34.435043 -4.888192
v 9.342799 -32.685715 -4.224384
v 8.686072 -33.143921 -3.692477
v 11.015166 -30.077988 -1.353865
v 10.459250 -30.237854 -0.461070
v 12.312495 -26.474991 3.376508
v 10.440116 -22.802750 2.068802
v 11.448981 -22.840179 2.995220
v 11.204909 -27.393921 2.358376
v 12.543319 -28.417511 4.626044
v 11.332259 -29.256058 3.520916
v 11.687102 -30.618011 5.525371
v 12.277896 -29.347961 6.226679
v 12.039889 -22.598999 10.485776
v 9.779838 -22.265671 16.936480
v 11.406024 -25.312592 13.651142
v 9.999324 -18.708008 15.103955
v 11.957915 -20.608948 9.091581
v 9.831153 -16.700378 13.623163
v 11.549010 -19.417007 9.144764
v 9.682784 -16.167908 12.465471
v 5.277320 -44.221649 18.756557
v 7.843162 -45.938911 15.559799
v 7.579566 -42.743515 16.631266
v 6.059035 -48.413368 16.854731
v 2.620093 -45.204704 20.013245
v 2.424846 -50.205070 18.762426
v 4.665664 -54.549110 15.374194
v 0.008452 -45.909378 20.217449
v 2.173835 -54.557800 16.651232
v 0.008452 -50.292473 19.201611
v 0.008452 -54.651291 17.041931
v 7.243220 -40.863785 15.715643
v 5.577842 -41.918289 16.629637
v 7.579566 -42.743515 16.631266
v 5.277320 -44.221649 18.756557
v 3.912463 -42.972794 17.543629
v 2.620093 -45.204704 20.013245
v 2.388053 -43.786232 18.271780
v 0.008452 -44.375633 18.743740
v 0.008452 -45.909378 20.217449
v 10.976428 -34.192368 3.656882
v 11.687102 -30.618011 5.525371
v 11.388709 -34.646683 7.592481
v 11.332259 -29.256058 3.520916
v 10.014148 -34.286102 -0.721205
v 10.459250 -30.237854 -0.461070
v 11.204909 -27.393921 2.358376
v 8.686072 -33.143921 -3.692477
v 8.088881 -34.395798 -4.288177
v 10.306331 -28.061615 -1.207344
v 9.115203 -36.138130 -2.800251
v 6.693000 -38.862053 -4.390526
v 8.446307 -42.957207 -1.454198
v 6.206359 -42.970581 -3.955423
v 6.237849 -45.849625 -3.656574
v 7.615344 -45.583351 -0.793159
v 8.422668 -43.458420 1.255395
v 6.179152 -47.284348 -3.427889
v 7.892894 -45.849640 1.889517
v 7.266597 -47.159042 -0.396532
v 6.403270 -48.559677 -2.472382
v 7.697852 -47.284348 2.269991
v 7.030040 -48.559677 -0.043983
v 7.586452 -48.559677 2.608186
v 9.905707 -22.913757 -1.239332
v 9.328715 -27.972977 -3.944514
v 10.440116 -22.802750 2.068802
v 9.568416 -19.609528 7.354541
v 10.264705 -21.053604 7.428528
v 7.345798 -22.862427 -6.812836
v 7.194095 -27.693588 -7.167068
v 3.188498 -26.485794 -9.259579
v 3.889289 -27.693588 -9.279266
v 4.019496 -22.862427 -9.200509
v 6.141097 -16.984818 -6.153948
v 3.395057 -16.984818 -8.125103
v 3.790187 -8.984070 -2.909823
v 1.044147 -8.984070 -4.880977
v 8.147563 -17.027161 -1.565157
v 5.322387 -8.936508 -0.584453
v 8.588748 -16.935562 1.165882
v 5.484199 -8.129791 3.219710
v 8.156524 -14.521423 5.266217
v 7.028491 -14.871704 11.846445
v 5.772265 -12.250412 7.411580
v 5.074817 -8.901291 9.089595
v 4.448531 -10.510529 13.518127
v 12.277896 -29.347961 6.226679
v 10.426444 -26.408783 12.327943
v 12.661944 -29.717514 7.208872
v 11.100226 -27.278366 12.514751
v 10.368812 -26.999237 13.272353
v 10.861426 -27.786179 13.350262
v 8.858226 -30.123474 15.480975
v 10.147258 -30.021683 14.994444
v 10.018580 -30.690201 14.710603
v 9.026771 -30.952240 15.315638
v 10.749877 -35.131294 8.491124
v 11.767314 -34.143677 9.003900
v 10.749877 -35.131294 8.491124
v 11.388709 -34.646683 7.592481
v 11.767314 -34.143677 9.003900
v 12.164073 -33.637398 8.035803
v 11.687102 -30.618011 5.525371
v 12.565459 -30.797516 7.100667
v 12.277896 -29.347961 6.226679
v 12.661944 -29.717514 7.208872
v 11.100226 -27.278366 12.514751
v 12.565459 -30.797516 7.100667
v 12.661944 -29.717514 7.208872
v 10.861426 -27.786179 13.350262
v 12.164073 -33.637398 8.035803
v 10.147258 -30.021683 14.994444
v 10.018580 -30.690201 14.710603
v 11.767314 -34.143677 9.003900
v 10.714999 -37.170517 -2.082049
v 10.681579 -42.118149 0.403306
v 10.080474 -41.572510 -1.154282
v 11.318854 -35.983284 -0.892746
v 12.194011 -40.104668 4.920053
v 12.368747 -35.300262 3.823086
v 11.958579 -36.140419 8.268449
v 11.880881 -37.939041 8.881003
v -5.342795 -13.625977 22.628986
v -3.830041 -7.982498 15.529558
v -5.343181 -8.696899 15.351528
v -3.752141 -13.125946 23.085127
v -3.267333 -19.271271 25.573034
v -4.534284 -20.702026 25.587671
v -1.943582 -20.723495 26.174606
v -2.563062 -24.089096 27.073709
v 0.008452 -24.279861 27.158108
v 0.008452 -20.869553 26.235823
v 1.960486 -20.723495 26.174606
v 2.579967 -24.089096 27.073709
v 4.551188 -20.702026 25.587671
v 3.284236 -19.271271 25.573034
v 5.359698 -13.625977 22.628986
v 3.769046 -13.125946 23.085127
v 3.846942 -7.982498 15.529558
v 5.360080 -8.696899 15.351528
v -7.482511 -20.008911 -1.412091
v -10.469291 -20.033295 -2.387484
v -8.045934 -22.479691 -1.446870
v -11.117517 -22.334885 -2.523953
v -10.974931 -24.531982 -2.969782
v -8.011247 -24.835266 -1.870650
v 7.499476 -20.008911 -1.412091
v 8.062903 -22.479691 -1.446870
v 10.486251 -20.033295 -2.387484
v 11.134482 -22.334885 -2.523953
v 10.991897 -24.531982 -2.969782
v 8.028209 -24.835266 -1.870650
v -3.145839 -25.982697 -9.420485
v -3.145835 -23.642090 -10.047643
v -3.145835 -24.247543 -12.307227
v -3.145835 -26.588150 -11.680062
v -2.350896 -26.896057 -12.829235
v -2.350888 -24.555450 -13.456400
v -1.161187 -24.761215 -14.224244
v -1.161187 -27.101807 -13.597081
v 1.178096 -24.761215 -14.224244
v 1.178096 -27.101807 -13.597081
v 2.367801 -26.896057 -12.829235
v 2.367805 -24.555450 -13.456386
v 3.162742 -24.247543 -12.307220
v 3.162742 -26.588150 -11.680062
v 3.162738 -25.982697 -9.420491
v 3.162734 -23.642090 -10.047643
v -3.145839 -22.055405 -10.147707
v -3.145835 -19.641449 -9.936512
v -3.145835 -19.437576 -12.266900
v -3.145835 -21.851532 -12.478096
v -2.350888 -21.747849 -13.663286
v -2.350890 -19.333893 -13.452080
v -1.161191 -21.678543 -14.455183
v -1.161191 -19.264603 -14.243988
v 1.178100 -19.264603 -14.243988
v 1.178100 -21.678543 -14.455183
v 2.367805 -19.333893 -13.452080
v 2.367797 -21.747849 -13.663279
v 3.162742 -19.437576 -12.266893
v 3.162742 -21.851532 -12.478096
v 3.162738 -22.055405 -10.147714
v 3.162734 -19.641449 -9.936512
v -3.145835 -15.669312 -8.359162
v -3.145835 -16.876831 -11.503355
v -3.145839 -17.865463 -9.383237
v -3.145835 -14.680679 -10.479281
v -2.350888 -14.177917 -11.557523
v -2.350896 -16.374054 -12.581591
v -1.161187 -16.038086 -13.302047
v -1.161187 -13.841934 -12.277972
v 1.178096 -13.841934 -12.277972
v 1.178096 -16.038086 -13.302047
v 2.367805 -14.177917 -11.557509
v 2.367801 -16.374054 -12.581598
v 3.162742 -16.876831 -11.503355
v 3.162742 -14.680679 -10.479273
v 3.162734 -15.669312 -8.359169
v 3.162738 -17.865463 -9.383245
v -1.910953 -9.042191 -5.974636
v -1.910953 -11.920517 -6.314146
v -1.910953 -10.064285 -4.756556
v -1.910953 -10.898438 -7.532226
v -1.460597 -10.465195 -8.048536
v -1.460597 -8.608963 -6.490957
v -0.786592 -10.175720 -8.393534
v -0.786592 -8.319473 -6.835948
v 0.803496 -8.319473 -6.835948
v 0.803496 -10.175720 -8.393534
v 1.477500 -8.608963 -6.490957
v 1.477500 -10.465195 -8.048536
v 1.927859 -9.042191 -5.974636
v 1.927859 -10.898438 -7.532226
v 1.927859 -11.920517 -6.314146
v 1.927859 -10.064285 -4.756556
v -3.145839 -17.865463 -9.383237
v -1.910953 -17.035156 -11.163855
v -1.910953 -17.791351 -9.535628
v -3.145835 -16.876831 -11.503355
v -2.350896 -16.374054 -12.581591
v -1.460597 -16.750305 -11.774714
v -1.161187 -16.038086 -13.302047
v -0.786592 -16.559967 -12.182875
v 0.803496 -16.559967 -12.182875
v 1.178096 -16.038086 -13.302047
v 1.477500 -16.750305 -11.774714
v 2.367801 -16.374054 -12.581598
v 1.927859 -17.035156 -11.163855
v 3.162742 -16.876831 -11.503355
v 3.162738 -17.865463 -9.383245
v 1.927859 -17.791351 -9.535628
v -1.910953 -14.839005 -10.139773
v -3.145835 -15.669312 -8.359162
v -1.894914 -15.615707 -8.456018
v -3.145835 -14.680679 -10.479281
v -2.350888 -14.177917 -11.557523
v -1.460597 -14.554153 -10.750632
v -1.161187 -13.841934 -12.277972
v -0.786592 -14.363831 -11.158800
v 0.803496 -14.363831 -11.158800
v 1.178096 -13.841934 -12.277972
v 1.477500 -14.554153 -10.750632
v 2.367805 -14.177917 -11.557509
v 1.927859 -14.839005 -10.139773
v 3.162742 -14.680679 -10.479273
v 3.162734 -15.669312 -8.359169
v 1.911815 -15.615707 -8.456018
v -3.145839 -14.017563 -7.584774
v -1.910953 -12.754700 -9.089812
v -1.910953 -13.919388 -7.729136
v -3.145835 -12.513901 -9.376767
v -2.350896 -11.749176 -10.288135
v -1.460597 -12.321457 -9.606130
v -1.161187 -11.238174 -10.897087
v -0.786592 -12.031967 -9.951126
v 0.803496 -12.031967 -9.951126
v 1.178096 -11.238174 -10.897087
v 1.477500 -12.321457 -9.606130
v 2.367801 -11.749176 -10.288141
v 1.927859 -12.754700 -9.089812
v 3.162742 -12.513901 -9.376767
v 3.162738 -14.017563 -7.584774
v 1.927859 -13.919388 -7.729136
v -6.487937 -13.683411 -3.931714
v -5.591071 -14.252487 -8.870188
v -5.251548 -15.614914 -4.303392
v -4.878901 -11.104156 -8.461061
v -5.221040 -8.860016 -6.119616
v -6.189002 -10.231461 -3.252896
v -3.801532 -8.131195 -8.093999
v -5.415338 -7.073380 -3.828292
v -6.195649 -8.302856 -0.884232
v -3.837287 -6.508026 -6.306723
v -2.898883 -5.860153 -6.343303
v -2.842603 -7.543076 -8.151113
v -3.951034 -5.240051 -4.280338
v 0.008452 -5.712250 -6.373826
v 0.008452 -7.404922 -8.190786
v 2.859508 -7.543076 -8.151113
v -2.965087 -4.628021 -4.321029
v 2.915786 -5.860153 -6.343303
v 3.818435 -8.131195 -8.093999
v 0.008452 -4.492065 -4.342976
v -2.914851 -4.132294 -2.412076
v -3.889285 -4.747910 -2.379989
v -5.444459 -6.244308 -1.620577
v -3.707133 -3.992065 2.777296
v -5.489808 -5.801788 2.917131
v -6.247247 -7.437164 2.951708
v -2.778235 -3.376801 2.761432
v -5.512483 -6.400726 6.611749
v -6.273047 -8.206070 6.524515
v -3.616063 -4.077423 6.648602
v -5.535161 -7.001099 9.605331
v -6.298848 -11.374817 9.306283
v -3.524991 -4.743347 9.831940
v -5.370425 -8.540497 13.352367
v -6.111419 -11.694321 12.792674
v -3.141597 -6.241180 13.615133
v -2.709933 -3.471329 6.674539
v -2.641627 -4.145035 9.899379
v -2.354085 -5.648911 13.687351
v 0.008452 -3.250229 2.788953
v 0.008452 -4.038269 9.988081
v 0.008452 -5.540619 13.799536
v 2.370990 -5.648911 13.687351
v 0.008452 -3.356659 6.733060
v 2.658530 -4.145035 9.899379
v 3.158500 -6.241180 13.615133
v 2.726836 -3.471329 6.674539
v 3.541896 -4.743347 9.831940
v 5.552066 -7.001099 9.605331
v 5.387324 -8.540497 13.352367
v 6.315749 -11.374817 9.306283
v 6.128325 -11.694321 12.792674
v 6.289950 -8.206070 6.524515
v 5.529387 -6.400726 6.611749
v 6.264148 -7.437164 2.951708
v 3.632968 -4.077423 6.648602
v 5.506709 -5.801788 2.917131
v 6.212554 -8.302856 -0.884232
v 2.795138 -3.376801 2.761432
v 3.724036 -3.992065 2.777296
v 5.461364 -6.244308 -1.620577
v 0.008452 -4.001251 -2.428491
v 2.931754 -4.132294 -2.412076
v 2.981990 -4.628021 -4.321029
v 3.906188 -4.747910 -2.379989
v 3.967937 -5.240051 -4.280338
v 3.854194 -6.508026 -6.306723
v 5.432242 -7.073380 -3.828292
v 6.205909 -10.231461 -3.252896
v 5.237945 -8.860016 -6.119616
v 4.895804 -11.104156 -8.461061
v 6.504840 -13.683411 -3.931714
v 5.607974 -14.252487 -8.870188
v 5.268455 -15.614914 -4.303392
v 2.344394 -13.105972 17.671974
v 4.213527 -11.767410 13.729058
v 1.921260 -10.658112 18.246389
v 3.704379 -9.488708 14.445838
v 2.143722 -8.767502 16.860312
v 2.366176 -7.200592 14.841108
v 0.008452 -10.477112 18.373079
v 0.008452 -7.059387 14.981851
v 0.008452 -8.449814 16.793550
v -1.904357 -10.658112 18.246389
v -4.196622 -11.767410 13.729058
v -2.327489 -13.105972 17.671974
v -3.687474 -9.488708 14.445838
v -2.126817 -8.767502 16.860312
v -2.349269 -7.200592 14.841108
v 0.008452 -10.477112 18.373079
v 0.008452 -7.059387 14.981851
v 0.008452 -8.449814 16.793550
v -6.925973 -53.284958 7.028456
v -6.475160 -55.823181 9.312219
v -6.680099 -53.636925 10.464505
v -7.205089 -49.684555 9.426334
v -8.200917 -48.219963 6.664780
v -6.759917 -52.570404 3.428414
v -7.569547 -48.559677 2.608186
v -8.832488 -45.520927 6.288626
v -7.680948 -47.284348 2.269991
v -7.875989 -45.849640 1.889517
v -8.405761 -43.458420 1.255395
v -9.304357 -41.808014 5.579216
v 0.008452 -30.165558 23.441988
v -1.984969 -31.141830 22.829731
v 0.008452 -31.152191 23.056177
v -2.485002 -30.135040 23.130602
v -3.547482 -34.089653 20.493174
v -3.145843 -34.123985 20.599876
v -1.893159 -37.143311 22.086464
v -2.371984 -37.950844 22.017992
v 0.008452 -38.000641 22.593809
v 0.008452 -37.177788 22.359652
v -4.648759 -54.549110 15.374194
v -6.092498 -48.317513 14.483426
v -3.979701 -55.399368 14.145292
v -6.042130 -48.413368 16.854731
v -7.826259 -45.938911 15.559799
v -7.551179 -47.244949 13.664552
v -1.677756 -48.407875 -6.438276
v 0.008452 -47.676888 -6.857239
v 0.008452 -48.394493 -6.711635
v -1.807809 -47.695259 -6.584802
v -1.463319 -46.854095 -6.492035
v 0.008452 -46.880180 -6.697027
v 6.492064 -55.823181 9.312219
v 6.942878 -53.284958 7.028456
v 6.697001 -53.636925 10.464505
v 7.221995 -49.684555 9.426334
v 8.217822 -48.219963 6.664780
v 6.776820 -52.570404 3.428414
v 7.586452 -48.559677 2.608186
v 8.849391 -45.520927 6.288626
v 7.697852 -47.284348 2.269991
v 7.892894 -45.849640 1.889517
v 8.422668 -43.458420 1.255395
v 9.321261 -41.808014 5.579216
v 2.001872 -31.141830 22.829731
v 0.008452 -30.165558 23.441988
v 0.008452 -31.152191 23.056177
v 2.501906 -30.135040 23.130602
v 3.564387 -34.089653 20.493174
v 3.162745 -34.123985 20.599876
v 1.910064 -37.143311 22.086464
v 2.388888 -37.950844 22.017992
v 0.008452 -38.000641 22.593809
v 0.008452 -37.177788 22.359652
v 6.109401 -48.317513 14.483426
v 4.665664 -54.549110 15.374194
v 3.996604 -55.399368 14.145292
v 6.059035 -48.413368 16.854731
v 7.843162 -45.938911 15.559799
v 7.568080 -47.244949 13.664552
v 1.694659 -48.407875 -6.438276
v 0.008452 -48.394493 -6.711635
v 0.008452 -47.676888 -6.857239
v 1.824714 -47.695259 -6.584802
v 1.480224 -46.854095 -6.492035
v 0.008452 -46.880180 -6.697027
v -11.432076 -22.840179 2.995220
v -11.592755 -23.461533 9.373014
v -11.287848 -21.053604 7.840946
v -12.295592 -26.474991 3.376508
v -12.526422 -28.417511 4.626044
v -12.260989 -29.347961 6.226679
v -10.409539 -26.408783 12.327943
v 11.609664 -23.461533 9.373014
v 11.448981 -22.840179 2.995220
v 11.304755 -21.053604 7.840946
v 12.312495 -26.474991 3.376508
v 12.543319 -28.417511 4.626044
v 12.277896 -29.347961 6.226679
v 10.426444 -26.408783 12.327943
v -2.808120 -11.802414 23.928665
v -2.105662 -6.038620 16.092737
v -2.808558 -6.553970 15.942739
v -2.105208 -11.455841 24.357882
v 0.008452 -5.910004 16.187130
v -1.904120 -18.148132 26.686518
v -2.592475 -18.333420 26.294292
v -1.553561 -19.671051 26.854462
v 0.008452 -11.466919 24.350830
v 0.008452 -18.147003 26.684427
v 0.008452 -18.147003 26.684427
v 0.008452 -19.834534 26.924589
v 1.570464 -19.671051 26.854462
v 1.921023 -18.148132 26.686518
v 2.609378 -18.333420 26.294292
v 2.825023 -11.802414 23.928665
v 2.122108 -11.455841 24.357882
v 2.122565 -6.038620 16.092737
v 2.825461 -6.553970 15.942739
v -4.065919 -19.413071 -11.674069
v -5.332000 -16.983673 -10.274576
v -4.150645 -17.803802 -11.061981
v -7.257082 -19.718323 -10.537879
v -3.972264 -22.411133 -11.724460
v -7.100669 -17.229614 -9.671113
v -5.214761 -15.006729 -8.277896
v -7.035270 -15.200363 -7.398903
v -9.596721 -18.419296 -6.631174
v -9.004827 -16.236115 -4.852418
v -10.469291 -20.033295 -2.387484
v -9.872426 -20.888412 -7.255323
v -11.117517 -22.334885 -2.523953
v -6.985684 -22.660141 -10.691967
v -9.643125 -23.420639 -7.355841
v -10.974931 -24.531982 -2.969782
v -8.962173 -27.605865 -6.493340
v -5.996419 -27.588638 -9.418328
v -3.372361 -27.352112 -10.566113
v 5.348964 -16.983673 -10.274576
v 4.082885 -19.413071 -11.674069
v 4.167613 -17.803802 -11.061981
v 7.274047 -19.718323 -10.537879
v 3.989230 -22.411133 -11.724460
v 7.117629 -17.229614 -9.671113
v 5.231727 -15.006729 -8.277896
v 7.052234 -15.200363 -7.398903
v 9.613685 -18.419296 -6.631174
v 9.021792 -16.236115 -4.852418
v 10.486251 -20.033295 -2.387484
v 9.889392 -20.888412 -7.255323
v 11.134482 -22.334885 -2.523953
v 7.002650 -22.660141 -10.691967
v 9.660090 -23.420639 -7.355841
v 10.991897 -24.531982 -2.969782
v 8.979140 -27.605865 -6.493340
v 6.013385 -27.588638 -9.418328
v 3.389327 -27.352112 -10.566113
v -1.984969 -31.141830 22.829731
v 0.008452 -34.330627 23.426985
v 0.008452 -31.152191 23.056177
v -2.159293 -34.353706 23.099630
v -3.145843 -34.123985 20.599876
v -1.893159 -37.143311 22.086464
v 0.008452 -37.177788 22.359652
v 0.008452 -34.330627 23.426985
v 2.001872 -31.141830 22.829731
v 0.008452 -31.152191 23.056177
v 2.176196 -34.353706 23.099630
v 3.162745 -34.123985 20.599876
v 1.910064 -37.143311 22.086464
v 0.008452 -37.177788 22.359652
v -10.351907 -26.999237 13.272353
v -6.558318 -26.047501 19.705116
v -7.710565 -22.206360 18.248539
v -8.841321 -30.123474 15.480975
v -4.777101 -25.666473 20.591415
v -4.215829 -29.067459 21.657743
v -2.485002 -30.135040 23.130602
v -3.547482 -34.089653 20.493174
v 10.368812 -26.999237 13.272353
v 7.727466 -22.206360 18.248539
v 6.575221 -26.047501 19.705116
v 8.858226 -30.123474 15.480975
v 4.794005 -25.666473 20.591415
v 4.232738 -29.067459 21.657743
v 2.501906 -30.135040 23.130602
v 3.564387 -34.089653 20.493174
v -8.662818 -56.237541 0.375694
v -10.521432 -55.997391 0.238094
v -10.521432 -57.807816 -1.572321
v -10.521432 -55.334740 2.711169
v -8.662818 -57.946472 -1.333214
v -8.662818 -55.612053 2.710115
v -10.521432 -60.280876 -2.234983
v -8.662818 -56.237556 5.044531
v -8.662818 -60.280876 -1.958722
v -10.521432 -55.997398 5.184240
v -8.662818 -62.615288 -1.333210
v -10.521432 -57.807831 6.911303
v -10.521432 -62.753952 -1.572325
v -8.662818 -57.946495 6.661626
v -8.662818 -64.324203 0.375693
v -10.521432 -60.280884 7.647649
v -10.521432 -64.564369 0.238088
v -8.662818 -60.280884 7.356616
v -10.521432 -65.227028 2.711162
v -8.662818 -62.615303 6.753437
v -8.662818 -64.949699 2.710112
v -10.521432 -62.753960 6.994650
v -8.662818 -64.324242 5.044523
v -10.521432 -64.564369 5.184234
v 11.957915 -20.608948 9.091581
v 11.304755 -21.053604 7.840946
v 10.608459 -19.609528 7.766960
v 11.609664 -23.461533 9.373014
v 11.549010 -19.417007 9.144764
v 12.039889 -22.598999 10.485776
v 8.098063 -15.208221 12.106270
v 10.426444 -26.408783 12.327943
v 9.682784 -16.167908 12.465471
v 11.406024 -25.312592 13.651142
v 9.831153 -16.700378 13.623163
v 10.368812 -26.999237 13.272353
v 8.098063 -16.031174 14.396713
v 9.779838 -22.265671 16.936480
v 8.779227 -18.419205 15.891601
v 7.727466 -22.206360 18.248539
v 9.999324 -18.708008 15.103955
v 10.821124 -15.382309 -1.170782
v 8.057330 -13.995239 -3.660758
v 10.052028 -13.269226 -1.773308
v 9.282931 -11.156174 -1.170779
v 9.149192 -16.995117 -2.805359
v 6.965465 -10.995377 -2.805355
v 11.384143 -16.929184 0.475371
v 6.166163 -8.799316 -0.468348
v 9.948501 -19.191208 -0.468355
v 8.719916 -9.609283 0.475377
v 11.590220 -17.495392 2.724053
v 5.873595 -7.995499 2.724060
v 10.241057 -19.995010 2.724051
v 8.513839 -9.043091 2.724059
v 9.948501 -19.191208 5.916459
v 8.719916 -9.609299 4.972741
v 11.384143 -16.929184 4.972736
v 6.166163 -8.784012 5.921554
v 9.149192 -16.995132 8.253463
v 9.282931 -11.156189 6.618891
v 10.821124 -15.382324 6.618887
v 6.965465 -10.951889 8.258492
v 8.057330 -13.995255 9.108868
v 10.052028 -13.269241 7.221423
v 10.538337 -60.280876 -2.234983
v 10.538337 -62.753952 -1.572325
v 9.889682 -60.280876 -4.273870
v 10.538337 -57.807816 -1.572321
v 9.889682 -63.775429 -3.337504
v 9.889682 -56.786339 -3.337499
v 10.538337 -64.564369 0.238088
v 10.538337 -55.997391 0.238094
v 9.889682 -66.333618 -0.779332
v 9.889682 -54.228165 -0.779323
v 10.538337 -65.227028 2.711162
v 10.538337 -55.334740 2.711169
v 9.889682 -67.269958 2.715209
v 9.889682 -53.291817 2.715219
v 10.538337 -64.564369 5.184234
v 9.889682 -54.228172 6.168391
v 9.889682 -66.333618 6.209750
v 10.538337 -55.997398 5.184240
v 10.538337 -62.753960 6.994650
v 9.889682 -56.786346 8.559907
v 9.889682 -63.775436 8.767930
v 10.538337 -57.807831 6.911303
v 9.889682 -60.280884 9.606324
v 10.538337 -60.280884 7.647649
v 10.538337 -62.753952 -1.572325
v 8.679721 -64.324203 0.375693
v 10.538337 -64.564369 0.238088
v 10.538337 -65.227028 2.711162
v 8.679721 -62.615288 -1.333210
v 8.679721 -64.949699 2.710112
v 10.538337 -60.280876 -2.234983
v 8.679721 -64.324242 5.044523
v 8.679721 -60.280876 -1.958722
v 10.538337 -64.564369 5.184234
v 8.679721 -57.946472 -1.333214
v 10.538337 -62.753960 6.994650
v 10.538337 -57.807816 -1.572321
v 8.679721 -62.615303 6.753437
v 8.679721 -56.237541 0.375694
v 10.538337 -60.280884 7.647649
v 10.538337 -55.997391 0.238094
v 8.679721 -60.280884 7.356616
v 10.538337 -55.334740 2.711169
v 8.679721 -57.946495 6.661626
v 8.679721 -55.612053 2.710115
v 10.538337 -57.807831 6.911303
v 8.679721 -56.237556 5.044531
v 10.538337 -55.997398 5.184240
v -9.872779 -60.280876 -4.273870
v -10.521432 -62.753952 -1.572325
v -10.521432 -60.280876 -2.234983
v -10.521432 -57.807816 -1.572321
v -9.872779 -63.775429 -3.337504
v -9.872779 -56.786339 -3.337499
v -10.521432 -64.564369 0.238088
v -10.521432 -55.997391 0.238094
v -9.872779 -66.333618 -0.779332
v -9.872779 -54.228165 -0.779323
v -10.521432 -65.227028 2.711162
v -10.521432 -55.334740 2.711169
v -9.872779 -67.269958 2.715209
v -9.872779 -53.291817 2.715219
v -10.521432 -64.564369 5.184234
v -9.872779 -54.228172 6.168391
v -9.872779 -66.333618 6.209750
v -10.521432 -55.997398 5.184240
v -10.521432 -62.753960 6.994650
v -9.872779 -56.786346 8.559907
v -9.872779 -63.775436 8.767930
v -10.521432 -57.807831 6.911303
v -9.872779 -60.280884 9.606324
v -10.521432 -60.280884 7.647649
v -12.177106 -40.104668 4.920053
v -10.664674 -42.118149 0.403306
v -8.405761 -43.458420 1.255395
v -10.063565 -41.572510 -1.154282
v -10.602134 -41.155388 5.746485
v -8.429404 -42.957207 -1.454198
v -11.863980 -37.939041 8.881003
v -9.098302 -36.138130 -2.800251
v -10.283065 -38.570244 9.484026
v -10.698092 -37.170517 -2.082049
v -11.941674 -36.140419 8.268449
v -11.301953 -35.983284 -0.892746
v -10.732974 -35.131294 8.491124
v -9.997247 -34.286102 -0.721205
v -10.959525 -34.192368 3.656882
v -12.351844 -35.300262 3.823086
v -11.287848 -21.053604 7.840946
v -11.592755 -23.461533 9.373014
v -11.941012 -20.608948 9.091581
v -10.591556 -19.609528 7.766960
v -12.022983 -22.598999 10.485776
v -11.532105 -19.417007 9.144764
v -10.409539 -26.408783 12.327943
v -8.081159 -15.208221 12.106270
v -11.389121 -25.312592 13.651142
v -9.665885 -16.167908 12.465471
v -10.351907 -26.999237 13.272353
v -9.814248 -16.700378 13.623163
v -9.762935 -22.265671 16.936480
v -8.081159 -16.031174 14.396713
v -7.710565 -22.206360 18.248539
v -8.762326 -18.419205 15.891601
v -9.982425 -18.708008 15.103955
v 10.681579 -42.118149 0.403306
v 12.194011 -40.104668 4.920053
v 8.422668 -43.458420 1.255395
v 10.080474 -41.572510 -1.154282
v 10.619037 -41.155388 5.746485
v 8.446307 -42.957207 -1.454198
v 11.880881 -37.939041 8.881003
v 9.115203 -36.138130 -2.800251
v 10.299972 -38.570244 9.484026
v 10.714999 -37.170517 -2.082049
v 11.958579 -36.140419 8.268449
v 11.318854 -35.983284 -0.892746
v 10.749877 -35.131294 8.491124
v 10.014148 -34.286102 -0.721205
v 10.976428 -34.192368 3.656882
v 12.368747 -35.300262 3.823086
v 11.384143 -16.929184 0.475371
v 10.821124 -15.382309 -1.170782
v 10.052028 -13.269241 2.724056
v 11.590220 -17.495392 2.724053
v 10.052028 -13.269226 -1.773308
v 11.384143 -16.929184 4.972736
v 9.282931 -11.156174 -1.170779
v 10.821124 -15.382324 6.618887
v 8.719916 -9.609283 0.475377
v 10.052028 -13.269241 7.221423
v 8.513839 -9.043091 2.724059
v 9.282931 -11.156189 6.618891
v 8.719916 -9.609299 4.972741
v 8.679732 -60.280884 2.710109
v 8.679721 -64.324203 0.375693
v 8.679721 -62.615288 -1.333210
v 8.679721 -64.949699 2.710112
v 8.679721 -60.280876 -1.958722
v 8.679721 -64.324242 5.044523
v 8.679721 -57.946472 -1.333214
v 8.679721 -62.615303 6.753437
v 8.679721 -56.237541 0.375694
v 8.679721 -60.280884 7.356616
v 8.679721 -55.612053 2.710115
v 8.679721 -57.946495 6.661626
v 8.679721 -56.237556 5.044531
v -8.662827 -60.280884 2.710109
v -8.662818 -62.615288 -1.333210
v -8.662818 -64.324203 0.375693
v -8.662818 -64.949699 2.710112
v -8.662818 -60.280876 -1.958722
v -8.662818 -64.324242 5.044523
v -8.662818 -57.946472 -1.333214
v -8.662818 -62.615303 6.753437
v -8.662818 -56.237541 0.375694
v -8.662818 -60.280884 7.356616
v -8.662818 -55.612053 2.710115
v -8.662818 -57.946495 6.661626
v -8.662818 -56.237556 5.044531
vn 0.9075 -0.4182 0.0395
vn 0.9147 -0.4022 0.0394
vn -0.9147 -0.4022 0.0394
vn -0.9075 -0.4183 0.0395
vn -0.9075 -0.4182 0.0395
vn -0.2767 0.7434 -0.6090
vn -0.2768 0.7434 -0.6089
vn -0.2981 0.7454 -0.5962
vn -0.2981 0.7454 -0.5963
vn -0.4785 0.2824 -0.8315
vn -0.5829 0.2284 -0.7798
vn -0.4966 0.5518 -0.6700
vn -0.4940 0.5489 -0.6743
vn -0.4940 0.5488 -0.6744
vn 0.0552 -0.4497 -0.8915
vn -0.0000 -0.4186 -0.9082
vn 0.2769 0.7433 -0.6089
vn 0.2981 0.7454 -0.5962
vn 0.2981 0.7454 -0.5963
vn 0.4785 0.2824 -0.8315
vn 0.4785 0.2823 -0.8314
vn 0.5829 0.2284 -0.7798
vn 0.4939 0.5488 -0.6744
vn 0.4939 0.5487 -0.6746
vn 0.4966 0.5518 -0.6700
vn -0.0552 -0.4496 -0.8915
vn -0.0552 -0.4497 -0.8915
vn -0.0948 0.9952 0.0237
vn -0.0629 -0.9969 0.0472
vn -0.0628 -0.9969 0.0471
vn 0.0628 -0.9891 0.1335
vn 0.0628 -0.9891 0.1336
vn 0.0627 -0.9890 0.1336
vn 0.0870 -0.9962 -0.0000
vn 0.1183 -0.9859 0.1183
vn 0.1023 -0.9916 0.0787
vn -0.2360 -0.7950 0.5589
vn -0.2361 -0.7950 0.5589
vn -0.2761 -0.8128 0.5129
vn -0.0940 0.6511 0.7532
vn -0.0941 0.6511 0.7531
vn -0.2525 0.5919 0.7655
vn 0.0236 0.9193 0.3928
vn 0.0234 0.9193 0.3928
vn -0.0078 0.9125 0.4090
vn 0.0948 0.9952 0.0237
vn 0.0629 -0.9969 0.0471
vn -0.0870 -0.9962 -0.0000
vn -0.0628 -0.9891 0.1335
vn -0.0628 -0.9891 0.1336
vn -0.1183 -0.9859 0.1183
vn -0.1023 -0.9916 0.0787
vn 0.2361 -0.7950 0.5589
vn 0.2359 -0.7949 0.5589
vn 0.2360 -0.7950 0.5589
vn 0.2761 -0.8128 0.5129
vn 0.2762 -0.8128 0.5129
vn 0.2760 -0.8129 0.5129
vn 0.0941 0.6511 0.7531
vn 0.0940 0.6511 0.7531
vn 0.2525 0.5919 0.7655
vn 0.2526 0.5919 0.7654
vn -0.0235 0.9193 0.3928
vn 0.0078 0.9125 0.4090
vn -0.8380 -0.5456 -0.0078
vn -0.8181 -0.5742 -0.0315
vn -0.7801 -0.6145 0.1181
vn -0.7802 -0.6143 0.1178
vn -0.7678 -0.6267 0.1332
vn 0.8181 -0.5742 -0.0315
vn 0.8380 -0.5455 -0.0079
vn 0.8381 -0.5455 -0.0079
vn 0.7678 -0.6267 0.1332
vn 0.7799 -0.6146 0.1182
vn 0.7800 -0.6145 0.1181
vn 0.3310 -0.7092 0.6225
vn -0.3310 -0.7092 0.6225
vn 0.7707 -0.2595 -0.5820
vn 0.4317 -0.1649 -0.8868
vn 0.3062 -0.4006 -0.8636
vn 0.3062 -0.4005 -0.8636
vn 0.3155 -0.4180 -0.8519
vn -0.8144 0.2373 0.5296
vn -0.8144 0.2372 0.5297
vn -0.7973 0.2604 0.5446
vn -0.9300 -0.3151 -0.1892
vn -0.4578 -0.8763 -0.1499
vn -0.8104 -0.5665 -0.1495
vn -0.3853 -0.2753 -0.8808
vn -0.4004 -0.2826 -0.8716
vn -0.4003 -0.2825 -0.8717
vn -0.4004 -0.2826 -0.8717
vn -0.5973 0.3301 -0.7310
vn -0.5972 0.3301 -0.7311
vn -0.5922 0.3317 -0.7343
vn -0.4105 -0.8762 0.2526
vn -0.2681 -0.2133 -0.9395
vn -0.2680 -0.2133 -0.9395
vn -0.2682 -0.2132 -0.9395
vn -0.2365 -0.2208 -0.9462
vn -0.2364 -0.2208 -0.9462
vn -0.0947 -0.9071 -0.4102
vn -0.0948 -0.9071 -0.4102
vn -0.0079 -0.8847 -0.4661
vn -0.0080 -0.8847 -0.4660
vn -0.2125 -0.1811 -0.9602
vn -0.2125 -0.1810 -0.9602
vn -0.2592 -0.1728 -0.9503
vn -0.2047 0.9213 0.3307
vn -0.2049 0.9212 0.3307
vn -0.2049 0.9212 0.3308
vn -0.1342 0.9311 -0.3393
vn -0.2986 0.9115 -0.2828
vn -0.3630 0.1262 -0.9232
vn -0.3630 0.1263 -0.9232
vn -0.0157 0.9834 0.1809
vn -0.0158 0.9834 0.1809
vn 0.0001 0.9806 0.1960
vn -0.0000 0.9405 0.3398
vn -0.0000 0.9405 0.3399
vn -0.9534 -0.2522 -0.1655
vn -0.9504 -0.2199 -0.2198
vn -0.9504 -0.2199 -0.2199
vn -0.7684 0.0785 -0.6351
vn -0.7685 0.0785 -0.6351
vn -0.7685 0.0786 -0.6350
vn -0.8158 0.3803 -0.4357
vn -0.8157 0.3804 -0.4357
vn -0.1656 -0.8518 0.4969
vn -0.1657 -0.8518 0.4969
vn -0.2124 -0.8876 0.4087
vn -0.2120 -0.8878 0.4085
vn -0.2121 -0.8878 0.4085
vn -0.4107 -0.3791 0.8292
vn -0.4106 -0.3792 0.8292
vn -0.3947 -0.3790 0.8370
vn -0.3948 -0.3790 0.8370
vn -0.2910 -0.4090 0.8649
vn -0.4017 -0.4095 0.8191
vn -0.6867 -0.4815 -0.5446
vn -0.5263 0.1728 -0.8326
vn -0.5262 0.1728 -0.8326
vn -0.5262 0.1729 -0.8326
vn -0.7346 -0.5213 -0.4344
vn -0.7346 -0.5212 -0.4343
vn -0.7345 -0.5213 -0.4344
vn -0.7347 -0.5212 -0.4343
vn -0.7504 -0.6398 -0.1659
vn -0.7504 -0.6398 -0.1658
vn 0.0473 -0.9936 -0.1025
vn 0.0474 -0.9936 -0.1026
vn 0.9969 -0.0785 -0.0079
vn 0.9969 -0.0785 -0.0078
vn 0.9859 -0.1578 0.0552
vn 0.9677 -0.2521 0.0077
vn 0.9678 -0.2518 0.0079
vn 0.9677 -0.2518 0.0079
vn 0.8654 0.1888 0.4642
vn 0.8003 -0.0627 0.5964
vn -0.4887 0.7571 0.4336
vn -0.3861 0.7565 0.5278
vn -0.4080 0.8317 0.3766
vn -0.8197 -0.4729 -0.3232
vn -0.8031 -0.4252 -0.4173
vn -0.7937 0.3536 -0.4950
vn -0.7937 0.3536 -0.4949
vn -0.7707 -0.2595 -0.5820
vn -0.4317 -0.1649 -0.8868
vn -0.3062 -0.4005 -0.8636
vn -0.3155 -0.4180 -0.8519
vn 0.8143 0.2372 0.5297
vn 0.8144 0.2373 0.5296
vn 0.7973 0.2604 0.5446
vn 0.7972 0.2604 0.5446
vn 0.9300 -0.3151 -0.1891
vn 0.8104 -0.5665 -0.1495
vn 0.4578 -0.8763 -0.1499
vn 0.4001 -0.2822 -0.8720
vn 0.3853 -0.2753 -0.8808
vn 0.5972 0.3301 -0.7311
vn 0.5922 0.3316 -0.7344
vn 0.5922 0.3317 -0.7343
vn 0.4105 -0.8762 0.2526
vn 0.2684 -0.2132 -0.9394
vn 0.2681 -0.2133 -0.9395
vn 0.2683 -0.2132 -0.9394
vn 0.2366 -0.2208 -0.9462
vn 0.0079 -0.8847 -0.4661
vn 0.0948 -0.9071 -0.4102
vn 0.2125 -0.1810 -0.9602
vn 0.2592 -0.1728 -0.9502
vn 0.2051 0.9212 0.3308
vn 0.2050 0.9212 0.3308
vn 0.2048 0.9212 0.3307
vn 0.2986 0.9115 -0.2830
vn 0.2986 0.9115 -0.2829
vn 0.1345 0.9310 -0.3393
vn 0.1342 0.9311 -0.3393
vn 0.3629 0.1262 -0.9232
vn 0.3630 0.1263 -0.9232
vn 0.0158 0.9834 0.1809
vn -0.0001 0.9806 0.1960
vn 0.9534 -0.2522 -0.1655
vn 0.9504 -0.2199 -0.2199
vn 0.7685 0.0786 -0.6351
vn 0.7684 0.0784 -0.6351
vn 0.7684 0.0785 -0.6351
vn 0.8158 0.3803 -0.4357
vn 0.2126 -0.8875 0.4088
vn 0.1658 -0.8518 0.4969
vn 0.4107 -0.3791 0.8292
vn 0.4106 -0.3792 0.8292
vn 0.3948 -0.3790 0.8370
vn 0.2910 -0.4090 0.8649
vn 0.4016 -0.4096 0.8191
vn 0.4017 -0.4095 0.8191
vn 0.6867 -0.4815 -0.5446
vn 0.5264 0.1726 -0.8326
vn 0.5263 0.1727 -0.8326
vn 0.5263 0.1728 -0.8326
vn 0.5262 0.1728 -0.8326
vn 0.7346 -0.5212 -0.4343
vn 0.7347 -0.5212 -0.4343
vn 0.7504 -0.6398 -0.1659
vn 0.7504 -0.6398 -0.1658
vn -0.0473 -0.9936 -0.1025
vn -0.0473 -0.9936 -0.1026
vn -0.0474 -0.9936 -0.1026
vn -0.9859 -0.1578 0.0553
vn -0.9859 -0.1578 0.0552
vn -0.9969 -0.0785 -0.0078
vn -0.9677 -0.2519 0.0078
vn -0.9676 -0.2522 0.0077
vn -0.9678 -0.2518 0.0079
vn -0.8654 0.1888 0.4641
vn -0.8653 0.1888 0.4642
vn -0.8654 0.1888 0.4642
vn -0.8003 -0.0627 0.5963
vn 0.4887 0.7571 0.4336
vn 0.4079 0.8317 0.3766
vn 0.3861 0.7565 0.5278
vn 0.8032 -0.4252 -0.4173
vn 0.8031 -0.4252 -0.4173
vn 0.8197 -0.4729 -0.3232
vn 0.7937 0.3536 -0.4950
vn -0.1964 0.5422 -0.8170
vn -0.2990 0.8104 -0.5038
vn -0.3002 0.8136 -0.4979
vn -0.1422 0.3948 -0.9077
vn -0.0000 -1.0000 -0.0000
vn -0.9154 0.4025 -0.0000
vn -0.9154 0.4024 -0.0000
vn -0.0000 1.0000 0.0002
vn -0.0000 1.0000 -0.0001
vn -0.0000 0.6371 0.7708
vn -0.0000 0.1414 0.9900
vn -0.0000 0.1413 0.9900
vn 0.9154 0.4026 -0.0000
vn 0.9154 0.4024 -0.0000
vn 0.9154 0.4025 -0.0000
vn -0.0001 1.0000 -0.0004
vn -0.0000 -0.8498 -0.5271
vn -0.0000 -0.3930 -0.9196
vn -0.0000 -0.3930 -0.9195
vn -0.0000 -0.3931 -0.9195
vn -0.0000 -0.9463 -0.3233
vn -0.0000 -0.9464 -0.3231
vn -0.0000 -0.9463 -0.3232
vn -0.8348 0.4568 0.3072
vn -0.8337 0.2597 0.4874
vn -0.8342 0.3699 0.4090
vn -0.8109 0.4881 0.3227
vn 0.8109 0.4881 0.3228
vn 0.8342 0.3699 0.4090
vn 0.8348 0.4568 0.3072
vn 0.8337 0.2597 0.4874
vn -0.0000 -0.3929 -0.9196
vn -0.4805 -0.6692 0.5669
vn -0.6938 -0.5361 0.4809
vn -0.4802 -0.6693 0.5669
vn -0.2283 -0.7556 0.6139
vn 0.4805 -0.6692 0.5669
vn 0.4801 -0.6694 0.5670
vn 0.6938 -0.5361 0.4809
vn 0.2283 -0.7556 0.6139
vn -0.0000 -0.9439 -0.3304
vn 0.0628 -0.9420 -0.3297
vn -0.0000 -0.9439 -0.3303
vn -0.0628 -0.9420 -0.3297
vn -0.1411 -0.6430 -0.7528
vn -0.0002 -0.6456 -0.7637
vn -0.0002 -0.6624 -0.7491
vn -0.1568 -0.6285 -0.7619
vn -0.9268 0.2984 0.2278
vn -0.9494 -0.3060 0.0706
vn -0.9612 -0.2757 -0.0000
vn -0.5987 0.5041 0.6224
vn -0.5344 0.7781 -0.3301
vn -0.4729 0.8197 -0.3232
vn -0.6273 0.6902 -0.3608
vn -0.4179 0.8832 -0.2129
vn -0.8200 0.5281 -0.2206
vn -0.3085 0.7436 -0.5932
vn -0.7982 0.6005 -0.0473
vn -0.2446 0.7493 -0.6154
vn -0.0000 -0.9997 0.0236
vn 0.0079 -0.9997 0.0236
vn 0.0075 -0.9995 0.0310
vn -0.1500 0.3079 -0.9395
vn -0.0002 0.3138 -0.9495
vn -0.0002 0.2684 -0.9633
vn -0.1653 0.3541 -0.9205
vn -0.0002 -0.9290 0.3700
vn -0.0941 -0.9183 0.3846
vn -0.0001 -0.9224 0.3863
vn -0.0787 -0.9126 0.4012
vn -0.1181 -0.4409 0.8898
vn -0.0002 -0.4409 0.8975
vn -0.0002 -0.4472 0.8944
vn -0.1185 -0.4346 0.8928
vn -0.1335 -0.4713 0.8718
vn -0.0002 -0.4783 0.8782
vn -0.0002 -0.4876 0.8730
vn -0.1178 -0.4629 0.8786
vn 0.0157 -0.9919 -0.1260
vn -0.0000 -0.9920 -0.1260
vn 0.0157 -0.9919 -0.1259
vn 0.0710 -0.8825 -0.4649
vn -0.0000 -0.8815 -0.4722
vn 0.0707 -0.8793 -0.4710
vn -0.0002 -0.1260 0.9920
vn -0.1260 -0.1260 0.9840
vn -0.1259 -0.1259 0.9840
vn -0.0000 -0.9591 -0.2830
vn -0.0632 -0.9566 -0.2846
vn -0.0000 -0.9633 -0.2685
vn -0.0473 -0.9530 -0.2993
vn -0.1652 -0.3933 -0.9045
vn -0.0002 -0.3930 -0.9196
vn -0.0002 -0.4090 -0.9125
vn -0.1891 -0.3782 -0.9062
vn -0.0000 0.7637 -0.6456
vn -0.0393 0.7631 -0.6451
vn -0.0000 0.7417 -0.6707
vn -0.0000 0.7816 -0.6237
vn 0.1411 -0.6430 -0.7528
vn 0.0002 -0.6624 -0.7491
vn 0.0002 -0.6456 -0.7637
vn 0.1570 -0.6284 -0.7619
vn 0.9494 -0.3060 0.0706
vn 0.9268 0.2985 0.2278
vn 0.9612 -0.2757 -0.0000
vn 0.5987 0.5042 0.6224
vn 0.5344 0.7781 -0.3301
vn 0.6273 0.6902 -0.3608
vn 0.4729 0.8197 -0.3232
vn 0.4179 0.8832 -0.2129
vn 0.8200 0.5281 -0.2206
vn 0.7982 0.6005 -0.0473
vn 0.3085 0.7435 -0.5932
vn 0.2445 0.7494 -0.6153
vn -0.0079 -0.9997 0.0236
vn -0.0078 -0.9995 0.0314
vn 0.1500 0.3079 -0.9395
vn 0.0002 0.2684 -0.9633
vn 0.0002 0.3138 -0.9495
vn 0.1653 0.3541 -0.9205
vn 0.0002 -0.9290 0.3700
vn 0.0002 -0.9224 0.3863
vn 0.0942 -0.9183 0.3846
vn 0.0787 -0.9126 0.4012
vn 0.1180 -0.4408 0.8898
vn 0.0002 -0.4409 0.8975
vn 0.1184 -0.4346 0.8928
vn 0.0002 -0.4472 0.8944
vn 0.0002 -0.4783 0.8782
vn 0.1335 -0.4713 0.8718
vn 0.0002 -0.4876 0.8730
vn 0.1176 -0.4628 0.8786
vn -0.0157 -0.9919 -0.1260
vn -0.0157 -0.9919 -0.1259
vn -0.0707 -0.8793 -0.4711
vn -0.0709 -0.8825 -0.4649
vn 0.0002 -0.1260 0.9920
vn 0.1259 -0.1259 0.9840
vn 0.1260 -0.1260 0.9840
vn 0.0632 -0.9566 -0.2846
vn 0.0473 -0.9530 -0.2993
vn 0.0002 -0.3930 -0.9196
vn 0.1652 -0.3933 -0.9045
vn 0.0002 -0.4090 -0.9125
vn 0.1891 -0.3782 -0.9062
vn 0.0393 0.7631 -0.6451
vn -0.0000 -0.9835 0.1810
vn -0.0000 -0.9263 0.3768
vn -0.0000 -0.8381 0.5455
vn -0.9363 -0.0944 0.3383
vn -0.8634 -0.1334 0.4866
vn -0.9678 -0.0000 0.2518
vn -0.9903 0.1336 -0.0393
vn -0.9798 0.1896 -0.0632
vn -0.8320 0.2355 -0.5023
vn -0.8391 0.2274 -0.4941
vn -0.4649 0.2443 -0.8510
vn -0.3874 0.3478 -0.8538
vn -0.2440 0.2518 -0.9365
vn -0.1806 0.4710 -0.8635
vn -0.2207 0.1654 -0.9612
vn -0.0002 0.1733 -0.9849
vn -0.0000 0.8497 0.5273
vn 0.0079 0.8496 0.5273
vn 0.0158 0.5601 0.8283
vn -0.0000 0.4251 0.9052
vn 0.0157 0.1414 0.9898
vn -0.0000 -0.0157 0.9999
vn 0.0079 -0.3633 0.9316
vn -0.0000 -0.5454 0.8382
vn -0.0000 -0.8185 0.5745
vn -0.0000 -0.9082 0.4186
vn -0.0000 -0.9962 0.0869
vn -0.0000 -0.9962 -0.0869
vn -0.0000 -0.9082 -0.4186
vn -0.0000 -0.8185 -0.5745
vn -0.0000 -0.5745 -0.8185
vn -0.0001 -0.4186 -0.9082
vn -0.0000 -0.0869 -0.9962
vn -0.0000 0.0869 -0.9962
vn -0.0000 0.4186 -0.9082
vn -0.0000 0.5745 -0.8185
vn -0.0000 0.8185 -0.5745
vn -0.0000 0.9082 -0.4186
vn -0.0000 1.0000 0.0079
vn -0.0000 1.0000 0.0080
vn -0.0000 0.8499 0.5270
vn 0.0079 0.8498 0.5270
vn -0.0000 0.2374 -0.9714
vn -0.0000 0.2369 -0.9715
vn -0.0000 0.2370 -0.9715
vn -0.0000 0.2368 -0.9716
vn -0.0000 0.2591 -0.9658
vn -0.0000 0.2830 -0.9591
vn -0.0001 0.3069 -0.9518
vn -0.0000 0.3068 -0.9518
vn -0.3236 0.8525 -0.4105
vn -0.2759 0.7253 -0.6307
vn -0.1653 0.7319 -0.6611
vn -0.0784 0.6351 -0.7684
vn 0.0551 0.7100 -0.7020
vn 1.0000 -0.0000 -0.0000
vn 0.9818 -0.0786 -0.1730
vn 0.9205 -0.1652 -0.3540
vn 0.7017 -0.2996 -0.6465
vn 0.2846 -0.4032 -0.8697
vn -0.1888 -0.4170 -0.8891
vn -0.3788 -0.3948 -0.8370
vn -0.7016 -0.2996 -0.6465
vn -0.7017 -0.2996 -0.6465
vn -0.9205 -0.1652 -0.3540
vn -0.9818 -0.0786 -0.1730
vn -1.0000 -0.0000 -0.0000
vn -0.9804 -0.0157 -0.1963
vn -0.9219 -0.0315 -0.3861
vn -0.7483 -0.0473 -0.6617
vn -0.6530 -0.0551 -0.7553
vn -0.3784 -0.0710 -0.9229
vn -0.1895 -0.0711 -0.9793
vn 0.2844 -0.0711 -0.9561
vn 0.2845 -0.0711 -0.9560
vn 0.6530 -0.0551 -0.7553
vn 0.7483 -0.0473 -0.6617
vn 0.9219 -0.0315 -0.3861
vn 0.9804 -0.0157 -0.1963
vn -0.0000 0.9659 -0.2588
vn -0.0000 0.9963 0.0863
vn -0.0000 0.9962 0.0868
vn -0.0000 0.9963 0.0864
vn -0.0000 0.9962 0.0867
vn -0.0000 0.9962 0.0866
vn -0.0000 0.9963 0.0862
vn -0.0000 0.9963 0.0865
vn -0.0000 0.9962 0.0872
vn -0.0000 0.7637 0.6456
vn -0.0000 0.7637 0.6455
vn -0.0000 0.7638 0.6455
vn -0.0000 0.6150 0.7885
vn -0.0000 0.6063 0.7952
vn 0.2049 0.5910 0.7802
vn 0.4106 0.4422 0.7975
vn 0.5056 0.4894 0.7105
vn 0.5421 0.1964 0.8171
vn 0.4969 -0.0236 0.8675
vn 0.4977 -0.1027 0.8612
vn 0.4398 -0.1806 0.8797
vn -0.4255 -0.8668 -0.2600
vn -0.4032 -0.8697 -0.2846
vn -0.4733 -0.8440 -0.2524
vn -0.5115 -0.8262 -0.2361
vn -0.5744 -0.7789 -0.2518
vn -0.0000 0.1260 -0.9920
vn -0.0000 0.1182 -0.9930
vn -0.0000 0.1026 -0.9947
vn -0.0079 0.0863 -0.9962
vn -0.0000 0.0863 -0.9963
vn -0.7258 -0.3077 0.6153
vn -0.7151 -0.2515 0.6522
vn -0.7110 -0.3081 0.6320
vn -0.7662 -0.2291 0.6004
vn -0.6773 -0.2678 0.6852
vn -0.7875 -0.2756 0.5513
vn -0.9072 -0.2129 0.3629
vn -0.8800 -0.2671 0.3928
vn -0.9466 -0.1183 0.2998
vn -0.9519 -0.1495 0.2675
vn -0.8428 -0.1889 0.5040
vn -0.9540 -0.1341 0.2681
vn -0.9163 -0.1027 0.3871
vn -0.7866 -0.0708 0.6133
vn -0.9459 -0.1419 0.2917
vn -0.9468 -0.1893 0.2604
vn -0.9279 -0.1573 0.3381
vn -0.9276 -0.0943 0.3616
vn -0.8751 -0.1025 0.4730
vn -0.8101 -0.0708 0.5820
vn -0.8240 -0.1020 0.5573
vn -0.9337 0.1569 0.3217
vn -0.9370 0.1338 0.3228
vn -0.9415 0.1569 0.2982
vn -0.9448 0.1890 0.2677
vn -0.9423 0.2591 0.2120
vn -0.9303 0.3313 0.1578
vn -0.9205 0.3698 0.1259
vn -0.8973 0.4329 0.0866
vn -0.9268 0.2985 0.2278
vn -0.5986 0.5042 0.6225
vn -0.1419 0.5990 0.7881
vn -0.0943 0.6840 0.7233
vn 0.0237 0.7264 0.6869
vn 0.0629 0.7402 0.6694
vn 0.0867 0.7646 0.6386
vn 0.0002 0.7342 0.6789
vn 0.0002 0.6912 0.7226
vn 0.7151 -0.2515 0.6522
vn 0.7258 -0.3077 0.6153
vn 0.7110 -0.3081 0.6320
vn 0.7662 -0.2291 0.6004
vn 0.6773 -0.2678 0.6852
vn 0.7875 -0.2756 0.5512
vn 0.9072 -0.2129 0.3629
vn 0.8800 -0.2671 0.3928
vn 0.9466 -0.1183 0.2998
vn 0.9519 -0.1495 0.2675
vn 0.8428 -0.1889 0.5040
vn 0.9540 -0.1341 0.2681
vn 0.9163 -0.1027 0.3871
vn 0.7866 -0.0709 0.6133
vn 0.9459 -0.1419 0.2917
vn 0.9468 -0.1893 0.2604
vn 0.9279 -0.1573 0.3381
vn 0.9276 -0.0943 0.3616
vn 0.8751 -0.1025 0.4730
vn 0.8101 -0.0708 0.5820
vn 0.8241 -0.1020 0.5573
vn 0.0002 -0.5272 0.8497
vn 0.0002 -0.5180 0.8554
vn 0.3627 -0.4967 0.7885
vn 0.4821 -0.3240 0.8140
vn 0.5849 -0.4426 0.6797
vn 0.5901 -0.1810 0.7868
vn 0.4736 0.2210 0.8525
vn 0.6539 -0.3939 0.6460
vn 0.6589 -0.1020 0.7452
vn 0.7864 -0.0707 0.6136
vn 0.8426 -0.1891 0.5042
vn 0.6274 0.6901 -0.3607
vn 0.5346 0.7780 -0.3301
vn 0.7769 0.5807 -0.2433
vn 0.8928 0.4188 -0.1659
vn 0.9895 0.1413 -0.0314
vn 0.9379 -0.3232 0.1261
vn 0.8817 -0.4251 0.2047
vn 0.8440 -0.4732 0.2524
vn 0.8770 -0.3872 0.2844
vn 0.7184 -0.3237 0.6158
vn 0.5427 -0.6604 0.5190
vn 0.2598 -0.5590 0.7874
vn -0.0000 -0.9290 0.3700
vn -0.0000 -0.6371 0.7708
vn 0.0002 -0.1337 0.9910
vn 0.2832 -0.1180 0.9518
vn -0.0000 -0.0315 0.9995
vn 0.3157 -0.0552 0.9472
vn 0.5902 -0.1416 0.7948
vn 0.7827 -0.2688 0.5613
vn 0.5744 -0.0157 0.8184
vn 0.6936 -0.1260 0.7093
vn 0.7948 -0.1416 0.5902
vn 0.5829 0.1654 0.7955
vn 0.7170 0.0709 0.6934
vn 0.8493 0.2202 0.4797
vn 0.7002 0.3777 0.6058
vn 0.6542 0.6305 0.4177
vn 0.4958 0.6296 0.5981
vn 0.4889 0.7569 0.4337
vn 0.3863 0.7564 0.5279
vn 0.1881 0.6745 0.7139
vn 0.6780 0.5992 0.4258
vn 0.7707 0.5190 0.3696
vn 0.8118 0.4965 0.3074
vn 0.8643 0.4400 0.2436
vn 0.8748 0.4492 0.1813
vn 0.3956 0.5699 -0.7202
vn 0.6480 0.3872 -0.6559
vn 0.3935 0.6137 -0.6845
vn 0.2924 0.7033 -0.6480
vn 0.4648 0.7168 -0.5198
vn 0.5499 0.7148 -0.4321
vn 0.6473 0.7104 -0.2763
vn 0.6504 0.7053 -0.2821
vn 0.6708 0.7103 -0.2131
vn 0.6671 0.7142 -0.2119
vn -0.0316 0.0869 -0.9957
vn -0.1420 0.3945 -0.9078
vn -0.1964 0.5419 -0.8172
vn 0.0316 -0.0869 -0.9957
vn 0.1422 -0.3947 -0.9077
vn 0.1964 -0.5421 -0.8171
vn 0.3002 -0.8137 -0.4977
vn 0.3399 -0.9405 -0.0000
vn 0.3002 -0.8137 0.4977
vn 0.2990 -0.8105 0.5036
vn 0.1972 -0.5418 0.8171
vn 0.1421 -0.3947 0.9077
vn 0.0316 -0.0869 0.9957
vn -0.0314 0.0784 0.9964
vn -0.1729 0.4716 0.8647
vn -0.2753 0.7710 0.5743
vn -0.3063 0.8561 0.4163
vn -0.3398 0.9405 -0.0000
vn -0.3398 0.9405 -0.0079
vn -0.2990 0.8106 -0.5035
vn -0.3003 0.8138 -0.4976
vn -0.0000 -0.8380 0.5457
vn 0.0001 1.0000 -0.0003
vn -0.0001 1.0000 0.0002
vn -0.0002 1.0000 0.0002
vn -0.0003 1.0000 0.0001
vn -0.0000 0.9862 0.1657
vn 0.8434 -0.4966 0.2050
vn 0.8007 -0.5572 0.2198
vn 0.7411 -0.5598 0.3705
vn 0.9045 -0.4247 -0.0393
vn 0.9262 -0.3768 -0.0079
vn 0.7723 -0.4413 -0.4570
vn 0.7807 -0.4258 -0.4574
vn 0.4489 -0.4884 -0.7483
vn 0.3636 -0.4664 -0.8064
vn 0.2129 -0.4651 -0.8593
vn 0.0002 -0.4722 -0.8815
vn 0.0002 -0.5455 -0.8381
vn 0.2197 -0.4394 -0.8710
vn 0.2605 -0.4816 -0.8368
vn 0.0002 -0.4566 -0.8896
vn 0.9363 -0.0944 0.3383
vn 0.9678 -0.0000 0.2518
vn 0.8634 -0.1335 0.4866
vn 0.9903 0.1336 -0.0393
vn 0.9798 0.1896 -0.0632
vn 0.8320 0.2355 -0.5023
vn 0.8391 0.2274 -0.4941
vn 0.4649 0.2443 -0.8510
vn 0.3874 0.3478 -0.8538
vn 0.2440 0.2518 -0.9365
vn 0.1805 0.4710 -0.8635
vn 0.2206 0.1654 -0.9612
vn 0.0002 0.1733 -0.9849
vn 0.0001 1.0000 0.0002
vn 0.0002 1.0000 0.0002
vn 0.0003 1.0000 0.0001
vn -0.8434 -0.4966 0.2050
vn -0.7411 -0.5598 0.3705
vn -0.8007 -0.5573 0.2198
vn -0.9045 -0.4247 -0.0393
vn -0.9263 -0.3768 -0.0079
vn -0.7723 -0.4413 -0.4570
vn -0.7807 -0.4258 -0.4574
vn -0.4489 -0.4884 -0.7483
vn -0.3636 -0.4664 -0.8064
vn -0.2128 -0.4651 -0.8593
vn -0.0002 -0.4722 -0.8815
vn -0.0002 -0.5456 -0.8381
vn -0.2197 -0.4394 -0.8710
vn -0.2605 -0.4816 -0.8368
vn -0.0002 -0.4566 -0.8897
vn 0.2292 0.5454 0.8062
vn 0.2592 0.8246 0.5028
vn 0.2598 0.8188 0.5120
vn 0.2204 0.4172 0.8817
vn 0.2367 0.0395 0.9708
vn 0.2202 0.0236 0.9752
vn 0.2677 -0.3701 0.8896
vn 0.2847 -0.5299 0.7988
vn 0.2842 -0.8290 0.4816
vn 0.2902 -0.9570 -0.0000
vn 0.2901 -0.9570 -0.0000
vn 0.2846 -0.8697 -0.4032
vn 0.2829 -0.7858 -0.5500
vn 0.2914 -0.4805 -0.8272
vn 0.2915 -0.4805 -0.8271
vn 0.2901 -0.0000 -0.9570
vn 0.2903 -0.0000 -0.9569
vn 0.2914 0.4805 -0.8272
vn 0.2915 0.4805 -0.8271
vn 0.2829 0.7858 -0.5500
vn 0.2846 0.8697 -0.4032
vn 0.2830 0.9591 0.0078
vn 0.2902 0.9570 -0.0000
vn 0.2592 0.8248 0.5025
vn 0.2599 0.8190 0.5116
vn -0.0159 0.5601 0.8283
vn -0.0079 0.8496 0.5273
vn -0.0157 0.1414 0.9898
vn -0.0079 -0.3634 0.9316
vn -0.0079 0.8498 0.5270
vn -0.2592 0.8246 0.5029
vn -0.2289 0.5454 0.8063
vn -0.2598 0.8188 0.5120
vn -0.2204 0.4172 0.8817
vn -0.2367 0.0395 0.9708
vn -0.2202 0.0236 0.9752
vn -0.2677 -0.3701 0.8896
vn -0.2847 -0.5299 0.7988
vn -0.2842 -0.8290 0.4816
vn -0.2902 -0.9570 -0.0000
vn -0.2846 -0.8697 -0.4032
vn -0.2829 -0.7858 -0.5500
vn -0.2914 -0.4805 -0.8272
vn -0.2915 -0.4805 -0.8271
vn -0.2902 -0.0000 -0.9570
vn -0.2903 -0.0000 -0.9569
vn -0.2914 0.4805 -0.8272
vn -0.2829 0.7858 -0.5500
vn -0.2846 0.8697 -0.4032
vn -0.2830 0.9591 0.0079
vn -0.2902 0.9570 -0.0000
vn -0.2592 0.8248 0.5025
vn -0.2599 0.8190 0.5116
vn -0.9922 0.1024 0.0709
vn -0.9910 0.0629 0.1180
vn -0.9935 0.0946 0.0632
vn -0.9888 0.0078 0.1491
vn -0.9445 -0.2361 0.2283
vn -0.9401 -0.2449 0.2370
vn -0.6882 -0.6490 0.3244
vn -0.4004 -0.8318 0.3845
vn -0.0002 -0.9082 0.4186
vn -0.0000 -0.8928 0.4504
vn -0.2281 0.6845 -0.6924
vn -0.3542 0.6768 -0.6453
vn -0.0629 0.7550 -0.6527
vn -0.0238 0.8220 -0.5690
vn -0.8336 0.2594 0.4877
vn -0.7550 0.0629 0.6527
vn -0.8341 0.3697 0.4093
vn -0.7005 -0.0866 0.7084
vn -0.3698 -0.3933 0.8417
vn -0.3607 -0.4077 0.8389
vn -0.0000 -0.5416 0.8406
vn -0.0000 -0.5511 0.8345
vn 0.3697 -0.3934 0.8418
vn 0.3607 -0.4077 0.8389
vn 0.7005 -0.0866 0.7084
vn 0.7550 0.0629 0.6527
vn 0.8336 0.2594 0.4877
vn 0.8341 0.3697 0.4093
vn 0.9935 0.0946 0.0628
vn 0.9910 0.0629 0.1180
vn 0.9922 0.1024 0.0709
vn 0.9888 0.0078 0.1491
vn 0.9445 -0.2361 0.2283
vn 0.9401 -0.2449 0.2370
vn 0.6882 -0.6490 0.3244
vn 0.4004 -0.8318 0.3845
vn 0.0001 -0.9082 0.4186
vn 0.1653 0.7319 -0.6611
vn 0.3542 0.6768 -0.6453
vn 0.2282 0.6845 -0.6924
vn 0.0629 0.7550 -0.6527
vn 0.0239 0.8220 -0.5689
vn -0.0000 0.2373 -0.9714
vn -0.0000 0.2362 -0.9717
vn 0.6874 -0.1027 -0.7190
vn 0.6779 -0.0552 -0.7331
vn 0.7304 -0.1021 -0.6754
vn 0.6456 -0.0079 -0.7637
vn 0.6449 0.1180 -0.7551
vn 0.6247 0.2135 -0.7512
vn 0.6048 0.2985 -0.7384
vn 0.5832 0.3152 -0.7487
vn -0.0552 0.7100 -0.7020
vn 0.0784 0.6351 -0.7684
vn 0.2759 0.7253 -0.6307
vn 0.3236 0.8525 -0.4105
vn -0.0000 -0.2444 -0.9697
vn -0.0000 -0.1491 -0.9888
vn -0.0000 -0.0629 -0.9980
vn -0.0000 0.2277 -0.9737
vn -0.0000 0.4472 -0.8944
vn -0.0000 0.5601 -0.8284
vn -0.6779 -0.0552 -0.7331
vn -0.6874 -0.1027 -0.7190
vn -0.7303 -0.1021 -0.6755
vn -0.6456 -0.0079 -0.7637
vn -0.6449 0.1180 -0.7551
vn -0.6246 0.2135 -0.7512
vn -0.6048 0.2985 -0.7384
vn -0.5831 0.3152 -0.7487
vn -0.0000 -0.2443 -0.9697
vn -0.0000 0.4473 -0.8944
vn -0.0000 0.5602 -0.8284
vn -0.9805 0.0550 -0.1884
vn -0.9223 0.1104 -0.3705
vn -0.7000 0.2045 -0.6842
vn -0.7000 0.2045 -0.6843
vn -0.2828 0.2749 -0.9189
vn -0.2906 0.2670 -0.9188
vn 0.1886 0.2750 -0.9428
vn 0.3774 0.2596 -0.8889
vn 0.7000 0.2045 -0.6842
vn 0.7000 0.2045 -0.6843
vn 0.9223 0.1104 -0.3705
vn 0.9805 0.0550 -0.1884
vn -1.0000 -0.0079 -0.0000
vn -0.9812 0.0864 -0.1727
vn -0.9999 -0.0079 0.0079
vn -0.9218 0.1733 -0.3467
vn -0.7488 0.2995 -0.5912
vn -0.6517 0.3455 -0.6752
vn -0.2909 0.4404 -0.8494
vn -0.2837 0.4414 -0.8513
vn 0.1889 0.4486 -0.8736
vn 0.3790 0.4264 -0.8213
vn 0.6517 0.3455 -0.6752
vn 0.7488 0.2995 -0.5912
vn 0.9218 0.1733 -0.3467
vn 0.9812 0.0864 -0.1727
vn 1.0000 -0.0079 -0.0000
vn 0.9999 -0.0079 0.0079
vn -0.9808 0.1256 -0.1491
vn -0.9244 0.2449 -0.2923
vn -0.7066 0.4553 -0.5417
vn -0.2915 0.6147 -0.7329
vn -0.2916 0.6147 -0.7329
vn 0.1898 0.6324 -0.7510
vn 0.3858 0.5906 -0.7088
vn 0.7066 0.4553 -0.5417
vn 0.7065 0.4554 -0.5417
vn 0.9244 0.2451 -0.2921
vn 0.9808 0.1253 -0.1493
vn -0.0000 -0.9659 0.2588
vn -0.0000 -0.9963 -0.0863
vn -0.0000 -0.9962 -0.0868
vn -0.0000 -0.9962 -0.0867
vn -0.0000 -0.9963 -0.0862
vn -0.0000 -0.9963 -0.0865
vn -0.0000 -0.9962 -0.0866
vn -0.0000 -0.9963 -0.0861
vn -0.7938 -0.5895 -0.1493
vn -0.7875 -0.5513 -0.2756
vn -0.7707 -0.6212 -0.1415
vn -0.7857 -0.4714 -0.4007
vn -0.7561 -0.4174 -0.5041
vn -0.7785 -0.3853 -0.4954
vn -0.6708 -0.2604 0.6944
vn -0.5981 -0.1023 0.7949
vn -0.5987 -0.0945 0.7954
vn -0.7272 -0.3952 0.5612
vn -0.7549 -0.5190 0.4010
vn -0.7673 -0.4984 0.4035
vn 0.7875 -0.5513 -0.2756
vn 0.7938 -0.5895 -0.1493
vn 0.7707 -0.6212 -0.1415
vn 0.7857 -0.4714 -0.4007
vn 0.7561 -0.4174 -0.5041
vn 0.7785 -0.3853 -0.4954
vn 0.6708 -0.2604 0.6944
vn 0.5987 -0.0945 0.7954
vn 0.5981 -0.1023 0.7949
vn 0.7272 -0.3952 0.5612
vn 0.7549 -0.5190 0.4010
vn 0.7673 -0.4984 0.4035
vn -0.2049 0.5910 0.7802
vn -0.4106 0.4422 0.7975
vn -0.5053 0.4896 0.7106
vn -0.5421 0.1964 0.8171
vn -0.4968 -0.0236 0.8675
vn -0.4978 -0.1027 0.8612
vn -0.4398 -0.1806 0.8797
vn -0.0000 0.4156 -0.9096
vn -0.1180 0.4091 -0.9048
vn -0.0000 0.4091 -0.9125
vn -0.2597 0.3148 -0.9129
vn -0.3307 0.3149 -0.8897
vn -0.3396 0.2132 -0.9161
vn -0.3152 0.1891 -0.9300
vn -0.3063 0.1806 -0.9346
vn -0.2905 0.1650 -0.9425
vn 0.9891 -0.1334 -0.0628
vn 0.9757 -0.2046 -0.0787
vn 0.9889 -0.1258 -0.0787
vn 0.9570 -0.2745 -0.0941
vn 0.9339 -0.3377 -0.1173
vn 0.1180 0.4091 -0.9048
vn 0.2597 0.3148 -0.9129
vn 0.3307 0.3149 -0.8897
vn 0.3396 0.2132 -0.9161
vn 0.3152 0.1891 -0.9300
vn 0.3063 0.1806 -0.9346
vn 0.2906 0.1649 -0.9425
vn 0.4255 -0.8668 -0.2600
vn 0.4733 -0.8440 -0.2524
vn 0.4033 -0.8697 -0.2847
vn 0.5115 -0.8262 -0.2361
vn 0.5744 -0.7789 -0.2518
vn -0.0000 0.1181 -0.9930
vn 0.0078 0.0863 -0.9962
vn -0.9757 -0.2046 -0.0787
vn -0.9891 -0.1334 -0.0628
vn -0.9890 -0.1255 -0.0784
vn -0.9570 -0.2745 -0.0941
vn -0.9339 -0.3377 -0.1173
vn -0.9318 -0.0711 -0.3559
vn -0.8944 -0.1177 -0.4315
vn -0.9223 -0.1103 -0.3705
vn -0.8020 -0.1651 -0.5740
vn -0.7049 -0.1980 -0.6811
vn -0.6058 -0.1967 -0.7709
vn -0.7038 -0.1423 -0.6959
vn -0.3238 -0.2369 -0.9160
vn -0.6602 -0.1729 -0.7309
vn -0.1495 -0.2362 -0.9601
vn -0.1344 -0.2292 -0.9641
vn -0.5346 -0.1808 -0.8255
vn -0.6513 -0.1413 -0.7455
vn -0.2985 -0.2278 -0.9268
vn -0.0002 -0.2277 -0.9737
vn -0.2746 -0.1961 -0.9413
vn -0.0002 -0.1961 -0.9806
vn -0.4976 -0.1580 -0.8529
vn -0.5983 -0.1496 -0.7872
vn -0.2523 -0.1654 -0.9534
vn -0.0002 -0.1260 -0.9920
vn -0.4493 -0.1813 -0.8748
vn -0.5520 -0.1891 -0.8121
vn -0.2681 -0.1340 -0.9540
vn -0.0002 -0.0785 -0.9969
vn -0.3710 -0.2289 -0.8999
vn -0.4736 -0.2210 -0.8525
vn -0.5282 -0.2208 -0.8199
vn -0.4170 -0.2518 -0.8733
vn -0.3700 -0.2676 -0.8897
vn -0.9708 0.0395 0.2368
vn -0.9847 0.0552 0.1653
vn -0.9901 0.1257 -0.0628
vn -0.9196 -0.0000 0.3930
vn -0.9049 0.0236 0.4250
vn -0.8497 0.0157 0.5271
vn -0.7951 0.0157 0.6062
vn -0.7071 -0.0079 0.7071
vn -0.6803 -0.0870 0.7278
vn -0.7327 -0.1576 0.6620
vn -0.7637 -0.3936 0.5117
vn -0.8188 -0.3858 0.4252
vn -0.7176 -0.5993 0.3548
vn -0.6866 -0.6550 0.3157
vn -0.6627 -0.7022 0.2604
vn -0.6518 -0.7068 0.2749
vn -0.6608 0.0708 -0.7473
vn -0.7102 -0.0474 -0.7024
vn -0.6764 0.0865 -0.7314
vn -0.7337 -0.1815 -0.6548
vn -0.8185 -0.3778 -0.4328
vn -0.7549 -0.4010 -0.5190
vn -0.8532 -0.4424 -0.2765
vn -0.9201 -0.3853 -0.0707
vn -0.0002 -0.5272 0.8498
vn -0.3627 -0.4967 0.7885
vn -0.0002 -0.5180 0.8554
vn -0.4821 -0.3240 0.8140
vn -0.5849 -0.4426 0.6797
vn -0.5901 -0.1810 0.7868
vn -0.6539 -0.3939 0.6460
vn -0.4736 0.2210 0.8525
vn -0.6590 -0.1020 0.7452
vn -0.8426 -0.1892 0.5042
vn -0.7865 -0.0706 0.6136
vn -0.7244 -0.1654 0.6693
vn -0.6518 -0.2042 0.7304
vn -0.7244 -0.1653 0.6693
vn -0.5831 -0.2522 0.7723
vn -0.4011 -0.2517 0.8808
vn -0.3470 -0.3154 0.8832
vn -0.0002 -0.2370 0.9715
vn -0.4877 -0.3619 0.7945
vn -0.0002 -0.3700 0.9290
vn -0.2592 -0.4319 0.8639
vn -0.0002 -0.4409 0.8976
vn -0.9300 -0.3151 -0.1891
vn -0.9794 -0.1027 -0.1738
vn -0.9757 -0.0787 -0.2046
vn -0.9299 -0.0630 -0.3625
vn -0.9614 -0.0630 -0.2679
vn -0.9763 0.0393 -0.2126
vn -0.8832 -0.1341 -0.4495
vn -0.8247 -0.0943 -0.5577
vn -0.9601 0.0472 -0.2755
vn -0.7636 -0.1023 -0.6376
vn -0.7022 -0.1893 -0.6864
vn -0.8278 -0.2286 -0.5124
vn -0.7407 -0.1103 -0.6627
vn -0.8495 -0.1809 -0.4955
vn -0.9364 -0.2597 -0.2361
vn -0.9615 -0.2443 -0.1261
vn -0.9191 -0.1571 -0.3614
vn -0.9624 -0.2209 -0.1578
vn -0.9519 -0.2045 -0.2281
vn -0.9449 -0.1496 -0.2913
vn -0.9680 -0.1653 -0.1889
vn -0.9604 -0.1890 -0.2047
vn -0.9685 -0.1417 -0.2047
vn -0.9391 0.1815 -0.2919
vn -0.8984 0.0709 -0.4334
vn -0.9496 0.2904 -0.1177
vn -0.8981 0.4256 -0.1103
vn -0.7389 0.0865 -0.6682
vn -0.6274 0.1255 -0.7685
vn -0.5291 0.0790 -0.8449
vn -0.5115 0.3069 -0.8026
vn -0.5804 0.1020 -0.8079
vn -0.7418 0.2999 -0.5998
vn -0.5424 0.3694 -0.7546
vn -0.6845 0.4170 -0.5980
vn -0.5207 0.4497 -0.7258
vn -0.8897 0.3228 -0.3228
vn -0.8963 0.3538 -0.2673
vn -0.9453 0.3071 -0.1104
vn -0.9381 0.3390 0.0709
vn -0.9004 0.4186 0.1185
vn -0.7982 0.6005 -0.0472
vn -0.9048 0.3855 0.1810
vn -0.9820 0.1336 0.1335
vn -0.9421 0.3141 0.1177
vn -0.7700 0.6285 0.1100
vn -0.7727 0.6308 -0.0710
vn -0.7873 0.6141 -0.0551
vn -0.7471 0.5898 0.3067
vn -0.6224 0.5042 0.5987
vn -0.4887 0.4730 0.7331
vn -0.4323 0.1021 0.8959
vn -0.3463 0.0551 0.9365
vn -0.4730 -0.4887 0.7331
vn -0.5494 -0.3924 0.7377
vn -0.4646 -0.6930 0.5512
vn -0.4173 -0.7165 0.5590
vn -0.7334 -0.6782 0.0473
vn -0.7852 -0.5968 -0.1649
vn -0.6725 -0.7358 0.0792
vn -0.8286 -0.4262 -0.3630
vn -0.8172 -0.2514 -0.5186
vn -0.8763 -0.1500 -0.4579
vn -0.8942 -0.0863 -0.4393
vn -0.9241 -0.0473 -0.3791
vn -0.9548 -0.0552 0.2920
vn -0.9522 -0.0629 0.2990
vn -0.9364 -0.1180 0.3305
vn -0.9562 -0.0392 0.2900
vn -0.9311 -0.1341 0.3393
vn -0.9046 -0.2124 0.3697
vn -0.8977 -0.2128 0.3859
vn -0.9370 -0.0866 0.3385
vn -0.9266 -0.1806 -0.3298
vn -0.9129 -0.1889 -0.3620
vn -0.8832 -0.2129 -0.4179
vn -0.9567 -0.1333 -0.2588
vn -0.9949 -0.0711 -0.0711
vn -0.9974 -0.0471 -0.0550
vn -0.9961 -0.0158 0.0870
vn -0.9962 -0.0155 0.0863
vn -0.6274 0.6901 -0.3607
vn -0.7769 0.5807 -0.2433
vn -0.5346 0.7780 -0.3301
vn -0.8928 0.4188 -0.1659
vn -0.9895 0.1413 -0.0314
vn -0.9969 -0.0785 -0.0079
vn -0.9379 -0.3232 0.1261
vn -0.8817 -0.4251 0.2047
vn -0.8440 -0.4732 0.2524
vn -0.8770 -0.3872 0.2844
vn -0.7184 -0.3237 0.6158
vn -0.5427 -0.6604 0.5189
vn -0.2598 -0.5591 0.7874
vn -0.0002 -0.1337 0.9910
vn -0.2832 -0.1180 0.9518
vn -0.3157 -0.0552 0.9472
vn -0.5902 -0.1416 0.7948
vn -0.7827 -0.2688 0.5613
vn -0.5744 -0.0157 0.8184
vn -0.6935 -0.1261 0.7093
vn -0.7948 -0.1416 0.5902
vn -0.5829 0.1654 0.7955
vn -0.7170 0.0709 0.6934
vn -0.8493 0.2202 0.4797
vn -0.7002 0.3777 0.6058
vn -0.6542 0.6305 0.4177
vn -0.4958 0.6296 0.5981
vn -0.4889 0.7569 0.4337
vn -0.3863 0.7564 0.5279
vn -0.1881 0.6745 0.7139
vn -0.8643 0.4400 0.2436
vn -0.8118 0.4965 0.3074
vn -0.8748 0.4492 0.1813
vn -0.7707 0.5190 0.3696
vn -0.6780 0.5992 0.4258
vn -0.3956 0.5699 -0.7202
vn -0.3935 0.6137 -0.6845
vn -0.6481 0.3872 -0.6558
vn -0.2924 0.7033 -0.6480
vn -0.4648 0.7168 -0.5198
vn -0.5499 0.7148 -0.4321
vn -0.6473 0.7104 -0.2763
vn -0.6504 0.7053 -0.2821
vn -0.6708 0.7103 -0.2131
vn -0.6671 0.7142 -0.2118
vn 0.9223 -0.1104 -0.3705
vn 0.8944 -0.1177 -0.4315
vn 0.9319 -0.0711 -0.3556
vn 0.8020 -0.1651 -0.5740
vn 0.7049 -0.1980 -0.6811
vn 0.6057 -0.1967 -0.7710
vn 0.7038 -0.1423 -0.6959
vn 0.3238 -0.2369 -0.9160
vn 0.6602 -0.1729 -0.7309
vn 0.1495 -0.2362 -0.9601
vn 0.1343 -0.2291 -0.9641
vn 0.5346 -0.1808 -0.8255
vn 0.6513 -0.1413 -0.7455
vn 0.2985 -0.2278 -0.9268
vn 0.0002 -0.2277 -0.9737
vn 0.2746 -0.1961 -0.9413
vn 0.0002 -0.1961 -0.9806
vn 0.4976 -0.1580 -0.8529
vn 0.5983 -0.1496 -0.7872
vn 0.2523 -0.1654 -0.9534
vn 0.0002 -0.1260 -0.9920
vn 0.4493 -0.1813 -0.8748
vn 0.5520 -0.1891 -0.8121
vn 0.2681 -0.1340 -0.9540
vn 0.0002 -0.0785 -0.9969
vn 0.3710 -0.2290 -0.8999
vn 0.4736 -0.2210 -0.8525
vn 0.5282 -0.2208 -0.8199
vn 0.4170 -0.2518 -0.8733
vn 0.3700 -0.2677 -0.8896
vn 0.9847 0.0552 0.1653
vn 0.9708 0.0395 0.2368
vn 0.9901 0.1257 -0.0629
vn 0.9196 -0.0000 0.3929
vn 0.9049 0.0236 0.4249
vn 0.8497 0.0157 0.5271
vn 0.7951 0.0157 0.6062
vn 0.7071 -0.0079 0.7071
vn 0.6803 -0.0870 0.7278
vn 0.7327 -0.1576 0.6620
vn 0.7637 -0.3936 0.5117
vn 0.8188 -0.3858 0.4251
vn 0.7176 -0.5994 0.3548
vn 0.6866 -0.6550 0.3157
vn 0.6627 -0.7022 0.2604
vn 0.6518 -0.7068 0.2749
vn 0.7102 -0.0474 -0.7024
vn 0.6608 0.0708 -0.7473
vn 0.6764 0.0864 -0.7315
vn 0.7337 -0.1815 -0.6548
vn 0.8185 -0.3778 -0.4328
vn 0.7549 -0.4010 -0.5190
vn 0.8532 -0.4424 -0.2765
vn 0.9200 -0.3854 -0.0708
vn 0.9415 0.1569 0.2981
vn 0.9370 0.1338 0.3228
vn 0.9338 0.1569 0.3217
vn 0.9448 0.1890 0.2677
vn 0.9423 0.2591 0.2120
vn 0.9303 0.3311 0.1577
vn 0.9205 0.3698 0.1259
vn 0.8973 0.4329 0.0866
vn 0.6518 -0.2042 0.7304
vn 0.7243 -0.1655 0.6693
vn 0.7241 -0.1648 0.6697
vn 0.5831 -0.2522 0.7723
vn 0.4011 -0.2517 0.8808
vn 0.3470 -0.3154 0.8832
vn 0.4877 -0.3619 0.7945
vn 0.0002 -0.2370 0.9715
vn 0.2592 -0.4319 0.8639
vn 0.0002 -0.3700 0.9290
vn 0.0002 -0.4409 0.8976
vn 0.1419 0.5990 0.7881
vn 0.5986 0.5042 0.6224
vn 0.0943 0.6840 0.7233
vn -0.0237 0.7264 0.6869
vn -0.0630 0.7402 0.6694
vn -0.0868 0.7647 0.6385
vn -0.0002 0.7342 0.6790
vn -0.0002 0.6912 0.7226
vn 0.9794 -0.1027 -0.1738
vn 0.9757 -0.0787 -0.2046
vn 0.9299 -0.0630 -0.3625
vn 0.9614 -0.0630 -0.2679
vn 0.9763 0.0393 -0.2126
vn 0.8832 -0.1341 -0.4495
vn 0.8247 -0.0943 -0.5577
vn 0.9602 0.0472 -0.2754
vn 0.7636 -0.1023 -0.6376
vn 0.7021 -0.1894 -0.6864
vn 0.8278 -0.2286 -0.5124
vn 0.7407 -0.1103 -0.6627
vn 0.8495 -0.1809 -0.4956
vn 0.9364 -0.2597 -0.2361
vn 0.9615 -0.2443 -0.1261
vn 0.9191 -0.1571 -0.3614
vn 0.9624 -0.2209 -0.1578
vn 0.9519 -0.2045 -0.2281
vn 0.9449 -0.1496 -0.2913
vn 0.9680 -0.1653 -0.1889
vn 0.9604 -0.1890 -0.2047
vn 0.9685 -0.1417 -0.2047
vn 0.9391 0.1815 -0.2919
vn 0.8984 0.0709 -0.4334
vn 0.9496 0.2904 -0.1177
vn 0.8982 0.4256 -0.1103
vn 0.7389 0.0865 -0.6682
vn 0.6274 0.1255 -0.7685
vn 0.5290 0.0790 -0.8449
vn 0.5115 0.3069 -0.8026
vn 0.5804 0.1020 -0.8079
vn 0.7418 0.2999 -0.5998
vn 0.5424 0.3694 -0.7546
vn 0.6845 0.4170 -0.5980
vn 0.5207 0.4496 -0.7258
vn 0.8897 0.3228 -0.3228
vn 0.8963 0.3538 -0.2673
vn 0.9453 0.3071 -0.1104
vn 0.9381 0.3390 0.0709
vn 0.9004 0.4186 0.1185
vn 0.9048 0.3855 0.1810
vn 0.9820 0.1336 0.1335
vn 0.9421 0.3141 0.1177
vn 0.7727 0.6308 -0.0710
vn 0.7700 0.6285 0.1100
vn 0.7873 0.6141 -0.0551
vn 0.7471 0.5898 0.3067
vn 0.6225 0.5041 0.5987
vn 0.4887 0.4730 0.7331
vn 0.4323 0.1022 0.8959
vn 0.3463 0.0551 0.9365
vn 0.4730 -0.4887 0.7331
vn 0.5494 -0.3924 0.7377
vn 0.4646 -0.6930 0.5512
vn 0.4173 -0.7165 0.5590
vn 0.6725 -0.7358 0.0793
vn 0.7852 -0.5968 -0.1649
vn 0.7334 -0.6782 0.0473
vn 0.8286 -0.4262 -0.3630
vn 0.8172 -0.2514 -0.5186
vn 0.8763 -0.1500 -0.4579
vn 0.8942 -0.0863 -0.4393
vn 0.9241 -0.0474 -0.3791
vn 0.9522 -0.0629 0.2990
vn 0.9548 -0.0552 0.2920
vn 0.9364 -0.1180 0.3305
vn 0.9562 -0.0392 0.2900
vn 0.9311 -0.1341 0.3393
vn 0.9046 -0.2124 0.3697
vn 0.8977 -0.2128 0.3859
vn 0.9369 -0.0863 0.3388
vn 0.9129 -0.1889 -0.3620
vn 0.9266 -0.1806 -0.3298
vn 0.8832 -0.2129 -0.4179
vn 0.9567 -0.1333 -0.2588
vn 0.9949 -0.0711 -0.0711
vn 0.9974 -0.0471 -0.0550
vn 0.9961 -0.0157 0.0870
vn 0.9961 -0.0155 0.0863
vn -0.3935 0.5666 0.7240
vn -0.4027 0.7579 0.5132
vn -0.4156 0.7531 0.5101
vn -0.3868 0.5683 0.7262
vn -0.3079 0.2842 0.9080
vn -0.2591 0.2746 0.9260
vn -0.1103 0.2522 0.9614
vn -0.1105 0.2762 0.9547
vn -0.0000 0.2592 0.9658
vn 0.1103 0.2522 0.9614
vn 0.1105 0.2762 0.9547
vn 0.2591 0.2745 0.9260
vn 0.3079 0.2842 0.9080
vn 0.3934 0.5666 0.7240
vn 0.3868 0.5683 0.7263
vn 0.4027 0.7579 0.5132
vn 0.4156 0.7531 0.5101
vn -0.3063 0.0550 0.9503
vn -0.3230 0.0473 0.9452
vn -0.3390 -0.0709 0.9381
vn -0.3316 -0.0869 0.9394
vn -0.3457 -0.1886 0.9192
vn -0.3536 -0.1729 0.9193
vn 0.3063 0.0550 0.9503
vn 0.3390 -0.0709 0.9381
vn 0.3229 0.0472 0.9453
vn 0.3315 -0.0869 0.9395
vn 0.3457 -0.1886 0.9192
vn 0.3535 -0.1729 0.9193
vn -0.9562 -0.0784 -0.2821
vn -0.9562 -0.0784 -0.2822
vn -0.7071 -0.1810 -0.6835
vn -0.7072 -0.1807 -0.6836
vn -0.3865 -0.2366 -0.8914
vn -0.1898 -0.2530 -0.9487
vn 0.2923 -0.2450 -0.9244
vn 0.7071 -0.1809 -0.6835
vn 0.7072 -0.1808 -0.6836
vn 0.9562 -0.0784 -0.2821
vn 0.9562 -0.0784 -0.2822
vn -0.9567 0.0236 -0.2901
vn -0.7553 0.0551 -0.6530
vn -0.6611 0.0630 -0.7477
vn -0.2913 0.0866 -0.9527
vn -0.2913 0.0864 -0.9527
vn 0.1893 0.0867 -0.9781
vn 0.3851 0.0786 -0.9195
vn 0.6611 0.0630 -0.7477
vn 0.7553 0.0551 -0.6530
vn 0.9567 0.0236 -0.2901
vn -0.9577 0.1256 -0.2590
vn -0.7092 0.2994 -0.6383
vn -0.2918 0.4024 -0.8677
vn -0.2919 0.4023 -0.8677
vn 0.1888 0.4170 -0.8891
vn 0.3857 0.3936 -0.8345
vn 0.7092 0.2995 -0.6382
vn 0.7092 0.2994 -0.6383
vn 0.9577 0.1256 -0.2590
vn 0.9577 0.1256 -0.2591
vn -0.9572 0.1883 -0.2197
vn -0.7536 0.4239 -0.5024
vn -0.6619 0.4806 -0.5752
vn -0.2917 0.6147 -0.7329
vn 0.3858 0.5906 -0.7087
vn 0.6619 0.4806 -0.5752
vn 0.7536 0.4239 -0.5024
vn 0.9572 0.1883 -0.2197
vn -0.0000 -0.9052 -0.4250
vn -0.0000 -0.9052 -0.4251
vn -0.0000 -0.9082 -0.4185
vn -0.0000 -0.9053 -0.4249
vn -0.0000 -0.9052 -0.4249
vn -0.0000 0.9052 0.4250
vn -0.0000 0.9082 0.4186
vn -0.0078 0.9082 0.4186
vn -0.0000 0.9052 0.4251
vn -0.0000 0.9052 0.4249
vn 0.0078 0.9081 0.4186
vn -0.0079 -0.7637 -0.6456
vn -0.0000 -0.7637 -0.6456
vn -0.0158 -0.7564 -0.6540
vn -0.0000 -0.7636 -0.6456
vn 0.0078 -0.7637 -0.6455
vn 0.0158 -0.7564 -0.6539
vn -0.9771 -0.0079 -0.2127
vn -0.9750 -0.1570 -0.1573
vn -0.8461 -0.5246 -0.0939
vn -0.9178 0.2432 -0.3138
vn -0.8949 0.2826 -0.3454
vn -0.9599 0.1731 -0.2203
vn -0.6489 0.5380 -0.5381
vn -0.8721 0.4243 -0.2436
vn -0.9429 0.3143 -0.1100
vn -0.6532 0.5981 -0.4643
vn -0.2685 0.7659 -0.5843
vn -0.1807 0.7148 -0.6755
vn -0.6329 0.7199 -0.2848
vn -0.0000 0.7778 -0.6285
vn -0.0000 0.7304 -0.6831
vn 0.1807 0.7148 -0.6755
vn -0.3317 0.8530 -0.4028
vn 0.2685 0.7659 -0.5843
vn 0.6489 0.5380 -0.5380
vn -0.0000 0.9222 -0.3866
vn -0.3392 0.9230 -0.1815
vn -0.6671 0.7299 -0.1491
vn -0.8298 0.5453 -0.1185
vn -0.6317 0.7738 -0.0474
vn -0.8404 0.5419 -0.0079
vn -0.9125 0.4091 0.0078
vn -0.3134 0.9480 -0.0549
vn -0.8495 0.5191 0.0945
vn -0.9429 0.3143 0.1100
vn -0.6599 0.7463 0.0864
vn -0.8735 0.4486 0.1889
vn -0.9763 0.1811 0.1181
vn -0.6534 0.7242 0.2205
vn -0.9205 0.3540 0.1652
vn -0.9746 0.2123 0.0708
vn -0.6436 0.6907 0.3296
vn -0.3143 0.9429 0.1100
vn -0.3143 0.9037 0.2907
vn -0.2438 0.8966 0.3697
vn -0.0000 0.9995 -0.0315
vn -0.0000 0.9495 0.3139
vn -0.0000 0.9290 0.3700
vn 0.2438 0.8966 0.3697
vn -0.0000 0.9888 0.1491
vn 0.3143 0.9037 0.2908
vn 0.6436 0.6907 0.3296
vn 0.3143 0.9429 0.1100
vn 0.6534 0.7242 0.2205
vn 0.8736 0.4486 0.1888
vn 0.9205 0.3540 0.1652
vn 0.9764 0.1810 0.1181
vn 0.9746 0.2123 0.0708
vn 0.9429 0.3143 0.1100
vn 0.8495 0.5191 0.0944
vn 0.9125 0.4091 0.0078
vn 0.6599 0.7463 0.0864
vn 0.8404 0.5419 -0.0079
vn 0.9429 0.3143 -0.1100
vn 0.3134 0.9480 -0.0549
vn 0.6317 0.7738 -0.0474
vn 0.8298 0.5453 -0.1185
vn -0.0000 0.9835 -0.1810
vn 0.3392 0.9230 -0.1815
vn 0.3317 0.8530 -0.4028
vn 0.6671 0.7299 -0.1491
vn 0.6329 0.7199 -0.2848
vn 0.6532 0.5981 -0.4643
vn 0.8722 0.4243 -0.2436
vn 0.9599 0.1731 -0.2203
vn 0.8949 0.2826 -0.3454
vn 0.9178 0.2432 -0.3138
vn 0.9771 -0.0080 -0.2127
vn 0.9750 -0.1570 -0.1573
vn 0.8460 -0.5248 -0.0940
vn 0.8966 0.0471 0.4404
vn 0.8962 0.0551 0.4402
vn 0.7569 0.2604 0.5994
vn 0.8643 0.2436 0.4400
vn 0.3697 0.6289 0.6840
vn 0.4948 0.6598 0.5655
vn -0.0000 0.5975 0.8019
vn 0.0002 0.7885 0.6150
vn -0.0000 0.7110 0.7031
vn -0.7569 0.2604 0.5994
vn -0.8962 0.0550 0.4402
vn -0.8965 0.0473 0.4404
vn -0.8643 0.2436 0.4400
vn -0.3697 0.6289 0.6840
vn -0.4948 0.6598 0.5655
vn -0.0001 0.7885 0.6150
vn -0.0000 0.7111 0.7031
vn -0.9815 -0.1806 0.0628
vn -0.9905 -0.1258 0.0550
vn -0.9915 -0.1180 0.0551
vn -0.9747 -0.1729 0.1415
vn -0.9710 -0.2368 -0.0316
vn -0.9656 -0.2357 -0.1099
vn -0.9662 -0.2042 -0.1571
vn -0.9653 -0.1962 -0.1726
vn -0.9625 -0.2209 -0.1578
vn -0.9784 -0.1499 -0.1420
vn -0.0002 -0.3537 0.9354
vn -0.2204 -0.4172 0.8817
vn -0.0002 -0.3632 0.9317
vn -0.2598 -0.3936 0.8818
vn -0.3613 -0.1021 0.9268
vn -0.2601 -0.0867 0.9617
vn -0.2603 0.2285 0.9381
vn -0.3535 0.1257 0.9269
vn -0.0002 0.1657 0.9862
vn -0.0002 0.2758 0.9612
vn -0.9572 -0.2432 -0.1571
vn -0.8896 -0.4566 0.0079
vn -0.9107 -0.2591 -0.3219
vn -0.9096 -0.4156 -0.0000
vn -0.9612 -0.2758 -0.0000
vn -0.1492 -0.2120 -0.9658
vn -0.0002 -0.0157 -0.9999
vn -0.0002 -0.1976 -0.9803
vn -0.1490 -0.0314 -0.9883
vn -0.1413 0.1805 -0.9734
vn -0.0002 0.1961 -0.9806
vn 0.9905 -0.1257 0.0551
vn 0.9815 -0.1806 0.0628
vn 0.9915 -0.1180 0.0551
vn 0.9747 -0.1730 0.1415
vn 0.9710 -0.2368 -0.0316
vn 0.9656 -0.2355 -0.1099
vn 0.9662 -0.2042 -0.1571
vn 0.9652 -0.1962 -0.1726
vn 0.9625 -0.2209 -0.1578
vn 0.9784 -0.1499 -0.1420
vn 0.2204 -0.4172 0.8817
vn 0.0002 -0.3537 0.9354
vn 0.0002 -0.3632 0.9317
vn 0.2598 -0.3936 0.8818
vn 0.3613 -0.1021 0.9268
vn 0.2601 -0.0867 0.9617
vn 0.2603 0.2285 0.9381
vn 0.3535 0.1257 0.9269
vn 0.0002 0.1658 0.9862
vn 0.0002 0.2758 0.9612
vn 0.8896 -0.4566 0.0079
vn 0.9572 -0.2432 -0.1571
vn 0.9107 -0.2591 -0.3219
vn 0.9096 -0.4156 -0.0000
vn 0.9612 -0.2758 -0.0000
vn 0.1492 -0.2120 -0.9658
vn 0.0002 -0.1976 -0.9803
vn 0.0002 -0.0157 -0.9999
vn 0.1490 -0.0314 -0.9883
vn 0.1413 0.1805 -0.9734
vn 0.0002 0.1961 -0.9806
vn -0.9848 0.1733 -0.0079
vn -0.9903 0.0943 0.1022
vn -0.9929 0.1182 -0.0157
vn -0.9818 0.1885 0.0236
vn -0.9908 0.0787 0.1101
vn -0.9694 -0.0236 0.2443
vn -0.9468 -0.0630 0.3157
vn 0.9903 0.0943 0.1022
vn 0.9848 0.1733 -0.0079
vn 0.9929 0.1181 -0.0156
vn 0.9818 0.1884 0.0235
vn 0.9908 0.0787 0.1101
vn 0.9694 -0.0236 0.2443
vn 0.9468 -0.0631 0.3156
vn -0.5975 0.4874 0.6368
vn -0.4318 0.7541 0.4949
vn -0.5900 0.6765 0.4406
vn -0.2761 0.6390 0.7179
vn -0.0000 0.8309 0.5565
vn -0.2825 0.2197 0.9338
vn -0.5208 0.1263 0.8443
vn -0.1804 0.0784 0.9805
vn -0.0000 0.5181 0.8553
vn -0.0000 0.1261 0.9920
vn -0.0000 0.3298 0.9441
vn -0.0000 0.1409 0.9900
vn 0.1804 0.0784 0.9805
vn 0.2825 0.2197 0.9338
vn 0.5208 0.1263 0.8443
vn 0.5975 0.4874 0.6368
vn 0.2761 0.6390 0.7179
vn 0.4318 0.7541 0.4949
vn 0.5900 0.6766 0.4406
vn -0.3528 0.2195 -0.9096
vn -0.3481 0.4193 -0.8385
vn -0.3633 0.3159 -0.8765
vn -0.5597 0.1656 -0.8120
vn -0.3298 -0.1335 -0.9346
vn -0.5426 0.5190 -0.6605
vn -0.3453 0.6905 -0.6356
vn -0.6444 0.5894 -0.4872
vn -0.8654 0.3383 -0.3697
vn -0.8738 0.4251 -0.2362
vn -0.9615 0.2443 -0.1261
vn -0.9048 0.0865 -0.4170
vn -0.9678 0.0629 -0.2439
vn -0.5989 -0.1419 -0.7881
vn -0.8584 -0.1575 -0.4883
vn -0.9429 -0.1100 -0.3143
vn -0.8154 -0.2431 -0.5253
vn -0.5266 -0.2829 -0.8017
vn -0.3689 -0.2512 -0.8949
vn 0.3481 0.4193 -0.8385
vn 0.3530 0.2195 -0.9095
vn 0.3633 0.3158 -0.8765
vn 0.5597 0.1655 -0.8120
vn 0.3298 -0.1335 -0.9345
vn 0.5426 0.5190 -0.6605
vn 0.3453 0.6905 -0.6356
vn 0.6444 0.5894 -0.4872
vn 0.8654 0.3383 -0.3697
vn 0.8738 0.4251 -0.2362
vn 0.9615 0.2443 -0.1261
vn 0.9048 0.0865 -0.4170
vn 0.9678 0.0629 -0.2439
vn 0.5989 -0.1419 -0.7881
vn 0.8584 -0.1575 -0.4883
vn 0.9429 -0.1100 -0.3143
vn 0.8154 -0.2431 -0.5253
vn 0.5266 -0.2829 -0.8017
vn 0.3689 -0.2512 -0.8949
vn -0.4476 0.1099 0.8874
vn -0.0002 0.1182 0.9930
vn -0.6232 -0.1183 0.7731
vn -0.9299 -0.0631 0.3625
vn -0.4490 -0.3387 0.8269
vn 0.4476 0.1099 0.8874
vn 0.0002 0.1182 0.9930
vn 0.6232 -0.1183 0.7731
vn 0.9299 -0.0631 0.3625
vn 0.4489 -0.3387 0.8269
vn -0.8575 -0.0551 0.5115
vn -0.7148 0.0157 0.6991
vn -0.6939 0.0630 0.7173
vn -0.5106 0.1807 0.8406
vn -0.6530 -0.0550 0.7553
vn -0.7864 -0.0708 0.6136
vn -0.6617 -0.0474 0.7483
vn -0.6005 -0.2529 0.7586
vn 0.8576 -0.0551 0.5114
vn 0.6939 0.0630 0.7173
vn 0.7148 0.0157 0.6991
vn 0.5106 0.1807 0.8406
vn 0.6530 -0.0550 0.7553
vn 0.7864 -0.0708 0.6136
vn 0.6617 -0.0474 0.7483
vn 0.6005 -0.2529 0.7586
vn -0.1493 -0.8561 0.4948
vn -0.1490 -0.8561 0.4948
vn -0.1495 -0.5664 0.8105
vn -0.1491 -0.9888 -0.0000
vn -0.1494 -0.4170 0.8965
vn -0.1490 -0.9888 -0.0000
vn -0.1491 -0.0000 0.9888
vn -0.1496 -0.8505 -0.5042
vn -0.1496 -0.8506 -0.5041
vn -0.1494 0.4170 0.8965
vn -0.1502 -0.5610 -0.8141
vn -0.1495 0.5664 0.8105
vn -0.1500 -0.4263 -0.8921
vn -0.1492 0.8561 0.4948
vn -0.1503 -0.0158 -0.9885
vn -0.1493 0.8561 0.4948
vn -0.1579 -0.0158 -0.9873
vn -0.1491 0.9888 -0.0000
vn -0.1499 0.4105 -0.8995
vn -0.1489 0.9888 -0.0000
vn -0.1495 0.5664 -0.8105
vn -0.1493 0.8561 -0.4948
vn -0.1492 0.8561 -0.4948
vn 0.8846 0.0869 -0.4581
vn 0.8666 0.1024 -0.4884
vn 0.7073 0.4716 -0.5266
vn 0.9401 -0.2370 -0.2449
vn 0.6219 0.6061 -0.4959
vn 0.9206 -0.3462 -0.1810
vn 0.5261 0.8481 -0.0628
vn 0.8760 -0.4499 -0.1737
vn 0.5266 0.8488 -0.0471
vn 0.8408 -0.5344 0.0867
vn 0.4975 0.7107 0.4975
vn 0.6926 -0.5587 0.4562
vn 0.4966 0.7173 0.4887
vn 0.5674 -0.0788 0.8196
vn 0.5350 0.4485 0.7160
vn 0.5344 -0.0864 0.8408
vn 0.5596 0.4414 0.7015
vn 0.7324 -0.0709 -0.6772
vn 0.6225 0.2285 -0.7485
vn 0.4977 0.5767 -0.6478
vn 0.7696 -0.1806 -0.6125
vn 0.4977 0.5768 -0.6478
vn 0.8329 -0.3457 -0.4322
vn 0.4159 0.8005 -0.4316
vn 0.8568 -0.4087 -0.3144
vn 0.3928 0.8642 -0.3143
vn 0.8815 -0.4722 -0.0000
vn 0.3700 0.9290 -0.0001
vn 0.3700 0.9290 -0.0000
vn 0.8568 -0.4087 0.3144
vn 0.3928 0.8642 0.3143
vn 0.8329 -0.3457 0.4321
vn 0.4173 0.8032 0.4252
vn 0.7696 -0.1806 0.6125
vn 0.5036 0.5744 0.6453
vn 0.7324 -0.0709 0.6772
vn 0.5061 0.5774 0.6407
vn 0.6225 0.2285 0.7485
vn 0.9518 -0.0000 -0.3068
vn 0.9530 -0.1260 -0.2756
vn 0.9530 0.1260 -0.2756
vn 0.9522 -0.1731 -0.2518
vn 0.9522 0.1731 -0.2518
vn 0.9522 -0.2518 -0.1731
vn 0.9522 0.2518 -0.1731
vn 0.9530 -0.2756 -0.1260
vn 0.9530 0.2756 -0.1260
vn 0.9538 -0.2995 -0.0236
vn 0.9540 0.2996 -0.0000
vn 0.9538 -0.2995 0.0237
vn 0.9540 0.2997 -0.0000
vn 0.9530 -0.2756 0.1260
vn 0.9520 0.2754 0.1338
vn 0.9522 -0.2518 0.1731
vn 0.9508 0.2515 0.1807
vn 0.9479 0.1580 0.2765
vn 0.9480 0.1580 0.2763
vn 0.9492 -0.0235 0.3138
vn 0.9482 0.0316 0.3161
vn 0.1495 0.5664 0.8105
vn 0.1492 0.8561 0.4948
vn 0.1490 0.9888 -0.0000
vn 0.1494 0.4170 0.8965
vn 0.1489 0.9888 -0.0000
vn 0.1491 -0.0000 0.9888
vn 0.1493 0.8561 -0.4948
vn 0.1492 0.8561 -0.4948
vn 0.1494 -0.4170 0.8965
vn 0.1495 0.5664 -0.8105
vn 0.1495 -0.5664 0.8105
vn 0.1499 0.4105 -0.8995
vn 0.1493 -0.8561 0.4948
vn 0.1503 -0.0158 -0.9885
vn 0.1491 -0.8561 0.4948
vn 0.1579 -0.0159 -0.9873
vn 0.1490 -0.9888 -0.0000
vn 0.1500 -0.4263 -0.8921
vn 0.1489 -0.9888 -0.0000
vn 0.1502 -0.5611 -0.8140
vn 0.1497 -0.8506 -0.5041
vn 0.1496 -0.8506 -0.5041
vn -0.9518 -0.0000 -0.3068
vn -0.9530 -0.1260 -0.2756
vn -0.9530 0.1260 -0.2756
vn -0.9522 -0.1731 -0.2518
vn -0.9522 0.1731 -0.2518
vn -0.9522 -0.2518 -0.1731
vn -0.9522 0.2518 -0.1731
vn -0.9530 -0.2756 -0.1260
vn -0.9530 0.2756 -0.1260
vn -0.9538 -0.2995 -0.0236
vn -0.9540 0.2997 -0.0000
vn -0.9538 -0.2995 0.0236
vn -0.9541 0.2996 -0.0000
vn -0.9530 -0.2756 0.1260
vn -0.9520 0.2754 0.1338
vn -0.9522 -0.2518 0.1731
vn -0.9508 0.2515 0.1807
vn -0.9480 0.1580 0.2765
vn -0.9480 0.1580 0.2764
vn -0.9492 -0.0235 0.3138
vn -0.9482 0.0316 0.3161
vn -0.6043 -0.7612 0.2354
vn -0.4717 -0.8727 -0.1259
vn -0.5533 -0.8299 -0.0711
vn -0.4573 -0.5755 -0.6780
vn -0.5823 -0.7318 0.3541
vn -0.5771 -0.5534 -0.6006
vn -0.5362 -0.4178 0.7335
vn -0.4717 0.1258 -0.8727
vn -0.4081 -0.0708 0.9102
vn -0.4578 0.0947 -0.8840
vn -0.5180 0.5808 0.6280
vn -0.6458 0.5198 -0.5592
vn -0.5687 0.5450 0.6161
vn -0.6667 0.6432 -0.3765
vn -0.6304 0.7723 0.0788
vn -0.6772 0.7324 -0.0707
vn -0.8666 0.1024 -0.4884
vn -0.9401 -0.2370 -0.2449
vn -0.8846 0.0869 -0.4581
vn -0.7073 0.4716 -0.5266
vn -0.9206 -0.3462 -0.1810
vn -0.6219 0.6061 -0.4959
vn -0.8760 -0.4499 -0.1737
vn -0.5261 0.8481 -0.0628
vn -0.8408 -0.5344 0.0867
vn -0.5265 0.8488 -0.0472
vn -0.6926 -0.5587 0.4562
vn -0.4974 0.7108 0.4973
vn -0.5674 -0.0788 0.8196
vn -0.4966 0.7173 0.4887
vn -0.5344 -0.0864 0.8408
vn -0.5350 0.4485 0.7160
vn -0.5596 0.4414 0.7014
vn 0.4717 -0.8727 -0.1258
vn 0.6043 -0.7612 0.2354
vn 0.5533 -0.8299 -0.0711
vn 0.4573 -0.5755 -0.6780
vn 0.5823 -0.7318 0.3541
vn 0.5771 -0.5534 -0.6006
vn 0.5362 -0.4178 0.7335
vn 0.4717 0.1258 -0.8727
vn 0.4081 -0.0708 0.9102
vn 0.4578 0.0947 -0.8840
vn 0.5180 0.5808 0.6280
vn 0.6458 0.5198 -0.5592
vn 0.5687 0.5450 0.6161
vn 0.6667 0.6432 -0.3765
vn 0.6312 0.7716 0.0787
vn 0.6772 0.7324 -0.0707
vn 0.9405 0.3398 -0.0000
vn 0.9405 0.3399 -0.0000
vn 0.9404 0.3400 -0.0000
vn 0.9404 0.3399 -0.0000
vt 0.522949 0.958771
vt 0.553711 0.945709
vt 0.558105 0.960785
vt 0.523438 0.944092
vt 0.602051 0.928955
vt 0.595703 0.925171
vt 0.598145 0.930908
vt 0.592285 0.927856
vt 0.603027 0.939606
vt 0.598633 0.939484
vt 0.588867 0.921631
vt 0.590820 0.918823
vt 0.532227 0.889343
vt 0.519531 0.873291
vt 0.519531 0.890381
vt 0.542480 0.873291
vt 0.299072 0.753418
vt 0.307617 0.761719
vt 0.306885 0.744629
vt 0.436768 0.737305
vt 0.437744 0.733643
vt 0.427246 0.731689
vt 0.425049 0.749023
vt 0.416748 0.744873
vt 0.403809 0.758179
vt 0.397949 0.748779
vt 0.376221 0.762329
vt 0.374512 0.748291
vt 0.350098 0.749512
vt 0.325684 0.743896
vt 0.325684 0.764648
vt 0.351318 0.762939
vt 0.391357 0.822266
vt 0.384521 0.811157
vt 0.393066 0.807861
vt 0.383301 0.823120
vt 0.402588 0.853149
vt 0.392334 0.868286
vt 0.395020 0.852783
vt 0.399902 0.870728
vt 0.491211 0.822266
vt 0.498047 0.811157
vt 0.499268 0.823120
vt 0.489746 0.807739
vt 0.480225 0.853149
vt 0.490234 0.868286
vt 0.482666 0.870728
vt 0.487549 0.852783
vt 0.460693 0.727295
vt 0.450928 0.727051
vt 0.458984 0.717773
vt 0.342773 0.781616
vt 0.345947 0.786133
vt 0.345947 0.780151
vt 0.343750 0.788086
vt 0.348877 0.791504
vt 0.347412 0.795288
vt 0.302979 0.871338
vt 0.296875 0.864868
vt 0.300537 0.875366
vt 0.301270 0.866333
vt 0.250977 0.830078
vt 0.229126 0.816040
vt 0.233032 0.820801
vt 0.186401 0.750366
vt 0.196167 0.767090
vt 0.191406 0.750000
vt 0.199585 0.763794
vt 0.191895 0.739014
vt 0.186890 0.739014
vt 0.280029 0.785034
vt 0.254639 0.784546
vt 0.253174 0.789917
vt 0.216309 0.782837
vt 0.227539 0.793457
vt 0.219238 0.779419
vt 0.224609 0.798950
vt 0.210571 0.771118
vt 0.212891 0.767944
vt 0.227173 0.943817
vt 0.221558 0.948456
vt 0.229614 0.948395
vt 0.215088 0.942474
vt 0.248169 0.912964
vt 0.262939 0.896851
vt 0.243652 0.909912
vt 0.269287 0.897827
vt 0.244629 0.918335
vt 0.248657 0.921387
vt 0.223755 0.985283
vt 0.241333 0.987350
vt 0.225220 0.972458
vt 0.244629 0.967926
vt 0.265625 0.970444
vt 0.349854 0.782837
vt 0.349365 0.785522
vt 0.350098 0.788940
vt 0.151855 0.751465
vt 0.144531 0.751709
vt 0.153320 0.758789
vt 0.140625 0.760742
vt 0.169067 0.731445
vt 0.168823 0.719971
vt 0.164551 0.730957
vt 0.172485 0.720947
vt 0.164917 0.748535
vt 0.158203 0.748535
vt 0.190552 0.728027
vt 0.176392 0.713867
vt 0.194458 0.727051
vt 0.198730 0.733643
vt 0.213501 0.729004
vt 0.203857 0.722900
vt 0.212158 0.742188
vt 0.225586 0.728271
vt 0.229004 0.740967
vt 0.172119 0.712646
vt 0.164673 0.718994
vt 0.160400 0.729248
vt 0.153809 0.746826
vt 0.167114 0.712158
vt 0.224365 0.959167
vt 0.213501 0.966339
vt 0.361816 0.876587
vt 0.365479 0.867188
vt 0.353760 0.874146
vt 0.360596 0.861938
vt 0.355713 0.882141
vt 0.358398 0.890015
vt 0.003798 0.994728
vt 0.017166 0.815063
vt 0.003798 0.815063
vt 0.017166 0.994728
vt 0.523438 0.932007
vt 0.556641 0.932434
vt 0.415527 0.946838
vt 0.408936 0.953979
vt 0.404785 0.946808
vt 0.418213 0.953979
vt 0.413086 0.935120
vt 0.402344 0.935120
vt 0.482422 0.976501
vt 0.496826 0.977768
vt 0.482178 0.980942
vt 0.496826 0.970490
vt 0.546875 0.843262
vt 0.519531 0.811401
vt 0.519531 0.843262
vt 0.546875 0.811401
vt 0.542480 0.809082
vt 0.519531 0.809082
vt 0.558594 0.906616
vt 0.558594 0.869507
vt 0.565918 0.869629
vt 0.565430 0.908447
vt 0.589844 0.908447
vt 0.589844 0.869629
vt 0.597168 0.906616
vt 0.597168 0.869507
vt 0.376465 0.889282
vt 0.383057 0.892761
vt 0.374268 0.901855
vt 0.370361 0.903809
vt 0.506348 0.889282
vt 0.508301 0.901855
vt 0.499756 0.892761
vt 0.512207 0.903809
vt 0.366943 0.933167
vt 0.380859 0.928955
vt 0.366699 0.928101
vt 0.378662 0.933899
vt 0.356689 0.795166
vt 0.356445 0.791626
vt 0.176636 0.820312
vt 0.179932 0.789551
vt 0.172485 0.797119
vt 0.170654 0.812744
vt 0.229614 0.964996
vt 0.243164 0.943298
vt 0.354736 0.776978
vt 0.356689 0.781616
vt 0.356689 0.788818
vt 0.130615 0.760254
vt 0.133057 0.750366
vt 0.154419 0.729736
vt 0.142212 0.717041
vt 0.139404 0.727051
vt 0.158203 0.720703
vt 0.145264 0.747070
vt 0.134521 0.745361
vt 0.156250 0.714355
vt 0.144287 0.711426
vt 0.157349 0.709473
vt 0.145508 0.706787
vt 0.369873 0.859985
vt 0.371826 0.866333
vt 0.372803 0.875916
vt 0.371094 0.891235
vt 0.546875 0.975006
vt 0.522461 0.970001
vt 0.522949 0.980988
vt 0.505371 0.977783
vt 0.505371 0.971390
vt 0.432861 0.946106
vt 0.427002 0.945831
vt 0.429932 0.960510
vt 0.452393 0.948517
vt 0.453613 0.967499
vt 0.479248 0.966309
vt 0.478271 0.946625
vt 0.493896 0.946594
vt 0.495850 0.966827
vt 0.504395 0.959259
vt 0.500977 0.966797
vt 0.503906 0.946594
vt 0.517090 0.946594
vt 0.517090 0.959259
vt 0.051636 0.525391
vt 0.022827 0.525391
vt 0.022827 0.543457
vt 0.051636 0.543457
vt 0.022827 0.562500
vt 0.051636 0.562500
vt 0.022827 0.581055
vt 0.051636 0.581055
vt 0.022827 0.599854
vt 0.051636 0.599854
vt 0.022827 0.618652
vt 0.051636 0.618652
vt 0.022827 0.637451
vt 0.051636 0.637451
vt 0.022827 0.656494
vt 0.051636 0.656494
vt 0.022827 0.675293
vt 0.051636 0.675293
vt 0.022827 0.694092
vt 0.051636 0.694092
vt 0.022827 0.712891
vt 0.051636 0.712891
vt 0.022827 0.731934
vt 0.051636 0.731934
vt 0.051636 0.749268
vt 0.022827 0.749268
vt 0.578125 0.939209
vt 0.578125 0.930542
vt 0.578125 0.927673
vt 0.578613 0.919128
vt 0.276855 0.747803
vt 0.279053 0.740967
vt 0.282959 0.753296
vt 0.886230 0.948120
vt 0.902344 0.948120
vt 0.902344 0.958466
vt 0.886230 0.958466
vt 0.902344 0.962860
vt 0.886230 0.962860
vt 0.886230 0.967255
vt 0.902344 0.967255
vt 0.902344 0.977585
vt 0.886230 0.977585
vt 0.902344 0.981979
vt 0.886230 0.981979
vt 0.886230 0.986359
vt 0.902344 0.986366
vt 0.886230 0.996704
vt 0.902344 0.996714
vt 0.919434 0.996662
vt 0.903809 0.996653
vt 0.903809 0.986305
vt 0.919434 0.986313
vt 0.903809 0.981918
vt 0.919434 0.981934
vt 0.903809 0.977539
vt 0.919434 0.977539
vt 0.903809 0.967194
vt 0.919434 0.967194
vt 0.919434 0.962799
vt 0.903809 0.962799
vt 0.919434 0.958435
vt 0.903809 0.958405
vt 0.919434 0.948059
vt 0.903809 0.948059
vt 0.929688 0.865234
vt 0.932129 0.857178
vt 0.945312 0.865234
vt 0.942871 0.857178
vt 0.952637 0.860107
vt 0.947266 0.854248
vt 0.950195 0.849854
vt 0.958008 0.852295
vt 0.950195 0.839600
vt 0.958008 0.837158
vt 0.952637 0.829346
vt 0.947266 0.835205
vt 0.942871 0.832275
vt 0.945312 0.824219
vt 0.932129 0.832275
vt 0.929688 0.824219
vt 0.929688 0.908875
vt 0.932129 0.900818
vt 0.944824 0.908875
vt 0.942383 0.900818
vt 0.952637 0.903687
vt 0.946777 0.897888
vt 0.949707 0.893494
vt 0.958008 0.895935
vt 0.949707 0.883179
vt 0.958008 0.880737
vt 0.952637 0.873047
vt 0.946777 0.878784
vt 0.942383 0.875854
vt 0.944824 0.867798
vt 0.932129 0.875854
vt 0.929688 0.867798
vt 0.866211 0.865234
vt 0.868652 0.857178
vt 0.881348 0.865234
vt 0.878906 0.857178
vt 0.889160 0.860107
vt 0.883301 0.854248
vt 0.894043 0.852295
vt 0.886230 0.849854
vt 0.886230 0.839478
vt 0.894043 0.837036
vt 0.883301 0.835083
vt 0.889160 0.829346
vt 0.878906 0.832153
vt 0.881348 0.824219
vt 0.868652 0.832153
vt 0.866211 0.824219
vt 0.430176 0.762207
vt 0.430176 0.753662
vt 0.441406 0.761475
vt 0.440186 0.752686
vt 0.445557 0.758545
vt 0.456299 0.741943
vt 0.447266 0.737305
vt 0.393311 0.960144
vt 0.388672 0.960785
vt 0.389404 0.967407
vt 0.395020 0.987175
vt 0.391357 0.987259
vt 0.366699 0.991783
vt 0.384521 0.991661
vt 0.383057 0.976654
vt 0.366699 0.976669
vt 0.378174 0.965607
vt 0.366455 0.964905
vt 0.176270 0.777832
vt 0.183350 0.782227
vt 0.196167 0.802246
vt 0.181030 0.810791
vt 0.186523 0.825195
vt 0.175293 0.840454
vt 0.204102 0.801636
vt 0.212646 0.814087
vt 0.220459 0.827393
vt 0.184692 0.836670
vt 0.194702 0.855225
vt 0.194946 0.851562
vt 0.213379 0.895752
vt 0.200073 0.912781
vt 0.229614 0.904602
vt 0.210815 0.926880
vt 0.237061 0.912109
vt 0.218994 0.934326
vt 0.237305 0.917542
vt 0.224243 0.935974
vt 0.173340 0.822021
vt 0.163574 0.819946
vt 0.155762 0.808228
vt 0.153320 0.817871
vt 0.142334 0.805664
vt 0.144287 0.815674
vt 0.132202 0.814331
vt 0.130249 0.804077
vt 0.128906 0.849976
vt 0.132446 0.818115
vt 0.142944 0.820312
vt 0.139282 0.849854
vt 0.150635 0.822510
vt 0.147827 0.849976
vt 0.150635 0.864502
vt 0.159546 0.825317
vt 0.156128 0.853149
vt 0.166138 0.859619
vt 0.168457 0.828247
vt 0.211060 0.962799
vt 0.191284 0.976898
vt 0.191895 0.970642
vt 0.208740 0.957886
vt 0.190918 0.951599
vt 0.200684 0.945496
vt 0.179688 0.938416
vt 0.184204 0.929688
vt 0.161987 0.925171
vt 0.163696 0.916992
vt 0.141113 0.905151
vt 0.142822 0.901428
vt 0.136108 0.905457
vt 0.130615 0.899597
vt 0.129639 0.905029
vt 0.130615 0.925842
vt 0.137695 0.925720
vt 0.131958 0.937012
vt 0.139893 0.936523
vt 0.144653 0.925110
vt 0.147583 0.942627
vt 0.154053 0.932617
vt 0.156616 0.952515
vt 0.169434 0.946960
vt 0.181274 0.958801
vt 0.172852 0.966217
vt 0.187378 0.977386
vt 0.172119 0.968948
vt 0.249512 0.944397
vt 0.351074 0.873169
vt 0.349365 0.876526
vt 0.348633 0.877625
vt 0.348633 0.873413
vt 0.331055 0.877563
vt 0.330322 0.873169
vt 0.313721 0.876221
vt 0.312988 0.871704
vt 0.003798 0.978409
vt 0.017166 0.978409
vt 0.003798 0.962097
vt 0.017166 0.962097
vt 0.003798 0.945740
vt 0.017166 0.945740
vt 0.017166 0.929443
vt 0.003798 0.929443
vt 0.003798 0.913086
vt 0.017166 0.913086
vt 0.017166 0.896790
vt 0.003798 0.896790
vt 0.017166 0.880432
vt 0.003798 0.880432
vt 0.017166 0.863892
vt 0.003798 0.863892
vt 0.003798 0.847656
vt 0.017166 0.847656
vt 0.003798 0.831299
vt 0.017166 0.831299
vt 0.410156 0.958923
vt 0.420410 0.957489
vt 0.421143 0.973343
vt 0.427246 0.968506
vt 0.445312 0.978622
vt 0.445312 0.972458
vt 0.468018 0.973984
vt 0.468018 0.978470
vt 0.433838 0.940216
vt 0.451660 0.939117
vt 0.478271 0.937012
vt 0.495850 0.936584
vt 0.517090 0.936584
vt 0.502930 0.936584
vt 0.502441 0.921753
vt 0.517090 0.921753
vt 0.006302 0.525391
vt 0.006302 0.543457
vt 0.006302 0.562500
vt 0.006302 0.581055
vt 0.006302 0.599854
vt 0.006302 0.618652
vt 0.006302 0.637451
vt 0.006302 0.656494
vt 0.006302 0.675293
vt 0.006302 0.694092
vt 0.006302 0.712891
vt 0.006302 0.731934
vt 0.006302 0.749268
vt 0.641602 0.889771
vt 0.614746 0.864258
vt 0.634766 0.897949
vt 0.623047 0.860718
vt 0.615723 0.829956
vt 0.623535 0.830078
vt 0.622559 0.811157
vt 0.615234 0.811279
vt 0.621582 0.799561
vt 0.614746 0.799805
vt 0.587891 0.916504
vt 0.578613 0.915283
vt 0.559570 0.865479
vt 0.566895 0.841064
vt 0.562500 0.837891
vt 0.571289 0.835327
vt 0.568848 0.830933
vt 0.577637 0.829346
vt 0.577637 0.834473
vt 0.583984 0.835327
vt 0.586426 0.830933
vt 0.593262 0.837891
vt 0.588379 0.841064
vt 0.596191 0.865479
vt 0.334473 0.670898
vt 0.339111 0.695068
vt 0.340332 0.669922
vt 0.333252 0.695557
vt 0.338623 0.710449
vt 0.332275 0.709717
vt 0.338135 0.718750
vt 0.330811 0.718018
vt 0.353516 0.695068
vt 0.352783 0.669922
vt 0.353271 0.710205
vt 0.353271 0.718506
vt 0.338379 0.736084
vt 0.353271 0.736084
vt 0.868652 0.986313
vt 0.884766 0.996658
vt 0.868652 0.996658
vt 0.884766 0.986313
vt 0.868652 0.981918
vt 0.884766 0.981934
vt 0.884766 0.977539
vt 0.868652 0.977539
vt 0.868652 0.967194
vt 0.884766 0.967194
vt 0.868652 0.962799
vt 0.884766 0.962799
vt 0.884766 0.958405
vt 0.868652 0.958435
vt 0.884766 0.948059
vt 0.868652 0.948059
vt 0.852051 0.996475
vt 0.867676 0.986130
vt 0.867676 0.996481
vt 0.852051 0.986130
vt 0.867676 0.981750
vt 0.852051 0.981750
vt 0.867676 0.977356
vt 0.852051 0.977356
vt 0.852051 0.967010
vt 0.867676 0.967010
vt 0.852051 0.962616
vt 0.867676 0.962616
vt 0.852051 0.958252
vt 0.867676 0.958252
vt 0.852051 0.947906
vt 0.867676 0.947876
vt 0.976074 0.979355
vt 0.991699 0.994591
vt 0.976074 0.994583
vt 0.991699 0.979370
vt 0.976074 0.971619
vt 0.991699 0.971619
vt 0.991699 0.963898
vt 0.976074 0.963898
vt 0.976074 0.948669
vt 0.991699 0.948669
vt 0.976074 0.940918
vt 0.991699 0.940918
vt 0.991699 0.933167
vt 0.976074 0.933167
vt 0.991699 0.917969
vt 0.976074 0.917969
vt 0.910645 0.865234
vt 0.923340 0.857178
vt 0.925781 0.865234
vt 0.913086 0.857178
vt 0.902832 0.860107
vt 0.908691 0.854248
vt 0.905762 0.849854
vt 0.897949 0.852295
vt 0.905762 0.839600
vt 0.897949 0.837158
vt 0.902832 0.829346
vt 0.908691 0.835205
vt 0.913086 0.832275
vt 0.910645 0.824219
vt 0.925781 0.824219
vt 0.923340 0.832275
vt 0.974121 0.908875
vt 0.986816 0.900818
vt 0.989258 0.908875
vt 0.976562 0.900818
vt 0.966309 0.903687
vt 0.972168 0.897888
vt 0.969238 0.893494
vt 0.961426 0.895935
vt 0.969238 0.883179
vt 0.961426 0.880737
vt 0.966309 0.873047
vt 0.972168 0.878784
vt 0.976562 0.875854
vt 0.974121 0.867798
vt 0.989258 0.867798
vt 0.986816 0.875854
vt 0.401123 0.836914
vt 0.393066 0.837402
vt 0.384277 0.878906
vt 0.391357 0.881958
vt 0.481445 0.836914
vt 0.489502 0.837402
vt 0.498291 0.878845
vt 0.491211 0.881958
vt 0.381104 0.923279
vt 0.366699 0.922668
vt 0.386230 0.926025
vt 0.391846 0.940186
vt 0.386719 0.942444
vt 0.383301 0.944885
vt 0.385010 0.959900
vt 0.314941 0.854126
vt 0.333252 0.845459
vt 0.319580 0.846069
vt 0.323975 0.826782
vt 0.354980 0.858521
vt 0.334717 0.828125
vt 0.324707 0.807861
vt 0.346924 0.845093
vt 0.362549 0.843628
vt 0.364746 0.857666
vt 0.345947 0.827637
vt 0.360107 0.826294
vt 0.334473 0.807861
vt 0.324707 0.796265
vt 0.346191 0.807251
vt 0.357666 0.806396
vt 0.334473 0.796021
vt 0.324219 0.789307
vt 0.333008 0.789062
vt 0.323975 0.782959
vt 0.332275 0.782715
vt 0.321289 0.788208
vt 0.317871 0.781982
vt 0.321289 0.794678
vt 0.321289 0.807251
vt 0.320557 0.825317
vt 0.316650 0.845215
vt 0.312744 0.850708
vt 0.258301 0.880798
vt 0.264404 0.875610
vt 0.251221 0.873291
vt 0.257080 0.867554
vt 0.246216 0.863403
vt 0.243530 0.870361
vt 0.160522 0.787476
vt 0.140503 0.782715
vt 0.129395 0.782959
vt 0.278320 0.848022
vt 0.260742 0.846436
vt 0.270020 0.864136
vt 0.279053 0.869995
vt 0.298096 0.846558
vt 0.284424 0.878357
vt 0.308105 0.837769
vt 0.306396 0.806519
vt 0.307129 0.793945
vt 0.295654 0.801147
vt 0.295654 0.790039
vt 0.307129 0.786621
vt 0.295654 0.783569
vt 0.307129 0.780151
vt 0.295410 0.777710
vt 0.301758 0.898193
vt 0.286865 0.899597
vt 0.265869 0.917725
vt 0.264404 0.910767
vt 0.328857 0.898376
vt 0.348389 0.883179
vt 0.346924 0.899658
vt 0.328613 0.924500
vt 0.343262 0.926819
vt 0.320801 0.963013
vt 0.335449 0.965881
vt 0.306641 0.924744
vt 0.308350 0.962677
vt 0.294678 0.926208
vt 0.292236 0.968353
vt 0.278320 0.939423
vt 0.270020 0.954529
vt 0.222412 0.874268
vt 0.247681 0.851685
vt 0.240845 0.849609
vt 0.220215 0.868042
vt 0.214966 0.872925
vt 0.216064 0.866821
vt 0.197388 0.858643
vt 0.206055 0.858643
vt 0.205933 0.855591
vt 0.196411 0.853638
vt 0.225830 0.825195
vt 0.227417 0.833130
vt 0.231689 0.826782
vt 0.231812 0.834473
vt 0.250244 0.842651
vt 0.239868 0.845093
vt 0.277588 0.797852
vt 0.280273 0.822388
vt 0.283447 0.802246
vt 0.273438 0.825928
vt 0.254639 0.799561
vt 0.252197 0.822144
vt 0.233887 0.811646
vt 0.234985 0.802612
vt 0.549316 0.863525
vt 0.545410 0.909607
vt 0.537598 0.906189
vt 0.557617 0.865356
vt 0.561035 0.832153
vt 0.554688 0.825195
vt 0.567871 0.824341
vt 0.564941 0.806885
vt 0.577637 0.805908
vt 0.577637 0.823364
vt 0.587402 0.824341
vt 0.590820 0.806763
vt 0.601074 0.825195
vt 0.594238 0.832153
vt 0.606445 0.863525
vt 0.598145 0.865356
vt 0.610352 0.909607
vt 0.618164 0.906189
vt 0.362549 0.750000
vt 0.364258 0.763916
vt 0.956055 0.994595
vt 0.940430 0.994579
vt 0.940430 0.979355
vt 0.956055 0.979370
vt 0.956055 0.971619
vt 0.940430 0.971619
vt 0.940430 0.963898
vt 0.956055 0.963898
vt 0.940430 0.948669
vt 0.956055 0.948669
vt 0.956055 0.940918
vt 0.940430 0.940918
vt 0.940430 0.933167
vt 0.956055 0.933167
vt 0.956055 0.917969
vt 0.940430 0.917969
vt 0.938965 0.994324
vt 0.923340 0.994312
vt 0.923340 0.979095
vt 0.938965 0.979095
vt 0.938965 0.971359
vt 0.923340 0.971344
vt 0.938965 0.963623
vt 0.923340 0.963623
vt 0.923340 0.948395
vt 0.938965 0.948395
vt 0.923340 0.940643
vt 0.938965 0.940643
vt 0.923340 0.932922
vt 0.938965 0.932922
vt 0.938965 0.917664
vt 0.923340 0.917664
vt 0.958008 0.994587
vt 0.973633 0.979370
vt 0.973633 0.994591
vt 0.958008 0.979370
vt 0.958008 0.971619
vt 0.973633 0.971619
vt 0.973633 0.963898
vt 0.958008 0.963898
vt 0.958008 0.948669
vt 0.973633 0.948669
vt 0.958008 0.940918
vt 0.973633 0.940918
vt 0.973633 0.933167
vt 0.958008 0.933167
vt 0.958008 0.917969
vt 0.973633 0.917969
vt 0.834961 0.986130
vt 0.850586 0.996487
vt 0.834961 0.996479
vt 0.850586 0.986137
vt 0.850586 0.981750
vt 0.834961 0.981750
vt 0.850586 0.977356
vt 0.834961 0.977356
vt 0.834961 0.967010
vt 0.850586 0.967010
vt 0.834961 0.962646
vt 0.850586 0.962616
vt 0.834961 0.958252
vt 0.850586 0.958221
vt 0.850586 0.947876
vt 0.834961 0.947906
vt 0.926270 0.908875
vt 0.913574 0.900818
vt 0.923828 0.900818
vt 0.911133 0.908875
vt 0.903320 0.903687
vt 0.909180 0.897888
vt 0.897949 0.895935
vt 0.906250 0.893494
vt 0.906250 0.883179
vt 0.897949 0.880737
vt 0.909180 0.878784
vt 0.903320 0.873047
vt 0.913574 0.875854
vt 0.911133 0.867798
vt 0.926270 0.867798
vt 0.923828 0.875854
vt 0.878906 0.900818
vt 0.866211 0.908875
vt 0.868652 0.900818
vt 0.881348 0.908875
vt 0.889160 0.903687
vt 0.883301 0.897888
vt 0.894531 0.895935
vt 0.886230 0.893494
vt 0.886230 0.883179
vt 0.894531 0.880737
vt 0.883301 0.878784
vt 0.889160 0.873047
vt 0.878906 0.875854
vt 0.881348 0.867798
vt 0.866211 0.867798
vt 0.868652 0.875854
vt 0.989258 0.865234
vt 0.976562 0.857178
vt 0.986816 0.857178
vt 0.974121 0.865234
vt 0.966309 0.860107
vt 0.972168 0.854248
vt 0.961426 0.852295
vt 0.969238 0.849854
vt 0.969238 0.839478
vt 0.961426 0.837036
vt 0.972168 0.835083
vt 0.966309 0.829346
vt 0.976562 0.832153
vt 0.974121 0.824219
vt 0.989258 0.824219
vt 0.986816 0.832153
vt 0.389648 0.917114
vt 0.406250 0.912048
vt 0.408447 0.892578
vt 0.420166 0.908081
vt 0.409180 0.882629
vt 0.423340 0.890930
vt 0.428223 0.890808
vt 0.426025 0.908081
vt 0.424561 0.882568
vt 0.441406 0.891479
vt 0.441406 0.909241
vt 0.456543 0.908020
vt 0.429199 0.882507
vt 0.454346 0.890808
vt 0.462402 0.908081
vt 0.441406 0.882935
vt 0.430420 0.874390
vt 0.426025 0.874634
vt 0.410400 0.872803
vt 0.426025 0.854004
vt 0.409912 0.853271
vt 0.430420 0.854004
vt 0.409180 0.837402
vt 0.425781 0.838501
vt 0.409424 0.824463
vt 0.426025 0.825562
vt 0.406982 0.807861
vt 0.425537 0.808838
vt 0.430176 0.838623
vt 0.430420 0.825684
vt 0.430176 0.808838
vt 0.441406 0.853760
vt 0.441406 0.824829
vt 0.441406 0.808350
vt 0.452637 0.808838
vt 0.441406 0.838135
vt 0.452393 0.825684
vt 0.457275 0.808838
vt 0.452393 0.838623
vt 0.456787 0.825562
vt 0.473145 0.824463
vt 0.475830 0.807861
vt 0.473389 0.837402
vt 0.457031 0.838501
vt 0.472900 0.853271
vt 0.452148 0.854004
vt 0.456543 0.854004
vt 0.472168 0.872803
vt 0.441406 0.874390
vt 0.452148 0.874390
vt 0.453369 0.882446
vt 0.456543 0.874634
vt 0.458008 0.882568
vt 0.459229 0.890930
vt 0.473389 0.882629
vt 0.474121 0.892517
vt 0.476318 0.912048
vt 0.493164 0.917114
vt 0.448242 0.764771
vt 0.463867 0.780029
vt 0.439941 0.773315
vt 0.455322 0.787598
vt 0.439453 0.789062
vt 0.441895 0.800781
vt 0.430176 0.773193
vt 0.430176 0.801147
vt 0.430176 0.790649
vt 0.196411 0.744629
vt 0.205688 0.760986
vt 0.220093 0.764893
vt 0.237549 0.757935
vt 0.224976 0.776611
vt 0.240723 0.763062
vt 0.244141 0.768921
vt 0.250000 0.778687
vt 0.231567 0.792358
vt 0.133057 0.885193
vt 0.141235 0.879517
vt 0.132568 0.880859
vt 0.143311 0.884033
vt 0.148926 0.864624
vt 0.137939 0.853516
vt 0.129395 0.853638
vt 0.170288 0.782959
vt 0.156494 0.752075
vt 0.177856 0.787964
vt 0.357178 0.785156
vt 0.234131 0.899719
vt 0.217407 0.888428
vt 0.569336 0.909119
vt 0.569336 0.869507
vt 0.577637 0.909180
vt 0.570312 0.841431
vt 0.577637 0.869507
vt 0.577637 0.841309
vt 0.585449 0.841431
vt 0.586426 0.869507
vt 0.586426 0.909119
vt 0.322998 0.722168
vt 0.316650 0.707520
vt 0.314209 0.719482
vt 0.315186 0.734619
vt 0.305176 0.731201
vt 0.295166 0.713135
vt 0.288574 0.725098
vt 0.273926 0.705566
vt 0.297119 0.701172
vt 0.274170 0.693604
vt 0.318359 0.693848
vt 0.298584 0.688965
vt 0.277100 0.682617
vt 0.298828 0.668457
vt 0.319824 0.669434
vt 0.129150 0.867432
vt 0.138062 0.866089
vt 0.199707 0.885864
vt 0.167725 0.896912
vt 0.180298 0.911133
vt 0.185303 0.875366
vt 0.161621 0.899963
vt 0.153809 0.886536
vt 0.085388 0.703857
vt 0.081787 0.710205
vt 0.094971 0.713623
vt 0.072144 0.700439
vt 0.094971 0.706299
vt 0.078430 0.696777
vt 0.108154 0.710205
vt 0.075867 0.687256
vt 0.104492 0.703857
vt 0.068604 0.687256
vt 0.111450 0.696777
vt 0.072327 0.674561
vt 0.117798 0.700439
vt 0.078613 0.677979
vt 0.114014 0.687256
vt 0.081787 0.664551
vt 0.121338 0.687256
vt 0.085449 0.670898
vt 0.117798 0.674072
vt 0.094971 0.668213
vt 0.111450 0.677734
vt 0.094971 0.660889
vt 0.104492 0.670654
vt 0.108154 0.664307
vt 0.211182 0.887268
vt 0.205200 0.931030
vt 0.189087 0.914612
vt 0.070923 0.940735
vt 0.087830 0.944366
vt 0.079407 0.949249
vt 0.082458 0.960846
vt 0.075806 0.932312
vt 0.092224 0.960846
vt 0.059357 0.937622
vt 0.087769 0.977310
vt 0.059357 0.927856
vt 0.079346 0.972427
vt 0.047729 0.940704
vt 0.075745 0.989334
vt 0.042908 0.932251
vt 0.070862 0.980911
vt 0.030823 0.944305
vt 0.059265 0.983994
vt 0.039246 0.949188
vt 0.059265 0.993790
vt 0.026398 0.960754
vt 0.047668 0.980865
vt 0.036102 0.960754
vt 0.042877 0.989479
vt 0.030777 0.977203
vt 0.039215 0.972366
vt 0.113586 0.719482
vt 0.127197 0.705811
vt 0.094971 0.724609
vt 0.132202 0.687256
vt 0.076294 0.719482
vt 0.127197 0.668701
vt 0.062683 0.705811
vt 0.057800 0.687500
vt 0.113586 0.655029
vt 0.063232 0.669678
vt 0.094971 0.649902
vt 0.076599 0.655518
vt 0.292480 0.794556
vt 0.289551 0.830078
vt 0.231323 0.797119
vt 0.273682 0.836670
vt 0.059296 0.960815
vt 0.094971 0.687256
s 1
usemtl Leg
f 1/1/1 2/2/1 3/3/1
f 4/2/2 5/1/2 6/4/2
f 7/1/3 8/2/3 9/4/3
f 10/2/4 11/1/5 12/3/5
f 13/5/6 14/6/7 15/7/7
f 16/6/8 17/8/8 18/7/9
f 19/9/10 20/5/10 21/10/10
f 22/10/11 23/5/11 24/7/11
f 25/11/12 26/8/12 27/12/12
f 28/6/13 29/12/13 30/8/14
f 31/13/15 32/14/15 33/15/15
f 34/14/16 35/13/16 36/16/16
f 37/7/17 38/6/17 39/5/17
f 40/6/18 41/7/19 42/8/19
f 43/10/20 44/5/20 45/9/21
f 46/5/22 47/10/22 48/7/22
f 49/12/23 50/6/24 51/8/23
f 52/12/25 53/8/25 54/11/25
f 55/14/26 56/13/26 57/15/27
f 58/13/16 59/14/16 60/16/16
f 61/17/28 62/18/28 63/19/28
f 64/20/29 65/21/30 66/22/30
f 67/23/31 68/22/32 69/24/33
f 70/22/34 71/23/34 72/20/34
f 73/24/35 74/25/35 75/23/35
f 76/25/36 77/24/36 78/26/36
f 79/25/37 80/26/37 81/27/38
f 82/27/39 83/26/39 84/28/39
f 85/29/40 86/30/41 87/31/41
f 88/31/42 89/32/42 90/29/42
f 91/31/43 92/30/44 93/18/43
f 94/18/45 95/30/45 96/19/45
f 97/17/46 98/19/46 99/18/46
f 100/20/47 101/22/47 102/21/47
f 103/23/48 104/22/48 105/20/48
f 106/22/49 107/23/49 108/24/50
f 109/23/51 110/25/51 111/24/51
f 112/25/52 113/26/52 114/24/52
f 115/25/53 116/27/54 117/26/55
f 118/27/56 119/28/57 120/26/58
f 121/29/59 122/31/60 123/30/60
f 124/31/61 125/29/62 126/32/62
f 127/30/63 128/31/63 129/18/63
f 130/18/64 131/19/64 132/30/64
f 133/33/65 134/34/65 135/35/65
f 136/34/66 137/33/66 138/36/66
f 139/37/67 140/38/68 141/39/68
f 142/38/69 143/37/69 144/40/69
f 145/41/70 146/42/70 147/43/70
f 148/42/71 149/41/72 150/44/72
f 151/45/73 152/46/73 153/47/73
f 154/46/74 155/45/75 156/48/74
f 157/49/76 158/50/76 159/51/76
f 160/49/77 161/51/77 162/50/77
f 163/52/78 164/53/78 165/54/78
f 166/53/79 167/52/79 168/55/79
f 169/56/80 170/55/81 171/57/81
f 172/55/82 173/56/82 174/53/82
f 175/58/83 176/59/83 177/60/84
f 178/59/85 179/58/85 180/61/85
f 181/62/86 182/63/87 183/64/88
f 184/65/89 185/66/89 186/67/89
f 187/67/90 188/66/91 189/68/92
f 190/69/93 191/65/94 192/67/93
f 193/65/95 194/69/95 195/70/95
f 196/71/96 197/72/96 198/73/96
f 199/74/97 200/75/98 201/76/99
f 202/75/100 203/74/101 204/77/100
f 205/78/102 206/68/103 207/66/102
f 208/68/104 209/78/105 210/79/104
f 211/78/106 212/76/107 213/79/107
f 214/76/108 215/78/108 216/74/108
f 217/80/109 218/81/109 219/82/109
f 220/81/110 221/80/111 222/83/111
f 223/84/112 224/85/112 225/86/112
f 226/85/113 227/84/113 228/87/113
f 229/86/114 230/88/114 231/84/114
f 232/88/115 233/89/115 234/84/115
f 235/90/116 236/91/117 237/92/117
f 238/92/118 239/91/118 240/93/118
f 241/93/119 242/91/120 243/94/119
f 244/54/121 245/53/121 246/95/121
f 247/53/122 248/96/123 249/95/122
f 250/53/124 251/56/125 252/97/126
f 253/97/127 254/96/128 255/53/127
f 256/98/129 257/99/130 258/100/129
f 259/101/131 260/100/132 261/99/133
f 262/102/134 263/103/135 264/104/135
f 265/103/136 266/102/137 267/105/137
f 268/106/138 269/104/138 270/107/138
f 271/104/139 272/106/139 273/102/139
f 274/108/140 275/105/140 276/70/140
f 277/105/140 278/108/140 279/109/140
f 280/108/141 281/70/141 282/69/141
f 283/69/142 284/110/142 285/108/143
f 286/111/144 287/112/145 288/113/146
f 289/112/147 290/111/147 291/114/145
f 292/114/148 293/115/148 294/112/148
f 295/115/149 296/114/149 297/116/149
f 298/109/150 299/103/151 300/105/151
f 301/103/150 302/109/150 303/117/150
f 304/118/152 305/104/153 306/103/153
f 307/104/154 308/118/154 309/119/154
f 310/119/155 311/120/155 312/104/155
f 313/104/156 314/120/156 315/107/157
f 316/118/158 317/103/158 318/117/158
f 319/117/159 320/121/159 321/118/159
f 322/122/160 323/123/161 324/92/162
f 325/124/163 326/125/163 327/126/163
f 328/127/164 329/126/164 330/125/164
f 331/128/165 332/129/166 333/124/165
f 334/53/167 335/52/167 336/54/167
f 337/52/168 338/53/168 339/55/168
f 340/55/169 341/56/169 342/57/169
f 343/56/170 344/55/170 345/53/170
f 346/59/171 347/58/172 348/60/171
f 349/58/173 350/59/174 351/61/173
f 352/62/175 353/64/176 354/63/177
f 355/66/178 356/67/178 357/68/178
f 358/67/179 359/66/179 360/65/179
f 361/69/180 362/67/180 363/65/180
f 364/69/181 365/65/181 366/70/182
f 367/71/183 368/73/183 369/72/183
f 370/75/184 371/74/185 372/76/186
f 373/74/187 374/75/187 375/77/187
f 376/78/188 377/68/188 378/79/188
f 379/68/189 380/78/189 381/66/189
f 382/76/190 383/78/190 384/79/190
f 385/78/191 386/76/191 387/74/191
f 388/80/192 389/81/192 390/83/193
f 391/81/194 392/80/194 393/82/194
f 394/84/195 395/85/196 396/87/196
f 397/85/197 398/84/198 399/86/197
f 400/84/199 401/88/199 402/86/199
f 403/88/200 404/84/200 405/89/200
f 406/90/201 407/92/201 408/91/201
f 409/92/202 410/93/202 411/91/202
f 412/93/119 413/94/119 414/91/119
f 415/54/203 416/95/203 417/53/203
f 418/53/204 419/95/204 420/96/204
f 421/53/205 422/97/206 423/56/207
f 424/97/208 425/53/208 426/96/208
f 427/100/209 428/101/209 429/99/209
f 430/100/210 431/99/210 432/98/210
f 433/103/211 434/102/212 435/104/212
f 436/102/213 437/103/213 438/105/213
f 439/104/214 440/106/214 441/107/214
f 442/106/215 443/104/216 444/102/216
f 445/105/217 446/108/217 447/70/217
f 448/108/217 449/105/217 450/109/217
f 451/70/218 452/108/219 453/69/218
f 454/110/220 455/69/221 456/108/220
f 457/111/222 458/112/223 459/114/222
f 460/112/223 461/111/222 462/113/223
f 463/115/224 464/114/224 465/112/224
f 466/114/225 467/115/225 468/116/225
f 469/103/226 470/109/226 471/105/227
f 472/109/228 473/103/228 474/117/228
f 475/118/229 476/104/230 477/119/230
f 478/104/231 479/118/231 480/103/231
f 481/120/232 482/119/233 483/104/233
f 484/104/234 485/107/234 486/120/234
f 487/118/235 488/117/236 489/103/237
f 490/117/238 491/118/238 492/121/238
f 493/122/239 494/92/240 495/123/241
f 496/126/242 497/127/242 498/125/243
f 499/126/244 500/125/244 501/124/244
f 502/128/245 503/124/245 504/129/245
f 505/130/246 506/131/247 507/132/248
f 506/131/247 505/130/246 508/133/249
f 509/134/250 510/2/250 511/4/250
f 510/2/250 509/134/250 512/135/250
f 513/136/251 514/137/252 515/138/251
f 513/136/251 516/139/251 514/137/252
f 517/140/253 518/136/254 519/138/253
f 517/140/253 519/138/253 520/141/253
f 521/142/255 522/143/256 523/144/255
f 522/143/256 521/142/255 524/145/257
f 525/134/250 526/2/250 527/135/250
f 526/2/250 525/134/250 528/4/250
f 529/136/258 530/137/259 531/139/260
f 529/136/258 532/138/258 530/137/259
f 533/140/254 534/138/261 535/136/253
f 534/138/261 533/140/254 536/141/261
f 537/143/256 538/142/255 539/144/255
f 538/142/255 537/143/256 540/145/256
f 541/146/262 542/147/262 543/148/262
f 542/147/262 541/146/262 544/149/262
f 545/16/263 546/148/264 547/14/265
f 546/148/264 545/16/263 548/146/264
f 549/147/266 550/149/267 551/150/268
f 549/147/266 551/150/268 552/151/268
f 553/152/269 554/153/270 555/154/271
f 553/152/269 555/154/271 556/155/272
f 557/156/273 558/157/274 559/158/275
f 560/159/276 559/158/275 558/157/274
f 561/146/262 562/147/262 563/149/262
f 562/147/262 561/146/262 564/148/262
f 565/16/265 566/148/264 567/146/277
f 566/148/264 565/16/265 568/14/265
f 569/149/267 570/147/268 571/150/268
f 571/150/268 570/147/268 572/151/268
f 573/160/278 574/161/279 575/162/280
f 576/163/281 573/160/278 575/162/280
f 577/164/282 578/165/283 579/166/284
f 580/167/285 578/165/283 577/164/282
f 581/168/286 582/169/287 583/170/288
f 582/169/287 581/168/286 584/171/287
f 585/168/288 586/169/289 587/171/289
f 586/169/289 585/168/288 588/170/286
f 589/56/290 590/172/291 591/173/292
f 590/172/291 589/56/290 592/57/293
f 593/174/294 594/175/295 595/176/296
f 593/174/294 595/176/296 596/177/297
f 597/122/298 598/178/299 599/179/300
f 597/122/298 600/92/301 598/178/299
f 601/89/302 602/80/303 603/82/304
f 602/80/303 601/89/302 604/88/305
f 605/180/306 606/95/307 607/181/306
f 606/95/307 605/180/306 608/54/308
f 609/97/309 610/173/310 611/182/311
f 610/173/310 609/97/309 612/56/312
f 613/183/313 614/101/314 615/184/315
f 614/101/314 616/99/316 615/184/315
f 617/185/317 618/186/318 619/187/319
f 618/186/318 617/185/317 620/188/320
f 621/189/321 622/187/322 623/190/323
f 622/187/322 621/189/321 624/185/324
f 625/191/325 626/186/326 627/188/327
f 626/186/326 625/191/325 628/192/326
f 629/189/328 630/190/329 631/99/330
f 632/184/329 631/99/330 630/190/329
f 633/192/331 634/193/332 635/194/331
f 634/193/332 633/192/331 636/191/333
f 637/195/334 638/125/335 639/196/336
f 638/125/335 637/195/334 640/127/337
f 641/125/338 642/197/339 643/196/340
f 642/197/339 641/125/338 644/124/341
f 645/198/342 646/124/343 647/129/344
f 646/124/343 645/198/342 648/197/345
f 649/56/346 650/173/347 651/172/348
f 651/172/348 652/57/349 649/56/346
f 653/175/350 654/174/351 655/176/352
f 655/176/352 654/174/351 656/177/353
f 657/122/354 658/179/355 659/178/356
f 657/122/354 659/178/356 660/92/357
f 661/89/358 662/82/359 663/80/360
f 661/89/358 663/80/360 664/88/361
f 665/180/306 666/95/362 667/54/363
f 666/95/362 665/180/306 668/181/306
f 669/97/364 670/182/365 671/173/366
f 671/173/366 672/56/367 669/97/364
f 673/183/368 674/184/369 675/101/370
f 675/101/370 674/184/369 676/99/371
f 677/185/372 678/186/373 679/188/374
f 678/186/373 677/185/372 680/187/375
f 681/187/376 682/189/377 683/190/378
f 682/189/377 681/187/376 684/185/379
f 685/186/326 686/191/380 687/188/381
f 686/191/380 685/186/326 688/192/326
f 689/99/382 690/184/329 691/190/329
f 689/99/382 691/190/329 692/189/383
f 693/192/384 694/193/385 695/191/386
f 694/193/385 693/192/384 696/194/384
f 697/195/334 698/125/387 699/127/388
f 698/125/387 697/195/334 700/196/336
f 701/197/389 702/125/390 703/196/391
f 702/125/390 701/197/389 704/124/392
f 705/198/342 706/124/393 707/197/345
f 706/124/393 705/198/342 708/129/344
f 709/3/250 710/1/250 711/199/250
f 711/199/250 710/1/250 712/200/250
f 711/199/250 712/200/250 713/201/250
f 712/200/250 714/202/394 713/201/250
f 714/202/394 712/200/250 715/203/395
f 715/203/395 716/143/396 714/202/394
f 716/143/396 715/203/395 717/145/396
f 718/204/397 719/205/398 720/206/399
f 720/206/399 721/207/400 718/204/397
f 721/207/400 720/206/399 722/208/401
f 721/207/400 722/208/401 723/209/402
f 721/207/400 723/209/402 724/210/403
f 723/209/402 725/211/404 724/210/403
f 725/211/404 723/209/402 726/212/405
f 726/212/405 727/213/406 725/211/404
f 727/213/406 726/212/405 728/214/407
f 725/211/404 727/213/406 729/215/408
f 730/216/409 729/215/408 727/213/406
f 730/216/409 727/213/406 731/217/409
f 732/218/410 733/219/411 734/220/412
f 732/218/410 734/220/412 735/221/413
f 735/221/413 734/220/412 736/222/414
f 735/221/413 736/222/414 737/223/415
f 737/223/415 736/222/414 738/224/416
f 737/223/415 738/224/416 739/225/417
f 739/225/417 738/224/416 740/226/418
f 739/225/417 740/226/418 741/227/419
f 741/227/419 740/226/418 742/228/420
f 741/227/419 742/228/420 743/229/421
f 743/229/421 742/228/420 744/230/422
f 743/229/421 744/230/422 745/231/423
f 745/231/423 744/230/422 746/232/424
f 745/231/423 746/232/424 747/233/425
f 747/233/425 746/232/424 748/234/426
f 747/233/425 748/234/426 749/235/427
f 749/235/427 748/234/426 750/236/428
f 749/235/427 750/236/428 751/237/429
f 752/238/430 751/237/429 750/236/428
f 752/238/430 753/239/431 751/237/429
f 754/240/432 753/239/431 752/238/430
f 753/239/431 754/240/432 755/241/433
f 754/240/432 756/242/434 755/241/433
f 756/242/434 754/240/432 757/243/435
f 758/244/436 759/10/437 760/7/438
f 758/244/436 760/7/438 761/245/439
f 761/245/439 760/7/438 762/8/440
f 761/245/439 762/8/440 763/246/441
f 763/246/441 762/8/440 764/11/442
f 763/246/441 764/11/442 765/247/443
f 766/248/444 767/249/445 768/250/446
f 767/249/445 769/19/447 768/250/446
f 768/250/446 769/19/447 770/17/448
f 771/251/449 772/252/449 773/253/450
f 771/251/449 773/253/450 774/254/451
f 775/255/452 774/254/451 773/253/450
f 774/254/451 775/255/452 776/256/452
f 775/255/452 777/257/453 776/256/452
f 778/258/453 777/257/453 775/255/452
f 779/259/454 777/257/453 778/258/453
f 777/257/453 779/259/454 780/260/455
f 781/261/456 780/260/455 779/259/454
f 780/260/455 781/261/456 782/262/457
f 782/262/457 781/261/456 783/263/458
f 783/263/458 781/261/456 784/264/459
f 784/264/459 785/265/460 783/263/458
f 785/265/460 784/264/459 786/266/460
f 787/267/460 788/268/460 789/269/461
f 789/269/461 790/270/462 787/267/460
f 791/271/463 790/270/462 789/269/461
f 790/270/462 791/271/463 792/272/464
f 793/273/465 792/272/464 791/271/463
f 792/272/464 793/273/465 794/274/466
f 795/275/467 794/274/466 793/273/465
f 794/274/466 795/275/467 796/276/468
f 796/276/468 795/275/467 797/277/469
f 797/277/469 795/275/467 798/278/470
f 797/277/469 798/278/470 799/279/471
f 800/280/472 799/279/471 798/278/470
f 800/280/472 801/281/449 799/279/471
f 801/281/449 800/280/472 802/282/449
f 803/283/473 804/284/473 805/285/473
f 804/284/473 806/286/473 805/285/473
f 807/287/473 805/285/473 806/286/473
f 807/287/473 806/286/473 808/288/473
f 809/289/473 807/287/473 808/288/473
f 807/287/473 809/289/473 810/290/473
f 811/291/473 810/290/473 809/289/473
f 810/290/473 811/291/473 812/292/473
f 812/292/473 811/291/473 813/293/473
f 811/291/473 814/294/473 813/293/473
f 815/295/473 813/293/473 814/294/473
f 813/293/473 815/295/473 816/296/473
f 817/297/473 816/296/473 815/295/473
f 816/296/473 817/297/473 818/298/473
f 819/299/474 820/300/475 821/301/476
f 820/300/475 822/302/477 821/301/476
f 823/303/474 821/301/476 822/302/477
f 823/303/474 822/302/477 824/304/474
f 825/305/474 823/303/474 824/304/474
f 823/303/474 825/305/474 826/306/477
f 827/307/474 826/306/477 825/305/474
f 826/306/477 827/307/474 828/308/478
f 828/308/478 827/307/474 829/309/479
f 827/307/474 830/310/480 829/309/479
f 831/311/480 829/309/479 830/310/480
f 829/309/479 831/311/480 832/312/480
f 833/313/481 832/312/480 831/311/480
f 832/312/480 833/313/481 834/314/477
f 835/315/482 836/316/482 837/317/482
f 836/316/482 838/318/482 837/317/482
f 839/319/482 837/317/482 838/318/482
f 839/319/482 838/318/482 840/320/482
f 840/320/482 841/321/482 839/319/482
f 841/321/482 840/320/482 842/322/482
f 843/323/482 841/321/482 842/322/482
f 841/321/482 843/323/482 844/324/482
f 845/325/482 844/324/482 843/323/482
f 844/324/482 845/325/482 846/326/483
f 847/327/482 846/326/483 845/325/482
f 846/326/483 847/327/482 848/328/484
f 849/329/482 848/328/484 847/327/482
f 848/328/484 849/329/482 850/330/482
f 851/331/485 852/332/486 853/333/487
f 853/333/487 852/332/486 854/334/488
f 855/335/489 853/333/487 854/334/488
f 854/334/488 856/336/490 855/335/489
f 856/336/490 854/334/488 857/337/491
f 857/337/491 858/49/492 856/336/490
f 858/49/492 857/337/491 859/50/493
f 860/338/494 861/339/495 862/340/496
f 862/340/496 863/341/497 860/338/494
f 863/341/497 862/340/496 864/342/498
f 865/343/499 866/344/499 867/345/500
f 865/343/499 867/345/500 868/346/501
f 869/347/502 868/346/501 867/345/500
f 868/346/501 869/347/502 870/348/503
f 871/70/504 872/105/505 873/102/506
f 873/102/506 874/65/507 871/70/504
f 874/65/507 873/102/506 875/106/508
f 875/106/508 876/349/509 874/65/507
f 877/66/510 874/65/507 876/349/509
f 877/66/510 876/349/509 878/350/511
f 878/350/511 879/351/512 877/66/510
f 879/351/512 880/78/513 877/66/510
f 878/350/511 881/352/514 879/351/512
f 880/78/513 879/351/512 882/74/515
f 883/353/516 879/351/512 881/352/514
f 881/352/514 884/354/517 883/353/516
f 882/74/515 879/351/512 885/355/518
f 883/353/516 885/355/518 879/351/512
f 885/355/518 886/77/519 882/74/515
f 887/356/520 885/355/518 883/353/516
f 886/77/519 885/355/518 887/356/520
f 883/353/516 888/357/521 887/356/520
f 888/357/521 883/353/516 889/358/522
f 883/353/516 884/354/517 889/358/522
f 884/354/517 890/359/523 889/358/522
f 889/358/522 890/359/523 891/360/524
f 888/357/521 889/358/522 891/360/524
f 892/361/525 893/362/526 894/363/527
f 895/364/528 894/363/527 893/362/526
f 895/364/528 896/365/529 894/363/527
f 896/365/529 895/364/528 897/366/530
f 896/365/529 897/366/530 898/367/531
f 898/367/531 897/366/530 899/368/532
f 900/369/533 901/177/534 902/370/535
f 903/371/536 902/370/535 901/177/534
f 902/370/535 903/371/536 904/372/537
f 903/371/536 905/373/538 904/372/537
f 904/372/537 905/373/538 906/374/539
f 905/373/538 907/375/540 906/374/539
f 905/373/538 908/376/541 907/375/540
f 909/105/542 910/70/543 911/102/544
f 912/65/545 911/102/544 910/70/543
f 912/65/545 913/106/546 911/102/544
f 913/106/546 912/65/545 914/349/547
f 914/349/547 912/65/545 915/66/548
f 915/66/548 916/350/549 914/349/547
f 916/350/549 915/66/548 917/351/550
f 917/351/550 915/66/548 918/78/551
f 916/350/549 917/351/550 919/352/552
f 917/351/550 918/78/551 920/74/553
f 917/351/550 921/353/554 919/352/552
f 922/354/555 919/352/552 921/353/554
f 923/355/556 921/353/554 917/351/550
f 917/351/550 920/74/553 923/355/556
f 923/355/556 920/74/553 924/77/557
f 925/356/558 921/353/554 923/355/556
f 924/77/557 925/356/558 923/355/556
f 926/357/559 921/353/554 925/356/558
f 921/353/554 926/357/559 927/358/560
f 922/354/555 921/353/554 927/358/560
f 922/354/555 927/358/560 928/359/561
f 927/358/560 929/360/562 928/359/561
f 926/357/559 929/360/562 927/358/560
f 930/377/563 931/378/564 932/379/565
f 932/379/565 933/380/566 930/377/563
f 934/381/567 933/380/566 932/379/565
f 933/380/566 934/381/567 935/382/568
f 935/382/568 936/383/569 933/380/566
f 935/382/568 934/381/567 937/384/570
f 937/384/570 938/385/571 935/382/568
f 935/382/568 938/385/571 936/383/569
f 939/386/572 936/383/569 938/385/571
f 940/387/573 939/386/572 938/385/571
f 938/385/571 937/384/570 940/387/573
f 941/388/574 942/389/575 943/390/576
f 941/388/574 943/390/576 944/391/577
f 943/390/576 945/392/578 944/391/577
f 944/391/577 945/392/578 946/393/152
f 947/394/579 946/393/152 945/392/578
f 946/393/152 947/394/579 948/395/580
f 947/394/579 949/396/581 948/395/580
f 950/397/582 948/395/580 949/396/581
f 949/396/581 951/398/583 950/397/582
f 950/397/582 951/398/583 952/399/584
f 952/399/584 951/398/583 953/400/585
f 953/400/585 954/401/586 952/399/584
f 954/401/586 953/400/585 955/402/587
f 953/400/585 956/403/588 955/402/587
f 957/404/589 953/400/585 951/398/583
f 956/403/588 953/400/585 957/404/589
f 957/404/589 958/405/590 956/403/588
f 958/405/590 957/404/589 959/406/591
f 959/406/591 957/404/589 960/407/592
f 951/398/583 960/407/592 957/404/589
f 961/396/593 960/407/592 951/398/583
f 960/407/592 962/408/594 959/406/591
f 960/407/592 963/409/595 962/408/594
f 960/407/592 961/396/593 963/409/595
f 964/394/596 963/409/595 961/396/593
f 963/409/595 965/410/597 962/408/594
f 965/410/597 963/409/595 966/411/598
f 963/409/595 964/394/596 966/411/598
f 967/392/599 966/411/598 964/394/596
f 966/411/598 967/392/599 968/412/600
f 968/412/600 965/410/597 966/411/598
f 969/390/601 968/412/600 967/392/599
f 970/413/602 968/412/600 969/390/601
f 965/410/597 968/412/600 970/413/602
f 971/389/603 970/413/602 969/390/601
f 970/413/602 971/389/603 972/414/604
f 970/413/602 972/414/604 973/415/605
f 974/92/606 975/178/607 976/93/608
f 977/179/609 976/93/608 975/178/607
f 976/93/608 977/179/609 978/416/610
f 979/417/611 980/418/612 981/419/613
f 979/417/611 981/419/613 982/420/614
f 983/421/615 982/420/614 981/419/613
f 982/420/614 983/421/615 984/422/616
f 985/423/617 984/422/616 983/421/615
f 984/422/616 985/423/617 986/424/618
f 985/423/617 987/58/619 986/424/618
f 985/423/617 988/60/620 987/58/619
f 989/425/621 990/133/622 991/130/623
f 990/133/622 989/425/621 992/426/624
f 993/427/625 992/426/624 989/425/621
f 992/426/624 993/427/625 994/428/626
f 995/429/627 994/428/626 993/427/625
f 994/428/626 995/429/627 996/430/627
f 997/431/628 996/430/627 995/429/627
f 998/432/628 997/431/628 995/429/627
f 999/433/629 997/431/628 998/432/628
f 997/431/628 999/433/629 1000/434/630
f 1000/434/630 999/433/629 1001/435/631
f 1001/435/631 999/433/629 1002/436/632
f 1001/435/631 1002/436/632 1003/437/633
f 1003/437/633 1002/436/632 1004/438/634
f 1005/439/635 1003/437/633 1004/438/634
f 1005/439/635 1004/438/634 1006/440/635
f 1007/441/636 1005/439/635 1006/440/635
f 1005/439/635 1007/441/636 1008/442/637
f 1009/443/638 1008/442/637 1007/441/636
f 1008/442/637 1009/443/638 1010/444/639
f 1009/443/638 1011/131/640 1010/444/639
f 1011/131/640 1009/443/638 1012/132/641
f 1013/3/250 1014/199/250 1015/1/250
f 1014/199/250 1016/200/250 1015/1/250
f 1014/199/250 1017/201/250 1016/200/250
f 1018/202/394 1016/200/250 1017/201/250
f 1016/200/250 1018/202/394 1019/203/395
f 1020/143/642 1019/203/395 1018/202/394
f 1019/203/395 1020/143/642 1021/145/396
f 1022/139/253 1023/445/254 1024/137/643
f 1025/446/644 1023/445/254 1022/139/253
f 1025/446/644 1026/447/645 1023/445/254
f 1026/447/645 1025/446/644 1027/448/646
f 1028/449/647 1026/447/645 1027/448/646
f 1028/449/647 1027/448/646 1029/450/647
f 1028/449/647 1029/450/647 1030/451/255
f 1031/452/255 1028/449/647 1030/451/255
f 1032/453/648 1033/204/649 1034/205/650
f 1032/453/648 1035/207/651 1033/204/649
f 1035/207/651 1032/453/648 1036/454/652
f 1037/455/653 1035/207/651 1036/454/652
f 1035/207/651 1037/455/653 1038/210/654
f 1039/211/655 1038/210/654 1037/455/653
f 1037/455/653 1040/456/656 1039/211/655
f 1040/456/656 1041/215/657 1039/211/655
f 1041/215/657 1042/457/658 1043/216/659
f 1042/457/658 1041/215/657 1044/458/660
f 1041/215/657 1040/456/656 1044/458/660
f 1045/459/661 1044/458/660 1040/456/656
f 1045/459/661 1046/460/662 1044/458/660
f 1046/460/662 1042/457/658 1044/458/660
f 1047/204/663 1048/206/664 1049/205/665
f 1047/204/663 1050/207/666 1048/206/664
f 1050/207/666 1051/208/667 1048/206/664
f 1050/207/666 1052/209/668 1051/208/667
f 1052/209/668 1050/207/666 1053/210/669
f 1054/211/670 1052/209/668 1053/210/669
f 1052/209/668 1054/211/670 1055/212/671
f 1056/213/672 1055/212/671 1054/211/670
f 1055/212/671 1056/213/672 1057/214/673
f 1056/213/672 1054/211/670 1058/215/674
f 1059/216/675 1056/213/672 1058/215/674
f 1056/213/672 1059/216/675 1060/217/675
f 1061/445/676 1062/139/253 1063/137/253
f 1062/139/253 1061/445/676 1064/446/676
f 1061/445/676 1065/447/677 1064/446/676
f 1064/446/676 1065/447/677 1066/448/678
f 1065/447/677 1067/449/647 1066/448/678
f 1066/448/678 1067/449/647 1068/450/647
f 1067/449/647 1069/451/255 1068/450/647
f 1069/451/255 1067/449/647 1070/452/255
f 1071/453/679 1072/205/680 1073/204/681
f 1074/207/682 1071/453/679 1073/204/681
f 1071/453/679 1074/207/682 1075/454/683
f 1074/207/682 1076/455/684 1075/454/683
f 1076/455/684 1074/207/682 1077/210/685
f 1078/211/686 1076/455/684 1077/210/685
f 1076/455/684 1078/211/686 1079/456/687
f 1080/215/688 1079/456/687 1078/211/686
f 1081/457/689 1080/215/688 1082/216/690
f 1080/215/688 1081/457/689 1083/458/691
f 1079/456/687 1080/215/688 1083/458/691
f 1084/459/692 1079/456/687 1083/458/691
f 1083/458/691 1085/460/693 1084/459/692
f 1085/460/693 1083/458/691 1081/457/689
f 1086/220/694 1087/461/695 1088/219/696
f 1087/461/695 1086/220/694 1089/462/697
f 1090/222/698 1089/462/697 1086/220/694
f 1089/462/697 1090/222/698 1091/463/699
f 1091/463/699 1090/222/698 1092/464/700
f 1090/222/698 1093/224/701 1092/464/700
f 1092/464/700 1093/224/701 1094/465/702
f 1095/226/702 1094/465/702 1093/224/701
f 1096/228/703 1094/465/702 1095/226/702
f 1094/465/702 1096/228/703 1097/466/704
f 1097/466/704 1096/228/703 1098/467/705
f 1096/228/703 1099/230/706 1098/467/705
f 1098/467/705 1099/230/706 1100/468/707
f 1101/232/708 1100/468/707 1099/230/706
f 1102/234/709 1100/468/707 1101/232/708
f 1100/468/707 1102/234/709 1103/469/710
f 1103/469/710 1102/234/709 1104/470/711
f 1102/234/709 1105/236/712 1104/470/711
f 1106/238/713 1104/470/711 1105/236/712
f 1104/470/711 1106/238/713 1107/471/714
f 1108/240/715 1107/471/714 1106/238/713
f 1107/471/714 1108/240/715 1109/472/716
f 1108/240/715 1110/473/717 1109/472/716
f 1110/473/717 1108/240/715 1111/243/718
f 1112/218/410 1113/220/719 1114/219/720
f 1113/220/719 1112/218/410 1115/221/413
f 1115/221/413 1116/222/721 1113/220/719
f 1116/222/721 1115/221/413 1117/223/415
f 1117/223/415 1118/224/722 1116/222/721
f 1118/224/722 1117/223/415 1119/225/417
f 1119/225/417 1120/226/418 1118/224/722
f 1120/226/418 1119/225/417 1121/227/419
f 1121/227/419 1122/228/420 1120/226/418
f 1122/228/420 1121/227/419 1123/229/421
f 1123/229/421 1124/230/422 1122/228/420
f 1124/230/422 1123/229/421 1125/231/423
f 1125/231/423 1126/232/424 1124/230/422
f 1126/232/424 1125/231/423 1127/233/16
f 1127/233/16 1128/234/426 1126/232/424
f 1128/234/426 1127/233/16 1129/235/427
f 1129/235/427 1130/236/428 1128/234/426
f 1130/236/428 1129/235/427 1131/237/429
f 1130/236/428 1131/237/429 1132/238/430
f 1133/239/431 1132/238/430 1131/237/429
f 1134/240/432 1132/238/430 1133/239/431
f 1135/241/433 1134/240/432 1133/239/431
f 1136/242/434 1134/240/432 1135/241/433
f 1134/240/432 1136/242/434 1137/243/723
f 1138/461/724 1139/220/725 1140/219/726
f 1139/220/725 1138/461/724 1141/462/727
f 1141/462/727 1142/222/728 1139/220/725
f 1142/222/728 1141/462/727 1143/463/729
f 1143/463/729 1144/464/730 1142/222/728
f 1142/222/728 1144/464/730 1145/224/731
f 1145/224/731 1144/464/730 1146/465/732
f 1145/224/731 1146/465/732 1147/226/732
f 1146/465/732 1148/228/733 1147/226/732
f 1148/228/733 1146/465/732 1149/466/733
f 1149/466/733 1150/467/734 1148/228/733
f 1148/228/733 1150/467/734 1151/230/735
f 1151/230/735 1150/467/734 1152/468/736
f 1151/230/735 1152/468/736 1153/232/737
f 1152/468/736 1154/234/738 1153/232/737
f 1154/234/738 1152/468/736 1155/469/739
f 1156/470/740 1154/234/738 1155/469/739
f 1154/234/738 1156/470/740 1157/236/740
f 1156/470/740 1158/238/741 1157/236/740
f 1158/238/741 1156/470/740 1159/471/742
f 1159/471/742 1160/240/743 1158/238/741
f 1160/240/743 1159/471/742 1161/472/744
f 1162/473/745 1160/240/743 1161/472/744
f 1162/473/745 1163/243/746 1160/240/743
f 1164/474/747 1165/475/748 1166/476/749
f 1164/474/747 1167/477/750 1165/475/748
f 1167/477/750 1168/478/751 1165/475/748
f 1168/478/751 1167/477/750 1169/479/752
f 1170/480/753 1168/478/751 1169/479/752
f 1168/478/751 1170/480/753 1171/481/754
f 1172/482/755 1171/481/754 1170/480/753
f 1171/481/754 1172/482/755 1173/483/756
f 1174/484/446 1175/11/757 1176/12/758
f 1174/484/446 1177/247/759 1175/11/757
f 1177/247/759 1174/484/446 1178/485/760
f 1179/486/761 1180/487/762 1181/154/763
f 1179/486/761 1182/488/764 1180/487/762
f 1183/489/765 1180/487/762 1182/488/764
f 1182/488/764 1184/490/766 1183/489/765
f 1185/491/767 1183/489/765 1184/490/766
f 1183/489/765 1185/491/767 1186/492/768
f 1185/491/767 1187/493/769 1186/492/768
f 1187/493/769 1185/491/767 1188/494/770
f 1188/494/770 1189/495/771 1187/493/769
f 1187/493/769 1189/495/771 1190/496/772
f 1190/496/772 1189/495/771 1191/497/773
f 1192/157/774 1190/496/772 1191/497/773
f 1193/476/775 1194/475/776 1195/474/777
f 1196/477/778 1195/474/777 1194/475/776
f 1194/475/776 1197/478/779 1196/477/778
f 1197/478/779 1198/479/780 1196/477/778
f 1197/478/779 1199/480/781 1198/479/780
f 1199/480/781 1197/478/779 1200/481/782
f 1200/481/782 1201/482/783 1199/480/781
f 1200/481/782 1202/483/756 1201/482/783
f 1203/484/784 1204/12/785 1205/11/786
f 1206/247/787 1203/484/784 1205/11/786
f 1203/484/784 1206/247/787 1207/485/788
f 1208/244/789 1209/7/438 1210/10/789
f 1209/7/438 1208/244/789 1211/245/790
f 1209/7/438 1211/245/790 1212/8/440
f 1212/8/440 1211/245/790 1213/246/441
f 1212/8/440 1213/246/441 1214/11/443
f 1214/11/443 1213/246/441 1215/247/443
f 1216/498/791 1217/499/792 1218/500/793
f 1217/499/792 1216/498/791 1219/501/794
f 1219/501/794 1220/502/795 1217/499/792
f 1220/502/795 1219/501/794 1221/503/796
f 1221/503/796 1222/504/797 1220/502/795
f 1222/504/797 1221/503/796 1223/505/798
f 1224/250/784 1225/17/799 1226/19/800
f 1227/249/801 1224/250/784 1226/19/800
f 1228/248/802 1224/250/784 1227/249/801
f 1229/500/803 1230/506/804 1231/507/803
f 1230/506/804 1229/500/803 1232/499/805
f 1232/499/805 1233/508/499 1230/506/804
f 1233/508/499 1232/499/805 1234/502/806
f 1234/502/806 1235/509/807 1233/508/499
f 1235/509/807 1234/502/806 1236/504/807
f 1235/509/807 1236/504/807 1237/510/808
f 1235/509/807 1237/510/808 1238/511/808
f 1239/499/809 1240/498/810 1241/500/811
f 1240/498/810 1239/499/809 1242/501/812
f 1243/502/813 1242/501/812 1239/499/809
f 1242/501/812 1243/502/813 1244/503/814
f 1245/504/815 1244/503/814 1243/502/813
f 1244/503/814 1245/504/815 1246/505/816
f 1247/506/804 1248/500/817 1249/507/803
f 1248/500/817 1247/506/804 1250/499/805
f 1251/508/499 1250/499/805 1247/506/804
f 1250/499/805 1251/508/499 1252/502/806
f 1253/509/807 1252/502/806 1251/508/499
f 1252/502/806 1253/509/807 1254/504/818
f 1253/509/807 1255/510/819 1254/504/818
f 1255/510/819 1253/509/807 1256/511/808
f 1257/512/820 1258/513/460 1259/514/460
f 1258/513/460 1257/512/820 1260/515/821
f 1261/516/822 1260/515/821 1257/512/820
f 1260/515/821 1261/516/822 1262/517/823
f 1262/517/823 1261/516/822 1263/518/824
f 1263/518/824 1261/516/822 1264/519/825
f 1265/520/826 1263/518/824 1264/519/825
f 1263/518/824 1265/520/826 1266/521/827
f 1267/522/828 1266/521/827 1265/520/826
f 1266/521/827 1267/522/828 1268/523/829
f 1268/523/829 1267/522/828 1269/524/830
f 1269/524/830 1267/522/828 1270/525/831
f 1270/525/831 1271/526/449 1269/524/830
f 1271/526/449 1270/525/831 1272/527/449
f 1273/528/832 1274/529/833 1275/530/834
f 1274/529/833 1273/528/832 1276/531/835
f 1276/531/835 1277/532/836 1274/529/833
f 1277/532/836 1276/531/835 1278/533/837
f 1277/532/836 1278/533/837 1279/534/838
f 1280/535/839 1279/534/838 1278/533/837
f 1281/536/840 1279/534/838 1280/535/839
f 1279/534/838 1281/536/840 1282/537/841
f 1283/538/842 1282/537/841 1281/536/840
f 1282/537/841 1283/538/842 1284/539/843
f 1285/540/844 1284/539/843 1283/538/842
f 1284/539/843 1285/540/844 1286/541/845
f 1287/542/846 1286/541/845 1285/540/844
f 1286/541/845 1287/542/846 1288/543/847
f 1289/544/848 1290/545/460 1291/546/460
f 1290/545/460 1289/544/848 1292/547/849
f 1293/548/850 1292/547/849 1289/544/848
f 1292/547/849 1293/548/850 1294/549/850
f 1294/549/850 1293/548/850 1295/550/851
f 1296/551/852 1295/550/851 1293/548/850
f 1297/552/853 1295/550/851 1296/551/852
f 1295/550/851 1297/552/853 1298/553/854
f 1299/554/855 1298/553/854 1297/552/853
f 1298/553/854 1299/554/855 1300/555/856
f 1299/554/855 1301/556/857 1300/555/856
f 1301/556/857 1299/554/855 1302/557/858
f 1302/557/858 1303/558/449 1301/556/857
f 1303/558/449 1302/557/858 1304/559/449
f 1305/560/859 1306/561/859 1307/562/859
f 1306/561/859 1305/560/859 1308/563/859
f 1309/564/859 1308/563/859 1305/560/859
f 1308/563/859 1309/564/859 1310/565/859
f 1311/566/859 1310/565/859 1309/564/859
f 1312/567/859 1311/566/859 1309/564/859
f 1311/566/859 1312/567/859 1313/568/859
f 1313/568/859 1312/567/859 1314/569/859
f 1315/570/859 1313/568/859 1314/569/859
f 1313/568/859 1315/570/859 1316/571/859
f 1315/570/859 1317/572/859 1316/571/859
f 1315/570/859 1318/573/859 1317/572/859
f 1319/574/859 1317/572/859 1318/573/859
f 1317/572/859 1319/574/859 1320/575/859
f 1321/576/860 1322/577/861 1323/578/862
f 1322/577/861 1321/576/860 1324/579/861
f 1325/580/863 1324/579/861 1321/576/860
f 1324/579/861 1325/580/863 1326/581/864
f 1327/582/865 1326/581/864 1325/580/863
f 1328/583/862 1327/582/865 1325/580/863
f 1327/582/865 1328/583/862 1329/584/865
f 1329/584/865 1328/583/862 1330/585/866
f 1331/586/862 1329/584/865 1330/585/866
f 1329/584/865 1331/586/862 1332/587/862
f 1331/586/862 1333/588/863 1332/587/862
f 1331/586/862 1334/589/861 1333/588/863
f 1335/590/860 1333/588/863 1334/589/861
f 1333/588/863 1335/590/860 1336/591/863
f 1337/39/867 1338/592/868 1339/37/869
f 1338/592/868 1337/39/867 1340/593/870
f 1340/593/870 1341/33/871 1338/592/868
f 1340/593/870 1342/36/872 1341/33/871
f 1343/594/873 1344/161/874 1345/160/875
f 1344/161/874 1343/594/873 1346/595/876
f 1347/38/877 1346/595/876 1343/594/873
f 1346/595/876 1347/38/877 1348/40/878
f 1349/596/879 1350/48/880 1351/45/881
f 1350/48/880 1349/596/879 1352/597/882
f 1349/596/879 1353/41/883 1352/597/882
f 1354/43/884 1352/597/882 1353/41/883
f 1355/598/885 1356/164/886 1357/166/887
f 1357/166/887 1358/599/888 1355/598/885
f 1358/599/888 1359/46/889 1355/598/885
f 1359/46/889 1358/599/888 1360/47/890
f 1361/331/485 1362/333/891 1363/332/486
f 1362/333/891 1364/334/892 1363/332/486
f 1365/335/893 1364/334/892 1362/333/891
f 1364/334/892 1365/335/893 1366/336/894
f 1367/337/895 1364/334/892 1366/336/894
f 1368/49/896 1367/337/895 1366/336/894
f 1367/337/895 1368/49/896 1369/50/897
f 1370/170/898 1371/600/899 1372/601/900
f 1371/600/899 1370/170/898 1373/169/901
f 1371/600/899 1373/169/901 1374/602/902
f 1373/169/901 1375/603/903 1374/602/902
f 1375/603/903 1373/169/901 1376/604/904
f 1376/604/904 1377/338/905 1375/603/903
f 1377/338/905 1376/604/904 1378/339/906
f 1379/339/907 1380/605/908 1381/606/909
f 1380/605/908 1379/339/907 1382/604/910
f 1382/604/910 1383/171/911 1380/605/908
f 1383/171/911 1382/604/910 1384/169/911
f 1385/600/912 1386/170/898 1387/601/900
f 1386/170/898 1385/600/912 1388/169/913
f 1385/600/912 1389/602/914 1388/169/913
f 1390/603/915 1388/169/913 1389/602/914
f 1388/169/913 1390/603/915 1391/604/916
f 1392/338/917 1391/604/916 1390/603/915
f 1391/604/916 1392/338/917 1393/339/918
f 1394/338/919 1395/340/920 1396/339/921
f 1397/341/922 1395/340/920 1394/338/919
f 1395/340/920 1397/341/922 1398/342/923
f 1399/343/499 1400/345/924 1401/344/499
f 1400/345/924 1399/343/499 1402/346/501
f 1402/346/501 1403/347/925 1400/345/924
f 1403/347/925 1402/346/501 1404/348/503
f 1405/605/926 1406/339/927 1407/606/928
f 1406/339/927 1405/605/926 1408/604/929
f 1409/171/930 1408/604/929 1405/605/926
f 1408/604/929 1409/171/930 1410/169/930
f 1411/58/931 1412/424/932 1413/61/933
f 1412/424/932 1414/607/934 1413/61/933
f 1415/422/935 1414/607/934 1412/424/932
f 1416/608/936 1414/607/934 1415/422/935
f 1414/607/934 1416/608/936 1417/609/937
f 1418/420/938 1416/608/936 1415/422/935
f 1416/608/936 1419/610/939 1417/609/937
f 1420/611/940 1418/420/938 1421/417/941
f 1419/610/939 1416/608/936 1422/612/942
f 1422/612/942 1423/613/943 1419/610/939
f 1416/608/936 1418/420/938 1424/614/944
f 1424/614/944 1418/420/938 1420/611/940
f 1424/614/944 1422/612/942 1416/608/936
f 1420/611/940 1425/615/945 1424/614/944
f 1425/615/945 1420/611/940 1426/616/945
f 1422/612/942 1424/614/944 1427/617/946
f 1425/615/945 1427/617/946 1424/614/944
f 1427/617/946 1425/615/945 1428/618/947
f 1423/613/943 1422/612/942 1429/619/948
f 1427/617/946 1429/619/948 1422/612/942
f 1429/619/948 1430/620/949 1423/613/943
f 1429/619/948 1427/617/946 1431/621/950
f 1428/618/947 1431/621/950 1427/617/946
f 1431/621/950 1428/618/947 1432/622/951
f 1431/621/950 1433/623/952 1429/619/948
f 1430/620/949 1429/619/948 1433/623/952
f 1433/623/952 1434/624/953 1430/620/949
f 1433/623/952 1431/621/950 1435/57/954
f 1432/622/951 1435/57/954 1431/621/950
f 1435/57/954 1432/622/951 1436/172/955
f 1437/55/956 1433/623/952 1435/57/954
f 1433/623/952 1437/55/956 1438/625/957
f 1434/624/953 1433/623/952 1438/625/957
f 1438/625/957 1439/626/958 1434/624/953
f 1437/55/956 1440/627/959 1438/625/957
f 1439/626/958 1438/625/957 1440/627/959
f 1440/627/959 1437/55/956 1441/52/960
f 1442/628/961 1443/626/962 1444/629/963
f 1443/626/962 1442/628/961 1445/624/964
f 1446/630/965 1445/624/964 1442/628/961
f 1445/624/964 1446/630/965 1447/620/966
f 1448/631/967 1447/620/966 1446/630/965
f 1447/620/966 1448/631/967 1449/613/968
f 1450/632/969 1449/613/968 1448/631/967
f 1449/613/968 1450/632/969 1451/610/970
f 1450/632/969 1452/633/971 1451/610/970
f 1453/609/972 1451/610/970 1452/633/971
f 1452/633/971 1454/607/973 1453/609/972
f 1454/607/973 1452/633/971 1455/634/974
f 1455/634/974 1456/61/975 1454/607/973
f 1456/61/975 1455/634/974 1457/59/976
f 1458/87/977 1459/635/978 1460/85/979
f 1459/635/978 1458/87/977 1461/636/980
f 1461/636/980 1462/637/981 1459/635/978
f 1462/637/981 1461/636/980 1463/638/982
f 1464/639/983 1462/637/981 1463/638/982
f 1462/637/981 1464/639/983 1465/640/984
f 1466/377/985 1467/379/986 1468/378/987
f 1469/380/988 1467/379/986 1466/377/985
f 1469/380/988 1470/381/989 1467/379/986
f 1470/381/989 1469/380/988 1471/382/990
f 1470/381/989 1471/382/990 1472/384/991
f 1471/382/990 1469/380/988 1473/383/992
f 1474/385/993 1472/384/991 1471/382/990
f 1471/382/990 1473/383/992 1474/385/993
f 1472/384/991 1474/385/993 1475/387/994
f 1476/386/995 1475/387/994 1474/385/993
f 1476/386/995 1474/385/993 1473/383/992
f 1477/176/996 1478/371/997 1479/177/998
f 1478/371/997 1477/176/996 1480/641/999
f 1480/641/999 1481/373/1000 1478/371/997
f 1481/373/1000 1480/641/999 1482/642/1001
f 1482/642/1001 1483/376/1002 1481/373/1000
f 1484/100/1003 1482/642/1001 1480/641/999
f 1483/376/1002 1482/642/1001 1485/643/1004
f 1482/642/1001 1486/101/1005 1485/643/1004
f 1484/100/1003 1486/101/1005 1482/642/1001
f 1485/643/1004 1486/101/1005 1487/183/1006
f 1488/644/1007 1489/645/88 1490/646/1008
f 1491/647/1009 1488/644/1007 1490/646/1008
f 1488/644/1007 1491/647/1009 1492/648/1010
f 1492/648/1010 1491/647/1009 1493/59/1011
f 1494/649/1012 1493/59/1011 1491/647/1009
f 1495/634/1013 1492/648/1010 1493/59/1011
f 1492/648/1010 1495/634/1013 1496/633/1014
f 1497/60/1015 1493/59/1011 1494/649/1012
f 1496/633/1014 1498/650/1016 1492/648/1010
f 1498/650/1016 1496/633/1014 1499/632/1017
f 1498/650/1016 1499/632/1017 1500/651/1018
f 1499/632/1017 1501/631/1019 1500/651/1018
f 1502/630/1020 1500/651/1018 1501/631/1019
f 1500/651/1018 1502/630/1020 1503/652/1021
f 1503/652/1021 1504/653/1022 1500/651/1018
f 1505/628/1023 1503/652/1021 1502/630/1020
f 1504/653/1022 1503/652/1021 1506/654/1024
f 1507/655/1025 1506/654/1024 1503/652/1021
f 1503/652/1021 1505/628/1023 1507/655/1025
f 1508/629/1026 1507/655/1025 1505/628/1023
f 1506/654/1024 1507/655/1025 1509/656/1027
f 1510/657/1028 1509/656/1027 1507/655/1025
f 1507/655/1025 1508/629/1026 1510/657/1028
f 1509/656/1027 1510/657/1028 1511/658/1029
f 1494/649/1012 1512/659/1030 1497/60/1015
f 1497/60/1015 1512/659/1030 1513/423/1031
f 1512/659/1030 1494/649/1012 1514/660/1032
f 1515/661/302 1514/660/1032 1516/662/1033
f 1517/663/1034 1513/423/1031 1512/659/1030
f 1513/423/1031 1517/663/1034 1518/421/1035
f 1519/664/1036 1518/421/1035 1517/663/1034
f 1519/664/1036 1520/419/1037 1518/421/1035
f 1519/664/1036 1517/663/1034 1521/665/1038
f 1512/659/1030 1522/666/1039 1517/663/1034
f 1522/666/1039 1521/665/1038 1517/663/1034
f 1521/665/1038 1522/666/1039 1523/667/1040
f 1524/668/1041 1523/667/1040 1522/666/1039
f 1523/667/1040 1524/668/1041 1525/669/1042
f 1526/670/1043 1524/668/1041 1522/666/1039
f 1522/666/1039 1512/659/1030 1526/670/1043
f 1526/670/1043 1527/671/1044 1524/668/1041
f 1528/672/1045 1527/671/1044 1526/670/1043
f 1528/672/1045 1512/659/1030 1514/660/1032
f 1514/660/1032 1515/661/302 1528/672/1045
f 1512/659/1030 1528/672/1045 1526/670/1043
f 1528/672/1045 1529/673/1046 1527/671/1044
f 1528/672/1045 1515/661/302 1530/674/1047
f 1530/674/1047 1529/673/1046 1528/672/1045
f 1531/416/1048 1530/674/1047 1515/661/302
f 1530/674/1047 1531/416/1048 1532/675/1049
f 1532/675/1049 1529/673/1046 1530/674/1047
f 1533/94/1050 1529/673/1046 1532/675/1049
f 1532/675/1049 1531/416/1048 1534/93/1051
f 1532/675/1049 1534/93/1051 1533/94/1050
f 1535/676/1052 1536/677/1053 1537/678/1054
f 1535/676/1052 1537/678/1054 1538/679/1055
f 1539/680/1056 1535/676/1052 1538/679/1055
f 1538/679/1055 1540/681/1057 1539/680/1056
f 1541/682/1058 1539/680/1056 1540/681/1057
f 1541/682/1058 1540/681/1057 1542/683/1059
f 1543/684/1060 1541/682/1058 1542/683/1059
f 1541/682/1058 1543/684/1060 1544/685/1061
f 1543/684/1060 1545/686/1062 1544/685/1061
f 1545/686/1062 1543/684/1060 1546/687/1063
f 1547/687/1064 1548/688/1065 1549/686/1066
f 1548/688/1065 1547/687/1064 1550/689/1067
f 1550/689/1067 1551/690/1068 1548/688/1065
f 1551/690/1068 1550/689/1067 1552/691/1069
f 1552/691/1069 1553/677/1070 1551/690/1068
f 1553/677/1070 1552/691/1069 1554/678/1071
f 1555/691/1072 1556/679/1073 1557/678/1074
f 1556/679/1073 1555/691/1072 1558/681/1075
f 1559/689/1076 1558/681/1075 1555/691/1072
f 1558/681/1075 1559/689/1076 1560/683/1077
f 1559/689/1076 1561/684/1078 1560/683/1077
f 1561/684/1078 1559/689/1076 1562/687/1079
f 1563/692/1080 1564/693/1081 1565/694/1082
f 1564/693/1081 1563/692/1080 1566/695/1083
f 1566/695/1083 1563/692/1080 1567/696/1084
f 1567/696/1084 1568/697/1085 1566/695/1083
f 1567/696/1084 1569/698/1086 1568/697/1085
f 1569/698/1086 1567/696/1084 1570/699/1087
f 1571/388/1088 1572/390/1089 1573/389/1090
f 1572/390/1089 1571/388/1088 1574/391/1091
f 1572/390/1089 1574/391/1091 1575/392/1092
f 1574/391/1091 1576/393/1093 1575/392/1092
f 1577/394/1094 1575/392/1092 1576/393/1093
f 1576/393/1093 1578/395/1095 1577/394/1094
f 1579/396/1096 1577/394/1094 1578/395/1095
f 1578/395/1095 1580/397/1097 1579/396/1096
f 1581/398/1098 1579/396/1096 1580/397/1097
f 1580/397/1097 1582/399/1099 1581/398/1098
f 1582/399/1099 1583/400/1100 1581/398/1098
f 1584/401/586 1583/400/1100 1582/399/1099
f 1583/400/1100 1584/401/586 1585/402/587
f 1586/403/1101 1583/400/1100 1585/402/587
f 1587/404/1102 1581/398/1098 1583/400/1100
f 1583/400/1100 1586/403/1101 1587/404/1102
f 1588/405/590 1587/404/1102 1586/403/1101
f 1587/404/1102 1588/405/590 1589/406/1103
f 1590/407/1104 1581/398/1098 1587/404/1102
f 1589/406/1103 1590/407/1104 1587/404/1102
f 1590/407/1104 1591/396/1105 1581/398/1098
f 1592/408/1106 1590/407/1104 1589/406/1103
f 1590/407/1104 1592/408/1106 1593/409/1107
f 1591/396/1105 1590/407/1104 1593/409/1107
f 1593/409/1107 1594/394/1108 1591/396/1105
f 1595/410/1109 1593/409/1107 1592/408/1106
f 1593/409/1107 1595/410/1109 1596/411/1110
f 1594/394/1108 1593/409/1107 1596/411/1110
f 1596/411/1110 1597/392/1111 1594/394/1108
f 1597/392/1111 1596/411/1110 1598/412/1112
f 1595/410/1109 1598/412/1112 1596/411/1110
f 1599/390/1113 1597/392/1111 1598/412/1112
f 1598/412/1112 1595/410/1109 1600/413/1114
f 1600/413/1114 1599/390/1113 1598/412/1112
f 1601/389/1115 1599/390/1113 1600/413/1114
f 1602/414/1116 1601/389/1115 1600/413/1114
f 1602/414/1116 1600/413/1114 1603/415/1117
f 1604/179/1118 1605/93/1119 1606/416/1120
f 1605/93/1119 1604/179/1118 1607/178/1121
f 1608/92/1122 1605/93/1119 1607/178/1121
f 1609/417/1123 1610/419/1124 1611/418/1125
f 1609/417/1123 1612/420/1126 1610/419/1124
f 1612/420/1126 1613/421/1127 1610/419/1124
f 1613/421/1127 1612/420/1126 1614/422/1128
f 1614/422/1128 1615/423/1129 1613/421/1127
f 1615/423/1129 1614/422/1128 1616/424/1130
f 1617/58/1131 1615/423/1129 1616/424/1130
f 1615/423/1129 1617/58/1131 1618/60/1132
f 1619/61/1133 1620/424/1134 1621/58/1135
f 1620/424/1134 1619/61/1133 1622/607/1136
f 1622/607/1136 1623/422/1137 1620/424/1134
f 1623/422/1137 1622/607/1136 1624/608/1138
f 1624/608/1138 1622/607/1136 1625/609/1139
f 1624/608/1138 1626/420/1140 1623/422/1137
f 1624/608/1138 1625/609/1139 1627/610/1141
f 1626/420/1140 1628/611/1142 1629/417/1143
f 1630/612/1144 1624/608/1138 1627/610/1141
f 1630/612/1144 1627/610/1141 1631/613/1145
f 1626/420/1140 1624/608/1138 1632/614/1146
f 1626/420/1140 1632/614/1146 1628/611/1142
f 1630/612/1144 1632/614/1146 1624/608/1138
f 1633/615/1147 1628/611/1142 1632/614/1146
f 1628/611/1142 1633/615/1147 1634/616/1147
f 1632/614/1146 1630/612/1144 1635/617/1148
f 1635/617/1148 1633/615/1147 1632/614/1146
f 1633/615/1147 1635/617/1148 1636/618/1149
f 1637/619/1150 1630/612/1144 1631/613/1145
f 1637/619/1150 1635/617/1148 1630/612/1144
f 1638/620/1151 1637/619/1150 1631/613/1145
f 1639/621/1152 1635/617/1148 1637/619/1150
f 1636/618/1149 1635/617/1148 1639/621/1152
f 1640/622/1153 1636/618/1149 1639/621/1152
f 1641/623/1154 1637/619/1150 1638/620/1151
f 1641/623/1154 1639/621/1152 1637/619/1150
f 1642/624/1155 1641/623/1154 1638/620/1151
f 1641/623/1154 1643/57/1156 1639/621/1152
f 1640/622/1153 1639/621/1152 1643/57/1156
f 1643/57/1156 1644/172/1157 1640/622/1153
f 1641/623/1154 1645/55/1158 1643/57/1156
f 1642/624/1155 1646/625/1159 1641/623/1154
f 1645/55/1158 1641/623/1154 1646/625/1159
f 1647/626/1160 1646/625/1159 1642/624/1155
f 1648/627/1161 1645/55/1158 1646/625/1159
f 1647/626/1160 1648/627/1161 1646/625/1159
f 1648/627/1161 1649/52/1162 1645/55/1158
f 1650/626/1163 1651/628/1164 1652/629/1165
f 1651/628/1164 1650/626/1163 1653/624/1166
f 1653/624/1166 1654/630/1167 1651/628/1164
f 1654/630/1167 1653/624/1166 1655/620/1168
f 1655/620/1168 1656/631/1169 1654/630/1167
f 1656/631/1169 1655/620/1168 1657/613/1170
f 1657/613/1170 1658/632/1171 1656/631/1169
f 1658/632/1171 1657/613/1170 1659/610/1172
f 1659/610/1172 1660/633/1173 1658/632/1171
f 1660/633/1173 1659/610/1172 1661/609/1174
f 1662/607/1175 1660/633/1173 1661/609/1174
f 1660/633/1173 1662/607/1175 1663/634/1176
f 1664/61/1177 1663/634/1176 1662/607/1175
f 1663/634/1176 1664/61/1177 1665/59/1178
f 1666/635/1179 1667/87/1180 1668/85/1181
f 1667/87/1180 1666/635/1179 1669/636/1182
f 1670/637/1183 1669/636/1182 1666/635/1179
f 1669/636/1182 1670/637/1183 1671/638/1184
f 1670/637/1183 1672/639/1185 1671/638/1184
f 1672/639/1185 1670/637/1183 1673/640/1186
f 1674/363/1187 1675/362/1188 1676/361/1189
f 1674/363/1187 1677/364/1190 1675/362/1188
f 1678/365/1191 1677/364/1190 1674/363/1187
f 1677/364/1190 1678/365/1191 1679/366/1192
f 1679/366/1192 1678/365/1191 1680/367/1193
f 1679/366/1192 1680/367/1193 1681/368/1194
f 1682/371/1195 1683/176/1196 1684/177/1197
f 1683/176/1196 1682/371/1195 1685/641/1198
f 1686/373/1199 1685/641/1198 1682/371/1195
f 1685/641/1198 1686/373/1199 1687/642/1200
f 1688/100/1201 1685/641/1198 1687/642/1200
f 1689/376/1202 1687/642/1200 1686/373/1199
f 1688/100/1201 1687/642/1200 1690/101/1203
f 1691/643/1204 1690/101/1203 1687/642/1200
f 1687/642/1200 1689/376/1202 1691/643/1204
f 1690/101/1203 1691/643/1204 1692/183/1205
f 1693/369/351 1694/370/1206 1695/177/1207
f 1694/370/1206 1696/371/1208 1695/177/1207
f 1696/371/1208 1694/370/1206 1697/372/1209
f 1696/371/1208 1697/372/1209 1698/373/1210
f 1698/373/1210 1697/372/1209 1699/374/1211
f 1699/374/1211 1700/375/1212 1698/373/1210
f 1701/376/1213 1698/373/1210 1700/375/1212
f 1702/644/175 1703/646/1214 1704/645/176
f 1702/644/175 1705/647/1215 1703/646/1214
f 1705/647/1215 1702/644/175 1706/648/1216
f 1707/59/1217 1705/647/1215 1706/648/1216
f 1707/59/1217 1708/649/1218 1705/647/1215
f 1706/648/1216 1709/634/1219 1707/59/1217
f 1709/634/1219 1706/648/1216 1710/633/1220
f 1711/60/1221 1708/649/1218 1707/59/1217
f 1710/633/1220 1706/648/1216 1712/650/1222
f 1712/650/1222 1713/632/1223 1710/633/1220
f 1712/650/1222 1714/651/1224 1713/632/1223
f 1713/632/1223 1714/651/1224 1715/631/1225
f 1714/651/1224 1716/630/1226 1715/631/1225
f 1716/630/1226 1714/651/1224 1717/652/1227
f 1718/653/1228 1717/652/1227 1714/651/1224
f 1717/652/1227 1719/628/1229 1716/630/1226
f 1717/652/1227 1718/653/1228 1720/654/1230
f 1720/654/1230 1721/655/1231 1717/652/1227
f 1719/628/1229 1717/652/1227 1721/655/1231
f 1721/655/1231 1722/629/1232 1719/628/1229
f 1721/655/1231 1720/654/1230 1723/656/1233
f 1723/656/1233 1724/657/1234 1721/655/1231
f 1722/629/1232 1721/655/1231 1724/657/1234
f 1724/657/1234 1723/656/1233 1725/658/1235
f 1726/659/1236 1708/649/1218 1711/60/1221
f 1726/659/1236 1711/60/1221 1727/423/1237
f 1708/649/1218 1726/659/1236 1728/660/1238
f 1728/660/1238 1729/661/358 1730/662/1239
f 1727/423/1237 1731/663/1240 1726/659/1236
f 1731/663/1240 1727/423/1237 1732/421/1241
f 1733/664/1242 1731/663/1240 1732/421/1241
f 1733/664/1242 1732/421/1241 1734/419/1243
f 1731/663/1240 1733/664/1242 1735/665/1244
f 1726/659/1236 1731/663/1240 1736/666/1245
f 1735/665/1244 1736/666/1245 1731/663/1240
f 1736/666/1245 1735/665/1244 1737/667/1246
f 1737/667/1246 1738/668/1247 1736/666/1245
f 1738/668/1247 1737/667/1246 1739/669/1248
f 1736/666/1245 1738/668/1247 1740/670/1249
f 1740/670/1249 1726/659/1236 1736/666/1245
f 1741/671/1250 1740/670/1249 1738/668/1247
f 1740/670/1249 1741/671/1250 1742/672/1251
f 1726/659/1236 1742/672/1251 1728/660/1238
f 1742/672/1251 1729/661/358 1728/660/1238
f 1742/672/1251 1726/659/1236 1740/670/1249
f 1743/673/1252 1742/672/1251 1741/671/1250
f 1729/661/358 1742/672/1251 1744/674/1253
f 1744/674/1253 1742/672/1251 1743/673/1252
f 1745/416/359 1729/661/358 1744/674/1253
f 1745/416/359 1744/674/1253 1746/675/1254
f 1746/675/1254 1744/674/1253 1743/673/1252
f 1747/94/1255 1746/675/1254 1743/673/1252
f 1746/675/1254 1748/93/1256 1745/416/359
f 1748/93/1256 1746/675/1254 1747/94/1255
f 1749/677/1257 1750/676/1258 1751/678/1259
f 1752/679/1260 1751/678/1259 1750/676/1258
f 1753/680/1261 1752/679/1260 1750/676/1258
f 1754/681/1262 1752/679/1260 1753/680/1261
f 1755/682/1263 1754/681/1262 1753/680/1261
f 1754/681/1262 1755/682/1263 1756/683/1264
f 1755/682/1263 1757/684/1265 1756/683/1264
f 1757/684/1265 1755/682/1263 1758/685/1266
f 1759/686/1267 1757/684/1265 1758/685/1266
f 1757/684/1265 1759/686/1267 1760/687/1268
f 1761/686/1269 1762/688/1270 1763/687/1271
f 1762/688/1270 1764/689/1272 1763/687/1271
f 1765/690/1273 1764/689/1272 1762/688/1270
f 1764/689/1272 1765/690/1273 1766/691/1274
f 1766/691/1274 1765/690/1273 1767/677/1275
f 1766/691/1274 1767/677/1275 1768/678/1276
f 1769/679/1277 1770/691/1278 1771/678/1279
f 1770/691/1278 1769/679/1277 1772/681/1280
f 1772/681/1280 1773/689/1281 1770/691/1278
f 1773/689/1281 1772/681/1280 1774/683/1282
f 1775/684/1283 1773/689/1281 1774/683/1282
f 1773/689/1281 1775/684/1283 1776/687/1284
f 1777/693/1285 1778/692/1286 1779/694/1287
f 1778/692/1286 1777/693/1285 1780/695/1288
f 1780/695/1288 1781/696/1289 1778/692/1286
f 1781/696/1289 1780/695/1288 1782/697/1290
f 1783/698/1291 1781/696/1289 1782/697/1290
f 1781/696/1289 1783/698/1291 1784/699/1292
f 1785/700/1293 1786/701/1294 1787/702/1295
f 1786/701/1294 1785/700/1293 1788/703/1296
f 1785/700/1293 1789/704/1297 1788/703/1296
f 1785/700/1293 1790/705/1298 1789/704/1297
f 1791/706/1299 1789/704/1297 1790/705/1298
f 1790/705/1298 1792/707/1300 1791/706/1299
f 1793/708/1301 1791/706/1299 1792/707/1300
f 1791/706/1299 1793/708/1301 1794/709/1301
f 1793/708/1301 1795/710/1302 1794/709/1301
f 1795/710/1302 1793/708/1301 1796/711/1303
f 1796/711/1303 1797/712/1304 1795/710/1302
f 1795/710/1302 1797/712/1304 1798/713/1305
f 1799/714/1306 1798/713/1305 1797/712/1304
f 1800/715/1307 1798/713/1305 1799/714/1306
f 1799/714/1306 1801/716/1308 1800/715/1307
f 1801/716/1308 1799/714/1306 1802/717/1309
f 1803/29/1310 1804/32/1311 1805/718/1312
f 1804/32/1311 1806/719/1313 1805/718/1312
f 1807/27/1314 1805/718/1312 1806/719/1313
f 1805/718/1312 1807/27/1314 1808/28/1315
f 1809/29/1316 1810/718/1317 1811/32/1318
f 1811/32/1318 1810/718/1317 1812/719/1319
f 1810/718/1317 1813/27/1320 1812/719/1319
f 1813/27/1320 1810/718/1317 1814/28/1321
f 1815/720/460 1816/721/460 1817/722/1322
f 1817/722/1322 1818/723/1323 1815/720/460
f 1817/722/1322 1819/724/1324 1818/723/1323
f 1819/724/1324 1817/722/1322 1820/725/1325
f 1821/726/1326 1819/724/1324 1820/725/1325
f 1819/724/1324 1821/726/1326 1822/727/1327
f 1823/728/1328 1822/727/1327 1821/726/1326
f 1822/727/1327 1823/728/1328 1824/729/1328
f 1824/729/1328 1823/728/1328 1825/730/1329
f 1825/730/1329 1823/728/1328 1826/731/1330
f 1827/732/1331 1825/730/1329 1826/731/1330
f 1825/730/1329 1827/732/1331 1828/733/1332
f 1827/732/1331 1829/734/449 1828/733/1332
f 1829/734/449 1827/732/1331 1830/735/449
f 1831/736/460 1832/737/460 1833/738/1333
f 1831/736/460 1833/738/1333 1834/739/1333
f 1833/738/1333 1835/740/1334 1834/739/1333
f 1835/740/1334 1833/738/1333 1836/741/1335
f 1835/740/1334 1836/741/1335 1837/742/1336
f 1837/742/1336 1836/741/1335 1838/743/1337
f 1839/744/1338 1837/742/1336 1838/743/1337
f 1837/742/1336 1839/744/1338 1840/745/1339
f 1841/746/1340 1840/745/1339 1839/744/1338
f 1840/745/1339 1841/746/1340 1842/747/1341
f 1843/748/1342 1842/747/1341 1841/746/1340
f 1842/747/1341 1843/748/1342 1844/749/1342
f 1843/748/1342 1845/750/449 1844/749/1342
f 1845/750/449 1843/748/1342 1846/751/449
f 1847/752/460 1848/753/1343 1849/754/460
f 1848/753/1343 1847/752/460 1850/755/1343
f 1851/756/1344 1848/753/1343 1850/755/1343
f 1848/753/1343 1851/756/1344 1852/757/1344
f 1852/757/1344 1851/756/1344 1853/758/1345
f 1853/758/1345 1851/756/1344 1854/759/1346
f 1855/760/1347 1853/758/1345 1854/759/1346
f 1853/758/1345 1855/760/1347 1856/761/1348
f 1857/762/1349 1856/761/1348 1855/760/1347
f 1856/761/1348 1857/762/1349 1858/763/1350
f 1858/763/1350 1857/762/1349 1859/764/1351
f 1859/764/1351 1857/762/1349 1860/765/1352
f 1861/766/449 1859/764/1351 1860/765/1352
f 1859/764/1351 1861/766/449 1862/767/449
f 1863/768/1353 1864/769/460 1865/770/460
f 1864/769/460 1863/768/1353 1866/771/1353
f 1866/771/1353 1863/768/1353 1867/772/1354
f 1867/772/1354 1863/768/1353 1868/773/1355
f 1867/772/1354 1868/773/1355 1869/774/1356
f 1870/775/852 1869/774/1356 1868/773/1355
f 1871/776/853 1869/774/1356 1870/775/852
f 1869/774/1356 1871/776/853 1872/777/1357
f 1873/778/1358 1872/777/1357 1871/776/853
f 1872/777/1357 1873/778/1358 1874/779/1359
f 1875/780/1360 1874/779/1359 1873/778/1358
f 1874/779/1359 1875/780/1360 1876/781/1360
f 1875/780/1360 1877/782/449 1876/781/1360
f 1877/782/449 1875/780/1360 1878/783/449
f 1879/784/1361 1880/785/1362 1881/786/1363
f 1880/785/1362 1879/784/1361 1882/787/1361
f 1883/788/1362 1880/785/1362 1882/787/1361
f 1880/785/1362 1883/788/1362 1884/789/1364
f 1885/790/1365 1884/789/1364 1883/788/1362
f 1884/789/1364 1885/790/1365 1886/791/1361
f 1887/792/1361 1886/791/1361 1885/790/1365
f 1887/792/1361 1885/790/1365 1888/793/1365
f 1888/793/1365 1889/794/1362 1887/792/1361
f 1889/794/1362 1888/793/1365 1890/795/1361
f 1890/795/1361 1891/796/1362 1889/794/1362
f 1890/795/1361 1892/797/1361 1891/796/1362
f 1893/798/1361 1891/796/1362 1892/797/1361
f 1891/796/1362 1893/798/1361 1894/799/422
f 1895/800/1366 1896/801/1367 1897/802/1368
f 1896/801/1367 1895/800/1366 1898/803/1366
f 1899/804/1366 1898/803/1366 1895/800/1366
f 1899/804/1366 1895/800/1366 1900/805/1366
f 1900/805/1366 1901/806/1366 1899/804/1366
f 1901/806/1366 1900/805/1366 1902/807/1369
f 1903/808/1370 1901/806/1366 1902/807/1369
f 1901/806/1366 1903/808/1370 1904/809/1366
f 1905/810/1366 1904/809/1366 1903/808/1370
f 1904/809/1366 1905/810/1366 1906/811/1366
f 1907/812/1366 1906/811/1366 1905/810/1366
f 1906/811/1366 1907/812/1366 1908/813/1366
f 1907/812/1366 1909/814/1367 1908/813/1366
f 1909/814/1367 1907/812/1366 1910/815/1371
f 1911/816/1372 1912/817/1373 1913/818/1374
f 1912/817/1373 1911/816/1372 1914/819/1375
f 1915/820/1373 1912/817/1373 1914/819/1375
f 1912/817/1373 1915/820/1373 1916/821/1373
f 1917/822/1373 1916/821/1373 1915/820/1373
f 1916/821/1373 1917/822/1373 1918/823/1373
f 1919/824/1373 1918/823/1373 1917/822/1373
f 1919/824/1373 1917/822/1373 1920/825/1373
f 1920/825/1373 1921/826/1373 1919/824/1373
f 1921/826/1373 1920/825/1373 1922/827/1373
f 1922/827/1373 1923/828/1373 1921/826/1373
f 1922/827/1373 1924/829/1373 1923/828/1373
f 1925/830/1376 1923/828/1373 1924/829/1373
f 1923/828/1373 1925/830/1376 1926/831/1377
f 1927/161/1378 1928/832/1379 1929/162/1380
f 1928/832/1379 1927/161/1378 1930/833/1381
f 1927/161/1378 1931/834/1382 1930/833/1381
f 1932/595/1383 1931/834/1382 1927/161/1378
f 1931/834/1382 1933/835/1384 1930/833/1381
f 1931/834/1382 1932/595/1383 1934/836/1385
f 1935/40/1386 1934/836/1385 1932/595/1383
f 1934/836/1385 1936/837/1387 1931/834/1382
f 1933/835/1384 1931/834/1382 1936/837/1387
f 1937/838/1388 1933/835/1384 1936/837/1387
f 1933/835/1384 1937/838/1388 1938/839/1389
f 1936/837/1387 1934/836/1385 1939/840/1390
f 1937/838/1388 1940/841/1391 1938/839/1389
f 1940/841/1391 1941/842/1392 1938/839/1389
f 1940/841/1391 1942/843/1393 1941/842/1392
f 1943/844/1394 1936/837/1387 1939/840/1390
f 1936/837/1387 1943/844/1394 1937/838/1388
f 1944/845/1395 1942/843/1393 1940/841/1391
f 1944/845/1395 1945/846/1396 1942/843/1393
f 1943/844/1394 1946/847/1397 1937/838/1388
f 1946/847/1397 1944/845/1395 1940/841/1391
f 1946/847/1397 1940/841/1391 1937/838/1388
f 1947/848/1398 1946/847/1397 1943/844/1394
f 1939/840/1390 1947/848/1398 1943/844/1394
f 1948/849/1399 1939/840/1390 1934/836/1385
f 1947/848/1398 1939/840/1390 1948/849/1399
f 1934/836/1385 1935/40/1386 1949/850/1400
f 1948/849/1399 1934/836/1385 1949/850/1400
f 1950/851/1401 1948/849/1399 1949/850/1400
f 1950/851/1401 1947/848/1398 1948/849/1399
f 1935/40/1386 1951/852/1402 1949/850/1400
f 1949/850/1400 1951/852/1402 1950/851/1401
f 1951/852/1402 1935/40/1386 1952/37/1403
f 1953/853/1404 1947/848/1398 1950/851/1401
f 1952/37/1403 1954/854/1405 1951/852/1402
f 1954/854/1405 1952/37/1403 1955/592/1406
f 1956/855/1407 1950/851/1401 1951/852/1402
f 1951/852/1402 1954/854/1405 1956/855/1407
f 1956/855/1407 1953/853/1404 1950/851/1401
f 1955/592/1406 1957/856/1408 1954/854/1405
f 1958/33/1409 1957/856/1408 1955/592/1406
f 1954/854/1405 1957/856/1408 1959/857/1410
f 1959/857/1410 1956/855/1407 1954/854/1405
f 1958/33/1409 1960/858/1411 1957/856/1408
f 1960/858/1411 1958/33/1409 1961/35/1412
f 1962/859/1413 1959/857/1410 1957/856/1408
f 1957/856/1408 1960/858/1411 1962/859/1413
f 1953/853/1404 1956/855/1407 1963/860/1414
f 1959/857/1410 1963/860/1414 1956/855/1407
f 1964/861/1415 1959/857/1410 1962/859/1413
f 1963/860/1414 1959/857/1410 1964/861/1415
f 1965/862/1416 1964/861/1415 1962/859/1413
f 1963/860/1414 1966/863/1417 1953/853/1404
f 1965/862/1416 1967/864/1418 1964/861/1415
f 1965/862/1416 1968/865/1419 1967/864/1418
f 1969/866/1420 1967/864/1418 1968/865/1419
f 1964/861/1415 1970/867/1421 1963/860/1414
f 1970/867/1421 1964/861/1415 1967/864/1418
f 1966/863/1417 1963/860/1414 1970/867/1421
f 1971/868/1422 1970/867/1421 1967/864/1418
f 1967/864/1418 1969/866/1420 1971/868/1422
f 1972/869/1423 1971/868/1422 1969/866/1420
f 1973/870/1424 1966/863/1417 1970/867/1421
f 1970/867/1421 1971/868/1422 1973/870/1424
f 1971/868/1422 1972/869/1423 1974/871/1425
f 1974/871/1425 1973/870/1424 1971/868/1422
f 1972/869/1423 1975/872/1426 1974/871/1425
f 1975/872/1426 1972/869/1423 1976/873/1427
f 1976/873/1427 1977/41/1428 1975/872/1426
f 1977/41/1428 1976/873/1427 1978/44/1429
f 1977/41/1428 1979/596/1430 1975/872/1426
f 1979/596/1430 1980/874/1431 1975/872/1426
f 1980/874/1431 1974/871/1425 1975/872/1426
f 1979/596/1430 1981/45/1432 1980/874/1431
f 1973/870/1424 1974/871/1425 1982/875/1433
f 1974/871/1425 1980/874/1431 1982/875/1433
f 1983/876/1434 1982/875/1433 1980/874/1431
f 1981/45/1432 1983/876/1434 1980/874/1431
f 1984/47/1435 1983/876/1434 1981/45/1432
f 1982/875/1433 1985/877/1436 1973/870/1424
f 1966/863/1417 1973/870/1424 1985/877/1436
f 1985/877/1436 1982/875/1433 1986/878/1437
f 1982/875/1433 1983/876/1434 1986/878/1437
f 1983/876/1434 1987/879/1438 1986/878/1437
f 1983/876/1434 1984/47/1435 1987/879/1438
f 1985/877/1436 1988/880/1439 1966/863/1417
f 1966/863/1417 1988/880/1439 1953/853/1404
f 1953/853/1404 1988/880/1439 1947/848/1398
f 1946/847/1397 1947/848/1398 1988/880/1439
f 1988/880/1439 1989/881/1440 1946/847/1397
f 1986/878/1437 1989/881/1440 1985/877/1436
f 1988/880/1439 1985/877/1436 1989/881/1440
f 1989/881/1440 1990/882/1441 1946/847/1397
f 1990/882/1441 1944/845/1395 1946/847/1397
f 1991/883/1442 1986/878/1437 1987/879/1438
f 1989/881/1440 1986/878/1437 1991/883/1442
f 1991/883/1442 1992/884/1443 1989/881/1440
f 1989/881/1440 1992/884/1443 1990/882/1441
f 1990/882/1441 1993/885/1444 1944/845/1395
f 1992/884/1443 1993/885/1444 1990/882/1441
f 1993/885/1444 1945/846/1396 1944/845/1395
f 1994/886/1445 1993/885/1444 1992/884/1443
f 1987/879/1438 1994/886/1445 1991/883/1442
f 1984/47/1435 1994/886/1445 1987/879/1438
f 1991/883/1442 1994/886/1445 1992/884/1443
f 1994/886/1445 1984/47/1435 1995/599/1446
f 1996/887/1447 1945/846/1396 1993/885/1444
f 1993/885/1444 1994/886/1445 1996/887/1447
f 1995/599/1446 1996/887/1447 1994/886/1445
f 1945/846/1396 1996/887/1447 1997/888/1448
f 1996/887/1447 1998/166/1449 1997/888/1448
f 1996/887/1447 1995/599/1446 1998/166/1449
f 1998/166/1449 1999/889/1450 1997/888/1448
f 1999/889/1450 1998/166/1449 2000/165/1451
f 2001/890/1452 2002/891/1453 2003/892/1454
f 2002/891/1453 2004/893/1455 2003/892/1454
f 2004/893/1455 2005/894/1456 2003/892/1454
f 2004/893/1455 2006/895/1457 2005/894/1456
f 2005/894/1456 2007/896/1458 2003/892/1454
f 2008/897/1459 2005/894/1456 2006/895/1457
f 2005/894/1456 2008/897/1459 2009/898/1460
f 2007/896/1458 2005/894/1456 2009/898/1460
f 2010/892/1461 2011/891/1462 2012/890/1463
f 2011/891/1462 2010/892/1461 2013/893/1464
f 2013/893/1464 2010/892/1461 2014/894/1465
f 2013/893/1464 2014/894/1465 2015/895/1466
f 2016/896/1458 2014/894/1465 2010/892/1461
f 2014/894/1465 2017/897/1467 2015/895/1466
f 2014/894/1465 2018/898/1468 2017/897/1467
f 2014/894/1465 2016/896/1458 2018/898/1468
f 2019/114/1469 2020/111/1470 2021/899/1471
f 2022/900/1472 2019/114/1469 2021/899/1471
f 2023/901/1473 2019/114/1469 2022/900/1472
f 2019/114/1469 2023/901/1473 2024/116/1474
f 2024/116/1474 2023/901/1473 2025/902/1475
f 2026/903/1476 2025/902/1475 2023/901/1473
f 2027/904/1027 2025/902/1475 2026/903/1476
f 2026/903/1476 2028/905/1477 2027/904/1027
f 2026/903/1476 2029/906/1022 2028/905/1477
f 2029/906/1022 2026/903/1476 2030/907/1478
f 2031/908/1479 2032/909/1480 2033/910/1481
f 2032/909/1480 2031/908/1479 2034/911/1482
f 2035/383/1483 2032/909/1480 2034/911/1482
f 2032/909/1480 2035/383/1483 2036/912/1484
f 2035/383/1483 2037/913/1485 2036/912/1484
f 2037/913/1485 2035/383/1483 2038/380/1486
f 2039/377/1487 2037/913/1485 2038/380/1486
f 2037/913/1485 2039/377/1487 2040/914/1488
f 2041/100/1489 2042/915/1490 2043/916/1491
f 2042/915/1490 2041/100/1489 2044/641/1492
f 2045/176/1493 2042/915/1490 2044/641/1492
f 2042/915/1490 2045/176/1493 2046/917/295
f 2047/95/1494 2048/918/1495 2049/181/1496
f 2048/918/1495 2047/95/1494 2050/96/1497
f 2051/97/1498 2048/918/1495 2050/96/1497
f 2048/918/1495 2051/97/1498 2052/182/1499
f 2053/111/1500 2054/114/1501 2055/899/1502
f 2056/900/1503 2055/899/1502 2054/114/1501
f 2054/114/1501 2057/901/1504 2056/900/1503
f 2057/901/1504 2054/114/1501 2058/116/1505
f 2059/902/1506 2057/901/1504 2058/116/1505
f 2059/902/1506 2060/903/1507 2057/901/1504
f 2061/904/1233 2060/903/1507 2059/902/1506
f 2060/903/1507 2061/904/1233 2062/905/1508
f 2060/903/1507 2062/905/1508 2063/906/1228
f 2063/906/1228 2064/907/1509 2060/903/1507
f 2065/909/1510 2066/908/1511 2067/910/1512
f 2066/908/1511 2065/909/1510 2068/911/1513
f 2065/909/1510 2069/383/1514 2068/911/1513
f 2069/383/1514 2065/909/1510 2070/912/1515
f 2071/913/1516 2069/383/1514 2070/912/1515
f 2069/383/1514 2071/913/1516 2072/380/1517
f 2071/913/1516 2073/377/1518 2072/380/1517
f 2073/377/1518 2071/913/1516 2074/914/1519
f 2075/915/1520 2076/100/1521 2077/916/1522
f 2076/100/1521 2075/915/1520 2078/641/1523
f 2075/915/1520 2079/176/1524 2078/641/1523
f 2079/176/1524 2075/915/1520 2080/917/350
f 2081/95/1525 2082/181/1526 2083/918/1527
f 2081/95/1525 2083/918/1527 2084/96/1528
f 2083/918/1527 2085/97/1529 2084/96/1528
f 2085/97/1529 2083/918/1527 2086/182/1530
f 2087/85/1531 2088/919/1532 2089/86/1533
f 2088/919/1532 2087/85/1531 2090/635/1534
f 2091/637/1535 2088/919/1532 2090/635/1534
f 2088/919/1532 2091/637/1535 2092/640/1536
f 2088/919/1532 2092/640/1536 2093/920/1537
f 2094/919/1538 2095/85/1539 2096/86/1540
f 2095/85/1539 2094/919/1538 2097/635/1541
f 2094/919/1538 2098/637/1542 2097/635/1541
f 2098/637/1542 2094/919/1538 2099/640/1543
f 2099/640/1543 2094/919/1538 2100/920/1544
f 2101/154/1545 2102/921/1546 2103/155/1547
f 2102/921/1546 2101/154/1545 2104/922/1548
f 2104/922/1548 2105/923/1549 2102/921/1546
f 2101/154/1545 2106/924/1550 2104/922/1548
f 2106/924/1550 2101/154/1545 2107/487/1551
f 2108/489/1552 2106/924/1550 2107/487/1551
f 2106/924/1550 2109/925/1553 2104/922/1548
f 2105/923/1549 2104/922/1548 2109/925/1553
f 2108/489/1552 2110/926/1554 2106/924/1550
f 2109/925/1553 2106/924/1550 2111/926/1555
f 2110/926/1554 2108/489/1552 2112/492/1556
f 2110/926/1554 2112/492/1556 2113/493/1557
f 2114/927/1558 2110/926/1554 2113/493/1557
f 2114/927/1558 2109/925/1553 2111/926/1555
f 2113/493/1557 2115/496/1559 2114/927/1558
f 2116/157/1560 2114/927/1558 2115/496/1559
f 2109/925/1553 2114/927/1558 2117/928/1561
f 2117/928/1561 2114/927/1558 2116/157/1560
f 2117/928/1561 2105/923/1549 2109/925/1553
f 2116/157/1560 2118/929/1562 2117/928/1561
f 2105/923/1549 2117/928/1561 2118/929/1562
f 2118/929/1562 2116/157/1560 2119/156/1563
f 2120/503/1564 2121/930/1565 2122/505/1566
f 2120/503/1564 2123/931/1567 2121/930/1565
f 2124/501/1568 2123/931/1567 2120/503/1564
f 2121/930/1565 2123/931/1567 2125/932/1569
f 2125/932/1569 2126/933/1570 2121/930/1565
f 2126/933/1570 2125/932/1569 2127/934/1571
f 2125/932/1569 2128/935/1572 2127/934/1571
f 2123/931/1567 2128/935/1572 2125/932/1569
f 2128/935/1572 2129/936/1573 2127/934/1571
f 2130/937/1574 2129/936/1573 2128/935/1572
f 2128/935/1572 2123/931/1567 2131/938/1575
f 2131/938/1575 2130/937/1574 2128/935/1572
f 2130/937/1574 2131/938/1575 2132/939/1576
f 2133/940/1577 2131/938/1575 2123/931/1567
f 2124/501/1568 2133/940/1577 2123/931/1567
f 2131/938/1575 2133/940/1577 2134/941/1578
f 2134/941/1578 2132/939/1576 2131/938/1575
f 2132/939/1576 2134/941/1578 2135/942/1579
f 2136/943/1580 2135/942/1579 2134/941/1578
f 2134/941/1578 2137/944/1581 2136/943/1580
f 2137/944/1581 2134/941/1578 2133/940/1577
f 2137/944/1581 2133/940/1577 2124/501/1568
f 2124/501/1568 2138/498/1582 2137/944/1581
f 2139/930/1583 2140/503/1584 2141/505/1585
f 2142/931/1586 2140/503/1584 2139/930/1583
f 2142/931/1586 2143/501/1587 2140/503/1584
f 2142/931/1586 2139/930/1583 2144/932/1588
f 2145/933/1589 2144/932/1588 2139/930/1583
f 2144/932/1588 2145/933/1589 2146/934/1590
f 2147/935/1591 2142/931/1586 2144/932/1588
f 2144/932/1588 2146/934/1590 2147/935/1591
f 2147/935/1591 2146/934/1590 2148/936/1592
f 2149/937/1593 2147/935/1591 2148/936/1592
f 2142/931/1586 2147/935/1591 2150/938/1594
f 2149/937/1593 2150/938/1594 2147/935/1591
f 2150/938/1594 2149/937/1593 2151/939/1595
f 2143/501/1587 2142/931/1586 2152/940/1596
f 2152/940/1596 2142/931/1586 2150/938/1594
f 2153/941/1597 2152/940/1596 2150/938/1594
f 2153/941/1597 2150/938/1594 2151/939/1595
f 2154/942/1598 2153/941/1597 2151/939/1595
f 2155/943/1599 2153/941/1597 2154/942/1598
f 2156/944/1600 2152/940/1596 2153/941/1597
f 2156/944/1600 2143/501/1587 2152/940/1596
f 2153/941/1597 2155/943/1599 2156/944/1600
f 2143/501/1587 2156/944/1600 2157/498/1601
f 2158/909/1602 2159/945/331 2160/910/1603
f 2159/945/331 2158/909/1602 2161/946/1604
f 2162/912/1605 2161/946/1604 2158/909/1602
f 2159/945/331 2161/946/1604 2163/913/1606
f 2163/913/1606 2161/946/1604 2162/912/1605
f 2159/945/331 2163/913/1606 2164/914/1479
f 2165/945/384 2166/909/1607 2167/910/1608
f 2166/909/1607 2165/945/384 2168/946/1609
f 2169/912/1610 2166/909/1607 2168/946/1609
f 2170/913/1611 2169/912/1610 2168/946/1609
f 2165/945/384 2170/913/1611 2168/946/1609
f 2170/913/1611 2165/945/384 2171/914/1511
f 2172/947/1612 2173/948/1613 2174/949/1614
f 2173/948/1613 2172/947/1612 2175/950/523
f 2176/951/1615 2174/949/1614 2173/948/1613
f 2175/950/523 2177/952/1616 2173/948/1613
f 2177/952/1616 2176/951/1615 2173/948/1613
f 2175/950/523 1476/386/1617 2177/952/1616
f 2178/911/1618 2176/951/1615 2177/952/1616
f 2179/383/1619 2178/911/1618 2177/952/1616
f 2177/952/1616 1476/386/1617 2179/383/1619
f 2180/947/1620 2181/949/1621 2182/948/1622
f 2180/947/1620 2182/948/1622 2183/950/561
f 2184/951/1623 2182/948/1622 2181/949/1621
f 2183/950/561 2182/948/1622 2185/952/1624
f 2185/952/1624 2182/948/1622 2184/951/1623
f 2183/950/561 2185/952/1624 939/386/1625
f 2186/911/1626 2185/952/1624 2184/951/1623
f 2187/383/1627 2185/952/1624 2186/911/1626
f 2185/952/1624 2187/383/1627 939/386/1625
f 2188/953/1628 2189/954/1629 2190/955/1630
f 2188/953/1628 2191/956/1631 2189/954/1629
f 2188/953/1628 2190/955/1630 2192/957/1632
f 2191/956/1631 2188/953/1628 2193/958/1633
f 2192/957/1632 2190/955/1630 2194/959/1634
f 2195/960/1635 2191/956/1631 2193/958/1633
f 2192/957/1632 2194/959/1634 2196/961/1634
f 2195/960/1635 2197/962/1636 2191/956/1631
f 2194/959/1634 2198/963/1637 2196/961/1634
f 2195/960/1635 2199/964/1638 2197/962/1636
f 2198/963/1637 2194/959/1634 2200/965/1639
f 2199/964/1638 2195/960/1635 2201/966/1640
f 2200/965/1639 2202/967/1641 2198/963/1637
f 2201/966/1640 2203/968/1642 2199/964/1638
f 2202/967/1641 2200/965/1639 2204/969/1643
f 2203/968/1642 2201/966/1640 2205/970/1644
f 2206/971/1645 2202/967/1641 2204/969/1643
f 2207/972/1646 2203/968/1642 2205/970/1644
f 2202/967/1641 2206/971/1645 2208/973/1647
f 2207/972/1646 2209/974/1648 2203/968/1642
f 2206/971/1645 2210/975/1649 2208/973/1647
f 2210/975/1649 2209/974/1648 2207/972/1646
f 2210/975/1649 2211/976/1650 2209/974/1648
f 2210/975/1649 2206/971/1645 2211/976/1650
f 2212/365/1651 2213/86/1652 2214/88/1653
f 2215/919/1654 2213/86/1652 2212/365/1651
f 2216/367/1655 2212/365/1651 2214/88/1653
f 2212/365/1651 2217/363/1656 2215/919/1654
f 2218/80/1657 2216/367/1655 2214/88/1653
f 2217/363/1656 2219/920/1658 2215/919/1654
f 2216/367/1655 2218/80/1657 2220/368/1659
f 2219/920/1658 2217/363/1656 2221/361/1660
f 2218/80/1657 2222/366/1661 2220/368/1659
f 2219/920/1658 2221/361/1660 2223/977/1662
f 2222/366/1661 2218/80/1657 2224/83/1663
f 2225/362/1664 2223/977/1662 2221/361/1660
f 2226/978/1665 2222/366/1661 2224/83/1663
f 2225/362/1664 2226/978/1665 2227/979/1666
f 2223/977/1662 2225/362/1664 2227/979/1666
f 2226/978/1665 2225/362/1664 2228/364/1667
f 2222/366/1661 2226/978/1665 2228/364/1667
f 2229/980/1668 2230/981/1669 2231/982/1669
f 2232/983/1670 2231/982/1669 2230/981/1669
f 2230/981/1669 2229/980/1668 2233/984/1671
f 2230/981/1669 2234/985/1672 2232/983/1670
f 2235/986/1673 2233/984/1671 2229/980/1668
f 2236/987/1674 2232/983/1670 2234/985/1672
f 2233/984/1671 2235/986/1673 2237/988/1675
f 2232/983/1670 2236/987/1674 2238/989/1676
f 2239/990/1677 2237/988/1675 2235/986/1673
f 2240/991/1678 2238/989/1676 2236/987/1674
f 2237/988/1675 2239/990/1677 2241/992/1677
f 2238/989/1676 2240/991/1678 2242/993/1679
f 2243/994/1680 2241/992/1677 2239/990/1677
f 2240/991/1678 2244/995/1681 2242/993/1679
f 2239/990/1677 2245/996/1682 2243/994/1680
f 2244/995/1681 2240/991/1678 2246/997/1683
f 2245/996/1682 2247/998/1684 2243/994/1680
f 2246/997/1683 2248/999/1685 2244/995/1681
f 2247/998/1684 2245/996/1682 2249/1000/1686
f 2248/999/1685 2246/997/1683 2250/1001/1687
f 2251/1002/1688 2248/999/1685 2250/1001/1687
f 2247/998/1684 2249/1000/1686 2251/1002/1688
f 2251/1002/1688 2249/1000/1686 2252/1003/1688
f 2248/999/1685 2251/1002/1688 2252/1003/1688
f 2253/959/1689 2254/965/1690 2255/1004/1689
f 2255/1004/1689 2256/955/1691 2253/959/1689
f 2254/965/1690 2257/1005/1692 2255/1004/1689
f 2256/955/1691 2255/1004/1689 2258/1006/1693
f 2259/969/1694 2257/1005/1692 2254/965/1690
f 2258/1006/1693 2260/954/1695 2256/955/1691
f 2257/1005/1692 2259/969/1694 2261/1007/1696
f 2258/1006/1693 2262/1008/1697 2260/954/1695
f 2263/971/1698 2261/1007/1696 2259/969/1694
f 2262/1008/1697 2264/956/1699 2260/954/1695
f 2261/1007/1696 2263/971/1698 2265/1009/1700
f 2264/956/1699 2262/1008/1697 2266/1010/1701
f 2267/976/1702 2265/1009/1700 2263/971/1698
f 2268/1011/1703 2264/956/1699 2266/1010/1701
f 2269/1012/1704 2265/1009/1700 2267/976/1702
f 2264/956/1699 2268/1011/1703 2270/962/1705
f 2271/974/551 2269/1012/1704 2267/976/1702
f 2272/1013/1706 2270/962/1705 2268/1011/1703
f 2269/1012/1704 2271/974/551 2273/1014/551
f 2270/962/1705 2272/1013/1706 2274/964/1707
f 2275/1015/1708 2273/1014/551 2271/974/551
f 2275/1015/1708 2271/974/551 2276/968/1709
f 2272/1013/1706 2275/1015/1708 2276/968/1709
f 2272/1013/1706 2276/968/1709 2274/964/1707
f 2277/965/1710 2278/967/1711 2279/969/1711
f 2280/971/1712 2279/969/1711 2278/967/1711
f 2278/967/1711 2277/965/1710 2281/963/1713
f 2282/973/1714 2280/971/1712 2278/967/1711
f 2283/959/1715 2281/963/1713 2277/965/1710
f 2284/975/1716 2280/971/1712 2282/973/1714
f 2281/963/1713 2283/959/1715 2285/961/1715
f 2280/971/1712 2284/975/1716 2286/976/1717
f 2283/959/1715 2287/957/1718 2285/961/1715
f 2284/975/1716 2288/974/1719 2286/976/1717
f 2287/957/1718 2283/959/1715 2289/955/1720
f 2288/974/1719 2284/975/1716 2290/972/1721
f 2289/955/1720 2291/953/1722 2287/957/1718
f 2290/972/1721 2292/968/1723 2288/974/1719
f 2291/953/1722 2289/955/1720 2293/954/1724
f 2292/968/1723 2290/972/1721 2294/970/1725
f 2295/956/1726 2291/953/1722 2293/954/1724
f 2296/966/1727 2292/968/1723 2294/970/1725
f 2291/953/1722 2295/956/1726 2297/958/1728
f 2292/968/1723 2296/966/1727 2298/964/1729
f 2295/956/1726 2299/960/1730 2297/958/1728
f 2299/960/1730 2298/964/1729 2296/966/1727
f 2298/964/1729 2299/960/1730 2300/962/1731
f 2299/960/1730 2295/956/1726 2300/962/1731
f 2301/1004/1732 2302/965/1733 2303/959/1732
f 2304/955/1734 2301/1004/1732 2303/959/1732
f 2302/965/1733 2301/1004/1732 2305/1005/1735
f 2301/1004/1732 2304/955/1734 2306/1006/1736
f 2305/1005/1735 2307/969/1737 2302/965/1733
f 2308/954/1738 2306/1006/1736 2304/955/1734
f 2307/969/1737 2305/1005/1735 2309/1007/1739
f 2310/1008/1740 2306/1006/1736 2308/954/1738
f 2309/1007/1739 2311/971/1741 2307/969/1737
f 2310/1008/1740 2308/954/1738 2312/956/1742
f 2311/971/1741 2309/1007/1739 2313/1009/1743
f 2314/1010/1744 2310/1008/1740 2312/956/1742
f 2315/976/1745 2311/971/1741 2313/1009/1743
f 2312/956/1742 2316/1011/1746 2314/1010/1744
f 2315/976/1745 2313/1009/1743 2317/1012/1747
f 2316/1011/1746 2312/956/1742 2318/962/1748
f 2317/1012/1747 2319/974/513 2315/976/1745
f 2318/962/1748 2320/1013/1749 2316/1011/1746
f 2319/974/513 2317/1012/1747 2321/1014/513
f 2320/1013/1749 2318/962/1748 2322/964/1750
f 2321/1014/513 2323/1015/1751 2319/974/513
f 2319/974/513 2323/1015/1751 2324/968/1752
f 2320/1013/1749 2324/968/1752 2323/1015/1751
f 2324/968/1752 2320/1013/1749 2322/964/1750
f 2325/696/1753 2326/692/1754 2327/71/1755
f 2327/71/1755 2326/692/1754 2328/694/1756
f 2325/696/1753 2327/71/1755 2329/73/1757
f 2327/71/1755 2328/694/1756 2330/1016/1758
f 2329/73/1757 2331/699/1759 2325/696/1753
f 2328/694/1756 2332/1017/1760 2330/1016/1758
f 2331/699/1759 2329/73/1757 2333/1018/1761
f 2332/1017/1760 2328/694/1756 2334/693/1762
f 2333/1018/1761 2335/698/1763 2331/699/1759
f 2336/695/1764 2332/1017/1760 2334/693/1762
f 2335/698/1763 2333/1018/1761 2337/63/1765
f 2332/1017/1760 2336/695/1764 2338/1019/1766
f 2339/62/1767 2335/698/1763 2337/63/1765
f 2338/1019/1766 2336/695/1764 2340/697/1768
f 2335/698/1763 2339/62/1767 2340/697/1768
f 2339/62/1767 2338/1019/1766 2340/697/1768
f 2341/86/1769 2342/919/1770 2343/365/1771
f 2343/365/1771 2344/88/1772 2341/86/1769
f 2343/365/1771 2342/919/1770 2345/363/1773
f 2346/367/1774 2344/88/1772 2343/365/1771
f 2347/920/1775 2345/363/1773 2342/919/1770
f 2346/367/1774 2348/80/1776 2344/88/1772
f 2345/363/1773 2347/920/1775 2349/361/1777
f 2348/80/1776 2346/367/1774 2350/368/1778
f 2347/920/1775 2351/977/1779 2349/361/1777
f 2352/366/1780 2348/80/1776 2350/368/1778
f 2351/977/1779 2353/362/1781 2349/361/1777
f 2348/80/1776 2352/366/1780 2354/83/1782
f 2353/362/1781 2351/977/1779 2355/979/1783
f 2356/978/1784 2353/362/1781 2355/979/1783
f 2352/366/1780 2356/978/1784 2354/83/1782
f 2353/362/1781 2356/978/1784 2357/364/1785
f 2356/978/1784 2352/366/1780 2357/364/1785
f 2358/692/1786 2359/696/1787 2360/71/1788
f 2360/71/1788 2361/694/1789 2358/692/1786
f 2362/73/1790 2360/71/1788 2359/696/1787
f 2361/694/1789 2360/71/1788 2363/1016/1791
f 2364/699/1792 2362/73/1790 2359/696/1787
f 2365/1017/1793 2361/694/1789 2363/1016/1791
f 2362/73/1790 2364/699/1792 2366/1018/1794
f 2361/694/1789 2365/1017/1793 2367/693/1795
f 2368/698/1796 2366/1018/1794 2364/699/1792
f 2365/1017/1793 2369/695/1797 2367/693/1795
f 2366/1018/1794 2368/698/1796 2370/63/1798
f 2365/1017/1793 2371/1019/1799 2369/695/1797
f 2368/698/1796 2372/62/1800 2370/63/1798
f 2371/1019/1799 2373/697/1801 2369/695/1797
f 2372/62/1800 2368/698/1796 2373/697/1801
f 2373/697/1801 2371/1019/1799 2372/62/1800
f 2374/986/1802 2375/980/1803 2376/1020/1804
f 2377/990/1803 2374/986/1802 2376/1020/1804
f 2375/980/1803 2378/982/1803 2376/1020/1804
f 2379/996/1805 2377/990/1803 2376/1020/1804
f 2378/982/1803 2380/983/1802 2376/1020/1804
f 2381/1000/1803 2379/996/1805 2376/1020/1804
f 2380/983/1802 2382/989/1803 2376/1020/1804
f 2383/1003/1802 2381/1000/1803 2376/1020/1804
f 2382/989/1803 2384/993/1805 2376/1020/1804
f 2385/999/1803 2383/1003/1802 2376/1020/1804
f 2386/995/1802 2385/999/1803 2376/1020/1804
f 2384/993/1805 2386/995/1802 2376/1020/1804
f 2387/1021/449 2388/967/449 2389/963/449
f 2387/1021/449 2390/973/449 2388/967/449
f 2391/961/449 2387/1021/449 2389/963/449
f 2392/975/449 2390/973/449 2387/1021/449
f 2391/961/449 2393/957/449 2387/1021/449
f 2392/975/449 2387/1021/449 2394/972/449
f 2393/957/449 2395/953/449 2387/1021/449
f 2396/970/449 2394/972/449 2387/1021/449
f 2397/958/449 2387/1021/449 2395/953/449
f 2396/970/449 2387/1021/449 2398/966/449
f 2399/960/449 2398/966/449 2387/1021/449
f 2397/958/449 2399/960/449 2387/1021/449
f 2400/1021/460 2401/963/460 2402/967/460
f 2400/1021/460 2402/967/460 2403/973/460
f 2404/961/460 2401/963/460 2400/1021/460
f 2405/975/460 2400/1021/460 2403/973/460
f 2404/961/460 2400/1021/460 2406/957/460
f 2405/975/460 2407/972/460 2400/1021/460
f 2406/957/460 2400/1021/460 2408/953/460
f 2409/970/460 2400/1021/460 2407/972/460
f 2410/958/460 2408/953/460 2400/1021/460
f 2409/970/460 2411/966/460 2400/1021/460
f 2412/960/460 2400/1021/460 2411/966/460
f 2410/958/460 2400/1021/460 2412/960/460
