# Blender 5.2.2 LTS
# www.blender.org
mtllib LeftUpperarm.mtl
o LeftUpperarm
v 5.539318 8.224339 10.989331
v 8.080551 1.720814 13.813144
v 5.536617 8.251362 13.433118
v 8.080551 1.720814 13.813144
v 5.539318 8.224339 10.989331
v 8.002811 1.279926 12.110778
v 5.536617 8.251362 13.433118
v 8.080551 1.720814 13.813144
v 7.563435 8.033253 16.627930
v 7.974327 4.015400 11.170391
v 8.002811 1.279926 12.110778
v 5.539318 8.224339 10.989331
v 5.539318 8.224339 10.989331
v 7.972965 4.026814 9.592793
v 7.974327 4.015400 11.170391
v 7.972965 4.026814 9.592793
v 5.539318 8.224339 10.989331
v 5.538887 8.225803 9.478806
v 36.001553 12.104557 9.964092
v 36.178417 8.232151 3.203403
v 36.188313 8.128086 10.753489
v 36.178417 8.232151 3.203403
v 36.001553 12.104557 9.964092
v 36.012241 10.665745 3.082702
v 35.854733 16.100330 6.913920
v 35.596386 14.936909 1.385385
v 35.778324 13.022282 2.644040
v 35.778324 13.022282 2.644040
v 36.001553 12.104557 9.964092
v 35.854733 16.100330 6.913920
v 35.747890 19.008106 2.398048
v 35.475567 16.208179 -0.547722
v 35.596386 14.936909 1.385385
v 35.596386 14.936909 1.385385
v 35.854733 16.100330 6.913920
v 35.747890 19.008106 2.398048
v 36.001553 12.104557 9.964092
v 35.778324 13.022282 2.644040
v 36.012241 10.665745 3.082702
v 38.575871 8.358692 4.887611
v 36.178417 8.232151 3.203403
v 37.202473 8.253986 3.203402
v 5.539314 8.224354 -16.685787
v 8.080551 1.720844 -19.509611
v 8.002811 1.279957 -17.807247
v 8.080551 1.720844 -19.509611
v 5.539314 8.224354 -16.685787
v 5.536606 8.251392 -19.129578
v 5.536606 8.251392 -19.129578
v 7.563423 8.033314 -22.324387
v 8.080551 1.720844 -19.509611
v 7.974327 4.015415 -16.866861
v 5.539314 8.224354 -16.685787
v 8.002811 1.279957 -17.807247
v 7.972965 4.026829 -15.289259
v 5.538883 8.225849 -15.175265
v 5.539314 8.224354 -16.685787
v 7.972965 4.026829 -15.289259
v 5.539314 8.224354 -16.685787
v 7.974327 4.015415 -16.866861
v 36.012241 10.665745 -8.779160
v 36.001553 12.104557 -15.660545
v 36.178417 8.232151 -8.899860
v 36.178417 8.232151 -8.899860
v 36.001553 12.104557 -15.660545
v 36.188313 8.128132 -16.449947
v 35.596394 14.936909 -7.081838
v 35.854733 16.100330 -12.610372
v 35.778324 13.022282 -8.340493
v 36.001553 12.104557 -15.660545
v 35.778324 13.022282 -8.340493
v 35.854733 16.100330 -12.610372
v 35.854733 16.100330 -12.610372
v 35.596394 14.936909 -7.081838
v 35.747890 19.008106 -8.094492
v 35.596394 14.936909 -7.081838
v 35.475567 16.208179 -5.148725
v 35.747890 19.008106 -8.094492
v 36.001553 12.104557 -15.660545
v 36.012241 10.665745 -8.779160
v 35.778324 13.022282 -8.340493
v 38.575871 8.358692 -10.584073
v 37.202473 8.253986 -8.899861
v 36.178417 8.232151 -8.899860
v 6.273247 2.954914 -8.781528
v 6.369476 5.092121 -6.127893
v 5.426399 5.327137 -6.342741
v 5.426399 5.327137 -6.342741
v 5.419876 3.106327 -8.918647
v 6.273247 2.954914 -8.781528
v 5.271187 -0.428982 -9.623220
v 6.273247 2.954914 -8.781528
v 5.419876 3.106327 -8.918647
v 11.152782 13.762775 -13.144609
v 9.081226 13.464741 -12.190927
v 11.443295 13.977161 -12.156937
v 11.443295 13.977161 -12.156937
v 9.081226 13.464741 -12.190927
v 9.595936 13.652302 -11.074471
v 11.692745 -14.077206 -12.109960
v 10.952950 -13.109783 -10.950235
v 12.346550 -13.156017 -11.166907
v 10.952950 -13.109783 -10.950235
v 11.692745 -14.077206 -12.109960
v 10.525719 -13.744564 -11.610739
v 21.306061 5.092121 -6.127893
v 21.402283 2.954914 -8.782017
v 22.249134 5.327137 -6.342741
v 22.249134 5.327137 -6.342741
v 21.402283 2.954914 -8.782017
v 22.255657 3.106327 -8.918647
v 22.404339 -0.428982 -9.623710
v 22.255657 3.106327 -8.918647
v 21.402283 2.954914 -8.782017
v 16.232243 13.977161 -12.156937
v 18.079601 13.652302 -11.074471
v 18.594303 13.464741 -12.190927
v 16.232243 13.977161 -12.156937
v 18.594303 13.464741 -12.190927
v 16.522751 13.762775 -13.144609
v 16.722580 -13.109783 -10.950235
v 15.982784 -14.077206 -12.109960
v 15.328987 -13.156017 -11.166907
v 15.982784 -14.077206 -12.109960
v 16.722580 -13.109783 -10.950235
v 17.149818 -13.744564 -11.610739
v 20.923901 11.920994 -8.516938
v 20.399734 11.661411 -5.967583
v 21.402161 11.075077 -6.412791
v 20.399734 11.661411 -5.967583
v 20.923901 11.920994 -8.516938
v 19.743050 12.814793 -8.953868
v 22.079952 -12.141155 0.583890
v 22.157688 -12.070644 0.578563
v 22.085102 -12.081020 0.613348
v 20.399734 11.661411 -5.967583
v 21.306061 5.092121 -6.127893
v 21.402161 11.075077 -6.412791
v 21.402161 11.075077 -6.412791
v 21.306061 5.092121 -6.127893
v 22.249134 5.327137 -6.342741
v 7.275795 11.661411 -5.967583
v 6.751633 11.920994 -8.516938
v 6.273369 11.075077 -6.412791
v 6.751633 11.920994 -8.516938
v 7.275795 11.661411 -5.967583
v 7.932480 12.814793 -8.953868
v 6.369476 5.092121 -6.127893
v 7.275795 11.661411 -5.967583
v 6.273369 11.075077 -6.412791
v 6.273369 11.075077 -6.412791
v 5.426399 5.327137 -6.342741
v 6.369476 5.092121 -6.127893
v 21.306061 -5.902187 0.219657
v 22.857143 -6.183971 0.199319
v 21.306061 -6.752575 -2.954122
v 21.643673 5.073933 0.280882
v 21.306061 2.768742 2.543032
v 21.306061 5.092121 0.219665
v 6.369476 5.092121 0.219665
v 5.378551 2.802448 2.609132
v 6.031860 5.073933 0.280882
v 18.541565 6.252018 0.503154
v 20.341652 8.005192 1.765091
v 18.210835 7.410267 1.765098
v 20.341652 8.005192 1.765091
v 18.541565 6.252018 0.503154
v 20.715611 6.841511 0.503146
v 20.715611 6.841541 -6.022867
v 18.541565 6.252018 -6.022868
v 20.341663 8.005192 -7.284802
v 18.541565 6.252018 -6.022868
v 18.210850 7.410343 -7.284811
v 20.341663 8.005192 -7.284802
v 20.341663 8.005192 -7.284802
v 29.137012 9.129215 -6.022866
v 20.715611 6.841541 -6.022867
v 29.137012 9.129215 -6.022866
v 20.341663 8.005192 -7.284802
v 28.918728 10.367191 -7.284798
v 20.715611 6.841511 0.503146
v 29.137005 9.129154 0.503151
v 20.341652 8.005192 1.765091
v 28.918728 10.367161 1.765091
v 20.341652 8.005192 1.765091
v 29.137005 9.129154 0.503151
v 6.689056 9.804600 -5.968844
v 5.313667 9.213062 -5.073908
v 6.339325 10.627659 -5.073902
v 5.313667 9.213062 -5.073908
v 6.689056 9.804600 -5.968844
v 5.313679 8.329060 -5.968849
v 5.313679 8.329060 0.449139
v 6.689056 9.804539 0.449132
v 5.313679 9.213047 -0.445804
v 5.313679 9.213047 -0.445804
v 6.689056 9.804539 0.449132
v 6.339306 10.627659 -0.445804
v 6.689056 9.804600 -5.968844
v 17.680130 13.743687 -5.073902
v 17.898899 12.831684 -5.968841
v 17.680130 13.743687 -5.073902
v 6.689056 9.804600 -5.968844
v 6.339325 10.627659 -5.073902
v 17.680130 13.743687 -5.073902
v 6.339325 10.627659 -5.073902
v 17.680130 13.743610 -0.445801
v 6.339306 10.627659 -0.445804
v 17.680130 13.743610 -0.445801
v 6.339325 10.627659 -5.073902
v 17.680130 13.743610 -0.445801
v 6.339306 10.627659 -0.445804
v 6.689056 9.804539 0.449132
v 17.680130 13.743610 -0.445801
v 6.689056 9.804539 0.449132
v 17.898899 12.831684 0.449133
v 34.256207 -12.814465 -6.354821
v 32.761593 7.369450 -12.424117
v 35.077618 -12.744183 -6.354808
v 35.077618 -12.744183 -6.354808
v 32.761593 7.369450 -12.424117
v 33.583508 7.439716 -12.424106
v 35.077618 -12.744213 0.658342
v 33.583508 7.439716 6.727668
v 32.761593 7.369450 6.727666
v 32.761593 7.369450 6.727666
v 34.256207 -12.814495 0.658343
v 35.077618 -12.744213 0.658342
v 32.446461 11.475971 -2.848227
v 32.761593 7.369450 6.727666
v 32.454372 11.372669 6.978252
v 32.454372 11.372669 6.978252
v 28.836674 11.199177 -2.848228
v 32.446461 11.475971 -2.848227
v 28.836674 11.199177 -2.848228
v 32.454372 11.372669 6.978252
v 28.827351 11.320576 10.589634
v 34.673031 11.778095 10.592270
v 28.827351 11.320576 10.589634
v 32.454372 11.372669 6.978252
v 34.673031 11.778095 10.592270
v 32.454372 11.372669 6.978252
v 33.276417 11.442982 6.978252
v 32.446461 11.475971 -2.848227
v 32.454372 11.372669 -12.674696
v 32.761593 7.369450 -12.424117
v 28.836674 11.199177 -2.848228
v 32.454372 11.372669 -12.674696
v 32.446461 11.475971 -2.848227
v 32.454372 11.372669 -12.674696
v 28.836674 11.199177 -2.848228
v 28.827351 11.320576 -16.286089
v 34.673031 11.778095 -16.288729
v 33.276424 11.442982 -12.674692
v 32.454372 11.372669 -12.674696
v 32.454372 11.372669 -12.674696
v 28.827351 11.320576 -16.286089
v 34.673031 11.778095 -16.288729
v 34.924717 4.996952 12.813149
v 32.809368 3.356174 12.659698
v 34.915333 5.095707 10.641934
v 32.800442 3.449558 10.530387
v 34.915333 5.095707 10.641934
v 36.198193 8.024082 12.966605
v 34.924717 4.996952 12.813149
v 36.188313 8.128086 10.753489
v 35.747890 19.008106 2.398048
v 35.708561 20.087193 -2.848221
v 35.475567 16.208179 -0.547722
v 35.440838 16.573399 -2.848225
v 34.915333 5.095737 -16.338398
v 32.800442 3.449589 -16.226851
v 32.809368 3.356190 -18.356163
v 34.924717 4.996967 -18.509615
v 34.915333 5.095737 -16.338398
v 36.198193 8.024113 -18.663065
v 36.188313 8.128132 -16.449947
v 34.924717 4.996967 -18.509615
v 35.708561 20.087193 -2.848221
v 35.747890 19.008106 -8.094492
v 35.475567 16.208179 -5.148725
v 35.440838 16.573399 -2.848225
v 13.837765 13.878544 -13.593273
v 11.152782 13.762775 -13.144609
v 13.837765 14.117466 -12.648694
v 11.443295 13.977161 -12.156937
v 13.837765 14.117466 -12.648694
v 16.232243 13.977161 -12.156937
v 16.522751 13.762775 -13.144609
v 13.837765 13.878544 -13.593273
v 7.730663 2.768803 2.544804
v 5.378551 2.802448 2.609132
v 6.369476 5.092121 0.219665
v 7.730663 5.092045 0.219559
v 5.313667 9.213062 -5.073908
v 5.313679 9.213047 -0.445804
v 6.339306 10.627659 -0.445804
v 6.339325 10.627659 -5.073902
v 32.761593 7.369450 -12.424117
v 32.454372 11.372669 -12.674696
v 33.583508 7.439716 -12.424106
v 33.276424 11.442982 -12.674692
v 35.012745 19.189945 -5.936978
v 34.466732 21.993244 -2.848208
v 34.965343 19.808262 -2.848211
v 34.533184 21.204700 -6.792340
v 33.583508 7.439716 6.727668
v 32.454372 11.372669 6.978252
v 32.761593 7.369450 6.727666
v 33.276417 11.442982 6.978252
v 34.466732 21.993244 -2.848208
v 35.012745 19.189945 0.240557
v 34.965343 19.808262 -2.848211
v 34.533184 21.204700 1.095922
v 32.761593 7.369450 6.727666
v 34.140934 -11.311657 -2.848244
v 34.256207 -12.814495 0.658343
v 32.446461 11.475971 -2.848227
v 33.276417 11.442982 6.978252
v 35.589725 11.663700 4.823832
v 35.249577 11.706089 6.964236
v 34.673031 11.778095 10.592270
v 32.761593 7.369450 -12.424117
v 34.140934 -11.311657 -2.848244
v 32.446461 11.475971 -2.848227
v 34.256207 -12.814465 -6.354821
v 33.276424 11.442982 -12.674692
v 35.249577 11.706089 -12.660679
v 35.589725 11.663700 -10.520276
v 34.673031 11.778095 -16.288729
v 38.595646 8.150578 12.966601
v 36.198193 8.024082 12.966605
v 36.188313 8.128086 10.753489
v 38.575871 8.358692 4.887611
v 36.178417 8.232151 3.203403
v 5.536606 8.251392 -19.129578
v 5.539314 8.224354 -16.685787
v 5.620895 11.257008 -17.685463
v 5.635880 11.218891 -15.443820
v 5.680798 13.392857 -16.172699
v 5.757587 14.510410 -12.445466
v 5.735451 15.341999 -14.147992
v 5.782425 17.017170 -11.691009
v 5.785873 16.654713 -7.815797
v 5.818832 18.314915 -8.913960
v 5.841843 19.135410 -5.931600
v 5.835861 17.552464 -2.848221
v 5.856861 18.036564 -2.848224
v 5.849869 19.421421 -2.848221
v 7.597149 10.425068 -21.809330
v 7.563423 8.033314 -22.324387
v 5.536606 8.251392 -19.129578
v 7.628571 11.829563 -21.365101
v 5.620895 11.257008 -17.685463
v 7.660000 13.234028 -20.672253
v 5.680798 13.392857 -16.172699
v 7.718697 15.913776 -18.867222
v 5.735451 15.341999 -14.147992
v 7.771557 18.328724 -16.450005
v 5.782425 17.017170 -11.691009
v 7.816616 20.379139 -13.511339
v 5.818832 18.314915 -8.913960
v 7.851315 21.952106 -10.177012
v 5.841843 19.135410 -5.931600
v 7.873199 22.940357 -6.578665
v 5.849869 19.421421 -2.848221
v 7.880775 23.283115 -2.848220
v 11.918358 -6.016933 -14.673353
v 11.918358 -4.044323 -14.567580
v 11.918358 -3.890636 -16.356255
v 11.918358 -6.428448 -16.209267
v 12.368721 -3.831860 -17.027697
v 12.368721 -6.602932 -16.860304
v 13.042721 -3.792614 -17.476336
v 13.042721 -6.719494 -17.295313
v 14.632812 -3.792614 -17.476336
v 14.632812 -6.719494 -17.295313
v 15.306820 -6.602932 -16.860304
v 15.306820 -3.831860 -17.027697
v 15.757175 -6.428448 -16.209259
v 15.757175 -3.890636 -16.356255
v 15.757175 -6.016933 -14.673353
v 15.757175 -4.044323 -14.567580
v 10.683475 -9.717342 -13.047652
v 11.918358 -9.932217 -13.354510
v 10.683475 -11.059124 -14.963883
v 11.918358 -10.844250 -14.657038
v 11.478428 -11.741497 -15.938436
v 12.368721 -11.230846 -15.209137
v 12.668129 -12.197460 -16.589619
v 13.042721 -11.489162 -15.578055
v 14.632812 -11.489162 -15.578055
v 15.007408 -12.197460 -16.589619
v 15.306820 -11.230846 -15.209137
v 16.197121 -11.741497 -15.938430
v 15.757175 -10.844250 -14.657030
v 16.992054 -11.059109 -14.963883
v 15.757175 -9.932217 -13.354510
v 16.992050 -9.717342 -13.047652
v 10.683475 -5.919994 -14.311518
v 11.918358 -6.016933 -14.673353
v 10.683475 -6.525433 -16.571095
v 11.918358 -6.428448 -16.209267
v 11.478428 -6.833355 -17.720266
v 12.368721 -6.602932 -16.860304
v 13.042721 -6.719494 -17.295313
v 12.668125 -7.039089 -18.488119
v 15.007408 -7.039089 -18.488119
v 14.632812 -6.719494 -17.295313
v 16.197121 -6.833355 -17.720266
v 15.306820 -6.602932 -16.860304
v 15.757175 -6.428448 -16.209259
v 16.992054 -6.525433 -16.571087
v 15.757175 -6.016933 -14.673353
v 16.992050 -5.919994 -14.311518
v 10.683475 2.446110 -13.196313
v 11.918358 2.574253 -13.548323
v 10.683475 3.246220 -15.394521
v 11.918358 3.118046 -15.042512
v 11.478428 3.653111 -16.512486
v 12.368721 3.348606 -15.675870
v 12.668129 3.925007 -17.259470
v 13.042721 3.502628 -16.099060
v 14.632812 3.502628 -16.099060
v 15.007408 3.925007 -17.259470
v 15.306820 3.348606 -15.675870
v 16.197121 3.653111 -16.512472
v 15.757175 3.118046 -15.042512
v 16.992054 3.246220 -15.394521
v 16.992050 2.446110 -13.196313
v 15.757175 2.574253 -13.548323
v 13.837765 -32.184109 -11.292799
v 12.706635 -31.925777 -10.439773
v 13.837765 -31.616619 -10.354403
v 12.131298 -30.675274 -10.431906
v 12.601082 -30.125927 -9.555919
v 12.150276 -30.258434 -9.500046
v 8.053333 4.162540 -13.385024
v 6.394539 4.166492 -12.725935
v 6.986889 4.633244 -14.222300
v 9.595936 4.670719 -14.853981
v 9.081192 5.459309 -15.845975
v 11.443264 5.120411 -16.033882
v 11.152889 5.882572 -16.896917
v 13.837765 5.343876 -16.674389
v 13.837765 6.081654 -17.467451
v 20.715839 -13.335201 -10.116587
v 18.603146 -13.649029 -10.627056
v 18.666264 -10.799938 -11.877702
v 20.717018 -10.103008 -11.672845
v 18.689823 -8.832638 -13.740252
v 20.796764 -8.550823 -13.249556
v 18.793034 -19.940060 4.705074
v 15.780151 -23.293438 4.172852
v 18.406834 -19.785397 3.159413
v 21.254936 -18.168636 0.842430
v 20.870903 -18.323803 -0.013853
v 21.616528 -17.552303 -2.067587
v 21.849239 -21.731350 -5.548792
v 22.375088 -17.541576 -4.784442
v 22.447842 -18.421215 -2.393895
v 21.914471 -22.630169 -3.782634
v 22.156704 -19.364025 -0.170786
v 21.626713 -23.741528 -1.481551
v 19.475277 -20.946789 3.598373
v 19.760601 -25.416332 2.408917
v 16.876003 -23.118450 4.345223
v 16.694069 -25.041348 4.180449
v 13.837765 11.661457 -5.967644
v 20.399734 11.661411 -5.967583
v 19.743050 12.814793 -8.953868
v 13.837765 12.814762 -8.953762
v 18.079601 13.652302 -11.074471
v 13.837765 13.652302 -11.074474
v 16.232243 13.977161 -12.156937
v 13.837765 14.117466 -12.648694
v 13.837765 10.198124 6.407798
v 13.837765 9.027348 4.982211
v 10.980251 9.920475 6.121313
v 9.257572 8.388386 3.684332
v 8.792248 8.904835 4.822284
v 7.055302 7.164417 2.831644
v 8.490368 6.756077 1.853575
v 6.369476 5.092121 0.219665
v 7.723175 5.123768 0.022819
v 6.031860 5.073933 0.280882
v 9.257572 8.388386 3.684332
v 10.024517 9.715519 2.083082
v 8.490368 6.756077 1.853575
v 9.351200 10.571781 -0.455897
v 7.723175 5.123768 0.022819
v 7.693356 6.096882 -2.962853
v 9.267826 10.729877 -2.885931
v 7.659477 5.176853 -5.996683
v 9.270718 10.316273 -5.867310
v 13.837765 11.414600 -2.885808
v 13.837765 10.874195 -5.867218
v 13.837765 11.255070 -0.426063
v 10.024517 9.715519 2.083082
v 13.837765 10.285084 2.785501
v 9.257572 8.388386 3.684332
v 13.837765 9.027348 4.982211
v 6.059013 -17.552303 -2.067587
v 6.804630 -18.323803 -0.013853
v 6.420593 -18.168636 0.842430
v 9.268696 -19.785397 3.159413
v 8.882496 -19.940060 4.705074
v 11.895382 -23.293438 4.172852
v 21.306061 2.768742 2.543032
v 21.643673 5.073933 0.280882
v 22.296398 2.802448 2.607181
v 21.306061 -0.405025 3.393443
v 22.581310 -0.416256 3.615691
v 21.306061 -3.578777 2.543028
v 22.702984 -3.677471 2.619231
v 21.306061 -5.902187 0.219657
v 22.857143 -6.183971 0.199319
v 21.402283 2.954914 -8.782017
v 21.306061 5.092121 -6.127893
v 21.306061 2.768742 -8.451264
v 22.404339 -0.428982 -9.623710
v 21.306061 -0.405025 -9.301680
v 21.306061 -3.578777 -8.451268
v 22.302616 -3.757641 -8.683015
v 22.254910 -5.985943 -6.408352
v 21.306061 -5.902172 -6.127901
v 23.082233 -6.898602 -2.908132
v 21.306061 -6.752575 -2.954122
v 22.857143 -6.183971 0.199319
v 8.208023 -40.118038 -6.496803
v 6.051338 -40.118038 -6.496803
v 6.051338 -38.227901 -8.386908
v 8.208023 -38.227901 -8.386908
v 6.051338 -35.645977 -9.078736
v 8.208023 -35.645977 -9.078736
v 6.051338 -33.064037 -8.386905
v 8.208023 -33.064037 -8.386905
v 6.051338 -31.173946 -6.496796
v 8.208023 -31.173946 -6.496796
v 6.051338 -30.482128 -3.914862
v 8.208023 -30.482128 -3.914862
v 6.051338 -31.173962 -1.332927
v 8.208023 -31.173962 -1.332927
v 6.051338 -33.064053 0.557180
v 8.208023 -33.064053 0.557180
v 6.051338 -35.645977 1.249004
v 8.208023 -35.645977 1.249004
v 6.051338 -38.227901 0.557177
v 8.208023 -38.227901 0.557177
v 6.051338 -40.118038 -1.332934
v 8.208023 -40.118038 -1.332934
v 6.051338 -40.809856 -3.914869
v 8.208023 -40.809856 -3.914869
v 6.051338 -40.118038 -6.496803
v 8.208023 -40.118038 -6.496803
v 13.837765 -39.267544 -6.005763
v 8.208023 -39.267544 -6.005763
v 8.208023 -37.736858 -7.536404
v 13.837765 -37.736858 -7.536404
v 8.208023 -35.645977 -8.096657
v 13.837765 -35.645977 -8.096657
v 8.208023 -33.555065 -7.536401
v 13.837765 -33.555065 -7.536401
v 8.208023 -32.024441 -6.005757
v 13.837765 -32.024441 -6.005757
v 8.208023 -31.464184 -3.914863
v 13.837765 -31.464184 -3.914863
v 8.208023 -32.024441 -1.823968
v 13.837765 -32.024441 -1.823968
v 8.208023 -33.555096 -0.293325
v 13.837765 -33.555096 -0.293325
v 8.208023 -35.645977 0.266925
v 13.837765 -35.645977 0.266925
v 8.208023 -37.736858 -0.293328
v 13.837765 -37.736858 -0.293328
v 8.208023 -39.267544 -1.823973
v 13.837765 -39.267544 -1.823973
v 8.208023 -39.827770 -3.914868
v 13.837765 -39.827770 -3.914868
v 8.208023 -39.267544 -6.005763
v 13.837765 -39.267544 -6.005763
v 6.051338 -39.836391 -6.334201
v 4.407291 -39.836391 -6.334201
v 4.407291 -38.065304 -8.105273
v 6.051338 -38.065304 -8.105273
v 4.407291 -35.645977 -8.753531
v 6.051338 -35.645977 -8.753531
v 4.407291 -33.226620 -8.105270
v 6.051338 -33.226620 -8.105270
v 4.407291 -31.455578 -6.334196
v 6.051338 -31.455578 -6.334196
v 4.407291 -30.807339 -3.914862
v 6.051338 -30.807339 -3.914862
v 4.407291 -31.455578 -1.495529
v 6.051338 -31.455578 -1.495529
v 4.407291 -33.226620 0.275544
v 6.051338 -33.226620 0.275544
v 4.407291 -35.645977 0.923801
v 6.051338 -35.645977 0.923801
v 4.407291 -38.065304 0.275541
v 6.051338 -38.065304 0.275541
v 4.407291 -39.836391 -1.495535
v 6.051338 -39.836391 -1.495535
v 4.407291 -40.484646 -3.914869
v 6.051338 -40.484646 -3.914869
v 4.407291 -39.836391 -6.334201
v 6.051338 -39.836391 -6.334201
v 7.060150 2.238316 -1.165055
v 11.893757 2.238316 -1.165062
v 7.060150 2.662251 -2.747102
v 11.893757 2.662220 -2.747110
v 7.060150 2.238316 -4.329154
v 11.893757 2.238316 -4.329161
v 7.060150 1.080204 -5.487299
v 11.893757 1.080173 -5.487302
v 7.060150 -0.501858 -5.911211
v 11.893757 -0.501873 -5.911214
v 7.060150 -2.083920 -5.487301
v 11.893757 -2.083935 -5.487305
v 11.893757 -3.242046 -4.329165
v 7.060150 -3.242031 -4.329158
v 11.893757 -3.665981 -2.747114
v 7.060150 -3.665981 -2.747107
v 11.893757 -3.242046 -1.165066
v 7.060150 -3.242031 -1.165059
v 11.893757 -2.083935 -0.006924
v 7.060150 -2.083920 -0.006917
v 11.893757 -0.501873 0.416986
v 7.060150 -0.501858 0.416993
v 11.893757 1.080173 -0.006922
v 7.060150 1.080204 -0.006915
v 7.060150 2.238316 -1.165055
v 11.893757 2.238316 -1.165062
v 5.278854 3.947697 -0.178148
v 7.055477 3.947697 -0.178148
v 5.278854 4.636036 -2.747102
v 7.055477 4.636036 -2.747105
v 5.278854 3.947697 -5.316058
v 7.055477 3.947697 -5.316058
v 5.278854 2.067081 -7.196668
v 7.055477 2.067081 -7.196668
v 5.278854 -0.501858 -7.885015
v 7.055477 -0.501858 -7.885018
v 5.278854 -3.070782 -7.196671
v 7.055477 -3.070782 -7.196671
v 5.278858 -4.951427 -5.316065
v 7.055477 -4.951427 -5.316065
v 7.055477 -5.639751 -2.747112
v 5.278858 -5.639751 -2.747108
v 7.055477 -4.951427 -0.178154
v 5.278858 -4.951427 -0.178154
v 7.055477 -3.070782 1.702451
v 5.278854 -3.070782 1.702455
v 5.278854 -0.501858 2.390803
v 7.055477 -0.501858 2.390803
v 5.278854 2.067081 1.702458
v 7.055477 2.067081 1.702455
v 5.278854 3.947697 -0.178148
v 7.055477 3.947697 -0.178148
v 16.620110 15.402119 -7.489872
v 16.620090 15.402119 1.970170
v 18.665943 15.950245 1.970164
v 18.665943 15.950245 -7.489862
v 28.093082 17.472019 1.970161
v 28.093098 17.472019 -7.489851
v 16.620090 15.402119 1.970170
v 16.620110 15.402119 -7.489872
v 17.293175 11.322788 -7.489876
v 17.293163 11.322758 1.970167
v 18.210850 7.410343 -7.284811
v 18.210835 7.410267 1.765098
v 18.541565 6.252018 0.503154
v 18.541565 6.252018 -6.022868
v 5.313679 2.186420 -5.968854
v 5.313679 8.329060 -5.968849
v 8.562191 2.139194 -5.968850
v 6.689056 9.804600 -5.968844
v 9.434456 5.239353 -5.968848
v 17.898899 12.831684 -5.968841
v 18.861195 8.069553 -5.968844
v 35.829617 8.534351 -10.333549
v 35.736118 9.753757 -7.382387
v 35.859310 8.146824 -6.318522
v 37.340710 -11.872936 -4.682246
v 35.941631 7.073063 -4.726339
v 37.280415 -11.086468 -2.848231
v 35.970524 6.696018 -2.848227
v 35.941624 7.073063 -0.970111
v 37.340710 -11.872952 -1.014216
v 35.859310 8.146824 0.622073
v 35.829617 8.534351 4.637115
v 35.736118 9.753757 1.685938
v 38.575871 8.358692 -10.584073
v 37.036297 10.687565 -8.779160
v 37.202473 8.253986 -8.899861
v 38.344372 10.975361 -10.454959
v 36.802395 13.044178 -8.340493
v 38.075130 13.703526 -9.924474
v 36.620441 14.958683 -7.081838
v 37.832096 16.260777 -8.302823
v 36.499599 16.229984 -5.148726
v 37.670712 17.958881 -5.812195
v 37.624355 18.446796 -2.848225
v 36.464901 16.595234 -2.848224
v 36.499599 16.229984 -0.547723
v 37.670712 17.958881 0.115747
v 37.832096 16.260777 2.606375
v 36.620441 14.958683 1.385388
v 38.075130 13.703526 4.228023
v 36.802395 13.044178 2.644040
v 38.344372 10.975361 4.758504
v 37.036297 10.687565 3.082707
v 38.575871 8.358692 4.887611
v 37.202473 8.253986 3.203402
v 5.620895 11.256977 11.989009
v 5.539318 8.224339 10.989331
v 5.536617 8.251362 13.433118
v 5.635880 11.218891 9.747365
v 5.680798 13.392841 10.476249
v 5.757587 14.510410 6.749011
v 5.735447 15.341984 8.451541
v 5.782433 17.017170 5.994557
v 5.785873 16.654713 2.119352
v 5.818840 18.314915 3.217514
v 5.841843 19.135410 0.235156
v 5.835861 17.552464 -2.848221
v 5.856861 18.036564 -2.848224
v 5.849869 19.421421 -2.848221
v 7.597149 10.425022 16.112869
v 5.536617 8.251362 13.433118
v 7.563435 8.033253 16.627930
v 7.628571 11.829517 15.668647
v 5.620895 11.256977 11.989009
v 7.660000 13.233997 14.975797
v 5.680798 13.392841 10.476249
v 7.718685 15.913761 13.170774
v 5.735447 15.341984 8.451541
v 7.771557 18.328709 10.753558
v 5.782433 17.017170 5.994557
v 7.816616 20.379108 7.814895
v 5.818840 18.314915 3.217514
v 7.851315 21.952091 4.480571
v 5.841843 19.135410 0.235156
v 7.873199 22.940357 0.882226
v 5.849869 19.421421 -2.848221
v 7.880775 23.283115 -2.848220
v 5.635880 11.218891 9.747365
v 5.538887 8.225803 9.478806
v 5.539318 8.224339 10.989331
v 5.635429 11.221012 8.372558
v 5.757587 14.510410 6.749011
v 5.697563 13.833363 5.701229
v 5.785873 16.654713 2.119352
v 5.730965 15.599415 1.746342
v 5.835861 17.552464 -2.848221
v 5.749012 16.315556 -2.848224
v 37.425625 4.401295 15.070769
v 38.595646 8.150578 12.966601
v 38.600368 8.101093 14.889117
v 37.388691 3.979252 13.239909
v 35.196461 2.086140 15.051085
v 35.411045 1.925327 13.224233
v 35.159542 1.664127 13.222239
v 32.276142 0.997562 14.952523
v 32.239216 0.575535 13.133744
v 26.227245 1.178379 14.667678
v 26.180126 0.751637 12.878001
v 20.178349 1.359180 14.382834
v 20.121014 0.927738 12.622262
v 14.129452 1.540012 14.097987
v 14.061916 1.103825 12.366519
v 8.080551 1.720814 13.813144
v 8.002811 1.279926 12.110778
v 37.036297 10.687565 3.082707
v 37.202473 8.253986 3.203402
v 36.178417 8.232151 3.203403
v 36.012241 10.665745 3.082702
v 36.802395 13.044178 2.644040
v 35.778324 13.022282 2.644040
v 36.620441 14.958683 1.385388
v 35.596386 14.936909 1.385385
v 36.499599 16.229984 -0.547723
v 35.475567 16.208179 -0.547722
v 36.464901 16.595234 -2.848224
v 35.440838 16.573399 -2.848225
v 35.651585 25.251209 -2.848219
v 36.208401 25.728230 -1.658047
v 36.467953 25.536137 -2.848218
v 35.436848 25.400318 -1.881013
v 35.545071 26.292362 -0.785898
v 34.889141 25.866154 -1.160864
v 34.648655 27.076496 -0.462630
v 34.148853 26.513660 -0.893904
v 33.413776 27.185535 -1.160999
v 33.761196 27.880680 -0.775421
v 32.883617 27.690845 -1.881009
v 33.119686 28.492100 -1.646654
v 32.702457 27.898212 -2.848216
v 32.897366 28.740849 -2.848215
v 36.208401 25.728230 -1.658047
v 36.987652 25.069660 -2.848219
v 36.467953 25.536137 -2.848218
v 36.996838 24.973072 0.640105
v 35.545071 26.292362 -0.785898
v 34.648655 27.076496 -0.462630
v 32.300045 29.108341 1.269848
v 33.761196 27.880680 -0.775421
v 33.119686 28.492100 -1.646654
v 32.897366 28.740849 -2.848215
v 32.056454 29.495579 -2.848215
v 37.091946 23.972340 3.988324
v 32.432011 27.940739 5.229305
v 36.675755 23.330997 6.181186
v 36.000034 24.237476 5.689804
v 36.956135 22.582905 7.158778
v 35.109623 25.070103 5.783361
v 37.246830 22.342442 7.059232
v 34.234402 25.620731 6.434296
v 36.640926 22.137074 8.258868
v 33.600216 25.751118 7.482453
v 37.454937 20.152882 9.733070
v 33.367687 25.406971 8.656702
v 35.927250 22.184696 9.276628
v 32.642200 26.037083 8.874806
v 35.014690 22.721043 9.928791
v 32.925694 23.473469 12.070785
v 33.536083 24.579792 9.570220
v 34.139835 23.597843 10.036551
v 33.274769 20.330769 14.690665
v 37.709011 17.479511 11.898086
v 36.473400 17.344257 13.282851
v 37.235271 16.408421 13.054721
v 35.556835 17.831684 13.926576
v 37.645794 15.272587 13.316123
v 34.741924 17.759678 14.828635
v 38.001598 14.401081 13.473470
v 34.237934 17.146641 15.757400
v 37.534145 14.197300 14.039714
v 33.683865 16.682346 16.641682
v 38.317799 11.074039 14.419566
v 34.157673 16.132023 16.442604
v 36.978199 13.576038 14.858474
v 34.116512 12.707172 18.179642
v 36.140202 13.500202 15.762538
v 34.506657 14.975666 16.667847
v 35.232769 14.013065 16.421772
v 34.464344 10.522846 18.675823
v 38.600368 8.101093 14.889117
v 34.158161 9.694736 18.764072
v 37.425625 4.401295 15.070769
v 32.844913 8.245960 18.761379
v 35.196461 2.086140 15.051085
v 30.854252 7.494556 18.687172
v 32.276142 0.997562 14.952523
v 26.227245 1.178379 14.667678
v 25.089207 7.629246 18.394627
v 20.178349 1.359180 14.382834
v 19.324150 7.763905 17.894543
v 14.129452 1.540012 14.097987
v 13.559105 7.898579 17.345009
v 8.080551 1.720814 13.813144
v 7.563435 8.033253 16.627930
v 5.538883 8.225849 -15.175265
v 5.635880 11.218891 -15.443820
v 5.539314 8.224354 -16.685787
v 5.635429 11.221012 -14.069014
v 5.757587 14.510410 -12.445466
v 5.697563 13.833363 -11.397678
v 5.785873 16.654713 -7.815797
v 5.730965 15.599415 -7.442787
v 5.835861 17.552464 -2.848221
v 5.749012 16.315556 -2.848224
v 38.595646 8.150639 -18.663061
v 37.425625 4.401310 -20.767235
v 38.600368 8.101124 -20.585575
v 37.388699 3.979298 -18.936378
v 35.196461 2.086170 -20.747559
v 35.411045 1.925358 -18.920702
v 35.159542 1.664143 -18.918707
v 32.276142 0.997608 -20.648996
v 32.239216 0.575550 -18.830217
v 26.227245 1.178410 -20.364151
v 26.180126 0.751652 -18.574476
v 20.178349 1.359196 -20.079306
v 20.121014 0.927753 -18.318733
v 14.129452 1.540043 -19.794458
v 14.061916 1.103840 -18.062990
v 8.080551 1.720844 -19.509611
v 8.002811 1.279957 -17.807247
v 38.595646 8.150639 -18.663061
v 36.188313 8.128132 -16.449947
v 36.198193 8.024113 -18.663065
v 38.575871 8.358692 -10.584073
v 36.178417 8.232151 -8.899860
v 37.036297 10.687565 -8.779160
v 36.178417 8.232151 -8.899860
v 37.202473 8.253986 -8.899861
v 36.012241 10.665745 -8.779160
v 36.802395 13.044178 -8.340493
v 35.778324 13.022282 -8.340493
v 36.620441 14.958683 -7.081838
v 35.596394 14.936909 -7.081838
v 36.499599 16.229984 -5.148726
v 35.475567 16.208179 -5.148725
v 36.464901 16.595234 -2.848224
v 35.440838 16.573399 -2.848225
v 36.467953 25.536137 -2.848218
v 36.208393 25.728230 -4.038389
v 35.651585 25.251209 -2.848219
v 35.436848 25.400318 -3.815423
v 35.545071 26.292362 -4.910537
v 34.889141 25.866154 -4.535573
v 34.648655 27.076496 -5.233802
v 34.148853 26.513660 -4.802532
v 33.413776 27.185535 -4.535435
v 33.761196 27.880680 -4.921013
v 32.883617 27.690845 -3.815423
v 33.119686 28.492100 -4.049778
v 32.702457 27.898212 -2.848216
v 32.897366 28.740849 -2.848215
v 36.987652 25.069660 -2.848219
v 36.208393 25.728230 -4.038389
v 36.467953 25.536137 -2.848218
v 36.996838 24.973072 -6.336538
v 35.545071 26.292362 -4.910537
v 34.648655 27.076496 -5.233802
v 32.300045 29.108356 -6.966279
v 33.761196 27.880680 -4.921013
v 33.119686 28.492100 -4.049778
v 32.897366 28.740849 -2.848215
v 32.056454 29.495579 -2.848215
v 37.091946 23.972370 -9.684759
v 32.432011 27.940754 -10.925738
v 36.675755 23.331013 -11.877623
v 36.000027 24.237507 -11.386241
v 36.956135 22.582935 -12.855218
v 35.109623 25.070133 -11.479795
v 37.246830 22.342457 -12.755670
v 34.234402 25.620747 -12.130732
v 36.640926 22.137089 -13.955307
v 33.600216 25.751163 -13.178889
v 37.454937 20.152897 -15.429510
v 33.367695 25.406986 -14.353134
v 35.927242 22.184727 -14.973069
v 32.642200 26.037098 -14.571239
v 35.014690 22.721058 -15.625233
v 32.925694 23.473484 -17.767220
v 33.536083 24.579807 -15.266661
v 34.139835 23.597858 -15.732987
v 33.274769 20.330814 -20.387110
v 37.709011 17.479527 -17.594530
v 36.473400 17.344273 -18.979298
v 37.235271 16.408436 -18.751169
v 35.556850 17.831699 -19.623022
v 37.645794 15.272602 -19.012571
v 34.741924 17.759693 -20.525080
v 38.001598 14.401142 -19.169922
v 34.237934 17.146671 -21.453850
v 37.534145 14.197346 -19.736168
v 33.683865 16.682407 -22.338131
v 38.317799 11.074100 -20.116020
v 34.157673 16.132053 -22.139053
v 36.978199 13.576084 -20.554924
v 34.116512 12.707218 -23.876087
v 36.140202 13.500248 -21.458988
v 34.506657 14.975712 -22.364296
v 35.232792 14.013111 -22.118221
v 34.464352 10.522877 -24.372280
v 38.600368 8.101124 -20.585575
v 34.158161 9.694767 -24.460529
v 37.425625 4.401310 -20.767235
v 32.844913 8.246006 -24.457840
v 35.196461 2.086170 -20.747559
v 30.854252 7.494617 -24.383633
v 32.276142 0.997608 -20.648996
v 26.227245 1.178410 -20.364151
v 25.089207 7.629276 -24.091087
v 20.178349 1.359196 -20.079306
v 19.324150 7.763966 -23.591003
v 14.129452 1.540043 -19.794458
v 13.559101 7.898640 -23.041466
v 8.080551 1.720844 -19.509611
v 7.563423 8.033314 -22.324387
v 32.800442 3.449589 -16.226851
v 26.600605 3.520985 -17.983837
v 32.809368 3.356190 -18.356163
v 26.593571 3.593906 -15.992454
v 20.391846 3.685795 -17.611511
v 20.386703 3.738209 -15.758054
v 14.183083 3.850620 -17.239185
v 14.179836 3.882526 -15.523658
v 7.974327 4.015415 -16.866861
v 7.972965 4.026829 -15.289259
v 32.809368 3.356174 12.659698
v 26.600605 3.520954 12.287372
v 32.800442 3.449558 10.530387
v 26.593571 3.593891 10.295988
v 20.391846 3.685780 11.915042
v 20.386703 3.738194 10.061589
v 14.183083 3.850590 11.542716
v 14.179836 3.882481 9.827192
v 7.974327 4.015400 11.170391
v 7.972965 4.026814 9.592793
v 11.918358 -11.917187 -11.964636
v 11.918358 -15.100323 -10.992536
v 11.918358 -13.797832 -10.080498
v 11.918358 -12.829189 -13.267162
v 12.368721 -15.652447 -11.379133
v 12.368721 -13.215786 -13.819275
v 13.042721 -16.021343 -11.637449
v 13.042721 -13.474102 -14.188179
v 14.632812 -13.474102 -14.188179
v 14.632812 -16.021343 -11.637449
v 15.306820 -13.215786 -13.819275
v 15.306820 -15.652447 -11.379133
v 15.757175 -12.829189 -13.267156
v 15.757175 -15.100323 -10.992536
v 15.757175 -11.917187 -11.964636
v 15.757175 -13.797832 -10.080498
v 10.683475 -9.717342 -13.047652
v 10.683475 -13.044033 -13.574009
v 10.683475 -11.702282 -11.657782
v 10.683475 -11.059124 -14.963883
v 11.478416 -13.726437 -14.548568
v 11.478428 -11.741497 -15.938436
v 12.668129 -12.197460 -16.589619
v 12.668129 -14.182415 -15.199730
v 15.007408 -12.197460 -16.589619
v 15.007408 -14.182415 -15.199730
v 16.197113 -13.726437 -14.548568
v 16.197121 -11.741497 -15.938430
v 16.992054 -13.044033 -13.574009
v 16.992054 -11.059109 -14.963883
v 16.992050 -9.717342 -13.047652
v 16.992054 -11.702282 -11.657788
v 11.918358 -8.357510 -14.046189
v 11.918358 -8.769054 -15.582108
v 11.918358 -9.932217 -13.354510
v 11.918358 -10.844250 -14.657038
v 12.368721 -8.943508 -16.233139
v 12.368721 -11.230846 -15.209137
v 13.042721 -9.060116 -16.668158
v 13.042721 -11.489162 -15.578055
v 14.632812 -9.060116 -16.668158
v 14.632812 -11.489162 -15.578055
v 15.306820 -11.230846 -15.209137
v 15.306820 -8.943508 -16.233139
v 15.757175 -10.844250 -14.657030
v 15.757175 -8.769054 -15.582095
v 15.757175 -9.932217 -13.354510
v 15.757175 -8.357510 -14.046189
v 10.683475 -5.919994 -14.311518
v 10.683475 -8.866024 -15.943932
v 10.683475 -8.260601 -13.684354
v 10.683475 -6.525433 -16.571095
v 11.478428 -9.173946 -17.093117
v 11.478428 -6.833355 -17.720266
v 12.668125 -7.039089 -18.488119
v 12.668125 -9.379696 -17.860949
v 15.007408 -7.039089 -18.488119
v 15.007420 -9.379696 -17.860949
v 16.197113 -9.173946 -17.093111
v 16.197121 -6.833355 -17.720266
v 16.992054 -6.525433 -16.571087
v 16.992054 -8.866024 -15.943932
v 16.992054 -8.260601 -13.684368
v 16.992050 -5.919994 -14.311518
v 10.683475 -1.647900 -14.187844
v 10.683475 -3.857983 -16.729429
v 10.683475 -4.061871 -14.399038
v 10.683475 -1.443996 -16.518240
v 11.478416 -3.754284 -17.914598
v 11.478428 -1.340313 -17.703417
v 12.668129 -3.685009 -18.706516
v 12.668129 -1.271053 -18.495327
v 15.007408 -1.271053 -18.495327
v 15.007408 -3.685009 -18.706516
v 16.197121 -1.340313 -17.703403
v 16.197113 -3.754284 -17.914604
v 16.992054 -3.857983 -16.729429
v 16.992054 -1.443996 -16.518225
v 16.992050 -1.647900 -14.187857
v 16.992054 -4.061871 -14.399038
v 11.918358 0.211994 -14.194329
v 11.918358 -1.476681 -16.145061
v 11.934399 -1.630642 -14.297194
v 11.918358 0.841022 -15.871289
v 12.368721 -1.417934 -16.816496
v 12.368721 1.071552 -16.504650
v 13.042721 -1.378658 -17.265148
v 13.042721 1.225620 -16.927855
v 14.632812 1.225620 -16.927855
v 14.632812 -1.378658 -17.265148
v 15.306820 1.071552 -16.504650
v 15.306820 -1.417934 -16.816496
v 15.757175 0.841022 -15.871289
v 15.757175 -1.476681 -16.145061
v 15.757175 0.211994 -14.194329
v 15.741127 -1.630642 -14.297194
v 16.992054 0.169102 -14.025091
v 16.992054 3.246220 -15.394521
v 16.992050 2.446110 -13.196313
v 16.992054 0.969181 -16.223299
v 16.197121 3.653111 -16.512472
v 16.197113 1.376057 -17.341259
v 15.007408 1.647968 -18.088251
v 15.007408 3.925007 -17.259470
v 12.668129 1.647968 -18.088251
v 12.668129 3.925007 -17.259470
v 11.478428 3.653111 -16.512486
v 11.478416 1.376057 -17.341251
v 10.683475 3.246220 -15.394521
v 10.683475 0.969181 -16.223299
v 10.683475 0.169102 -14.025091
v 10.683475 2.446110 -13.196313
v 10.683475 -13.044033 -13.574009
v 11.918358 -11.917187 -11.964636
v 10.683475 -11.702282 -11.657782
v 11.918358 -12.829189 -13.267162
v 11.478416 -13.726437 -14.548568
v 12.368721 -13.215786 -13.819275
v 12.668129 -14.182415 -15.199730
v 13.042721 -13.474102 -14.188179
v 14.632812 -13.474102 -14.188179
v 15.007408 -14.182415 -15.199730
v 15.306820 -13.215786 -13.819275
v 16.197113 -13.726437 -14.548568
v 15.757175 -12.829189 -13.267156
v 16.992054 -13.044033 -13.574009
v 16.992054 -11.702282 -11.657788
v 15.757175 -11.917187 -11.964636
v 10.683475 -8.866024 -15.943932
v 11.918358 -8.357510 -14.046189
v 10.683475 -8.260601 -13.684354
v 11.918358 -8.769054 -15.582108
v 11.478428 -9.173946 -17.093117
v 12.368721 -8.943508 -16.233139
v 13.042721 -9.060116 -16.668158
v 12.668125 -9.379696 -17.860949
v 14.632812 -9.060116 -16.668158
v 15.007420 -9.379696 -17.860949
v 16.197113 -9.173946 -17.093111
v 15.306820 -8.943508 -16.233139
v 15.757175 -8.769054 -15.582095
v 16.992054 -8.866024 -15.943932
v 16.992054 -8.260601 -13.684368
v 15.757175 -8.357510 -14.046189
v 8.985714 -8.832638 -13.740252
v 6.958515 -10.103008 -11.672845
v 6.878773 -8.550823 -13.249556
v 9.009274 -10.799938 -11.877702
v 6.959690 -13.335201 -10.116587
v 9.072392 -13.649029 -10.627056
v 9.072392 -13.649029 -10.627056
v 6.959690 -14.336880 -8.663468
v 6.959690 -13.335201 -10.116587
v 7.769989 -15.073544 -8.967267
v 6.351326 -16.002636 -5.606343
v 5.420628 -5.985943 -6.407864
v 6.959690 -13.335201 -10.116587
v 6.959690 -14.336880 -8.663468
v 6.958515 -10.103008 -11.672845
v 5.372921 -3.757641 -8.682527
v 6.878773 -8.550823 -13.249556
v 6.517025 -2.737011 -13.343782
v 5.271187 -0.428982 -9.623220
v 6.394539 4.166492 -12.725935
v 5.419876 3.106327 -8.918647
v 6.527950 8.469425 -10.538447
v 5.426399 5.327137 -6.342741
v 6.273369 11.075077 -6.412791
v 6.751633 11.920994 -8.516938
v 9.866795 -1.960705 -16.022194
v 8.053333 4.162540 -13.385024
v 9.595936 4.670719 -14.853981
v 8.307396 -2.448650 -13.968830
v 10.324337 -7.887676 -15.241227
v 8.985714 -8.832638 -13.740252
v 10.358086 -9.634106 -14.608331
v 10.360104 -11.269070 -13.158513
v 9.009274 -10.799938 -11.877702
v 9.072392 -13.649029 -10.627056
v 10.525719 -13.744564 -11.610739
v 10.604641 -30.502758 -9.734715
v 12.150276 -30.258434 -9.500046
v 12.131298 -30.675274 -10.431906
v 10.932995 -30.002590 -9.062309
v 8.676197 -30.151821 -7.786862
v 9.040722 -29.435192 -6.978960
v 7.582371 -29.711834 -5.892808
v 8.370899 -29.170940 -5.635537
v 7.341198 -29.693295 -3.544689
v 8.015678 -29.204220 -3.379555
v 7.619827 -31.304195 -2.929096
v 8.351521 -31.666744 -2.428061
v 8.685444 -32.370663 -5.650483
v 7.778065 -31.920620 -5.551582
v 7.341198 -29.693295 -3.544689
v 7.582371 -29.711834 -5.892808
v 8.653534 -32.125790 -7.060702
v 8.676197 -30.151821 -7.786862
v 8.687099 -35.110088 -2.665156
v 9.154472 -33.028652 -0.842866
v 9.238308 -35.578808 -0.700165
v 9.548820 -36.871181 -1.098402
v 10.251816 -32.003338 -8.909557
v 10.604641 -30.502758 -9.734715
v 8.687099 -36.567013 -3.042890
v 9.512051 -38.441158 -1.954358
v 10.074478 -39.447598 -3.556721
v 8.890072 -35.137218 -5.104224
v 9.007130 -36.691738 -5.164784
v 9.332657 -35.543774 -8.021797
v 9.951740 -39.134060 -5.507284
v 9.793320 -34.003368 -8.663336
v 11.328434 -41.190212 -6.256653
v 11.396133 -41.714123 -3.205010
v 13.837765 -42.432964 -3.117188
v 13.837765 -41.904079 -6.451209
v 11.253902 -39.711193 -8.213891
v 13.837765 -40.275173 -8.828590
v 13.837765 -38.110271 -10.146212
v 9.816631 -38.318386 -6.719669
v 11.257614 -37.720226 -9.320126
v 13.837765 -36.462856 -10.811380
v 9.494080 -37.088680 -7.496514
v 11.482204 -36.202328 -10.002470
v 11.818001 -34.671032 -10.537498
v 13.837765 -34.865658 -11.297452
v 13.837765 -32.184109 -11.292799
v 12.706635 -31.925777 -10.439773
v 11.199532 -31.964550 -10.254525
v 12.131298 -30.675274 -10.431906
v 11.692745 -14.077206 -12.109960
v 12.346550 -13.156017 -11.166907
v 12.111767 -14.127483 -11.703519
v 12.646591 -15.716763 -12.002346
v 12.464092 -16.229595 -12.903668
v 13.837765 -16.743923 -13.474301
v 13.837765 -16.019878 -11.648125
v 9.081226 13.464741 -12.190927
v 7.254719 12.665134 -10.151789
v 9.595936 13.652302 -11.074471
v 7.932480 12.814793 -8.953868
v 6.751633 11.920994 -8.516938
v 10.360104 -11.269070 -13.158513
v 10.952950 -13.109783 -10.950235
v 10.525719 -13.744564 -11.610739
v 10.815472 -10.581417 -12.546439
v 10.358086 -9.634106 -14.608331
v 10.844673 -9.050991 -13.922328
v 10.324337 -7.887676 -15.241227
v 10.813148 -7.589260 -14.447136
v 9.866795 -1.960705 -16.022194
v 10.432461 -1.908810 -15.220125
v 9.595936 4.670719 -14.853981
v 10.207100 4.417133 -14.133220
v 20.715839 -14.336880 -8.663468
v 18.603146 -13.649029 -10.627056
v 20.715839 -13.335201 -10.116587
v 19.905540 -15.073544 -8.967267
v 21.324211 -16.002636 -5.606343
v 20.715839 -13.335201 -10.116587
v 22.254910 -5.985943 -6.408352
v 20.715839 -14.336880 -8.663468
v 20.717018 -10.103008 -11.672845
v 22.302616 -3.757641 -8.683015
v 20.796764 -8.550823 -13.249556
v 21.158508 -2.737011 -13.343782
v 22.404339 -0.428982 -9.623710
v 21.280998 4.166492 -12.725935
v 22.255657 3.106327 -8.918647
v 21.147579 8.469425 -10.538447
v 22.249134 5.327137 -6.342741
v 21.402161 11.075077 -6.412791
v 20.923901 11.920994 -8.516938
v 13.837765 -32.184109 -11.292799
v 13.837765 -31.616619 -10.354403
v 14.968895 -31.925777 -10.439773
v 15.544239 -30.675274 -10.431906
v 15.074455 -30.125927 -9.555919
v 15.525257 -30.258434 -9.500046
v 17.808743 -1.960705 -16.022194
v 18.079601 4.670719 -14.853981
v 19.622204 4.162540 -13.385024
v 19.368141 -2.448650 -13.968830
v 17.351204 -7.887676 -15.241227
v 18.689823 -8.832638 -13.740252
v 17.317455 -9.634106 -14.608331
v 17.315434 -11.269070 -13.158513
v 18.666264 -10.799938 -11.877702
v 18.603146 -13.649029 -10.627056
v 17.149818 -13.744564 -11.610739
v 15.525257 -30.258434 -9.500046
v 17.070892 -30.502758 -9.734715
v 15.544239 -30.675274 -10.431906
v 16.742531 -30.002590 -9.062309
v 18.999344 -30.151821 -7.786862
v 18.634819 -29.435192 -6.978960
v 20.093163 -29.711834 -5.892808
v 19.304626 -29.170940 -5.635537
v 20.334332 -29.693295 -3.544689
v 19.659855 -29.204220 -3.379555
v 20.055702 -31.304195 -2.929096
v 19.324017 -31.666744 -2.428061
v 18.990086 -32.370663 -5.650483
v 19.897472 -31.920620 -5.551582
v 20.334332 -29.693295 -3.544689
v 20.093163 -29.711834 -5.892808
v 19.021999 -32.125790 -7.060702
v 18.999344 -30.151821 -7.786862
v 18.988430 -35.110088 -2.665156
v 18.521065 -33.028652 -0.842866
v 18.437222 -35.578808 -0.700165
v 18.126717 -36.871181 -1.098402
v 18.988430 -36.567013 -3.042890
v 18.163486 -38.441158 -1.954358
v 17.601059 -39.447598 -3.556721
v 18.785461 -35.137218 -5.104224
v 18.342880 -35.543774 -8.021797
v 18.668407 -36.691738 -5.164784
v 17.423721 -32.003338 -8.909557
v 17.070892 -30.502758 -9.734715
v 17.882214 -34.003368 -8.663336
v 16.476006 -31.964550 -10.254525
v 15.544239 -30.675274 -10.431906
v 14.968895 -31.925777 -10.439773
v 15.857533 -34.671032 -10.537498
v 13.837765 -32.184109 -11.292799
v 13.837765 -34.865658 -11.297452
v 13.837765 -36.462856 -10.811380
v 16.193333 -36.202328 -10.002470
v 16.417923 -37.720226 -9.320126
v 13.837765 -38.110271 -10.146212
v 18.181458 -37.088680 -7.496514
v 16.421635 -39.711193 -8.213891
v 13.837765 -40.275173 -8.828590
v 17.858906 -38.318386 -6.719669
v 13.837765 -41.904079 -6.451209
v 17.723789 -39.134060 -5.507284
v 16.347095 -41.190212 -6.256653
v 13.837765 -42.432964 -3.117188
v 16.279396 -41.714123 -3.205010
v 15.982784 -14.077206 -12.109960
v 15.563774 -14.127483 -11.703519
v 15.328987 -13.156017 -11.166907
v 15.028938 -15.716763 -12.002346
v 15.211441 -16.229595 -12.903668
v 13.837765 -16.743923 -13.474301
v 13.837765 -16.019878 -11.648125
v 20.420822 12.665134 -10.151789
v 18.594303 13.464741 -12.190927
v 18.079601 13.652302 -11.074471
v 19.743050 12.814793 -8.953868
v 20.923901 11.920994 -8.516938
v 16.522644 5.882572 -16.896917
v 13.837765 5.343876 -16.674389
v 13.837765 6.081654 -17.467451
v 16.232265 5.120411 -16.033882
v 18.594345 5.459309 -15.845975
v 18.079601 4.670719 -14.853981
v 20.688648 4.633244 -14.222300
v 19.622204 4.162540 -13.385024
v 21.280998 4.166492 -12.725935
v 17.315434 -11.269070 -13.158513
v 17.149818 -13.744564 -11.610739
v 16.722580 -13.109783 -10.950235
v 16.860065 -10.581417 -12.546439
v 17.317455 -9.634106 -14.608331
v 16.830860 -9.050991 -13.922328
v 17.351204 -7.887676 -15.241227
v 16.862389 -7.589260 -14.447136
v 17.808743 -1.960705 -16.022194
v 17.243073 -1.908810 -15.220125
v 18.079601 4.670719 -14.853981
v 17.468433 4.417133 -14.133220
v 21.616528 -17.552303 -2.067587
v 22.375088 -17.541576 -4.784442
v 21.324211 -16.002636 -5.606343
v 22.447842 -18.421215 -2.393895
v 20.870903 -18.323803 -0.013853
v 22.156704 -19.364025 -0.170786
v 19.475277 -20.946789 3.598373
v 18.406834 -19.785397 3.159413
v 16.876003 -23.118450 4.345223
v 15.780151 -23.293438 4.172852
v 16.694069 -25.041348 4.180449
v 15.739956 -24.904354 4.177902
v 17.913910 -26.197094 1.645400
v 19.760601 -25.416332 2.408917
v 18.956898 -25.781078 -0.222913
v 21.626713 -23.741528 -1.481551
v 20.067787 -25.050411 -2.060682
v 21.914471 -22.630169 -3.782634
v 21.050877 -22.909893 -5.273658
v 21.849239 -21.731350 -5.548792
v 20.652660 -22.322491 -6.381452
v 22.375088 -17.541576 -4.784442
v 21.324211 -16.002636 -5.606343
v 16.082382 -31.310314 1.852413
v 13.837765 -31.128033 2.065200
v 13.837765 -31.867657 2.453629
v 15.839874 -30.611111 1.341968
v 17.444111 -28.963696 0.758698
v 17.065128 -28.602795 0.667052
v 18.470749 -27.916988 -0.923531
v 18.912571 -28.171688 -0.797142
v 15.820129 -34.915539 1.937572
v 13.837765 -35.386868 2.487193
v 13.837765 -35.492214 2.054507
v 15.964249 -35.067944 1.658740
v 17.945881 -34.018185 1.042781
v 17.625992 -34.056332 0.377168
v 19.043583 -32.855480 -0.485936
v 18.521065 -33.028652 -0.842866
v 19.691708 -30.420879 -1.400699
v 18.593437 -30.277996 -1.856253
v 18.912571 -28.171688 -0.797142
v 18.470749 -27.916988 -0.923531
v 15.730682 -38.397320 1.609303
v 13.837765 -38.509426 2.054832
v 13.837765 -39.092709 2.532494
v 16.379120 -38.949947 1.909067
v 17.265079 -37.700451 0.457154
v 18.330151 -38.222073 0.440145
v 18.126717 -36.871181 -1.098402
v 19.065990 -37.519115 -1.042320
v 18.163486 -38.441158 -1.954358
v 18.836102 -38.804623 -1.645132
v 18.330151 -38.222073 0.440145
v 18.534187 -39.940945 -3.330872
v 17.601059 -39.447598 -3.556721
v 18.264088 -39.665432 -0.036071
v 16.379120 -38.949947 1.909067
v 17.813030 -40.477459 -0.449750
v 17.813030 -40.477459 -0.449750
v 16.908455 -41.835323 -2.991987
v 16.187405 -41.530102 0.878717
v 16.279396 -41.714123 -3.205010
v 13.837765 -42.833263 -2.782800
v 13.837765 -41.769192 1.439420
v 13.837765 -42.432964 -3.117188
v 16.350986 -40.631100 1.458346
v 13.837765 -39.092709 2.532494
v 16.187405 -41.530102 0.878717
v 13.837765 -40.994503 2.066671
v 13.837765 -41.769192 1.439420
v 19.324017 -31.666744 -2.428061
v 18.593437 -30.277996 -1.856253
v 18.521065 -33.028652 -0.842866
v 19.659855 -29.204220 -3.379555
v 18.470749 -27.916988 -0.923531
v 19.776947 -27.460171 -3.034154
v 19.304626 -29.170940 -5.635537
v 20.080395 -27.105938 -5.780207
v 20.067787 -25.050411 -2.060682
v 18.956898 -25.781078 -0.222913
v 21.050877 -22.909893 -5.273658
v 13.837765 10.198124 6.407798
v 16.695286 9.920475 6.121313
v 13.837765 9.027348 4.982211
v 18.417965 8.388386 3.684332
v 18.883289 8.904835 4.822284
v 20.620224 7.164417 2.831644
v 19.185162 6.756077 1.853575
v 21.306061 5.092121 0.219665
v 21.643673 5.073933 0.280882
v 19.952362 5.123768 0.022819
v 18.417965 8.388386 3.684332
v 13.837765 10.285084 2.785501
v 13.837765 9.027348 4.982211
v 17.651016 9.715519 2.083082
v 13.837765 11.255070 -0.426063
v 18.324333 10.571781 -0.455897
v 13.837765 11.414600 -2.885808
v 18.404812 10.316273 -5.867310
v 13.837765 10.874195 -5.867218
v 18.407707 10.729877 -2.885931
v 20.016060 5.176853 -5.996683
v 19.982170 6.096882 -2.962853
v 19.952362 5.123768 0.022819
v 19.185162 6.756077 1.853575
v 17.651016 9.715519 2.083082
v 18.417965 8.388386 3.684332
v 5.300442 -17.541576 -4.784442
v 6.059013 -17.552303 -2.067587
v 6.351326 -16.002636 -5.606343
v 5.227695 -18.421215 -2.393895
v 6.804630 -18.323803 -0.013853
v 5.518833 -19.364025 -0.170786
v 8.200253 -20.946789 3.598373
v 9.268696 -19.785397 3.159413
v 10.799526 -23.118450 4.345223
v 11.895382 -23.293438 4.172852
v 10.981468 -25.041348 4.180449
v 11.935574 -24.904354 4.177902
v 9.761623 -26.197094 1.645400
v 7.914936 -25.416332 2.408917
v 8.718632 -25.781078 -0.222913
v 6.048824 -23.741528 -1.481551
v 7.607746 -25.050411 -2.060682
v 5.761070 -22.630169 -3.782634
v 6.624660 -22.909893 -5.273658
v 5.826294 -21.731350 -5.548792
v 7.022865 -22.322491 -6.381452
v 5.300442 -17.541576 -4.784442
v 6.351326 -16.002636 -5.606343
v 13.837765 -31.128033 2.065200
v 11.593151 -31.310314 1.852413
v 13.837765 -31.867657 2.453629
v 11.835659 -30.611111 1.341968
v 10.231422 -28.963696 0.758698
v 10.610405 -28.602795 0.667052
v 9.204788 -27.916988 -0.923531
v 8.762966 -28.171688 -0.797142
v 13.837765 -35.386868 2.487193
v 11.855408 -34.915539 1.937572
v 13.837765 -35.492214 2.054507
v 11.711285 -35.067944 1.658740
v 9.729652 -34.018185 1.042781
v 10.049538 -34.056332 0.377168
v 8.631954 -32.855480 -0.485936
v 9.154472 -33.028652 -0.842866
v 7.983829 -30.420879 -1.400699
v 9.082100 -30.277996 -1.856253
v 8.762966 -28.171688 -0.797142
v 9.204788 -27.916988 -0.923531
v 13.837765 -38.509426 2.054832
v 11.944851 -38.397320 1.609303
v 13.837765 -39.092709 2.532494
v 11.296413 -38.949947 1.909067
v 10.410454 -37.700451 0.457154
v 9.345383 -38.222073 0.440145
v 9.548820 -36.871181 -1.098402
v 8.609539 -37.519115 -1.042320
v 9.512051 -38.441158 -1.954358
v 8.839428 -38.804623 -1.645132
v 9.345383 -38.222073 0.440145
v 9.141346 -39.940945 -3.330872
v 10.074478 -39.447598 -3.556721
v 9.411442 -39.665432 -0.036071
v 11.296413 -38.949947 1.909067
v 9.862507 -40.477459 -0.449750
v 9.862507 -40.477459 -0.449750
v 10.767082 -41.835323 -2.991987
v 11.488129 -41.530102 0.878717
v 11.396133 -41.714123 -3.205010
v 13.837765 -42.833263 -2.782800
v 13.837765 -41.769192 1.439420
v 13.837765 -42.432964 -3.117188
v 11.324547 -40.631100 1.458346
v 13.837765 -39.092709 2.532494
v 11.488129 -41.530102 0.878717
v 13.837765 -40.994503 2.066671
v 13.837765 -41.769192 1.439420
v 5.826294 -21.731350 -5.548792
v 5.227695 -18.421215 -2.393895
v 5.300442 -17.541576 -4.784442
v 5.761070 -22.630169 -3.782634
v 5.518833 -19.364025 -0.170786
v 6.048824 -23.741528 -1.481551
v 8.200253 -20.946789 3.598373
v 7.914936 -25.416332 2.408917
v 10.799526 -23.118450 4.345223
v 10.981468 -25.041348 4.180449
v 9.082100 -30.277996 -1.856253
v 8.351521 -31.666744 -2.428061
v 9.154472 -33.028652 -0.842866
v 8.015678 -29.204220 -3.379555
v 9.204788 -27.916988 -0.923531
v 7.898590 -27.460171 -3.034154
v 8.370899 -29.170940 -5.635537
v 7.595135 -27.105938 -5.780207
v 7.607746 -25.050411 -2.060682
v 8.718632 -25.781078 -0.222913
v 6.624660 -22.909893 -5.273658
v 11.443295 13.977161 -12.156937
v 13.837765 13.652302 -11.074474
v 13.837765 14.117466 -12.648694
v 9.595936 13.652302 -11.074471
v 13.837765 12.814762 -8.953762
v 7.932480 12.814793 -8.953868
v 13.837765 11.661457 -5.967644
v 7.275795 11.661411 -5.967583
v 7.730663 -0.404797 3.395267
v 5.378551 2.802448 2.609132
v 7.730663 2.768803 2.544804
v 5.094223 -0.416256 3.617642
v 7.730663 -3.578747 2.544854
v 4.972553 -3.677471 2.621182
v 7.730663 -5.902035 0.221660
v 4.818172 -6.183971 0.200050
v 7.730663 -6.752438 -2.952296
v 4.593300 -6.898602 -2.907644
v 5.420628 -5.985943 -6.407864
v 7.730663 -5.902264 -6.125578
v 7.730663 -3.579021 -8.449039
v 5.372921 -3.757641 -8.682527
v 5.271187 -0.428982 -9.623220
v 7.730663 -0.404919 -9.299598
v 6.273247 2.954914 -8.781528
v 7.730663 2.768543 -8.449278
v 6.369476 5.092121 -6.127893
v 7.730663 5.091938 -6.127967
v 19.467522 -40.118038 -6.496803
v 21.624203 -38.227901 -8.386908
v 21.624203 -40.118038 -6.496803
v 19.467522 -38.227901 -8.386908
v 21.624203 -35.645977 -9.078736
v 19.467522 -35.645977 -9.078736
v 21.624203 -33.064037 -8.386905
v 19.467522 -33.064037 -8.386905
v 21.624203 -31.173946 -6.496796
v 19.467522 -31.173946 -6.496796
v 21.624203 -30.482128 -3.914862
v 19.467522 -30.482128 -3.914862
v 21.624203 -31.173962 -1.332927
v 19.467522 -31.173962 -1.332927
v 21.624203 -33.064053 0.557180
v 19.467522 -33.064053 0.557180
v 21.624203 -35.645977 1.249004
v 19.467522 -35.645977 1.249004
v 21.624203 -38.227901 0.557177
v 19.467522 -38.227901 0.557177
v 21.624203 -40.118038 -1.332934
v 19.467522 -40.118038 -1.332934
v 21.624203 -40.809856 -3.914869
v 19.467522 -40.809856 -3.914869
v 21.624203 -40.118038 -6.496803
v 19.467522 -40.118038 -6.496803
v 13.837765 -39.267544 -6.005763
v 19.467522 -37.736858 -7.536404
v 19.467522 -39.267544 -6.005763
v 13.837765 -37.736858 -7.536404
v 19.467522 -35.645977 -8.096657
v 13.837765 -35.645977 -8.096657
v 19.467522 -33.555065 -7.536401
v 13.837765 -33.555065 -7.536401
v 19.467522 -32.024441 -6.005757
v 13.837765 -32.024441 -6.005757
v 19.467522 -31.464184 -3.914863
v 13.837765 -31.464184 -3.914863
v 19.467522 -32.024441 -1.823968
v 13.837765 -32.024441 -1.823968
v 19.467522 -33.555096 -0.293325
v 13.837765 -33.555096 -0.293325
v 19.467522 -35.645977 0.266925
v 13.837765 -35.645977 0.266925
v 19.467522 -37.736858 -0.293328
v 13.837765 -37.736858 -0.293328
v 19.467522 -39.267544 -1.823973
v 13.837765 -39.267544 -1.823973
v 19.467522 -39.827770 -3.914868
v 13.837765 -39.827770 -3.914868
v 19.467522 -39.267544 -6.005763
v 13.837765 -39.267544 -6.005763
v 21.624203 -39.836391 -6.334201
v 23.268246 -38.065304 -8.105273
v 23.268246 -39.836391 -6.334201
v 21.624203 -38.065304 -8.105273
v 23.268246 -35.645977 -8.753531
v 21.624203 -35.645977 -8.753531
v 23.268246 -33.226620 -8.105270
v 21.624203 -33.226620 -8.105270
v 23.268246 -31.455578 -6.334196
v 21.624203 -31.455578 -6.334196
v 23.268246 -30.807339 -3.914862
v 21.624203 -30.807339 -3.914862
v 23.268246 -31.455578 -1.495529
v 21.624203 -31.455578 -1.495529
v 23.268246 -33.226620 0.275544
v 21.624203 -33.226620 0.275544
v 23.268246 -35.645977 0.923801
v 21.624203 -35.645977 0.923801
v 23.268246 -38.065304 0.275541
v 21.624203 -38.065304 0.275541
v 23.268246 -39.836391 -1.495535
v 21.624203 -39.836391 -1.495535
v 23.268246 -40.484646 -3.914869
v 21.624203 -40.484646 -3.914869
v 23.268246 -39.836391 -6.334201
v 21.624203 -39.836391 -6.334201
v 18.541565 6.252018 -6.022868
v 20.715611 6.841511 0.503146
v 18.541565 6.252018 0.503154
v 20.715611 6.841541 -6.022867
v 29.137005 9.129154 0.503151
v 29.137012 9.129215 -6.022866
v 8.562191 2.139194 0.449127
v 5.313679 8.329060 0.449139
v 5.313683 2.186420 0.449134
v 6.689056 9.804539 0.449132
v 9.434456 5.239353 0.449128
v 17.898899 12.831684 0.449133
v 18.861195 8.069553 0.449125
v 8.970131 1.500950 -0.353120
v 5.313679 1.558659 -0.353115
v 5.313679 1.558659 -5.166606
v 8.970131 1.500950 -5.166603
v 9.779633 4.454685 -0.353119
v 9.779633 4.454685 -5.166602
v 18.861195 7.441776 -0.353121
v 18.861195 7.441776 -5.166599
v 34.437099 -15.179256 -2.848242
v 35.236660 -14.817394 -4.300712
v 35.259029 -15.108974 -2.848235
v 34.414730 -14.887691 -4.300725
v 35.172947 -13.986980 -5.532053
v 34.351009 -14.057262 -5.532068
v 34.256207 -12.814465 -6.354821
v 35.077618 -12.744183 -6.354808
v 35.829617 8.534351 -10.333549
v 33.276424 11.442982 -12.674692
v 35.589725 11.663700 -10.520276
v 33.583508 7.439716 -12.424106
v 37.340710 -11.872936 -4.682246
v 35.077618 -12.744183 -6.354808
v 37.390568 -12.523556 -4.252530
v 35.172947 -13.986980 -5.532053
v 37.424007 -12.959637 -3.608880
v 35.236660 -14.817394 -4.300712
v 35.259029 -15.108974 -2.848235
v 37.435772 -13.112911 -2.848236
v 37.424007 -12.959637 -2.087586
v 35.236660 -14.817394 -1.395756
v 35.172947 -13.987011 -0.164410
v 37.390583 -12.523571 -1.443937
v 35.077618 -12.744213 0.658342
v 37.340710 -11.872952 -1.014216
v 33.583508 7.439716 6.727668
v 35.829617 8.534351 4.637115
v 33.276417 11.442982 6.978252
v 35.589725 11.663700 4.823832
v 35.147839 17.427586 -8.559044
v 34.533184 21.204700 -6.792340
v 35.012745 19.189945 -5.936978
v 34.703846 18.957417 -10.133588
v 35.350346 14.785969 -10.316626
v 34.955288 15.537556 -12.415673
v 35.249577 11.706089 -12.660679
v 35.589725 11.663700 -10.520276
v 35.236660 -14.817394 -1.395756
v 34.437099 -15.179256 -2.848242
v 35.259029 -15.108974 -2.848235
v 34.414730 -14.887691 -1.395755
v 35.172947 -13.987011 -0.164410
v 34.351009 -14.057308 -0.164414
v 34.256207 -12.814495 0.658343
v 35.077618 -12.744213 0.658342
v 34.533184 21.204700 1.095922
v 35.147839 17.427586 2.862620
v 35.012745 19.189945 0.240557
v 34.703846 18.957417 4.437169
v 35.350353 14.785969 4.620198
v 34.955288 15.537556 6.719247
v 35.249577 11.706089 6.964236
v 35.589725 11.663700 4.823832
v 34.140934 -11.311657 -2.848244
v 34.351009 -14.057308 -0.164414
v 34.256207 -12.814495 0.658343
v 34.414730 -14.887691 -1.395755
v 34.437099 -15.179256 -2.848242
v 38.581936 8.197178 -1.336021
v 35.970524 6.696018 -2.848227
v 38.605251 7.893421 -2.848228
v 35.941624 7.073063 -0.970111
v 38.515583 9.062214 -0.054508
v 35.859310 8.146824 0.622073
v 35.736118 9.753757 1.685938
v 38.416317 10.356220 0.801031
v 35.590824 11.649281 2.059513
v 38.299274 11.881779 1.100536
v 38.182301 13.406483 0.798867
v 35.445515 13.544804 1.685938
v 38.083202 14.698277 -0.057572
v 35.322315 15.151707 0.622076
v 35.240002 16.225437 -0.970106
v 38.017017 15.561176 -1.338186
v 35.211109 16.602497 -2.848221
v 37.993778 15.864017 -2.848222
v 34.140934 -11.311657 -2.848244
v 34.256207 -12.814465 -6.354821
v 34.351009 -14.057262 -5.532068
v 34.414730 -14.887691 -4.300725
v 34.437099 -15.179256 -2.848242
v 35.970524 6.696018 -2.848227
v 38.581936 8.197178 -4.360424
v 38.605251 7.893421 -2.848228
v 35.941631 7.073063 -4.726339
v 38.515583 9.062214 -5.641938
v 35.859310 8.146824 -6.318522
v 35.736118 9.753757 -7.382387
v 38.416317 10.356220 -6.497480
v 35.590824 11.649281 -7.755959
v 38.299274 11.881779 -6.796978
v 38.182301 13.406483 -6.495308
v 35.445515 13.544804 -7.382379
v 38.083202 14.698277 -5.638869
v 35.322315 15.151707 -6.318515
v 35.240002 16.225437 -4.726333
v 38.017017 15.561176 -4.358250
v 35.211109 16.602497 -2.848221
v 37.993778 15.864017 -2.848222
v 14.183083 3.850590 11.542716
v 8.002811 1.279926 12.110778
v 7.974327 4.015400 11.170391
v 14.061916 1.103825 12.366519
v 20.121014 0.927738 12.622262
v 20.391846 3.685780 11.915042
v 26.180126 0.751637 12.878001
v 26.600605 3.520954 12.287372
v 32.239216 0.575535 13.133744
v 32.809368 3.356174 12.659698
v 35.159542 1.664127 13.222239
v 35.284306 2.428104 13.191531
v 35.411045 1.925327 13.224233
v 34.924717 4.996952 12.813149
v 37.388691 3.979252 13.239909
v 36.198193 8.024082 12.966605
v 38.595646 8.150578 12.966601
v 8.002811 1.279957 -17.807247
v 14.183083 3.850620 -17.239185
v 7.974327 4.015415 -16.866861
v 14.061916 1.103840 -18.062990
v 20.121014 0.927753 -18.318733
v 20.391846 3.685795 -17.611511
v 26.180126 0.751652 -18.574476
v 26.600605 3.520985 -17.983837
v 32.239216 0.575550 -18.830217
v 32.809368 3.356190 -18.356163
v 35.159542 1.664143 -18.918707
v 35.284306 2.428120 -18.888000
v 35.411045 1.925358 -18.920702
v 34.924717 4.996967 -18.509615
v 37.388699 3.979298 -18.936378
v 36.198193 8.024113 -18.663065
v 38.595646 8.150639 -18.663061
v 11.918358 5.395115 -14.213732
v 11.918358 2.574253 -13.548323
v 11.918358 4.851292 -12.719537
v 11.918358 3.118046 -15.042512
v 12.368721 3.348606 -15.675870
v 12.368721 5.625629 -14.847090
v 13.042721 3.502628 -16.099060
v 13.042721 5.779652 -15.270294
v 14.632812 5.779652 -15.270294
v 14.632812 3.502628 -16.099060
v 15.306820 5.625629 -14.847090
v 15.306820 3.348606 -15.675870
v 15.757175 5.395115 -14.213732
v 15.757175 3.118046 -15.042512
v 15.757175 2.574253 -13.548323
v 15.757175 4.851292 -12.719537
v 10.683475 -4.061871 -14.399038
v 11.918358 -3.890636 -16.356255
v 11.918358 -4.044323 -14.567580
v 10.683475 -3.857983 -16.729429
v 11.478416 -3.754284 -17.914598
v 12.368721 -3.831860 -17.027697
v 13.042721 -3.792614 -17.476336
v 12.668129 -3.685009 -18.706516
v 14.632812 -3.792614 -17.476336
v 15.007408 -3.685009 -18.706516
v 16.197113 -3.754284 -17.914604
v 15.306820 -3.831860 -17.027697
v 15.757175 -3.890636 -16.356255
v 16.992054 -3.857983 -16.729429
v 16.992054 -4.061871 -14.399038
v 15.757175 -4.044323 -14.567580
v 11.918358 -1.476681 -16.145061
v 10.683475 -1.647900 -14.187844
v 11.934399 -1.630642 -14.297194
v 10.683475 -1.443996 -16.518240
v 11.478428 -1.340313 -17.703417
v 12.368721 -1.417934 -16.816496
v 13.042721 -1.378658 -17.265148
v 12.668129 -1.271053 -18.495327
v 14.632812 -1.378658 -17.265148
v 15.007408 -1.271053 -18.495327
v 16.197121 -1.340313 -17.703403
v 15.306820 -1.417934 -16.816496
v 15.757175 -1.476681 -16.145061
v 16.992054 -1.443996 -16.518225
v 16.992050 -1.647900 -14.187857
v 15.741127 -1.630642 -14.297194
v 10.683475 0.169102 -14.025091
v 11.918358 0.841022 -15.871289
v 11.918358 0.211994 -14.194329
v 10.683475 0.969181 -16.223299
v 11.478416 1.376057 -17.341251
v 12.368721 1.071552 -16.504650
v 12.668129 1.647968 -18.088251
v 13.042721 1.225620 -16.927855
v 14.632812 1.225620 -16.927855
v 15.007408 1.647968 -18.088251
v 15.306820 1.071552 -16.504650
v 16.197113 1.376057 -17.341259
v 15.757175 0.841022 -15.871289
v 16.992054 0.969181 -16.223299
v 16.992054 0.169102 -14.025091
v 15.757175 0.211994 -14.194329
v 13.837765 -14.193203 -11.657704
v 12.346550 -13.156017 -11.166907
v 13.837765 -13.168163 -11.717163
v 12.111767 -14.127483 -11.703519
v 12.646591 -15.716763 -12.002346
v 13.837765 -16.019878 -11.648125
v 13.837765 -31.616619 -10.354403
v 12.601082 -30.125927 -9.555919
v 13.837765 -30.277355 -10.332537
v 13.837765 -29.121059 -10.135325
v 13.837765 -28.846035 -10.935299
v 12.150276 -30.258434 -9.500046
v 12.187080 -26.179592 -11.658141
v 13.837765 -26.308102 -11.914811
v 13.837765 -23.974957 -13.101154
v 10.440926 -25.800320 -10.773922
v 12.179340 -23.710430 -12.594083
v 13.837765 -20.432995 -13.645591
v 10.932995 -30.002590 -9.062309
v 12.359867 -20.201336 -13.041369
v 13.837765 -19.140713 -13.859431
v 10.247990 -23.067608 -11.639506
v 12.476654 -18.764660 -13.259205
v 13.837765 -16.743923 -13.474301
v 12.464092 -16.229595 -12.903668
v 11.393757 -18.462734 -12.484062
v 10.172592 -19.579601 -11.507848
v 8.497162 -22.466488 -9.495335
v 10.251965 -14.186398 -11.886837
v 11.692745 -14.077206 -12.109960
v 10.525719 -13.744564 -11.610739
v 9.072392 -13.649029 -10.627056
v 8.646114 -14.282513 -11.174670
v 7.769989 -15.073544 -8.967267
v 8.166740 -19.970150 -9.346926
v 6.351326 -16.002636 -5.606343
v 7.022865 -22.322491 -6.381452
v 9.145546 -25.968624 -9.399503
v 8.032204 -26.880962 -6.918953
v 6.624660 -22.909893 -5.273658
v 9.040722 -29.435192 -6.978960
v 7.595135 -27.105938 -5.780207
v 8.370899 -29.170940 -5.635537
v 8.307396 -2.448650 -13.968830
v 6.394539 4.166492 -12.725935
v 8.053333 4.162540 -13.385024
v 6.517025 -2.737011 -13.343782
v 6.878773 -8.550823 -13.249556
v 8.985714 -8.832638 -13.740252
v 13.837765 4.724293 -15.013957
v 11.443264 5.120411 -16.033882
v 13.837765 5.343876 -16.674389
v 11.912205 4.544727 -14.479304
v 10.207100 4.417133 -14.133220
v 9.595936 4.670719 -14.853981
v 13.837765 -14.193203 -11.657704
v 13.837765 -13.168163 -11.717163
v 15.328987 -13.156017 -11.166907
v 15.563774 -14.127483 -11.703519
v 15.028938 -15.716763 -12.002346
v 13.837765 -16.019878 -11.648125
v 13.837765 -31.616619 -10.354403
v 13.837765 -30.277355 -10.332537
v 15.074455 -30.125927 -9.555919
v 13.837765 -29.121059 -10.135325
v 13.837765 -28.846035 -10.935299
v 15.525257 -30.258434 -9.500046
v 15.488449 -26.179592 -11.658141
v 13.837765 -26.308102 -11.914811
v 13.837765 -23.974957 -13.101154
v 17.234612 -25.800320 -10.773922
v 15.496197 -23.710430 -12.594083
v 13.837765 -20.432995 -13.645591
v 16.742531 -30.002590 -9.062309
v 15.315662 -20.201336 -13.041369
v 13.837765 -19.140713 -13.859431
v 17.427544 -23.067608 -11.639506
v 15.198883 -18.764660 -13.259205
v 13.837765 -16.743923 -13.474301
v 15.211441 -16.229595 -12.903668
v 16.281773 -18.462734 -12.484062
v 17.502945 -19.579601 -11.507848
v 19.178375 -22.466488 -9.495335
v 17.423573 -14.186398 -11.886837
v 15.982784 -14.077206 -12.109960
v 17.149818 -13.744564 -11.610739
v 18.603146 -13.649029 -10.627056
v 19.029419 -14.282513 -11.174670
v 19.905540 -15.073544 -8.967267
v 19.508797 -19.970150 -9.346926
v 21.324211 -16.002636 -5.606343
v 20.652660 -22.322491 -6.381452
v 18.529980 -25.968624 -9.399503
v 19.643333 -26.880962 -6.918953
v 21.050877 -22.909893 -5.273658
v 18.634819 -29.435192 -6.978960
v 20.080395 -27.105938 -5.780207
v 19.304626 -29.170940 -5.635537
v 21.280998 4.166492 -12.725935
v 19.368141 -2.448650 -13.968830
v 19.622204 4.162540 -13.385024
v 21.158508 -2.737011 -13.343782
v 20.796764 -8.550823 -13.249556
v 18.689823 -8.832638 -13.740252
v 16.232265 5.120411 -16.033882
v 13.837765 4.724293 -15.013957
v 13.837765 5.343876 -16.674389
v 15.763321 4.544727 -14.479304
v 17.468433 4.417133 -14.133220
v 18.079601 4.670719 -14.853981
v 21.306061 5.942493 -2.954113
v 21.306061 5.092121 -6.127893
v 20.016060 5.176853 -5.996683
v 19.982170 6.096882 -2.962853
v 19.952362 5.123768 0.022819
v 21.306061 5.092121 0.219665
v 13.837765 -23.406536 5.241658
v 15.739956 -24.904354 4.177902
v 15.780151 -23.293438 4.172852
v 13.837765 -25.237957 5.155775
v 15.766533 -27.798351 3.477579
v 13.837765 -28.168804 4.447006
v 17.913910 -26.197094 1.645400
v 16.047405 -29.957623 2.490587
v 13.837765 -30.442059 3.247293
v 13.837765 -31.128033 2.065200
v 15.839874 -30.611111 1.341968
v 17.065128 -28.602795 0.667052
v 17.067421 -27.851879 1.530960
v 18.830872 -26.907665 -0.277084
v 18.470749 -27.916988 -0.923531
v 18.956898 -25.781078 -0.222913
v 21.306061 5.092121 -6.127893
v 18.404812 10.316273 -5.867310
v 20.016060 5.176853 -5.996683
v 20.399734 11.661411 -5.967583
v 13.837765 11.661457 -5.967644
v 13.837765 10.874195 -5.867218
v 6.369476 5.942493 -2.954113
v 7.659477 5.176853 -5.996683
v 6.369476 5.092121 -6.127893
v 7.693356 6.096882 -2.962853
v 7.723175 5.123768 0.022819
v 6.369476 5.092121 0.219665
v 11.935574 -24.904354 4.177902
v 13.837765 -23.406536 5.241658
v 11.895382 -23.293438 4.172852
v 13.837765 -25.237957 5.155775
v 11.909004 -27.798351 3.477579
v 13.837765 -28.168804 4.447006
v 9.761623 -26.197094 1.645400
v 11.628128 -29.957623 2.490587
v 13.837765 -30.442059 3.247293
v 13.837765 -31.128033 2.065200
v 11.835659 -30.611111 1.341968
v 10.610405 -28.602795 0.667052
v 10.608112 -27.851879 1.530960
v 8.844662 -26.907665 -0.277084
v 9.204788 -27.916988 -0.923531
v 8.718632 -25.781078 -0.222913
v 9.270718 10.316273 -5.867310
v 6.369476 5.092121 -6.127893
v 7.659477 5.176853 -5.996683
v 7.275795 11.661411 -5.967583
v 13.837765 11.661457 -5.967644
v 13.837765 10.874195 -5.867218
v 28.093082 17.472019 1.970161
v 28.522022 13.675724 -7.489857
v 28.093098 17.472019 -7.489851
v 28.521999 13.675678 1.970159
v 29.137012 9.129215 -6.022866
v 28.918728 10.367191 -7.284798
v 29.137005 9.129154 0.503151
v 28.918728 10.367161 1.765091
v 5.313679 1.558659 -0.353115
v 8.562191 2.139194 0.449127
v 5.313683 2.186420 0.449134
v 8.970131 1.500950 -0.353120
v 9.779633 4.454685 -0.353119
v 9.434456 5.239353 0.449128
v 18.861195 8.069553 0.449125
v 18.861195 7.441776 -0.353121
v 9.779633 4.454685 -5.166602
v 18.861195 8.069553 -5.968844
v 18.861195 7.441776 -5.166599
v 9.434456 5.239353 -5.968848
v 8.562191 2.139194 -5.968850
v 8.970131 1.500950 -5.166603
v 5.313679 1.558659 -5.166606
v 5.313679 2.186420 -5.968854
v 35.589725 11.663700 -10.520276
v 35.736118 9.753757 -7.382387
v 35.829617 8.534351 -10.333549
v 35.590824 11.649281 -7.755959
v 35.445515 13.544804 -7.382379
v 35.350346 14.785969 -10.316626
v 35.322315 15.151707 -6.318515
v 35.147839 17.427586 -8.559044
v 35.240002 16.225437 -4.726333
v 35.012745 19.189945 -5.936978
v 35.211109 16.602497 -2.848221
v 34.965343 19.808262 -2.848211
v 35.012745 19.189945 0.240557
v 35.240002 16.225437 -0.970106
v 35.147839 17.427586 2.862620
v 35.322315 15.151707 0.622076
v 35.350353 14.785969 4.620198
v 35.445515 13.544804 1.685938
v 35.589725 11.663700 4.823832
v 35.590824 11.649281 2.059513
v 35.736118 9.753757 1.685938
v 35.829617 8.534351 4.637115
v 28.836674 11.199177 -2.848228
v 28.091656 20.912342 1.168479
v 28.029629 21.721317 -2.848221
v 28.270046 18.586735 4.617091
v 28.546001 14.989475 7.734912
v 28.827351 11.320576 10.589634
v 28.836674 11.199177 -2.848228
v 28.029629 21.721317 -2.848221
v 28.091656 20.912342 -6.864923
v 28.270046 18.586735 -10.313536
v 28.546001 14.989475 -13.431363
v 28.827351 11.320576 -16.286089
v 38.317799 11.074100 -20.116020
v 38.595646 8.150639 -18.663061
v 38.600368 8.101124 -20.585575
v 38.324108 11.007710 -18.235819
v 38.575871 8.358692 -10.584073
v 38.001598 14.401142 -19.169922
v 38.344372 10.975361 -10.454959
v 38.041676 13.979481 -17.392740
v 37.709011 17.479527 -17.594530
v 38.075130 13.703526 -9.924474
v 37.780331 16.729176 -15.988881
v 37.454937 20.152897 -15.429510
v 37.553379 19.117130 -14.059602
v 37.832096 16.260777 -8.302823
v 37.246830 22.342457 -12.755670
v 37.367512 21.072926 -11.676899
v 37.091946 23.972370 -9.684759
v 37.229137 22.528782 -8.940366
v 37.670712 17.958881 -5.812195
v 36.996838 24.973072 -6.336538
v 37.144184 23.422688 -5.956715
v 37.624355 18.446796 -2.848225
v 36.987652 25.069660 -2.848219
v 37.135975 23.508961 -2.848220
v 37.144184 23.422688 0.260276
v 37.670712 17.958881 0.115747
v 36.996838 24.973072 0.640105
v 37.229137 22.528782 3.243925
v 37.832096 16.260777 2.606375
v 37.091946 23.972340 3.988324
v 37.367527 21.072910 5.980453
v 37.246830 22.342442 7.059232
v 37.553379 19.117100 8.363153
v 38.075130 13.703526 4.228023
v 37.454937 20.152882 9.733070
v 37.780331 16.729145 10.292434
v 37.709011 17.479511 11.898086
v 38.041683 13.979450 11.696286
v 38.344372 10.975361 4.758504
v 38.001598 14.401081 13.473470
v 38.324123 11.007679 12.539361
v 38.575871 8.358692 4.887611
v 38.317799 11.074039 14.419566
v 38.595646 8.150578 12.966601
v 38.600368 8.101093 14.889117
v 13.837765 -13.168163 -11.717163
v 12.346550 -13.156017 -11.166907
v 13.837765 -11.369045 -12.926467
v 12.191509 -10.954342 -12.708708
v 10.952950 -13.109783 -10.950235
v 13.837765 -9.606853 -14.343204
v 10.815472 -10.581417 -12.546439
v 12.339985 -9.411907 -14.095154
v 13.837765 -7.589153 -15.166437
v 10.844673 -9.050991 -13.922328
v 12.305092 -7.542614 -14.816906
v 10.813148 -7.589260 -14.447136
v 10.432461 -1.908810 -15.220125
v 12.000423 -1.604412 -15.712909
v 10.207100 4.417133 -14.133220
v 13.837765 -1.272503 -16.175402
v 11.912205 4.544727 -14.479304
v 13.837765 4.724293 -15.013957
v 13.837765 10.671101 -15.806421
v 11.152782 13.762775 -13.144609
v 13.837765 13.878544 -13.593273
v 11.076397 10.535496 -15.386621
v 13.837765 6.081654 -17.467451
v 9.081226 13.464741 -12.190927
v 11.152889 5.882572 -16.896917
v 9.082481 10.017155 -14.146192
v 9.081192 5.459309 -15.845975
v 7.087276 9.214558 -12.156736
v 6.986889 4.633244 -14.222300
v 6.394539 4.166492 -12.725935
v 7.254719 12.665134 -10.151789
v 6.527950 8.469425 -10.538447
v 6.751633 11.920994 -8.516938
v 13.837765 -13.168163 -11.717163
v 13.837765 -11.369045 -12.926467
v 15.328987 -13.156017 -11.166907
v 15.484028 -10.954342 -12.708708
v 16.722580 -13.109783 -10.950235
v 13.837765 -9.606853 -14.343204
v 16.860065 -10.581417 -12.546439
v 15.335548 -9.411907 -14.095154
v 13.837765 -7.589153 -15.166437
v 16.830860 -9.050991 -13.922328
v 15.370438 -7.542614 -14.816906
v 16.862389 -7.589260 -14.447136
v 17.243073 -1.908810 -15.220125
v 15.675114 -1.604412 -15.712909
v 17.468433 4.417133 -14.133220
v 13.837765 -1.272503 -16.175402
v 15.763321 4.544727 -14.479304
v 13.837765 4.724293 -15.013957
v 16.522751 13.762775 -13.144609
v 13.837765 10.671101 -15.806421
v 13.837765 13.878544 -13.593273
v 16.599136 10.535496 -15.386621
v 13.837765 6.081654 -17.467451
v 18.594303 13.464741 -12.190927
v 16.522644 5.882572 -16.896917
v 18.593056 10.017155 -14.146192
v 18.594345 5.459309 -15.845975
v 20.588261 9.214558 -12.156736
v 20.688648 4.633244 -14.222300
v 21.280998 4.166492 -12.725935
v 20.420822 12.665134 -10.151789
v 21.147579 8.469425 -10.538447
v 20.923901 11.920994 -8.516938
v 17.625992 -34.056332 0.377168
v 18.437222 -35.578808 -0.700165
v 18.521065 -33.028652 -0.842866
v 17.393185 -36.272701 0.882896
v 18.126717 -36.871181 -1.098402
v 15.964249 -35.067944 1.658740
v 17.265079 -37.700451 0.457154
v 15.823349 -36.735088 1.978406
v 13.837765 -35.492214 2.054507
v 15.730682 -38.397320 1.609303
v 13.837765 -36.891521 2.351499
v 13.837765 -38.509426 2.054832
v 17.444111 -28.963696 0.758698
v 19.691708 -30.420879 -1.400699
v 18.912571 -28.171688 -0.797142
v 18.157242 -32.026073 1.237303
v 19.043583 -32.855480 -0.485936
v 16.082382 -31.310314 1.852413
v 17.945881 -34.018185 1.042781
v 16.043827 -32.964169 2.239073
v 13.837765 -31.867657 2.453629
v 15.820129 -34.915539 1.937572
v 13.837765 -33.558819 2.791374
v 13.837765 -35.386868 2.487193
v 15.780151 -23.293438 4.172852
v 13.837765 -21.125362 6.792512
v 13.837765 -23.406536 5.241658
v 16.215385 -20.971813 6.362531
v 13.837765 -18.654873 7.581867
v 18.793034 -19.940060 4.705074
v 16.452991 -18.306957 7.184731
v 16.153713 -17.418667 6.956105
v 13.837765 -17.831371 7.342294
v 19.582329 -16.073116 5.700414
v 21.254936 -18.168636 0.842430
v 19.177498 -15.138821 6.032193
v 21.616528 -17.552303 -2.067587
v 22.079952 -12.141155 0.583890
v 21.713200 -13.500698 2.769069
v 21.335854 -12.381664 3.411283
v 22.085102 -12.081020 0.613348
v 9.238308 -35.578808 -0.700165
v 10.049538 -34.056332 0.377168
v 9.154472 -33.028652 -0.842866
v 10.282352 -36.272701 0.882896
v 9.548820 -36.871181 -1.098402
v 11.711285 -35.067944 1.658740
v 10.410454 -37.700451 0.457154
v 11.852184 -36.735088 1.978406
v 13.837765 -35.492214 2.054507
v 11.944851 -38.397320 1.609303
v 13.837765 -36.891521 2.351499
v 13.837765 -38.509426 2.054832
v 7.983829 -30.420879 -1.400699
v 10.231422 -28.963696 0.758698
v 8.762966 -28.171688 -0.797142
v 9.518295 -32.026073 1.237303
v 8.631954 -32.855480 -0.485936
v 11.593151 -31.310314 1.852413
v 9.729652 -34.018185 1.042781
v 11.631702 -32.964169 2.239073
v 13.837765 -31.867657 2.453629
v 11.855408 -34.915539 1.937572
v 13.837765 -33.558819 2.791374
v 13.837765 -35.386868 2.487193
v 13.837765 -21.125362 6.792512
v 11.895382 -23.293438 4.172852
v 13.837765 -23.406536 5.241658
v 11.460148 -20.971813 6.362531
v 8.882496 -19.940060 4.705074
v 13.837765 -18.654873 7.581867
v 11.222546 -18.306957 7.184731
v 13.837765 -17.831371 7.342294
v 11.521824 -17.418667 6.956105
v 8.093208 -16.073116 5.700414
v 6.420593 -18.168636 0.842430
v 8.498032 -15.138821 6.032193
v 5.590153 -12.081020 0.613348
v 6.059013 -17.552303 -2.067587
v 5.962330 -13.500698 2.769069
v 6.339672 -12.381664 3.411283
v 21.643673 5.073933 0.280882
v 20.620224 7.164417 2.831644
v 22.296398 2.802448 2.607181
v 21.079872 3.394993 5.146497
v 18.883289 8.904835 4.822284
v 22.581310 -0.416256 3.615691
v 19.410465 4.161915 8.344464
v 21.455929 -0.642315 6.417720
v 21.749310 -4.420879 6.114202
v 22.702984 -3.677471 2.619231
v 19.656521 -0.923565 9.954580
v 17.040192 4.652836 9.795368
v 16.695286 9.920475 6.121313
v 17.214413 -1.027462 11.159767
v 19.880756 -5.035519 9.760884
v 21.642048 -7.757580 5.146247
v 22.857143 -6.183971 0.199319
v 22.701824 -9.350491 0.563843
v 17.244568 -5.220943 10.923770
v 21.534786 -10.544247 4.203238
v 22.085102 -12.081020 0.613348
v 21.335854 -12.381664 3.411283
v 19.798649 -9.352657 8.521581
v 19.716560 -12.275463 7.273568
v 19.177498 -15.138821 6.032193
v 17.061085 -9.956524 9.845215
v 16.877617 -13.297771 8.757956
v 16.153713 -17.418667 6.956105
v 13.837765 -5.389416 11.799476
v 13.837765 -13.846188 9.600271
v 13.837765 -17.831371 7.342294
v 11.521824 -17.418667 6.956105
v 13.837765 -10.368862 10.690052
v 10.797928 -13.297771 8.757956
v 8.498032 -15.138821 6.032193
v 10.614449 -9.956524 9.845215
v 7.958977 -12.275463 7.273568
v 6.339672 -12.381664 3.411283
v 10.430981 -5.220943 10.923770
v 6.140736 -10.544247 4.203238
v 5.590153 -12.081020 0.613348
v 4.973717 -9.350491 0.563843
v 7.876884 -9.352657 8.521581
v 6.033485 -7.757580 5.146247
v 4.818172 -6.183971 0.200050
v 4.972553 -3.677471 2.621182
v 7.794796 -5.035519 9.760884
v 5.926224 -4.420879 6.114202
v 5.094223 -0.416256 3.617642
v 10.461109 -1.027462 11.159767
v 8.019012 -0.923565 9.954580
v 6.219608 -0.642315 6.417720
v 6.595665 3.394993 5.146497
v 5.378551 2.802448 2.609132
v 8.265072 4.161915 8.344464
v 7.055302 7.164417 2.831644
v 6.031860 5.073933 0.280882
v 8.792248 8.904835 4.822284
v 10.635345 4.652836 9.795368
v 10.980251 9.920475 6.121313
v 13.837765 -1.181988 11.989402
v 13.837765 4.768803 10.381281
v 13.837765 10.198124 6.407798
v 28.522022 13.675724 -7.489857
v 18.665943 15.950245 -7.489862
v 28.093098 17.472019 -7.489851
v 19.366135 11.885838 -7.489865
v 28.918728 10.367191 -7.284798
v 16.620110 15.402119 -7.489872
v 20.341663 8.005192 -7.284802
v 17.293175 11.322788 -7.489876
v 18.210850 7.410343 -7.284811
v 28.093082 17.472019 1.970161
v 18.665943 15.950245 1.970164
v 28.521999 13.675678 1.970159
v 19.366123 11.885838 1.970160
v 16.620090 15.402119 1.970170
v 28.918728 10.367161 1.765091
v 17.293163 11.322758 1.970167
v 20.341652 8.005192 1.765091
v 18.210835 7.410267 1.765098
v 5.313679 8.329060 0.449139
v 5.313679 1.558659 -0.353115
v 5.313683 2.186420 0.449134
v 5.313679 8.329060 -5.968849
v 5.313679 9.213047 -0.445804
v 5.313667 9.213062 -5.073908
v 5.313679 1.558659 -5.166606
v 5.313679 2.186420 -5.968854
v 3.107822 -7.667828 -3.052372
v 3.760361 -7.135601 -6.113008
v 4.995255 -13.889584 -8.230441
v 4.511562 -15.258450 -5.541973
v 4.189556 -16.229610 -2.528453
v 3.813549 -11.826992 -0.238148
v 3.230686 -7.377636 -0.879749
v 24.567715 -7.667828 -3.052372
v 22.680286 -13.889584 -8.230441
v 23.915180 -7.135601 -6.113008
v 23.163975 -15.258450 -5.541973
v 23.485981 -16.229610 -2.528453
v 23.861988 -11.826992 -0.238148
v 24.444851 -7.377636 -0.879749
v 35.436848 25.400318 -1.881013
v 35.651585 25.251209 -2.848219
v 34.158215 26.538532 -2.848217
v 34.889141 25.866154 -1.160864
v 34.148853 26.513660 -0.893904
v 33.413776 27.185535 -1.160999
v 32.883617 27.690845 -1.881009
v 32.702457 27.898212 -2.848216
v 35.436848 25.400318 -3.815423
v 34.158215 26.538532 -2.848217
v 35.651585 25.251209 -2.848219
v 34.889141 25.866154 -4.535573
v 34.148853 26.513660 -4.802532
v 33.413776 27.185535 -4.535435
v 32.883617 27.690845 -3.815423
v 32.702457 27.898212 -2.848216
v 37.390568 -12.523556 -4.252530
v 37.340710 -11.872936 -4.682246
v 37.280415 -11.086468 -2.848231
v 37.424007 -12.959637 -3.608880
v 37.435772 -13.112911 -2.848236
v 37.424007 -12.959637 -2.087586
v 37.390583 -12.523571 -1.443937
v 37.340710 -11.872952 -1.014216
v 8.484661 16.705982 -2.848223
v 5.730965 15.599415 1.746342
v 5.749012 16.315556 -2.848224
v 8.472218 15.954777 1.805991
v 5.697563 13.833363 5.701229
v 14.564419 17.144138 1.821237
v 14.565365 17.967518 -2.848222
v 20.646076 18.231907 -2.848222
v 8.452118 14.074070 5.812229
v 5.635429 11.221012 8.372558
v 20.656620 17.336338 2.002781
v 26.726780 18.994892 -2.848222
v 14.571697 14.529240 5.840600
v 8.410118 11.325214 8.518231
v 5.538887 8.225803 9.478806
v 7.972965 4.026814 9.592793
v 14.179836 3.882481 9.827192
v 14.571098 11.499607 8.555454
v 20.386703 3.738194 10.061589
v 20.732079 11.674046 8.998807
v 26.593571 3.593891 10.295988
v 20.691280 14.984409 6.178415
v 26.893055 11.848469 9.416895
v 32.800442 3.449558 10.530387
v 26.748821 18.027149 2.173979
v 32.807491 19.757862 -2.848222
v 26.810871 15.439564 6.496981
v 33.054035 12.022861 9.716449
v 34.915333 5.095707 10.641934
v 36.188313 8.128086 10.753489
v 36.001553 12.104557 9.964092
v 32.930447 15.894703 6.725230
v 35.854733 16.100330 6.913920
v 35.747890 19.008106 2.398048
v 32.841030 18.717930 2.296642
v 35.708561 20.087193 -2.848221
v 5.730965 15.599415 -7.442787
v 8.484661 16.705982 -2.848223
v 5.749012 16.315556 -2.848224
v 8.472218 15.954777 -7.502441
v 5.697563 13.833363 -11.397678
v 14.564419 17.144138 -7.517685
v 14.565365 17.967518 -2.848222
v 20.646076 18.231907 -2.848222
v 8.452118 14.074070 -11.508680
v 5.635429 11.221012 -14.069014
v 20.656620 17.336338 -7.699228
v 26.726780 18.994892 -2.848222
v 14.571697 14.529240 -11.537051
v 8.410118 11.325214 -14.214687
v 5.538883 8.225849 -15.175265
v 7.972965 4.026829 -15.289259
v 14.179836 3.882526 -15.523658
v 14.571098 11.499607 -14.251909
v 20.386703 3.738209 -15.758054
v 20.732079 11.674046 -14.695261
v 26.593571 3.593906 -15.992454
v 20.691280 14.984409 -11.874866
v 26.893055 11.848469 -15.113346
v 32.800442 3.449589 -16.226851
v 26.748821 18.027149 -7.870427
v 32.807491 19.757862 -2.848222
v 26.810871 15.439564 -12.193431
v 33.054035 12.022861 -15.412903
v 34.915333 5.095737 -16.338398
v 36.188313 8.128132 -16.449947
v 36.001553 12.104557 -15.660545
v 32.841030 18.717930 -7.993088
v 35.708561 20.087193 -2.848221
v 35.747890 19.008106 -8.094492
v 32.930447 15.894703 -12.421682
v 35.854733 16.100330 -12.610372
v 5.590153 -12.081020 0.613348
v 4.973717 -9.350491 0.563843
v 5.517849 -12.070644 0.578563
v 3.813549 -11.826992 -0.238148
v 5.595585 -12.141155 0.583890
v 3.230686 -7.377636 -0.879749
v 4.189556 -16.229610 -2.528453
v 4.818172 -6.183971 0.200050
v 6.059013 -17.552303 -2.067587
v 4.593300 -6.898602 -2.907644
v 6.351326 -16.002636 -5.606343
v 3.107822 -7.667828 -3.052372
v 4.511562 -15.258450 -5.541973
v 3.760361 -7.135601 -6.113008
v 4.995255 -13.889584 -8.230441
v 5.420628 -5.985943 -6.407864
v 6.959690 -14.336880 -8.663468
v 22.701824 -9.350491 0.563843
v 22.085102 -12.081020 0.613348
v 22.157688 -12.070644 0.578563
v 23.861988 -11.826992 -0.238148
v 22.079952 -12.141155 0.583890
v 24.444851 -7.377636 -0.879749
v 23.485981 -16.229610 -2.528453
v 22.857143 -6.183971 0.199319
v 21.616528 -17.552303 -2.067587
v 23.082233 -6.898602 -2.908132
v 21.324211 -16.002636 -5.606343
v 24.567715 -7.667828 -3.052372
v 23.163975 -15.258450 -5.541973
v 23.915180 -7.135601 -6.113008
v 22.680286 -13.889584 -8.230441
v 22.254910 -5.985943 -6.408352
v 20.715839 -14.336880 -8.663468
v 7.563435 8.033253 16.627930
v 13.311409 10.445835 16.885281
v 7.597149 10.425022 16.112869
v 13.559105 7.898579 17.345009
v 7.628571 11.829517 15.668647
v 19.025654 10.466633 17.496689
v 19.324150 7.763905 17.894543
v 13.261036 11.975101 16.424633
v 7.660000 13.233997 14.975797
v 18.914268 12.157780 17.024746
v 13.213093 13.969807 15.548106
v 7.718685 15.913761 13.170774
v 24.739895 10.487431 18.061256
v 25.089207 7.629246 18.394627
v 13.171963 17.385929 13.689860
v 7.771557 18.328709 10.753558
v 18.766186 14.734760 15.964919
v 24.573696 12.337650 17.579559
v 18.625233 18.380100 14.069324
v 24.319271 15.470570 16.335003
v 13.139057 20.141254 11.199883
v 13.114017 22.309467 8.170479
v 7.816616 20.379108 7.814895
v 18.506561 21.632832 11.527795
v 13.096458 23.959446 4.729190
v 7.851315 21.952091 4.480571
v 18.411407 23.902241 8.433381
v 18.341599 25.616337 4.914217
v 13.085514 24.990238 1.010134
v 7.873199 22.940357 0.882226
v 18.297825 26.681187 1.105707
v 13.039486 25.351688 -2.848219
v 7.880775 23.283115 -2.848220
v 7.873199 22.940357 -6.578665
v 18.198200 27.042881 -2.848217
v 13.085514 24.990238 -6.706571
v 7.851315 21.952106 -10.177012
v 23.356915 28.368534 -2.848216
v 13.096458 23.959461 -10.425628
v 7.816616 20.379139 -13.511339
v 18.297825 26.681187 -6.802142
v 13.114017 22.309483 -13.866921
v 7.771557 18.328724 -16.450005
v 18.341599 25.616352 -10.610654
v 23.510128 27.997349 -6.888076
v 23.510128 27.997334 1.191643
v 28.515636 29.274845 -2.848216
v 23.586735 26.894215 5.080263
v 28.722439 28.884907 1.238018
v 23.708797 25.109562 8.668560
v 28.831882 27.739292 5.168643
v 32.056454 29.495579 -2.848215
v 32.300045 29.108341 1.269848
v 32.432011 27.940739 5.229305
v 28.722439 28.884922 -6.934450
v 32.300045 29.108356 -6.966279
v 29.006191 25.877628 8.790861
v 32.642200 26.037083 8.874806
v 23.874073 22.730610 11.820216
v 29.241573 23.380939 11.968799
v 32.925694 23.473469 12.070785
v 24.078510 19.293095 14.406871
v 29.531780 19.973148 14.575156
v 33.274769 20.330769 14.690665
v 33.683865 16.682346 16.641682
v 29.872364 16.177311 16.516861
v 30.236294 12.515614 17.935738
v 34.116512 12.707172 18.179642
v 30.454128 10.508244 18.422272
v 34.464344 10.522846 18.675823
v 34.158161 9.694736 18.764072
v 30.854252 7.494556 18.687172
v 32.844913 8.245960 18.761379
v 28.831882 27.739323 -10.865078
v 32.432011 27.940754 -10.925738
v 23.586735 26.894245 -10.776699
v 29.006191 25.877644 -14.487295
v 32.642200 26.037098 -14.571239
v 23.708797 25.109577 -14.364995
v 18.411407 23.902256 -14.129820
v 29.241573 23.380955 -17.665237
v 32.925694 23.473484 -17.767220
v 23.874073 22.730656 -17.516655
v 29.531780 19.973164 -20.271603
v 33.274769 20.330814 -20.387110
v 33.683865 16.682407 -22.338131
v 18.506561 21.632847 -17.224236
v 24.078510 19.293110 -20.103319
v 29.872364 16.177372 -22.213310
v 13.139057 20.141270 -16.896324
v 18.625233 18.380116 -19.765770
v 13.171963 17.385944 -19.386307
v 7.718697 15.913776 -18.867222
v 24.319271 15.470600 -22.031456
v 18.766186 14.734791 -21.661373
v 13.213093 13.969852 -21.244560
v 7.660000 13.234028 -20.672253
v 24.577961 12.318974 -23.276394
v 18.917046 12.141880 -22.721577
v 13.262451 11.960957 -22.121475
v 7.628571 11.829563 -21.365101
v 13.312599 10.445896 -22.582005
v 7.597149 10.425068 -21.809330
v 7.563423 8.033314 -22.324387
v 13.559101 7.898640 -23.041466
v 19.028042 10.466679 -23.193489
v 19.324150 7.763966 -23.591003
v 24.743488 10.487476 -23.758141
v 25.089207 7.629276 -24.091087
v 30.242168 12.493427 -23.632580
v 34.116512 12.707218 -23.876087
v 30.458935 10.508274 -24.119228
v 30.854252 7.494617 -24.383633
v 34.464352 10.522877 -24.372280
v 32.844913 8.246006 -24.457840
v 34.158161 9.694767 -24.460529
v 34.139835 23.597858 -15.732987
v 33.814037 23.201725 -15.033313
v 34.535366 22.488728 -14.940510
v 33.314953 24.013462 -14.647828
v 35.014690 22.721058 -15.625233
v 33.536083 24.579807 -15.266661
v 35.289989 22.045231 -14.401218
v 33.175755 24.697239 -13.892670
v 35.927242 22.184727 -14.973069
v 33.367695 25.406986 -14.353134
v 35.880154 22.005833 -13.559589
v 33.600216 25.751163 -13.178889
v 36.640926 22.137089 -13.955307
v 33.370098 24.930698 -13.016799
v 36.956135 22.582935 -12.855218
v 34.234402 25.620747 -12.130732
v 36.143566 22.338978 -12.703607
v 33.894848 24.822865 -12.149532
v 36.675755 23.331013 -11.877623
v 35.109623 25.070133 -11.479795
v 35.906834 22.933796 -11.935179
v 34.617634 24.368107 -11.611959
v 36.000027 24.237507 -11.386241
v 35.347782 23.683796 -11.528637
v 21.306061 2.768742 2.543032
v 23.129871 2.358097 1.222984
v 21.306061 5.092121 0.219665
v 21.306061 -0.405025 3.393443
v 23.022739 4.120258 -0.542465
v 23.276226 -0.049145 1.869185
v 21.306061 5.942493 -2.954113
v 23.422573 -2.456295 1.222980
v 22.983524 4.765278 -2.954115
v 21.306061 -3.578777 2.543028
v 23.022739 4.120258 -5.365768
v 23.529705 -4.218563 -0.542471
v 21.306061 5.092121 -6.127893
v 21.306061 -5.902187 0.219657
v 23.129871 2.358097 -7.131220
v 21.306061 -6.752575 -2.954122
v 21.306061 2.768742 -8.451264
v 23.568920 -4.863522 -2.954122
v 21.306061 -0.405025 -9.301680
v 23.529705 -4.218563 -5.365774
v 23.276226 -0.049145 -7.777425
v 21.306061 -5.902172 -6.127901
v 23.422573 -2.456295 -7.131223
v 21.306061 -3.578777 -8.451268
v 4.717934 -38.349255 -2.354130
v 3.460941 -39.126629 -1.905319
v 3.460941 -37.655529 -0.434227
v 3.460941 -39.665081 -3.914868
v 4.717934 -37.206707 -1.211591
v 4.717934 -38.767467 -3.914867
v 3.460941 -35.645977 0.104232
v 4.717934 -38.349255 -5.475603
v 4.717934 -35.645977 -0.793392
v 3.460941 -39.126629 -5.924415
v 4.717934 -34.085262 -1.211589
v 3.460941 -37.655529 -7.395505
v 3.460941 -33.636425 -0.434225
v 4.717934 -37.206707 -6.618140
v 4.717934 -32.942715 -2.354126
v 3.460941 -35.645977 -7.933963
v 3.460941 -32.165356 -1.905314
v 4.717934 -35.645977 -7.036338
v 3.460941 -31.626888 -3.914862
v 4.717934 -34.085262 -6.618139
v 4.717934 -32.524502 -3.914863
v 3.460941 -33.636425 -7.395502
v 4.717934 -32.942715 -5.475600
v 3.460941 -32.165356 -5.924411
v 34.846882 14.057789 15.646106
v 36.140202 13.500202 15.762538
v 35.589504 13.700153 15.122878
v 36.282475 13.762897 14.375274
v 35.232769 14.013065 16.421772
v 36.978199 13.576038 14.858474
v 34.247662 14.852192 15.849179
v 36.788074 14.294178 13.621139
v 34.506657 14.975666 16.667847
v 37.534145 14.197300 14.039714
v 33.959682 15.806339 15.663329
v 36.832943 15.049076 13.111211
v 34.157673 16.132023 16.442604
v 37.645794 15.272587 13.316123
v 34.237934 17.146641 15.757400
v 36.493946 15.987034 12.895350
v 34.032581 16.581257 15.132443
v 37.235271 16.408421 13.054721
v 34.741924 17.759678 14.828635
v 36.473400 17.344257 13.282851
v 34.448551 17.087254 14.365899
v 35.877125 16.744343 13.090610
v 35.556835 17.831684 13.926576
v 35.120693 17.146656 13.621879
v 36.956135 22.582905 7.158778
v 35.880154 22.005817 7.863151
v 36.640926 22.137074 8.258868
v 35.927250 22.184696 9.276628
v 36.143566 22.338963 7.007169
v 35.289989 22.045200 8.704780
v 36.675755 23.330997 6.181186
v 35.014690 22.721043 9.928791
v 35.906834 22.933765 6.238737
v 34.535366 22.488697 9.244068
v 36.000034 24.237476 5.689804
v 34.139835 23.597843 10.036551
v 35.347782 23.683781 5.832200
v 33.814037 23.201710 9.336873
v 34.617641 24.368092 5.915523
v 33.314953 24.013447 8.951388
v 35.109623 25.070103 5.783361
v 33.536083 24.579792 9.570220
v 33.894848 24.822834 6.453098
v 33.175755 24.697224 8.196230
v 34.234402 25.620731 6.434296
v 33.367687 25.406971 8.656702
v 33.370098 24.930683 7.320361
v 33.600216 25.751118 7.482453
v 36.140202 13.500248 -21.458988
v 34.846882 14.057835 -21.342556
v 35.589504 13.700184 -20.819328
v 36.282475 13.762943 -20.071732
v 35.232792 14.013111 -22.118221
v 36.978199 13.576084 -20.554924
v 34.247654 14.852253 -21.545631
v 36.788074 14.294239 -19.317589
v 34.506657 14.975712 -22.364296
v 37.534145 14.197346 -19.736168
v 33.959682 15.806370 -21.359776
v 36.832943 15.049091 -18.807661
v 34.157673 16.132053 -22.139053
v 37.645794 15.272602 -19.012571
v 34.237934 17.146671 -21.453850
v 36.493946 15.987064 -18.591805
v 34.032581 16.581287 -20.828896
v 37.235271 16.408436 -18.751169
v 34.741924 17.759693 -20.525080
v 36.473400 17.344273 -18.979298
v 34.448551 17.087269 -20.062351
v 35.877125 16.744358 -18.787060
v 35.556850 17.831699 -19.623022
v 35.120693 17.146671 -19.318329
v 6.051338 -35.645977 1.249004
v 6.051338 -33.064053 0.557180
v 6.051338 -35.645977 0.923801
v 6.051338 -38.227901 0.557177
v 6.051338 -33.226620 0.275544
v 6.051338 -38.065304 0.275541
v 6.051338 -31.173962 -1.332927
v 6.051338 -39.836391 -1.495535
v 6.051338 -31.455578 -1.495529
v 6.051338 -40.118038 -1.332934
v 6.051338 -30.807339 -3.914862
v 6.051338 -40.809856 -3.914869
v 6.051338 -30.482128 -3.914862
v 6.051338 -40.484646 -3.914869
v 6.051338 -31.173946 -6.496796
v 6.051338 -39.836391 -6.334201
v 6.051338 -31.455578 -6.334196
v 6.051338 -40.118038 -6.496803
v 6.051338 -33.226620 -8.105270
v 6.051338 -38.227901 -8.386908
v 6.051338 -33.064037 -8.386905
v 6.051338 -38.065304 -8.105273
v 6.051338 -35.645977 -8.753531
v 6.051338 -35.645977 -9.078736
v 8.208023 -35.645977 0.266925
v 8.208023 -33.064053 0.557180
v 8.208023 -35.645977 1.249004
v 8.208023 -38.227901 0.557177
v 8.208023 -33.555096 -0.293325
v 8.208023 -37.736858 -0.293328
v 8.208023 -31.173962 -1.332927
v 8.208023 -39.267544 -1.823973
v 8.208023 -32.024441 -1.823968
v 8.208023 -40.118038 -1.332934
v 8.208023 -30.482128 -3.914862
v 8.208023 -40.809856 -3.914869
v 8.208023 -31.464184 -3.914863
v 8.208023 -39.827770 -3.914868
v 8.208023 -32.024441 -6.005757
v 8.208023 -39.267544 -6.005763
v 8.208023 -31.173946 -6.496796
v 8.208023 -40.118038 -6.496803
v 8.208023 -33.555065 -7.536401
v 8.208023 -38.227901 -8.386908
v 8.208023 -33.064037 -8.386905
v 8.208023 -37.736858 -7.536404
v 8.208023 -35.645977 -8.096657
v 8.208023 -35.645977 -9.078736
v 3.460941 -37.655529 -0.434227
v 4.407291 -39.836391 -1.495535
v 4.407291 -38.065304 0.275541
v 4.407291 -35.645977 0.923801
v 3.460941 -39.126629 -1.905319
v 3.460941 -35.645977 0.104232
v 4.407291 -40.484646 -3.914869
v 3.460941 -33.636425 -0.434225
v 3.460941 -39.665081 -3.914868
v 4.407291 -33.226620 0.275544
v 3.460941 -39.126629 -5.924415
v 3.460941 -32.165356 -1.905314
v 4.407291 -39.836391 -6.334201
v 4.407291 -31.455578 -1.495529
v 3.460941 -37.655529 -7.395505
v 4.407291 -30.807339 -3.914862
v 4.407291 -38.065304 -8.105273
v 3.460941 -31.626888 -3.914862
v 4.407291 -35.645977 -8.753531
v 3.460941 -32.165356 -5.924411
v 3.460941 -35.645977 -7.933963
v 4.407291 -31.455578 -6.334196
v 3.460941 -33.636425 -7.395502
v 4.407291 -33.226620 -8.105270
v 21.624203 -33.064053 0.557180
v 21.624203 -35.645977 1.249004
v 21.624203 -35.645977 0.923801
v 21.624203 -38.227901 0.557177
v 21.624203 -33.226620 0.275544
v 21.624203 -38.065304 0.275541
v 21.624203 -31.173962 -1.332927
v 21.624203 -39.836391 -1.495535
v 21.624203 -31.455578 -1.495529
v 21.624203 -40.118038 -1.332934
v 21.624203 -30.807339 -3.914862
v 21.624203 -40.809856 -3.914869
v 21.624203 -30.482128 -3.914862
v 21.624203 -40.484646 -3.914869
v 21.624203 -31.173946 -6.496796
v 21.624203 -39.836391 -6.334201
v 21.624203 -31.455578 -6.334196
v 21.624203 -40.118038 -6.496803
v 21.624203 -33.226620 -8.105270
v 21.624203 -38.227901 -8.386908
v 21.624203 -33.064037 -8.386905
v 21.624203 -38.065304 -8.105273
v 21.624203 -35.645977 -8.753531
v 21.624203 -35.645977 -9.078736
v 19.467522 -33.064053 0.557180
v 19.467522 -35.645977 0.266925
v 19.467522 -35.645977 1.249004
v 19.467522 -38.227901 0.557177
v 19.467522 -33.555096 -0.293325
v 19.467522 -37.736858 -0.293328
v 19.467522 -31.173962 -1.332927
v 19.467522 -39.267544 -1.823973
v 19.467522 -32.024441 -1.823968
v 19.467522 -40.118038 -1.332934
v 19.467522 -30.482128 -3.914862
v 19.467522 -40.809856 -3.914869
v 19.467522 -31.464184 -3.914863
v 19.467522 -39.827770 -3.914868
v 19.467522 -32.024441 -6.005757
v 19.467522 -39.267544 -6.005763
v 19.467522 -31.173946 -6.496796
v 19.467522 -40.118038 -6.496803
v 19.467522 -33.555065 -7.536401
v 19.467522 -38.227901 -8.386908
v 19.467522 -33.064037 -8.386905
v 19.467522 -37.736858 -7.536404
v 19.467522 -35.645977 -8.096657
v 19.467522 -35.645977 -9.078736
v 23.268246 -39.836391 -1.495535
v 24.214596 -37.655529 -0.434227
v 23.268246 -38.065304 0.275541
v 23.268246 -35.645977 0.923801
v 24.214596 -39.126629 -1.905319
v 24.214596 -35.645977 0.104232
v 23.268246 -40.484646 -3.914869
v 24.214596 -33.636425 -0.434225
v 24.214596 -39.665081 -3.914868
v 23.268246 -33.226620 0.275544
v 24.214596 -39.126629 -5.924415
v 24.214596 -32.165356 -1.905314
v 23.268246 -39.836391 -6.334201
v 23.268246 -31.455578 -1.495529
v 24.214596 -37.655529 -7.395505
v 23.268246 -30.807339 -3.914862
v 23.268246 -38.065304 -8.105273
v 24.214596 -31.626888 -3.914862
v 23.268246 -35.645977 -8.753531
v 24.214596 -32.165356 -5.924411
v 24.214596 -35.645977 -7.933963
v 23.268246 -31.455578 -6.334196
v 24.214596 -33.636425 -7.395502
v 23.268246 -33.226620 -8.105270
v 22.957600 -38.349255 -2.354130
v 24.214596 -37.655529 -0.434227
v 24.214596 -39.126629 -1.905319
v 24.214596 -39.665081 -3.914868
v 22.957600 -37.206707 -1.211591
v 22.957600 -38.767467 -3.914867
v 24.214596 -35.645977 0.104232
v 22.957600 -38.349255 -5.475603
v 22.957600 -35.645977 -0.793392
v 24.214596 -39.126629 -5.924415
v 22.957600 -34.085262 -1.211589
v 24.214596 -37.655529 -7.395505
v 24.214596 -33.636425 -0.434225
v 22.957600 -37.206707 -6.618140
v 22.957600 -32.942715 -2.354126
v 24.214596 -35.645977 -7.933963
v 24.214596 -32.165356 -1.905314
v 22.957600 -35.645977 -7.036338
v 24.214596 -31.626888 -3.914862
v 22.957600 -34.085262 -6.618139
v 22.957600 -32.524502 -3.914863
v 24.214596 -33.636425 -7.395502
v 22.957600 -32.942715 -5.475600
v 24.214596 -32.165356 -5.924411
v 7.060150 1.080204 -5.487299
v 7.055477 3.947697 -5.316058
v 7.060150 2.238316 -4.329154
v 7.060150 2.662251 -2.747102
v 7.055477 2.067081 -7.196668
v 7.055477 4.636036 -2.747105
v 7.060150 -0.501858 -5.911211
v 7.055477 3.947697 -0.178148
v 7.055477 -0.501858 -7.885018
v 7.060150 2.238316 -1.165055
v 7.055477 -3.070782 -7.196671
v 7.060150 1.080204 -0.006915
v 7.060150 -2.083920 -5.487301
v 7.055477 2.067081 1.702455
v 7.055477 -4.951427 -5.316065
v 7.060150 -0.501858 0.416993
v 7.060150 -3.242031 -4.329158
v 7.055477 -0.501858 2.390803
v 7.060150 -3.665981 -2.747107
v 7.055477 -3.070782 1.702451
v 7.055477 -5.639751 -2.747112
v 7.060150 -2.083920 -0.006917
v 7.055477 -4.951427 -0.178154
v 7.060150 -3.242031 -1.165059
v 5.278854 2.067081 -7.196668
v 4.857071 3.356998 -4.975002
v 5.278854 3.947697 -5.316058
v 5.278854 4.636036 -2.747102
v 4.857071 1.726002 -6.605939
v 4.857071 3.953938 -2.747102
v 5.278854 -0.501858 -7.885015
v 4.857071 3.356998 -0.519206
v 4.857071 -0.501858 -7.202893
v 5.278854 3.947697 -0.178148
v 5.278854 -3.070782 -7.196671
v 5.278854 2.067081 1.702458
v 4.857071 -2.729717 -6.605943
v 4.857071 1.726002 1.111730
v 4.857071 -4.360683 -4.975007
v 5.278854 -0.501858 2.390803
v 5.278858 -4.951427 -5.316065
v 4.857071 -0.501858 1.708693
v 4.857071 -4.957653 -2.747108
v 5.278854 -3.070782 1.702455
v 5.278858 -5.639751 -2.747108
v 4.857071 -2.729717 1.111727
v 5.278858 -4.951427 -0.178154
v 4.857071 -4.360683 -0.519211
v 34.846882 14.057789 15.646106
v 35.589504 13.700153 15.122878
v 35.376675 15.422398 14.374606
v 34.247662 14.852192 15.849179
v 36.282475 13.762897 14.375274
v 33.959682 15.806339 15.663329
v 36.788074 14.294178 13.621139
v 34.032581 16.581257 15.132443
v 36.832943 15.049076 13.111211
v 34.448551 17.087254 14.365899
v 36.493946 15.987034 12.895350
v 35.120693 17.146656 13.621879
v 35.877125 16.744343 13.090610
v 35.880154 22.005817 7.863151
v 36.143566 22.338963 7.007169
v 34.607594 23.460850 7.588634
v 35.289989 22.045200 8.704780
v 35.906834 22.933765 6.238737
v 34.535366 22.488697 9.244068
v 35.347782 23.683781 5.832200
v 33.814037 23.201710 9.336873
v 34.617641 24.368092 5.915523
v 33.314953 24.013447 8.951388
v 33.894848 24.822834 6.453098
v 33.175755 24.697224 8.196230
v 33.370098 24.930683 7.320361
v 34.846882 14.057835 -21.342556
v 35.376675 15.422443 -20.071058
v 35.589504 13.700184 -20.819328
v 34.247654 14.852253 -21.545631
v 36.282475 13.762943 -20.071732
v 33.959682 15.806370 -21.359776
v 36.788074 14.294239 -19.317589
v 34.032581 16.581287 -20.828896
v 36.832943 15.049091 -18.807661
v 34.448551 17.087269 -20.062351
v 36.493946 15.987064 -18.591805
v 35.120693 17.146671 -19.318329
v 35.877125 16.744358 -18.787060
v 35.880154 22.005833 -13.559589
v 34.607594 23.460865 -13.285073
v 36.143566 22.338978 -12.703607
v 35.289989 22.045231 -14.401218
v 35.906834 22.933796 -11.935179
v 34.535366 22.488728 -14.940510
v 35.347782 23.683796 -11.528637
v 33.814037 23.201725 -15.033313
v 34.617634 24.368107 -11.611959
v 33.314953 24.013462 -14.647828
v 33.894848 24.822865 -12.149532
v 33.175755 24.697239 -13.892670
v 33.370098 24.930698 -13.016799
v 23.422573 -2.456295 1.222980
v 23.529705 -4.218563 -0.542471
v 23.276211 -0.048885 -2.954120
v 23.276226 -0.049145 1.869185
v 23.568920 -4.863522 -2.954122
v 23.129871 2.358097 1.222984
v 23.529705 -4.218563 -5.365774
v 23.022739 4.120258 -0.542465
v 23.422573 -2.456295 -7.131223
v 22.983524 4.765278 -2.954115
v 23.276226 -0.049145 -7.777425
v 23.022739 4.120258 -5.365768
v 23.129871 2.358097 -7.131220
v 7.730663 -3.578747 2.544854
v 7.548344 -0.405422 -2.954188
v 7.730663 -5.902035 0.221660
v 7.730663 -0.404797 3.395267
v 7.730663 -6.752438 -2.952296
v 7.730663 2.768803 2.544804
v 7.730663 -5.902264 -6.125578
v 7.730663 5.092045 0.219559
v 7.730663 -3.579021 -8.449039
v 7.730663 5.942371 -2.953953
v 7.730663 -0.404919 -9.299598
v 7.730663 5.091938 -6.127967
v 7.730663 2.768543 -8.449278
v 4.717934 -37.206707 -1.211591
v 4.717934 -35.645977 -3.914865
v 4.717934 -38.349255 -2.354130
v 4.717934 -35.645977 -0.793392
v 4.717934 -38.767467 -3.914867
v 4.717934 -34.085262 -1.211589
v 4.717934 -38.349255 -5.475603
v 4.717934 -32.942715 -2.354126
v 4.717934 -37.206707 -6.618140
v 4.717934 -32.524502 -3.914863
v 4.717934 -35.645977 -7.036338
v 4.717934 -32.942715 -5.475600
v 4.717934 -34.085262 -6.618139
v 22.957600 -37.206707 -1.211591
v 22.957600 -38.349255 -2.354130
v 22.957600 -35.645977 -3.914865
v 22.957600 -35.645977 -0.793392
v 22.957600 -38.767467 -3.914867
v 22.957600 -34.085262 -1.211589
v 22.957600 -38.349255 -5.475603
v 22.957600 -32.942715 -2.354126
v 22.957600 -37.206707 -6.618140
v 22.957600 -32.524502 -3.914863
v 22.957600 -35.645977 -7.036338
v 22.957600 -32.942715 -5.475600
v 22.957600 -34.085262 -6.618139
v 4.857071 3.356998 -4.975002
v 4.857071 1.726002 -6.605939
v 4.857071 -0.501858 -2.747108
v 4.857071 3.953938 -2.747102
v 4.857071 -0.501858 -7.202893
v 4.857071 3.356998 -0.519206
v 4.857071 -2.729717 -6.605943
v 4.857071 1.726002 1.111730
v 4.857071 -4.360683 -4.975007
v 4.857071 -0.501858 1.708693
v 4.857071 -4.957653 -2.747108
v 4.857071 -2.729717 1.111727
v 4.857071 -4.360683 -0.519211
v 38.416317 10.356220 -6.497480
v 38.299274 11.881779 -6.796978
v 38.287525 11.928669 -2.848218
v 38.515583 9.062214 -5.641938
v 38.182301 13.406483 -6.495308
v 38.581936 8.197178 -4.360424
v 38.083202 14.698277 -5.638869
v 38.605251 7.893421 -2.848228
v 38.017017 15.561176 -4.358250
v 38.581936 8.197178 -1.336021
v 37.993778 15.864017 -2.848222
v 38.515583 9.062214 -0.054508
v 38.017017 15.561176 -1.338186
v 38.416317 10.356220 0.801031
v 38.083202 14.698277 -0.057572
v 38.299274 11.881779 1.100536
v 38.182301 13.406483 0.798867
vn -0.9317 -0.3632 -0.0000
vn -0.9412 -0.3137 0.1254
vn -0.8183 -0.2911 0.4957
vn -0.8182 -0.2911 0.4957
vn -0.2054 -0.3237 -0.9236
vn -0.1256 -0.3137 -0.9412
vn -0.4497 -0.2919 -0.8441
vn -0.8643 -0.5029 -0.0000
vn -0.8643 -0.5030 -0.0000
vn -0.9989 -0.0471 0.0001
vn -0.9974 -0.0707 0.0157
vn -0.9970 -0.0549 0.0549
vn -0.9994 -0.0157 0.0315
vn -0.9974 0.0157 0.0707
vn -0.9989 0.0236 0.0393
vn -0.9954 -0.0948 0.0158
vn 0.0236 -0.9986 0.0473
vn -0.9412 -0.3137 -0.1255
vn -0.9412 -0.3137 -0.1256
vn -0.9317 -0.3632 0.0001
vn -0.8183 -0.2911 -0.4957
vn -0.2054 -0.3237 0.9236
vn -0.4497 -0.2919 0.8441
vn -0.1256 -0.3138 0.9412
vn -0.9974 -0.0707 -0.0157
vn -0.9989 -0.0472 -0.0000
vn -0.9989 -0.0472 0.0001
vn -0.9970 -0.0549 -0.0549
vn -0.9994 -0.0157 -0.0315
vn -0.9989 0.0236 -0.0393
vn -0.9974 0.0157 -0.0707
vn -0.9954 -0.0948 -0.0159
vn -0.9954 -0.0948 -0.0158
vn 0.0235 -0.9986 -0.0471
vn -0.3230 -0.7328 0.5989
vn -0.2349 -0.7363 0.6345
vn -0.1883 -0.1806 0.9654
vn -0.1884 -0.1805 0.9654
vn -0.2045 0.9674 -0.1494
vn -0.2123 0.9752 -0.0629
vn -0.0787 0.7394 -0.6686
vn -0.0786 0.7394 -0.6687
vn -0.0708 0.7399 -0.6690
vn 0.3231 -0.7328 0.5988
vn 0.2350 -0.7363 0.6345
vn 0.1884 -0.1805 0.9654
vn 0.2123 0.9752 -0.0629
vn 0.2045 0.9674 -0.1494
vn 0.0787 0.7394 -0.6686
vn 0.0708 0.7399 -0.6690
vn 0.5600 0.8047 0.1972
vn 0.5601 0.8046 0.1972
vn 0.5421 0.8171 0.1964
vn 0.4420 -0.4262 0.7893
vn 0.4247 0.0393 0.9045
vn 0.2126 0.0394 0.9763
vn -0.5600 0.8047 0.1972
vn -0.5601 0.8046 0.1972
vn -0.5422 0.8170 0.1964
vn -0.5421 0.8170 0.1964
vn -0.4247 0.0393 0.9045
vn -0.2126 0.0394 0.9763
vn 0.1731 0.9522 -0.2518
vn 0.0788 -0.7010 -0.7088
vn 0.0785 -0.5728 -0.8159
vn 0.0871 -0.7044 -0.7044
vn -0.0393 -0.7065 -0.7066
vn -0.0629 -0.5113 -0.8571
vn -0.0944 -0.7000 -0.7079
vn 0.1970 -0.6933 0.6933
vn 0.1893 -0.6943 0.6943
vn 0.1894 -0.6943 0.6943
vn 0.1893 -0.6943 -0.6944
vn 0.1970 -0.6932 -0.6933
vn 0.1893 -0.6942 -0.6944
vn 0.1893 -0.6863 -0.7022
vn 0.1893 -0.6864 0.7022
vn -0.6124 0.4475 -0.6516
vn -0.6059 0.5665 -0.5586
vn -0.6059 0.5664 -0.5586
vn -0.6059 0.5664 0.5587
vn -0.6058 0.5664 0.5587
vn -0.6124 0.4475 0.6517
vn -0.6125 0.4475 0.6516
vn -0.1806 0.6674 -0.7225
vn -0.1893 0.6863 -0.7023
vn -0.2685 0.9633 -0.0000
vn -0.2684 0.9633 -0.0000
vn -0.1893 0.6864 0.7022
vn -0.1805 0.6674 0.7225
vn 0.0236 -0.2830 -0.9588
vn 0.0236 -0.2829 -0.9588
vn 0.0236 -0.2829 -0.9589
vn 0.0236 -0.2830 0.9588
vn -0.9969 -0.0785 -0.0000
vn 0.0784 -0.9969 -0.0079
vn 0.0236 -0.9997 0.0080
vn 0.0788 -0.9949 0.0632
vn 0.0788 -0.9949 0.0633
vn 0.0868 -0.9942 0.0631
vn 0.0784 -0.9969 0.0079
vn 0.0785 -0.9969 0.0079
vn 0.0236 -0.9997 -0.0082
vn 0.0868 -0.9942 -0.0631
vn 0.0788 -0.9949 -0.0632
vn 0.0789 -0.9949 -0.0632
vn 0.6146 -0.7879 -0.0394
vn 0.6146 -0.7879 -0.0393
vn 0.9221 -0.3862 -0.0236
vn 0.9221 -0.3862 -0.0237
vn 0.9221 -0.3862 -0.0234
vn -0.9972 0.0707 0.0235
vn -0.9975 0.0707 -0.0000
vn -0.9972 0.0707 0.0236
vn -0.9969 0.0785 -0.0000
vn 0.6146 -0.7879 0.0394
vn 0.6145 -0.7879 0.0395
vn 0.6145 -0.7879 0.0393
vn 0.9221 -0.3862 0.0236
vn 0.9221 -0.3862 0.0237
vn -0.9972 0.0707 -0.0236
vn -0.9972 0.0706 -0.0236
vn -0.0000 0.9697 -0.2444
vn -0.0864 0.9735 -0.2120
vn -0.0000 0.9771 -0.2128
vn -0.0947 0.9788 -0.1816
vn 0.0947 0.9788 -0.1816
vn 0.0864 0.9735 -0.2119
vn -0.0236 -0.5745 -0.8182
vn -0.0393 -0.7066 -0.7066
vn -0.0001 -0.7074 -0.7068
vn -0.8084 0.5886 -0.0000
vn 0.0079 -0.0629 -0.9980
vn 0.0078 -0.0628 -0.9980
vn 0.9750 0.2201 -0.0315
vn 0.9754 0.2203 -0.0000
vn 0.0079 -0.0629 0.9980
vn 0.9750 0.2201 0.0315
vn 0.9750 0.2202 0.0315
vn -0.9975 -0.0708 -0.0000
vn -0.9975 -0.0707 -0.0000
vn 0.1335 -0.9903 0.0394
vn 0.1335 -0.9903 -0.0394
vn 0.1335 -0.9903 -0.0393
vn 0.1336 -0.9903 -0.0393
vn 0.0393 -0.9985 -0.0393
vn 0.0550 -0.9974 -0.0471
vn 0.0471 -0.9984 -0.0314
vn 0.0472 -0.9986 -0.0236
vn 0.0629 -0.9979 -0.0157
vn -0.9997 0.0236 -0.0000
vn -0.9995 0.0314 -0.0000
vn -0.9997 0.0236 0.0079
vn -0.9995 0.0314 0.0079
vn -0.9998 0.0158 0.0157
vn -0.9995 0.0315 -0.0000
vn -0.9998 0.0079 0.0156
vn -0.9998 0.0157 0.0079
vn -0.9998 0.0158 0.0078
vn -0.9989 0.0472 -0.0000
vn -0.9999 0.0158 -0.0000
vn -1.0000 -0.0079 -0.0000
vn -0.8416 0.1495 -0.5191
vn -0.8350 0.1261 -0.5357
vn -0.8495 0.1809 -0.4955
vn -0.8624 0.2137 -0.4589
vn -0.8668 0.2600 -0.4255
vn -0.8708 0.2745 -0.4079
vn -0.8740 0.3149 -0.3701
vn -0.8770 0.3318 -0.3476
vn -0.8800 0.3693 -0.2986
vn -0.8815 0.3778 -0.2833
vn -0.8814 0.4092 -0.2361
vn -0.8832 0.4179 -0.2129
vn -0.8821 0.4411 -0.1654
vn -0.8853 0.4427 -0.1423
vn -0.8840 0.4578 -0.0947
vn -0.8830 0.4651 -0.0631
vn -0.8847 0.4661 -0.0000
vn -1.0000 -0.0000 -0.0000
vn -0.9805 -0.0079 -0.1963
vn -0.9221 -0.0236 -0.3862
vn -0.7486 -0.0394 -0.6619
vn -0.6533 -0.0472 -0.7556
vn -0.3788 -0.0553 -0.9238
vn -0.1897 -0.0632 -0.9798
vn 0.2847 -0.0554 -0.9570
vn 0.2846 -0.0632 -0.9566
vn 0.6533 -0.0472 -0.7556
vn 0.7486 -0.0394 -0.6619
vn 0.9221 -0.0236 -0.3862
vn 0.9805 -0.0079 -0.1963
vn 1.0000 -0.0000 -0.0000
vn -0.0000 0.8185 -0.5745
vn -0.0000 0.8185 -0.5746
vn -0.0000 0.8187 -0.5743
vn -0.0000 0.8186 -0.5744
vn -0.0000 0.8185 -0.5744
vn -0.0000 0.8184 -0.5746
vn -0.0000 0.9659 -0.2588
vn -0.0000 0.9658 -0.2593
vn -0.0000 0.9405 0.3399
vn -0.0000 0.9404 0.3399
vn -0.0000 0.9404 0.3400
vn -0.1884 0.8394 -0.5099
vn -0.0710 0.5050 -0.8602
vn 0.1025 0.5842 -0.8051
vn 0.0631 0.6138 -0.7869
vn 0.0472 0.8335 -0.5505
vn -0.3060 0.8709 -0.3845
vn -0.1100 -0.9195 -0.3773
vn -0.1415 -0.9276 -0.3459
vn -0.1181 -0.8897 -0.4409
vn -0.1254 -0.8465 -0.5173
vn -0.1493 -0.7939 -0.5895
vn -0.1421 -0.7813 -0.6077
vn -0.1180 -0.7550 -0.6450
vn -0.0001 -0.7491 -0.6624
vn -0.0000 -0.7303 -0.6832
vn 0.2509 -0.4076 -0.8780
vn 0.2672 -0.3928 -0.8799
vn 0.2673 -0.4958 -0.8263
vn 0.2602 -0.5993 -0.7570
vn 0.2678 -0.6773 -0.6852
vn 0.2530 -0.6959 -0.6721
vn 0.5698 -0.7913 -0.2216
vn 0.7422 -0.6238 -0.2448
vn 0.5361 -0.8278 -0.1656
vn 0.4665 -0.8776 -0.1107
vn 0.5140 -0.8541 -0.0791
vn 0.5609 -0.8215 -0.1027
vn 0.9916 -0.1023 -0.0787
vn 0.9914 -0.1102 -0.0708
vn 0.9925 -0.1181 -0.0315
vn 0.9919 -0.1260 0.0157
vn 0.9602 -0.1810 0.2125
vn 0.9314 -0.1500 0.3315
vn 0.7626 -0.1808 0.6211
vn 0.6392 -0.1341 0.7573
vn 0.4567 -0.1654 0.8741
vn 0.4876 -0.1180 0.8651
vn -0.0000 0.9317 0.3632
vn -0.0000 0.9318 0.3630
vn -0.0000 0.9315 0.3638
vn -0.0000 0.9405 0.3398
vn -0.0000 0.9495 0.3139
vn -0.0000 0.9591 0.2830
vn -0.0000 0.7708 -0.6371
vn -0.0000 0.8057 -0.5924
vn -0.0393 0.8338 -0.5506
vn -0.1421 0.8367 -0.5289
vn -0.2045 0.8575 -0.4720
vn -0.1976 0.7982 -0.5690
vn -0.1575 0.7795 -0.6063
vn -0.1107 0.9012 -0.4191
vn -0.0784 0.9966 -0.0234
vn -0.1493 0.7938 -0.5895
vn -0.5042 0.7801 0.3705
vn -0.5127 0.7888 0.3391
vn -0.9056 0.3938 0.1575
vn -0.6864 0.7022 0.1894
vn -0.9489 0.2926 0.1186
vn -0.9492 0.3138 0.0235
vn -0.7337 0.6787 -0.0316
vn -0.9491 0.3085 -0.0633
vn -0.4714 0.8718 -0.1335
vn -0.0001 0.9989 -0.0472
vn -0.0001 0.9835 -0.1810
vn -0.0002 0.9715 0.2369
vn -0.5126 0.7888 0.3392
vn -0.0001 0.8897 0.4566
vn -0.5042 0.7801 0.3704
vn -0.0001 0.8678 0.4970
vn -0.5609 -0.8215 -0.1027
vn -0.5140 -0.8541 -0.0791
vn -0.4665 -0.8776 -0.1107
vn -0.5361 -0.8278 -0.1656
vn -0.5698 -0.7913 -0.2216
vn -0.7422 -0.6238 -0.2448
vn 0.0784 -0.5727 -0.8160
vn 0.1025 -0.4259 -0.8990
vn 0.1419 -0.0945 -0.9854
vn 0.1419 0.0945 -0.9854
vn 0.1099 0.4320 -0.8952
vn 0.0946 0.5756 -0.8122
vn 0.1022 0.6995 -0.7073
vn 0.1182 0.6942 -0.7101
vn 0.9612 -0.0000 0.2758
vn 0.9668 -0.1808 0.1808
vn 0.8186 -0.0944 0.5665
vn 0.4721 0.1180 0.8736
vn 0.2830 -0.0000 0.9591
vn 0.2770 0.4826 0.8309
vn 0.2831 0.4876 0.8259
vn 0.2367 0.8048 0.5444
vn 0.1658 0.9002 0.4027
vn 0.1022 0.9910 0.0864
vn 0.0785 0.9966 0.0235
vn 0.0868 0.9714 -0.2211
vn -0.0000 -0.8184 -0.5746
vn -0.0000 -0.9081 -0.4187
vn -0.0000 -0.5745 -0.8185
vn -0.0000 -0.4186 -0.9082
vn -0.0000 -0.0870 -0.9962
vn -0.0000 0.0870 -0.9962
vn -0.0000 0.4186 -0.9082
vn -0.0000 0.5745 -0.8185
vn 0.0001 0.8185 -0.5745
vn -0.0000 0.9082 -0.4186
vn -0.0000 0.9962 -0.0870
vn -0.0000 0.9962 0.0870
vn -0.0000 0.9082 0.4186
vn -0.0000 0.8185 0.5745
vn -0.0000 0.5745 0.8185
vn -0.0000 0.4186 0.9082
vn -0.0000 0.0870 0.9962
vn -0.0000 -0.0870 0.9962
vn -0.0000 -0.4186 0.9082
vn -0.0000 -0.5745 0.8185
vn -0.0001 -0.8185 0.5745
vn -0.0000 -0.9082 0.4186
vn -0.0000 -0.9962 0.0870
vn -0.0000 -0.9962 -0.0870
vn -0.0000 -0.9082 -0.4184
vn -0.0000 -0.8186 -0.5744
vn 0.0001 -0.9081 -0.4187
vn -0.0001 -0.4186 -0.9082
vn 0.0001 -0.5745 0.8185
vn -0.0000 -0.8185 0.5745
vn -0.0000 -0.0869 -0.9962
vn -0.0000 0.0869 -0.9962
vn -0.0001 0.8185 -0.5745
vn -0.0000 0.9962 -0.0869
vn -0.0000 0.9962 0.0869
vn -0.0001 0.9082 0.4186
vn -0.0000 0.0869 0.9962
vn -0.0000 -0.0869 0.9962
vn -0.0001 -0.4186 0.9082
vn -0.0000 -0.9962 0.0869
vn -0.0000 -0.9962 -0.0869
vn -0.0000 -0.9082 -0.4185
vn -0.0000 0.8186 0.5744
vn -0.0001 0.9082 0.4185
vn -0.0000 -0.5028 -0.8644
vn -0.0000 -0.5029 -0.8643
vn -0.0000 -0.8185 -0.5745
vn -0.0000 -0.9082 -0.4186
vn -0.0000 0.5029 0.8644
vn -0.0000 0.5029 0.8643
vn -0.0000 0.8184 0.5746
vn -0.0000 0.9082 0.4184
vn -0.0000 -0.8644 -0.5029
vn -0.0000 -0.4970 0.8677
vn -0.0000 -0.4971 0.8677
vn -0.0000 0.9081 0.4187
vn -0.2588 0.9659 -0.0000
vn -0.2277 0.9737 -0.0000
vn -0.1886 0.9821 -0.0000
vn -0.1580 0.9874 -0.0000
vn -0.1581 0.9874 -0.0000
vn -0.9862 -0.1656 -0.0000
vn -0.9835 -0.1810 -0.0000
vn -0.9787 -0.2052 -0.0000
vn -0.9678 -0.2518 -0.0000
vn -0.9612 -0.2758 -0.0000
vn -0.0000 -0.0000 -1.0000
vn 0.9969 0.0784 -0.0000
vn 0.9975 0.0707 -0.0000
vn 0.9975 0.0708 -0.0000
vn 0.9969 0.0785 -0.0000
vn 0.7812 0.0315 0.6234
vn 0.7847 0.0078 0.6199
vn 0.7744 0.0237 0.6322
vn 0.7884 -0.0157 0.6150
vn 0.7972 -0.1184 0.5920
vn 0.8058 -0.1896 0.5610
vn 0.8176 -0.3302 0.4717
vn 0.8292 -0.3791 0.4107
vn 0.8439 -0.4890 0.2208
vn 0.8424 -0.4881 0.2283
vn 0.8466 -0.5323 -0.0000
vn 0.8498 -0.5272 -0.0000
vn 0.8439 -0.4890 -0.2209
vn 0.8424 -0.4881 -0.2283
vn 0.8292 -0.3791 -0.4107
vn 0.8176 -0.3302 -0.4717
vn 0.8058 -0.1896 -0.5610
vn 0.7972 -0.1184 -0.5920
vn 0.7884 -0.0158 -0.6150
vn 0.7847 0.0078 -0.6199
vn 0.7812 0.0315 -0.6235
vn 0.7744 0.0237 -0.6322
vn -0.9997 0.0236 -0.0078
vn -0.9995 0.0315 -0.0079
vn -0.9998 0.0158 -0.0157
vn -0.9998 0.0079 -0.0157
vn -0.9998 0.0157 -0.0079
vn -0.9998 0.0158 -0.0078
vn -1.0000 -0.0078 -0.0000
vn -0.8415 0.1495 0.5191
vn -0.8495 0.1809 0.4956
vn -0.8349 0.1261 0.5357
vn -0.8624 0.2136 0.4589
vn -0.8668 0.2600 0.4255
vn -0.8708 0.2745 0.4079
vn -0.8740 0.3149 0.3701
vn -0.8770 0.3318 0.3476
vn -0.8800 0.3693 0.2986
vn -0.8815 0.3778 0.2834
vn -0.8814 0.4092 0.2361
vn -0.8832 0.4179 0.2129
vn -0.8821 0.4411 0.1654
vn -0.8853 0.4427 0.1423
vn -0.8840 0.4578 0.0947
vn -0.8830 0.4651 0.0631
vn -0.9995 0.0315 -0.0078
vn -0.9995 0.0316 0.0001
vn -0.9992 0.0393 0.0079
vn -0.9984 0.0550 0.0158
vn -0.9985 0.0550 0.0078
vn 0.8989 -0.4337 0.0631
vn 0.9568 -0.2902 0.0157
vn 0.9540 -0.2997 -0.0079
vn 0.8172 -0.5658 0.1100
vn 0.6313 -0.7576 0.1657
vn 0.7117 -0.6879 0.1424
vn 0.4735 -0.8602 0.1894
vn 0.2128 -0.9537 0.2128
vn 0.0867 -0.9697 0.2286
vn -0.0395 -0.9725 0.2293
vn -0.0394 -0.9708 0.2367
vn -0.0395 -0.9707 0.2369
vn -0.0394 -0.9689 0.2441
vn -0.0395 -0.9689 0.2444
vn -0.0394 -0.9689 0.2443
vn -0.0393 -0.9670 0.2516
vn -0.0392 -0.9670 0.2517
vn -0.0000 -0.0948 -0.9955
vn -0.0000 -0.0472 -0.9989
vn -0.0000 -0.1414 -0.9900
vn 0.0079 -0.3068 -0.9518
vn 0.0079 -0.4345 -0.9006
vn 0.0157 -0.6540 -0.7564
vn 0.0157 -0.7525 -0.6584
vn 0.0157 -0.9051 -0.4250
vn 0.0237 -0.9560 -0.2924
vn 0.0231 -0.9997 -0.0001
vn 0.0236 -0.9997 -0.0001
vn -0.3304 0.9439 -0.0001
vn -0.2765 0.8928 -0.3556
vn -0.2125 0.8421 -0.4957
vn -0.0552 0.7021 -0.7100
vn 0.0472 0.6144 -0.7876
vn 0.3303 0.3774 -0.8651
vn 0.3313 0.3707 -0.8676
vn 0.6053 0.1257 -0.7860
vn 0.7066 0.0392 -0.7066
vn 0.8605 -0.1105 -0.4973
vn 0.9167 -0.1659 -0.3635
vn 0.9754 -0.2203 -0.0001
vn 0.9737 -0.2277 -0.0001
vn 0.6622 0.7489 0.0237
vn 0.6624 0.7491 -0.0000
vn 0.6668 0.7452 -0.0000
vn 0.6614 0.7480 0.0551
vn 0.6623 0.7491 0.0158
vn 0.6622 0.7489 0.0236
vn 0.6686 0.7394 0.0787
vn 0.6665 0.7449 0.0314
vn 0.6704 0.7414 0.0316
vn 0.6701 0.6859 0.2838
vn 0.6627 0.6863 0.2998
vn 0.6692 0.6693 0.3228
vn 0.6657 0.6736 0.3212
vn 0.6628 0.6549 0.3630
vn 0.6630 0.6788 0.3157
vn 0.6629 0.6313 0.4025
vn 0.6616 0.6065 0.4411
vn 0.6534 0.6848 0.3228
vn 0.6688 0.5744 0.4721
vn 0.6623 0.6466 0.3785
vn 0.6691 0.5983 0.4408
vn 0.6687 0.6451 0.3698
vn 0.6661 0.6031 0.4387
vn 0.6624 0.5993 0.4495
vn 0.6606 0.6135 0.4326
vn 0.6607 0.6134 0.4326
vn 0.6616 0.4411 0.6064
vn 0.6695 0.4175 0.6144
vn 0.6629 0.4025 0.6313
vn 0.6715 0.3871 0.6319
vn 0.6608 0.4091 0.6293
vn 0.6604 0.3852 0.6446
vn 0.6675 0.3455 0.6596
vn 0.6694 0.3937 0.6300
vn 0.6785 0.2998 0.6706
vn 0.6721 0.3716 0.6405
vn 0.7013 0.2442 0.6697
vn 0.6752 0.3455 0.6517
vn 0.6985 0.2590 0.6671
vn 0.6769 0.3070 0.6690
vn 0.6859 0.2838 0.6701
vn 0.6675 0.3299 0.6675
vn 0.6675 0.3298 0.6676
vn 0.6915 0.1021 0.7151
vn 0.6617 -0.0473 0.7483
vn 0.5519 -0.2207 0.8042
vn 0.4641 -0.2989 0.8338
vn 0.3062 -0.4004 0.8637
vn 0.2197 -0.4394 0.8710
vn 0.0471 -0.4871 0.8721
vn -0.0553 -0.5057 0.8609
vn -0.0627 -0.5019 0.8626
vn -0.0630 -0.4960 0.8660
vn -0.0788 -0.4801 0.8737
vn -0.0709 -0.4649 0.8825
vn -0.0869 -0.4424 0.8926
vn -0.0865 -0.4330 0.8972
vn -0.1180 -0.4092 0.9048
vn -0.9995 0.0315 0.0078
vn -0.9995 0.0316 -0.0000
vn -0.9992 0.0393 -0.0079
vn -0.9984 0.0550 -0.0157
vn -0.9985 0.0549 -0.0078
vn 0.9568 -0.2902 -0.0157
vn 0.8989 -0.4337 -0.0631
vn 0.9540 -0.2996 0.0079
vn 0.8172 -0.5658 -0.1100
vn 0.6313 -0.7576 -0.1657
vn 0.7117 -0.6879 -0.1424
vn 0.4735 -0.8602 -0.1894
vn 0.2128 -0.9536 -0.2128
vn 0.0867 -0.9696 -0.2286
vn -0.0395 -0.9726 -0.2293
vn -0.0394 -0.9708 -0.2367
vn -0.0395 -0.9708 -0.2367
vn -0.0394 -0.9689 -0.2441
vn -0.0394 -0.9689 -0.2442
vn -0.0394 -0.9689 -0.2443
vn -0.0392 -0.9671 -0.2513
vn -0.0391 -0.9670 -0.2518
vn 0.0394 -0.9985 0.0393
vn 0.0471 -0.9984 0.0314
vn 0.0548 -0.9974 0.0472
vn 0.0472 -0.9986 0.0236
vn 0.0628 -0.9979 0.0156
vn -0.0000 -0.0948 0.9955
vn -0.0000 -0.0473 0.9989
vn 0.0001 -0.0473 0.9989
vn -0.0000 -0.1414 0.9900
vn 0.0079 -0.3068 0.9518
vn 0.0079 -0.4345 0.9006
vn 0.0157 -0.6540 0.7564
vn 0.0157 -0.7525 0.6584
vn 0.0157 -0.9051 0.4250
vn 0.0233 -0.9560 0.2924
vn 0.0236 -0.9997 0.0001
vn 0.0231 -0.9997 0.0001
vn -0.3303 0.9439 0.0001
vn -0.2765 0.8928 0.3556
vn -0.2125 0.8421 0.4958
vn -0.0552 0.7021 0.7100
vn 0.0472 0.6144 0.7876
vn 0.3303 0.3775 0.8651
vn 0.3313 0.3707 0.8676
vn 0.6053 0.1257 0.7860
vn 0.7065 0.0393 0.7066
vn 0.8605 -0.1105 0.4973
vn 0.9167 -0.1660 0.3635
vn 0.9754 -0.2203 0.0001
vn 0.9737 -0.2277 0.0001
vn 0.6622 0.7489 -0.0237
vn 0.6668 0.7452 -0.0001
vn 0.6614 0.7480 -0.0551
vn 0.6623 0.7491 -0.0158
vn 0.6622 0.7489 -0.0236
vn 0.6686 0.7394 -0.0787
vn 0.6665 0.7449 -0.0314
vn 0.6704 0.7414 -0.0316
vn 0.6668 0.7453 -0.0000
vn 0.6701 0.6859 -0.2838
vn 0.6627 0.6863 -0.2997
vn 0.6692 0.6693 -0.3228
vn 0.6657 0.6735 -0.3212
vn 0.6628 0.6549 -0.3630
vn 0.6630 0.6788 -0.3157
vn 0.6629 0.6313 -0.4025
vn 0.6629 0.6788 -0.3158
vn 0.6616 0.6064 -0.4410
vn 0.6533 0.6848 -0.3228
vn 0.6688 0.5744 -0.4721
vn 0.6623 0.6466 -0.3785
vn 0.6691 0.5983 -0.4408
vn 0.6687 0.6451 -0.3697
vn 0.6661 0.6031 -0.4387
vn 0.6623 0.5994 -0.4495
vn 0.6607 0.6135 -0.4326
vn 0.6607 0.6134 -0.4326
vn 0.6616 0.4411 -0.6064
vn 0.6695 0.4175 -0.6144
vn 0.6629 0.4025 -0.6313
vn 0.6715 0.3870 -0.6319
vn 0.6608 0.4091 -0.6293
vn 0.6604 0.3852 -0.6446
vn 0.6607 0.4092 -0.6293
vn 0.6675 0.3455 -0.6596
vn 0.6694 0.3937 -0.6300
vn 0.6785 0.2998 -0.6706
vn 0.6721 0.3716 -0.6405
vn 0.7013 0.2442 -0.6697
vn 0.6752 0.3454 -0.6517
vn 0.6985 0.2590 -0.6671
vn 0.6769 0.3070 -0.6690
vn 0.6859 0.2838 -0.6701
vn 0.6675 0.3298 -0.6675
vn 0.6675 0.3298 -0.6676
vn 0.6915 0.1021 -0.7151
vn 0.6617 -0.0473 -0.7483
vn 0.5519 -0.2208 -0.8042
vn 0.4641 -0.2989 -0.8338
vn 0.3062 -0.4004 -0.8637
vn 0.2197 -0.4394 -0.8710
vn 0.0471 -0.4871 -0.8721
vn 0.0471 -0.4871 -0.8720
vn -0.0553 -0.5055 -0.8610
vn -0.0628 -0.5019 -0.8627
vn -0.0630 -0.4960 -0.8660
vn -0.0788 -0.4801 -0.8737
vn -0.0709 -0.4649 -0.8825
vn -0.0869 -0.4423 -0.8926
vn -0.0866 -0.4329 -0.8973
vn -0.1180 -0.4091 -0.9048
vn -0.0236 -0.9989 0.0394
vn -0.0236 -0.9990 0.0393
vn -0.0236 -0.9986 0.0471
vn -0.0236 -0.9992 0.0315
vn -0.0236 -0.9992 0.0314
vn -0.0236 -0.9994 0.0236
vn -0.0236 -0.9996 0.0158
vn -0.0236 -0.9996 0.0157
vn -0.0236 -0.9997 0.0078
vn -0.0236 -0.9986 -0.0472
vn -0.0236 -0.9989 -0.0394
vn -0.0236 -0.9989 -0.0393
vn -0.0236 -0.9992 -0.0316
vn -0.0236 -0.9992 -0.0314
vn -0.0236 -0.9994 -0.0236
vn -0.0236 -0.9996 -0.0158
vn -0.0235 -0.9997 -0.0078
vn -0.9809 -0.1413 -0.1335
vn -0.9210 -0.2755 -0.2755
vn -0.7458 -0.4711 -0.4711
vn -0.6534 -0.5353 -0.5353
vn -0.2838 -0.6781 -0.6780
vn -0.2838 -0.6780 -0.6780
vn 0.1894 -0.6943 -0.6943
vn 0.3784 -0.6545 -0.6545
vn 0.6534 -0.5353 -0.5353
vn 0.7458 -0.4711 -0.4711
vn 0.9210 -0.2755 -0.2755
vn 0.9809 -0.1413 -0.1335
vn -0.9814 -0.1100 -0.1571
vn -0.9229 -0.2209 -0.3155
vn -0.7054 -0.4075 -0.5799
vn -0.3861 -0.5279 -0.7564
vn -0.1897 -0.5609 -0.8058
vn 0.2903 -0.5489 -0.7839
vn 0.6607 -0.4326 -0.6135
vn 0.7524 -0.3762 -0.5408
vn 0.9578 -0.1649 -0.2355
vn 0.9578 -0.1649 -0.2356
vn -0.9804 -0.0785 -0.1805
vn -0.9217 -0.1576 -0.3545
vn -0.7485 -0.2679 -0.6067
vn -0.6530 -0.3069 -0.6924
vn -0.3788 -0.3788 -0.8444
vn -0.1888 -0.4010 -0.8964
vn 0.2836 -0.3938 -0.8743
vn 0.6530 -0.3068 -0.6924
vn 0.7485 -0.2679 -0.6067
vn 0.9217 -0.1575 -0.3545
vn 0.9804 -0.0785 -0.1805
vn -0.9810 -0.0471 -0.1884
vn -0.9230 -0.1025 -0.3708
vn -0.7071 -0.1808 -0.6836
vn -0.3865 -0.2367 -0.8914
vn -0.1898 -0.2530 -0.9487
vn 0.2923 -0.2449 -0.9244
vn 0.2923 -0.2450 -0.9244
vn 0.7071 -0.1809 -0.6835
vn 0.9562 -0.0783 -0.2821
vn 0.9562 -0.0784 -0.2821
vn -0.9819 0.0165 -0.1885
vn -0.9219 0.0315 -0.3860
vn -0.7553 0.0551 -0.6530
vn -0.6611 0.0630 -0.7477
vn -0.2913 0.0866 -0.9527
vn 0.1894 0.0868 -0.9781
vn 0.3851 0.0786 -0.9195
vn 0.7096 0.0631 -0.7018
vn 0.7096 0.0631 -0.7017
vn 0.9567 0.0236 -0.2901
vn -0.9999 -0.0079 0.0079
vn -0.9819 0.0157 -0.1885
vn -0.9999 -0.0080 0.0079
vn -0.9214 0.0472 -0.3858
vn -0.7507 0.0790 -0.6559
vn -0.6550 0.0947 -0.7497
vn -0.2901 0.1254 -0.9487
vn -0.2829 0.1257 -0.9509
vn 0.1885 0.1257 -0.9740
vn 0.3796 0.1186 -0.9175
vn 0.6550 0.0947 -0.7497
vn 0.7507 0.0790 -0.6559
vn 0.9214 0.0473 -0.3858
vn 0.9819 0.0157 -0.1886
vn 0.9999 -0.0079 0.0079
vn 0.9815 0.0629 -0.1807
vn 0.9223 0.1340 -0.3625
vn 0.7089 0.2442 -0.6617
vn 0.3862 0.3152 -0.8669
vn 0.1891 0.3387 -0.9217
vn -0.2913 0.3307 -0.8977
vn -0.2913 0.3307 -0.8976
vn -0.6591 0.2589 -0.7061
vn -0.7520 0.2272 -0.6188
vn -0.9562 0.1019 -0.2743
vn -0.0000 -0.8186 0.5744
vn -0.0000 -0.8188 0.5741
vn -0.0000 -0.8187 0.5743
vn -0.0000 -0.8185 0.5746
vn -0.0000 -0.9659 0.2588
vn -0.0000 -0.9658 0.2591
vn -0.0000 -0.9658 0.2593
vn -0.2678 -0.6773 -0.6852
vn -0.2602 -0.5993 -0.7570
vn -0.2530 -0.6959 -0.6721
vn -0.2675 -0.4957 -0.8262
vn -0.2509 -0.4076 -0.8780
vn -0.2671 -0.3928 -0.8800
vn -0.4342 -0.5921 -0.6789
vn -0.5290 -0.5921 -0.6079
vn -0.2520 -0.7954 -0.5512
vn -0.6456 -0.4645 -0.6062
vn -0.6846 -0.5745 -0.4486
vn -0.9773 -0.1419 -0.1576
vn -0.9793 -0.1264 -0.1579
vn -0.9835 -0.1495 -0.1023
vn -0.9749 -0.1494 -0.1651
vn -0.9711 -0.1342 -0.1974
vn -0.9740 -0.1257 -0.1885
vn -0.9598 -0.0550 -0.2754
vn -0.9633 -0.0000 -0.2685
vn -0.9643 0.0790 -0.2529
vn -0.9740 0.1257 -0.1885
vn -0.9749 0.1494 -0.1651
vn -0.9784 0.1500 -0.1420
vn -0.9761 0.1496 -0.1575
vn -0.9750 0.1572 -0.1573
vn -0.7637 -0.0079 -0.6456
vn -0.7550 0.0629 -0.6527
vn -0.7001 0.0944 -0.7078
vn -0.7618 -0.0707 -0.6440
vn -0.7081 -0.1731 -0.6845
vn -0.6768 -0.3541 -0.6454
vn -0.6460 -0.3939 -0.6539
vn -0.6471 -0.4498 -0.6155
vn -0.6982 -0.4079 -0.5884
vn -0.6137 -0.3934 -0.6845
vn -0.5131 -0.4815 -0.7105
vn -0.1498 0.8594 -0.4889
vn -0.0630 0.8660 -0.4960
vn -0.0785 0.9097 -0.4078
vn -0.2371 0.8144 -0.5297
vn -0.3859 0.7876 -0.4804
vn -0.4232 0.7837 -0.4546
vn -0.4977 0.8137 -0.3002
vn -0.5263 0.8326 -0.1728
vn -0.5990 0.7487 0.2839
vn -0.5569 0.5256 0.6431
vn -0.7512 -0.3716 0.5456
vn -0.8870 -0.2433 0.3925
vn -0.8641 -0.5028 -0.0236
vn -0.8534 -0.5057 -0.1264
vn -0.9880 -0.1411 -0.0627
vn -0.9239 -0.1421 -0.3553
vn -0.8526 -0.2368 -0.4658
vn -0.7778 -0.1964 -0.5971
vn -0.9846 -0.1024 0.1418
vn -0.9468 -0.0631 0.3156
vn -0.9602 -0.1495 0.2361
vn -0.9276 -0.1887 0.3223
vn -0.7727 -0.0709 -0.6308
vn -0.6614 -0.0551 -0.7480
vn -0.9768 -0.2048 0.0630
vn -0.9349 -0.3143 0.1650
vn -0.8883 -0.4559 -0.0550
vn -0.9910 -0.0629 -0.1180
vn -0.9605 -0.2519 -0.1181
vn -0.8853 -0.1423 -0.4427
vn -0.8812 -0.4485 -0.1495
vn -0.7564 0.0079 -0.6540
vn -0.6079 -0.7579 -0.2369
vn -0.6058 -0.7868 -0.1180
vn -0.2765 -0.9479 -0.1580
vn -0.2900 -0.8544 -0.4311
vn -0.5588 -0.5824 -0.5903
vn -0.3069 -0.6531 -0.6923
vn -0.3226 -0.4327 -0.8418
vn -0.8568 -0.4087 -0.3144
vn -0.5840 -0.3630 -0.7261
vn -0.3454 -0.3062 -0.8871
vn -0.8676 -0.3313 -0.3707
vn -0.5273 -0.2282 -0.8185
vn -0.4960 -0.0630 -0.8660
vn -0.3626 -0.1340 -0.9223
vn -0.4633 0.1099 -0.8794
vn -0.2749 0.0786 -0.9583
vn -0.5271 0.0157 -0.8497
vn -0.2607 0.0553 -0.9638
vn 0.7324 0.3386 -0.5907
vn 0.6947 0.2131 -0.6870
vn 0.5173 0.6818 -0.5172
vn 0.4954 0.7080 -0.5034
vn 0.0001 0.8976 -0.4409
vn 0.0001 0.9290 -0.3701
vn -0.3795 0.9249 0.0237
vn -0.4323 0.8959 0.1022
vn -0.3695 0.9276 0.0550
vn -0.4548 0.8781 0.1490
vn -0.5413 0.8156 0.2041
vn 0.8914 -0.2366 -0.3865
vn 0.8892 -0.2046 -0.4092
vn 0.8964 -0.1887 -0.4010
vn 0.8883 -0.2830 -0.3616
vn 0.8845 -0.2606 -0.3870
vn 0.8755 -0.2130 -0.4338
vn 0.8632 -0.1020 -0.4944
vn 0.8481 -0.0628 -0.5261
vn 0.8278 0.0394 -0.5597
vn 0.8032 0.0787 -0.5905
vn 0.7919 0.1333 -0.5959
vn 0.7785 0.1336 -0.6133
vn 0.5290 -0.5921 -0.6079
vn 0.4342 -0.5921 -0.6789
vn 0.2520 -0.7954 -0.5513
vn 0.6456 -0.4645 -0.6062
vn 0.6847 -0.5744 -0.4486
vn 0.9793 -0.1264 -0.1579
vn 0.9773 -0.1419 -0.1576
vn 0.9834 -0.1495 -0.1023
vn 0.9749 -0.1494 -0.1651
vn 0.9711 -0.1342 -0.1974
vn 0.9740 -0.1257 -0.1885
vn 0.9598 -0.0550 -0.2754
vn 0.9633 -0.0000 -0.2685
vn 0.9643 0.0790 -0.2529
vn 0.9740 0.1257 -0.1885
vn 0.9749 0.1493 -0.1651
vn 0.9784 0.1500 -0.1420
vn 0.9762 0.1496 -0.1574
vn 0.9750 0.1572 -0.1573
vn 0.1883 0.8394 -0.5099
vn -0.1025 0.5842 -0.8051
vn 0.0710 0.5050 -0.8602
vn -0.0631 0.6138 -0.7869
vn -0.0472 0.8335 -0.5505
vn 0.3060 0.8709 -0.3845
vn 0.7637 -0.0079 -0.6456
vn 0.7000 0.0944 -0.7078
vn 0.7550 0.0629 -0.6528
vn 0.7618 -0.0707 -0.6440
vn 0.7081 -0.1731 -0.6846
vn 0.6768 -0.3541 -0.6454
vn 0.6460 -0.3939 -0.6539
vn 0.6471 -0.4498 -0.6155
vn 0.6982 -0.4079 -0.5884
vn 0.6137 -0.3934 -0.6845
vn 0.5131 -0.4815 -0.7105
vn 0.0630 0.8660 -0.4960
vn 0.1498 0.8594 -0.4888
vn 0.0785 0.9097 -0.4078
vn 0.2372 0.8143 -0.5297
vn 0.3859 0.7876 -0.4804
vn 0.4232 0.7837 -0.4546
vn 0.4977 0.8137 -0.3002
vn 0.5263 0.8326 -0.1728
vn 0.5990 0.7487 0.2839
vn 0.5570 0.5256 0.6431
vn 0.7512 -0.3716 0.5456
vn 0.8870 -0.2433 0.3925
vn 0.8641 -0.5028 -0.0236
vn 0.8534 -0.5057 -0.1264
vn 0.9880 -0.1411 -0.0627
vn 0.9239 -0.1421 -0.3553
vn 0.8526 -0.2368 -0.4658
vn 0.7778 -0.1964 -0.5971
vn 0.9846 -0.1024 0.1418
vn 0.9468 -0.0631 0.3156
vn 0.9602 -0.1495 0.2361
vn 0.9276 -0.1887 0.3223
vn 0.9768 -0.2048 0.0630
vn 0.9349 -0.3142 0.1650
vn 0.8883 -0.4560 -0.0550
vn 0.9910 -0.0629 -0.1180
vn 0.8853 -0.1423 -0.4427
vn 0.9605 -0.2519 -0.1181
vn 0.7727 -0.0709 -0.6308
vn 0.6614 -0.0551 -0.7480
vn 0.7564 0.0079 -0.6540
vn 0.5271 0.0156 -0.8497
vn 0.2608 0.0554 -0.9638
vn 0.2749 0.0786 -0.9583
vn 0.4960 -0.0630 -0.8660
vn 0.4633 0.1099 -0.8794
vn 0.3626 -0.1340 -0.9223
vn 0.3454 -0.3062 -0.8871
vn 0.5273 -0.2282 -0.8185
vn 0.5840 -0.3630 -0.7261
vn 0.3226 -0.4327 -0.8418
vn 0.8676 -0.3313 -0.3707
vn 0.5588 -0.5824 -0.5903
vn 0.3069 -0.6531 -0.6924
vn 0.8568 -0.4087 -0.3144
vn 0.2900 -0.8544 -0.4311
vn 0.8812 -0.4485 -0.1495
vn 0.6079 -0.7579 -0.2369
vn 0.2765 -0.9479 -0.1580
vn 0.6058 -0.7868 -0.1180
vn -0.7324 0.3386 -0.5907
vn -0.6859 0.2838 -0.6701
vn -0.6947 0.2131 -0.6870
vn -0.5173 0.6818 -0.5172
vn -0.4954 0.7079 -0.5034
vn -0.0001 0.8976 -0.4409
vn -0.0001 0.9290 -0.3701
vn 0.4323 0.8959 0.1022
vn 0.3794 0.9249 0.0237
vn 0.3695 0.9276 0.0550
vn 0.4548 0.8781 0.1490
vn 0.5415 0.8154 0.2045
vn 0.1180 -0.7550 -0.6450
vn 0.0001 -0.7491 -0.6624
vn 0.1421 -0.7813 -0.6077
vn 0.1493 -0.7939 -0.5895
vn 0.1254 -0.8465 -0.5173
vn 0.1181 -0.8897 -0.4409
vn 0.1101 -0.9196 -0.3772
vn 0.1415 -0.9276 -0.3459
vn -0.8914 -0.2366 -0.3865
vn -0.8964 -0.1887 -0.4010
vn -0.8892 -0.2046 -0.4092
vn -0.8883 -0.2830 -0.3616
vn -0.8845 -0.2606 -0.3870
vn -0.8755 -0.2130 -0.4338
vn -0.8633 -0.1020 -0.4943
vn -0.8481 -0.0628 -0.5261
vn -0.8278 0.0394 -0.5597
vn -0.8032 0.0787 -0.5905
vn -0.7919 0.1333 -0.5959
vn -0.7785 0.1331 -0.6133
vn 0.7454 0.5963 0.2981
vn 0.7475 0.6294 0.2124
vn 0.7511 0.6247 0.2134
vn 0.6996 0.6209 0.3537
vn 0.5841 0.6157 0.5289
vn 0.5826 0.6377 0.5039
vn 0.3376 0.5419 0.7697
vn 0.0791 0.4895 0.8684
vn -0.1264 0.2369 0.9633
vn -0.1183 0.1183 0.9859
vn -0.0315 -0.5509 0.8340
vn -0.0786 -0.5583 0.8259
vn 0.1496 -0.9448 0.2913
vn 0.4009 -0.9039 0.1493
vn 0.5363 -0.8440 0.0079
vn 0.6386 -0.7647 -0.0867
vn 0.6671 -0.7299 -0.1491
vn 0.6992 -0.6599 -0.2750
vn 0.6949 -0.6159 -0.3712
vn 0.6962 -0.3796 -0.6093
vn 0.6407 -0.1583 -0.7513
vn 0.5915 0.0552 -0.8044
vn 0.6369 0.0236 -0.7706
vn -0.0000 0.5419 0.8404
vn 0.0001 0.5419 0.8404
vn 0.0001 0.4661 0.8848
vn -0.0237 0.4876 0.8728
vn 0.1344 0.5766 0.8059
vn 0.2515 0.4794 0.8408
vn 0.3471 0.6864 0.6390
vn 0.2519 0.7479 0.6141
vn 0.3610 -0.8003 0.4787
vn 0.0001 -0.9715 0.2369
vn 0.0001 -0.9083 0.4184
vn 0.4326 -0.8258 0.3619
vn 0.5379 -0.8385 0.0869
vn 0.4872 -0.8409 -0.2358
vn 0.5689 -0.7031 -0.4267
vn 0.5025 -0.5497 -0.6673
vn 0.4800 -0.1415 -0.8658
vn 0.4083 0.1335 -0.9030
vn 0.4181 0.3550 -0.8362
vn 0.4413 0.3469 -0.8276
vn 0.1810 0.6296 0.7555
vn 0.0002 0.6324 0.7747
vn 0.0001 0.6237 0.7816
vn 0.2362 0.6298 0.7400
vn 0.3070 0.6690 0.6769
vn 0.3781 0.6854 0.6223
vn 0.5283 0.8358 0.1498
vn 0.8523 0.4340 -0.2918
vn 0.4963 0.5120 -0.7011
vn 0.9876 -0.1026 -0.1187
vn 0.8593 -0.2444 0.4494
vn 0.8343 -0.0158 -0.5510
vn 0.3231 0.0396 -0.9455
vn 0.8034 -0.3623 0.4725
vn 0.5287 -0.2446 0.8128
vn 0.7715 -0.6219 0.1338
vn 0.7708 -0.5349 0.3461
vn 0.4659 -0.7423 -0.4817
vn 0.3782 -0.9062 0.1891
vn 0.1887 -0.5191 -0.8336
vn 0.0001 -0.9380 -0.3468
vn 0.0002 -0.9697 0.2444
vn 0.0001 -0.6410 -0.7675
vn 0.4968 -0.4101 0.7649
vn 0.0001 -0.2518 0.9678
vn 0.4262 -0.5603 0.7102
vn 0.0001 -0.4876 0.8731
vn 0.0002 -0.6285 0.7778
vn 0.7822 0.1659 0.6005
vn 0.8169 0.0628 0.5734
vn 0.8022 0.1887 0.5664
vn 0.9210 -0.0551 0.3856
vn 0.8563 -0.2278 0.4635
vn 0.9590 -0.2044 0.1965
vn 0.9792 -0.1974 -0.0474
vn 0.9648 -0.2452 0.0949
vn 0.9279 -0.2516 0.2752
vn 0.8601 -0.3235 0.3944
vn 0.9623 -0.2366 0.1341
vn 0.0393 0.8338 -0.5506
vn 0.1421 0.8367 -0.5289
vn 0.2045 0.8575 -0.4720
vn 0.1976 0.7982 -0.5690
vn 0.1575 0.7795 -0.6063
vn 0.1107 0.9011 -0.4191
vn 0.1494 0.7937 -0.5897
vn 0.0784 0.9966 -0.0234
vn 0.5042 0.7801 0.3704
vn 0.0001 0.8897 0.4566
vn 0.0001 0.8678 0.4970
vn 0.5126 0.7888 0.3391
vn 0.0002 0.9715 0.2369
vn 0.6864 0.7022 0.1894
vn 0.0001 0.9989 -0.0472
vn 0.4714 0.8718 -0.1335
vn 0.0001 0.9835 -0.1810
vn 0.7337 0.6787 -0.0316
vn 0.9491 0.3085 -0.0633
vn 0.9492 0.3138 0.0235
vn 0.9488 0.2927 0.1184
vn 0.9056 0.3937 0.1575
vn 0.5127 0.7888 0.3391
vn 0.5042 0.7801 0.3705
vn -0.7475 0.6294 0.2124
vn -0.7454 0.5963 0.2981
vn -0.7511 0.6247 0.2134
vn -0.6996 0.6209 0.3537
vn -0.5841 0.6157 0.5289
vn -0.5826 0.6377 0.5039
vn -0.3376 0.5418 0.7697
vn -0.0791 0.4895 0.8684
vn 0.1264 0.2369 0.9633
vn 0.1183 0.1183 0.9859
vn 0.0315 -0.5509 0.8340
vn 0.0786 -0.5583 0.8259
vn -0.1496 -0.9448 0.2913
vn -0.4009 -0.9039 0.1493
vn -0.5363 -0.8440 0.0079
vn -0.6386 -0.7647 -0.0867
vn -0.6671 -0.7299 -0.1491
vn -0.6992 -0.6599 -0.2750
vn -0.6949 -0.6159 -0.3712
vn -0.6962 -0.3796 -0.6093
vn -0.6407 -0.1583 -0.7513
vn -0.5915 0.0552 -0.8044
vn -0.6369 0.0236 -0.7706
vn -0.0001 0.5419 0.8404
vn -0.0002 0.4661 0.8848
vn 0.0237 0.4876 0.8728
vn -0.1344 0.5766 0.8059
vn -0.2515 0.4794 0.8408
vn -0.3471 0.6864 0.6390
vn -0.2519 0.7479 0.6141
vn -0.0001 -0.9715 0.2369
vn -0.3609 -0.8003 0.4787
vn -0.0002 -0.9082 0.4185
vn -0.4326 -0.8258 0.3619
vn -0.5379 -0.8385 0.0868
vn -0.4872 -0.8409 -0.2358
vn -0.5689 -0.7031 -0.4267
vn -0.5025 -0.5497 -0.6673
vn -0.4800 -0.1415 -0.8658
vn -0.4083 0.1335 -0.9030
vn -0.4181 0.3550 -0.8362
vn -0.4413 0.3469 -0.8276
vn -0.0002 0.6323 0.7747
vn -0.1810 0.6296 0.7555
vn -0.0001 0.6237 0.7816
vn -0.2362 0.6298 0.7400
vn -0.3070 0.6690 0.6769
vn -0.3781 0.6854 0.6223
vn -0.5283 0.8358 0.1498
vn -0.8523 0.4340 -0.2918
vn -0.4963 0.5120 -0.7011
vn -0.9876 -0.1026 -0.1187
vn -0.8593 -0.2444 0.4494
vn -0.8343 -0.0159 -0.5510
vn -0.3231 0.0396 -0.9455
vn -0.8034 -0.3623 0.4725
vn -0.5287 -0.2446 0.8128
vn -0.7715 -0.6219 0.1338
vn -0.7708 -0.5349 0.3461
vn -0.4659 -0.7423 -0.4817
vn -0.3782 -0.9062 0.1891
vn -0.1887 -0.5190 -0.8337
vn -0.0001 -0.9379 -0.3468
vn -0.0002 -0.9697 0.2444
vn -0.0001 -0.6410 -0.7676
vn -0.4968 -0.4101 0.7649
vn -0.0001 -0.2518 0.9678
vn -0.4262 -0.5603 0.7102
vn -0.0001 -0.4876 0.8731
vn -0.0002 -0.6285 0.7778
vn -0.9916 -0.1023 -0.0787
vn -0.9925 -0.1181 -0.0315
vn -0.9914 -0.1100 -0.0708
vn -0.9919 -0.1260 0.0157
vn -0.9602 -0.1810 0.2125
vn -0.9314 -0.1500 0.3315
vn -0.7626 -0.1808 0.6211
vn -0.6392 -0.1341 0.7573
vn -0.4567 -0.1654 0.8741
vn -0.4876 -0.1180 0.8651
vn -0.8169 0.0628 0.5734
vn -0.7822 0.1659 0.6005
vn -0.8023 0.1888 0.5663
vn -0.9210 -0.0551 0.3856
vn -0.8563 -0.2279 0.4635
vn -0.9590 -0.2044 0.1965
vn -0.9792 -0.1974 -0.0474
vn -0.9648 -0.2452 0.0949
vn -0.9279 -0.2516 0.2752
vn -0.8601 -0.3235 0.3945
vn -0.9623 -0.2367 0.1341
vn -0.0000 0.9316 0.3635
vn -0.0000 0.9319 0.3627
vn -0.0630 -0.1023 -0.9927
vn -0.0629 -0.5111 -0.8572
vn -0.0283 -0.5743 -0.8182
vn -0.0710 0.0866 -0.9937
vn -0.0552 0.4340 -0.8992
vn -0.0473 0.5828 -0.8112
vn -0.0711 0.8139 -0.5767
vn -0.0711 0.9089 -0.4110
vn -0.0629 0.9980 0.0079
vn -0.0472 0.9989 0.0079
vn -0.0868 0.8679 0.4892
vn -0.0942 0.8639 0.4948
vn -0.1256 0.5023 0.8555
vn -0.1257 0.5023 0.8555
vn -0.1262 0.1104 0.9858
vn -0.1729 -0.0706 0.9824
vn -0.2122 -0.4245 0.8802
vn -0.1650 -0.5967 0.7853
vn -0.1182 -0.7330 0.6699
vn -0.0001 -0.7068 0.7074
vn -0.0001 -0.9082 -0.4184
vn 0.2592 -0.9658 -0.0000
vn 0.2591 -0.9658 -0.0000
vn -0.0000 -0.0000 1.0000
vn 0.3797 -0.9251 -0.0000
vn -0.0158 -0.9999 -0.0000
vn 0.7815 -0.6238 -0.0000
vn 0.8344 -0.5512 -0.0001
vn 0.5925 -0.8056 -0.0001
vn 0.3138 -0.9495 -0.0000
vn 0.0863 -0.9963 -0.0001
vn 0.0786 -0.9434 -0.3223
vn 0.0863 -0.9963 -0.0002
vn 0.0788 -0.8901 -0.4489
vn 0.0630 -0.7017 -0.7097
vn 0.0472 -0.5504 -0.8336
vn 0.6907 -0.0393 -0.7221
vn 0.6790 0.0079 -0.7341
vn 0.6789 0.0079 -0.7342
vn 0.6754 -0.1021 -0.7303
vn 0.6629 -0.2368 -0.7103
vn 0.6371 -0.3225 -0.7001
vn 0.6532 -0.4643 -0.5981
vn 0.6605 -0.5425 -0.5190
vn 0.6691 -0.6769 -0.3069
vn 0.6749 -0.7379 -0.0000
vn 0.6751 -0.7378 -0.0000
vn 0.6691 -0.6769 0.3069
vn 0.6605 -0.5426 0.5190
vn 0.6532 -0.4643 0.5981
vn 0.6371 -0.3225 0.7001
vn 0.6629 -0.2368 0.7103
vn 0.6754 -0.1021 0.7303
vn 0.6907 -0.0392 0.7221
vn 0.6790 0.0079 0.7341
vn 0.6789 0.0079 0.7342
vn 0.9788 0.1815 -0.0947
vn 0.9766 0.1969 -0.0866
vn 0.9772 0.1970 -0.0788
vn 0.9786 0.1736 -0.1105
vn 0.9829 0.1180 -0.1415
vn 0.9837 0.0866 -0.1574
vn 0.0786 -0.9434 0.3224
vn 0.0863 -0.9963 0.0002
vn 0.0788 -0.8901 0.4490
vn 0.0631 -0.7017 0.7096
vn 0.0630 -0.7017 0.7096
vn 0.0472 -0.5504 0.8336
vn 0.9766 0.1969 0.0866
vn 0.9788 0.1815 0.0947
vn 0.9772 0.1970 0.0788
vn 0.9786 0.1736 0.1105
vn 0.9829 0.1180 0.1415
vn 0.9837 0.0866 0.1574
vn -0.9969 -0.0784 -0.0000
vn -0.9969 -0.0783 -0.0000
vn 0.4097 -0.8589 0.3073
vn 0.4156 -0.9096 0.0002
vn 0.4156 -0.9096 0.0001
vn 0.4030 -0.8138 0.4187
vn 0.3871 -0.6320 0.6714
vn 0.3871 -0.6319 0.6714
vn 0.3691 -0.3839 0.8464
vn 0.3531 -0.2746 0.8944
vn 0.3303 0.0236 0.9436
vn 0.3064 0.3222 0.8957
vn 0.2982 0.4394 0.8474
vn 0.2767 0.6874 0.6715
vn 0.2766 0.6874 0.6716
vn 0.2600 0.8668 0.4255
vn 0.2604 0.9152 0.3077
vn 0.2591 0.9658 0.0001
vn 0.4156 -0.9096 -0.0002
vn 0.4097 -0.8589 -0.3073
vn 0.4156 -0.9096 -0.0001
vn 0.4030 -0.8138 -0.4187
vn 0.3871 -0.6320 -0.6714
vn 0.3871 -0.6319 -0.6714
vn 0.3684 -0.3841 -0.8466
vn 0.3531 -0.2746 -0.8944
vn 0.3303 0.0236 -0.9436
vn 0.3303 0.0237 -0.9436
vn 0.3064 0.3222 -0.8957
vn 0.2982 0.4394 -0.8474
vn 0.2766 0.6874 -0.6715
vn 0.2765 0.6874 -0.6716
vn 0.2600 0.8668 -0.4255
vn 0.2604 0.9152 -0.3077
vn 0.2591 0.9658 -0.0001
vn 0.0395 -0.2922 -0.9555
vn -0.1254 -0.3137 -0.9412
vn -0.2051 -0.3237 -0.9237
vn 0.0314 -0.2899 -0.9565
vn 0.0394 -0.2683 -0.9625
vn 0.0473 -0.2367 -0.9704
vn 0.0392 -0.2276 -0.9730
vn 0.0473 -0.2050 -0.9776
vn 0.0631 -0.1972 -0.9783
vn 0.1257 -0.1414 -0.9819
vn 0.1185 -0.1027 -0.9876
vn 0.1421 -0.0711 -0.9873
vn 0.0628 -0.0471 -0.9969
vn 0.2522 -0.1103 -0.9614
vn 0.0393 -0.0550 -0.9977
vn 0.1333 -0.0706 -0.9886
vn -0.0000 -0.0628 -0.9980
vn -0.1254 -0.3137 0.9412
vn 0.0395 -0.2921 0.9556
vn -0.2051 -0.3237 0.9237
vn 0.0314 -0.2900 0.9565
vn 0.0394 -0.2683 0.9625
vn 0.0473 -0.2367 0.9704
vn 0.0392 -0.2275 0.9730
vn 0.0473 -0.2050 0.9776
vn 0.0631 -0.1972 0.9783
vn 0.1257 -0.1414 0.9819
vn 0.1185 -0.1027 0.9876
vn 0.1421 -0.0711 0.9873
vn 0.0628 -0.0471 0.9969
vn 0.2522 -0.1103 0.9614
vn 0.0393 -0.0550 0.9977
vn 0.1333 -0.0706 0.9886
vn -0.0000 -0.0629 0.9980
vn -0.7519 0.2272 -0.6188
vn 0.3861 0.3152 -0.8669
vn 0.6591 0.2589 -0.7061
vn 0.7519 0.2272 -0.6188
vn 0.9562 0.1019 -0.2743
vn 0.0001 -0.9963 -0.0863
vn 0.0001 -0.9963 -0.0864
vn -0.0000 -0.9963 -0.0864
vn -0.0000 -0.9963 -0.0863
vn -0.0000 -0.9962 -0.0867
vn -0.0000 -0.9963 -0.0865
vn -0.0002 -0.9963 -0.0863
vn -0.0002 0.9963 0.0863
vn -0.0000 0.9963 0.0863
vn -0.0078 0.9962 0.0863
vn -0.0000 0.9963 0.0862
vn -0.0000 0.9962 0.0866
vn -0.0000 0.9962 0.0867
vn -0.0000 0.9963 0.0864
vn -0.0000 0.9963 0.0865
vn 0.0001 0.9963 0.0863
vn 0.0078 0.9962 0.0862
vn -0.0079 -0.9379 -0.3468
vn -0.0000 -0.9379 -0.3468
vn -0.0157 -0.9352 -0.3537
vn -0.0000 -0.9405 -0.3399
vn -0.0000 -0.9404 -0.3400
vn -0.0000 -0.9405 -0.3398
vn -0.0000 -0.9380 -0.3468
vn 0.0080 -0.9379 -0.3469
vn 0.0157 -0.9353 -0.3536
vn -0.0000 0.1580 -0.9874
vn -0.1577 0.2210 -0.9624
vn -0.0001 -0.0551 -0.9985
vn 0.0395 0.3396 -0.9397
vn 0.1573 0.0944 -0.9830
vn 0.0001 -0.0079 -1.0000
vn -0.1179 -0.4876 -0.8651
vn -0.5198 0.0788 -0.8506
vn 0.0080 -0.5064 -0.8623
vn -0.0001 -0.6749 -0.7379
vn -0.2745 -0.5334 -0.8001
vn -0.3316 -0.3868 -0.8605
vn -0.0001 -0.4091 -0.9125
vn -0.0001 -0.3233 -0.9463
vn -0.5812 -0.3063 -0.7540
vn -0.4179 -0.2129 -0.8832
vn -0.0001 -0.1414 -0.9899
vn -0.6567 -0.3561 -0.6648
vn -0.4895 -0.0789 -0.8684
vn -0.0001 -0.0393 -0.9992
vn -0.6365 -0.1179 -0.7622
vn -0.4623 0.0470 -0.8855
vn -0.0001 0.1491 -0.9888
vn -0.3690 0.1413 -0.9186
vn -0.5214 -0.0158 -0.8532
vn -0.7017 -0.0631 -0.7096
vn -0.8102 -0.1180 -0.5742
vn -0.3307 0.4094 -0.8503
vn -0.1736 0.4497 -0.8761
vn -0.2832 0.6293 -0.7237
vn -0.5295 0.7034 -0.4742
vn -0.6935 0.2444 -0.6777
vn -0.8966 0.0943 -0.4326
vn -0.8523 -0.0474 -0.5209
vn -0.9173 -0.0474 -0.3954
vn -0.8995 -0.1262 -0.4182
vn -0.7969 -0.2446 -0.5523
vn -0.8562 -0.2435 -0.4556
vn -0.9056 -0.1575 -0.3938
vn -0.8283 -0.3234 -0.4575
vn -0.8815 -0.2833 -0.3778
vn -0.8655 -0.3462 -0.3620
vn -0.3162 0.0158 -0.9486
vn -0.3554 0.0711 -0.9320
vn -0.3691 0.0706 -0.9267
vn -0.3303 0.0236 -0.9436
vn -0.2754 -0.0472 -0.9602
vn -0.2365 -0.0630 -0.9696
vn -0.0078 -0.9379 -0.3468
vn 0.0079 -0.9379 -0.3468
vn 0.0079 -0.9405 -0.3398
vn 0.0001 -0.0550 -0.9985
vn 0.1577 0.2210 -0.9624
vn -0.0395 0.3396 -0.9397
vn -0.1573 0.0944 -0.9830
vn -0.0001 -0.0079 -1.0000
vn 0.5271 0.0157 -0.8496
vn 0.5198 0.0788 -0.8506
vn 0.1179 -0.4876 -0.8651
vn -0.0080 -0.5064 -0.8623
vn 0.0001 -0.6749 -0.7379
vn 0.2745 -0.5334 -0.8001
vn 0.3316 -0.3868 -0.8605
vn 0.0001 -0.4091 -0.9125
vn 0.0002 -0.3233 -0.9463
vn 0.5812 -0.3063 -0.7540
vn 0.4179 -0.2129 -0.8832
vn 0.0001 -0.1414 -0.9899
vn 0.6567 -0.3561 -0.6648
vn 0.4894 -0.0789 -0.8685
vn 0.0001 -0.0393 -0.9992
vn 0.6365 -0.1179 -0.7622
vn 0.4623 0.0470 -0.8855
vn 0.0001 0.1491 -0.9888
vn 0.3690 0.1413 -0.9186
vn 0.5214 -0.0158 -0.8532
vn 0.7017 -0.0631 -0.7096
vn 0.8102 -0.1180 -0.5742
vn 0.3307 0.4094 -0.8503
vn 0.1736 0.4497 -0.8761
vn 0.2832 0.6293 -0.7237
vn 0.5295 0.7034 -0.4742
vn 0.6935 0.2443 -0.6777
vn 0.8966 0.0943 -0.4326
vn 0.8523 -0.0474 -0.5209
vn 0.9173 -0.0474 -0.3954
vn 0.8995 -0.1262 -0.4182
vn 0.7969 -0.2446 -0.5523
vn 0.8562 -0.2435 -0.4556
vn 0.9056 -0.1575 -0.3938
vn 0.8283 -0.3234 -0.4575
vn 0.8815 -0.2833 -0.3778
vn 0.8655 -0.3463 -0.3620
vn 0.3554 0.0711 -0.9320
vn 0.3162 0.0158 -0.9486
vn 0.3691 0.0706 -0.9267
vn 0.2754 -0.0472 -0.9602
vn 0.2365 -0.0630 -0.9696
vn 0.0001 -0.9379 -0.3468
vn 0.0078 -0.9379 -0.3468
vn -0.0080 -0.9405 -0.3398
vn 0.0629 0.9980 0.0079
vn 0.0393 0.9651 -0.2589
vn 0.0785 0.9583 -0.2749
vn 0.1182 0.9930 0.0079
vn 0.1107 0.9012 -0.4191
vn -0.0000 -0.0315 0.9995
vn 0.5373 -0.1027 0.8371
vn 0.4816 -0.0079 0.8764
vn -0.0000 -0.1733 0.9849
vn 0.6322 -0.2450 0.7350
vn -0.0000 -0.3537 0.9354
vn 0.7827 -0.2846 0.5535
vn 0.6533 -0.5274 0.5431
vn 0.0002 -0.6952 0.7188
vn 0.0002 -0.8815 0.4722
vn 0.6540 -0.7013 0.2837
vn 0.8223 -0.4699 0.3211
vn 0.8040 -0.3705 0.4651
vn 0.8766 -0.3632 0.3157
vn 0.9376 -0.3468 0.0237
vn 0.9928 -0.1103 0.0474
vn 0.0785 -0.0078 0.9969
vn 0.0471 0.0471 0.9978
vn 0.1026 0.0079 0.9947
vn 0.0315 0.0315 0.9990
vn -0.0000 0.1026 0.9947
vn -0.0000 0.1260 0.9920
vn -0.0785 0.9583 -0.2749
vn -0.0392 0.9651 -0.2589
vn -0.1182 0.9930 0.0079
vn -0.1106 0.9012 -0.4191
vn -0.5371 -0.1027 0.8372
vn -0.4817 -0.0080 0.8763
vn -0.6322 -0.2450 0.7350
vn -0.7827 -0.2846 0.5534
vn -0.6533 -0.5274 0.5431
vn -0.0002 -0.6951 0.7189
vn -0.0002 -0.8815 0.4722
vn -0.6540 -0.7013 0.2837
vn -0.8223 -0.4699 0.3211
vn -0.8040 -0.3705 0.4651
vn -0.8766 -0.3632 0.3157
vn -0.9377 -0.3468 0.0238
vn -0.9928 -0.1103 0.0474
vn -0.0471 0.0471 0.9978
vn -0.0785 -0.0078 0.9969
vn -0.1026 0.0079 0.9947
vn -0.0315 0.0315 0.9990
vn 0.9939 0.1106 -0.0000
vn 0.9929 0.1182 -0.0158
vn 0.9919 0.1259 0.0157
vn 0.9919 0.1260 -0.0157
vn 0.9915 0.1180 -0.0551
vn 0.9915 0.1259 0.0315
vn 0.9915 0.1181 0.0551
vn -0.0158 -0.7884 0.6150
vn 0.4510 -0.5776 0.6804
vn -0.0079 -0.7885 0.6150
vn 0.4486 -0.5745 0.6847
vn 0.5496 -0.5025 0.6674
vn 0.5380 -0.4749 0.6964
vn 0.2293 -0.7116 0.6641
vn 0.2514 -0.7619 0.5969
vn 0.5496 -0.5025 -0.6674
vn 0.2293 -0.7116 -0.6641
vn 0.2511 -0.7621 -0.5968
vn 0.5380 -0.4749 -0.6964
vn 0.4510 -0.5776 -0.6804
vn 0.4486 -0.5745 -0.6847
vn -0.0158 -0.7884 -0.6150
vn -0.0079 -0.7885 -0.6150
vn 0.9955 0.0946 -0.0000
vn 0.9955 0.0944 -0.0006
vn 0.9955 0.0947 -0.0000
vn 0.9955 0.0947 -0.0001
vn 0.9955 0.0949 -0.0003
vn 0.9955 0.0948 -0.0000
vn 0.9955 0.0949 -0.0004
vn 0.9955 0.0950 -0.0004
vn 0.9955 0.0947 0.0001
vn 0.9955 0.0949 -0.0001
vn 0.9955 0.0952 -0.0001
vn 0.9955 0.0950 -0.0000
vn 0.9955 0.0952 0.0001
vn 0.9955 0.0952 0.0002
vn 0.9955 0.0950 0.0002
vn 0.9955 0.0951 0.0003
vn 0.9955 0.0950 0.0004
vn 0.9955 0.0949 -0.0000
vn 0.9955 0.0949 0.0004
vn 0.9955 0.0948 0.0001
vn 0.9955 0.0944 0.0006
vn -0.0001 -0.5601 -0.8284
vn -0.2287 -0.5599 -0.7964
vn -0.0001 -0.5924 -0.8056
vn -0.2288 -0.5916 -0.7731
vn -0.1892 -0.5519 -0.8121
vn -0.2443 -0.6067 -0.7564
vn -0.2206 -0.5042 -0.8350
vn -0.0002 -0.2685 -0.9633
vn -0.2204 -0.4488 -0.8660
vn -0.2290 -0.2528 -0.9400
vn -0.2278 -0.2436 -0.9428
vn -0.2753 -0.0551 -0.9598
vn -0.2518 0.0079 -0.9678
vn -0.2665 0.1724 -0.9483
vn -0.0002 0.0785 -0.9969
vn -0.2511 0.1883 -0.9495
vn -0.0002 0.1886 -0.9821
vn -0.0001 0.4970 -0.8678
vn -0.2435 0.5578 -0.7935
vn -0.0002 0.5655 -0.8247
vn -0.3539 0.4089 -0.8412
vn -0.0001 0.3233 -0.9463
vn -0.6293 0.4091 -0.6608
vn -0.4247 0.2910 -0.8573
vn -0.6138 0.3148 -0.7240
vn -0.6279 0.2904 -0.7221
vn -0.8368 0.2605 -0.4815
vn -0.8172 0.2514 -0.5186
vn -0.9446 0.1653 -0.2834
vn -0.9082 0.2448 -0.3396
vn -0.9545 0.1814 -0.2367
vn -0.9589 0.1886 -0.2122
vn 0.0001 -0.5602 -0.8284
vn 0.0001 -0.5924 -0.8056
vn 0.2287 -0.5599 -0.7964
vn 0.2288 -0.5916 -0.7731
vn 0.1892 -0.5519 -0.8121
vn 0.0001 -0.5601 -0.8284
vn 0.2445 -0.6067 -0.7564
vn 0.2206 -0.5042 -0.8350
vn 0.0002 -0.2684 -0.9633
vn 0.2204 -0.4487 -0.8660
vn 0.2290 -0.2528 -0.9400
vn 0.2279 -0.2435 -0.9427
vn 0.2753 -0.0551 -0.9598
vn 0.2518 0.0079 -0.9678
vn 0.2665 0.1724 -0.9483
vn 0.0002 0.0785 -0.9969
vn 0.2511 0.1883 -0.9495
vn 0.0002 0.1886 -0.9821
vn 0.2435 0.5578 -0.7935
vn 0.0001 0.4970 -0.8678
vn 0.0002 0.5655 -0.8247
vn 0.3538 0.4088 -0.8412
vn 0.0001 0.3233 -0.9463
vn 0.6293 0.4091 -0.6608
vn 0.4247 0.2910 -0.8573
vn 0.6138 0.3148 -0.7240
vn 0.6279 0.2904 -0.7221
vn 0.8368 0.2605 -0.4816
vn 0.8172 0.2514 -0.5186
vn 0.9446 0.1653 -0.2834
vn 0.9082 0.2448 -0.3396
vn 0.9545 0.1814 -0.2367
vn 0.9588 0.1886 -0.2122
vn 0.7403 0.0630 0.6694
vn 0.8402 -0.0942 0.5340
vn 0.8018 0.0079 0.5975
vn 0.7458 -0.0942 0.6595
vn 0.8754 -0.2681 0.4022
vn 0.4238 0.1413 0.8947
vn 0.7341 -0.2289 0.6393
vn 0.4021 -0.0394 0.9147
vn 0.0002 0.1886 0.9821
vn 0.3703 -0.2048 0.9060
vn 0.0002 -0.0706 0.9975
vn 0.0001 -0.1810 0.9835
vn 0.6202 0.1884 0.7615
vn 0.7917 0.0941 0.6036
vn 0.7100 0.0552 0.7021
vn 0.6443 0.0629 0.7622
vn 0.8672 -0.0946 0.4888
vn 0.2995 0.2129 0.9300
vn 0.6112 -0.1567 0.7758
vn 0.0001 0.2128 0.9771
vn 0.3467 -0.1733 0.9218
vn 0.0002 -0.0472 0.9989
vn 0.0001 -0.1657 0.9862
vn 0.4088 -0.6131 0.6760
vn 0.0001 -0.5363 0.8440
vn -0.0000 -0.5601 0.8284
vn 0.3613 -0.4635 0.8091
vn 0.0001 -0.0079 1.0000
vn 0.6757 -0.3850 0.6286
vn 0.3625 -0.0630 0.9299
vn 0.2125 0.1810 0.9602
vn 0.0001 0.2758 0.9612
vn 0.6705 -0.1104 0.7336
vn 0.9438 -0.2045 0.2595
vn 0.6745 -0.0392 0.7373
vn 0.9864 -0.1341 0.0947
vn 0.9881 -0.1266 0.0869
vn 0.9303 -0.0552 0.3626
vn 0.8965 0.0472 0.4404
vn 0.9834 0.0157 0.1808
vn -0.8402 -0.0942 0.5340
vn -0.7403 0.0630 0.6694
vn -0.8018 0.0079 0.5976
vn -0.7458 -0.0942 0.6595
vn -0.8754 -0.2681 0.4022
vn -0.4238 0.1413 0.8947
vn -0.7341 -0.2289 0.6393
vn -0.4021 -0.0394 0.9147
vn -0.0002 0.1886 0.9821
vn -0.3703 -0.2048 0.9060
vn -0.0002 -0.0707 0.9975
vn -0.0001 -0.1810 0.9835
vn -0.7917 0.0941 0.6036
vn -0.6202 0.1884 0.7615
vn -0.7100 0.0552 0.7021
vn -0.6443 0.0629 0.7622
vn -0.8672 -0.0946 0.4888
vn -0.2995 0.2128 0.9301
vn -0.6112 -0.1567 0.7758
vn -0.3303 0.0236 0.9436
vn -0.0001 0.2127 0.9771
vn -0.3467 -0.1733 0.9218
vn -0.0002 -0.0472 0.9989
vn -0.0001 -0.1657 0.9862
vn -0.0001 -0.5364 0.8440
vn -0.4088 -0.6131 0.6760
vn -0.0000 -0.5602 0.8284
vn -0.3613 -0.4635 0.8091
vn -0.6757 -0.3850 0.6286
vn -0.0001 -0.0079 1.0000
vn -0.3625 -0.0630 0.9299
vn -0.0001 0.2757 0.9612
vn -0.2125 0.1810 0.9602
vn -0.6705 -0.1104 0.7336
vn -0.9438 -0.2045 0.2596
vn -0.6745 -0.0392 0.7373
vn -0.9882 -0.0316 0.1502
vn -0.9864 -0.1341 0.0947
vn -0.9075 -0.0395 0.4182
vn -0.8966 0.0472 0.4404
vn 0.9308 0.3550 0.0868
vn 0.8933 0.3478 0.2846
vn 0.9156 0.2921 0.2763
vn 0.8808 0.2752 0.3854
vn 0.7190 0.4503 0.5294
vn 0.9295 0.1025 0.3544
vn 0.7167 0.3150 0.6222
vn 0.8986 0.1340 0.4178
vn 0.9286 -0.0315 0.3699
vn 0.9690 -0.0945 0.2285
vn 0.7411 0.1104 0.6623
vn 0.3845 0.4002 0.8318
vn 0.3086 0.5618 0.7675
vn 0.3870 0.1027 0.9163
vn 0.6954 -0.1027 0.7112
vn 0.9421 -0.1178 0.3140
vn 0.9741 -0.0785 0.2121
vn 0.9624 -0.1183 0.2445
vn 0.3389 -0.1419 0.9301
vn 0.9262 -0.1962 0.3218
vn 0.9502 -0.2042 0.2356
vn 0.9051 -0.2676 0.3305
vn 0.7066 -0.2355 0.6673
vn 0.7256 -0.3234 0.6073
vn 0.6673 -0.4004 0.6280
vn 0.3795 -0.2688 0.8853
vn 0.4170 -0.3619 0.8338
vn 0.3616 -0.4482 0.8176
vn -0.0000 -0.1657 0.9862
vn -0.0000 -0.4156 0.9096
vn -0.0000 -0.4970 0.8678
vn -0.3616 -0.4481 0.8176
vn -0.0000 -0.2830 0.9591
vn -0.4169 -0.3618 0.8338
vn -0.6673 -0.4004 0.6280
vn -0.3792 -0.2686 0.8855
vn -0.7256 -0.3234 0.6073
vn -0.9051 -0.2676 0.3305
vn -0.3388 -0.1419 0.9301
vn -0.9262 -0.1962 0.3219
vn -0.9502 -0.2042 0.2356
vn -0.9624 -0.1183 0.2445
vn -0.7066 -0.2355 0.6673
vn -0.9421 -0.1178 0.3141
vn -0.9741 -0.0786 0.2121
vn -0.9690 -0.0945 0.2284
vn -0.6954 -0.1027 0.7112
vn -0.9286 -0.0315 0.3698
vn -0.9295 0.1025 0.3544
vn -0.3870 0.1027 0.9163
vn -0.7411 0.1104 0.6623
vn -0.8986 0.1340 0.4178
vn -0.8808 0.2752 0.3853
vn -0.9156 0.2920 0.2763
vn -0.7167 0.3150 0.6222
vn -0.8933 0.3478 0.2846
vn -0.9308 0.3550 0.0868
vn -0.7190 0.4503 0.5294
vn -0.3845 0.4002 0.8318
vn -0.3086 0.5618 0.7675
vn -0.0000 0.1027 0.9947
vn -0.0000 0.4876 0.8731
vn -0.0000 0.5924 0.8057
vn 0.0079 -0.0236 -0.9997
vn 0.0077 -0.0238 -0.9997
vn 0.0157 -0.0550 -0.9984
vn 0.0157 -0.0472 -0.9988
vn 0.0079 -0.0315 -0.9995
vn 0.0079 -0.0237 0.9997
vn 0.0077 -0.0237 0.9997
vn 0.0157 -0.0550 0.9984
vn 0.0079 -0.0315 0.9995
vn 0.0157 -0.0472 0.9988
vn -0.9886 -0.1177 -0.0942
vn -0.9674 -0.1101 -0.2281
vn -0.9682 -0.1023 -0.2283
vn -0.9749 -0.1179 -0.1887
vn -0.9913 -0.1259 -0.0393
vn -0.9905 -0.1180 0.0707
vn -0.9905 -0.1180 0.0708
vn 0.9886 -0.1177 -0.0942
vn 0.9682 -0.1024 -0.2282
vn 0.9674 -0.1101 -0.2281
vn 0.9749 -0.1180 -0.1886
vn 0.9913 -0.1259 -0.0394
vn 0.9905 -0.1179 0.0707
vn 0.6538 0.7563 0.0237
vn 0.6540 0.7565 -0.0000
vn 0.6623 0.7491 0.0157
vn 0.6667 0.7452 0.0156
vn 0.6749 0.7377 0.0155
vn 0.6788 0.7340 0.0237
vn 0.6832 0.7303 -0.0000
vn 0.6538 0.7563 -0.0237
vn 0.6667 0.7451 -0.0157
vn 0.6749 0.7377 -0.0154
vn 0.6787 0.7340 -0.0237
vn 0.1657 -0.9862 -0.0001
vn 0.1341 -0.9623 -0.2366
vn 0.1414 -0.9899 -0.0002
vn 0.1419 -0.9383 -0.3154
vn 0.1026 -0.8523 -0.5130
vn 0.1100 -0.9429 -0.3143
vn 0.1260 -0.9920 -0.0001
vn 0.0707 -0.9975 -0.0001
vn 0.0786 -0.7861 -0.6131
vn 0.0710 -0.5997 -0.7970
vn 0.0868 -0.9309 -0.3549
vn 0.0706 -0.7618 -0.6440
vn -0.0000 -0.3864 -0.9223
vn -0.0630 -0.2439 -0.9678
vn -0.0789 -0.1421 -0.9867
vn 0.0237 -0.1580 -0.9872
vn 0.0475 -0.4341 -0.8996
vn 0.0470 -0.1413 -0.9888
vn 0.0706 -0.4080 -0.9102
vn 0.0472 -0.1181 -0.9919
vn 0.0944 -0.7642 -0.6381
vn 0.0630 -0.3855 -0.9206
vn 0.0709 -0.1023 -0.9922
vn 0.1105 -0.9286 -0.3542
vn 0.1182 -0.9930 -0.0001
vn 0.0864 -0.7464 -0.6599
vn 0.1100 -0.3378 -0.9348
vn 0.1818 -0.0791 -0.9802
vn 0.1656 -0.1262 -0.9781
vn 0.0865 -0.4797 -0.8732
vn 0.0865 -0.7314 -0.6764
vn 0.0943 -0.7309 -0.6759
vn 0.1022 -0.8959 -0.4322
vn 0.1026 -0.9230 -0.3708
vn 0.1078 -0.9942 -0.0001
vn 0.1341 -0.9623 0.2366
vn 0.1657 -0.9862 0.0001
vn 0.1414 -0.9899 0.0001
vn 0.1419 -0.9383 0.3154
vn 0.1026 -0.8523 0.5129
vn 0.1100 -0.9429 0.3143
vn 0.1260 -0.9920 0.0001
vn 0.0707 -0.9975 0.0001
vn 0.0786 -0.7861 0.6131
vn 0.0710 -0.5997 0.7971
vn 0.0868 -0.9309 0.3549
vn 0.0706 -0.7618 0.6440
vn -0.0000 -0.3864 0.9223
vn -0.0630 -0.2439 0.9678
vn -0.0789 -0.1421 0.9867
vn 0.0237 -0.1580 0.9872
vn 0.0474 -0.4341 0.8996
vn 0.0471 -0.1413 0.9889
vn 0.0707 -0.4080 0.9102
vn 0.0472 -0.1181 0.9919
vn 0.0945 -0.7641 0.6381
vn 0.0630 -0.3855 0.9206
vn 0.0709 -0.1023 0.9922
vn 0.1103 -0.9286 0.3542
vn 0.1182 -0.9930 0.0001
vn 0.0864 -0.7464 0.6598
vn 0.1100 -0.3378 0.9348
vn 0.1818 -0.0791 0.9802
vn 0.1656 -0.1262 0.9781
vn 0.0865 -0.4797 0.8731
vn 0.1026 -0.9230 0.3708
vn 0.1104 -0.9939 0.0001
vn 0.1018 -0.8960 0.4323
vn 0.0865 -0.7315 0.6763
vn 0.0943 -0.7309 0.6760
vn -0.4424 -0.0869 0.8926
vn -0.5271 -0.0157 0.8496
vn -0.4479 -0.1964 0.8722
vn -0.4964 -0.2364 0.8353
vn -0.4558 -0.4322 0.7781
vn -0.6928 0.5826 0.4251
vn -0.5502 -0.7938 0.2594
vn -0.7086 0.5747 0.4094
vn -0.5992 -0.7648 0.2365
vn -0.5027 0.8641 -0.0236
vn -0.3698 -0.8262 -0.4249
vn -0.4566 0.8895 -0.0158
vn -0.3549 -0.8440 -0.4022
vn -0.4647 0.6930 -0.5512
vn -0.3146 -0.5426 -0.7788
vn -0.5436 0.6461 -0.5358
vn -0.2992 -0.1340 -0.9447
vn 0.5271 -0.0157 0.8496
vn 0.4394 -0.0862 0.8942
vn 0.4479 -0.1964 0.8722
vn 0.4964 -0.2364 0.8353
vn 0.4558 -0.4322 0.7781
vn 0.6928 0.5826 0.4251
vn 0.5502 -0.7938 0.2594
vn 0.7086 0.5747 0.4094
vn 0.5992 -0.7648 0.2365
vn 0.5027 0.8641 -0.0236
vn 0.3698 -0.8262 -0.4249
vn 0.4566 0.8895 -0.0157
vn 0.3549 -0.8440 -0.4022
vn 0.4647 0.6930 -0.5512
vn 0.3146 -0.5426 -0.7788
vn 0.5436 0.6461 -0.5358
vn 0.2992 -0.1340 -0.9447
vn -0.1257 0.1885 0.9740
vn -0.1186 0.2371 0.9642
vn -0.1333 0.2588 0.9567
vn -0.1022 0.1572 0.9823
vn -0.1341 0.3393 0.9311
vn -0.1023 0.1966 0.9751
vn -0.0948 0.1264 0.9874
vn -0.1263 0.3630 0.9232
vn -0.1417 0.4646 0.8741
vn -0.1105 0.3237 0.9397
vn -0.1500 0.4421 0.8843
vn -0.2042 0.5735 0.7934
vn -0.0784 0.1804 0.9805
vn -0.0631 0.0946 0.9935
vn -0.1976 0.5686 0.7986
vn -0.2918 0.7257 0.6231
vn -0.1176 0.4157 0.9019
vn -0.0866 0.3150 0.9451
vn -0.1578 0.5368 0.8288
vn -0.1025 0.4098 0.9064
vn -0.2516 0.7076 0.6604
vn -0.2995 0.8196 0.4884
vn -0.3316 0.8291 0.4501
vn -0.1970 0.6933 0.6933
vn -0.3220 0.8874 0.3299
vn -0.3531 0.8868 0.2982
vn -0.2445 0.8280 0.5047
vn -0.2607 0.9007 0.3476
vn -0.3372 0.9255 0.1725
vn -0.3690 0.9186 0.1413
vn -0.2753 0.9442 0.1808
vn -0.3537 0.9354 -0.0000
vn -0.3701 0.9290 -0.0000
vn -0.3690 0.9186 -0.1413
vn -0.2902 0.9570 -0.0000
vn -0.3371 0.9255 -0.1725
vn -0.3528 0.8869 -0.2983
vn -0.2202 0.9754 -0.0000
vn -0.3220 0.8874 -0.3299
vn -0.3313 0.8292 -0.4501
vn -0.2753 0.9442 -0.1808
vn -0.2995 0.8196 -0.4884
vn -0.2918 0.7256 -0.6231
vn -0.2607 0.9007 -0.3476
vn -0.2050 0.9618 -0.1813
vn -0.2050 0.9618 0.1814
vn -0.1337 0.9910 -0.0000
vn -0.1894 0.9154 0.3551
vn -0.1103 0.9758 0.1889
vn -0.1735 0.8360 0.5206
vn -0.1026 0.9230 0.3708
vn -0.0627 0.9980 -0.0000
vn -0.0628 0.9735 0.2198
vn -0.0552 0.9140 0.4019
vn -0.1103 0.9758 -0.1889
vn -0.0628 0.9735 -0.2198
vn -0.0866 0.8349 0.5435
vn -0.0472 0.8176 0.5739
vn -0.1339 0.6928 0.7086
vn -0.0631 0.7174 0.6938
vn -0.0552 0.6779 0.7331
vn -0.1181 0.5216 0.8450
vn -0.0788 0.5438 0.8355
vn -0.0782 0.5495 0.8318
vn -0.0787 0.4013 0.9126
vn -0.0789 0.4013 0.9126
vn -0.0709 0.2918 0.9538
vn -0.0709 0.2678 0.9609
vn -0.0632 0.1423 0.9878
vn -0.0631 0.1726 0.9830
vn -0.0709 0.0946 0.9930
vn -0.0552 0.0790 0.9953
vn -0.0711 0.0711 0.9949
vn -0.1026 0.9230 -0.3708
vn -0.0549 0.9141 -0.4019
vn -0.1894 0.9154 -0.3551
vn -0.0867 0.8350 -0.5434
vn -0.0472 0.8176 -0.5739
vn -0.1735 0.8360 -0.5206
vn -0.2443 0.8280 -0.5047
vn -0.0631 0.7174 -0.6938
vn -0.0552 0.6779 -0.7331
vn -0.1339 0.6928 -0.7086
vn -0.0788 0.5438 -0.8355
vn -0.0786 0.5493 -0.8319
vn -0.0787 0.4013 -0.9126
vn -0.1970 0.6933 -0.6932
vn -0.1181 0.5216 -0.8450
vn -0.0788 0.4012 -0.9126
vn -0.2516 0.7076 -0.6604
vn -0.1579 0.5368 -0.8288
vn -0.1976 0.5686 -0.7985
vn -0.2042 0.5734 -0.7934
vn -0.1025 0.4099 -0.9064
vn -0.1176 0.4157 -0.9019
vn -0.1423 0.4426 -0.8853
vn -0.1417 0.4646 -0.8741
vn -0.0866 0.3150 -0.9451
vn -0.1106 0.3238 -0.9397
vn -0.1262 0.3629 -0.9232
vn -0.1338 0.3463 -0.9286
vn -0.1186 0.2371 -0.9642
vn -0.1333 0.2587 -0.9567
vn -0.1257 0.1885 -0.9740
vn -0.1022 0.1572 -0.9823
vn -0.1020 0.2041 -0.9736
vn -0.0948 0.1265 -0.9874
vn -0.0784 0.1803 -0.9805
vn -0.0631 0.0946 -0.9935
vn -0.0710 0.2920 -0.9538
vn -0.0709 0.2678 -0.9609
vn -0.0632 0.1422 -0.9878
vn -0.0554 0.0790 -0.9953
vn -0.0627 0.1733 -0.9829
vn -0.0711 0.0711 -0.9949
vn -0.0709 0.0946 -0.9930
vn 0.6943 0.4419 0.5681
vn 0.6912 0.4399 0.5734
vn 0.4320 0.7148 0.5499
vn 0.8822 0.1417 0.4489
vn 0.3236 0.8050 0.4972
vn 0.9351 0.0237 0.3537
vn 0.1022 0.9356 0.3380
vn 0.9757 -0.2046 0.0787
vn -0.0078 0.9719 0.2352
vn 0.9751 -0.2044 0.0865
vn -0.2121 0.9741 -0.0785
vn 0.9148 -0.3154 -0.2524
vn 0.8574 -0.3225 -0.4011
vn -0.3225 0.8574 -0.4012
vn 0.7108 -0.2922 -0.6398
vn -0.3308 0.7876 -0.5198
vn 0.6153 -0.2445 -0.7494
vn -0.2666 0.6116 -0.7449
vn 0.4000 -0.1098 -0.9099
vn -0.1966 0.5034 -0.8414
vn 0.2830 -0.0236 -0.9588
vn 0.0158 0.2369 -0.9714
vn 0.0157 0.2278 -0.9736
vn 0.5916 0.4102 0.6941
vn 0.5897 0.4167 0.6919
vn 0.5734 0.6756 0.4634
vn 0.6062 0.0158 0.7952
vn 0.5750 0.7483 0.3308
vn 0.6058 0.0394 0.7946
vn 0.5692 0.8222 -0.0000
vn 0.6285 -0.3064 0.7149
vn 0.5744 0.8185 -0.0000
vn 0.6226 -0.4413 0.6462
vn 0.5750 0.7483 -0.3308
vn 0.6381 -0.6616 0.3939
vn 0.5734 0.6756 -0.4634
vn 0.6366 -0.6681 0.3851
vn 0.5897 0.4167 -0.6919
vn 0.6456 -0.7636 -0.0000
vn 0.5916 0.4102 -0.6941
vn 0.6409 -0.7677 -0.0000
vn 0.6062 0.0158 -0.7952
vn 0.6381 -0.6616 -0.3939
vn 0.6058 0.0394 -0.7946
vn 0.6367 -0.6681 -0.3851
vn 0.6285 -0.3064 -0.7149
vn 0.6226 -0.4413 -0.6462
vn -0.5801 0.7053 -0.4075
vn -0.5800 0.7054 -0.4075
vn -0.5796 0.4699 -0.6658
vn -0.5835 0.8121 -0.0000
vn -0.5805 0.3452 -0.7374
vn -0.5834 0.8122 -0.0000
vn -0.5834 -0.0000 -0.8122
vn -0.5800 0.7054 0.4075
vn -0.5800 0.7054 0.4076
vn -0.5805 -0.3452 -0.7374
vn -0.5796 0.4699 0.6658
vn -0.5796 -0.4699 -0.6658
vn -0.5805 0.3452 0.7374
vn -0.5800 -0.7054 -0.4075
vn -0.5835 -0.0000 0.8121
vn -0.5800 -0.7054 -0.4076
vn -0.5834 -0.8122 -0.0000
vn -0.5805 -0.3452 0.7374
vn -0.5796 -0.4699 0.6658
vn -0.5800 -0.7054 0.4075
vn -0.5801 -0.7053 0.4075
vn 0.5199 0.8348 -0.1812
vn 0.2682 0.9622 0.0473
vn 0.2678 0.9609 0.0708
vn 0.0393 0.9510 0.3066
vn 0.6236 0.7342 -0.2684
vn -0.0630 0.9064 0.4177
vn 0.8029 0.4959 -0.3306
vn -0.2283 0.7556 0.6140
vn 0.8721 0.3614 -0.3300
vn -0.2997 0.6547 0.6940
vn 0.9696 0.0158 -0.2444
vn -0.3307 0.4094 0.8503
vn 0.9677 0.0157 -0.2518
vn -0.3071 0.2677 0.9133
vn 0.9548 -0.2920 -0.0552
vn -0.1651 -0.0787 0.9831
vn 0.9182 -0.3923 0.0549
vn -0.1654 -0.0787 0.9831
vn 0.7972 -0.5367 0.2763
vn 0.0629 -0.3693 0.9272
vn 0.7099 -0.5836 0.3943
vn 0.1806 -0.4555 0.8717
vn 0.4555 -0.5889 0.6676
vn -0.3225 0.8574 0.4012
vn -0.2121 0.9741 0.0785
vn -0.0078 0.9719 -0.2352
vn -0.3308 0.7876 0.5198
vn 0.1022 0.9356 -0.3381
vn -0.2666 0.6116 0.7449
vn 0.3236 0.8050 -0.4972
vn -0.1966 0.5033 0.8414
vn 0.4320 0.7148 -0.5499
vn 0.0158 0.2369 0.9714
vn 0.6943 0.4418 -0.5681
vn 0.0157 0.2277 0.9736
vn 0.6912 0.4399 -0.5734
vn 0.2830 -0.0236 0.9588
vn 0.8822 0.1418 -0.4490
vn 0.4000 -0.1098 0.9099
vn 0.9351 0.0236 -0.3537
vn 0.6153 -0.2445 0.7494
vn 0.9757 -0.2046 -0.0786
vn 0.7108 -0.2922 0.6398
vn 0.9750 -0.2044 -0.0865
vn 0.8574 -0.3225 0.4011
vn 0.9148 -0.3154 0.2523
vn 0.2681 0.9622 -0.0473
vn 0.5199 0.8348 0.1812
vn 0.2678 0.9609 -0.0709
vn 0.0393 0.9510 -0.3066
vn 0.6236 0.7342 0.2684
vn -0.0630 0.9064 -0.4177
vn 0.8029 0.4959 0.3306
vn -0.2283 0.7556 -0.6140
vn 0.8721 0.3614 0.3300
vn -0.2996 0.6547 -0.6940
vn 0.9696 0.0158 0.2444
vn 0.9676 0.0158 0.2518
vn -0.3071 0.2677 -0.9133
vn 0.9548 -0.2920 0.0552
vn -0.1651 -0.0787 -0.9831
vn 0.9182 -0.3924 -0.0549
vn -0.1652 -0.0787 -0.9831
vn 0.7972 -0.5368 -0.2763
vn 0.0630 -0.3694 -0.9271
vn 0.7098 -0.5836 -0.3943
vn 0.1806 -0.4555 -0.8717
vn 0.4555 -0.5889 -0.6676
vn 0.4555 -0.5890 -0.6676
vn -0.6545 -0.3784 0.6545
vn -0.6530 -0.6216 0.4327
vn -0.6546 -0.3783 0.6546
vn -0.6540 -0.0000 0.7565
vn -0.6550 -0.6865 0.3157
vn -0.6541 -0.0000 0.7564
vn -0.6540 -0.7565 -0.0000
vn -0.6550 0.3157 0.6865
vn -0.6541 -0.7564 -0.0000
vn -0.6530 0.4327 0.6216
vn -0.6550 -0.6865 -0.3157
vn -0.6545 0.6545 0.3784
vn -0.6530 -0.6216 -0.4327
vn -0.6547 0.6547 0.3780
vn -0.6546 -0.3783 -0.6546
vn -0.6541 0.7564 -0.0000
vn -0.6547 -0.3780 -0.6547
vn -0.6539 0.7566 -0.0000
vn -0.6543 -0.0000 -0.7562
vn -0.6545 0.6545 -0.3784
vn -0.6539 -0.0000 -0.7565
vn -0.6550 0.3157 -0.6865
vn -0.6530 0.4327 -0.6216
vn 0.6530 -0.6216 0.4327
vn 0.6545 -0.3784 0.6545
vn 0.6547 -0.3780 0.6547
vn 0.6540 -0.0000 0.7565
vn 0.6550 -0.6865 0.3157
vn 0.6541 -0.0000 0.7564
vn 0.6547 -0.7559 -0.0000
vn 0.6550 0.3157 0.6865
vn 0.6540 -0.7565 -0.0000
vn 0.6530 0.4327 0.6216
vn 0.6550 -0.6865 -0.3157
vn 0.6547 0.6547 0.3780
vn 0.6530 -0.6216 -0.4327
vn 0.6545 0.6545 0.3786
vn 0.6544 -0.3787 -0.6544
vn 0.6541 0.7564 -0.0000
vn 0.6545 -0.3784 -0.6545
vn 0.6540 -0.0000 -0.7565
vn 0.6545 0.6545 -0.3786
vn 0.6550 0.3157 -0.6865
vn 0.6530 0.4327 -0.6215
vn 0.5800 0.7053 -0.4075
vn 0.5796 0.4699 -0.6658
vn 0.5800 0.7054 -0.4076
vn 0.5835 0.8121 -0.0000
vn 0.5805 0.3452 -0.7374
vn 0.5834 0.8122 -0.0000
vn 0.5835 -0.0000 -0.8121
vn 0.5800 0.7053 0.4075
vn 0.5834 -0.0000 -0.8122
vn 0.5800 0.7054 0.4076
vn 0.5805 -0.3452 -0.7374
vn 0.5796 0.4699 0.6658
vn 0.5796 -0.4699 -0.6658
vn 0.5805 0.3452 0.7374
vn 0.5800 -0.7054 -0.4075
vn 0.5834 -0.0000 0.8122
vn 0.5800 -0.7054 -0.4076
vn 0.5834 -0.8122 -0.0000
vn 0.5805 -0.3452 0.7374
vn 0.5835 -0.8121 -0.0000
vn 0.5796 -0.4699 0.6658
vn 0.5800 -0.7053 0.4075
vn 0.5799 -0.7054 0.4076
vn 1.0000 -0.0000 -0.0001
vn 1.0000 0.0001 -0.0000
vn 1.0000 -0.0000 0.0001
vn 1.0000 -0.0001 -0.0000
vn -0.8483 0.3063 -0.4320
vn -0.8507 0.4569 -0.2599
vn -0.8507 0.4568 -0.2600
vn -0.8498 0.5271 -0.0000
vn -0.8493 0.2202 -0.4797
vn -0.8499 0.5270 -0.0000
vn -0.8488 0.0471 -0.5266
vn -0.8507 0.4569 0.2599
vn -0.8488 -0.0471 -0.5266
vn -0.8507 0.4568 0.2600
vn -0.8507 -0.2600 -0.4568
vn -0.8483 0.3063 0.4320
vn -0.8507 -0.2599 -0.4569
vn -0.8493 0.2202 0.4797
vn -0.8483 -0.4320 -0.3063
vn -0.8488 0.0471 0.5266
vn -0.8493 -0.4797 -0.2202
vn -0.8488 -0.0472 0.5266
vn -0.8498 -0.5271 -0.0000
vn -0.8507 -0.2599 0.4569
vn -0.8499 -0.5270 -0.0000
vn -0.8493 -0.4797 0.2202
vn -0.8483 -0.4320 0.3063
vn 0.6612 0.3542 0.6613
vn 0.6575 0.3679 0.6575
vn 0.6687 0.3697 0.6451
vn 0.6771 0.3385 0.6534
vn 0.6568 0.3561 0.6647
vn 0.6768 0.3541 0.6453
vn 0.6530 0.3698 0.6609
vn 0.6777 0.3783 0.6305
vn 0.6583 0.3918 0.6427
vn 0.6778 0.3783 0.6305
vn 0.6623 0.3785 0.6466
vn 0.6624 0.3785 0.6466
vn 0.6623 0.3784 0.6467
vn 0.6375 0.6374 0.4329
vn 0.6347 0.6659 0.3920
vn 0.6624 0.6465 0.3785
vn 0.6530 0.6373 0.4092
vn 0.6390 0.6864 0.3471
vn 0.6630 0.6313 0.4024
vn 0.6515 0.6672 0.3610
vn 0.6749 0.6200 0.4002
vn 0.6672 0.6515 0.3610
vn 0.6835 0.6049 0.4085
vn 0.6788 0.6471 0.3472
vn 0.6915 0.6208 0.3693
vn 0.6907 0.6436 0.3297
vn 0.6613 0.3542 -0.6613
vn 0.6687 0.3697 -0.6451
vn 0.6575 0.3678 -0.6576
vn 0.6771 0.3385 -0.6534
vn 0.6568 0.3561 -0.6647
vn 0.6768 0.3542 -0.6454
vn 0.6530 0.3699 -0.6609
vn 0.6778 0.3783 -0.6305
vn 0.6583 0.3918 -0.6427
vn 0.6778 0.3782 -0.6305
vn 0.6623 0.3785 -0.6466
vn 0.6624 0.3785 -0.6465
vn 0.6374 0.6375 -0.4328
vn 0.6347 0.6660 -0.3918
vn 0.6530 0.6373 -0.4091
vn 0.6391 0.6863 -0.3472
vn 0.6629 0.6313 -0.4024
vn 0.6515 0.6672 -0.3610
vn 0.6749 0.6200 -0.4002
vn 0.6672 0.6515 -0.3611
vn 0.6834 0.6050 -0.4086
vn 0.6787 0.6471 -0.3472
vn 0.6916 0.6207 -0.3693
vn 0.6907 0.6437 -0.3296
vn 0.9980 0.0629 -0.0000
vn 0.9980 0.0627 -0.0000
vn 0.9980 0.0628 -0.0000
vn -0.9996 -0.0157 0.0237
vn -0.9996 -0.0236 0.0157
vn -0.9995 -0.0000 0.0314
vn -0.9995 -0.0315 -0.0000
vn -0.9996 0.0156 0.0237
vn -0.9996 -0.0237 -0.0157
vn -0.9996 0.0237 0.0156
vn -0.9996 -0.0157 -0.0237
vn -0.9995 -0.0000 -0.0315
vn -0.9996 0.0237 -0.0157
vn -0.9996 0.0157 -0.0236
vn 0.9969 0.0784 0.0002
vn 0.9969 0.0784 0.0001
vn 0.9969 0.0785 -0.0001
vn 0.9969 0.0785 0.0001
vn 0.9969 0.0784 -0.0001
vt 0.115417 0.635254
vt 0.142578 0.597412
vt 0.130249 0.638428
vt 0.132812 0.592773
vt 0.158325 0.640137
vt 0.120667 0.605713
vt 0.140381 0.942108
vt 0.134521 0.917603
vt 0.144165 0.918701
vt 0.130859 0.940979
vt 0.093201 0.631348
vt 0.051086 0.606445
vt 0.098328 0.606445
vt 0.049927 0.621826
vt 0.073608 0.656250
vt 0.038818 0.648682
vt 0.046936 0.636719
vt 0.044952 0.674316
vt 0.026520 0.656494
vt 0.061737 0.591553
vt 0.051239 0.600098
vt 0.828125 0.845093
vt 0.818359 0.857788
vt 0.822266 0.860352
vt 0.832031 0.846680
vt 0.833008 0.828735
vt 0.873047 0.896423
vt 0.862305 0.894104
vt 0.872070 0.901306
vt 0.860352 0.899536
vt 0.872559 0.738770
vt 0.870605 0.746338
vt 0.876953 0.744629
vt 0.866211 0.744873
vt 0.665039 0.933289
vt 0.681641 0.923035
vt 0.680664 0.933167
vt 0.661133 0.920288
vt 0.770996 0.766724
vt 0.770996 0.767212
vt 0.770996 0.767090
vt 0.712891 0.928894
vt 0.682129 0.933167
vt 0.710449 0.939362
vt 0.633301 0.782471
vt 0.625000 0.778320
vt 0.648438 0.763916
vt 0.669434 0.846436
vt 0.645020 0.836060
vt 0.670410 0.847046
vt 0.744141 0.883057
vt 0.733887 0.888367
vt 0.761719 0.893921
vt 0.845703 0.944000
vt 0.849121 0.939148
vt 0.848633 0.943848
vt 0.846191 0.939056
vt 0.834473 0.938965
vt 0.834473 0.943878
vt 0.831055 0.938965
vt 0.831543 0.943665
vt 0.830078 0.923828
vt 0.826660 0.923950
vt 0.850586 0.924072
vt 0.854004 0.924194
vt 0.849609 0.927795
vt 0.852539 0.927979
vt 0.846191 0.927185
vt 0.834473 0.927063
vt 0.831055 0.927612
vt 0.827637 0.927673
vt 0.528320 0.773193
vt 0.563965 0.893188
vt 0.523438 0.774780
vt 0.559082 0.894714
vt 0.478516 0.774780
vt 0.443115 0.894714
vt 0.438232 0.893188
vt 0.473633 0.773193
vt 0.419922 0.773438
vt 0.360596 0.798584
vt 0.359131 0.774048
vt 0.386230 0.748291
vt 0.447021 0.726074
vt 0.447021 0.748291
vt 0.364014 0.726074
vt 0.364014 0.761719
vt 0.386230 0.753296
vt 0.171997 0.754150
vt 0.169678 0.770264
vt 0.158936 0.752686
vt 0.156860 0.768799
vt 0.174194 0.734375
vt 0.160889 0.732910
vt 0.011826 0.680908
vt 0.011993 0.658691
vt 0.885742 0.899780
vt 0.883789 0.904175
vt 0.744141 0.883301
vt 0.763672 0.888245
vt 0.570801 0.916992
vt 0.565918 0.918518
vt 0.520020 0.971451
vt 0.500977 0.988411
vt 0.500977 0.975235
vt 0.525391 0.983597
vt 0.431152 0.916992
vt 0.436035 0.918518
vt 0.481934 0.971451
vt 0.476562 0.983597
vt 0.419922 0.912781
vt 0.398193 0.921997
vt 0.399658 0.767334
vt 0.386475 0.765259
vt 0.111877 0.591309
vt 0.111938 0.606201
vt 0.119507 0.655029
vt 0.105713 0.653564
vt 0.109253 0.667236
vt 0.085815 0.672607
vt 0.096130 0.678223
vt 0.080566 0.687744
vt 0.056763 0.684326
vt 0.063232 0.694824
vt 0.044830 0.699219
vt 0.026108 0.689209
vt 0.026047 0.692139
vt 0.025879 0.700684
vt 0.152832 0.654541
vt 0.148315 0.662842
vt 0.143677 0.671143
vt 0.130737 0.686523
vt 0.114197 0.700195
vt 0.094666 0.711670
vt 0.072876 0.720459
vt 0.049652 0.725830
vt 0.025726 0.727539
vt 0.651855 0.560791
vt 0.636230 0.560791
vt 0.636230 0.550537
vt 0.651855 0.550537
vt 0.636230 0.546143
vt 0.651855 0.546143
vt 0.636230 0.541748
vt 0.651855 0.541748
vt 0.636230 0.531250
vt 0.651855 0.531250
vt 0.651855 0.526855
vt 0.636230 0.526855
vt 0.651855 0.522461
vt 0.636230 0.522461
vt 0.651855 0.512207
vt 0.636230 0.512207
vt 0.697266 0.429199
vt 0.699707 0.421387
vt 0.712402 0.429199
vt 0.709961 0.421387
vt 0.720215 0.424316
vt 0.714355 0.418457
vt 0.725586 0.416504
vt 0.717285 0.414062
vt 0.717285 0.403809
vt 0.725586 0.401367
vt 0.714355 0.399414
vt 0.720215 0.393555
vt 0.709961 0.396484
vt 0.712402 0.388184
vt 0.699707 0.396484
vt 0.697266 0.388184
vt 0.696777 0.473145
vt 0.699219 0.464844
vt 0.712402 0.473145
vt 0.709961 0.464844
vt 0.719727 0.467773
vt 0.714355 0.461914
vt 0.717285 0.457520
vt 0.725098 0.459961
vt 0.725098 0.444824
vt 0.717285 0.447266
vt 0.719727 0.437012
vt 0.714355 0.442871
vt 0.709961 0.439941
vt 0.712402 0.432129
vt 0.699219 0.439941
vt 0.696777 0.432129
vt 0.633301 0.429199
vt 0.635742 0.421387
vt 0.648438 0.429199
vt 0.645996 0.421387
vt 0.656250 0.424316
vt 0.650391 0.418457
vt 0.661621 0.416504
vt 0.653320 0.414062
vt 0.653320 0.403809
vt 0.661621 0.401367
vt 0.650391 0.399414
vt 0.656250 0.393555
vt 0.645996 0.396484
vt 0.648438 0.388184
vt 0.633301 0.388184
vt 0.635742 0.396484
vt 0.856445 0.663818
vt 0.850098 0.666504
vt 0.854980 0.668701
vt 0.846191 0.672119
vt 0.848633 0.676758
vt 0.845703 0.677002
vt 0.860840 0.845947
vt 0.851562 0.847168
vt 0.859375 0.851196
vt 0.872070 0.847900
vt 0.872070 0.853516
vt 0.883789 0.850952
vt 0.882812 0.855591
vt 0.895996 0.853394
vt 0.895996 0.857666
vt 0.833984 0.764648
vt 0.842773 0.760010
vt 0.849121 0.773682
vt 0.841309 0.780396
vt 0.856934 0.784302
vt 0.847656 0.788330
vt 0.739746 0.713135
vt 0.736328 0.687988
vt 0.744141 0.709229
vt 0.757324 0.724121
vt 0.761719 0.721680
vt 0.771973 0.727295
vt 0.792969 0.707764
vt 0.786133 0.727295
vt 0.775879 0.722168
vt 0.785645 0.702637
vt 0.767090 0.716064
vt 0.775879 0.696289
vt 0.749023 0.703857
vt 0.758789 0.685547
vt 0.740723 0.690430
vt 0.743652 0.682129
vt 0.680664 0.891846
vt 0.660645 0.892212
vt 0.649902 0.912354
vt 0.649414 0.892395
vt 0.644043 0.903687
vt 0.639648 0.892578
vt 0.639160 0.884949
vt 0.662109 0.887329
vt 0.642578 0.874268
vt 0.671875 0.858154
vt 0.675293 0.849609
vt 0.690430 0.845215
vt 0.689941 0.854858
vt 0.708008 0.842529
vt 0.708008 0.851562
vt 0.705566 0.840820
vt 0.765137 0.906555
vt 0.757324 0.916382
vt 0.772949 0.916992
vt 0.753906 0.929199
vt 0.781250 0.927490
vt 0.776855 0.941742
vt 0.753418 0.940796
vt 0.780273 0.956543
vt 0.754395 0.955017
vt 0.731934 0.940735
vt 0.732422 0.955383
vt 0.732422 0.928894
vt 0.751465 0.916199
vt 0.733398 0.912903
vt 0.756348 0.904602
vt 0.734375 0.900818
vt 0.642090 0.840698
vt 0.632812 0.820679
vt 0.625000 0.824219
vt 0.628418 0.801147
vt 0.619629 0.800903
vt 0.718750 0.800293
vt 0.712891 0.821899
vt 0.710938 0.800781
vt 0.712891 0.777344
vt 0.706055 0.780640
vt 0.693359 0.764648
vt 0.697266 0.759155
vt 0.675781 0.753540
vt 0.674805 0.760132
vt 0.642578 0.754883
vt 0.904297 0.761597
vt 0.915527 0.761597
vt 0.915527 0.752075
vt 0.904297 0.752075
vt 0.915527 0.739014
vt 0.904297 0.739014
vt 0.915527 0.725830
vt 0.904297 0.725830
vt 0.915527 0.716064
vt 0.904297 0.716064
vt 0.915527 0.702881
vt 0.904297 0.702881
vt 0.915527 0.689941
vt 0.904297 0.689941
vt 0.915527 0.680176
vt 0.904297 0.680176
vt 0.915527 0.666992
vt 0.904297 0.666992
vt 0.915527 0.653809
vt 0.904297 0.653809
vt 0.915527 0.644287
vt 0.904297 0.644287
vt 0.915527 0.631104
vt 0.904297 0.631104
vt 0.915527 0.617920
vt 0.904297 0.617920
vt 0.910645 0.603516
vt 0.939453 0.603516
vt 0.939453 0.595703
vt 0.910645 0.595703
vt 0.939453 0.584961
vt 0.910645 0.584961
vt 0.939453 0.574463
vt 0.910645 0.574463
vt 0.939453 0.566650
vt 0.910645 0.566650
vt 0.939453 0.555908
vt 0.910645 0.555908
vt 0.939453 0.545410
vt 0.910645 0.545410
vt 0.939453 0.537598
vt 0.910645 0.537598
vt 0.939453 0.526855
vt 0.910645 0.526855
vt 0.939453 0.516113
vt 0.910645 0.516113
vt 0.939453 0.508301
vt 0.910645 0.508301
vt 0.939453 0.498047
vt 0.910645 0.498047
vt 0.939453 0.487305
vt 0.910645 0.487305
vt 0.879883 0.753174
vt 0.892090 0.753174
vt 0.892090 0.744141
vt 0.879883 0.744141
vt 0.892090 0.731934
vt 0.879883 0.731934
vt 0.892090 0.719482
vt 0.879883 0.719482
vt 0.892090 0.710693
vt 0.879883 0.710693
vt 0.892090 0.698242
vt 0.879883 0.698242
vt 0.892090 0.686035
vt 0.879883 0.686035
vt 0.892090 0.677002
vt 0.879883 0.677002
vt 0.892090 0.664551
vt 0.879883 0.664551
vt 0.892090 0.652344
vt 0.879883 0.652344
vt 0.892090 0.643311
vt 0.879883 0.643311
vt 0.892090 0.630859
vt 0.879883 0.630859
vt 0.892090 0.618652
vt 0.879883 0.618652
vt 0.601074 0.843018
vt 0.579102 0.843018
vt 0.601074 0.836426
vt 0.579102 0.836426
vt 0.601074 0.829834
vt 0.579102 0.829834
vt 0.601074 0.823242
vt 0.579102 0.823242
vt 0.601074 0.816772
vt 0.579102 0.816772
vt 0.601074 0.810181
vt 0.579102 0.810181
vt 0.579102 0.803589
vt 0.601074 0.803589
vt 0.579102 0.796997
vt 0.601074 0.796997
vt 0.579102 0.790405
vt 0.601074 0.790405
vt 0.579102 0.783813
vt 0.601074 0.783813
vt 0.579102 0.777222
vt 0.601074 0.777222
vt 0.579102 0.770630
vt 0.601074 0.770630
vt 0.601074 0.764160
vt 0.579102 0.764160
vt 0.615234 0.907471
vt 0.608887 0.907471
vt 0.615234 0.897278
vt 0.608887 0.897278
vt 0.615234 0.887146
vt 0.608887 0.887146
vt 0.615234 0.876953
vt 0.608887 0.876953
vt 0.615234 0.866821
vt 0.608887 0.866821
vt 0.615234 0.856689
vt 0.608887 0.856689
vt 0.615234 0.846436
vt 0.608887 0.846436
vt 0.608887 0.836304
vt 0.615234 0.836304
vt 0.608887 0.826172
vt 0.615234 0.826172
vt 0.608887 0.816040
vt 0.615234 0.816040
vt 0.615234 0.805786
vt 0.608887 0.805786
vt 0.615234 0.795654
vt 0.608887 0.795654
vt 0.615234 0.785522
vt 0.608887 0.785522
vt 0.832031 0.965790
vt 0.848145 0.965973
vt 0.848145 0.970566
vt 0.832031 0.970367
vt 0.848145 0.984901
vt 0.832031 0.984711
vt 0.832031 0.959656
vt 0.848145 0.959839
vt 0.832031 0.946564
vt 0.848145 0.946747
vt 0.864258 0.941986
vt 0.863770 0.937439
vt 0.863770 0.935181
vt 0.863281 0.926758
vt 0.546875 0.905273
vt 0.528809 0.913757
vt 0.522461 0.903931
vt 0.512207 0.782104
vt 0.512695 0.897339
vt 0.500977 0.786255
vt 0.500977 0.895020
vt 0.489502 0.897339
vt 0.489990 0.782104
vt 0.479492 0.903931
vt 0.455078 0.905273
vt 0.473145 0.913757
vt 0.322266 0.367188
vt 0.307617 0.381348
vt 0.308838 0.366211
vt 0.320801 0.383301
vt 0.304688 0.395508
vt 0.316895 0.400391
vt 0.296875 0.407227
vt 0.306396 0.416504
vt 0.285400 0.414551
vt 0.290771 0.427246
vt 0.271973 0.430664
vt 0.271729 0.416992
vt 0.258057 0.415039
vt 0.253174 0.427734
vt 0.237061 0.417480
vt 0.246216 0.408203
vt 0.225952 0.401855
vt 0.238037 0.396973
vt 0.221436 0.385254
vt 0.234497 0.382812
vt 0.219482 0.369141
vt 0.232788 0.367676
vt 0.130371 0.959930
vt 0.121643 0.958923
vt 0.108948 0.978333
vt 0.102844 0.973267
vt 0.078064 0.988258
vt 0.076477 0.981354
vt 0.045990 0.990196
vt 0.046906 0.982391
vt 0.153564 0.536621
vt 0.121521 0.548828
vt 0.123779 0.534180
vt 0.154907 0.551025
vt 0.178223 0.538818
vt 0.176758 0.552979
vt 0.179565 0.553223
vt 0.206055 0.539551
vt 0.203613 0.553955
vt 0.250732 0.537842
vt 0.250244 0.552002
vt 0.295410 0.536133
vt 0.296875 0.550049
vt 0.340088 0.534668
vt 0.343506 0.548340
vt 0.384766 0.532959
vt 0.390381 0.546387
vt 0.143066 0.679443
vt 0.143066 0.664551
vt 0.149292 0.664551
vt 0.149292 0.679443
vt 0.143066 0.694092
vt 0.149292 0.694092
vt 0.143066 0.708252
vt 0.149292 0.708252
vt 0.143066 0.722412
vt 0.149292 0.722412
vt 0.143066 0.736572
vt 0.149292 0.736572
vt 0.023026 0.353027
vt 0.032135 0.357422
vt 0.023331 0.358887
vt 0.029663 0.351562
vt 0.039673 0.352539
vt 0.035095 0.348633
vt 0.044037 0.344727
vt 0.038177 0.343262
vt 0.038239 0.336914
vt 0.044067 0.335449
vt 0.035187 0.331055
vt 0.039795 0.327148
vt 0.029678 0.327637
vt 0.032440 0.322266
vt 0.022705 0.363281
vt 0.046265 0.368164
vt 0.061401 0.326172
vt 0.034760 0.314941
vt 0.068176 0.379395
vt 0.087646 0.338867
vt 0.083984 0.385254
vt 0.081970 0.375977
vt 0.090271 0.393066
vt 0.085083 0.367188
vt 0.089050 0.395508
vt 0.091797 0.360840
vt 0.099487 0.395508
vt 0.100952 0.358398
vt 0.108948 0.411621
vt 0.110107 0.361328
vt 0.108826 0.393066
vt 0.113098 0.354980
vt 0.115601 0.386719
vt 0.135132 0.376465
vt 0.116394 0.368164
vt 0.118652 0.377930
vt 0.153564 0.398438
vt 0.124329 0.430176
vt 0.137451 0.427734
vt 0.134277 0.436523
vt 0.144165 0.421387
vt 0.136475 0.446289
vt 0.153320 0.419434
vt 0.137695 0.453613
vt 0.162354 0.422363
vt 0.143311 0.453613
vt 0.170654 0.423828
vt 0.149292 0.475586
vt 0.168823 0.429199
vt 0.151978 0.456055
vt 0.184448 0.452637
vt 0.161133 0.453613
vt 0.170776 0.438477
vt 0.168091 0.447266
vt 0.189575 0.467773
vt 0.156494 0.495605
vt 0.193237 0.473145
vt 0.171143 0.519043
vt 0.203857 0.481934
vt 0.188965 0.532959
vt 0.218262 0.486328
vt 0.259033 0.484863
vt 0.299561 0.483887
vt 0.340332 0.482910
vt 0.381104 0.481445
vt 0.163330 0.807373
vt 0.151245 0.806030
vt 0.156982 0.844482
vt 0.145630 0.843262
vt 0.150635 0.881531
vt 0.140015 0.880432
vt 0.653809 0.560791
vt 0.669434 0.550537
vt 0.669434 0.560791
vt 0.653809 0.550537
vt 0.669434 0.546143
vt 0.653809 0.546143
vt 0.669434 0.541748
vt 0.653809 0.541748
vt 0.653809 0.531250
vt 0.669434 0.531250
vt 0.653809 0.526855
vt 0.669434 0.526855
vt 0.653809 0.522461
vt 0.669434 0.522461
vt 0.653809 0.512207
vt 0.669434 0.512207
vt 0.707520 0.558594
vt 0.723145 0.543457
vt 0.723145 0.558594
vt 0.707520 0.543457
vt 0.723145 0.535645
vt 0.707520 0.535645
vt 0.707520 0.528076
vt 0.723145 0.528076
vt 0.707520 0.512695
vt 0.723145 0.512695
vt 0.723145 0.505127
vt 0.707520 0.505127
vt 0.723145 0.497559
vt 0.707520 0.497559
vt 0.707520 0.481934
vt 0.723145 0.481934
vt 0.670898 0.560791
vt 0.670898 0.550537
vt 0.686523 0.560791
vt 0.686523 0.550537
vt 0.670898 0.546143
vt 0.686523 0.546143
vt 0.670898 0.541748
vt 0.686523 0.541748
vt 0.670898 0.531250
vt 0.686523 0.531250
vt 0.686523 0.526855
vt 0.670898 0.526855
vt 0.686523 0.522461
vt 0.670898 0.522461
vt 0.686523 0.512207
vt 0.670898 0.512207
vt 0.690430 0.558350
vt 0.706055 0.543213
vt 0.706055 0.558350
vt 0.690430 0.543213
vt 0.706543 0.535400
vt 0.690430 0.535400
vt 0.690430 0.527832
vt 0.706543 0.527832
vt 0.690430 0.512451
vt 0.706543 0.512451
vt 0.706543 0.504639
vt 0.690430 0.504639
vt 0.690430 0.497070
vt 0.706543 0.497070
vt 0.706543 0.481934
vt 0.690430 0.481934
vt 0.725098 0.558594
vt 0.741211 0.543457
vt 0.741211 0.558594
vt 0.725098 0.543457
vt 0.741211 0.535645
vt 0.725098 0.535645
vt 0.741211 0.528076
vt 0.725098 0.528076
vt 0.725098 0.512695
vt 0.741211 0.512695
vt 0.725098 0.505127
vt 0.741211 0.505127
vt 0.741211 0.497559
vt 0.725098 0.497559
vt 0.725098 0.481934
vt 0.741211 0.481934
vt 0.619141 0.560547
vt 0.635254 0.550293
vt 0.635254 0.560547
vt 0.619141 0.550293
vt 0.635254 0.545898
vt 0.619141 0.545898
vt 0.635254 0.541504
vt 0.619141 0.541504
vt 0.619141 0.531006
vt 0.635254 0.531006
vt 0.619141 0.526611
vt 0.635254 0.526611
vt 0.619141 0.522461
vt 0.635254 0.522217
vt 0.619141 0.511963
vt 0.635254 0.511963
vt 0.759277 0.481934
vt 0.743164 0.497559
vt 0.743164 0.481934
vt 0.759277 0.497559
vt 0.743164 0.505127
vt 0.759277 0.505127
vt 0.759277 0.512695
vt 0.743164 0.512695
vt 0.759277 0.528076
vt 0.743164 0.528076
vt 0.743164 0.535645
vt 0.759277 0.535645
vt 0.743164 0.543457
vt 0.759277 0.543457
vt 0.759277 0.558594
vt 0.743164 0.558594
vt 0.678223 0.429199
vt 0.690918 0.421387
vt 0.693359 0.429199
vt 0.680664 0.421387
vt 0.670410 0.424316
vt 0.676270 0.418457
vt 0.665039 0.416504
vt 0.673340 0.414062
vt 0.673340 0.403809
vt 0.665039 0.401367
vt 0.676270 0.399414
vt 0.670410 0.393555
vt 0.680664 0.396484
vt 0.678223 0.388184
vt 0.693359 0.388184
vt 0.690918 0.396484
vt 0.741699 0.473145
vt 0.754395 0.464844
vt 0.756836 0.473145
vt 0.744141 0.464844
vt 0.733887 0.467773
vt 0.739746 0.461914
vt 0.736816 0.457520
vt 0.728516 0.459961
vt 0.736816 0.447266
vt 0.728516 0.444824
vt 0.733887 0.437012
vt 0.739746 0.442871
vt 0.744141 0.439941
vt 0.741699 0.432129
vt 0.756836 0.432129
vt 0.754395 0.439941
vt 0.827637 0.759033
vt 0.830566 0.753906
vt 0.812012 0.747803
vt 0.814941 0.801636
vt 0.826172 0.812500
vt 0.850098 0.815308
vt 0.845703 0.871216
vt 0.829102 0.888062
vt 0.840332 0.890015
vt 0.872070 0.816040
vt 0.859375 0.815308
vt 0.867188 0.787720
vt 0.864258 0.779175
vt 0.857910 0.770508
vt 0.851562 0.758301
vt 0.839355 0.674316
vt 0.839355 0.678711
vt 0.826660 0.676758
vt 0.825195 0.682129
vt 0.816895 0.679443
vt 0.817383 0.683838
vt 0.806152 0.679199
vt 0.803711 0.682617
vt 0.803223 0.671143
vt 0.799805 0.667969
vt 0.815918 0.664795
vt 0.815430 0.669434
vt 0.822754 0.666992
vt 0.802246 0.650879
vt 0.791992 0.660156
vt 0.792969 0.647461
vt 0.794922 0.640869
vt 0.834473 0.666992
vt 0.804688 0.644043
vt 0.800781 0.633545
vt 0.809570 0.628662
vt 0.813965 0.651611
vt 0.814941 0.644287
vt 0.828125 0.650879
vt 0.818359 0.632324
vt 0.832031 0.657715
vt 0.825195 0.622070
vt 0.812012 0.615234
vt 0.817871 0.604004
vt 0.832031 0.612061
vt 0.833008 0.630127
vt 0.842773 0.622314
vt 0.849609 0.633789
vt 0.823242 0.636963
vt 0.837891 0.639404
vt 0.852539 0.642578
vt 0.826172 0.643311
vt 0.841309 0.646484
vt 0.844727 0.653320
vt 0.854980 0.650879
vt 0.842285 0.666504
vt 0.875488 0.739014
vt 0.877441 0.725342
vt 0.874512 0.721191
vt 0.880859 0.716064
vt 0.882324 0.721924
vt 0.849121 0.891541
vt 0.845215 0.896790
vt 0.867188 0.760498
vt 0.872559 0.760620
vt 0.869629 0.771362
vt 0.875000 0.770874
vt 0.871582 0.779297
vt 0.876953 0.779053
vt 0.875488 0.808838
vt 0.880371 0.808350
vt 0.879395 0.842285
vt 0.884277 0.841675
vt 0.791016 0.736084
vt 0.739746 0.679932
vt 0.758301 0.676514
vt 0.769531 0.680176
vt 0.779297 0.686768
vt 0.793945 0.700684
vt 0.800293 0.705322
vt 0.758301 0.648682
vt 0.747559 0.646484
vt 0.748535 0.642578
vt 0.756348 0.652832
vt 0.763672 0.662354
vt 0.762207 0.664062
vt 0.773438 0.669922
vt 0.773438 0.667480
vt 0.763672 0.631348
vt 0.754395 0.626465
vt 0.755859 0.624756
vt 0.765137 0.630859
vt 0.771484 0.639648
vt 0.774902 0.637939
vt 0.778320 0.646973
vt 0.780762 0.645508
vt 0.778320 0.658447
vt 0.782715 0.660400
vt 0.769043 0.614746
vt 0.760742 0.610596
vt 0.761230 0.606689
vt 0.771973 0.612549
vt 0.777344 0.621094
vt 0.781738 0.618164
vt 0.786133 0.626709
vt 0.788086 0.621826
vt 0.795898 0.619629
vt 0.792480 0.616699
vt 0.798828 0.610107
vt 0.803223 0.610107
vt 0.784668 0.612305
vt 0.786133 0.607910
vt 0.795898 0.598389
vt 0.777832 0.601074
vt 0.797363 0.595703
vt 0.790527 0.583984
vt 0.770020 0.593506
vt 0.792969 0.583740
vt 0.775391 0.605225
vt 0.766113 0.597412
vt 0.788574 0.654785
vt 0.788574 0.667969
vt 0.785156 0.675781
vt 0.799316 0.669922
vt 0.797852 0.679932
vt 0.729492 0.869141
vt 0.716797 0.871704
vt 0.724609 0.849609
vt 0.711426 0.848511
vt 0.730469 0.830811
vt 0.717285 0.825684
vt 0.743652 0.815796
vt 0.734863 0.802246
vt 0.767578 0.800903
vt 0.763184 0.810791
vt 0.782715 0.815552
vt 0.789062 0.806519
vt 0.805176 0.824829
vt 0.797363 0.829590
vt 0.811035 0.847778
vt 0.802734 0.848999
vt 0.805176 0.869385
vt 0.797363 0.868530
vt 0.846191 0.923218
vt 0.834473 0.923096
vt 0.816406 0.936951
vt 0.815918 0.941467
vt 0.816895 0.934692
vt 0.817383 0.926270
vt 0.833984 0.970398
vt 0.833984 0.965790
vt 0.846191 0.965942
vt 0.846191 0.970535
vt 0.833984 0.972656
vt 0.846191 0.972809
vt 0.833984 0.981155
vt 0.845703 0.981293
vt 0.520020 0.750366
vt 0.518066 0.760254
vt 0.515137 0.751831
vt 0.522949 0.758789
vt 0.521484 0.767334
vt 0.525879 0.765869
vt 0.565918 0.918579
vt 0.550293 0.924133
vt 0.509766 0.777466
vt 0.517578 0.767212
vt 0.505859 0.774780
vt 0.509766 0.762207
vt 0.500977 0.760376
vt 0.500977 0.773926
vt 0.496338 0.774780
vt 0.492188 0.762207
vt 0.484375 0.767212
vt 0.492432 0.777466
vt 0.436279 0.918579
vt 0.451660 0.924133
vt 0.536133 0.960663
vt 0.545898 0.969849
vt 0.546875 0.944519
vt 0.560059 0.948944
vt 0.561523 0.925537
vt 0.483643 0.760254
vt 0.481934 0.750366
vt 0.486572 0.751831
vt 0.479004 0.758789
vt 0.480713 0.767334
vt 0.475830 0.765869
vt 0.465820 0.960663
vt 0.456055 0.969849
vt 0.454834 0.944519
vt 0.441895 0.948944
vt 0.440430 0.925537
vt 0.403320 0.929565
vt 0.410889 0.934692
vt 0.419922 0.936462
vt 0.376709 0.900696
vt 0.365234 0.885376
vt 0.380127 0.892578
vt 0.361084 0.895447
vt 0.374512 0.909241
vt 0.358398 0.906128
vt 0.357178 0.917114
vt 0.373535 0.917969
vt 0.357422 0.928101
vt 0.373779 0.926880
vt 0.375244 0.935669
vt 0.359131 0.939026
vt 0.377441 0.944183
vt 0.362061 0.949585
vt 0.366211 0.959656
vt 0.380859 0.952301
vt 0.371826 0.969070
vt 0.385498 0.959839
vt 0.344482 0.570312
vt 0.392334 0.568604
vt 0.296631 0.572266
vt 0.248779 0.573975
vt 0.200806 0.575928
vt 0.181641 0.563721
vt 0.181030 0.569580
vt 0.179810 0.565918
vt 0.185181 0.589355
vt 0.165405 0.582520
vt 0.176270 0.613037
vt 0.157837 0.614990
vt 0.602051 0.550293
vt 0.618164 0.560547
vt 0.602051 0.560547
vt 0.618164 0.550293
vt 0.618164 0.545898
vt 0.602051 0.545898
vt 0.618164 0.541504
vt 0.602051 0.541504
vt 0.602051 0.531006
vt 0.618164 0.531006
vt 0.602051 0.526855
vt 0.618164 0.526611
vt 0.602051 0.522461
vt 0.618164 0.522217
vt 0.618164 0.511963
vt 0.602051 0.511963
vt 0.693359 0.473145
vt 0.680664 0.464844
vt 0.690918 0.464844
vt 0.678223 0.473145
vt 0.670410 0.467773
vt 0.676270 0.461914
vt 0.673340 0.457520
vt 0.665527 0.459961
vt 0.673340 0.447266
vt 0.665527 0.444824
vt 0.670410 0.437012
vt 0.676270 0.442871
vt 0.680664 0.439941
vt 0.678223 0.432129
vt 0.693359 0.432129
vt 0.690918 0.439941
vt 0.646484 0.464844
vt 0.633301 0.473145
vt 0.635742 0.464844
vt 0.648926 0.473145
vt 0.656250 0.467773
vt 0.650879 0.461914
vt 0.653809 0.457520
vt 0.661621 0.459961
vt 0.653809 0.447266
vt 0.661621 0.444824
vt 0.656250 0.437012
vt 0.650879 0.442871
vt 0.646484 0.439941
vt 0.648926 0.432129
vt 0.633301 0.432129
vt 0.635742 0.439941
vt 0.756836 0.429199
vt 0.744141 0.421387
vt 0.754395 0.421387
vt 0.741699 0.429199
vt 0.733887 0.424316
vt 0.739746 0.418457
vt 0.728516 0.416504
vt 0.736816 0.414062
vt 0.736816 0.403809
vt 0.728516 0.401367
vt 0.739746 0.399414
vt 0.733887 0.393555
vt 0.744141 0.396484
vt 0.741699 0.388184
vt 0.756836 0.388184
vt 0.754395 0.396484
vt 0.885254 0.737305
vt 0.884766 0.743896
vt 0.855469 0.674561
vt 0.856445 0.679688
vt 0.856934 0.683350
vt 0.853027 0.697998
vt 0.860840 0.695557
vt 0.864746 0.707764
vt 0.843750 0.700439
vt 0.856445 0.709961
vt 0.867188 0.724854
vt 0.859375 0.726562
vt 0.868164 0.730957
vt 0.846680 0.713867
vt 0.860840 0.733154
vt 0.867676 0.737305
vt 0.861328 0.740234
vt 0.854980 0.735107
vt 0.846680 0.730469
vt 0.833496 0.717285
vt 0.850586 0.755737
vt 0.858398 0.756104
vt 0.842773 0.755981
vt 0.832520 0.729492
vt 0.817383 0.717773
vt 0.834961 0.699951
vt 0.822266 0.695312
vt 0.811523 0.714600
vt 0.816406 0.694336
vt 0.903320 0.840698
vt 0.893555 0.849976
vt 0.906250 0.849487
vt 0.893066 0.841309
vt 0.882324 0.846191
vt 0.790039 0.887634
vt 0.808105 0.876099
vt 0.812012 0.883728
vt 0.794434 0.895142
vt 0.776367 0.904968
vt 0.770996 0.897705
vt 0.726562 0.683105
vt 0.730469 0.675049
vt 0.746094 0.666748
vt 0.736816 0.661865
vt 0.752441 0.657471
vt 0.743164 0.651123
vt 0.757812 0.667969
vt 0.770020 0.674805
vt 0.687988 0.913269
vt 0.712402 0.919617
vt 0.684570 0.891785
vt 0.848633 0.911621
vt 0.832520 0.914246
vt 0.832520 0.911438
vt 0.848633 0.914429
vt 0.832520 0.920349
vt 0.848633 0.920532
vt 0.832031 0.972626
vt 0.832031 0.981125
vt 0.848145 0.981323
vt 0.848145 0.972824
vt 0.531250 0.925354
vt 0.528809 0.936951
vt 0.522461 0.946747
vt 0.512695 0.953308
vt 0.500977 0.955627
vt 0.489502 0.953308
vt 0.479492 0.946747
vt 0.473145 0.936951
vt 0.470703 0.925354
vt 0.421631 0.666992
vt 0.446533 0.661621
vt 0.400635 0.681152
vt 0.385986 0.703369
vt 0.380859 0.385742
vt 0.372314 0.367188
vt 0.384277 0.367188
vt 0.369141 0.384766
vt 0.374512 0.406250
vt 0.363525 0.403320
vt 0.364258 0.424805
vt 0.354492 0.419922
vt 0.350586 0.441406
vt 0.342041 0.434570
vt 0.333984 0.454590
vt 0.327148 0.446777
vt 0.314941 0.464844
vt 0.310303 0.455566
vt 0.294189 0.471191
vt 0.291748 0.461426
vt 0.272705 0.472168
vt 0.272461 0.462402
vt 0.253174 0.461914
vt 0.251221 0.471680
vt 0.234741 0.457031
vt 0.230469 0.466309
vt 0.217407 0.448730
vt 0.211060 0.457031
vt 0.202026 0.437500
vt 0.193848 0.444336
vt 0.189209 0.423340
vt 0.179565 0.428223
vt 0.179565 0.406738
vt 0.168701 0.409668
vt 0.173096 0.388184
vt 0.161499 0.389648
vt 0.169312 0.370605
vt 0.157349 0.371094
vt 0.887695 0.754761
vt 0.879395 0.758057
vt 0.890137 0.766113
vt 0.882812 0.768066
vt 0.892578 0.776733
vt 0.884277 0.778198
vt 0.888672 0.808472
vt 0.898926 0.808472
vt 0.892090 0.881348
vt 0.878906 0.878540
vt 0.867676 0.876160
vt 0.854004 0.873535
vt 0.783203 0.632812
vt 0.774902 0.627441
vt 0.766602 0.622559
vt 0.757812 0.618164
vt 0.768555 0.647949
vt 0.760254 0.640625
vt 0.750977 0.634521
vt 0.717773 0.693848
vt 0.726562 0.700195
vt 0.711426 0.704590
vt 0.720703 0.711670
vt 0.718750 0.715332
vt 0.709473 0.708252
vt 0.731445 0.727295
vt 0.728516 0.731934
vt 0.755371 0.751709
vt 0.745605 0.742432
vt 0.741699 0.748535
vt 0.755371 0.751953
vt 0.699219 0.726074
vt 0.678223 0.732422
vt 0.693848 0.706055
vt 0.676758 0.705322
vt 0.658203 0.739502
vt 0.694336 0.681885
vt 0.655273 0.705078
vt 0.676758 0.678711
vt 0.679688 0.654785
vt 0.701172 0.658203
vt 0.654297 0.674805
vt 0.638672 0.706299
vt 0.640137 0.743408
vt 0.639160 0.673340
vt 0.656250 0.651367
vt 0.682129 0.633301
vt 0.713379 0.639648
vt 0.708008 0.619873
vt 0.639648 0.649902
vt 0.684082 0.614990
vt 0.704102 0.602783
vt 0.686035 0.602783
vt 0.658203 0.625488
vt 0.660156 0.606934
vt 0.659668 0.587402
vt 0.640137 0.622314
vt 0.639648 0.601807
vt 0.635742 0.574707
vt 0.620117 0.648926
vt 0.620117 0.599854
vt 0.620117 0.573242
vt 0.604004 0.574707
vt 0.620117 0.620605
vt 0.600098 0.601807
vt 0.580078 0.587646
vt 0.600098 0.622314
vt 0.579590 0.606934
vt 0.553711 0.603027
vt 0.600098 0.649902
vt 0.555664 0.615234
vt 0.535645 0.602783
vt 0.531738 0.619873
vt 0.581543 0.625488
vt 0.557617 0.633301
vt 0.526367 0.639648
vt 0.539062 0.658203
vt 0.583984 0.651367
vt 0.560059 0.654785
vt 0.545410 0.682129
vt 0.600586 0.673584
vt 0.585449 0.674805
vt 0.563477 0.678711
vt 0.562988 0.705322
vt 0.546387 0.706299
vt 0.584473 0.705078
vt 0.561523 0.732422
vt 0.541016 0.726074
vt 0.581543 0.739502
vt 0.601074 0.706299
vt 0.600098 0.743408
vt 0.620117 0.672119
vt 0.620117 0.706055
vt 0.620117 0.745605
vt 0.820801 0.923096
vt 0.817871 0.922729
vt 0.821289 0.937561
vt 0.821289 0.942169
vt 0.862793 0.923157
vt 0.859863 0.923523
vt 0.859375 0.937958
vt 0.859375 0.942566
vt 0.793457 0.792603
vt 0.808105 0.794556
vt 0.818848 0.762451
vt 0.806641 0.756348
vt 0.792969 0.751831
vt 0.780762 0.771973
vt 0.783203 0.793213
vt 0.084412 0.932373
vt 0.090088 0.930725
vt 0.090332 0.942291
vt 0.080322 0.936707
vt 0.078857 0.942535
vt 0.080566 0.948334
vt 0.084900 0.952515
vt 0.090637 0.953979
vt 0.012054 0.905090
vt 0.040222 0.922546
vt 0.012077 0.921875
vt 0.040588 0.905823
vt 0.066406 0.924072
vt 0.041443 0.868652
vt 0.012100 0.868042
vt 0.012146 0.830933
vt 0.067322 0.907410
vt 0.088806 0.926453
vt 0.042297 0.831543
vt 0.012192 0.793823
vt 0.069397 0.870239
vt 0.090576 0.909668
vt 0.107788 0.929504
vt 0.094238 0.872437
vt 0.097961 0.835327
vt 0.071533 0.833130
vt 0.101685 0.798096
vt 0.043152 0.794434
vt 0.012238 0.756714
vt 0.073669 0.796021
vt 0.105347 0.760864
vt 0.148682 0.754883
vt 0.131714 0.744629
vt 0.107361 0.743164
vt 0.075745 0.758911
vt 0.077148 0.741211
vt 0.044708 0.739746
vt 0.044006 0.757324
vt 0.012306 0.739014
vt 0.771973 0.767822
vt 0.772949 0.783203
vt 0.772461 0.767944
vt 0.772461 0.767456
vt 0.775391 0.800171
vt 0.790039 0.741455
vt 0.793457 0.801270
vt 0.169189 0.625732
vt 0.204102 0.632568
vt 0.171143 0.640137
vt 0.202148 0.617432
vt 0.173218 0.648926
vt 0.237061 0.625000
vt 0.235107 0.608887
vt 0.205811 0.642090
vt 0.175171 0.657715
vt 0.238647 0.635254
vt 0.208130 0.654541
vt 0.179199 0.676758
vt 0.269775 0.617188
vt 0.268066 0.600342
vt 0.211792 0.674561
vt 0.182739 0.697021
vt 0.241089 0.651367
vt 0.271484 0.628662
vt 0.244385 0.672363
vt 0.273926 0.647949
vt 0.215088 0.695801
vt 0.218018 0.717773
vt 0.185913 0.718506
vt 0.247437 0.694336
vt 0.220215 0.740479
vt 0.188354 0.740967
vt 0.250000 0.717041
vt 0.251953 0.740234
vt 0.221558 0.763672
vt 0.189819 0.763916
vt 0.253174 0.763550
vt 0.221802 0.787109
vt 0.190308 0.786987
vt 0.189697 0.810181
vt 0.253174 0.787109
vt 0.221436 0.810425
vt 0.188110 0.833008
vt 0.284668 0.787231
vt 0.219971 0.833618
vt 0.185669 0.855469
vt 0.253174 0.810791
vt 0.217773 0.856445
vt 0.182495 0.877014
vt 0.251953 0.834229
vt 0.284912 0.811035
vt 0.284912 0.763306
vt 0.316162 0.787231
vt 0.283936 0.739746
vt 0.316650 0.763184
vt 0.282227 0.716064
vt 0.315918 0.739258
vt 0.337646 0.787354
vt 0.338623 0.763062
vt 0.337646 0.738770
vt 0.316650 0.811401
vt 0.338379 0.811646
vt 0.314209 0.715332
vt 0.336182 0.714844
vt 0.279785 0.693115
vt 0.312012 0.691650
vt 0.334229 0.690674
vt 0.277100 0.670410
vt 0.309570 0.668213
vt 0.332031 0.666748
vt 0.329590 0.642578
vt 0.306885 0.644775
vt 0.304199 0.622070
vt 0.326904 0.617432
vt 0.302734 0.609619
vt 0.325928 0.604248
vt 0.322998 0.599854
vt 0.301025 0.591797
vt 0.313477 0.593262
vt 0.315674 0.835449
vt 0.337402 0.835815
vt 0.283691 0.834839
vt 0.313965 0.859253
vt 0.335938 0.859863
vt 0.281738 0.858276
vt 0.249878 0.857422
vt 0.311768 0.882874
vt 0.333984 0.883850
vt 0.279541 0.881409
vt 0.309326 0.906311
vt 0.331543 0.907837
vt 0.328857 0.932068
vt 0.247192 0.879944
vt 0.276611 0.904053
vt 0.306396 0.929749
vt 0.214844 0.878479
vt 0.244019 0.901794
vt 0.211426 0.899597
vt 0.178711 0.897339
vt 0.273438 0.926392
vt 0.240601 0.923035
vt 0.207642 0.919617
vt 0.174683 0.916260
vt 0.270752 0.945831
vt 0.238037 0.938995
vt 0.205322 0.932129
vt 0.172607 0.925049
vt 0.203491 0.941559
vt 0.170654 0.933838
vt 0.168579 0.948181
vt 0.201538 0.956818
vt 0.236450 0.949341
vt 0.234497 0.965424
vt 0.269287 0.957123
vt 0.267334 0.974060
vt 0.303711 0.952576
vt 0.326172 0.957062
vt 0.302246 0.964905
vt 0.300293 0.982697
vt 0.325195 0.970352
vt 0.312744 0.981171
vt 0.322266 0.974716
vt 0.112793 0.377441
vt 0.110840 0.383789
vt 0.111389 0.371094
vt 0.106018 0.388184
vt 0.106934 0.365723
vt 0.099426 0.389648
vt 0.101013 0.364258
vt 0.093323 0.388184
vt 0.094543 0.365723
vt 0.089111 0.383301
vt 0.089661 0.370117
vt 0.087769 0.376465
vt 0.636719 0.822021
vt 0.646484 0.816650
vt 0.651367 0.836182
vt 0.631348 0.802612
vt 0.656738 0.826782
vt 0.642578 0.802734
vt 0.670898 0.841675
vt 0.645996 0.788696
vt 0.670410 0.830322
vt 0.636719 0.783203
vt 0.684570 0.826660
vt 0.656250 0.778198
vt 0.690430 0.836060
vt 0.650879 0.769043
vt 0.694824 0.816406
vt 0.670410 0.763428
vt 0.704590 0.821777
vt 0.670410 0.774780
vt 0.709473 0.802246
vt 0.684570 0.778076
vt 0.698730 0.802368
vt 0.689941 0.768921
vt 0.694824 0.788452
vt 0.704102 0.782837
vt 0.951172 0.648438
vt 0.944336 0.652344
vt 0.953125 0.661133
vt 0.941895 0.640381
vt 0.957031 0.654297
vt 0.949219 0.640625
vt 0.964844 0.664551
vt 0.951660 0.632568
vt 0.964844 0.656494
vt 0.944824 0.628662
vt 0.973145 0.654541
vt 0.953613 0.620117
vt 0.976562 0.661377
vt 0.957520 0.626953
vt 0.979004 0.648926
vt 0.965332 0.616943
vt 0.985352 0.652832
vt 0.965332 0.625000
vt 0.988770 0.641113
vt 0.973145 0.627197
vt 0.980957 0.640869
vt 0.977539 0.620361
vt 0.979004 0.633057
vt 0.985840 0.629150
vt 0.163330 0.444336
vt 0.158569 0.448730
vt 0.152100 0.450195
vt 0.165161 0.437988
vt 0.145386 0.448242
vt 0.163696 0.431641
vt 0.141479 0.443848
vt 0.140137 0.437012
vt 0.159424 0.426758
vt 0.153198 0.425293
vt 0.141968 0.430664
vt 0.146851 0.426758
vt 0.972168 0.546143
vt 0.984375 0.542969
vt 0.972168 0.541504
vt 0.959473 0.542969
vt 0.981934 0.538818
vt 0.961914 0.538818
vt 0.993164 0.533936
vt 0.954590 0.531494
vt 0.989258 0.531494
vt 0.950684 0.533936
vt 0.991699 0.521484
vt 0.947266 0.521484
vt 0.996582 0.521484
vt 0.952148 0.521484
vt 0.993164 0.509277
vt 0.954590 0.511475
vt 0.989258 0.511475
vt 0.950684 0.509277
vt 0.981934 0.504150
vt 0.959473 0.500244
vt 0.984375 0.500244
vt 0.961914 0.504150
vt 0.972168 0.501465
vt 0.972168 0.497070
vt 0.973145 0.562744
vt 0.985352 0.561279
vt 0.973145 0.558105
vt 0.960938 0.561279
vt 0.982910 0.565430
vt 0.962891 0.565430
vt 0.994629 0.570312
vt 0.955566 0.572754
vt 0.990234 0.572754
vt 0.951660 0.570312
vt 0.997559 0.582764
vt 0.948242 0.582764
vt 0.993164 0.582764
vt 0.953125 0.582764
vt 0.990234 0.592773
vt 0.955566 0.592773
vt 0.994629 0.594971
vt 0.951660 0.594971
vt 0.982910 0.600098
vt 0.960938 0.604004
vt 0.985352 0.604004
vt 0.962891 0.600098
vt 0.973145 0.602783
vt 0.973145 0.607422
vt 0.938965 0.655518
vt 0.949707 0.666748
vt 0.964844 0.671143
vt 0.935059 0.640381
vt 0.979980 0.667236
vt 0.938965 0.625244
vt 0.991211 0.656250
vt 0.995605 0.641113
vt 0.950195 0.614258
vt 0.965820 0.610352
vt 0.991699 0.625977
vt 0.980957 0.614746
vt 0.632812 0.987923
vt 0.639160 0.973755
vt 0.644043 0.976685
vt 0.648438 0.961334
vt 0.629883 0.982864
vt 0.642578 0.961334
vt 0.617676 0.992043
vt 0.639160 0.948883
vt 0.617676 0.986198
vt 0.644043 0.945953
vt 0.604980 0.982864
vt 0.632812 0.934753
vt 0.602051 0.987923
vt 0.629883 0.939789
vt 0.596191 0.973755
vt 0.617676 0.930603
vt 0.590820 0.976685
vt 0.617676 0.936462
vt 0.586914 0.961334
vt 0.604980 0.939789
vt 0.592773 0.961334
vt 0.602051 0.934753
vt 0.596191 0.948883
vt 0.590820 0.945953
vt 0.634766 0.972244
vt 0.626465 0.977295
vt 0.627441 0.979614
vt 0.617676 0.982315
vt 0.632812 0.970917
vt 0.617676 0.979645
vt 0.637695 0.962189
vt 0.608887 0.977295
vt 0.634766 0.962189
vt 0.607422 0.979614
vt 0.634766 0.952148
vt 0.600098 0.972244
vt 0.632812 0.953491
vt 0.602539 0.970917
vt 0.626465 0.947083
vt 0.597168 0.962189
vt 0.627441 0.944763
vt 0.600098 0.962189
vt 0.617676 0.944763
vt 0.600098 0.952148
vt 0.617676 0.942078
vt 0.602539 0.953491
vt 0.607422 0.944763
vt 0.608887 0.947083
vt 0.017654 0.944092
vt 0.017517 0.939087
vt 0.027039 0.940826
vt 0.020569 0.948395
vt 0.019806 0.934387
vt 0.025238 0.950684
vt 0.024170 0.931213
vt 0.030045 0.950256
vt 0.028839 0.930908
vt 0.034332 0.947357
vt 0.033508 0.933289
vt 0.036591 0.942719
vt 0.036285 0.937561
vt 0.054230 0.932312
vt 0.059479 0.932068
vt 0.056824 0.942719
vt 0.049347 0.935181
vt 0.064148 0.934937
vt 0.046570 0.940094
vt 0.066956 0.939789
vt 0.046570 0.945709
vt 0.066956 0.945312
vt 0.049438 0.950592
vt 0.064270 0.950165
vt 0.054352 0.953400
vt 0.059448 0.953064
vt 0.670410 0.802490
vt 0.763184 0.849365
vt 0.783203 0.883240
vt 0.965332 0.640625
vt 0.617676 0.962189
vt 0.523438 0.915527
vt 0.525391 0.924866
vt 0.500977 0.925110
vt 0.518555 0.907593
vt 0.523438 0.934143
vt 0.510254 0.902283
vt 0.518555 0.942047
vt 0.500977 0.900452
vt 0.510254 0.947327
vt 0.491943 0.902283
vt 0.500977 0.949188
vt 0.483887 0.907593
vt 0.491943 0.947327
vt 0.478516 0.915527
vt 0.483887 0.942047
vt 0.476807 0.924866
vt 0.478760 0.934143
s 1
usemtl Arm
f 1/1/1 2/2/1 3/3/1
f 4/2/2 5/1/2 6/4/2
f 7/3/3 8/2/3 9/5/4
f 10/6/5 11/4/6 12/1/7
f 13/7/8 14/8/8 15/9/8
f 16/8/9 17/7/8 18/10/8
f 19/11/10 20/12/10 21/13/10
f 22/12/11 23/11/11 24/14/11
f 25/15/12 26/16/12 27/17/12
f 28/17/13 29/11/13 30/15/13
f 31/18/14 32/19/14 33/16/14
f 34/16/15 35/15/15 36/18/15
f 37/11/16 38/17/16 39/14/16
f 40/20/17 41/12/17 42/21/17
f 43/1/18 44/2/19 45/4/18
f 46/2/20 47/1/20 48/3/20
f 49/3/21 50/5/21 51/2/21
f 52/6/22 53/1/23 54/4/24
f 55/8/8 56/10/8 57/7/8
f 58/8/8 59/7/8 60/9/8
f 61/14/25 62/11/25 63/12/25
f 64/12/26 65/11/26 66/13/27
f 67/16/28 68/15/28 69/17/28
f 70/11/29 71/17/29 72/15/29
f 73/15/30 74/16/30 75/18/30
f 76/16/31 77/19/31 78/18/31
f 79/11/32 80/14/33 81/17/32
f 82/20/34 83/21/34 84/12/34
f 85/22/35 86/23/35 87/24/35
f 88/24/36 89/25/36 90/22/36
f 91/26/37 92/22/38 93/25/38
f 94/27/39 95/28/39 96/29/39
f 97/29/40 98/28/40 99/30/40
f 100/31/41 101/32/42 102/33/42
f 103/32/43 104/31/43 105/34/43
f 106/23/44 107/22/44 108/24/44
f 109/24/45 110/22/45 111/25/45
f 112/26/46 113/25/46 114/22/46
f 115/29/47 116/30/47 117/28/47
f 118/29/48 119/28/48 120/27/48
f 121/32/49 122/31/49 123/33/49
f 124/31/50 125/32/50 126/34/50
f 127/35/51 128/36/51 129/37/52
f 130/36/53 131/35/53 132/38/53
f 133/39/54 134/40/54 135/41/54
f 136/36/55 137/42/55 138/43/55
f 139/43/56 140/42/56 141/44/56
f 142/36/57 143/35/58 144/37/58
f 145/35/59 146/36/60 147/38/60
f 148/42/61 149/36/61 150/43/61
f 151/43/62 152/44/62 153/42/62
f 154/45/63 155/46/63 156/47/63
f 157/48/64 158/49/65 159/50/66
f 160/51/67 161/52/68 162/53/69
f 163/54/70 164/55/70 165/56/70
f 166/55/71 167/54/72 168/57/71
f 169/58/73 170/59/73 171/60/73
f 172/59/74 173/61/74 174/60/74
f 175/60/75 176/62/73 177/58/75
f 178/62/76 179/60/76 180/63/76
f 181/57/72 182/64/72 183/55/72
f 184/65/77 185/55/77 186/64/77
f 187/55/78 188/54/78 189/57/78
f 190/54/79 191/55/80 192/56/80
f 193/61/81 194/60/82 195/59/81
f 196/59/83 197/60/84 198/58/84
f 199/55/85 200/66/85 201/67/85
f 202/66/86 203/55/86 204/57/86
f 205/68/87 206/57/87 207/69/87
f 208/58/88 209/69/88 210/57/88
f 211/70/89 212/58/89 213/60/89
f 214/70/90 215/60/90 216/71/90
f 217/72/91 218/73/92 219/74/92
f 220/74/93 221/73/93 222/75/93
f 223/76/94 224/77/94 225/78/94
f 226/78/94 227/79/94 228/76/94
f 229/80/95 230/81/95 231/82/95
f 232/83/96 233/84/96 234/85/96
f 235/84/97 236/83/97 237/86/97
f 238/87/98 239/86/99 240/83/98
f 241/87/100 242/83/100 243/88/100
f 244/80/95 245/82/95 246/81/95
f 247/84/101 248/83/101 249/85/102
f 250/83/103 251/84/103 252/86/103
f 253/87/104 254/88/104 255/83/104
f 256/83/105 257/86/106 258/87/106
f 259/89/107 260/90/107 261/91/107
f 260/90/107 262/92/108 261/91/107
f 263/91/109 264/93/110 265/89/109
f 264/93/110 263/91/109 266/94/111
f 267/18/112 268/95/113 269/19/114
f 269/19/114 268/95/113 270/96/115
f 271/91/116 272/92/117 273/90/116
f 271/91/116 273/90/116 274/89/118
f 275/91/119 276/93/119 277/94/119
f 276/93/119 275/91/119 278/89/120
f 279/95/113 280/18/121 281/19/122
f 279/95/113 281/19/122 282/96/115
f 283/97/123 284/27/124 285/98/125
f 285/98/125 284/27/124 286/29/126
f 287/98/125 288/29/127 289/27/128
f 287/98/125 289/27/128 290/97/123
f 291/99/129 292/52/68 293/51/130
f 291/99/129 293/51/130 294/100/131
f 295/54/132 296/59/132 297/58/132
f 297/58/132 298/57/132 295/54/132
f 299/73/133 300/101/133 301/75/134
f 301/75/134 300/101/133 302/102/133
f 303/103/135 304/104/136 305/105/136
f 306/106/135 304/104/136 303/103/135
f 307/77/137 308/107/137 309/78/137
f 308/107/137 307/77/137 310/108/137
f 311/104/136 312/109/138 313/105/136
f 312/109/138 311/104/136 314/110/139
f 315/81/140 316/111/141 317/112/141
f 316/111/141 315/81/140 318/80/140
f 319/88/142 320/113/142 321/114/142
f 319/88/142 321/114/142 322/87/142
f 323/81/140 324/111/140 325/80/140
f 324/111/140 323/81/140 326/112/140
f 327/88/143 328/114/143 329/113/144
f 327/88/143 330/87/145 328/114/143
f 331/115/146 332/116/147 333/13/148
f 334/20/149 331/115/146 333/13/148
f 333/13/148 335/12/150 334/20/149
f 336/3/151 337/1/152 338/117/153
f 337/1/152 339/118/154 338/117/153
f 339/118/154 340/119/155 338/117/153
f 339/118/154 341/120/156 340/119/155
f 340/119/155 341/120/156 342/121/157
f 341/120/156 343/122/158 342/121/157
f 341/120/156 344/123/156 343/122/158
f 343/122/158 344/123/156 345/124/151
f 344/123/156 346/125/159 345/124/151
f 347/126/160 346/125/159 344/123/156
f 346/125/159 347/126/160 348/127/161
f 349/128/162 346/125/159 348/127/161
f 350/129/163 351/5/164 352/3/165
f 352/3/165 353/130/166 350/129/163
f 354/117/167 353/130/166 352/3/165
f 354/117/167 355/131/168 353/130/166
f 356/119/169 355/131/168 354/117/167
f 355/131/168 356/119/169 357/132/170
f 358/121/171 357/132/170 356/119/169
f 357/132/170 358/121/171 359/133/172
f 360/122/173 359/133/172 358/121/171
f 359/133/172 360/122/173 361/134/174
f 362/124/175 361/134/174 360/122/173
f 361/134/174 362/124/175 363/135/176
f 364/125/177 363/135/176 362/124/175
f 363/135/176 364/125/177 365/136/178
f 366/128/179 365/136/178 364/125/177
f 365/136/178 366/128/179 367/137/179
f 368/138/180 369/139/180 370/140/181
f 370/140/181 371/141/182 368/138/180
f 372/142/183 371/141/182 370/140/181
f 371/141/182 372/142/183 373/143/184
f 374/144/185 373/143/184 372/142/183
f 373/143/184 374/144/185 375/145/186
f 376/146/187 375/145/186 374/144/185
f 375/145/186 376/146/187 377/147/188
f 377/147/188 376/146/187 378/148/189
f 378/148/189 376/146/187 379/149/190
f 378/148/189 379/149/190 380/150/191
f 381/151/192 380/150/191 379/149/190
f 381/151/192 382/152/193 380/150/191
f 382/152/193 381/151/192 383/153/193
f 384/154/194 385/155/195 386/156/196
f 385/155/195 387/157/197 386/156/196
f 388/158/198 386/156/196 387/157/197
f 388/158/198 387/157/197 389/159/194
f 389/159/194 390/160/199 388/158/198
f 390/160/199 389/159/194 391/161/194
f 392/162/197 390/160/199 391/161/194
f 390/160/199 392/162/197 393/163/194
f 394/164/194 393/163/194 392/162/197
f 393/163/194 394/164/194 395/165/197
f 396/166/196 395/165/197 394/164/194
f 395/165/197 396/166/196 397/167/196
f 398/168/194 397/167/196 396/166/196
f 397/167/196 398/168/194 399/169/194
f 400/170/200 401/171/200 402/172/200
f 401/171/200 403/173/200 402/172/200
f 404/174/200 402/172/200 403/173/200
f 404/174/200 403/173/200 405/175/200
f 406/176/201 404/174/200 405/175/200
f 404/174/200 406/176/201 407/177/200
f 406/176/201 408/178/200 407/177/200
f 408/178/200 406/176/201 409/179/200
f 408/178/200 409/179/200 410/180/200
f 409/179/200 411/181/200 410/180/200
f 412/182/200 410/180/200 411/181/200
f 410/180/200 412/182/200 413/183/200
f 414/184/200 413/183/200 412/182/200
f 413/183/200 414/184/200 415/185/200
f 416/186/202 417/187/202 418/188/203
f 417/187/202 419/189/203 418/188/203
f 420/190/204 418/188/203 419/189/203
f 420/190/204 419/189/203 421/191/202
f 421/191/202 422/192/202 420/190/204
f 422/192/202 421/191/202 423/193/202
f 424/194/202 422/192/202 423/193/202
f 422/192/202 424/194/202 425/195/202
f 426/196/202 425/195/202 424/194/202
f 425/195/202 426/196/202 427/197/204
f 428/198/202 427/197/204 426/196/202
f 427/197/204 428/198/202 429/199/202
f 428/198/202 430/200/202 429/199/202
f 430/200/202 428/198/202 431/201/202
f 432/202/205 433/203/206 434/204/207
f 435/205/208 434/204/207 433/203/206
f 434/204/207 435/205/208 436/206/209
f 435/205/208 437/207/210 436/206/209
f 438/208/211 439/209/212 440/210/213
f 440/210/213 441/211/214 438/208/211
f 441/211/214 440/210/213 442/212/215
f 442/212/215 443/213/216 441/211/214
f 443/213/216 442/212/215 444/214/217
f 444/214/217 445/215/218 443/213/216
f 445/215/218 444/214/217 446/216/219
f 447/217/220 448/218/221 449/219/222
f 447/217/220 449/219/222 450/220/223
f 451/221/224 450/220/223 449/219/222
f 450/220/223 451/221/224 452/222/225
f 453/223/226 454/224/227 455/225/228
f 456/226/229 453/223/226 455/225/228
f 455/225/228 457/227/230 456/226/229
f 458/228/231 456/226/229 457/227/230
f 459/229/232 460/230/233 461/231/234
f 461/231/234 462/232/235 459/229/232
f 462/232/235 461/231/234 463/233/236
f 463/233/236 464/234/237 462/232/235
f 464/234/237 463/233/236 465/235/238
f 466/236/239 464/234/237 465/235/238
f 466/236/239 465/235/238 467/237/240
f 466/236/239 467/237/240 468/238/241
f 469/239/242 470/36/242 471/38/243
f 469/239/242 471/38/243 472/240/244
f 472/240/244 471/38/243 473/241/245
f 472/240/244 473/241/245 474/242/246
f 474/242/246 473/241/245 475/243/247
f 474/242/246 475/243/247 476/244/247
f 477/245/248 478/246/249 479/247/250
f 479/247/250 478/246/249 480/248/251
f 481/249/252 479/247/250 480/248/251
f 480/248/251 482/250/253 481/249/252
f 482/250/253 480/248/251 483/251/254
f 483/251/254 484/252/255 482/250/253
f 483/251/254 485/253/256 484/252/255
f 484/252/255 486/254/257 482/250/253
f 487/255/258 488/256/259 489/257/260
f 490/258/261 489/257/260 488/256/259
f 490/258/261 491/259/262 489/257/260
f 490/258/261 492/260/263 491/259/262
f 492/260/263 490/258/261 493/261/264
f 492/260/263 493/261/264 494/262/265
f 494/262/265 493/261/264 495/263/266
f 490/258/261 496/264/267 493/261/264
f 496/264/267 495/263/266 493/261/264
f 495/263/266 496/264/267 497/265/268
f 490/258/261 498/266/269 496/264/267
f 499/267/270 498/266/269 490/258/261
f 500/268/271 498/266/269 499/267/270
f 501/269/272 500/268/271 499/267/270
f 500/268/271 501/269/272 502/270/273
f 503/228/274 504/227/275 505/226/276
f 504/227/275 506/225/277 505/226/276
f 505/226/276 506/225/277 507/223/278
f 507/223/278 506/225/277 508/224/279
f 509/49/280 510/48/64 511/271/281
f 512/272/282 509/49/280 511/271/281
f 511/271/281 513/273/283 512/272/282
f 513/273/283 514/274/284 512/272/282
f 514/274/284 513/273/283 515/275/285
f 515/275/285 516/45/286 514/274/284
f 516/45/286 515/275/285 517/46/287
f 518/276/288 519/277/289 520/278/290
f 521/279/291 518/276/288 520/278/290
f 521/279/291 520/278/290 522/280/292
f 523/281/293 521/279/291 522/280/292
f 521/279/291 523/281/293 524/282/294
f 525/283/295 524/282/294 523/281/293
f 523/281/293 526/284/296 525/283/295
f 527/285/297 525/283/295 526/284/296
f 526/284/296 528/47/298 527/285/297
f 529/46/299 527/285/297 528/47/298
f 530/286/300 531/287/301 532/288/302
f 530/286/300 532/288/302 533/289/303
f 533/289/303 532/288/302 534/290/304
f 533/289/303 534/290/304 535/291/305
f 535/291/305 534/290/304 536/292/306
f 535/291/305 536/292/306 537/293/307
f 538/294/308 537/293/307 536/292/306
f 539/295/309 537/293/307 538/294/308
f 540/296/310 539/295/309 538/294/308
f 541/297/311 539/295/309 540/296/310
f 542/298/312 541/297/311 540/296/310
f 541/297/311 542/298/312 543/299/313
f 544/300/314 543/299/313 542/298/312
f 543/299/313 544/300/314 545/301/315
f 545/301/315 544/300/314 546/302/316
f 545/301/315 546/302/316 547/303/317
f 547/303/317 546/302/316 548/304/318
f 547/303/317 548/304/318 549/305/319
f 549/305/319 548/304/318 550/306/320
f 549/305/319 550/306/320 551/307/321
f 551/307/321 550/306/320 552/308/322
f 551/307/321 552/308/322 553/309/323
f 553/309/323 552/308/322 554/310/324
f 553/309/323 554/310/324 555/311/325
f 556/312/300 557/313/326 558/314/302
f 556/312/300 558/314/302 559/315/327
f 559/315/327 558/314/302 560/316/304
f 559/315/327 560/316/304 561/317/305
f 561/317/305 560/316/304 562/318/306
f 561/317/305 562/318/306 563/319/307
f 563/319/307 562/318/306 564/320/194
f 563/319/307 564/320/194 565/321/309
f 566/322/310 565/321/309 564/320/194
f 565/321/309 566/322/310 567/323/311
f 568/324/312 567/323/311 566/322/310
f 568/324/312 569/325/313 567/323/311
f 569/325/313 568/324/312 570/326/314
f 569/325/313 570/326/314 571/327/315
f 571/327/315 570/326/314 572/328/316
f 571/327/315 572/328/316 573/329/317
f 573/329/317 572/328/316 574/330/318
f 573/329/317 574/330/318 575/331/328
f 575/331/328 574/330/318 576/332/329
f 575/331/328 576/332/329 577/333/321
f 577/333/321 576/332/329 578/334/322
f 577/333/321 578/334/322 579/335/323
f 579/335/323 578/334/322 580/336/324
f 579/335/323 580/336/324 581/337/325
f 582/338/300 583/339/301 584/340/302
f 582/338/300 584/340/302 585/341/303
f 585/341/303 584/340/302 586/342/330
f 585/341/303 586/342/330 587/343/331
f 587/343/331 586/342/330 588/344/306
f 587/343/331 588/344/306 589/345/307
f 590/346/332 589/345/307 588/344/306
f 591/347/309 589/345/307 590/346/332
f 592/348/333 591/347/309 590/346/332
f 593/349/334 591/347/309 592/348/333
f 594/350/335 593/349/334 592/348/333
f 595/351/313 593/349/334 594/350/335
f 596/352/314 595/351/313 594/350/335
f 597/353/315 595/351/313 596/352/314
f 597/353/315 596/352/314 598/354/336
f 597/353/315 598/354/336 599/355/337
f 599/355/337 598/354/336 600/356/338
f 599/355/337 600/356/338 601/357/319
f 601/357/319 600/356/338 602/358/329
f 601/357/319 602/358/329 603/359/321
f 603/359/321 602/358/329 604/360/339
f 603/359/321 604/360/339 605/361/340
f 605/361/340 604/360/339 606/362/341
f 605/361/340 606/362/341 607/363/325
f 608/364/342 609/365/343 610/366/334
f 611/367/333 610/366/334 609/365/343
f 610/366/334 611/367/333 612/368/309
f 613/369/194 612/368/309 611/367/333
f 612/368/309 613/369/194 614/370/307
f 615/371/306 614/370/307 613/369/194
f 615/371/306 616/372/331 614/370/307
f 616/372/331 615/371/306 617/373/330
f 617/373/330 618/374/344 616/372/331
f 618/374/344 617/373/330 619/375/345
f 620/376/346 618/374/344 619/375/345
f 618/374/344 620/376/346 621/377/347
f 622/378/340 621/377/347 620/376/346
f 621/377/347 622/378/340 623/379/339
f 624/380/321 623/379/339 622/378/340
f 623/379/339 624/380/321 625/381/329
f 626/382/319 625/381/329 624/380/321
f 625/381/329 626/382/319 627/383/318
f 628/384/337 627/383/318 626/382/319
f 627/383/318 628/384/337 629/385/336
f 630/386/348 629/385/336 628/384/337
f 629/385/336 630/386/348 631/387/349
f 631/387/349 630/386/348 632/388/350
f 633/389/312 632/388/350 630/386/348
f 634/390/342 635/391/351 636/392/334
f 635/391/351 637/393/333 636/392/334
f 636/392/334 637/393/333 638/394/309
f 637/393/333 639/395/194 638/394/309
f 639/395/194 640/396/307 638/394/309
f 640/396/307 639/395/194 641/397/306
f 641/397/306 642/398/305 640/396/307
f 642/398/305 641/397/306 643/399/330
f 643/399/330 644/400/303 642/398/305
f 644/400/303 643/399/330 645/401/302
f 645/401/302 646/402/352 644/400/303
f 646/402/352 645/401/302 647/403/352
f 648/404/340 646/402/352 647/403/352
f 646/402/352 648/404/340 649/405/339
f 650/406/321 649/405/339 648/404/340
f 649/405/339 650/406/321 651/407/329
f 652/408/353 651/407/329 650/406/321
f 651/407/329 652/408/353 653/409/354
f 652/408/353 654/410/337 653/409/354
f 654/410/337 652/408/353 655/411/316
f 655/411/316 656/412/315 654/410/337
f 656/412/315 655/411/316 657/413/314
f 657/413/314 658/414/350 656/412/315
f 658/414/350 657/413/314 659/415/355
f 660/416/356 661/417/356 662/418/357
f 662/418/357 663/419/358 660/416/356
f 662/418/357 664/420/359 663/419/358
f 664/420/359 665/421/360 663/419/358
f 666/417/361 667/416/361 668/422/362
f 668/422/362 669/423/363 666/417/361
f 669/423/363 668/422/362 670/424/364
f 670/424/364 671/425/364 669/423/363
f 670/424/364 672/54/365 671/425/364
f 672/54/365 670/424/364 673/59/365
f 674/426/366 675/56/366 676/427/366
f 676/427/366 675/56/366 677/55/366
f 676/427/366 677/55/366 678/428/366
f 679/67/366 678/428/366 677/55/366
f 678/428/366 679/67/366 680/429/366
f 681/430/367 682/431/367 683/432/368
f 684/433/369 681/430/367 683/432/368
f 685/434/368 684/433/369 683/432/368
f 685/434/368 686/435/368 684/433/369
f 686/435/368 685/434/368 687/436/368
f 688/437/369 686/435/368 687/436/368
f 686/435/368 688/437/369 689/438/368
f 688/437/369 690/439/368 689/438/368
f 689/438/368 690/439/368 691/440/367
f 691/440/367 690/439/368 692/441/370
f 693/442/371 694/443/372 695/444/373
f 694/443/372 693/442/371 696/445/374
f 696/445/374 697/446/375 694/443/372
f 697/446/375 696/445/374 698/447/376
f 698/447/376 699/448/377 697/446/375
f 699/448/377 698/447/376 700/449/378
f 700/449/378 701/450/379 699/448/377
f 701/450/379 700/449/378 702/451/380
f 703/452/381 701/450/379 702/451/380
f 701/450/379 703/452/381 704/453/382
f 705/454/383 704/453/382 703/452/381
f 705/454/383 703/452/381 706/455/384
f 707/456/385 705/454/383 706/455/384
f 705/454/383 707/456/385 708/457/386
f 709/458/387 708/457/386 707/456/385
f 708/457/386 709/458/387 710/459/388
f 711/460/389 710/459/388 709/458/387
f 710/459/388 711/460/389 712/461/390
f 713/462/391 712/461/390 711/460/389
f 712/461/390 713/462/391 714/463/392
f 715/117/393 716/1/152 717/3/151
f 716/1/152 715/117/393 718/118/394
f 718/118/394 715/117/393 719/119/395
f 718/118/394 719/119/395 720/120/156
f 719/119/395 721/121/396 720/120/156
f 720/120/156 721/121/396 722/122/397
f 720/120/156 722/122/397 723/123/156
f 722/122/397 724/124/151 723/123/156
f 723/123/156 724/124/151 725/125/398
f 726/126/160 723/123/156 725/125/398
f 726/126/160 725/125/398 727/127/161
f 727/127/161 725/125/398 728/128/399
f 729/129/400 730/3/401 731/5/402
f 732/130/403 730/3/401 729/129/400
f 733/117/404 730/3/401 732/130/403
f 733/117/404 732/130/403 734/131/405
f 734/131/405 735/119/406 733/117/404
f 735/119/406 734/131/405 736/132/407
f 736/132/407 737/121/408 735/119/406
f 737/121/408 736/132/407 738/133/409
f 738/133/409 739/122/410 737/121/408
f 739/122/410 738/133/409 740/134/411
f 740/134/411 741/124/412 739/122/410
f 741/124/412 740/134/411 742/135/413
f 742/135/413 743/125/414 741/124/412
f 743/125/414 742/135/413 744/136/415
f 744/136/415 745/128/179 743/125/414
f 745/128/179 744/136/415 746/137/179
f 747/464/416 748/10/417 749/7/417
f 748/10/417 747/464/416 750/465/418
f 750/465/418 747/464/416 751/466/156
f 752/467/419 750/465/418 751/466/156
f 751/466/156 753/468/156 752/467/419
f 754/469/420 752/467/419 753/468/156
f 755/470/160 754/469/420 753/468/156
f 754/469/420 755/470/160 756/471/113
f 757/472/421 758/473/422 759/474/423
f 758/473/422 757/472/421 760/475/424
f 761/476/425 760/475/424 757/472/421
f 760/475/424 761/476/425 762/477/426
f 762/477/426 761/476/425 763/478/427
f 761/476/425 764/479/428 763/478/427
f 764/479/428 765/480/429 763/478/427
f 764/479/428 766/481/430 765/480/429
f 767/482/431 765/480/429 766/481/430
f 766/481/430 768/483/432 767/482/431
f 769/484/433 767/482/431 768/483/432
f 768/483/432 770/485/434 769/484/433
f 771/486/435 769/484/433 770/485/434
f 770/485/434 772/487/436 771/486/435
f 773/488/437 771/486/435 772/487/436
f 774/489/438 775/490/439 776/491/439
f 776/491/439 777/492/440 774/489/438
f 778/493/441 774/489/438 777/492/440
f 777/492/440 779/494/442 778/493/441
f 780/495/443 778/493/441 779/494/442
f 779/494/442 781/496/444 780/495/443
f 782/497/445 780/495/443 781/496/444
f 781/496/444 783/498/446 782/497/445
f 783/498/446 784/499/447 782/497/445
f 784/499/447 783/498/446 785/500/448
f 786/501/449 787/502/450 788/503/449
f 787/502/450 786/501/449 789/504/451
f 789/504/451 790/505/452 787/502/450
f 791/506/453 790/505/452 789/504/451
f 792/507/454 790/505/452 791/506/453
f 792/507/454 791/506/453 793/508/455
f 794/509/456 792/507/454 793/508/455
f 792/507/454 794/509/456 795/510/457
f 796/511/458 795/510/457 794/509/456
f 795/510/457 796/511/458 797/512/459
f 798/513/460 797/512/459 796/511/458
f 797/512/459 798/513/460 799/514/461
f 800/502/462 801/515/463 802/503/464
f 801/515/463 800/502/462 803/516/465
f 803/516/465 800/502/462 804/505/466
f 805/507/467 803/516/465 804/505/466
f 805/507/467 806/517/468 803/516/465
f 806/517/468 805/507/467 807/510/469
f 806/517/468 807/510/469 808/512/470
f 809/514/464 806/517/468 808/512/470
f 810/518/464 806/517/468 809/514/464
f 806/517/468 811/519/471 803/516/465
f 811/519/471 806/517/468 812/520/472
f 813/521/473 811/519/471 814/522/474
f 815/523/475 811/519/471 813/521/473
f 811/519/471 816/524/476 814/522/474
f 816/524/476 811/519/471 812/520/472
f 817/525/477 811/519/471 815/523/475
f 816/524/476 812/520/472 818/526/476
f 815/523/475 819/527/478 817/525/477
f 818/526/476 812/520/472 820/528/479
f 821/529/480 817/525/477 819/527/478
f 822/530/481 820/528/479 812/520/472
f 823/531/482 821/529/480 819/527/478
f 824/532/483 822/530/481 812/520/472
f 825/533/484 821/529/480 823/531/482
f 825/533/484 826/534/485 821/529/480
f 824/532/483 826/534/485 822/530/481
f 827/535/486 822/530/481 826/534/485
f 827/535/486 826/534/485 828/536/487
f 826/534/485 825/533/484 828/536/487
f 829/537/488 821/529/480 826/534/485
f 821/529/480 829/537/488 830/538/489
f 830/538/489 829/537/488 831/539/490
f 832/540/491 830/538/489 831/539/490
f 831/539/490 829/537/488 833/541/492
f 834/542/493 830/538/489 832/540/491
f 829/537/488 835/543/492 833/541/492
f 836/544/494 830/538/489 834/542/493
f 837/545/495 835/543/492 829/537/488
f 838/546/496 836/544/494 834/542/493
f 839/547/497 837/545/495 829/537/488
f 836/544/494 838/546/496 840/548/498
f 841/549/499 837/545/495 839/547/497
f 840/548/498 838/546/496 842/550/500
f 839/547/497 843/551/501 841/549/499
f 844/552/502 840/548/498 842/550/500
f 843/551/501 840/548/498 844/552/502
f 841/549/499 843/551/501 845/553/503
f 844/552/502 846/554/504 843/551/501
f 843/551/501 846/554/504 845/553/503
f 847/555/505 840/548/498 843/551/501
f 840/548/498 847/555/505 848/556/506
f 848/556/506 847/555/505 849/557/507
f 849/557/507 850/558/508 848/556/506
f 850/558/508 849/557/507 851/559/509
f 851/559/509 852/560/510 850/558/508
f 853/561/511 852/560/510 851/559/509
f 853/561/511 854/479/511 852/560/510
f 853/561/511 855/481/512 854/479/511
f 856/562/513 855/481/512 853/561/511
f 856/562/513 857/483/514 855/481/512
f 857/483/514 856/562/513 858/563/515
f 858/563/515 859/485/516 857/483/514
f 859/485/516 858/563/515 860/564/517
f 860/564/517 861/487/518 859/485/516
f 861/487/518 860/564/517 862/565/519
f 863/10/152 864/464/520 865/7/521
f 863/10/152 866/465/522 864/464/520
f 867/466/156 864/464/520 866/465/522
f 866/465/522 868/467/523 867/466/156
f 869/468/156 867/466/156 868/467/523
f 869/468/156 868/467/523 870/469/524
f 870/469/524 871/470/160 869/468/156
f 871/470/160 870/469/524 872/471/113
f 873/473/525 874/472/526 875/474/527
f 874/472/526 873/473/525 876/475/528
f 876/475/528 877/476/529 874/472/526
f 877/476/529 876/475/528 878/477/530
f 877/476/529 878/477/530 879/478/531
f 879/478/531 880/479/532 877/476/529
f 879/478/531 881/480/533 880/479/532
f 881/480/533 882/481/534 880/479/532
f 882/481/534 881/480/533 883/482/535
f 883/482/535 884/483/536 882/481/534
f 884/483/536 883/482/535 885/484/537
f 885/484/537 886/485/538 884/483/536
f 886/485/538 885/484/537 887/486/539
f 887/486/539 888/487/540 886/485/538
f 887/486/539 889/488/541 888/487/540
f 890/115/542 891/13/543 892/116/544
f 890/115/542 893/20/545 891/13/543
f 894/12/546 891/13/543 893/20/545
f 895/489/547 896/491/548 897/490/549
f 898/492/550 896/491/548 895/489/547
f 898/492/550 895/489/547 899/493/551
f 900/494/552 898/492/550 899/493/551
f 901/495/553 900/494/552 899/493/551
f 902/496/554 900/494/552 901/495/553
f 903/497/555 902/496/554 901/495/553
f 904/498/556 902/496/554 903/497/555
f 905/499/557 904/498/556 903/497/555
f 906/500/558 904/498/556 905/499/557
f 907/503/559 908/502/560 909/501/559
f 909/501/559 908/502/560 910/504/561
f 911/505/562 910/504/561 908/502/560
f 910/504/561 911/505/562 912/506/563
f 911/505/562 913/507/564 912/506/563
f 912/506/563 913/507/564 914/508/565
f 913/507/564 915/509/566 914/508/565
f 915/509/566 913/507/564 916/510/567
f 916/510/567 917/511/568 915/509/566
f 917/511/568 916/510/567 918/512/569
f 918/512/569 919/513/570 917/511/568
f 919/513/570 918/512/569 920/514/571
f 921/515/463 922/502/572 923/503/573
f 922/502/572 921/515/463 924/516/574
f 924/516/574 925/505/575 922/502/572
f 926/507/576 925/505/575 924/516/574
f 926/507/576 924/516/574 927/517/577
f 927/517/577 928/510/578 926/507/576
f 927/517/577 929/512/579 928/510/578
f 930/514/580 929/512/579 927/517/577
f 931/518/464 930/514/580 927/517/577
f 932/519/581 927/517/577 924/516/574
f 927/517/577 932/519/581 933/520/582
f 934/521/583 935/522/584 932/519/581
f 936/523/585 934/521/583 932/519/581
f 933/520/582 932/519/581 937/524/586
f 937/524/586 932/519/581 935/522/584
f 938/525/587 936/523/585 932/519/581
f 937/524/586 939/526/588 933/520/582
f 936/523/585 938/525/587 940/527/589
f 939/526/588 941/528/590 933/520/582
f 942/529/591 940/527/589 938/525/587
f 943/530/592 933/520/582 941/528/590
f 944/531/593 940/527/589 942/529/591
f 945/532/594 933/520/582 943/530/592
f 946/533/595 944/531/593 942/529/591
f 942/529/591 947/534/596 946/533/595
f 945/532/594 943/530/592 947/534/596
f 948/535/597 947/534/596 943/530/592
f 947/534/596 949/536/598 946/533/595
f 948/535/597 949/536/598 947/534/596
f 947/534/596 942/529/591 950/537/599
f 950/537/599 942/529/591 951/538/600
f 951/538/600 952/539/601 950/537/599
f 953/540/602 952/539/601 951/538/600
f 952/539/601 954/541/603 950/537/599
f 955/542/604 953/540/602 951/538/600
f 950/537/599 954/541/603 956/543/605
f 957/544/606 955/542/604 951/538/600
f 958/545/607 950/537/599 956/543/605
f 959/546/608 955/542/604 957/544/606
f 960/547/609 950/537/599 958/545/607
f 957/544/606 961/548/610 959/546/608
f 962/549/611 960/547/609 958/545/607
f 961/548/610 963/550/612 959/546/608
f 960/547/609 962/549/611 964/551/613
f 964/551/613 965/552/614 961/548/610
f 965/552/614 963/550/612 961/548/610
f 962/549/611 966/553/615 964/551/613
f 964/551/613 966/553/615 967/554/616
f 965/552/614 964/551/613 967/554/616
f 961/548/610 968/555/617 964/551/613
f 968/555/617 961/548/610 969/556/618
f 968/555/617 969/556/618 970/557/619
f 969/556/618 971/558/620 970/557/619
f 970/557/619 971/558/620 972/559/621
f 973/560/622 972/559/621 971/558/620
f 972/559/621 973/560/622 974/561/623
f 975/479/624 974/561/623 973/560/622
f 976/481/625 974/561/623 975/479/624
f 974/561/623 976/481/625 977/562/626
f 978/483/627 977/562/626 976/481/625
f 977/562/626 978/483/627 979/563/628
f 980/485/629 979/563/628 978/483/627
f 979/563/628 980/485/629 981/564/630
f 982/487/631 981/564/630 980/485/629
f 981/564/630 982/487/631 983/565/632
f 984/92/633 985/566/634 986/90/635
f 985/566/634 984/92/633 987/567/636
f 987/567/636 988/568/637 985/566/634
f 988/568/637 987/567/636 989/569/638
f 989/569/638 990/570/638 988/568/637
f 990/570/638 989/569/638 991/571/639
f 991/571/639 992/9/640 990/570/638
f 991/571/639 993/8/641 992/9/640
f 994/90/642 995/566/643 996/92/644
f 997/567/645 996/92/644 995/566/643
f 995/566/643 998/568/646 997/567/645
f 999/569/647 997/567/645 998/568/646
f 998/568/646 1000/570/647 999/569/647
f 1001/571/648 999/569/647 1000/570/647
f 1000/570/647 1002/9/648 1001/571/648
f 1003/8/649 1001/571/648 1002/9/648
f 1004/572/180 1005/573/650 1006/574/180
f 1005/573/650 1004/572/180 1007/575/651
f 1005/573/650 1007/575/651 1008/576/652
f 1009/577/653 1008/576/652 1007/575/651
f 1008/576/652 1009/577/653 1010/578/654
f 1011/579/655 1010/578/654 1009/577/653
f 1012/580/656 1010/578/654 1011/579/655
f 1010/578/654 1012/580/656 1013/581/657
f 1014/582/658 1013/581/657 1012/580/656
f 1013/581/657 1014/582/658 1015/583/659
f 1016/584/660 1015/583/659 1014/582/658
f 1015/583/659 1016/584/660 1017/585/661
f 1017/585/661 1016/584/660 1018/586/193
f 1017/585/661 1018/586/193 1019/587/193
f 1020/588/180 1021/589/662 1022/590/180
f 1021/589/662 1020/588/180 1023/591/663
f 1024/592/664 1021/589/662 1023/591/663
f 1025/593/664 1024/592/664 1023/591/663
f 1026/594/665 1024/592/664 1025/593/664
f 1024/592/664 1026/594/665 1027/595/666
f 1028/596/667 1027/595/666 1026/594/665
f 1027/595/666 1028/596/667 1029/597/667
f 1029/597/667 1028/596/667 1030/598/668
f 1031/599/669 1030/598/668 1028/596/667
f 1031/599/669 1032/600/670 1030/598/668
f 1032/600/670 1031/599/669 1033/601/671
f 1033/601/671 1034/602/193 1032/600/670
f 1034/602/193 1035/603/193 1032/600/670
f 1036/604/180 1037/605/672 1038/606/180
f 1037/605/672 1039/607/673 1038/606/180
f 1040/608/674 1039/607/673 1037/605/672
f 1039/607/673 1040/608/674 1041/609/675
f 1042/610/676 1041/609/675 1040/608/674
f 1041/609/675 1042/610/676 1043/611/677
f 1044/612/678 1043/611/677 1042/610/676
f 1043/611/677 1044/612/678 1045/613/678
f 1045/613/678 1044/612/678 1046/614/679
f 1046/614/679 1044/612/678 1047/615/680
f 1048/616/681 1046/614/679 1047/615/680
f 1049/617/682 1048/616/681 1047/615/680
f 1049/617/682 1050/618/193 1048/616/681
f 1050/618/193 1049/617/682 1051/619/193
f 1052/620/180 1053/621/683 1054/622/180
f 1053/621/683 1052/620/180 1055/623/684
f 1055/623/684 1056/624/685 1053/621/683
f 1056/624/685 1055/623/684 1057/625/685
f 1058/626/686 1056/624/685 1057/625/685
f 1056/624/685 1058/626/686 1059/627/687
f 1060/628/688 1059/627/687 1058/626/686
f 1059/627/687 1060/628/688 1061/629/689
f 1061/629/689 1060/628/688 1062/630/690
f 1062/630/690 1060/628/688 1063/631/690
f 1064/632/691 1062/630/690 1063/631/690
f 1062/630/690 1064/632/691 1065/633/692
f 1064/632/691 1066/634/193 1065/633/692
f 1066/634/193 1064/632/691 1067/635/193
f 1068/636/180 1069/637/693 1070/638/180
f 1069/637/693 1068/636/180 1071/639/694
f 1071/639/694 1072/640/695 1069/637/693
f 1072/640/695 1071/639/694 1073/641/696
f 1072/640/695 1073/641/696 1074/642/697
f 1074/642/697 1073/641/696 1075/643/697
f 1076/644/698 1074/642/697 1075/643/697
f 1074/642/697 1076/644/698 1077/645/699
f 1078/646/700 1077/645/699 1076/644/698
f 1077/645/699 1078/646/700 1079/647/701
f 1079/647/701 1078/646/700 1080/648/702
f 1081/649/702 1080/648/702 1078/646/700
f 1082/650/193 1080/648/702 1081/649/702
f 1080/648/702 1082/650/193 1083/651/193
f 1084/652/703 1085/653/704 1086/654/705
f 1085/653/704 1084/652/703 1087/655/706
f 1087/655/706 1088/656/707 1085/653/704
f 1088/656/707 1087/655/706 1089/657/708
f 1088/656/707 1089/657/708 1090/658/709
f 1090/658/709 1089/657/708 1091/659/710
f 1092/660/711 1090/658/709 1091/659/710
f 1090/658/709 1092/660/711 1093/661/712
f 1094/662/713 1093/661/712 1092/660/711
f 1093/661/712 1094/662/713 1095/663/714
f 1096/664/715 1095/663/714 1094/662/713
f 1095/663/714 1096/664/715 1097/665/716
f 1098/666/717 1097/665/716 1096/664/715
f 1099/667/717 1097/665/716 1098/666/717
f 1100/668/193 1101/669/718 1102/670/193
f 1101/669/718 1100/668/193 1103/671/719
f 1103/671/719 1104/672/720 1101/669/718
f 1105/673/720 1104/672/720 1103/671/719
f 1106/674/721 1104/672/720 1105/673/720
f 1104/672/720 1106/674/721 1107/675/722
f 1108/676/723 1107/675/722 1106/674/721
f 1107/675/722 1108/676/723 1109/677/724
f 1108/676/723 1110/678/725 1109/677/724
f 1111/679/726 1110/678/725 1108/676/723
f 1111/679/726 1112/680/727 1110/678/725
f 1112/680/727 1111/679/726 1113/681/727
f 1114/682/180 1112/680/727 1113/681/727
f 1112/680/727 1114/682/180 1115/683/180
f 1116/684/329 1117/685/728 1118/686/329
f 1117/685/728 1116/684/329 1119/687/729
f 1120/688/728 1119/687/729 1116/684/329
f 1119/687/729 1120/688/728 1121/689/728
f 1122/690/329 1121/689/728 1120/688/728
f 1121/689/728 1122/690/329 1123/691/329
f 1124/692/729 1123/691/329 1122/690/329
f 1124/692/729 1122/690/329 1125/693/730
f 1125/693/730 1126/694/728 1124/692/729
f 1126/694/728 1125/693/730 1127/695/329
f 1127/695/329 1128/696/329 1126/694/728
f 1127/695/329 1129/697/731 1128/696/329
f 1130/698/329 1128/696/329 1129/697/731
f 1128/696/329 1130/698/329 1131/699/329
f 1132/700/732 1133/701/732 1134/702/732
f 1133/701/732 1132/700/732 1135/703/732
f 1136/704/732 1135/703/732 1132/700/732
f 1135/703/732 1136/704/732 1137/705/732
f 1138/706/732 1137/705/732 1136/704/732
f 1139/707/732 1138/706/732 1136/704/732
f 1138/706/732 1139/707/732 1140/708/732
f 1140/708/732 1139/707/732 1141/709/733
f 1142/710/734 1140/708/732 1141/709/733
f 1140/708/732 1142/710/734 1143/711/732
f 1142/710/734 1144/712/732 1143/711/732
f 1142/710/734 1145/713/732 1144/712/732
f 1146/714/732 1144/712/732 1145/713/732
f 1144/712/732 1146/714/732 1147/715/732
f 1148/221/735 1149/220/736 1150/222/737
f 1149/220/736 1148/221/735 1151/219/738
f 1151/219/738 1152/217/739 1149/220/736
f 1152/217/739 1151/219/738 1153/218/740
f 1154/218/741 1155/716/742 1156/217/743
f 1154/218/741 1157/717/744 1155/716/742
f 1155/716/742 1157/717/744 1158/718/745
f 1159/719/746 1160/217/747 1161/716/748
f 1160/217/747 1159/719/746 1162/220/749
f 1162/220/749 1159/719/746 1163/720/750
f 1163/720/750 1164/222/751 1162/220/749
f 1164/222/751 1163/720/750 1165/721/752
f 1165/721/752 1163/720/750 1166/26/753
f 1167/209/754 1165/721/752 1166/26/753
f 1167/209/754 1166/26/753 1168/25/755
f 1168/25/755 1169/722/756 1167/209/754
f 1169/722/756 1168/25/755 1170/24/757
f 1171/723/758 1169/722/756 1170/24/757
f 1169/722/756 1171/723/758 1172/724/759
f 1173/725/760 1174/208/761 1175/211/762
f 1174/208/761 1173/725/760 1176/726/763
f 1177/727/764 1176/726/763 1173/725/760
f 1178/221/765 1176/726/763 1177/727/764
f 1179/728/766 1178/221/765 1177/727/764
f 1180/729/767 1178/221/765 1179/728/766
f 1178/221/765 1180/729/767 1181/219/768
f 1180/729/767 1182/218/769 1181/219/768
f 1182/218/769 1180/729/767 1183/730/770
f 1184/731/771 1185/207/772 1186/205/773
f 1185/207/772 1184/731/771 1187/732/774
f 1184/731/771 1188/733/775 1187/732/774
f 1188/733/775 1189/734/776 1187/732/774
f 1188/733/775 1190/735/777 1189/734/776
f 1189/734/776 1190/735/777 1191/736/778
f 1192/737/779 1191/736/778 1190/735/777
f 1193/738/780 1191/736/778 1192/737/779
f 1194/739/781 1193/738/780 1192/737/779
f 1195/740/782 1193/738/780 1194/739/781
f 1194/739/781 1196/741/783 1195/740/782
f 1196/741/783 1194/739/781 1197/742/784
f 1198/737/785 1197/742/784 1194/739/781
f 1197/742/784 1198/737/785 1199/735/786
f 1197/742/784 1200/743/787 1196/741/783
f 1197/742/784 1199/735/786 1200/743/787
f 1201/733/788 1200/743/787 1199/735/786
f 1202/744/789 1195/740/782 1196/741/783
f 1202/744/789 1203/745/790 1195/740/782
f 1203/745/790 1202/744/789 1204/746/791
f 1202/744/789 1205/747/792 1204/746/791
f 1201/733/788 1206/748/793 1200/743/787
f 1206/748/793 1201/733/788 1207/731/794
f 1205/747/792 1202/744/789 1208/749/795
f 1209/750/796 1205/747/792 1208/749/795
f 1208/749/795 1210/751/797 1209/750/796
f 1208/749/795 1202/744/789 1211/752/798
f 1202/744/789 1196/741/783 1211/752/798
f 1208/749/795 1211/752/798 1212/753/799
f 1210/751/797 1208/749/795 1212/753/799
f 1212/753/799 1211/752/798 1213/754/800
f 1213/754/800 1196/741/783 1200/743/787
f 1213/754/800 1211/752/798 1196/741/783
f 1210/751/797 1212/753/799 1214/755/801
f 1215/756/802 1200/743/787 1206/748/793
f 1200/743/787 1215/756/802 1213/754/800
f 1210/751/797 1214/755/801 1216/757/803
f 1217/758/804 1210/751/797 1216/757/803
f 1216/757/803 1218/759/805 1217/758/804
f 1218/759/805 1216/757/803 1219/760/806
f 1220/761/807 1216/757/803 1214/755/801
f 1220/761/807 1219/760/806 1216/757/803
f 1219/760/806 1220/761/807 1221/762/808
f 1221/762/808 1220/761/807 1222/763/809
f 1220/761/807 1214/755/801 1223/764/810
f 1212/753/799 1223/764/810 1214/755/801
f 1223/764/810 1224/765/811 1220/761/807
f 1220/761/807 1224/765/811 1222/763/809
f 1222/763/809 1224/765/811 1225/766/812
f 1223/764/810 1212/753/799 1226/767/813
f 1224/765/811 1223/764/810 1226/767/813
f 1226/767/813 1212/753/799 1213/754/800
f 1213/754/800 1224/765/811 1226/767/813
f 1213/754/800 1227/768/814 1224/765/811
f 1227/768/814 1225/766/812 1224/765/811
f 1213/754/800 1228/769/815 1227/768/814
f 1215/756/802 1228/769/815 1213/754/800
f 1228/769/815 1225/766/812 1227/768/814
f 1225/766/812 1228/769/815 1229/770/816
f 1228/769/815 1230/202/817 1229/770/816
f 1230/202/817 1228/769/815 1231/203/818
f 1228/769/815 1232/771/819 1231/203/818
f 1232/771/819 1215/756/802 1206/748/793
f 1232/771/819 1206/748/793 1207/731/794
f 1215/756/802 1232/771/819 1228/769/815
f 1231/203/818 1232/771/819 1233/205/820
f 1233/205/820 1232/771/819 1207/731/794
f 1234/31/821 1235/33/822 1236/772/614
f 1237/773/823 1234/31/821 1236/772/614
f 1234/31/821 1237/773/823 1238/774/824
f 1237/773/823 1239/775/825 1238/774/824
f 1239/775/825 1237/773/823 1240/776/826
f 1241/28/827 1242/777/828 1243/30/829
f 1243/30/829 1242/777/828 1244/778/830
f 1242/777/828 1245/724/831 1244/778/830
f 1246/779/832 1247/32/833 1248/34/834
f 1249/780/835 1247/32/833 1246/779/832
f 1250/781/836 1249/780/835 1246/779/832
f 1251/782/837 1249/780/835 1250/781/836
f 1252/783/838 1251/782/837 1250/781/836
f 1251/782/837 1252/783/838 1253/784/839
f 1254/785/840 1253/784/839 1252/783/838
f 1253/784/839 1254/785/840 1255/786/841
f 1254/785/840 1256/787/842 1255/786/841
f 1255/786/841 1256/787/842 1257/788/843
f 1258/716/844 1259/218/845 1260/217/846
f 1259/218/845 1258/716/844 1261/717/847
f 1258/716/844 1262/718/848 1261/717/847
f 1263/217/849 1264/719/850 1265/716/851
f 1264/719/850 1263/217/849 1266/220/852
f 1266/220/852 1267/720/853 1264/719/850
f 1268/222/854 1267/720/853 1266/220/852
f 1267/720/853 1268/222/854 1269/721/855
f 1269/721/855 1270/26/856 1267/720/853
f 1271/209/857 1270/26/856 1269/721/855
f 1271/209/857 1272/25/858 1270/26/856
f 1273/722/859 1272/25/858 1271/209/857
f 1272/25/858 1273/722/859 1274/24/860
f 1273/722/859 1275/723/861 1274/24/860
f 1275/723/861 1273/722/859 1276/724/862
f 1277/202/863 1278/204/864 1279/203/865
f 1278/204/864 1280/205/866 1279/203/865
f 1280/205/866 1278/204/864 1281/206/867
f 1280/205/866 1281/206/867 1282/207/868
f 1283/725/869 1284/211/870 1285/208/871
f 1285/208/871 1286/726/872 1283/725/869
f 1287/727/873 1283/725/869 1286/726/872
f 1286/726/872 1288/221/874 1287/727/873
f 1289/728/875 1287/727/873 1288/221/874
f 1290/729/876 1289/728/875 1288/221/874
f 1288/221/874 1291/219/877 1290/729/876
f 1292/218/878 1290/729/876 1291/219/877
f 1292/218/878 1293/730/879 1290/729/876
f 1294/207/880 1295/731/881 1296/205/882
f 1295/731/881 1294/207/880 1297/732/883
f 1297/732/883 1298/733/884 1295/731/881
f 1298/733/884 1297/732/883 1299/734/885
f 1300/735/886 1298/733/884 1299/734/885
f 1300/735/886 1299/734/885 1301/736/887
f 1301/736/887 1302/737/888 1300/735/886
f 1302/737/888 1301/736/887 1303/738/889
f 1304/739/890 1302/737/888 1303/738/889
f 1303/738/889 1305/740/891 1304/739/890
f 1306/741/892 1304/739/890 1305/740/891
f 1304/739/890 1306/741/892 1307/742/893
f 1307/742/893 1308/737/894 1304/739/890
f 1308/737/894 1307/742/893 1309/735/895
f 1307/742/893 1306/741/892 1310/743/896
f 1309/735/895 1307/742/893 1310/743/896
f 1309/735/895 1310/743/896 1311/733/897
f 1312/744/898 1306/741/892 1305/740/891
f 1313/745/899 1312/744/898 1305/740/891
f 1312/744/898 1313/745/899 1314/746/900
f 1315/747/901 1312/744/898 1314/746/900
f 1312/744/898 1315/747/901 1316/749/902
f 1317/750/903 1316/749/902 1315/747/901
f 1316/749/902 1317/750/903 1318/751/904
f 1316/749/902 1319/752/905 1312/744/898
f 1306/741/892 1312/744/898 1319/752/905
f 1306/741/892 1320/754/906 1310/743/896
f 1320/754/906 1306/741/892 1319/752/905
f 1319/752/905 1316/749/902 1321/753/907
f 1318/751/904 1321/753/907 1316/749/902
f 1321/753/907 1320/754/906 1319/752/905
f 1322/748/908 1311/733/897 1310/743/896
f 1311/733/897 1322/748/908 1323/731/909
f 1310/743/896 1320/754/906 1324/756/910
f 1324/756/910 1322/748/908 1310/743/896
f 1324/756/910 1325/771/911 1322/748/908
f 1325/771/911 1323/731/909 1322/748/908
f 1326/205/912 1323/731/909 1325/771/911
f 1325/771/911 1327/203/913 1326/205/912
f 1325/771/911 1324/756/910 1328/769/914
f 1328/769/914 1327/203/913 1325/771/911
f 1320/754/906 1328/769/914 1324/756/910
f 1328/769/914 1329/202/915 1327/203/913
f 1328/769/914 1330/770/916 1329/202/915
f 1328/769/914 1331/766/917 1330/770/916
f 1320/754/906 1332/768/918 1328/769/914
f 1331/766/917 1328/769/914 1332/768/918
f 1333/765/919 1331/766/917 1332/768/918
f 1320/754/906 1333/765/919 1332/768/918
f 1333/765/919 1334/763/920 1331/766/917
f 1335/767/921 1320/754/906 1321/753/907
f 1333/765/919 1320/754/906 1335/767/921
f 1336/761/922 1334/763/920 1333/765/919
f 1337/762/923 1334/763/920 1336/761/922
f 1321/753/907 1338/764/924 1335/767/921
f 1333/765/919 1338/764/924 1336/761/922
f 1333/765/919 1335/767/921 1338/764/924
f 1336/761/922 1339/760/925 1337/762/923
f 1340/755/926 1336/761/922 1338/764/924
f 1321/753/907 1318/751/904 1340/755/926
f 1338/764/924 1321/753/907 1340/755/926
f 1339/760/925 1336/761/922 1341/757/927
f 1336/761/922 1340/755/926 1341/757/927
f 1318/751/904 1341/757/927 1340/755/926
f 1341/757/927 1342/759/928 1339/760/925
f 1342/759/928 1341/757/927 1343/758/929
f 1343/758/929 1341/757/927 1318/751/904
f 1344/31/930 1345/772/931 1346/33/932
f 1347/773/933 1345/772/931 1344/31/930
f 1344/31/930 1348/774/934 1347/773/933
f 1349/775/935 1347/773/933 1348/774/934
f 1347/773/933 1349/775/935 1350/776/936
f 1351/777/937 1352/28/938 1353/30/939
f 1353/30/939 1354/778/940 1351/777/937
f 1351/777/937 1354/778/940 1355/724/941
f 1356/214/942 1357/215/943 1358/216/219
f 1357/215/943 1356/214/942 1359/213/944
f 1360/212/945 1359/213/944 1356/214/942
f 1359/213/944 1360/212/945 1361/211/946
f 1362/210/947 1361/211/946 1360/212/945
f 1361/211/946 1362/210/947 1363/208/948
f 1363/208/948 1362/210/947 1364/209/949
f 1365/779/950 1366/34/951 1367/32/952
f 1367/32/952 1368/780/953 1365/779/950
f 1369/781/954 1365/779/950 1368/780/953
f 1369/781/954 1368/780/953 1370/782/955
f 1371/783/956 1369/781/954 1370/782/955
f 1370/782/955 1372/784/957 1371/783/956
f 1373/785/958 1371/783/956 1372/784/957
f 1372/784/957 1374/786/959 1373/785/958
f 1374/786/959 1375/787/960 1373/785/958
f 1375/787/960 1374/786/959 1376/788/961
f 1377/228/962 1378/230/963 1379/789/964
f 1378/230/963 1377/228/962 1380/231/965
f 1381/227/966 1380/231/965 1377/228/962
f 1380/231/965 1381/227/966 1382/233/967
f 1383/235/968 1382/233/967 1381/227/966
f 1384/225/969 1383/235/968 1381/227/966
f 1383/235/968 1384/225/969 1385/237/970
f 1384/225/969 1386/224/971 1385/237/970
f 1386/224/971 1387/238/972 1385/237/970
f 1387/238/972 1386/224/971 1388/790/973
f 1388/790/973 1389/791/974 1387/238/972
f 1389/791/974 1390/236/975 1387/238/972
f 1391/792/976 1390/236/975 1389/791/974
f 1390/236/975 1391/792/976 1392/234/977
f 1391/792/976 1393/793/978 1392/234/977
f 1393/793/978 1394/232/979 1392/234/977
f 1393/793/978 1395/794/980 1394/232/979
f 1395/794/980 1396/229/981 1394/232/979
f 1396/229/981 1395/794/980 1397/795/982
f 1397/795/982 1398/230/983 1396/229/981
f 1398/230/983 1397/795/982 1399/789/984
f 1400/796/985 1401/797/986 1402/798/987
f 1401/797/986 1400/796/985 1403/799/988
f 1400/796/985 1404/800/989 1403/799/988
f 1405/801/990 1403/799/988 1404/800/989
f 1406/802/991 1405/801/990 1404/800/989
f 1404/800/989 1407/803/992 1406/802/991
f 1408/804/993 1409/805/994 1410/806/995
f 1410/806/995 1411/807/996 1408/804/993
f 1411/807/996 1412/808/997 1408/804/993
f 1412/808/997 1411/807/996 1413/809/998
f 1413/809/998 1414/810/999 1412/808/997
f 1414/810/999 1413/809/998 1415/811/1000
f 1415/811/1000 1416/812/1001 1414/810/999
f 1415/811/1000 1417/813/1002 1416/812/1001
f 1417/813/1002 1418/803/1003 1416/812/1001
f 1418/803/1003 1417/813/1002 1419/802/1004
f 1420/814/1005 1421/815/1006 1422/816/1007
f 1420/814/1005 1422/816/1007 1423/817/1008
f 1423/817/1008 1424/818/1009 1420/814/1005
f 1424/818/1009 1423/817/1008 1425/819/1010
f 1425/819/1010 1426/820/1011 1424/818/1009
f 1426/820/1011 1425/819/1010 1427/821/1012
f 1428/822/1013 1426/820/1011 1427/821/1012
f 1428/822/1013 1427/821/1012 1429/823/1014
f 1430/819/1015 1429/823/1014 1427/821/1012
f 1429/823/1014 1431/824/1016 1428/822/1013
f 1431/824/1016 1432/825/1017 1428/822/1013
f 1429/823/1014 1430/819/1015 1433/826/1018
f 1434/817/1019 1433/826/1018 1430/819/1015
f 1435/827/1020 1431/824/1016 1429/823/1014
f 1429/823/1014 1433/826/1018 1436/827/1021
f 1431/824/1016 1437/828/1022 1432/825/1017
f 1431/824/1016 1435/827/1020 1437/828/1022
f 1435/827/1020 1438/829/1023 1437/828/1022
f 1439/830/1024 1432/825/1017 1437/828/1022
f 1438/829/1023 1440/831/1025 1437/828/1022
f 1437/828/1022 1440/831/1025 1439/830/1024
f 1441/832/1026 1440/831/1025 1438/829/1023
f 1439/830/1024 1440/831/1025 1442/833/1027
f 1433/826/1018 1434/817/1019 1443/834/1028
f 1433/826/1018 1443/834/1028 1436/827/1021
f 1444/816/1029 1443/834/1028 1434/817/1019
f 1445/829/1030 1436/827/1021 1443/834/1028
f 1446/835/1031 1445/829/1030 1443/834/1028
f 1443/834/1028 1444/816/1029 1446/835/1031
f 1445/829/1030 1446/835/1031 1447/832/1032
f 1448/836/1033 1449/813/1034 1450/811/1035
f 1449/813/1034 1448/836/1033 1451/837/1036
f 1451/837/1036 1452/802/1037 1449/813/1034
f 1452/802/1037 1451/837/1036 1453/838/1038
f 1454/839/1039 1453/838/1038 1451/837/1036
f 1453/838/1038 1454/839/1039 1455/840/1040
f 1456/793/1041 1452/802/1037 1453/838/1038
f 1455/840/1040 1456/793/1041 1453/838/1038
f 1452/802/1037 1456/793/1041 1457/792/1042
f 1456/793/1041 1455/840/1040 1458/794/1043
f 1459/245/248 1460/247/1044 1461/246/249
f 1462/248/1045 1461/246/249 1460/247/1044
f 1462/248/1045 1460/247/1044 1463/249/1046
f 1464/250/1047 1462/248/1045 1463/249/1046
f 1462/248/1045 1464/250/1047 1465/251/1048
f 1464/250/1047 1466/252/1049 1465/251/1048
f 1466/252/1049 1464/250/1047 1467/254/1050
f 1465/251/1048 1466/252/1049 1468/253/1051
f 1469/269/1052 1470/268/1053 1471/270/1054
f 1470/268/1053 1469/269/1052 1472/267/1055
f 1470/268/1053 1472/267/1055 1473/266/1056
f 1472/267/1055 1474/258/1057 1473/266/1056
f 1473/266/1056 1474/258/1057 1475/264/1058
f 1475/264/1058 1476/263/1059 1477/265/1060
f 1478/261/1061 1475/264/1058 1474/258/1057
f 1475/264/1058 1478/261/1061 1476/263/1059
f 1479/262/1062 1476/263/1059 1478/261/1061
f 1480/260/1063 1479/262/1062 1478/261/1061
f 1474/258/1057 1480/260/1063 1478/261/1061
f 1480/260/1063 1474/258/1057 1481/259/1064
f 1474/258/1057 1482/257/1065 1481/259/1064
f 1483/256/1066 1482/257/1065 1474/258/1057
f 1482/257/1065 1483/256/1066 1484/255/1067
f 1485/230/1068 1486/228/1069 1487/789/1070
f 1486/228/1069 1485/230/1068 1488/231/1071
f 1488/231/1071 1489/227/1072 1486/228/1069
f 1489/227/1072 1488/231/1071 1490/233/1073
f 1491/235/1074 1489/227/1072 1490/233/1073
f 1492/225/1075 1489/227/1072 1491/235/1074
f 1491/235/1074 1493/237/1076 1492/225/1075
f 1492/225/1075 1493/237/1076 1494/224/1077
f 1495/238/1078 1494/224/1077 1493/237/1076
f 1494/224/1077 1495/238/1078 1496/790/1079
f 1496/790/1079 1495/238/1078 1497/791/1080
f 1497/791/1080 1495/238/1078 1498/236/1081
f 1498/236/1081 1499/792/1082 1497/791/1080
f 1499/792/1082 1498/236/1081 1500/234/1083
f 1499/792/1082 1500/234/1083 1501/793/1084
f 1500/234/1083 1502/232/1085 1501/793/1084
f 1503/794/1086 1501/793/1084 1502/232/1085
f 1504/229/1087 1503/794/1086 1502/232/1085
f 1503/794/1086 1504/229/1087 1505/795/1088
f 1506/230/1089 1505/795/1088 1504/229/1087
f 1505/795/1088 1506/230/1089 1507/789/1090
f 1508/797/1091 1509/796/985 1510/798/1092
f 1509/796/985 1508/797/1091 1511/799/1093
f 1512/800/1094 1509/796/985 1511/799/1093
f 1512/800/1094 1511/799/1093 1513/801/1095
f 1513/801/1095 1514/802/1096 1512/800/1094
f 1515/803/1097 1512/800/1094 1514/802/1096
f 1516/805/1098 1517/804/1099 1518/806/1100
f 1519/807/1101 1518/806/1100 1517/804/1099
f 1520/808/1102 1519/807/1101 1517/804/1099
f 1519/807/1101 1520/808/1102 1521/809/1103
f 1522/810/1104 1521/809/1103 1520/808/1102
f 1521/809/1103 1522/810/1104 1523/811/1105
f 1523/811/1105 1522/810/1104 1524/812/1106
f 1523/811/1105 1524/812/1106 1525/813/1107
f 1526/803/1108 1525/813/1107 1524/812/1106
f 1525/813/1107 1526/803/1108 1527/802/1109
f 1528/815/1110 1529/814/1111 1530/816/1112
f 1531/817/1113 1530/816/1112 1529/814/1111
f 1532/818/1114 1531/817/1113 1529/814/1111
f 1531/817/1113 1532/818/1114 1533/819/1115
f 1534/820/1116 1533/819/1115 1532/818/1114
f 1533/819/1115 1534/820/1116 1535/821/1117
f 1536/822/1118 1535/821/1117 1534/820/1116
f 1535/821/1117 1536/822/1118 1537/823/1119
f 1537/823/1119 1538/819/1120 1535/821/1117
f 1536/822/1118 1539/824/1121 1537/823/1119
f 1539/824/1121 1536/822/1118 1540/825/1122
f 1538/819/1120 1537/823/1119 1541/826/1123
f 1541/826/1123 1542/817/1124 1538/819/1120
f 1539/824/1121 1543/827/1125 1537/823/1119
f 1537/823/1119 1544/827/1126 1541/826/1123
f 1543/827/1125 1539/824/1121 1545/828/1127
f 1540/825/1122 1545/828/1127 1539/824/1121
f 1543/827/1125 1545/828/1127 1546/829/1128
f 1540/825/1122 1547/830/1129 1545/828/1127
f 1548/831/1130 1545/828/1127 1547/830/1129
f 1546/829/1128 1545/828/1127 1548/831/1130
f 1549/832/1131 1546/829/1128 1548/831/1130
f 1548/831/1130 1547/830/1129 1550/833/1132
f 1542/817/1124 1541/826/1123 1551/834/1133
f 1544/827/1126 1551/834/1133 1541/826/1123
f 1551/834/1133 1552/816/1134 1542/817/1124
f 1544/827/1126 1553/829/1135 1551/834/1133
f 1552/816/1134 1551/834/1133 1554/835/1136
f 1553/829/1135 1554/835/1136 1551/834/1133
f 1554/835/1136 1553/829/1135 1555/832/1137
f 1556/229/1138 1557/231/1139 1558/230/1140
f 1557/231/1139 1556/229/1138 1559/232/1141
f 1559/232/1141 1560/233/1142 1557/231/1139
f 1560/233/1142 1559/232/1141 1561/234/1143
f 1561/234/1143 1562/235/1144 1560/233/1142
f 1562/235/1144 1561/234/1143 1563/236/1145
f 1564/237/1146 1562/235/1144 1563/236/1145
f 1564/237/1146 1563/236/1145 1565/238/1147
f 1566/813/1148 1567/836/1149 1568/811/1150
f 1567/836/1149 1566/813/1148 1569/837/1151
f 1570/802/1152 1569/837/1151 1566/813/1148
f 1569/837/1151 1570/802/1152 1571/838/1153
f 1571/838/1153 1572/839/1154 1569/837/1151
f 1572/839/1154 1571/838/1153 1573/840/1155
f 1574/793/1156 1573/840/1155 1571/838/1153
f 1570/802/1152 1574/793/1156 1571/838/1153
f 1574/793/1156 1570/802/1152 1575/792/1157
f 1573/840/1155 1574/793/1156 1576/794/1158
f 1577/243/247 1578/242/246 1579/244/247
f 1580/241/245 1578/242/246 1577/243/247
f 1580/241/245 1581/240/1159 1578/242/246
f 1582/38/1160 1581/240/1159 1580/241/245
f 1582/38/1160 1583/239/242 1581/240/1159
f 1583/239/242 1582/38/1160 1584/36/242
f 1585/841/1161 1586/52/1162 1587/99/1163
f 1585/841/1161 1588/842/1164 1586/52/1162
f 1589/843/1165 1588/842/1164 1585/841/1161
f 1589/843/1165 1590/844/1166 1588/842/1164
f 1591/845/1167 1590/844/1166 1589/843/1165
f 1591/845/1167 1592/846/1168 1590/844/1166
f 1591/845/1167 1593/847/1169 1592/846/1168
f 1592/846/1168 1593/847/1169 1594/848/1170
f 1593/847/1169 1595/849/1171 1594/848/1170
f 1595/849/1171 1593/847/1169 1596/850/1172
f 1596/850/1172 1597/851/1173 1595/849/1171
f 1595/849/1171 1597/851/1173 1598/852/1174
f 1597/851/1173 1599/853/1175 1598/852/1174
f 1599/853/1175 1597/851/1173 1600/854/1176
f 1600/854/1176 1601/855/1177 1599/853/1175
f 1601/855/1177 1600/854/1176 1602/856/1178
f 1602/856/1178 1603/857/1179 1601/855/1177
f 1603/857/1179 1602/856/1178 1604/858/1180
f 1605/286/300 1606/288/302 1607/287/301
f 1606/288/302 1605/286/300 1608/289/303
f 1608/289/303 1609/290/304 1606/288/302
f 1609/290/304 1608/289/303 1610/291/305
f 1610/291/305 1611/292/306 1609/290/304
f 1611/292/306 1610/291/305 1612/293/307
f 1613/294/194 1611/292/306 1612/293/307
f 1614/295/309 1613/294/194 1612/293/307
f 1615/296/310 1613/294/194 1614/295/309
f 1616/297/311 1615/296/310 1614/295/309
f 1617/298/312 1615/296/310 1616/297/311
f 1618/299/313 1617/298/312 1616/297/311
f 1619/300/314 1617/298/312 1618/299/313
f 1620/301/315 1619/300/314 1618/299/313
f 1620/301/315 1621/302/316 1619/300/314
f 1621/302/316 1620/301/315 1622/303/317
f 1622/303/317 1623/304/318 1621/302/316
f 1623/304/318 1622/303/317 1624/305/319
f 1624/305/319 1625/306/329 1623/304/318
f 1625/306/329 1624/305/319 1626/307/321
f 1626/307/321 1627/308/322 1625/306/329
f 1627/308/322 1626/307/321 1628/309/323
f 1628/309/323 1629/310/1181 1627/308/322
f 1629/310/1181 1628/309/323 1630/311/325
f 1631/312/300 1632/314/302 1633/313/301
f 1632/314/302 1631/312/300 1634/315/303
f 1634/315/303 1635/316/304 1632/314/302
f 1635/316/304 1634/315/303 1636/317/305
f 1636/317/305 1637/318/306 1635/316/304
f 1637/318/306 1636/317/305 1638/319/307
f 1638/319/307 1639/320/194 1637/318/306
f 1639/320/194 1638/319/307 1640/321/309
f 1639/320/194 1640/321/309 1641/322/310
f 1642/323/311 1641/322/310 1640/321/309
f 1641/322/310 1642/323/311 1643/324/312
f 1644/325/313 1643/324/312 1642/323/311
f 1644/325/313 1645/326/314 1643/324/312
f 1645/326/314 1644/325/313 1646/327/315
f 1646/327/315 1647/328/316 1645/326/314
f 1647/328/316 1646/327/315 1648/329/317
f 1648/329/317 1649/330/318 1647/328/316
f 1649/330/318 1648/329/317 1650/331/319
f 1650/331/319 1651/332/329 1649/330/318
f 1651/332/329 1650/331/319 1652/333/321
f 1652/333/321 1653/334/322 1651/332/329
f 1653/334/322 1652/333/321 1654/335/323
f 1654/335/323 1655/336/1181 1653/334/322
f 1655/336/1181 1654/335/323 1656/337/325
f 1657/338/300 1658/340/302 1659/339/301
f 1658/340/302 1657/338/300 1660/341/303
f 1660/341/303 1661/342/330 1658/340/302
f 1661/342/330 1660/341/303 1662/343/331
f 1662/343/331 1663/344/306 1661/342/330
f 1663/344/306 1662/343/331 1664/345/307
f 1665/346/194 1663/344/306 1664/345/307
f 1666/347/309 1665/346/194 1664/345/307
f 1667/348/333 1665/346/194 1666/347/309
f 1668/349/334 1667/348/333 1666/347/309
f 1669/350/312 1667/348/333 1668/349/334
f 1670/351/313 1669/350/312 1668/349/334
f 1671/352/314 1669/350/312 1670/351/313
f 1672/353/315 1671/352/314 1670/351/313
f 1672/353/315 1673/354/336 1671/352/314
f 1673/354/336 1672/353/315 1674/355/337
f 1674/355/337 1675/356/318 1673/354/336
f 1675/356/318 1674/355/337 1676/357/319
f 1676/357/319 1677/358/329 1675/356/318
f 1677/358/329 1676/357/319 1678/359/321
f 1678/359/321 1679/360/339 1677/358/329
f 1679/360/339 1678/359/321 1680/361/340
f 1680/361/340 1681/362/341 1679/360/339
f 1681/362/341 1680/361/340 1682/363/325
f 1683/59/1182 1684/57/1182 1685/54/1183
f 1684/57/1182 1683/59/1182 1686/58/1182
f 1686/58/1182 1687/859/1182 1684/57/1182
f 1687/859/1182 1686/58/1182 1688/860/1183
f 1689/861/1184 1690/61/1184 1691/862/1184
f 1690/61/1184 1689/861/1184 1692/60/1184
f 1692/60/1184 1689/861/1184 1693/863/1184
f 1694/71/1184 1692/60/1184 1693/863/1184
f 1694/71/1184 1693/863/1184 1695/864/1184
f 1696/865/1185 1697/866/1186 1698/867/1186
f 1696/865/1185 1698/867/1186 1699/868/1187
f 1699/868/1187 1700/869/1188 1696/865/1185
f 1700/869/1188 1699/868/1187 1701/870/1189
f 1702/871/1190 1700/869/1188 1701/870/1189
f 1702/871/1190 1701/870/1189 1703/872/1190
f 1704/873/1191 1705/874/1192 1706/875/1193
f 1705/874/1192 1704/873/1191 1707/876/1194
f 1707/876/1194 1708/877/1195 1705/874/1192
f 1708/877/1195 1707/876/1194 1709/878/1195
f 1709/878/1195 1710/72/1196 1708/877/1195
f 1708/877/1195 1710/72/1196 1711/74/1196
f 1712/430/1197 1713/879/1198 1714/880/1199
f 1715/75/1200 1713/879/1198 1712/430/1197
f 1716/433/1201 1715/75/1200 1712/430/1197
f 1715/75/1200 1716/433/1201 1717/74/1202
f 1717/74/1202 1716/433/1201 1718/881/1203
f 1718/881/1203 1719/882/1204 1717/74/1202
f 1720/883/1205 1719/882/1204 1718/881/1203
f 1719/882/1204 1720/883/1205 1721/884/1205
f 1720/883/1205 1722/885/1206 1721/884/1205
f 1722/885/1206 1720/883/1205 1723/886/1207
f 1724/887/1208 1722/885/1206 1723/886/1207
f 1722/885/1206 1724/887/1208 1725/888/1208
f 1724/887/1208 1726/889/1209 1725/888/1208
f 1727/890/1210 1726/889/1209 1724/887/1208
f 1726/889/1209 1727/890/1210 1728/76/1211
f 1728/76/1211 1727/890/1210 1729/438/1212
f 1729/438/1212 1730/77/1213 1728/76/1211
f 1730/77/1213 1729/438/1212 1731/440/1214
f 1732/891/1215 1730/77/1213 1731/440/1214
f 1732/891/1215 1731/440/1214 1733/892/1216
f 1734/893/1217 1735/106/1218 1736/103/1219
f 1735/106/1218 1734/893/1217 1737/894/1220
f 1738/895/1221 1737/894/1220 1734/893/1217
f 1739/896/1221 1737/894/1220 1738/895/1221
f 1738/895/1221 1740/897/1222 1739/896/1221
f 1740/897/1222 1738/895/1221 1741/880/1222
f 1742/898/1223 1743/899/1224 1744/900/1224
f 1743/899/1224 1742/898/1223 1745/901/1225
f 1746/902/1226 1745/901/1225 1742/898/1223
f 1745/901/1225 1746/902/1226 1747/903/1227
f 1746/902/1226 1748/79/1228 1747/903/1227
f 1748/79/1228 1746/902/1226 1749/76/1228
f 1750/110/1229 1751/904/1230 1752/109/1231
f 1751/904/1230 1750/110/1229 1753/905/1232
f 1753/905/1232 1754/906/1233 1751/904/1230
f 1754/906/1233 1753/905/1232 1755/907/1233
f 1756/908/1234 1754/906/1233 1755/907/1233
f 1754/906/1233 1756/908/1234 1757/892/1234
f 1758/111/95 1759/909/1235 1760/112/1235
f 1758/111/95 1761/910/1236 1759/909/1235
f 1758/111/95 1762/911/1235 1761/910/1236
f 1763/912/1237 1764/913/1238 1765/914/1239
f 1764/913/1238 1763/912/1237 1766/915/1240
f 1767/916/1241 1766/915/1240 1763/912/1237
f 1766/915/1240 1767/916/1241 1768/917/1242
f 1768/917/1242 1767/916/1241 1769/918/1243
f 1770/919/1244 1769/918/1243 1767/916/1241
f 1769/918/1243 1770/919/1244 1771/920/1245
f 1772/921/1245 1771/920/1245 1770/919/1244
f 1773/922/1246 1771/920/1245 1772/921/1245
f 1771/920/1245 1773/922/1246 1774/923/1247
f 1775/924/1248 1774/923/1247 1773/922/1246
f 1774/923/1247 1775/924/1248 1776/925/1249
f 1775/924/1248 1777/926/1250 1776/925/1249
f 1777/926/1250 1775/924/1248 1778/927/1251
f 1778/927/1251 1779/928/1252 1777/926/1250
f 1779/928/1252 1778/927/1251 1780/929/1252
f 1781/111/95 1782/112/95 1783/909/95
f 1781/111/95 1783/909/95 1784/910/1235
f 1781/111/95 1784/910/1235 1785/911/1235
f 1786/913/1253 1787/912/1254 1788/914/1255
f 1787/912/1254 1786/913/1253 1789/915/1256
f 1789/915/1256 1790/916/1257 1787/912/1254
f 1790/916/1257 1789/915/1256 1791/917/1258
f 1790/916/1257 1791/917/1258 1792/918/1259
f 1790/916/1257 1792/918/1259 1793/919/1260
f 1793/919/1260 1792/918/1259 1794/920/1261
f 1793/919/1260 1794/920/1261 1795/921/1262
f 1794/920/1261 1796/922/1263 1795/921/1262
f 1796/922/1263 1794/920/1261 1797/923/1264
f 1797/923/1264 1798/924/1265 1796/922/1263
f 1798/924/1265 1797/923/1264 1799/925/1266
f 1800/926/1267 1798/924/1265 1799/925/1266
f 1800/926/1267 1801/927/1268 1798/924/1265
f 1802/928/1269 1801/927/1268 1800/926/1267
f 1801/927/1268 1802/928/1269 1803/929/1269
f 1804/930/1270 1805/488/1271 1806/931/1272
f 1805/488/1271 1804/930/1270 1807/486/1273
f 1804/930/1270 1808/484/1274 1807/486/1273
f 1808/484/1274 1804/930/1270 1809/932/1275
f 1809/932/1275 1810/482/1276 1808/484/1274
f 1810/482/1276 1809/932/1275 1811/933/1277
f 1811/933/1277 1812/480/1278 1810/482/1276
f 1812/480/1278 1811/933/1277 1813/934/1279
f 1813/934/1279 1814/935/1280 1812/480/1278
f 1814/935/1280 1813/934/1279 1815/936/1281
f 1815/936/1281 1816/937/1282 1814/935/1280
f 1817/938/1283 1815/936/1281 1813/934/1279
f 1815/936/1281 1818/939/1284 1816/937/1282
f 1818/939/1284 1815/936/1281 1819/940/1285
f 1819/940/1285 1815/936/1281 1817/938/1283
f 1818/939/1284 1819/940/1285 1820/941/1286
f 1821/488/1287 1822/930/1288 1823/931/1289
f 1822/930/1288 1821/488/1287 1824/486/1290
f 1825/484/1291 1822/930/1288 1824/486/1290
f 1822/930/1288 1825/484/1291 1826/932/1292
f 1827/482/1293 1826/932/1292 1825/484/1291
f 1826/932/1292 1827/482/1293 1828/933/1294
f 1829/480/1295 1828/933/1294 1827/482/1293
f 1828/933/1294 1829/480/1295 1830/934/1296
f 1831/935/1297 1830/934/1296 1829/480/1295
f 1830/934/1296 1831/935/1297 1832/936/1298
f 1832/936/1298 1831/935/1297 1833/937/1299
f 1832/936/1298 1834/938/1300 1830/934/1296
f 1833/937/1299 1835/939/1301 1832/936/1298
f 1836/940/1302 1832/936/1298 1835/939/1301
f 1836/940/1302 1834/938/1300 1832/936/1298
f 1835/939/1301 1837/941/1303 1836/940/1302
f 1838/942/727 1839/943/180 1840/944/180
f 1839/943/180 1838/942/727 1841/945/727
f 1838/942/727 1842/946/1304 1841/945/727
f 1842/946/1304 1838/942/727 1843/947/725
f 1842/946/1304 1843/947/725 1844/948/724
f 1844/948/724 1843/947/725 1845/949/724
f 1846/950/722 1844/948/724 1845/949/724
f 1844/948/724 1846/950/722 1847/951/1305
f 1848/952/1306 1847/951/1305 1846/950/722
f 1847/951/1305 1848/952/1306 1849/953/1307
f 1850/954/1308 1849/953/1307 1848/952/1306
f 1849/953/1307 1850/954/1308 1851/955/1308
f 1850/954/1308 1852/956/193 1851/955/1308
f 1852/956/193 1850/954/1308 1853/957/193
f 1854/958/1309 1855/959/1310 1856/960/1309
f 1855/959/1310 1854/958/1309 1857/961/1311
f 1858/962/1311 1855/959/1310 1857/961/1311
f 1855/959/1310 1858/962/1311 1859/963/1312
f 1860/964/1313 1859/963/1312 1858/962/1311
f 1861/965/1312 1860/964/1313 1858/962/1311
f 1860/964/1313 1861/965/1312 1862/966/1314
f 1862/966/1314 1861/965/1312 1863/967/1313
f 1864/968/1314 1862/966/1314 1863/967/1313
f 1862/966/1314 1864/968/1314 1865/969/1312
f 1864/968/1314 1866/970/1311 1865/969/1312
f 1864/968/1314 1867/971/1314 1866/970/1311
f 1868/972/1315 1866/970/1311 1867/971/1314
f 1866/970/1311 1868/972/1315 1869/973/1312
f 1870/974/1316 1871/975/1317 1872/976/1318
f 1871/975/1317 1870/974/1316 1873/977/1317
f 1874/978/1319 1873/977/1317 1870/974/1316
f 1874/978/1319 1870/974/1316 1875/979/1317
f 1876/980/1320 1874/978/1319 1875/979/1317
f 1874/978/1319 1876/980/1320 1877/981/1321
f 1878/982/1322 1877/981/1321 1876/980/1320
f 1877/981/1321 1878/982/1322 1879/983/1323
f 1879/983/1323 1878/982/1322 1880/984/1321
f 1878/982/1322 1881/985/1319 1880/984/1321
f 1882/986/1324 1880/984/1321 1881/985/1319
f 1880/984/1321 1882/986/1324 1883/987/1322
f 1882/986/1324 1884/988/1317 1883/987/1322
f 1884/988/1317 1882/986/1324 1885/989/1325
f 1886/990/1326 1887/991/1327 1888/992/1328
f 1887/991/1327 1886/990/1326 1889/993/1329
f 1890/994/1329 1887/991/1327 1889/993/1329
f 1887/991/1327 1890/994/1329 1891/995/1330
f 1892/996/1329 1891/995/1330 1890/994/1329
f 1891/995/1330 1892/996/1329 1893/997/1329
f 1894/998/1331 1893/997/1329 1892/996/1329
f 1894/998/1331 1892/996/1329 1895/999/1329
f 1895/999/1329 1896/1000/1329 1894/998/1331
f 1896/1000/1329 1895/999/1329 1897/1001/1329
f 1897/1001/1329 1898/1002/1332 1896/1000/1329
f 1897/1001/1329 1899/1003/1329 1898/1002/1332
f 1900/1004/1333 1898/1002/1332 1899/1003/1329
f 1898/1002/1332 1900/1004/1333 1901/1005/1334
f 1902/1006/1335 1903/33/1336 1904/1007/1337
f 1903/33/1336 1902/1006/1335 1905/772/1338
f 1902/1006/1335 1906/773/1339 1905/772/1338
f 1906/773/1339 1902/1006/1335 1907/776/1340
f 1908/204/819 1909/206/1341 1910/1008/1342
f 1910/1008/1342 1909/206/1341 1911/1009/1343
f 1909/206/1341 1912/1010/1344 1911/1009/1343
f 1913/207/1345 1912/1010/1344 1909/206/1341
f 1912/1010/1344 1913/207/1345 1914/1011/1346
f 1915/1012/1347 1912/1010/1344 1914/1011/1346
f 1914/1011/1346 1916/1013/1348 1915/1012/1347
f 1914/1011/1346 1913/207/1345 1917/1014/1349
f 1917/1014/1349 1918/1015/1350 1914/1011/1346
f 1916/1013/1348 1914/1011/1346 1918/1015/1350
f 1918/1015/1350 1919/1016/1351 1916/1013/1348
f 1913/207/1345 1920/732/1352 1917/1014/1349
f 1919/1016/1351 1918/1015/1350 1921/1017/1353
f 1921/1017/1353 1922/1018/1354 1919/1016/1351
f 1923/1019/1355 1921/1017/1353 1918/1015/1350
f 1918/1015/1350 1917/1014/1349 1923/1019/1355
f 1922/1018/1354 1921/1017/1353 1924/1020/1356
f 1924/1020/1356 1925/1021/1357 1922/1018/1354
f 1924/1020/1356 1926/1022/1358 1925/1021/1357
f 1924/1020/1356 1927/1023/1359 1926/1022/1358
f 1921/1017/1353 1927/1023/1359 1924/1020/1356
f 1921/1017/1353 1923/1019/1355 1928/1024/1360
f 1927/1023/1359 1921/1017/1353 1928/1024/1360
f 1929/1025/1361 1928/1024/1360 1923/1019/1355
f 1917/1014/1349 1929/1025/1361 1923/1019/1355
f 1930/1026/1362 1926/1022/1358 1927/1023/1359
f 1926/1022/1358 1930/1026/1362 1931/1027/1363
f 1931/1027/1363 1930/1026/1362 1932/730/1364
f 1930/1026/1362 1933/218/1365 1932/730/1364
f 1933/218/1365 1930/1026/1362 1934/1028/1366
f 1934/1028/1366 1927/1023/1359 1928/1024/1360
f 1927/1023/1359 1934/1028/1366 1930/1026/1362
f 1934/1028/1366 1935/717/1367 1933/218/1365
f 1928/1024/1360 1935/717/1367 1934/1028/1366
f 1936/1029/1368 1928/1024/1360 1929/1025/1361
f 1935/717/1367 1928/1024/1360 1936/1029/1368
f 1937/718/1369 1935/717/1367 1936/1029/1368
f 1936/1029/1368 1929/1025/1361 1938/1030/1370
f 1938/1030/1370 1937/718/1369 1936/1029/1368
f 1929/1025/1361 1917/1014/1349 1939/1031/1371
f 1920/732/1352 1939/1031/1371 1917/1014/1349
f 1938/1030/1370 1929/1025/1361 1939/1031/1371
f 1940/1032/1372 1938/1030/1370 1939/1031/1371
f 1920/732/1352 1940/1032/1372 1939/1031/1371
f 1938/1030/1370 1940/1032/1372 1941/1033/1373
f 1940/1032/1372 1920/732/1352 1942/734/1374
f 1940/1032/1372 1942/734/1374 1943/1034/1375
f 1943/1034/1375 1941/1033/1373 1940/1032/1372
f 1944/736/1376 1943/1034/1375 1942/734/1374
f 1945/726/1377 1946/209/1378 1947/208/1379
f 1946/209/1378 1945/726/1377 1948/721/1380
f 1949/222/1381 1948/721/1380 1945/726/1377
f 1945/726/1377 1950/221/1382 1949/222/1381
f 1951/1035/1327 1952/1036/1327 1953/1037/1130
f 1952/1036/1327 1951/1035/1327 1954/1038/1383
f 1955/788/1384 1952/1036/1327 1954/1038/1383
f 1952/1036/1327 1955/788/1384 1956/1039/1385
f 1957/1006/1335 1958/1007/1386 1959/33/1387
f 1960/772/1388 1957/1006/1335 1959/33/1387
f 1961/773/1389 1957/1006/1335 1960/772/1388
f 1957/1006/1335 1961/773/1389 1962/776/1390
f 1963/204/1391 1964/1008/1392 1965/206/1393
f 1964/1008/1392 1966/1009/1394 1965/206/1393
f 1967/1010/1395 1965/206/1393 1966/1009/1394
f 1965/206/1393 1967/1010/1395 1968/207/1396
f 1967/1010/1395 1969/1011/1397 1968/207/1396
f 1970/1012/1398 1969/1011/1397 1967/1010/1395
f 1971/1013/1399 1969/1011/1397 1970/1012/1398
f 1969/1011/1397 1972/1014/1400 1968/207/1396
f 1969/1011/1397 1971/1013/1399 1973/1015/1401
f 1973/1015/1401 1972/1014/1400 1969/1011/1397
f 1971/1013/1399 1974/1016/1402 1973/1015/1401
f 1968/207/1396 1972/1014/1400 1975/732/1403
f 1973/1015/1401 1974/1016/1402 1976/1017/1404
f 1977/1018/1405 1976/1017/1404 1974/1016/1402
f 1976/1017/1404 1978/1019/1406 1973/1015/1401
f 1972/1014/1400 1973/1015/1401 1978/1019/1406
f 1976/1017/1404 1977/1018/1405 1979/1020/1407
f 1979/1020/1407 1977/1018/1405 1980/1021/1408
f 1979/1020/1407 1980/1021/1408 1981/1022/1409
f 1979/1020/1407 1981/1022/1409 1982/1023/1410
f 1976/1017/1404 1979/1020/1407 1982/1023/1410
f 1983/1024/1411 1976/1017/1404 1982/1023/1410
f 1978/1019/1406 1976/1017/1404 1983/1024/1411
f 1984/1025/1412 1972/1014/1400 1978/1019/1406
f 1984/1025/1412 1978/1019/1406 1983/1024/1411
f 1981/1022/1409 1985/1026/1413 1982/1023/1410
f 1985/1026/1413 1981/1022/1409 1986/1027/1414
f 1986/1027/1414 1987/730/1415 1985/1026/1413
f 1988/218/1416 1985/1026/1413 1987/730/1415
f 1989/1028/1417 1982/1023/1410 1985/1026/1413
f 1985/1026/1413 1988/218/1416 1989/1028/1417
f 1982/1023/1410 1989/1028/1417 1983/1024/1411
f 1990/717/1418 1983/1024/1411 1989/1028/1417
f 1989/1028/1417 1988/218/1416 1990/717/1418
f 1983/1024/1411 1990/717/1418 1991/1029/1419
f 1991/1029/1419 1984/1025/1412 1983/1024/1411
f 1992/718/1420 1991/1029/1419 1990/717/1418
f 1991/1029/1419 1993/1030/1421 1984/1025/1412
f 1991/1029/1419 1992/718/1420 1993/1030/1421
f 1993/1030/1421 1994/1031/1422 1984/1025/1412
f 1984/1025/1412 1994/1031/1422 1972/1014/1400
f 1975/732/1403 1972/1014/1400 1994/1031/1422
f 1975/732/1403 1994/1031/1422 1995/1032/1423
f 1994/1031/1422 1993/1030/1421 1995/1032/1423
f 1996/1033/1424 1995/1032/1423 1993/1030/1421
f 1975/732/1403 1995/1032/1423 1997/734/1425
f 1995/1032/1423 1996/1033/1424 1998/1034/1426
f 1998/1034/1426 1997/734/1425 1995/1032/1423
f 1998/1034/1426 1999/736/1427 1997/734/1425
f 2000/209/1428 2001/726/1429 2002/208/1430
f 2001/726/1429 2000/209/1428 2003/721/1261
f 2004/222/1431 2001/726/1429 2003/721/1261
f 2005/221/1432 2001/726/1429 2004/222/1431
f 2006/1036/1327 2007/1035/1433 2008/1037/1327
f 2007/1035/1433 2006/1036/1327 2009/1038/1434
f 2010/788/1326 2009/1038/1434 2006/1036/1327
f 2006/1036/1327 2011/1039/1435 2010/788/1326
f 2012/1040/1436 2013/1041/1437 2014/1042/1438
f 2014/1042/1438 2015/1043/1439 2012/1040/1436
f 2016/1044/1051 2012/1040/1436 2015/1043/1439
f 2012/1040/1436 2016/1044/1051 2017/1045/1440
f 2018/1046/1441 2019/790/1442 2020/224/1443
f 2019/790/1442 2018/1046/1441 2021/1047/1444
f 2019/790/1442 2021/1047/1444 2022/1048/1445
f 2021/1047/1444 2023/1049/1446 2022/1048/1445
f 2024/791/1447 2019/790/1442 2022/1048/1445
f 2023/1049/1446 2025/1050/1448 2022/1048/1445
f 2025/1050/1448 2023/1049/1446 2026/1051/1449
f 2025/1050/1448 2026/1051/1449 2027/797/1450
f 2025/1050/1448 2027/797/1450 2028/799/1451
f 2029/801/1452 2025/1050/1448 2028/799/1451
f 2022/1048/1445 2025/1050/1448 2030/1052/1453
f 2030/1052/1453 2025/1050/1448 2029/801/1452
f 2024/791/1447 2022/1048/1445 2030/1052/1453
f 2031/1053/1454 2024/791/1447 2030/1052/1453
f 2031/1053/1454 2030/1052/1453 2029/801/1452
f 2029/801/1452 2032/802/1455 2031/1053/1454
f 2024/791/1447 2031/1053/1454 2033/792/1456
f 2032/802/1455 2033/792/1456 2031/1053/1454
f 2034/42/1457 2035/1054/1458 2036/1055/1459
f 2035/1054/1458 2034/42/1457 2037/36/1460
f 2038/239/1461 2035/1054/1458 2037/36/1460
f 2035/1054/1458 2038/239/1461 2039/1056/1462
f 2040/1040/1169 2041/1042/1463 2042/1041/1464
f 2041/1042/1463 2040/1040/1169 2043/1043/1465
f 2040/1040/1169 2044/1044/256 2043/1043/1465
f 2044/1044/256 2040/1040/1169 2045/1045/1466
f 2046/790/1467 2047/1046/1441 2048/224/1468
f 2047/1046/1441 2046/790/1467 2049/1047/1444
f 2046/790/1467 2050/1048/1469 2049/1047/1444
f 2049/1047/1444 2050/1048/1469 2051/1049/1446
f 2052/791/1470 2050/1048/1469 2046/790/1467
f 2053/1050/1471 2051/1049/1446 2050/1048/1469
f 2051/1049/1446 2053/1050/1471 2054/1051/1472
f 2054/1051/1472 2053/1050/1471 2055/797/1473
f 2056/799/1474 2055/797/1473 2053/1050/1471
f 2057/801/1475 2056/799/1474 2053/1050/1471
f 2050/1048/1469 2058/1052/1476 2053/1050/1471
f 2053/1050/1471 2058/1052/1476 2057/801/1475
f 2052/791/1470 2058/1052/1476 2050/1048/1469
f 2052/791/1470 2059/1053/1477 2058/1052/1476
f 2059/1053/1477 2057/801/1475 2058/1052/1476
f 2057/801/1475 2059/1053/1477 2060/802/1478
f 2060/802/1478 2059/1053/1477 2061/792/1479
f 2059/1053/1477 2052/791/1470 2061/792/1479
f 2062/1054/1480 2063/42/1481 2064/1055/1482
f 2065/36/1483 2063/42/1481 2062/1054/1480
f 2062/1054/1480 2066/239/1461 2065/36/1483
f 2066/239/1461 2062/1054/1480 2067/1056/1462
f 2068/1057/1484 2069/1058/1485 2070/1059/1484
f 2069/1058/1485 2068/1057/1484 2071/1060/1486
f 2071/1060/1486 2072/860/1487 2069/1058/1485
f 2069/1058/1485 2072/860/1487 2073/1061/1488
f 2071/1060/1486 2074/859/1489 2072/860/1487
f 2074/859/1489 2071/1060/1486 2075/1062/1490
f 2076/866/1491 2077/419/1492 2078/416/1493
f 2077/419/1492 2076/866/1491 2079/865/1494
f 2080/869/1495 2077/419/1492 2079/865/1494
f 2081/1063/1496 2077/419/1492 2080/869/1495
f 2080/869/1495 2082/1064/1497 2081/1063/1496
f 2082/1064/1497 2080/869/1495 2083/871/1498
f 2084/870/1499 2085/1065/1500 2086/872/1501
f 2085/1065/1500 2084/870/1499 2087/1066/1502
f 2084/870/1499 2088/418/1503 2087/1066/1502
f 2088/418/1503 2084/870/1499 2089/868/1504
f 2089/868/1504 2090/867/1505 2088/418/1503
f 2088/418/1503 2090/867/1505 2091/417/1506
f 2092/880/370 2093/431/370 2094/430/370
f 2093/431/370 2092/880/370 2095/1067/370
f 2095/1067/370 2092/880/370 2096/1068/370
f 2092/880/370 2097/895/370 2096/1068/370
f 2096/1068/370 2097/895/370 2098/1069/370
f 2097/895/370 2099/893/370 2098/1069/370
f 2099/893/370 2100/1070/370 2098/1069/370
f 2101/103/370 2100/1070/370 2099/893/370
f 2101/103/370 2102/1071/370 2100/1070/370
f 2102/1071/370 2101/103/370 2103/105/370
f 2104/109/370 2102/1071/370 2103/105/370
f 2102/1071/370 2104/109/370 2105/1072/370
f 2106/904/370 2105/1072/370 2104/109/370
f 2105/1072/370 2106/904/370 2107/1073/367
f 2107/1073/367 2106/904/370 2108/906/367
f 2107/1073/367 2108/906/367 2109/1074/367
f 2108/906/367 2110/892/370 2109/1074/367
f 2110/892/370 2111/1075/370 2109/1074/367
f 2110/892/370 2112/441/370 2111/1075/370
f 2112/441/370 2110/892/370 2113/440/370
f 2114/84/1235 2115/1076/1235 2116/1077/1235
f 2114/84/1235 2117/1078/1235 2115/1076/1235
f 2114/84/1235 2118/1079/1235 2117/1078/1235
f 2114/84/1235 2119/86/1235 2118/1079/1235
f 2120/84/95 2121/1077/95 2122/1076/1235
f 2120/84/95 2122/1076/1235 2123/1078/1235
f 2120/84/95 2123/1078/1235 2124/1079/1235
f 2120/84/95 2124/1079/1235 2125/86/1236
f 2126/1080/1507 2127/1081/1507 2128/1082/1507
f 2127/1081/1507 2126/1080/1507 2129/1083/1508
f 2129/1083/1508 2130/442/1509 2127/1081/1507
f 2131/1084/1507 2129/1083/1508 2126/1080/1507
f 2130/442/1509 2129/1083/1508 2132/445/1510
f 2133/1085/1511 2132/445/1510 2129/1083/1508
f 2129/1083/1508 2131/1084/1507 2133/1085/1511
f 2133/1085/1511 2131/1084/1507 2134/1086/1507
f 2132/445/1510 2133/1085/1511 2135/447/1512
f 2135/447/1512 2133/1085/1511 2136/1087/1513
f 2133/1085/1511 2134/1086/1507 2136/1087/1513
f 2134/1086/1507 2137/1088/1507 2136/1087/1513
f 2135/447/1512 2136/1087/1513 2138/1089/1514
f 2137/1088/1507 2138/1089/1514 2136/1087/1513
f 2135/447/1512 2138/1089/1514 2139/449/1515
f 2137/1088/1507 2140/1090/1507 2138/1089/1514
f 2139/449/1515 2138/1089/1514 2141/1091/1516
f 2140/1090/1507 2141/1091/1516 2138/1089/1514
f 2140/1090/1507 2142/1092/1507 2141/1091/1516
f 2143/1093/1516 2141/1091/1516 2142/1092/1507
f 2139/449/1515 2141/1091/1516 2143/1093/1516
f 2143/1093/1516 2144/451/1512 2139/449/1515
f 2142/1092/1507 2145/1094/1507 2143/1093/1516
f 2144/451/1512 2143/1093/1516 2146/1095/1517
f 2146/1095/1517 2143/1093/1516 2145/1094/1507
f 2146/1095/1517 2147/452/1512 2144/451/1512
f 2148/1096/1507 2146/1095/1517 2145/1094/1507
f 2146/1095/1517 2148/1096/1507 2149/1097/1518
f 2147/452/1512 2146/1095/1517 2149/1097/1518
f 2148/1096/1507 2150/1098/1519 2149/1097/1518
f 2150/1098/1519 2147/452/1512 2149/1097/1518
f 2147/452/1512 2150/1098/1519 2151/455/1512
f 2150/1098/1519 2148/1096/1507 2152/1099/1507
f 2151/455/1512 2150/1098/1519 2153/1100/1520
f 2152/1099/1507 2153/1100/1520 2150/1098/1519
f 2151/455/1512 2153/1100/1520 2154/456/1521
f 2153/1100/1520 2152/1099/1507 2155/1101/1507
f 2153/1100/1520 2156/1102/1522 2154/456/1521
f 2156/1102/1522 2153/1100/1520 2155/1101/1507
f 2155/1101/1507 2157/1103/1507 2156/1102/1522
f 2158/1104/1523 2156/1102/1522 2157/1103/1507
f 2154/456/1521 2156/1102/1522 2158/1104/1523
f 2154/456/1521 2158/1104/1523 2159/458/1524
f 2157/1103/1507 2160/1105/1507 2158/1104/1523
f 2161/1106/1525 2158/1104/1523 2160/1105/1507
f 2161/1106/1525 2159/458/1524 2158/1104/1523
f 2160/1105/1507 2162/1107/1507 2161/1106/1525
f 2161/1106/1525 2162/1107/1507 2163/1108/1526
f 2159/458/1524 2161/1106/1525 2163/1108/1526
f 2163/1108/1526 2164/460/1515 2159/458/1524
f 2162/1107/1507 2165/1109/1507 2163/1108/1526
f 2165/1109/1507 2166/1110/1527 2163/1108/1526
f 2166/1110/1527 2164/460/1515 2163/1108/1526
f 2166/1110/1527 2167/462/1512 2164/460/1515
f 2165/1109/1507 2168/1111/1507 2166/1110/1527
f 2169/1112/1507 2167/462/1512 2166/1110/1527
f 2168/1111/1507 2169/1112/1507 2166/1110/1527
f 2168/1111/1507 2170/1113/1507 2169/1112/1507
f 2171/1007/1528 2172/33/1529 2173/1114/1530
f 2172/33/1529 2174/1115/1531 2173/1114/1530
f 2175/32/1532 2174/1115/1531 2172/33/1529
f 2174/1115/1531 2176/1116/1528 2173/1114/1530
f 2174/1115/1531 2175/32/1532 2177/780/1533
f 2174/1115/1531 2177/780/1533 2178/1117/1534
f 2176/1116/1528 2174/1115/1531 2178/1117/1534
f 2178/1117/1534 2179/1118/1535 2176/1116/1528
f 2177/780/1533 2180/782/1536 2178/1117/1534
f 2180/782/1536 2181/1119/1537 2178/1117/1534
f 2179/1118/1535 2178/1117/1534 2181/1119/1537
f 2181/1119/1537 2180/782/1536 2182/784/1538
f 2182/784/1538 2183/786/1539 2181/1119/1537
f 2181/1119/1537 2183/786/1539 2184/1120/1540
f 2184/1120/1540 2179/1118/1535 2181/1119/1537
f 2183/786/1539 2185/788/1541 2184/1120/1540
f 2179/1118/1535 2184/1120/1540 2186/1121/1542
f 2184/1120/1540 2187/1038/1543 2186/1121/1542
f 2184/1120/1540 2185/788/1541 2187/1038/1543
f 2186/1121/1542 2187/1038/1543 2188/1035/1544
f 2189/1122/1545 2190/27/1546 2191/97/1547
f 2190/27/1546 2189/1122/1545 2192/1123/1548
f 2193/216/1549 2192/1123/1548 2189/1122/1545
f 2192/1123/1548 2194/28/1550 2190/27/1546
f 2192/1123/1548 2193/216/1549 2195/214/1551
f 2194/28/1550 2192/1123/1548 2196/1124/1552
f 2195/214/1551 2196/1124/1552 2192/1123/1548
f 2196/1124/1552 2195/214/1551 2197/212/1553
f 2198/1125/1554 2194/28/1550 2196/1124/1552
f 2198/1125/1554 2196/1124/1552 2197/212/1553
f 2199/210/1555 2198/1125/1554 2197/212/1553
f 2198/1125/1554 2199/210/1555 2200/209/1556
f 2194/28/1550 2198/1125/1554 2201/777/1557
f 2200/209/1556 2202/722/1558 2198/1125/1554
f 2201/777/1557 2198/1125/1554 2202/722/1558
f 2202/722/1558 2203/724/1559 2201/777/1557
f 2204/1007/1560 2205/1114/1561 2206/33/1562
f 2206/33/1562 2205/1114/1561 2207/1115/1563
f 2208/32/1564 2206/33/1562 2207/1115/1563
f 2207/1115/1563 2205/1114/1561 2209/1116/1565
f 2208/32/1564 2207/1115/1563 2210/780/1566
f 2207/1115/1563 2211/1117/1567 2210/780/1566
f 2207/1115/1563 2209/1116/1565 2211/1117/1567
f 2212/1118/1568 2211/1117/1567 2209/1116/1565
f 2210/780/1566 2211/1117/1567 2213/782/1569
f 2211/1117/1567 2212/1118/1568 2214/1119/1570
f 2214/1119/1570 2213/782/1569 2211/1117/1567
f 2213/782/1569 2214/1119/1570 2215/784/1571
f 2216/786/1572 2215/784/1571 2214/1119/1570
f 2217/1120/1573 2214/1119/1570 2212/1118/1568
f 2214/1119/1570 2217/1120/1573 2216/786/1572
f 2218/788/1574 2216/786/1572 2217/1120/1573
f 2212/1118/1568 2219/1121/1575 2217/1120/1573
f 2220/1038/1576 2217/1120/1573 2219/1121/1575
f 2217/1120/1573 2220/1038/1576 2218/788/1574
f 2219/1121/1575 2221/1035/1577 2220/1038/1576
f 2222/27/1578 2223/1122/1579 2224/97/1580
f 2223/1122/1579 2222/27/1578 2225/1123/1581
f 2225/1123/1581 2226/216/1582 2223/1122/1579
f 2227/28/1583 2225/1123/1581 2222/27/1578
f 2226/216/1582 2225/1123/1581 2228/214/1584
f 2225/1123/1581 2227/28/1583 2229/1124/1585
f 2229/1124/1585 2228/214/1584 2225/1123/1581
f 2228/214/1584 2229/1124/1585 2230/212/1586
f 2231/1125/1587 2230/212/1586 2229/1124/1585
f 2227/28/1583 2231/1125/1587 2229/1124/1585
f 2230/212/1586 2231/1125/1587 2232/210/1588
f 2232/210/1588 2231/1125/1587 2233/209/1589
f 2231/1125/1587 2227/28/1583 2234/777/1590
f 2231/1125/1587 2234/777/1590 2235/722/1591
f 2233/209/1589 2231/1125/1587 2235/722/1591
f 2235/722/1591 2234/777/1590 2236/724/1592
f 2237/809/1593 2238/1126/1594 2239/811/1595
f 2238/1126/1594 2237/809/1593 2240/1127/1596
f 2240/1127/1596 2241/820/1597 2238/1126/1594
f 2242/807/1598 2240/1127/1596 2237/809/1593
f 2241/820/1597 2240/1127/1596 2243/818/1599
f 2244/1128/1600 2243/818/1599 2240/1127/1596
f 2240/1127/1596 2242/807/1598 2244/1128/1600
f 2245/806/1601 2244/1128/1600 2242/807/1598
f 2244/1128/1600 2246/814/1602 2243/818/1599
f 2244/1128/1600 2245/806/1601 2247/1129/1603
f 2247/1129/1603 2246/814/1602 2244/1128/1600
f 2246/814/1602 2247/1129/1603 2248/815/1604
f 2249/800/1605 2250/812/1606 2251/803/1607
f 2250/812/1606 2249/800/1605 2252/1130/1608
f 2252/1130/1608 2253/810/1609 2250/812/1606
f 2254/796/1610 2252/1130/1608 2249/800/1605
f 2253/810/1609 2252/1130/1608 2255/808/1611
f 2256/1131/1245 2255/808/1611 2252/1130/1608
f 2252/1130/1608 2254/796/1610 2256/1131/1245
f 2257/798/1612 2256/1131/1245 2254/796/1610
f 2255/808/1611 2256/1131/1245 2258/804/1613
f 2259/1132/1614 2258/804/1613 2256/1131/1245
f 2256/1131/1245 2257/798/1612 2259/1132/1614
f 2258/804/1613 2259/1132/1614 2260/805/1615
f 2261/224/1616 2262/1133/1617 2263/1046/1618
f 2262/1133/1617 2261/224/1616 2264/1134/1619
f 2264/1134/1619 2265/1135/1620 2262/1133/1617
f 2264/1134/1619 2261/224/1616 2266/223/1621
f 2266/223/1621 2267/1136/1622 2264/1134/1619
f 2265/1135/1620 2264/1134/1619 2267/1136/1622
f 2268/1137/1623 2265/1135/1620 2267/1136/1622
f 2265/1135/1620 2268/1137/1623 2269/1138/1624
f 2267/1136/1622 2270/1139/1625 2268/1137/1623
f 2267/1136/1622 2266/223/1621 2270/1139/1625
f 2271/226/1626 2270/1139/1625 2266/223/1621
f 2270/1139/1625 2272/1140/1627 2268/1137/1623
f 2271/226/1626 2273/228/1628 2274/1141/1629
f 2270/1139/1625 2271/226/1626 2275/1142/1630
f 2271/226/1626 2274/1141/1629 2275/1142/1630
f 2275/1142/1630 2272/1140/1627 2270/1139/1625
f 2272/1140/1627 2275/1142/1630 2276/1143/1631
f 2275/1142/1630 2274/1141/1629 2277/1144/1632
f 2275/1142/1630 2277/1144/1632 2276/1143/1631
f 2278/1126/1633 2279/809/1634 2280/811/1635
f 2279/809/1634 2278/1126/1633 2281/1127/1636
f 2282/820/1637 2281/1127/1636 2278/1126/1633
f 2281/1127/1636 2283/807/1638 2279/809/1634
f 2281/1127/1636 2282/820/1637 2284/818/1639
f 2285/1128/1640 2281/1127/1636 2284/818/1639
f 2283/807/1638 2281/1127/1636 2285/1128/1640
f 2285/1128/1640 2286/806/1641 2283/807/1638
f 2285/1128/1640 2284/818/1639 2287/814/1642
f 2286/806/1641 2285/1128/1640 2288/1129/1643
f 2287/814/1642 2288/1129/1643 2285/1128/1640
f 2288/1129/1643 2287/814/1642 2289/815/1644
f 2290/812/1645 2291/800/1646 2292/803/1647
f 2291/800/1646 2290/812/1645 2293/1130/1648
f 2294/810/1649 2293/1130/1648 2290/812/1645
f 2293/1130/1648 2295/796/1650 2291/800/1646
f 2293/1130/1648 2294/810/1649 2296/808/1651
f 2296/808/1651 2297/1131/1652 2293/1130/1648
f 2295/796/1650 2293/1130/1648 2297/1131/1652
f 2297/1131/1652 2298/798/1653 2295/796/1650
f 2297/1131/1652 2296/808/1651 2299/804/1654
f 2299/804/1654 2300/1132/1655 2297/1131/1652
f 2298/798/1653 2297/1131/1652 2300/1132/1655
f 2300/1132/1655 2299/804/1654 2301/805/1656
f 2302/1133/1657 2303/224/1658 2304/1046/1659
f 2303/224/1658 2302/1133/1657 2305/1134/1660
f 2305/1134/1660 2306/223/1661 2303/224/1658
f 2307/1135/1662 2305/1134/1660 2302/1133/1657
f 2308/1136/1663 2305/1134/1660 2307/1135/1662
f 2308/1136/1663 2306/223/1661 2305/1134/1660
f 2309/1138/1664 2310/1137/1665 2307/1135/1662
f 2308/1136/1663 2307/1135/1662 2310/1137/1665
f 2310/1137/1665 2311/1139/1666 2308/1136/1663
f 2306/223/1661 2308/1136/1663 2311/1139/1666
f 2312/226/1667 2306/223/1661 2311/1139/1666
f 2311/1139/1666 2310/1137/1665 2313/1140/1668
f 2312/226/1667 2314/1144/1669 2315/228/1670
f 2311/1139/1666 2316/1142/1671 2312/226/1667
f 2314/1144/1669 2312/226/1667 2316/1142/1671
f 2316/1142/1671 2311/1139/1666 2313/1140/1668
f 2316/1142/1671 2313/1140/1668 2317/1143/1672
f 2314/1144/1669 2316/1142/1671 2317/1143/1672
f 2318/1145/1673 2319/1146/1674 2320/1147/1675
f 2319/1146/1674 2321/1148/1676 2320/1147/1675
f 2322/1149/1677 2321/1148/1676 2319/1146/1674
f 2321/1148/1676 2323/1150/1678 2320/1147/1675
f 2321/1148/1676 2322/1149/1677 2324/1151/1679
f 2324/1151/1679 2325/1152/1680 2321/1148/1676
f 2323/1150/1678 2321/1148/1676 2325/1152/1680
f 2326/1153/1681 2323/1150/1678 2325/1152/1680
f 2323/1150/1678 2326/1153/1681 2327/1154/1682
f 2324/1151/1679 2328/1155/1683 2325/1152/1680
f 2328/1155/1683 2326/1153/1681 2325/1152/1680
f 2329/1156/1684 2324/1151/1679 2322/1149/1677
f 2330/1157/1685 2329/1156/1684 2322/1149/1677
f 2329/1156/1684 2331/1158/1686 2324/1151/1679
f 2324/1151/1679 2331/1158/1686 2328/1155/1683
f 2328/1155/1683 2332/1159/1687 2326/1153/1681
f 2331/1158/1686 2332/1159/1687 2328/1155/1683
f 2332/1159/1687 2333/1160/1688 2326/1153/1681
f 2333/1160/1688 2327/1154/1682 2326/1153/1681
f 2334/1161/1689 2327/1154/1682 2333/1160/1688
f 2333/1160/1688 2335/1162/1690 2334/1161/1689
f 2332/1159/1687 2331/1158/1686 2336/1163/1691
f 2335/1162/1690 2333/1160/1688 2337/1164/1692
f 2337/1164/1692 2338/1165/1693 2335/1162/1690
f 2338/1165/1693 2337/1164/1692 2339/1166/1694
f 2333/1160/1688 2332/1159/1687 2340/1167/1695
f 2337/1164/1692 2333/1160/1688 2340/1167/1695
f 2336/1163/1691 2340/1167/1695 2332/1159/1687
f 2341/1168/1696 2337/1164/1692 2340/1167/1695
f 2341/1168/1696 2339/1166/1694 2337/1164/1692
f 2339/1166/1694 2341/1168/1696 2342/1169/1697
f 2343/1170/1698 2341/1168/1696 2340/1167/1695
f 2340/1167/1695 2336/1163/1691 2343/1170/1698
f 2341/1168/1696 2343/1170/1698 2344/1171/1699
f 2344/1171/1699 2342/1169/1697 2341/1168/1696
f 2342/1169/1697 2344/1171/1699 2345/1172/1700
f 2346/1173/1701 2343/1170/1698 2336/1163/1691
f 2347/1174/1702 2345/1172/1700 2344/1171/1699
f 2345/1172/1700 2347/1174/1702 2348/1175/1703
f 2347/1174/1702 2349/1176/1704 2348/1175/1703
f 2350/1177/1705 2344/1171/1699 2343/1170/1698
f 2344/1171/1699 2350/1177/1705 2347/1174/1702
f 2343/1170/1698 2346/1173/1701 2350/1177/1705
f 2350/1177/1705 2351/1178/1706 2347/1174/1702
f 2349/1176/1704 2347/1174/1702 2351/1178/1706
f 2351/1178/1706 2352/1179/1707 2349/1176/1704
f 2351/1178/1706 2350/1177/1705 2353/1180/1708
f 2346/1173/1701 2353/1180/1708 2350/1177/1705
f 2353/1180/1708 2354/1181/1709 2351/1178/1706
f 2352/1179/1707 2351/1178/1706 2354/1181/1709
f 2354/1181/1709 2355/1182/1710 2352/1179/1707
f 2353/1180/1708 2346/1173/1701 2356/1183/1711
f 2355/1182/1710 2354/1181/1709 2357/1184/1712
f 2357/1184/1712 2358/1185/1713 2355/1182/1710
f 2358/1185/1713 2357/1184/1712 2359/1186/1714
f 2354/1181/1709 2353/1180/1708 2360/1187/1715
f 2354/1181/1709 2360/1187/1715 2357/1184/1712
f 2356/1183/1711 2360/1187/1715 2353/1180/1708
f 2357/1184/1712 2360/1187/1715 2361/1188/1716
f 2361/1188/1716 2359/1186/1714 2357/1184/1712
f 2359/1186/1714 2361/1188/1716 2362/1189/1717
f 2362/1189/1717 2361/1188/1716 2363/1190/1718
f 2364/1191/1719 2361/1188/1716 2360/1187/1715
f 2360/1187/1715 2356/1183/1711 2364/1191/1719
f 2361/1188/1716 2364/1191/1719 2365/1192/1720
f 2361/1188/1716 2365/1192/1720 2363/1190/1718
f 2365/1192/1720 2366/1193/1721 2363/1190/1718
f 2367/1194/1722 2364/1191/1719 2356/1183/1711
f 2368/1195/1723 2365/1192/1720 2364/1191/1719
f 2367/1194/1722 2368/1195/1723 2364/1191/1719
f 2365/1192/1720 2368/1195/1723 2369/1196/1724
f 2366/1193/1721 2365/1192/1720 2369/1196/1724
f 2370/1197/1725 2366/1193/1721 2369/1196/1724
f 2366/1193/1721 2370/1197/1725 2371/1198/1726
f 2369/1196/1724 2372/1199/1727 2370/1197/1725
f 2367/1194/1722 2372/1199/1727 2368/1195/1723
f 2372/1199/1727 2369/1196/1724 2368/1195/1723
f 2373/1200/1728 2371/1198/1726 2370/1197/1725
f 2371/1198/1726 2373/1200/1728 2374/1201/1729
f 2370/1197/1725 2375/1202/1730 2373/1200/1728
f 2375/1202/1730 2370/1197/1725 2372/1199/1727
f 2372/1199/1727 2367/1194/1722 2376/1203/1731
f 2376/1203/1731 2375/1202/1730 2372/1199/1727
f 2375/1202/1730 2376/1203/1731 2377/1204/1732
f 2378/1205/1733 2376/1203/1731 2367/1194/1722
f 2378/1205/1733 2367/1194/1722 2356/1183/1711
f 2378/1205/1733 2356/1183/1711 2346/1173/1701
f 2336/1163/1691 2378/1205/1733 2346/1173/1701
f 2378/1205/1733 2336/1163/1691 2331/1158/1686
f 2329/1156/1684 2378/1205/1733 2331/1158/1686
f 2379/1206/1734 2378/1205/1733 2329/1156/1684
f 2379/1206/1734 2377/1204/1732 2376/1203/1731
f 2330/1157/1685 2379/1206/1734 2329/1156/1684
f 2376/1203/1731 2378/1205/1733 2379/1206/1734
f 2377/1204/1732 2379/1206/1734 2380/1207/1735
f 2380/1207/1735 2379/1206/1734 2330/1157/1685
f 2381/1208/1736 2382/861/366 2383/1209/366
f 2381/1208/1736 2384/1210/1737 2382/861/366
f 2385/63/1738 2384/1210/1737 2381/1208/1736
f 2384/1210/1737 2386/862/366 2382/861/366
f 2384/1210/1737 2385/63/1738 2387/60/1739
f 2387/60/1739 2388/1211/1740 2384/1210/1737
f 2386/862/366 2384/1210/1737 2388/1211/1740
f 2388/1211/1740 2387/60/1739 2389/61/1739
f 2390/1212/1184 2391/427/1184 2392/1213/1741
f 2393/1214/1742 2392/1213/1741 2391/427/1184
f 2394/426/1184 2393/1214/1742 2391/427/1184
f 2393/1214/1742 2395/65/1743 2392/1213/1741
f 2393/1214/1742 2394/426/1184 2396/1215/1744
f 2396/1215/1744 2397/55/1745 2393/1214/1742
f 2395/65/1743 2393/1214/1742 2397/55/1745
f 2397/55/1745 2396/1215/1744 2398/56/1745
f 2399/424/180 2400/866/180 2401/416/180
f 2402/425/180 2400/866/180 2399/424/180
f 2402/425/180 2399/424/180 2403/59/180
f 2402/425/180 2403/59/180 2404/54/180
f 2400/866/180 2402/425/180 2405/867/180
f 2405/867/180 2402/425/180 2406/417/180
f 2407/1216/1746 2408/1217/1747 2409/1218/1748
f 2410/1219/1749 2407/1216/1746 2409/1218/1748
f 2407/1216/1746 2410/1219/1749 2411/1220/1750
f 2412/1221/1751 2407/1216/1746 2411/1220/1750
f 2407/1216/1746 2412/1221/1751 2413/1222/1752
f 2414/1216/1753 2415/1218/1754 2416/1217/1755
f 2415/1218/1754 2414/1216/1753 2417/1219/1756
f 2414/1216/1753 2418/1220/1757 2417/1219/1756
f 2414/1216/1753 2419/1221/1758 2418/1220/1757
f 2419/1221/1758 2414/1216/1753 2420/1222/1758
f 2421/1223/1759 2422/1224/1760 2423/1225/464
f 2424/1226/1761 2421/1223/1759 2423/1225/464
f 2425/1227/1762 2424/1226/1761 2423/1225/464
f 2426/1228/1763 2425/1227/1762 2423/1225/464
f 2427/1229/1764 2426/1228/1763 2423/1225/464
f 2428/1230/1765 2427/1229/1764 2423/1225/464
f 2429/1223/1766 2430/1225/464 2431/1224/1760
f 2432/1226/575 2430/1225/464 2429/1223/1766
f 2433/1227/1767 2430/1225/464 2432/1226/575
f 2434/1228/1768 2430/1225/464 2433/1227/1767
f 2435/1229/1769 2430/1225/464 2434/1228/1768
f 2436/1230/1765 2430/1225/464 2435/1229/1769
f 2437/881/370 2438/433/370 2439/435/367
f 2440/883/370 2437/881/370 2439/435/367
f 2441/886/370 2440/883/370 2439/435/367
f 2441/886/370 2439/435/367 2442/887/370
f 2442/887/370 2439/435/367 2443/890/370
f 2443/890/370 2439/435/367 2444/438/370
f 2445/1231/1770 2446/1232/1771 2447/1233/1772
f 2446/1232/1771 2445/1231/1770 2448/1234/1773
f 2448/1234/1773 2449/1235/1774 2446/1232/1771
f 2445/1231/1770 2450/1236/1775 2448/1234/1773
f 2450/1236/1775 2445/1231/1770 2451/1237/1776
f 2452/1238/1777 2450/1236/1775 2451/1237/1776
f 2449/1235/1774 2448/1234/1773 2453/1239/1778
f 2450/1236/1775 2453/1239/1778 2448/1234/1773
f 2453/1239/1778 2454/1240/1779 2449/1235/1774
f 2450/1236/1775 2452/1238/1777 2455/1241/1780
f 2456/1242/1776 2455/1241/1780 2452/1238/1777
f 2453/1239/1778 2450/1236/1775 2457/1243/1781
f 2455/1241/1780 2457/1243/1781 2450/1236/1775
f 2454/1240/1779 2453/1239/1778 2458/1244/1782
f 2459/1245/1783 2454/1240/1779 2458/1244/1782
f 2460/8/1784 2459/1245/1783 2458/1244/1782
f 2458/1244/1782 2461/571/1785 2460/8/1784
f 2453/1239/1778 2462/1246/1786 2458/1244/1782
f 2461/571/1785 2458/1244/1782 2462/1246/1786
f 2462/1246/1786 2453/1239/1778 2457/1243/1781
f 2462/1246/1786 2463/569/1787 2461/571/1785
f 2457/1243/1781 2464/1247/1788 2462/1246/1786
f 2463/569/1787 2462/1246/1786 2464/1247/1788
f 2464/1247/1788 2465/567/1789 2463/569/1787
f 2457/1243/1781 2455/1241/1780 2466/1248/1790
f 2464/1247/1788 2457/1243/1781 2466/1248/1790
f 2466/1248/1790 2467/1249/1791 2464/1247/1788
f 2465/567/1789 2464/1247/1788 2467/1249/1791
f 2467/1249/1791 2468/92/1792 2465/567/1789
f 2455/1241/1780 2456/1242/1776 2469/1250/1793
f 2469/1250/1793 2466/1248/1790 2455/1241/1780
f 2470/1251/1794 2469/1250/1793 2456/1242/1776
f 2466/1248/1790 2469/1250/1793 2471/1252/1795
f 2467/1249/1791 2466/1248/1790 2471/1252/1795
f 2468/92/1792 2467/1249/1791 2472/1253/1796
f 2472/1253/1796 2467/1249/1791 2471/1252/1795
f 2472/1253/1796 2473/1254/1797 2468/92/1792
f 2473/1254/1797 2472/1253/1796 2474/1255/1798
f 2474/1255/1798 2472/1253/1796 2475/1256/1799
f 2476/1257/1800 2475/1256/1799 2472/1253/1796
f 2472/1253/1796 2471/1252/1795 2476/1257/1800
f 2475/1256/1799 2476/1257/1800 2477/1258/1801
f 2476/1257/1800 2478/1259/1802 2477/1258/1801
f 2478/1259/1802 2476/1257/1800 2479/1260/1803
f 2479/1260/1803 2471/1252/1795 2469/1250/1793
f 2469/1250/1793 2470/1251/1794 2479/1260/1803
f 2471/1252/1795 2479/1260/1803 2476/1257/1800
f 2480/1261/1804 2479/1260/1803 2470/1251/1794
f 2479/1260/1803 2480/1261/1804 2478/1259/1802
f 2481/1232/1805 2482/1231/1806 2483/1233/1807
f 2482/1231/1806 2481/1232/1805 2484/1234/1808
f 2485/1235/1809 2484/1234/1808 2481/1232/1805
f 2486/1236/1810 2482/1231/1806 2484/1234/1808
f 2482/1231/1806 2486/1236/1810 2487/1237/1811
f 2486/1236/1810 2488/1238/1812 2487/1237/1811
f 2484/1234/1808 2485/1235/1809 2489/1239/1813
f 2489/1239/1813 2486/1236/1810 2484/1234/1808
f 2490/1240/1814 2489/1239/1813 2485/1235/1809
f 2488/1238/1812 2486/1236/1810 2491/1241/1815
f 2491/1241/1815 2492/1242/1811 2488/1238/1812
f 2486/1236/1810 2489/1239/1813 2493/1243/1816
f 2493/1243/1816 2491/1241/1815 2486/1236/1810
f 2489/1239/1813 2490/1240/1814 2494/1244/1817
f 2494/1244/1817 2490/1240/1814 2495/1245/1818
f 2496/8/1819 2494/1244/1817 2495/1245/1818
f 2497/571/1820 2494/1244/1817 2496/8/1819
f 2494/1244/1817 2497/571/1820 2498/1246/1821
f 2489/1239/1813 2498/1246/1821 2493/1243/1816
f 2498/1246/1821 2489/1239/1813 2494/1244/1817
f 2499/569/1822 2498/1246/1821 2497/571/1820
f 2498/1246/1821 2499/569/1822 2500/1247/1823
f 2500/1247/1823 2493/1243/1816 2498/1246/1821
f 2501/567/1824 2500/1247/1823 2499/569/1822
f 2491/1241/1815 2493/1243/1816 2502/1248/1825
f 2493/1243/1816 2500/1247/1823 2502/1248/1825
f 2500/1247/1823 2501/567/1824 2503/1249/1826
f 2503/1249/1826 2502/1248/1825 2500/1247/1823
f 2504/92/1827 2503/1249/1826 2501/567/1824
f 2492/1242/1811 2491/1241/1815 2505/1250/1828
f 2502/1248/1825 2505/1250/1828 2491/1241/1815
f 2505/1250/1828 2506/1251/1829 2492/1242/1811
f 2502/1248/1825 2503/1249/1826 2507/1252/1830
f 2505/1250/1828 2502/1248/1825 2507/1252/1830
f 2508/1253/1831 2507/1252/1830 2503/1249/1826
f 2503/1249/1826 2504/92/1827 2508/1253/1831
f 2508/1253/1831 2504/92/1827 2509/1254/1832
f 2508/1253/1831 2509/1254/1832 2510/1255/1833
f 2508/1253/1831 2510/1255/1833 2511/1256/1834
f 2507/1252/1830 2512/1260/1835 2505/1250/1828
f 2506/1251/1829 2505/1250/1828 2512/1260/1835
f 2506/1251/1829 2512/1260/1835 2513/1261/1836
f 2513/1261/1836 2512/1260/1835 2514/1259/1837
f 2512/1260/1835 2507/1252/1830 2515/1257/1838
f 2511/1256/1834 2515/1257/1838 2508/1253/1831
f 2512/1260/1835 2515/1257/1838 2514/1259/1837
f 2507/1252/1830 2508/1253/1831 2515/1257/1838
f 2515/1257/1838 2511/1256/1834 2516/1258/1839
f 2514/1259/1837 2515/1257/1838 2516/1258/1839
f 2517/1262/1840 2518/1263/1841 2519/1264/1842
f 2518/1263/1841 2520/1221/1843 2519/1264/1842
f 2520/1221/1843 2521/1265/1844 2519/1264/1842
f 2518/1263/1841 2522/1222/1845 2520/1221/1843
f 2523/1220/1846 2521/1265/1844 2520/1221/1843
f 2518/1263/1841 2524/1266/1847 2522/1222/1845
f 2521/1265/1844 2523/1220/1846 2525/1267/1848
f 2526/1268/1849 2522/1222/1845 2524/1266/1847
f 2523/1220/1846 2527/718/1850 2525/1267/1848
f 2522/1222/1845 2526/1268/1849 2528/1216/1851
f 2527/718/1850 2523/1220/1846 2529/1219/1852
f 2530/1217/1853 2528/1216/1851 2526/1268/1849
f 2531/1218/1854 2527/718/1850 2529/1219/1852
f 2526/1268/1849 2532/719/1855 2530/1217/1853
f 2527/718/1850 2531/1218/1854 2533/716/1856
f 2533/716/1856 2530/1217/1853 2532/719/1855
f 2530/1217/1853 2533/716/1856 2531/1218/1854
f 2534/1263/1857 2535/1262/1858 2536/1264/1859
f 2536/1264/1859 2537/1221/1860 2534/1263/1857
f 2538/1265/1861 2537/1221/1860 2536/1264/1859
f 2534/1263/1857 2537/1221/1860 2539/1222/1862
f 2537/1221/1860 2538/1265/1861 2540/1220/1863
f 2534/1263/1857 2539/1222/1862 2541/1266/1864
f 2540/1220/1863 2538/1265/1861 2542/1267/1865
f 2539/1222/1862 2543/1268/1866 2541/1266/1864
f 2540/1220/1863 2542/1267/1865 2544/718/1867
f 2543/1268/1866 2539/1222/1862 2545/1216/1868
f 2540/1220/1863 2544/718/1867 2546/1219/1869
f 2547/1217/1870 2543/1268/1866 2545/1216/1868
f 2544/718/1867 2548/1218/1871 2546/1219/1869
f 2543/1268/1866 2547/1217/1870 2549/719/1872
f 2547/1217/1870 2550/716/1873 2549/719/1872
f 2550/716/1873 2547/1217/1870 2548/1218/1871
f 2548/1218/1871 2544/718/1867 2550/716/1873
f 2551/1269/1874 2552/1270/1875 2553/1271/1876
f 2552/1270/1875 2551/1269/1874 2554/1272/1877
f 2553/1271/1876 2552/1270/1875 2555/1273/1878
f 2554/1272/1877 2556/1274/1879 2552/1270/1875
f 2556/1274/1879 2554/1272/1877 2557/1275/1880
f 2558/1276/1881 2555/1273/1878 2552/1270/1875
f 2558/1276/1881 2559/1277/1882 2555/1273/1878
f 2560/1278/1883 2558/1276/1881 2552/1270/1875
f 2560/1278/1883 2552/1270/1875 2556/1274/1879
f 2559/1277/1882 2558/1276/1881 2561/1279/1884
f 2560/1278/1883 2561/1279/1884 2558/1276/1881
f 2559/1277/1882 2561/1279/1884 2562/1280/1885
f 2557/1275/1880 2563/1281/1886 2556/1274/1879
f 2563/1281/1886 2557/1275/1880 2564/1282/1887
f 2565/1283/1888 2562/1280/1885 2561/1279/1884
f 2562/1280/1885 2565/1283/1888 2566/1284/1889
f 2567/1285/1890 2565/1283/1888 2561/1279/1884
f 2561/1279/1884 2560/1278/1883 2567/1285/1890
f 2568/1286/1891 2560/1278/1883 2556/1274/1879
f 2568/1286/1891 2567/1285/1890 2560/1278/1883
f 2568/1286/1891 2556/1274/1879 2563/1281/1886
f 2565/1283/1888 2567/1285/1890 2569/1287/1892
f 2567/1285/1890 2570/1288/1893 2569/1287/1892
f 2567/1285/1890 2568/1286/1891 2570/1288/1893
f 2569/1287/1892 2571/1289/1894 2565/1283/1888
f 2571/1289/1894 2566/1284/1889 2565/1283/1888
f 2572/1290/1895 2566/1284/1889 2571/1289/1894
f 2566/1284/1889 2572/1290/1895 2573/1291/1896
f 2571/1289/1894 2569/1287/1892 2574/1292/1897
f 2575/1293/1898 2573/1291/1896 2572/1290/1895
f 2573/1291/1896 2575/1293/1898 2576/1294/1899
f 2571/1289/1894 2577/1295/1900 2572/1290/1895
f 2577/1295/1900 2571/1289/1894 2574/1292/1897
f 2578/1296/1901 2572/1290/1895 2577/1295/1900
f 2572/1290/1895 2578/1296/1901 2575/1293/1898
f 2579/1297/1902 2576/1294/1899 2575/1293/1898
f 2576/1294/1899 2579/1297/1902 2580/1298/1903
f 2575/1293/1898 2581/1299/1904 2579/1297/1902
f 2581/1299/1904 2575/1293/1898 2578/1296/1901
f 2582/1300/1905 2580/1298/1903 2579/1297/1902
f 2580/1298/1903 2582/1300/1905 2583/1301/1906
f 2583/1301/1906 2582/1300/1905 2584/1302/1907
f 2585/1303/1908 2579/1297/1902 2581/1299/1904
f 2579/1297/1902 2585/1303/1908 2582/1300/1905
f 2582/1300/1905 2585/1303/1908 2586/1304/1909
f 2582/1300/1905 2586/1304/1909 2584/1302/1907
f 2586/1304/1909 2587/1305/1910 2584/1302/1907
f 2581/1299/1904 2588/1306/1911 2585/1303/1908
f 2587/1305/1910 2586/1304/1909 2589/1307/1912
f 2589/1307/1912 2590/1308/1913 2587/1305/1910
f 2585/1303/1908 2591/1309/1914 2586/1304/1909
f 2586/1304/1909 2591/1309/1914 2589/1307/1912
f 2585/1303/1908 2588/1306/1911 2591/1309/1914
f 2590/1308/1913 2589/1307/1912 2592/1310/1915
f 2592/1310/1915 2593/1311/1916 2590/1308/1913
f 2589/1307/1912 2594/1312/1917 2592/1310/1915
f 2591/1309/1914 2594/1312/1917 2589/1307/1912
f 2595/1313/1918 2594/1312/1917 2591/1309/1914
f 2588/1306/1911 2595/1313/1918 2591/1309/1914
f 2578/1296/1901 2596/1314/1919 2581/1299/1904
f 2588/1306/1911 2581/1299/1904 2596/1314/1919
f 2597/1315/1920 2595/1313/1918 2588/1306/1911
f 2596/1314/1919 2597/1315/1920 2588/1306/1911
f 2577/1295/1900 2598/1316/1921 2578/1296/1901
f 2596/1314/1919 2578/1296/1901 2598/1316/1921
f 2598/1316/1921 2599/1317/1922 2596/1314/1919
f 2597/1315/1920 2596/1314/1919 2599/1317/1922
f 2598/1316/1921 2577/1295/1900 2600/1318/1923
f 2574/1292/1897 2600/1318/1923 2577/1295/1900
f 2600/1318/1923 2601/1319/1924 2598/1316/1921
f 2599/1317/1922 2598/1316/1921 2601/1319/1924
f 2599/1317/1922 2602/1320/1925 2597/1315/1920
f 2601/1319/1924 2603/1321/1926 2599/1317/1922
f 2599/1317/1922 2603/1321/1926 2602/1320/1925
f 2603/1321/1926 2601/1319/1924 2604/1322/1927
f 2595/1313/1918 2597/1315/1920 2605/1323/1928
f 2597/1315/1920 2602/1320/1925 2605/1323/1928
f 2602/1320/1925 2606/1324/1929 2605/1323/1928
f 2607/1325/1930 2604/1322/1927 2601/1319/1924
f 2601/1319/1924 2600/1318/1923 2607/1325/1930
f 2604/1322/1927 2607/1325/1930 2608/1326/1931
f 2600/1318/1923 2574/1292/1897 2609/1327/1932
f 2609/1327/1932 2607/1325/1930 2600/1318/1923
f 2610/1328/1933 2608/1326/1931 2607/1325/1930
f 2607/1325/1930 2609/1327/1932 2610/1328/1933
f 2608/1326/1931 2610/1328/1933 2611/1329/1934
f 2569/1287/1892 2612/1330/1935 2574/1292/1897
f 2612/1330/1935 2569/1287/1892 2570/1288/1893
f 2609/1327/1932 2574/1292/1897 2612/1330/1935
f 2613/1331/1936 2611/1329/1934 2610/1328/1933
f 2612/1330/1935 2613/1331/1936 2609/1327/1932
f 2610/1328/1933 2609/1327/1932 2613/1331/1936
f 2611/1329/1934 2613/1331/1936 2614/1332/1937
f 2614/1332/1937 2613/1331/1936 2615/1333/1938
f 2613/1331/1936 2612/1330/1935 2616/1334/1939
f 2613/1331/1936 2616/1334/1939 2615/1333/1938
f 2616/1334/1939 2570/1288/1893 2568/1286/1891
f 2570/1288/1893 2616/1334/1939 2612/1330/1935
f 2616/1334/1939 2568/1286/1891 2617/1335/1940
f 2617/1335/1940 2568/1286/1891 2563/1281/1886
f 2615/1333/1938 2616/1334/1939 2617/1335/1940
f 2615/1333/1938 2617/1335/1940 2618/1336/1941
f 2618/1336/1941 2617/1335/1940 2619/1337/1942
f 2617/1335/1940 2563/1281/1886 2619/1337/1942
f 2564/1282/1887 2619/1337/1942 2563/1281/1886
f 2618/1336/1941 2619/1337/1942 2620/1338/1943
f 2620/1338/1943 2619/1337/1942 2621/1339/1944
f 2619/1337/1942 2564/1282/1887 2622/1340/1945
f 2623/1341/1946 2619/1337/1942 2622/1340/1945
f 2621/1339/1944 2619/1337/1942 2623/1341/1946
f 2606/1324/1929 2624/1342/1947 2605/1323/1928
f 2624/1342/1947 2606/1324/1929 2625/1343/1948
f 2605/1323/1928 2626/1344/1949 2595/1313/1918
f 2594/1312/1917 2595/1313/1918 2626/1344/1949
f 2626/1344/1949 2605/1323/1928 2624/1342/1947
f 2625/1343/1948 2627/1345/1950 2624/1342/1947
f 2627/1345/1950 2625/1343/1948 2628/1346/1951
f 2629/1347/1952 2624/1342/1947 2627/1345/1950
f 2624/1342/1947 2629/1347/1952 2626/1344/1949
f 2626/1344/1949 2630/1348/1953 2594/1312/1917
f 2630/1348/1953 2626/1344/1949 2629/1347/1952
f 2594/1312/1917 2630/1348/1953 2592/1310/1915
f 2628/1346/1951 2631/1349/1954 2627/1345/1950
f 2631/1349/1954 2628/1346/1951 2632/1350/1955
f 2633/1351/1956 2627/1345/1950 2631/1349/1954
f 2627/1345/1950 2633/1351/1956 2629/1347/1952
f 2632/1350/1955 2634/1352/1957 2631/1349/1954
f 2634/1352/1957 2633/1351/1956 2631/1349/1954
f 2634/1352/1957 2632/1350/1955 2635/1353/1958
f 2636/1354/1959 2634/1352/1957 2635/1353/1958
f 2629/1347/1952 2637/1355/1960 2630/1348/1953
f 2637/1355/1960 2629/1347/1952 2633/1351/1956
f 2638/1356/1961 2637/1355/1960 2633/1351/1956
f 2633/1351/1956 2634/1352/1957 2638/1356/1961
f 2639/1357/1962 2638/1356/1961 2634/1352/1957
f 2634/1352/1957 2636/1354/1959 2639/1357/1962
f 2637/1355/1960 2640/1358/1963 2630/1348/1953
f 2592/1310/1915 2630/1348/1953 2640/1358/1963
f 2593/1311/1916 2592/1310/1915 2640/1358/1963
f 2641/1359/1964 2640/1358/1963 2637/1355/1960
f 2637/1355/1960 2638/1356/1961 2641/1359/1964
f 2640/1358/1963 2641/1359/1964 2642/1360/1965
f 2642/1360/1965 2593/1311/1916 2640/1358/1963
f 2593/1311/1916 2642/1360/1965 2643/1361/1966
f 2638/1356/1961 2639/1357/1962 2644/1362/1967
f 2644/1362/1967 2641/1359/1964 2638/1356/1961
f 2641/1359/1964 2644/1362/1967 2645/1363/1968
f 2645/1363/1968 2642/1360/1965 2641/1359/1964
f 2646/1364/1969 2643/1361/1966 2642/1360/1965
f 2642/1360/1965 2645/1363/1968 2646/1364/1969
f 2643/1361/1966 2646/1364/1969 2647/1365/1970
f 2639/1357/1962 2648/1366/1971 2644/1362/1967
f 2648/1366/1971 2645/1363/1968 2644/1362/1967
f 2648/1366/1971 2649/1367/1972 2645/1363/1968
f 2649/1367/1972 2646/1364/1969 2645/1363/1968
f 2649/1367/1972 2650/1368/1973 2646/1364/1969
f 2650/1368/1973 2647/1365/1970 2646/1364/1969
f 2647/1365/1970 2650/1368/1973 2651/1369/1974
f 2652/1370/1975 2651/1369/1974 2650/1368/1973
f 2649/1367/1972 2652/1370/1975 2650/1368/1973
f 2652/1370/1975 2653/1371/1976 2651/1369/1974
f 2652/1370/1975 2654/1372/1977 2653/1371/1976
f 2654/1372/1977 2652/1370/1975 2655/1373/1978
f 2652/1370/1975 2649/1367/1972 2656/1374/1979
f 2652/1370/1975 2656/1374/1979 2655/1373/1978
f 2648/1366/1971 2656/1374/1979 2649/1367/1972
f 2657/1375/1980 2655/1373/1978 2656/1374/1979
f 2656/1374/1979 2648/1366/1971 2658/1376/1981
f 2656/1374/1979 2658/1376/1981 2657/1375/1980
f 2659/1377/1982 2657/1375/1980 2658/1376/1981
f 2648/1366/1971 2639/1357/1962 2660/1378/1983
f 2636/1354/1959 2660/1378/1983 2639/1357/1962
f 2660/1378/1983 2658/1376/1981 2648/1366/1971
f 2660/1378/1983 2636/1354/1959 2661/1379/1984
f 2658/1376/1981 2662/1380/1985 2659/1377/1982
f 2658/1376/1981 2660/1378/1983 2662/1380/1985
f 2661/1379/1984 2662/1380/1985 2660/1378/1983
f 2663/1381/1986 2659/1377/1982 2662/1380/1985
f 2662/1380/1985 2661/1379/1984 2664/1382/1987
f 2663/1381/1986 2662/1380/1985 2665/1383/1988
f 2666/1384/1989 2662/1380/1985 2664/1382/1987
f 2665/1383/1988 2662/1380/1985 2666/1384/1989
f 2667/536/1990 2668/1385/1991 2669/1386/1992
f 2667/536/1990 2670/1387/1993 2668/1385/1991
f 2669/1386/1992 2671/533/1994 2667/536/1990
f 2670/1387/1993 2667/536/1990 2672/535/1995
f 2671/533/1994 2669/1386/1992 2673/1388/1996
f 2672/535/1995 2674/1389/1997 2670/1387/1993
f 2671/533/1994 2673/1388/1996 2675/531/1998
f 2674/1389/1997 2672/535/1995 2676/530/1999
f 2677/1390/2000 2675/531/1998 2673/1388/1996
f 2678/528/2001 2674/1389/1997 2676/530/1999
f 2675/531/1998 2677/1390/2000 2679/527/2000
f 2674/1389/1997 2678/528/2001 2680/1391/2002
f 2677/1390/2000 2681/523/2003 2679/527/2000
f 2682/526/2004 2680/1391/2002 2678/528/2001
f 2681/523/2003 2677/1390/2000 2683/1392/2005
f 2682/526/2004 2684/1393/2006 2680/1391/2002
f 2683/1392/2005 2685/521/2007 2681/523/2003
f 2684/1393/2006 2682/526/2004 2686/524/2008
f 2685/521/2007 2683/1392/2005 2687/1394/2009
f 2684/1393/2006 2686/524/2008 2688/1395/2010
f 2687/1394/2009 2689/522/2011 2685/521/2007
f 2689/522/2011 2688/1395/2010 2686/524/2008
f 2688/1395/2010 2689/522/2011 2690/1396/2012
f 2689/522/2011 2687/1394/2009 2690/1396/2012
f 2691/1397/2013 2692/1398/2014 2693/1399/2015
f 2694/1400/2016 2692/1398/2014 2691/1397/2013
f 2692/1398/2014 2695/1401/2017 2693/1399/2015
f 2692/1398/2014 2694/1400/2016 2696/1402/2018
f 2693/1399/2015 2695/1401/2017 2697/1403/2019
f 2694/1400/2016 2698/1404/2020 2696/1402/2018
f 2695/1401/2017 2699/1405/2021 2697/1403/2019
f 2694/1400/2016 2700/1406/2022 2698/1404/2020
f 2701/1407/2023 2697/1403/2019 2699/1405/2021
f 2702/1408/2024 2698/1404/2020 2700/1406/2022
f 2697/1403/2019 2701/1407/2023 2703/1409/2025
f 2702/1408/2024 2700/1406/2022 2704/1410/2026
f 2705/1411/2027 2703/1409/2025 2701/1407/2023
f 2706/1412/2028 2702/1408/2024 2704/1410/2026
f 2703/1409/2025 2705/1411/2027 2707/1413/2029
f 2702/1408/2024 2706/1412/2028 2708/1414/2030
f 2705/1411/2027 2709/1415/2031 2707/1413/2029
f 2706/1412/2028 2710/1416/2032 2708/1414/2030
f 2709/1415/2031 2705/1411/2027 2711/1417/2033
f 2710/1416/2032 2706/1412/2028 2712/1418/2034
f 2713/1419/2035 2709/1415/2031 2711/1417/2033
f 2714/1420/2036 2710/1416/2032 2712/1418/2034
f 2709/1415/2031 2713/1419/2035 2714/1420/2036
f 2710/1416/2032 2714/1420/2036 2713/1419/2035
f 2715/1421/2037 2716/1422/2038 2717/1423/2039
f 2715/1421/2037 2718/1424/2040 2716/1422/2038
f 2715/1421/2037 2717/1423/2039 2719/1425/2041
f 2718/1424/2040 2715/1421/2037 2720/1426/2042
f 2719/1425/2041 2717/1423/2039 2721/1427/2043
f 2720/1426/2042 2722/1428/2044 2718/1424/2040
f 2719/1425/2041 2721/1427/2043 2723/1429/2043
f 2718/1424/2040 2722/1428/2044 2724/1430/2045
f 2721/1427/2043 2725/1431/2046 2723/1429/2043
f 2722/1428/2044 2726/1432/2047 2724/1430/2045
f 2725/1431/2046 2721/1427/2043 2727/1433/2048
f 2726/1432/2047 2722/1428/2044 2728/1434/2049
f 2727/1433/2048 2729/1435/2050 2725/1431/2046
f 2728/1434/2049 2730/1436/2051 2726/1432/2047
f 2729/1435/2050 2727/1433/2048 2731/1437/2052
f 2730/1436/2051 2728/1434/2049 2732/1438/2051
f 2729/1435/2050 2731/1437/2052 2733/1439/2053
f 2734/1440/2054 2730/1436/2051 2732/1438/2051
f 2729/1435/2050 2733/1439/2053 2735/1441/2053
f 2734/1440/2054 2736/1442/2055 2730/1436/2051
f 2737/1443/2056 2736/1442/2055 2734/1440/2054
f 2733/1439/2053 2737/1443/2056 2735/1441/2053
f 2737/1443/2056 2738/1444/2057 2736/1442/2055
f 2737/1443/2056 2733/1439/2053 2738/1444/2057
f 2739/1445/2058 2740/552/2059 2741/1446/2060
f 2742/1447/2061 2741/1446/2060 2740/552/2059
f 2740/552/2059 2739/1445/2058 2743/554/2062
f 2742/1447/2061 2740/552/2059 2744/550/2063
f 2745/1448/2064 2743/554/2062 2739/1445/2058
f 2742/1447/2061 2744/550/2063 2746/1449/2065
f 2743/554/2062 2745/1448/2064 2747/553/2066
f 2746/1449/2065 2744/550/2063 2748/546/2067
f 2749/1450/2068 2747/553/2066 2745/1448/2064
f 2750/1451/2069 2746/1449/2065 2748/546/2067
f 2747/553/2066 2749/1450/2068 2751/549/2070
f 2752/542/2071 2750/1451/2069 2748/546/2067
f 2749/1450/2068 2753/545/2072 2751/549/2070
f 2754/1452/2073 2750/1451/2069 2752/542/2071
f 2753/545/2072 2749/1450/2068 2755/1453/2074
f 2754/1452/2073 2752/542/2071 2756/540/2075
f 2755/1453/2074 2757/543/2076 2753/545/2072
f 2758/539/2077 2754/1452/2073 2756/540/2075
f 2757/543/2076 2755/1453/2074 2759/1454/2078
f 2754/1452/2073 2758/539/2077 2760/1455/2079
f 2761/541/2080 2760/1455/2079 2758/539/2077
f 2759/1454/2078 2761/541/2080 2757/543/2076
f 2760/1455/2079 2761/541/2080 2762/1456/2080
f 2761/541/2080 2759/1454/2078 2762/1456/2080
f 2763/523/2081 2764/1390/2082 2765/527/2082
f 2764/1390/2082 2766/531/2083 2765/527/2082
f 2764/1390/2082 2763/523/2081 2767/1392/2084
f 2768/1388/2085 2766/531/2083 2764/1390/2082
f 2769/521/2086 2767/1392/2084 2763/523/2081
f 2766/531/2083 2768/1388/2085 2770/533/2087
f 2767/1392/2084 2769/521/2086 2771/1394/2088
f 2768/1388/2085 2772/1386/2089 2770/533/2087
f 2773/522/2090 2771/1394/2088 2769/521/2086
f 2770/533/2087 2772/1386/2089 2774/536/2091
f 2771/1394/2088 2773/522/2090 2775/1396/2092
f 2772/1386/2089 2776/1385/2093 2774/536/2091
f 2773/522/2090 2777/1395/2094 2775/1396/2092
f 2778/1387/2095 2774/536/2091 2776/1385/2093
f 2777/1395/2094 2773/522/2090 2779/524/2096
f 2774/536/2091 2778/1387/2095 2780/535/2097
f 2777/1395/2094 2779/524/2096 2781/1393/2098
f 2782/1389/2099 2780/535/2097 2778/1387/2095
f 2779/524/2096 2783/526/2100 2781/1393/2098
f 2780/535/2097 2782/1389/2099 2784/530/2101
f 2785/1391/2102 2781/1393/2098 2783/526/2100
f 2782/1389/2099 2786/528/2103 2784/530/2101
f 2786/528/2103 2785/1391/2102 2783/526/2100
f 2782/1389/2099 2785/1391/2102 2786/528/2103
f 2787/552/2104 2788/1445/2105 2789/1446/2106
f 2790/1447/2107 2787/552/2104 2789/1446/2106
f 2788/1445/2105 2787/552/2104 2791/554/2108
f 2787/552/2104 2790/1447/2107 2792/550/2109
f 2791/554/2108 2793/1448/2110 2788/1445/2105
f 2794/1449/2111 2792/550/2109 2790/1447/2107
f 2793/1448/2110 2791/554/2108 2795/553/2112
f 2792/550/2109 2794/1449/2111 2796/546/2113
f 2795/553/2112 2797/1450/2114 2793/1448/2110
f 2796/546/2113 2794/1449/2111 2798/1451/1362
f 2797/1450/2114 2795/553/2112 2799/549/2115
f 2796/546/2113 2798/1451/1362 2800/542/2116
f 2801/545/2117 2797/1450/2114 2799/549/2115
f 2802/1452/2118 2800/542/2116 2798/1451/1362
f 2797/1450/2114 2801/545/2117 2803/1453/2119
f 2800/542/2116 2802/1452/2118 2804/540/2120
f 2805/543/2121 2803/1453/2119 2801/545/2117
f 2802/1452/2118 2806/539/2122 2804/540/2120
f 2803/1453/2119 2805/543/2121 2807/1454/2123
f 2806/539/2122 2802/1452/2118 2808/1455/2124
f 2808/1455/2124 2809/541/2125 2806/539/2122
f 2809/541/2125 2807/1454/2123 2805/543/2121
f 2809/541/2125 2808/1455/2124 2810/1456/2126
f 2807/1454/2123 2809/541/2125 2810/1456/2126
f 2811/1457/180 2812/1458/180 2813/1459/180
f 2813/1459/180 2814/1460/180 2811/1457/180
f 2813/1459/180 2812/1458/180 2815/1461/180
f 2814/1460/180 2813/1459/180 2816/1462/180
f 2817/1463/180 2815/1461/180 2812/1458/180
f 2818/1464/180 2814/1460/180 2816/1462/180
f 2815/1461/180 2817/1463/180 2819/1465/180
f 2820/1466/180 2814/1460/180 2818/1464/180
f 2817/1463/180 2821/1467/180 2819/1465/180
f 2818/1464/180 2822/1468/180 2820/1466/180
f 2821/1467/180 2817/1463/180 2823/1469/180
f 2822/1468/180 2818/1464/180 2824/1470/180
f 2823/1469/180 2825/1471/180 2821/1467/180
f 2826/1472/180 2822/1468/180 2824/1470/180
f 2827/1473/180 2821/1467/180 2825/1471/180
f 2828/1474/180 2822/1468/180 2826/1472/180
f 2825/1471/180 2829/1475/180 2827/1473/180
f 2826/1472/180 2830/1476/180 2828/1474/180
f 2829/1475/180 2825/1471/180 2831/1477/180
f 2830/1476/180 2826/1472/180 2832/1478/180
f 2831/1477/180 2833/1479/180 2829/1475/180
f 2833/1479/180 2830/1476/180 2832/1478/180
f 2834/1480/180 2830/1476/180 2833/1479/180
f 2833/1479/180 2831/1477/180 2834/1480/180
f 2835/1481/193 2836/1482/193 2837/1483/193
f 2837/1483/193 2838/1484/193 2835/1481/193
f 2836/1482/193 2835/1481/193 2839/1485/193
f 2835/1481/193 2838/1484/193 2840/1486/193
f 2839/1485/193 2841/1487/193 2836/1482/193
f 2838/1484/193 2842/1488/193 2840/1486/193
f 2841/1487/193 2839/1485/193 2843/1489/193
f 2842/1488/193 2838/1484/193 2844/1490/193
f 2843/1489/193 2845/1491/193 2841/1487/193
f 2846/1492/193 2842/1488/193 2844/1490/193
f 2845/1491/193 2843/1489/193 2847/1493/193
f 2842/1488/193 2846/1492/193 2848/1494/193
f 2849/1495/193 2845/1491/193 2847/1493/193
f 2846/1492/193 2850/1496/193 2848/1494/193
f 2851/1497/193 2845/1491/193 2849/1495/193
f 2850/1496/193 2846/1492/193 2852/1498/193
f 2851/1497/193 2849/1495/193 2853/1499/193
f 2852/1498/193 2854/1500/193 2850/1496/193
f 2855/1501/193 2851/1497/193 2853/1499/193
f 2850/1496/193 2854/1500/193 2856/1502/193
f 2854/1500/193 2857/1503/193 2856/1502/193
f 2857/1503/193 2855/1501/193 2853/1499/193
f 2857/1503/193 2854/1500/193 2858/1504/193
f 2855/1501/193 2857/1503/193 2858/1504/193
f 2859/1423/2127 2860/1505/2128 2861/1506/2129
f 2861/1506/2129 2862/1507/2130 2859/1423/2127
f 2860/1505/2128 2859/1423/2127 2863/1422/2131
f 2864/1427/2132 2859/1423/2127 2862/1507/2130
f 2863/1422/2131 2865/1508/2133 2860/1505/2128
f 2862/1507/2130 2866/1433/2134 2864/1427/2132
f 2865/1508/2133 2863/1422/2131 2867/1424/2135
f 2866/1433/2134 2862/1507/2130 2868/1509/2136
f 2867/1424/2135 2869/1430/2137 2865/1508/2133
f 2868/1509/2136 2870/1437/2138 2866/1433/2134
f 2871/1510/2139 2865/1508/2133 2869/1430/2137
f 2870/1437/2138 2868/1509/2136 2872/1511/2140
f 2871/1510/2139 2869/1430/2137 2873/1432/2141
f 2872/1511/2140 2874/1512/2142 2870/1437/2138
f 2875/1513/2143 2871/1510/2139 2873/1432/2141
f 2870/1437/2138 2874/1512/2142 2876/1439/2144
f 2873/1432/2141 2877/1514/2145 2875/1513/2143
f 2874/1512/2142 2878/1444/2146 2876/1439/2144
f 2877/1514/2145 2873/1432/2141 2879/1436/2147
f 2878/1444/2146 2874/1512/2142 2880/1515/2146
f 2879/1436/2147 2881/1442/2148 2877/1514/2145
f 2880/1515/2146 2882/1516/2149 2878/1444/2146
f 2882/1516/2149 2877/1514/2145 2881/1442/2148
f 2878/1444/2146 2882/1516/2149 2881/1442/2148
f 2883/1458/193 2884/1457/193 2885/1459/193
f 2886/1460/193 2885/1459/193 2884/1457/193
f 2885/1459/193 2887/1461/193 2883/1458/193
f 2885/1459/193 2886/1460/193 2888/1462/193
f 2889/1463/193 2883/1458/193 2887/1461/193
f 2886/1460/193 2890/1464/193 2888/1462/193
f 2887/1461/193 2891/1465/193 2889/1463/193
f 2890/1464/193 2886/1460/193 2892/1466/193
f 2893/1467/193 2889/1463/193 2891/1465/193
f 2894/1468/193 2890/1464/193 2892/1466/193
f 2889/1463/193 2893/1467/193 2895/1469/193
f 2890/1464/193 2894/1468/193 2896/1470/193
f 2893/1467/193 2897/1471/193 2895/1469/193
f 2898/1472/193 2896/1470/193 2894/1468/193
f 2897/1471/193 2893/1467/193 2899/1473/193
f 2894/1468/193 2900/1474/193 2898/1472/193
f 2901/1475/193 2897/1471/193 2899/1473/193
f 2902/1476/193 2898/1472/193 2900/1474/193
f 2897/1471/193 2901/1475/193 2903/1477/193
f 2898/1472/193 2902/1476/193 2904/1478/193
f 2902/1476/193 2905/1479/193 2904/1478/193
f 2905/1479/193 2903/1477/193 2901/1475/193
f 2905/1479/193 2902/1476/193 2906/1480/193
f 2903/1477/193 2905/1479/193 2906/1480/193
f 2907/1482/180 2908/1481/180 2909/1483/180
f 2910/1484/180 2909/1483/180 2908/1481/180
f 2908/1481/180 2907/1482/180 2911/1485/180
f 2910/1484/180 2908/1481/180 2912/1486/180
f 2913/1487/180 2911/1485/180 2907/1482/180
f 2914/1488/180 2910/1484/180 2912/1486/180
f 2911/1485/180 2913/1487/180 2915/1489/180
f 2910/1484/180 2914/1488/180 2916/1490/180
f 2917/1491/180 2915/1489/180 2913/1487/180
f 2914/1488/180 2918/1492/180 2916/1490/180
f 2915/1489/180 2917/1491/180 2919/1493/180
f 2918/1492/180 2914/1488/180 2920/1494/180
f 2917/1491/180 2921/1495/180 2919/1493/180
f 2922/1496/180 2918/1492/180 2920/1494/180
f 2917/1491/180 2923/1497/180 2921/1495/180
f 2918/1492/180 2922/1496/180 2924/1498/180
f 2923/1497/180 2925/1499/180 2921/1495/180
f 2926/1500/180 2924/1498/180 2922/1496/180
f 2925/1499/180 2923/1497/180 2927/1501/180
f 2926/1500/180 2922/1496/180 2928/1502/180
f 2927/1501/180 2929/1503/180 2925/1499/180
f 2929/1503/180 2926/1500/180 2928/1502/180
f 2926/1500/180 2929/1503/180 2930/1504/180
f 2929/1503/180 2927/1501/180 2930/1504/180
f 2931/1505/2150 2932/1423/2151 2933/1506/2152
f 2934/1507/2153 2933/1506/2152 2932/1423/2151
f 2932/1423/2151 2931/1505/2150 2935/1422/2154
f 2932/1423/2151 2936/1427/2155 2934/1507/2153
f 2937/1508/2156 2935/1422/2154 2931/1505/2150
f 2938/1433/2157 2934/1507/2153 2936/1427/2155
f 2935/1422/2154 2937/1508/2156 2939/1424/2158
f 2934/1507/2153 2938/1433/2157 2940/1509/2159
f 2941/1430/2160 2939/1424/2158 2937/1508/2156
f 2942/1437/2161 2940/1509/2159 2938/1433/2157
f 2937/1508/2156 2943/1510/2162 2941/1430/2160
f 2940/1509/2159 2942/1437/2161 2944/1511/2163
f 2943/1510/2162 2945/1432/2164 2941/1430/2160
f 2942/1437/2161 2946/1512/2165 2944/1511/2163
f 2945/1432/2164 2943/1510/2162 2947/1513/2166
f 2946/1512/2165 2942/1437/2161 2948/1439/2165
f 2949/1514/2167 2945/1432/2164 2947/1513/2166
f 2950/1444/2168 2946/1512/2165 2948/1439/2165
f 2945/1432/2164 2949/1514/2167 2951/1436/2167
f 2946/1512/2165 2950/1444/2168 2952/1515/2168
f 2953/1442/2169 2951/1436/2167 2949/1514/2167
f 2949/1514/2167 2954/1516/2170 2953/1442/2169
f 2954/1516/2170 2950/1444/2168 2953/1442/2169
f 2954/1516/2170 2952/1515/2168 2950/1444/2168
f 2955/1421/2171 2956/1423/2172 2957/1422/2173
f 2958/1424/2174 2955/1421/2171 2957/1422/2173
f 2956/1423/2172 2955/1421/2171 2959/1425/2175
f 2955/1421/2171 2958/1424/2174 2960/1426/2176
f 2959/1425/2175 2961/1427/2177 2956/1423/2172
f 2960/1426/2176 2958/1424/2174 2962/1428/2178
f 2961/1427/2177 2959/1425/2175 2963/1429/2179
f 2958/1424/2174 2964/1430/2180 2962/1428/2178
f 2965/1431/2181 2961/1427/2177 2963/1429/2179
f 2966/1432/2182 2962/1428/2178 2964/1430/2180
f 2961/1427/2177 2965/1431/2181 2967/1433/2183
f 2962/1428/2178 2966/1432/2182 2968/1434/2184
f 2969/1435/2185 2967/1433/2183 2965/1431/2181
f 2970/1436/2186 2968/1434/2184 2966/1432/2182
f 2967/1433/2183 2969/1435/2185 2971/1437/2187
f 2968/1434/2184 2970/1436/2186 2972/1438/2186
f 2969/1435/2185 2973/1439/2188 2971/1437/2187
f 2970/1436/2186 2974/1440/2189 2972/1438/2186
f 2973/1439/2188 2969/1435/2185 2975/1441/2190
f 2974/1440/2189 2970/1436/2186 2976/1442/2191
f 2977/1443/2192 2973/1439/2188 2975/1441/2190
f 2976/1442/2191 2977/1443/2192 2974/1440/2189
f 2977/1443/2192 2976/1442/2191 2978/1444/2193
f 2973/1439/2188 2977/1443/2192 2978/1444/2193
f 2979/1517/2194 2980/1518/2195 2981/1519/193
f 2980/1518/2195 2982/1520/2195 2981/1519/193
f 2980/1518/2195 2979/1517/2194 2983/1521/2194
f 2980/1518/2195 2984/1522/2195 2982/1520/2195
f 2985/1523/193 2983/1521/2194 2979/1517/2194
f 2986/1524/193 2982/1520/2195 2984/1522/2195
f 2983/1521/2194 2985/1523/193 2987/1525/193
f 2982/1520/2195 2986/1524/193 2988/1526/2195
f 2985/1523/193 2989/1527/193 2987/1525/193
f 2986/1524/193 2990/1528/2196 2988/1526/2195
f 2985/1523/193 2991/1529/193 2989/1527/193
f 2990/1528/2196 2986/1524/193 2992/1530/2196
f 2993/1531/193 2989/1527/193 2991/1529/193
f 2992/1530/2196 2994/1532/193 2990/1528/2196
f 2993/1531/193 2991/1529/193 2995/1533/2197
f 2992/1530/2196 2996/1534/193 2994/1532/193
f 2997/1535/2197 2993/1531/193 2995/1533/2197
f 2998/1536/193 2994/1532/193 2996/1534/193
f 2993/1531/193 2997/1535/2197 2999/1537/193
f 2994/1532/193 2998/1536/193 3000/1538/193
f 2997/1535/2197 3001/1539/2197 2999/1537/193
f 3001/1539/2197 3000/1538/193 2998/1536/193
f 3000/1538/193 3001/1539/2197 3002/1540/193
f 3001/1539/2197 2997/1535/2197 3002/1540/193
f 3003/1541/2198 3004/1542/2199 3005/1543/2200
f 3006/1544/2201 3005/1543/2200 3004/1542/2199
f 3004/1542/2199 3003/1541/2198 3007/1545/2202
f 3006/1544/2201 3004/1542/2199 3008/1546/2203
f 3009/1547/2204 3007/1545/2202 3003/1541/2198
f 3010/1548/2205 3006/1544/2201 3008/1546/2203
f 3007/1545/2202 3009/1547/2204 3011/1549/2206
f 3006/1544/2201 3010/1548/2205 3012/1550/2207
f 3013/1551/2208 3011/1549/2206 3009/1547/2204
f 3010/1548/2205 3014/1552/2209 3012/1550/2207
f 3011/1549/2206 3013/1551/2208 3015/1553/2210
f 3014/1552/2209 3010/1548/2205 3016/1554/2211
f 3013/1551/2208 3017/1555/2212 3015/1553/2210
f 3016/1554/2211 3018/1556/2213 3014/1552/2209
f 3013/1551/2208 3019/1557/2214 3017/1555/2212
f 3018/1556/2213 3016/1554/2211 3020/1558/2215
f 3019/1557/2214 3021/1559/2216 3017/1555/2212
f 3022/1560/2217 3018/1556/2213 3020/1558/2215
f 3021/1559/2216 3019/1557/2214 3023/1561/2218
f 3020/1558/2215 3024/1562/2217 3022/1560/2217
f 3025/1563/2219 3021/1559/2216 3023/1561/2218
f 3026/1564/2220 3022/1560/2217 3024/1562/2217
f 3021/1559/2216 3025/1563/2219 3026/1564/2220
f 3022/1560/2217 3026/1564/2220 3025/1563/2219
f 3027/1565/2221 3028/1566/2222 3029/1567/2223
f 3030/1568/2224 3027/1565/2221 3029/1567/2223
f 3028/1566/2222 3031/1569/2225 3029/1567/2223
f 3032/1570/2226 3030/1568/2224 3029/1567/2223
f 3031/1569/2225 3033/1571/2227 3029/1567/2223
f 3034/1572/2228 3032/1570/2226 3029/1567/2223
f 3033/1571/2227 3035/1573/2229 3029/1567/2223
f 3036/1574/2230 3034/1572/2228 3029/1567/2223
f 3035/1573/2229 3037/1575/2231 3029/1567/2223
f 3038/1576/2232 3036/1574/2230 3029/1567/2223
f 3039/1577/2233 3038/1576/2232 3029/1567/2223
f 3037/1575/2231 3039/1577/2233 3029/1567/2223
f 3040/1578/2234 3041/1579/2235 3042/1580/2236
f 3043/1581/2237 3040/1578/2234 3042/1580/2236
f 3041/1579/2235 3044/1582/2238 3042/1580/2236
f 3045/1583/2239 3043/1581/2237 3042/1580/2236
f 3044/1582/2238 3046/1584/2240 3042/1580/2236
f 3047/1585/2241 3045/1583/2239 3042/1580/2236
f 3046/1584/2240 3048/1586/2242 3042/1580/2236
f 3049/1587/2243 3047/1585/2241 3042/1580/2236
f 3048/1586/2242 3050/1588/2244 3042/1580/2236
f 3051/1589/2245 3049/1587/2243 3042/1580/2236
f 3050/1588/2244 3052/1590/2246 3042/1580/2236
f 3052/1590/2246 3051/1589/2245 3042/1580/2236
f 3053/1565/2247 3054/1567/2248 3055/1566/2249
f 3056/1568/2250 3054/1567/2248 3053/1565/2247
f 3055/1566/2249 3054/1567/2248 3057/1569/2251
f 3058/1570/2252 3054/1567/2248 3056/1568/2250
f 3057/1569/2251 3054/1567/2248 3059/1571/2253
f 3060/1572/2254 3054/1567/2248 3058/1570/2252
f 3059/1571/2253 3054/1567/2248 3061/1573/2255
f 3062/1574/2256 3054/1567/2248 3060/1572/2254
f 3061/1573/2255 3054/1567/2248 3063/1575/2257
f 3064/1576/2258 3054/1567/2248 3062/1574/2256
f 3063/1575/2257 3054/1567/2248 3065/1577/2257
f 3065/1577/2257 3054/1567/2248 3064/1576/2258
f 3066/1578/2259 3067/1580/592 3068/1579/2260
f 3069/1581/2261 3067/1580/592 3066/1578/2259
f 3068/1579/2260 3067/1580/592 3070/1582/2262
f 3071/1583/2263 3067/1580/592 3069/1581/2261
f 3070/1582/2262 3067/1580/592 3072/1584/2264
f 3073/1585/2265 3067/1580/592 3071/1583/2263
f 3072/1584/2264 3067/1580/592 3074/1586/2266
f 3075/1587/2267 3067/1580/592 3073/1585/2265
f 3074/1586/2266 3067/1580/592 3076/1588/2268
f 3077/1589/2269 3067/1580/592 3075/1587/2267
f 3078/1590/2270 3067/1580/592 3077/1589/2269
f 3076/1588/2268 3067/1580/592 3078/1590/2270
f 3079/1404/2271 3080/1408/2271 3081/1591/2272
f 3082/1402/2271 3079/1404/2271 3081/1591/2272
f 3080/1408/2271 3083/1414/2271 3081/1591/2272
f 3084/1398/2271 3082/1402/2271 3081/1591/2272
f 3083/1414/2271 3085/1416/2271 3081/1591/2272
f 3086/1401/2271 3084/1398/2271 3081/1591/2272
f 3085/1416/2271 3087/1419/2271 3081/1591/2272
f 3088/1405/2271 3086/1401/2271 3081/1591/2272
f 3087/1419/2271 3089/1417/2273 3081/1591/2272
f 3090/1407/2271 3088/1405/2271 3081/1591/2272
f 3091/1411/2271 3090/1407/2271 3081/1591/2272
f 3089/1417/2273 3091/1411/2271 3081/1591/2272
f 3092/843/2274 3093/1592/180 3094/845/2275
f 3095/841/2276 3093/1592/180 3092/843/2274
f 3094/845/2275 3093/1592/180 3096/847/2277
f 3097/99/2278 3093/1592/180 3095/841/2276
f 3096/847/2277 3093/1592/180 3098/850/2279
f 3099/100/2280 3093/1592/180 3097/99/2278
f 3098/850/2279 3093/1592/180 3100/851/2281
f 3101/1593/152 3093/1592/180 3099/100/2280
f 3100/851/2281 3093/1592/180 3102/854/2282
f 3103/858/2283 3093/1592/180 3101/1593/152
f 3104/856/2284 3093/1592/180 3103/858/2283
f 3102/854/2282 3093/1592/180 3104/856/2284
f 3105/1425/180 3106/1594/180 3107/1421/180
f 3108/1429/180 3106/1594/180 3105/1425/180
f 3107/1421/180 3106/1594/180 3109/1426/180
f 3110/1431/180 3106/1594/180 3108/1429/180
f 3109/1426/180 3106/1594/180 3111/1428/180
f 3112/1435/180 3106/1594/180 3110/1431/180
f 3111/1428/180 3106/1594/180 3113/1434/180
f 3114/1441/180 3106/1594/180 3112/1435/180
f 3113/1434/180 3106/1594/180 3115/1438/180
f 3116/1443/180 3106/1594/180 3114/1441/180
f 3115/1438/180 3106/1594/180 3117/1440/180
f 3117/1440/180 3106/1594/180 3116/1443/180
f 3118/1425/193 3119/1421/193 3120/1594/193
f 3121/1429/193 3118/1425/193 3120/1594/193
f 3119/1421/193 3122/1426/193 3120/1594/193
f 3123/1431/193 3121/1429/193 3120/1594/193
f 3122/1426/193 3124/1428/193 3120/1594/193
f 3125/1435/193 3123/1431/193 3120/1594/193
f 3124/1428/193 3126/1434/193 3120/1594/193
f 3127/1441/193 3125/1435/193 3120/1594/193
f 3126/1434/193 3128/1438/193 3120/1594/193
f 3129/1443/193 3127/1441/193 3120/1594/193
f 3130/1440/193 3129/1443/193 3120/1594/193
f 3128/1438/193 3130/1440/193 3120/1594/193
f 3131/1542/180 3132/1545/180 3133/1595/180
f 3134/1546/180 3131/1542/180 3133/1595/180
f 3132/1545/180 3135/1549/180 3133/1595/180
f 3136/1548/180 3134/1546/180 3133/1595/180
f 3135/1549/180 3137/1553/180 3133/1595/180
f 3138/1554/180 3136/1548/180 3133/1595/180
f 3137/1553/180 3139/1555/180 3133/1595/180
f 3140/1558/180 3138/1554/180 3133/1595/180
f 3139/1555/180 3141/1559/180 3133/1595/180
f 3142/1562/180 3140/1558/180 3133/1595/180
f 3141/1559/180 3143/1564/180 3133/1595/180
f 3143/1564/180 3142/1562/180 3133/1595/180
f 3144/1596/370 3145/1597/370 3146/1598/367
f 3147/1599/2285 3144/1596/370 3146/1598/367
f 3145/1597/370 3148/1600/2286 3146/1598/367
f 3149/1601/2287 3147/1599/2285 3146/1598/367
f 3148/1600/2286 3150/1602/370 3146/1598/367
f 3151/1603/370 3149/1601/2287 3146/1598/367
f 3150/1602/370 3152/1604/368 3146/1598/367
f 3151/1603/370 3146/1598/367 3153/1605/2287
f 3152/1604/368 3154/1606/368 3146/1598/367
f 3153/1605/2287 3146/1598/367 3155/1607/2288
f 3156/1608/368 3146/1598/367 3154/1606/368
f 3155/1607/2288 3146/1598/367 3157/1609/370
f 3158/1610/370 3146/1598/367 3156/1608/368
f 3157/1609/370 3146/1598/367 3159/1611/370
f 3159/1611/370 3146/1598/367 3160/1612/2289
f 3160/1612/2289 3146/1598/367 3158/1610/370
