# Blender 5.2.2 LTS
# www.blender.org
mtllib LeftFoot.mtl
o LeftFoot
v -4.417999 -12.187583 15.205927
v -4.418005 -13.354819 11.189848
v -6.268431 -12.187583 15.205927
v -4.418005 -13.354819 11.189848
v -7.168858 -13.354819 11.189848
v -6.268431 -12.187583 15.205927
v -6.268431 -12.187583 15.205927
v -4.725199 -12.462032 20.107332
v -4.417999 -12.187583 15.205927
v -4.245399 -12.432981 20.138680
v -4.417999 -12.187583 15.205927
v -4.725199 -12.462032 20.107332
v 5.164909 -12.187583 15.205927
v 3.314480 -13.354819 11.189848
v 3.314476 -12.187583 15.205927
v 3.314480 -13.354819 11.189848
v 5.164909 -12.187583 15.205927
v 6.065334 -13.354819 11.189848
v 3.621674 -12.462032 20.107332
v 3.314476 -12.187583 15.205927
v 3.141876 -12.432981 20.138680
v 3.314476 -12.187583 15.205927
v 3.621674 -12.462032 20.107332
v 5.164909 -12.187583 15.205927
v 8.020134 -22.551245 -10.551189
v 5.304260 -22.551247 -7.835320
v 7.403069 -22.171564 -10.833382
v 7.403069 -22.171564 -10.833382
v 5.304260 -22.551247 -7.835320
v 4.895153 -22.103779 -8.325470
v 5.304260 -22.551247 -7.835320
v 2.138767 -21.103600 -5.569077
v 4.895153 -22.103779 -8.325470
v 2.138767 -21.103600 -5.569077
v 5.304260 -22.551247 -7.835320
v 2.588394 -21.551069 -5.119449
v 9.861996 -22.171566 -8.374453
v 6.863937 -22.551249 -6.275648
v 9.579803 -22.551247 -8.991519
v 6.863937 -22.551249 -6.275648
v 9.861996 -22.171566 -8.374453
v 7.354084 -22.103781 -5.866541
v 7.354084 -22.103781 -5.866541
v 4.597698 -21.103601 -3.110149
v 6.863937 -22.551249 -6.275648
v 6.863937 -22.551249 -6.275648
v 4.597698 -21.103601 -3.110149
v 4.148067 -21.551073 -3.559778
v 8.020134 -22.551245 -10.551189
v 6.863937 -22.551249 -6.275648
v 5.304260 -22.551247 -7.835320
v 6.863937 -22.551249 -6.275648
v 8.020134 -22.551245 -10.551189
v 9.579803 -22.551247 -8.991519
v 6.863937 -22.551249 -6.275648
v 4.148067 -21.551073 -3.559778
v 5.304260 -22.551247 -7.835320
v 5.304260 -22.551247 -7.835320
v 4.148067 -21.551073 -3.559778
v 2.588394 -21.551069 -5.119449
v 5.193794 -21.980526 -12.643132
v 7.287331 -24.535583 -15.652781
v 4.736504 -22.227039 -12.832562
v 6.921909 -24.535582 -16.047342
v 4.736504 -22.227039 -12.832562
v 7.287331 -24.535583 -15.652781
v 4.018742 -22.412268 -12.244876
v 5.193794 -21.980526 -12.643132
v 4.736504 -22.227039 -12.832562
v 4.138374 -22.227039 -11.495485
v 5.193794 -21.980526 -12.643132
v 4.018742 -22.412268 -12.244876
v 5.036686 -26.628252 -14.228220
v 4.018742 -22.412268 -12.244876
v 4.895172 -26.628252 -14.999478
v 5.036686 -26.628252 -14.228220
v 4.138374 -22.227039 -11.495485
v 4.018742 -22.412268 -12.244876
v 16.733833 -18.304636 -19.662172
v 18.839733 -18.941216 -20.852346
v 19.414120 -18.342440 -21.525192
v 18.839733 -18.941216 -20.852346
v 16.733833 -18.304636 -19.662172
v 16.819954 -18.725431 -19.401102
v 16.733833 -18.304636 -19.662172
v 14.257847 -17.717550 -17.822069
v 14.485874 -18.404560 -17.626575
v 16.733833 -18.304636 -19.662172
v 14.485874 -18.404560 -17.626575
v 16.819954 -18.725431 -19.401102
v 12.244595 -15.991779 -15.999022
v 13.605831 -17.950415 -16.755518
v 14.257847 -17.717550 -17.822069
v 14.257847 -17.717550 -17.822069
v 13.605831 -17.950415 -16.755518
v 14.485874 -18.404560 -17.626575
v 5.421463 -15.943245 -9.515430
v 6.455006 -15.009457 -12.457603
v 4.085129 -15.943244 -10.851764
v 6.455006 -15.009457 -12.457603
v 5.421463 -15.943245 -9.515430
v 7.409321 -15.009455 -11.503284
v 7.409321 -15.009455 -11.503284
v 9.535812 -15.229008 -14.228933
v 6.455006 -15.009457 -12.457603
v 9.535812 -15.229008 -14.228933
v 7.409321 -15.009455 -11.503284
v 9.916637 -15.205768 -13.879139
v 15.363255 -24.535589 -7.576853
v 11.706936 -22.227045 -5.862123
v 15.757812 -24.535589 -7.211434
v 11.706936 -22.227045 -5.862123
v 15.363255 -24.535589 -7.576853
v 11.517513 -21.980532 -6.319411
v 11.119255 -22.412273 -5.144357
v 15.757812 -24.535589 -7.211434
v 11.706936 -22.227045 -5.862123
v 11.517513 -21.980532 -6.319411
v 10.369862 -22.227045 -5.263997
v 11.119255 -22.412273 -5.144357
v 11.517513 -21.980532 -6.319411
v 11.119255 -22.412273 -5.144357
v 11.706936 -22.227045 -5.862123
v 10.369862 -22.227045 -5.263997
v 13.102600 -26.628258 -6.162308
v 11.119255 -22.412273 -5.144357
v 11.119255 -22.412273 -5.144357
v 13.102600 -26.628258 -6.162308
v 13.873856 -26.628258 -6.020800
v 18.536549 -18.304636 -17.859463
v 19.726715 -18.941217 -19.965359
v 18.275475 -18.725431 -17.945583
v 19.726715 -18.941217 -19.965359
v 18.536549 -18.304636 -17.859463
v 20.399574 -18.342440 -20.539736
v 16.696445 -17.717552 -15.383470
v 18.536549 -18.304636 -17.859463
v 16.500946 -18.404562 -15.611485
v 18.536549 -18.304636 -17.859463
v 18.275475 -18.725431 -17.945583
v 16.500946 -18.404562 -15.611485
v 15.629898 -17.950415 -14.731450
v 14.873390 -15.991782 -13.370210
v 16.696445 -17.717552 -15.383470
v 15.629898 -17.950415 -14.731450
v 16.696445 -17.717552 -15.383470
v 16.500946 -18.404562 -15.611485
v 8.389809 -15.943247 -6.547077
v 11.331989 -15.009459 -7.580617
v 10.377663 -15.009458 -8.534939
v 11.331989 -15.009459 -7.580617
v 8.389809 -15.943247 -6.547077
v 9.726147 -15.943247 -5.210746
v 10.377663 -15.009458 -8.534939
v 13.103306 -15.229009 -10.661427
v 12.753513 -15.205769 -11.042255
v 13.103306 -15.229009 -10.661427
v 10.377663 -15.009458 -8.534939
v 11.331989 -15.009459 -7.580617
v 10.889442 -16.836090 -14.258873
v 12.244595 -15.991779 -15.999022
v 9.916637 -15.205768 -13.879139
v 12.244595 -15.991779 -15.999022
v 10.889442 -16.836090 -14.258873
v 13.605831 -17.950415 -16.755518
v 8.232887 -16.746449 -11.484127
v 9.916637 -15.205768 -13.879139
v 7.409321 -15.009455 -11.503284
v 9.916637 -15.205768 -13.879139
v 8.232887 -16.746449 -11.484127
v 10.889442 -16.836090 -14.258873
v 7.409321 -15.009455 -11.503284
v 5.421463 -15.943245 -9.515430
v 8.232887 -16.746449 -11.484127
v 13.605831 -17.950415 -16.755518
v 10.889442 -16.836090 -14.258873
v 12.018974 -16.804905 -13.144594
v 8.232887 -16.746449 -11.484127
v 6.905640 -15.943246 -8.031255
v 9.325703 -16.720827 -10.451323
v 13.133251 -16.836092 -12.015062
v 14.873390 -15.991782 -13.370210
v 15.629898 -17.950415 -14.731450
v 14.873390 -15.991782 -13.370210
v 13.133251 -16.836092 -12.015062
v 12.753513 -15.205769 -11.042255
v 10.358509 -16.746450 -9.358506
v 12.753513 -15.205769 -11.042255
v 13.133251 -16.836092 -12.015062
v 12.753513 -15.205769 -11.042255
v 10.358509 -16.746450 -9.358506
v 10.377663 -15.009458 -8.534939
v 10.377663 -15.009458 -8.534939
v 10.358509 -16.746450 -9.358506
v 8.389809 -15.943247 -6.547077
v 15.629898 -17.950415 -14.731450
v 12.018974 -16.804905 -13.144594
v 13.133251 -16.836092 -12.015062
v 9.325703 -16.720827 -10.451323
v 13.133251 -16.836092 -12.015062
v 12.018974 -16.804905 -13.144594
v 10.358509 -16.746450 -9.358506
v 6.905640 -15.943246 -8.031255
v 10.358509 -16.746450 -9.358506
v 9.325703 -16.720827 -10.451323
v 13.873856 -26.628258 -6.020800
v 16.340275 -27.071297 -6.906435
v 16.520973 -26.628258 -6.690026
v 16.340275 -27.071297 -6.906435
v 13.873856 -26.628258 -6.020800
v 13.396309 -27.071297 -6.381411
v 13.178856 -27.071295 -9.920245
v 13.396309 -27.071297 -6.381411
v 13.163937 -26.628258 -6.730721
v 13.163937 -26.628258 -6.730721
v 12.930531 -26.628254 -10.030972
v 13.178856 -27.071295 -9.920245
v 13.873856 -26.628258 -6.020800
v 13.102600 -26.628258 -6.162308
v 13.396309 -27.071297 -6.381411
v 13.102600 -26.628258 -6.162308
v 13.163937 -26.628258 -6.730721
v 13.396309 -27.071297 -6.381411
v 16.340275 -27.071297 -6.906435
v 19.000259 -26.628254 -10.046662
v 16.520973 -26.628258 -6.690026
v 16.340275 -27.071297 -6.906435
v 18.772457 -27.071293 -10.199294
v 19.000259 -26.628254 -10.046662
v 22.120186 -26.628252 -14.592016
v 21.458622 -27.071289 -17.126463
v 21.778675 -26.628250 -17.511290
v 21.458622 -27.071289 -17.126463
v 22.120186 -26.628252 -14.592016
v 21.853844 -27.071291 -14.688503
v 18.749462 -26.628250 -17.315157
v 21.778675 -26.628250 -17.511290
v 21.458622 -27.071289 -17.126463
v 18.749462 -26.628250 -17.315157
v 21.458622 -27.071289 -17.126463
v 18.901115 -27.071289 -17.083776
v 18.772457 -27.071293 -10.199294
v 22.120186 -26.628252 -14.592016
v 19.000259 -26.628254 -10.046662
v 21.853844 -27.071291 -14.688503
v 18.901115 -27.071289 -17.083776
v 15.671421 -27.071291 -12.977836
v 15.472870 -26.628252 -13.149624
v 18.749462 -26.628250 -17.315157
v 7.212265 -5.716047 -13.798800
v 7.183846 -6.578844 -14.194630
v 7.760693 -5.813904 -13.763855
v 7.760693 -5.813904 -13.763855
v 7.183846 -6.578844 -14.194630
v 7.722115 -6.673937 -14.152304
v 14.275864 -0.591856 -26.604612
v 15.165321 1.588856 -31.252245
v 14.773750 1.672968 -31.432615
v 15.165321 1.588856 -31.252245
v 14.275864 -0.591856 -26.604612
v 14.659172 -0.727289 -26.540602
v 14.274788 0.112171 -26.278292
v 14.834621 2.558431 -31.151875
v 15.226204 2.474323 -30.971497
v 14.274788 0.112171 -26.278292
v 15.226204 2.474323 -30.971497
v 14.659195 0.144579 -26.134037
v 14.275864 -0.591856 -26.604612
v 14.300415 -2.190211 -25.594057
v 14.659172 -0.727289 -26.540602
v 14.300415 -2.190211 -25.594057
v 14.275864 -0.591856 -26.604612
v 13.613071 -1.985268 -25.817827
v 13.524643 0.443184 -24.492958
v 14.274788 0.112171 -26.278292
v 14.659195 0.144579 -26.134037
v 13.524643 0.443184 -24.492958
v 14.659195 0.144579 -26.134037
v 14.211079 0.405903 -24.189564
v 13.613071 -1.985268 -25.817827
v 10.638691 -5.672533 -18.603121
v 11.301266 -5.899769 -18.335962
v 13.613071 -1.985268 -25.817827
v 11.301266 -5.899769 -18.335962
v 14.300415 -2.190211 -25.594057
v 10.616333 -2.996765 -17.306273
v 13.524643 0.443184 -24.492958
v 14.211079 0.405903 -24.189564
v 10.616333 -2.996765 -17.306273
v 14.211079 0.405903 -24.189564
v 11.276569 -3.056328 -16.956444
v 9.996716 -5.318407 -17.042219
v 11.301266 -5.899769 -18.335962
v 10.638691 -5.672533 -18.603121
v 11.301266 -5.899769 -18.335962
v 9.996716 -5.318407 -17.042219
v 10.632256 -5.570591 -16.730103
v 10.616333 -2.996765 -17.306273
v 10.632256 -4.550341 -16.254358
v 9.996605 -4.465517 -16.648306
v 10.632256 -4.550341 -16.254358
v 10.616333 -2.996765 -17.306273
v 11.276569 -3.056328 -16.956444
v 7.722115 -6.673937 -14.152304
v 10.632256 -5.570591 -16.730103
v 9.996716 -5.318407 -17.042219
v 10.632256 -5.570591 -16.730103
v 7.722115 -6.673937 -14.152304
v 8.160923 -7.033648 -13.601021
v 7.760693 -5.813904 -13.763855
v 9.996605 -4.465517 -16.648306
v 10.632256 -4.550341 -16.254358
v 10.632256 -4.550341 -16.254358
v 8.212830 -6.005451 -13.132749
v 7.760693 -5.813904 -13.763855
v 7.141624 -5.861071 -13.226699
v 7.760693 -5.813904 -13.763855
v 8.212830 -6.005451 -13.132749
v 7.760693 -5.813904 -13.763855
v 7.141624 -5.861071 -13.226699
v 7.212265 -5.716047 -13.798800
v 7.107624 -6.894358 -13.700189
v 7.212265 -5.716047 -13.798800
v 7.141624 -5.861071 -13.226699
v 7.212265 -5.716047 -13.798800
v 7.107624 -6.894358 -13.700189
v 7.183846 -6.578844 -14.194630
v 8.160923 -7.033648 -13.601021
v 7.722115 -6.673937 -14.152304
v 7.107624 -6.894358 -13.700189
v 7.107624 -6.894358 -13.700189
v 7.722115 -6.673937 -14.152304
v 7.183846 -6.578844 -14.194630
v 4.328770 -3.434094 -12.235008
v 3.772205 -3.686955 -12.665044
v 4.336533 -3.808172 -12.405092
v 3.772205 -3.686955 -12.665044
v 4.328770 -3.434094 -12.235008
v 3.772205 -3.314541 -12.491380
v 4.434574 -8.679924 -14.621845
v 3.772205 -8.949581 -15.119048
v 4.435318 -9.092016 -14.813595
v 3.772205 -8.949581 -15.119048
v 4.434574 -8.679924 -14.621845
v 3.772205 -8.537647 -14.926959
v 4.328770 -3.434094 -12.235008
v 7.122669 1.332031 -15.884806
v 6.495445 1.466764 -16.173731
v 4.328770 -3.434094 -12.235008
v 6.495445 1.466764 -16.173731
v 3.772205 -3.314541 -12.491380
v 9.265011 4.670023 -20.692514
v 6.495445 1.466764 -16.173731
v 7.122669 1.332031 -15.884806
v 9.265011 4.670023 -20.692514
v 7.122669 1.332031 -15.884806
v 9.799305 4.555256 -20.446404
v 10.338238 3.531793 -23.553133
v 9.265011 4.670023 -20.692514
v 9.799305 4.555256 -20.446404
v 10.338238 3.531793 -23.553133
v 9.799305 4.555256 -20.446404
v 12.060944 3.161762 -22.759596
v 5.744156 -8.368853 -19.129175
v 7.479759 -9.447155 -23.399845
v 8.107010 -9.581886 -23.110914
v 5.744156 -8.368853 -19.129175
v 8.107010 -9.581886 -23.110914
v 6.384239 -8.506342 -18.834326
v 5.744156 -8.368853 -19.129175
v 4.435318 -9.092016 -14.813595
v 3.772205 -8.949581 -15.119048
v 4.435318 -9.092016 -14.813595
v 5.744156 -8.368853 -19.129175
v 6.384239 -8.506342 -18.834326
v 13.815956 1.878694 -31.873812
v 14.834621 2.558431 -31.151875
v 14.773750 1.672968 -31.432615
v 14.834621 2.558431 -31.151875
v 13.815956 1.878694 -31.873812
v 13.876835 2.764168 -31.593069
v 2.415871 -5.729219 -14.468893
v 1.118034 -6.718464 -12.637742
v 1.108749 -6.390324 -12.500464
v 1.108749 -6.390324 -12.500464
v 2.499626 -4.133484 -13.842557
v 2.415871 -5.729219 -14.468893
v 1.127426 -7.154947 -12.825819
v 2.415871 -5.729219 -14.468893
v 2.467392 -7.373009 -15.309264
v 2.415871 -5.729219 -14.468893
v 1.127426 -7.154947 -12.825819
v 1.118034 -6.718464 -12.637742
v 3.772205 -3.686955 -12.665044
v 3.772205 -3.314541 -12.491380
v 6.495445 1.466764 -16.173731
v 1.108749 -6.390324 -12.500464
v 3.772205 -3.686955 -12.665044
v 2.499626 -4.133484 -13.842557
v 3.772205 -3.686955 -12.665044
v 1.108749 -6.390324 -12.500464
v 1.970215 -6.584137 -10.879034
v 1.970215 -6.584137 -10.879034
v 1.108749 -6.390324 -12.500464
v 1.990822 -7.365192 -11.231687
v 1.118034 -6.718464 -12.637742
v 1.990822 -7.365192 -11.231687
v 1.108749 -6.390324 -12.500464
v 3.772205 -8.537647 -14.926959
v 2.011436 -8.283697 -11.648435
v 1.127426 -7.154947 -12.825819
v 3.772205 -8.537647 -14.926959
v 1.127426 -7.154947 -12.825819
v 2.467392 -7.373009 -15.309264
v 1.990822 -7.365192 -11.231687
v 1.127426 -7.154947 -12.825819
v 2.011436 -8.283697 -11.648435
v 1.127426 -7.154947 -12.825819
v 1.990822 -7.365192 -11.231687
v 1.118034 -6.718464 -12.637742
v 3.772205 -3.686955 -12.665044
v 6.176918 -2.703154 -17.426723
v 4.346645 -3.371760 -17.564392
v 3.772205 -3.686955 -12.665044
v 4.346645 -3.371760 -17.564392
v 2.499626 -4.133484 -13.842557
v 3.772205 -8.537647 -14.926959
v 4.222282 -5.000021 -18.053675
v 5.952438 -5.642040 -18.309813
v 4.222282 -5.000021 -18.053675
v 3.772205 -8.537647 -14.926959
v 2.467392 -7.373009 -15.309264
v 3.401482 -8.392174 -15.787089
v 5.225285 -7.652670 -19.401562
v 5.744156 -8.368853 -19.129175
v 5.744156 -8.368853 -19.129175
v 3.772205 -8.949581 -15.119048
v 3.401482 -8.392174 -15.787089
v 3.772205 -8.949581 -15.119048
v 3.772205 -8.537647 -14.926959
v 3.401482 -8.392174 -15.787089
v 3.401482 -8.392174 -15.787089
v 5.952438 -5.642040 -18.309813
v 5.550293 -5.740707 -19.215570
v 5.952438 -5.642040 -18.309813
v 3.401482 -8.392174 -15.787089
v 3.772205 -8.537647 -14.926959
v 12.649986 0.758297 -31.597820
v 13.168678 -0.800284 -31.717863
v 12.303246 -0.752735 -31.549719
v 13.168678 -0.800284 -31.717863
v 12.649986 0.758297 -31.597820
v 13.509972 0.536739 -31.835325
v 12.303246 -0.752735 -31.549719
v 12.012959 -2.936991 -30.205269
v 11.259144 -2.430126 -30.065235
v 12.012959 -2.936991 -30.205269
v 12.303246 -0.752735 -31.549719
v 13.168678 -0.800284 -31.717863
v 12.705711 5.769602 -29.381994
v 11.297199 4.498232 -26.917065
v 11.928822 4.886965 -26.374207
v 11.928822 4.886965 -26.374207
v 13.519386 6.242136 -29.195276
v 12.705711 5.769602 -29.381994
v 13.776039 4.312256 -30.652372
v 12.705711 5.769602 -29.381994
v 13.519386 6.242136 -29.195276
v 12.705711 5.769602 -29.381994
v 13.776039 4.312256 -30.652372
v 12.881931 4.138456 -30.525156
v 6.864803 -20.901426 14.119314
v 9.528107 -24.095253 20.234713
v 7.626438 -21.012049 14.169695
v 10.390316 -24.095255 20.264154
v 7.626438 -21.012049 14.169695
v 9.528107 -24.095253 20.234713
v 6.864803 -20.901426 14.119314
v 7.626438 -21.012049 14.169695
v 7.779636 -21.860826 12.850992
v 0.581856 -17.102310 36.196373
v 1.784107 -16.306581 32.866840
v 1.328285 -16.832577 32.690105
v 1.784107 -16.306581 32.866840
v 0.581856 -17.102310 36.196373
v 0.711132 -16.353842 37.456257
v 1.784107 -16.306581 32.866840
v 2.074730 -15.863796 26.770903
v 1.328285 -16.832577 32.690105
v 2.074730 -15.863796 26.770903
v 1.784107 -16.306581 32.866840
v 2.868702 -13.415501 24.631670
v 3.512466 -23.942442 45.461342
v 4.227158 -26.711105 45.793076
v 3.658283 -26.711105 44.983494
v 3.512466 -23.942442 45.461342
v 3.658283 -26.711105 44.983494
v 2.943581 -24.047394 44.651756
v 2.363228 -14.470891 21.504951
v 2.074730 -15.863796 26.770903
v 2.868702 -13.415501 24.631670
v 2.868702 -13.415501 24.631670
v 3.141876 -12.432981 20.138680
v 2.363228 -14.470891 21.504951
v 2.208065 -14.358830 16.018501
v 2.363228 -14.470891 21.504951
v 3.141876 -12.432981 20.138680
v 3.141876 -12.432981 20.138680
v 3.314476 -12.187583 15.205927
v 2.208065 -14.358830 16.018501
v 3.314476 -12.187583 15.205927
v 3.314480 -13.354819 11.189848
v 2.208065 -14.358830 16.018501
v 4.170216 -26.711082 13.143625
v 7.779636 -21.860826 12.850992
v 8.673653 -26.711086 16.197937
v 7.779636 -21.860826 12.850992
v 4.170216 -26.711082 13.143625
v 4.237301 -21.752737 10.712968
v 3.314480 -13.354819 11.189848
v -0.551762 -17.202267 8.611196
v -0.551762 -13.354819 11.189848
v 3.086758 -20.640959 11.357991
v 4.170216 -26.711082 13.143625
v 2.939671 -26.711086 16.110857
v 4.170216 -26.711082 13.143625
v 3.086758 -20.640959 11.357991
v 4.237301 -21.752737 10.712968
v 4.237301 -21.752737 10.712968
v 6.864803 -20.901426 14.119314
v 7.779636 -21.860826 12.850992
v 6.864803 -20.901426 14.119314
v 4.237301 -21.752737 10.712968
v 3.086758 -20.640959 11.357991
v 10.965500 -26.711090 20.256239
v 8.673653 -26.711086 16.197937
v 7.779636 -21.860826 12.850992
v 4.227158 -26.711105 45.793076
v 3.594471 -27.198896 45.904568
v 3.658283 -26.711105 44.983494
v 3.658283 -26.711105 44.983494
v 3.594471 -27.198896 45.904568
v 3.147152 -27.198898 45.267982
v 4.227158 -26.711105 45.793076
v 1.000278 -27.198902 55.514740
v 3.594471 -27.198896 45.904568
v 1.000278 -27.198902 55.514740
v 4.227158 -26.711105 45.793076
v 1.485779 -26.711111 55.948505
v 10.965500 -26.711090 20.256239
v 8.567417 -27.198875 17.192917
v 8.673653 -26.711086 16.197937
v 8.567417 -27.198875 17.192917
v 10.965500 -26.711090 20.256239
v 10.353104 -27.198879 20.354921
v 8.567417 -27.198875 17.192917
v 5.415363 -26.711090 19.862324
v 8.673653 -26.711086 16.197937
v 5.415363 -26.711090 19.862324
v 8.567417 -27.198875 17.192917
v 5.972008 -27.198877 20.111813
v 10.353104 -27.198879 20.354921
v 8.501034 -26.711100 32.763962
v 7.961308 -27.198887 32.493809
v 8.501034 -26.711100 32.763962
v 10.353104 -27.198879 20.354921
v 10.965500 -26.711090 20.256239
v 5.972008 -27.198877 20.111813
v 4.557987 -27.198887 32.257446
v 3.959183 -26.711098 32.370041
v 3.959183 -26.711098 32.370041
v 5.415363 -26.711090 19.862324
v 5.972008 -27.198877 20.111813
v 5.897537 -27.198889 34.783195
v 7.961308 -27.198887 32.493809
v 8.501034 -26.711100 32.763962
v 8.501034 -26.711100 32.763962
v 5.773060 -26.711100 35.790157
v 5.897537 -27.198889 34.783195
v 0.941467 -3.865023 14.062056
v 0.963764 -7.167959 22.096113
v 1.494812 -4.759960 13.624823
v 1.525208 -8.062897 22.096109
v 1.494812 -4.759960 13.624823
v 0.963764 -7.167959 22.096113
v 1.494812 -1.523743 11.103384
v 0.941467 -3.865023 14.062056
v 1.494812 -4.759960 13.624823
v 0.941467 -0.628807 11.540615
v 0.941467 -3.865023 14.062056
v 1.494812 -1.523743 11.103384
v 1.494812 0.653513 5.247875
v 0.941467 -0.628807 11.540615
v 1.494812 -1.523743 11.103384
v 0.941467 -0.628807 11.540615
v 1.494812 0.653513 5.247875
v 0.941467 1.548448 5.247876
v 5.193306 -21.998005 -3.560546
v 2.752087 -21.998003 -6.001763
v 3.033901 -22.001991 -6.489877
v 3.033901 -22.001991 -6.489877
v 5.681416 -22.001993 -3.842358
v 5.193306 -21.998005 -3.560546
v 5.193306 -21.998011 3.108984
v 3.033901 -22.001999 6.038311
v 2.752087 -21.998011 5.550200
v 3.033901 -22.001999 6.038311
v 5.193306 -21.998011 3.108984
v 5.681416 -22.001997 3.390796
v 6.086849 -21.998007 -0.225781
v 5.681416 -22.001993 -3.842358
v 6.650475 -22.001995 -0.225781
v 5.681416 -22.001993 -3.842358
v 6.086849 -21.998007 -0.225781
v 5.193306 -21.998005 -3.560546
v 7.389969 -18.502497 -4.831215
v 5.681416 -22.001993 -3.842358
v 5.681416 -18.502497 -3.842355
v 3.033901 -22.001991 -6.489877
v 4.020332 -18.502495 -8.200853
v 3.033901 -18.502497 -6.489874
v 3.033901 -22.001999 6.038311
v 4.020332 -18.502506 7.744441
v 3.033901 -18.502504 6.038314
v 1.718834 -18.502493 -8.817538
v 1.225613 -22.001989 -6.974404
v 1.225613 -18.502497 -6.974402
v 3.033901 -18.502497 -6.489874
v 1.718834 -18.502493 -8.817538
v 1.225613 -18.502497 -6.974402
v 1.718834 -18.502493 -8.817538
v 3.033901 -18.502497 -6.489874
v 4.020332 -18.502495 -8.200853
v -6.407789 -22.551247 -7.835320
v -9.123661 -22.551245 -10.551189
v -8.506594 -22.171564 -10.833382
v -8.506594 -22.171564 -10.833382
v -5.998680 -22.103779 -8.325470
v -6.407789 -22.551247 -7.835320
v -6.407789 -22.551247 -7.835320
v -3.242292 -21.103600 -5.569077
v -3.691919 -21.551069 -5.119449
v -3.242292 -21.103600 -5.569077
v -6.407789 -22.551247 -7.835320
v -5.998680 -22.103779 -8.325470
v -10.965519 -22.171566 -8.374453
v -7.967461 -22.551249 -6.275648
v -8.457607 -22.103781 -5.866541
v -7.967461 -22.551249 -6.275648
v -10.965519 -22.171566 -8.374453
v -10.683329 -22.551247 -8.991519
v -5.701221 -21.103601 -3.110149
v -8.457607 -22.103781 -5.866541
v -7.967461 -22.551249 -6.275648
v -7.967461 -22.551249 -6.275648
v -5.251589 -21.551073 -3.559778
v -5.701221 -21.103601 -3.110149
v -9.123661 -22.551245 -10.551189
v -7.967461 -22.551249 -6.275648
v -10.683329 -22.551247 -8.991519
v -7.967461 -22.551249 -6.275648
v -9.123661 -22.551245 -10.551189
v -6.407789 -22.551247 -7.835320
v -6.407789 -22.551247 -7.835320
v -3.691919 -21.551069 -5.119449
v -5.251589 -21.551073 -3.559778
v -6.407789 -22.551247 -7.835320
v -5.251589 -21.551073 -3.559778
v -7.967461 -22.551249 -6.275648
v -8.390856 -24.535583 -15.652781
v -5.840029 -22.227039 -12.832562
v -8.025434 -24.535582 -16.047342
v -5.840029 -22.227039 -12.832562
v -8.390856 -24.535583 -15.652781
v -6.297316 -21.980526 -12.643132
v -5.122265 -22.412268 -12.244876
v -5.840029 -22.227039 -12.832562
v -6.297316 -21.980526 -12.643132
v -6.297316 -21.980526 -12.643132
v -5.241899 -22.227039 -11.495485
v -5.122265 -22.412268 -12.244876
v -5.998699 -26.628252 -14.999478
v -5.122265 -22.412268 -12.244876
v -6.140213 -26.628252 -14.228220
v -5.122265 -22.412268 -12.244876
v -5.241899 -22.227039 -11.495485
v -6.140213 -26.628252 -14.228220
v -19.943256 -18.941216 -20.852346
v -17.837360 -18.304636 -19.662172
v -20.517643 -18.342440 -21.525192
v -17.837360 -18.304636 -19.662172
v -19.943256 -18.941216 -20.852346
v -17.923483 -18.725431 -19.401102
v -17.923483 -18.725431 -19.401102
v -15.589396 -18.404560 -17.626575
v -17.837360 -18.304636 -19.662172
v -15.361370 -17.717550 -17.822069
v -17.837360 -18.304636 -19.662172
v -15.589396 -18.404560 -17.626575
v -13.348118 -15.991779 -15.999022
v -15.361370 -17.717550 -17.822069
v -14.709356 -17.950415 -16.755518
v -15.361370 -17.717550 -17.822069
v -15.589396 -18.404560 -17.626575
v -14.709356 -17.950415 -16.755518
v -6.524984 -15.943245 -9.515430
v -7.558529 -15.009457 -12.457603
v -8.512848 -15.009455 -11.503284
v -7.558529 -15.009457 -12.457603
v -6.524984 -15.943245 -9.515430
v -5.188648 -15.943244 -10.851764
v -11.020163 -15.205768 -13.879139
v -8.512848 -15.009455 -11.503284
v -10.639336 -15.229008 -14.228933
v -10.639336 -15.229008 -14.228933
v -8.512848 -15.009455 -11.503284
v -7.558529 -15.009457 -12.457603
v -12.621038 -21.980532 -6.319411
v -16.466776 -24.535589 -7.576853
v -12.810461 -22.227045 -5.862123
v -16.861341 -24.535589 -7.211434
v -12.810461 -22.227045 -5.862123
v -16.466776 -24.535589 -7.576853
v -12.222778 -22.412273 -5.144357
v -12.810461 -22.227045 -5.862123
v -16.861341 -24.535589 -7.211434
v -12.222778 -22.412273 -5.144357
v -12.621038 -21.980532 -6.319411
v -12.810461 -22.227045 -5.862123
v -11.473385 -22.227045 -5.263997
v -12.621038 -21.980532 -6.319411
v -12.222778 -22.412273 -5.144357
v -14.206123 -26.628258 -6.162308
v -11.473385 -22.227045 -5.263997
v -12.222778 -22.412273 -5.144357
v -12.222778 -22.412273 -5.144357
v -14.977383 -26.628258 -6.020800
v -14.206123 -26.628258 -6.162308
v -19.640076 -18.304636 -17.859463
v -20.830244 -18.941217 -19.965359
v -21.503092 -18.342440 -20.539736
v -20.830244 -18.941217 -19.965359
v -19.640076 -18.304636 -17.859463
v -19.379002 -18.725431 -17.945583
v -17.604477 -18.404562 -15.611485
v -19.640076 -18.304636 -17.859463
v -17.799969 -17.717552 -15.383470
v -19.640076 -18.304636 -17.859463
v -17.604477 -18.404562 -15.611485
v -19.379002 -18.725431 -17.945583
v -17.799969 -17.717552 -15.383470
v -15.976919 -15.991782 -13.370210
v -16.733416 -17.950415 -14.731450
v -17.799969 -17.717552 -15.383470
v -16.733416 -17.950415 -14.731450
v -17.604477 -18.404562 -15.611485
v -12.435514 -15.009459 -7.580617
v -9.493332 -15.943247 -6.547077
v -11.481190 -15.009458 -8.534939
v -9.493332 -15.943247 -6.547077
v -12.435514 -15.009459 -7.580617
v -10.829668 -15.943247 -5.210746
v -14.206833 -15.229009 -10.661427
v -11.481190 -15.009458 -8.534939
v -13.857040 -15.205769 -11.042255
v -11.481190 -15.009458 -8.534939
v -14.206833 -15.229009 -10.661427
v -12.435514 -15.009459 -7.580617
v -11.020163 -15.205768 -13.879139
v -13.348118 -15.991779 -15.999022
v -11.992966 -16.836090 -14.258873
v -13.348118 -15.991779 -15.999022
v -14.709356 -17.950415 -16.755518
v -11.992966 -16.836090 -14.258873
v -9.336412 -16.746449 -11.484127
v -8.512848 -15.009455 -11.503284
v -11.020163 -15.205768 -13.879139
v -9.336412 -16.746449 -11.484127
v -11.020163 -15.205768 -13.879139
v -11.992966 -16.836090 -14.258873
v -8.512848 -15.009455 -11.503284
v -9.336412 -16.746449 -11.484127
v -6.524984 -15.943245 -9.515430
v -14.709356 -17.950415 -16.755518
v -13.122498 -16.804905 -13.144594
v -11.992966 -16.836090 -14.258873
v -10.429230 -16.720827 -10.451323
v -8.009163 -15.943246 -8.031255
v -9.336412 -16.746449 -11.484127
v -14.236776 -16.836092 -12.015062
v -16.733416 -17.950415 -14.731450
v -15.976919 -15.991782 -13.370210
v -15.976919 -15.991782 -13.370210
v -13.857040 -15.205769 -11.042255
v -14.236776 -16.836092 -12.015062
v -11.462034 -16.746450 -9.358506
v -14.236776 -16.836092 -12.015062
v -13.857040 -15.205769 -11.042255
v -11.462034 -16.746450 -9.358506
v -13.857040 -15.205769 -11.042255
v -11.481190 -15.009458 -8.534939
v -11.481190 -15.009458 -8.534939
v -9.493332 -15.943247 -6.547077
v -11.462034 -16.746450 -9.358506
v -16.733416 -17.950415 -14.731450
v -14.236776 -16.836092 -12.015062
v -13.122498 -16.804905 -13.144594
v -10.429230 -16.720827 -10.451323
v -13.122498 -16.804905 -13.144594
v -14.236776 -16.836092 -12.015062
v -11.462034 -16.746450 -9.358506
v -8.009163 -15.943246 -8.031255
v -10.429230 -16.720827 -10.451323
v -11.462034 -16.746450 -9.358506
v -17.443802 -27.071297 -6.906435
v -14.977383 -26.628258 -6.020800
v -17.624498 -26.628258 -6.690026
v -14.977383 -26.628258 -6.020800
v -17.443802 -27.071297 -6.906435
v -14.499832 -27.071297 -6.381411
v -14.499832 -27.071297 -6.381411
v -14.282375 -27.071295 -9.920245
v -14.267462 -26.628258 -6.730721
v -14.267462 -26.628258 -6.730721
v -14.282375 -27.071295 -9.920245
v -14.034060 -26.628254 -10.030972
v -14.977383 -26.628258 -6.020800
v -14.499832 -27.071297 -6.381411
v -14.206123 -26.628258 -6.162308
v -14.206123 -26.628258 -6.162308
v -14.499832 -27.071297 -6.381411
v -14.267462 -26.628258 -6.730721
v -17.624498 -26.628258 -6.690026
v -20.103783 -26.628254 -10.046662
v -17.443802 -27.071297 -6.906435
v -17.443802 -27.071297 -6.906435
v -20.103783 -26.628254 -10.046662
v -19.875973 -27.071293 -10.199294
v -23.223705 -26.628252 -14.592016
v -22.562149 -27.071289 -17.126463
v -22.957363 -27.071291 -14.688503
v -22.562149 -27.071289 -17.126463
v -23.223705 -26.628252 -14.592016
v -22.882200 -26.628250 -17.511290
v -19.852982 -26.628250 -17.315157
v -22.562149 -27.071289 -17.126463
v -22.882200 -26.628250 -17.511290
v -22.562149 -27.071289 -17.126463
v -19.852982 -26.628250 -17.315157
v -20.004646 -27.071289 -17.083776
v -20.103783 -26.628254 -10.046662
v -23.223705 -26.628252 -14.592016
v -19.875973 -27.071293 -10.199294
v -22.957363 -27.071291 -14.688503
v -16.774942 -27.071291 -12.977836
v -20.004646 -27.071289 -17.083776
v -16.576401 -26.628252 -13.149624
v -19.852982 -26.628250 -17.315157
v -8.315790 -5.716047 -13.798800
v -8.864216 -5.813904 -13.763855
v -8.287371 -6.578844 -14.194630
v -8.864216 -5.813904 -13.763855
v -8.825640 -6.673937 -14.152304
v -8.287371 -6.578844 -14.194630
v -15.379389 -0.591856 -26.604612
v -16.268845 1.588856 -31.252245
v -15.762695 -0.727289 -26.540602
v -16.268845 1.588856 -31.252245
v -15.379389 -0.591856 -26.604612
v -15.877277 1.672968 -31.432615
v -15.762716 0.144579 -26.134037
v -16.329729 2.474323 -30.971497
v -15.378311 0.112171 -26.278292
v -15.378311 0.112171 -26.278292
v -16.329729 2.474323 -30.971497
v -15.938147 2.558431 -31.151875
v -14.716595 -1.985268 -25.817827
v -15.379389 -0.591856 -26.604612
v -15.403940 -2.190211 -25.594057
v -15.762695 -0.727289 -26.540602
v -15.403940 -2.190211 -25.594057
v -15.379389 -0.591856 -26.604612
v -14.628172 0.443184 -24.492958
v -15.762716 0.144579 -26.134037
v -15.378311 0.112171 -26.278292
v -15.762716 0.144579 -26.134037
v -14.628172 0.443184 -24.492958
v -15.314602 0.405903 -24.189564
v -14.716595 -1.985268 -25.817827
v -12.404787 -5.899769 -18.335962
v -11.742216 -5.672533 -18.603121
v -12.404787 -5.899769 -18.335962
v -14.716595 -1.985268 -25.817827
v -15.403940 -2.190211 -25.594057
v -12.380095 -3.056328 -16.956444
v -15.314602 0.405903 -24.189564
v -11.719858 -2.996765 -17.306273
v -11.719858 -2.996765 -17.306273
v -15.314602 0.405903 -24.189564
v -14.628172 0.443184 -24.492958
v -11.100241 -5.318407 -17.042219
v -12.404787 -5.899769 -18.335962
v -11.735775 -5.570591 -16.730103
v -12.404787 -5.899769 -18.335962
v -11.100241 -5.318407 -17.042219
v -11.742216 -5.672533 -18.603121
v -11.735775 -4.550341 -16.254358
v -11.719858 -2.996765 -17.306273
v -11.100130 -4.465517 -16.648306
v -11.719858 -2.996765 -17.306273
v -11.735775 -4.550341 -16.254358
v -12.380095 -3.056328 -16.956444
v -11.735775 -5.570591 -16.730103
v -8.825640 -6.673937 -14.152304
v -11.100241 -5.318407 -17.042219
v -8.825640 -6.673937 -14.152304
v -11.735775 -5.570591 -16.730103
v -9.264450 -7.033648 -13.601021
v -8.864216 -5.813904 -13.763855
v -11.735775 -4.550341 -16.254358
v -11.100130 -4.465517 -16.648306
v -11.735775 -4.550341 -16.254358
v -8.864216 -5.813904 -13.763855
v -9.316351 -6.005451 -13.132749
v -8.864216 -5.813904 -13.763855
v -8.245150 -5.861071 -13.226699
v -9.316351 -6.005451 -13.132749
v -8.245150 -5.861071 -13.226699
v -8.864216 -5.813904 -13.763855
v -8.315790 -5.716047 -13.798800
v -8.211151 -6.894358 -13.700189
v -8.315790 -5.716047 -13.798800
v -8.287371 -6.578844 -14.194630
v -8.315790 -5.716047 -13.798800
v -8.211151 -6.894358 -13.700189
v -8.245150 -5.861071 -13.226699
v -9.264450 -7.033648 -13.601021
v -8.211151 -6.894358 -13.700189
v -8.825640 -6.673937 -14.152304
v -8.211151 -6.894358 -13.700189
v -8.287371 -6.578844 -14.194630
v -8.825640 -6.673937 -14.152304
v -5.432293 -3.434094 -12.235008
v -4.875729 -3.686955 -12.665044
v -4.875729 -3.314541 -12.491380
v -4.875729 -3.686955 -12.665044
v -5.432293 -3.434094 -12.235008
v -5.440058 -3.808172 -12.405092
v -5.538099 -8.679924 -14.621845
v -4.875729 -8.949581 -15.119048
v -4.875729 -8.537647 -14.926959
v -4.875729 -8.949581 -15.119048
v -5.538099 -8.679924 -14.621845
v -5.538843 -9.092016 -14.813595
v -4.875729 -3.314541 -12.491380
v -7.598967 1.466764 -16.173731
v -5.432293 -3.434094 -12.235008
v -8.226192 1.332031 -15.884806
v -5.432293 -3.434094 -12.235008
v -7.598967 1.466764 -16.173731
v -10.368538 4.670023 -20.692514
v -8.226192 1.332031 -15.884806
v -7.598967 1.466764 -16.173731
v -8.226192 1.332031 -15.884806
v -10.368538 4.670023 -20.692514
v -10.902826 4.555256 -20.446404
v -11.441761 3.531793 -23.553133
v -10.902826 4.555256 -20.446404
v -10.368538 4.670023 -20.692514
v -10.902826 4.555256 -20.446404
v -11.441761 3.531793 -23.553133
v -13.164467 3.161762 -22.759596
v -6.847681 -8.368853 -19.129175
v -9.210531 -9.581886 -23.110914
v -8.583282 -9.447155 -23.399845
v -9.210531 -9.581886 -23.110914
v -6.847681 -8.368853 -19.129175
v -7.487762 -8.506342 -18.834326
v -6.847681 -8.368853 -19.129175
v -5.538843 -9.092016 -14.813595
v -7.487762 -8.506342 -18.834326
v -5.538843 -9.092016 -14.813595
v -6.847681 -8.368853 -19.129175
v -4.875729 -8.949581 -15.119048
v -14.919476 1.878694 -31.873812
v -15.877277 1.672968 -31.432615
v -15.938147 2.558431 -31.151875
v -14.919476 1.878694 -31.873812
v -15.938147 2.558431 -31.151875
v -14.980358 2.764168 -31.593069
v -3.519394 -5.729219 -14.468893
v -2.212273 -6.390324 -12.500464
v -2.221560 -6.718464 -12.637742
v -3.519394 -5.729219 -14.468893
v -3.603151 -4.133484 -13.842557
v -2.212273 -6.390324 -12.500464
v -2.230949 -7.154947 -12.825819
v -3.519394 -5.729219 -14.468893
v -2.221560 -6.718464 -12.637742
v -3.519394 -5.729219 -14.468893
v -2.230949 -7.154947 -12.825819
v -3.570913 -7.373009 -15.309264
v -4.875729 -3.686955 -12.665044
v -7.598967 1.466764 -16.173731
v -4.875729 -3.314541 -12.491380
v -4.875729 -3.686955 -12.665044
v -2.212273 -6.390324 -12.500464
v -3.603151 -4.133484 -13.842557
v -2.212273 -6.390324 -12.500464
v -4.875729 -3.686955 -12.665044
v -3.073736 -6.584137 -10.879034
v -3.094343 -7.365192 -11.231687
v -2.221560 -6.718464 -12.637742
v -2.212273 -6.390324 -12.500464
v -3.094343 -7.365192 -11.231687
v -2.212273 -6.390324 -12.500464
v -3.073736 -6.584137 -10.879034
v -4.875729 -8.537647 -14.926959
v -2.230949 -7.154947 -12.825819
v -3.114962 -8.283697 -11.648435
v -2.230949 -7.154947 -12.825819
v -4.875729 -8.537647 -14.926959
v -3.570913 -7.373009 -15.309264
v -2.230949 -7.154947 -12.825819
v -3.094343 -7.365192 -11.231687
v -3.114962 -8.283697 -11.648435
v -3.094343 -7.365192 -11.231687
v -2.230949 -7.154947 -12.825819
v -2.221560 -6.718464 -12.637742
v -4.875729 -3.686955 -12.665044
v -5.450169 -3.371760 -17.564392
v -7.280443 -2.703154 -17.426723
v -5.450169 -3.371760 -17.564392
v -4.875729 -3.686955 -12.665044
v -3.603151 -4.133484 -13.842557
v -4.875729 -8.537647 -14.926959
v -5.325811 -5.000021 -18.053675
v -3.570913 -7.373009 -15.309264
v -5.325811 -5.000021 -18.053675
v -4.875729 -8.537647 -14.926959
v -7.055964 -5.642040 -18.309813
v -4.505007 -8.392174 -15.787089
v -6.847681 -8.368853 -19.129175
v -6.328810 -7.652670 -19.401562
v -6.847681 -8.368853 -19.129175
v -4.505007 -8.392174 -15.787089
v -4.875729 -8.949581 -15.119048
v -4.875729 -8.949581 -15.119048
v -4.505007 -8.392174 -15.787089
v -4.875729 -8.537647 -14.926959
v -7.055964 -5.642040 -18.309813
v -4.505007 -8.392174 -15.787089
v -6.653818 -5.740707 -19.215570
v -4.505007 -8.392174 -15.787089
v -7.055964 -5.642040 -18.309813
v -4.875729 -8.537647 -14.926959
v -14.272200 -0.800284 -31.717863
v -13.753508 0.758297 -31.597820
v -13.406776 -0.752735 -31.549719
v -13.753508 0.758297 -31.597820
v -14.272200 -0.800284 -31.717863
v -14.613497 0.536739 -31.835325
v -13.116489 -2.936991 -30.205269
v -13.406776 -0.752735 -31.549719
v -12.362669 -2.430126 -30.065235
v -13.406776 -0.752735 -31.549719
v -13.116489 -2.936991 -30.205269
v -14.272200 -0.800284 -31.717863
v -13.809233 5.769602 -29.381994
v -13.032341 4.886965 -26.374207
v -12.400723 4.498232 -26.917065
v -13.032341 4.886965 -26.374207
v -13.809233 5.769602 -29.381994
v -14.622906 6.242136 -29.195276
v -14.879564 4.312256 -30.652372
v -13.809233 5.769602 -29.381994
v -13.985451 4.138456 -30.525156
v -13.809233 5.769602 -29.381994
v -14.879564 4.312256 -30.652372
v -14.622906 6.242136 -29.195276
v -10.631634 -24.095253 20.234713
v -8.729961 -21.012049 14.169695
v -11.493843 -24.095255 20.264154
v -8.729961 -21.012049 14.169695
v -10.631634 -24.095253 20.234713
v -7.968328 -20.901426 14.119314
v -7.968328 -20.901426 14.119314
v -8.883158 -21.860826 12.850992
v -8.729961 -21.012049 14.169695
v -2.887632 -16.306581 32.866840
v -1.685375 -17.102310 36.196373
v -2.431808 -16.832577 32.690105
v -1.685375 -17.102310 36.196373
v -2.887632 -16.306581 32.866840
v -1.814655 -16.353842 37.456257
v -2.887632 -16.306581 32.866840
v -3.178255 -15.863796 26.770903
v -3.972229 -13.415501 24.631670
v -3.178255 -15.863796 26.770903
v -2.887632 -16.306581 32.866840
v -2.431808 -16.832577 32.690105
v -4.615992 -23.942442 45.461342
v -4.761806 -26.711105 44.983494
v -5.330683 -26.711105 45.793076
v -4.761806 -26.711105 44.983494
v -4.615992 -23.942442 45.461342
v -4.047108 -24.047394 44.651756
v -3.178255 -15.863796 26.770903
v -3.466751 -14.470891 21.504951
v -3.972229 -13.415501 24.631670
v -4.245399 -12.432981 20.138680
v -3.972229 -13.415501 24.631670
v -3.466751 -14.470891 21.504951
v -3.466751 -14.470891 21.504951
v -3.311588 -14.358830 16.018501
v -4.245399 -12.432981 20.138680
v -4.417999 -12.187583 15.205927
v -4.245399 -12.432981 20.138680
v -3.311588 -14.358830 16.018501
v -4.417999 -12.187583 15.205927
v -3.311588 -14.358830 16.018501
v -4.418005 -13.354819 11.189848
v -5.273743 -26.711082 13.143625
v -9.777176 -26.711086 16.197937
v -8.883158 -21.860826 12.850992
v -5.273743 -26.711082 13.143625
v -8.883158 -21.860826 12.850992
v -5.340826 -21.752737 10.712968
v -4.418005 -13.354819 11.189848
v -0.551762 -13.354819 11.189848
v -0.551762 -17.202267 8.611196
v -4.190283 -20.640959 11.357991
v -5.273743 -26.711082 13.143625
v -5.340826 -21.752737 10.712968
v -5.273743 -26.711082 13.143625
v -4.190283 -20.640959 11.357991
v -4.043196 -26.711086 16.110857
v -5.340826 -21.752737 10.712968
v -7.968328 -20.901426 14.119314
v -4.190283 -20.640959 11.357991
v -7.968328 -20.901426 14.119314
v -5.340826 -21.752737 10.712968
v -8.883158 -21.860826 12.850992
v -12.069021 -26.711090 20.256239
v -8.883158 -21.860826 12.850992
v -9.777176 -26.711086 16.197937
v -5.330683 -26.711105 45.793076
v -4.761806 -26.711105 44.983494
v -4.697996 -27.198896 45.904568
v -4.761806 -26.711105 44.983494
v -4.250673 -27.198898 45.267982
v -4.697996 -27.198896 45.904568
v -2.589302 -26.711111 55.948505
v -5.330683 -26.711105 45.793076
v -2.103804 -27.198902 55.514740
v -2.103804 -27.198902 55.514740
v -5.330683 -26.711105 45.793076
v -4.697996 -27.198896 45.904568
v -9.670942 -27.198875 17.192917
v -12.069021 -26.711090 20.256239
v -9.777176 -26.711086 16.197937
v -12.069021 -26.711090 20.256239
v -9.670942 -27.198875 17.192917
v -11.456625 -27.198879 20.354921
v -7.075533 -27.198877 20.111813
v -9.670942 -27.198875 17.192917
v -6.518887 -26.711090 19.862324
v -9.777176 -26.711086 16.197937
v -6.518887 -26.711090 19.862324
v -9.670942 -27.198875 17.192917
v -9.604557 -26.711100 32.763962
v -11.456625 -27.198879 20.354921
v -9.064831 -27.198887 32.493809
v -11.456625 -27.198879 20.354921
v -9.604557 -26.711100 32.763962
v -12.069021 -26.711090 20.256239
v -7.075533 -27.198877 20.111813
v -5.062706 -26.711098 32.370041
v -5.661510 -27.198887 32.257446
v -6.518887 -26.711090 19.862324
v -5.062706 -26.711098 32.370041
v -7.075533 -27.198877 20.111813
v -7.001060 -27.198889 34.783195
v -9.604557 -26.711100 32.763962
v -9.064831 -27.198887 32.493809
v -6.876583 -26.711100 35.790157
v -9.604557 -26.711100 32.763962
v -7.001060 -27.198889 34.783195
v -2.067284 -7.167959 22.096113
v -2.598337 -4.759960 13.624823
v -2.628733 -8.062897 22.096109
v -2.598337 -4.759960 13.624823
v -2.067284 -7.167959 22.096113
v -2.044991 -3.865023 14.062056
v -2.598337 -1.523743 11.103384
v -2.598337 -4.759960 13.624823
v -2.044991 -3.865023 14.062056
v -2.598337 -1.523743 11.103384
v -2.044991 -3.865023 14.062056
v -2.044991 -0.628807 11.540615
v -2.598337 0.653513 5.247875
v -2.598337 -1.523743 11.103384
v -2.044991 -0.628807 11.540615
v -2.044991 -0.628807 11.540615
v -2.044991 1.548448 5.247876
v -2.598337 0.653513 5.247875
v -6.296827 -21.998005 -3.560546
v -4.137424 -22.001991 -6.489877
v -3.855610 -21.998003 -6.001763
v -6.784941 -22.001993 -3.842358
v -4.137424 -22.001991 -6.489877
v -6.296827 -21.998005 -3.560546
v -6.296827 -21.998011 3.108984
v -4.137424 -22.001999 6.038311
v -6.784941 -22.001997 3.390796
v -4.137424 -22.001999 6.038311
v -6.296827 -21.998011 3.108984
v -3.855610 -21.998011 5.550200
v -6.296827 -21.998005 -3.560546
v -7.190374 -21.998007 -0.225781
v -6.784941 -22.001993 -3.842358
v -7.753998 -22.001995 -0.225781
v -6.784941 -22.001993 -3.842358
v -7.190374 -21.998007 -0.225781
v -8.493496 -18.502497 -4.831215
v -6.784941 -18.502497 -3.842355
v -6.784941 -22.001993 -3.842358
v -4.137424 -22.001991 -6.489877
v -4.137424 -18.502497 -6.489874
v -5.123857 -18.502495 -8.200853
v -4.137424 -22.001999 6.038311
v -4.137424 -18.502504 6.038314
v -5.123857 -18.502506 7.744441
v -2.822359 -18.502493 -8.817538
v -2.329140 -18.502497 -6.974402
v -2.329140 -22.001989 -6.974404
v -2.822359 -18.502493 -8.817538
v -4.137424 -18.502497 -6.489874
v -2.329140 -18.502497 -6.974402
v -4.137424 -18.502497 -6.489874
v -2.822359 -18.502493 -8.817538
v -5.123857 -18.502495 -8.200853
v -6.285501 -6.953541 12.860413
v -5.612921 3.967502 17.073652
v -5.562740 -6.919706 12.721510
v -5.612921 3.967502 17.073652
v -4.880770 4.051836 16.950006
v -5.562740 -6.919706 12.721510
v -5.577473 20.405134 22.660824
v -5.511734 25.210016 20.725145
v -4.928684 20.340479 22.605789
v -5.511734 25.210016 20.725145
v -5.577473 20.405134 22.660824
v -6.205330 25.227301 20.859045
v -5.059179 7.138735 21.148846
v -4.685123 15.628740 24.553860
v -4.387398 7.287912 21.022139
v -4.387398 7.287912 21.022139
v -4.685123 15.628740 24.553860
v -4.075125 15.714434 24.399271
v -4.387398 7.287912 21.022139
v -5.612921 3.967502 17.073652
v -5.059179 7.138735 21.148846
v -5.612921 3.967502 17.073652
v -4.387398 7.287912 21.022139
v -4.880770 4.051836 16.950006
v -4.685123 15.628740 24.553860
v -4.928684 20.340479 22.605789
v -4.075125 15.714434 24.399271
v -4.928684 20.340479 22.605789
v -4.685123 15.628740 24.553860
v -5.577473 20.405134 22.660824
v -2.232811 26.492430 22.933258
v -1.349117 25.537142 23.410891
v -1.943184 26.396879 22.366112
v -1.349117 25.537142 23.410891
v -2.232811 26.492430 22.933258
v -1.619785 25.625650 23.904381
v -1.943184 26.396879 22.366112
v -3.691832 26.456335 22.301889
v -2.232811 26.492430 22.933258
v -4.814323 26.550669 22.867998
v -2.232811 26.492430 22.933258
v -3.691832 26.456335 22.301889
v -4.168976 -7.090458 13.063318
v -3.900429 -6.916250 14.099312
v -4.625969 -6.872717 14.748167
v 4.458035 -6.919706 12.721510
v 4.509399 3.967502 17.073652
v 5.181976 -6.953541 12.860413
v 4.509399 3.967502 17.073652
v 4.458035 -6.919706 12.721510
v 3.777252 4.051836 16.950006
v 4.408081 25.210016 20.725145
v 4.473953 20.405134 22.660824
v 3.824944 20.340479 22.605789
v 4.473953 20.405134 22.660824
v 4.408081 25.210016 20.725145
v 5.101669 25.227301 20.859045
v 3.283882 7.287912 21.022139
v 3.581543 15.628740 24.553860
v 3.955662 7.138735 21.148846
v 3.581543 15.628740 24.553860
v 3.283882 7.287912 21.022139
v 2.971607 15.714434 24.399271
v 3.283882 7.287912 21.022139
v 4.509399 3.967502 17.073652
v 3.777252 4.051836 16.950006
v 4.509399 3.967502 17.073652
v 3.283882 7.287912 21.022139
v 3.955662 7.138735 21.148846
v 3.824944 20.340479 22.605789
v 3.581543 15.628740 24.553860
v 2.971607 15.714434 24.399271
v 3.581543 15.628740 24.553860
v 3.824944 20.340479 22.605789
v 4.473953 20.405134 22.660824
v 0.245605 25.537142 23.410891
v 1.129295 26.492430 22.933258
v 0.839668 26.396879 22.366112
v 1.129295 26.492430 22.933258
v 0.245605 25.537142 23.410891
v 0.516270 25.625650 23.904381
v 1.129295 26.492430 22.933258
v 3.710808 26.550669 22.867998
v 2.588318 26.456335 22.301889
v 1.129295 26.492430 22.933258
v 2.588318 26.456335 22.301889
v 0.839668 26.396879 22.366112
v 3.065128 -7.090458 13.063318
v 3.522449 -6.872717 14.748167
v 2.796913 -6.916250 14.099312
v 5.601494 -3.303679 8.507760
v 5.941048 7.502211 13.619175
v 5.220089 7.587065 13.497683
v 5.941048 7.502211 13.619175
v 5.601494 -3.303679 8.507760
v 6.491798 -3.337704 8.645876
v 5.157562 23.267847 16.196810
v 5.058784 17.757956 18.674412
v 5.895016 23.274103 16.322418
v 5.058784 17.757956 18.674412
v 5.157562 23.267847 16.196810
v 4.463070 17.780092 18.508614
v 4.277031 15.534040 19.297415
v 4.580734 10.184759 17.254875
v 4.889420 15.435076 19.465836
v 4.580734 10.184759 17.254875
v 5.251385 10.050432 17.384270
v 4.889420 15.435076 19.465836
v 5.941048 7.502211 13.619175
v 4.580734 10.184759 17.254875
v 5.220089 7.587065 13.497683
v 4.580734 10.184759 17.254875
v 5.941048 7.502211 13.619175
v 5.251385 10.050432 17.384270
v 5.058784 17.757956 18.674412
v 4.277031 15.534040 19.297415
v 4.889420 15.435076 19.465836
v 4.277031 15.534040 19.297415
v 5.058784 17.757956 18.674412
v 4.463070 17.780092 18.508614
v 3.277905 26.076761 21.142233
v 2.588318 26.456335 22.301889
v 3.710808 26.550669 22.867998
v 3.710808 26.550669 22.867998
v 4.639816 26.098913 21.695948
v 3.277905 26.076761 21.142233
v 3.730297 12.720434 11.065654
v 6.022942 20.719252 15.086237
v 6.327168 12.574450 11.655365
v 6.022942 20.719252 15.086237
v 3.730297 12.720434 11.065654
v 3.658566 20.758287 14.531109
v 3.823860 9.741251 9.813272
v 6.327168 12.574450 11.655365
v 6.417625 9.779413 10.438190
v 6.327168 12.574450 11.655365
v 3.823860 9.741251 9.813272
v 3.730297 12.720434 11.065654
v 3.596008 -0.286696 6.104970
v 6.417625 9.779413 10.438190
v 7.086857 -0.242302 6.757659
v 6.417625 9.779413 10.438190
v 3.596008 -0.286696 6.104970
v 3.823860 9.741251 9.813272
v -0.551762 25.163710 22.095415
v 0.507641 25.179869 22.080267
v -0.551762 26.076761 21.142233
v 0.507641 25.179869 22.080267
v 1.425812 26.076761 21.142233
v -0.551762 26.076761 21.142233
v 0.839668 26.396879 22.366112
v 2.588318 26.456335 22.301889
v 1.425812 26.076761 21.142233
v 2.588318 26.456335 22.301889
v 3.277905 26.076761 21.142233
v 1.425812 26.076761 21.142233
v -0.551762 7.929144 13.816174
v 3.892330 12.162718 13.517941
v 4.394871 7.929144 13.816174
v -0.551762 12.162714 13.517937
v 3.843048 18.531572 15.596466
v 3.730297 12.720434 11.065654
v 3.892330 12.162718 13.517941
v 3.658566 20.758287 14.531109
v 3.730297 12.720434 11.065654
v 3.843048 18.531572 15.596466
v 3.823860 9.741251 9.813272
v 3.892330 12.162718 13.517941
v 3.730297 12.720434 11.065654
v 3.892330 12.162718 13.517941
v 3.823860 9.741251 9.813272
v 4.394871 7.929144 13.816174
v 3.823860 9.741251 9.813272
v 3.789078 0.246572 9.552379
v 4.394871 7.929144 13.816174
v 3.789078 0.246572 9.552379
v 3.823860 9.741251 9.813272
v 3.596008 -0.286696 6.104970
v 3.789078 0.246572 9.552379
v 3.596008 -0.286696 6.104970
v 3.786938 -1.893082 9.293073
v 3.596008 -0.286696 6.104970
v 3.748390 -3.382641 7.990816
v 3.786938 -1.893082 9.293073
v 3.658566 20.758287 14.531109
v 3.526989 21.937613 16.924990
v 3.458576 23.244806 15.736908
v 3.526989 21.937613 16.924990
v 3.658566 20.758287 14.531109
v 3.843048 18.531572 15.596466
v 3.065128 -7.090458 13.063318
v 2.904118 -5.123285 12.451731
v 3.043346 -6.998014 12.207457
v 2.904118 -5.123285 12.451731
v 3.065128 -7.090458 13.063318
v 2.896538 -5.116631 13.133671
v 3.065128 -7.090458 13.063318
v 2.796913 -6.916250 14.099312
v 2.896538 -5.116631 13.133671
v 2.032253 -4.898485 15.853977
v 2.896538 -5.116631 13.133671
v 2.796913 -6.916250 14.099312
v 2.796913 -6.916250 14.099312
v 2.318306 -4.286604 17.382614
v 2.032253 -4.898485 15.853977
v 0.180729 -1.440327 19.284885
v 1.645630 -3.866431 19.383394
v 0.309566 -3.756903 20.544924
v 1.346142 -1.554392 17.682467
v 1.645630 -3.866431 19.383394
v 0.180729 -1.440327 19.284885
v -0.551758 -3.729687 21.029142
v 0.180729 -1.440327 19.284885
v 0.309566 -3.756903 20.544924
v 0.180729 -1.440327 19.284885
v -0.551758 -3.729687 21.029142
v -0.551762 -1.479464 19.802031
v 1.346142 -1.554392 17.682467
v 2.032253 -4.898485 15.853977
v 2.318306 -4.286604 17.382614
v 2.318306 -4.286604 17.382614
v 1.645630 -3.866431 19.383394
v 1.346142 -1.554392 17.682467
v 0.507641 25.179869 22.080267
v 0.839668 26.396879 22.366112
v 1.425812 26.076761 21.142233
v 0.839668 26.396879 22.366112
v 0.507641 25.179869 22.080267
v 0.245605 25.537142 23.410891
v 0.245605 25.537142 23.410891
v -0.551762 25.163710 22.095415
v -0.551754 25.522318 23.427216
v -0.551762 25.163710 22.095415
v 0.245605 25.537142 23.410891
v 0.507641 25.179869 22.080267
v -7.044573 7.502211 13.619175
v -6.705019 -3.303679 8.507760
v -6.323616 7.587065 13.497683
v -6.705019 -3.303679 8.507760
v -7.044573 7.502211 13.619175
v -7.595324 -3.337704 8.645876
v -5.566593 17.780092 18.508614
v -6.261086 23.267847 16.196810
v -6.162304 17.757956 18.674412
v -6.998537 23.274103 16.322418
v -6.162304 17.757956 18.674412
v -6.261086 23.267847 16.196810
v -5.992941 15.435076 19.465836
v -5.684259 10.184759 17.254875
v -5.380554 15.534040 19.297415
v -5.684259 10.184759 17.254875
v -5.992941 15.435076 19.465836
v -6.354910 10.050432 17.384270
v -6.354910 10.050432 17.384270
v -7.044573 7.502211 13.619175
v -5.684259 10.184759 17.254875
v -5.684259 10.184759 17.254875
v -7.044573 7.502211 13.619175
v -6.323616 7.587065 13.497683
v -6.162304 17.757956 18.674412
v -5.380554 15.534040 19.297415
v -5.566593 17.780092 18.508614
v -5.380554 15.534040 19.297415
v -6.162304 17.757956 18.674412
v -5.992941 15.435076 19.465836
v -4.381428 26.076761 21.142233
v -4.814323 26.550669 22.867998
v -3.691832 26.456335 22.301889
v -4.814323 26.550669 22.867998
v -4.381428 26.076761 21.142233
v -5.743326 26.098913 21.695948
v -7.430696 12.574450 11.655365
v -7.126472 20.719252 15.086237
v -4.833818 12.720434 11.065654
v -4.833818 12.720434 11.065654
v -7.126472 20.719252 15.086237
v -4.762093 20.758287 14.531109
v -4.927380 9.741251 9.813272
v -7.521149 9.779413 10.438190
v -7.430696 12.574450 11.655365
v -4.927380 9.741251 9.813272
v -7.430696 12.574450 11.655365
v -4.833818 12.720434 11.065654
v -8.190374 -0.242302 6.757659
v -7.521149 9.779413 10.438190
v -4.699532 -0.286696 6.104970
v -4.699532 -0.286696 6.104970
v -7.521149 9.779413 10.438190
v -4.927380 9.741251 9.813272
v -0.551762 25.163710 22.095415
v -0.551762 26.076761 21.142233
v -1.611160 25.179869 22.080267
v -1.611160 25.179869 22.080267
v -0.551762 26.076761 21.142233
v -2.529331 26.076761 21.142233
v -1.943184 26.396879 22.366112
v -2.529331 26.076761 21.142233
v -3.691832 26.456335 22.301889
v -3.691832 26.456335 22.301889
v -2.529331 26.076761 21.142233
v -4.381428 26.076761 21.142233
v -0.551762 7.929144 13.816174
v -4.995852 12.162718 13.517941
v -0.551762 12.162714 13.517937
v -5.498386 7.929144 13.816174
v -4.946571 18.531572 15.596466
v -4.995852 12.162718 13.517941
v -4.833818 12.720434 11.065654
v -4.833818 12.720434 11.065654
v -4.762093 20.758287 14.531109
v -4.946571 18.531572 15.596466
v -4.927380 9.741251 9.813272
v -4.995852 12.162718 13.517941
v -5.498386 7.929144 13.816174
v -4.995852 12.162718 13.517941
v -4.927380 9.741251 9.813272
v -4.833818 12.720434 11.065654
v -4.699532 -0.286696 6.104970
v -4.927380 9.741251 9.813272
v -4.892603 0.246572 9.552379
v -4.892603 0.246572 9.552379
v -4.927380 9.741251 9.813272
v -5.498386 7.929144 13.816174
v -4.890459 -1.893082 9.293073
v -4.699532 -0.286696 6.104970
v -4.892603 0.246572 9.552379
v -4.699532 -0.286696 6.104970
v -4.890459 -1.893082 9.293073
v -4.851912 -3.382641 7.990816
v -4.762093 20.758287 14.531109
v -4.630508 21.937613 16.924990
v -4.946571 18.531572 15.596466
v -4.630508 21.937613 16.924990
v -4.762093 20.758287 14.531109
v -4.562103 23.244806 15.736908
v -4.168976 -7.090458 13.063318
v -4.007641 -5.123285 12.451731
v -4.000055 -5.116631 13.133671
v -4.007641 -5.123285 12.451731
v -4.168976 -7.090458 13.063318
v -4.146868 -6.998014 12.207457
v -4.168976 -7.090458 13.063318
v -4.000055 -5.116631 13.133671
v -3.900429 -6.916250 14.099312
v -3.135777 -4.898485 15.853977
v -3.900429 -6.916250 14.099312
v -4.000055 -5.116631 13.133671
v -3.421818 -4.286604 17.382614
v -3.900429 -6.916250 14.099312
v -3.135777 -4.898485 15.853977
v -1.284252 -1.440327 19.284885
v -2.749142 -3.866431 19.383394
v -2.449663 -1.554392 17.682467
v -1.284252 -1.440327 19.284885
v -1.413084 -3.756903 20.544924
v -2.749142 -3.866431 19.383394
v -0.551758 -3.729687 21.029142
v -1.284252 -1.440327 19.284885
v -0.551762 -1.479464 19.802031
v -1.284252 -1.440327 19.284885
v -0.551758 -3.729687 21.029142
v -1.413084 -3.756903 20.544924
v -3.135777 -4.898485 15.853977
v -2.449663 -1.554392 17.682467
v -3.421818 -4.286604 17.382614
v -3.421818 -4.286604 17.382614
v -2.449663 -1.554392 17.682467
v -2.749142 -3.866431 19.383394
v -1.943184 26.396879 22.366112
v -1.611160 25.179869 22.080267
v -2.529331 26.076761 21.142233
v -1.611160 25.179869 22.080267
v -1.943184 26.396879 22.366112
v -1.349117 25.537142 23.410891
v -0.551762 25.163710 22.095415
v -1.349117 25.537142 23.410891
v -0.551754 25.522318 23.427216
v -1.349117 25.537142 23.410891
v -0.551762 25.163710 22.095415
v -1.611160 25.179869 22.080267
v 8.232887 -16.746449 -11.484127
v 5.421463 -15.943245 -9.515430
v 6.905640 -15.943246 -8.031255
v 10.358509 -16.746450 -9.358506
v 8.389809 -15.943247 -6.547077
v -9.336412 -16.746449 -11.484127
v -8.009163 -15.943246 -8.031255
v -6.524984 -15.943245 -9.515430
v -11.462034 -16.746450 -9.358506
v -9.493332 -15.943247 -6.547077
v 13.873856 -26.628258 -6.020800
v 15.757812 -24.535589 -7.211434
v 11.119255 -22.412273 -5.144357
v 16.520973 -26.628258 -6.690026
v 13.605831 -17.950415 -16.755518
v 12.018974 -16.804905 -13.144594
v 14.615425 -17.950037 -15.741046
v 15.629898 -17.950415 -14.731450
v 10.889442 -16.836090 -14.258873
v 8.232887 -16.746449 -11.484127
v 9.325703 -16.720827 -10.451323
v 12.018974 -16.804905 -13.144594
v 15.671421 -27.071291 -12.977836
v 13.178856 -27.071295 -9.920245
v 12.930531 -26.628254 -10.030972
v 15.472870 -26.628252 -13.149624
v 7.479759 -9.447155 -23.399845
v 5.225285 -7.652670 -19.401562
v 6.903072 -8.695057 -23.529972
v 5.744156 -8.368853 -19.129175
v 5.946274 1.167322 -16.853945
v 9.265011 4.670023 -20.692514
v 8.544285 4.172153 -21.092806
v 6.495445 1.466764 -16.173731
v 8.544285 4.172153 -21.092806
v 10.338238 3.531793 -23.553133
v 9.600143 3.052336 -23.907137
v 9.265011 4.670023 -20.692514
v 9.600143 3.052336 -23.907137
v 11.928822 4.886965 -26.374207
v 11.297199 4.498232 -26.917065
v 10.338238 3.531793 -23.553133
v 3.903522 -2.698584 -14.222008
v 6.495445 1.466764 -16.173731
v 5.946274 1.167322 -16.853945
v 3.772205 -3.686955 -12.665044
v 3.903522 -2.698584 -14.222008
v 5.843281 -1.905001 -18.063002
v 6.176918 -2.703154 -17.426723
v 3.772205 -3.686955 -12.665044
v 13.876835 2.764168 -31.593069
v 12.881931 4.138456 -30.525156
v 13.776039 4.312256 -30.652372
v 12.976562 2.685104 -31.408291
v 13.815956 1.878694 -31.873812
v 12.976562 2.685104 -31.408291
v 13.876835 2.764168 -31.593069
v 12.927876 1.977083 -31.632772
v 12.927876 1.977083 -31.632772
v 13.509972 0.536739 -31.835325
v 12.649986 0.758297 -31.597820
v 13.815956 1.878694 -31.873812
v 10.390316 -24.095255 20.264154
v 7.779636 -21.860826 12.850992
v 7.626438 -21.012049 14.169695
v 10.965500 -26.711090 20.256239
v -0.551762 -24.295664 54.473301
v 1.211182 -24.320993 53.810455
v 0.629162 -24.095278 52.960289
v -0.551762 -24.095278 53.234100
v -0.551762 -16.793592 32.705517
v -0.551762 -17.051512 36.220108
v 0.581856 -17.102310 36.196373
v 1.328285 -16.832577 32.690105
v 1.328285 -16.832577 32.690105
v -0.551762 -15.863329 26.765974
v -0.551762 -16.793592 32.705517
v 2.074730 -15.863796 26.770903
v -0.551762 -17.146004 37.643608
v 0.234253 -17.072042 37.266209
v -0.551762 -17.051512 36.220108
v 0.581856 -17.102310 36.196373
v -0.551762 -14.431906 21.520355
v -0.551762 -15.863329 26.765974
v 2.074730 -15.863796 26.770903
v 2.363228 -14.470891 21.504951
v -0.551762 -14.431906 21.520355
v 2.208065 -14.358830 16.018501
v -0.551762 -14.326802 16.079123
v 2.363228 -14.470891 21.504951
v -0.551762 -13.354819 11.189848
v -0.551762 -14.326802 16.079123
v 2.208065 -14.358830 16.018501
v 3.314480 -13.354819 11.189848
v 2.939671 -26.711086 16.110857
v -0.551762 -20.640961 11.357996
v 3.086758 -20.640959 11.357991
v -0.551762 -26.711086 16.110857
v 1.000278 -27.198902 55.514740
v -0.551762 -26.711111 56.765289
v -0.551762 -27.198904 56.139805
v 1.485779 -26.711111 55.948505
v 1.208744 -27.198893 40.724232
v -0.551762 -27.198893 40.724232
v -0.551762 -26.711102 40.142464
v 1.593056 -26.711102 40.142464
v 2.777260 -20.807184 5.247860
v 2.777260 -22.902990 11.540602
v -0.551762 -22.902990 11.540602
v -0.551762 -20.807184 5.247860
v 2.777260 -22.902992 14.062040
v -0.551762 -22.902992 14.062040
v 2.777260 -22.902990 11.540602
v -0.551762 -22.902990 11.540602
v 0.941467 -0.628807 11.540615
v -0.551762 1.548448 5.247876
v -0.551762 -0.628807 11.540615
v 0.941467 1.548448 5.247876
v 0.941467 -3.865023 14.062056
v 0.941467 -0.628807 11.540615
v -0.551762 -0.628807 11.540615
v -0.551762 -3.865023 14.062056
v 0.963764 -7.167959 22.096113
v 0.941467 -3.865023 14.062056
v -0.551762 -7.167959 22.096113
v -0.551762 -3.865023 14.062056
v 4.020332 -18.502506 7.744441
v 5.681416 -22.001997 3.390796
v 7.389969 -18.502504 4.374804
v 3.033901 -22.001999 6.038311
v -0.551762 -21.998013 6.443748
v 2.752087 -21.998011 5.550200
v 3.033901 -22.001999 6.038311
v -0.551762 -22.002001 7.007371
v 6.086849 -21.998007 -0.225781
v 5.681416 -22.001997 3.390796
v 5.193306 -21.998011 3.108984
v 6.650475 -22.001995 -0.225781
v 1.225613 -22.001989 -6.974404
v 1.718834 -18.502493 -8.817538
v 3.033901 -22.001991 -6.489877
v 4.020332 -18.502495 -8.200853
v 5.681416 -18.502497 -3.842355
v 5.681416 -22.001993 -3.842358
v 3.033901 -18.502497 -6.489874
v 3.033901 -22.001991 -6.489877
v 3.033901 -18.502504 6.038314
v -0.551762 -22.002001 7.007371
v 3.033901 -22.001999 6.038311
v -0.551762 -18.502504 7.007375
v 3.033901 -14.877083 6.038317
v -0.551762 -14.877083 7.007377
v 3.033901 -18.502504 6.038314
v 5.681416 -14.877082 3.390802
v 5.681416 -18.502504 3.390799
v 6.650475 -14.877079 -0.225776
v 6.650475 -18.502501 -0.225778
v 5.681416 -18.502497 -3.842355
v 5.681416 -14.877076 -3.842353
v 3.033901 -14.877074 -6.489872
v 3.033901 -18.502497 -6.489874
v 1.225613 -14.877074 -6.974400
v 1.225613 -18.502497 -6.974402
v -0.551762 -14.877074 -7.458930
v -0.551762 -18.502495 -7.458933
v 1.225613 -22.001989 -6.974404
v -0.551762 -22.001989 -7.458936
v -16.861341 -24.535589 -7.211434
v -14.977383 -26.628258 -6.020800
v -12.222778 -22.412273 -5.144357
v -17.624498 -26.628258 -6.690026
v -15.718952 -17.950037 -15.741046
v -13.122498 -16.804905 -13.144594
v -14.709356 -17.950415 -16.755518
v -16.733416 -17.950415 -14.731450
v -13.122498 -16.804905 -13.144594
v -10.429230 -16.720827 -10.451323
v -11.992966 -16.836090 -14.258873
v -9.336412 -16.746449 -11.484127
v -14.282375 -27.071295 -9.920245
v -16.774942 -27.071291 -12.977836
v -14.034060 -26.628254 -10.030972
v -16.576401 -26.628252 -13.149624
v -6.847681 -8.368853 -19.129175
v -8.583282 -9.447155 -23.399845
v -6.328810 -7.652670 -19.401562
v -8.006594 -8.695057 -23.529972
v -10.368538 4.670023 -20.692514
v -7.049795 1.167322 -16.853945
v -9.647808 4.172153 -21.092806
v -7.598967 1.466764 -16.173731
v -9.647808 4.172153 -21.092806
v -11.441761 3.531793 -23.553133
v -10.368538 4.670023 -20.692514
v -10.703669 3.052336 -23.907137
v -10.703669 3.052336 -23.907137
v -13.032341 4.886965 -26.374207
v -11.441761 3.531793 -23.553133
v -12.400723 4.498232 -26.917065
v -7.598967 1.466764 -16.173731
v -5.007046 -2.698584 -14.222008
v -7.049795 1.167322 -16.853945
v -4.875729 -3.686955 -12.665044
v -4.875729 -3.686955 -12.665044
v -7.280443 -2.703154 -17.426723
v -5.007046 -2.698584 -14.222008
v -6.946804 -1.905001 -18.063002
v -14.980358 2.764168 -31.593069
v -13.985451 4.138456 -30.525156
v -14.080080 2.685104 -31.408291
v -14.879564 4.312256 -30.652372
v -14.919476 1.878694 -31.873812
v -14.080080 2.685104 -31.408291
v -14.031403 1.977083 -31.632772
v -14.980358 2.764168 -31.593069
v -14.613497 0.536739 -31.835325
v -14.031403 1.977083 -31.632772
v -13.753508 0.758297 -31.597820
v -14.919476 1.878694 -31.873812
v -11.493843 -24.095255 20.264154
v -8.729961 -21.012049 14.169695
v -8.883158 -21.860826 12.850992
v -12.069021 -26.711090 20.256239
v -2.314707 -24.320993 53.810455
v -0.551762 -24.295664 54.473301
v -1.732685 -24.095278 52.960289
v -0.551762 -24.095278 53.234100
v -0.551762 -17.051512 36.220108
v -0.551762 -16.793592 32.705517
v -1.685375 -17.102310 36.196373
v -2.431808 -16.832577 32.690105
v -2.431808 -16.832577 32.690105
v -0.551762 -15.863329 26.765974
v -3.178255 -15.863796 26.770903
v -0.551762 -16.793592 32.705517
v -0.551762 -17.146004 37.643608
v -0.551762 -17.051512 36.220108
v -1.337778 -17.072042 37.266209
v -1.685375 -17.102310 36.196373
v -0.551762 -15.863329 26.765974
v -0.551762 -14.431906 21.520355
v -3.178255 -15.863796 26.770903
v -3.466751 -14.470891 21.504951
v -0.551762 -14.431906 21.520355
v -3.311588 -14.358830 16.018501
v -3.466751 -14.470891 21.504951
v -0.551762 -14.326802 16.079123
v -0.551762 -14.326802 16.079123
v -0.551762 -13.354819 11.189848
v -3.311588 -14.358830 16.018501
v -4.418005 -13.354819 11.189848
v -4.043196 -26.711086 16.110857
v -0.551762 -20.640961 11.357996
v -0.551762 -26.711086 16.110857
v -4.190283 -20.640959 11.357991
v -2.103804 -27.198902 55.514740
v -0.551762 -26.711111 56.765289
v -2.589302 -26.711111 55.948505
v -0.551762 -27.198904 56.139805
v -2.312269 -27.198893 40.724232
v -0.551762 -26.711102 40.142464
v -0.551762 -27.198893 40.724232
v -2.696579 -26.711102 40.142464
v -3.880787 -22.902990 11.540602
v -3.880787 -20.807184 5.247860
v -0.551762 -22.902990 11.540602
v -0.551762 -20.807184 5.247860
v -3.880787 -22.902992 14.062040
v -3.880787 -22.902990 11.540602
v -0.551762 -22.902992 14.062040
v -0.551762 -22.902990 11.540602
v -0.551762 -0.628807 11.540615
v -0.551762 1.548448 5.247876
v -2.044991 -0.628807 11.540615
v -2.044991 1.548448 5.247876
v -2.044991 -3.865023 14.062056
v -0.551762 -0.628807 11.540615
v -2.044991 -0.628807 11.540615
v -0.551762 -3.865023 14.062056
v -0.551762 -7.167959 22.096113
v -2.044991 -3.865023 14.062056
v -2.067284 -7.167959 22.096113
v -0.551762 -3.865023 14.062056
v -6.784941 -22.001997 3.390796
v -5.123857 -18.502506 7.744441
v -8.493496 -18.502504 4.374804
v -4.137424 -22.001999 6.038311
v -0.551762 -21.998013 6.443748
v -4.137424 -22.001999 6.038311
v -3.855610 -21.998011 5.550200
v -0.551762 -22.002001 7.007371
v -6.784941 -22.001997 3.390796
v -7.190374 -21.998007 -0.225781
v -6.296827 -21.998011 3.108984
v -7.753998 -22.001995 -0.225781
v -2.822359 -18.502493 -8.817538
v -2.329140 -22.001989 -6.974404
v -4.137424 -22.001991 -6.489877
v -5.123857 -18.502495 -8.200853
v -6.784941 -18.502497 -3.842355
v -4.137424 -18.502497 -6.489874
v -6.784941 -22.001993 -3.842358
v -4.137424 -22.001991 -6.489877
v -0.551762 -22.002001 7.007371
v -4.137424 -18.502504 6.038314
v -4.137424 -22.001999 6.038311
v -0.551762 -18.502504 7.007375
v -4.137424 -14.877083 6.038317
v -0.551762 -14.877083 7.007377
v -4.137424 -18.502504 6.038314
v -6.784941 -14.877082 3.390802
v -6.784941 -18.502504 3.390799
v -7.753998 -14.877079 -0.225776
v -7.753998 -18.502501 -0.225778
v -6.784941 -18.502497 -3.842355
v -6.784941 -14.877076 -3.842353
v -4.137424 -14.877074 -6.489872
v -4.137424 -18.502497 -6.489874
v -2.329140 -14.877074 -6.974400
v -2.329140 -18.502497 -6.974402
v -0.551762 -14.877074 -7.458930
v -0.551762 -18.502495 -7.458933
v -2.329140 -22.001989 -6.974404
v -0.551762 -22.001989 -7.458936
v 2.896538 -5.116631 13.133671
v -0.551762 -5.122534 12.445288
v 2.904118 -5.123285 12.451731
v -0.551762 -5.116655 13.133648
v -0.551762 12.162714 13.517937
v 3.843048 18.531572 15.596466
v 3.892330 12.162718 13.517941
v -0.551762 18.531580 15.596466
v -0.551762 0.246572 9.552379
v -0.551762 7.929144 13.816174
v 3.789078 0.246572 9.552379
v 4.394871 7.929144 13.816174
v 3.786938 -1.893082 9.293073
v -0.551762 -1.893082 9.293073
v -0.551762 0.246572 9.552379
v 3.789078 0.246572 9.552379
v -0.551762 18.531580 15.596466
v 3.526989 21.937613 16.924990
v 3.843048 18.531572 15.596466
v -0.551762 21.937613 16.924990
v -0.551762 21.937613 16.924990
v 3.458576 23.244806 15.736908
v 3.526989 21.937613 16.924990
v -0.551762 23.244806 15.736908
v -4.000055 -5.116631 13.133671
v -0.551762 -5.122534 12.445288
v -0.551762 -5.116655 13.133648
v -4.007641 -5.123285 12.451731
v -0.551762 12.162714 13.517937
v -4.946571 18.531572 15.596466
v -0.551762 18.531580 15.596466
v -4.995852 12.162718 13.517941
v -0.551762 7.929144 13.816174
v -0.551762 0.246572 9.552379
v -4.892603 0.246572 9.552379
v -5.498386 7.929144 13.816174
v -4.892603 0.246572 9.552379
v -0.551762 0.246572 9.552379
v -4.890459 -1.893082 9.293073
v -0.551762 -1.893082 9.293073
v -0.551762 18.531580 15.596466
v -4.630508 21.937613 16.924990
v -0.551762 21.937613 16.924990
v -4.946571 18.531572 15.596466
v -4.562103 23.244806 15.736908
v -0.551762 21.937613 16.924990
v -4.630508 21.937613 16.924990
v -0.551762 23.244806 15.736908
v 8.125076 -18.232924 -6.637533
v 5.666157 -18.232924 -9.096461
v 4.854633 -18.232924 -8.284945
v 7.313560 -18.232925 -5.826016
v 2.138767 -18.232925 -5.569076
v 4.597698 -18.232927 -3.110147
v 4.597698 -18.232927 -3.110147
v 4.597698 -21.103601 -3.110149
v 7.313560 -18.232925 -5.826016
v 7.354084 -22.103781 -5.866541
v 8.125076 -18.232924 -6.637533
v 9.861996 -22.171566 -8.374453
v 2.138767 -21.103600 -5.569077
v 2.138767 -18.232925 -5.569076
v 4.854633 -18.232924 -8.284945
v 4.895153 -22.103779 -8.325470
v 5.666157 -18.232924 -9.096461
v 7.403069 -22.171564 -10.833382
v 16.340275 -27.071297 -6.906435
v 13.396309 -27.071297 -6.381411
v 13.178856 -27.071295 -9.920245
v 18.772457 -27.071293 -10.199294
v 15.671421 -27.071291 -12.977836
v 21.853844 -27.071291 -14.688503
v 18.901115 -27.071289 -17.083776
v 21.458622 -27.071289 -17.126463
v 2.499626 -4.133484 -13.842557
v 4.346645 -3.371760 -17.564392
v 4.299702 -3.986517 -17.749134
v 2.415871 -5.729219 -14.468893
v 4.222282 -5.000021 -18.053675
v 2.467392 -7.373009 -15.309264
v 0.711132 -16.353842 37.456257
v 0.581856 -17.102310 36.196373
v 0.234253 -17.072042 37.266209
v 0.181545 -16.372093 37.981564
v -0.551762 -17.146004 37.643608
v -0.551762 -16.347218 38.380585
v 8.567417 -27.198875 17.192917
v 10.353104 -27.198879 20.354921
v 5.972008 -27.198877 20.111813
v 7.961308 -27.198887 32.493809
v 4.557987 -27.198887 32.257446
v 5.380077 -27.198887 33.807522
v 5.897537 -27.198889 34.783195
v -0.551762 -23.948887 -5.016565
v -0.551762 -21.998003 -6.895311
v 0.615021 -23.948889 -4.695643
v 1.084705 -21.998003 -6.448536
v 1.812714 -23.948889 -4.374722
v 2.752087 -21.998003 -6.001763
v 5.193306 -21.998005 -3.560546
v 3.566261 -23.948889 -2.621174
v 6.086849 -21.998007 -0.225781
v 4.208111 -23.948891 -0.225783
v 3.566261 -23.948893 2.169608
v 5.193306 -21.998011 3.108984
v 1.812714 -23.948895 3.923156
v 2.752087 -21.998011 5.550200
v -0.551762 -21.998013 6.443748
v -0.551762 -23.948895 4.565000
v -21.503092 -18.342440 -20.539736
v -20.830244 -18.941217 -19.965359
v -21.227406 -18.917002 -20.627285
v -21.561417 -18.357038 -21.001444
v -21.103092 -18.976168 -21.125200
v -21.467886 -18.337137 -21.489983
v -22.562149 -27.071289 -17.126463
v -20.004646 -27.071289 -17.083776
v -22.957363 -27.071291 -14.688503
v -16.774942 -27.071291 -12.977836
v -19.875973 -27.071293 -10.199294
v -14.282375 -27.071295 -9.920245
v -17.443802 -27.071297 -6.906435
v -14.499832 -27.071297 -6.381411
v -11.072899 -21.398052 -5.026690
v -11.473385 -22.227045 -5.263997
v -9.555826 -21.398050 -6.543768
v -9.915514 -22.227043 -6.821868
v -8.038748 -21.398050 -8.060846
v -8.357641 -22.227041 -8.379741
v -6.799772 -22.227041 -9.937612
v -6.521673 -21.398050 -9.577925
v -5.004602 -21.398046 -11.095004
v -5.241899 -22.227039 -11.495485
v -1.685375 -17.102310 36.196373
v -1.814655 -16.353842 37.456257
v -1.337778 -17.072042 37.266209
v -1.285069 -16.372093 37.981564
v -0.551762 -17.146004 37.643608
v -0.551762 -16.347218 38.380585
v -2.982475 -15.928611 24.227436
v -2.982475 -16.821329 29.527784
v -2.982475 -14.769156 28.212349
v -2.982475 -15.559672 23.895838
v -2.982475 -13.261294 26.269339
v -2.982475 -15.179616 23.406170
v -2.982475 -12.084170 24.391521
v -2.982475 -14.882944 22.932941
v -2.982475 -14.679586 21.978231
v -2.982475 -11.277313 22.070675
v 1.878952 -16.821329 29.527784
v 1.878952 -15.928611 24.227436
v 1.878952 -14.769156 28.212349
v 1.878952 -15.559672 23.895838
v 1.878952 -13.261294 26.269339
v 1.878952 -15.179616 23.406170
v 1.878952 -12.084170 24.391521
v 1.878952 -14.882944 22.932941
v 1.878952 -14.679586 21.978231
v 1.878952 -11.277313 22.070675
v 7.086857 -0.242302 6.757659
v 6.491798 -3.337704 8.645876
v 5.601494 -3.303679 8.507760
v 3.596008 -0.286696 6.104970
v 3.748390 -3.382641 7.990816
v 5.895016 23.274103 16.322418
v 6.022942 20.719252 15.086237
v 5.157562 23.267847 16.196810
v 3.658566 20.758287 14.531109
v 3.458576 23.244806 15.736908
v 4.639816 26.098913 21.695948
v 5.101669 25.227301 20.859045
v 4.408081 25.210016 20.725145
v 3.277905 26.076761 21.142233
v 3.618561 25.201548 20.289337
v -0.551762 25.201548 20.289337
v -0.551762 26.076761 21.142233
v 1.425812 26.076761 21.142233
v 3.618561 25.201548 20.289337
v 3.277905 26.076761 21.142233
v -0.551762 25.201548 20.289337
v 3.618561 25.201548 20.289337
v 3.588566 24.834665 19.435755
v -0.551762 24.834665 19.435755
v 3.558571 24.467772 18.582176
v -0.551762 24.467772 18.582176
v 3.518570 23.978590 17.444073
v -0.551762 23.978590 17.444073
v 3.488575 23.611696 16.590498
v -0.551762 23.611696 16.590498
v 3.458576 23.244806 15.736908
v -0.551762 23.244806 15.736908
v -4.722082 25.201548 20.289337
v -4.381428 26.076761 21.142233
v -2.529331 26.076761 21.142233
v -0.551762 25.201548 20.289337
v -0.551762 26.076761 21.142233
v -4.890459 -1.893082 9.293073
v -0.551762 -1.893082 9.293073
v -4.724930 -2.498749 9.885323
v -0.551762 -2.498602 9.884113
v -4.559399 -3.104405 10.477569
v -0.551762 -3.104126 10.475156
v -4.338692 -3.911953 11.267234
v -0.551762 -3.911492 11.263207
v -4.173164 -4.517622 11.859482
v -0.551762 -4.517010 11.854249
v -4.007641 -5.123285 12.451731
v -0.551762 -5.122534 12.445288
v -3.647148 -20.672989 41.626175
v -3.456955 -24.045069 44.842361
v -3.007311 -24.042625 44.833096
v -3.144842 -20.539522 42.082314
v -2.800289 -19.179424 42.044773
v -2.529108 -19.439827 42.269161
v -1.628134 -18.621069 42.502560
v -1.628939 -17.962498 42.425869
v -0.551762 -18.272017 42.645416
v -0.551762 -17.703478 42.461082
v 0.525417 -17.962498 42.425869
v 0.524609 -18.621069 42.502560
v 1.696766 -19.179424 42.044773
v 1.425587 -19.439827 42.269161
v 2.041317 -20.539522 42.082314
v 2.543625 -20.672989 41.626175
v 1.903786 -24.042625 44.833096
v 2.353428 -24.045069 44.842361
v 4.895172 -26.628252 -14.999478
v 6.921909 -24.535582 -16.047342
v 6.664494 -26.628250 -16.296923
v 4.018742 -22.412268 -12.244876
v 4.736504 -22.227039 -12.832562
v 14.566483 -26.628246 -21.727694
v 10.252251 -24.535582 -18.470505
v 14.667961 -24.535582 -21.422449
v 10.021133 -26.628248 -18.701624
v 6.921909 -24.535582 -16.047342
v 6.664494 -26.628250 -16.296923
v 14.667961 -24.535582 -21.422449
v 16.385662 -26.628246 -22.904306
v 14.566483 -26.628246 -21.727694
v 16.423485 -24.499899 -22.481609
v 21.833355 -26.628242 -26.557552
v 21.972370 -24.497274 -26.090126
v 27.397293 -24.459768 -29.916204
v 27.845039 -26.628241 -30.314943
v 28.325748 -24.449636 -29.451378
v 28.839329 -26.628241 -29.964956
v 27.397293 -24.459768 -29.916204
v 27.716473 -24.535574 -28.842102
v 28.325748 -24.449636 -29.451378
v 27.066807 -24.535574 -29.220707
v 21.972370 -24.497274 -26.090126
v 22.317104 -24.495413 -25.934090
v 16.704704 -24.494719 -22.252741
v 16.423485 -24.499899 -22.481609
v 14.667961 -24.535582 -21.422449
v 14.550743 -24.535580 -20.897219
v 10.252251 -24.535582 -18.470505
v 10.517990 -24.535582 -18.204769
v 7.287331 -24.535583 -15.652781
v 6.921909 -24.535582 -16.047342
v 19.875816 -18.357038 -21.583521
v 19.999569 -18.976168 -21.125200
v 20.364365 -18.337137 -21.489983
v 19.501667 -18.917002 -21.249510
v 19.414120 -18.342440 -21.525192
v 18.839733 -18.941216 -20.852346
v 19.000259 -26.628254 -10.046662
v 15.757812 -24.535589 -7.211434
v 16.520973 -26.628258 -6.690026
v 18.180977 -24.535589 -10.541778
v 22.120186 -26.628252 -14.592016
v 21.132923 -24.535585 -14.957495
v 21.778675 -26.628250 -17.511290
v 21.355980 -24.499903 -17.549116
v 25.431923 -26.628246 -22.958982
v 24.964497 -24.497276 -23.098000
v 28.790569 -24.459766 -28.522924
v 29.189312 -26.628241 -28.970682
v 28.325748 -24.449636 -29.451378
v 28.839329 -26.628241 -29.964956
v 19.999569 -18.976168 -21.125200
v 20.457893 -18.357038 -21.001444
v 20.364365 -18.337137 -21.489983
v 20.123882 -18.917002 -20.627285
v 20.399574 -18.342440 -20.539736
v 19.726715 -18.941217 -19.965359
v 27.716473 -24.535574 -28.842102
v 28.790569 -24.459766 -28.522924
v 28.325748 -24.449636 -29.451378
v 28.095085 -24.535574 -28.192440
v 24.964497 -24.497276 -23.098000
v 24.808456 -24.495417 -23.442730
v 21.127117 -24.494722 -17.830339
v 21.355980 -24.499903 -17.549116
v 20.607689 -24.535583 -14.840273
v 21.132923 -24.535585 -14.957495
v 18.180977 -24.535589 -10.541778
v 17.915241 -24.535585 -10.807517
v 15.363255 -24.535589 -7.576853
v 15.757812 -24.535589 -7.211434
v 8.696007 -19.476089 -4.218654
v 8.452301 -21.398050 -6.543768
v 9.969376 -21.398052 -5.026690
v 7.295254 -19.476088 -5.619405
v 6.935226 -21.398050 -8.060846
v 5.894508 -19.476088 -7.020157
v 4.493774 -19.476088 -8.420893
v 5.418148 -21.398050 -9.577925
v 3.093040 -19.476086 -9.821626
v 3.901077 -21.398046 -11.095004
v 9.969376 -21.398052 -5.026690
v 8.452301 -21.398050 -6.543768
v 10.369862 -22.227045 -5.263997
v 8.811989 -22.227043 -6.821868
v 6.935226 -21.398050 -8.060846
v 7.254120 -22.227041 -8.379741
v 5.696247 -22.227041 -9.937612
v 5.418148 -21.398050 -9.577925
v 3.901077 -21.398046 -11.095004
v 4.138374 -22.227039 -11.495485
v 4.493774 -19.476088 -8.420893
v 4.085129 -15.943244 -10.851764
v 3.093040 -19.476086 -9.821626
v 5.421463 -15.943245 -9.515430
v 5.894508 -19.476088 -7.020157
v 6.905640 -15.943246 -8.031255
v 8.389809 -15.943247 -6.547077
v 7.295254 -19.476088 -5.619405
v 8.696007 -19.476089 -4.218654
v 9.726147 -15.943247 -5.210746
v 4.435318 -9.092016 -14.813595
v 5.762676 -8.302774 -14.394589
v 4.434574 -8.679924 -14.621845
v 6.349487 -8.585039 -14.582185
v 7.095757 -7.544403 -14.000396
v 8.140644 -7.712263 -13.913095
v 8.160923 -7.033648 -13.601021
v 7.107624 -6.894358 -13.700189
v 5.758327 -4.340759 -12.583230
v 4.328770 -3.434094 -12.235008
v 4.336533 -3.808172 -12.405092
v 6.313026 -4.121914 -12.426210
v 7.206993 -5.452288 -13.089632
v 8.317661 -5.446146 -12.958373
v 8.212830 -6.005451 -13.132749
v 7.141624 -5.861071 -13.226699
v 9.996716 -5.318407 -17.042219
v 7.760693 -5.813904 -13.763855
v 7.722115 -6.673937 -14.152304
v 9.996605 -4.465517 -16.648306
v 10.638691 -5.672533 -18.603121
v 10.616333 -2.996765 -17.306273
v 13.524643 0.443184 -24.492958
v 13.613071 -1.985268 -25.817827
v 14.274788 0.112171 -26.278292
v 14.275864 -0.591856 -26.604612
v 14.773750 1.672968 -31.432615
v 14.834621 2.558431 -31.151875
v 13.154934 4.623592 -25.809406
v 10.338238 3.531793 -23.553133
v 12.060944 3.161762 -22.759596
v 11.928822 4.886965 -26.374207
v 14.036804 6.130999 -28.956942
v 13.519386 6.242136 -29.195276
v 10.857243 -5.073702 -28.692682
v 8.107010 -9.581886 -23.110914
v 7.479759 -9.447155 -23.399845
v 11.782265 -5.272392 -28.266588
v 12.012959 -2.936991 -30.205269
v 13.014309 -3.152077 -29.744013
v 13.168678 -0.800284 -31.717863
v 14.246365 -1.031763 -31.221447
v 14.036804 6.130999 -28.956942
v 13.776039 4.312256 -30.652372
v 13.519386 6.242136 -29.195276
v 14.905785 4.069582 -30.131964
v 13.876835 2.764168 -31.593069
v 14.834621 2.558431 -31.151875
v 15.226204 2.474323 -30.971497
v 10.857243 -5.073702 -28.692682
v 7.479759 -9.447155 -23.399845
v 6.903072 -8.695057 -23.529972
v 10.053932 -4.413328 -28.373602
v 12.012959 -2.936991 -30.205269
v 11.259144 -2.430126 -30.065235
v 1.317425 -9.240183 -7.397433
v 2.339493 -6.749956 -6.730177
v 1.317417 -6.749956 -6.730177
v 2.339497 -9.240183 -7.397433
v 1.317425 -11.063154 -9.220406
v 2.339497 -11.063158 -9.220406
v 2.339497 -11.730406 -11.710630
v 1.317425 -11.730406 -11.710630
v 2.339497 -11.063150 -14.200852
v 1.317425 -11.063150 -14.200852
v 1.317425 -9.240179 -16.023821
v 2.339497 -9.240177 -16.023821
v 2.339493 -6.749949 -16.691076
v 1.317417 -6.749949 -16.691076
v 2.339493 -4.259729 -16.023821
v 1.317417 -4.259729 -16.023819
v 1.317425 -2.436760 -14.200847
v 2.339497 -2.436762 -14.200848
v 2.339497 -1.769507 -11.710623
v 1.317425 -1.769507 -11.710623
v 2.339497 -2.436764 -9.220400
v 1.317425 -2.436762 -9.220400
v 2.339493 -4.259737 -7.397429
v 1.317417 -4.259737 -7.397430
v 2.339493 -6.749956 -6.730177
v 1.317417 -6.749956 -6.730177
v -0.551762 -6.749958 -5.767574
v 0.631153 -9.721487 -6.563794
v 0.631153 -6.749958 -5.767574
v -0.551762 -9.721487 -6.563794
v 0.631153 -11.896793 -8.739104
v -0.551762 -11.896793 -8.739104
v 0.631153 -12.693007 -11.710631
v -0.551762 -12.693007 -11.710631
v 0.631153 -11.896790 -14.682155
v -0.551762 -11.896790 -14.682155
v 0.631153 -9.721481 -16.857462
v -0.551762 -9.721481 -16.857462
v 0.631153 -6.749949 -17.653679
v -0.551762 -6.749949 -17.653679
v 0.631153 -3.778422 -16.857456
v -0.551762 -3.778422 -16.857456
v 0.631153 -1.603117 -14.682146
v -0.551762 -1.603117 -14.682146
v 0.631153 -0.806904 -11.710623
v -0.551762 -0.806904 -11.710623
v 0.631153 -1.603123 -8.739098
v -0.551762 -1.603123 -8.739098
v 0.631153 -3.778431 -6.563790
v -0.551762 -3.778431 -6.563790
v 0.631153 -6.749958 -5.767574
v -0.551762 -6.749958 -5.767574
v 6.580185 -18.288431 -0.444871
v 8.310371 -17.364191 -3.894170
v 8.310371 -18.288431 -0.444871
v 6.580185 -17.364191 -3.894170
v 8.310371 -14.839128 -6.419230
v 6.580185 -14.839128 -6.419230
v 8.310371 -11.389826 -7.343465
v 6.580185 -11.389826 -7.343465
v 8.310371 -7.940525 -6.419225
v 6.580185 -7.940525 -6.419225
v 8.310371 -5.415470 -3.894161
v 6.580185 -5.415470 -3.894161
v 8.310371 -4.491234 -0.444862
v 6.580185 -4.491234 -0.444862
v 8.310371 -5.415476 3.004437
v 6.580185 -5.415476 3.004437
v 8.310371 -7.940535 5.529498
v 6.580185 -7.940535 5.529498
v 8.310371 -11.389835 6.453733
v 6.580185 -11.389835 6.453733
v 8.310371 -14.839136 5.529494
v 6.580185 -14.839136 5.529494
v 8.310371 -17.364195 3.004429
v 6.580185 -17.364195 3.004429
v 8.310371 -18.288431 -0.444871
v 6.580185 -18.288431 -0.444871
v 5.632290 -20.165800 -0.444873
v 4.078564 -18.990047 3.943112
v 4.078564 -20.165800 -0.444873
v 5.632290 -18.990047 3.943112
v 4.078564 -15.777822 7.155343
v 5.632290 -15.777822 7.155343
v 4.078564 -11.389836 8.331103
v 5.632290 -11.389836 8.331103
v 4.078564 -7.001852 7.155349
v 5.632290 -7.001852 7.155349
v 4.078564 -3.789622 3.943123
v 5.632290 -3.789622 3.943123
v 4.078564 -2.613859 -0.444864
v 5.632290 -2.613859 -0.444864
v 4.078564 -3.789616 -4.832845
v 5.632290 -3.789616 -4.832845
v 5.632290 -7.001844 -8.045076
v 4.078560 -7.001844 -8.045076
v 4.078564 -11.389823 -9.220835
v 5.632290 -11.389823 -9.220835
v 4.078564 -15.777812 -8.045081
v 5.632290 -15.777812 -8.045081
v 4.078564 -18.990042 -4.832856
v 5.632290 -18.990042 -4.832856
v 4.078564 -20.165800 -0.444873
v 5.632290 -20.165800 -0.444873
v 2.665939 -20.759169 4.964514
v -0.551762 -22.280828 -0.444873
v 2.665939 -22.208601 -0.444874
v -0.551762 -20.821714 5.000624
v 2.665939 -16.799225 8.924459
v -0.551762 -16.835339 8.987009
v -0.551762 -11.389835 10.446133
v 2.665939 -11.389838 10.373905
v 2.665939 -5.980450 8.924468
v -0.551762 -5.944340 8.987020
v -0.551762 -1.957957 5.000640
v 2.665939 -2.020504 4.964525
v -0.551762 -0.498833 -0.444859
v 2.665939 -0.571057 -0.444862
v 2.665939 -2.020499 -5.854249
v -0.551762 -1.957945 -5.890357
v -0.551762 -5.944330 -9.876744
v 2.665939 -5.980436 -9.814194
v -0.551762 -11.389822 -11.335864
v 2.665939 -11.389822 -11.263638
v 2.665939 -16.799212 -9.814200
v -0.551762 -16.835325 -9.876750
v 2.665939 -20.759159 -5.854259
v -0.551762 -20.821709 -5.890372
v -0.551762 -22.280828 -0.444873
v 2.665939 -22.208601 -0.444874
v 8.021702 -24.095264 32.558132
v 10.965500 -26.711090 20.256239
v 10.390316 -24.095255 20.264154
v 8.501034 -26.711100 32.763962
v 5.230324 -24.050667 35.401382
v 5.773060 -26.711100 35.790157
v 2.943581 -24.047394 44.651756
v 3.658283 -26.711105 44.983494
v 3.314480 -13.354819 11.189848
v 2.718941 -17.202267 8.611196
v 6.020493 -15.991402 9.403340
v 6.065334 -13.354819 11.189848
v 2.993118 -19.604721 10.713735
v -0.551762 -20.640961 11.357996
v -0.551762 -19.604721 10.713735
v 3.086758 -20.640959 11.357991
v 6.568901 -19.604723 13.131897
v 6.864803 -20.901426 14.119314
v 2.625668 -26.711103 42.562977
v 1.208744 -27.198893 40.724232
v 1.593056 -26.711102 40.142464
v 2.090561 -27.198895 42.791260
v 3.658283 -26.711105 44.983494
v 3.147152 -27.198898 45.267982
v 1.525208 -8.062897 22.096109
v -0.551762 -15.292038 22.096107
v 2.777260 -15.292038 22.096107
v -0.551762 -7.167959 22.096113
v 0.963764 -7.167959 22.096113
v 1.812714 -23.948895 3.923156
v -0.551762 -23.948895 4.565000
v -0.551762 -23.107101 3.475327
v 1.267883 -23.107101 2.979471
v 3.566261 -23.948893 2.169608
v 2.622574 -23.107100 1.624773
v 3.118435 -23.107100 -0.225782
v 4.208111 -23.948891 -0.225783
v 3.566261 -23.948889 -2.621174
v 2.622574 -23.107098 -2.076337
v 1.267883 -23.107096 -3.431036
v 1.812714 -23.948889 -4.374722
v 0.615021 -23.948889 -4.695643
v 0.342602 -23.107096 -3.678963
v -0.551762 -23.107096 -3.926891
v -0.551762 -23.948887 -5.016565
v 5.681416 -18.502497 -3.842355
v 8.623333 -18.502501 -0.228205
v 7.389969 -18.502497 -4.831215
v 6.650475 -18.502501 -0.225778
v 7.389969 -18.502504 4.374804
v 5.681416 -18.502504 3.390799
v 4.020332 -18.502506 7.744441
v 3.033901 -18.502504 6.038314
v -9.228601 -18.232924 -6.637533
v -5.958158 -18.232924 -8.284945
v -6.769678 -18.232924 -9.096461
v -8.417088 -18.232925 -5.826016
v -3.242292 -18.232925 -5.569076
v -5.701221 -18.232927 -3.110147
v -8.457607 -22.103781 -5.866541
v -9.228601 -18.232924 -6.637533
v -10.965519 -22.171566 -8.374453
v -8.417088 -18.232925 -5.826016
v -5.701221 -21.103601 -3.110149
v -5.701221 -18.232927 -3.110147
v -6.769678 -18.232924 -9.096461
v -5.998680 -22.103779 -8.325470
v -8.506594 -22.171564 -10.833382
v -5.958158 -18.232924 -8.284945
v -3.242292 -21.103600 -5.569077
v -3.242292 -18.232925 -5.569076
v -8.025434 -24.535582 -16.047342
v -5.998699 -26.628252 -14.999478
v -7.768019 -26.628250 -16.296923
v -5.122265 -22.412268 -12.244876
v -5.840029 -22.227039 -12.832562
v -11.355776 -24.535582 -18.470505
v -15.670012 -26.628246 -21.727694
v -15.771490 -24.535582 -21.422449
v -11.124659 -26.628248 -18.701624
v -8.025434 -24.535582 -16.047342
v -7.768019 -26.628250 -16.296923
v -17.489182 -26.628246 -22.904306
v -15.771490 -24.535582 -21.422449
v -15.670012 -26.628246 -21.727694
v -17.527012 -24.499899 -22.481609
v -22.936876 -26.628242 -26.557552
v -23.075897 -24.497274 -26.090126
v -28.500818 -24.459768 -29.916204
v -28.948570 -26.628241 -30.314943
v -29.429272 -24.449636 -29.451378
v -29.942850 -26.628241 -29.964956
v -28.820004 -24.535574 -28.842102
v -28.500818 -24.459768 -29.916204
v -29.429272 -24.449636 -29.451378
v -28.170324 -24.535574 -29.220707
v -23.075897 -24.497274 -26.090126
v -23.420628 -24.495413 -25.934090
v -17.808231 -24.494719 -22.252741
v -17.527012 -24.499899 -22.481609
v -15.771490 -24.535582 -21.422449
v -15.654272 -24.535580 -20.897219
v -11.355776 -24.535582 -18.470505
v -11.621515 -24.535582 -18.204769
v -8.390856 -24.535583 -15.652781
v -8.025434 -24.535582 -16.047342
v -21.103092 -18.976168 -21.125200
v -20.979340 -18.357038 -21.583521
v -21.467886 -18.337137 -21.489983
v -20.605185 -18.917002 -21.249510
v -20.517643 -18.342440 -21.525192
v -19.943256 -18.941216 -20.852346
v -16.861341 -24.535589 -7.211434
v -20.103783 -26.628254 -10.046662
v -17.624498 -26.628258 -6.690026
v -19.284500 -24.535589 -10.541778
v -23.223705 -26.628252 -14.592016
v -22.236448 -24.535585 -14.957495
v -22.882200 -26.628250 -17.511290
v -22.459507 -24.499903 -17.549116
v -26.535442 -26.628246 -22.958982
v -26.068024 -24.497276 -23.098000
v -29.894094 -24.459766 -28.522924
v -30.292839 -26.628241 -28.970682
v -29.429272 -24.449636 -29.451378
v -29.942850 -26.628241 -29.964956
v -29.894094 -24.459766 -28.522924
v -28.820004 -24.535574 -28.842102
v -29.429272 -24.449636 -29.451378
v -29.198605 -24.535574 -28.192440
v -26.068024 -24.497276 -23.098000
v -25.911985 -24.495417 -23.442730
v -22.230637 -24.494722 -17.830339
v -22.459507 -24.499903 -17.549116
v -21.711212 -24.535583 -14.840273
v -22.236448 -24.535585 -14.957495
v -19.284500 -24.535589 -10.541778
v -19.018763 -24.535585 -10.807517
v -16.466776 -24.535589 -7.576853
v -16.861341 -24.535589 -7.211434
v -9.555826 -21.398050 -6.543768
v -9.799530 -19.476089 -4.218654
v -11.072899 -21.398052 -5.026690
v -8.398777 -19.476088 -5.619405
v -8.038748 -21.398050 -8.060846
v -6.998030 -19.476088 -7.020157
v -5.597298 -19.476088 -8.420893
v -6.521673 -21.398050 -9.577925
v -4.196564 -19.476086 -9.821626
v -5.004602 -21.398046 -11.095004
v -5.597298 -19.476088 -8.420893
v -4.196564 -19.476086 -9.821626
v -5.188648 -15.943244 -10.851764
v -6.524984 -15.943245 -9.515430
v -6.998030 -19.476088 -7.020157
v -8.009163 -15.943246 -8.031255
v -9.493332 -15.943247 -6.547077
v -8.398777 -19.476088 -5.619405
v -9.799530 -19.476089 -4.218654
v -10.829668 -15.943247 -5.210746
v -6.866199 -8.302774 -14.394589
v -5.538843 -9.092016 -14.813595
v -5.538099 -8.679924 -14.621845
v -7.453016 -8.585039 -14.582185
v -8.199280 -7.544403 -14.000396
v -9.244167 -7.712263 -13.913095
v -9.264450 -7.033648 -13.601021
v -8.211151 -6.894358 -13.700189
v -5.432293 -3.434094 -12.235008
v -6.861849 -4.340759 -12.583230
v -5.440058 -3.808172 -12.405092
v -7.416550 -4.121914 -12.426210
v -8.310518 -5.452288 -13.089632
v -9.421181 -5.446146 -12.958373
v -9.316351 -6.005451 -13.132749
v -8.245150 -5.861071 -13.226699
v -11.100241 -5.318407 -17.042219
v -8.825640 -6.673937 -14.152304
v -8.864216 -5.813904 -13.763855
v -11.100130 -4.465517 -16.648306
v -11.742216 -5.672533 -18.603121
v -11.719858 -2.996765 -17.306273
v -14.628172 0.443184 -24.492958
v -14.716595 -1.985268 -25.817827
v -15.378311 0.112171 -26.278292
v -15.379389 -0.591856 -26.604612
v -15.877277 1.672968 -31.432615
v -15.938147 2.558431 -31.151875
v -11.441761 3.531793 -23.553133
v -14.258461 4.623592 -25.809406
v -13.164467 3.161762 -22.759596
v -13.032341 4.886965 -26.374207
v -15.140324 6.130999 -28.956942
v -14.622906 6.242136 -29.195276
v -9.210531 -9.581886 -23.110914
v -11.960762 -5.073702 -28.692682
v -8.583282 -9.447155 -23.399845
v -12.885788 -5.272392 -28.266588
v -13.116489 -2.936991 -30.205269
v -14.117836 -3.152077 -29.744013
v -14.272200 -0.800284 -31.717863
v -15.349884 -1.031763 -31.221447
v -14.879564 4.312256 -30.652372
v -15.140324 6.130999 -28.956942
v -14.622906 6.242136 -29.195276
v -16.009314 4.069582 -30.131964
v -14.980358 2.764168 -31.593069
v -15.938147 2.558431 -31.151875
v -16.329729 2.474323 -30.971497
v -3.603151 -4.133484 -13.842557
v -5.403221 -3.986517 -17.749134
v -5.450169 -3.371760 -17.564392
v -3.519394 -5.729219 -14.468893
v -5.325811 -5.000021 -18.053675
v -3.570913 -7.373009 -15.309264
v -11.960762 -5.073702 -28.692682
v -8.006594 -8.695057 -23.529972
v -8.583282 -9.447155 -23.399845
v -11.157455 -4.413328 -28.373602
v -13.116489 -2.936991 -30.205269
v -12.362669 -2.430126 -30.065235
v -3.443018 -6.749956 -6.730177
v -2.420948 -9.240183 -7.397433
v -2.420942 -6.749956 -6.730177
v -3.443020 -9.240183 -7.397433
v -2.420948 -11.063154 -9.220406
v -3.443020 -11.063158 -9.220406
v -3.443020 -11.730406 -11.710630
v -2.420948 -11.730406 -11.710630
v -3.443020 -11.063150 -14.200852
v -2.420948 -11.063150 -14.200852
v -2.420948 -9.240179 -16.023821
v -3.443020 -9.240177 -16.023821
v -3.443018 -6.749949 -16.691076
v -2.420942 -6.749949 -16.691076
v -3.443018 -4.259729 -16.023821
v -2.420942 -4.259729 -16.023819
v -2.420948 -2.436760 -14.200847
v -3.443020 -2.436762 -14.200848
v -3.443020 -1.769507 -11.710623
v -2.420948 -1.769507 -11.710623
v -3.443020 -2.436764 -9.220400
v -2.420948 -2.436762 -9.220400
v -3.443018 -4.259737 -7.397429
v -2.420942 -4.259737 -7.397430
v -3.443018 -6.749956 -6.730177
v -2.420942 -6.749956 -6.730177
v -1.734676 -6.749958 -5.767574
v -1.734676 -9.721487 -6.563794
v -0.551762 -6.749958 -5.767574
v -0.551762 -9.721487 -6.563794
v -1.734676 -11.896793 -8.739104
v -0.551762 -11.896793 -8.739104
v -1.734676 -12.693007 -11.710631
v -0.551762 -12.693007 -11.710631
v -1.734676 -11.896790 -14.682155
v -0.551762 -11.896790 -14.682155
v -1.734676 -9.721481 -16.857462
v -0.551762 -9.721481 -16.857462
v -1.734676 -6.749949 -17.653679
v -0.551762 -6.749949 -17.653679
v -1.734676 -3.778422 -16.857456
v -0.551762 -3.778422 -16.857456
v -1.734676 -1.603117 -14.682146
v -0.551762 -1.603117 -14.682146
v -1.734676 -0.806904 -11.710623
v -0.551762 -0.806904 -11.710623
v -1.734676 -1.603123 -8.739098
v -0.551762 -1.603123 -8.739098
v -1.734676 -3.778431 -6.563790
v -0.551762 -3.778431 -6.563790
v -1.734676 -6.749958 -5.767574
v -0.551762 -6.749958 -5.767574
v -9.413898 -18.288431 -0.444871
v -9.413898 -17.364191 -3.894170
v -7.683708 -18.288431 -0.444871
v -7.683708 -17.364191 -3.894170
v -9.413898 -14.839128 -6.419230
v -7.683708 -14.839128 -6.419230
v -9.413898 -11.389826 -7.343465
v -7.683708 -11.389826 -7.343465
v -9.413898 -7.940525 -6.419225
v -7.683708 -7.940525 -6.419225
v -9.413898 -5.415470 -3.894161
v -7.683708 -5.415470 -3.894161
v -9.413898 -4.491234 -0.444862
v -7.683708 -4.491234 -0.444862
v -9.413898 -5.415476 3.004437
v -7.683708 -5.415476 3.004437
v -9.413898 -7.940535 5.529498
v -7.683708 -7.940535 5.529498
v -9.413898 -11.389835 6.453733
v -7.683708 -11.389835 6.453733
v -9.413898 -14.839136 5.529494
v -7.683708 -14.839136 5.529494
v -9.413898 -17.364195 3.004429
v -7.683708 -17.364195 3.004429
v -9.413898 -18.288431 -0.444871
v -7.683708 -18.288431 -0.444871
v -5.182087 -18.990047 3.943112
v -6.735817 -20.165800 -0.444873
v -5.182087 -20.165800 -0.444873
v -6.735817 -18.990047 3.943112
v -5.182087 -15.777822 7.155343
v -6.735817 -15.777822 7.155343
v -5.182087 -11.389836 8.331103
v -6.735817 -11.389836 8.331103
v -5.182087 -7.001852 7.155349
v -6.735817 -7.001852 7.155349
v -5.182087 -3.789622 3.943123
v -6.735817 -3.789622 3.943123
v -5.182087 -2.613859 -0.444864
v -6.735817 -2.613859 -0.444864
v -5.182087 -3.789616 -4.832845
v -6.735817 -3.789616 -4.832845
v -6.735817 -7.001844 -8.045076
v -5.182083 -7.001844 -8.045076
v -5.182087 -11.389823 -9.220835
v -6.735817 -11.389823 -9.220835
v -5.182087 -15.777812 -8.045081
v -6.735817 -15.777812 -8.045081
v -5.182087 -18.990042 -4.832856
v -6.735817 -18.990042 -4.832856
v -5.182087 -20.165800 -0.444873
v -6.735817 -20.165800 -0.444873
v -0.551762 -22.280828 -0.444873
v -3.769461 -20.759169 4.964514
v -3.769461 -22.208601 -0.444874
v -0.551762 -20.821714 5.000624
v -3.769461 -16.799225 8.924459
v -0.551762 -16.835339 8.987009
v -0.551762 -11.389835 10.446133
v -3.769461 -11.389838 10.373905
v -3.769461 -5.980450 8.924468
v -0.551762 -5.944340 8.987020
v -0.551762 -1.957957 5.000640
v -3.769461 -2.020504 4.964525
v -0.551762 -0.498833 -0.444859
v -3.769461 -0.571057 -0.444862
v -3.769461 -2.020499 -5.854249
v -0.551762 -1.957945 -5.890357
v -0.551762 -5.944330 -9.876744
v -3.769461 -5.980436 -9.814194
v -0.551762 -11.389822 -11.335864
v -3.769461 -11.389822 -11.263638
v -3.769461 -16.799212 -9.814200
v -0.551762 -16.835325 -9.876750
v -3.769461 -20.759159 -5.854259
v -0.551762 -20.821709 -5.890372
v -0.551762 -22.280828 -0.444873
v -3.769461 -22.208601 -0.444874
v -9.125227 -24.095264 32.558132
v -11.493843 -24.095255 20.264154
v -12.069021 -26.711090 20.256239
v -9.604557 -26.711100 32.763962
v -6.333847 -24.050667 35.401382
v -6.876583 -26.711100 35.790157
v -4.047108 -24.047394 44.651756
v -4.761806 -26.711105 44.983494
v -9.670942 -27.198875 17.192917
v -7.075533 -27.198877 20.111813
v -11.456625 -27.198879 20.354921
v -9.064831 -27.198887 32.493809
v -5.661510 -27.198887 32.257446
v -6.483603 -27.198887 33.807522
v -7.001060 -27.198889 34.783195
v -4.418005 -13.354819 11.189848
v -3.822466 -17.202267 8.611196
v -7.124018 -15.991402 9.403340
v -7.168858 -13.354819 11.189848
v -0.551762 -20.640961 11.357996
v -4.096642 -19.604721 10.713735
v -0.551762 -19.604721 10.713735
v -4.190283 -20.640959 11.357991
v -7.672428 -19.604723 13.131897
v -7.968328 -20.901426 14.119314
v -2.312269 -27.198893 40.724232
v -3.729193 -26.711103 42.562977
v -2.696579 -26.711102 40.142464
v -3.194084 -27.198895 42.791260
v -4.761806 -26.711105 44.983494
v -4.250673 -27.198898 45.267982
v -2.628733 -8.062897 22.096109
v -0.551762 -7.167959 22.096113
v -2.067284 -7.167959 22.096113
v -0.551762 -15.292038 22.096107
v -3.880787 -15.292038 22.096107
v -1.718542 -23.948889 -4.695643
v -0.551762 -21.998003 -6.895311
v -0.551762 -23.948887 -5.016565
v -2.188231 -21.998003 -6.448536
v -2.916237 -23.948889 -4.374722
v -3.855610 -21.998003 -6.001763
v -6.296827 -21.998005 -3.560546
v -4.669786 -23.948889 -2.621174
v -7.190374 -21.998007 -0.225781
v -5.311634 -23.948891 -0.225783
v -4.669786 -23.948893 2.169608
v -6.296827 -21.998011 3.108984
v -2.916237 -23.948895 3.923156
v -3.855610 -21.998011 5.550200
v -0.551762 -21.998013 6.443748
v -0.551762 -23.948895 4.565000
v -0.551762 -23.948895 4.565000
v -2.916237 -23.948895 3.923156
v -0.551762 -23.107101 3.475327
v -2.371407 -23.107101 2.979471
v -4.669786 -23.948893 2.169608
v -3.726099 -23.107100 1.624773
v -4.221960 -23.107100 -0.225782
v -5.311634 -23.948891 -0.225783
v -4.669786 -23.948889 -2.621174
v -3.726099 -23.107098 -2.076337
v -2.371407 -23.107096 -3.431036
v -2.916237 -23.948889 -4.374722
v -1.718542 -23.948889 -4.695643
v -1.446129 -23.107096 -3.678963
v -0.551762 -23.107096 -3.926891
v -0.551762 -23.948887 -5.016565
v -9.726858 -18.502501 -0.228205
v -6.784941 -18.502497 -3.842355
v -8.493496 -18.502497 -4.831215
v -7.753998 -18.502501 -0.225778
v -8.493496 -18.502504 4.374804
v -6.784941 -18.502504 3.390799
v -5.123857 -18.502506 7.744441
v -4.137424 -18.502504 6.038314
v -6.205330 25.227301 20.859045
v -5.062899 24.273233 24.029427
v -5.743326 26.098913 21.695948
v -5.577473 20.405134 22.660824
v -4.237965 22.333303 26.083227
v -4.685123 15.628740 24.553860
v -3.276337 20.849981 27.650850
v -3.481039 14.643213 25.980911
v -1.740067 19.308931 29.279150
v -5.059179 7.138735 21.148846
v -1.688246 13.282766 27.510866
v -0.551762 18.896246 29.707289
v -3.627636 6.113714 23.165451
v -0.551762 12.926500 27.976540
v -1.890558 5.230406 24.865414
v 0.584732 13.282766 27.510866
v 0.636543 19.308931 29.279150
v -0.551762 4.927023 25.581678
v 2.377522 14.643213 25.980911
v 2.172813 20.849981 27.650850
v 0.787037 5.230406 24.865414
v 3.581543 15.628740 24.553860
v 3.133953 22.333303 26.083227
v 4.473953 20.405134 22.660824
v 3.953629 24.273233 24.029427
v 5.101669 25.227301 20.859045
v 4.639816 26.098913 21.695948
v 3.955662 7.138735 21.148846
v 2.524113 6.113714 23.165451
v 2.696075 -3.073374 20.433451
v 1.082977 -2.893942 22.318550
v 2.655991 -3.074984 20.506182
v 4.059772 -3.627842 17.773203
v 4.509399 3.967502 17.073652
v 5.181976 -6.953541 12.860413
v 4.885525 -7.046349 13.714697
v 3.522449 -6.872717 14.748167
v 3.017902 -4.484806 18.037683
v 2.113045 -4.081028 20.066563
v 0.790588 -3.963190 21.143242
v -0.551762 -3.926434 22.030447
v -0.551762 -2.913378 23.208773
v -2.186495 -2.893942 22.318550
v -1.894108 -3.963190 21.143242
v -3.759508 -3.074984 20.506182
v -3.216566 -4.081028 20.066563
v -3.799601 -3.073374 20.433451
v -5.163298 -3.627842 17.773203
v -4.121429 -4.484806 18.037683
v -5.612921 3.967502 17.073652
v -4.625969 -6.872717 14.748167
v -6.285501 -6.953541 12.860413
v -5.989046 -7.046349 13.714697
v -3.421818 -4.286604 17.382614
v -4.625969 -6.872717 14.748167
v -3.900429 -6.916250 14.099312
v -4.121429 -4.484806 18.037683
v -2.749142 -3.866431 19.383394
v -3.216566 -4.081028 20.066563
v -1.413084 -3.756903 20.544924
v -1.894108 -3.963190 21.143242
v -0.551758 -3.729687 21.029142
v -0.551762 -3.926434 22.030447
v 0.790588 -3.963190 21.143242
v 0.309566 -3.756903 20.544924
v 2.113045 -4.081028 20.066563
v 1.645630 -3.866431 19.383394
v 3.017902 -4.484806 18.037683
v 2.318306 -4.286604 17.382614
v 3.522449 -6.872717 14.748167
v 2.796913 -6.916250 14.099312
v 2.032253 -4.898485 15.853977
v -0.551762 -5.116655 13.133648
v 2.896538 -5.116631 13.133671
v -0.551762 -4.898485 15.853977
v 1.346142 -1.554392 17.682467
v -0.551762 -1.536793 17.654770
v 0.180729 -1.440327 19.284885
v -0.551762 -1.479464 19.802031
v 3.621407 -2.498749 9.885323
v -0.551762 -1.893082 9.293073
v 3.786938 -1.893082 9.293073
v -0.551762 -2.498602 9.884113
v 3.455875 -3.104405 10.477569
v -0.551762 -3.104126 10.475156
v 3.235168 -3.911953 11.267234
v -0.551762 -3.911492 11.263207
v 3.069645 -4.517622 11.859482
v -0.551762 -4.517010 11.854249
v 2.904118 -5.123285 12.451731
v -0.551762 -5.122534 12.445288
v 3.748390 -3.382641 7.990816
v 3.621407 -2.498749 9.885323
v 3.786938 -1.893082 9.293073
v 3.616196 -4.060524 8.781438
v 3.455875 -3.104405 10.477569
v 3.483997 -4.738401 9.572053
v 3.235168 -3.911953 11.267234
v 3.307735 -5.642246 10.626216
v 3.069645 -4.517622 11.859482
v 3.175541 -6.320131 11.416838
v 2.904118 -5.123285 12.451731
v 3.043346 -6.998014 12.207457
v 5.601494 -3.303679 8.507760
v 3.616196 -4.060524 8.781438
v 3.748390 -3.382641 7.990816
v 5.387093 -3.981684 9.297838
v 3.483997 -4.738401 9.572053
v 5.172695 -4.659683 10.087917
v 3.307735 -5.642246 10.626216
v 4.886829 -5.563696 11.141357
v 3.175541 -6.320131 11.416838
v 4.672428 -6.241703 11.931430
v 3.043346 -6.998014 12.207457
v 4.458035 -6.919706 12.721510
v 3.488575 23.611696 16.590498
v 5.157562 23.267847 16.196810
v 3.458576 23.244806 15.736908
v 5.017036 23.631998 17.045876
v 3.518570 23.978590 17.444073
v 4.876507 23.996157 17.894934
v 3.558571 24.467772 18.582176
v 4.689137 24.481699 19.027023
v 3.588566 24.834665 19.435755
v 4.548607 24.845858 19.876085
v 3.618561 25.201548 20.289337
v 4.408081 25.210016 20.725145
v -6.705019 -3.303679 8.507760
v -4.699532 -0.286696 6.104970
v -4.851912 -3.382641 7.990816
v -8.190374 -0.242302 6.757659
v -7.595324 -3.337704 8.645876
v -5.511734 25.210016 20.725145
v -4.381428 26.076761 21.142233
v -4.722082 25.201548 20.289337
v -5.743326 26.098913 21.695948
v -6.205330 25.227301 20.859045
v -6.998537 23.274103 16.322418
v -6.261086 23.267847 16.196810
v -7.126472 20.719252 15.086237
v -4.762093 20.758287 14.531109
v -4.562103 23.244806 15.736908
v -0.551762 -5.116655 13.133648
v -3.135777 -4.898485 15.853977
v -4.000055 -5.116631 13.133671
v -0.551762 -4.898485 15.853977
v -2.449663 -1.554392 17.682467
v -0.551762 -1.536793 17.654770
v -1.284252 -1.440327 19.284885
v -0.551762 -1.479464 19.802031
v -4.724930 -2.498749 9.885323
v -4.851912 -3.382641 7.990816
v -4.890459 -1.893082 9.293073
v -4.719717 -4.060524 8.781438
v -4.559399 -3.104405 10.477569
v -4.587519 -4.738401 9.572053
v -4.338692 -3.911953 11.267234
v -4.411259 -5.642246 10.626216
v -4.173164 -4.517622 11.859482
v -4.279062 -6.320131 11.416838
v -4.007641 -5.123285 12.451731
v -4.146868 -6.998014 12.207457
v -4.719717 -4.060524 8.781438
v -6.705019 -3.303679 8.507760
v -4.851912 -3.382641 7.990816
v -6.490616 -3.981684 9.297838
v -4.587519 -4.738401 9.572053
v -6.276218 -4.659683 10.087917
v -4.411259 -5.642246 10.626216
v -5.990353 -5.563696 11.141357
v -4.279062 -6.320131 11.416838
v -5.775957 -6.241703 11.931430
v -4.146868 -6.998014 12.207457
v -5.562740 -6.919706 12.721510
v -6.261086 23.267847 16.196810
v -4.592098 23.611696 16.590498
v -4.562103 23.244806 15.736908
v -6.120560 23.631998 17.045876
v -4.622095 23.978590 17.444073
v -5.980032 23.996157 17.894934
v -4.662092 24.467772 18.582176
v -5.792662 24.481699 19.027023
v -4.692087 24.834665 19.435755
v -5.652130 24.845858 19.876085
v -4.722082 25.201548 20.289337
v -5.511734 25.210016 20.725145
v -4.562103 23.244806 15.736908
v -0.551762 23.611696 16.590498
v -0.551762 23.244806 15.736908
v -4.592098 23.611696 16.590498
v -0.551762 23.978590 17.444073
v -4.622095 23.978590 17.444073
v -0.551762 24.467772 18.582176
v -4.662092 24.467772 18.582176
v -0.551762 24.834665 19.435755
v -4.692087 24.834665 19.435755
v -0.551762 25.201548 20.289337
v -4.722082 25.201548 20.289337
v 18.839733 -18.941216 -20.852346
v 16.819954 -18.725431 -19.401102
v 17.555344 -18.694246 -18.680973
v 19.294987 -18.900576 -20.420607
v 19.726715 -18.941217 -19.965359
v 18.275475 -18.725431 -17.945583
v 16.819954 -18.725431 -19.401102
v 14.485874 -18.404560 -17.626575
v 15.524673 -18.383261 -16.650307
v 17.555344 -18.694246 -18.680973
v 18.275475 -18.725431 -17.945583
v 16.500946 -18.404562 -15.611485
v 13.605831 -17.950415 -16.755518
v 14.615425 -17.950037 -15.741046
v 14.485874 -18.404560 -17.626575
v 15.524673 -18.383261 -16.650307
v 16.500946 -18.404562 -15.611485
v 15.629898 -17.950415 -14.731450
v 19.501667 -18.917002 -21.249510
v 18.839733 -18.941216 -20.852346
v 19.294987 -18.900576 -20.420607
v 19.999569 -18.976168 -21.125200
v 20.123882 -18.917002 -20.627285
v 19.726715 -18.941217 -19.965359
v 10.369862 -22.227045 -5.263997
v 11.086117 -26.628256 -8.178788
v 13.102600 -26.628258 -6.162308
v 8.811989 -22.227043 -6.821868
v 7.254120 -22.227041 -8.379741
v 9.069641 -26.628254 -10.195265
v 7.053162 -26.628254 -12.211741
v 5.696247 -22.227041 -9.937612
v 4.138374 -22.227039 -11.495485
v 5.036686 -26.628252 -14.228220
v 8.212830 -6.005451 -13.132749
v 10.632256 -4.550341 -16.254358
v 8.317661 -5.446146 -12.958373
v 11.276569 -3.056328 -16.956444
v 10.733192 -2.056072 -16.548454
v 6.313026 -4.121914 -12.426210
v 14.211079 0.405903 -24.189564
v 7.122669 1.332031 -15.884806
v 4.328770 -3.434094 -12.235008
v 13.636761 1.416258 -23.633295
v 9.253834 -0.250735 -16.010910
v 9.799305 4.555256 -20.446404
v 12.060944 3.161762 -22.759596
v 14.353840 2.280401 -25.767820
v 14.659195 0.144579 -26.134037
v 15.226204 2.474323 -30.971497
v 13.154934 4.623592 -25.809406
v 14.905785 4.069582 -30.131964
v 14.036804 6.130999 -28.956942
v 13.509972 0.536739 -31.835325
v 14.246365 -1.031763 -31.221447
v 13.168678 -0.800284 -31.717863
v 14.735893 0.273411 -31.270624
v 14.773750 1.672968 -31.432615
v 13.815956 1.878694 -31.873812
v 15.165321 1.588856 -31.252245
v 3.401482 -8.392174 -15.787089
v 5.550293 -5.740707 -19.215570
v 5.225285 -7.652670 -19.401562
v 6.903072 -8.695057 -23.529972
v 7.783203 -1.895333 -22.269909
v 5.696590 -3.825455 -18.640068
v 10.053932 -4.413328 -28.373602
v 5.843281 -1.905001 -18.063002
v 5.946274 1.167322 -16.853945
v 3.903522 -2.698584 -14.222008
v 8.544285 4.172153 -21.092806
v 9.600143 3.052336 -23.907137
v 9.925930 -0.013060 -26.043827
v 11.259144 -2.430126 -30.065235
v 11.297199 4.498232 -26.917065
v 11.335342 1.225048 -28.526203
v 12.303246 -0.752735 -31.549719
v 12.649986 0.758297 -31.597820
v 12.927876 1.977083 -31.632772
v 12.976562 2.685104 -31.408291
v 12.881931 4.138456 -30.525156
v 12.705711 5.769602 -29.381994
v 6.070751 -4.093122 -17.844389
v 4.346645 -3.371760 -17.564392
v 6.176918 -2.703154 -17.426723
v 4.299702 -3.986517 -17.749134
v 4.222282 -5.000021 -18.053675
v 5.952438 -5.642040 -18.309813
v 5.952438 -5.642040 -18.309813
v 5.696590 -3.825455 -18.640068
v 5.550293 -5.740707 -19.215570
v 6.070751 -4.093122 -17.844389
v 6.176918 -2.703154 -17.426723
v 5.843281 -1.905001 -18.063002
v 7.540863 -24.095263 31.909159
v 10.390316 -24.095255 20.264154
v 9.528107 -24.095253 20.234713
v 8.021702 -24.095264 32.558132
v 5.230324 -24.050667 35.401382
v 4.629189 -24.044188 35.454269
v 2.943581 -24.047394 44.651756
v 2.353428 -24.045069 44.842361
v 0.629162 -24.095278 52.960289
v 1.903786 -24.042625 44.833096
v 1.211182 -24.320993 53.810455
v 3.512466 -23.942442 45.461342
v 1.211182 -24.320993 53.810455
v 4.227158 -26.711105 45.793076
v 3.512466 -23.942442 45.461342
v 1.485779 -26.711111 55.948505
v -0.551762 -26.711111 56.765289
v -0.551762 -24.295664 54.473301
v 8.673653 -26.711086 16.197937
v 5.415363 -26.711090 19.862324
v 4.170216 -26.711082 13.143625
v 2.939671 -26.711086 16.110857
v -0.551762 -26.711090 19.862324
v -0.551762 -26.711086 16.110857
v 3.959183 -26.711098 32.370041
v -0.551762 -26.711098 32.370041
v 2.595203 -26.711100 35.790157
v -0.551762 -26.711100 35.790157
v 4.866127 -26.711098 34.080101
v 1.593056 -26.711102 40.142464
v -0.551762 -26.711102 40.142464
v 4.414467 -26.711100 35.790157
v 5.773060 -26.711100 35.790157
v 2.625668 -26.711103 42.562977
v 3.658283 -26.711105 44.983494
v 2.718941 -17.202267 8.611196
v -0.551762 -19.604721 10.713735
v -0.551762 -17.202267 8.611196
v 2.993118 -19.604721 10.713735
v 6.568901 -19.604723 13.131897
v 6.020493 -15.991402 9.403340
v 4.866127 -26.711098 34.080101
v 5.897537 -27.198889 34.783195
v 5.773060 -26.711100 35.790157
v 5.380077 -27.198887 33.807522
v 4.557987 -27.198887 32.257446
v 3.959183 -26.711098 32.370041
v 1.525208 -8.062897 22.096109
v 2.777260 -15.292038 22.096107
v 2.777260 -15.292031 14.062046
v 1.494812 -4.759960 13.624823
v 2.777260 -15.292030 11.540606
v 2.777260 -22.902992 14.062040
v 2.777260 -22.902990 11.540602
v 2.777260 -20.807184 5.247860
v 1.494812 -1.523743 11.103384
v 2.777260 -14.601906 5.247865
v 1.494812 0.653513 5.247875
v 7.389969 -18.502504 4.374804
v 5.681416 -22.001997 3.390796
v 8.623333 -18.502501 -0.228205
v 6.650475 -22.001995 -0.225781
v 5.681416 -22.001993 -3.842358
v 7.389969 -18.502497 -4.831215
v 1.225613 -22.001989 -6.974404
v -0.551762 -21.998003 -6.895311
v -0.551762 -22.001989 -7.458936
v 1.084705 -21.998003 -6.448536
v 2.752087 -21.998003 -6.001763
v 3.033901 -22.001991 -6.489877
v -19.943256 -18.941216 -20.852346
v -18.658867 -18.694246 -18.680973
v -17.923483 -18.725431 -19.401102
v -20.398506 -18.900576 -20.420607
v -20.830244 -18.941217 -19.965359
v -19.379002 -18.725431 -17.945583
v -17.923483 -18.725431 -19.401102
v -16.628202 -18.383261 -16.650307
v -15.589396 -18.404560 -17.626575
v -18.658867 -18.694246 -18.680973
v -19.379002 -18.725431 -17.945583
v -17.604477 -18.404562 -15.611485
v -15.589396 -18.404560 -17.626575
v -15.718952 -17.950037 -15.741046
v -14.709356 -17.950415 -16.755518
v -16.628202 -18.383261 -16.650307
v -17.604477 -18.404562 -15.611485
v -16.733416 -17.950415 -14.731450
v -20.605185 -18.917002 -21.249510
v -20.398506 -18.900576 -20.420607
v -19.943256 -18.941216 -20.852346
v -21.103092 -18.976168 -21.125200
v -21.227406 -18.917002 -20.627285
v -20.830244 -18.941217 -19.965359
v -12.189640 -26.628256 -8.178788
v -11.473385 -22.227045 -5.263997
v -14.206123 -26.628258 -6.162308
v -9.915514 -22.227043 -6.821868
v -8.357641 -22.227041 -8.379741
v -10.173166 -26.628254 -10.195265
v -8.156687 -26.628254 -12.211741
v -6.799772 -22.227041 -9.937612
v -5.241899 -22.227039 -11.495485
v -6.140213 -26.628252 -14.228220
v -9.421181 -5.446146 -12.958373
v -11.735775 -4.550341 -16.254358
v -9.316351 -6.005451 -13.132749
v -12.380095 -3.056328 -16.956444
v -11.836716 -2.056072 -16.548454
v -7.416550 -4.121914 -12.426210
v -15.314602 0.405903 -24.189564
v -8.226192 1.332031 -15.884806
v -5.432293 -3.434094 -12.235008
v -14.740288 1.416258 -23.633295
v -10.357357 -0.250735 -16.010910
v -10.902826 4.555256 -20.446404
v -13.164467 3.161762 -22.759596
v -15.457357 2.280401 -25.767820
v -15.762716 0.144579 -26.134037
v -16.329729 2.474323 -30.971497
v -14.258461 4.623592 -25.809406
v -16.009314 4.069582 -30.131964
v -15.140324 6.130999 -28.956942
v -15.349884 -1.031763 -31.221447
v -14.613497 0.536739 -31.835325
v -14.272200 -0.800284 -31.717863
v -15.839420 0.273411 -31.270624
v -15.877277 1.672968 -31.432615
v -14.919476 1.878694 -31.873812
v -16.268845 1.588856 -31.252245
v -4.505007 -8.392174 -15.787089
v -6.328810 -7.652670 -19.401562
v -6.653818 -5.740707 -19.215570
v -8.006594 -8.695057 -23.529972
v -8.886728 -1.895333 -22.269909
v -6.800114 -3.825455 -18.640068
v -11.157455 -4.413328 -28.373602
v -6.946804 -1.905001 -18.063002
v -7.049795 1.167322 -16.853945
v -5.007046 -2.698584 -14.222008
v -9.647808 4.172153 -21.092806
v -10.703669 3.052336 -23.907137
v -11.029455 -0.013060 -26.043827
v -12.362669 -2.430126 -30.065235
v -12.400723 4.498232 -26.917065
v -12.438868 1.225048 -28.526203
v -13.406776 -0.752735 -31.549719
v -13.753508 0.758297 -31.597820
v -14.031403 1.977083 -31.632772
v -14.080080 2.685104 -31.408291
v -13.985451 4.138456 -30.525156
v -13.809233 5.769602 -29.381994
v -5.450169 -3.371760 -17.564392
v -7.174273 -4.093122 -17.844389
v -7.280443 -2.703154 -17.426723
v -5.403221 -3.986517 -17.749134
v -5.325811 -5.000021 -18.053675
v -7.055964 -5.642040 -18.309813
v -6.653818 -5.740707 -19.215570
v -6.800114 -3.825455 -18.640068
v -7.055964 -5.642040 -18.309813
v -7.174273 -4.093122 -17.844389
v -7.280443 -2.703154 -17.426723
v -6.946804 -1.905001 -18.063002
v -8.644386 -24.095263 31.909159
v -10.631634 -24.095253 20.234713
v -11.493843 -24.095255 20.264154
v -9.125227 -24.095264 32.558132
v -6.333847 -24.050667 35.401382
v -5.732714 -24.044188 35.454269
v -4.047108 -24.047394 44.651756
v -3.456955 -24.045069 44.842361
v -1.732685 -24.095278 52.960289
v -3.007311 -24.042625 44.833096
v -2.314707 -24.320993 53.810455
v -4.615992 -23.942442 45.461342
v -2.314707 -24.320993 53.810455
v -4.615992 -23.942442 45.461342
v -5.330683 -26.711105 45.793076
v -2.589302 -26.711111 55.948505
v -0.551762 -26.711111 56.765289
v -0.551762 -24.295664 54.473301
v -9.777176 -26.711086 16.197937
v -5.273743 -26.711082 13.143625
v -6.518887 -26.711090 19.862324
v -4.043196 -26.711086 16.110857
v -0.551762 -26.711090 19.862324
v -0.551762 -26.711086 16.110857
v -5.062706 -26.711098 32.370041
v -0.551762 -26.711098 32.370041
v -3.698723 -26.711100 35.790157
v -0.551762 -26.711100 35.790157
v -5.969646 -26.711098 34.080101
v -2.696579 -26.711102 40.142464
v -0.551762 -26.711102 40.142464
v -5.517990 -26.711100 35.790157
v -6.876583 -26.711100 35.790157
v -3.729193 -26.711103 42.562977
v -4.761806 -26.711105 44.983494
v -0.551762 -19.604721 10.713735
v -3.822466 -17.202267 8.611196
v -0.551762 -17.202267 8.611196
v -4.096642 -19.604721 10.713735
v -7.672428 -19.604723 13.131897
v -7.124018 -15.991402 9.403340
v -7.001060 -27.198889 34.783195
v -5.969646 -26.711098 34.080101
v -6.876583 -26.711100 35.790157
v -6.483603 -27.198887 33.807522
v -5.661510 -27.198887 32.257446
v -5.062706 -26.711098 32.370041
v -2.628733 -8.062897 22.096109
v -3.880787 -15.292031 14.062046
v -3.880787 -15.292038 22.096107
v -2.598337 -4.759960 13.624823
v -3.880787 -15.292030 11.540606
v -3.880787 -22.902992 14.062040
v -3.880787 -22.902990 11.540602
v -3.880787 -20.807184 5.247860
v -2.598337 -1.523743 11.103384
v -3.880787 -14.601906 5.247865
v -2.598337 0.653513 5.247875
v -8.493496 -18.502504 4.374804
v -9.726858 -18.502501 -0.228205
v -6.784941 -22.001997 3.390796
v -7.753998 -22.001995 -0.225781
v -6.784941 -22.001993 -3.842358
v -8.493496 -18.502497 -4.831215
v -0.551762 -21.998003 -6.895311
v -2.329140 -22.001989 -6.974404
v -0.551762 -22.001989 -7.458936
v -2.188231 -21.998003 -6.448536
v -3.855610 -21.998003 -6.001763
v -4.137424 -22.001991 -6.489877
v -5.062899 24.273233 24.029427
v -4.814323 26.550669 22.867998
v -5.743326 26.098913 21.695948
v -4.416021 25.136408 24.452526
v -3.713381 23.233122 26.584930
v -4.237965 22.333303 26.083227
v -2.766993 21.810915 28.178350
v -3.276337 20.849981 27.650850
v -1.673592 20.729521 29.390970
v -1.740067 19.308931 29.279150
v -0.551762 20.482550 29.666636
v -0.551762 18.896246 29.707289
v 0.636543 19.308931 29.279150
v 0.570076 20.729521 29.390970
v 2.172813 20.849981 27.650850
v 1.663471 21.810915 28.178350
v 3.133953 22.333303 26.083227
v 2.609859 23.233122 26.584930
v 3.953629 24.273233 24.029427
v 3.305901 25.136408 24.452526
v 3.710808 26.550669 22.867998
v 4.639816 26.098913 21.695948
v -1.619785 25.625650 23.904381
v -0.551754 25.597967 23.935402
v -1.349117 25.537142 23.410891
v -0.551754 25.522318 23.427216
v 0.245605 25.537142 23.410891
v 0.516270 25.625650 23.904381
v 7.086857 -0.242302 6.757659
v 5.941048 7.502211 13.619175
v 6.491798 -3.337704 8.645876
v 6.417625 9.779413 10.438190
v 5.748684 11.118460 14.887836
v 5.251385 10.050432 17.384270
v 6.327168 12.574450 11.655365
v 4.889420 15.435076 19.465836
v 5.433144 17.245340 18.047449
v 6.022942 20.719252 15.086237
v 5.058784 17.757956 18.674412
v 5.895016 23.274103 16.322418
v -7.044573 7.502211 13.619175
v -8.190374 -0.242302 6.757659
v -7.595324 -3.337704 8.645876
v -7.521149 9.779413 10.438190
v -6.852205 11.118460 14.887836
v -6.354910 10.050432 17.384270
v -7.430696 12.574450 11.655365
v -5.992941 15.435076 19.465836
v -6.536665 17.245340 18.047449
v -7.126472 20.719252 15.086237
v -6.162304 17.757956 18.674412
v -6.998537 23.274103 16.322418
v -3.007311 -24.042625 44.833096
v -2.529108 -19.439827 42.269161
v -3.144842 -20.539522 42.082314
v -1.732677 -21.510374 49.745113
v -1.628134 -18.621069 42.502560
v -1.732685 -24.095278 52.960289
v -0.551762 -18.272017 42.645416
v -0.551762 -21.295195 49.635086
v -0.551762 -24.095278 53.234100
v 0.629162 -24.095278 52.960289
v 0.629154 -21.510374 49.745113
v 0.524609 -18.621069 42.502560
v 1.903786 -24.042625 44.833096
v 1.425587 -19.439827 42.269161
v 2.041317 -20.539522 42.082314
v 5.193794 -21.980526 -12.643132
v 4.138374 -22.227039 -11.495485
v 3.901077 -21.398046 -11.095004
v 5.835918 -17.780741 -13.186755
v 3.093040 -19.476086 -9.821626
v 4.085129 -15.943244 -10.851764
v 6.455006 -15.009457 -12.457603
v 7.209576 -19.643581 -14.794668
v 7.667862 -16.451416 -13.970062
v 9.535812 -15.229008 -14.228933
v 7.287331 -24.535583 -15.652781
v 5.193794 -21.980526 -12.643132
v 9.429226 -17.562487 -15.767686
v 11.436474 -21.853193 -18.350929
v 10.517990 -24.535582 -18.204769
v 11.709175 -16.057325 -16.234108
v 9.916637 -15.205768 -13.879139
v 12.244595 -15.991779 -15.999022
v 12.354942 -19.170803 -18.497091
v 13.749729 -17.868139 -18.216873
v 14.257847 -17.717550 -17.822069
v 15.024109 -20.063221 -20.503832
v 14.669083 -23.417490 -20.798872
v 14.550743 -24.535580 -20.897219
v 16.704704 -24.494719 -22.252741
v 16.079929 -18.781788 -20.189100
v 16.733833 -18.304636 -19.662172
v 17.087399 -20.884874 -21.965055
v 19.414120 -18.342440 -21.525192
v 20.644470 -21.797750 -24.422848
v 22.317104 -24.495413 -25.934090
v 18.107304 -19.495604 -21.901558
v 25.475376 -22.467655 -27.629274
v 27.066807 -24.535574 -29.220707
v 21.210957 -20.602898 -24.270744
v 25.935055 -22.295511 -27.060678
v 27.716473 -24.535574 -28.842102
v 21.896553 -19.629358 -23.962420
v 19.875816 -18.357038 -21.583521
v 28.095085 -24.535574 -28.192440
v 20.364365 -18.337137 -21.489983
v 26.503643 -22.467657 -26.601015
v 24.808456 -24.495417 -23.442730
v 22.384098 -19.422144 -23.509726
v 22.836784 -19.629358 -23.022182
v 20.457893 -18.357038 -21.001444
v 20.399574 -18.342440 -20.539736
v 23.145115 -20.602900 -22.336582
v 23.297222 -21.797752 -21.770100
v 21.127117 -24.494722 -17.830339
v 20.775917 -19.495605 -19.232922
v 20.839436 -20.884876 -18.213017
v 19.545677 -21.466909 -15.455511
v 19.063477 -18.781790 -17.205564
v 18.536549 -18.304636 -17.859463
v 16.696445 -17.717552 -15.383470
v 19.378208 -20.063225 -16.149744
v 17.091240 -17.868143 -14.875348
v 14.873390 -15.991782 -13.370210
v 17.371468 -19.170805 -13.480573
v 17.188347 -20.648367 -11.989132
v 15.108482 -16.057327 -12.834795
v 12.753513 -15.205769 -11.042255
v 13.103306 -15.229009 -10.661427
v 14.642056 -17.562490 -10.554849
v 13.669044 -19.643587 -8.335194
v 12.844448 -16.451420 -8.793474
v 11.331989 -15.009459 -7.580617
v 12.061134 -17.780745 -6.961537
v 9.726147 -15.943247 -5.210746
v 8.696007 -19.476089 -4.218654
v 11.517513 -21.980532 -6.319411
v 9.969376 -21.398052 -5.026690
v 10.369862 -22.227045 -5.263997
v 1.000278 -27.198902 55.514740
v -0.551762 -27.198904 56.139805
v -0.551762 -27.198902 55.502594
v 1.001572 -27.198902 54.851772
v 3.594471 -27.198896 45.904568
v -0.551762 -27.198896 44.983494
v 3.147152 -27.198898 45.267982
v 1.208744 -27.198893 40.724232
v -0.551762 -27.198893 40.724232
v 1.537811 -27.198896 44.983494
v 2.090561 -27.198895 42.791260
v -6.297316 -21.980526 -12.643132
v -5.004602 -21.398046 -11.095004
v -5.241899 -22.227039 -11.495485
v -6.939442 -17.780741 -13.186755
v -4.196564 -19.476086 -9.821626
v -5.188648 -15.943244 -10.851764
v -7.558529 -15.009457 -12.457603
v -8.313099 -19.643581 -14.794668
v -8.771383 -16.451416 -13.970062
v -10.639336 -15.229008 -14.228933
v -6.297316 -21.980526 -12.643132
v -8.390856 -24.535583 -15.652781
v -10.532749 -17.562487 -15.767686
v -12.539999 -21.853193 -18.350929
v -11.621515 -24.535582 -18.204769
v -12.812700 -16.057325 -16.234108
v -11.020163 -15.205768 -13.879139
v -13.348118 -15.991779 -15.999022
v -13.458467 -19.170803 -18.497091
v -14.853252 -17.868139 -18.216873
v -15.361370 -17.717550 -17.822069
v -16.127640 -20.063221 -20.503832
v -17.183456 -18.781788 -20.189100
v -17.837360 -18.304636 -19.662172
v -20.517643 -18.342440 -21.525192
v -15.772610 -23.417490 -20.798872
v -15.654272 -24.535580 -20.897219
v -17.808231 -24.494719 -22.252741
v -18.190922 -20.884874 -21.965055
v -21.747997 -21.797750 -24.422848
v -23.420628 -24.495413 -25.934090
v -19.210823 -19.495604 -21.901558
v -26.578905 -22.467655 -27.629274
v -28.170324 -24.535574 -29.220707
v -22.314484 -20.602898 -24.270744
v -23.000072 -19.629358 -23.962420
v -20.979340 -18.357038 -21.583521
v -21.467886 -18.337137 -21.489983
v -27.038580 -22.295511 -27.060678
v -28.820004 -24.535574 -28.842102
v -29.198605 -24.535574 -28.192440
v -23.487623 -19.422144 -23.509726
v -23.940311 -19.629358 -23.022182
v -21.561417 -18.357038 -21.001444
v -27.607170 -22.467657 -26.601015
v -25.911985 -24.495417 -23.442730
v -21.503092 -18.342440 -20.539736
v -24.400745 -21.797752 -21.770100
v -22.230637 -24.494722 -17.830339
v -24.248634 -20.602900 -22.336582
v -21.942959 -20.884876 -18.213017
v -20.649200 -21.466909 -15.455511
v -21.879446 -19.495605 -19.232922
v -20.167000 -18.781790 -17.205564
v -19.640076 -18.304636 -17.859463
v -17.799969 -17.717552 -15.383470
v -20.481731 -20.063225 -16.149744
v -18.194767 -17.868143 -14.875348
v -15.976919 -15.991782 -13.370210
v -18.474995 -19.170805 -13.480573
v -18.291866 -20.648367 -11.989132
v -16.212011 -16.057327 -12.834795
v -13.857040 -15.205769 -11.042255
v -14.206833 -15.229009 -10.661427
v -15.745584 -17.562490 -10.554849
v -14.772568 -19.643587 -8.335194
v -13.947969 -16.451420 -8.793474
v -12.435514 -15.009459 -7.580617
v -13.164658 -17.780745 -6.961537
v -10.829668 -15.943247 -5.210746
v -9.799530 -19.476089 -4.218654
v -12.621038 -21.980532 -6.319411
v -11.072899 -21.398052 -5.026690
v -11.473385 -22.227045 -5.263997
v -2.103804 -27.198902 55.514740
v -0.551762 -27.198902 55.502594
v -0.551762 -27.198904 56.139805
v -2.105093 -27.198902 54.851772
v -4.697996 -27.198896 45.904568
v -0.551762 -27.198896 44.983494
v -4.250673 -27.198898 45.267982
v -2.312269 -27.198893 40.724232
v -0.551762 -27.198893 40.724232
v -2.641335 -27.198896 44.983494
v -3.194084 -27.198895 42.791260
v -4.416021 25.136408 24.452526
v -2.232811 26.492430 22.933258
v -4.814323 26.550669 22.867998
v -1.873043 25.149122 24.438280
v -3.713381 23.233122 26.584930
v -1.619785 25.625650 23.904381
v -2.001471 23.233133 26.584921
v -2.766993 21.810915 28.178350
v -0.551754 25.150488 24.436743
v -0.551754 25.597967 23.935402
v 0.516270 25.625650 23.904381
v -1.980024 22.205484 27.736280
v -1.673592 20.729521 29.390970
v -0.551762 23.233126 26.584921
v -0.551762 22.205675 27.736067
v -0.551762 20.482550 29.666636
v 0.570076 20.729521 29.390970
v 0.876499 22.205484 27.736280
v 1.663471 21.810915 28.178350
v 0.897949 23.233133 26.584921
v 2.609859 23.233122 26.584930
v 0.769772 25.149122 24.438280
v 3.305901 25.136408 24.452526
v 1.129295 26.492430 22.933258
v 3.710808 26.550669 22.867998
v -5.989046 -7.046349 13.714697
v -4.168976 -7.090458 13.063318
v -4.625969 -6.872717 14.748167
v -5.562740 -6.919706 12.721510
v -4.146868 -6.998014 12.207457
v -6.285501 -6.953541 12.860413
v 4.885525 -7.046349 13.714697
v 3.522449 -6.872717 14.748167
v 3.065128 -7.090458 13.063318
v 4.458035 -6.919706 12.721510
v 5.181976 -6.953541 12.860413
v 3.043346 -6.998014 12.207457
v 1.267883 -23.107101 2.979471
v -0.551762 -23.107101 3.475327
v -0.551762 -23.107100 -0.225782
v 2.622574 -23.107100 1.624773
v 3.118435 -23.107100 -0.225782
v 2.622574 -23.107098 -2.076337
v 1.267883 -23.107096 -3.431036
v 0.342602 -23.107096 -3.678963
v -0.551762 -23.107096 -3.926891
v -0.551762 -23.107096 -3.926891
v -0.551762 -23.107100 -0.225782
v -1.446129 -23.107096 -3.678963
v -2.371407 -23.107096 -3.431036
v -3.726099 -23.107098 -2.076337
v -4.221960 -23.107100 -0.225782
v -3.726099 -23.107100 1.624773
v -2.371407 -23.107101 2.979471
v -0.551762 -23.107101 3.475327
v -3.647148 -20.672989 41.626175
v -5.732714 -24.044188 35.454269
v -3.456955 -24.045069 44.842361
v -4.942682 -19.531885 35.550243
v -6.667723 -20.259418 31.457850
v -3.665873 -17.795298 36.516357
v -2.800289 -19.179424 42.044773
v -5.652205 -18.504814 31.989958
v -1.814655 -16.353842 37.456257
v -1.628939 -17.962498 42.425869
v -4.036995 -16.903025 32.738575
v -1.285069 -16.372093 37.981564
v -2.887632 -16.306581 32.866840
v -0.551762 -16.347218 38.380585
v -3.972229 -13.415501 24.631670
v -0.551762 -17.703478 42.461082
v 0.525417 -17.962498 42.425869
v 0.181545 -16.372093 37.981564
v 0.711132 -16.353842 37.456257
v 1.696766 -19.179424 42.044773
v -4.526989 -13.497432 24.328299
v -4.245399 -12.432981 20.138680
v -4.725199 -12.462032 20.107332
v -6.664238 -15.378883 21.554037
v -8.133408 -17.980249 18.328943
v -6.621521 -13.990042 17.958912
v -6.268431 -12.187583 15.205927
v -7.968328 -20.901426 14.119314
v -7.672428 -19.604723 13.131897
v -7.857338 -15.651695 15.317108
v -7.168858 -13.354819 11.189848
v -7.124018 -15.991402 9.403340
v 2.562351 -17.795298 36.516357
v 2.543625 -20.672989 41.626175
v 2.933472 -16.903025 32.738575
v 1.784107 -16.306581 32.866840
v 2.868702 -13.415501 24.631670
v 3.839157 -19.531885 35.550243
v 4.629189 -24.044188 35.454269
v 2.353428 -24.045069 44.842361
v 5.564198 -20.259418 31.457850
v 4.548679 -18.504814 31.989958
v 3.423466 -13.497432 24.328299
v 3.141876 -12.432981 20.138680
v 3.621674 -12.462032 20.107332
v 5.560715 -15.378883 21.554037
v 7.029884 -17.980249 18.328943
v 5.517998 -13.990042 17.958912
v 5.164909 -12.187583 15.205927
v 6.568901 -19.604723 13.131897
v 6.864803 -20.901426 14.119314
v 6.753815 -15.651695 15.317108
v 6.065334 -13.354819 11.189848
v 6.020493 -15.991402 9.403340
v 13.102600 -26.628258 -6.162308
v 11.086117 -26.628256 -8.178788
v 13.163937 -26.628258 -6.730721
v 11.629177 -26.628256 -8.265473
v 12.930531 -26.628254 -10.030972
v 9.384518 -26.628254 -10.510142
v 9.069641 -26.628254 -10.195265
v 7.053162 -26.628254 -12.211741
v 10.917896 -26.628254 -12.043523
v 15.472870 -26.628252 -13.149624
v 7.139843 -26.628252 -12.754811
v 5.036686 -26.628252 -14.228220
v 4.895172 -26.628252 -14.999478
v 8.373150 -26.628252 -14.588273
v 6.664494 -26.628250 -16.296923
v 10.021133 -26.628248 -18.701624
v 11.491798 -26.628250 -17.230959
v 14.566483 -26.628246 -21.727694
v 13.798561 -26.628252 -14.924191
v 18.749462 -26.628250 -17.315157
v 15.657330 -26.628246 -20.636852
v 16.385662 -26.628246 -22.904306
v 17.584278 -26.628248 -18.709904
v 17.733913 -26.628246 -21.556049
v 21.833355 -26.628242 -26.557552
v 20.430416 -26.628248 -18.859545
v 21.778675 -26.628250 -17.511290
v 25.431923 -26.628246 -22.958982
v 22.732990 -26.628244 -25.657911
v 27.845039 -26.628241 -30.314943
v 19.082169 -26.628248 -20.207796
v 24.532272 -26.628244 -23.858625
v 29.189312 -26.628241 -28.970682
v 23.632637 -26.628244 -24.758268
v 28.517181 -26.628241 -29.642817
v 28.839329 -26.628241 -29.964956
v 6.384239 -8.506342 -18.834326
v 6.349487 -8.585039 -14.582185
v 4.435318 -9.092016 -14.813595
v 8.090183 -7.902292 -18.025402
v 8.140644 -7.712263 -13.913095
v 10.632256 -5.570591 -16.730103
v 8.160923 -7.033648 -13.601021
v 10.036358 -7.009613 -16.903004
v 11.301266 -5.899769 -18.335962
v 11.113934 -7.642698 -21.071022
v 14.300415 -2.190211 -25.594057
v 9.669212 -8.756760 -22.311876
v 8.107010 -9.581886 -23.110914
v 11.782265 -5.272392 -28.266588
v 13.599808 -3.656826 -26.591042
v 12.882977 -4.662691 -27.435631
v 13.811913 -2.900334 -29.214645
v 13.014309 -3.152077 -29.744013
v 14.246365 -1.031763 -31.221447
v 14.170322 -2.397406 -28.792351
v 14.735893 0.273411 -31.270624
v 14.613918 -1.423247 -27.367136
v 15.165321 1.588856 -31.252245
v 14.659172 -0.727289 -26.540602
v -12.189640 -26.628256 -8.178788
v -14.206123 -26.628258 -6.162308
v -14.267462 -26.628258 -6.730721
v -12.732704 -26.628256 -8.265473
v -14.034060 -26.628254 -10.030972
v -10.488041 -26.628254 -10.510142
v -10.173166 -26.628254 -10.195265
v -8.156687 -26.628254 -12.211741
v -12.021420 -26.628254 -12.043523
v -16.576401 -26.628252 -13.149624
v -8.243366 -26.628252 -12.754811
v -6.140213 -26.628252 -14.228220
v -5.998699 -26.628252 -14.999478
v -9.476673 -26.628252 -14.588273
v -7.768019 -26.628250 -16.296923
v -11.124659 -26.628248 -18.701624
v -12.595324 -26.628250 -17.230959
v -15.670012 -26.628246 -21.727694
v -14.902092 -26.628252 -14.924191
v -19.852982 -26.628250 -17.315157
v -16.760853 -26.628246 -20.636852
v -17.489182 -26.628246 -22.904306
v -18.687805 -26.628248 -18.709904
v -18.837439 -26.628246 -21.556049
v -22.936876 -26.628242 -26.557552
v -21.533943 -26.628248 -18.859545
v -22.882200 -26.628250 -17.511290
v -26.535442 -26.628246 -22.958982
v -20.185696 -26.628248 -20.207796
v -23.836519 -26.628244 -25.657911
v -28.948570 -26.628241 -30.314943
v -25.635799 -26.628244 -23.858625
v -30.292839 -26.628241 -28.970682
v -24.736162 -26.628244 -24.758268
v -29.620708 -26.628241 -29.642817
v -29.942850 -26.628241 -29.964956
v -7.453016 -8.585039 -14.582185
v -7.487762 -8.506342 -18.834326
v -5.538843 -9.092016 -14.813595
v -9.193714 -7.902292 -18.025402
v -9.244167 -7.712263 -13.913095
v -11.735775 -5.570591 -16.730103
v -9.264450 -7.033648 -13.601021
v -11.139881 -7.009613 -16.903004
v -12.404787 -5.899769 -18.335962
v -12.217461 -7.642698 -21.071022
v -15.403940 -2.190211 -25.594057
v -10.772738 -8.756760 -22.311876
v -9.210531 -9.581886 -23.110914
v -12.885788 -5.272392 -28.266588
v -14.703333 -3.656826 -26.591042
v -13.986496 -4.662691 -27.435631
v -14.915434 -2.900334 -29.214645
v -14.117836 -3.152077 -29.744013
v -15.349884 -1.031763 -31.221447
v -15.273849 -2.397406 -28.792351
v -15.839420 0.273411 -31.270624
v -15.717449 -1.423247 -27.367136
v -16.268845 1.588856 -31.252245
v -15.762695 -0.727289 -26.540602
v 3.824944 20.340479 22.605789
v 4.548607 24.845858 19.876085
v 4.408081 25.210016 20.725145
v 3.944592 19.860399 21.837568
v 4.689137 24.481699 19.027023
v 3.216377 15.680616 23.442677
v 2.971607 15.714434 24.399271
v 3.283882 7.287912 21.022139
v 4.064240 19.380335 21.069345
v 4.876507 23.996157 17.894934
v 3.461136 15.646791 22.486078
v 3.527042 7.831072 20.315784
v 3.777252 4.051836 16.950006
v 4.458035 -6.919706 12.721510
v 4.672428 -6.241703 11.931430
v 4.047787 4.714689 16.302694
v 4.886829 -5.563696 11.141357
v 3.770206 8.374235 19.609419
v 4.318317 5.377539 15.655386
v 5.172695 -4.659683 10.087917
v 3.787498 15.601698 21.210609
v 4.094418 9.098436 18.667604
v 4.679028 6.261351 14.792307
v 5.387093 -3.981684 9.297838
v 4.223774 18.740240 20.045055
v 5.017036 23.631998 17.045876
v 4.032265 15.567869 20.254013
v 4.343422 18.260157 19.276831
v 5.157562 23.267847 16.196810
v 4.463070 17.780092 18.508614
v 4.277031 15.534040 19.297415
v 4.337574 9.641596 17.961237
v 4.580734 10.184759 17.254875
v 4.949558 6.924204 14.144991
v 5.220089 7.587065 13.497683
v 5.601494 -3.303679 8.507760
v -5.652130 24.845858 19.876085
v -4.928684 20.340479 22.605789
v -5.511734 25.210016 20.725145
v -5.048113 19.860399 21.837568
v -5.792662 24.481699 19.027023
v -4.319899 15.680616 23.442677
v -4.075125 15.714434 24.399271
v -4.387398 7.287912 21.022139
v -5.167759 19.380335 21.069345
v -5.980032 23.996157 17.894934
v -4.564663 15.646791 22.486078
v -4.630564 7.831072 20.315784
v -4.880770 4.051836 16.950006
v -5.327295 18.740240 20.045055
v -6.120560 23.631998 17.045876
v -5.562740 -6.919706 12.721510
v -5.775957 -6.241703 11.931430
v -5.446945 18.260157 19.276831
v -6.261086 23.267847 16.196810
v -5.566593 17.780092 18.508614
v -5.380554 15.534040 19.297415
v -5.151308 4.714689 16.302694
v -5.990353 -5.563696 11.141357
v -4.873726 8.374235 19.609419
v -5.421843 5.377539 15.655386
v -6.276218 -4.659683 10.087917
v -4.891016 15.601698 21.210609
v -5.197939 9.098436 18.667604
v -5.782549 6.261351 14.792307
v -6.490616 -3.981684 9.297838
v -5.135786 15.567869 20.254013
v -5.441097 9.641596 17.961237
v -5.684259 10.184759 17.254875
v -6.053082 6.924204 14.144991
v -6.323616 7.587065 13.497683
v -6.705019 -3.303679 8.507760
v -8.133408 -17.980249 18.328943
v -7.968328 -20.901426 14.119314
v -9.784761 -21.159559 19.784883
v -6.667723 -20.259418 31.457850
v -10.631634 -24.095253 20.234713
v -7.904570 -22.419641 31.699221
v -5.732714 -24.044188 35.454269
v -8.644386 -24.095263 31.909159
v 7.029884 -17.980249 18.328943
v 8.681236 -21.159559 19.784883
v 6.864803 -20.901426 14.119314
v 5.564198 -20.259418 31.457850
v 9.528107 -24.095253 20.234713
v 6.801044 -22.419641 31.699221
v 4.629189 -24.044188 35.454269
v 7.540863 -24.095263 31.909159
v 14.614933 -22.187033 -7.879864
v 11.517513 -21.980532 -6.319411
v 15.363255 -24.535589 -7.576853
v 13.669044 -19.643587 -8.335194
v 17.915241 -24.535585 -10.807517
v 17.638508 -22.787973 -11.084260
v 17.188347 -20.648367 -11.989132
v 20.607689 -24.535583 -14.840273
v 20.189903 -23.195086 -15.050232
v 19.545677 -21.466909 -15.455511
v 21.127117 -24.494722 -17.830339
v -15.718452 -22.187033 -7.879864
v -16.466776 -24.535589 -7.576853
v -12.621038 -21.980532 -6.319411
v -14.772568 -19.643587 -8.335194
v -19.018763 -24.535585 -10.807517
v -18.742031 -22.787973 -11.084260
v -18.291866 -20.648367 -11.989132
v -21.711212 -24.535583 -14.840273
v -21.293423 -23.195086 -15.050232
v -20.649200 -21.466909 -15.455511
v -22.230637 -24.494722 -17.830339
v 5.758327 -4.340759 -12.583230
v 5.424828 -6.227175 -11.644537
v 7.206993 -5.452288 -13.089632
v 4.336533 -3.808172 -12.405092
v 7.141624 -5.861071 -13.226699
v 2.889153 -6.523054 -11.010025
v 3.772205 -3.686955 -12.665044
v 1.970215 -6.584137 -10.879034
v 5.349373 -6.987597 -12.041445
v 7.107624 -6.894358 -13.700189
v 7.095757 -7.544403 -14.000396
v 2.909763 -7.304113 -11.362684
v 1.990822 -7.365192 -11.231687
v 5.273945 -7.885464 -12.502436
v 5.762676 -8.302774 -14.394589
v 4.434574 -8.679924 -14.621845
v 2.930382 -8.222614 -11.779425
v 2.011436 -8.283697 -11.648435
v 3.772205 -8.537647 -14.926959
v -6.861849 -4.340759 -12.583230
v -8.310518 -5.452288 -13.089632
v -6.528351 -6.227175 -11.644537
v -5.440058 -3.808172 -12.405092
v -8.245150 -5.861071 -13.226699
v -3.992678 -6.523054 -11.010025
v -4.875729 -3.686955 -12.665044
v -3.073736 -6.584137 -10.879034
v -6.452896 -6.987597 -12.041445
v -8.211151 -6.894358 -13.700189
v -8.199280 -7.544403 -14.000396
v -4.013287 -7.304113 -11.362684
v -3.094343 -7.365192 -11.231687
v -6.377468 -7.885464 -12.502436
v -6.866199 -8.302774 -14.394589
v -5.538099 -8.679924 -14.621845
v -4.033907 -8.222614 -11.779425
v -3.114962 -8.283697 -11.648435
v -4.875729 -8.537647 -14.926959
v -1.804331 -9.248476 25.467064
v -0.551762 -7.345566 22.070677
v -1.804331 -7.700716 22.070677
v -2.657957 -9.464329 22.070671
v -0.551762 -8.854816 25.919777
v -2.657957 -10.712465 24.886488
v -2.982475 -11.277313 22.070675
v -2.982475 -12.084170 24.391521
v -1.804331 -11.034468 28.159502
v -0.551762 -10.699081 28.617292
v -0.551762 -13.024854 30.715391
v -2.657957 -12.330880 27.012585
v -2.982475 -13.261294 26.269339
v -2.982475 -14.769156 28.212349
v -2.657957 -14.147528 29.094847
v -2.982475 -16.821329 29.527784
v -2.657957 -16.821327 30.431578
v -1.804331 -13.353590 30.158617
v -1.804331 -16.821321 31.592031
v -0.551762 -16.821321 32.085648
v -0.551762 -7.345566 22.070677
v 0.700806 -9.248476 25.467064
v 0.700806 -7.700716 22.070677
v -0.551762 -8.854816 25.919777
v 1.554432 -9.464329 22.070671
v 0.700806 -11.034468 28.159502
v -0.551762 -10.699081 28.617292
v 1.554432 -10.712465 24.886488
v 1.878952 -11.277313 22.070675
v -0.551762 -13.024854 30.715391
v 1.878952 -12.084170 24.391521
v 1.554432 -12.330880 27.012585
v 1.878952 -13.261294 26.269339
v 1.878952 -14.769156 28.212349
v 1.554432 -14.147528 29.094847
v 1.878952 -16.821329 29.527784
v 1.554432 -16.821327 30.431578
v 0.700806 -13.353590 30.158617
v 0.700806 -16.821321 31.592031
v -0.551762 -16.821321 32.085648
v 0.631153 -6.749958 -5.767574
v 1.317417 -6.749956 -6.730177
v 1.317417 -4.259737 -7.397430
v 1.317425 -9.240183 -7.397433
v 0.631153 -3.778431 -6.563790
v 0.631153 -9.721487 -6.563794
v 1.317425 -2.436762 -9.220400
v 1.317425 -11.063154 -9.220406
v 0.631153 -1.603123 -8.739098
v 0.631153 -11.896793 -8.739104
v 0.631153 -0.806904 -11.710623
v 0.631153 -12.693007 -11.710631
v 1.317425 -1.769507 -11.710623
v 1.317425 -11.730406 -11.710630
v 1.317425 -2.436760 -14.200847
v 1.317425 -11.063150 -14.200852
v 0.631153 -1.603117 -14.682146
v 0.631153 -11.896790 -14.682155
v 0.631153 -3.778422 -16.857456
v 0.631153 -9.721481 -16.857462
v 1.317417 -4.259729 -16.023819
v 1.317425 -9.240179 -16.023821
v 0.631153 -6.749949 -17.653679
v 1.317417 -6.749949 -16.691076
v 10.181271 -13.810245 -4.637152
v 8.610294 -13.279864 -3.718491
v 10.181271 -15.582118 -2.865286
v 10.181271 -11.389827 -5.285699
v 8.610294 -14.663452 -2.334896
v 8.610294 -11.389822 -4.224922
v 10.181271 -16.230667 -0.444868
v 8.610294 -9.499805 -3.718489
v 8.610294 -15.169888 -0.444871
v 10.181271 -8.969412 -4.637149
v 8.610294 -14.663457 1.445161
v 10.181271 -7.197548 -2.865279
v 10.181271 -15.582120 1.975546
v 8.610294 -8.116207 -2.334891
v 8.610294 -13.279872 2.828755
v 10.181271 -6.549000 -0.444864
v 10.181271 -13.810254 3.747417
v 8.610294 -7.609776 -0.444864
v 10.181271 -11.389833 4.395966
v 8.610294 -8.116205 1.445163
v 8.610294 -11.389836 3.335190
v 10.181271 -7.197548 1.975551
v 8.610294 -9.499811 2.828758
v 10.181271 -8.969418 3.747419
v -9.413898 -5.415470 -3.894161
v -11.284796 -7.197548 -2.865279
v -11.284796 -6.549000 -0.444864
v -11.284796 -8.969412 -4.637149
v -9.413898 -4.491234 -0.444862
v -9.413898 -7.940525 -6.419225
v -11.284796 -7.197548 1.975551
v -9.413898 -11.389826 -7.343465
v -9.413898 -5.415476 3.004437
v -11.284796 -11.389827 -5.285699
v -11.284796 -8.969418 3.747419
v -11.284796 -13.810245 -4.637152
v -9.413898 -7.940535 5.529498
v -9.413898 -14.839128 -6.419230
v -9.413898 -11.389835 6.453733
v -11.284796 -15.582118 -2.865286
v -11.284796 -11.389833 4.395966
v -9.413898 -17.364191 -3.894170
v -11.284796 -13.810254 3.747417
v -9.413898 -18.288431 -0.444871
v -9.413898 -14.839136 5.529494
v -11.284796 -16.230667 -0.444868
v -9.413898 -17.364195 3.004429
v -11.284796 -15.582120 1.975546
v 10.181271 -13.810245 -4.637152
v 8.310371 -11.389826 -7.343465
v 10.181271 -11.389827 -5.285699
v 10.181271 -8.969412 -4.637149
v 8.310371 -14.839128 -6.419230
v 8.310371 -7.940525 -6.419225
v 10.181271 -15.582118 -2.865286
v 8.310371 -5.415470 -3.894161
v 8.310371 -17.364191 -3.894170
v 10.181271 -7.197548 -2.865279
v 8.310371 -18.288431 -0.444871
v 10.181271 -6.549000 -0.444864
v 10.181271 -16.230667 -0.444868
v 8.310371 -4.491234 -0.444862
v 10.181271 -15.582120 1.975546
v 10.181271 -7.197548 1.975551
v 8.310371 -17.364195 3.004429
v 8.310371 -5.415476 3.004437
v 10.181271 -13.810254 3.747417
v 10.181271 -8.969418 3.747419
v 8.310371 -14.839136 5.529494
v 8.310371 -7.940535 5.529498
v 8.310371 -11.389835 6.453733
v 10.181271 -11.389833 4.395966
v 6.580185 -4.491234 -0.444862
v 5.632290 -3.789622 3.943123
v 6.580185 -5.415476 3.004437
v 6.580185 -7.940535 5.529498
v 5.632290 -2.613859 -0.444864
v 5.632290 -7.001852 7.155349
v 6.580185 -5.415470 -3.894161
v 6.580185 -11.389835 6.453733
v 5.632290 -3.789616 -4.832845
v 5.632290 -11.389836 8.331103
v 6.580185 -7.940525 -6.419225
v 5.632290 -15.777822 7.155343
v 5.632290 -7.001844 -8.045076
v 6.580185 -14.839136 5.529494
v 6.580185 -11.389826 -7.343465
v 5.632290 -18.990047 3.943112
v 5.632290 -11.389823 -9.220835
v 6.580185 -17.364195 3.004429
v 6.580185 -14.839128 -6.419230
v 6.580185 -18.288431 -0.444871
v 5.632290 -15.777812 -8.045081
v 5.632290 -20.165800 -0.444873
v 5.632290 -18.990042 -4.832856
v 6.580185 -17.364191 -3.894170
v 4.078564 -7.001852 7.155349
v 2.665939 -11.389838 10.373905
v 4.078564 -11.389836 8.331103
v 4.078564 -15.777822 7.155343
v 2.665939 -5.980450 8.924468
v 2.665939 -16.799225 8.924459
v 4.078564 -3.789622 3.943123
v 4.078564 -18.990047 3.943112
v 2.665939 -2.020504 4.964525
v 2.665939 -20.759169 4.964514
v 4.078564 -2.613859 -0.444864
v 2.665939 -22.208601 -0.444874
v 2.665939 -0.571057 -0.444862
v 4.078564 -20.165800 -0.444873
v 4.078564 -3.789616 -4.832845
v 4.078564 -18.990042 -4.832856
v 2.665939 -2.020499 -5.854249
v 2.665939 -20.759159 -5.854259
v 4.078560 -7.001844 -8.045076
v 2.665939 -16.799212 -9.814200
v 2.665939 -5.980436 -9.814194
v 4.078564 -15.777812 -8.045081
v 2.665939 -11.389822 -11.263638
v 4.078564 -11.389823 -9.220835
v -1.734676 -3.778422 -16.857456
v -2.420948 -2.436760 -14.200847
v -1.734676 -1.603117 -14.682146
v -1.734676 -0.806904 -11.710623
v -2.420942 -4.259729 -16.023819
v -2.420948 -1.769507 -11.710623
v -1.734676 -6.749949 -17.653679
v -2.420948 -2.436762 -9.220400
v -2.420942 -6.749949 -16.691076
v -1.734676 -1.603123 -8.739098
v -2.420948 -9.240179 -16.023821
v -1.734676 -3.778431 -6.563790
v -1.734676 -9.721481 -16.857462
v -2.420942 -4.259737 -7.397430
v -2.420948 -11.063150 -14.200852
v -1.734676 -6.749958 -5.767574
v -1.734676 -11.896790 -14.682155
v -2.420942 -6.749956 -6.730177
v -1.734676 -12.693007 -11.710631
v -2.420948 -9.240183 -7.397433
v -2.420948 -11.730406 -11.710630
v -1.734676 -9.721487 -6.563794
v -2.420948 -11.063154 -9.220406
v -1.734676 -11.896793 -8.739104
v -9.713820 -9.499805 -3.718489
v -11.284796 -7.197548 -2.865279
v -11.284796 -8.969412 -4.637149
v -11.284796 -11.389827 -5.285699
v -9.713820 -8.116207 -2.334891
v -9.713820 -11.389822 -4.224922
v -11.284796 -6.549000 -0.444864
v -9.713820 -13.279864 -3.718491
v -9.713820 -7.609776 -0.444864
v -11.284796 -13.810245 -4.637152
v -9.713820 -8.116205 1.445163
v -11.284796 -15.582118 -2.865286
v -11.284796 -7.197548 1.975551
v -9.713820 -14.663452 -2.334896
v -11.284796 -8.969418 3.747419
v -11.284796 -16.230667 -0.444868
v -9.713820 -9.499811 2.828758
v -9.713820 -15.169888 -0.444871
v -11.284796 -11.389833 4.395966
v -9.713820 -14.663457 1.445161
v -9.713820 -11.389836 3.335190
v -11.284796 -15.582120 1.975546
v -9.713820 -13.279872 2.828755
v -11.284796 -13.810254 3.747417
v -6.735817 -3.789622 3.943123
v -7.683708 -4.491234 -0.444862
v -7.683708 -5.415476 3.004437
v -7.683708 -7.940535 5.529498
v -6.735817 -2.613859 -0.444864
v -6.735817 -7.001852 7.155349
v -7.683708 -5.415470 -3.894161
v -7.683708 -11.389835 6.453733
v -6.735817 -3.789616 -4.832845
v -6.735817 -11.389836 8.331103
v -7.683708 -7.940525 -6.419225
v -6.735817 -15.777822 7.155343
v -6.735817 -7.001844 -8.045076
v -7.683708 -14.839136 5.529494
v -7.683708 -11.389826 -7.343465
v -6.735817 -18.990047 3.943112
v -6.735817 -11.389823 -9.220835
v -7.683708 -17.364195 3.004429
v -7.683708 -14.839128 -6.419230
v -7.683708 -18.288431 -0.444871
v -6.735817 -15.777812 -8.045081
v -6.735817 -20.165800 -0.444873
v -6.735817 -18.990042 -4.832856
v -7.683708 -17.364191 -3.894170
v -3.769461 -11.389838 10.373905
v -5.182087 -7.001852 7.155349
v -5.182087 -11.389836 8.331103
v -5.182087 -15.777822 7.155343
v -3.769461 -5.980450 8.924468
v -3.769461 -16.799225 8.924459
v -5.182087 -3.789622 3.943123
v -5.182087 -18.990047 3.943112
v -3.769461 -2.020504 4.964525
v -3.769461 -20.759169 4.964514
v -5.182087 -2.613859 -0.444864
v -3.769461 -22.208601 -0.444874
v -3.769461 -0.571057 -0.444862
v -5.182087 -20.165800 -0.444873
v -5.182087 -3.789616 -4.832845
v -5.182087 -18.990042 -4.832856
v -3.769461 -2.020499 -5.854249
v -3.769461 -20.759159 -5.854259
v -5.182083 -7.001844 -8.045076
v -3.769461 -16.799212 -9.814200
v -3.769461 -5.980436 -9.814194
v -5.182087 -15.777812 -8.045081
v -3.769461 -11.389822 -11.263638
v -5.182087 -11.389823 -9.220835
v 2.339493 -4.259729 -16.023821
v 2.339497 -2.436762 -14.200848
v 2.339493 -6.749952 -11.710627
v 2.339493 -6.749949 -16.691076
v 2.339497 -1.769507 -11.710623
v 2.339497 -9.240177 -16.023821
v 2.339497 -2.436764 -9.220400
v 2.339497 -11.063150 -14.200852
v 2.339493 -4.259737 -7.397429
v 2.339497 -11.730406 -11.710630
v 2.339493 -6.749956 -6.730177
v 2.339497 -11.063158 -9.220406
v 2.339497 -9.240183 -7.397433
v 8.610294 -9.499805 -3.718489
v 8.610294 -8.116207 -2.334891
v 8.232563 -11.389832 -0.444867
v 8.610294 -11.389822 -4.224922
v 8.610294 -7.609776 -0.444864
v 8.610294 -13.279864 -3.718491
v 8.610294 -8.116205 1.445163
v 8.610294 -14.663452 -2.334896
v 8.610294 -9.499811 2.828758
v 8.610294 -15.169888 -0.444871
v 8.610294 -11.389836 3.335190
v 8.610294 -14.663457 1.445161
v 8.610294 -13.279872 2.828755
v -3.443018 -4.259729 -16.023821
v -3.443018 -6.749952 -11.710627
v -3.443020 -2.436762 -14.200848
v -3.443018 -6.749949 -16.691076
v -3.443020 -1.769507 -11.710623
v -3.443020 -9.240177 -16.023821
v -3.443020 -2.436764 -9.220400
v -3.443020 -11.063150 -14.200852
v -3.443018 -4.259737 -7.397429
v -3.443020 -11.730406 -11.710630
v -3.443018 -6.749956 -6.730177
v -3.443020 -11.063158 -9.220406
v -3.443020 -9.240183 -7.397433
v -9.713820 -9.499805 -3.718489
v -9.336086 -11.389832 -0.444867
v -9.713820 -8.116207 -2.334891
v -9.713820 -11.389822 -4.224922
v -9.713820 -7.609776 -0.444864
v -9.713820 -13.279864 -3.718491
v -9.713820 -8.116205 1.445163
v -9.713820 -14.663452 -2.334896
v -9.713820 -9.499811 2.828758
v -9.713820 -15.169888 -0.444871
v -9.713820 -11.389836 3.335190
v -9.713820 -14.663457 1.445161
v -9.713820 -13.279872 2.828755
vn -0.0000 0.9612 -0.2758
vn -0.0000 0.9985 0.0553
vn -0.0000 0.9985 0.0554
vn -0.0000 0.9985 0.0551
vn -0.0628 0.9965 0.0549
vn 0.0628 0.9965 0.0549
vn -0.0000 0.9985 0.0552
vn -0.3625 -0.8586 -0.3625
vn -0.4174 -0.8189 -0.3938
vn -0.4174 -0.8190 -0.3938
vn -0.5501 -0.7938 -0.2594
vn -0.5424 -0.8016 -0.2515
vn 0.3622 -0.8588 0.3622
vn 0.3623 -0.8588 0.3623
vn 0.3937 -0.8190 0.4174
vn 0.2594 -0.7938 0.5502
vn 0.2594 -0.7938 0.5501
vn 0.2515 -0.8017 0.5423
vn 0.2515 -0.8017 0.5422
vn -0.0000 -1.0000 -0.0000
vn -0.1808 -0.9668 0.1808
vn -0.1021 0.7228 -0.6835
vn -0.1022 0.7228 -0.6835
vn -0.1022 0.7227 -0.6835
vn 0.3796 0.8540 -0.3558
vn -0.3998 0.8937 -0.2038
vn -0.3866 0.9073 -0.1657
vn -0.9360 -0.3068 0.1727
vn -0.9360 -0.3067 0.1729
vn -0.9359 -0.3067 0.1729
vn -0.9153 -0.3314 0.2288
vn 0.5349 0.3461 0.7708
vn 0.5370 0.5212 0.6633
vn 0.6088 0.3953 0.6878
vn 0.6087 0.3954 0.6879
vn 0.5592 0.5198 0.6458
vn 0.7717 0.3307 0.5433
vn 0.7386 0.4007 0.5422
vn -0.2199 0.9504 0.2199
vn 0.0471 0.9978 -0.0471
vn 0.0079 0.9975 -0.0707
vn 0.0079 0.9975 -0.0706
vn 0.0078 0.9975 -0.0707
vn 0.3548 0.8514 -0.3863
vn 0.5849 0.7904 0.1819
vn 0.5133 0.3713 0.7738
vn 0.4247 0.3539 0.8333
vn 0.5347 0.5976 0.5975
vn 0.1657 0.9073 0.3866
vn 0.2038 0.8937 0.3998
vn 0.2038 0.8936 0.3998
vn -0.2288 -0.3314 0.9153
vn -0.1729 -0.3067 0.9359
vn -0.1729 -0.3067 0.9360
vn -0.6633 0.5212 -0.5370
vn -0.7708 0.3461 -0.5348
vn -0.6878 0.3953 -0.6088
vn -0.6458 0.5198 -0.5592
vn -0.5433 0.3307 -0.7717
vn -0.5421 0.4007 -0.7386
vn -0.2200 0.9504 0.2200
vn 0.0707 0.9975 -0.0078
vn 0.0472 0.9978 -0.0472
vn 0.6945 0.2604 0.6707
vn 0.7065 0.2355 0.6673
vn 0.7066 0.2355 0.6672
vn 0.6614 0.3228 0.6770
vn 0.6615 0.3228 0.6770
vn 0.7007 0.2676 0.6614
vn 0.6062 0.2913 0.7400
vn 0.1883 0.9572 -0.2197
vn 0.1884 0.9572 -0.2197
vn 0.1415 0.9747 -0.1729
vn -0.6673 0.2355 -0.7066
vn -0.6707 0.2604 -0.6945
vn -0.6613 0.2677 -0.7007
vn -0.6614 0.2676 -0.7007
vn -0.6771 0.3228 -0.6614
vn -0.7400 0.2913 -0.6062
vn 0.2197 0.9572 -0.1883
vn 0.2197 0.9572 -0.1882
vn 0.0314 0.9995 -0.0002
vn 0.0314 0.9995 -0.0000
vn 0.0315 0.9995 -0.0000
vn 0.1729 0.9748 -0.1413
vn 0.1729 0.9748 -0.1412
vn 0.2125 -0.4958 0.8420
vn 0.2125 -0.4959 0.8420
vn 0.1261 -0.7015 0.7015
vn 0.1261 -0.7015 0.7014
vn -0.8993 -0.4338 0.0552
vn -0.8779 -0.4746 0.0632
vn -0.1570 -0.5185 0.8406
vn -0.8495 -0.5191 -0.0943
vn 0.6845 -0.5271 0.5036
vn 0.6845 -0.5271 0.5037
vn 0.7718 -0.6300 -0.0866
vn 0.8604 -0.4894 -0.1421
vn -0.0471 -0.6364 -0.7699
vn -0.0158 -0.4660 -0.8846
vn -0.0157 -0.4661 -0.8846
vn 0.7008 -0.5275 0.4803
vn 0.7008 -0.5274 0.4804
vn 0.7007 -0.5275 0.4803
vn -0.6747 -0.5100 -0.5335
vn -0.6748 -0.5100 -0.5335
vn -0.1335 -0.4083 0.9030
vn -0.1416 -0.4012 0.9050
vn -0.0000 0.9052 0.4251
vn 0.0001 0.9052 0.4251
vn 0.2279 0.8645 0.4480
vn 0.2280 0.8644 0.4480
vn 0.0156 -0.8943 -0.4472
vn 0.2277 -0.8875 -0.4006
vn 0.2278 -0.8875 -0.4005
vn 0.0473 0.5357 0.8431
vn -0.1180 0.5270 0.8416
vn 0.0157 -0.9819 0.1885
vn -0.1020 -0.9887 0.1101
vn -0.1020 -0.9887 0.1100
vn 0.1024 0.8666 0.4884
vn 0.1183 -0.9147 -0.3864
vn 0.1260 -0.9138 -0.3860
vn 0.1260 -0.9138 -0.3861
vn 0.3459 0.9356 -0.0708
vn 0.3794 0.9247 -0.0316
vn 0.4027 -0.5132 -0.7580
vn 0.3628 -0.5206 -0.7729
vn 0.3628 -0.5207 -0.7728
vn 0.1024 0.8666 0.4883
vn 0.0946 -0.9302 -0.3547
vn 0.1023 -0.9295 -0.3545
vn 0.1024 -0.9295 -0.3544
vn 0.1024 -0.9295 -0.3545
vn -0.1105 -0.9708 -0.2131
vn -0.1498 -0.9539 -0.2602
vn 0.9916 -0.0790 0.1023
vn 0.9916 -0.0790 0.1022
vn 0.9916 -0.0789 0.1023
vn 0.0629 0.8572 0.5112
vn 0.0630 0.8572 0.5111
vn 0.1022 0.8337 0.5427
vn -0.4545 -0.3763 0.8074
vn -0.4544 -0.3763 0.8074
vn -0.4547 -0.3762 0.8073
vn -0.4546 -0.3762 0.8073
vn -0.1892 0.6621 0.7251
vn -0.1892 0.6621 0.7252
vn -0.0710 0.8360 0.5442
vn -0.0710 0.8360 0.5441
vn 0.3154 0.9148 -0.2523
vn 0.3154 0.9148 -0.2524
vn -0.2680 -0.9540 0.1340
vn -0.2679 -0.9541 0.1339
vn -0.2679 -0.9541 0.1340
vn -0.1178 -0.9735 -0.1963
vn -0.1177 -0.9734 -0.1963
vn 0.4493 0.2443 -0.8593
vn 0.4493 0.2444 -0.8593
vn 0.4494 0.2444 -0.8593
vn -0.8461 0.1897 -0.4982
vn -0.8441 0.2367 -0.4812
vn -0.8441 0.2366 -0.4812
vn -0.8494 0.2201 -0.4796
vn -0.8494 0.2202 -0.4797
vn -0.8470 0.1961 -0.4941
vn -0.8470 0.1960 -0.4942
vn -0.8920 0.1895 -0.4105
vn -0.6295 0.6453 0.4328
vn -0.6295 0.6453 0.4329
vn -0.6352 0.6511 0.4153
vn -0.8740 -0.2205 0.4331
vn -0.8725 -0.2122 0.4402
vn -0.6066 -0.7485 -0.2679
vn -0.5993 -0.7570 -0.2602
vn -0.8690 -0.2213 0.4425
vn -0.8691 -0.2212 0.4424
vn -0.3467 0.9377 0.0236
vn -0.3468 0.9378 0.0158
vn -0.3316 -0.6008 -0.7273
vn -0.3318 -0.6008 -0.7273
vn -0.3215 -0.6039 -0.7294
vn -0.6362 -0.6283 -0.4477
vn -0.6362 -0.6284 -0.4477
vn -0.5116 -0.7792 -0.3621
vn -0.9155 -0.1736 0.3630
vn -0.6230 0.7570 0.1971
vn -0.5041 0.7876 0.3544
vn -0.1885 0.0157 -0.9819
vn -0.2685 -0.0158 -0.9632
vn -0.4342 -0.4341 -0.7894
vn -0.4341 -0.4341 -0.7893
vn -0.1885 -0.4948 -0.8483
vn -0.5761 0.8128 0.0868
vn -0.5178 0.8474 0.1177
vn -0.1577 0.5836 -0.7966
vn -0.2203 0.5429 -0.8104
vn -0.2204 0.5431 -0.8102
vn 0.1025 0.8990 0.4258
vn 0.1025 0.8991 0.4257
vn -0.0158 0.8897 0.4563
vn -0.0157 0.8895 0.4566
vn 0.1571 0.8405 -0.5185
vn -0.7342 0.6711 -0.1027
vn -0.8557 0.4788 -0.1962
vn -0.7564 0.6540 0.0079
vn -0.9567 0.2902 -0.0235
vn 0.8113 0.1418 -0.5672
vn 0.8013 0.1414 -0.5813
vn -0.9398 0.3395 0.0394
vn -0.9287 0.3702 0.0238
vn -0.9287 0.3700 0.0237
vn -0.9258 0.3766 0.0314
vn -0.8928 0.4503 -0.0079
vn -0.8928 0.4504 -0.0079
vn -0.9019 0.4157 -0.1176
vn -0.9019 0.4156 -0.1177
vn 0.5112 -0.4247 -0.7472
vn 0.4638 -0.3931 -0.7939
vn 0.4638 -0.3931 -0.7940
vn -0.0000 0.5602 -0.8284
vn -0.0000 0.5601 -0.8284
vn -0.8898 -0.2676 -0.3697
vn -0.8897 -0.2677 -0.3700
vn -0.8898 -0.2676 -0.3696
vn -0.6789 -0.3157 -0.6629
vn -0.6788 -0.3157 -0.6630
vn 0.2920 0.8523 -0.4340
vn 0.2919 0.8523 -0.4341
vn 0.4272 0.7437 -0.5142
vn 0.4272 0.7436 -0.5143
vn 0.8594 -0.1734 -0.4809
vn 0.8594 -0.1735 -0.4810
vn 0.5278 -0.7644 -0.3703
vn 0.5279 -0.7643 -0.3703
vn 0.6228 -0.7647 0.1656
vn 0.6227 -0.7647 0.1656
vn 0.5604 -0.7656 -0.3157
vn 0.5604 -0.7657 -0.3157
vn 0.5603 -0.7657 -0.3158
vn 0.5600 -0.7659 -0.3158
vn -0.4816 -0.7658 -0.4263
vn -0.4815 -0.7658 -0.4263
vn -0.4816 -0.7657 -0.4263
vn -0.4814 -0.7658 -0.4264
vn 0.6312 -0.7653 0.1263
vn 0.6312 -0.7653 0.1262
vn -0.6393 -0.7656 -0.0711
vn -0.6393 -0.7657 -0.0711
vn 0.4799 -0.7632 0.4327
vn 0.8748 0.4493 0.1813
vn 0.8748 0.4493 0.1814
vn 0.8299 0.5217 0.1976
vn 0.8299 0.5217 0.1975
vn 0.8497 0.3226 0.4170
vn 0.8498 0.3226 0.4169
vn 0.8729 0.4561 0.1730
vn 0.8729 0.4562 0.1729
vn 0.8349 0.5198 0.1811
vn -0.0079 -0.9999 0.0079
vn -0.0079 -0.9999 -0.0079
vn -0.0078 -1.0000 0.0001
vn -0.0079 -1.0000 -0.0000
vn -0.5028 -0.0000 -0.8644
vn -0.5029 -0.0000 -0.8644
vn 0.8678 -0.0000 0.4969
vn 0.8678 -0.0000 0.4970
vn -0.8643 -0.0000 0.5029
vn -0.8644 -0.0000 0.5029
vn -0.9658 -0.0000 -0.2593
vn -0.0000 1.0000 -0.0000
vn 0.3625 -0.8586 -0.3625
vn 0.4174 -0.8189 -0.3939
vn 0.5424 -0.8016 -0.2515
vn 0.5423 -0.8017 -0.2515
vn 0.5423 -0.8016 -0.2515
vn 0.5501 -0.7938 -0.2593
vn -0.3938 -0.8190 0.4174
vn -0.3939 -0.8189 0.4174
vn -0.3625 -0.8586 0.3625
vn -0.2594 -0.7938 0.5501
vn -0.2515 -0.8016 0.5423
vn -0.2515 -0.8016 0.5424
vn 0.1808 -0.9668 0.1808
vn -0.3796 0.8540 -0.3558
vn 0.1021 0.7228 -0.6835
vn 0.3998 0.8937 -0.2038
vn 0.3998 0.8936 -0.2038
vn 0.3866 0.9073 -0.1657
vn 0.3866 0.9073 -0.1656
vn 0.9360 -0.3067 0.1729
vn 0.9360 -0.3068 0.1727
vn 0.9360 -0.3068 0.1728
vn 0.9154 -0.3313 0.2288
vn -0.5349 0.3461 0.7708
vn -0.5369 0.5212 0.6634
vn -0.5370 0.5212 0.6633
vn -0.5592 0.5198 0.6458
vn -0.6088 0.3953 0.6878
vn -0.6087 0.3953 0.6879
vn -0.7717 0.3307 0.5433
vn -0.7386 0.4007 0.5421
vn 0.2199 0.9504 0.2199
vn -0.0079 0.9975 -0.0707
vn -0.0471 0.9978 -0.0471
vn -0.5849 0.7904 0.1818
vn -0.5849 0.7904 0.1819
vn -0.3547 0.8514 -0.3863
vn -0.3548 0.8514 -0.3863
vn -0.5133 0.3713 0.7737
vn -0.5347 0.5976 0.5975
vn -0.4246 0.3540 0.8333
vn -0.2038 0.8937 0.3998
vn -0.2038 0.8936 0.3998
vn -0.1657 0.9073 0.3866
vn 0.2288 -0.3314 0.9153
vn 0.1727 -0.3068 0.9360
vn 0.1728 -0.3068 0.9360
vn 0.7708 0.3461 -0.5349
vn 0.7707 0.3461 -0.5350
vn 0.6633 0.5212 -0.5370
vn 0.6878 0.3953 -0.6088
vn 0.6879 0.3954 -0.6087
vn 0.6879 0.3953 -0.6087
vn 0.6458 0.5198 -0.5592
vn 0.6458 0.5197 -0.5593
vn 0.5433 0.3307 -0.7717
vn 0.5422 0.4007 -0.7386
vn 0.2200 0.9504 0.2200
vn -0.0706 0.9975 -0.0079
vn -0.6945 0.2604 0.6707
vn -0.6944 0.2604 0.6708
vn -0.7067 0.2355 0.6672
vn -0.7066 0.2355 0.6672
vn -0.6614 0.3228 0.6770
vn -0.7007 0.2677 0.6613
vn -0.6061 0.2914 0.7401
vn -0.6062 0.2913 0.7400
vn -0.1884 0.9572 -0.2197
vn -0.1883 0.9572 -0.2197
vn -0.1413 0.9747 -0.1729
vn 0.6672 0.2355 -0.7066
vn 0.6707 0.2604 -0.6945
vn 0.6613 0.2677 -0.7007
vn 0.6771 0.3228 -0.6614
vn 0.7401 0.2914 -0.6061
vn 0.7400 0.2913 -0.6062
vn -0.2197 0.9572 -0.1883
vn -0.2197 0.9572 -0.1884
vn -0.0314 0.9995 -0.0001
vn -0.0314 0.9995 -0.0000
vn -0.0315 0.9995 -0.0000
vn -0.1729 0.9747 -0.1416
vn -0.1729 0.9747 -0.1415
vn -0.2125 -0.4958 0.8420
vn -0.1261 -0.7015 0.7014
vn 0.8993 -0.4338 0.0552
vn 0.8779 -0.4746 0.0633
vn 0.8779 -0.4746 0.0632
vn 0.8779 -0.4747 0.0632
vn 0.1570 -0.5185 0.8406
vn 0.8495 -0.5191 -0.0944
vn 0.8495 -0.5191 -0.0943
vn -0.6845 -0.5270 0.5037
vn -0.6845 -0.5271 0.5037
vn -0.6845 -0.5271 0.5036
vn -0.8604 -0.4894 -0.1421
vn -0.7718 -0.6300 -0.0866
vn 0.0471 -0.6364 -0.7699
vn 0.0157 -0.4661 -0.8846
vn 0.0158 -0.4660 -0.8846
vn 0.0159 -0.4660 -0.8847
vn -0.7007 -0.5276 0.4803
vn -0.7008 -0.5275 0.4803
vn -0.7007 -0.5275 0.4803
vn 0.6747 -0.5100 -0.5335
vn 0.1333 -0.4084 0.9030
vn 0.1334 -0.4084 0.9030
vn 0.1417 -0.4013 0.9049
vn 0.1416 -0.4013 0.9049
vn -0.2279 0.8645 0.4480
vn -0.2280 0.8645 0.4480
vn -0.0000 0.9052 0.4250
vn 0.0001 0.9052 0.4250
vn -0.2277 -0.8875 -0.4006
vn -0.0155 -0.8943 -0.4472
vn -0.0156 -0.8943 -0.4472
vn 0.1180 0.5270 0.8416
vn 0.1179 0.5270 0.8416
vn -0.0473 0.5357 0.8431
vn -0.0474 0.5355 0.8432
vn -0.0157 -0.9819 0.1885
vn 0.1020 -0.9887 0.1098
vn 0.1020 -0.9887 0.1097
vn 0.1020 -0.9887 0.1099
vn -0.1024 0.8666 0.4884
vn -0.1260 -0.9138 -0.3861
vn -0.1260 -0.9138 -0.3860
vn -0.1183 -0.9147 -0.3864
vn -0.1184 -0.9147 -0.3864
vn -0.3793 0.9247 -0.0316
vn -0.3460 0.9356 -0.0707
vn -0.4027 -0.5132 -0.7580
vn -0.3628 -0.5207 -0.7728
vn -0.3628 -0.5206 -0.7729
vn -0.1025 0.8666 0.4884
vn -0.0946 -0.9302 -0.3547
vn -0.1025 -0.9295 -0.3544
vn -0.1024 -0.9295 -0.3544
vn 0.1106 -0.9707 -0.2132
vn 0.1498 -0.9539 -0.2602
vn -0.9916 -0.0786 0.1023
vn -0.9916 -0.0790 0.1023
vn -0.0629 0.8572 0.5111
vn -0.0629 0.8572 0.5112
vn -0.1022 0.8337 0.5427
vn 0.4547 -0.3762 0.8073
vn 0.4545 -0.3763 0.8074
vn 0.4546 -0.3762 0.8073
vn 0.4544 -0.3763 0.8074
vn 0.1892 0.6621 0.7251
vn 0.0710 0.8360 0.5441
vn 0.0709 0.8360 0.5441
vn 0.0710 0.8360 0.5442
vn -0.3154 0.9148 -0.2523
vn -0.3154 0.9148 -0.2524
vn 0.2681 -0.9540 0.1340
vn 0.2680 -0.9541 0.1340
vn 0.1177 -0.9734 -0.1963
vn 0.1178 -0.9735 -0.1963
vn 0.1178 -0.9735 -0.1962
vn -0.4493 0.2443 -0.8593
vn -0.4493 0.2444 -0.8593
vn 0.8461 0.1897 -0.4982
vn 0.8441 0.2367 -0.4812
vn 0.8441 0.2366 -0.4812
vn 0.8470 0.1961 -0.4941
vn 0.8493 0.2202 -0.4797
vn 0.8920 0.1895 -0.4105
vn 0.6295 0.6453 0.4328
vn 0.6352 0.6509 0.4157
vn 0.6352 0.6508 0.4159
vn 0.8725 -0.2122 0.4402
vn 0.8740 -0.2205 0.4331
vn 0.6066 -0.7485 -0.2679
vn 0.5993 -0.7570 -0.2602
vn 0.8691 -0.2212 0.4424
vn 0.8691 -0.2211 0.4424
vn 0.8724 -0.2122 0.4403
vn 0.3467 0.9377 0.0236
vn 0.3468 0.9378 0.0158
vn 0.3216 -0.6038 -0.7293
vn 0.3217 -0.6038 -0.7293
vn 0.3320 -0.6008 -0.7272
vn 0.3320 -0.6007 -0.7272
vn 0.6362 -0.6283 -0.4477
vn 0.6362 -0.6284 -0.4477
vn 0.5116 -0.7792 -0.3621
vn 0.5116 -0.7791 -0.3622
vn 0.9155 -0.1736 0.3630
vn 0.9155 -0.1736 0.3631
vn 0.6230 0.7570 0.1971
vn 0.5041 0.7876 0.3544
vn 0.1885 0.0157 -0.9819
vn 0.2685 -0.0158 -0.9632
vn 0.4341 -0.4341 -0.7893
vn 0.4342 -0.4341 -0.7894
vn 0.1885 -0.4948 -0.8483
vn 0.5760 0.8128 0.0868
vn 0.5761 0.8128 0.0869
vn 0.5760 0.8128 0.0867
vn 0.5178 0.8474 0.1177
vn 0.2203 0.5429 -0.8104
vn 0.1577 0.5836 -0.7966
vn 0.0158 0.8896 0.4564
vn 0.0158 0.8897 0.4563
vn -0.1025 0.8989 0.4259
vn -0.1025 0.8990 0.4259
vn -0.1025 0.8990 0.4258
vn -0.1571 0.8405 -0.5185
vn 0.7342 0.6711 -0.1030
vn 0.7342 0.6711 -0.1029
vn 0.8557 0.4788 -0.1962
vn 0.9567 0.2902 -0.0235
vn 0.9567 0.2901 -0.0236
vn 0.7564 0.6540 0.0079
vn 0.7564 0.6540 0.0078
vn -0.8113 0.1418 -0.5671
vn -0.8013 0.1414 -0.5813
vn -0.8012 0.1417 -0.5813
vn -0.8012 0.1416 -0.5813
vn 0.9398 0.3395 0.0394
vn 0.9287 0.3700 0.0237
vn 0.9258 0.3766 0.0315
vn 0.8928 0.4504 -0.0080
vn 0.8928 0.4505 -0.0080
vn 0.8927 0.4505 -0.0081
vn 0.9019 0.4156 -0.1178
vn -0.5112 -0.4247 -0.7472
vn -0.4638 -0.3931 -0.7939
vn 0.6787 -0.3158 -0.6631
vn 0.6787 -0.3157 -0.6631
vn 0.6788 -0.3157 -0.6630
vn 0.8897 -0.2677 -0.3700
vn 0.8898 -0.2676 -0.3697
vn -0.4272 0.7436 -0.5143
vn -0.4272 0.7437 -0.5142
vn -0.2920 0.8523 -0.4340
vn -0.2919 0.8523 -0.4341
vn -0.8594 -0.1735 -0.4810
vn -0.5279 -0.7643 -0.3703
vn -0.5278 -0.7644 -0.3703
vn -0.6227 -0.7647 0.1656
vn -0.6228 -0.7647 0.1655
vn -0.5604 -0.7657 -0.3157
vn -0.5604 -0.7656 -0.3157
vn -0.5603 -0.7657 -0.3158
vn 0.4815 -0.7658 -0.4263
vn 0.4814 -0.7658 -0.4264
vn 0.4813 -0.7658 -0.4264
vn -0.6311 -0.7654 0.1261
vn -0.6311 -0.7653 0.1262
vn -0.6312 -0.7653 0.1262
vn 0.6393 -0.7656 -0.0711
vn 0.6393 -0.7657 -0.0711
vn -0.4799 -0.7632 0.4327
vn -0.8299 0.5217 0.1976
vn -0.8299 0.5216 0.1977
vn -0.8748 0.4493 0.1813
vn -0.8748 0.4492 0.1813
vn -0.8498 0.3226 0.4169
vn -0.8729 0.4561 0.1730
vn -0.8729 0.4562 0.1729
vn -0.8349 0.5198 0.1811
vn 0.0079 -0.9999 0.0079
vn 0.0079 -0.9999 -0.0079
vn 0.0079 -1.0000 -0.0000
vn 0.0078 -1.0000 0.0001
vn 0.5028 -0.0000 -0.8644
vn 0.5029 -0.0000 -0.8644
vn -0.8677 -0.0000 0.4971
vn -0.8677 -0.0000 0.4970
vn 0.8643 -0.0000 0.5029
vn 0.9658 -0.0000 -0.2593
vn 0.9658 -0.0000 -0.2594
vn -0.1889 0.3620 -0.9128
vn -0.1964 0.3615 -0.9115
vn -0.1964 0.3616 -0.9114
vn -0.1182 -0.3702 -0.9214
vn -0.1889 -0.3620 -0.9128
vn -0.2511 0.3691 -0.8948
vn -0.2512 0.3690 -0.8949
vn -0.2750 0.3692 -0.8877
vn -0.2749 0.7776 -0.5655
vn -0.2750 0.7776 -0.5655
vn -0.1890 0.7790 -0.5978
vn -0.1889 0.7790 -0.5979
vn -0.1733 -0.3860 -0.9060
vn -0.1182 -0.3863 -0.9148
vn -0.1183 -0.3864 -0.9147
vn -0.1182 -0.3864 -0.9147
vn 0.6627 0.7179 0.2130
vn 0.6560 0.7192 0.2292
vn 0.6559 0.7192 0.2292
vn 0.0392 0.9881 -0.1490
vn 0.0236 0.9927 -0.1182
vn 0.0710 -0.9862 0.1498
vn 0.0711 -0.9862 0.1498
vn 0.1888 0.3620 -0.9129
vn 0.1965 0.3614 -0.9115
vn 0.1964 0.3615 -0.9115
vn 0.1181 -0.3701 -0.9214
vn 0.1180 -0.3701 -0.9214
vn 0.1889 -0.3620 -0.9128
vn 0.1888 -0.3620 -0.9128
vn 0.2512 0.3689 -0.8949
vn 0.2512 0.3688 -0.8949
vn 0.2750 0.3692 -0.8877
vn 0.1889 0.7790 -0.5979
vn 0.2749 0.7776 -0.5655
vn 0.1733 -0.3861 -0.9060
vn 0.1734 -0.3860 -0.9060
vn 0.1183 -0.3864 -0.9147
vn 0.1182 -0.3863 -0.9147
vn -0.6627 0.7179 0.2130
vn -0.6627 0.7180 0.2130
vn -0.6559 0.7192 0.2292
vn -0.0237 0.9927 -0.1181
vn -0.0392 0.9881 -0.1489
vn -0.0710 -0.9861 0.1499
vn -0.1964 -0.4164 0.8877
vn -0.1964 -0.4163 0.8877
vn -0.1965 -0.4163 0.8877
vn -0.1571 -0.4164 0.8955
vn -0.1571 -0.4163 0.8955
vn -0.1576 0.4097 0.8985
vn -0.1576 0.4098 0.8985
vn -0.2294 0.4034 0.8858
vn -0.3005 -0.3554 0.8851
vn -0.2445 -0.3628 0.8992
vn -0.1896 -0.8218 0.5373
vn -0.1895 -0.8218 0.5373
vn -0.2609 -0.8221 0.5060
vn -0.1972 0.3312 0.9227
vn -0.2448 0.3396 0.9082
vn -0.2447 0.3396 0.9082
vn 0.0629 0.9593 -0.2752
vn 0.1024 0.9534 -0.2837
vn 0.2275 0.3845 -0.8946
vn 0.2274 0.3846 -0.8946
vn 0.2275 0.3846 -0.8946
vn 0.2200 0.3853 -0.8962
vn 0.2201 0.3852 -0.8962
vn 0.2120 0.3925 -0.8950
vn 0.2275 0.3845 -0.8947
vn 0.2276 0.3845 -0.8946
vn 0.1657 0.3471 -0.9231
vn 0.2123 0.3302 -0.9197
vn 0.0001 0.7227 0.6912
vn -0.0000 0.7226 0.6912
vn -0.0000 0.7228 0.6911
vn -0.0394 0.9605 -0.2755
vn -0.0000 0.9495 -0.3139
vn -0.0000 0.9495 -0.3138
vn -0.0000 -0.0703 -0.9975
vn -0.9977 -0.0236 0.0629
vn -0.9977 -0.0236 0.0628
vn -0.9957 -0.0474 0.0790
vn -0.9970 -0.0548 0.0548
vn -0.9895 -0.1099 0.0942
vn -0.9895 -0.1100 0.0942
vn -0.9899 0.0003 0.1418
vn -0.9899 0.0002 0.1417
vn -0.9985 0.0001 0.0551
vn -0.9985 -0.0000 0.0550
vn -0.9985 -0.0078 0.0551
vn -0.9984 -0.0078 0.0551
vn -0.9988 -0.0157 0.0472
vn -0.9972 -0.0707 -0.0235
vn -0.9962 -0.0870 -0.0079
vn -0.9968 -0.0784 0.0158
vn -0.9962 -0.0862 -0.0079
vn -0.9962 -0.0863 -0.0079
vn -0.9691 -0.0710 -0.2364
vn -0.9691 -0.0709 -0.2364
vn -0.9513 -0.1022 -0.2909
vn -0.7169 -0.5908 0.3702
vn -0.6200 -0.4002 -0.6749
vn -0.6200 -0.4001 -0.6749
vn -0.7330 -0.4650 -0.4966
vn -0.7329 -0.4649 -0.4966
vn -0.7330 -0.4650 -0.4965
vn -0.4492 -0.4492 -0.7723
vn -0.5115 -0.4093 -0.7555
vn -0.8871 -0.3454 0.3062
vn -0.9223 -0.2995 -0.2444
vn -0.9222 -0.2996 -0.2444
vn -0.8119 0.3311 -0.4808
vn -0.9152 0.3077 -0.2603
vn -0.0235 0.9655 -0.2593
vn -0.0235 0.9656 -0.2590
vn -0.0235 0.9656 -0.2591
vn -0.0158 0.9657 -0.2592
vn -0.0157 0.9657 -0.2591
vn -0.0157 0.9657 -0.2592
vn 0.1964 -0.4163 0.8877
vn 0.1570 -0.4164 0.8955
vn 0.2294 0.4034 0.8858
vn 0.2294 0.4033 0.8858
vn 0.1576 0.4098 0.8985
vn 0.3004 -0.3555 0.8851
vn 0.3002 -0.3557 0.8851
vn 0.2446 -0.3629 0.8992
vn 0.2445 -0.3628 0.8992
vn 0.2609 -0.8221 0.5060
vn 0.2610 -0.8221 0.5060
vn 0.1896 -0.8218 0.5373
vn 0.2448 0.3396 0.9082
vn 0.2447 0.3396 0.9082
vn 0.1972 0.3312 0.9227
vn -0.0629 0.9593 -0.2753
vn -0.0629 0.9593 -0.2752
vn -0.1024 0.9534 -0.2837
vn -0.2275 0.3846 -0.8946
vn -0.2275 0.3845 -0.8946
vn -0.2276 0.3845 -0.8946
vn -0.2201 0.3852 -0.8962
vn -0.2120 0.3925 -0.8950
vn -0.2275 0.3845 -0.8947
vn -0.1657 0.3471 -0.9231
vn -0.2123 0.3302 -0.9197
vn 0.0001 0.7226 0.6913
vn 0.0394 0.9605 -0.2755
vn 0.9977 -0.0236 0.0628
vn 0.9977 -0.0236 0.0629
vn 0.9957 -0.0474 0.0790
vn 0.9957 -0.0473 0.0791
vn 0.9895 -0.1100 0.0942
vn 0.9970 -0.0549 0.0548
vn 0.9970 -0.0549 0.0549
vn 0.9985 -0.0001 0.0550
vn 0.9985 -0.0002 0.0550
vn 0.9900 -0.0003 0.1411
vn 0.9985 -0.0078 0.0551
vn 0.9984 -0.0078 0.0551
vn 0.9988 -0.0157 0.0472
vn 0.9962 -0.0870 -0.0079
vn 0.9972 -0.0707 -0.0236
vn 0.9962 -0.0863 -0.0078
vn 0.9968 -0.0785 0.0157
vn 0.9691 -0.0710 -0.2364
vn 0.9513 -0.1022 -0.2909
vn 0.9513 -0.1023 -0.2909
vn 0.7168 -0.5908 0.3702
vn 0.7330 -0.4650 -0.4965
vn 0.6200 -0.4001 -0.6749
vn 0.5115 -0.4094 -0.7555
vn 0.4492 -0.4492 -0.7723
vn 0.8871 -0.3454 0.3062
vn 0.8871 -0.3455 0.3062
vn 0.9223 -0.2996 -0.2444
vn 0.9223 -0.2995 -0.2443
vn 0.8119 0.3311 -0.4808
vn 0.9152 0.3077 -0.2603
vn 0.0235 0.9656 -0.2591
vn 0.0157 0.9657 -0.2591
vn 0.1647 0.9725 -0.1647
vn -0.1647 0.9725 -0.1647
vn 0.3465 0.2127 0.9136
vn 0.4245 0.3537 0.8335
vn 0.5133 0.3710 0.7739
vn 0.2358 0.3144 0.9195
vn 0.2128 0.9536 -0.2128
vn 0.2127 0.9537 -0.2127
vn -0.0000 0.9995 -0.0315
vn 0.0001 0.9995 -0.0314
vn -0.6676 -0.5105 -0.5420
vn -0.6676 -0.5105 -0.5419
vn -0.7726 -0.6150 -0.1577
vn -0.6228 0.7647 0.1656
vn -0.6228 0.7647 0.1655
vn -0.3225 0.8337 -0.4483
vn -0.5678 0.8201 0.0710
vn -0.5678 0.8201 0.0711
vn -0.5678 0.8201 0.0709
vn -0.7292 0.6040 0.3217
vn -0.7293 0.6039 0.3216
vn -0.7290 0.6041 0.3219
vn -0.6393 -0.6236 -0.4499
vn -0.6392 -0.6236 -0.4499
vn -0.2125 0.4958 -0.8420
vn -0.2125 0.4958 -0.8421
vn -0.2126 0.4958 -0.8420
vn -0.2197 0.3062 -0.9263
vn -0.2198 0.3062 -0.9263
vn -0.2586 0.0313 -0.9655
vn -0.2591 0.0314 -0.9653
vn 0.9190 0.3219 -0.2278
vn 0.9189 0.3220 -0.2278
vn 0.8827 0.4335 -0.1813
vn 0.9410 0.2057 -0.2688
vn -0.0000 0.9835 0.1810
vn 0.0867 0.9766 0.1969
vn 0.0628 0.9815 0.1806
vn -0.0000 0.9874 0.1580
vn -0.0000 0.9969 0.0785
vn -0.0000 0.9975 0.0707
vn 0.0314 0.9964 0.0784
vn 0.0235 0.9966 0.0786
vn 0.0079 0.9874 0.1580
vn -0.0000 0.9862 0.1657
vn -0.0000 0.9980 0.0629
vn -0.0079 0.9997 0.0236
vn -0.0000 0.9997 0.0236
vn 0.0472 0.9988 -0.0157
vn -0.0000 0.9658 0.2591
vn 0.0078 0.9658 0.2591
vn 0.0157 0.9657 0.2591
vn -0.0000 0.9999 0.0157
vn 0.0157 0.9998 0.0158
vn 0.0157 0.9996 0.0235
vn -0.0000 0.9803 0.1976
vn -0.0000 0.9806 0.1961
vn 0.0080 0.9802 0.1977
vn -0.0000 0.9787 0.2052
vn -0.0000 -0.6151 -0.7885
vn -0.0000 -0.6152 -0.7884
vn 0.2366 -0.7648 0.5992
vn 0.0002 -0.7885 0.6150
vn -0.0000 -0.7637 -0.6456
vn -0.0000 -0.9488 -0.3160
vn -0.0000 0.9439 0.3303
vn -0.0000 0.9439 0.3302
vn -0.0000 0.6149 0.7886
vn -0.0000 0.6146 0.7888
vn -0.0000 0.9251 0.3797
vn -0.0000 0.9252 0.3794
vn 0.6206 -0.4792 0.6206
vn 0.7568 -0.4889 0.4338
vn 0.6207 -0.4791 0.6207
vn -0.0000 -1.0000 -0.0079
vn -0.0001 -1.0000 -0.0078
vn -0.0078 -1.0000 -0.0001
vn -0.0078 -1.0000 -0.0002
vn 0.2276 -0.4789 -0.8479
vn 0.2272 -0.4787 -0.8481
vn 0.2275 -0.4788 -0.8479
vn 0.7071 -0.0000 -0.7071
vn 0.2591 -0.0000 0.9659
vn 0.0002 -0.0000 1.0000
vn 0.4250 -0.0000 0.9052
vn 0.5745 -0.0000 0.8185
vn 0.8185 -0.0000 0.5745
vn 0.9082 -0.0000 0.4186
vn 1.0000 -0.0000 -0.0000
vn 0.8678 -0.0000 -0.4970
vn 0.5745 -0.0000 -0.8185
vn 0.4186 -0.0000 -0.9082
vn 0.2593 -0.0000 -0.9658
vn 0.0002 -0.0000 -1.0000
vn 0.2591 -0.0000 -0.9658
vn -0.4245 0.3537 0.8335
vn -0.3465 0.2127 0.9136
vn -0.5133 0.3710 0.7739
vn -0.2357 0.3144 0.9196
vn -0.2128 0.9536 -0.2128
vn -0.2128 0.9537 -0.2128
vn -0.0001 0.9995 -0.0314
vn 0.6676 -0.5105 -0.5419
vn 0.6676 -0.5105 -0.5420
vn 0.7726 -0.6150 -0.1577
vn 0.6228 0.7647 0.1656
vn 0.6228 0.7647 0.1655
vn 0.3225 0.8337 -0.4483
vn 0.3225 0.8336 -0.4484
vn 0.5678 0.8201 0.0710
vn 0.5678 0.8201 0.0711
vn 0.5678 0.8201 0.0709
vn 0.7294 0.6039 0.3215
vn 0.7289 0.6042 0.3219
vn 0.7294 0.6038 0.3215
vn 0.6393 -0.6236 -0.4499
vn 0.6392 -0.6237 -0.4500
vn 0.2125 0.4958 -0.8421
vn 0.2125 0.4958 -0.8420
vn 0.2197 0.3062 -0.9263
vn 0.2198 0.3062 -0.9263
vn 0.2198 0.3061 -0.9263
vn 0.2591 0.0314 -0.9653
vn 0.2589 0.0314 -0.9654
vn 0.2590 0.0314 -0.9654
vn -0.9190 0.3219 -0.2278
vn -0.8827 0.4335 -0.1813
vn -0.9189 0.3220 -0.2278
vn -0.9410 0.2056 -0.2689
vn -0.0867 0.9766 0.1969
vn -0.0628 0.9815 0.1806
vn -0.0314 0.9964 0.0784
vn -0.0235 0.9966 0.0786
vn -0.0079 0.9874 0.1580
vn 0.0079 0.9997 0.0236
vn -0.0471 0.9988 -0.0157
vn -0.0000 0.9658 0.2592
vn -0.0078 0.9658 0.2591
vn -0.0156 0.9658 0.2590
vn -0.0157 0.9998 0.0158
vn -0.0157 0.9996 0.0236
vn -0.0081 0.9802 0.1977
vn -0.2366 -0.7648 0.5992
vn -0.0002 -0.7885 0.6150
vn -0.0000 -0.7637 -0.6455
vn -0.0000 -0.9486 -0.3164
vn -0.0000 0.9249 0.3802
vn -0.7568 -0.4889 0.4338
vn -0.6206 -0.4792 0.6206
vn 0.0001 -1.0000 -0.0078
vn 0.0078 -1.0000 -0.0002
vn 0.0078 -1.0000 -0.0001
vn -0.2272 -0.4787 -0.8481
vn -0.2278 -0.4789 -0.8478
vn -0.7071 -0.0000 -0.7071
vn -0.0002 -0.0000 1.0000
vn -0.2591 -0.0000 0.9658
vn -0.2591 -0.0000 0.9659
vn -0.4250 -0.0000 0.9052
vn -0.5745 -0.0000 0.8185
vn -0.8185 -0.0000 0.5745
vn -0.9082 -0.0000 0.4186
vn -1.0000 -0.0000 -0.0000
vn -0.8678 -0.0000 -0.4970
vn -0.5745 -0.0000 -0.8185
vn -0.4186 -0.0000 -0.9082
vn -0.2593 -0.0000 -0.9658
vn -0.2592 -0.0000 -0.9658
vn -0.0002 -0.0000 -1.0000
vn -0.0000 -1.0000 0.0080
vn -0.0000 -1.0000 0.0077
vn -0.0000 -1.0000 0.0078
vn -0.0000 -1.0000 0.0081
vn -0.0000 0.3068 -0.9518
vn -0.0000 0.3067 -0.9518
vn -0.0000 0.4877 -0.8730
vn -0.0000 0.4876 -0.8731
vn -0.0000 0.1183 -0.9930
vn -0.0000 0.3634 -0.9316
vn -0.0000 -0.6707 -0.7418
vn -0.0000 -0.6707 -0.7417
vn -0.0000 -0.6708 -0.7416
vn -0.0000 -1.0000 0.0079
vn -0.0000 0.4875 -0.8731
vn -0.0000 0.1182 -0.9930
vn -0.0000 -0.6708 -0.7417
vn 0.7071 -0.0000 0.7071
vn -0.8935 0.1977 -0.4033
vn -0.8964 0.1887 -0.4011
vn -0.8906 0.1970 -0.4098
vn -0.8918 0.1894 -0.4109
vn -0.8932 0.1819 -0.4112
vn -0.6936 0.5754 -0.4335
vn -0.7690 0.5811 -0.2663
vn -0.5968 0.6125 -0.5183
vn -0.4498 0.6155 -0.6472
vn -0.0002 0.6871 -0.7266
vn -0.0002 0.6789 -0.7342
vn 0.0002 -0.6952 -0.7189
vn 0.1894 -0.6784 -0.7098
vn 0.1893 -0.6784 -0.7099
vn 0.3625 -0.6935 -0.6226
vn 0.5897 -0.6919 -0.4167
vn 0.6530 -0.6924 -0.3069
vn 0.7189 -0.6952 -0.0000
vn 0.7189 -0.6951 -0.0000
vn 0.6530 -0.6924 0.3069
vn 0.5897 -0.6919 0.4167
vn 0.3624 -0.6935 0.6226
vn 0.3626 -0.6935 0.6226
vn 0.0002 -0.6951 0.7189
vn 0.0002 -0.6952 0.7189
vn 0.8441 0.4497 -0.2919
vn 0.7780 0.4402 -0.4482
vn 0.8506 0.5041 -0.1497
vn 0.8423 0.5353 0.0630
vn 0.5441 0.6387 0.5441
vn 0.5500 0.6285 0.5500
vn 0.7690 0.5811 -0.2663
vn 0.6936 0.5754 -0.4335
vn 0.5968 0.6125 -0.5183
vn 0.4498 0.6155 -0.6472
vn 0.0002 0.6870 -0.7266
vn 0.0002 0.6789 -0.7342
vn 0.1341 -0.5442 -0.8282
vn 0.1098 -0.5329 -0.8390
vn 0.1727 -0.5263 -0.8326
vn 0.2052 -0.5209 -0.8286
vn 0.2512 -0.4945 -0.8321
vn 0.1495 0.4327 -0.8891
vn 0.1806 0.4398 -0.8797
vn 0.1971 0.4416 -0.8753
vn 0.2212 0.4425 -0.8691
vn 0.2287 0.4417 -0.8675
vn 0.1894 0.7022 -0.6864
vn 0.1183 0.7177 -0.6862
vn 0.2367 0.7103 -0.6630
vn 0.2996 0.7017 -0.6465
vn 0.3304 0.7238 -0.6058
vn -0.0000 0.6993 -0.7149
vn -0.0000 0.6991 -0.7150
vn -0.0000 0.6992 -0.7149
vn -0.0000 0.9195 -0.3931
vn -0.0000 0.9195 -0.3932
vn -0.0000 0.9195 -0.3930
vn -0.0000 -0.6991 -0.7150
vn -0.0000 -0.6993 -0.7149
vn -0.0001 -0.6991 -0.7150
vn -0.0001 -0.6990 -0.7151
vn -0.0003 -0.6991 -0.7150
vn -0.0001 -0.6992 -0.7149
vn -0.0001 -0.6992 -0.7150
vn -0.0002 -0.6992 -0.7149
vn -0.0000 -0.6992 -0.7149
vn -0.4810 0.4808 0.7331
vn 0.0079 0.6912 0.7226
vn -0.3550 0.6078 0.7103
vn -0.6368 0.2673 0.7232
vn -0.5255 0.1804 0.8314
vn -0.4958 0.2125 0.8420
vn -0.3476 0.1580 0.9242
vn -0.2275 0.1804 0.9569
vn -0.0000 0.2128 0.9771
vn -0.0000 0.3068 0.9518
vn 0.2275 0.1804 0.9569
vn 0.3476 0.1580 0.9242
vn 0.5255 0.1804 0.8314
vn 0.4958 0.2124 0.8421
vn 0.6368 0.2673 0.7232
vn 0.4811 0.4808 0.7331
vn 0.3550 0.6078 0.7103
vn -0.0079 0.6912 0.7226
vn -0.6298 0.2362 -0.7400
vn -0.6354 0.2746 -0.7217
vn -0.5829 0.1654 -0.7955
vn -0.6533 0.3227 -0.6848
vn -0.6455 0.3385 -0.6847
vn -0.5521 0.1498 -0.8202
vn -0.5612 0.1502 -0.8139
vn -0.5658 0.1571 -0.8095
vn -0.5747 0.1575 -0.8030
vn -0.5741 0.1655 -0.8019
vn -0.2828 0.8564 -0.4319
vn -0.5361 0.1656 -0.8277
vn -0.5374 0.1501 -0.8298
vn -0.4091 0.6531 -0.6373
vn -0.5452 0.1659 -0.8217
vn -0.2118 0.9256 -0.3137
vn -0.2509 0.1883 -0.9495
vn 0.0782 0.2195 -0.9725
vn 0.6764 0.2910 -0.6766
vn 0.6708 0.3157 -0.6711
vn -0.0000 0.9939 0.1104
vn -0.0552 0.9947 0.0868
vn -0.0551 0.9947 0.0868
vn 0.0157 0.9968 0.0785
vn -0.2117 0.9256 -0.3136
vn -0.0000 1.0000 -0.0079
vn -0.0157 0.9998 -0.0079
vn -0.4092 0.6529 -0.6374
vn -0.2828 0.8563 -0.4321
vn -0.0079 1.0000 -0.0000
vn -0.0630 0.5353 0.8423
vn -0.5441 0.6387 0.5441
vn -0.5500 0.6285 0.5500
vn 0.1497 0.5041 0.8506
vn 0.2919 0.4497 0.8442
vn 0.4480 0.4402 0.7782
vn 0.7425 0.4107 0.5292
vn 0.7326 0.4096 0.5435
vn 0.7350 0.4031 0.5453
vn 0.7442 0.4230 0.5170
vn 0.8411 0.4402 0.3144
vn 0.9167 0.3635 0.1660
vn 0.9448 0.2677 0.1891
vn 0.8951 0.1963 0.4003
vn 0.8217 0.1659 0.5452
vn 0.8083 0.2120 0.5492
vn 0.9495 0.1883 0.2509
vn 0.9725 0.2195 -0.0782
vn 0.6766 0.2910 -0.6764
vn 0.6711 0.3157 -0.6708
vn -0.5441 0.6386 0.5441
vn -0.8423 0.5353 0.0630
vn -0.5500 0.6286 0.5499
vn -0.8506 0.5041 -0.1497
vn -0.8441 0.4497 -0.2919
vn -0.7781 0.4402 -0.4481
vn -0.0868 0.9947 0.0552
vn -0.1104 0.9939 -0.0000
vn -0.0869 0.9947 0.0553
vn -0.0785 0.9968 -0.0157
vn -0.0314 0.9992 -0.0236
vn 0.0079 1.0000 -0.0000
vn 0.0079 0.9999 0.0079
vn 0.0079 0.9998 0.0156
vn -0.0000 1.0000 0.0079
vn 0.0001 1.0000 0.0079
vn -0.5612 -0.6084 0.5612
vn -0.5614 -0.6080 0.5614
vn -0.5611 -0.6085 0.5611
vn -0.6207 -0.4791 0.6207
vn -0.6545 0.3784 0.6545
vn -0.6545 0.3785 0.6545
vn -0.0000 -0.4661 0.8848
vn 0.0079 -0.4816 0.8764
vn -0.0315 -0.4248 0.9047
vn -0.0236 -0.4721 0.8812
vn -0.0944 -0.4326 0.8966
vn -0.1410 -0.4084 0.9018
vn -0.1422 -0.4108 0.9006
vn -0.0552 -0.4497 0.8915
vn -0.0552 -0.4339 0.8993
vn -0.0395 -0.4182 0.9075
vn -0.0790 -0.4740 0.8770
vn -0.1027 -0.3871 0.9163
vn -0.1027 -0.3870 0.9163
vn -0.1179 -0.2831 0.9518
vn -0.1261 -0.2995 0.9457
vn 0.8441 -0.2366 0.4812
vn 0.8172 -0.2515 0.5186
vn 0.8145 -0.2689 0.5142
vn 0.8689 -0.2054 0.4503
vn 0.9167 -0.1659 0.3635
vn 0.9243 -0.1580 0.3475
vn 0.9088 -0.1738 0.3793
vn 0.9596 -0.1259 0.2517
vn 0.9605 -0.1181 0.2519
vn 0.9949 -0.0632 0.0789
vn 0.9937 -0.0868 0.0710
vn -0.0078 0.9021 0.4314
vn 0.1343 -0.7501 -0.6475
vn 0.1028 -0.7986 -0.5931
vn 0.1731 -0.6925 -0.7003
vn 0.2051 -0.6389 -0.7414
vn 0.2051 -0.6389 -0.7415
vn 0.4421 0.5766 -0.6871
vn 0.4409 0.5510 -0.7085
vn 0.4423 0.5765 -0.6871
vn 0.4489 0.5119 -0.7324
vn 0.4490 0.4883 -0.7483
vn 0.4490 0.4884 -0.7483
vn 0.4490 0.4882 -0.7484
vn -0.5423 -0.3851 -0.7467
vn -0.4887 -0.4966 -0.7173
vn -0.5444 -0.4339 -0.7179
vn -0.5220 -0.3559 -0.7751
vn -0.4874 -0.3459 -0.8018
vn -0.4343 -0.4186 -0.7976
vn -0.0000 -0.4186 0.9082
vn -0.0000 -0.0002 1.0000
vn -0.0000 -0.5745 0.8185
vn -0.0000 -0.8643 0.5029
vn -0.0000 -0.8644 0.5028
vn -0.0000 -0.9962 0.0870
vn -0.0000 -0.9962 -0.0870
vn -0.0000 -0.8643 -0.5029
vn -0.0000 -0.8644 -0.5028
vn -0.0000 -0.5029 -0.8643
vn -0.0000 -0.0870 -0.9962
vn -0.0000 0.0870 -0.9962
vn -0.0000 0.5030 -0.8643
vn -0.0000 0.5029 -0.8643
vn -0.0000 0.8643 -0.5029
vn -0.0000 0.9962 -0.0870
vn -0.0000 0.9962 0.0870
vn -0.0000 0.9082 0.4186
vn -0.0000 0.8185 0.5745
vn -0.0000 0.5745 0.8185
vn -0.0000 0.4186 0.9082
vn -0.0000 0.0002 1.0000
vn -0.0000 -0.0871 0.9962
vn -0.0000 0.0868 0.9962
vn -0.0000 -0.8185 0.5745
vn -0.0000 -0.9082 0.4186
vn -0.0000 -0.9962 0.0869
vn -0.0000 -0.9962 -0.0869
vn -0.0000 -0.9082 -0.4186
vn -0.0000 -0.8185 -0.5745
vn -0.0000 -0.5745 -0.8185
vn -0.0000 -0.4186 -0.9082
vn -0.0000 -0.0869 -0.9962
vn -0.0000 0.0869 -0.9962
vn -0.0000 0.4186 -0.9082
vn -0.0000 0.5745 -0.8185
vn -0.0000 0.8185 -0.5745
vn -0.0000 0.9082 -0.4186
vn -0.0000 0.9962 -0.0869
vn -0.0000 0.9962 0.0869
vn -0.0000 0.0871 0.9962
vn -0.0000 -0.0868 0.9962
vn 0.0001 -0.9962 -0.0871
vn -0.0000 -0.9962 0.0868
vn -0.0000 0.0869 0.9962
vn -0.0000 -0.0869 0.9962
vn -0.0000 -0.9962 0.0871
vn -0.0000 -0.9962 -0.0868
vn -0.0000 -0.0870 0.9962
vn -0.0000 0.0870 0.9962
vn -0.0000 0.8644 -0.5028
vn -0.0000 0.4970 -0.8678
vn -0.0000 0.4971 -0.8677
vn -0.0000 -0.9962 -0.0871
vn 0.0237 -0.9079 0.4185
vn -0.0000 -1.0000 0.0002
vn 0.0236 -0.9997 0.0002
vn 0.0236 -0.4969 0.8675
vn -0.0000 -0.5029 0.8643
vn -0.0000 -0.0000 1.0000
vn 0.0233 -0.0000 0.9997
vn 0.0237 0.4968 0.8675
vn -0.0000 0.5029 0.8643
vn 0.0229 0.9079 0.4185
vn 0.0236 0.9997 -0.0000
vn 0.0237 0.8675 -0.4969
vn 0.0229 0.4185 -0.9079
vn -0.0000 -0.0000 -1.0000
vn 0.0233 -0.0000 -0.9997
vn 0.0237 -0.4185 -0.9079
vn 0.0237 -0.8675 -0.4969
vn -0.0000 -0.8678 -0.4970
vn -0.0000 -1.0000 -0.0002
vn 0.0236 -0.9997 -0.0002
vn 0.9060 0.2048 0.3703
vn 0.9604 0.2047 0.1889
vn 0.9602 0.2125 0.1810
vn 0.8239 0.2118 0.5257
vn 0.8139 0.2213 0.5372
vn 0.8906 0.2522 0.3784
vn 0.9409 0.2509 0.2274
vn 0.9374 0.2757 0.2127
vn -0.0000 0.5600 -0.8285
vn 0.1731 -0.5113 -0.8418
vn -0.0000 -0.5273 -0.8497
vn -0.0000 -0.5270 -0.8499
vn 0.3472 -0.4813 -0.8049
vn 0.5095 -0.4311 -0.7447
vn 0.5090 -0.4463 -0.7361
vn 0.5918 -0.7655 -0.2525
vn 0.5917 -0.7656 -0.2525
vn 0.5920 -0.7654 -0.2526
vn -0.2599 -0.7874 -0.5590
vn -0.0002 -0.7915 -0.6112
vn -0.0002 -0.7914 -0.6113
vn -0.3544 -0.7876 -0.5041
vn -0.5262 -0.7933 -0.3063
vn -0.5263 -0.7932 -0.3063
vn -0.6110 -0.7917 -0.0000
vn -0.6113 -0.7914 -0.0000
vn -0.5263 -0.7932 0.3063
vn -0.5262 -0.7933 0.3063
vn -0.3063 -0.7933 0.5262
vn -0.3063 -0.7932 0.5263
vn -0.1651 -0.7785 0.6055
vn -0.0002 -0.7915 0.6112
vn -0.7071 -0.0000 0.7071
vn 0.6354 0.2746 -0.7217
vn 0.6298 0.2362 -0.7400
vn 0.5829 0.1654 -0.7955
vn 0.6533 0.3227 -0.6848
vn 0.6455 0.3385 -0.6847
vn 0.5611 0.1502 -0.8140
vn 0.5520 0.1498 -0.8203
vn 0.5658 0.1572 -0.8094
vn 0.5747 0.1575 -0.8030
vn 0.5740 0.1652 -0.8020
vn 0.5361 0.1656 -0.8277
vn 0.2828 0.8564 -0.4319
vn 0.5374 0.1502 -0.8298
vn 0.4091 0.6531 -0.6373
vn 0.5452 0.1659 -0.8217
vn 0.2118 0.9256 -0.3137
vn 0.2509 0.1883 -0.9495
vn -0.0782 0.2195 -0.9725
vn -0.6764 0.2910 -0.6766
vn -0.6708 0.3157 -0.6711
vn 0.0552 0.9947 0.0868
vn 0.0553 0.9947 0.0869
vn -0.0157 0.9968 0.0785
vn 0.2117 0.9256 -0.3136
vn 0.0157 0.9998 -0.0079
vn 0.4092 0.6529 -0.6374
vn 0.2828 0.8563 -0.4321
vn 0.0078 1.0000 -0.0000
vn 0.5441 0.6386 0.5441
vn 0.0630 0.5353 0.8423
vn 0.5499 0.6286 0.5500
vn -0.1497 0.5041 0.8506
vn -0.2919 0.4497 0.8442
vn -0.4481 0.4402 0.7781
vn -0.7326 0.4096 0.5435
vn -0.7425 0.4108 0.5291
vn -0.7350 0.4031 0.5453
vn -0.7442 0.4230 0.5170
vn -0.8411 0.4402 0.3144
vn -0.9167 0.3635 0.1660
vn -0.9448 0.2677 0.1891
vn -0.8951 0.1963 0.4003
vn -0.8217 0.1659 0.5452
vn -0.8083 0.2120 0.5492
vn -0.9495 0.1883 0.2509
vn -0.9725 0.2195 -0.0782
vn -0.6766 0.2910 -0.6764
vn -0.6711 0.3157 -0.6708
vn 0.1104 0.9939 -0.0000
vn 0.0868 0.9947 0.0552
vn 0.0785 0.9968 -0.0157
vn 0.0315 0.9992 -0.0236
vn -0.0079 0.9999 0.0079
vn -0.0078 0.9998 0.0156
vn 0.5612 -0.6084 0.5612
vn 0.5614 -0.6080 0.5614
vn 0.6545 0.3784 0.6545
vn 0.6545 0.3786 0.6545
vn 0.6545 0.3785 0.6545
vn -0.0079 -0.4816 0.8763
vn 0.0314 -0.4249 0.9047
vn 0.0236 -0.4721 0.8812
vn 0.0944 -0.4326 0.8966
vn 0.1412 -0.4078 0.9021
vn 0.1422 -0.4108 0.9006
vn 0.1421 -0.4109 0.9005
vn 0.0552 -0.4339 0.8993
vn 0.0552 -0.4497 0.8915
vn 0.0395 -0.4182 0.9075
vn 0.0790 -0.4740 0.8770
vn 0.1027 -0.3871 0.9163
vn 0.1027 -0.3870 0.9163
vn 0.1180 -0.2832 0.9518
vn 0.1261 -0.2995 0.9457
vn -0.8441 -0.2366 0.4812
vn -0.8144 -0.2689 0.5142
vn -0.8172 -0.2515 0.5186
vn -0.8689 -0.2054 0.4503
vn -0.9167 -0.1659 0.3635
vn -0.9167 -0.1660 0.3635
vn -0.9242 -0.1580 0.3477
vn -0.9088 -0.1738 0.3793
vn -0.9596 -0.1259 0.2517
vn -0.9605 -0.1181 0.2520
vn -0.9949 -0.0632 0.0790
vn -0.9937 -0.0868 0.0709
vn 0.0078 0.9021 0.4314
vn 0.0077 0.9021 0.4314
vn -0.1028 -0.7986 -0.5930
vn -0.1342 -0.7502 -0.6475
vn -0.1731 -0.6925 -0.7003
vn -0.2051 -0.6389 -0.7415
vn -0.2051 -0.6390 -0.7414
vn -0.2051 -0.6388 -0.7416
vn -0.2051 -0.6388 -0.7415
vn -0.4409 0.5510 -0.7085
vn -0.4421 0.5766 -0.6871
vn -0.4489 0.5119 -0.7324
vn -0.4490 0.4884 -0.7483
vn -0.4490 0.4883 -0.7483
vn 0.8935 0.1977 -0.4033
vn 0.8906 0.1970 -0.4098
vn 0.8964 0.1887 -0.4010
vn 0.8907 0.1970 -0.4098
vn 0.8918 0.1894 -0.4109
vn 0.8933 0.1819 -0.4111
vn 0.5423 -0.3851 -0.7467
vn 0.5443 -0.4339 -0.7179
vn 0.4887 -0.4966 -0.7173
vn 0.5220 -0.3559 -0.7751
vn 0.4874 -0.3459 -0.8018
vn 0.4343 -0.4185 -0.7976
vn -0.0000 0.8644 -0.5029
vn 0.0001 0.0868 0.9962
vn -0.0001 0.5745 0.8185
vn -0.0000 0.4970 -0.8677
vn -0.0229 -0.9080 0.4185
vn -0.0236 -0.9997 0.0002
vn -0.0237 -0.4968 0.8675
vn -0.0233 -0.0000 0.9997
vn -0.0237 0.4969 0.8675
vn -0.0237 0.9079 0.4185
vn -0.0234 0.9997 -0.0000
vn -0.0236 0.8675 -0.4969
vn -0.0237 0.4185 -0.9079
vn -0.0233 -0.0000 -0.9997
vn -0.0229 -0.4185 -0.9080
vn -0.0237 -0.8675 -0.4969
vn -0.0236 -0.9997 -0.0002
vn -0.9060 0.2048 0.3703
vn -0.9602 0.2125 0.1811
vn -0.9604 0.2047 0.1889
vn -0.8239 0.2118 0.5257
vn -0.8139 0.2213 0.5372
vn -0.8906 0.2522 0.3784
vn -0.9409 0.2509 0.2274
vn -0.9374 0.2757 0.2127
vn -0.0000 -0.5273 -0.8496
vn -0.1731 -0.5113 -0.8418
vn -0.0000 -0.5272 -0.8497
vn -0.3472 -0.4813 -0.8049
vn -0.5095 -0.4311 -0.7447
vn -0.5089 -0.4463 -0.7361
vn -0.5918 -0.7655 -0.2525
vn -0.5917 -0.7656 -0.2525
vn -0.5919 -0.7655 -0.2525
vn -0.5919 -0.7654 -0.2526
vn -0.1893 -0.6784 -0.7099
vn -0.0002 -0.6952 -0.7189
vn -0.3626 -0.6935 -0.6226
vn -0.3625 -0.6935 -0.6226
vn -0.5897 -0.6919 -0.4167
vn -0.6530 -0.6924 -0.3069
vn -0.7189 -0.6952 -0.0000
vn -0.7189 -0.6951 -0.0000
vn -0.6530 -0.6924 0.3069
vn -0.5897 -0.6919 0.4167
vn -0.3625 -0.6935 0.6226
vn -0.0002 -0.6951 0.7189
vn -0.0002 -0.6952 0.7189
vn 0.0002 -0.7914 -0.6112
vn 0.2599 -0.7874 -0.5590
vn 0.0002 -0.7915 -0.6112
vn 0.3544 -0.7876 -0.5041
vn 0.5262 -0.7933 -0.3063
vn 0.5263 -0.7932 -0.3063
vn 0.6113 -0.7914 -0.0000
vn 0.5263 -0.7932 0.3063
vn 0.5262 -0.7933 0.3063
vn 0.3063 -0.7933 0.5262
vn 0.3063 -0.7932 0.5263
vn 0.1651 -0.7786 0.6055
vn 0.1651 -0.7786 0.6054
vn 0.0002 -0.7914 0.6113
vn 0.0002 -0.7915 0.6112
vn -0.9320 0.0711 0.3555
vn -0.9307 0.0473 0.3628
vn -0.9196 0.1335 0.3695
vn -0.9317 -0.0079 0.3632
vn -0.9121 -0.0315 0.4088
vn -0.8578 -0.1023 0.5037
vn -0.8208 -0.1105 0.5604
vn -0.7812 -0.1736 0.5997
vn -0.6518 -0.2042 0.7303
vn -0.8800 -0.1336 0.4558
vn -0.5819 -0.2359 0.7783
vn -0.0000 -0.2832 0.9591
vn -0.7842 -0.1725 0.5960
vn -0.0000 -0.2901 0.9570
vn -0.5917 -0.2288 0.7731
vn 0.5819 -0.2359 0.7783
vn 0.6518 -0.2042 0.7303
vn -0.0000 -0.2839 0.9588
vn 0.7812 -0.1736 0.5997
vn 0.8208 -0.1105 0.5604
vn 0.5917 -0.2288 0.7731
vn 0.8578 -0.1023 0.5037
vn 0.9123 -0.0236 0.4090
vn 0.9317 -0.0079 0.3632
vn 0.9307 0.0473 0.3628
vn 0.9320 0.0711 0.3554
vn 0.9205 0.1259 0.3698
vn 0.8800 -0.1336 0.4558
vn 0.7842 -0.1725 0.5960
vn 0.8187 -0.3149 0.4802
vn 0.5491 -0.4472 0.7060
vn 0.6943 -0.4418 0.5681
vn 0.8185 -0.3777 0.4329
vn 0.9780 -0.0394 0.2050
vn 0.9570 -0.0870 0.2768
vn 0.7322 -0.4406 0.5194
vn 0.5121 -0.6305 0.5832
vn 0.6278 -0.6199 0.4708
vn 0.6444 -0.5894 0.4872
vn 0.4555 -0.6675 0.5890
vn -0.0000 -0.7710 0.6369
vn -0.0000 -0.5510 0.8345
vn -0.5491 -0.4472 0.7060
vn -0.4555 -0.6675 0.5890
vn -0.6943 -0.4418 0.5681
vn -0.6444 -0.5894 0.4872
vn -0.8187 -0.3149 0.4802
vn -0.8185 -0.3777 0.4329
vn -0.6277 -0.6199 0.4708
vn -0.9780 -0.0394 0.2050
vn -0.5121 -0.6305 0.5833
vn -0.9570 -0.0870 0.2768
vn -0.7322 -0.4406 0.5194
vn 0.4648 -0.8114 0.3545
vn 0.5122 -0.7171 0.4728
vn 0.4262 -0.7340 0.5287
vn 0.4561 -0.8729 0.1730
vn 0.3232 -0.9460 -0.0237
vn 0.2834 -0.9526 -0.1102
vn 0.1962 -0.9652 -0.1727
vn 0.1729 -0.9667 -0.1886
vn -0.0000 -0.9787 -0.2052
vn -0.0000 -0.9821 -0.1886
vn -0.1729 -0.9667 -0.1886
vn -0.1962 -0.9652 -0.1727
vn -0.2834 -0.9526 -0.1102
vn -0.3232 -0.9460 -0.0237
vn -0.4561 -0.8729 0.1730
vn -0.4648 -0.8114 0.3545
vn -0.5121 -0.7171 0.4728
vn -0.4262 -0.7340 0.5288
vn -0.0000 -0.9224 0.3863
vn -0.0000 -0.9969 0.0785
vn -0.0079 -0.7267 0.6869
vn -0.0079 -0.7303 0.6831
vn 0.0157 -0.9288 0.3701
vn 0.0315 -0.9984 0.0472
vn 0.0707 -0.9972 0.0236
vn 0.0001 -0.6991 -0.7150
vn 0.0003 -0.6991 -0.7150
vn -0.0001 -0.6993 -0.7148
vn 0.0005 -0.6991 -0.7150
vn 0.0001 -0.6992 -0.7150
vn 0.0003 -0.6992 -0.7149
vn 0.0002 -0.6991 -0.7150
vn -0.9868 0.1105 -0.1184
vn -0.9848 0.1103 -0.1339
vn -0.9809 0.1412 -0.1334
vn -0.9890 0.0785 -0.1256
vn -0.9837 0.0866 -0.1574
vn -0.9875 0.0474 -0.1501
vn -0.9810 0.0471 -0.1883
vn -0.9819 0.0157 -0.1885
vn -0.9753 0.0157 -0.2202
vn -0.9770 -0.0158 -0.2127
vn -0.9714 -0.0158 -0.2369
vn -0.9776 -0.0473 -0.2050
vn 0.2045 -0.7628 -0.6134
vn 0.2120 -0.7616 -0.6124
vn 0.2054 -0.7596 -0.6171
vn 0.2130 -0.7653 -0.6074
vn 0.2205 -0.7639 -0.6065
vn 0.2280 -0.7626 -0.6053
vn 0.2280 -0.7626 -0.6054
vn 0.2366 -0.7649 -0.5992
vn 0.2428 -0.7598 -0.6031
vn 0.2513 -0.7620 -0.5969
vn 0.2513 -0.7619 -0.5970
vn 0.2599 -0.7639 -0.5907
vn 0.1023 0.9135 -0.3937
vn 0.0949 0.9170 -0.3873
vn 0.0946 0.9142 -0.3941
vn 0.1097 0.9168 -0.3839
vn 0.1105 0.9155 -0.3867
vn 0.1264 0.9166 -0.3793
vn 0.1338 0.9129 -0.3857
vn 0.1420 0.9147 -0.3784
vn 0.1577 0.9084 -0.3872
vn 0.1731 0.9128 -0.3699
vn 0.1815 0.9075 -0.3788
vn 0.1889 0.9129 -0.3619
vn -0.1728 -0.5263 -0.8326
vn -0.2052 -0.5209 -0.8286
vn -0.2513 -0.4945 -0.8321
vn -0.1341 -0.5442 -0.8282
vn -0.1098 -0.5329 -0.8390
vn -0.2367 0.7103 -0.6629
vn -0.2996 0.7017 -0.6465
vn -0.3304 0.7238 -0.6058
vn -0.1894 0.7022 -0.6864
vn -0.1183 0.7177 -0.6862
vn -0.1495 0.4327 -0.8891
vn -0.1971 0.4416 -0.8753
vn -0.1807 0.4399 -0.8797
vn -0.2212 0.4424 -0.8691
vn -0.2287 0.4416 -0.8676
vn -0.0000 -0.9969 0.0786
vn 0.0079 -0.7267 0.6869
vn 0.0079 -0.7303 0.6831
vn -0.0157 -0.9288 0.3701
vn -0.0315 -0.9984 0.0472
vn -0.0707 -0.9972 0.0236
vn 0.9848 0.1103 -0.1339
vn 0.9868 0.1105 -0.1184
vn 0.9809 0.1412 -0.1334
vn 0.9890 0.0785 -0.1256
vn 0.9837 0.0866 -0.1574
vn 0.9875 0.0474 -0.1501
vn 0.9810 0.0471 -0.1883
vn 0.9819 0.0157 -0.1885
vn 0.9753 0.0157 -0.2202
vn 0.9770 -0.0158 -0.2127
vn 0.9714 -0.0158 -0.2369
vn 0.9776 -0.0473 -0.2050
vn -0.2120 -0.7616 -0.6124
vn -0.2045 -0.7628 -0.6134
vn -0.2056 -0.7595 -0.6171
vn -0.2130 -0.7653 -0.6074
vn -0.2205 -0.7639 -0.6065
vn -0.2280 -0.7626 -0.6053
vn -0.2280 -0.7626 -0.6054
vn -0.2366 -0.7650 -0.5990
vn -0.2429 -0.7597 -0.6033
vn -0.2513 -0.7619 -0.5969
vn -0.2513 -0.7619 -0.5970
vn -0.2599 -0.7640 -0.5906
vn -0.0949 0.9170 -0.3873
vn -0.1022 0.9135 -0.3937
vn -0.0946 0.9142 -0.3941
vn -0.1097 0.9168 -0.3839
vn -0.1105 0.9155 -0.3868
vn -0.1263 0.9166 -0.3793
vn -0.1338 0.9129 -0.3857
vn -0.1420 0.9147 -0.3784
vn -0.1573 0.9084 -0.3874
vn -0.1731 0.9128 -0.3699
vn -0.1814 0.9075 -0.3788
vn -0.1889 0.9128 -0.3620
vn -0.0000 0.9194 -0.3933
vn 0.0316 0.9950 -0.0948
vn 0.0473 0.9951 -0.0869
vn 0.0628 0.9960 -0.0628
vn 0.0627 0.9961 -0.0627
vn 0.0948 0.9950 -0.0316
vn 0.0869 0.9951 -0.0473
vn 0.0631 0.9935 -0.0946
vn 0.0787 0.9938 -0.0787
vn 0.0788 0.9938 -0.0788
vn 0.0946 0.9935 -0.0631
vn 0.2444 0.9384 -0.2443
vn 0.2357 0.9428 -0.2357
vn 0.2278 0.9428 -0.2435
vn 0.2287 0.9463 -0.2287
vn 0.2436 0.9427 -0.2279
vn 0.2444 0.9384 -0.2444
vn 0.0315 0.9994 -0.0157
vn -0.0550 0.9980 -0.0314
vn 0.0236 0.9994 -0.0236
vn 0.0550 0.9970 -0.0550
vn 0.0157 0.9994 -0.0315
vn 0.0315 0.9980 0.0551
vn -0.6116 -0.5018 0.6116
vn -0.6116 -0.5019 0.6116
vn 0.8175 -0.3066 0.4875
vn 0.8252 -0.2042 0.5266
vn 0.7628 0.0472 0.6449
vn 0.8172 0.1100 0.5658
vn 0.7258 0.3076 0.6153
vn 0.4343 0.4186 0.7976
vn 0.8935 0.2195 0.3919
vn 0.3689 0.5101 0.7770
vn 0.2522 0.4886 0.8353
vn 0.8011 0.3691 0.4712
vn 0.6295 0.4328 0.6453
vn 0.6292 0.4874 0.6054
vn 0.7654 0.4182 0.4892
vn 0.9077 0.2763 0.3157
vn 0.9758 0.1102 0.1889
vn 0.9799 0.1106 0.1660
vn 0.8585 0.3466 0.3780
vn 0.9278 0.2512 0.2759
vn 0.9192 0.1886 0.3458
vn 0.3847 -0.1492 -0.9109
vn 0.3794 -0.1740 -0.9088
vn 0.3794 -0.1739 -0.9088
vn 0.3923 -0.1334 -0.9101
vn 0.3931 -0.1178 -0.9119
vn 0.3932 -0.1178 -0.9119
vn 0.3931 -0.1179 -0.9119
vn -0.8920 0.1894 -0.4105
vn -0.8919 0.1896 -0.4105
vn -0.8919 0.1897 -0.4105
vn -0.0317 0.2922 -0.9558
vn -0.0316 0.2923 -0.9558
vn -0.0316 0.2922 -0.9558
vn -0.9111 -0.0550 0.4085
vn -0.9111 -0.0549 0.4085
vn -0.9111 -0.0550 0.4084
vn 0.0236 0.9996 0.0157
vn 0.0078 0.9999 0.0079
vn 0.0949 0.9950 0.0316
vn 0.0395 0.9984 0.0393
vn -0.1733 0.9849 -0.0000
vn 0.6634 0.5291 0.5291
vn 0.9186 0.2983 0.2591
vn 0.9249 0.2689 0.2687
vn 0.6604 0.5426 0.5191
vn 0.0002 0.6871 0.7266
vn 0.2214 -0.6405 -0.7354
vn -0.0000 -0.6586 -0.7525
vn 0.2448 -0.6238 -0.7423
vn 0.4319 -0.5889 -0.6831
vn 0.3937 -0.6300 -0.6694
vn -0.5686 -0.7660 0.3001
vn -0.5684 -0.7660 0.3002
vn -0.5686 -0.7660 0.3000
vn -0.5686 -0.7659 0.3000
vn 0.9885 0.1490 0.0235
vn 0.9849 0.1733 -0.0000
vn 0.9947 0.1026 0.0079
vn 0.9924 0.1103 0.0552
vn 0.9988 0.0472 0.0157
vn 0.9940 0.0947 0.0552
vn 0.9984 0.0550 0.0157
vn 0.9957 0.0868 0.0316
vn 0.7570 -0.4889 0.4335
vn 0.7570 -0.4888 0.4335
vn 0.8730 -0.4877 -0.0000
vn 0.8477 -0.4790 -0.2278
vn -0.0316 0.9950 -0.0948
vn -0.0629 0.9960 -0.0629
vn -0.0473 0.9951 -0.0869
vn -0.0627 0.9961 -0.0627
vn -0.0948 0.9950 -0.0316
vn -0.0869 0.9951 -0.0473
vn -0.0631 0.9935 -0.0946
vn -0.0787 0.9938 -0.0787
vn -0.0630 0.9935 -0.0946
vn -0.0789 0.9938 -0.0789
vn -0.0946 0.9935 -0.0631
vn -0.2279 0.9427 -0.2436
vn -0.2357 0.9428 -0.2357
vn -0.2444 0.9384 -0.2444
vn -0.2286 0.9463 -0.2286
vn -0.2435 0.9428 -0.2278
vn -0.0315 0.9994 -0.0157
vn -0.0236 0.9994 -0.0236
vn 0.0550 0.9980 -0.0314
vn -0.0550 0.9970 -0.0550
vn -0.0157 0.9994 -0.0315
vn -0.0314 0.9980 0.0550
vn 0.6116 -0.5019 0.6116
vn 0.6116 -0.5018 0.6116
vn -0.7628 0.0472 0.6449
vn -0.8252 -0.2042 0.5266
vn -0.8176 -0.3066 0.4874
vn -0.8172 0.1100 0.5658
vn -0.7258 0.3076 0.6153
vn -0.4343 0.4186 0.7976
vn -0.8935 0.2195 0.3919
vn -0.3689 0.5101 0.7770
vn -0.2522 0.4885 0.8353
vn -0.8011 0.3691 0.4712
vn -0.6295 0.4328 0.6453
vn -0.6292 0.4874 0.6054
vn -0.7654 0.4182 0.4892
vn -0.9077 0.2763 0.3157
vn -0.9758 0.1102 0.1889
vn -0.9799 0.1106 0.1660
vn -0.8585 0.3466 0.3780
vn -0.9279 0.2516 0.2752
vn -0.9192 0.1886 0.3457
vn -0.3794 -0.1740 -0.9088
vn -0.3848 -0.1492 -0.9109
vn -0.3793 -0.1739 -0.9088
vn -0.3923 -0.1334 -0.9101
vn -0.3932 -0.1178 -0.9119
vn -0.3931 -0.1178 -0.9119
vn 0.8920 0.1894 -0.4105
vn 0.8919 0.1896 -0.4105
vn 0.8919 0.1898 -0.4105
vn 0.8919 0.1897 -0.4105
vn 0.0316 0.2923 -0.9558
vn 0.0316 0.2922 -0.9558
vn 0.0317 0.2922 -0.9558
vn 0.9111 -0.0549 0.4086
vn 0.9111 -0.0550 0.4084
vn 0.9111 -0.0549 0.4085
vn -0.0079 1.0000 -0.0001
vn -0.0236 0.9996 0.0157
vn -0.0078 0.9999 0.0079
vn -0.0949 0.9950 0.0317
vn -0.0395 0.9984 0.0393
vn 0.1733 0.9849 -0.0000
vn -0.6634 0.5291 0.5291
vn -0.9249 0.2689 0.2687
vn -0.9186 0.2983 0.2591
vn -0.6604 0.5426 0.5191
vn -0.0002 0.6871 0.7266
vn -0.2214 -0.6405 -0.7354
vn -0.2448 -0.6238 -0.7423
vn -0.4319 -0.5889 -0.6831
vn -0.3937 -0.6300 -0.6694
vn 0.5686 -0.7660 0.3000
vn 0.5686 -0.7659 0.3000
vn 0.5685 -0.7660 0.3002
vn 0.5684 -0.7660 0.3002
vn 0.5686 -0.7660 0.3001
vn -0.9885 0.1490 0.0235
vn -0.9947 0.1026 0.0079
vn -0.9849 0.1733 -0.0000
vn -0.9924 0.1103 0.0552
vn -0.9988 0.0472 0.0157
vn -0.9940 0.0947 0.0552
vn -0.9984 0.0550 0.0157
vn -0.9957 0.0868 0.0316
vn -0.7570 -0.4889 0.4335
vn -0.8730 -0.4877 -0.0000
vn -0.8481 -0.4786 -0.2275
vn -0.8480 -0.4787 -0.2275
vn 0.0001 -1.0000 0.0078
vn -0.0001 -1.0000 0.0079
vn -0.8013 0.2985 0.5185
vn -0.7927 0.3454 0.5023
vn -0.7979 0.3398 0.4978
vn -0.7876 0.3308 0.5198
vn -0.8042 0.2207 0.5519
vn -0.8113 0.1418 0.5671
vn -0.7787 0.0865 0.6214
vn -0.7600 0.0317 0.6492
vn -0.5973 -0.0236 0.8017
vn -0.4565 -0.0236 0.8894
vn -0.0000 -0.0238 0.9997
vn -0.0000 0.0236 0.9997
vn 0.4565 -0.0236 0.8894
vn 0.5973 -0.0236 0.8017
vn 0.7600 0.0317 0.6492
vn 0.7787 0.0865 0.6214
vn 0.8113 0.1418 0.5671
vn 0.8042 0.2208 0.5519
vn 0.8013 0.2985 0.5185
vn 0.7844 0.3295 0.5255
vn 0.7949 0.3384 0.5037
vn 0.7949 0.3384 0.5036
vn 0.0315 0.9869 -0.1580
vn -0.0000 0.9875 -0.1579
vn 0.0237 0.9872 -0.1579
vn -0.0000 0.9888 -0.1490
vn -0.0238 0.9872 -0.1579
vn -0.0315 0.9869 -0.1580
vn 0.9818 -0.0236 0.1885
vn 0.9834 -0.0157 0.1809
vn 0.9740 -0.0550 0.2199
vn 0.9874 -0.0079 0.1579
vn 0.9816 -0.0314 0.1885
vn 0.9820 -0.0079 0.1886
vn 0.9869 -0.0317 0.1580
vn 0.9518 -0.0000 0.3068
vn 0.9567 0.0235 0.2901
vn 0.9654 0.0314 0.2590
vn 0.9756 -0.0551 0.2125
vn -0.9834 -0.0157 0.1809
vn -0.9818 -0.0236 0.1885
vn -0.9740 -0.0550 0.2199
vn -0.9874 -0.0079 0.1579
vn -0.9816 -0.0314 0.1885
vn -0.9820 -0.0079 0.1886
vn -0.9869 -0.0317 0.1580
vn -0.9518 -0.0000 0.3068
vn -0.9567 0.0235 0.2901
vn -0.9654 0.0314 0.2590
vn -0.9320 0.0711 0.3554
vn -0.9756 -0.0551 0.2125
vn -0.9279 0.2515 0.2751
vn -0.8490 0.4245 0.3145
vn -0.7885 0.3627 0.4967
vn -0.6126 0.6989 0.3691
vn -0.5205 0.7965 0.3076
vn -0.4708 0.6905 0.5492
vn -0.0000 0.9224 0.3863
vn -0.0000 0.8345 0.5510
vn -0.0000 0.7885 0.6150
vn 0.4708 0.6905 0.5492
vn 0.6126 0.6989 0.3691
vn 0.5205 0.7965 0.3076
vn 0.9279 0.2515 0.2751
vn 0.8490 0.4245 0.3145
vn 0.7885 0.3627 0.4968
vn -0.7480 0.0551 -0.6614
vn -0.7411 0.1104 -0.6623
vn -0.7657 0.0710 -0.6393
vn -0.6983 0.1569 -0.6984
vn -0.7873 0.0551 -0.6141
vn -0.7099 0.1893 -0.6784
vn -0.5352 0.3778 -0.7555
vn -0.6436 0.1727 -0.7456
vn -0.5118 0.3779 -0.7716
vn -0.3228 0.6614 -0.6771
vn -0.6686 0.1337 -0.7315
vn -0.7781 0.0944 -0.6210
vn -0.5295 0.3635 -0.7665
vn -0.5836 0.1577 -0.7966
vn -0.5718 0.1488 -0.8068
vn -0.1655 0.7647 -0.6228
vn 0.0870 0.9570 -0.2768
vn 0.1257 0.8642 -0.4871
vn -0.4789 0.3768 -0.7929
vn -0.1260 0.7323 -0.6693
vn 0.0080 0.8677 -0.4970
vn -0.4796 0.3381 -0.8098
vn -0.5442 0.1339 -0.8282
vn -0.5407 0.1333 -0.8306
vn -0.5357 0.1260 -0.8350
vn -0.3138 0.6983 -0.6434
vn -0.2360 0.8495 -0.4719
vn -0.4979 0.2766 -0.8219
vn -0.2993 0.7166 -0.6300
vn -0.5105 0.2435 -0.8247
vn -0.5430 0.1495 -0.8263
vn -0.4327 0.4799 -0.7632
vn -0.2508 0.5334 -0.8078
vn 0.0711 0.6479 -0.7584
vn -0.4317 0.4710 -0.7693
vn 0.4109 0.8139 -0.4109
vn 0.4710 0.7458 -0.4710
vn -0.0631 0.8104 -0.5824
vn 0.0079 0.8847 -0.4661
vn 0.7584 0.6479 -0.0711
vn 0.2514 0.9347 -0.2514
vn 0.8078 0.5334 0.2508
vn 0.8263 0.1494 0.5430
vn 0.2994 0.9059 -0.2994
vn 0.5824 0.8104 0.0631
vn 0.4661 0.8847 -0.0079
vn 0.6300 0.7166 0.2993
vn 0.7693 0.4710 0.4317
vn 0.8247 0.2435 0.5105
vn 0.8500 0.1259 0.5115
vn 0.7632 0.4799 0.4327
vn 0.8294 0.3081 0.4660
vn 0.8358 0.2917 0.4652
vn 0.6434 0.6983 0.3138
vn 0.4719 0.8495 0.2360
vn 0.4970 0.8677 -0.0079
vn 0.7865 0.4483 0.4247
vn 0.6693 0.7323 0.1260
vn 0.4871 0.8642 -0.1257
vn 0.7866 0.4405 0.4326
vn 0.7697 0.3613 0.5263
vn 0.2768 0.9570 -0.0870
vn 0.6771 0.6614 0.3228
vn 0.7497 0.4182 0.5129
vn 0.7413 0.2287 0.6310
vn 0.7716 0.3779 0.5118
vn 0.7555 0.3778 0.5352
vn 0.6983 0.1569 0.6983
vn 0.6784 0.1893 0.7099
vn 0.6141 0.0551 0.7873
vn 0.6614 0.0551 0.7480
vn 0.6393 0.0710 0.7656
vn 0.6623 0.1104 0.7411
vn 0.7480 0.0551 -0.6614
vn 0.7656 0.0710 -0.6393
vn 0.7411 0.1104 -0.6623
vn 0.6983 0.1569 -0.6983
vn 0.7873 0.0551 -0.6141
vn 0.7099 0.1893 -0.6784
vn 0.5352 0.3778 -0.7556
vn 0.6436 0.1727 -0.7456
vn 0.5118 0.3779 -0.7716
vn 0.3228 0.6614 -0.6771
vn 0.7782 0.0943 -0.6209
vn 0.6686 0.1337 -0.7315
vn 0.5295 0.3635 -0.7665
vn 0.5836 0.1577 -0.7966
vn 0.5718 0.1488 -0.8068
vn 0.1655 0.7647 -0.6228
vn -0.0870 0.9570 -0.2768
vn -0.1257 0.8642 -0.4871
vn 0.4789 0.3768 -0.7929
vn 0.1260 0.7323 -0.6693
vn -0.0079 0.8677 -0.4970
vn 0.4796 0.3380 -0.8098
vn 0.3138 0.6983 -0.6434
vn 0.2360 0.8495 -0.4719
vn 0.2992 0.7166 -0.6300
vn 0.5442 0.1340 -0.8282
vn 0.5407 0.1331 -0.8306
vn 0.5356 0.1260 -0.8350
vn 0.4979 0.2766 -0.8219
vn 0.5105 0.2435 -0.8247
vn 0.5430 0.1495 -0.8263
vn 0.4327 0.4799 -0.7632
vn 0.2508 0.5334 -0.8078
vn -0.0711 0.6479 -0.7584
vn 0.4317 0.4710 -0.7693
vn 0.0631 0.8104 -0.5824
vn -0.0079 0.8847 -0.4661
vn -0.2513 0.9347 -0.2513
vn -0.4109 0.8139 -0.4109
vn -0.4710 0.7458 -0.4710
vn -0.7584 0.6478 -0.0711
vn -0.2991 0.9061 -0.2991
vn -0.5824 0.8104 0.0631
vn -0.4661 0.8847 -0.0079
vn -0.8078 0.5334 0.2508
vn -0.8263 0.1495 0.5430
vn -0.6300 0.7166 0.2993
vn -0.8247 0.2435 0.5105
vn -0.8500 0.1259 0.5115
vn -0.7693 0.4710 0.4317
vn -0.8294 0.3081 0.4660
vn -0.8358 0.2917 0.4652
vn -0.7632 0.4799 0.4327
vn -0.6434 0.6983 0.3138
vn -0.4719 0.8495 0.2360
vn -0.4970 0.8677 -0.0079
vn -0.7865 0.4483 0.4247
vn -0.6693 0.7323 0.1260
vn -0.4871 0.8642 -0.1257
vn -0.7866 0.4406 0.4326
vn -0.7697 0.3613 0.5263
vn -0.2768 0.9570 -0.0870
vn -0.6771 0.6614 0.3228
vn -0.7497 0.4182 0.5129
vn -0.7413 0.2287 0.6310
vn -0.7716 0.3779 0.5118
vn -0.7555 0.3778 0.5352
vn -0.6983 0.1569 0.6983
vn -0.6784 0.1893 0.7099
vn -0.6141 0.0551 0.7873
vn -0.6614 0.0551 0.7480
vn -0.6393 0.0710 0.7656
vn -0.6623 0.1104 0.7411
vn -0.0000 0.7452 0.6668
vn -0.0000 0.7456 0.6664
vn -0.0000 0.7451 0.6669
vn -0.0000 0.7454 0.6666
vn -0.0000 0.7453 0.6667
vn -0.0000 0.7455 0.6665
vn -0.0000 0.7451 0.6670
vn -0.0000 0.7453 0.6668
vn -0.0000 0.7454 0.6667
vn -0.0000 0.7452 0.6669
vn -0.0079 -0.9989 -0.0472
vn -0.0471 -0.9978 -0.0471
vn 0.0237 -0.9907 0.1338
vn -0.0472 -0.9909 -0.1258
vn -0.0944 -0.9895 -0.1093
vn 0.0237 -0.9927 -0.1180
vn 0.0079 -0.9989 -0.0472
vn -0.0237 -0.9907 0.1338
vn 0.0472 -0.9978 -0.0471
vn 0.0472 -0.9909 -0.1259
vn -0.0236 -0.9927 -0.1181
vn 0.0945 -0.9895 -0.1093
vn -0.9201 0.3067 0.2438
vn -0.9467 0.1657 0.2761
vn -0.9595 0.1652 0.2281
vn -0.8743 0.3938 0.2836
vn -0.9046 0.3382 0.2596
vn -0.7870 0.5667 0.2440
vn -0.7687 0.5883 0.2510
vn -0.8034 0.5277 0.2757
vn -0.5766 0.7819 0.2370
vn -0.3695 0.8802 0.2978
vn -0.6223 0.7326 0.2757
vn -0.2364 0.9218 0.3073
vn -0.4658 0.8526 0.2368
vn -0.0000 0.9463 0.3233
vn -0.3539 0.8808 0.3146
vn -0.0000 0.9494 0.3140
vn 0.3695 0.8800 0.2986
vn 0.2364 0.9218 0.3073
vn 0.5766 0.7819 0.2369
vn 0.7687 0.5883 0.2510
vn -0.5277 0.8034 0.2757
vn -0.1651 0.9595 0.2281
vn -0.6323 0.7350 0.2450
vn -0.8503 0.4881 0.1968
vn -0.9682 0.2440 0.0551
vn -0.8589 0.4728 0.1970
vn -0.8647 0.4716 0.1729
vn -0.9840 0.1259 -0.1259
vn -0.9928 0.0474 -0.1102
vn -0.9753 0.2202 0.0157
vn -0.9675 0.2517 -0.0236
vn -0.9909 0.0472 -0.1259
vn 0.7870 0.5666 0.2440
vn 0.9201 0.3067 0.2438
vn 0.6223 0.7326 0.2757
vn 0.4658 0.8526 0.2368
vn 0.3539 0.8808 0.3146
vn 0.8743 0.3938 0.2836
vn 0.9467 0.1657 0.2761
vn 0.9595 0.1652 0.2281
vn 0.9046 0.3382 0.2596
vn 0.8034 0.5277 0.2757
vn 0.5277 0.8034 0.2757
vn 0.1651 0.9595 0.2281
vn 0.6323 0.7350 0.2450
vn 0.8503 0.4881 0.1968
vn 0.9682 0.2440 0.0551
vn 0.8589 0.4728 0.1970
vn 0.8647 0.4716 0.1729
vn 0.9928 0.0473 -0.1103
vn 0.9840 0.1260 -0.1260
vn 0.9753 0.2202 0.0157
vn 0.9675 0.2517 -0.0236
vn 0.9910 0.0470 -0.1256
vn 0.2748 -0.9499 0.1491
vn 0.3398 -0.9405 -0.0000
vn 0.2588 -0.9658 -0.0157
vn 0.3459 -0.9276 0.1415
vn 0.6780 -0.6780 0.2838
vn 0.8192 -0.3466 0.4569
vn 0.8129 -0.2605 0.5209
vn 0.6706 -0.6785 0.2998
vn 0.8474 -0.4394 0.2981
vn 0.7100 -0.6863 0.1578
vn 0.9288 -0.3621 0.0787
vn 0.5359 -0.8433 0.0394
vn 0.4500 -0.8921 0.0395
vn 0.5907 -0.7324 -0.3387
vn 0.8493 -0.5269 -0.0315
vn 0.7628 -0.6291 -0.1494
vn 0.7108 -0.6160 -0.3396
vn 0.5441 -0.6703 -0.5047
vn 0.8087 -0.5023 -0.3061
vn 0.8982 -0.4254 -0.1103
vn 0.9403 -0.3161 -0.1264
vn 0.9562 -0.2924 -0.0158
vn 0.9766 -0.2127 -0.0315
vn 0.9861 -0.1499 0.0710
vn -0.3398 -0.9405 -0.0000
vn -0.2748 -0.9499 0.1491
vn -0.2590 -0.9657 -0.0157
vn -0.3459 -0.9276 0.1415
vn -0.6780 -0.6780 0.2838
vn -0.8192 -0.3466 0.4569
vn -0.8129 -0.2605 0.5209
vn -0.6706 -0.6785 0.2998
vn -0.8474 -0.4394 0.2981
vn -0.7100 -0.6863 0.1578
vn -0.9288 -0.3621 0.0787
vn -0.5359 -0.8433 0.0394
vn -0.4500 -0.8921 0.0395
vn -0.5907 -0.7324 -0.3387
vn -0.8493 -0.5269 -0.0315
vn -0.7628 -0.6291 -0.1494
vn -0.7108 -0.6160 -0.3396
vn -0.5441 -0.6703 -0.5047
vn -0.8087 -0.5023 -0.3061
vn -0.8982 -0.4254 -0.1103
vn -0.9403 -0.3161 -0.1264
vn -0.9562 -0.2924 -0.0158
vn -0.9766 -0.2127 -0.0315
vn -0.9861 -0.1499 0.0710
vn 0.9768 -0.0630 0.2048
vn 0.9824 -0.0472 0.1808
vn 0.9824 -0.0472 0.1809
vn 0.9672 -0.0708 0.2439
vn 0.9654 -0.0707 0.2511
vn 0.9629 -0.0947 0.2526
vn 0.9788 -0.0553 0.1973
vn 0.9824 -0.0472 0.1810
vn 0.9672 -0.0708 0.2438
vn 0.9622 -0.1027 0.2523
vn 0.9602 -0.1023 0.2598
vn 0.9710 -0.0310 0.2369
vn 0.9642 -0.0474 0.2608
vn 0.9583 -0.1021 0.2671
vn 0.9644 -0.0549 0.2587
vn 0.9622 -0.1024 0.2525
vn 0.9594 -0.1101 0.2595
vn 0.9659 -0.0628 0.2513
vn 0.9682 -0.0551 0.2440
vn 0.9792 -0.0474 0.1974
vn 0.9686 -0.0472 0.2441
vn 0.9813 -0.0392 0.1884
vn 0.9844 -0.0316 0.1733
vn 0.9708 -0.0395 0.2368
vn 0.9610 -0.0944 0.2600
vn 0.9602 -0.1023 0.2597
vn 0.9539 -0.1184 0.2759
vn 0.9643 -0.0790 0.2529
vn -0.9823 -0.0471 0.1810
vn -0.9768 -0.0630 0.2048
vn -0.9824 -0.0471 0.1809
vn -0.9824 -0.0472 0.1809
vn -0.9672 -0.0708 0.2439
vn -0.9654 -0.0707 0.2511
vn -0.9629 -0.0947 0.2526
vn -0.9788 -0.0553 0.1973
vn -0.9824 -0.0472 0.1808
vn -0.9672 -0.0707 0.2438
vn -0.9622 -0.1029 0.2522
vn -0.9602 -0.1023 0.2597
vn -0.9792 -0.0474 0.1974
vn -0.9710 -0.0315 0.2368
vn -0.9642 -0.0474 0.2608
vn -0.9813 -0.0392 0.1884
vn -0.9824 -0.0472 0.1807
vn -0.9844 -0.0315 0.1733
vn -0.9708 -0.0395 0.2368
vn -0.9583 -0.1021 0.2671
vn -0.9644 -0.0549 0.2587
vn -0.9622 -0.1025 0.2524
vn -0.9594 -0.1101 0.2595
vn -0.9659 -0.0628 0.2513
vn -0.9682 -0.0551 0.2441
vn -0.9672 -0.0708 0.2438
vn -0.9686 -0.0472 0.2441
vn -0.9610 -0.0945 0.2599
vn -0.9539 -0.1185 0.2758
vn -0.9643 -0.0790 0.2529
vn -0.8966 0.4404 -0.0472
vn -0.9157 0.2842 -0.2842
vn -0.9196 0.3930 -0.0000
vn -0.8019 0.5031 0.3223
vn -0.9462 0.3233 0.0158
vn -0.8357 0.4257 0.3469
vn -0.6951 0.4186 0.5845
vn -0.8292 0.4107 0.3791
vn 0.8966 0.4404 -0.0472
vn 0.9196 0.3930 -0.0000
vn 0.9157 0.2842 -0.2842
vn 0.8019 0.5031 0.3223
vn 0.9462 0.3233 0.0158
vn 0.8357 0.4257 0.3469
vn 0.6951 0.4186 0.5845
vn 0.8292 0.4107 0.3791
vn 0.6300 0.2993 0.7166
vn 0.4477 0.2828 0.8483
vn 0.6308 0.3627 0.6860
vn 0.7655 0.2525 0.5919
vn 0.7657 0.3157 0.5604
vn 0.7700 0.3928 0.5028
vn 0.8677 0.2919 0.4023
vn 0.8655 0.3619 0.3462
vn 0.8703 0.3921 0.2980
vn 0.9265 0.3455 0.1492
vn -0.6300 0.2993 0.7166
vn -0.4477 0.2828 0.8483
vn -0.6308 0.3627 0.6860
vn -0.7655 0.2525 0.5919
vn -0.7657 0.3157 0.5604
vn -0.7700 0.3928 0.5028
vn -0.8677 0.2919 0.4023
vn -0.8655 0.3619 0.3462
vn -0.8703 0.3921 0.2980
vn -0.9265 0.3455 0.1494
vn 0.3930 0.3537 0.8488
vn 0.4782 -0.0235 0.8780
vn 0.6324 -0.0079 0.7746
vn 0.0630 0.4495 0.8911
vn 0.6691 -0.3542 0.6533
vn 0.1414 0.0236 0.9897
vn -0.0789 0.5199 0.8506
vn 0.1488 -0.1179 0.9818
vn 0.5043 -0.4019 0.7643
vn 0.6552 -0.3315 0.6789
vn 0.5903 -0.5588 0.5825
vn 0.2286 -0.4100 0.8830
vn 0.1580 -0.4033 0.9013
vn 0.3766 -0.7218 0.5806
vn 0.3151 -0.9057 0.2835
vn 0.0709 -0.9778 0.1971
vn 0.1341 -0.7890 0.5996
vn 0.1346 -0.7992 0.5858
vn -0.0712 -0.9943 0.0789
vn -0.3930 0.3537 0.8488
vn -0.6324 -0.0079 0.7746
vn -0.4781 -0.0235 0.8780
vn -0.0630 0.4495 0.8911
vn -0.6691 -0.3542 0.6533
vn -0.1414 0.0236 0.9897
vn 0.0790 0.5199 0.8506
vn -0.1492 -0.1178 0.9818
vn -0.5043 -0.4019 0.7643
vn -0.6552 -0.3315 0.6789
vn -0.5903 -0.5588 0.5825
vn -0.2286 -0.4100 0.8830
vn -0.1579 -0.4033 0.9013
vn -0.3766 -0.7218 0.5806
vn -0.3151 -0.9057 0.2835
vn -0.0709 -0.9778 0.1971
vn -0.1341 -0.7890 0.5996
vn -0.1346 -0.7992 0.5858
vn 0.0712 -0.9943 0.0789
vn -0.6614 0.6693 0.3386
vn -0.0002 0.9196 0.3930
vn -0.6206 0.7149 0.3221
vn -0.9242 0.3476 0.1580
vn -0.0002 0.8678 0.4969
vn -0.9382 0.2996 0.1734
vn -0.9793 0.1895 0.0711
vn -0.9715 0.2054 0.1185
vn -0.6837 0.5502 0.4794
vn -0.0002 0.7526 0.6585
vn -0.0000 0.5655 0.8247
vn -0.9472 0.2526 0.1974
vn -0.9658 0.2120 0.1492
vn -0.9605 0.1968 0.1968
vn -0.9101 0.2511 0.3296
vn -0.9437 0.1573 0.2910
vn -0.8547 0.2195 0.4705
vn -0.6470 0.3629 0.6706
vn -0.5846 0.3081 0.7505
vn -0.0002 0.3632 0.9317
vn 0.0002 0.9195 0.3930
vn 0.6614 0.6693 0.3386
vn 0.6206 0.7149 0.3221
vn 0.0002 0.8678 0.4970
vn 0.9242 0.3476 0.1580
vn 0.6837 0.5502 0.4794
vn 0.0002 0.7526 0.6585
vn 0.9382 0.2996 0.1734
vn 0.9793 0.1895 0.0711
vn 0.9715 0.2054 0.1185
vn 0.9472 0.2526 0.1973
vn 0.9658 0.2120 0.1492
vn 0.9605 0.1968 0.1968
vn 0.9101 0.2511 0.3296
vn 0.9437 0.1573 0.2910
vn 0.8547 0.2195 0.4705
vn 0.6470 0.3629 0.6706
vn 0.5846 0.3081 0.7505
vn 0.0002 0.3632 0.9317
vn 0.8121 -0.0000 0.5835
vn 0.8121 -0.0000 0.5834
vn 0.8128 0.2446 0.5287
vn 0.8128 -0.2446 0.5287
vn 0.8128 0.3393 0.4735
vn 0.8128 -0.3393 0.4735
vn 0.8124 0.5048 0.2918
vn 0.8124 -0.5048 0.2918
vn 0.8125 0.5047 0.2918
vn 0.8121 0.5835 -0.0000
vn 0.8121 -0.5835 -0.0000
vn 0.8124 0.5048 -0.2918
vn 0.8124 -0.5048 -0.2918
vn 0.8125 -0.5047 -0.2918
vn 0.8128 0.3393 -0.4735
vn 0.8128 -0.3393 -0.4735
vn 0.8128 0.2446 -0.5287
vn 0.8128 -0.2446 -0.5287
vn 0.8122 -0.0000 -0.5834
vn 0.8121 -0.0000 -0.5834
vn 0.5590 0.4173 0.7165
vn 0.5586 0.6766 0.4798
vn 0.5602 -0.0000 0.8284
vn 0.5580 0.7544 0.3458
vn 0.5600 -0.0000 0.8285
vn 0.5599 0.8286 -0.0000
vn 0.5590 -0.4173 0.7165
vn 0.5596 0.8288 -0.0000
vn 0.5579 0.7544 -0.3458
vn 0.5586 -0.6766 0.4798
vn 0.5586 0.6766 -0.4799
vn 0.5579 -0.7544 0.3458
vn 0.5590 0.4173 -0.7165
vn 0.5596 -0.8288 -0.0000
vn 0.5590 0.4172 -0.7165
vn 0.5602 -0.8284 -0.0000
vn 0.5596 -0.0000 -0.8288
vn 0.5590 -0.7165 -0.4173
vn 0.5603 -0.0000 -0.8283
vn 0.5579 -0.3458 -0.7544
vn 0.5586 -0.4799 -0.6766
vn -0.7394 0.5821 -0.3383
vn -0.7402 0.6694 -0.0630
vn -0.7394 0.3382 -0.5821
vn -0.7402 0.6694 0.0630
vn -0.7394 0.3383 -0.5821
vn -0.7382 0.6125 0.2827
vn -0.7417 -0.0000 -0.6707
vn -0.7400 0.5511 0.3857
vn -0.7418 -0.0000 -0.6707
vn -0.7394 0.3382 0.5821
vn -0.7382 -0.2827 -0.6125
vn -0.7400 -0.3857 -0.5511
vn -0.7416 -0.0000 0.6708
vn -0.7394 -0.5821 -0.3383
vn -0.7417 -0.0000 0.6708
vn -0.7394 -0.3383 0.5821
vn -0.7418 -0.6707 -0.0000
vn -0.7394 -0.3384 0.5820
vn -0.7417 -0.6707 -0.0000
vn -0.7400 -0.5511 0.3857
vn -0.7382 -0.6125 0.2827
vn 0.7382 -0.2827 -0.6125
vn 0.7417 -0.0000 -0.6707
vn 0.7394 0.3383 -0.5821
vn 0.7400 -0.3857 -0.5511
vn 0.7394 0.3382 -0.5821
vn 0.7394 -0.5821 -0.3384
vn 0.7394 0.5821 -0.3382
vn 0.7394 -0.5821 -0.3382
vn 0.7394 0.5821 -0.3383
vn 0.7417 -0.6707 -0.0000
vn 0.7403 0.6694 -0.0630
vn 0.7417 -0.6708 -0.0000
vn 0.7403 0.6694 0.0630
vn 0.7382 -0.6125 0.2827
vn 0.7382 0.6125 0.2827
vn 0.7400 -0.5511 0.3857
vn 0.7400 0.5511 0.3857
vn 0.7394 -0.3383 0.5821
vn 0.7394 0.3382 0.5821
vn 0.7394 0.3381 0.5821
vn 0.7416 -0.0000 0.6708
vn 0.7417 -0.0000 0.6708
vn 0.8921 0.4500 0.0395
vn 0.8903 0.3939 0.2285
vn 0.8915 0.2603 0.3708
vn 0.8921 0.4500 -0.0395
vn 0.8920 0.1895 0.4104
vn 0.8920 0.4105 -0.1895
vn 0.8927 -0.0000 0.4507
vn 0.8915 0.3708 -0.2603
vn 0.8915 0.2603 -0.3708
vn 0.8920 -0.1895 0.4105
vn 0.8915 -0.2603 0.3708
vn 0.8921 0.0395 -0.4500
vn 0.8903 -0.3939 0.2285
vn 0.8921 -0.0395 -0.4500
vn 0.8903 -0.2285 -0.3939
vn 0.8927 -0.4507 -0.0000
vn 0.8903 -0.3939 -0.2285
vn 0.8203 0.2366 0.5206
vn 0.8225 -0.0000 0.5688
vn 0.8222 -0.0000 0.5692
vn 0.8204 -0.2366 0.5206
vn 0.8206 0.3314 0.4655
vn 0.8206 -0.3314 0.4655
vn 0.8206 0.4656 0.3314
vn 0.8201 -0.4968 0.2839
vn 0.8203 0.5206 0.2367
vn 0.8213 0.5686 0.0473
vn 0.8222 -0.5692 -0.0000
vn 0.8213 0.5686 -0.0474
vn 0.8225 -0.5688 -0.0000
vn 0.8203 0.5206 -0.2366
vn 0.8201 -0.4968 -0.2839
vn 0.8206 0.4655 -0.3314
vn 0.8201 0.2839 -0.4968
vn 0.8206 -0.3314 -0.4655
vn 0.8203 -0.2366 -0.5206
vn 0.8223 -0.0000 -0.5691
vn 0.8222 -0.0000 -0.5692
vn -0.8128 0.3393 -0.4735
vn -0.8124 0.5048 -0.2918
vn -0.8121 0.5835 -0.0000
vn -0.8128 0.2446 -0.5287
vn -0.8121 -0.0000 -0.5835
vn -0.8124 0.5048 0.2918
vn -0.8128 -0.2446 -0.5287
vn -0.8128 0.3393 0.4735
vn -0.8128 -0.3393 -0.4735
vn -0.8128 0.2446 0.5287
vn -0.8124 -0.5048 -0.2918
vn -0.8121 -0.0000 0.5835
vn -0.8125 -0.5047 -0.2918
vn -0.8121 -0.5835 -0.0000
vn -0.8128 -0.2446 0.5287
vn -0.8128 -0.3393 0.4735
vn -0.8124 -0.5048 0.2918
vn -0.5590 -0.4172 0.7165
vn -0.5586 -0.6766 0.4799
vn -0.5590 -0.4173 0.7165
vn -0.5602 -0.0000 0.8284
vn -0.5580 -0.7544 0.3458
vn -0.5603 -0.0000 0.8283
vn -0.5602 -0.8284 -0.0000
vn -0.5590 0.4173 0.7165
vn -0.5600 -0.8285 -0.0000
vn -0.5590 -0.7165 -0.4173
vn -0.5586 0.6766 0.4799
vn -0.5579 0.7544 0.3458
vn -0.5586 -0.4798 -0.6766
vn -0.5596 0.8288 -0.0000
vn -0.5580 -0.3459 -0.7544
vn -0.5602 -0.0000 -0.8284
vn -0.5580 0.7544 -0.3458
vn -0.5586 0.6766 -0.4799
vn -0.5590 0.4173 -0.7165
vn -0.8903 0.3939 0.2285
vn -0.8921 0.4500 0.0395
vn -0.8915 0.2603 0.3708
vn -0.8921 0.4500 -0.0395
vn -0.8920 0.1895 0.4105
vn -0.8920 0.4105 -0.1895
vn -0.8927 -0.0000 0.4507
vn -0.8915 0.3708 -0.2603
vn -0.8915 0.2603 -0.3708
vn -0.8920 -0.1895 0.4104
vn -0.8920 0.1895 -0.4104
vn -0.8915 -0.2603 0.3708
vn -0.8921 0.0395 -0.4500
vn -0.8903 -0.3939 0.2285
vn -0.8921 -0.0395 -0.4500
vn -0.8903 -0.2285 -0.3939
vn -0.8927 -0.4507 -0.0000
vn -0.8903 -0.3939 -0.2284
vn -0.8225 -0.0000 0.5688
vn -0.8204 0.2366 0.5206
vn -0.8203 -0.2366 0.5206
vn -0.8206 0.3314 0.4655
vn -0.8206 -0.3314 0.4655
vn -0.8206 0.4656 0.3314
vn -0.8201 -0.4968 0.2839
vn -0.8204 0.5206 0.2367
vn -0.8213 0.5686 0.0473
vn -0.8223 -0.5691 -0.0000
vn -0.8213 0.5686 -0.0474
vn -0.8222 -0.5692 -0.0000
vn -0.8204 0.5206 -0.2366
vn -0.8201 -0.4968 -0.2839
vn -0.8206 0.4655 -0.3314
vn -0.8201 0.2839 -0.4968
vn -0.8206 -0.3314 -0.4655
vn -0.8203 -0.2366 -0.5206
vn -0.8225 -0.0000 -0.5688
vn -0.8222 -0.0000 -0.5692
vn 0.9951 -0.0475 0.0868
vn 0.9951 -0.0869 0.0474
vn 0.9947 -0.0000 0.1025
vn 0.9947 -0.1026 -0.0000
vn 0.9951 0.0474 0.0869
vn 0.9951 -0.0868 -0.0475
vn 0.9951 0.0869 0.0474
vn 0.9951 -0.0475 -0.0868
vn 0.9947 0.1025 -0.0000
vn 0.9947 -0.0000 -0.1025
vn 0.9951 0.0868 -0.0475
vn 0.9951 0.0475 -0.0868
vn -0.9951 -0.0475 0.0868
vn -0.9951 -0.0869 0.0474
vn -0.9947 -0.0000 0.1026
vn -0.9947 -0.1026 -0.0000
vn -0.9951 0.0474 0.0869
vn -0.9951 -0.0869 -0.0474
vn -0.9951 0.0869 0.0474
vn -0.9951 -0.0476 -0.0868
vn -0.9947 0.1026 -0.0000
vn -0.9947 -0.0000 -0.1026
vn -0.9951 0.0869 -0.0474
vn -0.9951 0.0474 -0.0869
vt 0.723633 0.194336
vt 0.722656 0.213379
vt 0.715332 0.193848
vt 0.710449 0.212402
vt 0.723633 0.171387
vt 0.725586 0.171875
vt 0.788086 0.193848
vt 0.780273 0.213379
vt 0.779785 0.194336
vt 0.792969 0.212891
vt 0.779785 0.171875
vt 0.777832 0.171875
vt 0.906738 0.220703
vt 0.906738 0.247559
vt 0.900879 0.222168
vt 0.901367 0.247559
vt 0.899902 0.275391
vt 0.905762 0.274902
vt 0.928223 0.222656
vt 0.921875 0.247559
vt 0.922852 0.220703
vt 0.927246 0.247559
vt 0.927734 0.275879
vt 0.921875 0.275391
vt 0.496826 0.074219
vt 0.479736 0.071289
vt 0.497559 0.072266
vt 0.479492 0.068848
vt 0.501953 0.071777
vt 0.503906 0.074707
vt 0.464355 0.214355
vt 0.486084 0.211914
vt 0.462891 0.217773
vt 0.487793 0.208496
vt 0.462891 0.153320
vt 0.451904 0.158203
vt 0.448486 0.155273
vt 0.462646 0.155762
vt 0.475830 0.148926
vt 0.474854 0.152832
vt 0.489014 0.145508
vt 0.480225 0.152832
vt 0.617676 0.010254
vt 0.612305 0.024414
vt 0.608887 0.010742
vt 0.618164 0.023926
vt 0.616699 0.040039
vt 0.619141 0.040039
vt 0.479980 0.125488
vt 0.497803 0.118652
vt 0.479980 0.127930
vt 0.497070 0.116699
vt 0.501953 0.119141
vt 0.504395 0.116211
vt 0.329102 0.035645
vt 0.336670 0.011719
vt 0.332520 0.033691
vt 0.340332 0.010742
vt 0.405518 0.159180
vt 0.415771 0.164551
vt 0.405518 0.161133
vt 0.419434 0.162109
vt 0.393066 0.153320
vt 0.393555 0.156738
vt 0.388184 0.156250
vt 0.380371 0.147949
vt 0.659180 0.011230
vt 0.664551 0.024902
vt 0.658203 0.024414
vt 0.667969 0.011719
vt 0.659180 0.040527
vt 0.656738 0.040527
vt 0.495117 0.153809
vt 0.500977 0.146973
vt 0.508301 0.160645
vt 0.513184 0.152344
vt 0.523438 0.157227
vt 0.464600 0.090332
vt 0.482178 0.089844
vt 0.482178 0.096680
vt 0.499756 0.089844
vt 0.515625 0.096680
vt 0.499512 0.096680
vt 0.373291 0.156250
vt 0.367920 0.148438
vt 0.359131 0.161621
vt 0.355469 0.152344
vt 0.344727 0.156738
vt 0.464600 0.103516
vt 0.482178 0.104004
vt 0.499756 0.103516
vt 0.420166 0.055176
vt 0.410156 0.051270
vt 0.410889 0.048828
vt 0.418457 0.058105
vt 0.406738 0.064453
vt 0.418945 0.061523
vt 0.406982 0.066895
vt 0.421387 0.059082
vt 0.391602 0.047852
vt 0.391602 0.049805
vt 0.366455 0.046875
vt 0.358154 0.053711
vt 0.354980 0.053223
vt 0.366943 0.049316
vt 0.363525 0.061523
vt 0.364502 0.059570
vt 0.388672 0.062012
vt 0.388184 0.064453
vt 0.953613 0.570801
vt 0.957031 0.571045
vt 0.953613 0.573242
vt 0.957520 0.573242
vt 0.953125 0.641602
vt 0.954102 0.664795
vt 0.952148 0.665771
vt 0.955078 0.641846
vt 0.949219 0.641602
vt 0.948242 0.666504
vt 0.946777 0.665039
vt 0.947266 0.641357
vt 0.960449 0.635498
vt 0.957031 0.635254
vt 0.944824 0.633789
vt 0.941406 0.633789
vt 0.960938 0.597412
vt 0.963867 0.597168
vt 0.947754 0.596680
vt 0.944336 0.595703
vt 0.957031 0.590820
vt 0.960449 0.590576
vt 0.949707 0.590088
vt 0.952637 0.590576
vt 0.960449 0.572754
vt 0.951172 0.572510
vt 0.952148 0.568848
vt 0.958496 0.568848
vt 0.935547 0.558350
vt 0.936035 0.555176
vt 0.937500 0.557617
vt 0.933594 0.556641
vt 0.972656 0.558838
vt 0.977051 0.558105
vt 0.974609 0.560059
vt 0.975098 0.556396
vt 0.917969 0.586914
vt 0.915039 0.585693
vt 0.910156 0.616943
vt 0.912598 0.616699
vt 0.915527 0.632080
vt 0.924316 0.629395
vt 0.988770 0.579346
vt 0.998047 0.603516
vt 0.994629 0.603516
vt 0.985840 0.580811
vt 0.953613 0.670654
vt 0.948242 0.671143
vt 0.903809 0.501953
vt 0.901855 0.513916
vt 0.899902 0.513428
vt 0.895508 0.499512
vt 0.903809 0.514648
vt 0.912598 0.503662
vt 0.934082 0.521973
vt 0.932129 0.521484
vt 0.925293 0.489258
vt 0.891113 0.499512
vt 0.896484 0.517578
vt 0.900879 0.518555
vt 0.916992 0.505371
vt 0.905762 0.519775
vt 0.902832 0.475098
vt 0.904785 0.480469
vt 0.912598 0.483887
vt 0.916504 0.480957
vt 0.961426 0.525391
vt 0.970215 0.507080
vt 0.972656 0.508789
vt 0.961914 0.528320
vt 0.959961 0.527832
vt 0.959473 0.503418
vt 0.961914 0.501465
vt 0.976562 0.425293
vt 0.983398 0.428223
vt 0.981934 0.430664
vt 0.978516 0.422852
vt 0.986816 0.441895
vt 0.983887 0.442383
vt 0.950195 0.418457
vt 0.947266 0.433594
vt 0.944336 0.433105
vt 0.948242 0.416016
vt 0.960449 0.416016
vt 0.959961 0.418945
vt 0.891113 0.033203
vt 0.873535 0.062500
vt 0.887695 0.033203
vt 0.869629 0.062012
vt 0.892090 0.025391
vt 0.891113 0.028320
vt 0.883789 0.026855
vt 0.959473 0.128906
vt 0.957520 0.112305
vt 0.960449 0.112305
vt 0.954590 0.133789
vt 0.961426 0.084961
vt 0.952148 0.072754
vt 0.864258 0.184082
vt 0.852051 0.185059
vt 0.854004 0.180176
vt 0.867676 0.180664
vt 0.960449 0.060059
vt 0.952148 0.051758
vt 0.965820 0.035645
vt 0.955566 0.029297
vt 0.964355 0.012695
vt 0.858398 0.015625
vt 0.859863 0.040039
vt 0.882324 0.007812
vt 0.968262 0.223145
vt 0.985840 0.201660
vt 0.986328 0.222656
vt 0.882812 0.000000
vt 0.848145 0.004883
vt 0.889160 0.003906
vt 0.857422 0.061035
vt 0.913574 0.063965
vt 0.916992 0.063477
vt 0.916016 0.067871
vt 0.918945 0.066406
vt 0.928711 0.019531
vt 0.925781 0.017578
vt 0.881348 0.181641
vt 0.894043 0.195312
vt 0.893555 0.200195
vt 0.885254 0.181152
vt 0.908691 0.183594
vt 0.905273 0.182129
vt 0.892578 0.124023
vt 0.895996 0.125488
vt 0.911621 0.126465
vt 0.915039 0.125977
vt 0.905762 0.115234
vt 0.906250 0.110352
vt 0.582520 0.145020
vt 0.620117 0.160156
vt 0.580566 0.149902
vt 0.619141 0.165039
vt 0.568848 0.135254
vt 0.571289 0.130859
vt 0.541992 0.125000
vt 0.542480 0.120117
vt 0.304932 0.130371
vt 0.317383 0.119629
vt 0.319580 0.121582
vt 0.305908 0.132812
vt 0.272949 0.130859
vt 0.258057 0.122559
vt 0.260010 0.121094
vt 0.271973 0.133301
vt 0.288818 0.133789
vt 0.288818 0.136230
vt 0.310791 0.150391
vt 0.317139 0.144043
vt 0.259033 0.096680
vt 0.250488 0.080566
vt 0.259277 0.080566
vt 0.245361 0.135742
vt 0.242798 0.127441
vt 0.339844 0.120605
vt 0.322998 0.113281
vt 0.338867 0.111816
vt 0.344727 0.131348
vt 0.347900 0.123535
vt 0.335693 0.130371
vt 0.765625 0.447266
vt 0.765625 0.519775
vt 0.761719 0.446777
vt 0.761230 0.520264
vt 0.773926 0.617676
vt 0.752930 0.638672
vt 0.771484 0.614746
vt 0.755859 0.641357
vt 0.786133 0.547852
vt 0.791504 0.592773
vt 0.783203 0.548828
vt 0.788086 0.591553
vt 0.783691 0.548584
vt 0.760742 0.522705
vt 0.675293 0.611816
vt 0.680176 0.618896
vt 0.671875 0.614014
vt 0.683594 0.616699
vt 0.671387 0.602295
vt 0.675293 0.594971
vt 0.773438 0.437988
vt 0.779785 0.439941
vt 0.780273 0.445801
vt 0.887695 0.446777
vt 0.884277 0.519531
vt 0.883789 0.446777
vt 0.888672 0.520020
vt 0.896973 0.638428
vt 0.875977 0.617432
vt 0.878906 0.614502
vt 0.894043 0.641113
vt 0.866699 0.548584
vt 0.858398 0.592529
vt 0.863281 0.547607
vt 0.861816 0.591553
vt 0.866211 0.548584
vt 0.888672 0.522461
vt 0.680176 0.628418
vt 0.674316 0.635010
vt 0.671387 0.632812
vt 0.683105 0.630859
vt 0.673828 0.651855
vt 0.670410 0.644287
vt 0.875488 0.437988
vt 0.869141 0.445801
vt 0.869629 0.439941
vt 0.780762 0.355957
vt 0.840820 0.367676
vt 0.839355 0.371094
vt 0.782227 0.351562
vt 0.924316 0.368164
vt 0.897461 0.382324
vt 0.922363 0.364746
vt 0.898926 0.385254
vt 0.887207 0.391113
vt 0.857422 0.386230
vt 0.886719 0.388184
vt 0.858398 0.382812
vt 0.743164 0.321289
vt 0.751953 0.316895
vt 0.754883 0.324707
vt 0.746094 0.331055
vt 0.924316 0.325684
vt 0.971191 0.339844
vt 0.924316 0.339844
vt 0.970703 0.327148
vt 0.907715 0.325195
vt 0.908203 0.338867
vt 0.851074 0.319824
vt 0.851562 0.338867
vt 0.752441 0.566406
vt 0.758789 0.567627
vt 0.750977 0.572998
vt 0.762207 0.574951
vt 0.752441 0.304688
vt 0.743652 0.308105
vt 0.909668 0.293457
vt 0.934082 0.318848
vt 0.909668 0.321777
vt 0.934082 0.293457
vt 0.824707 0.438965
vt 0.786133 0.434082
vt 0.793457 0.422852
vt 0.829102 0.451172
vt 0.770508 0.427734
vt 0.778320 0.406250
vt 0.733887 0.394531
vt 0.719238 0.405762
vt 0.724609 0.387695
vt 0.714355 0.387207
vt 0.842285 0.446289
vt 0.842773 0.455566
vt 0.717773 0.354492
vt 0.723633 0.363770
vt 0.715332 0.357910
vt 0.725586 0.360840
vt 0.722168 0.351074
vt 0.736816 0.351074
vt 0.743652 0.345703
vt 0.765137 0.347168
vt 0.752930 0.338867
vt 0.760742 0.333984
vt 0.756836 0.353516
vt 0.765137 0.331543
vt 0.769043 0.344238
vt 0.766602 0.558838
vt 0.766113 0.570801
vt 0.759277 0.556152
vt 0.668945 0.623291
vt 0.680176 0.623535
vt 0.668457 0.629639
vt 0.668945 0.616943
vt 0.515625 0.086914
vt 0.515625 0.106445
vt 0.351562 0.018555
vt 0.350342 0.008301
vt 0.464600 0.096680
vt 0.990234 0.493652
vt 0.987305 0.492188
vt 0.928223 0.489258
vt 0.927246 0.458984
vt 0.930176 0.460449
vt 0.940918 0.449707
vt 0.943359 0.451660
vt 0.934570 0.513672
vt 0.943848 0.494141
vt 0.945312 0.497559
vt 0.969238 0.416992
vt 0.968262 0.419922
vt 0.973633 0.418457
vt 0.971680 0.420898
vt 0.871582 0.229980
vt 0.866211 0.223633
vt 0.869629 0.220215
vt 0.874023 0.224609
vt 0.978516 0.037598
vt 0.978516 0.021484
vt 0.983887 0.021973
vt 0.986816 0.037598
vt 0.978027 0.064941
vt 0.990234 0.064941
vt 0.978516 0.015137
vt 0.981934 0.017090
vt 0.978027 0.089844
vt 0.991699 0.089844
vt 0.990723 0.114746
vt 0.978027 0.114746
vt 0.978027 0.137207
vt 0.995605 0.137207
vt 0.967773 0.146484
vt 0.984863 0.181152
vt 0.967773 0.181641
vt 0.983887 0.146484
vt 0.935547 0.012695
vt 0.936035 0.016602
vt 0.927734 0.086914
vt 0.936035 0.087402
vt 0.935547 0.090820
vt 0.925781 0.090332
vt 0.540039 0.232910
vt 0.570312 0.232910
vt 0.570312 0.248535
vt 0.540039 0.248535
vt 0.582031 0.233398
vt 0.582031 0.248535
vt 0.544922 0.113770
vt 0.573730 0.124023
vt 0.577637 0.126953
vt 0.586914 0.139160
vt 0.622070 0.153809
vt 0.262695 0.148926
vt 0.252197 0.106934
vt 0.249756 0.107910
vt 0.276367 0.080566
vt 0.276367 0.096680
vt 0.327637 0.080566
vt 0.344727 0.096680
vt 0.327637 0.096680
vt 0.344727 0.080566
vt 0.327637 0.063965
vt 0.344727 0.063965
vt 0.310547 0.063965
vt 0.310547 0.080566
vt 0.293457 0.063965
vt 0.293457 0.080566
vt 0.276367 0.063965
vt 0.259277 0.063965
vt 0.250732 0.063965
vt 0.242065 0.063965
vt 0.241943 0.080566
vt 0.250244 0.096680
vt 0.241821 0.096191
vt 0.817871 0.313477
vt 0.821777 0.293945
vt 0.821777 0.313477
vt 0.817871 0.293945
vt 0.972168 0.318359
vt 0.972168 0.293457
vt 0.859863 0.293945
vt 0.859863 0.318359
vt 0.847656 0.318359
vt 0.847656 0.293945
vt 0.992676 0.316406
vt 0.992676 0.292969
vt 0.863770 0.445801
vt 0.863770 0.455078
vt 0.986328 0.274902
vt 0.961426 0.274902
vt 0.961426 0.266602
vt 0.986816 0.266602
vt 0.961914 0.238770
vt 0.986816 0.239258
vt 0.947754 0.279785
vt 0.953613 0.252441
vt 0.954590 0.244141
vt 0.879883 0.278809
vt 0.875000 0.251465
vt 0.874023 0.243164
vt 0.907715 0.481934
vt 0.958984 0.134277
vt 0.955566 0.137207
vt 0.960449 0.137695
vt 0.956543 0.141113
vt 0.907715 0.119629
vt 0.312744 0.101562
vt 0.324463 0.105469
vt 0.310303 0.106934
vt 0.320801 0.112305
vt 0.307861 0.111816
vt 0.299316 0.119141
vt 0.288818 0.121582
vt 0.277832 0.119629
vt 0.269043 0.112793
vt 0.263916 0.102539
vt 0.419434 0.165527
vt 0.421875 0.162598
vt 0.421875 0.166016
vt 0.424561 0.163086
vt 0.491699 0.168457
vt 0.487305 0.167969
vt 0.491699 0.178223
vt 0.487305 0.178223
vt 0.491943 0.187988
vt 0.487549 0.187988
vt 0.487549 0.198242
vt 0.491943 0.198242
vt 0.491943 0.208008
vt 0.736816 0.228027
vt 0.711426 0.228027
vt 0.720215 0.236328
vt 0.738770 0.229492
vt 0.730469 0.241211
vt 0.741211 0.230957
vt 0.740723 0.245117
vt 0.743652 0.231934
vt 0.748535 0.231934
vt 0.752441 0.247070
vt 0.795898 0.338867
vt 0.778809 0.348145
vt 0.783203 0.326660
vt 0.771973 0.341309
vt 0.986328 0.339844
vt 0.985840 0.335938
vt 0.985352 0.326660
vt 0.737793 0.333984
vt 0.736816 0.329102
vt 0.734375 0.323242
vt 0.735352 0.294434
vt 0.743652 0.294434
vt 0.728027 0.322754
vt 0.729004 0.293945
vt 0.721680 0.322754
vt 0.722656 0.293945
vt 0.712891 0.322266
vt 0.713867 0.293457
vt 0.706543 0.321777
vt 0.707520 0.293457
vt 0.700195 0.321289
vt 0.700684 0.293457
vt 0.842773 0.317383
vt 0.842773 0.293945
vt 0.837891 0.316895
vt 0.837891 0.293945
vt 0.831543 0.315430
vt 0.831543 0.293945
vt 0.826660 0.314453
vt 0.826660 0.293945
vt 0.731934 0.065918
vt 0.724121 0.045898
vt 0.726074 0.044922
vt 0.734863 0.063477
vt 0.740234 0.066895
vt 0.740723 0.064941
vt 0.746582 0.065430
vt 0.747559 0.067871
vt 0.751953 0.065430
vt 0.751953 0.068359
vt 0.756836 0.067871
vt 0.757812 0.065430
vt 0.764160 0.066895
vt 0.763672 0.064941
vt 0.769531 0.063965
vt 0.772461 0.065918
vt 0.778320 0.044922
vt 0.780273 0.045898
vt 0.482422 0.024902
vt 0.472168 0.035645
vt 0.473389 0.024902
vt 0.486816 0.046387
vt 0.483154 0.047363
vt 0.433105 0.024902
vt 0.455078 0.035645
vt 0.432617 0.035645
vt 0.456299 0.024902
vt 0.423828 0.024902
vt 0.423584 0.036133
vt 0.395996 0.025391
vt 0.395508 0.036133
vt 0.367676 0.036133
vt 0.365479 0.025391
vt 0.363037 0.036133
vt 0.360352 0.025391
vt 0.365234 0.091309
vt 0.367676 0.096191
vt 0.363525 0.096191
vt 0.368652 0.092773
vt 0.395996 0.085938
vt 0.395264 0.087891
vt 0.426270 0.081055
vt 0.426514 0.079590
vt 0.435791 0.077148
vt 0.437988 0.078125
vt 0.460449 0.071777
vt 0.460449 0.073730
vt 0.446045 0.155273
vt 0.445557 0.158691
vt 0.443359 0.155762
vt 0.448242 0.158203
vt 0.367188 0.007812
vt 0.368408 0.018555
vt 0.389893 0.007812
vt 0.390625 0.018066
vt 0.403320 0.007812
vt 0.403564 0.018555
vt 0.430664 0.007324
vt 0.431396 0.018066
vt 0.458496 0.018066
vt 0.460693 0.007324
vt 0.463379 0.018066
vt 0.465820 0.007324
vt 0.365234 0.101074
vt 0.368652 0.099609
vt 0.395996 0.105957
vt 0.395508 0.104492
vt 0.426514 0.110352
vt 0.426758 0.112305
vt 0.438232 0.118652
vt 0.436035 0.120117
vt 0.460693 0.125000
vt 0.460693 0.123047
vt 0.502441 0.169922
vt 0.502930 0.179199
vt 0.502930 0.187988
vt 0.502930 0.197266
vt 0.502930 0.206055
vt 0.520508 0.206055
vt 0.520508 0.197754
vt 0.520020 0.187988
vt 0.520020 0.178223
vt 0.520020 0.169434
vt 0.968262 0.563965
vt 0.969238 0.567139
vt 0.962402 0.568604
vt 0.962891 0.572754
vt 0.942383 0.563232
vt 0.941895 0.565674
vt 0.949707 0.568604
vt 0.948730 0.572754
vt 0.925781 0.646973
vt 0.919434 0.648682
vt 0.927246 0.663818
vt 0.925293 0.665527
vt 0.986816 0.640625
vt 0.982422 0.638916
vt 0.978516 0.653809
vt 0.974609 0.650635
vt 0.968262 0.665039
vt 0.965332 0.660645
vt 0.937500 0.670654
vt 0.938965 0.665039
vt 0.990234 0.455566
vt 0.986328 0.456543
vt 0.024170 0.280762
vt 0.028839 0.292480
vt 0.024170 0.292480
vt 0.028839 0.280762
vt 0.024170 0.269043
vt 0.028839 0.269043
vt 0.028839 0.256836
vt 0.024170 0.256836
vt 0.028839 0.245117
vt 0.024170 0.245117
vt 0.024170 0.233398
vt 0.028839 0.233398
vt 0.028839 0.221680
vt 0.024170 0.221680
vt 0.028839 0.209961
vt 0.024170 0.209961
vt 0.024155 0.197754
vt 0.028839 0.197754
vt 0.028839 0.186035
vt 0.024170 0.186035
vt 0.028839 0.174316
vt 0.024170 0.174316
vt 0.028839 0.162598
vt 0.024170 0.162598
vt 0.028839 0.150879
vt 0.024170 0.150879
vt 0.011002 0.315430
vt 0.016571 0.301758
vt 0.016571 0.315430
vt 0.011002 0.301758
vt 0.016571 0.287598
vt 0.011002 0.287598
vt 0.016571 0.273926
vt 0.011276 0.273926
vt 0.016571 0.260254
vt 0.011276 0.260254
vt 0.016571 0.246094
vt 0.011002 0.246094
vt 0.016571 0.232422
vt 0.011002 0.232422
vt 0.016571 0.218262
vt 0.011002 0.218262
vt 0.016571 0.204590
vt 0.011276 0.204590
vt 0.016846 0.190918
vt 0.011276 0.190918
vt 0.016571 0.176758
vt 0.010994 0.176758
vt 0.016846 0.163086
vt 0.011002 0.163086
vt 0.016571 0.149414
vt 0.011276 0.149414
vt 0.122131 0.043945
vt 0.138428 0.052246
vt 0.122131 0.052246
vt 0.138428 0.043945
vt 0.154785 0.052246
vt 0.154785 0.043945
vt 0.171143 0.052246
vt 0.171143 0.043945
vt 0.187500 0.052246
vt 0.187500 0.043945
vt 0.203857 0.052246
vt 0.203857 0.043945
vt 0.220215 0.052246
vt 0.220215 0.043945
vt 0.236572 0.052246
vt 0.236572 0.043945
vt 0.252930 0.052246
vt 0.252930 0.043945
vt 0.269287 0.052246
vt 0.269287 0.043945
vt 0.285645 0.052246
vt 0.285645 0.043945
vt 0.302002 0.052246
vt 0.302002 0.043945
vt 0.318359 0.052246
vt 0.318359 0.043945
vt 0.318604 0.034668
vt 0.297852 0.027344
vt 0.318604 0.027344
vt 0.297852 0.034668
vt 0.277100 0.027344
vt 0.277100 0.034668
vt 0.256348 0.027344
vt 0.256348 0.034668
vt 0.235596 0.027344
vt 0.235596 0.034668
vt 0.214722 0.027344
vt 0.214722 0.034668
vt 0.193970 0.027344
vt 0.193970 0.034668
vt 0.173096 0.027344
vt 0.173096 0.034668
vt 0.152344 0.034668
vt 0.152344 0.027344
vt 0.131592 0.027344
vt 0.131592 0.034668
vt 0.110779 0.027344
vt 0.110779 0.034668
vt 0.089966 0.027344
vt 0.089966 0.034668
vt 0.069214 0.027344
vt 0.069214 0.034668
vt 0.036804 0.006836
vt 0.011169 0.021484
vt 0.011169 0.006836
vt 0.036804 0.021484
vt 0.062439 0.006836
vt 0.062439 0.021484
vt 0.088074 0.021484
vt 0.088074 0.006836
vt 0.113708 0.006836
vt 0.113708 0.021484
vt 0.139404 0.021484
vt 0.139404 0.006836
vt 0.165039 0.021484
vt 0.165039 0.006836
vt 0.190674 0.006836
vt 0.190674 0.021484
vt 0.216309 0.021484
vt 0.216309 0.006836
vt 0.241943 0.021484
vt 0.241943 0.006836
vt 0.267578 0.006836
vt 0.267578 0.021484
vt 0.293213 0.006836
vt 0.293213 0.021484
vt 0.318848 0.021484
vt 0.318848 0.006836
vt 0.866699 0.119141
vt 0.854492 0.119141
vt 0.869629 0.136719
vt 0.857422 0.137695
vt 0.970703 0.202148
vt 0.955566 0.208496
vt 0.955566 0.223145
vt 0.968262 0.187500
vt 0.984863 0.187012
vt 0.949219 0.182129
vt 0.947754 0.174805
vt 0.920898 0.079102
vt 0.923828 0.077637
vt 0.633789 0.195801
vt 0.618652 0.198730
vt 0.627930 0.159180
vt 0.270264 0.100586
vt 0.273926 0.108398
vt 0.280518 0.113770
vt 0.288574 0.115723
vt 0.296631 0.113770
vt 0.302979 0.107910
vt 0.304443 0.104004
vt 0.306152 0.100098
vt 0.277344 0.165527
vt 0.293945 0.178711
vt 0.272705 0.173340
vt 0.293945 0.169922
vt 0.314941 0.173340
vt 0.310547 0.165527
vt 0.330322 0.157715
vt 0.322510 0.153320
vt 0.776367 0.641357
vt 0.759766 0.647705
vt 0.791992 0.633789
vt 0.802734 0.628906
vt 0.803223 0.590820
vt 0.817871 0.622803
vt 0.817871 0.586426
vt 0.825195 0.621338
vt 0.801270 0.543945
vt 0.825195 0.585449
vt 0.815918 0.541016
vt 0.832031 0.586426
vt 0.832031 0.622803
vt 0.824707 0.540527
vt 0.846680 0.590820
vt 0.847168 0.628906
vt 0.833984 0.541016
vt 0.858398 0.633545
vt 0.873535 0.641113
vt 0.890137 0.647461
vt 0.848633 0.543701
vt 0.848145 0.486816
vt 0.834961 0.491699
vt 0.847656 0.486816
vt 0.864258 0.478027
vt 0.878418 0.448730
vt 0.868652 0.451660
vt 0.857422 0.473145
vt 0.845215 0.479980
vt 0.834473 0.482422
vt 0.824707 0.485352
vt 0.824707 0.493652
vt 0.814453 0.491699
vt 0.814941 0.482422
vt 0.801758 0.486816
vt 0.804199 0.480469
vt 0.801270 0.486816
vt 0.785156 0.478027
vt 0.791992 0.473145
vt 0.780762 0.451660
vt 0.770996 0.448730
vt 0.795410 0.468262
vt 0.783691 0.446777
vt 0.804688 0.475586
vt 0.816895 0.478027
vt 0.824707 0.479492
vt 0.833008 0.478027
vt 0.844727 0.475586
vt 0.854004 0.468262
vt 0.865723 0.446777
vt 0.802734 0.308594
vt 0.802246 0.293945
vt 0.780762 0.305176
vt 0.780762 0.294434
vt 0.771484 0.298828
vt 0.768555 0.294434
vt 0.724609 0.383301
vt 0.714355 0.381836
vt 0.724121 0.378906
vt 0.714844 0.376465
vt 0.724121 0.372559
vt 0.714844 0.369141
vt 0.723633 0.368164
vt 0.714844 0.363770
vt 0.771973 0.368164
vt 0.760254 0.368652
vt 0.762695 0.363281
vt 0.769043 0.373047
vt 0.758301 0.373535
vt 0.766113 0.378418
vt 0.754883 0.380371
vt 0.762695 0.384766
vt 0.752441 0.385254
vt 0.759766 0.389648
vt 0.750000 0.390625
vt 0.757324 0.394531
vt 0.927734 0.379883
vt 0.918457 0.381836
vt 0.925781 0.375488
vt 0.921387 0.385742
vt 0.929688 0.384766
vt 0.924316 0.389648
vt 0.932617 0.390625
vt 0.927734 0.395508
vt 0.934570 0.395020
vt 0.930664 0.399414
vt 0.936523 0.399902
vt 0.933594 0.403320
vt 0.433838 0.093750
vt 0.445312 0.092285
vt 0.445068 0.096680
vt 0.433594 0.097168
vt 0.433838 0.099609
vt 0.445312 0.101562
vt 0.458740 0.090332
vt 0.458496 0.096680
vt 0.458740 0.103516
vt 0.430176 0.094727
vt 0.428955 0.097168
vt 0.430176 0.099121
vt 0.464111 0.175293
vt 0.463867 0.162109
vt 0.464111 0.188477
vt 0.464355 0.201172
vt 0.939453 0.594482
vt 0.935547 0.632324
vt 0.929199 0.591309
vt 0.937012 0.643311
vt 0.961426 0.668945
vt 0.959473 0.663086
vt 0.957031 0.475586
vt 0.953125 0.498047
vt 0.961914 0.452637
vt 0.964844 0.437500
vt 0.909180 0.477539
vt 0.951660 0.500244
vt 0.869629 0.116699
vt 0.872070 0.138184
vt 0.869629 0.182129
vt 0.872070 0.182617
vt 0.855469 0.233398
vt 0.861328 0.241699
vt 0.914062 0.214355
vt 0.919922 0.200684
vt 0.936035 0.183105
vt 0.936035 0.200684
vt 0.935547 0.125977
vt 0.920898 0.110352
vt 0.935547 0.110352
vt 0.911133 0.118164
vt 0.912598 0.110352
vt 0.954590 0.205078
vt 0.582031 0.198242
vt 0.570312 0.198242
vt 0.541504 0.223633
vt 0.541504 0.195312
vt 0.267334 0.151367
vt 0.289062 0.154297
vt 0.327148 0.105957
vt 0.767090 0.653076
vt 0.778809 0.647705
vt 0.794434 0.639893
vt 0.805176 0.635498
vt 0.816406 0.632080
vt 0.825195 0.630615
vt 0.833496 0.632080
vt 0.845215 0.635498
vt 0.855957 0.639893
vt 0.871582 0.647461
vt 0.882812 0.652832
vt 0.683594 0.623779
vt 0.849121 0.349121
vt 0.860352 0.369629
vt 0.864258 0.351562
vt 0.894043 0.379395
vt 0.908691 0.360840
vt 0.747070 0.030273
vt 0.746582 0.011230
vt 0.752441 0.031250
vt 0.752441 0.010254
vt 0.758301 0.011719
vt 0.757324 0.030762
vt 0.578125 0.038574
vt 0.573730 0.032715
vt 0.575684 0.028809
vt 0.596680 0.032227
vt 0.580566 0.018555
vt 0.597656 0.016602
vt 0.608398 0.025879
vt 0.593750 0.044922
vt 0.606934 0.036621
vt 0.575684 0.058594
vt 0.607910 0.049316
vt 0.597656 0.071777
vt 0.584961 0.074707
vt 0.619629 0.053711
vt 0.622070 0.054199
vt 0.610352 0.068848
vt 0.619141 0.069336
vt 0.622559 0.069336
vt 0.614746 0.084473
vt 0.600586 0.091309
vt 0.596191 0.093750
vt 0.602051 0.103516
vt 0.622070 0.083984
vt 0.626465 0.083008
vt 0.617188 0.096191
vt 0.633301 0.096680
vt 0.622070 0.115723
vt 0.616211 0.130859
vt 0.625000 0.096191
vt 0.633301 0.139648
vt 0.632324 0.153809
vt 0.628418 0.114258
vt 0.636230 0.139160
vt 0.636230 0.154297
vt 0.633789 0.113770
vt 0.634766 0.098145
vt 0.639648 0.153809
vt 0.637207 0.099609
vt 0.639648 0.139648
vt 0.656738 0.131836
vt 0.636719 0.113281
vt 0.640137 0.113770
vt 0.639160 0.098145
vt 0.641113 0.096680
vt 0.645508 0.114746
vt 0.651367 0.116211
vt 0.671875 0.104980
vt 0.649414 0.096680
vt 0.657227 0.097168
vt 0.667480 0.086914
vt 0.652344 0.084473
vt 0.648438 0.083496
vt 0.652832 0.069824
vt 0.660156 0.084961
vt 0.655762 0.069824
vt 0.653320 0.054688
vt 0.665039 0.069824
vt 0.674316 0.068359
vt 0.655762 0.054199
vt 0.667969 0.050293
vt 0.682129 0.045898
vt 0.668945 0.037598
vt 0.667480 0.026367
vt 0.679199 0.033203
vt 0.678223 0.017578
vt 0.695312 0.019043
vt 0.697754 0.038574
vt 0.699707 0.029297
vt 0.702148 0.033203
vt 0.936035 0.019531
vt 0.928711 0.022461
vt 0.936035 0.067871
vt 0.926270 0.067871
vt 0.688965 0.598633
vt 0.687988 0.615234
vt 0.707520 0.604004
vt 0.707031 0.614990
vt 0.719238 0.609131
vt 0.687988 0.623779
vt 0.714844 0.615479
vt 0.728027 0.617920
vt 0.706543 0.624512
vt 0.714844 0.624756
vt 0.731445 0.625244
vt 0.728027 0.632568
vt 0.714355 0.634033
vt 0.718262 0.640625
vt 0.706543 0.634033
vt 0.706055 0.645020
vt 0.687500 0.632568
vt 0.687500 0.649170
vt 0.767578 0.443359
vt 0.769531 0.435059
vt 0.881836 0.443359
vt 0.879883 0.435059
vt 0.288330 0.098633
vt 0.704590 0.084473
vt 0.723633 0.093750
vt 0.709961 0.109375
vt 0.734375 0.092773
vt 0.719238 0.110352
vt 0.745605 0.091797
vt 0.730469 0.110352
vt 0.748535 0.089355
vt 0.736328 0.111328
vt 0.751953 0.087891
vt 0.729980 0.150879
vt 0.755859 0.089355
vt 0.758301 0.091797
vt 0.727051 0.151855
vt 0.710449 0.160156
vt 0.692383 0.168457
vt 0.709961 0.177734
vt 0.712891 0.192383
vt 0.672852 0.181641
vt 0.676270 0.187988
vt 0.696777 0.185547
vt 0.699707 0.207031
vt 0.685547 0.210449
vt 0.770020 0.092773
vt 0.773438 0.110352
vt 0.767578 0.111328
vt 0.773926 0.151367
vt 0.780762 0.093750
vt 0.799316 0.084961
vt 0.794434 0.109863
vt 0.784668 0.110840
vt 0.776367 0.152344
vt 0.792969 0.160156
vt 0.811035 0.168945
vt 0.793457 0.177734
vt 0.790527 0.192871
vt 0.826660 0.188965
vt 0.830566 0.182617
vt 0.806641 0.186035
vt 0.803223 0.207520
vt 0.817383 0.210938
vt 0.461914 0.164062
vt 0.461914 0.173828
vt 0.451904 0.171875
vt 0.462158 0.188477
vt 0.452148 0.188477
vt 0.433350 0.173828
vt 0.462158 0.202637
vt 0.452393 0.205078
vt 0.452881 0.216309
vt 0.434082 0.213379
vt 0.433838 0.204102
vt 0.409424 0.208984
vt 0.433594 0.188965
vt 0.408691 0.176758
vt 0.409180 0.201660
vt 0.399658 0.207031
vt 0.408936 0.189453
vt 0.399414 0.198242
vt 0.370117 0.201660
vt 0.399170 0.180664
vt 0.398926 0.172363
vt 0.369629 0.178711
vt 0.369873 0.195801
vt 0.338379 0.195312
vt 0.399414 0.189453
vt 0.369629 0.184570
vt 0.338135 0.186523
vt 0.369873 0.190430
vt 0.338135 0.190918
vt 0.336182 0.190918
vt 0.977539 0.584229
vt 0.966797 0.587646
vt 0.976074 0.604248
vt 0.986328 0.604492
vt 0.968750 0.636475
vt 0.975586 0.637695
vt 0.970215 0.648926
vt 0.966797 0.648193
vt 0.959473 0.644043
vt 0.910156 0.418945
vt 0.906738 0.415527
vt 0.886719 0.428711
vt 0.887695 0.434082
vt 0.839844 0.424805
vt 0.903320 0.411621
vt 0.885254 0.423340
vt 0.842285 0.420410
vt 0.818848 0.406738
vt 0.821777 0.402344
vt 0.844238 0.416016
vt 0.824707 0.397949
vt 0.883789 0.416504
vt 0.847168 0.409668
vt 0.828125 0.392090
vt 0.898926 0.407227
vt 0.882812 0.411621
vt 0.895508 0.403320
vt 0.892578 0.399902
vt 0.881348 0.406250
vt 0.849121 0.405273
vt 0.851562 0.400879
vt 0.831055 0.388184
vt 0.833984 0.383789
vt 0.679688 0.155762
vt 0.667969 0.148438
vt 0.699219 0.104492
vt 0.691895 0.100098
vt 0.823730 0.156738
vt 0.835938 0.149414
vt 0.804688 0.104980
vt 0.812012 0.100586
vt 0.692383 0.053223
vt 0.701172 0.060059
vt 0.691895 0.076172
vt 0.684570 0.072266
vt 0.680176 0.094727
vt 0.674805 0.091309
vt 0.896484 0.553223
vt 0.905762 0.548584
vt 0.904297 0.558594
vt 0.892090 0.547607
vt 0.906738 0.558838
vt 0.905762 0.536865
vt 0.890137 0.545166
vt 0.905762 0.532471
vt 0.910156 0.548584
vt 0.913086 0.559082
vt 0.916992 0.558594
vt 0.910156 0.537109
vt 0.910156 0.532715
vt 0.915039 0.548584
vt 0.922852 0.554199
vt 0.926758 0.548828
vt 0.915039 0.537354
vt 0.915527 0.532959
vt 0.929199 0.546387
vt 0.737793 0.260742
vt 0.754395 0.268555
vt 0.755371 0.264648
vt 0.753906 0.255371
vt 0.734863 0.265137
vt 0.739746 0.251953
vt 0.723633 0.254883
vt 0.720703 0.258789
vt 0.708008 0.250000
vt 0.728027 0.246582
vt 0.716309 0.240234
vt 0.707031 0.229492
vt 0.711426 0.246094
vt 0.700684 0.231934
vt 0.697266 0.234375
vt 0.162354 0.174316
vt 0.156982 0.174316
vt 0.153931 0.162598
vt 0.153931 0.185547
vt 0.158691 0.160156
vt 0.158691 0.187988
vt 0.145752 0.154297
vt 0.145630 0.193848
vt 0.148438 0.149902
vt 0.148315 0.198242
vt 0.134399 0.145996
vt 0.134277 0.202148
vt 0.134399 0.151367
vt 0.134277 0.196777
vt 0.123108 0.154297
vt 0.122986 0.193848
vt 0.120361 0.149902
vt 0.120300 0.198242
vt 0.110168 0.160156
vt 0.110046 0.187988
vt 0.114807 0.162598
vt 0.114746 0.185547
vt 0.106323 0.173828
vt 0.111755 0.173828
vt 0.037842 0.085938
vt 0.042725 0.088867
vt 0.034393 0.098633
vt 0.047272 0.076660
vt 0.040009 0.098633
vt 0.050079 0.081543
vt 0.037842 0.111816
vt 0.060150 0.078613
vt 0.042725 0.108887
vt 0.060150 0.072754
vt 0.050079 0.116211
vt 0.072998 0.076172
vt 0.047272 0.121094
vt 0.070190 0.081543
vt 0.060150 0.118652
vt 0.082458 0.085938
vt 0.060150 0.124512
vt 0.077515 0.088867
vt 0.072998 0.121094
vt 0.080261 0.098633
vt 0.070190 0.116211
vt 0.085876 0.098633
vt 0.077515 0.108887
vt 0.082458 0.111816
vt 0.078491 0.066895
vt 0.091919 0.080566
vt 0.060150 0.062012
vt 0.041779 0.066895
vt 0.096863 0.098633
vt 0.091919 0.117188
vt 0.028351 0.080566
vt 0.078491 0.130371
vt 0.023438 0.098633
vt 0.028351 0.117188
vt 0.060150 0.135254
vt 0.041779 0.130371
vt 0.170044 0.138184
vt 0.148682 0.141602
vt 0.153198 0.133301
vt 0.140991 0.121094
vt 0.170044 0.146973
vt 0.133057 0.125977
vt 0.186768 0.133301
vt 0.136475 0.104492
vt 0.191284 0.141602
vt 0.127319 0.104492
vt 0.199097 0.121094
vt 0.133057 0.083008
vt 0.207031 0.125977
vt 0.140991 0.087402
vt 0.203613 0.104492
vt 0.148682 0.067383
vt 0.212646 0.104492
vt 0.153198 0.075195
vt 0.199097 0.087402
vt 0.170044 0.070801
vt 0.207031 0.083008
vt 0.170044 0.061523
vt 0.191284 0.067383
vt 0.186768 0.075195
vt 0.022385 0.120605
vt 0.006042 0.098633
vt 0.016418 0.098633
vt 0.022385 0.076172
vt 0.013397 0.125977
vt 0.013397 0.071289
vt 0.038696 0.137207
vt 0.038696 0.060059
vt 0.033508 0.145996
vt 0.033508 0.050781
vt 0.060974 0.143066
vt 0.060974 0.043457
vt 0.060974 0.153320
vt 0.060974 0.054199
vt 0.083252 0.137207
vt 0.083252 0.060059
vt 0.088440 0.145996
vt 0.088440 0.050781
vt 0.099548 0.120605
vt 0.108521 0.071289
vt 0.108521 0.125977
vt 0.099548 0.076172
vt 0.115906 0.098633
vt 0.105530 0.098633
vt 0.180298 0.084961
vt 0.188721 0.093262
vt 0.168945 0.104980
vt 0.168945 0.082031
vt 0.191772 0.104980
vt 0.157593 0.084961
vt 0.188721 0.116211
vt 0.149170 0.093262
vt 0.180298 0.124512
vt 0.146118 0.104980
vt 0.168945 0.127930
vt 0.149170 0.116211
vt 0.157593 0.124512
vt 0.060150 0.098633
s 1
usemtl Leg
f 1/1/1 2/2/1 3/3/1
f 4/2/1 5/4/1 6/3/1
f 7/3/2 8/5/3 9/1/4
f 10/6/5 11/1/5 12/5/5
f 13/7/1 14/8/1 15/9/1
f 16/8/1 17/7/1 18/10/1
f 19/11/6 20/9/6 21/12/6
f 22/9/4 23/11/7 24/7/4
f 25/13/8 26/14/8 27/15/8
f 28/15/9 29/14/10 30/16/10
f 31/14/11 32/17/11 33/16/11
f 34/17/12 35/14/12 36/18/12
f 37/19/13 38/20/14 39/21/14
f 40/20/15 41/19/15 42/22/15
f 43/22/16 44/23/17 45/20/17
f 46/20/18 47/23/18 48/24/19
f 49/13/20 50/20/20 51/14/20
f 52/20/20 53/13/20 54/21/20
f 55/20/21 56/24/21 57/14/21
f 58/14/21 59/24/21 60/18/21
f 61/25/22 62/26/23 63/27/24
f 64/28/25 65/27/25 66/26/25
f 67/29/26 68/25/26 69/27/26
f 70/30/27 71/25/27 72/29/27
f 73/31/28 74/32/29 75/33/30
f 76/31/31 77/34/31 78/32/31
f 79/35/32 80/36/32 81/37/32
f 82/36/33 83/35/33 84/38/33
f 85/35/34 86/39/35 87/40/34
f 88/35/36 89/40/36 90/38/36
f 91/41/37 92/42/37 93/39/37
f 94/39/38 95/42/38 96/40/38
f 97/43/39 98/44/39 99/45/39
f 100/44/39 101/43/39 102/46/39
f 103/46/40 104/47/40 105/44/40
f 106/47/41 107/46/42 108/48/43
f 109/49/44 110/50/44 111/51/44
f 112/50/45 113/49/45 114/52/45
f 115/53/46 116/51/47 117/50/48
f 118/52/49 119/54/49 120/53/49
f 121/52/50 122/53/51 123/50/50
f 124/55/52 125/56/52 126/57/52
f 127/57/53 128/56/53 129/58/54
f 130/59/55 131/60/55 132/61/55
f 133/60/56 134/59/56 135/62/56
f 136/63/57 137/59/57 138/64/57
f 139/59/58 140/61/58 141/64/58
f 142/65/59 143/66/59 144/63/59
f 145/65/60 146/63/60 147/64/60
f 148/67/39 149/68/39 150/69/39
f 151/68/39 152/67/39 153/70/61
f 154/69/62 155/71/62 156/72/62
f 157/71/40 158/69/40 159/68/63
f 160/73/64 161/41/64 162/74/64
f 163/41/65 164/73/66 165/42/66
f 166/75/67 167/74/68 168/76/67
f 169/74/69 170/75/69 171/73/69
f 172/76/70 173/77/70 174/75/70
f 175/78/71 176/79/72 177/80/72
f 178/81/73 179/82/73 180/83/73
f 181/84/74 182/66/74 183/65/74
f 184/66/75 185/84/75 186/85/75
f 187/86/76 188/85/77 189/84/77
f 190/85/78 191/86/78 192/87/78
f 193/87/79 194/86/79 195/88/79
f 196/89/80 197/80/80 198/90/81
f 199/83/82 200/90/83 201/80/84
f 200/90/83 199/83/82 202/91/84
f 203/82/85 204/91/86 205/83/85
f 206/92/87 207/93/88 208/94/87
f 209/93/89 210/92/89 211/95/90
f 212/96/91 213/95/91 214/97/91
f 215/97/92 216/98/92 217/96/92
f 218/92/93 219/99/93 220/95/93
f 221/99/94 222/97/94 223/95/94
f 224/93/95 225/100/95 226/94/95
f 227/93/96 228/101/95 229/100/95
f 230/102/97 231/103/97 232/104/97
f 233/103/98 234/102/98 235/105/98
f 236/106/99 237/104/99 238/103/99
f 239/106/100 240/103/100 241/107/101
f 242/101/102 243/102/103 244/100/104
f 243/102/103 242/101/102 245/105/103
f 246/107/105 247/108/106 248/109/106
f 248/109/106 249/106/106 246/107/105
f 250/110/107 251/111/107 252/112/107
f 253/112/108 254/111/108 255/113/108
f 256/114/109 257/115/110 258/116/109
f 259/115/111 260/114/112 261/117/111
f 262/118/113 263/119/113 264/120/113
f 265/118/114 266/120/115 267/121/114
f 268/114/116 269/122/116 270/117/116
f 271/122/117 272/114/117 273/123/117
f 274/124/118 275/118/118 276/121/118
f 277/124/119 278/121/120 279/125/119
f 280/123/121 281/126/121 282/127/121
f 283/123/121 284/127/121 285/122/121
f 286/128/122 287/124/122 288/125/122
f 289/128/123 290/125/123 291/129/124
f 292/130/125 293/127/125 294/126/125
f 295/127/126 296/130/126 297/131/126
f 298/128/127 299/132/127 300/133/127
f 301/132/128 302/128/128 303/129/129
f 304/113/121 305/131/121 306/130/121
f 307/131/130 308/113/121 309/134/130
f 310/112/131 311/133/131 312/132/131
f 313/132/132 314/135/133 315/112/134
f 316/136/135 317/112/135 318/135/135
f 319/112/136 320/136/136 321/110/136
f 322/137/137 323/110/137 324/136/137
f 325/110/138 326/137/138 327/111/139
f 328/134/140 329/113/141 330/137/140
f 331/137/142 332/113/142 333/111/142
f 334/138/143 335/139/143 336/140/144
f 337/139/144 338/138/144 339/141/144
f 340/142/143 341/143/145 342/144/146
f 343/143/144 344/142/143 345/145/144
f 346/138/147 347/146/147 348/147/147
f 349/138/148 350/147/148 351/141/148
f 352/148/149 353/147/149 354/146/149
f 355/148/150 356/146/150 357/149/149
f 358/150/151 359/148/151 360/149/152
f 361/150/152 362/149/152 363/151/152
f 364/152/153 365/153/153 366/154/153
f 367/152/154 368/154/155 369/155/154
f 370/152/156 371/144/157 372/143/157
f 373/144/156 374/152/156 375/155/156
f 376/156/158 377/119/159 378/116/160
f 379/119/158 380/156/158 381/157/158
f 382/158/161 383/159/161 384/160/161
f 385/160/162 386/161/162 387/158/163
f 388/162/164 389/158/165 390/163/165
f 391/158/166 392/162/167 393/159/167
f 394/164/168 395/165/168 396/166/168
f 397/160/169 398/167/169 399/161/170
f 400/167/171 401/160/171 402/168/171
f 403/168/172 404/160/172 405/169/172
f 406/159/173 407/169/173 408/160/173
f 409/170/174 410/171/174 411/162/174
f 412/170/175 413/162/175 414/163/175
f 415/169/176 416/162/176 417/171/177
f 418/162/173 419/169/173 420/159/173
f 421/167/178 422/172/178 423/173/178
f 424/167/179 425/173/179 426/161/179
f 427/170/180 428/174/181 429/175/181
f 430/174/182 431/170/182 432/163/182
f 433/176/183 434/177/184 435/178/183
f 436/178/185 437/179/185 438/176/185
f 439/179/186 440/180/186 441/176/186
f 442/176/187 443/181/187 444/182/187
f 445/181/188 446/176/188 447/180/188
f 448/183/189 449/184/189 450/185/189
f 451/184/190 452/183/190 453/186/190
f 454/185/191 455/187/192 456/188/191
f 457/187/193 458/185/193 459/184/193
f 460/189/194 461/190/194 462/191/194
f 463/191/195 464/192/195 465/189/195
f 466/193/196 467/189/196 468/192/196
f 469/189/197 470/193/198 471/194/198
f 472/195/199 473/196/200 474/197/199
f 475/198/201 476/197/202 477/196/201
f 478/199/203 479/200/203 480/201/203
f 481/202/204 482/203/204 483/204/204
f 484/203/205 485/202/205 486/205/205
f 487/203/206 488/206/206 489/204/206
f 490/206/207 491/203/207 492/207/207
f 493/208/208 494/209/208 495/210/208
f 496/208/209 497/210/209 498/211/209
f 499/212/210 500/206/210 501/207/210
f 502/207/211 503/213/211 504/212/212
f 505/214/213 506/212/213 507/213/213
f 508/213/214 509/215/215 510/214/215
f 511/215/216 512/216/216 513/214/217
f 514/217/218 515/201/218 516/218/218
f 517/201/219 518/217/219 519/219/220
f 520/220/221 521/221/222 522/222/222
f 523/223/223 524/217/224 525/224/225
f 526/217/226 527/223/226 528/219/227
f 529/219/228 530/199/228 531/201/229
f 532/199/230 533/219/231 534/225/230
f 535/226/232 536/218/232 537/201/233
f 538/227/234 539/228/234 540/229/234
f 541/229/234 542/228/235 543/230/235
f 544/227/236 545/231/236 546/228/237
f 547/231/237 548/227/237 549/232/236
f 550/233/238 551/234/239 552/235/240
f 553/234/238 554/233/240 555/236/241
f 556/234/242 557/237/243 558/235/244
f 559/237/243 560/234/245 561/238/243
f 562/236/246 563/239/246 564/240/246
f 565/239/247 566/236/247 567/233/247
f 568/238/248 569/241/249 570/242/248
f 571/242/248 572/237/249 573/238/249
f 574/243/250 575/240/250 576/239/250
f 577/239/250 578/244/250 579/243/250
f 580/245/251 581/246/252 582/247/252
f 583/248/253 584/247/253 585/246/254
f 586/249/255 587/245/256 588/247/255
f 589/250/256 590/245/256 591/249/256
f 592/251/257 593/250/257 594/249/258
f 595/250/259 596/251/259 597/252/259
f 598/253/260 599/254/260 600/255/260
f 601/255/260 602/256/260 603/253/260
f 604/257/261 605/258/261 606/259/261
f 607/258/261 608/257/261 609/260/261
f 610/261/262 611/256/262 612/262/262
f 613/256/263 614/261/263 615/253/263
f 616/263/264 617/256/265 618/264/265
f 619/265/266 620/266/267 621/267/267
f 622/258/268 623/268/269 624/269/269
f 625/270/270 626/271/270 627/272/270
f 628/273/271 629/270/271 630/274/271
f 631/270/271 632/273/271 633/275/271
f 634/14/272 635/13/272 636/15/272
f 637/15/273 638/16/273 639/14/273
f 640/14/274 641/17/275 642/18/276
f 643/17/277 644/14/277 645/16/277
f 646/19/278 647/20/278 648/22/279
f 649/20/280 650/19/280 651/21/280
f 652/23/281 653/22/281 654/20/281
f 655/20/282 656/24/282 657/23/283
f 658/13/20 659/20/20 660/21/20
f 661/20/20 662/13/20 663/14/20
f 664/14/284 665/18/284 666/24/284
f 667/14/284 668/24/284 669/20/284
f 670/26/285 671/27/285 672/28/285
f 673/27/286 674/26/286 675/25/286
f 676/29/287 677/27/288 678/25/287
f 679/25/289 680/30/290 681/29/289
f 682/33/291 683/32/292 684/31/293
f 685/32/294 686/34/294 687/31/294
f 688/36/295 689/35/295 690/37/295
f 691/35/296 692/36/297 693/38/297
f 694/38/298 695/40/298 696/35/298
f 697/39/299 698/35/300 699/40/299
f 700/41/301 701/39/301 702/42/301
f 703/39/302 704/40/302 705/42/302
f 706/43/303 707/44/303 708/46/303
f 709/44/303 710/43/303 711/45/303
f 712/48/304 713/46/304 714/47/304
f 715/47/305 716/46/305 717/44/305
f 718/52/306 719/49/307 720/50/307
f 721/51/308 722/50/309 723/49/308
f 724/53/310 725/50/311 726/51/312
f 727/53/313 728/52/314 729/50/314
f 730/54/315 731/52/315 732/53/315
f 733/56/316 734/55/316 735/57/316
f 736/57/317 737/58/318 738/56/317
f 739/59/319 740/60/319 741/62/320
f 742/60/321 743/59/321 744/61/321
f 745/64/322 746/59/323 747/63/324
f 748/59/325 749/64/326 750/61/326
f 751/63/327 752/66/327 753/65/327
f 754/63/328 755/65/328 756/64/328
f 757/68/303 758/67/303 759/69/303
f 760/67/329 761/68/329 762/70/303
f 763/71/330 764/69/330 765/72/330
f 766/69/305 767/71/305 768/68/305
f 769/74/331 770/41/332 771/73/332
f 772/41/333 773/42/334 774/73/334
f 775/75/335 776/76/335 777/74/335
f 778/75/336 779/74/336 780/73/336
f 781/76/337 782/75/338 783/77/338
f 784/78/339 785/80/340 786/79/339
f 787/83/341 788/82/341 789/81/341
f 790/84/342 791/65/342 792/66/342
f 793/66/343 794/85/343 795/84/343
f 796/86/344 797/84/344 798/85/344
f 799/86/345 800/85/345 801/87/345
f 802/87/346 803/88/347 804/86/347
f 805/89/348 806/90/349 807/80/348
f 808/83/350 809/80/350 810/90/351
f 810/90/351 811/91/352 808/83/350
f 812/82/353 813/83/354 814/91/354
f 815/93/355 816/92/355 817/94/355
f 818/92/356 819/93/356 820/95/356
f 821/95/357 822/96/357 823/97/357
f 824/97/358 825/96/359 826/98/360
f 827/92/361 828/95/361 829/99/361
f 830/99/362 831/95/362 832/97/363
f 833/94/364 834/100/365 835/93/366
f 836/93/366 837/100/366 838/101/366
f 839/102/367 840/103/367 841/105/367
f 842/103/368 843/102/368 844/104/368
f 845/106/369 846/103/369 847/104/369
f 848/103/370 849/106/371 850/107/372
f 851/100/373 852/102/374 853/101/375
f 853/101/375 852/102/374 854/105/373
f 855/108/376 856/107/376 857/109/376
f 858/106/376 857/109/376 856/107/376
f 859/110/377 860/112/378 861/111/378
f 862/112/379 863/113/380 864/111/380
f 865/114/381 866/115/381 867/117/382
f 868/115/383 869/114/383 870/116/384
f 871/121/385 872/120/385 873/118/385
f 874/118/386 875/120/387 876/119/387
f 877/123/388 878/114/389 879/122/389
f 880/117/390 881/122/390 882/114/391
f 883/124/392 884/121/392 885/118/392
f 886/121/393 887/124/394 888/125/395
f 889/123/396 890/127/396 891/126/396
f 892/127/396 893/123/396 894/122/396
f 895/129/397 896/125/397 897/128/398
f 898/128/399 899/125/400 900/124/399
f 901/130/401 902/127/401 903/131/401
f 904/127/402 905/130/402 906/126/402
f 907/132/403 908/128/403 909/133/403
f 910/128/404 911/132/405 912/129/404
f 913/131/406 914/113/396 915/130/406
f 916/113/396 917/131/396 918/134/396
f 919/112/407 920/132/407 921/133/407
f 922/132/408 923/112/409 924/135/409
f 925/112/410 926/136/410 927/135/410
f 928/136/411 929/112/411 930/110/411
f 931/137/412 932/110/412 933/111/412
f 934/110/413 935/137/413 936/136/413
f 937/134/414 938/137/414 939/113/415
f 940/137/416 941/111/416 942/113/416
f 943/138/417 944/139/417 945/141/417
f 946/139/418 947/138/419 948/140/420
f 949/142/418 950/143/419 951/145/419
f 952/143/419 953/142/419 954/144/419
f 955/141/421 956/147/421 957/138/421
f 958/146/421 959/138/421 960/147/421
f 961/148/422 962/146/423 963/147/422
f 964/146/424 965/148/422 966/149/424
f 967/150/425 968/149/425 969/148/425
f 970/149/426 971/150/426 972/151/426
f 973/152/427 974/154/427 975/153/427
f 976/154/428 977/152/427 978/155/428
f 979/152/429 980/144/430 981/155/429
f 982/144/430 983/152/431 984/143/431
f 985/156/432 986/116/432 987/119/432
f 988/156/432 989/119/433 990/157/433
f 991/158/434 992/160/434 993/159/434
f 994/158/435 995/161/436 996/160/435
f 997/162/437 998/158/437 999/159/437
f 1000/158/438 1001/162/438 1002/163/438
f 1003/164/439 1004/166/439 1005/165/439
f 1006/167/440 1007/160/440 1008/161/440
f 1009/160/441 1010/167/442 1011/168/442
f 1012/169/443 1013/159/443 1014/160/443
f 1015/169/444 1016/160/444 1017/168/444
f 1018/170/445 1019/162/445 1020/171/445
f 1021/162/446 1022/170/446 1023/163/446
f 1024/162/447 1025/169/448 1026/171/447
f 1027/169/443 1028/162/449 1029/159/443
f 1030/167/450 1031/173/450 1032/172/450
f 1033/173/451 1034/167/451 1035/161/451
f 1036/170/452 1037/174/453 1038/163/452
f 1039/174/454 1040/170/454 1041/175/455
f 1042/176/456 1043/178/457 1044/177/456
f 1045/178/458 1046/176/458 1047/179/459
f 1048/179/460 1049/176/460 1050/180/461
f 1051/181/462 1052/176/462 1053/182/462
f 1054/176/463 1055/181/463 1056/180/463
f 1057/184/464 1058/183/464 1059/185/464
f 1060/183/465 1061/184/465 1062/186/465
f 1063/187/466 1064/185/466 1065/188/467
f 1066/185/468 1067/187/468 1068/184/468
f 1069/189/469 1070/191/470 1071/190/471
f 1072/191/472 1073/189/472 1074/192/472
f 1075/193/473 1076/189/473 1077/194/473
f 1078/189/474 1079/193/474 1080/192/474
f 1081/196/475 1082/197/476 1083/198/476
f 1084/197/477 1085/196/478 1086/195/479
f 1087/199/480 1088/201/480 1089/200/480
f 1090/203/481 1091/202/482 1092/204/482
f 1093/202/483 1094/203/483 1095/205/483
f 1096/203/484 1097/206/485 1098/207/485
f 1099/206/486 1100/203/486 1101/204/487
f 1102/208/488 1103/210/488 1104/209/488
f 1105/210/489 1106/208/490 1107/211/491
f 1108/206/492 1109/212/492 1110/207/492
f 1111/213/493 1112/207/493 1113/212/493
f 1114/212/494 1115/214/494 1116/213/494
f 1117/215/495 1118/213/496 1119/214/497
f 1120/215/498 1121/214/498 1122/216/498
f 1123/217/499 1124/218/499 1125/201/499
f 1126/217/500 1127/201/500 1128/219/500
f 1129/220/222 1130/222/222 1131/221/222
f 1132/223/501 1133/217/502 1134/219/503
f 1135/217/504 1136/223/504 1137/224/505
f 1138/219/506 1139/199/507 1140/225/507
f 1141/199/508 1142/219/509 1143/201/509
f 1144/226/510 1145/201/510 1146/218/510
f 1147/227/511 1148/229/511 1149/228/512
f 1150/229/511 1151/230/511 1152/228/511
f 1153/232/513 1154/227/513 1155/231/513
f 1156/231/514 1157/227/514 1158/228/514
f 1159/234/515 1160/233/516 1161/235/516
f 1162/233/515 1163/234/517 1164/236/515
f 1165/238/518 1166/234/518 1167/237/519
f 1168/235/520 1169/237/519 1170/234/519
f 1171/239/521 1172/236/522 1173/240/522
f 1174/236/523 1175/239/522 1176/233/523
f 1177/238/524 1178/242/524 1179/241/524
f 1180/237/525 1181/242/525 1182/238/525
f 1183/243/526 1184/239/526 1185/240/526
f 1186/244/526 1187/239/526 1188/243/526
f 1189/246/527 1190/247/528 1191/248/528
f 1192/247/529 1193/246/530 1194/245/529
f 1195/249/531 1196/247/531 1197/245/531
f 1198/249/531 1199/245/531 1200/250/531
f 1201/251/532 1202/249/533 1203/250/532
f 1204/250/534 1205/252/534 1206/251/534
f 1207/253/535 1208/255/535 1209/254/535
f 1210/256/535 1211/255/535 1212/253/535
f 1213/257/536 1214/258/536 1215/260/536
f 1216/258/536 1217/257/536 1218/259/536
f 1219/253/537 1220/261/537 1221/256/537
f 1222/262/538 1223/256/538 1224/261/538
f 1225/263/539 1226/264/539 1227/256/540
f 1228/265/541 1229/267/541 1230/266/542
f 1231/258/543 1232/269/543 1233/268/543
f 1234/270/544 1235/272/544 1236/271/545
f 1237/270/271 1238/273/271 1239/274/271
f 1240/273/271 1241/270/271 1242/275/271
f 1243/276/546 1244/277/546 1245/278/546
f 1246/277/547 1247/279/547 1248/278/548
f 1249/280/549 1250/281/549 1251/282/549
f 1252/281/550 1253/280/550 1254/283/550
f 1255/284/551 1256/285/552 1257/286/551
f 1258/286/553 1259/285/553 1260/287/553
f 1261/288/554 1262/277/555 1263/284/554
f 1264/277/556 1265/288/557 1266/289/557
f 1267/285/558 1268/282/558 1269/287/558
f 1270/282/559 1271/285/560 1272/280/561
f 1273/290/562 1274/291/562 1275/292/562
f 1276/291/563 1277/290/564 1278/293/563
f 1279/292/565 1280/294/565 1281/290/565
f 1282/295/566 1283/290/566 1284/294/566
f 1285/296/567 1286/297/568 1287/298/568
f 1288/299/569 1289/300/569 1290/301/569
f 1291/300/570 1292/299/571 1293/302/570
f 1294/303/572 1295/304/572 1296/305/573
f 1297/304/574 1298/303/574 1299/306/575
f 1300/307/576 1301/308/577 1302/309/577
f 1303/308/578 1304/307/578 1305/310/578
f 1306/311/579 1307/300/579 1308/312/579
f 1309/300/580 1310/311/580 1311/309/580
f 1312/305/581 1313/308/582 1314/310/581
f 1315/308/583 1316/305/584 1317/304/583
f 1318/313/585 1319/314/586 1320/315/585
f 1321/314/587 1322/313/587 1323/316/587
f 1324/314/588 1325/317/588 1326/318/588
f 1327/314/589 1328/318/589 1329/315/589
f 1330/319/590 1331/320/590 1332/321/590
f 1333/322/591 1334/323/592 1335/324/593
f 1336/323/594 1337/322/595 1338/325/595
f 1339/326/596 1340/327/597 1341/328/597
f 1342/327/598 1343/326/598 1344/329/598
f 1345/330/599 1346/331/599 1347/332/599
f 1348/331/600 1349/333/600 1350/332/600
f 1351/323/601 1352/331/601 1353/324/602
f 1354/331/603 1355/323/603 1356/333/603
f 1357/327/604 1358/330/604 1359/332/604
f 1360/330/605 1361/327/605 1362/329/606
f 1363/334/607 1364/335/607 1365/336/607
f 1366/336/608 1367/337/608 1368/334/608
f 1369/338/609 1370/339/610 1371/340/611
f 1372/339/612 1373/338/612 1374/341/613
f 1375/342/614 1376/340/614 1377/343/614
f 1378/340/615 1379/342/615 1380/338/616
f 1381/344/617 1382/343/617 1383/345/617
f 1384/343/618 1385/344/618 1386/342/618
f 1387/346/619 1388/347/620 1389/348/619
f 1390/347/621 1391/349/621 1392/348/621
f 1393/350/622 1394/335/622 1395/351/622
f 1396/335/623 1397/334/624 1398/351/624
f 1399/352/625 1400/353/625 1401/354/625
f 1400/353/625 1399/352/625 1402/355/625
f 1403/356/626 1404/357/627 1405/358/626
f 1406/359/628 1407/357/628 1408/356/628
f 1409/360/629 1410/358/629 1411/357/629
f 1412/358/630 1413/360/631 1414/361/631
f 1415/360/632 1416/362/633 1417/361/633
f 1418/362/634 1419/360/634 1420/363/635
f 1421/362/636 1422/363/637 1423/364/637
f 1424/363/638 1425/365/638 1426/364/638
f 1427/359/639 1428/366/639 1429/367/639
f 1430/366/640 1431/359/640 1432/356/640
f 1433/368/641 1434/369/641 1435/370/641
f 1436/369/642 1437/368/642 1438/371/643
f 1439/368/644 1440/372/645 1441/371/645
f 1442/373/646 1443/371/646 1444/372/646
f 1445/372/647 1446/374/647 1447/373/647
f 1448/375/648 1449/376/648 1450/377/649
f 1451/378/650 1452/376/651 1453/375/652
f 1454/379/653 1455/375/653 1456/377/653
f 1457/375/654 1458/379/654 1459/380/654
f 1460/378/655 1461/373/655 1462/374/655
f 1463/374/656 1464/376/657 1465/378/657
f 1466/347/658 1467/381/658 1468/382/658
f 1469/381/659 1470/347/659 1471/383/659
f 1472/313/660 1473/384/661 1474/385/662
f 1475/384/663 1476/313/664 1477/386/665
f 1478/323/666 1479/322/666 1480/324/666
f 1481/322/667 1482/323/667 1483/325/667
f 1484/329/668 1485/326/668 1486/327/669
f 1487/328/670 1488/327/670 1489/326/670
f 1490/332/671 1491/331/672 1492/330/671
f 1493/331/673 1494/332/674 1495/333/674
f 1496/333/675 1497/323/676 1498/331/676
f 1499/331/677 1500/323/677 1501/324/677
f 1502/327/678 1503/330/679 1504/329/678
f 1505/330/680 1506/327/680 1507/332/680
f 1508/334/681 1509/336/681 1510/335/682
f 1511/336/683 1512/334/683 1513/337/683
f 1514/340/684 1515/339/685 1516/338/686
f 1517/338/687 1518/339/687 1519/341/687
f 1520/342/688 1521/343/688 1522/340/688
f 1523/342/685 1524/340/689 1525/338/689
f 1526/345/690 1527/343/690 1528/344/690
f 1529/344/691 1530/343/691 1531/342/691
f 1532/346/692 1533/348/692 1534/347/620
f 1535/347/621 1536/348/621 1537/349/621
f 1538/350/693 1539/351/693 1540/335/693
f 1541/335/623 1542/351/623 1543/334/623
f 1544/352/625 1545/353/625 1546/355/625
f 1545/353/625 1544/352/625 1547/354/625
f 1548/356/694 1549/358/695 1550/357/694
f 1551/357/696 1552/359/696 1553/356/697
f 1554/360/698 1555/358/698 1556/361/698
f 1557/358/699 1558/360/699 1559/357/700
f 1560/363/701 1561/360/702 1562/362/701
f 1563/362/703 1564/360/703 1565/361/703
f 1566/364/704 1567/363/705 1568/362/704
f 1569/363/706 1570/364/706 1571/365/706
f 1572/359/707 1573/366/707 1574/356/707
f 1575/366/708 1576/359/708 1577/367/708
f 1578/368/709 1579/369/709 1580/371/709
f 1581/369/710 1582/368/710 1583/370/710
f 1584/368/711 1585/371/711 1586/372/711
f 1587/373/712 1588/372/713 1589/371/712
f 1590/374/714 1591/372/714 1592/373/714
f 1593/375/715 1594/376/715 1595/378/715
f 1596/375/716 1597/377/716 1598/376/716
f 1599/379/717 1600/375/717 1601/380/717
f 1602/375/718 1603/379/718 1604/377/718
f 1605/373/719 1606/378/719 1607/374/720
f 1608/374/721 1609/378/722 1610/376/721
f 1611/381/723 1612/347/723 1613/382/723
f 1614/347/724 1615/381/724 1616/383/724
f 1617/384/725 1618/291/725 1619/385/725
f 1620/291/726 1621/384/726 1622/387/726
f 1623/81/727 1624/388/727 1625/82/727
f 1626/91/727 1625/82/727 1627/389/727
f 1628/81/728 1629/82/728 1630/388/728
f 1631/91/728 1632/389/728 1629/82/728
f 1633/58/729 1634/390/730 1635/57/731
f 1634/390/730 1633/58/729 1636/391/732
f 1637/78/733 1638/80/733 1639/392/734
f 1638/80/733 1640/89/733 1639/392/734
f 1641/79/735 1642/81/735 1643/83/735
f 1641/79/735 1643/83/735 1644/80/736
f 1645/108/737 1646/96/738 1647/98/737
f 1647/98/737 1648/109/737 1645/108/737
f 1649/393/739 1650/177/739 1651/394/739
f 1650/177/739 1649/393/739 1652/178/739
f 1653/395/740 1654/396/741 1655/397/741
f 1654/396/741 1653/395/740 1656/166/740
f 1657/397/742 1658/398/742 1659/399/742
f 1658/398/742 1657/397/742 1660/396/742
f 1661/399/743 1662/191/744 1663/190/745
f 1662/191/744 1661/399/743 1664/398/743
f 1665/400/746 1666/166/747 1667/395/746
f 1666/166/747 1665/400/746 1668/164/748
f 1669/400/749 1670/401/749 1671/402/750
f 1671/402/750 1672/164/749 1669/400/749
f 1673/403/751 1674/194/752 1675/193/753
f 1674/194/752 1673/403/751 1676/404/752
f 1677/405/754 1678/404/755 1679/403/755
f 1678/404/755 1677/405/754 1680/406/754
f 1681/406/756 1682/186/757 1683/183/756
f 1682/186/757 1681/406/756 1684/405/756
f 1685/198/758 1686/201/759 1687/197/760
f 1688/226/761 1686/201/759 1685/198/758
f 1689/407/762 1690/408/763 1691/409/764
f 1689/407/762 1691/409/764 1692/410/765
f 1693/411/766 1694/412/767 1695/413/768
f 1695/413/768 1696/414/769 1693/411/766
f 1697/414/770 1698/415/765 1699/411/765
f 1698/415/765 1697/414/770 1700/416/771
f 1701/417/772 1702/418/773 1703/412/774
f 1702/418/773 1704/413/775 1703/412/774
f 1705/419/776 1706/415/776 1707/416/777
f 1707/416/777 1708/420/778 1705/419/776
f 1709/419/779 1710/421/780 1711/422/779
f 1710/421/780 1709/419/779 1712/420/781
f 1713/423/782 1714/422/783 1715/421/784
f 1715/421/784 1716/424/785 1713/423/782
f 1717/425/786 1718/426/786 1719/427/787
f 1718/426/786 1717/425/786 1720/428/786
f 1721/231/788 1722/429/789 1723/430/789
f 1722/429/789 1721/231/788 1724/232/788
f 1725/431/790 1726/432/790 1727/433/790
f 1727/433/790 1728/434/790 1725/431/790
f 1729/435/791 1730/436/791 1731/437/791
f 1731/437/791 1732/438/791 1729/435/791
f 1733/439/20 1734/440/20 1735/436/20
f 1734/440/20 1736/437/20 1735/436/20
f 1737/250/792 1738/441/792 1739/442/793
f 1738/441/792 1737/250/792 1740/252/793
f 1741/245/794 1742/250/795 1743/443/795
f 1743/443/795 1744/444/795 1741/245/794
f 1745/246/796 1746/245/797 1747/445/796
f 1747/445/796 1746/245/797 1748/444/797
f 1749/268/798 1750/260/799 1751/446/799
f 1750/260/799 1749/268/798 1752/258/800
f 1753/447/801 1754/259/801 1755/258/801
f 1755/258/801 1756/448/802 1753/447/801
f 1757/261/263 1758/260/803 1759/257/263
f 1758/260/803 1757/261/263 1760/262/804
f 1761/271/805 1762/270/806 1763/255/807
f 1763/255/807 1762/270/806 1764/275/806
f 1765/449/808 1766/450/808 1767/267/808
f 1766/450/808 1768/265/808 1767/267/808
f 1769/451/809 1770/452/810 1771/453/809
f 1769/451/809 1772/454/810 1770/452/810
f 1773/455/811 1774/456/810 1772/454/810
f 1773/455/811 1772/454/810 1775/451/812
f 1776/457/813 1773/455/811 1775/451/812
f 1776/457/813 1775/451/812 1777/458/814
f 1776/457/813 1777/458/814 1778/459/815
f 1777/458/814 1779/460/815 1778/459/815
f 1780/449/816 1778/459/815 1779/460/815
f 1778/459/815 1780/449/816 1781/461/816
f 1781/461/816 1780/449/816 1782/462/817
f 1780/449/816 1783/267/818 1782/462/817
f 1783/267/818 1784/463/819 1782/462/817
f 1785/266/819 1784/463/819 1783/267/818
f 1785/266/819 1786/464/820 1784/463/819
f 1787/465/820 1786/464/820 1785/266/819
f 1788/466/821 1787/465/820 1785/266/819
f 1789/467/820 1787/465/820 1788/466/821
f 1790/390/822 1791/58/823 1792/57/824
f 1791/58/823 1790/390/822 1793/391/825
f 1794/392/826 1795/80/827 1796/78/826
f 1795/80/827 1794/392/826 1797/89/827
f 1798/80/828 1799/83/735 1800/79/735
f 1800/79/735 1799/83/735 1801/81/735
f 1802/96/829 1803/108/830 1804/98/830
f 1805/109/830 1804/98/830 1803/108/830
f 1806/178/831 1807/393/831 1808/177/831
f 1808/177/831 1807/393/831 1809/394/831
f 1810/396/832 1811/395/833 1812/397/832
f 1811/395/833 1810/396/832 1813/166/833
f 1814/397/834 1815/398/835 1816/396/834
f 1815/398/835 1814/397/834 1817/399/834
f 1818/399/836 1819/191/837 1820/398/838
f 1819/191/837 1818/399/836 1821/190/838
f 1822/166/839 1823/400/840 1824/395/839
f 1823/400/840 1822/166/839 1825/164/841
f 1826/164/842 1827/402/842 1828/400/843
f 1827/402/842 1829/401/842 1828/400/843
f 1830/403/844 1831/194/844 1832/404/845
f 1831/194/844 1830/403/844 1833/193/844
f 1834/405/846 1835/404/847 1836/406/848
f 1835/404/847 1834/405/846 1837/403/846
f 1838/186/849 1839/406/850 1840/183/851
f 1839/406/850 1838/186/849 1841/405/849
f 1842/198/852 1843/197/853 1844/201/854
f 1845/226/855 1842/198/852 1844/201/854
f 1846/408/856 1847/407/762 1848/409/857
f 1848/409/857 1847/407/762 1849/410/765
f 1850/412/767 1851/411/766 1852/413/858
f 1852/413/858 1851/411/766 1853/414/859
f 1854/414/860 1855/415/765 1856/416/771
f 1855/415/765 1854/414/860 1857/411/765
f 1858/417/772 1859/412/774 1860/418/861
f 1860/418/861 1859/412/774 1861/413/862
f 1862/415/863 1863/419/776 1864/416/864
f 1864/416/864 1863/419/776 1865/420/865
f 1866/419/779 1867/421/866 1868/420/867
f 1867/421/866 1866/419/779 1869/422/779
f 1870/422/783 1871/423/782 1872/421/868
f 1872/421/868 1871/423/782 1873/424/785
f 1874/425/786 1875/426/786 1876/428/786
f 1875/426/786 1874/425/786 1877/427/786
f 1878/231/869 1879/429/870 1880/232/869
f 1879/429/870 1878/231/869 1881/430/870
f 1882/431/790 1883/433/871 1884/432/871
f 1883/433/871 1882/431/790 1885/434/790
f 1886/436/791 1887/435/791 1888/437/791
f 1888/437/791 1887/435/791 1889/438/872
f 1890/439/20 1891/436/20 1892/440/20
f 1892/440/20 1891/436/20 1893/437/20
f 1894/442/793 1895/441/792 1896/250/792
f 1896/250/792 1895/441/792 1897/252/793
f 1898/245/795 1899/443/795 1900/250/795
f 1899/443/795 1898/245/795 1901/444/795
f 1902/445/873 1903/245/797 1904/246/873
f 1903/245/797 1902/445/873 1905/444/796
f 1906/260/874 1907/268/875 1908/446/874
f 1907/268/875 1906/260/874 1909/258/875
f 1910/447/801 1911/258/876 1912/259/801
f 1913/448/876 1911/258/876 1910/447/801
f 1914/260/877 1915/261/537 1916/257/878
f 1915/261/537 1914/260/877 1917/262/537
f 1918/270/879 1919/271/879 1920/255/879
f 1920/255/879 1921/275/880 1918/270/879
f 1922/449/881 1923/267/881 1924/450/881
f 1924/450/881 1923/267/881 1925/265/881
f 1926/452/882 1927/451/883 1928/453/884
f 1927/451/883 1926/452/882 1929/454/882
f 1930/455/885 1929/454/882 1931/456/882
f 1929/454/882 1930/455/885 1932/451/886
f 1933/457/887 1932/451/886 1930/455/885
f 1932/451/886 1933/457/887 1934/458/888
f 1933/457/887 1935/459/889 1934/458/888
f 1934/458/888 1935/459/889 1936/460/889
f 1935/459/889 1937/449/890 1936/460/889
f 1937/449/890 1935/459/889 1938/461/890
f 1939/462/891 1937/449/890 1938/461/890
f 1937/449/890 1939/462/891 1940/267/892
f 1940/267/892 1939/462/891 1941/463/893
f 1941/463/893 1942/266/894 1940/267/892
f 1942/266/894 1941/463/893 1943/464/895
f 1943/464/895 1944/465/895 1942/266/894
f 1945/466/893 1942/266/894 1944/465/895
f 1944/465/895 1946/467/895 1945/466/893
f 1947/468/896 1948/469/897 1949/470/898
f 1948/469/897 1947/468/896 1950/471/899
f 1951/355/900 1952/472/900 1953/353/901
f 1952/472/900 1951/355/900 1954/473/900
f 1955/474/902 1956/352/903 1957/475/903
f 1957/475/903 1956/352/903 1958/354/903
f 1959/476/904 1960/477/904 1961/474/904
f 1959/476/904 1961/474/904 1962/475/904
f 1963/473/905 1964/478/905 1965/472/905
f 1964/478/905 1963/473/905 1966/479/905
f 1967/480/906 1968/367/907 1969/366/907
f 1968/367/907 1967/480/906 1970/481/908
f 1971/468/898 1972/469/896 1973/471/899
f 1972/469/896 1971/468/898 1974/470/909
f 1975/355/900 1976/472/900 1977/473/900
f 1976/472/900 1975/355/900 1978/353/900
f 1979/352/903 1980/474/910 1981/475/902
f 1981/475/902 1982/354/902 1979/352/903
f 1983/475/904 1984/474/904 1985/476/911
f 1986/477/904 1985/476/911 1984/474/904
f 1987/473/905 1988/478/905 1989/479/905
f 1988/478/905 1987/473/905 1990/472/905
f 1991/367/907 1992/480/912 1993/366/908
f 1992/480/912 1991/367/907 1994/481/907
f 1995/482/271 1996/483/271 1997/484/271
f 1997/484/271 1998/485/271 1995/482/271
f 1997/484/271 1999/486/271 1998/485/271
f 1999/486/271 2000/487/271 1998/485/271
f 2001/488/913 2002/23/913 2003/489/913
f 2002/23/913 2004/22/913 2003/489/913
f 2004/22/913 2005/490/913 2003/489/913
f 2005/490/913 2004/22/913 2006/19/913
f 2007/17/881 2008/491/881 2009/492/881
f 2009/492/881 2010/16/881 2007/17/881
f 2011/493/881 2010/16/881 2009/492/881
f 2010/16/881 2011/493/881 2012/15/881
f 2013/93/20 2014/95/20 2015/96/20
f 2016/101/20 2013/93/20 2015/96/20
f 2015/96/20 2017/108/20 2016/101/20
f 2018/105/20 2016/101/20 2017/108/20
f 2017/108/20 2019/107/20 2018/105/20
f 2020/103/20 2018/105/20 2019/107/20
f 2021/161/914 2022/173/915 2023/494/916
f 2023/494/916 2024/158/916 2021/161/914
f 2024/158/916 2023/494/916 2025/174/917
f 2025/174/917 2026/163/918 2024/158/916
f 2027/205/919 2028/202/920 2029/495/921
f 2029/495/921 2030/496/922 2027/205/919
f 2031/497/923 2030/496/922 2029/495/921
f 2030/496/922 2031/497/923 2032/498/924
f 2033/234/20 2034/236/20 2035/238/20
f 2035/238/20 2034/236/20 2036/240/20
f 2037/241/20 2035/238/20 2036/240/20
f 2036/240/20 2038/499/20 2037/241/20
f 2036/240/20 2039/243/20 2038/499/20
f 2040/500/925 2041/501/925 2042/502/926
f 2041/501/925 2043/503/927 2042/502/926
f 2043/503/927 2044/504/928 2042/502/926
f 2044/504/928 2043/503/927 2045/254/928
f 2046/253/929 2044/504/928 2045/254/928
f 2044/504/928 2046/253/929 2047/505/930
f 2048/261/931 2047/505/930 2046/253/929
f 2047/505/930 2048/261/931 2049/506/932
f 2048/261/931 2050/507/933 2049/506/932
f 2050/507/933 2048/261/931 2051/257/934
f 2052/508/935 2050/507/933 2051/257/934
f 2051/257/934 2053/259/936 2052/508/935
f 2054/447/937 2052/508/935 2053/259/936
f 2052/508/935 2054/447/937 2055/509/938
f 2056/62/939 2057/60/940 2058/510/941
f 2056/62/939 2058/510/941 2059/511/942
f 2060/512/943 2059/511/942 2058/510/941
f 2059/511/942 2060/512/943 2061/513/944
f 2062/103/20 2063/107/20 2064/105/20
f 2065/108/20 2064/105/20 2063/107/20
f 2064/105/20 2065/108/20 2066/101/20
f 2067/96/20 2066/101/20 2065/108/20
f 2066/101/20 2067/96/20 2068/93/20
f 2068/93/20 2067/96/20 2069/95/20
f 2070/514/798 2071/515/798 2072/516/800
f 2071/515/798 2073/517/798 2072/516/800
f 2072/516/800 2073/517/798 2074/518/798
f 2073/517/798 2075/519/798 2074/518/798
f 2076/520/798 2074/518/798 2075/519/798
f 2074/518/798 2076/520/798 2077/521/798
f 2076/520/798 2078/522/798 2077/521/798
f 2076/520/798 2079/34/800 2078/522/798
f 2080/202/945 2081/205/946 2082/495/947
f 2083/496/948 2082/495/947 2081/205/946
f 2083/496/948 2084/497/949 2082/495/947
f 2084/497/949 2083/496/948 2085/498/950
f 2086/523/889 2087/524/889 2088/525/889
f 2088/525/889 2089/526/889 2086/523/889
f 2090/527/889 2089/526/889 2088/525/889
f 2090/527/889 2091/528/889 2089/526/889
f 2092/529/889 2091/528/889 2090/527/889
f 2091/528/889 2092/529/889 2093/530/889
f 2092/529/889 2094/531/889 2093/530/889
f 2094/531/889 2092/529/889 2095/532/889
f 2096/524/815 2097/523/815 2098/525/815
f 2099/526/815 2098/525/815 2097/523/815
f 2098/525/815 2099/526/815 2100/527/815
f 2101/528/815 2100/527/815 2099/526/815
f 2102/529/815 2100/527/815 2101/528/815
f 2103/530/815 2102/529/815 2101/528/815
f 2104/531/815 2102/529/815 2103/530/815
f 2102/529/815 2104/531/815 2105/532/815
f 2106/533/951 2107/325/952 2108/534/953
f 2108/534/953 2109/535/954 2106/533/951
f 2109/535/954 2108/534/953 2110/536/955
f 2111/537/956 2112/339/957 2113/538/958
f 2114/341/959 2113/538/958 2112/339/957
f 2113/538/958 2114/341/959 2115/539/960
f 2116/337/961 2117/540/962 2118/541/963
f 2118/541/963 2119/334/964 2116/337/961
f 2119/334/964 2118/541/963 2120/542/965
f 2121/543/966 2122/544/967 2123/351/967
f 2121/543/966 2123/351/967 2124/542/968
f 2124/542/968 2123/351/967 2125/334/968
f 2126/543/969 2127/542/969 2128/545/970
f 2126/543/969 2128/545/970 2129/546/969
f 2129/546/969 2128/545/970 2130/547/969
f 2129/546/969 2130/547/969 2131/548/969
f 2131/548/969 2130/547/969 2132/549/969
f 2131/548/969 2132/549/969 2133/550/971
f 2133/550/971 2132/549/969 2134/551/971
f 2133/550/971 2134/551/971 2135/552/971
f 2135/552/971 2134/551/971 2136/553/969
f 2135/552/971 2136/553/969 2137/554/971
f 2138/542/966 2139/334/968 2140/351/967
f 2141/543/968 2138/542/966 2140/351/967
f 2141/543/968 2140/351/967 2142/544/968
f 2143/476/972 2144/477/973 2145/555/974
f 2146/556/975 2145/555/974 2144/477/973
f 2145/555/974 2146/556/975 2147/557/976
f 2148/558/974 2147/557/976 2146/556/975
f 2148/558/974 2149/559/977 2147/557/976
f 2149/559/977 2148/558/974 2150/560/978
f 2149/559/977 2150/560/978 2151/561/979
f 2152/562/978 2151/561/979 2150/560/978
f 2152/562/978 2153/470/980 2151/561/979
f 2153/470/980 2152/562/978 2154/469/980
f 2155/563/981 2156/564/982 2157/565/983
f 2157/565/983 2158/566/984 2155/563/981
f 2159/567/985 2155/563/981 2158/566/984
f 2159/567/985 2158/566/984 2160/568/986
f 2161/569/987 2159/567/985 2160/568/986
f 2159/567/985 2161/569/987 2162/570/988
f 2163/571/989 2162/570/988 2161/569/987
f 2162/570/988 2163/571/989 2164/572/990
f 2165/573/991 2164/572/990 2163/571/989
f 2165/573/991 2163/571/989 2166/574/992
f 2166/574/992 2167/575/993 2165/573/991
f 2167/575/993 2166/574/992 2168/576/994
f 2169/577/995 2167/575/993 2168/576/994
f 2167/575/993 2169/577/995 2170/578/996
f 2169/577/995 2171/579/997 2170/578/996
f 2170/578/996 2171/579/997 2172/580/998
f 2173/581/999 2174/582/1000 2175/583/1001
f 2174/582/1000 2173/581/999 2176/584/1002
f 2174/582/1000 2176/584/1002 2177/585/1003
f 2178/586/1004 2179/587/1005 2180/588/1004
f 2179/587/1005 2178/586/1004 2181/589/1006
f 2181/589/1006 2182/582/1007 2179/587/1005
f 2182/582/1007 2181/589/1006 2183/583/1008
f 2184/588/1009 2185/590/1010 2186/586/1011
f 2185/590/1010 2184/588/1009 2187/591/1012
f 2187/591/1012 2188/592/1013 2185/590/1010
f 2188/592/1013 2187/591/1012 2189/593/1014
f 2190/594/1015 2188/592/1013 2189/593/1014
f 2188/592/1013 2190/594/1015 2191/595/1016
f 2192/596/1017 2191/595/1016 2190/594/1015
f 2191/595/1016 2192/596/1017 2193/597/1018
f 2194/598/1019 2195/599/1020 2196/600/1021
f 2195/599/1020 2194/598/1019 2197/601/1022
f 2194/598/1019 2198/602/1023 2197/601/1022
f 2197/601/1022 2198/602/1023 2199/603/1024
f 2198/602/1023 2200/604/1025 2199/603/1024
f 2200/604/1025 2198/602/1023 2201/605/1026
f 2202/606/1027 2200/604/1025 2201/605/1026
f 2203/607/1028 2200/604/1025 2202/606/1027
f 2202/606/1027 2204/608/271 2203/607/1028
f 2203/607/1028 2204/608/271 2205/609/271
f 2204/608/271 2206/26/271 2205/609/271
f 2206/26/271 2204/608/271 2207/28/271
f 2208/610/1029 2209/611/1030 2210/612/1031
f 2209/611/1030 2208/610/1029 2211/613/1032
f 2208/610/1029 2212/37/1033 2211/613/1032
f 2211/613/1032 2212/37/1033 2213/36/1034
f 2214/614/1035 2215/390/1036 2216/391/1037
f 2215/390/1036 2214/614/1035 2217/615/1038
f 2218/616/1039 2217/615/1038 2214/614/1035
f 2217/615/1038 2218/616/1039 2219/617/1040
f 2220/618/1041 2219/617/1040 2218/616/1039
f 2219/617/1040 2220/618/1041 2221/619/1042
f 2222/620/1043 2221/619/1042 2220/618/1041
f 2221/619/1042 2222/620/1043 2223/621/1044
f 2222/620/1043 2224/622/1045 2223/621/1044
f 2224/622/1045 2222/620/1043 2225/623/1046
f 2225/623/1046 2226/624/1047 2224/622/1045
f 2226/624/1047 2225/623/1046 2227/625/1048
f 2228/512/1049 2229/511/1050 2230/513/1051
f 2229/511/1050 2228/512/1049 2231/510/1052
f 2232/62/1053 2229/511/1050 2231/510/1052
f 2231/510/1052 2233/60/1054 2232/62/1053
f 2234/599/1055 2235/626/1056 2236/600/1057
f 2235/626/1056 2234/599/1055 2237/627/1058
f 2238/628/1059 2235/626/1056 2237/627/1058
f 2237/627/1058 2239/629/1060 2238/628/1059
f 2240/630/1061 2238/628/1059 2239/629/1060
f 2238/628/1059 2240/630/1061 2241/631/1062
f 2242/632/1063 2241/631/1062 2240/630/1061
f 2241/631/1062 2242/632/1063 2243/633/1064
f 2244/634/271 2243/633/1064 2242/632/1063
f 2242/632/1063 2245/635/271 2244/634/271
f 2246/49/271 2244/634/271 2245/635/271
f 2244/634/271 2246/49/271 2247/51/271
f 2248/636/1065 2249/516/1066 2250/514/1067
f 2249/516/1066 2248/636/1065 2251/637/1066
f 2251/637/1066 2252/518/1066 2249/516/1066
f 2252/518/1066 2251/637/1066 2253/638/1065
f 2254/639/1066 2252/518/1066 2253/638/1065
f 2252/518/1066 2254/639/1066 2255/521/1066
f 2256/640/1066 2255/521/1066 2254/639/1066
f 2255/521/1066 2256/640/1066 2257/522/1065
f 2258/514/1068 2259/516/1068 2260/515/875
f 2260/515/875 2259/516/1068 2261/517/875
f 2259/516/1068 2262/518/875 2261/517/875
f 2263/519/875 2261/517/875 2262/518/875
f 2262/518/875 2264/520/875 2263/519/875
f 2264/520/875 2262/518/875 2265/521/1068
f 2264/520/875 2265/521/1068 2266/522/1068
f 2264/520/875 2266/522/1068 2267/34/875
f 2268/639/1069 2269/641/1070 2270/640/1069
f 2269/641/1070 2268/639/1069 2271/642/1069
f 2271/642/1069 2268/639/1069 2272/638/1070
f 2271/642/1069 2272/638/1070 2273/643/1069
f 2272/638/1070 2274/644/1070 2273/643/1069
f 2275/637/1069 2274/644/1070 2272/638/1070
f 2276/636/1070 2274/644/1070 2275/637/1069
f 2274/644/1070 2276/636/1070 2277/645/1069
f 2278/144/1071 2279/646/1072 2280/142/1073
f 2279/646/1072 2278/144/1071 2281/647/1074
f 2281/647/1074 2282/648/1075 2279/646/1072
f 2282/648/1075 2281/647/1074 2283/649/1076
f 2284/134/1077 2282/648/1075 2283/649/1076
f 2284/134/1077 2285/137/1077 2282/648/1075
f 2286/650/1078 2287/138/1079 2288/140/1080
f 2289/651/1081 2287/138/1079 2286/650/1078
f 2290/652/1082 2289/651/1081 2286/650/1078
f 2291/653/1083 2289/651/1081 2290/652/1082
f 2291/653/1083 2290/652/1082 2292/135/1084
f 2293/136/1085 2292/135/1084 2290/652/1082
f 2294/130/1086 2295/112/1087 2296/113/1088
f 2295/112/1087 2294/130/1086 2297/133/1089
f 2298/126/1090 2297/133/1089 2294/130/1086
f 2298/126/1090 2299/128/1090 2297/133/1089
f 2298/126/1090 2300/124/1091 2299/128/1090
f 2300/124/1091 2298/126/1090 2301/123/1092
f 2301/123/1092 2302/118/1093 2300/124/1091
f 2302/118/1093 2301/123/1092 2303/114/1094
f 2304/116/1095 2302/118/1093 2303/114/1094
f 2302/118/1093 2304/116/1095 2305/119/1096
f 2306/654/1097 2307/150/1097 2308/151/1097
f 2307/150/1097 2306/654/1097 2309/655/1097
f 2306/654/1097 2310/656/1097 2309/655/1097
f 2311/657/1097 2309/655/1097 2310/656/1097
f 2312/658/1098 2313/154/1099 2314/153/1099
f 2313/154/1099 2312/658/1098 2315/659/1100
f 2312/658/1098 2316/660/1101 2315/659/1100
f 2317/661/1102 2315/659/1100 2316/660/1101
f 2318/662/1102 2317/661/1102 2316/660/1101
f 2317/661/1102 2318/662/1102 2319/663/1102
f 2320/656/1103 2321/664/1104 2322/657/1105
f 2321/664/1104 2320/656/1103 2323/665/1106
f 2323/665/1106 2324/157/1107 2321/664/1104
f 2324/157/1107 2323/665/1106 2325/119/1108
f 2325/119/1108 2323/665/1106 2326/120/1109
f 2327/666/1110 2328/393/1111 2329/394/1112
f 2329/394/1112 2330/667/1113 2327/666/1110
f 2330/667/1113 2331/187/1114 2327/666/1110
f 2330/667/1113 2332/188/1115 2331/187/1114
f 2333/668/1116 2334/669/1117 2335/670/1117
f 2334/669/1117 2333/668/1116 2336/671/1118
f 2337/672/1119 2336/671/1118 2333/668/1116
f 2336/671/1118 2337/672/1119 2338/673/1120
f 2339/674/1121 2338/673/1120 2337/672/1119
f 2337/672/1119 2340/675/1122 2339/674/1121
f 2341/676/1123 2339/674/1121 2340/675/1122
f 2340/675/1122 2342/677/1124 2341/676/1123
f 2343/678/1125 2341/676/1123 2342/677/1124
f 2341/676/1123 2343/678/1125 2344/679/1125
f 2345/680/1126 2344/679/1125 2343/678/1125
f 2343/678/1125 2346/681/1127 2345/680/1126
f 2347/682/1128 2345/680/1126 2346/681/1127
f 2346/681/1127 2348/683/1129 2347/682/1128
f 2349/684/1130 2347/682/1128 2348/683/1129
f 2347/682/1128 2349/684/1130 2350/685/1130
f 2349/684/1130 2351/686/1131 2350/685/1130
f 2351/686/1131 2349/684/1130 2352/687/1132
f 2352/687/1132 2353/688/1133 2351/686/1131
f 2353/688/1133 2352/687/1132 2354/689/1134
f 2355/690/1135 2353/688/1133 2354/689/1134
f 2354/689/1134 2356/691/1136 2355/690/1135
f 2357/692/1137 2355/690/1135 2356/691/1136
f 2356/691/1136 2358/693/1137 2357/692/1137
f 2359/694/1138 2360/695/1116 2361/696/1139
f 2360/695/1116 2359/694/1138 2362/697/1118
f 2362/697/1118 2363/698/1140 2360/695/1116
f 2363/698/1140 2362/697/1118 2364/699/1141
f 2364/699/1141 2365/700/1142 2363/698/1140
f 2365/700/1142 2364/699/1141 2366/701/1143
f 2366/701/1143 2367/702/1144 2365/700/1142
f 2367/702/1144 2366/701/1143 2368/703/1145
f 2368/703/1145 2369/704/1146 2367/702/1144
f 2369/704/1146 2368/703/1145 2370/705/1147
f 2370/705/1147 2371/706/1148 2369/704/1146
f 2371/706/1148 2370/705/1147 2372/707/1149
f 2372/707/1149 2373/708/1150 2371/706/1148
f 2373/708/1150 2372/707/1149 2374/709/1151
f 2375/710/1152 2373/708/1150 2374/709/1151
f 2374/709/1151 2376/711/1153 2375/710/1152
f 2377/712/1154 2375/710/1152 2376/711/1153
f 2376/711/1153 2378/713/1155 2377/712/1154
f 2379/714/1133 2377/712/1154 2378/713/1155
f 2378/713/1155 2380/715/1134 2379/714/1133
f 2381/716/1135 2379/714/1133 2380/715/1134
f 2380/715/1134 2382/717/1136 2381/716/1135
f 2382/717/1136 2383/718/1156 2381/716/1135
f 2383/718/1156 2382/717/1136 2384/719/1157
f 2385/720/1158 2386/721/1144 2387/722/1159
f 2386/721/1144 2385/720/1158 2388/723/1145
f 2388/723/1145 2389/724/1146 2386/721/1144
f 2389/724/1146 2388/723/1145 2390/725/1147
f 2390/725/1147 2391/726/1148 2389/724/1146
f 2391/726/1148 2390/725/1147 2392/727/1149
f 2392/727/1149 2393/728/1150 2391/726/1148
f 2393/728/1150 2392/727/1149 2394/729/1151
f 2395/730/1152 2393/728/1150 2394/729/1151
f 2396/731/1153 2395/730/1152 2394/729/1151
f 2397/732/1154 2395/730/1152 2396/731/1153
f 2396/731/1153 2398/733/1155 2397/732/1154
f 2399/734/1133 2397/732/1154 2398/733/1155
f 2398/733/1155 2400/735/1134 2399/734/1133
f 2401/736/1135 2399/734/1133 2400/735/1134
f 2402/737/1136 2401/736/1135 2400/735/1134
f 2402/737/1136 2403/738/1160 2401/736/1135
f 2403/738/1160 2402/737/1136 2404/739/1161
f 2404/739/1161 2405/740/1116 2403/738/1160
f 2405/740/1116 2404/739/1161 2406/741/1118
f 2406/741/1118 2407/742/1140 2405/740/1116
f 2407/742/1140 2406/741/1118 2408/743/1141
f 2408/743/1141 2409/744/1162 2407/742/1140
f 2409/744/1162 2408/743/1141 2410/745/1163
f 2411/746/1162 2412/747/1141 2413/748/1163
f 2412/747/1141 2411/746/1162 2414/749/1140
f 2414/749/1140 2415/750/1118 2412/747/1141
f 2415/750/1118 2414/749/1140 2416/751/1116
f 2416/751/1116 2417/752/1164 2415/750/1118
f 2417/752/1164 2416/751/1116 2418/753/1165
f 2418/753/1165 2419/754/1136 2417/752/1164
f 2419/754/1136 2418/753/1165 2420/755/1135
f 2421/756/1134 2419/754/1136 2420/755/1135
f 2420/755/1135 2422/757/1133 2421/756/1134
f 2423/758/1132 2421/756/1134 2422/757/1133
f 2422/757/1133 2424/759/1131 2423/758/1132
f 2425/760/1166 2423/758/1132 2424/759/1131
f 2424/759/1131 2426/761/1130 2425/760/1166
f 2427/762/1167 2425/760/1166 2426/761/1130
f 2425/760/1166 2427/762/1167 2428/763/1168
f 2427/762/1167 2429/764/1127 2428/763/1168
f 2429/764/1127 2427/762/1167 2430/765/1126
f 2430/765/1126 2431/766/1147 2429/764/1127
f 2431/766/1147 2430/765/1126 2432/767/1146
f 2432/767/1146 2433/768/1145 2431/766/1147
f 2433/768/1145 2432/767/1146 2434/769/1144
f 2434/769/1144 2435/770/1169 2433/768/1145
f 2435/770/1169 2434/769/1144 2436/771/1159
f 2437/772/1170 2438/773/1171 2439/774/1172
f 2438/773/1171 2437/772/1170 2440/775/1140
f 2441/776/1173 2440/775/1140 2437/772/1170
f 2440/775/1140 2441/776/1173 2442/777/1174
f 2441/776/1173 2443/778/1175 2442/777/1174
f 2443/778/1175 2441/776/1173 2444/779/1176
f 2445/780/1177 2443/778/1175 2444/779/1176
f 2443/778/1175 2445/780/1177 2446/781/1178
f 2446/781/1178 2445/780/1177 2447/782/1134
f 2445/780/1177 2448/783/1179 2447/782/1134
f 2447/782/1134 2448/783/1179 2449/784/271
f 2448/783/1179 2450/785/1180 2449/784/271
f 2451/786/1181 2449/784/271 2450/785/1180
f 2449/784/271 2451/786/1181 2452/787/1130
f 2451/786/1181 2453/788/1151 2452/787/1130
f 2453/788/1151 2451/786/1181 2454/789/1182
f 2454/789/1182 2455/790/1183 2453/788/1151
f 2455/790/1183 2454/789/1182 2456/791/1184
f 2457/792/1185 2455/790/1183 2456/791/1184
f 2455/790/1183 2457/792/1185 2458/793/1146
f 2459/794/1186 2458/793/1146 2457/792/1185
f 2458/793/1146 2459/794/1186 2460/795/1187
f 2459/794/1186 2461/796/1188 2460/795/1187
f 2461/796/1188 2459/794/1186 2462/797/1189
f 2463/798/1190 2464/226/1191 2465/198/1192
f 2466/799/1193 2464/226/1191 2463/798/1190
f 2467/800/1194 2466/799/1193 2463/798/1190
f 2468/801/1195 2466/799/1193 2467/800/1194
f 2469/211/1196 2468/801/1195 2467/800/1194
f 2470/210/1197 2468/801/1195 2469/211/1196
f 2471/220/222 2472/802/222 521/221/222
f 2471/220/222 2473/803/222 2472/802/222
f 2473/803/222 2471/220/222 2474/804/1198
f 2475/805/1199 2476/426/1200 2477/806/1201
f 2476/426/1200 2475/805/1199 2478/427/1202
f 2479/807/1203 2478/427/1202 2475/805/1199
f 2478/427/1202 2479/807/1203 2480/808/1204
f 2481/809/1205 2482/431/1206 2483/434/1207
f 2482/431/1206 2481/809/1205 2484/810/1206
f 2485/229/1205 2484/810/1206 2481/809/1205
f 2484/810/1206 2485/229/1205 2486/230/1205
f 2487/248/1175 2488/811/1175 2489/812/1175
f 2488/811/1175 2487/248/1175 2490/813/1175
f 2490/813/1175 2487/248/1175 2491/246/1175
f 2492/508/1208 2493/509/1209 2494/814/1210
f 2492/508/1208 2494/814/1210 2495/815/1211
f 2496/507/1212 2492/508/1208 2495/815/1211
f 2495/815/1211 2497/816/1213 2496/507/1212
f 2498/817/1214 2496/507/1212 2497/816/1213
f 2496/507/1212 2498/817/1214 2499/506/1215
f 2498/817/1214 2500/505/1216 2499/506/1215
f 2500/505/1216 2498/817/1214 2501/818/1217
f 2502/819/1218 2500/505/1216 2501/818/1217
f 2500/505/1216 2502/819/1218 2503/504/1219
f 2502/819/1218 2504/502/1220 2503/504/1219
f 2504/502/1220 2502/819/1218 2505/820/1220
f 2506/821/1221 2504/502/1220 2505/820/1220
f 2504/502/1220 2506/821/1221 2507/500/1221
f 2508/822/271 2509/823/271 2510/824/271
f 2509/823/271 2508/822/271 2511/825/271
f 2511/825/271 2512/826/271 2509/823/271
f 2512/826/271 2511/825/271 2513/827/271
f 2513/827/271 2514/828/271 2512/826/271
f 2513/827/271 2515/829/271 2514/828/271
f 2516/482/271 2517/484/271 2518/483/271
f 2517/484/271 2516/482/271 2519/485/271
f 2519/485/271 2520/486/271 2517/484/271
f 2520/486/271 2519/485/271 2521/487/271
f 2522/22/1222 2523/490/1222 2524/19/1222
f 2523/490/1222 2522/22/1222 2525/489/1222
f 2526/23/1222 2525/489/1222 2522/22/1222
f 2527/488/1222 2525/489/1222 2526/23/1222
f 2528/493/808 2529/16/808 2530/15/808
f 2529/16/808 2528/493/808 2531/492/808
f 2531/492/808 2532/17/808 2529/16/808
f 2532/17/808 2531/492/808 2533/491/808
f 2534/582/1223 2535/581/1224 2536/583/1225
f 2535/581/1224 2534/582/1223 2537/584/1226
f 2534/582/1223 2538/585/1227 2537/584/1226
f 2539/587/1228 2540/586/1229 2541/588/1229
f 2540/586/1229 2539/587/1228 2542/589/1230
f 2543/582/1231 2542/589/1230 2539/587/1228
f 2542/589/1230 2543/582/1231 2544/583/1232
f 2545/590/1233 2546/588/1234 2547/586/1235
f 2546/588/1234 2545/590/1233 2548/591/1236
f 2549/592/1237 2548/591/1236 2545/590/1233
f 2548/591/1236 2549/592/1237 2550/593/1238
f 2549/592/1237 2551/594/1239 2550/593/1238
f 2551/594/1239 2549/592/1237 2552/595/1240
f 2552/595/1240 2553/596/1241 2551/594/1239
f 2553/596/1241 2552/595/1240 2554/597/1242
f 2555/599/1243 2556/598/1019 2557/600/1244
f 2556/598/1019 2555/599/1243 2558/601/1245
f 2559/602/1246 2556/598/1019 2558/601/1245
f 2559/602/1246 2558/601/1245 2560/603/1024
f 2561/604/1247 2559/602/1246 2560/603/1024
f 2559/602/1246 2561/604/1247 2562/605/1248
f 2563/606/1249 2562/605/1248 2561/604/1247
f 2561/604/1247 2564/607/1250 2563/606/1249
f 2565/608/271 2563/606/1249 2564/607/1250
f 2564/607/1250 2566/609/271 2565/608/271
f 2567/26/271 2565/608/271 2566/609/271
f 2565/608/271 2567/26/271 2568/28/271
f 2569/611/1251 2570/610/1252 2571/612/1253
f 2570/610/1252 2569/611/1251 2572/613/1254
f 2570/610/1252 2572/613/1254 2573/37/1255
f 2572/613/1254 2574/36/1256 2573/37/1255
f 2575/390/1257 2576/614/1258 2577/391/1259
f 2576/614/1258 2575/390/1257 2578/615/1260
f 2578/615/1260 2579/616/1261 2576/614/1258
f 2579/616/1261 2578/615/1260 2580/617/1262
f 2580/617/1262 2581/618/1263 2579/616/1261
f 2581/618/1263 2580/617/1262 2582/619/1264
f 2582/619/1264 2583/620/1265 2581/618/1263
f 2583/620/1265 2582/619/1264 2584/621/1266
f 2584/621/1266 2585/622/1267 2583/620/1265
f 2583/620/1265 2585/622/1267 2586/623/1268
f 2586/623/1268 2585/622/1267 2587/624/1269
f 2586/623/1268 2587/624/1269 2588/625/1270
f 2589/626/1271 2590/599/1272 2591/600/1272
f 2590/599/1272 2589/626/1271 2592/627/1273
f 2589/626/1271 2593/628/1274 2592/627/1273
f 2592/627/1273 2593/628/1274 2594/629/1028
f 2593/628/1274 2595/630/1275 2594/629/1028
f 2595/630/1275 2593/628/1274 2596/631/1276
f 2596/631/1276 2597/632/1063 2595/630/1275
f 2597/632/1063 2596/631/1276 2598/633/1063
f 2598/633/1063 2599/634/271 2597/632/1063
f 2597/632/1063 2599/634/271 2600/635/271
f 2599/634/271 2601/49/271 2600/635/271
f 2601/49/271 2599/634/271 2602/51/271
f 2603/516/1277 2604/636/1278 2605/514/1278
f 2604/636/1278 2603/516/1277 2606/637/1277
f 2607/518/1277 2606/637/1277 2603/516/1277
f 2606/637/1277 2607/518/1277 2608/638/1277
f 2609/639/1278 2608/638/1277 2607/518/1277
f 2607/518/1277 2610/521/1278 2609/639/1278
f 2611/640/1277 2609/639/1278 2610/521/1278
f 2610/521/1278 2612/522/1278 2611/640/1277
f 2613/639/1279 2614/640/1280 2615/641/1279
f 2616/642/1281 2613/639/1279 2615/641/1279
f 2616/642/1281 2617/638/1279 2613/639/1279
f 2616/642/1281 2618/643/1279 2617/638/1279
f 2617/638/1279 2618/643/1279 2619/644/1279
f 2620/637/1281 2617/638/1279 2619/644/1279
f 2619/644/1279 2621/636/1281 2620/637/1281
f 2621/636/1281 2619/644/1279 2622/645/1279
f 2623/646/1282 2624/144/1071 2625/142/1283
f 2624/144/1071 2623/646/1282 2626/647/1284
f 2627/648/1285 2626/647/1284 2623/646/1282
f 2626/647/1284 2627/648/1285 2628/649/1286
f 2628/649/1286 2627/648/1285 2629/134/1287
f 2630/137/1288 2629/134/1287 2627/648/1285
f 2631/138/1289 2632/650/1290 2633/140/1291
f 2631/138/1289 2634/651/1292 2632/650/1290
f 2635/652/1293 2632/650/1290 2634/651/1292
f 2634/651/1292 2636/653/1294 2635/652/1293
f 2635/652/1293 2636/653/1294 2637/135/1295
f 2635/652/1293 2637/135/1295 2638/136/1296
f 2639/130/1297 2640/113/1298 2641/112/1299
f 2639/130/1297 2641/112/1299 2642/133/1300
f 2643/126/1301 2639/130/1297 2642/133/1300
f 2642/133/1300 2644/128/1302 2643/126/1301
f 2645/124/1303 2643/126/1301 2644/128/1302
f 2643/126/1301 2645/124/1303 2646/123/1304
f 2647/118/1305 2646/123/1304 2645/124/1303
f 2646/123/1304 2647/118/1305 2648/114/1306
f 2649/116/1307 2648/114/1306 2647/118/1305
f 2649/116/1307 2647/118/1305 2650/119/1308
f 2651/150/1309 2652/654/1310 2653/151/1309
f 2652/654/1310 2651/150/1309 2654/655/1309
f 2654/655/1309 2655/656/1309 2652/654/1310
f 2654/655/1309 2656/657/1309 2655/656/1309
f 2657/154/1311 2658/658/1312 2659/153/1311
f 2658/658/1312 2657/154/1311 2660/659/1313
f 2661/660/1314 2658/658/1312 2660/659/1313
f 2661/660/1314 2660/659/1313 2662/661/1315
f 2662/661/1315 2663/662/1316 2661/660/1314
f 2663/662/1316 2662/661/1315 2664/663/1317
f 2665/664/1318 2666/656/1319 2667/657/1319
f 2666/656/1319 2665/664/1318 2668/665/1320
f 2669/157/1321 2668/665/1320 2665/664/1318
f 2668/665/1320 2669/157/1321 2670/119/1322
f 2670/119/1322 2671/120/1322 2668/665/1320
f 2672/161/1323 2673/494/1324 2674/173/1325
f 2673/494/1324 2672/161/1323 2675/158/1326
f 2675/158/1326 2676/174/1327 2673/494/1324
f 2676/174/1327 2675/158/1326 2677/163/1328
f 2678/666/1329 2679/394/1330 2680/393/1331
f 2679/394/1330 2678/666/1329 2681/667/1332
f 2682/187/1333 2681/667/1332 2678/666/1329
f 2681/667/1332 2682/187/1333 2683/188/1334
f 2684/669/1117 2685/668/1116 2686/670/1117
f 2685/668/1116 2684/669/1117 2687/671/1118
f 2687/671/1118 2688/672/1119 2685/668/1116
f 2688/672/1119 2687/671/1118 2689/673/1119
f 2689/673/1119 2690/674/1121 2688/672/1119
f 2688/672/1119 2690/674/1121 2691/675/1122
f 2690/674/1121 2692/676/1123 2691/675/1122
f 2691/675/1122 2692/676/1123 2693/677/1124
f 2692/676/1123 2694/678/1125 2693/677/1124
f 2694/678/1125 2692/676/1123 2695/679/1125
f 2696/680/1126 2694/678/1125 2695/679/1125
f 2694/678/1125 2696/680/1126 2697/681/1127
f 2698/682/1129 2697/681/1127 2696/680/1126
f 2697/681/1127 2698/682/1129 2699/683/1129
f 2698/682/1129 2700/684/1130 2699/683/1129
f 2700/684/1130 2698/682/1129 2701/685/1335
f 2702/686/1131 2700/684/1130 2701/685/1335
f 2703/687/1132 2700/684/1130 2702/686/1131
f 2704/688/1133 2703/687/1132 2702/686/1131
f 2705/689/1134 2703/687/1132 2704/688/1133
f 2706/690/1135 2705/689/1134 2704/688/1133
f 2705/689/1134 2706/690/1135 2707/691/1136
f 2708/692/1137 2707/691/1136 2706/690/1135
f 2707/691/1136 2708/692/1137 2709/693/1137
f 2710/696/1336 2711/695/1116 2712/694/1138
f 2712/694/1138 2711/695/1116 2713/697/1118
f 2711/695/1116 2714/698/1140 2713/697/1118
f 2713/697/1118 2714/698/1140 2715/699/1141
f 2714/698/1140 2716/700/1142 2715/699/1141
f 2715/699/1141 2716/700/1142 2717/701/1143
f 2716/700/1142 2718/702/1144 2717/701/1143
f 2717/701/1143 2718/702/1144 2719/703/1145
f 2718/702/1144 2720/704/1146 2719/703/1145
f 2719/703/1145 2720/704/1146 2721/705/1147
f 2720/704/1146 2722/706/1148 2721/705/1147
f 2721/705/1147 2722/706/1148 2723/707/1149
f 2722/706/1148 2724/708/1150 2723/707/1149
f 2723/707/1149 2724/708/1150 2725/709/1151
f 2726/710/1152 2725/709/1151 2724/708/1150
f 2727/711/1153 2725/709/1151 2726/710/1152
f 2728/712/1154 2727/711/1153 2726/710/1152
f 2727/711/1153 2728/712/1154 2729/713/1155
f 2730/714/1133 2729/713/1155 2728/712/1154
f 2729/713/1155 2730/714/1133 2731/715/1134
f 2732/716/1135 2731/715/1134 2730/714/1133
f 2733/717/1136 2731/715/1134 2732/716/1135
f 2732/716/1135 2734/718/1156 2733/717/1136
f 2733/717/1136 2734/718/1156 2735/719/1157
f 2736/722/1159 2737/721/1144 2738/720/1169
f 2738/720/1169 2737/721/1144 2739/723/1145
f 2739/723/1145 2737/721/1144 2740/724/1146
f 2739/723/1145 2740/724/1146 2741/725/1147
f 2740/724/1146 2742/726/1148 2741/725/1147
f 2741/725/1147 2742/726/1148 2743/727/1149
f 2742/726/1148 2744/728/1150 2743/727/1149
f 2743/727/1149 2744/728/1150 2745/729/1151
f 2746/730/1152 2745/729/1151 2744/728/1150
f 2747/731/1153 2745/729/1151 2746/730/1152
f 2748/732/1154 2747/731/1153 2746/730/1152
f 2749/733/1155 2747/731/1153 2748/732/1154
f 2750/734/1133 2749/733/1155 2748/732/1154
f 2751/735/1134 2749/733/1155 2750/734/1133
f 2752/736/1337 2751/735/1134 2750/734/1133
f 2751/735/1134 2752/736/1337 2753/737/1136
f 2752/736/1337 2754/738/1160 2753/737/1136
f 2753/737/1136 2754/738/1160 2755/739/1161
f 2754/738/1160 2756/740/1116 2755/739/1161
f 2755/739/1161 2756/740/1116 2757/741/1118
f 2757/741/1118 2756/740/1116 2758/742/1140
f 2757/741/1118 2758/742/1140 2759/743/1141
f 2758/742/1140 2760/744/1162 2759/743/1141
f 2759/743/1141 2760/744/1162 2761/745/1163
f 2762/747/1141 2763/746/1162 2764/748/1163
f 2765/749/1140 2763/746/1162 2762/747/1141
f 2766/750/1118 2765/749/1140 2762/747/1141
f 2767/751/1116 2765/749/1140 2766/750/1118
f 2768/752/1164 2767/751/1116 2766/750/1118
f 2769/753/1165 2767/751/1116 2768/752/1164
f 2770/754/1136 2769/753/1165 2768/752/1164
f 2771/755/1337 2769/753/1165 2770/754/1136
f 2770/754/1136 2772/756/1134 2771/755/1337
f 2771/755/1337 2772/756/1134 2773/757/1133
f 2772/756/1134 2774/758/1132 2773/757/1133
f 2773/757/1133 2774/758/1132 2775/759/1131
f 2774/758/1132 2776/760/1166 2775/759/1131
f 2775/759/1131 2776/760/1166 2777/761/1166
f 2776/760/1166 2778/762/1338 2777/761/1166
f 2778/762/1338 2776/760/1166 2779/763/1168
f 2780/764/1127 2778/762/1338 2779/763/1168
f 2781/765/1126 2778/762/1338 2780/764/1127
f 2782/766/1147 2781/765/1126 2780/764/1127
f 2783/767/1146 2781/765/1126 2782/766/1147
f 2784/768/1145 2783/767/1146 2782/766/1147
f 2785/769/1144 2783/767/1146 2784/768/1145
f 2786/770/1169 2785/769/1144 2784/768/1145
f 2787/771/1159 2785/769/1144 2786/770/1169
f 2788/773/1171 2789/772/1339 2790/774/1340
f 2789/772/1339 2788/773/1171 2791/775/1140
f 2791/775/1140 2792/776/1341 2789/772/1339
f 2792/776/1341 2791/775/1140 2793/777/1174
f 2794/778/1175 2792/776/1341 2793/777/1174
f 2794/778/1175 2795/779/1342 2792/776/1341
f 2794/778/1175 2796/780/1343 2795/779/1342
f 2796/780/1343 2794/778/1175 2797/781/1178
f 2797/781/1178 2798/782/1134 2796/780/1343
f 2796/780/1343 2798/782/1134 2799/783/1344
f 2798/782/1134 2800/784/271 2799/783/1344
f 2799/783/1344 2800/784/271 2801/785/1345
f 2800/784/271 2802/786/1346 2801/785/1345
f 2802/786/1346 2800/784/271 2803/787/1130
f 2804/788/1151 2802/786/1346 2803/787/1130
f 2804/788/1151 2805/789/1347 2802/786/1346
f 2806/790/1183 2805/789/1347 2804/788/1151
f 2806/790/1183 2807/791/1348 2805/789/1347
f 2806/790/1183 2808/792/1349 2807/791/1348
f 2808/792/1349 2806/790/1183 2809/793/1146
f 2809/793/1146 2810/794/1350 2808/792/1349
f 2810/794/1350 2809/793/1146 2811/795/1187
f 2812/796/1188 2810/794/1350 2811/795/1187
f 2812/796/1188 2813/797/1351 2810/794/1350
f 2814/798/1352 2815/198/1353 2816/226/1354
f 2816/226/1354 2817/799/1355 2814/798/1352
f 2818/800/1356 2814/798/1352 2817/799/1355
f 2819/801/1357 2818/800/1356 2817/799/1355
f 2820/211/1358 2818/800/1356 2819/801/1357
f 2819/801/1357 2821/210/1359 2820/211/1358
f 2822/234/20 2823/238/20 2824/236/20
f 2823/238/20 2825/240/20 2824/236/20
f 2825/240/20 2823/238/20 2826/241/20
f 2825/240/20 2826/241/20 2827/499/20
f 2825/240/20 2827/499/20 2828/243/20
f 2829/220/222 1131/221/222 2830/802/221
f 2831/803/221 2829/220/222 2830/802/221
f 2829/220/222 2831/803/221 2832/804/1198
f 2833/426/1360 2834/805/1361 2835/806/1362
f 2833/426/1360 2836/427/1363 2834/805/1361
f 2836/427/1363 2837/807/1364 2834/805/1361
f 2836/427/1363 2838/808/1365 2837/807/1364
f 2839/431/1366 2840/809/1367 2841/434/1366
f 2840/809/1367 2839/431/1366 2842/810/1367
f 2842/810/1367 2843/229/1368 2840/809/1367
f 2843/229/1368 2842/810/1367 2844/230/1369
f 2845/248/1175 2846/813/1175 2847/246/1175
f 2845/248/1175 2848/811/1175 2846/813/1175
f 2848/811/1175 2845/248/1175 2849/812/1175
f 2850/502/1370 2851/501/1371 2852/500/1371
f 2851/501/1371 2850/502/1370 2853/503/1370
f 2854/504/1372 2853/503/1370 2850/502/1370
f 2853/503/1370 2854/504/1372 2855/254/1373
f 2854/504/1372 2856/253/1374 2855/254/1373
f 2856/253/1374 2854/504/1372 2857/505/1375
f 2857/505/1375 2858/261/1376 2856/253/1374
f 2858/261/1376 2857/505/1375 2859/506/1377
f 2860/507/1378 2858/261/1376 2859/506/1377
f 2860/507/1378 2861/257/1379 2858/261/1376
f 2862/508/1380 2861/257/1379 2860/507/1378
f 2861/257/1379 2862/508/1380 2863/259/1380
f 2862/508/1380 2864/447/1381 2863/259/1380
f 2864/447/1381 2862/508/1380 2865/509/1382
f 2866/509/1383 2867/508/1384 2868/814/1385
f 2868/814/1385 2867/508/1384 2869/815/1386
f 2870/507/1387 2869/815/1386 2867/508/1384
f 2869/815/1386 2870/507/1387 2871/816/1388
f 2870/507/1387 2872/817/1389 2871/816/1388
f 2872/817/1389 2870/507/1387 2873/506/1389
f 2873/506/1389 2874/505/1390 2872/817/1389
f 2874/505/1390 2875/818/1391 2872/817/1389
f 2874/505/1390 2876/819/1392 2875/818/1391
f 2876/819/1392 2874/505/1390 2877/504/1393
f 2878/502/1394 2876/819/1392 2877/504/1393
f 2876/819/1392 2878/502/1394 2879/820/1395
f 2878/502/1394 2880/821/1396 2879/820/1395
f 2880/821/1396 2878/502/1394 2881/500/1397
f 2882/823/271 2883/822/271 2884/824/271
f 2883/822/271 2882/823/271 2885/825/271
f 2886/826/271 2885/825/271 2882/823/271
f 2885/825/271 2886/826/271 2887/827/271
f 2886/826/271 2888/828/271 2887/827/271
f 2887/827/271 2888/828/271 2889/829/271
f 2890/283/1398 2891/830/1399 2892/831/1400
f 2891/830/1399 2890/283/1398 2893/280/1401
f 2894/832/1402 2891/830/1399 2893/280/1401
f 2895/285/1403 2894/832/1402 2893/280/1401
f 2895/285/1403 2896/833/1404 2894/832/1402
f 2897/834/1405 2896/833/1404 2895/285/1403
f 2897/834/1405 2898/835/1406 2896/833/1404
f 2899/284/1407 2897/834/1405 2895/285/1403
f 2900/836/1408 2898/835/1406 2897/834/1405
f 2900/836/1408 2901/837/1409 2898/835/1406
f 2902/838/1410 2900/836/1408 2897/834/1405
f 2897/834/1405 2899/284/1407 2902/838/1410
f 2901/837/1409 2900/836/1408 2903/839/1411
f 2900/836/1408 2904/840/1412 2903/839/1411
f 2904/840/1412 2900/836/1408 2902/838/1410
f 2905/841/1413 2901/837/1409 2903/839/1411
f 2901/837/1409 2905/841/1413 2906/842/1414
f 2903/839/1411 2904/840/1412 2907/843/1415
f 2906/842/1414 2905/841/1413 2908/844/1416
f 2908/844/1416 2909/845/1417 2906/842/1414
f 2910/846/1418 2903/839/1411 2907/843/1415
f 2903/839/1411 2910/846/1418 2905/841/1413
f 2909/845/1417 2908/844/1416 2911/308/1419
f 2911/308/1419 2912/847/1420 2909/845/1417
f 2912/847/1420 2911/308/1419 2913/304/1421
f 2912/847/1420 2913/304/1421 2914/848/1422
f 2915/306/1423 2914/848/1422 2913/304/1421
f 2914/848/1422 2915/306/1423 2916/849/1424
f 2908/844/1416 2917/309/1425 2911/308/1419
f 2905/841/1413 2918/850/1426 2908/844/1416
f 2917/309/1425 2908/844/1416 2918/850/1426
f 2918/850/1426 2905/841/1413 2910/846/1418
f 2918/850/1426 2919/851/1427 2917/309/1425
f 2907/843/1415 2920/852/1428 2910/846/1418
f 2920/852/1428 2918/850/1426 2910/846/1418
f 2919/851/1427 2918/850/1426 2921/853/1429
f 2918/850/1426 2920/852/1428 2921/853/1429
f 2922/854/1430 2917/309/1425 2919/851/1427
f 2917/309/1425 2922/854/1430 2923/300/1431
f 2922/854/1430 2924/301/1432 2923/300/1431
f 2924/301/1432 2922/854/1430 2925/855/1433
f 2922/854/1430 2926/856/1434 2925/855/1433
f 2926/856/1434 2922/854/1430 2927/857/1435
f 2922/854/1430 2928/858/1436 2927/857/1435
f 2928/858/1436 2922/854/1430 2919/851/1427
f 2928/858/1436 2919/851/1427 2921/853/1429
f 2929/859/1437 2921/853/1429 2920/852/1428
f 2921/853/1429 2929/859/1437 2928/858/1436
f 2920/852/1428 2930/860/1438 2929/859/1437
f 2920/852/1428 2931/861/1439 2930/860/1438
f 2920/852/1428 2907/843/1415 2931/861/1439
f 2907/843/1415 2932/862/1440 2931/861/1439
f 2932/862/1440 2907/843/1415 2904/840/1412
f 2902/838/1410 2932/862/1440 2904/840/1412
f 2932/862/1440 2930/860/1438 2931/861/1439
f 2932/862/1440 2933/863/1441 2930/860/1438
f 2934/864/1442 2933/863/1441 2932/862/1440
f 2932/862/1440 2902/838/1410 2934/864/1442
f 2933/863/1441 2934/864/1442 2935/865/1443
f 2935/865/1443 2934/864/1442 2936/866/1444
f 2936/866/1444 2902/838/1410 2899/284/1407
f 2902/838/1410 2936/866/1444 2934/864/1442
f 2936/866/1444 2937/867/1445 2935/865/1443
f 2899/284/1407 2937/867/1445 2936/866/1444
f 2937/867/1445 2938/868/1446 2935/865/1443
f 2899/284/1407 2939/277/1447 2937/867/1445
f 2937/867/1445 2940/869/1448 2938/868/1446
f 2941/276/1449 2937/867/1445 2939/277/1447
f 2937/867/1445 2941/276/1449 2942/870/1450
f 2940/869/1448 2937/867/1445 2942/870/1450
f 2943/871/1451 2944/869/1452 2945/872/1453
f 2946/868/1454 2944/869/1452 2943/871/1451
f 2947/873/1455 2946/868/1454 2943/871/1451
f 2946/868/1454 2947/873/1455 2948/865/1456
f 2949/874/1457 2948/865/1456 2947/873/1455
f 2948/865/1456 2949/874/1457 2950/863/1458
f 2951/875/1459 2950/863/1458 2949/874/1457
f 2952/860/1460 2950/863/1458 2951/875/1459
f 2953/859/1461 2952/860/1460 2951/875/1459
f 2954/876/1462 2953/859/1461 2951/875/1459
f 2955/858/1463 2953/859/1461 2954/876/1462
f 2954/876/1462 2956/877/1464 2955/858/1463
f 2957/857/1465 2955/858/1463 2956/877/1464
f 2956/877/1464 2958/878/1466 2957/857/1465
f 2959/856/1467 2957/857/1465 2958/878/1466
f 2958/878/1466 2960/879/1468 2959/856/1467
f 2961/880/1469 2962/471/1470 2963/468/1470
f 2962/471/1470 2961/880/1469 2964/881/1471
f 2965/882/1472 2964/881/1471 2961/880/1469
f 2964/881/1471 2965/882/1472 2966/883/1473
f 2965/882/1472 2967/884/1474 2966/883/1473
f 2968/885/1475 2966/883/1473 2967/884/1474
f 2969/555/1476 2970/477/980 2971/476/972
f 2969/555/1476 2972/556/972 2970/477/980
f 2973/557/1477 2972/556/972 2969/555/1476
f 2973/557/1477 2974/558/1478 2972/556/972
f 2974/558/1478 2973/557/1477 2975/559/1479
f 2975/559/1479 2976/560/1480 2974/558/1478
f 2977/561/1481 2976/560/1480 2975/559/1479
f 2977/561/1481 2978/562/1482 2976/560/1480
f 2979/470/980 2978/562/1482 2977/561/1481
f 2978/562/1482 2979/470/980 2980/469/980
f 2981/365/1483 2982/886/1484 2983/364/1485
f 2982/886/1484 2981/365/1483 2984/887/1486
f 2984/887/1486 2985/888/1487 2982/886/1484
f 2985/888/1487 2984/887/1486 2986/889/1488
f 2986/889/1488 2987/890/1489 2985/888/1487
f 2986/889/1488 2988/891/1490 2987/890/1489
f 2988/891/1490 2989/892/1491 2987/890/1489
f 2989/892/1491 2988/891/1490 2990/893/1492
f 2990/893/1492 2991/369/1493 2989/892/1491
f 2991/369/1493 2990/893/1492 2992/370/1494
f 2993/894/1495 2994/895/1496 2995/896/1497
f 2994/895/1496 2993/894/1495 2996/897/1498
f 2996/897/1498 2997/898/1499 2994/895/1496
f 2997/898/1499 2996/897/1498 2998/899/1500
f 2997/898/1499 2998/899/1500 2999/900/1501
f 2999/900/1501 2998/899/1500 3000/901/1502
f 3000/901/1502 3001/902/1503 2999/900/1501
f 3001/902/1503 3000/901/1502 3002/903/1504
f 3002/903/1504 3003/904/1505 3001/902/1503
f 3003/904/1505 3002/903/1504 3004/905/1506
f 3005/906/1507 3006/907/1508 3007/908/1509
f 3005/906/1507 3008/909/1510 3006/907/1508
f 3009/910/1511 3008/909/1510 3005/906/1507
f 3009/910/1511 3010/911/1512 3008/909/1510
f 3011/912/1513 3010/911/1512 3009/910/1511
f 3010/911/1512 3011/912/1513 3012/913/1514
f 3013/914/1515 3012/913/1514 3011/912/1513
f 3012/913/1514 3013/914/1515 3014/915/1516
f 3015/916/1517 3014/915/1516 3013/914/1515
f 3014/915/1516 3015/916/1517 3016/917/1518
f 3017/534/1519 3018/535/1520 3019/536/1521
f 3018/535/1520 3017/534/1519 3020/533/1522
f 3020/533/1522 3017/534/1519 3021/325/1523
f 3022/541/1524 3023/334/1525 3024/542/1526
f 3023/334/1525 3022/541/1524 3025/337/1527
f 3025/337/1527 3022/541/1524 3026/540/1528
f 3027/537/1529 3028/538/1530 3029/339/1531
f 3030/341/1532 3029/339/1531 3028/538/1530
f 3030/341/1532 3028/538/1530 3031/539/1533
f 3032/471/1534 3033/880/1469 3034/468/1534
f 3033/880/1469 3032/471/1534 3035/881/1535
f 3035/881/1535 3036/882/1536 3033/880/1469
f 3036/882/1536 3035/881/1535 3037/883/1537
f 3037/883/1537 3038/884/1538 3036/882/1536
f 3038/884/1538 3037/883/1537 3039/885/1539
f 3040/886/1540 3041/365/1541 3042/364/1542
f 3041/365/1541 3040/886/1540 3043/887/1543
f 3044/888/1544 3043/887/1543 3040/886/1540
f 3043/887/1543 3044/888/1544 3045/889/1545
f 3046/890/1546 3045/889/1545 3044/888/1544
f 3045/889/1545 3046/890/1546 3047/891/1547
f 3048/892/1548 3047/891/1547 3046/890/1546
f 3047/891/1547 3048/892/1548 3049/893/1549
f 3050/369/1550 3049/893/1549 3048/892/1548
f 3049/893/1549 3050/369/1550 3051/370/1551
f 3052/895/1552 3053/894/1553 3054/896/1554
f 3053/894/1553 3052/895/1552 3055/897/1555
f 3056/898/1556 3055/897/1555 3052/895/1552
f 3055/897/1555 3056/898/1556 3057/899/1557
f 3058/900/1558 3057/899/1557 3056/898/1556
f 3058/900/1558 3059/901/1559 3057/899/1557
f 3060/902/1560 3059/901/1559 3058/900/1558
f 3059/901/1559 3060/902/1560 3061/903/1561
f 3062/904/1562 3061/903/1561 3060/902/1560
f 3061/903/1561 3062/904/1562 3063/905/1563
f 3064/907/1564 3065/906/1565 3066/908/1566
f 3065/906/1565 3064/907/1564 3067/909/1567
f 3067/909/1567 3068/910/1568 3065/906/1565
f 3068/910/1568 3067/909/1567 3069/911/1569
f 3069/911/1569 3070/912/1570 3068/910/1568
f 3070/912/1570 3069/911/1569 3071/913/1571
f 3071/913/1571 3072/914/1572 3070/912/1570
f 3072/914/1572 3071/913/1571 3073/915/1573
f 3074/916/1574 3072/914/1572 3073/915/1573
f 3074/916/1574 3073/915/1573 3075/917/1575
f 3076/553/969 3077/552/1576 3078/554/969
f 3077/552/1576 3076/553/969 3079/551/971
f 3079/551/971 3080/550/969 3077/552/1576
f 3080/550/969 3079/551/971 3081/549/971
f 3081/549/971 3082/548/969 3080/550/969
f 3082/548/969 3081/549/971 3083/547/969
f 3083/547/969 3084/546/969 3082/548/969
f 3084/546/969 3083/547/969 3085/545/971
f 3085/545/971 3086/543/970 3084/546/969
f 3086/543/970 3085/545/971 3087/542/971
f 3088/918/1577 3089/919/1578 3090/920/1579
f 3088/918/1577 3090/920/1579 3091/921/1580
f 3090/920/1579 3092/922/1581 3091/921/1580
f 3092/922/1581 3090/920/1579 3093/923/1582
f 3094/919/1583 3095/924/1583 3096/925/1584
f 3094/919/1583 3096/925/1584 3097/920/1585
f 3096/925/1584 3098/923/1586 3097/920/1585
f 3098/923/1586 3096/925/1584 3099/926/1586
f 3100/78/1587 3101/392/1588 3102/924/1589
f 3102/924/1589 3101/392/1588 3103/925/1590
f 3101/392/1588 3104/926/1591 3103/925/1590
f 3104/926/1591 3101/392/1588 3105/89/1592
f 3106/927/1593 3107/918/1594 3108/921/1595
f 3106/927/1593 3108/921/1595 3109/928/1596
f 3109/928/1596 3108/921/1595 3110/929/1597
f 3110/929/1597 3108/921/1595 3111/922/1598
f 3112/515/1599 3113/930/1600 3114/931/1599
f 3113/930/1600 3112/515/1599 3115/517/1599
f 3113/930/1600 3115/517/1599 3116/519/1599
f 3113/930/1600 3116/519/1599 3117/932/1600
f 3116/519/1599 3118/933/1599 3117/932/1600
f 3118/933/1599 3116/519/1599 3119/520/1600
f 3118/933/1599 3119/520/1600 3120/34/1600
f 3118/933/1599 3120/34/1600 3121/31/1599
f 3122/135/1601 3123/132/1602 3124/653/1603
f 3125/129/1604 3124/653/1603 3123/132/1602
f 3124/653/1603 3125/129/1604 3126/934/1605
f 3126/934/1605 3127/651/1606 3124/653/1603
f 3128/125/1607 3126/934/1605 3125/129/1604
f 3127/651/1606 3129/146/1608 3130/138/1609
f 3126/934/1605 3128/125/1607 3131/935/1610
f 3129/146/1608 3127/651/1606 3132/936/1611
f 3127/651/1606 3126/934/1605 3132/936/1611
f 3131/935/1610 3132/936/1611 3126/934/1605
f 3129/146/1608 3132/936/1611 3133/149/1612
f 3132/936/1611 3131/935/1610 3134/151/1613
f 3133/149/1612 3132/936/1611 3134/151/1613
f 3128/125/1607 3135/937/1614 3131/935/1610
f 3135/937/1614 3134/151/1613 3131/935/1610
f 3135/937/1614 3128/125/1607 3136/121/1615
f 3137/120/1616 3135/937/1614 3136/121/1615
f 3134/151/1613 3135/937/1614 3138/654/1617
f 3135/937/1614 3139/665/1618 3138/654/1617
f 3135/937/1614 3137/120/1616 3139/665/1618
f 3138/654/1617 3139/665/1618 3140/656/1619
f 3141/938/1620 3142/663/1621 3143/662/1622
f 3142/663/1621 3141/938/1620 3144/939/1623
f 3141/938/1620 3145/116/1624 3144/939/1623
f 3145/116/1624 3141/938/1620 3146/156/1625
f 3144/939/1623 3145/116/1624 3147/115/1626
f 3148/176/168 3149/182/1627 3150/177/168
f 3149/182/1627 3151/394/168 3150/177/168
f 3151/394/168 3149/182/1627 3152/940/1628
f 3153/941/1627 3152/940/1628 3149/182/1627
f 3152/940/1628 3154/667/168 3151/394/168
f 3152/940/1628 3153/941/1627 3155/401/1628
f 3156/395/1629 3152/940/1628 3155/401/1628
f 3157/400/168 3156/395/1629 3155/401/1628
f 3152/940/1628 3156/395/1629 3158/397/168
f 3159/399/1628 3152/940/1628 3158/397/168
f 3152/940/1628 3159/399/1628 3160/942/1628
f 3154/667/168 3152/940/1628 3160/942/1628
f 3154/667/168 3160/942/1628 3161/188/1628
f 3160/942/1628 3159/399/1628 3162/190/168
f 3161/188/1628 3160/942/1628 3163/943/168
f 3163/943/168 3160/942/1628 3162/190/168
f 3163/943/168 3164/185/1628 3161/188/1628
f 3164/185/1628 3163/943/168 3165/183/168
f 3165/183/168 3163/943/168 3166/406/168
f 3166/406/168 3163/943/168 3167/404/1628
f 3162/190/168 3168/194/168 3163/943/168
f 3167/404/1628 3163/943/168 3168/194/168
f 3168/194/168 3162/190/168 3169/189/168
f 3170/944/1630 3171/173/1630 3172/172/1631
f 3171/173/1630 3170/944/1630 3173/494/1632
f 3170/944/1630 3174/174/1632 3173/494/1632
f 3174/174/1632 3170/944/1630 3175/175/1630
f 3176/181/1633 3177/941/1634 3178/182/1635
f 3176/181/1633 3179/945/1635 3177/941/1634
f 3180/402/1635 3177/941/1634 3179/945/1635
f 3177/941/1634 3180/402/1635 3181/401/1634
f 3182/946/1060 3183/198/271 3184/196/271
f 3185/798/1060 3183/198/271 3182/946/1060
f 3182/946/1060 3186/800/1060 3185/798/1060
f 3186/800/1060 3182/946/1060 3187/947/1060
f 3187/947/1060 3188/211/1636 3186/800/1060
f 3188/211/1636 3187/947/1060 3189/948/1637
f 3190/409/1638 3188/211/1636 3189/948/1637
f 3190/409/1638 3189/948/1637 3191/949/1061
f 3192/408/1639 3188/211/1636 3190/409/1638
f 3188/211/1636 3192/408/1639 3193/208/1640
f 3194/408/1641 3195/209/1642 3196/208/1643
f 3197/950/1644 3195/209/1642 3194/408/1641
f 3194/408/1641 3198/951/1645 3197/950/1644
f 3194/408/1641 3199/407/1645 3198/951/1645
f 3200/235/20 3201/237/20 3202/952/20
f 3202/952/20 3201/237/20 3203/953/20
f 3203/953/20 3201/237/20 3204/954/20
f 3205/955/20 3203/953/20 3204/954/20
f 3204/954/20 3201/237/20 3206/242/20
f 3207/956/20 3204/954/20 3206/242/20
f 3208/957/20 3207/956/20 3206/242/20
f 3207/956/20 3208/957/20 3209/958/20
f 3210/959/20 3208/957/20 3206/242/20
f 3211/434/20 3209/958/20 3208/957/20
f 3209/958/20 3211/434/20 3212/433/20
f 3213/960/20 3211/434/20 3208/957/20
f 3208/957/20 3210/959/20 3213/960/20
f 3213/960/20 3210/959/20 3214/244/20
f 3214/244/20 3215/809/20 3213/960/20
f 3213/960/20 3215/809/20 3211/434/20
f 3214/244/20 3216/229/20 3215/809/20
f 3217/802/1646 3218/806/1647 3219/221/1647
f 3218/806/1647 3217/802/1646 3220/805/1648
f 3217/802/1646 3221/807/1649 3220/805/1648
f 3221/807/1649 3217/802/1646 3222/961/1650
f 3223/959/1651 3224/243/1652 3225/244/1651
f 3224/243/1652 3223/959/1651 3226/499/1653
f 3227/241/1654 3226/499/1653 3223/959/1651
f 3223/959/1651 3228/242/1652 3227/241/1654
f 3229/248/1655 3230/812/1656 3231/962/1657
f 3231/962/1657 3232/247/1658 3229/248/1655
f 3233/963/1659 3232/247/1658 3231/962/1657
f 3231/962/1657 3234/439/815 3233/963/1659
f 3235/436/815 3233/963/1659 3234/439/815
f 3236/964/815 3233/963/1659 3235/436/815
f 3232/247/1658 3233/963/1659 3237/249/1660
f 3237/249/1660 3233/963/1659 3238/965/1661
f 3233/963/1659 3236/964/815 3238/965/1661
f 3237/249/1660 3238/965/1661 3239/251/1662
f 3240/966/1663 3241/260/1664 3242/967/1665
f 3241/260/1664 3243/262/1665 3242/967/1665
f 3244/256/1666 3242/967/1665 3243/262/1665
f 3242/967/1665 3244/256/1666 3245/263/1666
f 3246/271/909 3247/501/909 3248/968/909
f 3247/501/909 3246/271/909 3249/503/909
f 3246/271/909 3250/254/909 3249/503/909
f 3250/254/909 3246/271/909 3251/255/909
f 3252/918/1667 3253/920/1668 3254/919/1669
f 3255/921/1670 3253/920/1668 3252/918/1667
f 3253/920/1668 3255/921/1670 3256/922/1671
f 3256/922/1671 3257/923/1672 3253/920/1668
f 3258/919/1673 3259/925/1674 3260/924/1675
f 3261/920/1676 3259/925/1674 3258/919/1673
f 3259/925/1674 3261/920/1676 3262/923/1677
f 3262/923/1677 3263/926/1677 3259/925/1674
f 3264/924/1678 3265/392/1679 3266/78/1680
f 3264/924/1678 3267/925/1681 3265/392/1679
f 3267/925/1681 3268/926/1682 3265/392/1679
f 3268/926/1682 3269/89/1680 3265/392/1679
f 3270/927/1683 3271/921/1684 3272/918/1685
f 3273/928/1686 3271/921/1684 3270/927/1683
f 3271/921/1684 3273/928/1686 3274/929/1687
f 3274/929/1687 3275/922/1688 3271/921/1684
f 3276/930/1689 3277/515/1689 3278/931/1690
f 3277/515/1689 3276/930/1689 3279/517/1690
f 3279/517/1690 3276/930/1689 3280/519/1689
f 3281/932/1689 3280/519/1689 3276/930/1689
f 3282/933/1689 3280/519/1689 3281/932/1689
f 3280/519/1689 3282/933/1689 3283/520/1689
f 3282/933/1689 3284/34/1690 3283/520/1689
f 3285/31/1690 3284/34/1690 3282/933/1689
f 3286/653/1691 3287/132/1692 3288/135/1693
f 3286/653/1691 3289/129/1694 3287/132/1692
f 3286/653/1691 3290/934/1695 3289/129/1694
f 3290/934/1695 3286/653/1691 3291/651/1696
f 3290/934/1695 3292/125/1697 3289/129/1694
f 3293/146/1698 3291/651/1696 3294/138/1699
f 3292/125/1697 3290/934/1695 3295/935/1700
f 3291/651/1696 3296/936/1701 3290/934/1695
f 3296/936/1701 3295/935/1700 3290/934/1695
f 3291/651/1696 3293/146/1698 3296/936/1701
f 3293/146/1698 3297/149/1702 3296/936/1701
f 3295/935/1700 3296/936/1701 3298/151/1703
f 3297/149/1702 3298/151/1703 3296/936/1701
f 3299/937/1704 3295/935/1700 3298/151/1703
f 3299/937/1704 3292/125/1697 3295/935/1700
f 3292/125/1697 3299/937/1704 3300/121/1705
f 3299/937/1704 3301/120/1706 3300/121/1705
f 3298/151/1703 3302/654/1707 3299/937/1704
f 3303/665/1708 3299/937/1704 3302/654/1707
f 3301/120/1706 3299/937/1704 3303/665/1708
f 3303/665/1708 3302/654/1707 3304/656/1709
f 3305/663/1710 3306/938/1711 3307/662/1712
f 3306/938/1711 3305/663/1710 3308/939/1713
f 3309/116/1714 3306/938/1711 3308/939/1713
f 3306/938/1711 3309/116/1714 3310/156/1714
f 3308/939/1713 3311/115/1715 3309/116/1714
f 3312/176/439 3313/177/439 3314/182/1716
f 3315/394/439 3314/182/1716 3313/177/439
f 3314/182/1716 3315/394/439 3316/940/1716
f 3316/940/1716 3317/941/1717 3314/182/1716
f 3318/667/1718 3316/940/1716 3315/394/439
f 3317/941/1717 3316/940/1716 3319/401/439
f 3319/401/439 3316/940/1716 3320/395/1717
f 3321/400/439 3319/401/439 3320/395/1717
f 3316/940/1716 3322/397/439 3320/395/1717
f 3316/940/1716 3323/399/1717 3322/397/439
f 3316/940/1716 3318/667/1718 3324/942/1716
f 3323/399/1717 3316/940/1716 3324/942/1716
f 3324/942/1716 3318/667/1718 3325/188/1719
f 3324/942/1716 3326/190/439 3323/399/1717
f 3327/943/439 3326/190/439 3324/942/1716
f 3325/188/1719 3327/943/439 3324/942/1716
f 3328/185/1717 3327/943/439 3325/188/1719
f 3327/943/439 3328/185/1717 3329/183/1716
f 3329/183/1716 3330/406/1716 3327/943/439
f 3330/406/1716 3331/404/439 3327/943/439
f 3332/194/439 3326/190/439 3327/943/439
f 3331/404/439 3332/194/439 3327/943/439
f 3326/190/439 3332/194/439 3333/189/439
f 3334/173/1720 3335/944/1721 3336/172/1722
f 3335/944/1721 3334/173/1720 3337/494/1722
f 3338/174/1720 3335/944/1721 3337/494/1722
f 3338/174/1720 3339/175/1720 3335/944/1721
f 3340/182/1723 3341/941/1724 3342/181/1725
f 3342/181/1725 3341/941/1724 3343/945/1725
f 3341/941/1724 3344/402/1724 3343/945/1725
f 3344/402/1724 3341/941/1724 3345/401/1724
f 3346/946/1028 3347/196/271 3348/198/271
f 3348/198/271 3349/798/1028 3346/946/1028
f 3350/800/1726 3346/946/1028 3349/798/1028
f 3346/946/1028 3350/800/1726 3351/947/1028
f 3352/211/1727 3351/947/1028 3350/800/1726
f 3351/947/1028 3352/211/1727 3353/948/1728
f 3352/211/1727 3354/409/1729 3353/948/1728
f 3354/409/1729 3355/949/1728 3353/948/1728
f 3352/211/1727 3356/408/1730 3354/409/1729
f 3352/211/1727 3357/208/1731 3356/408/1730
f 3358/408/1732 3359/208/1733 3360/209/1734
f 3360/209/1734 3361/950/1735 3358/408/1732
f 3362/951/1736 3358/408/1732 3361/950/1735
f 3358/408/1732 3362/951/1736 3363/407/1736
f 3364/235/20 3365/952/20 3366/237/20
f 3365/952/20 3367/953/20 3366/237/20
f 3367/953/20 3368/954/20 3366/237/20
f 3369/955/20 3368/954/20 3367/953/20
f 3368/954/20 3370/242/20 3366/237/20
f 3370/242/20 3368/954/20 3371/956/20
f 3371/956/20 3372/957/20 3370/242/20
f 3372/957/20 3371/956/20 3373/958/20
f 3372/957/20 3374/959/20 3370/242/20
f 3373/958/20 3375/434/20 3372/957/20
f 3375/434/20 3373/958/20 3376/433/20
f 3375/434/20 3377/960/20 3372/957/20
f 3374/959/20 3372/957/20 3377/960/20
f 3377/960/20 3378/244/20 3374/959/20
f 3379/809/20 3378/244/20 3377/960/20
f 3379/809/20 3377/960/20 3375/434/20
f 3380/229/20 3378/244/20 3379/809/20
f 3381/806/1647 3382/802/1737 3383/221/1647
f 3381/806/1647 3384/805/1738 3382/802/1737
f 3385/807/1739 3382/802/1737 3384/805/1738
f 3382/802/1737 3385/807/1739 3386/961/1740
f 3387/243/1741 3388/959/1742 3389/244/1743
f 3388/959/1742 3387/243/1741 3390/499/1744
f 3391/241/1745 3388/959/1742 3390/499/1744
f 3388/959/1742 3391/241/1745 3392/242/1743
f 3393/248/1746 3394/962/1747 3395/812/1748
f 3394/962/1747 3393/248/1746 3396/247/1749
f 3396/247/1749 3397/963/1750 3394/962/1747
f 3398/439/889 3394/962/1747 3397/963/1750
f 3398/439/889 3397/963/1750 3399/436/889
f 3397/963/1750 3400/964/889 3399/436/889
f 3397/963/1750 3396/247/1749 3401/249/1751
f 3397/963/1750 3401/249/1751 3402/965/1752
f 3400/964/889 3397/963/1750 3402/965/1752
f 3403/251/1753 3402/965/1752 3401/249/1751
f 3404/966/1754 3405/967/1755 3406/260/1754
f 3406/260/1754 3405/967/1755 3407/262/1755
f 3405/967/1755 3408/256/1756 3407/262/1755
f 3408/256/1756 3405/967/1755 3409/263/1757
f 3410/501/1758 3411/271/909 3412/968/909
f 3411/271/909 3410/501/1758 3413/503/909
f 3414/254/909 3411/271/909 3413/503/909
f 3411/271/909 3414/254/909 3415/255/1759
f 3416/830/1760 3417/969/1761 3418/831/1762
f 3417/969/1761 3416/830/1760 3419/970/1763
f 3416/830/1760 3420/971/1764 3419/970/1763
f 3416/830/1760 3421/832/1765 3420/971/1764
f 3421/832/1765 3422/972/1766 3420/971/1764
f 3421/832/1765 3423/833/1767 3422/972/1766
f 3423/833/1767 3424/973/1768 3422/972/1766
f 3423/833/1767 3425/835/1769 3424/973/1768
f 3425/835/1769 3426/974/1770 3424/973/1768
f 3426/974/1770 3425/835/1769 3427/837/1771
f 3428/842/1772 3426/974/1770 3427/837/1771
f 3426/974/1770 3428/842/1772 3429/975/1773
f 3428/842/1772 3430/845/1774 3429/975/1773
f 3431/976/1775 3429/975/1773 3430/845/1774
f 3430/845/1774 3432/847/1776 3431/976/1775
f 3433/977/1777 3431/976/1775 3432/847/1776
f 3432/847/1776 3434/848/1778 3433/977/1777
f 3435/978/1779 3433/977/1777 3434/848/1778
f 3434/848/1778 3436/979/1780 3435/978/1779
f 3436/979/1780 3434/848/1778 3437/849/1781
f 3438/293/1782 3439/980/1783 3440/291/1784
f 3439/980/1783 3441/385/1785 3440/291/1784
f 3439/980/1783 3442/313/1786 3441/385/1785
f 3442/313/1786 3439/980/1783 3443/316/1787
f 3444/533/1788 3445/323/1789 3446/325/1790
f 3445/323/1789 3444/533/1788 3447/981/1791
f 3447/981/1791 3448/982/1792 3445/323/1789
f 3448/982/1792 3449/333/1793 3445/323/1789
f 3448/982/1792 3447/981/1791 3450/983/1794
f 3448/982/1792 3451/332/1795 3449/333/1793
f 3451/332/1795 3448/982/1792 3452/984/1796
f 3450/983/1794 3452/984/1796 3448/982/1792
f 3452/984/1796 3450/983/1794 3453/985/1797
f 3453/985/1797 3454/327/1423 3452/984/1796
f 3452/984/1796 3454/327/1423 3451/332/1795
f 3454/327/1423 3453/985/1797 3455/328/1798
f 3456/323/1799 3457/533/1800 3458/325/1801
f 3457/533/1800 3456/323/1799 3459/981/1802
f 3459/981/1802 3456/323/1799 3460/982/1803
f 3460/982/1803 3456/323/1799 3461/333/1804
f 3459/981/1802 3460/982/1803 3462/983/1805
f 3463/332/1806 3460/982/1803 3461/333/1804
f 3464/984/1807 3462/983/1805 3460/982/1803
f 3460/982/1803 3463/332/1806 3464/984/1807
f 3462/983/1805 3464/984/1807 3465/985/1808
f 3466/327/1809 3465/985/1808 3464/984/1807
f 3464/984/1807 3463/332/1806 3466/327/1809
f 3465/985/1808 3466/327/1809 3467/328/1810
f 3468/565/1811 3469/568/1812 3470/566/1813
f 3469/568/1812 3468/565/1811 3471/986/1814
f 3471/986/1814 3472/569/1815 3469/568/1812
f 3471/986/1814 3468/565/1811 3473/987/1816
f 3471/986/1814 3474/571/1817 3472/569/1815
f 3473/987/1816 3475/988/1818 3471/986/1814
f 3474/571/1817 3471/986/1814 3475/988/1818
f 3475/988/1818 3473/987/1816 3476/989/1819
f 3477/990/1820 3475/988/1818 3476/989/1819
f 3475/988/1818 3477/990/1820 3478/991/1821
f 3478/991/1821 3474/571/1817 3475/988/1818
f 3474/571/1817 3478/991/1821 3479/574/1822
f 3478/991/1821 3477/990/1820 3480/579/1823
f 3478/991/1821 3481/576/1824 3479/574/1822
f 3480/579/1823 3481/576/1824 3478/991/1821
f 3481/576/1824 3480/579/1823 3482/577/1825
f 3483/992/1826 3484/993/1827 3485/994/1828
f 3486/995/1829 3483/992/1826 3485/994/1828
f 3487/996/1830 3486/995/1829 3485/994/1828
f 3486/995/1829 3487/996/1830 3488/997/1831
f 3489/998/1832 3486/995/1829 3488/997/1831
f 3483/992/1826 3486/995/1829 3490/999/1833
f 3491/1000/1834 3490/999/1833 3486/995/1829
f 3491/1000/1834 3486/995/1829 3489/998/1832
f 3489/998/1832 3492/47/1835 3491/1000/1834
f 3490/999/1833 3493/1001/1836 3494/992/1837
f 3492/47/1835 3495/1002/1838 3491/1000/1834
f 3490/999/1833 3491/1000/1834 3495/1002/1838
f 3495/1002/1838 3496/1003/1839 3490/999/1833
f 3496/1003/1839 3493/1001/1836 3490/999/1833
f 3493/1001/1836 3496/1003/1839 3497/1004/1840
f 3492/47/1835 3498/1005/1841 3495/1002/1838
f 3499/48/1842 3498/1005/1841 3492/47/1835
f 3498/1005/1841 3499/48/1842 3500/1006/1843
f 3496/1003/1839 3495/1002/1838 3501/1007/1844
f 3498/1005/1841 3501/1007/1844 3495/1002/1838
f 3501/1007/1844 3498/1005/1841 3502/1008/1845
f 3502/1008/1845 3498/1005/1841 3500/1006/1843
f 3502/1008/1845 3500/1006/1843 3503/1009/1846
f 3504/1010/1847 3496/1003/1839 3501/1007/1844
f 3502/1008/1845 3504/1010/1847 3501/1007/1844
f 3496/1003/1839 3504/1010/1847 3505/1011/1848
f 3505/1011/1848 3497/1004/1840 3496/1003/1839
f 3497/1004/1840 3505/1011/1848 3506/1012/1849
f 3507/1013/1850 3506/1012/1849 3505/1011/1848
f 3504/1010/1847 3502/1008/1845 3508/1014/1851
f 3508/1014/1851 3502/1008/1845 3503/1009/1846
f 3508/1014/1851 3503/1009/1846 3509/1015/1852
f 3508/1014/1851 3510/1016/1853 3504/1010/1847
f 3505/1011/1848 3510/1016/1853 3507/1013/1850
f 3510/1016/1853 3505/1011/1848 3504/1010/1847
f 3511/1017/1854 3508/1014/1851 3509/1015/1852
f 3512/1018/1855 3507/1013/1850 3510/1016/1853
f 3507/1013/1850 3512/1018/1855 3513/1019/1856
f 3512/1018/1855 3510/1016/1853 3514/1020/1857
f 3514/1020/1857 3508/1014/1851 3511/1017/1854
f 3510/1016/1853 3508/1014/1851 3514/1020/1857
f 3515/1021/1858 3513/1019/1856 3512/1018/1855
f 3515/1021/1858 3516/1022/1859 3513/1019/1856
f 3514/1020/1857 3517/1023/1860 3512/1018/1855
f 3515/1021/1858 3512/1018/1855 3517/1023/1860
f 3517/1023/1860 3514/1020/1857 3511/1017/1854
f 3518/1024/1861 3516/1022/1859 3515/1021/1858
f 3516/1022/1859 3518/1024/1861 3519/1025/1862
f 3515/1021/1858 3517/1023/1860 3520/1026/1863
f 3511/1017/1854 3520/1026/1863 3517/1023/1860
f 3520/1026/1863 3518/1024/1861 3515/1021/1858
f 3521/1027/1864 3520/1026/1863 3511/1017/1854
f 3518/1024/1861 3522/1028/1865 3519/1025/1862
f 3523/1029/1866 3520/1026/1863 3521/1027/1864
f 3522/1028/1865 3518/1024/1861 3524/1030/1867
f 3524/1030/1867 3525/1031/1868 3522/1028/1865
f 3518/1024/1861 3520/1026/1863 3526/1032/1869
f 3520/1026/1863 3523/1029/1866 3526/1032/1869
f 3523/1029/1866 3527/1033/1870 3526/1032/1869
f 3527/1033/1870 3524/1030/1867 3518/1024/1861
f 3518/1024/1861 3526/1032/1869 3527/1033/1870
f 3527/1033/1870 3523/1029/1866 3528/1034/1871
f 3528/1034/1871 3529/1035/1872 3527/1033/1870
f 3524/1030/1867 3527/1033/1870 3530/1036/1873
f 3527/1033/1870 3529/1035/1872 3530/1036/1873
f 3524/1030/1867 3530/1036/1873 3531/1037/1874
f 3524/1030/1867 3531/1037/1874 3525/1031/1868
f 3531/1037/1874 3532/1038/1875 3525/1031/1868
f 3530/1036/1873 3533/1039/1876 3531/1037/1874
f 3533/1039/1876 3530/1036/1873 3529/1035/1872
f 3532/1038/1875 3531/1037/1874 3534/1040/1877
f 3534/1040/1877 3531/1037/1874 3533/1039/1876
f 3534/1040/1877 3535/1041/1878 3532/1038/1875
f 3536/1042/1879 3534/1040/1877 3533/1039/1876
f 3533/1039/1876 3529/1035/1872 3536/1042/1879
f 3529/1035/1872 3537/1043/1880 3536/1042/1879
f 3538/1044/1881 3536/1042/1879 3537/1043/1880
f 3535/1041/1878 3534/1040/1877 3539/1045/1882
f 3534/1040/1877 3536/1042/1879 3539/1045/1882
f 3540/1046/1883 3539/1045/1882 3536/1042/1879
f 3536/1042/1879 3538/1044/1881 3540/1046/1883
f 3541/1047/1884 3540/1046/1883 3538/1044/1881
f 3539/1045/1882 3540/1046/1883 3542/1048/1885
f 3542/1048/1885 3535/1041/1878 3539/1045/1882
f 3535/1041/1878 3542/1048/1885 3543/1049/1886
f 3544/1050/833 3542/1048/1885 3540/1046/1883
f 3540/1046/1883 3541/1047/1884 3544/1050/833
f 3545/72/1887 3544/1050/833 3541/1047/1884
f 3544/1050/833 3545/72/1887 3546/71/1888
f 3547/1051/1889 3543/1049/1886 3542/1048/1885
f 3542/1048/1885 3544/1050/833 3547/1051/1889
f 3544/1050/833 3546/71/1888 3547/1051/1889
f 3543/1049/1886 3547/1051/1889 3548/1052/1890
f 3549/1053/1891 3548/1052/1890 3547/1051/1889
f 3547/1051/1889 3546/71/1888 3549/1053/1891
f 3550/1054/1892 3549/1053/1891 3546/71/1888
f 3551/1055/1893 3549/1053/1891 3550/1054/1892
f 3548/1052/1890 3549/1053/1891 3551/1055/1893
f 3550/1054/1892 3552/1056/1894 3551/1055/1893
f 3553/1057/1895 3551/1055/1893 3552/1056/1894
f 3551/1055/1893 3554/1058/1896 3548/1052/1890
f 3554/1058/1896 3551/1055/1893 3555/1059/1897
f 3551/1055/1893 3553/1057/1895 3555/1059/1897
f 3555/1059/1897 3556/1060/1898 3554/1058/1896
f 3557/231/20 3558/430/20 3559/1061/20
f 3557/231/20 3559/1061/20 3560/1062/20
f 3561/228/20 3557/231/20 3560/1062/20
f 3559/1061/20 3562/1063/20 3560/1062/20
f 3560/1062/20 3563/230/20 3561/228/20
f 3564/431/20 3562/1063/20 3565/432/20
f 3563/230/20 3560/1062/20 3566/1064/20
f 3560/1062/20 3562/1063/20 3566/1064/20
f 3562/1063/20 3564/431/20 3566/1064/20
f 3566/1064/20 3564/431/20 3567/810/20
f 3566/1064/20 3567/810/20 3563/230/20
f 3568/992/1899 3569/994/1900 3570/993/1901
f 3568/992/1899 3571/995/1902 3569/994/1900
f 3571/995/1902 3572/996/1903 3569/994/1900
f 3572/996/1903 3571/995/1902 3573/997/1904
f 3574/998/1905 3573/997/1904 3571/995/1902
f 3571/995/1902 3568/992/1899 3575/999/1906
f 3575/999/1906 3576/1000/1907 3571/995/1902
f 3576/1000/1907 3574/998/1905 3571/995/1902
f 3574/998/1905 3576/1000/1907 3577/47/1908
f 3575/999/1906 3578/992/1909 3579/1001/1910
f 3577/47/1908 3576/1000/1907 3580/1002/1911
f 3576/1000/1907 3575/999/1906 3580/1002/1911
f 3580/1002/1911 3575/999/1906 3581/1003/1912
f 3579/1001/1910 3581/1003/1912 3575/999/1906
f 3581/1003/1912 3579/1001/1910 3582/1004/1913
f 3580/1002/1911 3583/1005/1914 3577/47/1908
f 3583/1005/1914 3584/48/1915 3577/47/1908
f 3585/1006/1916 3584/48/1915 3583/1005/1914
f 3580/1002/1911 3581/1003/1912 3586/1007/1917
f 3586/1007/1917 3583/1005/1914 3580/1002/1911
f 3583/1005/1914 3586/1007/1917 3587/1008/1918
f 3587/1008/1918 3585/1006/1916 3583/1005/1914
f 3588/1009/1919 3585/1006/1916 3587/1008/1918
f 3581/1003/1912 3589/1010/1920 3586/1007/1917
f 3586/1007/1917 3589/1010/1920 3587/1008/1918
f 3589/1010/1920 3590/1014/1921 3587/1008/1918
f 3590/1014/1921 3588/1009/1919 3587/1008/1918
f 3591/1015/1922 3588/1009/1919 3590/1014/1921
f 3592/1017/1923 3591/1015/1922 3590/1014/1921
f 3581/1003/1912 3593/1011/1924 3589/1010/1920
f 3582/1004/1913 3593/1011/1924 3581/1003/1912
f 3593/1011/1924 3582/1004/1913 3594/1012/1925
f 3595/1013/1926 3593/1011/1924 3594/1012/1925
f 3596/1016/1927 3593/1011/1924 3595/1013/1926
f 3590/1014/1921 3589/1010/1920 3596/1016/1927
f 3593/1011/1924 3596/1016/1927 3589/1010/1920
f 3595/1013/1926 3597/1018/1928 3596/1016/1927
f 3597/1018/1928 3595/1013/1926 3598/1019/1929
f 3596/1016/1927 3597/1018/1928 3599/1020/1930
f 3599/1020/1930 3592/1017/1923 3590/1014/1921
f 3596/1016/1927 3599/1020/1930 3590/1014/1921
f 3600/1021/1931 3597/1018/1928 3598/1019/1929
f 3600/1021/1931 3598/1019/1929 3601/1022/1932
f 3599/1020/1930 3597/1018/1928 3602/1023/1933
f 3599/1020/1930 3602/1023/1933 3592/1017/1923
f 3600/1021/1931 3602/1023/1933 3597/1018/1928
f 3600/1021/1931 3603/1026/1934 3602/1023/1933
f 3592/1017/1923 3602/1023/1933 3603/1026/1934
f 3604/1027/1935 3592/1017/1923 3603/1026/1934
f 3603/1026/1934 3605/1029/1936 3604/1027/1935
f 3601/1022/1932 3606/1024/1937 3600/1021/1931
f 3603/1026/1934 3600/1021/1931 3606/1024/1937
f 3606/1024/1937 3601/1022/1932 3607/1025/1938
f 3608/1028/1939 3606/1024/1937 3607/1025/1938
f 3606/1024/1937 3609/1032/1940 3603/1026/1934
f 3605/1029/1936 3603/1026/1934 3609/1032/1940
f 3610/1033/1941 3605/1029/1936 3609/1032/1940
f 3606/1024/1937 3610/1033/1941 3609/1032/1940
f 3605/1029/1936 3610/1033/1941 3611/1034/1942
f 3612/1030/1943 3610/1033/1941 3606/1024/1937
f 3606/1024/1937 3608/1028/1939 3612/1030/1943
f 3612/1030/1943 3608/1028/1939 3613/1031/1944
f 3611/1034/1942 3610/1033/1941 3614/1035/1945
f 3612/1030/1943 3613/1031/1944 3615/1037/1946
f 3616/1038/1947 3615/1037/1946 3613/1031/1944
f 3612/1030/1943 3615/1037/1946 3617/1036/1948
f 3614/1035/1945 3610/1033/1941 3617/1036/1948
f 3612/1030/1943 3617/1036/1948 3610/1033/1941
f 3615/1037/1946 3616/1038/1947 3618/1040/1949
f 3619/1041/1950 3618/1040/1949 3616/1038/1947
f 3620/1039/1951 3617/1036/1948 3615/1037/1946
f 3614/1035/1945 3617/1036/1948 3620/1039/1951
f 3620/1039/1951 3615/1037/1946 3618/1040/1949
f 3621/1042/1952 3620/1039/1951 3618/1040/1949
f 3620/1039/1951 3621/1042/1952 3614/1035/1945
f 3614/1035/1945 3621/1042/1952 3622/1043/1953
f 3621/1042/1952 3623/1044/1954 3622/1043/1953
f 3618/1040/1949 3619/1041/1950 3624/1045/1955
f 3618/1040/1949 3624/1045/1955 3621/1042/1952
f 3625/1046/1956 3621/1042/1952 3624/1045/1955
f 3623/1044/1954 3621/1042/1952 3625/1046/1956
f 3625/1046/1956 3626/1047/1957 3623/1044/1954
f 3624/1045/1955 3627/1048/1958 3625/1046/1956
f 3619/1041/1950 3627/1048/1958 3624/1045/1955
f 3627/1048/1958 3619/1041/1950 3628/1049/1959
f 3627/1048/1958 3629/1050/741 3625/1046/1956
f 3626/1047/1957 3625/1046/1956 3629/1050/741
f 3629/1050/741 3630/72/1960 3626/1047/1957
f 3630/72/1960 3629/1050/741 3631/71/1961
f 3628/1049/1959 3632/1051/1962 3627/1048/1958
f 3629/1050/741 3627/1048/1958 3632/1051/1962
f 3629/1050/741 3632/1051/1962 3631/71/1961
f 3632/1051/1962 3628/1049/1959 3633/1052/1963
f 3633/1052/1963 3634/1053/1964 3632/1051/1962
f 3632/1051/1962 3634/1053/1964 3631/71/1961
f 3635/1054/1965 3631/71/1961 3634/1053/1964
f 3634/1053/1964 3633/1052/1963 3636/1055/1966
f 3636/1055/1966 3635/1054/1965 3634/1053/1964
f 3635/1054/1965 3636/1055/1966 3637/1056/1967
f 3636/1055/1966 3638/1057/1968 3637/1056/1967
f 3639/1058/1969 3636/1055/1966 3633/1052/1963
f 3636/1055/1966 3639/1058/1969 3640/1059/1970
f 3638/1057/1968 3636/1055/1966 3640/1059/1970
f 3640/1059/1970 3639/1058/1969 3641/1060/1971
f 3642/231/20 3643/1061/20 3644/430/20
f 3643/1061/20 3642/231/20 3645/1062/20
f 3642/231/20 3646/228/20 3645/1062/20
f 3647/1063/20 3643/1061/20 3645/1062/20
f 3648/230/20 3645/1062/20 3646/228/20
f 3647/1063/20 3649/431/20 3650/432/20
f 3648/230/20 3651/1064/20 3645/1062/20
f 3645/1062/20 3651/1064/20 3647/1063/20
f 3649/431/20 3647/1063/20 3651/1064/20
f 3651/1064/20 3652/810/20 3649/431/20
f 3652/810/20 3651/1064/20 3648/230/20
f 3653/1065/1972 3654/290/1973 3655/295/1974
f 3656/1066/1975 3654/290/1973 3653/1065/1972
f 3657/1067/1976 3656/1066/1975 3653/1065/1972
f 3654/290/1973 3656/1066/1975 3658/293/1976
f 3656/1066/1975 3657/1067/1976 3659/1068/1976
f 3660/1069/1977 3659/1068/1976 3657/1067/1976
f 3656/1066/1975 3661/1070/1975 3658/293/1976
f 3662/980/1978 3658/293/1976 3661/1070/1975
f 3661/1070/1975 3663/316/1976 3662/980/1978
f 3659/1068/1976 3660/1069/1977 3664/1071/1973
f 3660/1069/1977 3665/1072/1976 3664/1071/1973
f 3659/1068/1976 3666/1073/1979 3656/1066/1975
f 3664/1071/1973 3666/1073/1979 3659/1068/1976
f 3666/1073/1979 3661/1070/1975 3656/1066/1975
f 3666/1073/1979 3664/1071/1973 3667/1074/1975
f 3665/1072/1976 3667/1074/1975 3664/1071/1973
f 3667/1074/1975 3665/1072/1976 3668/1075/1979
f 3669/1076/1980 3667/1074/1975 3668/1075/1979
f 3667/1074/1975 3669/1076/1980 3670/1077/1972
f 3670/1077/1972 3666/1073/1979 3667/1074/1975
f 3671/1078/1979 3670/1077/1972 3669/1076/1980
f 3666/1073/1979 3670/1077/1972 3672/1079/1976
f 3671/1078/1979 3672/1079/1976 3670/1077/1972
f 3672/1079/1976 3671/1078/1979 3673/1080/1979
f 3672/1079/1976 3674/1081/1976 3666/1073/1979
f 3673/1080/1979 3674/1081/1976 3672/1079/1976
f 3666/1073/1979 3674/1081/1976 3661/1070/1975
f 3661/1070/1975 3674/1081/1976 3663/316/1976
f 3674/1081/1976 3673/1080/1979 3675/1082/1977
f 3675/1082/1977 3676/314/1973 3674/1081/1976
f 3674/1081/1976 3676/314/1973 3663/316/1976
f 3676/314/1973 3675/1082/1977 3677/317/1981
f 3678/870/1982 3679/296/1983 3680/298/1984
f 3679/296/1983 3678/870/1982 3681/1083/1985
f 3679/296/1983 3681/1083/1985 3682/1084/1986
f 3683/276/1987 3681/1083/1985 3678/870/1982
f 3684/855/1988 3685/320/1989 3686/319/1990
f 3684/855/1988 3686/319/1990 3687/1085/1991
f 3688/301/1992 3684/855/1988 3687/1085/1991
f 3687/1085/1991 3686/319/1990 3689/1086/1993
f 3690/815/20 3691/814/20 3692/1087/20
f 3693/816/20 3690/815/20 3692/1087/20
f 3694/817/20 3693/816/20 3692/1087/20
f 3695/818/20 3694/817/20 3692/1087/20
f 3696/819/20 3695/818/20 3692/1087/20
f 3696/819/20 3692/1087/20 3697/820/20
f 3697/820/20 3692/1087/20 3698/821/20
f 3699/821/20 3700/1087/20 3701/820/20
f 3700/1087/20 3702/819/20 3701/820/20
f 3702/819/20 3700/1087/20 3703/818/20
f 3703/818/20 3700/1087/20 3704/817/20
f 3704/817/20 3700/1087/20 3705/816/20
f 3705/816/20 3700/1087/20 3706/815/20
f 3706/815/20 3700/1087/20 3707/814/20
f 3708/563/1994 3709/1088/1995 3710/564/1996
f 3709/1088/1995 3708/563/1994 3711/1089/1997
f 3711/1089/1997 3712/1090/1998 3709/1088/1995
f 3708/563/1994 3713/1091/1999 3711/1089/1997
f 3713/1091/1999 3708/563/1994 3714/567/2000
f 3712/1090/1998 3711/1089/1997 3715/1092/2001
f 3714/567/2000 3716/1093/2002 3713/1091/1999
f 3716/1093/2002 3714/567/2000 3717/570/2003
f 3713/1091/1999 3716/1093/2002 3718/1094/2004
f 3715/1092/2001 3711/1089/1997 3718/1094/2004
f 3713/1091/1999 3718/1094/2004 3711/1089/1997
f 3719/1095/2005 3716/1093/2002 3717/570/2003
f 3716/1093/2002 3720/1096/2006 3718/1094/2004
f 3717/570/2003 3721/1097/2007 3719/1095/2005
f 3722/1098/2008 3718/1094/2004 3720/1096/2006
f 3721/1097/2007 3717/570/2003 3723/572/2009
f 3724/573/2010 3721/1097/2007 3723/572/2009
f 3721/1097/2007 3724/573/2010 3725/1099/2011
f 3725/1099/2011 3724/573/2010 3726/1100/2012
f 3727/575/2013 3726/1100/2012 3724/573/2010
f 3728/1101/2014 3715/1092/2001 3718/1094/2004
f 3718/1094/2004 3722/1098/2008 3728/1101/2014
f 3722/1098/2008 3729/6/2015 3728/1101/2014
f 3729/6/2015 3730/5/2016 3728/1101/2014
f 3715/1092/2001 3728/1101/2014 3731/1102/2017
f 3731/1102/2017 3728/1101/2014 3730/5/2016
f 3731/1102/2017 3712/1090/1998 3715/1092/2001
f 3712/1090/1998 3731/1102/2017 3732/1103/2018
f 3733/1104/2019 3732/1103/2018 3731/1102/2017
f 3733/1104/2019 3731/1102/2017 3730/5/2016
f 3734/1105/2020 3733/1104/2019 3730/5/2016
f 3735/1106/2021 3732/1103/2018 3736/1107/2022
f 3734/1105/2020 3737/1108/2023 3733/1104/2019
f 3732/1103/2018 3733/1104/2019 3737/1108/2023
f 3736/1107/2022 3732/1103/2018 3737/1108/2023
f 3738/1109/2024 3737/1108/2023 3734/1105/2020
f 3739/1110/2025 3737/1108/2023 3738/1109/2024
f 3737/1108/2023 3739/1110/2025 3736/1107/2022
f 3727/575/2013 3740/1111/2026 3726/1100/2012
f 3741/578/2027 3740/1111/2026 3727/575/2013
f 3740/1111/2026 3742/1112/2028 3726/1100/2012
f 3726/1100/2012 3742/1112/2028 3743/1113/2029
f 3742/1112/2028 3744/1114/2030 3743/1113/2029
f 3741/578/2027 3745/1115/2031 3740/1111/2026
f 3745/1115/2031 3742/1112/2028 3740/1111/2026
f 3741/578/2027 3746/1116/2032 3745/1115/2031
f 3746/1116/2032 3741/578/2027 3747/580/2033
f 3748/1117/2034 3745/1115/2031 3746/1116/2032
f 3745/1115/2031 3748/1117/2034 3749/1118/2035
f 3745/1115/2031 3749/1118/2035 3742/1112/2028
f 3744/1114/2030 3742/1112/2028 3750/1119/2036
f 3749/1118/2035 3750/1119/2036 3742/1112/2028
f 3750/1119/2036 3751/12/2037 3744/1114/2030
f 3751/12/2037 3750/1119/2036 3752/11/2038
f 3750/1119/2036 3749/1118/2035 3753/1120/2039
f 3753/1120/2039 3752/11/2038 3750/1119/2036
f 3748/1117/2034 3753/1120/2039 3749/1118/2035
f 3753/1120/2039 3748/1117/2034 3754/1121/2040
f 3754/1121/2040 3755/1122/2041 3753/1120/2039
f 3755/1122/2041 3752/11/2038 3753/1120/2039
f 3756/1123/2042 3752/11/2038 3755/1122/2041
f 3757/1124/2043 3754/1121/2040 3758/1125/2044
f 3756/1123/2042 3755/1122/2041 3759/1126/2045
f 3755/1122/2041 3754/1121/2040 3759/1126/2045
f 3757/1124/2043 3759/1126/2045 3754/1121/2040
f 3759/1126/2045 3760/1127/2046 3756/1123/2042
f 3759/1126/2045 3761/1128/2047 3760/1127/2046
f 3761/1128/2047 3759/1126/2045 3757/1124/2043
f 3762/931/20 3763/930/20 3764/1129/20
f 3764/1129/20 3763/930/20 3765/1130/20
f 3766/1131/20 3764/1129/20 3765/1130/20
f 3763/930/20 3767/1132/20 3765/1130/20
f 3766/1131/20 3765/1130/20 3767/1132/20
f 3767/1132/20 3763/930/20 3768/932/20
f 3769/933/20 3767/1132/20 3768/932/20
f 3770/1133/20 3766/1131/20 3767/1132/20
f 3771/1134/20 3766/1131/20 3770/1133/20
f 3772/1135/20 3767/1132/20 3769/933/20
f 3772/1135/20 3770/1133/20 3767/1132/20
f 3769/933/20 3773/31/20 3772/1135/20
f 3774/33/20 3772/1135/20 3773/31/20
f 3770/1133/20 3772/1135/20 3775/1136/20
f 3774/33/20 3775/1136/20 3772/1135/20
f 3775/1136/20 3774/33/20 3776/1137/20
f 3777/1138/20 3775/1136/20 3776/1137/20
f 3775/1136/20 3777/1138/20 3778/1139/20
f 3778/1139/20 3770/1133/20 3775/1136/20
f 3779/1140/20 3778/1139/20 3777/1138/20
f 3770/1133/20 3778/1139/20 3780/1141/20
f 3770/1133/20 3780/1141/20 3771/1134/20
f 3781/1142/20 3771/1134/20 3780/1141/20
f 3778/1139/20 3779/1140/20 3782/1143/20
f 3782/1143/20 3780/1141/20 3778/1139/20
f 3783/1144/20 3782/1143/20 3779/1140/20
f 3780/1141/20 3782/1143/20 3784/1145/20
f 3780/1141/20 3784/1145/20 3781/1142/20
f 3785/1146/20 3784/1145/20 3782/1143/20
f 3782/1143/20 3783/1144/20 3785/1146/20
f 3786/1147/20 3785/1146/20 3783/1144/20
f 3787/1148/20 3781/1142/20 3784/1145/20
f 3788/1149/20 3781/1142/20 3787/1148/20
f 3789/1150/20 3788/1149/20 3787/1148/20
f 3785/1146/20 3786/1147/20 3790/1151/20
f 3786/1147/20 3791/1152/20 3790/1151/20
f 3784/1145/20 3785/1146/20 3792/1153/20
f 3790/1151/20 3792/1153/20 3785/1146/20
f 3784/1145/20 3792/1153/20 3787/1148/20
f 3793/1154/20 3787/1148/20 3792/1153/20
f 3787/1148/20 3793/1154/20 3789/1150/20
f 3794/1155/20 3789/1150/20 3793/1154/20
f 3792/1153/20 3790/1151/20 3795/1156/20
f 3792/1153/20 3795/1156/20 3793/1154/20
f 3795/1156/20 3794/1155/20 3793/1154/20
f 3791/1152/20 3795/1156/20 3790/1151/20
f 3796/1157/20 3795/1156/20 3791/1152/20
f 3794/1155/20 3795/1156/20 3796/1157/20
f 3791/1152/20 3797/1158/20 3796/1157/20
f 3797/1158/20 3794/1155/20 3796/1157/20
f 3798/155/2048 3799/647/2049 3800/144/2050
f 3799/647/2049 3798/155/2048 3801/1159/2051
f 3801/1159/2051 3802/649/2052 3799/647/2049
f 3803/131/2053 3804/134/2054 3802/649/2052
f 3802/649/2052 3801/1159/2051 3805/1160/2055
f 3805/1160/2055 3803/131/2053 3802/649/2052
f 3806/127/2056 3803/131/2053 3805/1160/2055
f 3806/127/2056 3805/1160/2055 3807/1161/2057
f 3801/1159/2051 3807/1161/2057 3805/1160/2055
f 3808/122/2058 3806/127/2056 3807/1161/2057
f 3801/1159/2051 3809/1162/2059 3807/1161/2057
f 3798/155/2048 3809/1162/2059 3801/1159/2051
f 3798/155/2048 3810/154/2060 3809/1162/2059
f 3811/659/2061 3809/1162/2059 3810/154/2060
f 3807/1161/2057 3812/1163/2062 3808/122/2058
f 3812/1163/2062 3807/1161/2057 3809/1162/2059
f 3809/1162/2059 3813/1164/2063 3812/1163/2062
f 3809/1162/2059 3811/659/2061 3813/1164/2063
f 3811/659/2061 3814/1165/2064 3813/1164/2063
f 3814/1165/2064 3811/659/2061 3815/661/2065
f 3816/663/2066 3814/1165/2064 3815/661/2065
f 3817/1166/2067 3813/1164/2063 3814/1165/2064
f 3816/663/2066 3817/1166/2067 3814/1165/2064
f 3813/1164/2063 3817/1166/2067 3812/1163/2062
f 3817/1166/2067 3816/663/2066 3818/939/2068
f 3817/1166/2067 3818/939/2068 3819/1167/2069
f 3812/1163/2062 3819/1167/2069 3808/122/2058
f 3819/1167/2069 3812/1163/2062 3817/1166/2067
f 3820/115/2070 3819/1167/2069 3818/939/2068
f 3819/1167/2069 3820/115/2070 3821/117/2071
f 3808/122/2058 3819/1167/2069 3821/117/2071
f 3822/930/20 3823/931/20 3824/1129/20
f 3822/930/20 3824/1129/20 3825/1130/20
f 3826/1131/20 3825/1130/20 3824/1129/20
f 3827/1132/20 3822/930/20 3825/1130/20
f 3826/1131/20 3827/1132/20 3825/1130/20
f 3822/930/20 3827/1132/20 3828/932/20
f 3829/933/20 3828/932/20 3827/1132/20
f 3827/1132/20 3826/1131/20 3830/1133/20
f 3831/1134/20 3830/1133/20 3826/1131/20
f 3827/1132/20 3832/1135/20 3829/933/20
f 3832/1135/20 3827/1132/20 3830/1133/20
f 3833/31/20 3829/933/20 3832/1135/20
f 3832/1135/20 3834/33/20 3833/31/20
f 3830/1133/20 3835/1136/20 3832/1135/20
f 3834/33/20 3832/1135/20 3835/1136/20
f 3835/1136/20 3836/1137/20 3834/33/20
f 3835/1136/20 3837/1138/20 3836/1137/20
f 3837/1138/20 3835/1136/20 3838/1139/20
f 3830/1133/20 3838/1139/20 3835/1136/20
f 3838/1139/20 3839/1140/20 3837/1138/20
f 3838/1139/20 3830/1133/20 3840/1141/20
f 3830/1133/20 3831/1134/20 3840/1141/20
f 3841/1142/20 3840/1141/20 3831/1134/20
f 3839/1140/20 3838/1139/20 3842/1143/20
f 3840/1141/20 3842/1143/20 3838/1139/20
f 3842/1143/20 3843/1144/20 3839/1140/20
f 3842/1143/20 3840/1141/20 3844/1145/20
f 3840/1141/20 3841/1142/20 3844/1145/20
f 3844/1145/20 3845/1146/20 3842/1143/20
f 3843/1144/20 3842/1143/20 3845/1146/20
f 3845/1146/20 3846/1147/20 3843/1144/20
f 3847/1148/20 3844/1145/20 3841/1142/20
f 3848/1149/20 3847/1148/20 3841/1142/20
f 3849/1150/20 3847/1148/20 3848/1149/20
f 3844/1145/20 3847/1148/20 3850/1153/20
f 3845/1146/20 3844/1145/20 3850/1153/20
f 3846/1147/20 3845/1146/20 3851/1151/20
f 3850/1153/20 3851/1151/20 3845/1146/20
f 3846/1147/20 3851/1151/20 3852/1152/20
f 3853/1154/20 3850/1153/20 3847/1148/20
f 3847/1148/20 3849/1150/20 3853/1154/20
f 3854/1155/20 3853/1154/20 3849/1150/20
f 3851/1151/20 3850/1153/20 3855/1156/20
f 3850/1153/20 3853/1154/20 3855/1156/20
f 3852/1152/20 3851/1151/20 3855/1156/20
f 3854/1155/20 3855/1156/20 3853/1154/20
f 3855/1156/20 3854/1155/20 3856/1157/20
f 3855/1156/20 3856/1157/20 3852/1152/20
f 3857/1158/20 3856/1157/20 3854/1155/20
f 3852/1152/20 3856/1157/20 3857/1158/20
f 3858/647/2072 3859/155/2073 3860/144/2074
f 3859/155/2073 3858/647/2072 3861/1159/2075
f 3862/649/2076 3861/1159/2075 3858/647/2072
f 3863/131/2077 3862/649/2076 3864/134/2078
f 3861/1159/2075 3862/649/2076 3865/1160/2079
f 3865/1160/2079 3862/649/2076 3863/131/2077
f 3866/127/2080 3865/1160/2079 3863/131/2077
f 3866/127/2080 3867/1161/2081 3865/1160/2079
f 3867/1161/2081 3861/1159/2075 3865/1160/2079
f 3868/122/2082 3867/1161/2081 3866/127/2080
f 3861/1159/2075 3867/1161/2081 3869/1162/2083
f 3869/1162/2083 3859/155/2073 3861/1159/2075
f 3859/155/2073 3869/1162/2083 3870/154/2084
f 3869/1162/2083 3871/659/2085 3870/154/2084
f 3872/1163/2086 3869/1162/2083 3867/1161/2081
f 3867/1161/2081 3868/122/2082 3872/1163/2086
f 3869/1162/2083 3872/1163/2086 3873/1164/2087
f 3871/659/2085 3869/1162/2083 3873/1164/2087
f 3874/1165/2088 3871/659/2085 3873/1164/2087
f 3871/659/2085 3874/1165/2088 3875/661/2089
f 3876/663/2090 3875/661/2089 3874/1165/2088
f 3876/663/2090 3874/1165/2088 3877/1166/2091
f 3877/1166/2091 3873/1164/2087 3872/1163/2086
f 3873/1164/2087 3877/1166/2091 3874/1165/2088
f 3877/1166/2091 3878/939/2092 3876/663/2090
f 3872/1163/2086 3879/1167/2093 3877/1166/2091
f 3879/1167/2093 3878/939/2092 3877/1166/2091
f 3879/1167/2093 3872/1163/2086 3868/122/2082
f 3879/1167/2093 3880/115/2094 3878/939/2092
f 3880/115/2094 3879/1167/2093 3881/117/2095
f 3868/122/2082 3881/117/2095 3879/1167/2093
f 3882/1168/2096 3883/915/2097 3884/917/2098
f 3883/915/2097 3882/1168/2096 3885/1169/2096
f 3885/1169/2096 3886/913/2098 3883/915/2097
f 3882/1168/2096 3887/1170/2099 3885/1169/2096
f 3882/1168/2096 3888/1171/2100 3887/1170/2099
f 3889/1172/2101 3887/1170/2099 3888/1171/2100
f 3886/913/2098 3885/1169/2096 3890/1173/2102
f 3890/1173/2102 3891/911/2103 3886/913/2098
f 3885/1169/2096 3892/1174/2104 3890/1173/2102
f 3885/1169/2096 3887/1170/2099 3892/1174/2104
f 3887/1170/2099 3889/1172/2101 3893/1175/2105
f 3893/1175/2105 3892/1174/2104 3887/1170/2099
f 3894/1176/2106 3893/1175/2105 3889/1172/2101
f 3894/1176/2106 3895/905/2107 3896/903/2108
f 3893/1175/2105 3894/1176/2106 3897/1177/2109
f 3896/903/2108 3897/1177/2109 3894/1176/2106
f 3897/1177/2109 3896/903/2108 3898/901/2110
f 3892/1174/2104 3893/1175/2105 3899/1178/2111
f 3897/1177/2109 3899/1178/2111 3893/1175/2105
f 3899/1178/2111 3897/1177/2109 3900/1179/2112
f 3898/901/2110 3900/1179/2112 3897/1177/2109
f 3901/899/2113 3900/1179/2112 3898/901/2110
f 3890/1173/2102 3892/1174/2104 3902/1180/2114
f 3899/1178/2111 3902/1180/2114 3892/1174/2104
f 3900/1179/2112 3903/1181/2101 3899/1178/2111
f 3902/1180/2114 3899/1178/2111 3903/1181/2101
f 3903/1181/2101 3900/1179/2112 3904/1182/2112
f 3900/1179/2112 3901/899/2113 3904/1182/2112
f 3904/1182/2112 3901/899/2113 3905/897/2104
f 3891/911/2103 3890/1173/2102 3906/1183/2115
f 3890/1173/2102 3902/1180/2114 3906/1183/2115
f 3906/1183/2115 3907/909/2098 3891/911/2103
f 3903/1181/2101 3908/1184/2116 3902/1180/2114
f 3906/1183/2115 3902/1180/2114 3908/1184/2116
f 3906/1183/2115 3908/1184/2116 3909/1185/2117
f 3907/909/2098 3906/1183/2115 3909/1185/2117
f 3909/1185/2117 3910/907/2098 3907/909/2098
f 3910/907/2098 3909/1185/2117 3911/1186/2118
f 3909/1185/2117 3912/1187/2119 3911/1186/2118
f 3909/1185/2117 3908/1184/2116 3912/1187/2119
f 3913/1188/2120 3912/1187/2119 3908/1184/2116
f 3904/1182/2112 3913/1188/2120 3903/1181/2101
f 3908/1184/2116 3903/1181/2101 3913/1188/2120
f 3912/1187/2119 3913/1188/2120 3914/1189/2121
f 3913/1188/2120 3904/1182/2112 3915/1190/2112
f 3915/1190/2112 3914/1189/2121 3913/1188/2120
f 3905/897/2104 3915/1190/2112 3904/1182/2112
f 3914/1189/2121 3915/1190/2112 3916/1191/2122
f 3917/894/2123 3916/1191/2122 3915/1190/2112
f 3915/1190/2112 3905/897/2104 3917/894/2123
f 3918/915/2124 3919/1168/2125 3920/917/2126
f 3919/1168/2125 3918/915/2124 3921/1169/2125
f 3922/913/2127 3921/1169/2125 3918/915/2124
f 3921/1169/2125 3923/1170/2128 3919/1168/2125
f 3919/1168/2125 3923/1170/2128 3924/1171/2129
f 3923/1170/2128 3925/1172/2130 3924/1171/2129
f 3921/1169/2125 3922/913/2127 3926/1173/2131
f 3927/911/2132 3926/1173/2131 3922/913/2127
f 3921/1169/2125 3928/1174/2133 3923/1170/2128
f 3926/1173/2131 3928/1174/2133 3921/1169/2125
f 3928/1174/2133 3929/1175/2134 3923/1170/2128
f 3925/1172/2130 3923/1170/2128 3929/1175/2134
f 3929/1175/2134 3930/1176/2135 3925/1172/2130
f 3926/1173/2131 3927/911/2132 3931/1183/2136
f 3932/909/2127 3931/1183/2136 3927/911/2132
f 3933/905/2137 3930/1176/2135 3934/903/2138
f 3931/1183/2136 3932/909/2127 3935/1185/2139
f 3936/907/2140 3935/1185/2139 3932/909/2127
f 3935/1185/2139 3936/907/2140 3937/1186/2141
f 3937/1186/2141 3938/1187/2142 3935/1185/2139
f 3934/903/2138 3930/1176/2135 3939/1177/2143
f 3930/1176/2135 3929/1175/2134 3939/1177/2143
f 3934/903/2138 3939/1177/2143 3940/901/2144
f 3929/1175/2134 3928/1174/2133 3941/1178/2145
f 3941/1178/2145 3939/1177/2143 3929/1175/2134
f 3939/1177/2143 3941/1178/2145 3942/1179/2146
f 3940/901/2144 3939/1177/2143 3942/1179/2146
f 3942/1179/2146 3943/899/2147 3940/901/2144
f 3926/1173/2131 3944/1180/2148 3928/1174/2133
f 3931/1183/2136 3944/1180/2148 3926/1173/2131
f 3944/1180/2148 3941/1178/2145 3928/1174/2133
f 3941/1178/2145 3944/1180/2148 3945/1181/2130
f 3945/1181/2130 3942/1179/2146 3941/1178/2145
f 3943/899/2147 3942/1179/2146 3946/1182/2146
f 3942/1179/2146 3945/1181/2130 3946/1182/2146
f 3943/899/2147 3946/1182/2146 3947/897/2149
f 3948/1184/2150 3945/1181/2130 3944/1180/2148
f 3935/1185/2139 3948/1184/2150 3931/1183/2136
f 3935/1185/2139 3938/1187/2142 3948/1184/2150
f 3931/1183/2136 3948/1184/2150 3944/1180/2148
f 3945/1181/2130 3948/1184/2150 3949/1188/2151
f 3938/1187/2142 3949/1188/2151 3948/1184/2150
f 3949/1188/2151 3946/1182/2146 3945/1181/2130
f 3949/1188/2151 3938/1187/2142 3950/1189/2135
f 3950/1189/2135 3951/1190/2146 3949/1188/2151
f 3947/897/2149 3946/1182/2146 3951/1190/2146
f 3946/1182/2146 3949/1188/2151 3951/1190/2146
f 3951/1190/2146 3950/1189/2135 3952/1191/2152
f 3947/897/2149 3951/1190/2146 3953/894/2153
f 3953/894/2153 3951/1190/2146 3952/1191/2152
f 3954/1103/2154 3955/1106/2155 3956/1192/2156
f 3957/1090/2157 3954/1103/2154 3956/1192/2156
f 3956/1192/2156 3955/1106/2155 3958/1193/2158
f 3959/1194/2159 3956/1192/2156 3958/1193/2158
f 3956/1192/2156 3959/1194/2159 3957/1090/2157
f 3960/1088/2160 3957/1090/2157 3959/1194/2159
f 3960/1088/2160 3959/1194/2159 3961/1195/2161
f 3958/1193/2158 3961/1195/2161 3959/1194/2159
f 3962/1121/2162 3963/1196/2163 3964/1125/2164
f 3962/1121/2162 3965/1117/2165 3963/1196/2163
f 3963/1196/2163 3966/1197/2166 3964/1125/2164
f 3967/1198/2167 3963/1196/2163 3965/1117/2165
f 3967/1198/2167 3966/1197/2166 3963/1196/2163
f 3968/1116/2168 3967/1198/2167 3965/1117/2165
f 3968/1116/2168 3969/1199/2169 3967/1198/2167
f 3969/1199/2169 3966/1197/2166 3967/1198/2167
f 3970/1200/2170 3971/1058/2171 3972/1201/70
f 3973/1052/2172 3971/1058/2171 3970/1200/2170
f 3974/1202/2173 3970/1200/2170 3972/1201/70
f 3970/1200/2170 3974/1202/2173 3975/1203/2174
f 3975/1203/2174 3973/1052/2172 3970/1200/2170
f 3973/1052/2172 3975/1203/2174 3976/1049/2175
f 3977/1204/2176 3975/1203/2174 3974/1202/2173
f 3978/1205/2177 3976/1049/2175 3975/1203/2174
f 3975/1203/2174 3977/1204/2176 3978/1205/2177
f 3976/1049/2175 3978/1205/2177 3979/1041/2178
f 3980/1038/2179 3979/1041/2178 3978/1205/2177
f 3980/1038/2179 3978/1205/2177 3977/1204/2176
f 3981/1200/2180 3982/1201/338 3983/1058/2181
f 3984/1052/2182 3981/1200/2180 3983/1058/2181
f 3981/1200/2180 3985/1202/2183 3982/1201/338
f 3985/1202/2183 3981/1200/2180 3986/1203/2184
f 3984/1052/2182 3986/1203/2184 3981/1200/2180
f 3986/1203/2184 3984/1052/2182 3987/1049/2185
f 3986/1203/2184 3988/1204/2186 3985/1202/2183
f 3988/1204/2186 3986/1203/2184 3989/1205/2187
f 3987/1049/2185 3989/1205/2187 3986/1203/2184
f 3989/1205/2187 3987/1049/2185 3990/1041/2188
f 3991/1038/2189 3989/1205/2187 3990/1041/2188
f 3991/1038/2189 3988/1204/2186 3989/1205/2187
f 3992/1206/2190 3993/1207/2191 3994/1208/2192
f 3993/1207/2191 3992/1206/2190 3995/1209/2193
f 3993/1207/2191 3996/1210/2194 3994/1208/2192
f 3995/1209/2193 3997/1211/2195 3993/1207/2191
f 3998/1212/2196 3997/1211/2195 3995/1209/2193
f 3997/1211/2195 3998/1212/2196 3999/1213/2197
f 3996/1210/2194 3993/1207/2191 4000/1214/2198
f 3997/1211/2195 4000/1214/2198 3993/1207/2191
f 3996/1210/2194 4000/1214/2198 4001/1215/2199
f 4000/1214/2198 4002/1216/2200 4001/1215/2199
f 4000/1214/2198 3997/1211/2195 4003/1217/2201
f 3999/1213/2197 4003/1217/2201 3997/1211/2195
f 4003/1217/2201 3999/1213/2197 4004/1218/2202
f 4002/1216/2200 4000/1214/2198 4005/1219/2203
f 4003/1217/2201 4005/1219/2203 4000/1214/2198
f 4005/1219/2203 4006/1220/2204 4002/1216/2200
f 4006/1220/2204 4005/1219/2203 4007/1221/2205
f 4005/1219/2203 4003/1217/2201 4008/1222/2206
f 4008/1222/2206 4007/1221/2205 4005/1219/2203
f 4004/1218/2202 4008/1222/2206 4003/1217/2201
f 4008/1222/2206 4004/1218/2202 4009/1223/2207
f 4008/1222/2206 4010/1224/2208 4007/1221/2205
f 4010/1224/2208 4008/1222/2206 4009/1223/2207
f 4011/1206/2209 4012/1208/2210 4013/1207/2211
f 4013/1207/2211 4014/1209/2212 4011/1206/2209
f 4013/1207/2211 4012/1208/2210 4015/1210/2213
f 4014/1209/2212 4013/1207/2211 4016/1211/2214
f 4014/1209/2212 4016/1211/2214 4017/1212/2215
f 4018/1213/2216 4017/1212/2215 4016/1211/2214
f 4019/1214/2217 4016/1211/2214 4013/1207/2211
f 4015/1210/2213 4019/1214/2217 4013/1207/2211
f 4015/1210/2213 4020/1215/2218 4019/1214/2217
f 4021/1216/2219 4019/1214/2217 4020/1215/2218
f 4018/1213/2216 4016/1211/2214 4022/1217/2220
f 4016/1211/2214 4019/1214/2217 4022/1217/2220
f 4018/1213/2216 4022/1217/2220 4023/1218/2221
f 4024/1219/2222 4022/1217/2220 4019/1214/2217
f 4019/1214/2217 4021/1216/2219 4024/1219/2222
f 4024/1219/2222 4021/1216/2219 4025/1220/2223
f 4025/1220/2223 4026/1221/2224 4024/1219/2222
f 4023/1218/2221 4022/1217/2220 4027/1222/2225
f 4022/1217/2220 4024/1219/2222 4027/1222/2225
f 4027/1222/2225 4024/1219/2222 4026/1221/2224
f 4023/1218/2221 4027/1222/2225 4028/1223/2226
f 4027/1222/2225 4029/1224/2227 4028/1223/2226
f 4029/1224/2227 4027/1222/2225 4026/1221/2224
f 4030/1225/2228 4031/1226/2229 4032/1227/2230
f 4033/1228/2231 4030/1225/2228 4032/1227/2230
f 4031/1226/2229 4030/1225/2228 4034/1229/2232
f 4030/1225/2228 4033/1228/2231 4035/1230/2233
f 4036/532/2234 4035/1230/2233 4033/1228/2231
f 4035/1230/2233 4036/532/2234 4037/529/2235
f 4035/1230/2233 4038/1231/2236 4030/1225/2228
f 4038/1231/2236 4034/1229/2232 4030/1225/2228
f 4034/1229/2232 4038/1231/2236 4039/1232/2237
f 4038/1231/2236 4040/1233/2238 4039/1232/2237
f 4035/1230/2233 4041/1234/2239 4038/1231/2236
f 4037/529/2235 4041/1234/2239 4035/1230/2233
f 4037/529/2235 4042/527/2240 4041/1234/2239
f 4043/525/2241 4041/1234/2239 4042/527/2240
f 4041/1234/2239 4043/525/2241 4044/1235/2242
f 4044/1235/2242 4038/1231/2236 4041/1234/2239
f 4045/524/2243 4044/1235/2242 4043/525/2241
f 4044/1235/2242 4045/524/2243 4046/1236/2244
f 4044/1235/2242 4046/1236/2244 4047/1237/2245
f 4040/1233/2238 4038/1231/2236 4047/1237/2245
f 4038/1231/2236 4044/1235/2242 4047/1237/2245
f 4047/1237/2245 4046/1236/2244 4048/1238/2246
f 4049/1239/2247 4047/1237/2245 4048/1238/2246
f 4047/1237/2245 4049/1239/2247 4040/1233/2238
f 4050/1226/2248 4051/1225/2249 4052/1227/2250
f 4051/1225/2249 4050/1226/2248 4053/1229/2251
f 4051/1225/2249 4054/1228/2252 4052/1227/2250
f 4053/1229/2251 4055/1231/2253 4051/1225/2249
f 4055/1231/2253 4053/1229/2251 4056/1232/2254
f 4051/1225/2249 4055/1231/2253 4057/1230/2255
f 4054/1228/2252 4051/1225/2249 4057/1230/2255
f 4057/1230/2255 4058/532/2256 4054/1228/2252
f 4055/1231/2253 4056/1232/2254 4059/1233/2238
f 4058/532/2256 4057/1230/2255 4060/529/2257
f 4057/1230/2255 4061/1234/2258 4060/529/2257
f 4057/1230/2255 4055/1231/2253 4061/1234/2258
f 4062/527/2259 4060/529/2257 4061/1234/2258
f 4061/1234/2258 4063/525/2260 4062/527/2259
f 4055/1231/2253 4064/1235/2261 4061/1234/2258
f 4063/525/2260 4061/1234/2258 4064/1235/2261
f 4064/1235/2261 4065/524/2262 4063/525/2260
f 4065/524/2262 4064/1235/2261 4066/1236/2263
f 4064/1235/2261 4055/1231/2253 4067/1237/2264
f 4067/1237/2264 4066/1236/2263 4064/1235/2261
f 4055/1231/2253 4059/1233/2238 4067/1237/2264
f 4067/1237/2264 4068/1238/2265 4066/1236/2263
f 4067/1237/2264 4069/1239/2266 4068/1238/2265
f 4059/1233/2238 4069/1239/2266 4067/1237/2264
f 4070/1240/2267 4071/1241/2268 4072/1242/2269
f 4070/1240/2267 4073/1243/2270 4071/1241/2268
f 4074/1244/2271 4070/1240/2267 4072/1242/2269
f 4073/1243/2270 4070/1240/2267 4075/1245/2272
f 4076/1246/2273 4074/1244/2271 4072/1242/2269
f 4075/1245/2272 4077/1247/2274 4073/1243/2270
f 4074/1244/2271 4076/1246/2273 4078/1248/2275
f 4077/1247/2274 4075/1245/2272 4079/1249/2274
f 4076/1246/2273 4080/1250/2276 4078/1248/2275
f 4081/1251/2277 4077/1247/2274 4079/1249/2274
f 4080/1250/2276 4076/1246/2273 4082/1252/2276
f 4077/1247/2274 4081/1251/2277 4083/1253/2277
f 4084/1254/2278 4080/1250/2276 4082/1252/2276
f 4081/1251/2277 4085/1255/2279 4083/1253/2277
f 4080/1250/2276 4084/1254/2278 4086/1256/2278
f 4085/1255/2279 4081/1251/2277 4087/1257/2280
f 4084/1254/2278 4088/1258/2281 4086/1256/2278
f 4087/1257/2280 4089/1259/2282 4085/1255/2279
f 4088/1258/2281 4084/1254/2278 4090/1260/2283
f 4085/1255/2279 4089/1259/2282 4091/1261/2284
f 4092/1262/2285 4091/1261/2284 4089/1259/2282
f 4090/1260/2283 4092/1262/2285 4088/1258/2281
f 4092/1262/2285 4090/1260/2283 4093/1263/2286
f 4091/1261/2284 4092/1262/2285 4093/1263/2286
f 4094/1264/2287 4095/1265/2287 4096/1266/2288
f 4097/1267/2289 4095/1265/2287 4094/1264/2287
f 4098/1268/2290 4096/1266/2288 4095/1265/2287
f 4095/1265/2287 4097/1267/2289 4099/1269/2291
f 4100/1270/2292 4096/1266/2288 4098/1268/2290
f 4097/1267/2289 4101/1271/2293 4099/1269/2291
f 4102/1272/2294 4100/1270/2292 4098/1268/2290
f 4101/1271/2293 4097/1267/2289 4103/1273/2293
f 4104/1274/2295 4100/1270/2292 4102/1272/2294
f 4105/1275/2296 4101/1271/2293 4103/1273/2293
f 4100/1270/2292 4104/1274/2295 4106/1276/2297
f 4101/1271/2293 4105/1275/2296 4107/1277/2298
f 4108/1278/2299 4106/1276/2297 4104/1274/2295
f 4109/1279/2300 4107/1277/2298 4105/1275/2296
f 4106/1276/2297 4108/1278/2299 4110/1280/2301
f 4107/1277/2298 4109/1279/2300 4111/1281/2302
f 4108/1278/2299 4112/1282/2303 4110/1280/2301
f 4109/1279/2300 4113/1283/2304 4111/1281/2302
f 4112/1282/2303 4108/1278/2299 4114/1284/2305
f 4113/1283/2304 4109/1279/2300 4115/1285/2304
f 4116/1286/2306 4112/1282/2303 4114/1284/2305
f 4112/1282/2303 4116/1286/2306 4117/1287/2307
f 4113/1283/2304 4117/1287/2307 4116/1286/2306
f 4117/1287/2307 4113/1283/2304 4115/1285/2304
f 4118/1288/2308 4119/1275/2308 4120/1279/2309
f 4118/1288/2308 4121/1273/2310 4119/1275/2308
f 4122/1289/2311 4118/1288/2308 4120/1279/2309
f 4121/1273/2310 4118/1288/2308 4123/1290/2312
f 4124/1285/2313 4122/1289/2311 4120/1279/2309
f 4125/1291/2314 4121/1273/2310 4123/1290/2312
f 4122/1289/2311 4124/1285/2313 4126/1292/2315
f 4121/1273/2310 4125/1291/2314 4127/1267/2316
f 4128/1287/2317 4126/1292/2315 4124/1285/2313
f 4125/1291/2314 4129/1264/2318 4127/1267/2316
f 4126/1292/2315 4128/1287/2317 4130/1293/2317
f 4129/1264/2318 4125/1291/2314 4131/1294/2319
f 4128/1287/2317 4132/1295/2320 4130/1293/2317
f 4131/1294/2319 4133/1266/2321 4129/1264/2318
f 4132/1295/2320 4128/1287/2317 4134/1282/2322
f 4133/1266/2321 4131/1294/2319 4135/1296/2321
f 4132/1295/2320 4134/1282/2322 4136/1280/2323
f 4135/1296/2321 4137/1297/2324 4133/1266/2321
f 4138/1298/2325 4132/1295/2320 4136/1280/2323
f 4133/1266/2321 4137/1297/2324 4139/1270/2326
f 4136/1280/2323 4140/1299/2327 4138/1298/2325
f 4137/1297/2324 4141/1276/2328 4139/1270/2326
f 4140/1299/2327 4136/1280/2323 4141/1276/2328
f 4141/1276/2328 4137/1297/2324 4140/1299/2327
f 4142/1264/2329 4143/1291/2330 4144/1267/2330
f 4145/1273/2331 4144/1267/2330 4143/1291/2330
f 4143/1291/2330 4142/1264/2329 4146/1294/2332
f 4143/1291/2330 4147/1290/2333 4145/1273/2331
f 4148/1266/2334 4146/1294/2332 4142/1264/2329
f 4149/1288/2335 4145/1273/2331 4147/1290/2333
f 4146/1294/2332 4148/1266/2334 4150/1296/2336
f 4145/1273/2331 4149/1288/2335 4151/1275/2337
f 4152/1297/2338 4150/1296/2336 4148/1266/2334
f 4149/1288/2335 4153/1279/2339 4151/1275/2337
f 4152/1297/2338 4148/1266/2334 4154/1270/2340
f 4153/1279/2339 4149/1288/2335 4155/1289/2341
f 4156/1276/2342 4152/1297/2338 4154/1270/2340
f 4155/1289/2341 4157/1285/2343 4153/1279/2339
f 4152/1297/2338 4156/1276/2342 4158/1299/2344
f 4157/1285/2343 4155/1289/2341 4159/1292/2345
f 4160/1280/2346 4158/1299/2344 4156/1276/2342
f 4161/1287/2347 4157/1285/2343 4159/1292/2345
f 4158/1299/2344 4160/1280/2346 4162/1298/2346
f 4159/1292/2345 4163/1293/2348 4161/1287/2347
f 4160/1280/2346 4164/1295/2349 4162/1298/2346
f 4164/1295/2349 4161/1287/2347 4163/1293/2348
f 4161/1287/2347 4164/1295/2349 4165/1282/2350
f 4164/1295/2349 4160/1280/2346 4165/1282/2350
f 4166/1300/2351 4167/1301/2352 4168/1302/2352
f 4167/1301/2352 4169/1303/2353 4168/1302/2352
f 4167/1301/2352 4166/1300/2351 4170/1304/2354
f 4169/1303/2353 4167/1301/2352 4171/1305/2355
f 4172/1306/2356 4170/1304/2354 4166/1300/2351
f 4171/1305/2355 4173/1307/2357 4169/1303/2353
f 4170/1304/2354 4172/1306/2356 4174/1308/2358
f 4171/1305/2355 4175/1309/2357 4173/1307/2357
f 4176/1310/2359 4174/1308/2358 4172/1306/2356
f 4177/1311/2360 4173/1307/2357 4175/1309/2357
f 4174/1308/2358 4176/1310/2359 4178/1312/439
f 4173/1307/2357 4177/1311/2360 4179/1313/2361
f 4180/1314/2362 4178/1312/439 4176/1310/2359
f 4181/1315/2363 4179/1313/2361 4177/1311/2360
f 4178/1312/439 4180/1314/2362 4182/1316/2364
f 4179/1313/2361 4181/1315/2363 4183/1317/2363
f 4184/1318/2365 4182/1316/2364 4180/1314/2362
f 4181/1315/2363 4185/1319/2366 4183/1317/2363
f 4182/1316/2364 4184/1318/2365 4186/1320/2365
f 4185/1319/2366 4181/1315/2363 4187/1321/2366
f 4188/1322/2367 4185/1319/2366 4187/1321/2366
f 4188/1322/2367 4186/1320/2365 4184/1318/2365
f 4185/1319/2366 4188/1322/2367 4189/1323/2367
f 4188/1322/2367 4184/1318/2365 4189/1323/2367
f 4190/1324/2368 4191/1325/2369 4192/1326/2370
f 4191/1325/2369 4193/1327/2371 4192/1326/2370
f 4191/1325/2369 4190/1324/2368 4194/1328/2372
f 4191/1325/2369 4195/1329/2373 4193/1327/2371
f 4196/1330/2374 4194/1328/2372 4190/1324/2368
f 4197/1331/2375 4193/1327/2371 4195/1329/2373
f 4194/1328/2372 4196/1330/2374 4198/1332/2376
f 4197/1331/2375 4195/1329/2373 4199/1333/2375
f 4200/1334/2377 4198/1332/2376 4196/1330/2374
f 4201/1335/2378 4197/1331/2375 4199/1333/2375
f 4198/1332/2376 4200/1334/2377 4202/1336/2379
f 4197/1331/2375 4201/1335/2378 4203/1337/2380
f 4204/1338/2381 4202/1336/2379 4200/1334/2377
f 4201/1335/2378 4205/1339/2382 4203/1337/2380
f 4202/1336/2379 4204/1338/2381 4206/1340/2383
f 4201/1335/2378 4207/1341/2382 4205/1339/2382
f 4208/1342/2384 4206/1340/2383 4204/1338/2381
f 4209/1343/2385 4205/1339/2382 4207/1341/2382
f 4206/1340/2383 4208/1342/2384 4210/1344/2384
f 4205/1339/2382 4209/1343/2385 4211/1345/2386
f 4208/1342/2384 4212/1346/2387 4210/1344/2384
f 4212/1346/2387 4211/1345/2386 4209/1343/2385
f 4211/1345/2386 4212/1346/2387 4213/1347/2388
f 4212/1346/2387 4208/1342/2384 4213/1347/2388
f 4214/1258/2389 4215/1254/2390 4216/1256/2390
f 4217/1250/2391 4216/1256/2390 4215/1254/2390
f 4215/1254/2390 4214/1258/2389 4218/1260/2392
f 4217/1250/2391 4215/1254/2390 4219/1252/2391
f 4220/1262/2393 4218/1260/2392 4214/1258/2389
f 4221/1246/2394 4217/1250/2391 4219/1252/2391
f 4218/1260/2392 4220/1262/2393 4222/1263/2393
f 4217/1250/2391 4221/1246/2394 4223/1248/2394
f 4224/1261/2395 4222/1263/2393 4220/1262/2393
f 4221/1246/2394 4225/1244/2396 4223/1248/2394
f 4220/1262/2393 4226/1259/2397 4224/1261/2395
f 4225/1244/2396 4221/1246/2394 4227/1242/2398
f 4226/1259/2397 4228/1255/2399 4224/1261/2395
f 4227/1242/2398 4229/1240/2400 4225/1244/2396
f 4226/1259/2397 4230/1257/2401 4228/1255/2399
f 4229/1240/2400 4227/1242/2398 4231/1241/2400
f 4232/1251/2402 4228/1255/2399 4230/1257/2401
f 4233/1243/2403 4229/1240/2400 4231/1241/2400
f 4228/1255/2399 4232/1251/2402 4234/1253/2402
f 4229/1240/2400 4233/1243/2403 4235/1245/2404
f 4236/1247/2405 4235/1245/2404 4233/1243/2403
f 4232/1251/2402 4236/1247/2405 4234/1253/2402
f 4236/1247/2405 4232/1251/2402 4237/1249/2405
f 4235/1245/2404 4236/1247/2405 4237/1249/2405
f 4238/1271/2406 4239/1275/2407 4240/1273/2408
f 4238/1271/2406 4240/1273/2408 4241/1267/2409
f 4239/1275/2407 4238/1271/2406 4242/1277/2410
f 4238/1271/2406 4241/1267/2409 4243/1269/2411
f 4242/1277/2410 4244/1279/2412 4239/1275/2407
f 4241/1267/2409 4245/1265/2413 4243/1269/2411
f 4244/1279/2412 4242/1277/2410 4246/1281/2414
f 4245/1265/2413 4241/1267/2409 4247/1264/2413
f 4248/1283/2415 4244/1279/2412 4246/1281/2414
f 4247/1264/2413 4249/1266/2416 4245/1265/2413
f 4248/1283/2415 4250/1285/2415 4244/1279/2412
f 4249/1266/2416 4251/1268/2417 4245/1265/2413
f 4248/1283/2415 4252/1287/2418 4250/1285/2415
f 4253/1270/2419 4251/1268/2417 4249/1266/2416
f 4252/1287/2418 4248/1283/2415 4254/1286/2420
f 4251/1268/2417 4253/1270/2419 4255/1272/2419
f 4254/1286/2420 4256/1282/2421 4252/1287/2418
f 4253/1270/2419 4257/1274/2422 4255/1272/2419
f 4256/1282/2421 4254/1286/2420 4258/1284/2421
f 4257/1274/2422 4253/1270/2419 4259/1276/2423
f 4259/1276/2423 4260/1278/2424 4257/1274/2422
f 4260/1278/2424 4256/1282/2421 4258/1284/2421
f 4260/1278/2424 4259/1276/2423 4261/1280/2424
f 4260/1278/2424 4261/1280/2424 4256/1282/2421
f 4262/1301/2425 4263/1300/2426 4264/1302/2425
f 4264/1302/2425 4265/1303/2427 4262/1301/2425
f 4263/1300/2426 4262/1301/2425 4266/1304/2428
f 4265/1303/2427 4267/1305/2429 4262/1301/2425
f 4266/1304/2428 4268/1306/2430 4263/1300/2426
f 4269/1307/2431 4267/1305/2429 4265/1303/2427
f 4268/1306/2430 4266/1304/2428 4270/1308/2432
f 4267/1305/2429 4269/1307/2431 4271/1309/2431
f 4270/1308/2432 4272/1310/2433 4268/1306/2430
f 4269/1307/2431 4273/1311/2434 4271/1309/2431
f 4272/1310/2433 4270/1308/2432 4274/1312/2435
f 4273/1311/2434 4269/1307/2431 4275/1313/2436
f 4274/1312/2435 4276/1314/2437 4272/1310/2433
f 4275/1313/2436 4277/1315/2438 4273/1311/2434
f 4276/1314/2437 4274/1312/2435 4278/1316/2439
f 4277/1315/2438 4275/1313/2436 4279/1317/2438
f 4278/1316/2439 4280/1318/2440 4276/1314/2437
f 4279/1317/2438 4281/1319/2441 4277/1315/2438
f 4280/1318/2440 4278/1316/2439 4282/1320/2440
f 4281/1319/2441 4283/1321/2441 4277/1315/2438
f 4281/1319/2441 4284/1322/2442 4283/1321/2441
f 4282/1320/2440 4284/1322/2442 4280/1318/2440
f 4280/1318/2440 4284/1322/2442 4285/1323/2442
f 4284/1322/2442 4281/1319/2441 4285/1323/2442
f 4286/1325/2443 4287/1324/2444 4288/1326/2443
f 4289/1327/2445 4286/1325/2443 4288/1326/2443
f 4287/1324/2444 4286/1325/2443 4290/1328/2446
f 4291/1329/2447 4286/1325/2443 4289/1327/2445
f 4290/1328/2446 4292/1330/2448 4287/1324/2444
f 4293/1331/2449 4291/1329/2447 4289/1327/2445
f 4292/1330/2448 4290/1328/2446 4294/1332/2450
f 4295/1333/2449 4291/1329/2447 4293/1331/2449
f 4294/1332/2450 4296/1334/2451 4292/1330/2448
f 4293/1331/2449 4297/1335/2452 4295/1333/2449
f 4296/1334/2451 4294/1332/2450 4298/1336/2453
f 4297/1335/2452 4293/1331/2449 4299/1337/2454
f 4298/1336/2453 4300/1338/2455 4296/1334/2451
f 4301/1339/2456 4297/1335/2452 4299/1337/2454
f 4300/1338/2455 4298/1336/2453 4302/1340/2457
f 4297/1335/2452 4301/1339/2456 4303/1341/2456
f 4302/1340/2457 4304/1342/2458 4300/1338/2455
f 4301/1339/2456 4305/1343/2459 4303/1341/2456
f 4304/1342/2458 4302/1340/2457 4306/1344/2458
f 4305/1343/2459 4301/1339/2456 4307/1345/2460
f 4307/1345/2460 4308/1346/2461 4305/1343/2459
f 4304/1342/2458 4306/1344/2458 4308/1346/2461
f 4308/1346/2461 4307/1345/2460 4309/1347/2462
f 4309/1347/2462 4304/1342/2458 4308/1346/2461
f 4310/1348/815 4311/1349/815 4312/1350/815
f 4313/1351/815 4310/1348/815 4312/1350/815
f 4311/1349/815 4314/1352/815 4312/1350/815
f 4315/1353/815 4313/1351/815 4312/1350/815
f 4314/1352/815 4316/1354/815 4312/1350/815
f 4317/1355/815 4315/1353/815 4312/1350/815
f 4316/1354/815 4318/1356/815 4312/1350/815
f 4319/1357/815 4317/1355/815 4312/1350/815
f 4318/1356/815 4320/1358/815 4312/1350/815
f 4321/1359/815 4319/1357/815 4312/1350/815
f 4320/1358/815 4322/1360/815 4312/1350/815
f 4322/1360/815 4321/1359/815 4312/1350/815
f 4323/1271/2463 4324/1277/2464 4325/1361/815
f 4326/1269/2465 4323/1271/2463 4325/1361/815
f 4324/1277/2464 4327/1281/2466 4325/1361/815
f 4328/1265/2467 4326/1269/2465 4325/1361/815
f 4327/1281/2466 4329/1283/2468 4325/1361/815
f 4330/1268/2469 4328/1265/2467 4325/1361/815
f 4329/1283/2468 4331/1286/2470 4325/1361/815
f 4332/1272/2471 4330/1268/2469 4325/1361/815
f 4331/1286/2470 4333/1284/2472 4325/1361/815
f 4334/1274/2473 4332/1272/2471 4325/1361/815
f 4335/1278/2474 4334/1274/2473 4325/1361/815
f 4333/1284/2472 4335/1278/2474 4325/1361/815
f 4336/1348/889 4337/1350/889 4338/1349/889
f 4339/1351/889 4337/1350/889 4336/1348/889
f 4338/1349/889 4337/1350/889 4340/1352/889
f 4341/1353/889 4337/1350/889 4339/1351/889
f 4340/1352/889 4337/1350/889 4342/1354/889
f 4343/1355/889 4337/1350/889 4341/1353/889
f 4342/1354/889 4337/1350/889 4344/1356/889
f 4345/1357/889 4337/1350/889 4343/1355/889
f 4344/1356/889 4337/1350/889 4346/1358/889
f 4347/1359/889 4337/1350/889 4345/1357/889
f 4348/1360/889 4337/1350/889 4347/1359/889
f 4346/1358/889 4337/1350/889 4348/1360/889
f 4349/1271/2475 4350/1361/889 4351/1277/2476
f 4352/1269/2477 4350/1361/889 4349/1271/2475
f 4351/1277/2476 4350/1361/889 4353/1281/2478
f 4354/1265/2479 4350/1361/889 4352/1269/2477
f 4353/1281/2478 4350/1361/889 4355/1283/2480
f 4356/1268/2481 4350/1361/889 4354/1265/2479
f 4355/1283/2480 4350/1361/889 4357/1286/2482
f 4358/1272/2483 4350/1361/889 4356/1268/2481
f 4357/1286/2482 4350/1361/889 4359/1284/2484
f 4360/1274/2485 4350/1361/889 4358/1272/2483
f 4361/1278/2486 4350/1361/889 4360/1274/2485
f 4359/1284/2484 4350/1361/889 4361/1278/2486
