# Blender 5.2.2 LTS
# www.blender.org
mtllib LeftHand.mtl
o LeftHand
v -3.263299 -10.605820 -11.072150
v -0.000924 -5.887093 -10.819110
v 1.385279 -11.169144 -11.247998
v 1.385279 -11.169144 -11.247998
v -2.251497 -12.991020 -11.248001
v -3.263299 -10.605820 -11.072150
v -0.000924 -5.887093 -10.819110
v -3.263299 -10.605820 -11.072150
v -4.211682 -6.992142 -10.819110
v -2.251497 -12.991020 -11.248001
v 1.385279 -11.169144 -11.247998
v -1.373922 -13.280663 -11.273055
v -2.673299 -13.101707 -7.586658
v -3.876672 -10.813805 -7.515668
v -3.263299 -10.605820 -11.072150
v -2.673299 -13.101707 -7.586658
v -3.263299 -10.605820 -11.072150
v -2.251497 -12.991020 -11.248001
v -0.000924 -5.887093 -10.819110
v -4.211682 -6.992142 -10.819110
v -3.505643 -5.157356 -10.136913
v -0.000924 -5.887093 -10.819110
v -3.505643 -5.157356 -10.136913
v -0.405980 -4.343689 -10.136905
v -4.211682 -6.992142 -10.819110
v -3.263299 -10.605820 -11.072150
v -4.414044 -8.766182 -7.515666
v -4.454919 -7.056023 -7.515666
v -0.000924 -5.887093 -7.515665
v -3.505643 -5.157356 -8.947795
v -3.505643 -5.157356 -8.947795
v -0.000924 -5.887093 -7.515665
v -0.405954 -4.343811 -8.947794
v -0.000924 -5.887108 0.360621
v -3.505838 -5.156723 1.792753
v -0.406102 -4.343178 1.792754
v -3.505838 -5.156723 1.792753
v -0.000924 -5.887108 0.360621
v -3.481221 -6.800453 0.360620
v -0.000913 -5.887108 3.664115
v -3.505838 -5.156723 2.981872
v -3.481221 -6.800453 3.664114
v -3.505838 -5.156723 2.981872
v -0.000913 -5.887108 3.664115
v -0.406080 -4.343376 2.981885
v -2.532830 -10.414131 3.917143
v 1.385279 -11.169151 4.092997
v -0.000913 -5.887108 3.664115
v 2.875903 -16.849098 3.983832
v 1.385279 -11.169151 4.092997
v -1.215509 -13.883820 4.103934
v 2.875903 -16.849098 3.983832
v -1.215509 -13.883820 4.103934
v -0.223928 -17.662590 3.983831
v -1.373922 -13.280663 -11.273055
v 1.385279 -11.169144 -11.247998
v 2.761279 -16.412331 -11.149064
v -2.673299 -13.101707 -7.586658
v -2.251497 -12.991020 -11.248001
v -1.373922 -13.280663 -7.606877
v -1.373922 -13.280663 -7.606877
v -2.251497 -12.991020 -11.248001
v -1.373922 -13.280663 -11.273055
v -4.454919 -7.056023 -7.515666
v -3.505643 -5.157356 -8.947795
v -4.211682 -6.992142 -10.819110
v -3.505643 -5.157356 -8.947795
v -3.505643 -5.157356 -10.136913
v -4.211682 -6.992142 -10.819110
v -4.211682 -6.992142 -10.819110
v -4.414044 -8.766182 -7.515666
v -4.454919 -7.056023 -7.515666
v -4.414044 -8.766182 -7.515666
v -3.263299 -10.605820 -11.072150
v -3.876672 -10.813805 -7.515668
v -4.454919 -7.056023 -4.643249
v -0.000924 -5.887093 -7.515665
v -4.454919 -7.056023 -7.515666
v -0.000913 -5.887108 3.664115
v -3.481221 -6.800453 3.664114
v -2.532830 -10.414131 3.917143
v -1.929120 -13.551132 4.115317
v 1.385279 -11.169151 4.092997
v -2.532830 -10.414131 3.917143
v -1.215509 -13.883820 4.103934
v 1.385279 -11.169151 4.092997
v -1.929120 -13.551132 4.115317
v 2.761279 -16.412331 -11.149064
v -0.338552 -17.225853 -11.149065
v -1.373922 -13.280663 -11.273055
v -2.673299 -13.101723 -4.158408
v -3.714277 -10.724174 -3.677713
v -3.876672 -10.813805 -7.515668
v -2.673299 -13.101723 -4.158408
v -3.876672 -10.813805 -7.515668
v -2.673299 -13.101707 -7.586658
v -4.414044 -8.766182 -7.515666
v -4.316262 -8.740524 -4.182605
v -4.454919 -7.056023 -4.643249
v -4.454919 -7.056023 -4.643249
v -4.454919 -7.056023 -7.515666
v -4.414044 -8.766182 -7.515666
v -3.714277 -10.724174 -3.677713
v -4.316262 -8.740524 -4.182605
v -3.876672 -10.813805 -7.515668
v -4.316262 -8.740524 -4.182605
v -4.414044 -8.766182 -7.515666
v -3.876672 -10.813805 -7.515668
v -2.532830 -10.414131 3.917143
v -3.362054 -9.666100 -0.132394
v -1.929120 -13.551132 4.115317
v -3.841577 -6.981476 -2.408924
v -3.841577 -6.981476 -4.222332
v -4.095666 -8.424866 -2.735130
v -4.095666 -8.424866 -2.735130
v -3.841577 -6.981476 -4.222332
v -4.094155 -8.430611 -3.896135
v -3.362054 -9.666100 -0.132394
v -3.481221 -6.800453 -0.596301
v -3.548314 -8.964645 -2.429110
v -3.481221 -6.800453 -0.596301
v -3.481221 -6.800446 -1.988007
v -3.548314 -8.964645 -2.429110
v -2.769925 -9.510719 0.360619
v -3.481221 -6.800453 -0.596301
v -3.362054 -9.666100 -0.132394
v -2.769925 -9.510719 0.360619
v -3.362054 -9.666100 -0.132394
v -2.532830 -10.414131 3.917143
v -4.316262 -8.740524 -4.182605
v -3.714277 -10.724174 -3.677713
v -4.134824 -9.121803 -3.676408
v -1.929120 -13.551132 -2.425788
v -3.362054 -9.666100 -0.132394
v -3.124948 -10.569511 -2.999327
v -1.215577 -13.883820 -2.761472
v -2.069192 -13.164871 -3.517757
v -1.373922 -13.280670 -3.959726
v -2.069192 -13.164871 -3.517757
v -1.215577 -13.883820 -2.761472
v -1.929120 -13.551132 -2.425788
v -2.673299 -13.101723 -4.158408
v -1.373922 -13.280670 -3.959726
v -2.069192 -13.164871 -3.517757
v -3.545484 -8.967102 -3.009548
v -3.124948 -10.569511 -2.999327
v -3.548314 -8.964645 -2.429110
v -3.124948 -10.569511 -2.999327
v -3.362054 -9.666100 -0.132394
v -3.548314 -8.964645 -2.429110
v -1.929120 -13.551132 -2.425788
v -3.124948 -10.569511 -2.999327
v -2.069192 -13.164871 -3.517757
v 2.875903 -16.849098 3.983832
v -0.079801 -18.211876 0.276007
v 3.020037 -17.398361 0.276008
v -0.079801 -18.211876 0.276007
v 2.875903 -16.849098 3.983832
v -0.223928 -17.662590 3.983831
v -0.152066 -17.936516 -7.402223
v 2.761279 -16.412331 -11.149064
v 2.947768 -17.122993 -7.402223
v 2.761279 -16.412331 -11.149064
v -0.152066 -17.936516 -7.402223
v -0.338552 -17.225853 -11.149065
v -2.069192 -13.164871 -3.517757
v -3.124948 -10.569511 -2.999327
v -3.714277 -10.724174 -3.677713
v -2.069192 -13.164871 -3.517757
v -3.714277 -10.724174 -3.677713
v -2.673299 -13.101723 -4.158408
v -4.094155 -8.430611 -3.896135
v -3.841577 -6.981476 -4.222332
v -4.454919 -7.056023 -4.643249
v -4.454919 -7.056023 -4.643249
v -4.316262 -8.740524 -4.182605
v -4.094155 -8.430611 -3.896135
v -3.124948 -10.569511 -2.999327
v -3.545484 -8.967102 -3.009548
v -4.134824 -9.121803 -3.676408
v -4.134824 -9.121803 -3.676408
v -3.714277 -10.724174 -3.677713
v -3.124948 -10.569511 -2.999327
v -4.134824 -9.121803 -3.676408
v -4.094155 -8.430611 -3.896135
v -4.316262 -8.740524 -4.182605
v -4.094155 -8.430611 -3.896135
v -4.134824 -9.121803 -3.676408
v -3.545484 -8.967102 -3.009548
v -3.481221 -6.800446 -1.988007
v -4.095666 -8.424866 -2.735130
v -3.548314 -8.964645 -2.429110
v -4.095666 -8.424866 -2.735130
v -3.481221 -6.800446 -1.988007
v -3.841577 -6.981476 -2.408924
v -4.095666 -8.424866 -2.735130
v -3.545484 -8.967102 -3.009548
v -3.548314 -8.964645 -2.429110
v -4.095666 -8.424866 -2.735130
v -4.094155 -8.430611 -3.896135
v -3.545484 -8.967102 -3.009548
v -3.841577 -6.981476 -4.222332
v -0.000924 -5.887093 -7.515665
v -4.454919 -7.056023 -4.643249
v -0.000924 -5.887093 -7.515665
v -3.841577 -6.981476 -2.408924
v -3.481221 -6.800446 -1.988007
v -3.841577 -6.981476 -4.222332
v -3.841577 -6.981476 -2.408924
v -0.000924 -5.887093 -7.515665
v -11.923963 -9.218765 4.211644
v -9.731179 -8.092369 2.243512
v -9.901792 -8.566330 3.182634
v -10.312165 -10.781441 6.388560
v -9.924638 -11.157242 6.911659
v -10.174401 -10.734261 7.117996
v -4.949353 -8.122749 1.588954
v -11.159608 -9.734238 5.030622
v -5.769444 -6.328918 3.484108
v -11.159608 -9.734238 5.030622
v -4.949353 -8.122749 1.588954
v -10.203313 -11.826019 2.820700
v -9.482469 -12.524918 3.794180
v -4.228505 -8.821663 2.562434
v -10.438764 -10.433136 6.004094
v -10.438764 -10.433136 6.004094
v -4.228505 -8.821663 2.562434
v -5.048596 -7.027817 4.457582
v -4.949353 -8.122749 1.588954
v -5.769444 -6.328918 3.484108
v -4.228505 -8.821663 2.562434
v -5.769444 -6.328918 3.484108
v -5.048596 -7.027817 4.457582
v -4.228505 -8.821663 2.562434
v -9.482469 -12.524918 3.794180
v -11.159608 -9.734238 5.030622
v -10.203313 -11.826019 2.820700
v -11.159608 -9.734238 5.030622
v -9.482469 -12.524918 3.794180
v -10.438764 -10.433136 6.004094
v -15.214314 -18.371254 -0.057996
v -12.007405 -17.991997 -1.708059
v -12.504941 -19.547829 -1.946301
v -15.214314 -18.371254 -0.057996
v -12.504941 -19.547829 -1.946301
v -14.048680 -20.725693 -1.648838
v -12.103662 -16.121918 -0.746487
v -15.214314 -18.371254 -0.057996
v -13.962968 -15.247231 1.258291
v -13.962968 -15.247231 1.258291
v -15.214314 -18.371254 -0.057996
v -15.643014 -15.961830 1.989298
v -15.214314 -18.371254 -0.057996
v -12.103662 -16.121918 -0.746487
v -12.007405 -17.991997 -1.708059
v -10.259572 -19.686623 0.652326
v -12.667062 -22.065254 0.216986
v -11.123322 -20.887390 -0.080478
v -12.667062 -22.065254 0.216986
v -10.259572 -19.686623 0.652326
v -13.141881 -20.380615 2.740739
v -13.141881 -20.380615 2.740739
v -11.890534 -17.256584 4.057034
v -13.570569 -17.971184 4.788040
v -13.141881 -20.380615 2.740739
v -10.031224 -18.131264 2.052255
v -11.890534 -17.256584 4.057034
v -12.667062 -22.065254 0.216986
v -15.214314 -18.371254 -0.057996
v -14.048680 -20.725693 -1.648838
v -15.214314 -18.371254 -0.057996
v -12.667062 -22.065254 0.216986
v -13.141881 -20.380615 2.740739
v -12.504941 -19.547829 -1.946301
v -10.259572 -19.686623 0.652326
v -11.123322 -20.887390 -0.080478
v -10.259572 -19.686623 0.652326
v -12.504941 -19.547829 -1.946301
v -12.007405 -17.991997 -1.708059
v -13.141881 -20.380615 2.740739
v -10.259572 -19.686623 0.652326
v -10.031224 -18.131264 2.052255
v -12.007405 -17.991997 -1.708059
v -10.031224 -18.131264 2.052255
v -10.259572 -19.686623 0.652326
v -10.031224 -18.131264 2.052255
v -12.007405 -17.991997 -1.708059
v -12.103662 -16.121918 -0.746487
v 0.613326 -16.753365 1.384748
v 1.933924 -17.213577 1.384747
v 0.875087 -18.127136 0.902278
v -0.445508 -17.666924 1.384747
v 0.613326 -16.753365 1.384748
v 0.875087 -18.127136 0.902278
v -0.183763 -19.040695 1.384746
v -0.445508 -17.666924 1.384747
v 0.875087 -18.127136 0.902278
v 1.136817 -19.500900 1.384746
v -0.183763 -19.040695 1.384746
v 0.875087 -18.127136 0.902278
v 2.195678 -18.587341 1.384746
v 1.136817 -19.500900 1.384746
v 0.875087 -18.127136 0.902278
v 1.933924 -17.213577 1.384747
v 2.195678 -18.587341 1.384746
v 0.875087 -18.127136 0.902278
v 1.933924 -17.213577 3.314651
v 0.613326 -16.753365 3.314651
v 0.875087 -18.127136 3.797127
v 0.613326 -16.753365 3.314651
v -0.445508 -17.666924 3.314650
v 0.875087 -18.127136 3.797127
v -0.445508 -17.666924 3.314650
v -0.183763 -19.040695 3.314649
v 0.875087 -18.127136 3.797127
v -0.183763 -19.040695 3.314649
v 1.136817 -19.500900 3.314649
v 0.875087 -18.127136 3.797127
v 1.136817 -19.500900 3.314649
v 2.195678 -18.587341 3.314650
v 0.875087 -18.127136 3.797127
v 2.195678 -18.587341 3.314650
v 1.933924 -17.213577 3.314651
v 0.875087 -18.127136 3.797127
v -6.327077 -25.655647 3.959291
v -9.002954 -26.698799 3.423211
v -7.091973 -28.680397 3.959289
v -9.002954 -26.698799 3.423211
v -9.442727 -28.207573 3.423210
v -7.091973 -28.680397 3.959289
v -6.327077 -25.655647 3.959291
v -7.091973 -28.680397 3.959289
v -4.616242 -27.187798 3.959291
v -4.616242 -27.187798 3.959291
v -7.091973 -28.680397 3.959289
v -4.579423 -28.801964 3.959289
v -9.002954 -26.698799 1.278872
v -7.091973 -28.680397 0.742791
v -9.442727 -28.207573 1.278871
v -7.091973 -28.680397 0.742791
v -9.002954 -26.698799 1.278872
v -6.327077 -25.655647 0.742793
v -7.091973 -28.680397 0.742791
v -4.616242 -27.187798 0.742792
v -4.579423 -28.801964 0.742791
v -7.091973 -28.680397 0.742791
v -6.327077 -25.655647 0.742793
v -4.616242 -27.187798 0.742792
v -6.327077 -25.655647 3.959291
v -9.002954 -26.698799 1.278872
v -9.002954 -26.698799 3.423211
v -9.002954 -26.698799 1.278872
v -6.327077 -25.655647 3.959291
v -6.327077 -25.655647 0.742793
v 0.934550 -16.620773 -2.566717
v 2.095061 -17.401131 -2.566718
v 0.839003 -18.015991 -3.049194
v -0.321508 -17.235641 -2.566718
v 0.934550 -16.620773 -2.566717
v 0.839003 -18.015991 -3.049194
v -0.417062 -18.630836 -2.566719
v -0.321508 -17.235641 -2.566718
v 0.839003 -18.015991 -3.049194
v 0.743445 -19.411194 -2.566719
v -0.417062 -18.630836 -2.566719
v 0.839003 -18.015991 -3.049194
v 1.999514 -18.796356 -2.566719
v 0.743445 -19.411194 -2.566719
v 0.839003 -18.015991 -3.049194
v 2.095061 -17.401131 -2.566718
v 1.999514 -18.796356 -2.566719
v 0.839003 -18.015991 -3.049194
v 2.095061 -17.401131 -0.636815
v 0.934550 -16.620773 -0.636814
v 0.839003 -18.015991 -0.154340
v 0.934550 -16.620773 -0.636814
v -0.321508 -17.235641 -0.636815
v 0.839003 -18.015991 -0.154340
v -0.321508 -17.235641 -0.636815
v -0.417062 -18.630836 -0.636816
v 0.839003 -18.015991 -0.154340
v -0.417062 -18.630836 -0.636816
v 0.743445 -19.411194 -0.636816
v 0.839003 -18.015991 -0.154340
v 0.743445 -19.411194 -0.636816
v 1.999514 -18.796356 -0.636816
v 0.839003 -18.015991 -0.154340
v 1.999514 -18.796356 -0.636816
v 2.095061 -17.401131 -0.636815
v 0.839003 -18.015991 -0.154340
v -8.577836 -23.888565 0.006482
v -11.330251 -24.708702 -0.529605
v -9.588262 -26.840378 0.006480
v -11.330251 -24.708702 -0.529605
v -11.892297 -26.176315 -0.529607
v -9.588262 -26.840378 0.006480
v -11.330251 -24.708702 -2.673937
v -9.588262 -26.840370 -3.210026
v -11.892297 -26.176315 -2.673939
v -9.588262 -26.840370 -3.210026
v -11.330251 -24.708702 -2.673937
v -8.577836 -23.888565 -3.210023
v -11.330251 -24.708702 -0.529605
v -8.577836 -23.888565 -3.210023
v -11.330251 -24.708702 -2.673937
v -8.577836 -23.888565 -3.210023
v -11.330251 -24.708702 -0.529605
v -8.577836 -23.888565 0.006482
v 1.060225 -16.534325 -6.518196
v 1.981032 -17.586868 -6.518197
v 0.609099 -17.858032 -7.000672
v -0.311704 -16.805504 -6.518196
v 1.060225 -16.534325 -6.518196
v 0.609099 -17.858032 -7.000672
v -0.762830 -18.129211 -6.518198
v -0.311704 -16.805504 -6.518196
v 0.609099 -17.858032 -7.000672
v 0.157969 -19.181755 -6.518198
v -0.762830 -18.129211 -6.518198
v 0.609099 -17.858032 -7.000672
v 1.529898 -18.910591 -6.518198
v 0.157969 -19.181755 -6.518198
v 0.609099 -17.858032 -7.000672
v 1.981032 -17.586868 -6.518197
v 1.529898 -18.910591 -6.518198
v 0.609099 -17.858032 -7.000672
v 1.981032 -17.586868 -4.588294
v 1.060225 -16.534325 -4.588293
v 0.609099 -17.858032 -4.105818
v 1.060225 -16.534325 -4.588293
v -0.311704 -16.805504 -4.588293
v 0.609099 -17.858032 -4.105818
v -0.311704 -16.805504 -4.588293
v -0.762830 -18.129211 -4.588294
v 0.609099 -17.858032 -4.105818
v -0.762830 -18.129211 -4.588294
v 0.157969 -19.181755 -4.588295
v 0.609099 -17.858032 -4.105818
v 0.157969 -19.181755 -4.588295
v 1.529898 -18.910591 -4.588295
v 0.609099 -17.858032 -4.105818
v 1.529898 -18.910591 -4.588295
v 1.981032 -17.586868 -4.588294
v 0.609099 -17.858032 -4.105818
v -11.522241 -19.934685 -3.944994
v -10.779801 -17.283745 -4.481072
v -12.303716 -17.667747 -4.481072
v -10.779801 -17.283745 -4.481072
v -11.522241 -19.934685 -3.944994
v -8.526174 -19.064125 -3.944993
v -11.522241 -19.934685 -3.944994
v -8.982186 -21.314995 -3.944995
v -8.526174 -19.064125 -3.944993
v -11.522241 -19.934685 -3.944994
v -10.327748 -22.169327 -3.944996
v -8.982186 -21.314995 -3.944995
v -10.779801 -17.283745 -6.625411
v -8.526174 -19.064125 -7.161498
v -11.522241 -19.934685 -7.161499
v -11.522241 -19.934685 -7.161499
v -12.303716 -17.667747 -6.625411
v -10.779801 -17.283745 -6.625411
v -8.982186 -21.314995 -7.161500
v -10.327748 -22.169327 -7.161500
v -11.522241 -19.934685 -7.161499
v -8.982186 -21.314995 -7.161500
v -11.522241 -19.934685 -7.161499
v -8.526174 -19.064125 -7.161498
v -8.526174 -19.064125 -3.944993
v -10.779801 -17.283745 -6.625411
v -10.779801 -17.283745 -4.481072
v -10.779801 -17.283745 -6.625411
v -8.526174 -19.064125 -3.944993
v -8.526174 -19.064125 -7.161498
v 1.359019 -15.936554 -10.469668
v 1.978186 -17.190483 -10.469669
v 0.582656 -17.099716 -10.952144
v -0.036500 -15.845795 -10.469668
v 1.359019 -15.936554 -10.469668
v 0.582656 -17.099716 -10.952144
v -0.812875 -17.008972 -10.469668
v -0.036500 -15.845795 -10.469668
v 0.582656 -17.099716 -10.952144
v -0.193719 -18.262924 -10.469669
v -0.812875 -17.008972 -10.469668
v 0.582656 -17.099716 -10.952144
v 1.201819 -18.353676 -10.469669
v -0.193719 -18.262924 -10.469669
v 0.582656 -17.099716 -10.952144
v 1.978186 -17.190483 -10.469669
v 1.201819 -18.353676 -10.469669
v 0.582656 -17.099716 -10.952144
v 1.978186 -17.190483 -8.539765
v 1.359019 -15.936554 -8.539764
v 0.582656 -17.099716 -8.057290
v 1.359019 -15.936554 -8.539764
v -0.036500 -15.845795 -8.539764
v 0.582656 -17.099716 -8.057290
v -0.036500 -15.845795 -8.539764
v -0.812875 -17.008972 -8.539765
v 0.582656 -17.099716 -8.057290
v -0.812875 -17.008972 -8.539765
v -0.193719 -18.262932 -8.539766
v 0.582656 -17.099716 -8.057290
v -0.193719 -18.262932 -8.539766
v 1.201819 -18.353683 -8.539766
v 0.582656 -17.099716 -8.057290
v 1.201819 -18.353683 -8.539766
v 1.978186 -17.190483 -8.539765
v 0.582656 -17.099716 -8.057290
v -5.505769 -19.889641 -11.112972
v -8.556039 -18.611351 -11.112971
v -6.302026 -17.807480 -11.112971
v -11.145543 -13.889122 -8.432549
v -10.973325 -16.280739 -7.896464
v -9.574136 -13.909904 -8.432549
v -9.574136 -13.909904 -8.432549
v -10.973325 -16.280739 -7.896464
v -7.854154 -16.209953 -7.896464
v -7.854154 -16.209953 -7.896464
v -10.973325 -16.280739 -7.896464
v -8.873651 -18.267868 -7.896465
v -8.873651 -18.267868 -7.896465
v -10.973325 -16.280739 -7.896464
v -10.460320 -18.713837 -7.896466
v -7.854154 -16.209953 -11.112968
v -10.973325 -16.280739 -11.112968
v -9.574136 -13.909904 -10.576881
v -10.973325 -16.280739 -11.112968
v -11.145543 -13.889122 -10.576881
v -9.574136 -13.909904 -10.576881
v -10.973325 -16.280739 -7.896464
v -11.145543 -13.889122 -8.432549
v -10.973325 -16.280739 -11.112968
v -11.145543 -13.889122 -8.432549
v -11.145543 -13.889122 -10.576881
v -10.973325 -16.280739 -11.112968
v -4.344892 -7.692665 4.727615
v -3.454149 -6.246040 2.833692
v -5.310323 -6.441490 4.067837
v -3.032388 -7.554474 3.854937
v -3.621167 -9.916061 2.595428
v -2.670518 -8.666168 2.788840
v -3.645211 -9.131905 4.117724
v -2.670518 -8.666168 2.788840
v -3.032388 -7.554474 3.854937
v -3.645211 -9.131905 4.117724
v -3.032388 -7.554474 3.854937
v -4.344892 -7.692665 4.727615
v -3.645211 -9.131905 4.117724
v -4.344892 -7.692665 4.727615
v -5.295548 -8.942551 4.534203
v -3.645211 -9.131905 4.117724
v -5.295548 -8.942551 4.534203
v -4.933671 -10.054253 3.468113
v -3.645211 -9.131905 4.117724
v -4.933671 -10.054253 3.468113
v -3.621167 -9.916061 2.595428
v -3.645211 -9.131905 4.117724
v -0.574201 -18.764160 4.783435
v -1.075925 -16.836487 5.500894
v -1.075925 -16.836487 3.701891
v -0.574201 -18.764160 4.783435
v -1.075925 -16.836487 3.701891
v -0.574201 -18.764153 3.703041
v -3.067895 -9.383980 4.801707
v -1.075925 -16.836487 3.701891
v -1.075925 -16.836487 5.500894
v -3.067895 -9.383980 3.523657
v -1.075917 -16.836487 -10.790963
v -3.067895 -9.383965 -11.939701
v -1.075917 -16.836487 -12.589968
v -3.067895 -9.383965 -11.939701
v -1.075917 -16.836487 -10.790963
v -3.067895 -9.383965 -10.661653
v -0.574201 -18.764153 3.703041
v 2.691775 -16.662460 3.729249
v 2.594992 -18.590080 3.730399
v 2.691775 -16.662460 3.729249
v -0.574201 -18.764153 3.703041
v -1.075925 -16.836487 3.701891
v 2.691775 -16.662460 3.729249
v -3.067895 -9.383980 3.523657
v -0.034978 -6.382751 3.548645
v -3.067895 -9.383980 3.523657
v 2.691775 -16.662460 3.729249
v -1.075925 -16.836487 3.701891
v 2.691775 -16.662453 -10.763605
v -0.034978 -6.382744 -10.636664
v -3.067895 -9.383965 -10.661653
v 2.691775 -16.662453 -10.763605
v -3.067895 -9.383965 -10.661653
v -1.075917 -16.836487 -10.790963
v 2.691775 -16.662453 -10.763605
v -0.574201 -18.764137 -10.779671
v 2.594992 -18.590065 -10.752313
v -0.574201 -18.764137 -10.779671
v 2.691775 -16.662453 -10.763605
v -1.075917 -16.836487 -10.790963
v -0.405980 -4.343689 -10.136905
v -3.505643 -5.157356 -8.947795
v -0.405954 -4.343811 -8.947794
v -3.505643 -5.157356 -10.136913
v -3.505838 -5.156723 2.981872
v -0.406080 -4.343376 2.981885
v -0.406102 -4.343178 1.792754
v -3.505838 -5.156723 1.792753
v -3.481221 -6.800453 3.664114
v -3.505838 -5.156723 1.792753
v -3.481221 -6.800453 0.360620
v -3.505838 -5.156723 2.981872
v -1.373922 -13.280663 -7.606877
v -1.373922 -13.280670 -3.959726
v -2.673299 -13.101723 -4.158408
v -2.673299 -13.101707 -7.586658
v -1.929120 -13.551132 4.115317
v -3.362054 -9.666100 -0.132394
v -1.929120 -13.551132 0.360616
v -1.929120 -13.551132 -2.425788
v -0.079801 -18.211876 0.276007
v 3.020026 -17.398254 -3.528412
v 3.020037 -17.398361 0.276008
v -0.079850 -18.211784 -3.528413
v -0.079850 -18.211784 -3.528413
v 2.947768 -17.122993 -7.402223
v 3.020026 -17.398254 -3.528412
v -0.152066 -17.936516 -7.402223
v -10.312165 -10.781441 6.388560
v -8.482614 -11.827927 4.282481
v -8.095159 -12.203590 4.805723
v -9.924638 -11.157242 6.911659
v -4.228505 -8.821663 2.562434
v -9.482469 -12.524918 3.794180
v -4.949353 -8.122749 1.588954
v -10.203313 -11.826019 2.820700
v -11.044293 -9.781593 4.182971
v -8.442258 -11.108795 4.768905
v -9.685708 -9.903183 3.089663
v -9.800836 -10.987206 5.862211
v -9.685708 -9.903183 3.089663
v -8.309449 -12.476639 3.688522
v -9.552918 -11.271027 2.009274
v -8.442258 -11.108795 4.768905
v -9.552918 -11.271027 2.009274
v -9.535233 -13.722885 3.701455
v -10.778699 -12.517265 2.022213
v -8.309449 -12.476639 3.688522
v -10.778699 -12.517265 2.022213
v -9.535233 -13.722885 3.701455
v -12.137280 -12.395683 3.115521
v -10.893819 -13.601288 4.794762
v -12.137280 -12.395683 3.115521
v -10.893819 -13.601288 4.794762
v -12.270082 -11.027847 4.195896
v -11.026612 -12.233459 5.875144
v -9.800836 -10.987206 5.862211
v -11.044293 -9.781593 4.182971
v -11.026612 -12.233459 5.875144
v -12.270082 -11.027847 4.195896
v -11.561017 -16.676987 4.229140
v -15.161855 -14.530846 2.660385
v -13.633451 -14.667641 1.430405
v -13.089417 -16.540207 5.459120
v -8.985684 -14.404541 3.953645
v -12.487817 -13.871101 1.153939
v -11.058122 -12.395172 1.154903
v -10.415376 -15.880463 3.952688
v -8.985684 -14.404541 3.953645
v -11.058122 -12.395172 1.154903
v -11.930184 -10.593903 3.093889
v -9.857755 -12.603271 5.892625
v -9.857755 -12.603271 5.892625
v -11.930184 -10.593903 3.093889
v -13.458592 -10.457123 4.323870
v -11.386155 -12.466476 7.122604
v -13.089417 -16.540207 5.459120
v -11.386155 -12.466476 7.122604
v -15.161855 -14.530846 2.660385
v -13.458592 -10.457123 4.323870
v -12.487817 -13.871101 1.153939
v -10.415376 -15.880463 3.952688
v -11.561017 -16.676987 4.229140
v -13.633451 -14.667641 1.430405
v -12.925073 -13.888519 2.620425
v -13.174981 -15.729332 4.949454
v -11.681611 -15.094131 4.299666
v -14.418443 -14.523712 3.270199
v -12.925073 -13.888519 2.620425
v -10.833230 -15.966850 3.044898
v -12.076703 -14.761230 1.365650
v -11.681611 -15.094131 4.299666
v -12.721692 -16.269165 0.760635
v -10.833230 -15.966850 3.044898
v -11.478230 -17.474785 2.439883
v -12.076703 -14.761230 1.365650
v -12.721692 -16.269165 0.760635
v -12.971601 -18.109978 3.089664
v -14.215062 -16.904373 1.410416
v -11.478230 -17.474785 2.439883
v -14.215062 -16.904373 1.410416
v -12.971601 -18.109978 3.089664
v -15.063439 -16.031624 2.665218
v -13.819974 -17.237228 4.344460
v -13.174981 -15.729332 4.949454
v -15.063439 -16.031624 2.665218
v -13.819974 -17.237228 4.344460
v -14.418443 -14.523712 3.270199
v -11.123322 -20.887390 -0.080478
v -12.667062 -22.065254 0.216986
v -12.504941 -19.547829 -1.946301
v -14.048680 -20.725693 -1.648838
v -10.031224 -18.131264 2.052255
v -12.103662 -16.121918 -0.746487
v -13.962968 -15.247231 1.258291
v -11.890534 -17.256584 4.057034
v -13.962968 -15.247231 1.258291
v -13.570569 -17.971184 4.788040
v -11.890534 -17.256584 4.057034
v -15.643014 -15.961830 1.989298
v -13.141881 -20.380615 2.740739
v -15.643014 -15.961830 1.989298
v -15.214314 -18.371254 -0.057996
v -13.570569 -17.971184 4.788040
v 0.427218 -24.832237 0.741448
v 0.427218 -24.832245 3.957947
v -1.187833 -24.046684 3.957947
v -1.187833 -24.046677 0.741448
v -1.187833 -24.046677 0.741448
v -1.187833 -24.046684 3.957947
v -2.245820 -22.821114 3.957948
v -2.245820 -22.821106 0.741449
v -1.312989 -18.854485 3.957951
v -1.312989 -18.854485 0.741452
v -2.245820 -22.821114 3.957948
v -2.245820 -22.821106 0.741449
v 0.427218 -24.832237 0.741448
v 2.626254 -19.194427 0.741452
v 0.427218 -24.832245 3.957947
v 2.626254 -19.194427 3.957951
v -1.312989 -18.854485 3.957951
v 2.626254 -19.194427 3.957951
v -1.312989 -18.854485 0.741452
v 2.626254 -19.194427 0.741452
v 0.613326 -16.753365 3.314651
v 1.933924 -17.213577 3.314651
v 1.933924 -17.213577 1.384747
v 0.613326 -16.753365 1.384748
v 0.613326 -16.753365 3.314651
v 0.613326 -16.753365 1.384748
v -0.445508 -17.666924 3.314650
v -0.445508 -17.666924 1.384747
v -0.183763 -19.040695 3.314649
v -0.445508 -17.666924 3.314650
v -0.445508 -17.666924 1.384747
v -0.183763 -19.040695 1.384746
v 1.136817 -19.500900 3.314649
v -0.183763 -19.040695 3.314649
v -0.183763 -19.040695 1.384746
v 1.136817 -19.500900 1.384746
v 1.136817 -19.500900 3.314649
v 1.136817 -19.500900 1.384746
v 2.195678 -18.587341 3.314650
v 2.195678 -18.587341 1.384746
v 1.933924 -17.213577 3.314651
v 2.195678 -18.587341 3.314650
v 2.195678 -18.587341 1.384746
v 1.933924 -17.213577 1.384747
v 0.245597 -24.120956 3.315991
v 0.245597 -24.120949 1.386088
v -0.686010 -23.077957 3.315992
v -0.686010 -23.077942 1.386089
v -2.055070 -23.363243 3.315992
v -0.686010 -23.077957 3.315992
v -0.686010 -23.077942 1.386089
v -2.055070 -23.363228 1.386089
v -2.492543 -24.691536 3.315991
v -2.055070 -23.363243 3.315992
v -2.055070 -23.363228 1.386089
v -2.492543 -24.691536 1.386088
v -2.492543 -24.691536 3.315991
v -2.492543 -24.691536 1.386088
v -1.560941 -25.734535 3.315990
v -1.560941 -25.734535 1.386087
v -0.191877 -25.449257 3.315990
v -1.560941 -25.734535 3.315990
v -1.560941 -25.734535 1.386087
v -0.191877 -25.449257 1.386087
v 0.245597 -24.120956 3.315991
v -0.191877 -25.449257 3.315990
v -0.191877 -25.449257 1.386087
v 0.245597 -24.120949 1.386088
v -3.087114 -28.348663 0.742791
v -3.087114 -28.348663 3.959289
v -4.130471 -27.092056 3.959291
v -4.130471 -27.092056 0.742792
v -3.537366 -24.400139 3.959292
v -3.537366 -24.400131 0.742794
v -4.130471 -27.092056 3.959291
v -4.130471 -27.092056 0.742792
v -3.537366 -24.400139 3.959292
v -1.315217 -24.577522 3.959292
v -3.537366 -24.400131 0.742794
v -1.315217 -24.577507 0.742793
v -1.315217 -24.577507 0.742793
v -1.315217 -24.577522 3.959292
v -0.282483 -26.022232 3.959291
v -0.282483 -26.022232 0.742792
v -0.282483 -26.022232 3.959291
v -3.087114 -28.348663 3.959289
v -0.282483 -26.022232 0.742792
v -3.087114 -28.348663 0.742791
v -3.183355 -26.418785 3.315990
v -3.116155 -27.815659 3.315989
v -3.116155 -27.815659 1.386086
v -3.183355 -26.418785 1.386086
v -4.426667 -25.778564 3.315990
v -3.183355 -26.418785 3.315990
v -3.183355 -26.418785 1.386086
v -4.426667 -25.778564 1.386087
v -5.602792 -26.535202 3.315990
v -4.426667 -25.778564 3.315990
v -4.426667 -25.778564 1.386087
v -5.602792 -26.535202 1.386086
v -5.535592 -27.932076 3.315989
v -5.602792 -26.535202 3.315990
v -5.602792 -26.535202 1.386086
v -5.535592 -27.932076 1.386086
v -4.292241 -28.572296 3.315988
v -5.535592 -27.932076 3.315989
v -5.535592 -27.932076 1.386086
v -4.292241 -28.572296 1.386085
v -3.116155 -27.815659 3.315989
v -4.292241 -28.572296 3.315988
v -4.292241 -28.572296 1.386085
v -3.116155 -27.815659 1.386086
v -7.091973 -28.680397 3.959289
v -9.442727 -28.207573 1.278871
v -7.091973 -28.680397 0.742791
v -9.442727 -28.207573 3.423210
v -9.442727 -28.207573 3.423210
v -9.002954 -26.698799 3.423211
v -9.442727 -28.207573 1.278871
v -9.002954 -26.698799 1.278872
v -6.327077 -25.655647 0.742793
v -6.327077 -25.655647 3.959291
v -4.616242 -27.187798 3.959291
v -4.616242 -27.187798 0.742792
v -4.616242 -27.187798 0.742792
v -4.616242 -27.187798 3.959291
v -4.579423 -28.801964 3.959289
v -4.579423 -28.801964 0.742791
v -4.579423 -28.801964 3.959289
v -7.091973 -28.680397 3.959289
v -4.579423 -28.801964 0.742791
v -7.091973 -28.680397 0.742791
v -1.301652 -24.359978 -3.210024
v -1.301652 -24.359978 0.006481
v -2.658952 -23.218010 0.006482
v -2.658952 -23.218010 -3.210023
v -2.658952 -23.218010 -3.210023
v -2.658952 -23.218010 0.006482
v -3.372907 -21.766655 0.006483
v -3.372907 -21.766655 -3.210022
v -1.463754 -18.166748 -3.210019
v -3.372907 -21.766655 0.006483
v -1.463754 -18.166748 0.006486
v -3.372907 -21.766655 -3.210022
v 2.256449 -19.465042 0.006485
v -1.301652 -24.359978 0.006481
v 2.256449 -19.465042 -3.210020
v -1.301652 -24.359978 -3.210024
v -1.463754 -18.166748 0.006486
v 2.256449 -19.465042 0.006485
v -1.463754 -18.166748 -3.210019
v 2.256449 -19.465042 -3.210020
v 0.934550 -16.620773 -0.636814
v 2.095061 -17.401131 -0.636815
v 2.095061 -17.401131 -2.566718
v 0.934550 -16.620773 -2.566717
v -0.321508 -17.235641 -0.636815
v 0.934550 -16.620773 -0.636814
v 0.934550 -16.620773 -2.566717
v -0.321508 -17.235641 -2.566718
v -0.417062 -18.630836 -0.636816
v -0.321508 -17.235641 -0.636815
v -0.321508 -17.235641 -2.566718
v -0.417062 -18.630836 -2.566719
v 0.743445 -19.411194 -0.636816
v -0.417062 -18.630836 -0.636816
v -0.417062 -18.630836 -2.566719
v 0.743445 -19.411194 -2.566719
v 1.999514 -18.796356 -0.636816
v 0.743445 -19.411194 -0.636816
v 0.743445 -19.411194 -2.566719
v 1.999514 -18.796356 -2.566719
v 2.095061 -17.401131 -0.636815
v 1.999514 -18.796356 -0.636816
v 1.999514 -18.796356 -2.566719
v 2.095061 -17.401131 -2.566718
v -2.089227 -21.930321 -0.636818
v -1.346788 -23.115456 -0.636819
v -1.346788 -23.115456 -2.566722
v -2.089227 -21.930321 -2.566721
v -3.486810 -21.980728 -0.636818
v -2.089227 -21.930321 -0.636818
v -2.089227 -21.930321 -2.566721
v -3.486810 -21.980728 -2.566721
v -4.141934 -23.216278 -0.636819
v -3.486810 -21.980728 -0.636818
v -3.486810 -21.980728 -2.566721
v -4.141934 -23.216278 -2.566722
v -3.399488 -24.401405 -0.636820
v -4.141934 -23.216278 -0.636819
v -4.141934 -23.216278 -2.566722
v -3.399488 -24.401405 -2.566723
v -2.001912 -24.350983 -0.636820
v -3.399488 -24.401405 -0.636820
v -3.399488 -24.401405 -2.566723
v -2.001912 -24.350983 -2.566723
v -1.346788 -23.115456 -0.636819
v -2.001912 -24.350983 -0.636820
v -2.001912 -24.350983 -2.566723
v -1.346788 -23.115456 -2.566722
v -5.790227 -26.953911 -3.210026
v -5.790227 -26.953918 0.006479
v -6.619195 -25.593346 0.006480
v -6.619195 -25.593346 -3.210024
v -5.122674 -22.752914 0.006482
v -5.122674 -22.752914 -3.210022
v -6.619195 -25.593346 0.006480
v -6.619195 -25.593346 -3.210024
v -5.122674 -22.752914 0.006482
v -2.962232 -23.302361 0.006482
v -5.122674 -22.752914 -3.210022
v -2.962232 -23.302361 -3.210023
v -2.962232 -23.302361 -3.210023
v -2.962232 -23.302361 0.006482
v -2.181463 -24.872864 0.006481
v -2.181463 -24.872864 -3.210024
v -2.181463 -24.872864 0.006481
v -5.790227 -26.953918 0.006479
v -2.181463 -24.872864 -3.210024
v -5.790227 -26.953911 -3.210026
v -5.507295 -24.906990 -0.636820
v -5.554891 -26.304649 -0.636821
v -5.554891 -26.304649 -2.566724
v -5.507295 -24.906990 -2.566723
v -6.693910 -24.166931 -0.636820
v -5.507295 -24.906990 -0.636820
v -5.507295 -24.906990 -2.566723
v -6.693910 -24.166931 -2.566722
v -7.928147 -24.824554 -0.636820
v -6.693910 -24.166931 -0.636820
v -6.693910 -24.166931 -2.566722
v -7.928147 -24.824554 -2.566723
v -7.975732 -26.222221 -0.636821
v -7.928147 -24.824554 -0.636820
v -7.928147 -24.824554 -2.566723
v -7.975732 -26.222221 -2.566724
v -6.789105 -26.962265 -0.636822
v -7.975732 -26.222221 -0.636821
v -7.975732 -26.222221 -2.566724
v -6.789105 -26.962265 -2.566725
v -5.554891 -26.304649 -0.636821
v -6.789105 -26.962265 -0.636822
v -6.789105 -26.962265 -2.566725
v -5.554891 -26.304649 -2.566724
v -8.577836 -23.888565 0.006482
v -9.588262 -26.840378 0.006480
v -6.998437 -25.555862 0.006480
v -7.051984 -27.128250 0.006479
v -9.588262 -26.840370 -3.210026
v -6.998437 -25.555862 -3.210024
v -7.051984 -27.128235 -3.210026
v -8.577836 -23.888565 -3.210023
v -9.588262 -26.840378 0.006480
v -11.892297 -26.176315 -0.529607
v -9.588262 -26.840370 -3.210026
v -11.892297 -26.176315 -2.673939
v -11.892297 -26.176315 -0.529607
v -11.330251 -24.708702 -0.529605
v -11.892297 -26.176315 -2.673939
v -11.330251 -24.708702 -2.673937
v -8.577836 -23.888565 -3.210023
v -8.577836 -23.888565 0.006482
v -6.998437 -25.555862 0.006480
v -6.998437 -25.555862 -3.210024
v -6.998437 -25.555862 -3.210024
v -6.998437 -25.555862 0.006480
v -7.051984 -27.128250 0.006479
v -7.051984 -27.128235 -3.210026
v -7.051984 -27.128250 0.006479
v -9.588262 -26.840378 0.006480
v -7.051984 -27.128235 -3.210026
v -9.588262 -26.840370 -3.210026
v -3.091932 -23.452362 -7.161501
v -3.091932 -23.452362 -3.944997
v -4.108956 -21.985580 -3.944996
v -4.108956 -21.985580 -7.161500
v -4.108956 -21.985580 -7.161500
v -4.108956 -21.985580 -3.944996
v -4.426465 -20.400139 -3.944994
v -4.426465 -20.400139 -7.161499
v -1.655759 -17.412254 -7.161498
v -4.426465 -20.400139 -3.944994
v -1.655759 -17.412254 -3.944992
v -4.426465 -20.400139 -7.161499
v 1.605284 -19.637039 -3.944994
v -3.091932 -23.452362 -3.944997
v 1.605284 -19.637039 -7.161499
v -3.091932 -23.452362 -7.161501
v -1.655759 -17.412254 -3.944992
v 1.605284 -19.637039 -3.944994
v -1.655759 -17.412254 -7.161498
v 1.605284 -19.637039 -7.161499
v 1.981032 -17.586868 -4.588294
v 1.981032 -17.586868 -6.518197
v 1.060225 -16.534325 -4.588293
v 1.060225 -16.534325 -6.518196
v -0.311704 -16.805504 -4.588293
v 1.060225 -16.534325 -4.588293
v 1.060225 -16.534325 -6.518196
v -0.311704 -16.805504 -6.518196
v -0.762830 -18.129211 -4.588294
v -0.311704 -16.805504 -4.588293
v -0.311704 -16.805504 -6.518196
v -0.762830 -18.129211 -6.518198
v -0.762830 -18.129211 -4.588294
v -0.762830 -18.129211 -6.518198
v 0.157969 -19.181755 -4.588295
v 0.157969 -19.181755 -6.518198
v 1.529898 -18.910591 -4.588295
v 0.157969 -19.181755 -4.588295
v 0.157969 -19.181755 -6.518198
v 1.529898 -18.910591 -6.518198
v 1.981032 -17.586868 -4.588294
v 1.529898 -18.910591 -4.588295
v 1.529898 -18.910591 -6.518198
v 1.981032 -17.586868 -6.518197
v -3.007283 -21.627258 -4.588296
v -3.197950 -23.012680 -4.588297
v -3.197950 -23.012680 -6.518201
v -3.007283 -21.627258 -6.518199
v -3.007283 -21.627258 -4.588296
v -3.007283 -21.627258 -6.518199
v -4.111756 -20.769417 -4.588296
v -4.111756 -20.769417 -6.518199
v -5.406907 -21.297028 -4.588296
v -4.111756 -20.769417 -4.588296
v -4.111756 -20.769417 -6.518199
v -5.406907 -21.297028 -6.518199
v -5.597562 -22.682434 -4.588297
v -5.406907 -21.297028 -4.588296
v -5.406907 -21.297028 -6.518199
v -5.597562 -22.682434 -6.518200
v -5.597562 -22.682434 -4.588297
v -5.597562 -22.682434 -6.518200
v -4.493085 -23.540268 -4.588298
v -4.493085 -23.540268 -6.518201
v -3.197950 -23.012680 -4.588297
v -4.493085 -23.540268 -4.588298
v -4.493085 -23.540268 -6.518201
v -3.197950 -23.012680 -6.518201
v -8.844914 -23.156822 -7.161501
v -8.844914 -23.156822 -3.944996
v -8.586919 -21.565216 -3.944995
v -8.586919 -21.565216 -7.161500
v -5.862050 -20.312431 -7.161499
v -8.586919 -21.565216 -3.944995
v -5.862050 -20.312431 -3.944994
v -8.586919 -21.565216 -7.161500
v -5.862050 -20.312431 -7.161499
v -5.862050 -20.312431 -3.944994
v -4.557118 -22.119804 -3.944996
v -4.557118 -22.119804 -7.161500
v -4.557118 -22.119804 -7.161500
v -4.557118 -22.119804 -3.944996
v -4.976926 -23.834030 -3.944997
v -4.976926 -23.834030 -7.161501
v -4.976926 -23.834030 -3.944997
v -8.844914 -23.156822 -3.944996
v -4.976926 -23.834030 -7.161501
v -8.844914 -23.156822 -7.161501
v -7.593930 -22.161896 -4.588297
v -8.764817 -22.926605 -4.588297
v -8.764817 -22.926605 -6.518200
v -7.593930 -22.161896 -6.518200
v -7.670716 -20.765549 -4.588296
v -7.593930 -22.161896 -4.588297
v -7.593930 -22.161896 -6.518200
v -7.670716 -20.765549 -6.518199
v -8.918424 -20.133850 -4.588295
v -7.670716 -20.765549 -4.588296
v -7.670716 -20.765549 -6.518199
v -8.918424 -20.133850 -6.518199
v -10.089311 -20.898567 -4.588296
v -8.918424 -20.133850 -4.588295
v -8.918424 -20.133850 -6.518199
v -10.089311 -20.898567 -6.518199
v -10.012494 -22.294937 -4.588297
v -10.089311 -20.898567 -4.588296
v -10.089311 -20.898567 -6.518199
v -10.012494 -22.294937 -6.518200
v -8.764817 -22.926605 -4.588297
v -10.012494 -22.294937 -4.588297
v -10.012494 -22.294937 -6.518200
v -8.764817 -22.926605 -6.518200
v -11.522241 -19.934685 -3.944994
v -12.303716 -17.667747 -6.625411
v -11.522241 -19.934685 -7.161499
v -12.303716 -17.667747 -4.481072
v -12.303716 -17.667747 -4.481072
v -10.779801 -17.283745 -4.481072
v -12.303716 -17.667747 -6.625411
v -10.779801 -17.283745 -6.625411
v -8.526174 -19.064125 -3.944993
v -8.982186 -21.314995 -3.944995
v -8.526174 -19.064125 -7.161498
v -8.982186 -21.314995 -7.161500
v -8.982186 -21.314995 -7.161500
v -8.982186 -21.314995 -3.944995
v -10.327748 -22.169327 -3.944996
v -10.327748 -22.169327 -7.161500
v -10.327748 -22.169327 -3.944996
v -11.522241 -19.934685 -3.944994
v -10.327748 -22.169327 -7.161500
v -11.522241 -19.934685 -7.161499
v -4.444306 -21.588875 -11.112972
v -4.444306 -21.588898 -7.896467
v -5.038167 -19.875160 -7.896467
v -5.038167 -19.875145 -11.112972
v -5.038167 -19.875145 -11.112972
v -5.038167 -19.875160 -7.896467
v -4.938218 -18.261894 -7.896465
v -4.938218 -18.261887 -11.112971
v -1.492349 -16.086998 -7.896464
v -1.492349 -16.086998 -11.112968
v -4.938218 -18.261894 -7.896465
v -4.938218 -18.261887 -11.112971
v 1.076079 -19.109825 -7.896466
v -4.444306 -21.588898 -7.896467
v 1.076079 -19.109810 -11.112971
v -4.444306 -21.588875 -11.112972
v -1.492349 -16.086998 -7.896464
v 1.076079 -19.109825 -7.896466
v -1.492349 -16.086998 -11.112968
v 1.076079 -19.109810 -11.112971
v 1.359019 -15.936554 -8.539764
v 1.978186 -17.190483 -8.539765
v 1.978186 -17.190483 -10.469669
v 1.359019 -15.936554 -10.469668
v -0.036500 -15.845795 -8.539764
v 1.359019 -15.936554 -8.539764
v 1.359019 -15.936554 -10.469668
v -0.036500 -15.845795 -10.469668
v -0.812875 -17.008972 -8.539765
v -0.036500 -15.845795 -8.539764
v -0.036500 -15.845795 -10.469668
v -0.812875 -17.008972 -10.469668
v -0.193719 -18.262932 -8.539766
v -0.812875 -17.008972 -8.539765
v -0.812875 -17.008972 -10.469668
v -0.193719 -18.262924 -10.469669
v 1.201819 -18.353683 -8.539766
v -0.193719 -18.262932 -8.539766
v -0.193719 -18.262924 -10.469669
v 1.201819 -18.353676 -10.469669
v 1.978186 -17.190483 -8.539765
v 1.201819 -18.353683 -8.539766
v 1.201819 -18.353676 -10.469669
v 1.978186 -17.190483 -10.469669
v -3.881391 -19.812225 -8.539767
v -4.421914 -21.102020 -8.539768
v -4.421914 -21.102005 -10.469671
v -3.881391 -19.812218 -10.469671
v -3.881391 -19.812225 -8.539767
v -3.881391 -19.812218 -10.469671
v -4.728135 -18.699219 -8.539766
v -4.728135 -18.699203 -10.469669
v -6.115399 -18.876007 -8.539766
v -4.728135 -18.699219 -8.539766
v -4.728135 -18.699203 -10.469669
v -6.115399 -18.875999 -10.469670
v -6.655915 -20.165810 -8.539768
v -6.115399 -18.876007 -8.539766
v -6.115399 -18.875999 -10.469670
v -6.655915 -20.165802 -10.469671
v -6.655915 -20.165810 -8.539768
v -6.655915 -20.165802 -10.469671
v -5.809182 -21.278816 -8.539768
v -5.809182 -21.278816 -10.469671
v -4.421914 -21.102020 -8.539768
v -5.809182 -21.278816 -8.539768
v -5.809182 -21.278816 -10.469671
v -4.421914 -21.102005 -10.469671
v -9.283711 -20.111336 -11.112972
v -9.283711 -20.111343 -7.896467
v -8.556039 -18.611359 -7.896465
v -8.556039 -18.611351 -11.112971
v -6.302026 -17.807480 -11.112971
v -8.556039 -18.611359 -7.896465
v -6.302026 -17.807487 -7.896465
v -8.556039 -18.611351 -11.112971
v -6.302026 -17.807487 -7.896465
v -5.505769 -19.889648 -7.896467
v -6.302026 -17.807480 -11.112971
v -5.505769 -19.889641 -11.112972
v -5.505769 -19.889641 -11.112972
v -5.505769 -19.889648 -7.896467
v -6.386220 -21.452171 -7.896467
v -6.386220 -21.452164 -11.112972
v -6.386220 -21.452171 -7.896467
v -9.283711 -20.111343 -7.896467
v -6.386220 -21.452164 -11.112972
v -9.283711 -20.111336 -11.112972
v -8.556039 -18.611351 -11.112971
v -6.386220 -21.452164 -11.112972
v -9.283711 -20.111336 -11.112972
v -5.505769 -19.889641 -11.112972
v -7.749875 -19.443275 -8.539767
v -9.078034 -19.881149 -8.539767
v -9.078034 -19.881142 -10.469671
v -7.749875 -19.443268 -10.469670
v -7.464997 -18.074135 -8.539766
v -7.749875 -19.443275 -8.539767
v -7.749875 -19.443268 -10.469670
v -7.464997 -18.074127 -10.469669
v -7.464997 -18.074135 -8.539766
v -7.464997 -18.074127 -10.469669
v -8.508294 -17.142822 -8.539765
v -8.508294 -17.142822 -10.469669
v -9.836450 -17.580688 -8.539766
v -8.508294 -17.142822 -8.539765
v -8.508294 -17.142822 -10.469669
v -9.836450 -17.580688 -10.469669
v -10.121324 -18.949883 -8.539766
v -9.836450 -17.580688 -8.539766
v -9.836450 -17.580688 -10.469669
v -10.121324 -18.949875 -10.469670
v -10.121324 -18.949883 -8.539766
v -10.121324 -18.949875 -10.469670
v -9.078034 -19.881149 -8.539767
v -9.078034 -19.881142 -10.469671
v -10.460320 -18.713829 -11.112971
v -10.973325 -16.280739 -11.112968
v -8.873651 -18.267853 -11.112971
v -7.854154 -16.209953 -11.112968
v -11.145543 -13.889122 -8.432549
v -9.574136 -13.909904 -8.432549
v -11.145543 -13.889122 -10.576881
v -9.574136 -13.909904 -10.576881
v -7.854154 -16.209953 -7.896464
v -9.574136 -13.909904 -10.576881
v -9.574136 -13.909904 -8.432549
v -7.854154 -16.209953 -11.112968
v -7.854154 -16.209953 -7.896464
v -8.873651 -18.267868 -7.896465
v -7.854154 -16.209953 -11.112968
v -8.873651 -18.267853 -11.112971
v -8.873651 -18.267853 -11.112971
v -8.873651 -18.267868 -7.896465
v -10.460320 -18.713837 -7.896466
v -10.460320 -18.713829 -11.112971
v -10.460320 -18.713837 -7.896466
v -10.973325 -16.280739 -7.896464
v -10.460320 -18.713829 -11.112971
v -10.973325 -16.280739 -11.112968
v -2.942403 -7.818207 1.325995
v -5.252267 -8.334618 0.392700
v -4.301606 -7.084709 0.586112
v -4.286824 -9.585808 1.052470
v -4.663484 -5.973030 1.652208
v -2.942403 -7.818207 1.325995
v -4.301606 -7.084709 0.586112
v -3.454149 -6.246040 2.833692
v -3.454149 -6.246040 2.833692
v -4.663484 -5.973030 1.652208
v -5.310323 -6.441490 4.067837
v -5.975987 -6.111221 2.524886
v -5.310323 -6.441490 4.067837
v -6.926637 -7.361115 2.331474
v -6.654744 -8.209091 3.794313
v -5.975987 -6.111221 2.524886
v -6.142987 -9.781258 2.286636
v -6.926637 -7.361115 2.331474
v -6.564771 -8.472809 1.265384
v -6.654744 -8.209091 3.794313
v -6.142987 -9.781258 2.286636
v -5.252267 -8.334618 0.392700
v -4.286824 -9.585808 1.052470
v -6.564771 -8.472809 1.265384
v -3.621167 -9.916061 2.595428
v -4.286824 -9.585808 1.052470
v -2.670518 -8.666168 2.788840
v -2.942403 -7.818207 1.325995
v -3.454149 -6.246040 2.833692
v -2.670518 -8.666168 2.788840
v -2.942403 -7.818207 1.325995
v -3.032388 -7.554474 3.854937
v -4.344892 -7.692665 4.727615
v -6.654744 -8.209091 3.794313
v -5.295548 -8.942551 4.534203
v -5.310323 -6.441490 4.067837
v -6.142987 -9.781258 2.286636
v -4.933671 -10.054253 3.468113
v -6.654744 -8.209091 3.794313
v -5.295548 -8.942551 4.534203
v -4.286824 -9.585808 1.052470
v -4.933671 -10.054253 3.468113
v -6.142987 -9.781258 2.286636
v -3.621167 -9.916061 2.595428
v -1.075917 -16.836487 -10.790963
v -0.574201 -18.764137 -11.860064
v -0.574201 -18.764137 -10.779671
v -1.075917 -16.836487 -12.589968
v -0.574201 -18.764160 4.783435
v 2.594992 -18.590080 3.730399
v 2.594992 -18.590080 4.810792
v -0.574201 -18.764153 3.703041
v -0.034978 -6.382751 3.548645
v -3.067895 -9.383980 4.801707
v -0.034978 -6.382751 4.826695
v -3.067895 -9.383980 3.523657
v -0.034978 -6.382744 -11.914714
v -3.067895 -9.383965 -10.661653
v -0.034978 -6.382744 -10.636664
v -3.067895 -9.383965 -11.939701
v -0.574201 -18.764137 -10.779671
v 2.594992 -18.590065 -11.832705
v 2.594992 -18.590065 -10.752313
v -0.574201 -18.764137 -11.860064
v -3.481221 -6.800453 -0.596301
v -3.481221 -6.800453 0.360620
v -0.000924 -5.887108 0.360621
v -3.481221 -6.800446 -1.988007
v -0.000924 -5.887093 -7.515665
v -3.481221 -6.800453 0.360620
v -3.481221 -6.800453 -0.596301
v -2.769925 -9.510719 0.360619
v -3.481221 -6.800453 3.664114
v -2.532830 -10.414131 3.917143
v -0.223928 -17.662590 3.983831
v -1.215509 -13.883820 4.103934
v -1.215543 -13.883820 0.374095
v -0.079801 -18.211876 0.276007
v -1.215577 -13.883820 -2.761472
v -0.079850 -18.211784 -3.528413
v -1.373922 -13.280670 -3.959726
v -0.152066 -17.936516 -7.402223
v -1.373922 -13.280663 -7.606877
v -0.338552 -17.225853 -11.149065
v -1.373922 -13.280663 -11.273055
v -11.882871 -9.077812 4.810798
v -11.923963 -9.218765 4.211644
v -11.284780 -9.838486 5.074980
v -10.174401 -10.734261 7.117996
v -10.312165 -10.781441 6.388560
v -3.994268 -5.694786 3.543155
v -3.608125 -6.995163 5.050004
v -3.705327 -5.731209 2.358256
v -4.556767 -4.988052 1.740692
v -3.236440 -6.003822 1.815321
v -3.875688 -5.384041 0.952056
v -3.941041 -7.172623 -0.230607
v -3.301793 -7.792389 0.632661
v -2.915200 -7.892387 -0.616186
v -15.161855 -14.530846 2.660385
v -13.458592 -10.457123 4.323870
v -13.633451 -14.667641 1.430405
v -11.930184 -10.593903 3.093889
v -12.487817 -13.871101 1.153939
v -11.058122 -12.395172 1.154903
v -10.415376 -15.880463 3.952688
v -8.985684 -14.404541 3.953645
v -9.857755 -12.603271 5.892625
v -11.561017 -16.676987 4.229140
v -11.386155 -12.466476 7.122604
v -13.089417 -16.540207 5.459120
v -1.312989 -18.854485 3.957951
v -2.245820 -22.821114 3.957948
v 2.626254 -19.194427 3.957951
v -1.187833 -24.046684 3.957947
v 0.427218 -24.832245 3.957947
v -5.479596 -10.533867 -1.504530
v -2.915200 -7.892387 -0.616186
v -4.840367 -11.153656 -0.641256
v -7.408433 -12.074936 0.598939
v -8.047662 -11.455154 -0.264329
v -9.718049 -10.483986 1.669819
v -9.078820 -11.103752 2.533090
v -9.901792 -8.566330 3.182634
v -9.263009 -9.186256 4.046154
v -7.125504 -11.898819 5.399299
v -8.095159 -12.203590 4.805723
v -8.482614 -11.827927 4.282481
v -5.273648 -8.022392 4.638448
v -4.494096 -8.778236 5.691200
v -3.608125 -6.995163 5.050004
v -6.255803 -7.070145 3.312077
v -3.705327 -5.731209 2.358256
v -8.289903 -10.129166 5.359421
v -3.301793 -7.792389 0.632661
v -3.236440 -6.003822 1.815321
v -5.273648 -8.022392 4.638448
v -8.482614 -11.827927 4.282481
v -10.312165 -10.781441 6.388560
v -4.840367 -11.153656 -0.641256
v -2.915200 -7.892387 -0.616186
v -7.408433 -12.074936 0.598939
v -9.078820 -11.103752 2.533090
v -9.263009 -9.186256 4.046154
v -11.284780 -9.838486 5.074980
v -11.923963 -9.218765 4.211644
v -9.901792 -8.566330 3.182634
v 2.626254 -19.194427 0.741452
v 0.427218 -24.832237 0.741448
v -1.187833 -24.046677 0.741448
v -2.245820 -22.821106 0.741449
v -1.312989 -18.854485 0.741452
v -0.282483 -26.022232 3.959291
v -4.130471 -27.092056 3.959291
v -3.087114 -28.348663 3.959289
v -1.315217 -24.577522 3.959292
v -3.537366 -24.400139 3.959292
v -4.130471 -27.092056 0.742792
v -0.282483 -26.022232 0.742792
v -3.087114 -28.348663 0.742791
v -1.315217 -24.577507 0.742793
v -3.537366 -24.400131 0.742794
v 2.256449 -19.465042 0.006485
v -2.658952 -23.218010 0.006482
v -1.301652 -24.359978 0.006481
v -3.372907 -21.766655 0.006483
v -1.463754 -18.166748 0.006486
v 2.256449 -19.465042 -3.210020
v -1.301652 -24.359978 -3.210024
v -2.658952 -23.218010 -3.210023
v -3.372907 -21.766655 -3.210022
v -1.463754 -18.166748 -3.210019
v -2.181463 -24.872864 0.006481
v -6.619195 -25.593346 0.006480
v -5.790227 -26.953918 0.006479
v -2.962232 -23.302361 0.006482
v -5.122674 -22.752914 0.006482
v -6.619195 -25.593346 -3.210024
v -2.181463 -24.872864 -3.210024
v -5.790227 -26.953911 -3.210026
v -2.962232 -23.302361 -3.210023
v -5.122674 -22.752914 -3.210022
v 1.605284 -19.637039 -3.944994
v -4.108956 -21.985580 -3.944996
v -3.091932 -23.452362 -3.944997
v -4.426465 -20.400139 -3.944994
v -1.655759 -17.412254 -3.944992
v 1.605284 -19.637039 -7.161499
v -3.091932 -23.452362 -7.161501
v -4.108956 -21.985580 -7.161500
v -4.426465 -20.400139 -7.161499
v -1.655759 -17.412254 -7.161498
v -8.586919 -21.565216 -3.944995
v -8.844914 -23.156822 -3.944996
v -4.976926 -23.834030 -3.944997
v -4.557118 -22.119804 -3.944996
v -5.862050 -20.312431 -3.944994
v -8.586919 -21.565216 -7.161500
v -4.976926 -23.834030 -7.161501
v -8.844914 -23.156822 -7.161501
v -4.557118 -22.119804 -7.161500
v -5.862050 -20.312431 -7.161499
v 1.076079 -19.109825 -7.896466
v -5.038167 -19.875160 -7.896467
v -4.444306 -21.588898 -7.896467
v -4.938218 -18.261894 -7.896465
v -1.492349 -16.086998 -7.896464
v 1.076079 -19.109810 -11.112971
v -4.444306 -21.588875 -11.112972
v -5.038167 -19.875145 -11.112972
v -4.938218 -18.261887 -11.112971
v -1.492349 -16.086998 -11.112968
v -6.386220 -21.452171 -7.896467
v -8.556039 -18.611359 -7.896465
v -9.283711 -20.111343 -7.896467
v -5.505769 -19.889648 -7.896467
v -6.302026 -17.807487 -7.896465
v 2.691775 -16.662460 3.729249
v 2.594992 -18.590080 -3.521433
v 2.594992 -18.590080 3.730399
v 2.691775 -16.662460 -3.521432
v 2.594992 -18.590065 -10.752313
v 2.691775 -16.662453 -10.763605
v -0.575849 -4.304733 3.658543
v -0.034978 -6.382751 3.548645
v -0.034978 -6.382751 4.826695
v -0.575849 -4.304733 1.857224
v -0.034978 -6.382744 -3.521425
v -0.575849 -4.304726 -3.521424
v -0.575849 -4.304726 -8.950689
v -0.034978 -6.382744 -10.636664
v -0.575849 -4.304726 -10.752007
v -0.034978 -6.382744 -11.914714
v -1.929120 -13.551132 4.115317
v -1.215543 -13.883820 0.374095
v -1.215509 -13.883820 4.103934
v -1.929120 -13.551132 0.360616
v -1.929120 -13.551132 -2.425788
v -1.215577 -13.883820 -2.761472
v -9.551248 -9.645790 0.995001
v -9.901792 -8.566330 3.182634
v -9.731179 -8.092369 2.243512
v -9.718049 -10.483986 1.669819
v -8.047662 -11.455154 -0.264329
v -8.216447 -10.399498 -0.534546
v -6.599164 -9.722336 -1.245961
v -5.479596 -10.533867 -1.504530
v -5.138070 -7.801346 -0.948701
v -2.915200 -7.892387 -0.616186
v -3.941041 -7.172623 -0.230607
v -5.238332 -5.455101 0.810027
v -3.875688 -5.384041 0.952056
v -4.556767 -4.988052 1.740692
v -7.307397 -7.486267 0.043012
v -6.599164 -9.722336 -1.245961
v -8.216447 -10.399498 -0.534546
v -9.551248 -9.645790 0.995001
v -9.731179 -8.092369 2.243512
v -7.710973 -6.054977 2.210316
v -10.022077 -7.328949 3.007013
v -11.923963 -9.218765 4.211644
v -7.581445 -5.735985 3.443445
v -3.994268 -5.694786 3.543155
v -9.715608 -7.183327 3.984645
v -11.882871 -9.077812 4.810798
v -8.754498 -7.717415 5.615922
v -10.174401 -10.734261 7.117996
v -6.700406 -6.326263 5.093645
v -7.759130 -9.080246 6.626802
v -9.924638 -11.157242 6.911659
v -5.624978 -7.632904 6.085588
v -3.608125 -6.995163 5.050004
v -4.494096 -8.778236 5.691200
v -7.216916 -10.048721 6.795267
v -7.125504 -11.898819 5.399299
v -8.095159 -12.203590 4.805723
v -0.034978 -6.382751 3.548645
v 2.691775 -16.662460 -3.521432
v 2.691775 -16.662460 3.729249
v -0.034978 -6.382744 -3.521425
v -0.034978 -6.382744 -10.636664
v 2.691775 -16.662453 -10.763605
v 3.791632 -18.006935 4.537409
v 2.594992 -18.590080 4.810792
v 2.594992 -18.590080 3.730399
v 3.791632 -18.006935 3.727916
v 4.389758 -17.423790 4.264025
v 2.594992 -18.590080 -3.521433
v 4.389758 -17.423790 3.122529
v 3.791632 -18.006935 -3.521433
v 3.791632 -18.006920 -10.742614
v 2.594992 -18.590065 -10.752313
v 3.791632 -18.006920 -11.552108
v 2.594992 -18.590065 -11.832705
v 4.389758 -17.423767 -11.271510
v 4.389758 -17.423767 -10.130013
v 4.389758 -17.423790 -3.521432
v 4.943114 -16.076317 1.948575
v 4.943099 -16.076584 -8.951525
v 4.943099 -16.076271 3.688528
v 4.389758 -17.423790 4.264025
v 4.943114 -16.076454 -3.521431
v 3.817446 -16.369461 5.073937
v 3.791632 -18.006935 4.537409
v 4.545871 -5.633972 3.138527
v 2.691775 -16.662460 5.528252
v 2.594992 -18.590080 4.810792
v -0.574201 -18.764160 4.783435
v -1.075925 -16.836487 5.500894
v -3.067895 -9.383980 4.801707
v -0.034978 -6.382751 4.826695
v 2.785510 -5.633972 4.413496
v -0.575849 -4.304733 3.658543
v 2.352458 -3.486778 3.301367
v 3.664027 -3.486778 2.202403
v 4.545871 -5.633972 1.527613
v 3.664027 -3.486778 1.876433
v 3.664027 -3.486763 -3.521423
v 4.545871 -5.633965 -3.521425
v 4.545871 -5.633965 -8.564005
v 3.664027 -3.486763 -8.931479
v 4.545871 -5.633965 -10.174917
v 3.664027 -3.486763 -10.199332
v 4.943114 -16.076622 -10.691478
v 4.389758 -17.423767 -11.271510
v 2.785510 -5.633965 -11.475699
v 2.352458 -3.486763 -10.895676
v -0.575849 -4.304726 -10.752007
v -0.034978 -6.382744 -11.914714
v 3.817446 -16.369453 -12.092590
v 3.791632 -18.006920 -11.552108
v 2.691775 -16.662453 -12.562610
v -3.067895 -9.383965 -11.939701
v 2.594992 -18.590065 -11.832705
v -1.075917 -16.836487 -12.589968
v -0.574201 -18.764137 -11.860064
v -0.575849 -4.304733 3.658543
v 2.352458 -3.486778 3.301367
v -0.575849 -4.304733 1.857224
v 2.352458 -3.486778 1.980663
v 3.664027 -3.486778 2.202403
v 3.664027 -3.486778 1.876433
v 2.352458 -3.486763 -3.521423
v -0.575849 -4.304726 -3.521424
v 3.664027 -3.486763 -3.521423
v -0.575849 -4.304726 -8.950689
v 3.664027 -3.486763 -8.931479
v 2.352458 -3.486763 -9.056740
v -0.575849 -4.304726 -10.752007
v 3.664027 -3.486763 -10.199332
v 2.352458 -3.486763 -10.895676
v -8.442258 -11.108795 4.768905
v -9.800836 -10.987206 5.862211
v -9.668031 -12.355057 4.781830
v -8.309449 -12.476639 3.688522
v -11.026612 -12.233459 5.875144
v -9.535233 -13.722885 3.701455
v -10.893819 -13.601288 4.794762
v -11.044293 -9.781593 4.182971
v -9.685708 -9.903183 3.089663
v -10.911500 -11.149437 3.102588
v -12.270082 -11.027847 4.195896
v -9.552918 -11.271027 2.009274
v -12.137280 -12.395683 3.115521
v -10.778699 -12.517265 2.022213
v -11.681611 -15.094131 4.299666
v -13.174981 -15.729332 4.949454
v -12.326604 -16.602028 3.694686
v -10.833230 -15.966850 3.044898
v -13.819974 -17.237228 4.344460
v -11.478230 -17.474785 2.439883
v -12.971601 -18.109978 3.089664
v -14.418443 -14.523712 3.270199
v -12.925073 -13.888519 2.620425
v -13.570069 -15.396439 2.015431
v -15.063439 -16.031624 2.665218
v -12.076703 -14.761230 1.365650
v -14.215062 -16.904373 1.410416
v -12.721692 -16.269165 0.760635
v -0.686010 -23.077942 1.386089
v 0.245597 -24.120949 1.386088
v -1.123471 -24.406250 1.386088
v -2.055070 -23.363228 1.386089
v -0.191877 -25.449257 1.386087
v -2.492543 -24.691536 1.386088
v -1.560941 -25.734535 1.386087
v 0.245597 -24.120956 3.315991
v -0.686010 -23.077957 3.315992
v -1.123471 -24.406250 3.315991
v -0.191877 -25.449257 3.315990
v -2.055070 -23.363243 3.315992
v -1.560941 -25.734535 3.315990
v -2.492543 -24.691536 3.315991
v -3.183355 -26.418785 1.386086
v -3.116155 -27.815659 1.386086
v -4.359452 -27.175430 1.386086
v -4.426667 -25.778564 1.386087
v -4.292241 -28.572296 1.386085
v -5.602792 -26.535202 1.386086
v -5.535592 -27.932076 1.386086
v -3.116155 -27.815659 3.315989
v -3.183355 -26.418785 3.315990
v -4.359452 -27.175430 3.315989
v -4.292241 -28.572296 3.315988
v -4.426667 -25.778564 3.315990
v -5.535592 -27.932076 3.315989
v -5.602792 -26.535202 3.315990
v -2.089227 -21.930321 -2.566721
v -1.346788 -23.115456 -2.566722
v -2.744367 -23.165863 -2.566722
v -3.486810 -21.980728 -2.566721
v -2.001912 -24.350983 -2.566723
v -4.141934 -23.216278 -2.566722
v -3.399488 -24.401405 -2.566723
v -1.346788 -23.115456 -0.636819
v -2.089227 -21.930321 -0.636818
v -2.744367 -23.165863 -0.636819
v -2.001912 -24.350983 -0.636820
v -3.486810 -21.980728 -0.636818
v -3.399488 -24.401405 -0.636820
v -4.141934 -23.216278 -0.636819
v -5.507295 -24.906990 -2.566723
v -5.554891 -26.304649 -2.566724
v -6.741502 -25.564606 -2.566724
v -6.693910 -24.166931 -2.566722
v -6.789105 -26.962265 -2.566725
v -7.928147 -24.824554 -2.566723
v -7.975732 -26.222221 -2.566724
v -5.554891 -26.304649 -0.636821
v -5.507295 -24.906990 -0.636820
v -6.741502 -25.564606 -0.636821
v -6.789105 -26.962265 -0.636822
v -6.693910 -24.166931 -0.636820
v -7.975732 -26.222221 -0.636821
v -7.928147 -24.824554 -0.636820
v -3.007283 -21.627258 -6.518199
v -3.197950 -23.012680 -6.518201
v -4.302426 -22.154854 -6.518200
v -4.111756 -20.769417 -6.518199
v -4.493085 -23.540268 -6.518201
v -5.406907 -21.297028 -6.518199
v -5.597562 -22.682434 -6.518200
v -3.197950 -23.012680 -4.588297
v -3.007283 -21.627258 -4.588296
v -4.302426 -22.154854 -4.588297
v -4.493085 -23.540268 -4.588298
v -4.111756 -20.769417 -4.588296
v -5.597562 -22.682434 -4.588297
v -5.406907 -21.297028 -4.588296
v -7.593930 -22.161896 -6.518200
v -8.764817 -22.926605 -6.518200
v -8.841615 -21.530243 -6.518199
v -7.670716 -20.765549 -6.518199
v -10.012494 -22.294937 -6.518200
v -8.918424 -20.133850 -6.518199
v -10.089311 -20.898567 -6.518199
v -8.764817 -22.926605 -4.588297
v -7.593930 -22.161896 -4.588297
v -8.841615 -21.530243 -4.588296
v -10.012494 -22.294937 -4.588297
v -7.670716 -20.765549 -4.588296
v -10.089311 -20.898567 -4.588296
v -8.918424 -20.133850 -4.588295
v -3.881391 -19.812218 -10.469671
v -4.421914 -21.102005 -10.469671
v -5.268655 -19.988998 -10.469671
v -4.728135 -18.699203 -10.469669
v -5.809182 -21.278816 -10.469671
v -6.115399 -18.875999 -10.469670
v -6.655915 -20.165802 -10.469671
v -4.421914 -21.102020 -8.539768
v -3.881391 -19.812225 -8.539767
v -5.268655 -19.989021 -8.539768
v -5.809182 -21.278816 -8.539768
v -4.728135 -18.699219 -8.539766
v -6.655915 -20.165810 -8.539768
v -6.115399 -18.876007 -8.539766
v -7.749875 -19.443268 -10.469670
v -9.078034 -19.881142 -10.469671
v -8.793160 -18.511993 -10.469669
v -7.464997 -18.074127 -10.469669
v -10.121324 -18.949875 -10.469670
v -8.508294 -17.142822 -10.469669
v -9.836450 -17.580688 -10.469669
v -9.078034 -19.881149 -8.539767
v -7.749875 -19.443275 -8.539767
v -8.793160 -18.512009 -8.539766
v -10.121324 -18.949883 -8.539766
v -7.464997 -18.074135 -8.539766
v -9.836450 -17.580688 -8.539766
v -8.508294 -17.142822 -8.539765
vn -0.0314 0.0707 -0.9970
vn -0.0314 0.0627 -0.9975
vn -0.0157 0.0629 -0.9979
vn -0.0158 0.0316 -0.9994
vn -0.8729 -0.4561 -0.1731
vn -0.8729 -0.4561 -0.1730
vn -0.9187 -0.3769 -0.1178
vn -0.1022 0.3776 -0.9203
vn -0.9531 -0.2363 -0.1890
vn -0.9531 -0.2363 -0.1889
vn -0.1726 0.6436 0.7456
vn -0.1727 0.6436 0.7456
vn -0.1727 0.6436 -0.7456
vn -0.1727 0.6436 -0.7457
vn -0.1023 0.3776 0.9203
vn -0.1022 0.3776 0.9203
vn -0.0314 0.0706 0.9970
vn -0.0314 0.0707 0.9970
vn 0.0157 -0.0158 0.9998
vn 0.0158 -0.0157 0.9998
vn 0.0079 -0.0315 0.9995
vn 0.0157 -0.0158 -0.9998
vn -0.1336 -0.9899 -0.0471
vn -0.3134 -0.9496 -0.0000
vn -0.9107 0.4083 -0.0628
vn -0.9328 0.3605 -0.0000
vn -0.9972 -0.0236 -0.0706
vn -0.9972 -0.0236 -0.0707
vn -0.9508 -0.2515 -0.1808
vn -0.2519 0.9678 -0.0000
vn -0.0158 0.0630 0.9979
vn -0.0314 0.0550 0.9980
vn -0.0315 0.0550 0.9980
vn 0.0158 -0.0079 0.9998
vn 0.0079 -0.0315 -0.9995
vn -0.9115 -0.4086 0.0473
vn -0.8847 -0.4662 -0.0000
vn -0.8846 -0.4663 -0.0000
vn -0.9970 -0.0708 0.0314
vn -0.9970 -0.0708 0.0313
vn -0.9997 -0.0239 -0.0000
vn -0.9602 -0.2754 0.0472
vn -0.9673 -0.2518 0.0314
vn -0.9708 -0.1735 0.1657
vn -0.9708 -0.1736 0.1657
vn -0.9708 -0.1737 0.1657
vn -0.9849 0.1734 -0.0000
vn -0.9849 0.1733 -0.0000
vn -0.9970 -0.0313 0.0707
vn -0.9995 0.0310 -0.0000
vn -0.6512 0.0942 0.7531
vn -0.6510 0.0940 0.7532
vn -0.6511 0.0941 0.7531
vn -0.4328 0.8656 0.2518
vn -0.9558 -0.2528 0.1501
vn -0.9558 -0.2527 0.1501
vn -0.9310 -0.3629 0.0395
vn -0.3788 -0.8444 -0.3787
vn -0.3788 -0.8445 -0.3787
vn -0.4974 -0.8368 -0.2289
vn -0.4974 -0.8368 -0.2290
vn -0.1413 -0.9892 0.0392
vn -0.1413 -0.9892 0.0393
vn -0.9678 -0.2518 -0.0000
vn -0.9678 -0.2519 -0.0000
vn -0.9262 -0.3767 -0.0156
vn -0.9262 -0.3768 -0.0157
vn 0.2527 -0.9558 0.1501
vn 0.2528 -0.9558 0.1501
vn 0.2511 -0.9495 -0.1884
vn 0.2510 -0.9495 -0.1884
vn 0.2511 -0.9495 -0.1883
vn -0.6460 -0.3939 0.6539
vn -0.6803 -0.4192 0.6012
vn -0.6804 -0.4193 0.6010
vn -0.5656 0.2748 0.7776
vn -0.5655 0.2749 0.7776
vn -0.8289 0.0867 0.5526
vn -0.7148 -0.1807 0.6755
vn -0.7148 -0.1807 0.6756
vn -0.7176 -0.1893 0.6702
vn -0.7177 -0.1893 0.6702
vn -0.8672 0.1971 0.4574
vn -0.8671 0.1971 0.4575
vn -0.8671 0.1970 0.4575
vn -0.7542 0.2356 0.6129
vn -0.7542 0.2357 0.6128
vn -0.5902 -0.1416 0.7948
vn -0.5901 -0.1417 0.7948
vn -0.7564 -0.0156 0.6539
vn -0.7564 -0.0157 0.6539
vn -0.7031 -0.7111 -0.0000
vn -0.6992 -0.7149 -0.0000
vn -0.1891 0.9766 0.1026
vn -0.1892 0.9766 0.1026
vn -0.1891 0.9766 0.1025
vn -0.3690 0.9261 -0.0786
vn -0.2757 0.9612 -0.0000
vn 0.0630 -0.8958 -0.4400
vn 0.0629 -0.8958 -0.4400
vn -0.8024 -0.5662 0.1886
vn -0.8023 -0.5663 0.1888
vn -0.5149 0.4991 -0.6970
vn -0.5148 0.4990 -0.6971
vn 0.5148 -0.4990 0.6971
vn 0.5148 -0.4989 0.6972
vn 0.5149 -0.4991 0.6970
vn 0.8022 0.5663 -0.1888
vn 0.8023 0.5663 -0.1888
vn 0.8026 0.5660 -0.1884
vn 0.8028 0.5658 -0.1882
vn -0.8028 -0.5658 0.1882
vn -0.8026 -0.5660 0.1884
vn -0.8025 -0.5661 0.1885
vn -0.8023 -0.5662 0.1887
vn -0.4642 0.2754 -0.8418
vn -0.4246 0.3538 -0.8334
vn -0.5149 0.4990 -0.6971
vn -0.4561 0.3853 -0.8022
vn 0.5999 -0.6867 0.4105
vn 0.5437 -0.6460 0.5358
vn 0.5436 -0.6461 0.5358
vn 0.5150 -0.4991 0.6969
vn -0.8118 -0.5438 0.2128
vn -0.8118 -0.5438 0.2127
vn 0.7455 -0.1412 -0.6514
vn 0.7455 -0.1411 -0.6514
vn 0.7455 -0.1413 -0.6513
vn 0.5588 -0.5981 0.5744
vn 0.5587 -0.5981 0.5746
vn 0.5588 -0.5981 0.5745
vn 0.8571 0.2674 -0.4403
vn 0.8571 0.2675 -0.4403
vn 0.1184 0.3470 -0.9304
vn 0.1183 0.3470 -0.9304
vn -0.2437 0.2829 -0.9277
vn -0.2437 0.2830 -0.9277
vn -0.2436 0.2829 -0.9277
vn -0.3623 -0.0709 -0.9294
vn -0.3624 -0.0708 -0.9293
vn -0.1183 -0.3469 -0.9304
vn -0.1183 -0.3470 -0.9304
vn 0.2437 -0.2829 -0.9277
vn 0.2437 -0.2830 -0.9277
vn 0.2436 -0.2829 -0.9277
vn 0.3623 0.0709 -0.9294
vn 0.3624 0.0708 -0.9293
vn 0.3624 0.0707 -0.9293
vn 0.1183 0.3470 0.9304
vn -0.2437 0.2831 0.9276
vn -0.2437 0.2830 0.9276
vn -0.3622 -0.0710 0.9294
vn -0.3623 -0.0709 0.9294
vn -0.1183 -0.3469 0.9304
vn 0.2437 -0.2830 0.9276
vn 0.3623 0.0709 0.9294
vn -0.2199 0.0550 0.9740
vn -0.2123 0.0629 0.9752
vn -0.0000 -0.0000 1.0000
vn -0.2123 0.0629 -0.9752
vn -0.2122 0.0628 -0.9752
vn -0.2199 0.0550 -0.9740
vn -0.0000 -0.0000 -1.0000
vn -0.3632 0.9317 -0.0000
vn 0.2048 0.3072 -0.9294
vn 0.2049 0.3072 -0.9293
vn -0.1654 0.3307 -0.9291
vn -0.1653 0.3307 -0.9291
vn -0.3699 0.0237 -0.9288
vn -0.3699 0.0236 -0.9288
vn -0.2049 -0.3072 -0.9293
vn 0.1654 -0.3307 -0.9291
vn 0.1653 -0.3307 -0.9291
vn 0.3699 -0.0238 -0.9288
vn 0.2049 0.3072 0.9293
vn 0.2048 0.3072 0.9294
vn -0.1653 0.3307 0.9291
vn -0.1654 0.3307 0.9291
vn -0.3699 0.0237 0.9288
vn -0.2049 -0.3072 0.9293
vn -0.2050 -0.3072 0.9293
vn 0.1654 -0.3307 0.9291
vn 0.1653 -0.3307 0.9291
vn 0.3699 -0.0237 0.9288
vn 0.3699 -0.0236 0.9288
vn -0.2122 0.0707 0.9747
vn -0.2122 0.0708 0.9747
vn -0.2045 0.0783 0.9757
vn -0.2046 0.0786 0.9757
vn -0.2046 0.0788 0.9757
vn -0.2045 0.0783 -0.9757
vn -0.2122 0.0707 -0.9747
vn -0.2830 0.9591 -0.0000
vn -0.2829 0.9591 -0.0000
vn 0.2758 0.2442 -0.9297
vn -0.0713 0.3626 -0.9292
vn -0.0712 0.3626 -0.9292
vn -0.3469 0.1183 -0.9304
vn -0.2757 -0.2442 -0.9297
vn -0.2758 -0.2442 -0.9297
vn 0.0709 -0.3623 -0.9294
vn 0.0710 -0.3624 -0.9293
vn 0.3469 -0.1183 -0.9304
vn 0.2759 0.2442 0.9296
vn 0.2758 0.2442 0.9297
vn -0.0710 0.3624 0.9293
vn -0.3469 0.1183 0.9304
vn -0.2758 -0.2442 0.9297
vn -0.2757 -0.2442 0.9297
vn 0.0710 -0.3624 0.9293
vn 0.0711 -0.3625 0.9293
vn 0.3469 -0.1183 0.9304
vn -0.0550 0.2124 0.9756
vn -0.0629 0.2124 0.9752
vn -0.0629 0.2124 -0.9752
vn -0.0550 0.2124 -0.9756
vn -0.0551 0.2124 -0.9756
vn 0.6199 0.7847 -0.0000
vn 0.3308 0.1653 -0.9291
vn 0.3307 0.1653 -0.9291
vn 0.0240 0.3693 -0.9290
vn -0.3074 0.2050 -0.9292
vn -0.3073 0.2049 -0.9293
vn -0.3308 -0.1652 -0.9291
vn -0.3308 -0.1653 -0.9291
vn -0.0238 -0.3696 -0.9289
vn -0.0238 -0.3697 -0.9289
vn -0.0237 -0.3698 -0.9288
vn 0.3074 -0.2051 -0.9292
vn 0.3072 -0.2048 -0.9293
vn 0.3307 0.1653 0.9291
vn 0.3308 0.1653 0.9291
vn 0.0240 0.3693 0.9290
vn 0.0238 0.3696 0.9289
vn -0.3071 0.2047 0.9294
vn -0.3308 -0.1652 0.9291
vn -0.3308 -0.1653 0.9291
vn -0.0238 -0.3696 0.9289
vn -0.0237 -0.3698 0.9288
vn 0.3073 -0.2049 0.9293
vn 0.0001 0.2202 0.9754
vn 0.0001 0.2202 0.9755
vn -0.0000 0.2202 0.9754
vn -0.0078 0.2204 0.9754
vn -0.0078 0.2203 0.9754
vn -0.0079 0.2202 -0.9754
vn -0.0000 0.2202 -0.9754
vn -0.9975 -0.0711 -0.0000
vn -0.9975 -0.0710 -0.0000
vn -0.9975 -0.0707 -0.0000
vn 0.3765 0.6432 0.6668
vn 0.3765 0.6431 0.6668
vn 0.7294 -0.6039 0.3215
vn 0.8204 -0.2365 0.5206
vn 0.8204 -0.2366 0.5206
vn 0.5580 -0.0789 0.8261
vn 0.5584 -0.0787 0.8258
vn 0.2037 -0.2978 0.9326
vn 0.2038 -0.2978 0.9326
vn 0.1104 -0.6705 0.7337
vn 0.1104 -0.6705 0.7336
vn 0.3710 -0.8209 0.4341
vn 0.3710 -0.8209 0.4340
vn -0.9658 -0.2591 -0.0000
vn -0.9659 -0.2590 -0.0000
vn -0.9659 -0.2591 -0.0000
vn -0.9658 -0.2592 -0.0000
vn 0.0079 -0.0000 -1.0000
vn 0.0079 -0.0001 -1.0000
vn 0.0080 -0.0001 -1.0000
vn 0.0078 -0.0000 -1.0000
vn 0.0078 0.0001 -1.0000
vn 0.0236 -0.0158 -0.9996
vn 0.0079 -0.0235 -0.9997
vn -0.0000 -0.0079 1.0000
vn -0.0078 -0.0159 0.9998
vn -0.0078 -0.0158 0.9998
vn -0.0079 0.0078 0.9999
vn -0.0079 -0.0000 1.0000
vn -0.0079 0.0001 1.0000
vn -0.2517 0.9678 -0.0000
vn -0.2518 0.9678 -0.0000
vn -0.2519 0.9677 -0.0000
vn -0.9999 -0.0156 -0.0000
vn -0.9999 -0.0159 -0.0000
vn -0.9999 -0.0155 -0.0000
vn -0.1337 -0.9910 -0.0000
vn -0.1338 -0.9910 -0.0000
vn -0.9379 -0.3469 -0.0000
vn -0.9381 -0.3464 -0.0000
vn 0.2519 -0.9677 -0.0000
vn 0.2518 -0.9678 -0.0000
vn 0.2511 -0.9654 -0.0706
vn -0.5965 -0.7927 -0.1256
vn -0.5965 -0.7928 -0.1256
vn -0.5966 -0.7927 -0.1256
vn -0.5966 -0.7926 -0.1256
vn 0.2997 -0.6546 -0.6940
vn 0.3610 0.8634 0.3526
vn 0.3610 0.8632 0.3529
vn 0.8540 0.3717 -0.3640
vn 0.8541 0.3717 -0.3638
vn 0.8540 0.3716 -0.3641
vn 0.4966 -0.4887 -0.7173
vn 0.4966 -0.4888 -0.7173
vn -0.3610 -0.8634 -0.3526
vn -0.3609 -0.8631 -0.3534
vn -0.3610 -0.8632 -0.3529
vn -0.8541 -0.3717 0.3638
vn -0.8541 -0.3717 0.3639
vn -0.8540 -0.3717 0.3640
vn -0.4966 0.4887 0.7173
vn -0.3610 -0.8632 -0.3530
vn -0.3610 -0.8634 -0.3525
vn 0.5044 -0.4808 -0.7172
vn 0.7981 0.5769 -0.1739
vn 0.3610 0.8634 0.3525
vn 0.3610 0.8632 0.3530
vn -0.7797 0.0709 0.6222
vn -0.7796 0.0708 0.6222
vn 0.2911 -0.6606 -0.6920
vn 0.2909 -0.6606 -0.6921
vn -0.0707 0.7865 0.6135
vn -0.0708 0.7865 0.6135
vn 0.7070 0.7070 -0.0157
vn 0.7071 0.7069 -0.0158
vn 0.7067 0.7073 -0.0153
vn 0.7724 -0.0788 -0.6303
vn 0.7724 -0.0787 -0.6302
vn 0.0708 -0.7865 -0.6135
vn 0.0707 -0.7865 -0.6135
vn -0.7071 -0.7070 0.0158
vn -0.7069 -0.7071 0.0156
vn -0.7723 0.0788 0.6304
vn -0.7724 0.0788 0.6303
vn 0.3398 -0.6243 -0.7034
vn 0.3399 -0.6244 -0.7033
vn 0.5598 0.8119 0.1656
vn 0.5597 0.8120 0.1655
vn 0.5597 0.8120 0.1656
vn -0.0709 0.7865 0.6135
vn -0.8447 -0.4263 0.3237
vn -0.8448 -0.4262 0.3236
vn -0.8447 -0.4262 0.3236
vn -0.4409 -0.8976 -0.0000
vn -0.4408 -0.8976 -0.0000
vn -0.7570 -0.6535 -0.0000
vn -0.9737 0.2279 -0.0000
vn -0.9737 0.2278 -0.0000
vn 0.9316 -0.3634 -0.0000
vn 0.0860 0.9963 -0.0000
vn 0.3302 0.9439 -0.0000
vn 0.3304 0.9438 -0.0000
vn 0.3303 0.9439 -0.0000
vn -0.6538 0.7567 -0.0000
vn -0.6541 0.7564 -0.0000
vn -0.6542 0.7564 -0.0000
vn -0.6539 0.7565 -0.0000
vn -0.9820 -0.1886 -0.0000
vn -0.9821 -0.1885 -0.0000
vn -0.9821 -0.1886 -0.0000
vn -0.9821 -0.1884 -0.0000
vn -0.3302 -0.9439 -0.0000
vn -0.3304 -0.9438 -0.0000
vn -0.3303 -0.9439 -0.0000
vn 0.6541 -0.7564 -0.0000
vn 0.6538 -0.7566 -0.0000
vn 0.9821 0.1885 -0.0000
vn 0.9820 0.1888 -0.0000
vn 0.7458 0.6662 -0.0000
vn 0.7455 0.6665 -0.0000
vn -0.2052 0.9787 -0.0000
vn -0.2050 0.9788 -0.0000
vn -0.2051 0.9787 -0.0000
vn -0.9495 0.3137 -0.0000
vn -0.9495 0.3136 -0.0000
vn -0.9495 0.3139 -0.0000
vn -0.9496 0.3135 -0.0000
vn -0.7453 -0.6667 -0.0000
vn -0.7455 -0.6665 -0.0000
vn 0.2051 -0.9787 -0.0000
vn 0.2052 -0.9787 -0.0000
vn 0.9495 -0.3137 -0.0000
vn 0.9496 -0.3135 -0.0000
vn 0.9495 -0.3136 -0.0000
vn -0.7708 -0.6371 -0.0000
vn -0.9771 0.2128 -0.0000
vn 0.0788 0.9969 -0.0000
vn 0.0786 0.9969 -0.0000
vn 0.0787 0.9969 -0.0000
vn 0.8122 0.5834 -0.0000
vn 0.8122 0.5833 -0.0000
vn 0.8121 0.5835 -0.0000
vn 0.6372 -0.7707 -0.0000
vn 0.6371 -0.7708 -0.0000
vn 0.9989 0.0476 -0.0000
vn 0.9988 0.0481 -0.0000
vn 0.4568 0.8896 -0.0000
vn 0.4565 0.8897 -0.0000
vn 0.4567 0.8896 -0.0000
vn -0.5418 0.8405 -0.0000
vn -0.5420 0.8404 -0.0000
vn -0.9989 -0.0476 -0.0000
vn -0.9988 -0.0481 -0.0000
vn -0.9989 -0.0472 -0.0000
vn -0.4565 -0.8897 -0.0000
vn -0.4566 -0.8897 -0.0000
vn -0.4568 -0.8896 -0.0000
vn 0.5419 -0.8404 -0.0000
vn 0.5416 -0.8406 -0.0000
vn 0.5415 -0.8407 -0.0000
vn -0.1962 -0.9806 -0.0000
vn -0.1961 -0.9806 -0.0000
vn -0.9591 0.2830 -0.0000
vn 0.6671 0.7449 -0.0000
vn 0.6668 0.7453 -0.0000
vn 0.9997 0.0237 -0.0000
vn 0.9997 0.0236 -0.0000
vn 0.9997 0.0231 -0.0000
vn -0.0476 -0.9989 -0.0000
vn -0.0473 -0.9989 -0.0000
vn -0.6456 -0.7636 -0.0000
vn -0.6456 -0.7637 -0.0000
vn -0.6455 -0.7637 -0.0000
vn -0.8973 -0.4414 -0.0000
vn -0.8815 0.4722 -0.0000
vn 0.8085 -0.5885 -0.0000
vn 0.8084 -0.5887 -0.0000
vn 0.8089 -0.5880 -0.0000
vn 0.3301 0.9439 -0.0000
vn 0.5601 0.8284 -0.0000
vn -0.4407 0.8976 -0.0000
vn -0.4408 0.8976 -0.0000
vn -0.4409 0.8975 -0.0000
vn -0.9975 0.0706 -0.0000
vn -0.9975 0.0707 -0.0000
vn -0.5602 -0.8284 -0.0000
vn -0.5601 -0.8284 -0.0000
vn 0.4406 -0.8977 -0.0000
vn 0.4409 -0.8976 -0.0000
vn 0.9975 -0.0707 -0.0000
vn 0.9975 -0.0705 -0.0000
vn 0.8498 0.5272 -0.0000
vn 0.8497 0.5272 -0.0000
vn -0.0393 0.9992 -0.0000
vn -0.8847 0.4661 -0.0000
vn -0.8847 0.4662 -0.0000
vn -0.8497 -0.5272 -0.0000
vn -0.8498 -0.5272 -0.0000
vn 0.0394 -0.9992 -0.0000
vn 0.0393 -0.9992 -0.0000
vn 0.8847 -0.4661 -0.0000
vn 0.8848 -0.4660 -0.0000
vn -0.8534 -0.5213 -0.0000
vn -0.8533 -0.5215 -0.0000
vn -0.8533 -0.5214 -0.0000
vn 0.2444 0.9697 -0.0000
vn 0.2445 0.9697 -0.0000
vn 0.8944 0.4472 -0.0000
vn 0.8945 0.4471 -0.0000
vn 0.4970 -0.8678 -0.0000
vn 0.4971 -0.8677 -0.0000
vn 0.4969 -0.8678 -0.0000
vn 0.9995 -0.0317 -0.0000
vn 0.9995 -0.0316 -0.0000
vn 0.5272 0.8497 -0.0000
vn -0.4722 0.8815 -0.0000
vn -0.4721 0.8815 -0.0000
vn -0.9995 0.0315 -0.0000
vn -0.9995 0.0316 -0.0000
vn -0.9995 0.0317 -0.0000
vn -0.5271 -0.8498 -0.0000
vn -0.5272 -0.8498 -0.0000
vn 0.4721 -0.8815 -0.0000
vn 0.4722 -0.8815 -0.0000
vn -0.2758 -0.9612 -0.0000
vn -0.2757 -0.9612 -0.0000
vn -0.9353 0.3537 -0.0000
vn -0.9353 0.3538 -0.0000
vn -0.9354 0.3537 -0.0000
vn 0.7266 0.6870 -0.0000
vn 0.7264 0.6872 -0.0000
vn 0.9995 -0.0315 -0.0000
vn -0.1105 -0.9939 -0.0000
vn -0.1104 -0.9939 -0.0000
vn -0.1106 -0.9939 -0.0000
vn -0.8220 -0.5695 -0.0000
vn -0.8218 -0.5698 -0.0000
vn -0.9805 -0.1964 -0.0000
vn -0.7340 0.6791 -0.0000
vn -0.7343 0.6789 -0.0000
vn -0.7341 0.6790 -0.0000
vn -0.7342 0.6789 -0.0000
vn 0.6286 -0.7777 -0.0000
vn 0.6285 -0.7778 -0.0000
vn 0.5656 0.8247 -0.0000
vn 0.5655 0.8248 -0.0000
vn 0.5655 0.8247 -0.0000
vn 0.5654 0.8248 -0.0000
vn 0.7526 0.6584 -0.0000
vn -0.1961 0.9806 -0.0000
vn -0.1960 0.9806 -0.0000
vn -0.9464 0.3229 -0.0000
vn -0.9465 0.3226 -0.0000
vn -0.7526 -0.6584 -0.0000
vn 0.1961 -0.9806 -0.0000
vn 0.1960 -0.9806 -0.0000
vn 0.1962 -0.9806 -0.0000
vn 0.9463 -0.3234 -0.0000
vn 0.9463 -0.3233 -0.0000
vn 0.9464 -0.3230 -0.0000
vn 0.9910 -0.1340 -0.0000
vn 0.9910 -0.1338 -0.0000
vn 0.6150 0.7885 -0.0000
vn 0.6150 0.7886 -0.0000
vn -0.3773 0.9261 -0.0000
vn -0.9910 0.1338 -0.0000
vn -0.9910 0.1339 -0.0000
vn -0.6150 -0.7885 -0.0000
vn 0.3770 -0.9262 -0.0000
vn 0.3773 -0.9261 -0.0000
vn -0.9874 0.1580 -0.0000
vn -0.9874 0.1581 -0.0000
vn -0.4182 0.9084 -0.0000
vn -0.4185 0.9082 -0.0000
vn -0.4186 0.9082 -0.0000
vn 0.9715 -0.2372 -0.0000
vn 0.9714 -0.2375 -0.0000
vn 0.9714 -0.2373 -0.0000
vn 0.9715 -0.2368 -0.0000
vn -0.1733 -0.9849 -0.0000
vn -0.1729 -0.9849 -0.0000
vn -0.1734 -0.9849 -0.0000
vn 0.5456 -0.8381 -0.0000
vn 0.9985 0.0549 -0.0000
vn 0.4504 0.8928 -0.0000
vn -0.5456 0.8381 -0.0000
vn -0.5455 0.8381 -0.0000
vn -0.9985 -0.0555 -0.0000
vn -0.9985 -0.0553 -0.0000
vn -0.9985 -0.0549 -0.0000
vn -0.4504 -0.8928 -0.0000
vn -0.4506 -0.8927 -0.0000
vn -0.9463 -0.3234 -0.0000
vn -0.9463 -0.3233 -0.0000
vn -0.2443 0.9697 -0.0000
vn 0.9803 -0.1977 -0.0000
vn 0.9803 -0.1976 -0.0000
vn 0.9802 -0.1981 -0.0000
vn 0.5364 -0.8440 -0.0000
vn 0.5360 -0.8442 -0.0000
vn 0.5363 -0.8440 -0.0000
vn -0.8817 -0.4718 -0.0000
vn -0.8816 -0.4720 -0.0000
vn -0.8815 -0.4722 -0.0000
vn -0.9439 -0.3302 -0.0000
vn -0.9439 -0.3303 -0.0000
vn -0.9980 0.0627 -0.0000
vn -0.9980 0.0629 -0.0000
vn -0.9980 0.0626 -0.0000
vn -0.5364 0.8440 -0.0000
vn -0.5363 0.8440 -0.0000
vn 0.4094 -0.9124 -0.0000
vn 0.4097 -0.9122 -0.0000
vn 0.7636 0.6457 -0.0000
vn 0.7637 0.6456 -0.0000
vn 0.7636 0.6456 -0.0000
vn 0.8975 0.4411 -0.0000
vn 0.8975 0.4410 -0.0000
vn 0.8975 0.4409 -0.0000
vn 0.0629 0.9980 -0.0000
vn -0.8309 0.5564 -0.0000
vn -0.8308 0.5565 -0.0000
vn -0.8308 0.5566 -0.0000
vn -0.8975 -0.4410 -0.0000
vn -0.8975 -0.4411 -0.0000
vn -0.8975 -0.4409 -0.0000
vn -0.0631 -0.9980 -0.0000
vn -0.0630 -0.9980 -0.0000
vn -0.0628 -0.9980 -0.0000
vn 0.8308 -0.5565 -0.0000
vn 0.8308 -0.5566 -0.0000
vn 0.9223 -0.3865 -0.0000
vn 0.7951 0.6065 -0.0000
vn 0.7952 0.6063 -0.0000
vn 0.7956 0.6059 -0.0000
vn 0.7953 0.6062 -0.0000
vn -0.1264 0.9920 -0.0000
vn -0.1259 0.9920 -0.0000
vn -0.9223 0.3865 -0.0000
vn -0.7955 -0.6060 -0.0000
vn -0.7953 -0.6062 -0.0000
vn 0.1261 -0.9920 -0.0000
vn 0.1264 -0.9920 -0.0000
vn -0.9006 0.4346 -0.0000
vn -0.3371 0.9415 -0.0000
vn -0.3373 0.9414 -0.0000
vn 0.9353 0.3538 -0.0000
vn 0.9353 0.3537 -0.0000
vn 0.9354 0.3537 -0.0000
vn 0.8730 -0.4876 -0.0000
vn 0.8729 -0.4878 -0.0000
vn -0.4186 -0.9082 -0.0000
vn -0.4187 -0.9081 -0.0000
vn 0.3131 -0.9497 -0.0000
vn 0.3139 -0.9494 -0.0000
vn 0.3136 -0.9496 -0.0000
vn 0.9787 -0.2052 -0.0000
vn 0.9787 -0.2051 -0.0000
vn 0.9787 -0.2053 -0.0000
vn 0.6666 0.7454 -0.0000
vn 0.6667 0.7453 -0.0000
vn -0.3137 0.9495 -0.0000
vn -0.3136 0.9496 -0.0000
vn -0.9787 0.2052 -0.0000
vn -0.9788 0.2050 -0.0000
vn -0.6666 -0.7454 -0.0000
vn -0.6668 -0.7453 -0.0000
vn -0.6667 -0.7453 -0.0000
vn 0.0157 0.9999 -0.0000
vn 0.8018 0.5975 -0.0000
vn 0.8019 0.5975 -0.0000
vn 0.8976 -0.4409 -0.0000
vn 0.8975 -0.4409 -0.0000
vn 0.8975 -0.4410 -0.0000
vn 0.2685 -0.9633 -0.0000
vn 0.2684 -0.9633 -0.0000
vn -0.9787 -0.2052 -0.0000
vn -0.9787 -0.2051 -0.0000
vn -0.9787 -0.2053 -0.0000
vn 0.4026 -0.1658 -0.9002
vn 0.4027 -0.1658 -0.9002
vn 0.6062 0.6456 -0.4645
vn 0.0315 0.9798 0.1975
vn 0.0316 0.9798 0.1975
vn -0.7477 0.5037 0.4328
vn -0.7476 0.5037 0.4328
vn -0.9518 -0.3068 -0.0000
vn -0.3765 -0.6432 -0.6668
vn -0.3765 -0.6431 -0.6668
vn -0.3765 -0.6432 -0.6667
vn 0.7476 -0.5037 -0.4329
vn 0.7477 -0.5037 -0.4328
vn 0.7476 -0.5037 -0.4328
vn 0.9518 0.3068 0.0001
vn 0.9518 0.3068 -0.0000
vn -0.4026 0.1658 0.9002
vn -0.4027 0.1658 0.9002
vn -0.6062 -0.6456 0.4645
vn -0.0316 -0.9798 -0.1975
vn 0.0548 -0.9985 -0.0000
vn 0.0552 -0.9985 -0.0000
vn -0.7034 0.7108 -0.0000
vn -0.7030 0.7111 -0.0000
vn -0.9678 -0.2517 -0.0000
vn -0.9677 -0.2520 -0.0000
vn -0.9677 -0.2519 -0.0000
vn -0.8024 -0.5661 0.1886
vn 0.7467 0.6443 0.1651
vn 0.8557 0.4789 0.1962
vn 0.9206 0.0627 0.3854
vn 0.6002 0.7898 0.1264
vn 0.9050 0.4251 0.0156
vn 0.7981 0.5768 -0.1738
vn 0.8364 0.4735 -0.2762
vn 0.8130 -0.2604 0.5208
vn 0.9897 -0.0236 -0.1414
vn -0.5149 0.4991 -0.6969
vn -0.5148 0.4989 -0.6972
vn 0.2208 -0.7090 -0.6698
vn 0.9897 -0.0235 -0.1412
vn 0.6712 -0.7342 -0.1024
vn 0.0791 -0.9867 0.1423
vn -0.3223 -0.8647 -0.3852
vn -0.7261 -0.6865 0.0396
vn -0.3694 -0.7310 0.5738
vn -0.0237 -0.9287 -0.3700
vn 0.5662 -0.4090 -0.7156
vn 0.5662 -0.4089 -0.7156
vn 0.4808 -0.5044 -0.7172
vn 0.5275 -0.4566 -0.7164
vn 0.4328 -0.6375 -0.6374
vn 0.5917 -0.8047 0.0473
vn 0.9205 0.0631 0.3856
vn -0.1340 -0.3227 -0.9370
vn 0.8128 -0.2606 0.5209
vn 0.9051 0.4249 0.0158
vn -0.5150 0.4991 -0.6969
vn -0.2525 -0.5128 -0.8205
vn 0.6711 -0.7342 -0.1028
vn 0.9897 -0.0234 -0.1415
vn 0.0788 -0.9867 0.1420
vn -0.0234 -0.9288 -0.3699
vn -0.0237 -0.8220 -0.5691
vn -0.0238 -0.8219 -0.5691
vn -0.9989 0.0473 -0.0000
vn -0.9678 -0.2516 -0.0000
vn -0.4250 -0.9052 -0.0000
vn -0.9178 -0.1255 -0.3766
vn -0.9844 0.0314 -0.1732
vn -0.9859 0.0236 -0.1657
vn -0.9188 -0.1178 -0.3768
vn -0.5830 -0.2758 -0.7642
vn -0.5664 -0.2911 -0.7710
vn -0.2526 -0.0947 -0.9629
vn -0.1024 0.0630 -0.9927
vn -0.0392 0.4468 -0.8938
vn 0.1499 0.4103 -0.8995
vn 0.1177 0.5883 -0.8000
vn -0.1582 0.7514 -0.6406
vn 0.0315 0.7488 -0.6621
vn -0.1883 0.9730 -0.1334
vn -0.5112 0.4876 -0.7078
vn -0.4153 0.3527 -0.8385
vn -0.5590 0.3228 -0.7637
vn -0.6466 0.3785 -0.6623
vn -0.6379 0.4646 -0.6142
vn -0.4898 0.7734 -0.4025
vn -0.6459 0.7088 -0.2836
vn -0.7341 0.6393 -0.2289
vn -0.3465 0.9136 0.2127
vn 0.0709 0.8511 0.5201
vn -0.5725 0.7921 0.2118
vn -0.5612 0.7272 0.3952
vn -0.3386 0.6614 0.6693
vn -0.0943 0.3147 0.9445
vn -0.1021 0.7304 0.6754
vn -0.0079 0.2996 0.9540
vn 0.1731 -0.4404 0.8809
vn 0.1882 0.4235 0.8861
vn 0.2761 0.4736 0.8363
vn 0.4562 -0.1258 0.8809
vn 0.2678 -0.1418 0.9530
vn 0.2763 -0.6872 0.6718
vn 0.0079 -0.8928 0.4503
vn 0.5752 -0.6619 0.4807
vn 0.3223 -0.6288 0.7077
vn 0.4408 -0.8976 -0.0000
vn 0.5747 -0.8184 -0.0000
vn 0.8263 -0.4723 0.3068
vn 0.8288 -0.5596 -0.0000
vn 0.6199 -0.7847 -0.0000
vn 0.5754 -0.8179 -0.0000
vn 0.5752 -0.6619 -0.4806
vn 0.3293 -0.6272 -0.7059
vn 0.8263 -0.4723 -0.3068
vn 0.8283 -0.5602 -0.0000
vn 0.8643 -0.5029 -0.0000
vn 0.9848 -0.1735 -0.0000
vn 0.9168 -0.1097 0.3839
vn 0.8263 -0.4721 0.3071
vn 0.9947 -0.1027 -0.0000
vn 0.5358 -0.0473 0.8430
vn 0.5752 -0.6619 0.4806
vn 0.9112 0.2357 0.3380
vn 0.1573 -0.1572 0.9750
vn 0.3222 -0.6288 0.7077
vn 0.0079 -0.3468 0.9379
vn -0.0000 -0.1337 0.9910
vn -0.0392 0.0706 0.9967
vn 0.1022 0.1966 0.9751
vn 0.3858 0.3385 0.8582
vn -0.0079 0.4722 0.8814
vn 0.2904 0.4865 0.8240
vn 0.7959 0.4728 0.3782
vn 0.9715 0.2369 -0.0000
vn 0.9250 0.3799 -0.0000
vn 0.9772 0.2122 -0.0000
vn 0.9322 0.2133 -0.2925
vn 0.7234 0.3460 -0.5975
vn 0.9196 -0.1100 -0.3772
vn 0.8264 -0.4721 -0.3071
vn 0.3710 0.2289 -0.9000
vn 0.1726 0.2902 -0.9413
vn -0.0550 0.3695 -0.9276
vn 0.1178 0.1963 -0.9735
vn 0.5414 -0.0471 -0.8395
vn 0.5752 -0.6619 -0.4807
vn 0.1739 -0.1580 -0.9720
vn -0.0236 0.0706 -0.9972
vn 0.0157 -0.1337 -0.9909
vn 0.0236 -0.3536 -0.9351
vn -0.2690 0.9631 -0.0000
vn -0.1809 0.9835 -0.0000
vn -0.1105 0.9939 -0.0000
vn -0.0000 1.0000 -0.0000
vn -0.1338 0.9910 -0.0000
vn -0.2684 0.9633 -0.0000
vn -0.2686 0.9633 -0.0000
vn -0.1337 0.9910 -0.0000
vn -0.5150 0.4992 -0.6969
vn 0.5150 -0.4992 0.6969
vn 0.5149 -0.4991 0.6969
vn -0.5150 0.4992 -0.6968
vt 0.975586 0.418945
vt 0.991699 0.398438
vt 0.991699 0.427246
vt 0.975586 0.430664
vt 0.975586 0.402344
vt 0.979492 0.435059
vt 0.960938 0.430664
vt 0.960938 0.418945
vt 0.975586 0.395996
vt 0.991699 0.380859
vt 0.960938 0.409668
vt 0.960938 0.402344
vt 0.960938 0.380859
vt 0.970215 0.395996
vt 0.970215 0.380859
vt 0.922852 0.380859
vt 0.914062 0.395996
vt 0.914062 0.380859
vt 0.922852 0.402344
vt 0.893066 0.401367
vt 0.908691 0.395996
vt 0.908691 0.402344
vt 0.893066 0.380859
vt 0.908691 0.420410
vt 0.893066 0.428711
vt 0.893066 0.456543
vt 0.905762 0.437988
vt 0.907715 0.454590
vt 0.991699 0.456543
vt 0.960938 0.435059
vt 0.948242 0.402832
vt 0.908691 0.435059
vt 0.977539 0.454590
vt 0.945801 0.430664
vt 0.943848 0.417969
vt 0.945312 0.407715
vt 0.926758 0.415039
vt 0.938965 0.400391
vt 0.945312 0.400391
vt 0.940430 0.404785
vt 0.943359 0.404785
vt 0.927734 0.402344
vt 0.937500 0.409668
vt 0.935547 0.400391
vt 0.922852 0.413574
vt 0.943359 0.409668
vt 0.937012 0.435059
vt 0.939941 0.417969
vt 0.938965 0.437988
vt 0.941895 0.431641
vt 0.944824 0.435059
vt 0.939941 0.409668
vt 0.907715 0.463379
vt 0.924316 0.454102
vt 0.924316 0.463379
vt 0.959961 0.454102
vt 0.977539 0.463379
vt 0.959961 0.463379
vt 0.945801 0.363770
vt 0.951660 0.346680
vt 0.952637 0.352539
vt 0.913574 0.367676
vt 0.913574 0.363770
vt 0.916992 0.363770
vt 0.815918 0.284668
vt 0.798828 0.279785
vt 0.821777 0.279785
vt 0.804688 0.284668
vt 0.804688 0.293945
vt 0.815918 0.293945
vt 0.798828 0.298828
vt 0.821777 0.298828
vt 0.804688 0.029297
vt 0.814941 0.013184
vt 0.821289 0.020508
vt 0.821289 0.029297
vt 0.803711 0.008789
vt 0.788574 0.017090
vt 0.788574 0.029297
vt 0.814941 0.065430
vt 0.821289 0.049316
vt 0.821289 0.058105
vt 0.804688 0.049316
vt 0.788574 0.061523
vt 0.788574 0.049316
vt 0.803711 0.069824
vt 0.833008 0.029297
vt 0.842285 0.049316
vt 0.833008 0.049316
vt 0.842285 0.029297
vt 0.854004 0.049316
vt 0.854004 0.029297
vt 0.887695 0.296387
vt 0.875488 0.296387
vt 0.881348 0.285645
vt 0.894043 0.285645
vt 0.887695 0.274414
vt 0.875488 0.274414
vt 0.869141 0.285645
vt 0.906738 0.274414
vt 0.918945 0.274414
vt 0.912598 0.285645
vt 0.925293 0.285156
vt 0.918945 0.296387
vt 0.906738 0.296387
vt 0.900391 0.285645
vt 0.918457 0.007324
vt 0.932617 0.016602
vt 0.919434 0.023438
vt 0.932617 0.023438
vt 0.906738 0.013672
vt 0.906738 0.023438
vt 0.932617 0.046387
vt 0.919434 0.039551
vt 0.932617 0.039551
vt 0.918457 0.055664
vt 0.906738 0.049316
vt 0.906738 0.039551
vt 0.958496 0.023438
vt 0.941895 0.039551
vt 0.941895 0.023438
vt 0.958496 0.039551
vt 0.887207 0.296387
vt 0.875000 0.296387
vt 0.893555 0.285645
vt 0.887207 0.274414
vt 0.875000 0.274414
vt 0.868652 0.285645
vt 0.906250 0.274414
vt 0.918457 0.274414
vt 0.924805 0.285156
vt 0.918457 0.296387
vt 0.906250 0.296387
vt 0.899902 0.285645
vt 0.932129 0.016602
vt 0.932129 0.023438
vt 0.932129 0.046387
vt 0.932129 0.039551
vt 0.941406 0.023438
vt 0.941406 0.039551
vt 0.906250 0.013672
vt 0.906250 0.023438
vt 0.906250 0.049316
vt 0.906250 0.039551
vt 0.931152 0.107422
vt 0.909180 0.108398
vt 0.923340 0.099609
vt 0.845703 0.256348
vt 0.836426 0.246094
vt 0.845703 0.246094
vt 0.836426 0.256348
vt 0.817871 0.256348
vt 0.827148 0.256348
vt 0.822754 0.264160
vt 0.832031 0.264160
vt 0.840820 0.264160
vt 0.790527 0.256348
vt 0.799805 0.256348
vt 0.794922 0.264160
vt 0.809082 0.256348
vt 0.804199 0.264160
vt 0.813477 0.264160
vt 0.761719 0.325195
vt 0.764160 0.333496
vt 0.756836 0.333496
vt 0.757324 0.325195
vt 0.760254 0.365234
vt 0.754883 0.365234
vt 0.885254 0.332520
vt 0.882812 0.364746
vt 0.877930 0.333008
vt 0.887695 0.364258
vt 0.775391 0.476074
vt 0.790039 0.470215
vt 0.789551 0.478027
vt 0.774902 0.466797
vt 0.774902 0.434082
vt 0.791016 0.425293
vt 0.851562 0.470215
vt 0.851074 0.425293
vt 0.867188 0.434570
vt 0.866699 0.467773
vt 0.866211 0.476562
vt 0.852051 0.478516
vt 0.924805 0.435059
vt 0.942383 0.463379
vt 0.942383 0.454102
vt 0.895508 0.367676
vt 0.895508 0.363770
vt 0.880371 0.166016
vt 0.872559 0.178223
vt 0.872559 0.166016
vt 0.880371 0.178223
vt 0.864746 0.178223
vt 0.864746 0.166016
vt 0.856934 0.178223
vt 0.856934 0.166016
vt 0.849121 0.166016
vt 0.849121 0.178223
vt 0.841309 0.166016
vt 0.841309 0.178223
vt 0.833496 0.178223
vt 0.833496 0.166016
vt 0.867188 0.130371
vt 0.877930 0.151367
vt 0.867188 0.151367
vt 0.877930 0.130371
vt 0.845703 0.130371
vt 0.859863 0.151367
vt 0.845703 0.151367
vt 0.859863 0.130371
vt 0.831055 0.151367
vt 0.831055 0.130371
vt 0.819824 0.151367
vt 0.819824 0.130371
vt 0.791992 0.130371
vt 0.791992 0.151367
vt 0.872559 0.064453
vt 0.880371 0.076660
vt 0.872559 0.076660
vt 0.880371 0.064453
vt 0.864746 0.076660
vt 0.864746 0.064453
vt 0.856934 0.064453
vt 0.856934 0.076660
vt 0.849121 0.076660
vt 0.849121 0.064453
vt 0.841309 0.064453
vt 0.841309 0.076660
vt 0.833496 0.076660
vt 0.833496 0.064453
vt 0.870117 0.029297
vt 0.870117 0.049316
vt 0.880859 0.049316
vt 0.880859 0.029297
vt 0.988281 0.214355
vt 0.988281 0.231445
vt 0.978516 0.231445
vt 0.978516 0.214355
vt 0.972168 0.231445
vt 0.972168 0.214355
vt 0.949219 0.231445
vt 0.949219 0.214355
vt 0.898926 0.214355
vt 0.931152 0.214355
vt 0.898926 0.231445
vt 0.931152 0.231445
vt 0.981934 0.248047
vt 0.989746 0.248047
vt 0.989746 0.260254
vt 0.981934 0.260254
vt 0.974121 0.248047
vt 0.974121 0.260254
vt 0.966309 0.248047
vt 0.966309 0.260254
vt 0.958496 0.248047
vt 0.958496 0.260254
vt 0.950684 0.248047
vt 0.950684 0.260254
vt 0.942871 0.248047
vt 0.942871 0.260254
vt 0.989746 0.150391
vt 0.989746 0.162598
vt 0.981934 0.150391
vt 0.981934 0.162598
vt 0.974121 0.150391
vt 0.974121 0.162598
vt 0.966309 0.150391
vt 0.966309 0.162598
vt 0.958496 0.150391
vt 0.958496 0.162598
vt 0.950684 0.150391
vt 0.950684 0.162598
vt 0.942871 0.150391
vt 0.942871 0.162598
vt 0.978027 0.116699
vt 0.978027 0.133789
vt 0.969238 0.133789
vt 0.969238 0.116699
vt 0.952148 0.133789
vt 0.952148 0.116699
vt 0.940430 0.133789
vt 0.940430 0.116699
vt 0.931152 0.133789
vt 0.931152 0.116699
vt 0.909180 0.133789
vt 0.909180 0.116699
vt 0.981934 0.056641
vt 0.989746 0.056641
vt 0.989746 0.068848
vt 0.981934 0.068848
vt 0.974121 0.056641
vt 0.974121 0.068848
vt 0.966309 0.056641
vt 0.966309 0.068848
vt 0.958496 0.056641
vt 0.958496 0.068848
vt 0.950684 0.056641
vt 0.950684 0.068848
vt 0.942871 0.056641
vt 0.942871 0.068848
vt 0.971680 0.023438
vt 0.971680 0.039551
vt 0.980469 0.023438
vt 0.980469 0.039551
vt 0.987793 0.214355
vt 0.987793 0.231445
vt 0.978027 0.231445
vt 0.978027 0.214355
vt 0.930664 0.231445
vt 0.898438 0.231445
vt 0.930664 0.214355
vt 0.898438 0.214355
vt 0.977539 0.116699
vt 0.977539 0.133789
vt 0.908691 0.133789
vt 0.908691 0.116699
vt 0.971191 0.023438
vt 0.971191 0.039551
vt 0.979980 0.023438
vt 0.979980 0.039551
vt 0.972656 0.231445
vt 0.972656 0.214355
vt 0.969727 0.133789
vt 0.969727 0.116699
vt 0.827148 0.246094
vt 0.817871 0.236328
vt 0.827148 0.236328
vt 0.817871 0.246094
vt 0.836426 0.236328
vt 0.845703 0.236328
vt 0.790527 0.246094
vt 0.799805 0.236328
vt 0.799805 0.246094
vt 0.790527 0.236328
vt 0.809082 0.246094
vt 0.809082 0.236328
vt 0.880371 0.324707
vt 0.884766 0.324219
vt 0.786621 0.305664
vt 0.791016 0.318848
vt 0.786621 0.318848
vt 0.791016 0.305664
vt 0.770996 0.379883
vt 0.774414 0.375977
vt 0.757324 0.369629
vt 0.868652 0.375488
vt 0.885742 0.368652
vt 0.872070 0.379395
vt 0.851074 0.305664
vt 0.855469 0.318848
vt 0.851074 0.318848
vt 0.855957 0.305664
vt 0.924316 0.437988
vt 0.939941 0.363770
vt 0.934570 0.367676
vt 0.922363 0.367676
vt 0.928223 0.313965
vt 0.916992 0.317871
vt 0.939941 0.304688
vt 0.939941 0.312012
vt 0.945801 0.304688
vt 0.945801 0.312012
vt 0.958496 0.312012
vt 0.959961 0.304688
vt 0.964844 0.308594
vt 0.791992 0.162109
vt 0.819824 0.163086
vt 0.796875 0.167480
vt 0.810059 0.173340
vt 0.796875 0.114258
vt 0.810059 0.108398
vt 0.819824 0.118652
vt 0.791992 0.119629
vt 0.931152 0.249512
vt 0.904297 0.245605
vt 0.898926 0.241211
vt 0.974121 0.323730
vt 0.979492 0.321777
vt 0.979004 0.340332
vt 0.973145 0.338379
vt 0.964355 0.348145
vt 0.968262 0.353027
vt 0.956055 0.357910
vt 0.887207 0.245605
vt 0.886230 0.249023
vt 0.883789 0.250000
vt 0.878418 0.235840
vt 0.882324 0.234375
vt 0.878418 0.229980
vt 0.872559 0.235840
vt 0.872559 0.227051
vt 0.878418 0.248047
vt 0.865723 0.229004
vt 0.870605 0.226074
vt 0.878418 0.254395
vt 0.858398 0.235840
vt 0.863281 0.227539
vt 0.860352 0.243164
vt 0.866699 0.246582
vt 0.872559 0.248047
vt 0.872559 0.254395
vt 0.869629 0.254395
vt 0.869629 0.248047
vt 0.898926 0.204590
vt 0.904297 0.200195
vt 0.931152 0.196289
vt 0.909180 0.142090
vt 0.931152 0.143066
vt 0.923340 0.150879
vt 0.898438 0.241211
vt 0.903809 0.245605
vt 0.930664 0.249512
vt 0.898438 0.204590
vt 0.903809 0.200195
vt 0.930664 0.196289
vt 0.908691 0.142090
vt 0.908691 0.108398
vt 0.820801 0.478516
vt 0.820801 0.470703
vt 0.790527 0.416016
vt 0.785645 0.425293
vt 0.798340 0.416016
vt 0.821289 0.425293
vt 0.821289 0.416016
vt 0.844238 0.416504
vt 0.852051 0.416504
vt 0.856934 0.425293
vt 0.961426 0.344238
vt 0.968750 0.336426
vt 0.968262 0.327637
vt 0.961426 0.317871
vt 0.945801 0.317871
vt 0.956055 0.330566
vt 0.945801 0.330566
vt 0.945801 0.346680
vt 0.939941 0.330566
vt 0.939941 0.346680
vt 0.928223 0.346680
vt 0.928223 0.330566
vt 0.916992 0.346680
vt 0.916992 0.330566
vt 0.907227 0.327148
vt 0.910156 0.346680
vt 0.895508 0.354980
vt 0.787598 0.324219
vt 0.791016 0.324219
vt 0.789062 0.327637
vt 0.821289 0.318359
vt 0.793457 0.327637
vt 0.821289 0.324219
vt 0.851074 0.324219
vt 0.854492 0.324219
vt 0.853027 0.327637
vt 0.848633 0.327637
vt 0.821289 0.327637
vt 0.798828 0.333496
vt 0.843262 0.333496
vt 0.791504 0.333984
vt 0.788086 0.328125
vt 0.821289 0.333496
vt 0.784668 0.333008
vt 0.784668 0.326172
vt 0.794922 0.375977
vt 0.779297 0.332520
vt 0.778809 0.324219
vt 0.765625 0.324707
vt 0.786133 0.376953
vt 0.775391 0.386719
vt 0.788574 0.386719
vt 0.796875 0.385742
vt 0.800781 0.375977
vt 0.798340 0.385742
vt 0.821289 0.385742
vt 0.821289 0.376465
vt 0.841797 0.376465
vt 0.843750 0.385742
vt 0.848145 0.376465
vt 0.849609 0.385254
vt 0.850586 0.333496
vt 0.854004 0.328125
vt 0.856934 0.376953
vt 0.855957 0.386230
vt 0.868652 0.385742
vt 0.857910 0.333008
vt 0.857422 0.325684
vt 0.862793 0.332031
vt 0.863281 0.323730
vt 0.876465 0.324219
vt 0.791504 0.403320
vt 0.792969 0.391113
vt 0.798828 0.403320
vt 0.798340 0.391113
vt 0.797363 0.385742
vt 0.821289 0.391113
vt 0.821289 0.403809
vt 0.843262 0.403809
vt 0.844238 0.391113
vt 0.850586 0.403809
vt 0.848633 0.385742
vt 0.851562 0.391602
vt 0.847656 0.214355
vt 0.835449 0.214355
vt 0.841309 0.203613
vt 0.854004 0.203613
vt 0.829102 0.203613
vt 0.847656 0.192383
vt 0.835449 0.192383
vt 0.866699 0.192383
vt 0.878906 0.192383
vt 0.872559 0.203125
vt 0.860352 0.203125
vt 0.885254 0.203613
vt 0.866699 0.214355
vt 0.878906 0.214355
vt 0.847656 0.112793
vt 0.835449 0.112793
vt 0.841309 0.102051
vt 0.854004 0.102051
vt 0.829102 0.102051
vt 0.847656 0.090820
vt 0.835449 0.090820
vt 0.866699 0.090820
vt 0.878906 0.090820
vt 0.872559 0.101562
vt 0.860352 0.101562
vt 0.885254 0.101562
vt 0.866699 0.112793
vt 0.878906 0.112793
vt 0.957031 0.198730
vt 0.944824 0.198730
vt 0.950684 0.187500
vt 0.963379 0.187500
vt 0.938477 0.187500
vt 0.957031 0.176758
vt 0.944824 0.176758
vt 0.976074 0.176758
vt 0.988281 0.176758
vt 0.981934 0.187988
vt 0.969727 0.187500
vt 0.994629 0.187988
vt 0.976074 0.198730
vt 0.988281 0.198730
vt 0.957031 0.104980
vt 0.944824 0.104980
vt 0.950684 0.093750
vt 0.963379 0.093750
vt 0.938477 0.093750
vt 0.957031 0.083008
vt 0.944824 0.083008
vt 0.976074 0.083008
vt 0.988281 0.083008
vt 0.981934 0.093750
vt 0.969727 0.093750
vt 0.994629 0.093750
vt 0.976074 0.104980
vt 0.988281 0.104980
vt 0.956543 0.198730
vt 0.944336 0.198730
vt 0.962891 0.187500
vt 0.937988 0.187500
vt 0.956543 0.176758
vt 0.944336 0.176758
vt 0.975586 0.176758
vt 0.987793 0.176758
vt 0.969238 0.187500
vt 0.994141 0.187988
vt 0.975586 0.198730
vt 0.987793 0.198730
vt 0.956543 0.104980
vt 0.944336 0.104980
vt 0.962891 0.093750
vt 0.937988 0.093750
vt 0.956543 0.083008
vt 0.944336 0.083008
vt 0.975586 0.083008
vt 0.969238 0.093750
vt 0.994141 0.093750
vt 0.975586 0.104980
s 1
usemtl Arm
f 1/1/1 2/2/1 3/3/1
f 4/3/2 5/4/2 6/1/2
f 7/2/3 8/1/3 9/5/3
f 10/4/4 11/3/4 12/6/4
f 13/7/5 14/8/6 15/1/5
f 16/7/7 17/1/7 18/4/7
f 19/2/8 20/5/8 21/9/8
f 22/2/8 23/9/8 24/10/8
f 25/5/9 26/1/9 27/11/10
f 28/12/11 29/13/12 30/14/12
f 31/14/12 32/13/12 33/15/12
f 34/16/13 35/17/13 36/18/13
f 37/17/14 38/16/13 39/19/14
f 40/20/15 41/21/15 42/22/15
f 43/21/15 44/20/16 45/23/15
f 46/24/17 47/25/17 48/20/18
f 49/26/19 50/25/20 51/27/20
f 52/26/21 53/27/21 54/28/21
f 55/6/22 56/3/22 57/29/22
f 58/7/23 59/4/23 60/30/23
f 61/30/24 62/4/24 63/6/24
f 64/12/25 65/14/25 66/5/25
f 67/14/26 68/9/26 69/5/26
f 70/5/27 71/11/28 72/12/28
f 73/11/29 74/1/29 75/8/29
f 76/31/30 77/13/30 78/12/30
f 79/20/31 80/22/31 81/24/31
f 82/32/32 83/25/32 84/24/33
f 85/27/34 86/25/34 87/32/34
f 88/29/35 89/33/35 90/6/35
f 91/34/36 92/35/36 93/8/36
f 94/34/37 95/8/38 96/7/38
f 97/11/39 98/36/39 99/31/40
f 100/31/41 101/12/41 102/11/41
f 103/35/42 104/36/42 105/8/42
f 106/36/43 107/11/43 108/8/43
f 109/24/44 110/37/45 111/32/46
f 112/38/47 113/39/47 114/40/47
f 115/40/48 116/39/47 117/41/47
f 118/37/49 119/42/49 120/43/49
f 121/42/50 122/44/50 123/43/50
f 124/45/51 125/42/52 126/37/53
f 127/45/54 128/37/54 129/24/54
f 130/36/55 131/35/56 132/46/55
f 133/47/57 134/37/57 135/48/57
f 136/49/58 137/50/58 138/51/59
f 139/50/60 140/49/61 141/47/60
f 142/34/62 143/51/62 144/50/63
f 145/52/64 146/48/64 147/43/64
f 148/48/64 149/37/65 150/43/64
f 151/47/66 152/48/66 153/50/67
f 154/53/68 155/54/68 156/55/68
f 157/54/68 158/53/69 159/28/68
f 160/56/70 161/57/70 162/58/71
f 163/57/72 164/56/72 165/33/72
f 166/50/73 167/48/73 168/35/73
f 169/50/74 170/35/74 171/34/75
f 172/41/76 173/39/77 174/31/77
f 175/31/78 176/36/78 177/41/78
f 178/48/79 179/52/79 180/46/80
f 181/46/81 182/35/81 183/48/82
f 184/46/83 185/41/84 186/36/85
f 187/41/86 188/46/86 189/52/87
f 190/44/88 191/40/89 192/43/88
f 193/40/90 194/44/91 195/38/91
f 196/40/92 197/52/92 198/43/92
f 199/40/93 200/41/93 201/52/93
f 202/39/94 203/13/95 204/31/96
f 205/13/97 206/38/97 207/44/97
f 208/39/98 209/38/98 210/13/98
f 211/59/99 212/60/100 213/61/100
f 214/62/101 215/63/102 216/64/101
f 217/65/103 218/66/103 219/67/103
f 220/66/103 221/65/104 222/68/104
f 223/69/105 224/70/106 225/71/105
f 226/71/107 227/70/107 228/72/107
f 229/65/108 230/67/109 231/70/108
f 232/67/110 233/72/111 234/70/111
f 235/69/112 236/66/113 237/68/114
f 238/66/102 239/69/101 240/71/115
f 241/73/116 242/74/116 243/75/116
f 244/73/117 245/75/117 246/76/117
f 247/77/118 248/73/103 249/78/103
f 250/78/103 251/73/118 252/79/104
f 253/73/119 254/77/119 255/74/119
f 256/80/120 257/81/120 258/82/120
f 259/81/121 260/80/122 261/83/122
f 262/83/105 263/84/105 264/85/105
f 265/83/107 266/86/123 267/84/107
f 268/81/124 269/73/125 270/76/124
f 271/73/125 272/81/125 273/83/125
f 274/87/126 275/88/127 276/89/126
f 277/88/128 278/87/128 279/90/128
f 280/83/129 281/80/130 282/86/131
f 283/90/132 284/91/133 285/88/132
f 286/91/133 287/90/133 288/92/133
f 289/93/134 290/94/135 291/95/135
f 292/96/136 293/93/137 294/95/138
f 295/97/139 296/96/139 297/95/140
f 298/98/141 299/97/142 300/95/142
f 301/99/143 302/98/144 303/95/145
f 304/94/146 305/99/147 306/95/148
f 307/100/149 308/101/149 309/102/149
f 310/101/150 311/103/150 312/102/151
f 313/103/152 314/104/153 315/102/153
f 316/104/154 317/105/154 318/102/154
f 319/105/155 320/106/155 321/102/155
f 322/106/156 323/100/156 324/102/156
f 325/107/157 326/108/157 327/109/157
f 328/108/158 329/110/158 330/109/158
f 331/107/159 332/109/159 333/111/159
f 334/111/159 335/109/159 336/112/159
f 337/113/160 338/114/160 339/115/161
f 340/114/162 341/113/162 342/116/162
f 343/114/163 344/117/163 345/118/163
f 346/114/163 347/116/163 348/117/163
f 349/119/164 350/120/164 351/121/164
f 352/120/164 353/119/164 354/122/164
f 355/123/165 356/124/166 357/95/166
f 358/125/167 359/123/168 360/95/167
f 361/126/169 362/125/169 363/95/170
f 364/127/171 365/126/171 366/95/171
f 367/128/172 368/127/172 369/95/173
f 370/124/174 371/128/174 372/95/174
f 373/129/175 374/130/175 375/102/176
f 376/130/177 377/131/177 378/102/178
f 379/131/179 380/132/179 381/102/179
f 382/132/180 383/133/180 384/102/181
f 385/133/182 386/134/182 387/102/183
f 388/134/184 389/129/185 390/102/185
f 391/107/186 392/135/186 393/109/187
f 394/135/188 395/136/189 396/109/190
f 397/137/191 398/114/191 399/138/191
f 400/114/192 401/137/192 402/116/192
f 403/139/193 404/122/193 405/140/193
f 406/122/194 407/139/193 408/119/193
f 409/93/195 410/124/195 411/95/195
f 412/96/196 413/93/196 414/95/197
f 415/97/198 416/96/198 417/95/198
f 418/98/199 419/97/199 420/95/200
f 421/128/201 422/98/201 423/95/202
f 424/124/203 425/128/203 426/95/203
f 427/129/204 428/101/204 429/102/205
f 430/101/206 431/103/206 432/102/206
f 433/103/207 434/104/207 435/102/207
f 436/104/208 437/133/208 438/102/209
f 439/133/210 440/134/210 441/102/211
f 442/134/212 443/129/212 444/102/212
f 445/109/213 446/108/213 447/110/213
f 448/108/214 449/109/214 450/107/214
f 451/109/159 452/141/159 453/107/159
f 454/109/159 455/142/159 456/141/159
f 457/113/215 458/116/215 459/114/215
f 460/114/216 461/115/217 462/113/216
f 463/143/163 464/144/163 465/114/163
f 466/143/163 467/114/163 468/116/163
f 469/119/218 470/120/218 471/121/218
f 472/120/218 473/119/218 474/122/218
f 475/93/219 476/94/220 477/95/220
f 478/96/221 479/93/221 480/95/221
f 481/97/222 482/96/222 483/95/223
f 484/98/224 485/97/225 486/95/225
f 487/99/226 488/98/227 489/95/228
f 490/94/229 491/99/230 492/95/230
f 493/100/231 494/101/231 495/102/232
f 496/101/233 497/103/234 498/102/233
f 499/103/235 500/104/235 501/102/235
f 502/104/236 503/105/236 504/102/237
f 505/105/238 506/106/239 507/102/238
f 508/106/240 509/100/240 510/102/240
f 511/145/163 512/146/163 513/147/163
f 514/110/241 515/109/242 516/108/243
f 517/108/244 518/109/245 519/107/244
f 520/107/159 521/109/159 522/111/159
f 523/111/159 524/109/159 525/112/159
f 526/116/246 527/114/246 528/113/246
f 529/114/247 530/115/247 531/113/247
f 532/109/248 533/110/249 534/114/249
f 535/110/250 536/115/250 537/114/250
f 538/148/251 539/149/251 540/150/252
f 539/149/251 538/148/251 541/151/252
f 542/152/253 543/153/253 544/154/253
f 545/153/254 546/151/255 547/155/254
f 548/151/256 549/148/257 550/156/256
f 551/157/258 552/158/259 553/159/258
f 554/158/260 555/160/261 556/161/261
f 557/160/262 558/152/263 559/162/262
f 560/163/65 561/164/65 562/165/65
f 563/163/65 564/165/65 565/166/65
f 566/167/264 567/165/265 568/164/265
f 567/165/265 566/167/264 569/168/266
f 570/169/264 571/170/264 572/171/265
f 573/170/267 574/169/267 575/172/267
f 576/173/268 577/174/269 578/175/270
f 579/174/271 580/173/271 581/176/272
f 582/174/273 583/177/273 584/178/273
f 585/177/274 586/174/274 587/176/274
f 588/179/275 589/180/275 590/181/275
f 591/179/276 592/181/276 593/182/277
f 594/179/278 595/183/278 596/184/278
f 597/183/279 598/179/280 599/182/279
f 600/10/30 601/14/281 602/15/30
f 601/14/281 600/10/30 603/9/282
f 604/21/283 605/23/30 606/18/282
f 604/21/283 606/18/282 607/17/30
f 608/22/284 609/17/285 610/19/286
f 609/17/285 608/22/284 611/21/285
f 612/30/287 613/51/287 614/34/288
f 614/34/288 615/7/287 612/30/287
f 616/32/289 617/37/290 618/185/289
f 617/37/290 619/47/289 618/185/289
f 620/54/291 621/186/292 622/55/291
f 621/186/292 620/54/291 623/187/292
f 624/187/293 625/58/293 626/186/293
f 625/58/293 624/187/293 627/56/293
f 628/62/294 629/188/295 630/189/296
f 630/189/296 631/63/297 628/62/294
f 632/70/298 633/69/298 634/65/298
f 634/65/298 633/69/298 635/68/298
f 636/190/299 637/191/300 638/192/299
f 637/191/300 636/190/299 639/193/299
f 640/192/301 641/194/302 642/195/302
f 641/194/302 640/192/301 643/191/303
f 644/195/304 645/196/304 646/197/305
f 645/196/304 644/195/304 647/194/304
f 648/197/306 649/196/306 650/198/307
f 649/196/306 651/199/308 650/198/307
f 652/198/309 653/199/309 654/200/310
f 653/199/309 655/201/311 654/200/310
f 656/202/312 657/203/312 658/201/312
f 658/201/312 657/203/312 659/200/312
f 660/204/306 661/205/313 662/206/314
f 661/205/313 660/204/306 663/207/308
f 664/208/315 665/209/315 666/210/315
f 665/209/315 664/208/315 667/211/315
f 668/208/316 669/210/316 670/212/316
f 670/212/316 671/213/316 668/208/316
f 672/213/317 673/212/299 674/214/299
f 672/213/317 674/214/299 675/215/318
f 676/216/319 677/215/319 678/217/320
f 678/217/320 677/215/319 679/214/319
f 680/209/321 681/211/321 682/204/322
f 680/209/321 682/204/322 683/206/322
f 684/218/323 685/219/324 686/220/324
f 685/219/324 684/218/323 687/221/323
f 688/218/325 689/222/325 690/223/326
f 689/222/325 688/218/325 691/220/327
f 692/224/328 693/222/329 694/225/328
f 693/222/329 692/224/328 695/223/328
f 696/224/330 697/226/330 698/227/330
f 697/226/330 696/224/330 699/225/331
f 700/227/332 701/226/333 702/228/333
f 701/226/333 703/229/333 702/228/333
f 704/230/334 705/228/334 706/229/335
f 705/228/334 704/230/334 707/231/334
f 708/89/336 709/81/337 710/87/336
f 710/87/336 709/81/337 711/76/337
f 712/91/338 713/92/338 714/232/339
f 714/232/339 715/233/340 712/91/338
f 716/232/341 717/234/323 718/233/323
f 717/234/323 716/232/341 719/235/323
f 720/83/342 721/79/343 722/73/344
f 721/79/343 720/83/342 723/85/342
f 724/236/345 725/237/346 726/238/345
f 726/238/345 727/239/345 724/236/345
f 728/239/347 729/238/347 730/240/347
f 730/240/347 731/241/347 728/239/347
f 732/242/348 733/243/349 734/240/348
f 734/240/348 733/243/349 735/241/349
f 736/244/350 737/245/350 738/246/350
f 739/247/350 738/246/350 737/245/350
f 740/242/351 741/247/351 742/243/351
f 741/247/351 743/245/351 742/243/351
f 744/248/352 745/249/353 746/250/354
f 744/248/352 746/250/354 747/251/354
f 748/248/355 749/251/356 750/252/357
f 750/252/357 749/251/356 751/253/358
f 752/254/359 753/252/360 754/253/361
f 752/254/359 754/253/361 755/255/362
f 756/256/363 757/254/364 758/255/365
f 756/256/363 758/255/365 759/257/363
f 760/256/366 761/257/367 762/258/366
f 762/258/366 761/257/367 763/259/366
f 764/260/368 765/258/368 766/259/369
f 764/260/368 766/259/369 767/261/368
f 768/262/370 769/263/371 770/264/371
f 770/264/371 769/263/371 771/265/371
f 772/266/372 773/264/373 774/265/372
f 772/266/372 774/265/372 775/267/374
f 776/268/375 777/266/376 778/267/377
f 776/268/375 778/267/377 779/269/378
f 780/268/379 781/269/380 782/270/380
f 782/270/380 781/269/380 783/271/380
f 784/272/381 785/270/381 786/271/381
f 784/272/381 786/271/381 787/273/382
f 788/274/383 789/272/384 790/273/385
f 788/274/383 790/273/385 791/275/385
f 792/276/386 793/277/386 794/278/386
f 794/278/386 795/279/386 792/276/386
f 796/280/387 797/281/387 798/278/387
f 798/278/387 797/281/387 799/279/387
f 800/280/388 801/282/389 802/281/389
f 801/282/389 803/283/390 802/281/389
f 804/283/391 805/282/392 806/284/393
f 806/284/393 807/285/393 804/283/391
f 808/284/394 809/286/395 810/285/395
f 809/286/395 811/287/394 810/285/395
f 812/288/396 813/289/397 814/290/396
f 812/288/396 814/290/396 815/291/397
f 816/292/398 817/288/399 818/291/400
f 816/292/398 818/291/400 819/293/400
f 820/294/401 821/292/402 822/293/401
f 820/294/401 822/293/401 823/295/401
f 824/296/403 825/294/404 826/295/405
f 824/296/403 826/295/405 827/297/404
f 828/298/406 829/296/407 830/297/408
f 828/298/406 830/297/408 831/299/407
f 832/300/409 833/298/410 834/299/411
f 832/300/409 834/299/411 835/301/410
f 836/109/412 837/115/413 838/114/413
f 837/115/413 836/109/412 839/110/413
f 840/110/414 841/121/414 842/115/414
f 841/121/414 843/120/414 842/115/414
f 844/122/415 845/119/416 846/302/415
f 846/302/415 847/303/415 844/122/415
f 848/303/417 849/302/418 850/304/417
f 850/304/417 851/305/419 848/303/417
f 852/112/420 853/109/421 854/118/421
f 853/109/421 855/114/420 854/118/421
f 856/306/422 857/307/423 858/308/424
f 858/308/424 859/309/423 856/306/422
f 860/309/425 861/308/425 862/240/425
f 862/240/425 863/241/425 860/309/425
f 864/243/426 865/240/426 866/242/426
f 865/240/426 864/243/426 867/241/426
f 868/310/427 869/311/428 870/312/429
f 869/311/428 871/313/428 870/312/429
f 872/242/353 873/310/430 874/243/352
f 873/310/430 875/312/352 874/243/352
f 876/248/431 877/249/431 878/250/431
f 876/248/431 878/250/431 879/251/431
f 880/252/432 881/248/432 882/251/433
f 880/252/432 882/251/433 883/253/434
f 884/254/435 885/252/436 886/253/435
f 884/254/435 886/253/435 887/255/435
f 888/256/437 889/254/437 890/255/438
f 888/256/437 890/255/438 891/257/438
f 892/258/439 893/256/440 894/257/439
f 892/258/439 894/257/439 895/259/439
f 896/260/441 897/258/441 898/259/442
f 896/260/441 898/259/442 899/261/441
f 900/264/443 901/262/443 902/263/444
f 900/264/443 902/263/444 903/265/444
f 904/266/445 905/264/445 906/265/445
f 904/266/445 906/265/445 907/267/445
f 908/268/446 909/266/446 910/267/446
f 908/268/446 910/267/446 911/269/447
f 912/270/448 913/268/448 914/269/449
f 912/270/448 914/269/449 915/271/448
f 916/272/450 917/270/451 918/271/451
f 916/272/450 918/271/451 919/273/451
f 920/274/452 921/272/453 922/273/452
f 920/274/452 922/273/452 923/275/452
f 924/314/454 925/315/454 926/278/455
f 926/278/455 927/279/456 924/314/454
f 928/280/446 929/281/446 930/278/446
f 930/278/446 929/281/446 931/279/446
f 932/280/457 933/282/458 934/281/458
f 933/282/458 935/283/458 934/281/458
f 936/283/459 937/282/460 938/284/459
f 938/284/459 939/285/460 936/283/459
f 940/284/461 941/316/461 942/285/462
f 941/316/461 943/317/463 942/285/462
f 944/288/464 945/289/465 946/290/464
f 944/288/464 946/290/464 947/291/465
f 948/292/466 949/288/466 950/291/466
f 948/292/466 950/291/466 951/293/466
f 952/294/467 953/292/467 954/293/467
f 952/294/467 954/293/467 955/295/468
f 956/296/469 957/294/470 958/295/469
f 956/296/469 958/295/469 959/297/471
f 960/298/472 961/296/473 962/297/472
f 960/298/472 962/297/472 963/299/472
f 964/300/474 965/298/474 966/299/475
f 964/300/474 966/299/475 967/301/475
f 968/107/159 969/109/159 970/141/159
f 970/141/159 969/109/159 971/142/159
f 972/114/163 973/143/163 974/144/163
f 972/114/163 975/116/163 973/143/163
f 976/109/476 977/136/476 978/114/476
f 977/136/476 979/138/477 978/114/476
f 980/136/478 981/139/479 982/138/480
f 981/139/479 983/140/480 982/138/480
f 984/122/481 985/119/482 986/318/482
f 986/318/482 987/319/482 984/122/481
f 988/319/465 989/318/465 990/320/483
f 990/320/483 991/321/465 988/319/465
f 992/142/484 993/109/485 994/144/485
f 993/109/485 995/114/486 994/144/485
f 996/236/487 997/237/487 998/238/487
f 998/238/487 999/239/488 996/236/487
f 1000/239/489 1001/238/489 1002/240/489
f 1002/240/489 1003/241/489 1000/239/489
f 1004/243/490 1005/240/491 1006/242/492
f 1005/240/491 1004/243/490 1007/241/493
f 1008/247/494 1009/311/495 1010/245/495
f 1009/311/495 1011/313/495 1010/245/495
f 1012/242/496 1013/247/497 1014/243/498
f 1013/247/497 1015/245/499 1014/243/498
f 1016/249/500 1017/250/500 1018/248/500
f 1018/248/500 1017/250/500 1019/251/500
f 1020/252/501 1021/248/502 1022/251/501
f 1020/252/501 1022/251/501 1023/253/502
f 1024/254/503 1025/252/504 1026/253/504
f 1024/254/503 1026/253/504 1027/255/503
f 1028/254/505 1029/255/505 1030/256/505
f 1030/256/505 1029/255/505 1031/257/505
f 1032/258/506 1033/256/507 1034/257/506
f 1032/258/506 1034/257/506 1035/259/508
f 1036/260/509 1037/258/509 1038/259/510
f 1036/260/509 1038/259/510 1039/261/511
f 1040/264/512 1041/262/513 1042/263/513
f 1040/264/512 1042/263/513 1043/265/513
f 1044/264/514 1045/265/515 1046/266/514
f 1046/266/514 1045/265/515 1047/267/514
f 1048/268/516 1049/266/516 1050/267/516
f 1048/268/516 1050/267/516 1051/269/516
f 1052/270/517 1053/268/517 1054/269/517
f 1052/270/517 1054/269/517 1055/271/518
f 1056/270/519 1057/271/519 1058/272/519
f 1058/272/519 1057/271/519 1059/273/519
f 1060/274/520 1061/272/521 1062/273/521
f 1060/274/520 1062/273/521 1063/275/521
f 1064/314/522 1065/315/523 1066/278/522
f 1066/278/522 1067/279/522 1064/314/522
f 1068/281/524 1069/278/525 1070/280/526
f 1069/278/525 1068/281/524 1071/279/525
f 1072/281/393 1073/280/393 1074/282/393
f 1074/282/393 1075/283/393 1072/281/393
f 1076/283/527 1077/282/528 1078/284/529
f 1078/284/529 1079/285/530 1076/283/527
f 1080/284/531 1081/286/532 1082/285/533
f 1081/286/532 1083/287/532 1082/285/533
f 1084/288/534 1085/289/534 1086/290/534
f 1084/288/534 1086/290/534 1087/291/534
f 1088/292/535 1089/288/535 1090/291/535
f 1088/292/535 1090/291/535 1091/293/535
f 1092/294/536 1093/292/536 1094/293/536
f 1092/294/536 1094/293/536 1095/295/536
f 1096/296/537 1097/294/538 1098/295/537
f 1096/296/537 1098/295/537 1099/297/537
f 1100/298/539 1101/296/540 1102/297/541
f 1100/298/539 1102/297/541 1103/299/541
f 1104/300/542 1105/298/543 1106/299/542
f 1104/300/542 1106/299/542 1107/301/543
f 1108/109/544 1109/115/545 1110/114/544
f 1109/115/545 1108/109/544 1111/110/545
f 1112/110/546 1113/121/546 1114/115/546
f 1113/121/546 1115/120/546 1114/115/546
f 1116/119/547 1117/302/547 1118/122/548
f 1117/302/547 1119/303/549 1118/122/548
f 1120/303/550 1121/302/551 1122/304/551
f 1122/304/551 1123/305/552 1120/303/550
f 1124/142/553 1125/109/554 1126/144/554
f 1125/109/554 1127/114/555 1126/144/554
f 1128/236/556 1129/237/557 1130/238/557
f 1130/238/557 1131/239/557 1128/236/556
f 1132/239/558 1133/238/558 1134/322/559
f 1134/322/559 1135/323/560 1132/239/558
f 1136/242/561 1137/243/562 1138/322/562
f 1138/322/562 1137/243/562 1139/323/562
f 1140/247/563 1141/246/564 1142/245/564
f 1141/246/564 1143/244/563 1142/245/564
f 1144/242/565 1145/247/566 1146/243/566
f 1145/247/566 1147/245/567 1146/243/566
f 1148/248/568 1149/249/569 1150/250/570
f 1148/248/568 1150/250/570 1151/251/569
f 1152/252/571 1153/248/571 1154/251/571
f 1152/252/571 1154/251/571 1155/253/571
f 1156/254/572 1157/252/573 1158/253/574
f 1156/254/572 1158/253/574 1159/255/574
f 1160/256/575 1161/254/576 1162/255/575
f 1160/256/575 1162/255/575 1163/257/577
f 1164/258/578 1165/256/579 1166/257/578
f 1164/258/578 1166/257/578 1167/259/580
f 1168/260/581 1169/258/581 1170/259/582
f 1168/260/581 1170/259/582 1171/261/581
f 1172/264/583 1173/262/583 1174/263/583
f 1172/264/583 1174/263/583 1175/265/583
f 1176/264/584 1177/265/585 1178/266/586
f 1178/266/586 1177/265/585 1179/267/587
f 1180/268/588 1181/266/589 1182/267/588
f 1180/268/588 1182/267/588 1183/269/588
f 1184/270/590 1185/268/590 1186/269/590
f 1184/270/590 1186/269/590 1187/271/590
f 1188/270/591 1189/271/592 1190/272/592
f 1190/272/592 1189/271/592 1191/273/592
f 1192/274/593 1193/272/593 1194/273/593
f 1192/274/593 1194/273/593 1195/275/594
f 1196/276/595 1197/277/595 1198/324/595
f 1198/324/595 1199/325/595 1196/276/595
f 1200/281/596 1201/324/597 1202/280/597
f 1201/324/597 1200/281/596 1203/325/597
f 1204/280/598 1205/282/599 1206/281/599
f 1205/282/599 1207/283/600 1206/281/599
f 1208/283/601 1209/282/601 1210/284/602
f 1210/284/602 1211/285/601 1208/283/601
f 1212/284/603 1213/286/603 1214/285/604
f 1213/286/603 1215/287/603 1214/285/604
f 1216/287/163 1217/145/163 1218/285/163
f 1217/145/163 1216/287/163 1219/146/163
f 1220/288/605 1221/289/606 1222/290/607
f 1220/288/605 1222/290/607 1223/291/606
f 1224/292/608 1225/288/609 1226/291/608
f 1224/292/608 1226/291/608 1227/293/610
f 1228/292/611 1229/293/611 1230/294/612
f 1230/294/612 1229/293/611 1231/295/611
f 1232/296/613 1233/294/614 1234/295/613
f 1232/296/613 1234/295/613 1235/297/613
f 1236/298/615 1237/296/616 1238/297/615
f 1236/298/615 1238/297/615 1239/299/615
f 1240/298/617 1241/299/618 1242/300/619
f 1242/300/619 1241/299/618 1243/301/617
f 1244/118/163 1245/114/163 1246/117/163
f 1246/117/163 1245/114/163 1247/116/163
f 1248/110/620 1249/121/620 1250/115/620
f 1249/121/620 1251/120/620 1250/115/620
f 1252/119/621 1253/120/621 1254/121/621
f 1253/120/621 1252/119/621 1255/122/622
f 1256/119/623 1257/302/624 1258/122/623
f 1257/302/624 1259/303/625 1258/122/623
f 1260/303/626 1261/302/626 1262/304/626
f 1262/304/626 1263/305/627 1260/303/626
f 1264/112/628 1265/109/629 1266/118/628
f 1265/109/629 1267/114/630 1266/118/628
f 1268/326/631 1269/327/632 1270/328/632
f 1269/327/632 1268/326/631 1271/329/631
f 1272/330/633 1273/326/633 1274/328/633
f 1273/326/633 1272/330/633 1275/149/633
f 1276/149/634 1277/330/635 1278/150/634
f 1277/330/635 1279/331/635 1278/150/634
f 1280/332/636 1281/333/636 1282/334/637
f 1281/333/636 1280/332/636 1283/335/636
f 1284/336/638 1285/333/638 1286/337/638
f 1285/333/638 1284/336/638 1287/334/638
f 1288/336/639 1289/327/640 1290/329/641
f 1289/327/640 1288/336/639 1291/337/640
f 1292/152/642 1293/329/643 1294/153/643
f 1293/329/643 1295/326/644 1294/153/643
f 1296/149/645 1297/153/645 1298/326/645
f 1297/153/645 1296/149/645 1299/151/646
f 1300/157/647 1301/334/648 1302/158/648
f 1301/334/648 1300/157/647 1303/332/648
f 1304/336/649 1305/160/649 1306/334/649
f 1306/334/649 1305/160/649 1307/158/649
f 1308/329/650 1309/160/650 1310/336/650
f 1309/160/650 1308/329/650 1311/152/650
f 1312/169/65 1313/338/65 1314/339/65
f 1313/338/65 1312/169/65 1315/171/65
f 1316/340/651 1317/341/652 1318/342/651
f 1317/341/652 1316/340/651 1319/343/652
f 1320/344/653 1321/167/653 1322/345/653
f 1321/167/653 1320/344/653 1323/346/653
f 1324/347/653 1325/348/654 1326/349/653
f 1325/348/654 1324/347/653 1327/170/653
f 1328/350/652 1329/351/652 1330/352/652
f 1329/351/652 1328/350/652 1331/353/651
f 1332/42/282 1333/19/282 1334/16/283
f 1335/44/283 1332/42/282 1334/16/283
f 1336/13/30 1335/44/283 1334/16/283
f 1337/19/64 1338/42/64 1339/45/65
f 1337/19/64 1339/45/65 1340/22/655
f 1340/22/655 1339/45/65 1341/24/65
f 1342/28/64 1343/27/656 1344/354/64
f 1342/28/64 1344/354/64 1345/54/657
f 1344/354/64 1346/49/64 1345/54/657
f 1345/54/657 1346/49/64 1347/187/64
f 1347/187/64 1346/49/64 1348/51/64
f 1348/51/64 1349/56/64 1347/187/64
f 1349/56/64 1348/51/64 1350/30/64
f 1350/30/64 1351/33/64 1349/56/64
f 1351/33/64 1350/30/64 1352/6/64
f 1353/355/102 1354/59/102 1355/356/101
f 1355/356/101 1356/64/658 1353/355/102
f 1356/64/658 1355/356/101 1357/357/112
f 1358/358/659 1359/359/660 1360/360/661
f 1361/361/662 1358/358/659 1360/360/661
f 1362/362/663 1361/361/662 1360/360/661
f 1361/361/662 1362/362/663 1363/363/664
f 1364/364/665 1363/363/664 1362/362/663
f 1365/365/666 1364/364/665 1362/362/663
f 1366/366/667 1364/364/665 1365/365/666
f 1367/217/103 1368/214/103 1369/367/668
f 1369/367/668 1368/214/103 1370/368/668
f 1369/367/668 1370/368/668 1371/369/103
f 1370/368/668 1372/370/669 1371/369/103
f 1373/371/105 1374/372/107 1375/373/107
f 1376/374/105 1373/371/105 1375/373/107
f 1377/215/105 1376/374/105 1375/373/107
f 1376/374/105 1377/215/105 1378/216/107
f 1379/375/159 1380/376/159 1381/247/159
f 1382/377/159 1381/247/159 1380/376/159
f 1381/247/159 1382/377/159 1383/246/159
f 1384/378/670 1385/366/671 1386/379/672
f 1387/380/673 1384/378/670 1386/379/672
f 1384/378/670 1387/380/673 1388/381/674
f 1387/380/673 1389/382/675 1388/381/674
f 1389/382/675 1387/380/673 1390/383/676
f 1390/383/676 1391/61/309 1389/382/675
f 1391/61/309 1390/383/676 1392/384/677
f 1393/385/678 1394/386/679 1395/387/678
f 1396/388/680 1393/385/678 1395/387/678
f 1393/385/678 1396/388/680 1397/389/681
f 1397/389/681 1396/388/680 1398/390/682
f 1398/390/682 1396/388/680 1399/391/683
f 1398/390/682 1399/391/683 1400/392/684
f 1401/393/685 1399/391/683 1396/388/680
f 1402/394/686 1400/392/684 1399/391/683
f 1400/392/684 1402/394/686 1403/395/687
f 1401/393/685 1404/388/103 1405/387/688
f 1401/393/685 1405/387/688 1406/396/689
f 1402/394/686 1407/397/690 1408/398/691
f 1399/391/683 1409/399/692 1402/394/686
f 1407/397/690 1402/394/686 1409/399/692
f 1409/399/692 1399/391/683 1410/400/676
f 1411/401/693 1410/400/676 1399/391/683
f 1399/391/683 1401/393/685 1411/401/693
f 1406/396/689 1411/401/693 1401/393/685
f 1411/401/693 1406/396/689 1412/402/694
f 1411/401/693 1412/402/694 1413/403/695
f 1414/404/695 1411/401/693 1413/403/695
f 1415/245/163 1416/244/163 1417/405/163
f 1418/406/163 1415/245/163 1417/405/163
f 1415/245/163 1418/406/163 1419/407/163
f 1420/284/159 1421/408/159 1422/286/159
f 1421/408/159 1420/284/159 1423/409/159
f 1421/408/159 1423/409/159 1424/410/159
f 1425/146/163 1426/285/163 1427/287/163
f 1426/285/163 1425/146/163 1428/145/163
f 1428/145/163 1425/146/163 1429/147/163
f 1430/310/159 1431/411/159 1432/311/159
f 1431/411/159 1430/310/159 1433/412/159
f 1430/310/159 1434/413/159 1433/412/159
f 1435/312/163 1436/313/163 1437/414/163
f 1438/415/163 1435/312/163 1437/414/163
f 1435/312/163 1438/415/163 1439/416/163
f 1440/284/159 1441/417/159 1442/316/159
f 1441/417/159 1440/284/159 1443/409/159
f 1441/417/159 1443/409/159 1444/410/159
f 1445/418/163 1446/285/163 1447/317/163
f 1446/285/163 1445/418/163 1448/145/163
f 1448/145/163 1445/418/163 1449/147/163
f 1450/247/159 1451/411/159 1452/311/159
f 1451/411/159 1450/247/159 1453/412/159
f 1450/247/159 1454/375/159 1453/412/159
f 1455/245/163 1456/313/163 1457/414/163
f 1458/415/163 1455/245/163 1457/414/163
f 1455/245/163 1458/415/163 1459/407/163
f 1460/408/159 1461/286/159 1462/284/159
f 1463/409/159 1460/408/159 1462/284/159
f 1460/408/159 1463/409/159 1464/410/159
f 1465/146/163 1466/285/163 1467/287/163
f 1466/285/163 1465/146/163 1468/145/163
f 1468/145/163 1465/146/163 1469/147/163
f 1470/247/159 1471/377/159 1472/246/159
f 1470/247/159 1473/376/159 1471/377/159
f 1473/376/159 1470/247/159 1474/375/159
f 1475/245/163 1476/244/163 1477/405/163
f 1478/406/163 1475/245/163 1477/405/163
f 1475/245/163 1478/406/163 1479/407/163
f 1480/284/159 1481/408/159 1482/286/159
f 1483/409/159 1481/408/159 1480/284/159
f 1481/408/159 1483/409/159 1484/410/159
f 1485/174/696 1486/419/696 1487/175/696
f 1486/419/696 1485/174/696 1488/420/696
f 1488/420/696 1489/184/696 1486/419/696
f 1489/184/696 1488/420/696 1490/179/696
f 1491/421/65 1492/178/65 1493/422/697
f 1492/178/65 1491/421/65 1494/423/65
f 1494/423/65 1495/424/65 1492/178/65
f 1495/424/65 1494/423/65 1496/425/65
f 1496/425/65 1497/426/65 1495/424/65
f 1495/424/65 1497/426/65 1498/180/65
f 1499/427/65 1498/180/65 1497/426/65
f 1498/180/65 1499/427/65 1500/428/697
f 1501/32/698 1502/354/698 1503/27/698
f 1502/354/698 1501/32/698 1504/185/698
f 1504/185/698 1505/47/698 1502/354/698
f 1502/354/698 1505/47/698 1506/49/698
f 1507/429/699 1508/61/700 1509/60/701
f 1508/61/700 1507/429/699 1510/382/702
f 1507/429/699 1511/381/703 1510/382/702
f 1511/381/703 1507/429/699 1512/430/704
f 1511/381/703 1512/430/704 1513/431/705
f 1514/378/706 1511/381/703 1513/431/705
f 1515/432/707 1514/378/706 1513/431/705
f 1514/378/706 1515/432/707 1516/366/708
f 1516/366/708 1515/432/707 1517/364/709
f 1517/364/709 1515/432/707 1518/433/710
f 1517/364/709 1518/433/710 1519/363/711
f 1518/433/710 1520/361/712 1519/363/711
f 1521/434/713 1518/433/710 1515/432/707
f 1521/434/713 1515/432/707 1522/431/714
f 1523/430/715 1521/434/713 1522/431/714
f 1524/429/716 1521/434/713 1523/430/715
f 1524/429/716 1525/60/717 1521/434/713
f 1521/434/713 1525/60/717 1526/435/718
f 1526/435/718 1520/361/712 1518/433/710
f 1526/435/718 1518/433/710 1521/434/713
f 1526/435/718 1525/60/717 1527/436/719
f 1527/436/719 1525/60/717 1528/59/720
f 1527/436/719 1529/437/721 1526/435/718
f 1520/361/712 1526/435/718 1529/437/721
f 1520/361/712 1529/437/721 1530/358/722
f 1527/436/719 1528/59/720 1531/438/723
f 1529/437/721 1527/436/719 1531/438/723
f 1532/355/724 1531/438/723 1528/59/720
f 1533/439/725 1529/437/721 1531/438/723
f 1533/439/725 1531/438/723 1532/355/724
f 1533/439/725 1532/355/724 1534/64/726
f 1530/358/722 1529/437/721 1535/440/727
f 1529/437/721 1533/439/725 1535/440/727
f 1536/441/728 1535/440/727 1533/439/725
f 1533/439/725 1534/64/726 1536/441/728
f 1537/63/729 1536/441/728 1534/64/726
f 1538/442/730 1530/358/722 1535/440/727
f 1535/440/727 1536/441/728 1538/442/730
f 1530/358/722 1538/442/730 1539/359/731
f 1538/442/730 1540/443/732 1539/359/731
f 1536/441/728 1541/444/733 1538/442/730
f 1538/442/730 1541/444/733 1540/443/732
f 1536/441/728 1537/63/729 1541/444/733
f 1541/444/733 1537/63/729 1542/445/734
f 1542/445/734 1540/443/732 1541/444/733
f 1537/63/729 1543/189/735 1542/445/734
f 1544/178/266 1545/420/264 1546/174/266
f 1545/420/264 1544/178/266 1547/424/264
f 1545/420/264 1547/424/264 1548/180/264
f 1545/420/264 1548/180/264 1549/179/264
f 1550/446/736 1551/342/737 1552/341/738
f 1550/446/736 1552/341/738 1553/447/739
f 1553/447/739 1554/448/740 1550/446/736
f 1552/341/738 1555/449/738 1553/447/739
f 1554/448/740 1553/447/739 1556/450/741
f 1553/447/739 1555/449/738 1557/451/742
f 1557/451/742 1556/450/741 1553/447/739
f 1555/449/738 1558/452/743 1557/451/742
f 1558/452/743 1555/449/738 1559/352/738
f 1559/352/738 1560/453/744 1558/452/743
f 1560/453/744 1559/352/738 1561/351/745
f 1558/452/743 1560/453/744 1562/454/746
f 1557/451/742 1558/452/743 1563/455/747
f 1563/455/747 1558/452/743 1562/454/746
f 1563/455/747 1564/456/748 1557/451/742
f 1556/450/741 1557/451/742 1564/456/748
f 1556/450/741 1564/456/748 1565/457/749
f 1566/458/749 1564/456/748 1563/455/747
f 1565/457/749 1567/459/750 1556/450/741
f 1567/459/750 1568/460/751 1556/450/741
f 1564/456/748 1566/458/749 1569/461/752
f 1565/457/749 1564/456/748 1569/461/752
f 1570/462/753 1568/460/751 1567/459/750
f 1570/462/753 1571/463/754 1568/460/751
f 1565/457/749 1572/464/755 1567/459/750
f 1573/465/756 1571/463/754 1570/462/753
f 1571/463/754 1573/465/756 1574/466/757
f 1573/465/756 1575/467/758 1574/466/757
f 1575/467/758 1573/465/756 1576/164/759
f 1573/465/756 1577/167/760 1576/164/759
f 1570/462/753 1578/345/761 1573/465/756
f 1573/465/756 1578/345/761 1577/167/760
f 1578/345/761 1570/462/753 1579/468/762
f 1579/468/762 1570/462/753 1567/459/750
f 1567/459/750 1572/464/755 1579/468/762
f 1579/468/762 1580/469/763 1578/345/761
f 1580/469/763 1579/468/762 1581/470/764
f 1579/468/762 1582/471/765 1581/470/764
f 1582/471/765 1579/468/762 1572/464/755
f 1572/464/755 1565/457/749 1583/472/766
f 1583/472/766 1565/457/749 1569/461/752
f 1582/471/765 1572/464/755 1583/472/766
f 1582/471/765 1583/472/766 1584/473/767
f 1583/472/766 1585/474/767 1584/473/767
f 1585/474/767 1583/472/766 1586/475/768
f 1583/472/766 1569/461/752 1586/475/768
f 1569/461/752 1587/476/768 1586/475/768
f 1586/475/768 1587/476/768 1585/474/767
f 1587/476/768 1569/461/752 1566/458/749
f 1585/474/767 1587/476/768 1588/477/767
f 1566/458/749 1589/478/769 1587/476/768
f 1589/478/769 1588/477/767 1587/476/768
f 1588/477/767 1589/478/769 1590/479/770
f 1589/478/769 1566/458/749 1591/480/771
f 1563/455/747 1591/480/771 1566/458/749
f 1591/480/771 1563/455/747 1592/481/772
f 1591/480/771 1593/482/773 1589/478/769
f 1593/482/773 1590/479/770 1589/478/769
f 1590/479/770 1593/482/773 1594/483/774
f 1593/482/773 1595/484/775 1594/483/774
f 1595/484/775 1593/482/773 1596/347/776
f 1593/482/773 1591/480/771 1597/485/777
f 1597/485/777 1596/347/776 1593/482/773
f 1592/481/772 1597/485/777 1591/480/771
f 1598/486/778 1597/485/777 1592/481/772
f 1598/486/778 1599/487/779 1597/485/777
f 1599/487/779 1596/347/776 1597/485/777
f 1599/487/779 1600/170/780 1596/347/776
f 1598/486/778 1601/488/745 1599/487/779
f 1600/170/780 1599/487/779 1602/171/781
f 1599/487/779 1603/489/782 1602/171/781
f 1603/489/782 1599/487/779 1601/488/745
f 1604/490/783 1605/491/784 1606/492/783
f 1607/493/785 1606/492/783 1605/491/784
f 1608/494/786 1607/493/785 1605/491/784
f 1607/493/785 1608/494/786 1609/473/786
f 1610/495/787 1606/492/783 1607/493/785
f 1609/473/786 1610/495/787 1607/493/785
f 1606/492/783 1610/495/787 1611/496/788
f 1610/495/787 1609/473/786 1612/474/786
f 1613/497/788 1611/496/788 1610/495/787
f 1612/474/786 1614/477/786 1610/495/787
f 1610/495/787 1614/477/786 1615/498/787
f 1610/495/787 1615/498/787 1613/497/788
f 1613/497/788 1615/498/787 1616/499/789
f 1615/498/787 1614/477/786 1617/500/786
f 1618/501/790 1616/499/789 1615/498/787
f 1615/498/787 1617/500/786 1618/501/790
f 1619/502/123 1620/503/107 1621/504/123
f 1622/505/105 1619/502/123 1621/504/123
f 1620/503/107 1623/506/105 1621/504/123
f 1624/507/123 1622/505/105 1621/504/123
f 1625/508/107 1624/507/123 1621/504/123
f 1623/506/105 1625/508/107 1621/504/123
f 1626/509/103 1627/510/103 1628/511/103
f 1629/512/118 1626/509/103 1628/511/103
f 1627/510/103 1630/513/688 1628/511/103
f 1631/514/791 1629/512/118 1628/511/103
f 1632/515/103 1631/514/791 1628/511/103
f 1630/513/688 1632/515/103 1628/511/103
f 1633/516/107 1634/517/107 1635/518/792
f 1636/519/107 1633/516/107 1635/518/792
f 1634/517/107 1637/520/105 1635/518/792
f 1638/521/105 1636/519/107 1635/518/792
f 1637/520/105 1639/522/793 1635/518/792
f 1639/522/793 1638/521/105 1635/518/792
f 1640/523/104 1641/524/103 1642/525/791
f 1643/526/103 1640/523/104 1642/525/791
f 1641/524/103 1644/527/104 1642/525/791
f 1645/528/794 1643/526/103 1642/525/791
f 1644/527/104 1646/529/104 1642/525/791
f 1646/529/104 1645/528/794 1642/525/791
f 1647/530/163 1648/531/163 1649/532/163
f 1650/533/163 1647/530/163 1649/532/163
f 1648/531/163 1651/534/163 1649/532/163
f 1652/535/163 1650/533/163 1649/532/163
f 1651/534/163 1653/536/163 1649/532/163
f 1653/536/163 1652/535/163 1649/532/163
f 1654/537/159 1655/538/159 1656/539/159
f 1657/540/159 1654/537/159 1656/539/159
f 1655/538/159 1658/541/159 1656/539/159
f 1659/542/159 1657/540/159 1656/539/159
f 1660/543/159 1659/542/159 1656/539/159
f 1658/541/159 1660/543/159 1656/539/159
f 1661/544/163 1662/545/163 1663/546/163
f 1664/547/163 1661/544/163 1663/546/163
f 1662/545/163 1665/548/163 1663/546/163
f 1666/549/163 1664/547/163 1663/546/163
f 1667/550/163 1666/549/163 1663/546/163
f 1665/548/163 1667/550/163 1663/546/163
f 1668/551/159 1669/552/159 1670/553/159
f 1671/554/159 1668/551/159 1670/553/159
f 1669/552/159 1672/555/159 1670/553/159
f 1673/556/159 1671/554/159 1670/553/159
f 1674/557/159 1673/556/159 1670/553/159
f 1672/555/159 1674/557/159 1670/553/159
f 1675/558/163 1676/559/163 1677/532/163
f 1678/560/163 1675/558/163 1677/532/163
f 1676/559/163 1679/561/163 1677/532/163
f 1680/562/163 1678/560/163 1677/532/163
f 1681/563/163 1680/562/163 1677/532/163
f 1679/561/163 1681/563/163 1677/532/163
f 1682/564/159 1683/565/159 1684/539/159
f 1685/566/159 1682/564/159 1684/539/159
f 1683/565/159 1686/567/159 1684/539/159
f 1687/568/159 1685/566/159 1684/539/159
f 1688/569/159 1687/568/159 1684/539/159
f 1686/567/159 1688/569/159 1684/539/159
f 1689/570/163 1690/571/163 1691/546/163
f 1692/572/163 1689/570/163 1691/546/163
f 1690/571/163 1693/573/163 1691/546/163
f 1694/574/163 1692/572/163 1691/546/163
f 1695/575/163 1694/574/163 1691/546/163
f 1693/573/163 1695/575/163 1691/546/163
f 1696/576/159 1697/552/159 1698/553/159
f 1699/577/159 1696/576/159 1698/553/159
f 1697/552/159 1700/578/159 1698/553/159
f 1701/579/159 1699/577/159 1698/553/159
f 1700/578/159 1702/557/159 1698/553/159
f 1702/557/159 1701/579/159 1698/553/159
f 1703/530/163 1704/559/163 1705/532/163
f 1706/533/163 1703/530/163 1705/532/163
f 1704/559/163 1707/561/163 1705/532/163
f 1708/535/163 1706/533/163 1705/532/163
f 1707/561/163 1709/563/163 1705/532/163
f 1709/563/163 1708/535/163 1705/532/163
f 1710/564/159 1711/538/159 1712/539/159
f 1713/566/159 1710/564/159 1712/539/159
f 1711/538/159 1714/541/159 1712/539/159
f 1715/568/159 1713/566/159 1712/539/159
f 1714/541/159 1716/543/159 1712/539/159
f 1716/543/159 1715/568/159 1712/539/159
f 1717/544/163 1718/571/163 1719/546/163
f 1720/547/163 1717/544/163 1719/546/163
f 1718/571/163 1721/573/163 1719/546/163
f 1722/549/163 1720/547/163 1719/546/163
f 1721/573/163 1723/575/163 1719/546/163
f 1723/575/163 1722/549/163 1719/546/163
f 1724/576/159 1725/552/159 1726/553/159
f 1727/577/159 1724/576/159 1726/553/159
f 1725/552/159 1728/555/159 1726/553/159
f 1729/579/159 1727/577/159 1726/553/159
f 1730/557/159 1729/579/159 1726/553/159
f 1728/555/159 1730/557/159 1726/553/159
f 1731/530/163 1732/531/163 1733/532/163
f 1734/533/163 1731/530/163 1733/532/163
f 1732/531/163 1735/534/163 1733/532/163
f 1736/535/163 1734/533/163 1733/532/163
f 1737/536/163 1736/535/163 1733/532/163
f 1735/534/163 1737/536/163 1733/532/163
f 1738/537/159 1739/538/159 1740/539/159
f 1741/540/159 1738/537/159 1740/539/159
f 1739/538/159 1742/541/159 1740/539/159
f 1743/542/159 1741/540/159 1740/539/159
f 1744/543/159 1743/542/159 1740/539/159
f 1742/541/159 1744/543/159 1740/539/159
f 1745/544/163 1746/545/163 1747/546/163
f 1748/547/163 1745/544/163 1747/546/163
f 1746/545/163 1749/548/163 1747/546/163
f 1750/549/163 1748/547/163 1747/546/163
f 1749/548/163 1751/550/163 1747/546/163
f 1751/550/163 1750/549/163 1747/546/163
f 1752/551/159 1753/552/159 1754/553/159
f 1755/554/159 1752/551/159 1754/553/159
f 1753/552/159 1756/555/159 1754/553/159
f 1757/556/159 1755/554/159 1754/553/159
f 1756/555/159 1758/557/159 1754/553/159
f 1758/557/159 1757/556/159 1754/553/159
