# Blender 5.2.2 LTS
# www.blender.org
mtllib RightForearm.mtl
o Rightforearm2
v 15.198591 -5.892891 -0.965070
v 13.480680 -5.431862 -1.106670
v 13.015158 -5.892891 -0.967200
v 13.480680 -5.431862 -1.106670
v 15.198591 -5.892891 -0.965070
v 14.846849 -5.431862 -1.107122
v 13.015158 -5.892891 -0.967200
v 15.299822 -11.934471 1.042625
v 15.198591 -5.892891 -0.965070
v 15.299822 -11.934471 1.042625
v 13.015158 -5.892891 -0.967200
v 9.768904 -14.599220 1.910152
v 12.778208 -5.892891 -1.280710
v 9.768904 -14.599220 1.910152
v 13.015158 -5.892891 -0.967200
v 15.299822 -11.934471 1.042625
v 15.570368 -5.892891 -1.362277
v 15.198591 -5.892891 -0.965070
v 15.570368 -5.892891 -1.362277
v 15.299822 -11.934471 1.042625
v 15.775492 -11.934471 0.603679
v 15.198591 -5.892891 -0.965070
v 15.179113 -5.431862 -1.434850
v 14.846849 -5.431862 -1.107122
v 15.179113 -5.431862 -1.434850
v 15.198591 -5.892891 -0.965070
v 15.570368 -5.892891 -1.362277
v 9.161554 -32.763741 -0.502662
v 11.409769 -32.062996 -1.168170
v 11.045111 -31.526024 -0.676035
v 11.409769 -32.062996 -1.168170
v 9.161554 -32.763741 -0.502662
v 9.161558 -33.451820 -0.951268
v 13.242643 -5.431862 -1.459849
v 13.015158 -5.892891 -0.967200
v 13.480680 -5.431862 -1.106670
v 13.015158 -5.892891 -0.967200
v 13.242643 -5.431862 -1.459849
v 12.778208 -5.892891 -1.280710
v 9.161554 -32.763741 -0.502662
v 8.252821 -19.881493 1.297044
v 8.252821 -32.763741 -0.502662
v 13.480680 -5.431847 -7.037545
v 15.198591 -5.892876 -7.179145
v 13.015158 -5.892876 -7.177014
v 15.198591 -5.892876 -7.179145
v 13.480680 -5.431847 -7.037545
v 14.846849 -5.431847 -7.037093
v 15.299822 -11.934471 -9.186849
v 13.015158 -5.892876 -7.177014
v 15.198591 -5.892876 -7.179145
v 13.015158 -5.892876 -7.177014
v 15.299822 -11.934471 -9.186849
v 9.768904 -14.599220 -10.054379
v 12.778208 -5.892876 -6.863505
v 13.015158 -5.892876 -7.177014
v 9.768904 -14.599220 -10.054379
v 15.299822 -11.934471 -9.186849
v 15.570368 -5.892876 -6.781938
v 15.775492 -11.934471 -8.747902
v 15.570368 -5.892876 -6.781938
v 15.299822 -11.934471 -9.186849
v 15.198591 -5.892876 -7.179145
v 15.198591 -5.892876 -7.179145
v 15.179113 -5.431847 -6.709364
v 15.570368 -5.892876 -6.781938
v 15.179113 -5.431847 -6.709364
v 15.198591 -5.892876 -7.179145
v 14.846849 -5.431847 -7.037093
v 11.409769 -32.062981 -6.976082
v 9.161554 -32.763725 -7.641590
v 11.045111 -31.526024 -7.468216
v 9.161554 -32.763725 -7.641590
v 11.409769 -32.062981 -6.976082
v 9.161558 -33.451805 -7.192986
v 12.778208 -5.892876 -6.863505
v 13.242643 -5.431847 -6.684365
v 13.015158 -5.892876 -7.177014
v 13.015158 -5.892876 -7.177014
v 13.242643 -5.431847 -6.684365
v 13.480680 -5.431847 -7.037545
v 9.161554 -32.763725 -7.641590
v 8.252821 -32.763725 -7.641591
v 8.252821 -19.881477 -9.441279
v -15.136942 -5.892891 -0.965070
v -13.419039 -5.431862 -1.106670
v -14.785212 -5.431862 -1.107122
v -13.419039 -5.431862 -1.106670
v -15.136942 -5.892891 -0.965070
v -12.953516 -5.892891 -0.967200
v -15.238176 -11.934471 1.042625
v -12.953516 -5.892891 -0.967200
v -15.136942 -5.892891 -0.965070
v -12.953516 -5.892891 -0.967200
v -15.238176 -11.934471 1.042625
v -9.707270 -14.599220 1.910152
v -12.716570 -5.892891 -1.280710
v -12.953516 -5.892891 -0.967200
v -9.707270 -14.599220 1.910152
v -15.508730 -5.892891 -1.362277
v -15.238176 -11.934471 1.042625
v -15.136942 -5.892891 -0.965070
v -15.238176 -11.934471 1.042625
v -15.508730 -5.892891 -1.362277
v -15.713854 -11.934471 0.603679
v -15.117472 -5.431862 -1.434850
v -15.136942 -5.892891 -0.965070
v -14.785212 -5.431862 -1.107122
v -15.136942 -5.892891 -0.965070
v -15.117472 -5.431862 -1.434850
v -15.508730 -5.892891 -1.362277
v -9.099916 -32.763741 -0.502662
v -11.348131 -32.062996 -1.168170
v -9.099924 -33.451820 -0.951268
v -11.348131 -32.062996 -1.168170
v -9.099916 -32.763741 -0.502662
v -10.983469 -31.526024 -0.676035
v -13.181002 -5.431862 -1.459849
v -13.419039 -5.431862 -1.106670
v -12.953516 -5.892891 -0.967200
v -12.953516 -5.892891 -0.967200
v -12.716570 -5.892891 -1.280710
v -13.181002 -5.431862 -1.459849
v -9.099916 -32.763741 -0.502662
v -8.191187 -32.763741 -0.502662
v -8.191187 -19.881493 1.297044
v -15.136942 -5.892876 -7.179145
v -13.419039 -5.431847 -7.037545
v -12.953516 -5.892876 -7.177014
v -13.419039 -5.431847 -7.037545
v -15.136942 -5.892876 -7.179145
v -14.785212 -5.431847 -7.037093
v -15.238176 -11.934471 -9.186849
v -12.953516 -5.892876 -7.177014
v -9.707270 -14.599220 -10.054379
v -12.953516 -5.892876 -7.177014
v -15.238176 -11.934471 -9.186849
v -15.136942 -5.892876 -7.179145
v -12.716570 -5.892876 -6.863505
v -9.707270 -14.599220 -10.054379
v -12.953516 -5.892876 -7.177014
v -15.238176 -11.934471 -9.186849
v -15.508730 -5.892876 -6.781938
v -15.136942 -5.892876 -7.179145
v -15.508730 -5.892876 -6.781938
v -15.238176 -11.934471 -9.186849
v -15.713854 -11.934471 -8.747902
v -15.117472 -5.431847 -6.709364
v -15.136942 -5.892876 -7.179145
v -15.508730 -5.892876 -6.781938
v -15.136942 -5.892876 -7.179145
v -15.117472 -5.431847 -6.709364
v -14.785212 -5.431847 -7.037093
v -11.348131 -32.062981 -6.976082
v -9.099916 -32.763725 -7.641590
v -9.099924 -33.451805 -7.192986
v -9.099916 -32.763725 -7.641590
v -11.348131 -32.062981 -6.976082
v -10.983469 -31.526024 -7.468216
v -12.716570 -5.892876 -6.863505
v -12.953516 -5.892876 -7.177014
v -13.181002 -5.431847 -6.684365
v -12.953516 -5.892876 -7.177014
v -13.419039 -5.431847 -7.037545
v -13.181002 -5.431847 -6.684365
v -9.099916 -32.763725 -7.641590
v -8.191187 -19.881477 -9.441279
v -8.191187 -32.763725 -7.641591
v 13.242643 -5.431862 -1.459849
v 14.846849 -5.431862 -1.107122
v 15.179113 -5.431862 -1.434850
v 13.480680 -5.431862 -1.106670
v 8.252821 -32.763741 -0.502662
v 9.161558 -33.451820 -0.951268
v 9.161554 -32.763741 -0.502662
v 8.252817 -33.451820 -0.951268
v 14.846849 -5.431847 -7.037093
v 13.242643 -5.431847 -6.684365
v 15.179113 -5.431847 -6.709364
v 13.480680 -5.431847 -7.037545
v 8.252817 -33.451805 -7.192986
v 8.252821 -32.763725 -7.641591
v 9.161558 -33.451805 -7.192986
v 9.161554 -32.763725 -7.641590
v -13.181002 -5.431862 -1.459849
v -15.117472 -5.431862 -1.434850
v -14.785212 -5.431862 -1.107122
v -13.419039 -5.431862 -1.106670
v -8.191187 -32.763741 -0.502662
v -9.099916 -32.763741 -0.502662
v -9.099924 -33.451820 -0.951268
v -8.191179 -33.451820 -0.951268
v -14.785212 -5.431847 -7.037093
v -13.181002 -5.431847 -6.684365
v -13.419039 -5.431847 -7.037545
v -15.117472 -5.431847 -6.709364
v -8.191179 -33.451805 -7.192986
v -9.099924 -33.451805 -7.192986
v -8.191187 -32.763725 -7.641591
v -9.099916 -32.763725 -7.641590
v 8.252821 -19.881493 1.297044
v 9.161554 -32.763741 -0.502662
v 11.045111 -31.526024 -0.676035
v 9.657400 -19.881477 1.220978
v 13.203253 -21.715477 0.134115
v 9.768904 -14.599220 1.910152
v 15.299822 -11.934471 1.042625
v 9.161554 -32.763725 -7.641590
v 8.252821 -19.881477 -9.441279
v 11.045111 -31.526024 -7.468216
v 9.657400 -19.881447 -9.365213
v 13.203253 -21.715477 -8.278353
v 9.768904 -14.599220 -10.054379
v 15.299822 -11.934471 -9.186849
v -9.099916 -32.763741 -0.502662
v -8.191187 -19.881493 1.297044
v -10.983469 -31.526024 -0.676035
v -9.595766 -19.881477 1.220978
v -13.141619 -21.715477 0.134115
v -9.707270 -14.599220 1.910152
v -15.238176 -11.934471 1.042625
v 9.161558 -33.451805 -7.192986
v 8.252817 -33.451805 -4.072128
v 8.252817 -33.451805 -7.192986
v 9.161558 -33.451805 -4.072128
v 8.252817 -33.451820 -0.951268
v 9.161558 -33.451820 -0.951268
v 13.621851 -21.922447 -0.350659
v 11.045111 -31.526024 -0.676035
v 11.409769 -32.062996 -1.168170
v 13.203253 -21.715477 0.134115
v 15.775492 -11.934471 0.603679
v 15.299822 -11.934471 1.042625
v 11.045111 -31.526024 -7.468216
v 13.621851 -21.922447 -7.793579
v 11.409769 -32.062981 -6.976082
v 13.203253 -21.715477 -8.278353
v 15.775492 -11.934471 -8.747902
v 15.299822 -11.934471 -9.186849
v -8.191179 -33.451805 -4.072128
v -9.099924 -33.451805 -7.192986
v -8.191179 -33.451805 -7.192986
v -9.099924 -33.451805 -4.072128
v -8.191179 -33.451820 -0.951268
v -9.099924 -33.451820 -0.951268
v -10.983469 -31.526024 -0.676035
v -13.560213 -21.922447 -0.350659
v -11.348131 -32.062996 -1.168170
v -13.141619 -21.715477 0.134115
v -15.713854 -11.934471 0.603679
v -15.238176 -11.934471 1.042625
v -9.707270 -14.599220 -10.054379
v -13.141619 -21.715477 -8.278353
v -15.238176 -11.934471 -9.186849
v -9.595766 -19.881447 -9.365213
v -10.983469 -31.526024 -7.468216
v -8.191187 -19.881477 -9.441279
v -9.099916 -32.763725 -7.641590
v -13.560213 -21.922447 -7.793579
v -10.983469 -31.526024 -7.468216
v -11.348131 -32.062981 -6.976082
v -13.141619 -21.715477 -8.278353
v -15.713854 -11.934471 -8.747902
v -15.238176 -11.934471 -9.186849
v 9.768900 -14.599220 -4.072114
v 9.768904 -14.599220 -10.054379
v 9.657400 -19.881447 -9.365213
v 9.657393 -19.881447 -4.072118
v 9.657400 -19.881477 1.220978
v 9.768904 -14.599220 1.910152
v 9.161558 -33.451805 -4.072128
v 9.161558 -33.451805 -7.192986
v 11.409769 -32.062981 -6.976082
v 11.409769 -32.062981 -4.072126
v 11.409769 -32.062996 -1.168170
v 9.161558 -33.451820 -0.951268
v 8.252821 -19.881477 -4.072118
v 9.657400 -19.881447 -9.365213
v 8.252821 -19.881477 -9.441279
v 9.657393 -19.881447 -4.072118
v 9.657400 -19.881477 1.220978
v 8.252821 -19.881493 1.297044
v 15.775492 -11.934471 -8.747902
v 15.570368 -5.892876 -6.781938
v 15.775484 -11.934471 -4.072113
v 15.570368 -5.892876 -4.072108
v 15.570368 -5.892891 -1.362277
v 15.775492 -11.934471 0.603679
v 15.178938 -5.431847 -4.072108
v 15.179113 -5.431847 -6.709364
v 13.242643 -5.431847 -6.684365
v 13.242266 -5.431847 -4.072108
v 13.242643 -5.431862 -1.459849
v 15.179113 -5.431862 -1.434850
v 15.179113 -5.431847 -6.709364
v 15.570368 -5.892876 -4.072108
v 15.570368 -5.892876 -6.781938
v 15.178938 -5.431847 -4.072108
v 15.179113 -5.431862 -1.434850
v 15.570368 -5.892891 -1.362277
v 12.778208 -5.892876 -6.863505
v 12.778208 -5.892876 -4.072108
v 13.242643 -5.431847 -6.684365
v 13.242266 -5.431847 -4.072108
v 13.242643 -5.431862 -1.459849
v 12.778208 -5.892891 -1.280710
v 9.768900 -14.599220 -4.072114
v 12.778208 -5.892876 -6.863505
v 9.768904 -14.599220 -10.054379
v 12.778208 -5.892876 -4.072108
v 12.778208 -5.892891 -1.280710
v 9.768904 -14.599220 1.910152
v -9.707262 -14.599220 -4.072114
v -9.595766 -19.881447 -9.365213
v -9.707270 -14.599220 -10.054379
v -9.595751 -19.881447 -4.072118
v -9.595766 -19.881477 1.220978
v -9.707270 -14.599220 1.910152
v -9.099924 -33.451805 -4.072128
v -11.348131 -32.062981 -6.976082
v -9.099924 -33.451805 -7.192986
v -11.348131 -32.062981 -4.072126
v -11.348131 -32.062996 -1.168170
v -9.099924 -33.451820 -0.951268
v -9.595766 -19.881447 -9.365213
v -8.191187 -19.881477 -4.072118
v -8.191187 -19.881477 -9.441279
v -9.595751 -19.881447 -4.072118
v -9.595766 -19.881477 1.220978
v -8.191187 -19.881493 1.297044
v -15.713846 -11.934471 -4.072113
v -15.508730 -5.892876 -6.781938
v -15.713854 -11.934471 -8.747902
v -15.508730 -5.892876 -4.072108
v -15.508730 -5.892891 -1.362277
v -15.713854 -11.934471 0.603679
v -15.117296 -5.431847 -4.072108
v -13.181002 -5.431847 -6.684365
v -15.117472 -5.431847 -6.709364
v -13.180628 -5.431847 -4.072108
v -13.181002 -5.431862 -1.459849
v -15.117472 -5.431862 -1.434850
v -15.508730 -5.892876 -4.072108
v -15.117472 -5.431847 -6.709364
v -15.508730 -5.892876 -6.781938
v -15.117296 -5.431847 -4.072108
v -15.117472 -5.431862 -1.434850
v -15.508730 -5.892891 -1.362277
v -12.716570 -5.892876 -4.072108
v -12.716570 -5.892876 -6.863505
v -13.181002 -5.431847 -6.684365
v -13.180628 -5.431847 -4.072108
v -13.181002 -5.431862 -1.459849
v -12.716570 -5.892891 -1.280710
v -12.716570 -5.892876 -6.863505
v -9.707262 -14.599220 -4.072114
v -9.707270 -14.599220 -10.054379
v -12.716570 -5.892876 -4.072108
v -12.716570 -5.892891 -1.280710
v -9.707270 -14.599220 1.910152
v 15.775484 -11.934471 -4.072113
v 13.621851 -21.922447 -7.793579
v 15.775492 -11.934471 -8.747902
v 13.621851 -21.922447 -0.350659
v 15.775492 -11.934471 0.603679
v 13.621851 -21.922447 -4.072119
v 11.409769 -32.062981 -6.976082
v 11.409769 -32.062996 -1.168170
v 11.409769 -32.062981 -4.072126
v -15.713854 -11.934471 -8.747902
v -13.560213 -21.922447 -7.793579
v -15.713846 -11.934471 -4.072113
v -13.560213 -21.922447 -0.350659
v -15.713854 -11.934471 0.603679
v -13.560213 -21.922447 -4.072119
v -11.348131 -32.062981 -6.976082
v -11.348131 -32.062996 -1.168170
v -11.348131 -32.062981 -4.072126
vn -0.0001 0.2902 0.9570
vn -0.0000 0.2925 0.9563
vn -0.0000 0.3139 0.9494
vn -0.0000 0.3139 0.9495
vn -0.7155 0.4403 0.5425
vn 0.7103 0.2368 0.6629
vn 0.6559 0.2530 0.7112
vn 0.6559 0.2531 0.7111
vn 0.6559 0.2532 0.7111
vn 0.5586 0.6059 0.5665
vn 0.5586 0.6059 0.5664
vn 0.5902 0.5902 0.5508
vn 0.3849 -0.4713 0.7935
vn 0.3849 -0.4714 0.7935
vn 0.3861 -0.5043 0.7724
vn 0.3862 -0.5044 0.7723
vn 0.3861 -0.5044 0.7723
vn -0.5838 0.7098 0.3943
vn -0.5838 0.7097 0.3943
vn -0.5536 0.7196 0.4191
vn -0.5536 0.7197 0.4191
vn -0.0000 -0.1414 0.9900
vn -0.0000 0.2902 -0.9570
vn -0.0000 0.2924 -0.9563
vn -0.0000 0.3139 -0.9495
vn -0.0001 0.3139 -0.9495
vn -0.7155 0.4403 -0.5425
vn 0.6559 0.2527 -0.7113
vn 0.6559 0.2526 -0.7114
vn 0.7103 0.2367 -0.6629
vn 0.5902 0.5902 -0.5508
vn 0.5586 0.6058 -0.5665
vn 0.3849 -0.4714 -0.7935
vn 0.3861 -0.5042 -0.7725
vn 0.3860 -0.5042 -0.7725
vn -0.5536 0.7198 -0.4189
vn -0.5536 0.7197 -0.4190
vn -0.5839 0.7097 -0.3942
vn -0.0000 -0.1414 -0.9900
vn -0.0000 0.2924 0.9563
vn -0.0000 0.2902 0.9570
vn -0.0000 0.3138 0.9495
vn 0.0001 0.3139 0.9495
vn 0.7154 0.4403 0.5424
vn 0.7154 0.4403 0.5425
vn -0.7103 0.2368 0.6629
vn -0.6559 0.2530 0.7112
vn -0.6559 0.2532 0.7111
vn -0.5586 0.6058 0.5665
vn -0.5902 0.5901 0.5509
vn -0.5902 0.5902 0.5508
vn -0.3862 -0.5044 0.7723
vn -0.3849 -0.4713 0.7935
vn -0.3849 -0.4714 0.7935
vn 0.5838 0.7097 0.3943
vn 0.5536 0.7196 0.4193
vn 0.0001 0.2902 -0.9570
vn -0.0000 0.2925 -0.9563
vn 0.0001 0.3140 -0.9494
vn -0.0000 0.3139 -0.9494
vn 0.7155 0.4403 -0.5425
vn -0.7103 0.2368 -0.6629
vn -0.6559 0.2530 -0.7112
vn -0.5902 0.5902 -0.5508
vn -0.5586 0.6058 -0.5665
vn -0.5586 0.6059 -0.5665
vn -0.3862 -0.5044 -0.7723
vn -0.3850 -0.4714 -0.7935
vn 0.5536 0.7196 -0.4192
vn 0.5836 0.7099 -0.3944
vn -0.0000 1.0000 -0.0000
vn -0.0000 -0.5457 0.8380
vn -0.0000 -0.5456 0.8381
vn -0.0000 -0.5456 -0.8381
vn -0.0000 -0.5457 -0.8380
vn -0.0000 -0.5459 0.8379
vn -0.0000 -0.5454 0.8382
vn 0.1101 -0.1417 0.9838
vn 0.1733 -0.1260 0.9768
vn 0.1501 -0.1343 0.9795
vn 0.1729 -0.1415 0.9747
vn 0.2274 -0.1333 0.9646
vn 0.2200 -0.1337 0.9663
vn 0.2200 -0.1336 0.9663
vn 0.1733 -0.1261 -0.9768
vn 0.1102 -0.1417 -0.9838
vn 0.1501 -0.1343 -0.9795
vn 0.1729 -0.1415 -0.9747
vn 0.2274 -0.1333 -0.9646
vn 0.2200 -0.1337 -0.9663
vn 0.2200 -0.1336 -0.9663
vn -0.1733 -0.1260 0.9768
vn -0.1102 -0.1417 0.9838
vn -0.1501 -0.1343 0.9795
vn -0.1729 -0.1415 0.9747
vn -0.2274 -0.1333 0.9646
vn -0.2200 -0.1337 0.9663
vn -0.2200 -0.1336 0.9663
vn -0.0000 -1.0000 -0.0000
vn 0.6831 -0.2120 0.6989
vn 0.6800 -0.2056 0.7038
vn 0.6682 -0.2044 0.7154
vn 0.6831 -0.2120 0.6988
vn 0.6789 -0.2131 0.7026
vn 0.6627 -0.2130 0.7179
vn 0.6800 -0.2056 -0.7038
vn 0.6831 -0.2120 -0.6989
vn 0.6681 -0.2043 -0.7154
vn 0.6831 -0.2120 -0.6988
vn 0.6789 -0.2131 -0.7026
vn 0.6627 -0.2130 -0.7179
vn -0.6800 -0.2056 0.7038
vn -0.6831 -0.2120 0.6989
vn -0.6682 -0.2044 0.7154
vn -0.6831 -0.2120 0.6988
vn -0.6789 -0.2131 0.7026
vn -0.6627 -0.2130 0.7179
vn -0.2200 -0.1337 -0.9663
vn -0.2274 -0.1333 -0.9646
vn -0.2200 -0.1336 -0.9663
vn -0.1729 -0.1415 -0.9747
vn -0.1501 -0.1343 -0.9795
vn -0.1102 -0.1417 -0.9838
vn -0.1733 -0.1260 -0.9768
vn -0.6831 -0.2120 -0.6989
vn -0.6800 -0.2056 -0.7038
vn -0.6682 -0.2044 -0.7154
vn -0.6831 -0.2120 -0.6988
vn -0.6789 -0.2131 -0.7026
vn -0.6627 -0.2130 -0.7179
vn -0.9997 0.0235 -0.0000
vn -0.9997 0.0236 -0.0000
vn 0.5271 -0.8498 -0.0000
vn 0.5272 -0.8498 -0.0000
vn 0.9995 0.0315 -0.0000
vn 0.9995 0.0316 -0.0000
vn 0.7636 0.6456 -0.0000
vn 0.7637 0.6456 -0.0000
vn 0.7636 0.6457 -0.0000
vn -0.7032 0.7110 -0.0000
vn -0.7031 0.7110 -0.0000
vn -0.7071 0.7071 -0.0000
vn -0.7031 0.7111 -0.0000
vn -0.9463 0.3234 -0.0000
vn -0.9463 0.3233 -0.0000
vn 0.9997 0.0235 -0.0000
vn 0.9997 0.0236 -0.0000
vn -0.5271 -0.8498 -0.0000
vn -0.5272 -0.8497 -0.0000
vn -0.9995 0.0316 -0.0000
vn -0.9995 0.0315 -0.0000
vn -0.7636 0.6457 -0.0000
vn 0.7032 0.7110 -0.0000
vn 0.7031 0.7111 -0.0000
vn 0.7070 0.7072 -0.0000
vn 0.7031 0.7110 -0.0000
vn 0.9463 0.3233 -0.0000
vn 0.9463 0.3234 -0.0000
vn 0.9771 -0.2128 -0.0000
vn 0.9771 -0.2127 -0.0000
vn 0.9772 -0.2125 -0.0000
vn 0.9770 -0.2131 -0.0000
vn -0.9771 -0.2127 -0.0000
vn -0.9772 -0.2125 -0.0000
vn -0.9772 -0.2124 -0.0000
vn -0.9771 -0.2128 -0.0000
vn -0.9770 -0.2131 -0.0000
vt 0.640137 0.197266
vt 0.629395 0.196777
vt 0.626953 0.193848
vt 0.637695 0.198730
vt 0.651855 0.161133
vt 0.623535 0.135254
vt 0.625000 0.195312
vt 0.642090 0.199219
vt 0.654785 0.161621
vt 0.639648 0.200195
vt 0.653809 0.024414
vt 0.666016 0.033203
vt 0.663086 0.035156
vt 0.655273 0.020020
vt 0.627441 0.198242
vt 0.624512 0.100098
vt 0.648438 0.022949
vt 0.649414 0.018555
vt 0.632812 0.103027
vt 0.657715 0.098633
vt 0.703613 0.019531
vt 0.684082 0.013672
vt 0.703613 0.013672
vt 0.684082 0.019531
vt 0.664551 0.013672
vt 0.664551 0.019531
vt 0.660645 0.098145
vt 0.684570 0.271484
vt 0.722168 0.271484
vt 0.717773 0.304688
vt 0.684570 0.305176
vt 0.651367 0.305176
vt 0.646973 0.271973
vt 0.702148 0.033691
vt 0.684082 0.033691
vt 0.666016 0.033691
vt 0.684570 0.313965
vt 0.718262 0.313477
vt 0.650879 0.313965
vt 0.713867 0.161133
vt 0.701660 0.198730
vt 0.684082 0.160645
vt 0.684570 0.198730
vt 0.667480 0.198730
vt 0.684570 0.201660
vt 0.701172 0.201660
vt 0.700684 0.213867
vt 0.684570 0.213867
vt 0.667969 0.213867
vt 0.667969 0.201660
vt 0.702148 0.216797
vt 0.684570 0.216797
vt 0.666992 0.216797
vt 0.707520 0.097656
vt 0.684082 0.097656
s 1
usemtl Arm
f 1/1/1 2/2/1 3/3/1
f 4/2/2 5/1/2 6/4/2
f 7/3/3 8/5/3 9/1/3
f 10/5/4 11/3/4 12/6/4
f 13/7/5 14/6/5 15/3/5
f 16/5/6 17/8/6 18/1/6
f 19/8/7 20/5/8 21/9/9
f 22/1/10 23/10/11 24/4/10
f 25/10/12 26/1/12 27/8/12
f 28/11/13 29/12/14 30/13/14
f 31/12/15 32/11/16 33/14/17
f 34/15/18 35/3/19 36/2/18
f 37/3/20 38/15/20 39/7/21
f 40/11/22 41/16/22 42/17/22
f 43/2/23 44/1/23 45/3/23
f 46/1/24 47/2/24 48/4/24
f 49/5/25 50/3/25 51/1/25
f 52/3/25 53/5/26 54/6/26
f 55/7/27 56/3/27 57/6/27
f 58/5/28 59/8/29 60/9/28
f 61/8/30 62/5/30 63/1/30
f 64/1/31 65/10/31 66/8/31
f 67/10/32 68/1/32 69/4/32
f 70/12/33 71/11/33 72/13/33
f 73/11/34 74/12/34 75/14/35
f 76/7/36 77/15/36 78/3/37
f 79/3/38 80/15/38 81/2/38
f 82/11/39 83/17/39 84/16/39
f 85/1/40 86/2/40 87/4/40
f 88/2/41 89/1/41 90/3/41
f 91/5/42 92/3/42 93/1/42
f 94/3/4 95/5/4 96/6/43
f 97/7/44 98/3/44 99/6/45
f 100/8/46 101/5/46 102/1/46
f 103/5/47 104/8/48 105/9/48
f 106/10/49 107/1/49 108/4/49
f 109/1/50 110/10/51 111/8/51
f 112/11/52 113/12/52 114/14/52
f 115/12/53 116/11/54 117/13/54
f 118/15/55 119/2/55 120/3/55
f 121/3/56 122/7/56 123/15/56
f 124/11/22 125/17/22 126/16/22
f 127/1/57 128/2/57 129/3/57
f 130/2/58 131/1/58 132/4/58
f 133/5/25 134/3/25 135/6/25
f 136/3/59 137/5/59 138/1/60
f 139/7/61 140/6/61 141/3/61
f 142/5/62 143/8/62 144/1/62
f 145/8/63 146/5/63 147/9/63
f 148/10/64 149/1/64 150/8/64
f 151/1/65 152/10/65 153/4/66
f 154/12/67 155/11/67 156/14/67
f 157/11/68 158/12/68 159/13/68
f 160/7/69 161/3/69 162/15/69
f 163/3/70 164/2/70 165/15/70
f 166/11/39 167/16/39 168/17/39
f 169/15/71 170/4/71 171/10/71
f 170/4/71 169/15/71 172/2/71
f 173/17/72 174/14/72 175/11/73
f 174/14/72 173/17/72 176/18/72
f 177/4/71 178/15/71 179/10/71
f 178/15/71 177/4/71 180/2/71
f 181/18/74 182/17/75 183/14/74
f 183/14/74 182/17/75 184/11/75
f 185/15/71 186/10/71 187/4/71
f 185/15/71 187/4/71 188/2/71
f 189/17/76 190/11/77 191/14/73
f 189/17/76 191/14/73 192/18/73
f 193/4/71 194/15/71 195/2/71
f 196/10/71 194/15/71 193/4/71
f 197/18/74 198/14/75 199/17/74
f 198/14/75 200/11/74 199/17/74
f 201/16/78 202/11/79 203/13/80
f 203/13/80 204/19/81 201/16/78
f 205/20/82 204/19/81 203/13/80
f 205/20/82 206/6/83 204/19/81
f 206/6/83 205/20/82 207/5/84
f 208/11/85 209/16/86 210/13/87
f 210/13/87 209/16/86 211/19/88
f 212/20/89 210/13/87 211/19/88
f 213/6/90 212/20/89 211/19/88
f 212/20/89 213/6/90 214/5/91
f 215/11/92 216/16/93 217/13/94
f 217/13/94 216/16/93 218/19/95
f 219/20/96 217/13/94 218/19/95
f 220/6/97 219/20/96 218/19/95
f 219/20/96 220/6/97 221/5/98
f 222/21/99 223/22/99 224/23/99
f 223/22/99 222/21/99 225/24/99
f 225/24/99 226/25/99 223/22/99
f 226/25/99 225/24/99 227/26/99
f 228/27/100 229/13/101 230/12/102
f 229/13/101 228/27/100 231/20/103
f 232/9/104 231/20/103 228/27/100
f 231/20/103 232/9/104 233/5/105
f 234/13/106 235/27/107 236/12/108
f 235/27/107 234/13/106 237/20/109
f 237/20/109 238/9/110 235/27/107
f 238/9/110 237/20/109 239/5/111
f 240/22/99 241/21/99 242/23/99
f 243/24/99 241/21/99 240/22/99
f 244/25/99 243/24/99 240/22/99
f 245/26/99 243/24/99 244/25/99
f 246/13/112 247/27/113 248/12/114
f 247/27/113 246/13/112 249/20/115
f 249/20/115 250/9/116 247/27/113
f 250/9/116 249/20/115 251/5/117
f 252/6/118 253/20/119 254/5/120
f 253/20/119 252/6/118 255/19/121
f 253/20/119 255/19/121 256/13/122
f 257/16/123 256/13/122 255/19/121
f 256/13/122 257/16/123 258/11/124
f 259/27/125 260/13/126 261/12/127
f 260/13/126 259/27/125 262/20/128
f 263/9/129 262/20/128 259/27/125
f 262/20/128 263/9/129 264/5/130
f 265/28/131 266/29/131 267/30/131
f 268/31/131 265/28/131 267/30/131
f 269/32/132 265/28/131 268/31/131
f 269/32/132 270/33/131 265/28/131
f 271/24/133 272/21/134 273/34/133
f 274/35/133 271/24/133 273/34/133
f 275/36/133 271/24/133 274/35/133
f 275/36/133 276/26/133 271/24/133
f 277/37/71 278/30/71 279/38/71
f 280/31/71 278/30/71 277/37/71
f 281/32/71 280/31/71 277/37/71
f 277/37/71 282/39/71 281/32/71
f 283/40/135 284/41/136 285/42/136
f 286/43/136 285/42/136 284/41/136
f 287/44/136 285/42/136 286/43/136
f 287/44/136 288/9/135 285/42/136
f 289/45/71 290/46/71 291/47/71
f 292/48/71 289/45/71 291/47/71
f 293/49/71 289/45/71 292/48/71
f 293/49/71 294/50/71 289/45/71
f 295/46/137 296/43/138 297/41/138
f 296/43/138 295/46/137 298/45/138
f 299/50/138 296/43/138 298/45/138
f 296/43/138 299/50/138 300/44/139
f 301/51/140 302/52/141 303/47/141
f 303/47/141 302/52/141 304/48/142
f 302/52/141 305/49/140 304/48/142
f 305/49/140 302/52/141 306/53/143
f 307/28/144 308/51/145 309/29/144
f 307/28/144 310/52/145 308/51/145
f 310/52/145 307/28/144 311/53/144
f 312/33/145 311/53/144 307/28/144
f 313/28/146 314/30/146 315/29/146
f 316/31/147 314/30/146 313/28/146
f 313/28/146 317/32/147 316/31/147
f 317/32/147 313/28/146 318/33/146
f 319/24/148 320/34/148 321/21/149
f 320/34/148 319/24/148 322/35/149
f 319/24/148 323/36/148 322/35/149
f 323/36/148 319/24/148 324/26/148
f 325/30/71 326/37/71 327/38/71
f 326/37/71 325/30/71 328/31/71
f 329/32/71 326/37/71 328/31/71
f 330/39/71 326/37/71 329/32/71
f 331/42/150 332/41/150 333/40/151
f 331/42/150 334/43/151 332/41/150
f 331/42/150 335/44/150 334/43/151
f 335/44/150 331/42/150 336/9/150
f 337/45/71 338/47/71 339/46/71
f 340/48/71 338/47/71 337/45/71
f 337/45/71 341/49/71 340/48/71
f 341/49/71 337/45/71 342/50/71
f 343/43/152 344/46/152 345/41/152
f 344/46/152 343/43/152 346/45/152
f 343/43/152 347/50/152 346/45/152
f 347/50/152 343/43/152 348/44/152
f 349/52/153 350/51/154 351/47/154
f 351/47/154 352/48/155 349/52/153
f 353/49/156 349/52/153 352/48/155
f 354/53/154 349/52/153 353/49/156
f 355/51/157 356/28/157 357/29/157
f 356/28/157 355/51/157 358/52/157
f 359/53/157 356/28/157 358/52/157
f 359/53/157 360/33/158 356/28/157
f 361/42/159 362/54/159 363/40/160
f 364/27/160 361/42/159 365/9/160
f 361/42/159 364/27/160 366/55/161
f 362/54/159 361/42/159 366/55/161
f 366/55/161 367/34/159 362/54/159
f 368/36/162 366/55/161 364/27/160
f 367/34/159 366/55/161 369/35/162
f 366/55/161 368/36/162 369/35/162
f 370/40/163 371/54/164 372/42/163
f 373/27/165 374/9/163 372/42/163
f 373/27/165 372/42/163 375/55/164
f 375/55/164 372/42/163 371/54/164
f 376/34/166 375/55/164 371/54/164
f 375/55/164 377/36/167 373/27/165
f 375/55/164 376/34/166 378/35/163
f 377/36/167 375/55/164 378/35/163
o RightForearm
v 7.854677 -19.895226 -9.215081
v 8.632872 -29.294594 -7.972454
v 8.818365 -19.895531 -9.216697
v 7.854677 -29.294594 -7.971356
v 8.632872 -29.294594 -7.972454
v 7.854677 -19.895226 -9.215081
v 7.854677 -29.294594 -7.971356
v 7.854689 -33.431602 -7.564797
v 8.632872 -29.294594 -7.972454
v 9.065928 -33.431206 -7.565385
v 8.632872 -29.294594 -7.972454
v 7.854689 -33.431602 -7.564797
v 8.632872 -29.294594 0.207461
v 7.854677 -29.294716 0.206282
v 8.401140 -19.895546 1.568658
v 7.854677 -19.895363 1.449436
v 8.401140 -19.895546 1.568658
v 7.854677 -29.294716 0.206282
v 9.065928 -33.431206 -0.283514
v 7.854689 -33.431602 -0.284101
v 8.632872 -29.294594 0.207461
v 7.854677 -29.294716 0.206282
v 8.632872 -29.294594 0.207461
v 7.854689 -33.431602 -0.284101
v 4.102720 -22.190224 5.145237
v 2.932680 -28.002281 5.290239
v 3.031988 -28.008919 5.596735
v -8.764078 -19.895531 -9.216697
v -8.578592 -29.294594 -7.972454
v -7.800394 -19.895226 -9.215081
v -7.800394 -29.294594 -7.971356
v -7.800394 -19.895226 -9.215081
v -8.578592 -29.294594 -7.972454
v -8.578592 -29.294594 -7.972454
v -7.800409 -33.431602 -7.564797
v -7.800394 -29.294594 -7.971356
v -8.578592 -29.294594 -7.972454
v -9.011644 -33.431206 -7.565385
v -7.800409 -33.431602 -7.564797
v -7.800394 -29.294716 0.206282
v -8.578592 -29.294594 0.207461
v -8.346857 -19.895546 1.568658
v -8.346857 -19.895546 1.568658
v -7.800394 -19.895363 1.449436
v -7.800394 -29.294716 0.206282
v -7.800409 -33.431602 -0.284101
v -9.011644 -33.431206 -0.283514
v -8.578592 -29.294594 0.207461
v -8.578592 -29.294594 0.207461
v -7.800394 -29.294716 0.206282
v -7.800409 -33.431602 -0.284101
v -2.878393 -28.002281 5.290239
v -4.048441 -22.190224 5.145237
v -2.977701 -28.008919 5.596735
v -5.142618 -9.891960 -1.735579
v -5.936255 -10.787193 -2.074402
v -5.209757 -9.989708 -1.211286
v -3.478163 -13.639046 2.098485
v -5.633802 -13.895943 0.028293
v -4.801062 -10.823463 0.887476
v -5.142618 -9.891960 -1.735579
v -5.209757 -9.989708 -1.211286
v -4.052702 -11.153297 -1.523168
v -4.053129 -11.445381 0.018478
v -4.052702 -11.153297 -1.523168
v -5.209757 -9.989708 -1.211286
v -4.052702 -11.871193 -3.252532
v -4.052702 -11.153297 -1.523168
v -3.307222 -11.838478 -1.523159
v -5.143064 -10.646461 -8.701764
v -4.673883 -7.679634 -9.104726
v -6.360914 -10.628059 -8.626308
v 5.990534 -10.787193 -2.074402
v 5.196901 -9.891960 -1.735579
v 5.264040 -9.989708 -1.211286
v 5.688093 -13.895943 0.028293
v 3.532446 -13.639046 2.098485
v 4.855341 -10.823463 0.887476
v 4.107412 -11.445381 0.018478
v 5.264040 -9.989708 -1.211286
v 4.106989 -11.153297 -1.523168
v 5.196901 -9.891960 -1.735579
v 4.106989 -11.153297 -1.523168
v 5.264040 -9.989708 -1.211286
v 4.106989 -11.153297 -1.523168
v 4.106989 -11.871193 -3.252532
v 3.361506 -11.838478 -1.523159
v 4.728174 -7.679634 -9.104726
v 5.197344 -10.646461 -8.701764
v 6.415194 -10.628059 -8.626308
v -6.376238 -11.067314 -0.639132
v -4.801062 -10.823463 0.887476
v -5.633802 -13.895943 0.028293
v -7.124662 -11.727531 -2.086932
v 0.027143 -7.728401 -10.431244
v -4.373888 -7.728401 -10.431244
v 0.027143 -7.679634 -9.104726
v -4.673883 -7.679634 -9.104726
v -8.741488 -11.600655 -6.855087
v -6.360914 -10.628059 -8.626308
v -8.120745 -10.250725 -8.620097
v -7.119684 -11.565407 -6.844178
v 0.027143 -20.482384 6.376961
v 0.027143 -20.224937 5.686224
v -2.199690 -20.460350 6.071762
v -2.073507 -20.218605 5.375493
v 4.855341 -10.823463 0.887476
v 6.430521 -11.067314 -0.639132
v 5.688093 -13.895943 0.028293
v 7.178942 -11.727531 -2.086932
v 4.728174 -7.679634 -9.104726
v 4.428171 -7.728401 -10.431244
v 0.027143 -7.679634 -9.104726
v 0.027143 -7.728401 -10.431244
v 6.415194 -10.628059 -8.626308
v 8.795763 -11.600655 -6.855087
v 8.175020 -10.250725 -8.620097
v 7.173967 -11.565407 -6.844178
v 0.027143 -20.482384 6.376961
v 2.253973 -20.460350 6.071762
v 0.027143 -20.224937 5.686224
v 2.127787 -20.218605 5.375493
v 0.027143 -58.635498 0.494689
v 0.027143 -59.497955 1.666692
v -2.598379 -59.497955 1.088295
v -2.047052 -58.635498 -0.095962
v -4.525270 -59.497948 -1.123648
v -3.569296 -58.635498 -1.709653
v -5.230570 -59.497948 -3.914021
v -4.126474 -58.635498 -3.914017
v -3.569296 -58.635498 -6.118335
v -4.525270 -59.497948 -6.704326
v -2.047052 -58.635498 -7.732023
v -2.598379 -59.497948 -8.916264
v 0.027143 -58.635498 -8.322676
v 0.027143 -59.497948 -9.494665
v 10.247850 -51.452682 -3.924451
v 10.725901 -51.281845 -3.924451
v 10.200163 -51.630638 -3.236858
v 10.591066 -51.489258 -3.099596
v 10.069883 -52.116852 -2.733506
v 10.487032 -52.081444 -2.487272
v 10.438459 -52.928444 -2.233197
v 9.891920 -52.781021 -2.549267
v 9.713964 -53.445168 -2.733507
v 10.152994 -53.704872 -2.467836
v 9.583681 -53.931381 -3.236860
v 9.999701 -54.315674 -3.084712
v 10.028563 -54.574593 -3.924453
v 9.536001 -54.109337 -3.924453
v 10.725901 -51.281845 -3.924451
v 10.731833 -50.621986 -3.924454
v 10.591066 -51.489258 -3.099596
v 9.991156 -50.622002 0.721381
v 10.487032 -52.081444 -2.487272
v 9.971849 -52.929459 0.661189
v 10.438459 -52.928444 -2.233197
v 8.693838 -52.134270 2.638719
v 8.936720 -50.621971 2.345413
v 8.802794 -52.996651 2.388903
v 8.355680 -51.525887 3.191081
v 8.411020 -53.807365 2.346707
v 7.882280 -50.621925 3.969445
v 7.880201 -51.315254 3.934882
v 7.168375 -51.529991 4.435011
v 4.563730 -50.621727 6.367056
v 6.626291 -52.144669 4.792193
v 9.131327 -55.105988 0.245655
v 10.152994 -53.704872 -2.467836
v 7.864916 -54.426422 2.690637
v 9.999701 -54.315674 -3.084712
v 9.808104 -55.105957 -3.924453
v 10.028563 -54.574593 -3.924453
v 7.841982 -56.152122 -0.372222
v 8.422903 -56.152122 -3.924454
v 6.187979 -56.152115 2.111270
v 7.204443 -55.105927 3.161125
v 7.280142 -54.696754 3.328546
v 6.648302 -54.430710 3.920759
v 4.172258 -55.105759 5.313225
v 3.478010 -56.152122 3.954558
v 6.321985 -53.828056 4.478155
v 0.027143 -55.105553 6.220181
v 0.027143 -56.152122 4.717075
v -3.423731 -56.152122 3.954558
v 4.554945 -52.929222 6.233718
v 6.369001 -53.010010 4.893282
v 1.532549 -52.157028 6.944747
v 0.896791 -51.539185 7.125552
v 1.779963 -53.012978 6.805997
v 0.027143 -50.621468 7.377474
v 1.528944 -53.824471 6.484402
v 0.027143 -51.325607 7.332791
v 0.895784 -54.444603 6.335835
v -0.842512 -51.539185 7.125552
v -4.509455 -50.621727 6.367056
v 0.027143 -54.726929 6.396028
v -1.478266 -52.157028 6.944747
v -0.841505 -54.444603 6.335835
v -4.500654 -52.929222 6.233718
v -1.725679 -53.012978 6.805997
v -4.117971 -55.105759 5.313225
v -1.474665 -53.824471 6.484402
v -6.133692 -56.152115 2.111270
v -6.572012 -52.144669 4.792193
v -6.314722 -53.010010 4.893282
v -7.114096 -51.529991 4.435011
v -6.267706 -53.828056 4.478155
v -7.827997 -50.621925 3.969445
v -6.594015 -54.430710 3.920759
v -7.825922 -51.315254 3.934882
v -8.301394 -51.525887 3.191081
v -8.882433 -50.621971 2.345413
v -8.639559 -52.134270 2.638719
v -9.936869 -50.622002 0.721381
v -7.150164 -55.105927 3.161125
v -7.225851 -54.696754 3.328546
v -7.810633 -54.426422 2.690637
v -9.077044 -55.105988 0.245655
v -7.787699 -56.152122 -0.372222
v -8.356737 -53.807365 2.346707
v -9.753817 -55.105957 -3.924453
v -8.368616 -56.152122 -3.924454
v -9.945414 -54.315674 -3.084712
v -9.974276 -54.574593 -3.924453
v -10.098719 -53.704872 -2.467836
v -10.384180 -52.928444 -2.233197
v -9.917566 -52.929459 0.661189
v -8.748507 -52.996651 2.388903
v -10.432749 -52.081444 -2.487272
v -10.536783 -51.489258 -3.099596
v -10.677553 -50.621986 -3.924454
v -10.671625 -51.281845 -3.924451
v 4.505339 -11.451469 2.642770
v 4.155329 -12.079475 3.664758
v 5.386133 -11.451561 2.590549
v 4.855341 -10.823463 0.887476
v 7.142244 -10.823647 0.783036
v 6.430521 -11.067314 -0.639132
v 8.135481 -11.067314 -0.639132
v -10.193567 -51.452682 -3.924451
v -10.671625 -51.281845 -3.924451
v -10.145884 -51.630638 -4.612044
v -10.536783 -51.489258 -4.749306
v -10.015604 -52.116852 -5.115396
v -10.432749 -52.081444 -5.361631
v -10.384180 -52.928444 -5.615707
v -9.837648 -52.781021 -5.299637
v -9.659678 -53.445168 -5.115397
v -10.098719 -53.704872 -5.381069
v -9.529406 -53.931381 -4.612045
v -9.945414 -54.315674 -4.764194
v -9.974276 -54.574593 -3.924453
v -9.481722 -54.109337 -3.924453
v -10.671625 -51.281845 -3.924451
v -10.677553 -50.621986 -3.924454
v -10.536783 -51.489258 -4.749306
v -9.936869 -50.621986 -8.570292
v -10.432749 -52.081444 -5.361631
v -9.917566 -52.929459 -8.510093
v -10.384180 -52.928444 -5.615707
v -8.639559 -52.134262 -10.487621
v -8.882433 -50.621956 -10.194324
v -8.748507 -52.996643 -10.237807
v -8.301394 -51.525871 -11.039982
v -8.356737 -53.807358 -10.195612
v -7.827997 -50.621910 -11.818357
v -7.825922 -51.315247 -11.783784
v -7.114096 -51.529984 -12.283913
v -4.509455 -50.621696 -14.215966
v -6.572012 -52.144646 -12.641096
v -9.077044 -55.105988 -8.094563
v -10.098719 -53.704872 -5.381069
v -7.810633 -54.426422 -10.539543
v -9.945414 -54.315674 -4.764194
v -9.753817 -55.105957 -3.924453
v -9.974276 -54.574593 -3.924453
v -7.787699 -56.152122 -7.476687
v -8.368616 -56.152122 -3.924454
v -6.133692 -56.152115 -9.960178
v -7.150164 -55.105904 -11.010032
v -7.225851 -54.696724 -11.177452
v -6.594015 -54.430679 -11.769664
v -4.117971 -55.105728 -13.162133
v -3.423731 -56.152092 -11.803467
v -6.267706 -53.828033 -12.327060
v 0.027143 -55.105530 -14.069088
v 0.027143 -56.152092 -12.565984
v 3.478010 -56.152092 -11.803467
v -4.500654 -52.929199 -14.082622
v -6.314722 -53.009987 -12.742187
v -1.478266 -52.156998 -14.793651
v -0.842512 -51.539154 -14.974453
v -1.725679 -53.012955 -14.654900
v 0.027143 -50.621452 -15.226385
v -1.474665 -53.824455 -14.333306
v 0.027143 -51.325584 -15.181692
v -0.841505 -54.444588 -14.184740
v 0.896791 -51.539154 -14.974453
v 4.563730 -50.621696 -14.215966
v 0.027143 -54.726898 -14.244932
v 1.532549 -52.156998 -14.793651
v 0.895784 -54.444588 -14.184740
v 4.554945 -52.929199 -14.082622
v 1.779963 -53.012955 -14.654900
v 4.172258 -55.105728 -13.162133
v 1.528944 -53.824455 -14.333306
v 6.187979 -56.152115 -9.960178
v 6.626291 -52.144646 -12.641096
v 7.168375 -51.529984 -12.283913
v 6.369001 -53.009987 -12.742187
v 7.882280 -50.621910 -11.818357
v 6.321985 -53.828033 -12.327060
v 7.880201 -51.315247 -11.783784
v 6.648302 -54.430679 -11.769664
v 8.355680 -51.525871 -11.039982
v 8.936720 -50.621956 -10.194324
v 8.693838 -52.134262 -10.487621
v 9.991156 -50.621986 -8.570292
v 7.204443 -55.105904 -11.010032
v 7.280142 -54.696724 -11.177452
v 7.864916 -54.426422 -10.539543
v 9.131327 -55.105988 -8.094563
v 7.841982 -56.152122 -7.476687
v 8.411020 -53.807358 -10.195612
v 9.808104 -55.105957 -3.924453
v 8.422903 -56.152122 -3.924454
v 9.999701 -54.315674 -4.764194
v 10.028563 -54.574593 -3.924453
v 10.152994 -53.704872 -5.381069
v 10.438459 -52.928444 -5.615707
v 9.971849 -52.929459 -8.510093
v 8.802794 -52.996643 -10.237807
v 10.487032 -52.081444 -5.361631
v 10.591066 -51.489258 -4.749306
v 10.731833 -50.621986 -3.924454
v 10.725901 -51.281845 -3.924451
v -4.101049 -12.079475 3.664758
v -4.451052 -11.451469 2.642770
v -5.331854 -11.451561 2.590549
v -4.801062 -10.823463 0.887476
v -7.087957 -10.823647 0.783036
v -6.376238 -11.067314 -0.639132
v -8.081202 -11.067314 -0.639132
v -5.209757 -9.989708 -1.211286
v -5.936255 -10.787193 -2.074402
v -4.053129 -11.445381 0.018478
v -4.944757 -12.291801 -0.530986
v -3.307646 -11.946541 0.550694
v -3.580492 -13.330101 0.568890
v -2.216230 -14.368446 1.190545
v -1.920694 -13.018120 0.802077
v 0.027143 -14.473061 1.316483
v 0.027143 -13.123131 0.877419
v -7.124662 -11.727531 -2.086932
v -5.936255 -10.787193 -2.074402
v -6.270430 -11.505989 -3.802893
v -7.460405 -12.069359 -3.915445
v -6.380625 -11.211037 -6.191613
v -7.119684 -11.565407 -6.844178
v -6.360914 -10.628059 -8.626308
v 0.027143 -13.123131 0.877419
v 0.027143 -13.123131 -1.523162
v -1.920694 -13.018120 0.802077
v -1.920256 -13.018120 -1.523162
v -3.307646 -11.946541 0.550694
v -3.307222 -11.838478 -1.523159
v -4.053129 -11.445381 0.018478
v -4.052702 -11.153297 -1.523168
v -6.360914 -10.628059 -8.626308
v -6.380625 -11.211037 -6.191613
v -5.142195 -10.893486 -5.642487
v -6.270430 -11.505989 -3.802893
v -5.142195 -10.609871 -3.252549
v -5.936255 -10.787193 -2.074402
v -5.142618 -9.891960 -1.735579
v -4.373888 -7.728401 -10.431244
v 0.027143 -7.728401 -10.431244
v -3.520441 -7.728401 -12.022358
v 0.027143 -7.728401 -12.022358
v -1.960527 -7.728401 -13.321369
v 0.027143 -7.728401 -14.055034
v -5.346167 -2.656914 -10.144808
v -3.782957 -2.656914 -10.141052
v -4.784597 -2.656914 -11.902881
v -3.252699 -2.656914 -11.899434
v -3.716127 -2.656914 -14.036018
v -2.637369 -2.656914 -13.490549
v -1.512674 -2.656883 -14.789558
v -2.108393 -2.656883 -15.832691
v 0.027143 -2.656883 -15.227848
v 0.027143 -2.656914 -16.507095
v -7.800394 -19.895363 1.449436
v -8.346857 -19.895546 1.568658
v -7.800409 -19.895256 -0.814638
v -9.390451 -19.895546 -0.813400
v -7.800409 -19.895134 -3.915536
v -9.987558 -19.895531 -3.915454
v -9.668573 -19.895531 -6.885917
v -7.800409 -19.895164 -6.884817
v -8.764078 -19.895531 -9.216697
v -7.800394 -19.895226 -9.215081
v 0.027143 -55.504349 2.365959
v 0.027143 -56.152130 3.394180
v -2.610113 -55.504539 1.905256
v -2.956663 -56.152130 2.783841
v -4.575495 -55.504723 0.689435
v -5.267733 -56.152122 1.277555
v -5.740576 -55.504723 -0.902412
v -6.563532 -56.152115 -0.438268
v -7.374731 -56.152122 -3.924454
v -6.537500 -55.504700 -3.924454
v -5.740576 -55.504723 -6.946496
v -6.563532 -56.152115 -7.410640
v -5.267733 -56.152122 -9.126463
v -4.575495 -55.504723 -8.538342
v -2.956663 -56.152122 -10.632749
v -2.610113 -55.504539 -9.754165
v 0.027143 -56.152122 -11.243088
v 0.027143 -55.504349 -10.214866
v -2.199690 -20.460350 6.071762
v -2.073507 -20.218605 5.375493
v -3.090059 -17.900063 5.450226
v -2.762197 -17.896919 4.598926
v -3.626783 -14.187599 4.557305
v -3.242598 -14.082466 3.822359
v -4.101049 -12.079475 3.664758
v -3.275618 -13.860756 2.878978
v -4.451052 -11.451469 2.642770
v -3.478163 -13.639046 2.098485
v -4.801062 -10.823463 0.887476
v 0.027143 -14.473061 1.316483
v 0.027143 -13.638863 2.321069
v 2.270514 -14.368446 1.190545
v 3.532446 -13.639046 2.098485
v 3.979303 -14.132210 0.609419
v 5.688093 -13.895943 0.028293
v 0.027143 -13.123131 0.877419
v 0.027143 -14.473061 1.316483
v 1.974974 -13.018120 0.802077
v 2.270514 -14.368446 1.190545
v 3.361929 -11.946541 0.550694
v 3.634775 -13.330101 0.568890
v 4.999037 -12.291801 -0.530986
v 4.107412 -11.445381 0.018478
v 5.990534 -10.787193 -2.074402
v 5.264040 -9.989708 -1.211286
v 7.173967 -11.565407 -6.844178
v 6.415194 -10.628059 -8.626308
v 6.434912 -11.211037 -6.191613
v 7.514685 -12.069359 -3.915445
v 6.324713 -11.505989 -3.802893
v 7.178942 -11.727531 -2.086932
v 5.990534 -10.787193 -2.074402
v 5.196901 -9.891960 -1.735579
v 5.990534 -10.787193 -2.074402
v 5.196478 -10.609871 -3.252549
v 6.324713 -11.505989 -3.802893
v 5.196478 -10.893486 -5.642487
v 6.434912 -11.211037 -6.191613
v 6.415194 -10.628059 -8.626308
v 1.974535 -13.018120 -1.523162
v 3.361506 -11.838478 -1.523159
v 1.974535 -13.736046 -3.252526
v 4.106989 -11.871193 -3.252532
v 1.974535 -13.443123 -5.642463
v 4.106989 -11.578285 -5.642469
v 3.652468 -11.244743 -8.466098
v 1.772676 -13.015404 -8.469612
v 0.027143 -55.504349 -10.214866
v 0.027143 -56.152122 -11.243088
v 2.664396 -55.504539 -9.754165
v 3.010950 -56.152122 -10.632749
v 4.629774 -55.504723 -8.538342
v 5.322012 -56.152122 -9.126463
v 5.794863 -55.504723 -6.946496
v 6.617811 -56.152115 -7.410640
v 7.429010 -56.152122 -3.924454
v 6.591780 -55.504700 -3.924454
v 5.794863 -55.504723 -0.902412
v 6.617811 -56.152115 -0.438268
v 5.322012 -56.152122 1.277555
v 4.629774 -55.504723 0.689435
v 3.010950 -56.152130 2.783841
v 2.664396 -55.504539 1.905256
v 0.027143 -56.152130 3.394180
v 0.027143 -55.504349 2.365959
v 2.014814 -7.728401 -13.321369
v 0.027143 -7.728401 -14.055034
v 0.027143 -7.728401 -12.022358
v 3.574724 -7.728401 -12.022358
v 0.027143 -7.728401 -10.431244
v 4.428171 -7.728401 -10.431244
v 5.197344 -10.646461 -8.701764
v 4.728174 -7.679634 -9.104726
v 3.652468 -11.244743 -8.466098
v 0.027143 -7.679634 -9.104726
v 1.772676 -13.015404 -8.469612
v 0.027143 -13.118797 -8.201517
v 0.027143 -2.656914 -16.507095
v 0.027143 -2.656883 -15.227848
v 2.162680 -2.656883 -15.832691
v 1.566957 -2.656883 -14.789558
v 3.770407 -2.656914 -14.036018
v 2.691648 -2.656914 -13.490549
v 3.306990 -2.656914 -11.899434
v 4.838877 -2.656914 -11.902881
v 3.837236 -2.656914 -10.141052
v 5.400446 -2.656914 -10.144808
v 7.854677 -19.895226 -9.215081
v 8.818365 -19.895531 -9.216697
v 7.854696 -19.895164 -6.884817
v 9.722853 -19.895531 -6.885917
v 7.854696 -19.895134 -3.915536
v 10.041834 -19.895531 -3.915454
v 9.444735 -19.895546 -0.813400
v 7.854689 -19.895256 -0.814638
v 8.401140 -19.895546 1.568658
v 7.854677 -19.895363 1.449436
v 3.532446 -13.639046 2.098485
v 0.027143 -13.638863 2.321069
v 3.329901 -13.860756 2.878978
v 0.027143 -13.860558 3.101558
v 3.296877 -14.082466 3.822359
v 0.027143 -14.082253 4.044940
v 0.027143 -20.224937 5.686224
v 2.127787 -20.218605 5.375493
v 0.027143 -17.899986 4.865582
v 2.816481 -17.896919 4.598926
v 0.027143 -14.082253 4.044940
v 3.296877 -14.082466 3.822359
v 4.855341 -10.823463 0.887476
v 3.532446 -13.639046 2.098485
v 4.505339 -11.451469 2.642770
v 3.329901 -13.860756 2.878978
v 4.155329 -12.079475 3.664758
v 3.296877 -14.082466 3.822359
v 3.681063 -14.187599 4.557305
v 2.816481 -17.896919 4.598926
v 3.144346 -17.900063 5.450226
v 2.127787 -20.218605 5.375493
v 2.253973 -20.460350 6.071762
v 0.027143 -58.635498 0.494689
v 2.652658 -59.497955 1.088295
v 0.027143 -59.497955 1.666692
v 2.101336 -58.635498 -0.095962
v 4.579557 -59.497948 -1.123648
v 3.623575 -58.635498 -1.709653
v 5.284849 -59.497948 -3.914021
v 4.180758 -58.635498 -3.914017
v 3.623575 -58.635498 -6.118335
v 4.579557 -59.497948 -6.704326
v 2.101336 -58.635498 -7.732023
v 2.652658 -59.497948 -8.916264
v 0.027143 -58.635498 -8.322676
v 0.027143 -59.497948 -9.494665
v 10.247850 -51.452682 -3.924451
v 10.200163 -51.630638 -4.612044
v 10.725901 -51.281845 -3.924451
v 10.591066 -51.489258 -4.749306
v 10.069883 -52.116852 -5.115396
v 10.487032 -52.081444 -5.361631
v 10.438459 -52.928444 -5.615707
v 9.891920 -52.781021 -5.299637
v 9.713964 -53.445168 -5.115397
v 10.152994 -53.704872 -5.381069
v 9.583681 -53.931381 -4.612045
v 9.999701 -54.315674 -4.764194
v 10.028563 -54.574593 -3.924453
v 9.536001 -54.109337 -3.924453
v -10.193567 -51.452682 -3.924451
v -10.145884 -51.630638 -3.236858
v -10.671625 -51.281845 -3.924451
v -10.536783 -51.489258 -3.099596
v -10.015604 -52.116852 -2.733506
v -10.432749 -52.081444 -2.487272
v -10.384180 -52.928444 -2.233197
v -9.837648 -52.781021 -2.549267
v -9.659678 -53.445168 -2.733507
v -10.098719 -53.704872 -2.467836
v -9.529406 -53.931381 -3.236860
v -9.945414 -54.315674 -3.084712
v -9.974276 -54.574593 -3.924453
v -9.481722 -54.109337 -3.924453
v 0.027143 -14.473061 1.316483
v -2.216230 -14.368446 1.190545
v 0.027143 -13.638863 2.321069
v -3.478163 -13.639046 2.098485
v -3.925020 -14.132210 0.609419
v -5.633802 -13.895943 0.028293
v -1.920256 -13.018120 -1.523162
v -1.920256 -13.736046 -3.252526
v -3.307222 -11.838478 -1.523159
v -4.052702 -11.871193 -3.252532
v -1.920256 -13.443123 -5.642463
v -4.052702 -11.578285 -5.642469
v -3.598188 -11.244743 -8.466098
v -1.718397 -13.015404 -8.469612
v -5.143064 -10.646461 -8.701764
v -3.598188 -11.244743 -8.466098
v -4.673883 -7.679634 -9.104726
v 0.027143 -7.679634 -9.104726
v -1.718397 -13.015404 -8.469612
v 0.027143 -13.118797 -8.201517
v -4.673883 -7.679634 -9.104726
v -4.373888 -7.728401 -10.431244
v -3.782957 -2.656914 -10.141052
v -3.252699 -2.656914 -11.899434
v -3.520441 -7.728401 -12.022358
v -2.637369 -2.656914 -13.490549
v -1.960527 -7.728401 -13.321369
v -1.512674 -2.656883 -14.789558
v 0.027143 -7.728401 -14.055034
v 0.027143 -2.656883 -15.227848
v 0.027143 -3.430733 -17.004637
v -2.108393 -2.656883 -15.832691
v 0.027143 -2.656914 -16.507095
v -2.525393 -3.430733 -16.376017
v -3.716127 -2.656914 -14.036018
v -4.571741 -3.430733 -14.289936
v -4.784597 -2.656914 -11.902881
v -5.791559 -3.430733 -11.872567
v -5.346167 -2.656914 -10.144808
v -6.369036 -3.430779 -9.917740
v -5.346167 -2.656914 -10.144808
v -6.369036 -3.430779 -9.917740
v -3.782957 -2.656914 -10.141052
v -4.673883 -7.679634 -9.104726
v -8.120745 -10.250725 -8.620097
v -6.360914 -10.628059 -8.626308
v -3.478163 -13.639046 2.098485
v -3.275618 -13.860756 2.878978
v 0.027143 -13.638863 2.321069
v 0.027143 -13.860558 3.101558
v -3.242598 -14.082466 3.822359
v 0.027143 -14.082253 4.044940
v 0.027143 -20.224937 5.686224
v 0.027143 -17.899986 4.865582
v -2.073507 -20.218605 5.375493
v -2.762197 -17.896919 4.598926
v 0.027143 -14.082253 4.044940
v -3.242598 -14.082466 3.822359
v -7.124662 -11.727531 -2.086932
v -8.081202 -11.067314 -0.639132
v -6.376238 -11.067314 -0.639132
v -8.829622 -11.727531 -2.086932
v -7.460405 -12.069359 -3.915445
v -9.165377 -12.069359 -3.915445
v -8.741488 -11.600655 -6.855087
v -7.119684 -11.565407 -6.844178
v -3.580492 -13.330101 0.568890
v -3.925020 -14.132210 0.609419
v -2.216230 -14.368446 1.190545
v -4.944757 -12.291801 -0.530986
v -5.633802 -13.895943 0.028293
v -7.124662 -11.727531 -2.086932
v -5.936255 -10.787193 -2.074402
v 0.027143 -13.123131 0.877419
v 1.974974 -13.018120 0.802077
v 0.027143 -13.123131 -1.523162
v 1.974535 -13.018120 -1.523162
v 3.361929 -11.946541 0.550694
v 3.361506 -11.838478 -1.523159
v 4.107412 -11.445381 0.018478
v 4.106989 -11.153297 -1.523168
v 4.428171 -7.728401 -10.431244
v 4.728174 -7.679634 -9.104726
v 3.837236 -2.656914 -10.141052
v 3.306990 -2.656914 -11.899434
v 3.574724 -7.728401 -12.022358
v 2.691648 -2.656914 -13.490549
v 2.014814 -7.728401 -13.321369
v 1.566957 -2.656883 -14.789558
v 0.027143 -7.728401 -14.055034
v 0.027143 -2.656883 -15.227848
v 0.027143 -2.656914 -16.507095
v 2.162680 -2.656883 -15.832691
v 0.027143 -3.430733 -17.004637
v 2.579676 -3.430733 -16.376017
v 3.770407 -2.656914 -14.036018
v 4.626020 -3.430733 -14.289936
v 4.838877 -2.656914 -11.902881
v 5.845842 -3.430733 -11.872567
v 5.400446 -2.656914 -10.144808
v 6.423315 -3.430779 -9.917740
v 6.423315 -3.430779 -9.917740
v 5.400446 -2.656914 -10.144808
v 3.837236 -2.656914 -10.141052
v 4.728174 -7.679634 -9.104726
v 8.175020 -10.250725 -8.620097
v 6.415194 -10.628059 -8.626308
v 8.135481 -11.067314 -0.639132
v 7.178942 -11.727531 -2.086932
v 6.430521 -11.067314 -0.639132
v 8.883909 -11.727531 -2.086932
v 7.514685 -12.069359 -3.915445
v 9.219660 -12.069359 -3.915445
v 8.795763 -11.600655 -6.855087
v 7.173967 -11.565407 -6.844178
v 3.979303 -14.132210 0.609419
v 3.634775 -13.330101 0.568890
v 2.270514 -14.368446 1.190545
v 4.999037 -12.291801 -0.530986
v 5.688093 -13.895943 0.028293
v 7.178942 -11.727531 -2.086932
v 5.990534 -10.787193 -2.074402
v 3.031988 -28.008919 5.596735
v 2.932680 -28.002281 5.290239
v 0.027143 -27.986595 5.793625
v 0.027143 -28.008781 6.398579
v -2.977701 -28.008919 5.596735
v -2.878393 -28.002281 5.290239
v 0.027143 -13.123131 -1.523162
v 0.027143 -13.841042 -3.252526
v -1.920256 -13.018120 -1.523162
v -1.920256 -13.736046 -3.252526
v -1.920256 -13.443123 -5.642463
v 0.027143 -13.548119 -5.642463
v 0.027143 -13.118797 -8.201517
v -1.718397 -13.015404 -8.469612
v -5.142618 -9.891960 -1.735579
v -4.052702 -11.153297 -1.523168
v -5.142195 -10.609871 -3.252549
v -4.052702 -11.871193 -3.252532
v -4.052702 -11.578285 -5.642469
v -5.142195 -10.893486 -5.642487
v -3.598188 -11.244743 -8.466098
v -5.143064 -10.646461 -8.701764
v -6.360914 -10.628059 -8.626308
v 0.027143 -56.152092 -12.565984
v 0.027143 -56.152122 -11.243088
v -3.423731 -56.152092 -11.803467
v -2.956663 -56.152122 -10.632749
v -5.267733 -56.152122 -9.126463
v -6.133692 -56.152115 -9.960178
v -6.563532 -56.152115 -7.410640
v -7.787699 -56.152122 -7.476687
v -7.374731 -56.152122 -3.924454
v -8.368616 -56.152122 -3.924454
v -7.787699 -56.152122 -0.372222
v -6.563532 -56.152115 -0.438268
v -6.133692 -56.152115 2.111270
v -5.267733 -56.152122 1.277555
v -3.423731 -56.152122 3.954558
v -2.956663 -56.152130 2.783841
v 0.027143 -56.152130 3.394180
v 0.027143 -56.152122 4.717075
v -7.800409 -33.431602 -7.564797
v -9.011644 -33.431206 -7.565385
v -7.800409 -33.431587 -3.924425
v -9.486040 -33.431206 -3.924450
v -9.011644 -33.431206 -0.283514
v -7.800409 -33.431602 -0.284101
v 0.027143 -13.123131 -1.523162
v 1.974535 -13.018120 -1.523162
v 0.027143 -13.841042 -3.252526
v 1.974535 -13.736046 -3.252526
v 1.974535 -13.443123 -5.642463
v 0.027143 -13.548119 -5.642463
v 0.027143 -13.118797 -8.201517
v 1.772676 -13.015404 -8.469612
v 4.106989 -11.153297 -1.523168
v 5.196901 -9.891960 -1.735579
v 5.196478 -10.609871 -3.252549
v 4.106989 -11.871193 -3.252532
v 4.106989 -11.578285 -5.642469
v 5.196478 -10.893486 -5.642487
v 3.652468 -11.244743 -8.466098
v 5.197344 -10.646461 -8.701764
v 6.415194 -10.628059 -8.626308
v 0.027143 -56.152092 -12.565984
v 3.478010 -56.152092 -11.803467
v 0.027143 -56.152122 -11.243088
v 3.010950 -56.152122 -10.632749
v 5.322012 -56.152122 -9.126463
v 6.187979 -56.152115 -9.960178
v 6.617811 -56.152115 -7.410640
v 7.841982 -56.152122 -7.476687
v 7.429010 -56.152122 -3.924454
v 8.422903 -56.152122 -3.924454
v 7.841982 -56.152122 -0.372222
v 6.617811 -56.152115 -0.438268
v 6.187979 -56.152115 2.111270
v 5.322012 -56.152122 1.277555
v 3.478010 -56.152122 3.954558
v 3.010950 -56.152130 2.783841
v 0.027143 -56.152130 3.394180
v 0.027143 -56.152122 4.717075
v 7.854689 -33.431602 -7.564797
v 7.854689 -33.431587 -3.924425
v 9.065928 -33.431206 -7.565385
v 9.540323 -33.431206 -3.924450
v 9.065928 -33.431206 -0.283514
v 7.854689 -33.431602 -0.284101
v 8.818365 -19.895531 -9.216697
v 8.632872 -29.294594 -7.972454
v 7.235586 -27.809944 -11.195484
v 7.367605 -32.886040 -11.313101
v 9.065928 -33.431206 -7.565385
v 4.468512 -31.549263 -13.193956
v 9.240976 -38.210701 -8.236271
v 4.493891 -38.210701 -13.642645
v 2.247828 -32.975136 -14.037043
v 7.499613 -38.210701 -11.430718
v 9.125906 -45.846458 -9.454203
v 0.027143 -38.210701 -14.745186
v 0.027143 -33.680763 -14.524187
v -2.193548 -32.975136 -14.037043
v 7.763453 -45.846458 -11.702885
v 8.936720 -50.621956 -10.194324
v 7.882280 -50.621910 -11.818357
v 4.563730 -50.621696 -14.215966
v 4.544111 -45.846458 -14.076260
v 0.027143 -50.621452 -15.226385
v 0.027143 -45.846458 -15.111448
v -4.489832 -45.846458 -14.076260
v -4.509455 -50.621696 -14.215966
v -4.439611 -38.210701 -13.642645
v -4.414232 -31.549263 -13.193956
v -7.709169 -45.846458 -11.702885
v -7.827997 -50.621910 -11.818357
v -8.882433 -50.621956 -10.194324
v -9.071619 -45.846458 -9.454203
v -7.445330 -38.210701 -11.430718
v -9.186701 -38.210701 -8.236271
v -7.313318 -32.886040 -11.313101
v -9.011644 -33.431206 -7.565385
v -7.181307 -27.809944 -11.195484
v -8.578592 -29.294594 -7.972454
v -8.764078 -19.895531 -9.216697
v -8.764078 -19.895531 -9.216697
v -9.668573 -19.895531 -6.885917
v -9.028574 -15.847496 -8.162552
v -9.298326 -15.793770 -6.972438
v -8.741488 -11.600655 -6.855087
v -9.987558 -19.895531 -3.915454
v -9.165377 -12.069359 -3.915445
v -9.685984 -15.651680 -3.915450
v -9.199373 -15.486885 -1.533292
v -9.390451 -19.895546 -0.813400
v -8.829622 -11.727531 -2.086932
v -8.418062 -14.992302 0.011350
v -8.346857 -19.895546 1.568658
v -8.081202 -11.067314 -0.639132
v -7.800409 -19.895164 -6.884817
v -7.800394 -19.895226 -9.215081
v -7.800394 -29.294594 -7.971356
v -7.800409 -29.300835 -3.924518
v -7.800409 -33.431602 -7.564797
v -7.800409 -19.895134 -3.915536
v -7.800409 -33.431587 -3.924425
v -7.800409 -33.431602 -0.284101
v -7.800409 -19.895256 -0.814638
v -7.800394 -29.294716 0.206282
v -7.800394 -19.895363 1.449436
v -9.936869 -50.622002 0.721381
v -8.882433 -50.621971 2.345413
v -9.069864 -45.846474 1.608191
v -9.680063 -45.846474 0.601081
v -10.677553 -50.621986 -3.924454
v -9.186701 -38.210716 0.387365
v -10.427469 -45.846474 -3.924458
v -9.680063 -45.846458 -8.449997
v -9.936869 -50.621986 -8.570292
v -9.071619 -45.846458 -9.454203
v -8.882433 -50.621956 -10.194324
v -9.186701 -38.210701 -8.236271
v -9.846704 -38.210701 -3.924453
v -9.011644 -33.431206 -0.283514
v -9.011644 -33.431206 -7.565385
v -9.486040 -33.431206 -3.924450
v 8.818365 -19.895531 -9.216697
v 9.082857 -15.847496 -8.162552
v 9.722853 -19.895531 -6.885917
v 9.352613 -15.793770 -6.972438
v 8.795763 -11.600655 -6.855087
v 10.041834 -19.895531 -3.915454
v 9.219660 -12.069359 -3.915445
v 9.740267 -15.651680 -3.915450
v 9.253653 -15.486885 -1.533292
v 9.444735 -19.895546 -0.813400
v 8.883909 -11.727531 -2.086932
v 8.472342 -14.992302 0.011350
v 8.401140 -19.895546 1.568658
v 8.135481 -11.067314 -0.639132
v 7.854677 -19.895226 -9.215081
v 7.854696 -19.895164 -6.884817
v 7.854677 -29.294594 -7.971356
v 7.854689 -29.300835 -3.924518
v 7.854689 -33.431602 -7.564797
v 7.854696 -19.895134 -3.915536
v 7.854689 -33.431587 -3.924425
v 7.854689 -33.431602 -0.284101
v 7.854689 -19.895256 -0.814638
v 7.854677 -29.294716 0.206282
v 7.854677 -19.895363 1.449436
v 9.991156 -50.622002 0.721381
v 9.124140 -45.846474 1.608191
v 8.936720 -50.621971 2.345413
v 9.734339 -45.846474 0.601081
v 9.240976 -38.210716 0.387365
v 10.731833 -50.621986 -3.924454
v 10.481756 -45.846474 -3.924458
v 9.900991 -38.210701 -3.924453
v 9.065928 -33.431206 -0.283514
v 9.540323 -33.431206 -3.924450
v 9.065928 -33.431206 -7.565385
v 9.240976 -38.210701 -8.236271
v 9.734339 -45.846458 -8.449997
v 9.991156 -50.621986 -8.570292
v 9.125906 -45.846458 -9.454203
v 8.936720 -50.621956 -10.194324
v -2.047052 -58.635498 -0.095962
v 0.027143 -58.635498 -3.914014
v 0.027143 -58.635498 0.494689
v -3.569296 -58.635498 -1.709653
v -4.126474 -58.635498 -3.914017
v -3.569296 -58.635498 -6.118335
v -2.047052 -58.635498 -7.732023
v 0.027143 -58.635498 -8.322676
v 0.027143 -58.635498 -3.914014
v 2.101336 -58.635498 -0.095962
v 0.027143 -58.635498 0.494689
v 3.623575 -58.635498 -1.709653
v 4.180758 -58.635498 -3.914017
v 3.623575 -58.635498 -6.118335
v 2.101336 -58.635498 -7.732023
v 0.027143 -58.635498 -8.322676
v 0.027143 -52.824905 -13.953054
v 0.027143 -54.179146 -13.590188
v -0.673868 -53.997696 -13.638802
v -1.187048 -53.502014 -13.771621
v -1.374876 -52.824905 -13.953054
v -1.187048 -52.147774 -14.134490
v -0.673868 -51.652092 -14.267308
v 0.027143 -51.470627 -14.315924
v 0.027143 -54.218658 5.730698
v 0.027143 -52.824928 6.104152
v -0.694315 -54.031937 5.780732
v -1.222456 -53.521782 5.917425
v -1.415773 -52.824928 6.104152
v -1.222456 -52.128044 6.290879
v -0.694315 -51.617897 6.427573
v 0.027143 -51.431152 6.477607
v 0.027143 -54.179146 -13.590188
v 0.027143 -52.824905 -13.953054
v 0.728151 -53.997696 -13.638802
v 1.241327 -53.502014 -13.771621
v 1.429159 -52.824905 -13.953054
v 1.241327 -52.147774 -14.134490
v 0.728151 -51.652092 -14.267308
v 0.027143 -51.470627 -14.315924
v 0.027143 -52.824928 6.104152
v 0.027143 -54.218658 5.730698
v 0.748598 -54.031937 5.780732
v 1.276739 -53.521782 5.917425
v 1.470053 -52.824928 6.104152
v 1.276739 -52.128044 6.290879
v 0.748598 -51.617897 6.427573
v 0.027143 -51.431152 6.477607
v 0.027143 -59.284096 2.057359
v -2.598379 -59.497955 1.088295
v 0.027143 -59.497955 1.666692
v -2.782145 -59.284096 1.483047
v 0.027143 -58.128647 2.733134
v -4.843935 -59.284088 -0.928313
v -4.525270 -59.497948 -1.123648
v -3.103193 -58.128647 2.093823
v 0.027143 -56.924438 3.231220
v -5.398325 -58.128632 -0.590432
v -5.598608 -59.284088 -3.914021
v -5.230570 -59.497948 -3.914021
v -4.525270 -59.497948 -6.704326
v -6.238398 -58.128632 -3.914014
v -4.843935 -59.284088 -6.899656
v -2.598379 -59.497948 -8.916264
v 0.027143 -59.497948 -9.494665
v 0.027143 -59.284088 -9.885331
v -2.782145 -59.284088 -9.311009
v 0.027143 -58.128632 -10.561130
v -5.398325 -58.128632 -7.237563
v -3.103193 -58.128632 -9.921813
v 0.027143 -56.924423 -11.059261
v -6.710581 -56.924423 -3.914013
v -5.807566 -56.924423 -7.486640
v -3.340441 -56.924423 -10.372041
v 0.027143 -54.666069 -11.201290
v -3.408384 -54.666092 -10.500411
v -5.924547 -54.666092 -7.557659
v -6.845514 -54.666092 -3.914012
v -5.807566 -56.924423 -0.341401
v -5.924547 -54.666092 -0.270400
v -3.340441 -56.924438 2.544001
v -3.408384 -54.666092 2.672352
v 0.027143 -54.666100 3.373232
v 0.027143 -59.497955 1.666692
v 2.652658 -59.497955 1.088295
v 0.027143 -59.284096 2.057359
v 2.836428 -59.284096 1.483047
v 0.027143 -58.128647 2.733134
v 4.898214 -59.284088 -0.928313
v 4.579557 -59.497948 -1.123648
v 3.157476 -58.128647 2.093823
v 0.027143 -56.924438 3.231220
v 5.452612 -58.128632 -0.590432
v 5.652887 -59.284088 -3.914021
v 5.284849 -59.497948 -3.914021
v 4.579557 -59.497948 -6.704326
v 6.292681 -58.128632 -3.914014
v 4.898214 -59.284088 -6.899656
v 2.652658 -59.497948 -8.916264
v 0.027143 -59.497948 -9.494665
v 0.027143 -59.284088 -9.885331
v 2.836428 -59.284088 -9.311009
v 0.027143 -58.128632 -10.561130
v 5.452612 -58.128632 -7.237563
v 3.157476 -58.128632 -9.921813
v 0.027143 -56.924423 -11.059261
v 6.764860 -56.924423 -3.914013
v 5.861856 -56.924423 -7.486640
v 3.394720 -56.924423 -10.372041
v 0.027143 -54.666069 -11.201290
v 3.462664 -54.666092 -10.500411
v 5.978834 -54.666092 -7.557659
v 6.899797 -54.666092 -3.914012
v 5.861856 -56.924423 -0.341401
v 5.978834 -54.666092 -0.270400
v 3.394720 -56.924438 2.544001
v 3.462664 -54.666092 2.672352
v 0.027143 -54.666100 3.373232
v 8.401140 -19.895546 1.568658
v 6.980726 -20.841209 2.887271
v 8.632872 -29.294594 0.207461
v 7.235586 -28.711464 3.346592
v 5.541723 -21.515678 4.123302
v 7.367605 -33.431206 3.464201
v 9.065928 -33.431206 -0.283514
v 9.240976 -38.210716 0.387365
v 4.450315 -28.009010 5.218252
v 4.102720 -22.190224 5.145237
v 3.031988 -28.008919 5.596735
v 4.472105 -33.431206 5.505995
v 0.027143 -33.431206 6.647429
v 0.027143 -28.008781 6.398579
v -2.977701 -28.008919 5.596735
v 4.493891 -38.210716 5.793738
v 0.027143 -38.210716 6.896278
v -4.417830 -33.431206 5.505995
v 7.499613 -38.210716 3.581811
v 9.124140 -45.846474 1.608191
v 7.763453 -45.846474 3.853967
v 8.936720 -50.621971 2.345413
v 7.882280 -50.621925 3.969445
v 4.563730 -50.621727 6.367056
v 4.544111 -45.846474 6.227342
v 0.027143 -50.621468 7.377474
v 0.027143 -45.846474 7.262531
v -4.489832 -45.846474 6.227342
v -4.509455 -50.621727 6.367056
v -4.439611 -38.210716 5.793738
v -7.709169 -45.846474 3.853967
v -7.827997 -50.621925 3.969445
v -8.882433 -50.621971 2.345413
v -9.069864 -45.846474 1.608191
v -7.445330 -38.210716 3.581811
v -9.186701 -38.210716 0.387365
v -7.313318 -33.431206 3.464201
v -9.011644 -33.431206 -0.283514
v -8.578592 -29.294594 0.207461
v -7.181307 -28.711464 3.346592
v -6.926443 -20.841209 2.887271
v -8.346857 -19.895546 1.568658
v -5.487444 -21.515678 4.123302
v -4.396036 -28.009010 5.218252
v -4.048441 -22.190224 5.145237
v 8.795763 -11.600655 -6.855087
v 9.082857 -15.847496 -8.162552
v 8.175020 -10.250725 -8.620097
v 8.507818 -15.961983 -10.699484
v 8.818365 -19.895531 -9.216697
v 7.928656 -10.250710 -11.629307
v 6.423315 -3.430779 -9.917740
v 5.845842 -3.430733 -11.872567
v 7.211805 -21.509132 -13.621820
v 6.474379 -10.250710 -14.442710
v 4.626020 -3.430733 -14.289936
v 7.028627 -16.195824 -14.080693
v 3.370947 -10.250725 -17.107246
v 2.579676 -3.430733 -16.376017
v 4.094072 -16.429649 -17.123556
v 0.027143 -10.250725 -17.708107
v 0.027143 -3.430733 -17.004637
v -2.525393 -3.430733 -16.376017
v 0.027143 -16.572197 -18.056086
v -3.316668 -10.250725 -17.107246
v -4.571741 -3.430733 -14.289936
v 4.277716 -21.941597 -16.822859
v -6.420099 -10.250710 -14.442710
v -5.791559 -3.430733 -11.872567
v 7.173174 -24.734550 -12.965071
v 7.235586 -27.809944 -11.195484
v 4.418482 -26.497520 -15.747207
v 0.027143 -22.195473 -17.800833
v 4.393820 -29.544334 -14.912560
v 4.468512 -31.549263 -13.193956
v 0.027143 -26.974007 -16.887791
v 0.027143 -30.114876 -15.929796
v 2.247828 -32.975136 -14.037043
v 0.027143 -33.680763 -14.524187
v -2.193548 -32.975136 -14.037043
v -4.414232 -31.549263 -13.193956
v -4.339537 -29.544334 -14.912560
v -7.181307 -27.809944 -11.195484
v -4.364202 -26.497520 -15.747207
v -7.118895 -24.734550 -12.965071
v -8.764078 -19.895531 -9.216697
v -4.223436 -21.941597 -16.822859
v -7.157518 -21.509132 -13.621820
v -4.039782 -16.429649 -17.123556
v -6.974337 -16.195824 -14.080693
v -8.453539 -15.961983 -10.699484
v -9.028574 -15.847496 -8.162552
v -7.874376 -10.250710 -11.629307
v -6.369036 -3.430779 -9.917740
v -8.120745 -10.250725 -8.620097
v -8.741488 -11.600655 -6.855087
v -0.011705 -62.382179 -6.414422
v -0.011694 -58.146751 -7.268373
v 2.613169 -62.382179 -5.170498
v -0.011705 -63.993462 -3.439846
v 3.366739 -58.146751 -5.667338
v 2.613169 -62.382179 -1.709191
v -0.011705 -62.382195 -0.465267
v 3.366720 -58.146751 -1.212345
v -0.011694 -58.146751 0.388696
v -0.011694 -58.146751 -7.268373
v -0.011705 -62.382179 -6.414422
v -2.636568 -62.382179 -5.170498
v -3.390139 -58.146751 -5.667338
v -0.011705 -63.993462 -3.439846
v -2.636568 -62.382179 -1.709191
v -3.390120 -58.146751 -1.212345
v -0.011705 -62.382195 -0.465267
v -0.011694 -58.146751 0.388696
v 0.895784 -54.444588 -14.184740
v 0.728151 -53.997696 -13.638802
v 1.528944 -53.824455 -14.333306
v 0.027143 -54.726898 -14.244932
v 1.241327 -53.502014 -13.771621
v 0.027143 -54.179146 -13.590188
v 1.779963 -53.012955 -14.654900
v -0.673868 -53.997696 -13.638802
v 1.429159 -52.824905 -13.953054
v -0.841505 -54.444588 -14.184740
v 1.241327 -52.147774 -14.134490
v -1.474665 -53.824455 -14.333306
v 1.532549 -52.156998 -14.793651
v -1.187048 -53.502014 -13.771621
v 0.896791 -51.539154 -14.974453
v -1.725679 -53.012955 -14.654900
v 0.728151 -51.652092 -14.267308
v -1.374876 -52.824905 -13.953054
v 0.027143 -51.470627 -14.315924
v -1.187048 -52.147774 -14.134490
v 0.027143 -51.325584 -15.181692
v -1.478266 -52.156998 -14.793651
v -0.842512 -51.539154 -14.974453
v -0.673868 -51.652092 -14.267308
v 8.118979 -52.824905 -10.015198
v 8.802794 -52.996643 -10.237807
v 8.411020 -53.807358 -10.195612
v 8.693838 -52.134262 -10.487621
v 7.855452 -53.508286 -10.019765
v 8.114412 -52.141502 -10.278727
v 7.864916 -54.426422 -10.539543
v 8.355680 -51.525871 -11.039982
v 7.394442 -54.008560 -10.291205
v 7.842970 -51.641228 -10.739737
v 7.280142 -54.696724 -11.177452
v 7.377394 -51.458122 -11.274705
v 6.859468 -54.191658 -10.756784
v 7.880201 -51.315247 -11.783784
v 6.393892 -54.008553 -11.291753
v 6.842421 -51.641228 -11.740284
v 6.648302 -54.430679 -11.769664
v 7.168375 -51.529984 -12.283913
v 6.122450 -53.508286 -11.752766
v 6.381411 -52.141502 -12.011726
v 6.321985 -53.828033 -12.327060
v 6.626291 -52.144646 -12.641096
v 6.117880 -52.824905 -12.016294
v 6.369001 -53.009987 -12.742187
v 6.855024 -54.215157 2.903433
v 7.280142 -54.696754 3.328546
v 7.399179 -54.028885 2.429859
v 6.381453 -54.028885 3.447588
v 7.864916 -54.426422 2.690637
v 6.648302 -54.430710 3.920759
v 7.868105 -53.520027 2.153757
v 6.105349 -53.520035 3.916517
v 8.411020 -53.807365 2.346707
v 6.321985 -53.828056 4.478155
v 8.136160 -52.824913 2.149112
v 6.100702 -52.824913 4.184572
v 8.802794 -52.996651 2.388903
v 6.369001 -53.010010 4.893282
v 8.693838 -52.134270 2.638719
v 6.626291 -52.144669 4.792193
v 8.131514 -52.129784 2.417167
v 6.368757 -52.129784 4.179927
v 8.355680 -51.525887 3.191081
v 7.168375 -51.529991 4.435011
v 7.855413 -51.620918 2.886096
v 6.837679 -51.620918 3.903826
v 7.381842 -51.434647 3.430250
v 7.880201 -51.315254 3.934882
v -6.805189 -54.191658 -10.756784
v -7.225851 -54.696724 -11.177452
v -7.340155 -54.008560 -10.291205
v -6.339609 -54.008553 -11.291753
v -7.810633 -54.426422 -10.539543
v -6.594015 -54.430679 -11.769664
v -7.801172 -53.508286 -10.019765
v -6.068171 -53.508286 -11.752766
v -8.356737 -53.807358 -10.195612
v -6.267706 -53.828033 -12.327060
v -8.064699 -52.824905 -10.015198
v -6.063601 -52.824905 -12.016294
v -8.748507 -52.996643 -10.237807
v -6.314722 -53.009987 -12.742187
v -8.639559 -52.134262 -10.487621
v -6.572012 -52.144646 -12.641096
v -8.060129 -52.141502 -10.278727
v -6.327135 -52.141502 -12.011726
v -8.301394 -51.525871 -11.039982
v -7.114096 -51.529984 -12.283913
v -7.788683 -51.641228 -10.739737
v -6.788137 -51.641228 -11.740284
v -7.323111 -51.458122 -11.274705
v -7.825922 -51.315247 -11.783784
v -0.841505 -54.444603 6.335835
v -0.694315 -54.031937 5.780732
v -1.474665 -53.824471 6.484402
v 0.027143 -54.726929 6.396028
v -1.222456 -53.521782 5.917425
v 0.027143 -54.218658 5.730698
v -1.725679 -53.012978 6.805997
v 0.748598 -54.031937 5.780732
v -1.415773 -52.824928 6.104152
v 0.895784 -54.444603 6.335835
v -1.222456 -52.128044 6.290879
v 1.528944 -53.824471 6.484402
v -1.478266 -52.157028 6.944747
v 1.276739 -53.521782 5.917425
v -0.842512 -51.539185 7.125552
v 1.779963 -53.012978 6.805997
v -0.694315 -51.617897 6.427573
v 1.470053 -52.824928 6.104152
v 0.027143 -51.431152 6.477607
v 1.276739 -52.128044 6.290879
v 0.027143 -51.325607 7.332791
v 1.532549 -52.157028 6.944747
v 0.896791 -51.539185 7.125552
v 0.748598 -51.617897 6.427573
v -6.800741 -54.215157 2.903433
v -7.225851 -54.696754 3.328546
v -6.327166 -54.028885 3.447588
v -7.344896 -54.028885 2.429859
v -6.594015 -54.430710 3.920759
v -7.810633 -54.426422 2.690637
v -6.051065 -53.520035 3.916517
v -7.813822 -53.520027 2.153757
v -6.267706 -53.828056 4.478155
v -8.356737 -53.807365 2.346707
v -6.046419 -52.824913 4.184572
v -8.081881 -52.824913 2.149112
v -6.314722 -53.010010 4.893282
v -8.748507 -52.996651 2.388903
v -6.572012 -52.144669 4.792193
v -8.639559 -52.134270 2.638719
v -6.314474 -52.129784 4.179927
v -8.077234 -52.129784 2.417167
v -7.114096 -51.529991 4.435011
v -8.301394 -51.525887 3.191081
v -6.783400 -51.620918 3.903826
v -7.801126 -51.620918 2.886096
v -7.327562 -51.434647 3.430250
v -7.825922 -51.315254 3.934882
v 7.142244 -10.823647 0.783036
v 7.601194 -14.704689 1.521599
v 8.135481 -11.067314 -0.639132
v 8.472342 -14.992302 0.011350
v 6.261648 -14.436562 2.920421
v 5.386133 -11.451561 2.590549
v 7.358603 -17.866280 2.345748
v 8.401140 -19.895546 1.568658
v 6.980726 -20.841209 2.887271
v 6.082277 -17.901253 3.633220
v 5.541723 -21.515678 4.123302
v 5.129530 -14.252525 3.929963
v 4.155329 -12.079475 3.664758
v 3.681063 -14.187599 4.557305
v 4.791460 -17.932503 4.722093
v 3.144346 -17.900063 5.450226
v 4.102720 -22.190224 5.145237
v 2.253973 -20.460350 6.071762
v 2.124472 -22.263329 6.047404
v 2.932680 -28.002281 5.290239
v 0.027143 -20.482384 6.376961
v 0.027143 -27.986595 5.793625
v 0.027143 -22.340828 6.386806
v -2.070185 -22.263329 6.047404
v -2.878393 -28.002281 5.290239
v -2.199690 -20.460350 6.071762
v -4.048441 -22.190224 5.145237
v -4.737173 -17.932503 4.722093
v -3.090059 -17.900063 5.450226
v -5.487444 -21.515678 4.123302
v -3.626783 -14.187599 4.557305
v -6.027990 -17.901253 3.633220
v -6.926443 -20.841209 2.887271
v -5.075251 -14.252525 3.929963
v -4.101049 -12.079475 3.664758
v -5.331854 -11.451561 2.590549
v -6.207369 -14.436562 2.920421
v -7.087957 -10.823647 0.783036
v -7.304323 -17.866280 2.345748
v -8.346857 -19.895546 1.568658
v -8.418062 -14.992302 0.011350
v -7.546911 -14.704689 1.521599
v -8.081202 -11.067314 -0.639132
v -7.064150 -52.824905 -11.015745
v -7.340155 -54.008560 -10.291205
v -7.801172 -53.508286 -10.019765
v -8.064699 -52.824905 -10.015198
v -6.805189 -54.191658 -10.756784
v -8.060129 -52.141502 -10.278727
v -6.339609 -54.008553 -11.291753
v -7.788683 -51.641228 -10.739737
v -6.068171 -53.508286 -11.752766
v -7.323111 -51.458122 -11.274705
v -6.063601 -52.824905 -12.016294
v -6.788137 -51.641228 -11.740284
v -6.327135 -52.141502 -12.011726
v -9.837648 -52.781021 -3.924452
v -9.529406 -53.931381 -4.612045
v -9.481722 -54.109337 -3.924453
v -9.659678 -53.445168 -5.115397
v -9.529406 -53.931381 -3.236860
v -9.837648 -52.781021 -5.299637
v -9.659678 -53.445168 -2.733507
v -10.015604 -52.116852 -5.115396
v -9.837648 -52.781021 -2.549267
v -10.145884 -51.630638 -4.612044
v -10.015604 -52.116852 -2.733506
v -10.193567 -51.452682 -3.924451
v -10.145884 -51.630638 -3.236858
v -7.344896 -54.028885 2.429859
v -7.064150 -52.824913 3.166842
v -7.813822 -53.520027 2.153757
v -6.800741 -54.215157 2.903433
v -8.081881 -52.824913 2.149112
v -6.327166 -54.028885 3.447588
v -8.077234 -52.129784 2.417167
v -6.051065 -53.520035 3.916517
v -7.801126 -51.620918 2.886096
v -6.046419 -52.824913 4.184572
v -7.327562 -51.434647 3.430250
v -6.314474 -52.129784 4.179927
v -6.783400 -51.620918 3.903826
v 7.394442 -54.008560 -10.291205
v 7.118433 -52.824905 -11.015745
v 7.855452 -53.508286 -10.019765
v 6.859468 -54.191658 -10.756784
v 8.118979 -52.824905 -10.015198
v 6.393892 -54.008553 -11.291753
v 8.114412 -52.141502 -10.278727
v 6.122450 -53.508286 -11.752766
v 7.842970 -51.641228 -10.739737
v 6.117880 -52.824905 -12.016294
v 7.377394 -51.458122 -11.274705
v 6.381411 -52.141502 -12.011726
v 6.842421 -51.641228 -11.740284
v 9.583681 -53.931381 -4.612045
v 9.891920 -52.781021 -3.924452
v 9.536001 -54.109337 -3.924453
v 9.713964 -53.445168 -5.115397
v 9.583681 -53.931381 -3.236860
v 9.891920 -52.781021 -5.299637
v 9.713964 -53.445168 -2.733507
v 10.069883 -52.116852 -5.115396
v 9.891920 -52.781021 -2.549267
v 10.200163 -51.630638 -4.612044
v 10.069883 -52.116852 -2.733506
v 10.247850 -51.452682 -3.924451
v 10.200163 -51.630638 -3.236858
v 7.118433 -52.824913 3.166842
v 7.399179 -54.028885 2.429859
v 7.868105 -53.520027 2.153757
v 8.136160 -52.824913 2.149112
v 6.855024 -54.215157 2.903433
v 8.131514 -52.129784 2.417167
v 6.381453 -54.028885 3.447588
v 7.855413 -51.620918 2.886096
v 6.105349 -53.520035 3.916517
v 7.381842 -51.434647 3.430250
v 6.100702 -52.824913 4.184572
v 6.837679 -51.620918 3.903826
v 6.368757 -52.129784 4.179927
v 0.738993 -6.385338 -16.807751
v 0.027143 -6.124413 -17.337420
v 0.027143 -5.892174 -16.764593
v -0.684706 -6.385338 -16.807751
v 0.684797 -6.580040 -17.377283
v 1.260092 -7.732750 -16.925627
v -0.630518 -6.580040 -17.377283
v -1.205805 -7.732750 -16.925627
v 0.027143 -6.881706 -17.872065
v 1.166243 -7.824867 -17.486193
v 1.450838 -9.573326 -17.086658
v 0.530493 -7.230461 -17.902575
v -0.476210 -7.230461 -17.902575
v -1.111959 -7.824867 -17.486193
v -1.396559 -9.573326 -17.086658
v 0.027143 -8.048790 -18.287136
v -0.844690 -8.183189 -17.985929
v -0.245275 -8.237511 -18.303648
v -1.288176 -9.525352 -17.634968
v -1.111959 -11.225807 -17.783741
v -1.205805 -11.413887 -17.247688
v -0.979563 -9.484688 -18.099798
v -0.630518 -12.470650 -17.892649
v -0.684706 -12.761299 -17.365568
v 0.027143 -13.254463 -17.408720
v -0.844690 -10.786171 -18.213665
v -0.476210 -11.738914 -18.297018
v 0.027143 -12.926292 -17.932507
v -0.245275 -10.677483 -18.517124
v 0.027143 -12.087624 -18.327530
v 0.684797 -12.470650 -17.892649
v 0.738993 -12.761299 -17.365568
v 1.260092 -11.413887 -17.247688
v 0.027143 -10.866203 -18.533634
v 0.530493 -11.738914 -18.297018
v 1.166243 -11.225807 -17.783741
v 0.299555 -10.677483 -18.517124
v 1.342459 -9.525352 -17.634968
v 0.898966 -10.786171 -18.213665
v 0.898966 -8.183189 -17.985929
v 1.033846 -9.484688 -18.099798
v 0.498972 -10.161873 -18.472013
v 0.299555 -8.237511 -18.303648
v 0.498972 -8.753151 -18.348759
v 0.571966 -9.457527 -18.410385
v 0.027143 -9.447945 -18.519451
v -0.444689 -10.161873 -18.472013
v -0.444689 -8.753151 -18.348759
v -0.517687 -9.457527 -18.410385
v 5.016737 -5.983269 -13.891244
v 5.434561 -6.164696 -14.309060
v 4.574179 -6.470802 -14.455389
v 5.580881 -6.470802 -13.448681
v 5.025682 -6.615135 -14.830253
v 4.371775 -7.802788 -14.989933
v 5.955751 -6.615135 -13.900183
v 6.115435 -7.802788 -13.246277
v 5.857840 -6.872520 -14.732347
v 4.838690 -7.845711 -15.324120
v 6.449610 -7.845711 -13.713191
v 5.544901 -7.217262 -15.131248
v 4.923670 -9.526772 -15.658322
v 4.463766 -9.622337 -15.351675
v 5.401773 -8.159126 -15.509241
v 6.222147 -7.998985 -15.096655
v 6.052786 -8.185555 -15.312538
v 6.256746 -7.217262 -14.419401
v 5.975332 -8.695305 -15.517102
v 6.634729 -8.159126 -14.276283
v 5.466833 -9.445747 -15.765024
v 6.438040 -8.185555 -14.927288
v 6.783812 -9.526772 -13.798180
v 6.477175 -9.622337 -13.338264
v 6.642599 -8.695305 -14.849833
v 6.868803 -11.207787 -14.132381
v 6.569159 -11.441887 -13.700006
v 6.890524 -9.445747 -14.341333
v 6.955568 -10.732353 -14.597125
v 6.681818 -12.438408 -14.626248
v 6.366755 -12.773888 -14.234558
v 5.924192 -13.261406 -14.798702
v 6.812441 -11.674202 -14.975109
v 6.816244 -10.087898 -15.023476
v 6.738783 -10.597649 -15.228039
v 6.781031 -9.391609 -14.885040
v 6.472017 -9.372566 -15.346526
v 6.569418 -10.784203 -15.443922
v 6.010530 -9.391609 -15.655536
v 6.148973 -10.087898 -15.690745
v 6.353529 -10.597649 -15.613290
v 5.722612 -10.732353 -15.830075
v 6.100607 -11.674202 -15.686955
v 5.257875 -11.207787 -15.743311
v 4.825506 -11.441887 -15.443661
v 5.751745 -12.438408 -15.556319
v 5.360056 -12.773888 -15.241265
v 6.499502 -12.018944 -15.374011
v 6.272932 -12.888832 -15.147441
v -5.380278 -6.164696 -14.309060
v -4.962454 -5.983269 -13.891244
v -4.519899 -6.470802 -14.455389
v -5.526598 -6.470802 -13.448681
v -4.971403 -6.615135 -14.830253
v -4.317488 -7.802788 -14.989933
v -5.901472 -6.615135 -13.900183
v -6.061148 -7.802788 -13.246277
v -5.803560 -6.872520 -14.732347
v -4.784407 -7.845711 -15.324120
v -5.490622 -7.217262 -15.131248
v -4.869390 -9.526772 -15.658322
v -4.409479 -9.622337 -15.351675
v -5.347494 -8.159126 -15.509241
v -5.203585 -11.207787 -15.743311
v -4.771219 -11.441887 -15.443661
v -5.412550 -9.445747 -15.765024
v -5.697458 -12.438408 -15.556319
v -5.305769 -12.773888 -15.241265
v -5.869909 -13.261406 -14.798702
v -5.668333 -10.732353 -15.830075
v -6.046320 -11.674202 -15.686955
v -6.218645 -12.888832 -15.147441
v -6.299246 -10.597649 -15.613290
v -6.445223 -12.018944 -15.374011
v -6.627535 -12.438408 -14.626248
v -6.312475 -12.773888 -14.234558
v -6.514879 -11.441887 -13.700006
v -6.515135 -10.784203 -15.443922
v -6.758162 -11.674202 -14.975109
v -6.814524 -11.207787 -14.132381
v -6.422888 -9.622337 -13.338264
v -6.684492 -10.597649 -15.228039
v -6.729532 -9.526772 -13.798180
v -6.901278 -10.732353 -14.597125
v -6.761965 -10.087898 -15.023476
v -6.395327 -7.845711 -13.713191
v -6.836241 -9.445747 -14.341333
v -6.580450 -8.159126 -14.276283
v -6.202463 -7.217262 -14.419401
v -6.588320 -8.695305 -14.849833
v -6.167864 -7.998985 -15.096655
v -6.383760 -8.185555 -14.927288
v -5.998507 -8.185555 -15.312538
v -6.417734 -9.372566 -15.346526
v -5.921045 -8.695305 -15.517102
v -6.726744 -9.391609 -14.885040
v -5.956251 -9.391609 -15.655536
v -6.094694 -10.087898 -15.690745
vn -0.0000 0.1336 0.9910
vn -0.0000 0.1337 0.9910
vn -0.0000 0.0948 0.9955
vn -0.0001 0.1414 -0.9900
vn 0.2127 0.1261 -0.9690
vn -0.0000 0.1182 -0.9930
vn 0.0002 0.1182 -0.9930
vn 0.0001 0.1182 -0.9930
vn -0.9309 0.1972 0.3076
vn -0.9308 0.1972 0.3077
vn -0.0001 0.1336 0.9910
vn -0.0000 0.0949 0.9955
vn -0.0000 0.1414 -0.9900
vn 0.0001 0.1414 -0.9900
vn 0.0001 0.1413 -0.9900
vn -0.2126 0.1261 -0.9690
vn -0.2126 0.1262 -0.9690
vn 0.0002 0.1183 -0.9930
vn 0.0001 0.1183 -0.9930
vn 0.9309 0.1972 0.3076
vn -0.7524 0.6583 0.0235
vn -0.7524 0.6583 0.0236
vn 0.3471 0.7340 -0.5838
vn 0.5519 0.5362 -0.6386
vn 0.6912 0.0156 -0.7225
vn 0.7217 0.6590 0.2118
vn 0.7171 0.6855 0.1261
vn 0.6480 0.7033 -0.2924
vn 0.6479 0.7033 -0.2924
vn 0.0629 0.1255 0.9901
vn 0.0315 0.1656 0.9857
vn 0.0472 0.1336 0.9899
vn 0.7524 0.6583 0.0235
vn 0.7524 0.6583 0.0234
vn -0.5519 0.5362 -0.6387
vn -0.3471 0.7340 -0.5838
vn -0.6912 0.0156 -0.7225
vn -0.7171 0.6855 0.1261
vn -0.7217 0.6590 0.2118
vn -0.7217 0.6590 0.2119
vn -0.6479 0.7034 -0.2924
vn -0.6480 0.7033 -0.2924
vn -0.6479 0.7033 -0.2924
vn -0.0315 0.1656 0.9857
vn -0.0629 0.1256 0.9901
vn -0.0472 0.1336 0.9899
vn 0.7869 0.0630 -0.6138
vn 0.6951 0.0159 -0.7188
vn 0.8605 0.1105 -0.4973
vn -0.0000 0.9992 -0.0393
vn -0.0000 0.9992 -0.0392
vn 0.0316 0.9312 0.3632
vn 0.0712 0.8299 0.5533
vn 0.1648 0.7539 0.6359
vn -0.0237 0.9484 0.3163
vn -0.0000 0.9379 0.3468
vn -0.0000 0.9414 0.3374
vn -0.0392 0.9407 0.3371
vn -0.0473 0.9452 0.3230
vn -0.6951 0.0158 -0.7188
vn -0.7869 0.0630 -0.6138
vn -0.8605 0.1105 -0.4973
vn -0.0711 0.8299 0.5533
vn -0.0316 0.9312 0.3632
vn -0.1648 0.7539 0.6359
vn 0.0237 0.9484 0.3163
vn 0.0392 0.9407 0.3371
vn 0.0473 0.9452 0.3230
vn 0.0002 -0.8247 -0.5656
vn 0.0002 -0.8056 -0.5924
vn 0.2435 -0.8247 -0.5105
vn 0.3535 -0.8170 -0.4556
vn 0.5031 -0.8019 -0.3223
vn 0.5613 -0.7905 -0.2451
vn 0.6151 -0.7885 -0.0000
vn 0.5613 -0.7905 0.2451
vn 0.5032 -0.8019 0.3223
vn 0.3535 -0.8170 0.4556
vn 0.2435 -0.8247 0.5105
vn 0.0002 -0.8247 0.5656
vn 0.0002 -0.8057 0.5924
vn 0.3301 -0.9197 -0.2124
vn 0.3551 -0.9154 -0.1894
vn 0.3945 -0.8600 -0.3235
vn 0.4247 -0.7865 -0.4483
vn 0.4559 -0.5188 -0.7232
vn 0.4711 -0.4947 -0.7303
vn 0.5028 -0.1178 -0.8563
vn 0.4715 -0.1259 -0.8728
vn 0.5813 0.2121 -0.7855
vn 0.6225 0.3309 -0.7092
vn 0.6823 0.5960 -0.4235
vn 0.6941 0.5916 -0.4101
vn 0.6843 0.7000 -0.2045
vn 0.6685 0.7079 -0.2280
vn 1.0000 -0.0079 0.0002
vn 0.9874 -0.0079 0.1580
vn 0.9462 -0.0158 0.3233
vn 0.9874 -0.0080 0.1580
vn 0.9035 -0.1885 0.3850
vn 0.9527 -0.2598 0.1575
vn 0.8341 -0.0315 0.5508
vn 0.8377 -0.0315 0.5452
vn 0.8124 -0.2287 0.5364
vn 0.7670 -0.3949 0.5058
vn 0.7221 -0.0393 0.6907
vn 0.7221 -0.0392 0.6907
vn 0.5828 -0.0472 0.8112
vn 0.4084 -0.0550 0.9111
vn 0.5827 -0.0551 0.8108
vn 0.7889 -0.5365 0.2998
vn 0.9136 -0.3780 0.1497
vn 0.7629 -0.3854 0.5191
vn 0.9136 -0.3782 0.1495
vn 0.7885 -0.6150 0.0002
vn 0.9224 -0.3863 0.0002
vn 0.5679 -0.8046 0.1735
vn 0.6063 -0.7953 0.0002
vn 0.4161 -0.8164 0.4004
vn 0.5980 -0.5508 0.5822
vn 0.6525 -0.3852 0.6525
vn 0.5278 -0.4018 0.7483
vn 0.3313 -0.5521 0.7651
vn 0.1896 -0.8218 0.5373
vn 0.5292 -0.4107 0.7425
vn -0.0000 -0.6456 0.7637
vn -0.0000 -0.8185 0.5745
vn -0.1896 -0.8218 0.5373
vn 0.4237 -0.2197 0.8788
vn 0.5656 -0.2514 0.7855
vn 0.2122 -0.0707 0.9747
vn 0.2197 -0.0628 0.9735
vn 0.1967 -0.3148 0.9286
vn -0.0000 -0.0633 0.9980
vn 0.1970 -0.4098 0.8906
vn 0.1970 -0.4099 0.8906
vn -0.2198 -0.0628 0.9735
vn -0.4084 -0.0550 0.9111
vn -0.0000 -0.4185 0.9082
vn -0.2129 -0.0713 0.9745
vn -0.1969 -0.4099 0.8906
vn -0.4237 -0.2197 0.8788
vn -0.1967 -0.3148 0.9286
vn -0.3313 -0.5521 0.7651
vn -0.1971 -0.4098 0.8906
vn -0.4161 -0.8164 0.4004
vn -0.5826 -0.0551 0.8109
vn -0.5656 -0.2513 0.7855
vn -0.5829 -0.0472 0.8112
vn -0.5292 -0.4107 0.7425
vn -0.7221 -0.0393 0.6907
vn -0.5278 -0.4018 0.7483
vn -0.7221 -0.0392 0.6907
vn -0.8377 -0.0316 0.5453
vn -0.8377 -0.0315 0.5452
vn -0.8341 -0.0315 0.5508
vn -0.9462 -0.0158 0.3233
vn -0.5980 -0.5508 0.5823
vn -0.6525 -0.3852 0.6525
vn -0.7629 -0.3854 0.5191
vn -0.7889 -0.5365 0.2998
vn -0.5679 -0.8046 0.1735
vn -0.7670 -0.3949 0.5058
vn -0.7885 -0.6150 0.0002
vn -0.6063 -0.7953 0.0002
vn -0.9136 -0.3781 0.1496
vn -0.9224 -0.3863 0.0002
vn -0.9136 -0.3780 0.1497
vn -0.9527 -0.2598 0.1575
vn -0.9035 -0.1885 0.3850
vn -0.8124 -0.2287 0.5364
vn -0.9874 -0.0081 0.1580
vn -0.9874 -0.0080 0.1580
vn -1.0000 -0.0079 0.0002
vn 0.0236 0.8973 0.4408
vn 0.0315 0.8493 0.5269
vn 0.0236 0.9123 0.4089
vn 0.0079 0.9835 0.1810
vn -0.0000 1.0000 -0.0000
vn -0.0000 0.9862 -0.1657
vn -0.3302 -0.9198 0.2122
vn -0.3551 -0.9154 0.1894
vn -0.3945 -0.8600 0.3235
vn -0.4247 -0.7865 0.4483
vn -0.4559 -0.5188 0.7232
vn -0.4711 -0.4947 0.7303
vn -0.5028 -0.1178 0.8563
vn -0.4717 -0.1258 0.8727
vn -0.5813 0.2121 0.7856
vn -0.6225 0.3308 0.7093
vn -0.6823 0.5960 0.4234
vn -0.6941 0.5916 0.4102
vn -0.6843 0.7000 0.2045
vn -0.6685 0.7078 0.2281
vn -1.0000 -0.0079 -0.0002
vn -0.9874 -0.0080 -0.1580
vn -0.9462 -0.0158 -0.3233
vn -0.9035 -0.1885 -0.3850
vn -0.9527 -0.2598 -0.1575
vn -0.8341 -0.0315 -0.5508
vn -0.8377 -0.0315 -0.5452
vn -0.8124 -0.2287 -0.5364
vn -0.7670 -0.3948 -0.5058
vn -0.7220 -0.0391 -0.6908
vn -0.7221 -0.0393 -0.6907
vn -0.5828 -0.0473 -0.8112
vn -0.4083 -0.0549 -0.9112
vn -0.5827 -0.0551 -0.8108
vn -0.7889 -0.5365 -0.2998
vn -0.9136 -0.3781 -0.1496
vn -0.7629 -0.3854 -0.5191
vn -0.7885 -0.6150 -0.0002
vn -0.9224 -0.3863 -0.0002
vn -0.5679 -0.8046 -0.1735
vn -0.6063 -0.7953 -0.0002
vn -0.4161 -0.8165 -0.4004
vn -0.5980 -0.5508 -0.5823
vn -0.6525 -0.3852 -0.6526
vn -0.5278 -0.4018 -0.7483
vn -0.3313 -0.5522 -0.7651
vn -0.1896 -0.8218 -0.5373
vn -0.5292 -0.4107 -0.7425
vn -0.0000 -0.6456 -0.7637
vn -0.0000 -0.8185 -0.5745
vn 0.1896 -0.8218 -0.5373
vn -0.4237 -0.2197 -0.8788
vn -0.5655 -0.2514 -0.7855
vn -0.2129 -0.0713 -0.9745
vn -0.2198 -0.0628 -0.9735
vn -0.1967 -0.3147 -0.9286
vn -0.0000 -0.0630 -0.9980
vn -0.1970 -0.4099 -0.8906
vn -0.0000 -0.0633 -0.9980
vn 0.2198 -0.0628 -0.9735
vn 0.4084 -0.0550 -0.9111
vn -0.0000 -0.4185 -0.9082
vn 0.2124 -0.0709 -0.9746
vn 0.1970 -0.4098 -0.8906
vn 0.4237 -0.2197 -0.8788
vn 0.1967 -0.3147 -0.9286
vn 0.3313 -0.5521 -0.7651
vn 0.1970 -0.4099 -0.8906
vn 0.4161 -0.8165 -0.4004
vn 0.5827 -0.0551 -0.8108
vn 0.5828 -0.0473 -0.8112
vn 0.5655 -0.2513 -0.7855
vn 0.7221 -0.0392 -0.6907
vn 0.5292 -0.4107 -0.7425
vn 0.5278 -0.4018 -0.7483
vn 0.8377 -0.0315 -0.5452
vn 0.8377 -0.0316 -0.5453
vn 0.8341 -0.0315 -0.5508
vn 0.9462 -0.0158 -0.3233
vn 0.5980 -0.5508 -0.5823
vn 0.6525 -0.3852 -0.6525
vn 0.7629 -0.3854 -0.5191
vn 0.7889 -0.5365 -0.2998
vn 0.5679 -0.8046 -0.1735
vn 0.7670 -0.3948 -0.5058
vn 0.7885 -0.6150 -0.0002
vn 0.6063 -0.7952 -0.0002
vn 0.9136 -0.3782 -0.1495
vn 0.9224 -0.3863 -0.0002
vn 0.9136 -0.3781 -0.1496
vn 0.9527 -0.2598 -0.1575
vn 0.9035 -0.1885 -0.3850
vn 0.8124 -0.2287 -0.5364
vn 0.9874 -0.0080 -0.1580
vn 0.9874 -0.0079 -0.1580
vn 1.0000 -0.0079 -0.0002
vn -0.0315 0.8493 0.5269
vn -0.0236 0.8973 0.4408
vn -0.0236 0.9123 0.4089
vn -0.0079 0.9835 0.1809
vn -0.7488 -0.0315 0.6621
vn -0.7177 0.1183 0.6862
vn -0.6677 0.0943 0.7384
vn -0.6033 0.1489 0.7835
vn -0.3789 0.1342 0.9157
vn -0.4636 0.1022 0.8801
vn -0.1260 0.2127 0.9690
vn -0.0078 0.2902 0.9569
vn -0.0000 0.2996 0.9541
vn -0.0000 0.3068 0.9518
vn -0.5191 0.8415 -0.1494
vn -0.6049 0.7697 -0.2041
vn -0.4962 0.8664 -0.0551
vn -0.4499 0.8918 0.0473
vn -0.4959 0.8580 0.1338
vn -0.5254 0.8391 0.1412
vn -0.5574 0.8086 0.1884
vn 0.2519 0.9677 -0.0000
vn 0.4564 0.8896 0.0157
vn 0.5972 0.8015 0.0314
vn 0.6222 0.7797 0.0709
vn 0.6073 0.7888 0.0947
vn 0.6679 0.7307 0.1414
vn -0.3296 0.9182 0.2198
vn -0.3161 0.9326 0.1739
vn -0.4170 0.9048 0.0866
vn -0.4864 0.8709 -0.0706
vn -0.5927 0.7745 -0.2213
vn -0.5904 0.7557 -0.2834
vn -0.6436 0.6908 -0.3296
vn 0.0003 -1.0000 -0.0000
vn -0.0001 -1.0000 -0.0000
vn 0.0002 -1.0000 -0.0001
vn 0.0002 -1.0000 -0.0000
vn 0.0945 -0.8437 -0.5284
vn 0.1022 -0.8337 -0.5427
vn 0.1728 -0.8326 -0.5263
vn 0.2514 -0.8172 -0.5186
vn 0.3684 -0.8152 -0.4468
vn 0.4174 -0.8190 -0.3938
vn 0.5287 -0.8128 -0.2446
vn 0.5115 -0.8262 -0.2361
vn 0.5924 -0.8057 -0.0000
vn 0.6150 -0.7885 -0.0000
vn 0.5287 -0.8128 0.2446
vn 0.5115 -0.8262 0.2361
vn 0.4174 -0.8190 0.3938
vn 0.3684 -0.8152 0.4468
vn 0.2514 -0.8172 0.5186
vn 0.1728 -0.8326 0.5263
vn 0.1023 -0.8337 0.5427
vn 0.0946 -0.8437 0.5284
vn 0.8798 0.3764 0.2901
vn 0.8740 0.3701 0.3149
vn 0.8897 0.3228 0.3228
vn 0.8827 0.2679 0.3862
vn 0.8601 0.2683 0.4340
vn 0.8746 0.3388 0.3467
vn 0.8944 0.4158 0.1646
vn 0.9077 0.4184 -0.0316
vn 0.9034 0.4242 -0.0628
vn 0.9059 0.4175 -0.0709
vn 0.9121 0.4089 -0.0315
vn -0.0000 0.7708 -0.6371
vn -0.0000 0.7885 -0.6150
vn -0.1178 0.8323 -0.5416
vn -0.2512 0.8949 -0.3690
vn -0.5520 0.5361 -0.6387
vn 0.0078 0.2902 0.9569
vn 0.1260 0.2127 0.9690
vn 0.3789 0.1342 0.9157
vn 0.4636 0.1022 0.8801
vn 0.6033 0.1489 0.7835
vn 0.6677 0.0943 0.7384
vn 0.7177 0.1183 0.6862
vn 0.7488 -0.0316 0.6621
vn 0.5254 0.8391 0.1412
vn 0.5574 0.8086 0.1884
vn 0.4959 0.8580 0.1338
vn 0.4499 0.8918 0.0473
vn 0.4962 0.8664 -0.0551
vn 0.5191 0.8415 -0.1494
vn 0.6049 0.7697 -0.2042
vn 0.6436 0.6908 -0.3296
vn 0.5904 0.7557 -0.2834
vn 0.5927 0.7744 -0.2213
vn 0.4864 0.8709 -0.0706
vn 0.4170 0.9048 0.0865
vn 0.3162 0.9326 0.1739
vn 0.3296 0.9182 0.2197
vn -0.6168 0.7274 -0.3006
vn -0.6231 0.7257 -0.2918
vn -0.6445 0.7466 -0.1650
vn -0.6582 0.7522 -0.0314
vn -0.6603 0.7390 0.1336
vn -0.6514 0.7454 0.1415
vn -0.6602 0.7309 0.1729
vn -0.6782 0.7177 0.1577
vn -0.0946 -0.8438 0.5283
vn -0.1022 -0.8337 0.5427
vn -0.1728 -0.8326 0.5263
vn -0.2514 -0.8172 0.5186
vn -0.3684 -0.8152 0.4468
vn -0.4174 -0.8190 0.3938
vn -0.5287 -0.8128 0.2446
vn -0.5115 -0.8262 0.2361
vn -0.5924 -0.8057 -0.0000
vn -0.6150 -0.7885 -0.0000
vn -0.5287 -0.8128 -0.2446
vn -0.5115 -0.8262 -0.2361
vn -0.4174 -0.8190 -0.3938
vn -0.3684 -0.8152 -0.4468
vn -0.2514 -0.8172 -0.5186
vn -0.1728 -0.8326 -0.5263
vn -0.1023 -0.8337 -0.5427
vn -0.0946 -0.8437 -0.5284
vn 0.0944 0.1496 0.9842
vn 0.0473 0.1655 0.9851
vn -0.0000 0.1414 0.9900
vn -0.0000 0.1414 0.9899
vn 0.0236 0.1259 0.9918
vn 0.0002 0.1657 0.9862
vn -0.0003 -1.0000 -0.0000
vn -0.0002 -1.0000 -0.0000
vn -0.0002 -1.0000 -0.0001
vn -0.0003 -1.0000 -0.0001
vn 0.0158 0.9611 0.2758
vn -0.0000 0.9612 0.2758
vn 0.0157 0.9658 0.2590
vn -0.0000 0.9697 0.2444
vn 0.0157 0.9736 0.2277
vn -0.0000 0.9737 0.2277
vn 0.0002 0.3303 0.9439
vn 0.1103 0.3072 0.9452
vn 0.0002 0.2757 0.9612
vn 0.0867 0.2286 0.9696
vn -0.0000 0.1976 0.9803
vn 0.0632 0.1896 0.9798
vn -0.9121 0.4089 -0.0315
vn -0.9059 0.4175 -0.0709
vn -0.9034 0.4242 -0.0628
vn -0.9077 0.4184 -0.0316
vn -0.8944 0.4158 0.1646
vn -0.8746 0.3388 0.3467
vn -0.8601 0.2683 0.4340
vn -0.8827 0.2679 0.3862
vn -0.8897 0.3228 0.3228
vn -0.8740 0.3701 0.3150
vn -0.8795 0.3769 0.2905
vn -0.0002 -0.8247 -0.5656
vn -0.2435 -0.8247 -0.5105
vn -0.0002 -0.8056 -0.5924
vn -0.3535 -0.8170 -0.4556
vn -0.5031 -0.8019 -0.3223
vn -0.5613 -0.7905 -0.2451
vn -0.6153 -0.7883 -0.0000
vn -0.6156 -0.7881 -0.0000
vn -0.5613 -0.7905 0.2451
vn -0.5032 -0.8019 0.3223
vn -0.3535 -0.8170 0.4556
vn -0.2435 -0.8247 0.5105
vn -0.0002 -0.8247 0.5656
vn -0.0002 -0.8056 0.5924
vn 0.3301 -0.9197 0.2123
vn 0.3945 -0.8600 0.3235
vn 0.3551 -0.9154 0.1894
vn 0.4250 -0.7864 0.4482
vn 0.4559 -0.5188 0.7232
vn 0.4711 -0.4947 0.7303
vn 0.5028 -0.1178 0.8563
vn 0.4718 -0.1257 0.8727
vn 0.5813 0.2121 0.7855
vn 0.6226 0.3308 0.7092
vn 0.6823 0.5960 0.4235
vn 0.6941 0.5916 0.4102
vn 0.6843 0.7000 0.2045
vn 0.6685 0.7078 0.2281
vn -0.3301 -0.9198 -0.2123
vn -0.3945 -0.8600 -0.3235
vn -0.3551 -0.9154 -0.1894
vn -0.4250 -0.7864 -0.4482
vn -0.4559 -0.5188 -0.7232
vn -0.4711 -0.4947 -0.7303
vn -0.5028 -0.1178 -0.8563
vn -0.4716 -0.1259 -0.8728
vn -0.5813 0.2121 -0.7856
vn -0.6226 0.3308 -0.7092
vn -0.6823 0.5960 -0.4234
vn -0.6941 0.5916 -0.4102
vn -0.6843 0.7000 -0.2045
vn -0.6685 0.7078 -0.2283
vn 0.1178 0.8323 -0.5417
vn 0.2512 0.8949 -0.3690
vn 0.5519 0.5362 -0.6387
vn 0.6169 0.7274 -0.3006
vn 0.6445 0.7466 -0.1650
vn 0.6231 0.7256 -0.2918
vn 0.6582 0.7522 -0.0314
vn 0.6604 0.7389 0.1337
vn 0.6514 0.7455 0.1414
vn 0.6602 0.7309 0.1729
vn 0.6782 0.7177 0.1577
vn -0.0944 0.1495 0.9842
vn -0.0473 0.1655 0.9851
vn -0.0000 0.1415 0.9899
vn -0.0236 0.1259 0.9918
vn -0.0002 0.1657 0.9862
vn 0.9673 -0.1258 0.2203
vn 0.9380 -0.1025 0.3311
vn 0.9596 -0.1258 0.2517
vn 0.9223 -0.0788 0.3784
vn 0.8381 -0.0000 0.5455
vn 0.7937 0.0629 0.6051
vn 0.5888 0.1570 0.7929
vn 0.4666 0.1977 0.8621
vn 0.0002 0.2370 0.9715
vn 0.0002 0.2277 0.9737
vn -0.0002 0.5924 -0.8057
vn -0.3466 0.6144 -0.7088
vn -0.0002 0.5420 -0.8404
vn -0.4234 0.6822 -0.5960
vn -0.5530 0.7110 -0.4345
vn -0.5614 0.7433 -0.3638
vn -0.5907 0.7639 -0.2599
vn -0.6064 0.7640 -0.2205
vn -0.6067 0.7721 -0.1891
vn -0.6210 0.7626 -0.1809
vn -0.0001 0.2831 0.9591
vn 0.0079 0.2202 0.9754
vn 0.0079 0.2444 0.9697
vn 0.0158 0.1656 0.9861
vn 0.0471 0.1336 0.9899
vn -0.0158 0.9611 0.2758
vn -0.0157 0.9657 0.2591
vn -0.0157 0.9736 0.2277
vn -0.0002 0.3304 0.9439
vn -0.0002 0.2757 0.9612
vn -0.1103 0.3072 0.9452
vn -0.0867 0.2286 0.9696
vn -0.0632 0.1896 0.9798
vn -0.0000 0.9405 -0.3398
vn -0.0000 0.9099 -0.4149
vn -0.0000 0.9097 -0.4152
vn -0.0000 0.9658 -0.2592
vn -0.0079 0.9999 -0.0079
vn -0.0000 0.9999 -0.0157
vn 0.0315 0.9313 0.3629
vn -0.0237 0.9485 0.3160
vn -0.3925 0.2120 0.8950
vn -0.3454 0.2826 0.8949
vn -0.2996 0.1734 0.9382
vn -0.3950 0.4109 0.8217
vn -0.3388 0.4333 0.8351
vn -0.4263 0.4816 0.7657
vn -0.4109 0.5057 0.7586
vn -0.2518 0.9678 -0.0000
vn -0.4564 0.8896 0.0157
vn -0.5972 0.8015 0.0314
vn -0.6222 0.7797 0.0709
vn -0.6073 0.7888 0.0946
vn -0.6679 0.7307 0.1414
vn -0.9380 -0.1025 0.3311
vn -0.9673 -0.1258 0.2203
vn -0.9596 -0.1258 0.2517
vn -0.9223 -0.0788 0.3784
vn -0.8381 -0.0000 0.5455
vn -0.7937 0.0629 0.6051
vn -0.5888 0.1570 0.7929
vn -0.4666 0.1977 0.8621
vn -0.0002 0.2369 0.9715
vn -0.0002 0.2277 0.9737
vn 0.0002 0.5420 -0.8404
vn 0.3466 0.6144 -0.7088
vn 0.0002 0.5924 -0.8057
vn 0.4235 0.6823 -0.5960
vn 0.5530 0.7110 -0.4344
vn 0.5614 0.7433 -0.3637
vn 0.5906 0.7639 -0.2599
vn 0.6064 0.7640 -0.2205
vn 0.6067 0.7722 -0.1891
vn 0.6210 0.7626 -0.1809
vn -0.0079 0.2202 0.9754
vn -0.0000 0.2830 0.9591
vn -0.0079 0.2444 0.9697
vn -0.0158 0.1656 0.9861
vn -0.0471 0.1336 0.9899
vn 0.0079 0.9999 -0.0079
vn -0.0315 0.9313 0.3629
vn 0.0237 0.9485 0.3160
vn 0.3454 0.2826 0.8949
vn 0.3925 0.2120 0.8950
vn 0.2996 0.1734 0.9382
vn 0.3950 0.4109 0.8217
vn 0.3388 0.4333 0.8351
vn 0.4263 0.4816 0.7658
vn 0.4109 0.5057 0.7586
vn 0.0079 0.9995 0.0315
vn 0.0079 0.9998 0.0158
vn -0.0000 0.9995 0.0315
vn -0.0000 0.9992 0.0393
vn -0.0079 0.9995 0.0315
vn -0.0079 0.9998 0.0157
vn -0.0000 0.9224 -0.3863
vn -0.0000 0.9910 -0.1337
vn 0.0473 0.9213 -0.3859
vn 0.0550 0.9895 -0.1335
vn 0.0471 0.9889 0.1413
vn -0.0000 0.9899 0.1414
vn -0.0000 0.9874 0.1580
vn 0.0316 0.9882 0.1502
vn 0.7487 0.5992 -0.2834
vn 0.7398 0.6139 -0.2755
vn 0.7038 0.6959 -0.1423
vn 0.7531 0.6511 -0.0941
vn 0.6141 0.7873 0.0551
vn 0.3695 0.9271 0.0628
vn 0.4405 0.8889 0.1259
vn 0.1894 0.9787 0.0789
vn 0.0235 0.9966 0.0785
vn -0.0000 -1.0000 -0.0000
vn 0.0003 1.0000 -0.0000
vn -0.0001 1.0000 -0.0000
vn 0.0002 1.0000 -0.0000
vn -0.0473 0.9214 -0.3858
vn -0.0550 0.9895 -0.1335
vn -0.0471 0.9889 0.1413
vn -0.0316 0.9882 0.1502
vn -0.7398 0.6139 -0.2754
vn -0.7487 0.5992 -0.2834
vn -0.7038 0.6959 -0.1424
vn -0.7531 0.6511 -0.0941
vn -0.6141 0.7873 0.0551
vn -0.3694 0.9271 0.0628
vn -0.4405 0.8889 0.1259
vn -0.1894 0.9787 0.0789
vn -0.0235 0.9966 0.0785
vn -0.0003 1.0000 -0.0000
vn -0.0002 1.0000 -0.0000
vn 0.9029 -0.0707 -0.4240
vn 0.9125 0.0078 -0.4090
vn 0.8247 -0.0000 -0.5655
vn 0.7876 0.0473 -0.6143
vn 0.9131 0.0709 -0.4015
vn 0.4809 0.0552 -0.8750
vn 0.8911 0.0631 -0.4495
vn 0.4020 0.0473 -0.9144
vn 0.2515 0.0472 -0.9667
vn 0.7483 0.0473 -0.6617
vn 0.8610 0.0553 -0.5056
vn -0.0000 0.0395 -0.9992
vn -0.0000 0.0473 -0.9989
vn -0.2515 0.0472 -0.9667
vn 0.7336 0.0394 -0.6784
vn 0.8469 0.0396 -0.5303
vn 0.7262 0.0316 -0.6868
vn 0.4720 0.0315 -0.8811
vn 0.4181 0.0395 -0.9075
vn -0.0000 0.0238 -0.9997
vn -0.0000 0.0472 -0.9989
vn -0.4182 0.0395 -0.9075
vn -0.4720 0.0310 -0.8811
vn -0.4020 0.0473 -0.9144
vn -0.4809 0.0552 -0.8751
vn -0.7336 0.0394 -0.6784
vn -0.7262 0.0316 -0.6868
vn -0.8469 0.0396 -0.5303
vn -0.8610 0.0553 -0.5056
vn -0.7483 0.0473 -0.6617
vn -0.8911 0.0631 -0.4495
vn -0.7876 0.0473 -0.6143
vn -0.9131 0.0709 -0.4015
vn -0.8247 -0.0000 -0.5655
vn -0.9125 0.0078 -0.4090
vn -0.9029 -0.0707 -0.4240
vn -0.9313 0.0316 -0.3630
vn -0.9709 0.0710 -0.2289
vn -0.9597 0.0865 -0.2675
vn -0.9815 0.1099 -0.1571
vn -0.9758 0.1338 -0.1731
vn -0.9961 0.0784 0.0392
vn -0.9907 0.1336 0.0238
vn -0.9934 0.1104 0.0315
vn -0.9594 0.1101 0.2595
vn -0.9356 0.1022 0.3381
vn -0.9359 0.1416 0.3225
vn -0.9039 0.1258 0.4087
vn -0.9099 0.1098 0.4000
vn -0.9049 0.1417 0.4013
vn -1.0000 -0.0000 -0.0000
vn -0.9068 0.0552 0.4179
vn -0.8371 0.0474 0.5449
vn -0.8481 0.0628 0.5261
vn -0.9499 0.0628 0.3062
vn -0.9985 0.0551 -0.0000
vn -0.9654 0.0706 0.2511
vn -0.9980 0.0627 -0.0000
vn -0.9499 0.0628 -0.3062
vn -0.9068 0.0552 -0.4179
vn -0.8481 0.0628 -0.5261
vn -0.8371 0.0474 -0.5449
vn -0.9654 0.0706 -0.2511
vn -0.9975 0.0706 -0.0000
vn -0.9878 0.0632 0.1422
vn -0.9878 0.0632 -0.1422
vn -0.9969 0.0785 -0.0000
vn 0.9313 0.0316 -0.3630
vn 0.9597 0.0865 -0.2674
vn 0.9709 0.0710 -0.2289
vn 0.9815 0.1099 -0.1571
vn 0.9758 0.1338 -0.1731
vn 0.9961 0.0785 0.0393
vn 0.9907 0.1337 0.0235
vn 0.9934 0.1103 0.0315
vn 0.9594 0.1101 0.2595
vn 0.9356 0.1022 0.3381
vn 0.9359 0.1416 0.3225
vn 0.9039 0.1258 0.4087
vn 0.9099 0.1098 0.4000
vn 0.9049 0.1417 0.4013
vn 1.0000 -0.0000 -0.0000
vn 0.9068 0.0552 0.4179
vn 0.8481 0.0628 0.5261
vn 0.8371 0.0474 0.5449
vn 0.9499 0.0628 0.3062
vn 0.9654 0.0706 0.2512
vn 0.9985 0.0551 -0.0000
vn 0.9980 0.0629 -0.0000
vn 0.9975 0.0706 -0.0000
vn 0.9878 0.0632 0.1423
vn 0.9969 0.0784 -0.0000
vn 0.9878 0.0633 -0.1422
vn 0.9654 0.0706 -0.2511
vn 0.9499 0.0628 -0.3062
vn 0.9068 0.0552 -0.4179
vn 0.8481 0.0628 -0.5261
vn 0.8371 0.0474 -0.5449
vn -0.0000 -0.2588 -0.9659
vn -0.0000 -0.2593 -0.9658
vn -0.0000 -0.2591 -0.9658
vn -0.0000 -0.2588 0.9659
vn -0.0000 -0.2591 0.9658
vn -0.0000 -0.2593 0.9658
vn -0.0000 -0.2594 0.9658
vn -0.0001 -0.7884 0.6151
vn -0.2359 -0.8887 0.3932
vn -0.0002 -0.8764 0.4816
vn -0.3784 -0.6701 0.6386
vn -0.0002 -0.4660 0.8848
vn -0.6368 -0.7075 0.3066
vn -0.4634 -0.8641 0.1964
vn -0.4558 -0.4323 0.7781
vn -0.0002 -0.2757 0.9612
vn -0.8031 -0.4330 0.4094
vn -0.6457 -0.7636 -0.0000
vn -0.5029 -0.8644 -0.0000
vn -0.4635 -0.8641 -0.1964
vn -0.8944 -0.4472 -0.0000
vn -0.6367 -0.7075 -0.3066
vn -0.2359 -0.8887 -0.3932
vn -0.0002 -0.8764 -0.4816
vn -0.0001 -0.7884 -0.6151
vn -0.3784 -0.6701 -0.6386
vn -0.0002 -0.4660 -0.8848
vn -0.8031 -0.4330 -0.4094
vn -0.4558 -0.4323 -0.7780
vn -0.0002 -0.2757 -0.9612
vn -0.9633 -0.2685 -0.0000
vn -0.8660 -0.2204 -0.4488
vn -0.4962 -0.1733 -0.8507
vn -0.0002 -0.0629 -0.9980
vn -0.5054 -0.0633 -0.8605
vn -0.8481 -0.0628 -0.5261
vn -0.9980 -0.0629 -0.0000
vn -0.8660 -0.2204 0.4488
vn -0.8481 -0.0628 0.5261
vn -0.4962 -0.1733 0.8507
vn -0.5053 -0.0632 0.8606
vn -0.0002 -0.0629 0.9980
vn 0.0002 -0.8764 0.4816
vn 0.2359 -0.8887 0.3932
vn 0.0001 -0.7884 0.6151
vn 0.3784 -0.6701 0.6386
vn 0.0002 -0.4660 0.8848
vn 0.6368 -0.7075 0.3066
vn 0.4634 -0.8641 0.1964
vn 0.4558 -0.4323 0.7781
vn 0.0002 -0.2757 0.9612
vn 0.8031 -0.4330 0.4094
vn 0.6457 -0.7636 -0.0000
vn 0.5029 -0.8644 -0.0000
vn 0.4635 -0.8641 -0.1964
vn 0.8944 -0.4472 -0.0000
vn 0.6368 -0.7075 -0.3066
vn 0.2359 -0.8887 -0.3932
vn 0.0002 -0.8764 -0.4816
vn 0.0001 -0.7884 -0.6151
vn 0.3784 -0.6701 -0.6386
vn 0.0002 -0.4660 -0.8848
vn 0.8031 -0.4330 -0.4094
vn 0.4558 -0.4323 -0.7780
vn 0.0002 -0.2757 -0.9612
vn 0.9633 -0.2685 -0.0000
vn 0.8660 -0.2204 -0.4488
vn 0.4963 -0.1733 -0.8507
vn 0.0002 -0.0629 -0.9980
vn 0.5054 -0.0633 -0.8606
vn 0.8481 -0.0628 -0.5261
vn 0.9980 -0.0628 -0.0000
vn 0.8660 -0.2204 0.4488
vn 0.8481 -0.0628 0.5261
vn 0.4962 -0.1733 0.8507
vn 0.5053 -0.0632 0.8606
vn 0.0002 -0.0629 0.9980
vn 0.7084 -0.0865 0.7005
vn 0.7708 0.0079 0.6371
vn 0.8730 0.0157 0.4876
vn 0.7181 0.0474 0.6943
vn 0.5878 0.0549 0.8072
vn 0.7876 0.0473 0.6144
vn 0.9089 0.0711 0.4110
vn 0.8879 0.0629 0.4557
vn 0.4499 0.0474 0.8918
vn 0.4184 0.0395 0.9074
vn 0.2515 0.0472 0.9667
vn 0.3926 0.0471 0.9185
vn -0.0000 0.0472 0.9989
vn -0.0000 0.0471 0.9989
vn -0.2515 0.0472 0.9667
vn 0.4181 0.0473 0.9072
vn -0.0000 0.0548 0.9985
vn -0.3926 0.0471 0.9185
vn 0.7483 0.0473 0.6617
vn 0.8610 0.0553 0.5056
vn 0.7336 0.0394 0.6784
vn 0.8469 0.0396 0.5303
vn 0.7262 0.0316 0.6868
vn 0.4720 0.0310 0.8811
vn 0.4183 0.0394 0.9075
vn -0.0000 0.0237 0.9997
vn -0.4183 0.0394 0.9075
vn -0.4720 0.0315 0.8811
vn -0.4181 0.0473 0.9072
vn -0.7336 0.0394 0.6784
vn -0.7262 0.0316 0.6868
vn -0.8468 0.0396 0.5304
vn -0.8610 0.0553 0.5056
vn -0.7484 0.0472 0.6616
vn -0.8879 0.0629 0.4557
vn -0.7876 0.0473 0.6144
vn -0.9089 0.0712 0.4110
vn -0.8730 0.0157 0.4876
vn -0.7181 0.0474 0.6943
vn -0.7708 0.0079 0.6371
vn -0.7084 -0.0865 0.7005
vn -0.5878 0.0549 0.8072
vn -0.4499 0.0474 0.8918
vn -0.4184 0.0394 0.9074
vn 0.9623 0.1341 -0.2366
vn 0.9696 0.0867 -0.2286
vn 0.9761 0.1496 -0.1575
vn 0.9607 0.0315 -0.2756
vn 0.9572 -0.0628 -0.2825
vn 0.9415 0.1569 -0.2982
vn 0.9522 0.2518 -0.1731
vn 0.8880 0.2515 -0.3850
vn 0.8520 -0.0552 -0.5207
vn 0.7881 0.1419 -0.5990
vn 0.7499 0.1973 -0.6315
vn 0.8439 0.0158 -0.5363
vn 0.4476 0.1099 -0.8874
vn 0.3857 0.1338 -0.9129
vn 0.5655 0.0079 -0.8247
vn -0.0000 0.0948 -0.9955
vn -0.0000 0.1026 -0.9947
vn -0.3857 0.1338 -0.9129
vn -0.0000 -0.0000 -1.0000
vn -0.4476 0.1099 -0.8874
vn -0.7499 0.1973 -0.6315
vn 0.5095 -0.1019 -0.8544
vn -0.7881 0.1419 -0.5990
vn -0.8880 0.2515 -0.3850
vn 0.8496 -0.1573 -0.5035
vn 0.8510 -0.2443 -0.4649
vn 0.5429 -0.2202 -0.8104
vn -0.0000 -0.1491 -0.9888
vn 0.5206 -0.3628 -0.7729
vn 0.5431 -0.4250 -0.7241
vn -0.0000 -0.2518 -0.9678
vn -0.0000 -0.3930 -0.9195
vn 0.3845 -0.2825 -0.8788
vn -0.0000 -0.3700 -0.9290
vn -0.3845 -0.2825 -0.8788
vn -0.5431 -0.4250 -0.7241
vn -0.5206 -0.3628 -0.7729
vn -0.8510 -0.2443 -0.4649
vn -0.5429 -0.2203 -0.8104
vn -0.8496 -0.1573 -0.5034
vn -0.9572 -0.0628 -0.2825
vn -0.5095 -0.1019 -0.8544
vn -0.8520 -0.0552 -0.5207
vn -0.5655 0.0079 -0.8247
vn -0.8439 0.0158 -0.5363
vn -0.9607 0.0315 -0.2756
vn -0.9696 0.0867 -0.2286
vn -0.9415 0.1569 -0.2982
vn -0.9522 0.2518 -0.1731
vn -0.9761 0.1496 -0.1575
vn -0.9623 0.1341 -0.2366
vn 0.0002 -0.6063 -0.7953
vn -0.0000 -0.1977 -0.9803
vn 0.6286 -0.5500 -0.5499
vn 0.9188 -0.2042 -0.3379
vn 0.7330 -0.4965 0.4650
vn 0.0002 -0.6062 0.7953
vn 0.8286 -0.2052 0.5208
vn -0.0000 -0.1976 0.9803
vn -0.0000 -0.1976 -0.9803
vn -0.0002 -0.6062 -0.7953
vn -0.6287 -0.5500 -0.5498
vn -0.9188 -0.2042 -0.3379
vn -0.7330 -0.4965 0.4650
vn -0.8286 -0.2052 0.5208
vn -0.0002 -0.6063 0.7953
vn -0.0000 -0.1977 0.9803
vn -0.4264 0.6317 -0.6475
vn -0.4328 0.6373 -0.6375
vn -0.7298 0.3608 -0.5806
vn -0.0000 0.7565 -0.6540
vn -0.8109 0.2363 -0.5354
vn -0.0000 0.7675 -0.6410
vn -0.8944 -0.1180 -0.4314
vn 0.4328 0.6374 -0.6374
vn -0.9012 -0.1107 -0.4190
vn 0.4264 0.6317 -0.6475
vn -0.7737 -0.5447 -0.3237
vn 0.7298 0.3608 -0.5806
vn -0.7750 -0.5377 -0.3321
vn 0.8109 0.2362 -0.5354
vn -0.4344 -0.8690 -0.2370
vn 0.8944 -0.1180 -0.4314
vn -0.4430 -0.8623 -0.2452
vn 0.9012 -0.1107 -0.4190
vn -0.0000 -0.9821 -0.1884
vn 0.7737 -0.5447 -0.3237
vn -0.0000 -0.9863 -0.1652
vn 0.7750 -0.5377 -0.3321
vn 0.4345 -0.8690 -0.2370
vn 0.4431 -0.8623 -0.2452
vn -0.3140 -0.1177 -0.9421
vn -0.3308 -0.1102 -0.9372
vn -0.1890 0.2364 -0.9531
vn -0.3080 -0.4661 -0.8294
vn -0.0947 0.3711 -0.9238
vn -0.2605 -0.6079 -0.7501
vn 0.1027 0.5842 -0.8051
vn -0.1098 -0.8625 -0.4940
vn 0.1968 0.6692 -0.7165
vn -0.1020 -0.8544 -0.5095
vn 0.4638 0.7548 -0.4639
vn 0.1100 -0.9743 -0.1964
vn 0.4566 0.7636 -0.4566
vn 0.2044 -0.9751 -0.0865
vn 0.7166 0.6692 -0.1968
vn 0.4266 -0.9003 0.0869
vn 0.8020 0.5898 -0.0945
vn 0.5454 -0.8217 0.1653
vn 0.9196 0.3771 0.1101
vn 0.7417 -0.6075 0.2841
vn 0.9476 0.2448 0.2053
vn 0.8206 -0.4656 0.3314
vn 0.9372 -0.1103 0.3308
vn 0.9320 -0.1027 0.3475
vn 0.4417 0.7808 0.4417
vn 0.4492 0.7723 0.4492
vn 0.1806 0.6914 0.6995
vn 0.7004 0.6924 0.1730
vn 0.0786 0.6045 0.7927
vn 0.7932 0.6049 0.0708
vn -0.1261 0.3860 0.9138
vn 0.9102 0.3922 -0.1335
vn -0.2124 0.2518 0.9442
vn 0.9400 0.2528 -0.2291
vn -0.3378 -0.1100 0.9348
vn 0.9268 -0.1022 -0.3614
vn -0.3613 -0.1022 0.9268
vn 0.9210 -0.0945 -0.3779
vn -0.3384 -0.4644 0.8185
vn 0.8063 -0.4664 -0.3637
vn -0.2916 -0.6146 0.7330
vn 0.7275 -0.6088 -0.3163
vn -0.1417 -0.8657 0.4801
vn 0.4728 -0.8669 -0.1576
vn -0.1344 -0.8613 0.4900
vn 0.4796 -0.8647 -0.1494
vn 0.1335 -0.9820 0.1335
vn 0.1184 -0.9868 0.1105
vn -0.4566 0.7636 -0.4566
vn -0.4639 0.7547 -0.4639
vn -0.1968 0.6692 -0.7166
vn -0.7165 0.6692 -0.1968
vn -0.1027 0.5842 -0.8051
vn -0.8020 0.5898 -0.0945
vn 0.0948 0.3710 -0.9238
vn -0.9196 0.3772 0.1101
vn 0.1890 0.2363 -0.9531
vn -0.9476 0.2448 0.2053
vn 0.3140 -0.1177 -0.9421
vn -0.9372 -0.1103 0.3308
vn 0.3308 -0.1103 -0.9372
vn -0.9320 -0.1027 0.3476
vn 0.3081 -0.4660 -0.8294
vn -0.8206 -0.4656 0.3314
vn 0.2605 -0.6079 -0.7500
vn -0.7417 -0.6076 0.2841
vn 0.1098 -0.8625 -0.4940
vn -0.5451 -0.8218 0.1659
vn 0.1020 -0.8544 -0.5095
vn -0.4265 -0.9003 0.0869
vn -0.1100 -0.9743 -0.1964
vn -0.2044 -0.9750 -0.0865
vn 0.4411 0.6616 0.6064
vn 0.4494 0.6624 0.5993
vn 0.7476 0.3933 0.5351
vn -0.0000 0.7847 0.6199
vn 0.8304 0.2586 0.4936
vn -0.0000 0.7952 0.6064
vn 0.9163 -0.1027 0.3871
vn -0.4495 0.6624 0.5993
vn 0.9203 -0.1022 0.3777
vn -0.4411 0.6616 0.6064
vn 0.7938 -0.5423 0.2752
vn -0.7476 0.3934 0.5351
vn 0.7955 -0.5356 0.2835
vn -0.8320 0.2513 0.4946
vn 0.4486 -0.8736 0.1888
vn -0.9163 -0.1027 0.3871
vn 0.4572 -0.8673 0.1970
vn -0.9203 -0.1022 0.3777
vn -0.0000 -0.9900 0.1412
vn -0.7938 -0.5423 0.2751
vn -0.0000 -0.9920 0.1259
vn -0.7955 -0.5356 0.2835
vn -0.4486 -0.8735 0.1889
vn -0.4572 -0.8672 0.1970
vn -0.4416 0.7810 0.4416
vn -0.4495 0.7722 0.4490
vn -0.7005 0.6924 0.1730
vn -0.1806 0.6914 0.6995
vn -0.7932 0.6048 0.0708
vn -0.0786 0.6045 0.7927
vn -0.9102 0.3922 -0.1335
vn 0.1261 0.3860 0.9138
vn -0.9400 0.2528 -0.2291
vn 0.2124 0.2518 0.9442
vn -0.9268 -0.1021 -0.3613
vn 0.3378 -0.1100 0.9348
vn -0.9210 -0.0945 -0.3778
vn 0.3613 -0.1021 0.9268
vn -0.8063 -0.4664 -0.3637
vn 0.3384 -0.4644 0.8185
vn -0.7275 -0.6089 -0.3163
vn 0.2916 -0.6146 0.7330
vn -0.4728 -0.8669 -0.1576
vn 0.1417 -0.8657 0.4801
vn -0.4795 -0.8647 -0.1494
vn 0.1345 -0.8613 0.4900
vn -0.1335 -0.9820 0.1335
vn -0.1184 -0.9868 0.1105
vn 0.7341 0.2289 0.6393
vn 0.8104 0.1495 0.5665
vn 0.8451 0.1738 0.5055
vn 0.8434 0.1340 0.5203
vn 0.6916 0.1808 0.6993
vn 0.6112 0.2898 0.7365
vn 0.7497 0.0947 0.6550
vn 0.7254 0.1183 0.6781
vn 0.6747 0.0314 0.7375
vn 0.6694 0.0630 0.7402
vn 0.6285 -0.0000 0.7778
vn 0.5583 0.2123 0.8020
vn 0.4568 0.3072 0.8349
vn 0.4004 0.1963 0.8951
vn 0.5109 0.0707 0.8567
vn 0.4025 0.1184 0.9077
vn 0.4721 -0.0236 0.8812
vn 0.3537 0.0079 0.9353
vn 0.2440 -0.0551 0.9682
vn 0.2913 -0.0866 0.9527
vn -0.0000 -0.0076 1.0000
vn -0.0000 -0.1027 0.9947
vn -0.0000 -0.0472 0.9989
vn -0.2440 -0.0551 0.9682
vn -0.2913 -0.0866 0.9527
vn -0.3537 0.0078 0.9353
vn -0.4721 -0.0236 0.8812
vn -0.5109 0.0707 0.8567
vn -0.4026 0.1184 0.9077
vn -0.6285 -0.0000 0.7778
vn -0.4004 0.1963 0.8951
vn -0.6694 0.0630 0.7402
vn -0.6747 0.0314 0.7375
vn -0.5583 0.2123 0.8020
vn -0.4568 0.3072 0.8349
vn -0.6112 0.2897 0.7365
vn -0.6915 0.1807 0.6994
vn -0.7341 0.2289 0.6393
vn -0.7497 0.0947 0.6550
vn -0.7254 0.1183 0.6781
vn -0.8434 0.1340 0.5203
vn -0.8104 0.1495 0.5665
vn -0.8451 0.1738 0.5055
vn -0.6830 -0.2588 -0.6830
vn -0.6829 -0.2596 -0.6829
vn -0.9659 -0.2588 -0.0000
vn -0.9658 -0.2593 -0.0000
vn -0.9658 -0.2591 -0.0000
vn -0.6830 -0.2588 0.6830
vn -0.6829 -0.2595 0.6829
vn -0.6829 -0.2593 0.6829
vn 0.6830 -0.2588 -0.6830
vn 0.6829 -0.2591 -0.6830
vn 0.6829 -0.2593 -0.6829
vn 0.9659 -0.2588 -0.0000
vn 0.9658 -0.2594 -0.0000
vn 0.6830 -0.2588 0.6830
vn 0.6830 -0.2591 0.6830
vn 0.6765 0.6765 -0.2910
vn -0.0000 0.8345 -0.5510
vn -0.0000 0.9263 -0.3768
vn -0.6765 0.6765 -0.2911
vn 0.6705 0.5286 -0.5206
vn 0.9369 0.2834 -0.2047
vn -0.6705 0.5286 -0.5206
vn -0.9369 0.2834 -0.2047
vn -0.0000 0.4970 -0.8677
vn 0.8797 0.2435 -0.4084
vn 0.9819 0.0157 -0.1886
vn 0.4418 0.3629 -0.8204
vn -0.4418 0.3629 -0.8204
vn -0.8797 0.2435 -0.4084
vn -0.9819 0.0157 -0.1886
vn -0.0000 0.2758 -0.9612
vn -0.6518 0.2042 -0.7303
vn -0.2528 0.2291 -0.9400
vn -0.8969 0.0393 -0.4406
vn -0.8821 -0.1654 -0.4410
vn -0.9365 -0.2440 -0.2518
vn -0.6611 0.0630 -0.7476
vn -0.6514 -0.4787 -0.5886
vn -0.7489 -0.5440 -0.3784
vn -0.0000 -0.8498 -0.5271
vn -0.6520 -0.0786 -0.7541
vn -0.4394 -0.2197 -0.8710
vn -0.0000 -0.6541 -0.7564
vn -0.2513 -0.0628 -0.9659
vn -0.0000 -0.3399 -0.9405
vn 0.6514 -0.4787 -0.5886
vn 0.7489 -0.5440 -0.3784
vn 0.9365 -0.2440 -0.2518
vn -0.0000 -0.1108 -0.9938
vn 0.4394 -0.2197 -0.8710
vn 0.8821 -0.1654 -0.4411
vn 0.2513 -0.0628 -0.9659
vn 0.8969 0.0393 -0.4406
vn 0.6520 -0.0786 -0.7541
vn 0.6518 0.2042 -0.7303
vn 0.6611 0.0630 -0.7476
vn 0.3863 0.0079 -0.9223
vn 0.2528 0.2291 -0.9400
vn 0.3875 0.1503 -0.9095
vn 0.3851 0.0786 -0.9195
vn -0.0000 0.0872 -0.9962
vn -0.3863 0.0079 -0.9223
vn -0.3875 0.1503 -0.9095
vn -0.3851 0.0786 -0.9195
vn 0.2056 0.9568 -0.2056
vn 0.3398 0.8770 -0.3398
vn -0.3156 0.6942 -0.6469
vn 0.6469 0.6942 0.3156
vn -0.1335 0.5731 -0.8086
vn -0.5446 0.2605 -0.7972
vn 0.8086 0.5731 0.1335
vn 0.7972 0.2605 0.5446
vn 0.5799 0.5722 -0.5799
vn -0.3065 0.2986 -0.9038
vn 0.9038 0.2986 0.3065
vn 0.2444 0.4337 -0.8673
vn -0.3618 0.0865 -0.9282
vn -0.5511 -0.0000 -0.8345
vn 0.0394 0.2683 -0.9625
vn 0.6594 0.3611 -0.6594
vn 0.4722 0.3069 -0.8263
vn 0.8673 0.4337 -0.2444
vn 0.3548 0.2286 -0.9066
vn 0.9625 0.2683 -0.0394
vn 0.0550 0.1335 -0.9895
vn 0.8263 0.3069 -0.4722
vn 0.9282 0.0865 0.3618
vn 0.8345 -0.0000 0.5511
vn 0.9066 0.2286 -0.3548
vn 0.9457 -0.1261 0.2995
vn 0.8510 -0.2285 0.4728
vn 0.9895 0.1335 -0.0550
vn 0.9974 -0.0157 -0.0707
vn 0.9051 -0.4250 0.0157
vn 0.8278 -0.5124 0.2286
vn 0.4262 -0.7979 -0.4262
vn 0.9383 -0.1419 -0.3154
vn 0.9217 0.0867 -0.3781
vn 0.8641 0.0236 -0.5028
vn 0.9152 0.1578 -0.3708
vn 0.6964 0.1737 -0.6964
vn 0.7069 -0.0237 -0.7069
vn 0.3708 0.1578 -0.9152
vn 0.3781 0.0867 -0.9217
vn 0.5028 0.0236 -0.8641
vn 0.0707 -0.0157 -0.9974
vn 0.3154 -0.1419 -0.9383
vn -0.2995 -0.1261 -0.9457
vn -0.4728 -0.2285 -0.8510
vn -0.0157 -0.4250 -0.9051
vn -0.2286 -0.5124 -0.8278
vn 0.6830 -0.2591 -0.6830
vn 0.5747 -0.5826 -0.5747
vn -0.3398 0.8770 -0.3398
vn -0.2057 0.9568 -0.2057
vn 0.3156 0.6942 -0.6469
vn -0.6469 0.6942 0.3156
vn 0.1335 0.5731 -0.8086
vn 0.5446 0.2605 -0.7972
vn -0.8086 0.5731 0.1335
vn -0.7972 0.2605 0.5446
vn -0.5800 0.5721 -0.5800
vn 0.3065 0.2987 -0.9038
vn -0.2444 0.4337 -0.8673
vn 0.3618 0.0865 -0.9282
vn 0.5511 -0.0000 -0.8345
vn -0.0394 0.2683 -0.9625
vn 0.2995 -0.1261 -0.9457
vn 0.4728 -0.2285 -0.8510
vn -0.0550 0.1335 -0.9895
vn 0.0157 -0.4250 -0.9051
vn 0.2286 -0.5124 -0.8277
vn -0.4262 -0.7979 -0.4262
vn -0.0706 -0.0157 -0.9974
vn -0.3154 -0.1419 -0.9383
vn -0.5747 -0.5826 -0.5747
vn -0.5028 0.0236 -0.8641
vn -0.6829 -0.2594 -0.6829
vn -0.9051 -0.4250 0.0157
vn -0.8278 -0.5124 0.2286
vn -0.8510 -0.2285 0.4728
vn -0.7069 -0.0240 -0.7069
vn -0.9383 -0.1419 -0.3154
vn -0.9457 -0.1261 0.2995
vn -0.8345 -0.0000 0.5511
vn -0.8641 0.0236 -0.5028
vn -0.9282 0.0865 0.3618
vn -0.9974 -0.0157 -0.0707
vn -0.9217 0.0867 -0.3781
vn -0.9038 0.2987 0.3065
vn -0.9895 0.1335 -0.0550
vn -0.9625 0.2683 -0.0394
vn -0.8673 0.4337 -0.2444
vn -0.9066 0.2286 -0.3548
vn -0.6594 0.3612 -0.6594
vn -0.8263 0.3069 -0.4722
vn -0.4722 0.3069 -0.8263
vn -0.6964 0.1737 -0.6964
vn -0.3548 0.2286 -0.9066
vn -0.9152 0.1578 -0.3708
vn -0.3708 0.1578 -0.9152
vn -0.3781 0.0867 -0.9217
vt 0.477295 0.184082
vt 0.481689 0.133789
vt 0.472168 0.183105
vt 0.485596 0.134277
vt 0.491699 0.113770
vt 0.485596 0.111816
vt 0.203735 0.135254
vt 0.199463 0.136230
vt 0.213989 0.187988
vt 0.210815 0.188477
vt 0.198975 0.111816
vt 0.192383 0.113770
vt 0.244873 0.173340
vt 0.252441 0.141602
vt 0.250977 0.140625
vt 0.367920 0.182129
vt 0.359375 0.132324
vt 0.362793 0.183105
vt 0.355469 0.133301
vt 0.349609 0.112305
vt 0.355713 0.110840
vt 0.337646 0.135742
vt 0.333252 0.134766
vt 0.323242 0.187500
vt 0.326416 0.188477
vt 0.344482 0.113281
vt 0.337891 0.111328
vt 0.284668 0.141602
vt 0.292236 0.173340
vt 0.285889 0.140137
vt 0.599609 0.224609
vt 0.604980 0.219238
vt 0.597656 0.220703
vt 0.576660 0.155273
vt 0.566895 0.163086
vt 0.583008 0.171387
vt 0.590332 0.224609
vt 0.588379 0.216309
vt 0.588379 0.234375
vt 0.584961 0.224609
vt 0.580078 0.278320
vt 0.577637 0.294922
vt 0.587402 0.278320
vt 0.575684 0.177246
vt 0.567383 0.180664
vt 0.550293 0.302734
vt 0.575684 0.302734
vt 0.550293 0.294922
vt 0.606445 0.273438
vt 0.590820 0.280273
vt 0.601074 0.282715
vt 0.597656 0.271484
vt 0.553223 0.106445
vt 0.551758 0.109863
vt 0.564941 0.111328
vt 0.562988 0.115234
vt 0.333252 0.309570
vt 0.342529 0.307129
vt 0.335938 0.291016
vt 0.327393 0.296387
vt 0.319580 0.279785
vt 0.315674 0.288086
vt 0.300781 0.276367
vt 0.301025 0.285645
vt 0.286621 0.289062
vt 0.282227 0.280762
vt 0.275391 0.297852
vt 0.266602 0.292480
vt 0.269775 0.311035
vt 0.260498 0.309570
vt 0.019226 0.230957
vt 0.018524 0.233398
vt 0.022736 0.231445
vt 0.023117 0.233887
vt 0.025726 0.230469
vt 0.027374 0.232422
vt 0.030563 0.228516
vt 0.027603 0.227539
vt 0.028519 0.224121
vt 0.031525 0.224121
vt 0.027618 0.220703
vt 0.030426 0.219238
vt 0.027344 0.215820
vt 0.025177 0.218262
vt 0.017334 0.236328
vt 0.040039 0.246094
vt 0.044159 0.234863
vt 0.054169 0.243164
vt 0.049866 0.250000
vt 0.054047 0.237793
vt 0.056641 0.247559
vt 0.056641 0.233398
vt 0.060638 0.253906
vt 0.061218 0.250488
vt 0.066345 0.250000
vt 0.082825 0.257324
vt 0.070618 0.247070
vt 0.048431 0.223145
vt 0.060913 0.230957
vt 0.028900 0.213379
vt 0.051422 0.214844
vt 0.034149 0.206055
vt 0.068176 0.219238
vt 0.066101 0.228516
vt 0.065979 0.230469
vt 0.070312 0.232910
vt 0.085449 0.232422
vt 0.087158 0.222656
vt 0.072876 0.237305
vt 0.107971 0.232910
vt 0.107971 0.223633
vt 0.128784 0.222656
vt 0.084045 0.245117
vt 0.073181 0.242676
vt 0.099487 0.250488
vt 0.103027 0.253906
vt 0.098145 0.245605
vt 0.107971 0.259277
vt 0.099548 0.240234
vt 0.107971 0.255859
vt 0.103088 0.236816
vt 0.112915 0.253906
vt 0.133179 0.257324
vt 0.107971 0.234863
vt 0.116516 0.250488
vt 0.112854 0.236816
vt 0.131836 0.245117
vt 0.117859 0.245605
vt 0.130493 0.232422
vt 0.116455 0.240234
vt 0.147705 0.219238
vt 0.145264 0.247070
vt 0.142822 0.242676
vt 0.149658 0.250000
vt 0.143066 0.237305
vt 0.155273 0.253906
vt 0.145630 0.233398
vt 0.154663 0.250488
vt 0.159302 0.247559
vt 0.166138 0.250000
vt 0.161743 0.243164
vt 0.175903 0.246094
vt 0.149780 0.228516
vt 0.150024 0.230469
vt 0.155029 0.230957
vt 0.167480 0.223145
vt 0.164551 0.214844
vt 0.159302 0.233398
vt 0.187012 0.213379
vt 0.181763 0.206055
vt 0.185547 0.219238
vt 0.188599 0.215820
vt 0.184448 0.224121
vt 0.185425 0.228516
vt 0.171753 0.234863
vt 0.161865 0.237793
vt 0.188599 0.232422
vt 0.192871 0.233887
vt 0.198608 0.236328
vt 0.197388 0.233398
vt 0.238525 0.261719
vt 0.242920 0.256348
vt 0.234131 0.260254
vt 0.231445 0.270508
vt 0.220825 0.264160
vt 0.218628 0.272461
vt 0.211426 0.264648
vt 0.019257 0.190918
vt 0.018539 0.193359
vt 0.022751 0.191406
vt 0.023132 0.193848
vt 0.025757 0.190430
vt 0.027405 0.192383
vt 0.030594 0.188477
vt 0.027649 0.187500
vt 0.028564 0.184082
vt 0.031555 0.184082
vt 0.027664 0.180664
vt 0.030472 0.179199
vt 0.027405 0.175781
vt 0.025238 0.178223
vt 0.017349 0.196289
vt 0.040039 0.206055
vt 0.044189 0.194824
vt 0.054169 0.203125
vt 0.049835 0.209961
vt 0.054077 0.197754
vt 0.056610 0.207520
vt 0.056671 0.193848
vt 0.060608 0.213867
vt 0.061188 0.210449
vt 0.066284 0.209961
vt 0.082764 0.217285
vt 0.070557 0.207031
vt 0.048492 0.183594
vt 0.060944 0.190918
vt 0.028976 0.173340
vt 0.051514 0.174805
vt 0.034241 0.166016
vt 0.068237 0.179199
vt 0.066162 0.188477
vt 0.065979 0.190430
vt 0.070312 0.193359
vt 0.085449 0.192383
vt 0.087158 0.182617
vt 0.072876 0.197266
vt 0.107910 0.193359
vt 0.107971 0.184082
vt 0.128784 0.183105
vt 0.083984 0.205078
vt 0.073120 0.202637
vt 0.099426 0.210449
vt 0.102966 0.214355
vt 0.098083 0.205566
vt 0.107849 0.219727
vt 0.099487 0.200684
vt 0.107849 0.215820
vt 0.103088 0.196777
vt 0.112793 0.214355
vt 0.132935 0.217285
vt 0.107910 0.195312
vt 0.116394 0.210449
vt 0.112793 0.196777
vt 0.131836 0.205078
vt 0.117737 0.205566
vt 0.130371 0.192383
vt 0.116333 0.200684
vt 0.147705 0.179199
vt 0.145142 0.207520
vt 0.149414 0.209961
vt 0.142700 0.202637
vt 0.155151 0.214355
vt 0.142944 0.197754
vt 0.154541 0.210449
vt 0.145508 0.193359
vt 0.159180 0.208008
vt 0.165894 0.210449
vt 0.161621 0.203613
vt 0.175781 0.206543
vt 0.149780 0.188477
vt 0.149902 0.190918
vt 0.154907 0.191406
vt 0.167480 0.183594
vt 0.164429 0.174805
vt 0.159180 0.193848
vt 0.187012 0.173828
vt 0.181763 0.166504
vt 0.185425 0.179688
vt 0.188599 0.176270
vt 0.184326 0.184570
vt 0.185303 0.188965
vt 0.171631 0.195312
vt 0.161743 0.198242
vt 0.188477 0.192871
vt 0.192749 0.194336
vt 0.198486 0.196777
vt 0.197266 0.193848
vt 0.295410 0.255859
vt 0.299805 0.261719
vt 0.304199 0.259766
vt 0.306885 0.270020
vt 0.317383 0.263672
vt 0.319824 0.271484
vt 0.326904 0.264160
vt 0.595703 0.209473
vt 0.602539 0.208496
vt 0.592285 0.205078
vt 0.597168 0.199219
vt 0.591797 0.190430
vt 0.587402 0.196777
vt 0.581543 0.185547
vt 0.578125 0.192383
vt 0.611328 0.230469
vt 0.603516 0.229004
vt 0.604980 0.238281
vt 0.611816 0.239746
vt 0.604004 0.250977
vt 0.608398 0.254395
vt 0.603027 0.264160
vt 0.563965 0.212402
vt 0.563965 0.225098
vt 0.574219 0.212891
vt 0.574707 0.225098
vt 0.583496 0.213867
vt 0.596680 0.247559
vt 0.597656 0.233887
vt 0.570801 0.312012
vt 0.550293 0.312012
vt 0.562012 0.319336
vt 0.550293 0.323730
vt 0.536133 0.314453
vt 0.527832 0.314941
vt 0.533691 0.323730
vt 0.525391 0.324219
vt 0.528320 0.335449
vt 0.522461 0.332520
vt 0.517090 0.339844
vt 0.520508 0.345215
vt 0.509277 0.342773
vt 0.509766 0.349609
vt 0.496582 0.193848
vt 0.495850 0.196777
vt 0.509277 0.193848
vt 0.509277 0.203125
vt 0.527344 0.193848
vt 0.527344 0.206543
vt 0.544434 0.204590
vt 0.544434 0.193848
vt 0.557617 0.199219
vt 0.557617 0.193848
vt 0.194092 0.263184
vt 0.188110 0.263184
vt 0.196655 0.276367
vt 0.191284 0.278320
vt 0.202637 0.286133
vt 0.198975 0.290039
vt 0.210449 0.291992
vt 0.207764 0.296875
vt 0.225464 0.300781
vt 0.225464 0.295410
vt 0.240479 0.291504
vt 0.243164 0.296875
vt 0.251953 0.290039
vt 0.248291 0.286133
vt 0.259521 0.278320
vt 0.254150 0.276367
vt 0.262695 0.263184
vt 0.256592 0.263184
vt 0.572754 0.124023
vt 0.569336 0.127930
vt 0.583984 0.143066
vt 0.581543 0.146484
vt 0.589355 0.155273
vt 0.578613 0.150879
vt 0.587402 0.162109
vt 0.562012 0.096191
vt 0.562012 0.088867
vt 0.574707 0.096191
vt 0.581543 0.089355
vt 0.584473 0.098145
vt 0.594238 0.100586
vt 0.573730 0.234863
vt 0.574707 0.247559
vt 0.589844 0.247559
vt 0.588379 0.263184
vt 0.574707 0.262695
vt 0.571289 0.274902
vt 0.560547 0.264648
vt 0.550293 0.263672
vt 0.580078 0.084961
vt 0.561523 0.084473
vt 0.579590 0.079590
vt 0.561523 0.079102
vt 0.562012 0.043457
vt 0.573730 0.044434
vt 0.562012 0.057617
vt 0.577637 0.058105
vt 0.196655 0.191406
vt 0.193115 0.191895
vt 0.190063 0.190918
vt 0.188232 0.187988
vt 0.187378 0.184570
vt 0.188232 0.181152
vt 0.190674 0.178711
vt 0.196777 0.230957
vt 0.193237 0.231445
vt 0.190186 0.230469
vt 0.188354 0.227539
vt 0.187378 0.224121
vt 0.188354 0.220703
vt 0.190796 0.218262
vt 0.543945 0.275879
vt 0.536133 0.276855
vt 0.541016 0.305664
vt 0.530762 0.306641
vt 0.526855 0.277832
vt 0.521973 0.307129
vt 0.518066 0.277832
vt 0.515625 0.307129
vt 0.506348 0.277832
vt 0.506348 0.307129
vt 0.510742 0.354492
vt 0.523926 0.349121
vt 0.534668 0.337402
vt 0.540039 0.323730
vt 0.542969 0.313477
vt 0.584961 0.326172
vt 0.590820 0.321777
vt 0.576172 0.326172
vt 0.581055 0.297363
vt 0.517090 0.268066
vt 0.508301 0.262207
vt 0.508301 0.271973
vt 0.517090 0.258301
vt 0.527344 0.266113
vt 0.527832 0.256348
vt 0.544434 0.259277
vt 0.544434 0.268555
vt 0.604492 0.206055
vt 0.608887 0.204590
vt 0.603516 0.196289
vt 0.605957 0.216797
vt 0.614746 0.212402
vt 0.268555 0.142578
vt 0.268555 0.139160
vt 0.563477 0.235352
vt 0.563965 0.248047
vt 0.565430 0.261719
vt 0.596680 0.264648
vt 0.269531 0.263184
vt 0.265381 0.280762
vt 0.256104 0.294434
vt 0.243530 0.303223
vt 0.225464 0.306152
vt 0.207397 0.303223
vt 0.194702 0.294434
vt 0.185425 0.280762
vt 0.181396 0.263672
vt 0.546875 0.107422
vt 0.547363 0.099609
vt 0.525879 0.107422
vt 0.525879 0.098145
vt 0.504395 0.099609
vt 0.504883 0.107422
vt 0.462402 0.140137
vt 0.463867 0.113281
vt 0.445068 0.119629
vt 0.484375 0.086426
vt 0.445312 0.084473
vt 0.432861 0.111816
vt 0.465088 0.084961
vt 0.480957 0.045410
vt 0.420898 0.083984
vt 0.420654 0.107910
vt 0.408691 0.111816
vt 0.467041 0.044434
vt 0.478271 0.020020
vt 0.468018 0.019043
vt 0.446289 0.018555
vt 0.445801 0.043945
vt 0.421631 0.018066
vt 0.421387 0.043457
vt 0.396729 0.043457
vt 0.396729 0.018066
vt 0.396484 0.083984
vt 0.396240 0.119141
vt 0.375732 0.043945
vt 0.375000 0.018555
vt 0.364746 0.018555
vt 0.361816 0.044434
vt 0.376709 0.084473
vt 0.357422 0.084961
vt 0.377686 0.112793
vt 0.378418 0.139648
vt 0.559082 0.212402
vt 0.544922 0.212402
vt 0.552246 0.235352
vt 0.545410 0.235352
vt 0.527832 0.211914
vt 0.527832 0.235840
vt 0.514160 0.236816
vt 0.510254 0.211914
vt 0.504395 0.240234
vt 0.495850 0.212402
vt 0.543945 0.189941
vt 0.557129 0.189941
vt 0.550293 0.136230
vt 0.526855 0.136230
vt 0.547852 0.112305
vt 0.526855 0.189941
vt 0.526855 0.112305
vt 0.505859 0.112305
vt 0.508789 0.189941
vt 0.502930 0.136230
vt 0.496094 0.189941
vt 0.500000 0.000488
vt 0.489502 0.000488
vt 0.493652 0.027344
vt 0.500000 0.027344
vt 0.525879 0.000488
vt 0.500488 0.071289
vt 0.525879 0.027832
vt 0.552246 0.027832
vt 0.552246 0.000488
vt 0.558594 0.027832
vt 0.562988 0.000488
vt 0.551270 0.071289
vt 0.525879 0.071289
vt 0.324463 0.300781
vt 0.301514 0.310547
vt 0.328857 0.310059
vt 0.314453 0.293945
vt 0.301270 0.291504
vt 0.288086 0.294434
vt 0.278320 0.301270
vt 0.274170 0.310547
vt 0.578613 0.022461
vt 0.578613 0.014648
vt 0.574707 0.015625
vt 0.571777 0.018555
vt 0.570801 0.022461
vt 0.571777 0.026367
vt 0.574707 0.029297
vt 0.578613 0.030273
vt 0.582520 0.015625
vt 0.585449 0.018555
vt 0.586426 0.022461
vt 0.585449 0.026367
vt 0.582520 0.029297
vt 0.151733 0.303223
vt 0.129395 0.306152
vt 0.151733 0.306152
vt 0.129395 0.303223
vt 0.151733 0.294922
vt 0.104858 0.303223
vt 0.104858 0.306152
vt 0.129395 0.294922
vt 0.151733 0.286621
vt 0.104858 0.294922
vt 0.081055 0.303223
vt 0.081055 0.306152
vt 0.057190 0.306152
vt 0.081055 0.294922
vt 0.057190 0.303223
vt 0.032623 0.306152
vt 0.010376 0.306152
vt 0.010376 0.303223
vt 0.032623 0.303223
vt 0.010376 0.294922
vt 0.057190 0.294922
vt 0.032623 0.294922
vt 0.010376 0.286621
vt 0.081055 0.286621
vt 0.057190 0.286621
vt 0.032623 0.286621
vt 0.010376 0.272461
vt 0.032623 0.272461
vt 0.057190 0.272461
vt 0.081055 0.272461
vt 0.104858 0.286621
vt 0.104858 0.272461
vt 0.129395 0.286621
vt 0.129395 0.272461
vt 0.151733 0.272461
vt 0.224487 0.181641
vt 0.223389 0.137207
vt 0.235107 0.177734
vt 0.222290 0.110352
vt 0.200439 0.084473
vt 0.242676 0.140625
vt 0.242432 0.109375
vt 0.268311 0.108887
vt 0.242188 0.082520
vt 0.268311 0.082031
vt 0.294434 0.109375
vt 0.221069 0.083008
vt 0.204346 0.040527
vt 0.219238 0.039551
vt 0.207275 0.013184
vt 0.218262 0.012695
vt 0.241577 0.011719
vt 0.241943 0.039062
vt 0.268066 0.011719
vt 0.268066 0.038574
vt 0.294434 0.039062
vt 0.294678 0.011719
vt 0.294434 0.082031
vt 0.317139 0.039551
vt 0.317871 0.012207
vt 0.328857 0.012695
vt 0.332031 0.040039
vt 0.315674 0.083008
vt 0.336182 0.083984
vt 0.314453 0.109863
vt 0.313477 0.136719
vt 0.312744 0.181641
vt 0.302246 0.177246
vt 0.294434 0.140137
vt 0.187012 0.119629
vt 0.182251 0.097656
vt 0.177490 0.126465
vt 0.169434 0.096191
vt 0.176514 0.075684
vt 0.162842 0.125000
vt 0.163940 0.160645
vt 0.153809 0.159668
vt 0.152710 0.068848
vt 0.147339 0.124512
vt 0.139893 0.158691
vt 0.151367 0.095215
vt 0.127441 0.124512
vt 0.124756 0.158203
vt 0.130981 0.094727
vt 0.110962 0.124512
vt 0.110962 0.157715
vt 0.097229 0.158203
vt 0.110901 0.094238
vt 0.094360 0.124512
vt 0.082031 0.158691
vt 0.131714 0.067871
vt 0.074463 0.124512
vt 0.068176 0.159668
vt 0.153320 0.052246
vt 0.158691 0.035156
vt 0.133179 0.045410
vt 0.110840 0.067383
vt 0.133301 0.030273
vt 0.136963 0.018066
vt 0.110779 0.043945
vt 0.110779 0.028320
vt 0.123169 0.012207
vt 0.110779 0.009766
vt 0.098328 0.012207
vt 0.084534 0.018066
vt 0.088196 0.030273
vt 0.062805 0.035156
vt 0.088440 0.045410
vt 0.068298 0.052734
vt 0.045197 0.076172
vt 0.089966 0.068359
vt 0.068970 0.068848
vt 0.090820 0.094727
vt 0.070435 0.095215
vt 0.052277 0.096680
vt 0.039551 0.097656
vt 0.059052 0.125000
vt 0.058014 0.161133
vt 0.044312 0.126465
vt 0.034760 0.120117
vt 0.816895 0.208984
vt 0.812988 0.217285
vt 0.811523 0.206055
vt 0.817383 0.202148
vt 0.803711 0.210938
vt 0.811523 0.198242
vt 0.816895 0.195801
vt 0.803711 0.193848
vt 0.812988 0.187500
vt 0.111145 0.199707
vt 0.113403 0.202148
vt 0.107910 0.199219
vt 0.104736 0.199707
vt 0.114258 0.205566
vt 0.113403 0.208984
vt 0.102417 0.202148
vt 0.111084 0.211426
vt 0.101501 0.205566
vt 0.107910 0.211914
vt 0.102356 0.208984
vt 0.104675 0.211426
vt 0.158691 0.199219
vt 0.156982 0.196289
vt 0.158813 0.202637
vt 0.154175 0.194336
vt 0.156982 0.205566
vt 0.153931 0.207520
vt 0.150757 0.194336
vt 0.147827 0.195801
vt 0.150513 0.207031
vt 0.146118 0.198730
vt 0.147583 0.205078
vt 0.145996 0.202148
vt 0.065125 0.233887
vt 0.061676 0.233887
vt 0.068115 0.235352
vt 0.058746 0.235840
vt 0.069824 0.238281
vt 0.057037 0.238770
vt 0.069885 0.242188
vt 0.056976 0.242676
vt 0.068237 0.245117
vt 0.058746 0.245605
vt 0.065308 0.247070
vt 0.061829 0.247070
vt 0.065063 0.193848
vt 0.061707 0.193848
vt 0.068054 0.195801
vt 0.058838 0.195801
vt 0.069702 0.198730
vt 0.057129 0.198730
vt 0.069763 0.202148
vt 0.057037 0.202637
vt 0.068176 0.205078
vt 0.058777 0.205566
vt 0.065247 0.207031
vt 0.061829 0.207031
vt 0.111267 0.239746
vt 0.113647 0.242188
vt 0.107971 0.238770
vt 0.104675 0.239746
vt 0.114502 0.245605
vt 0.113647 0.248535
vt 0.102356 0.242188
vt 0.111267 0.251465
vt 0.101440 0.245605
vt 0.107971 0.251953
vt 0.102356 0.248535
vt 0.104675 0.251465
vt 0.150879 0.233887
vt 0.147827 0.235352
vt 0.154297 0.233887
vt 0.146118 0.238281
vt 0.157227 0.235840
vt 0.145996 0.242188
vt 0.158936 0.238770
vt 0.147705 0.245117
vt 0.158936 0.242676
vt 0.150635 0.247070
vt 0.157227 0.245605
vt 0.154175 0.247070
vt 0.219849 0.242676
vt 0.210205 0.242676
vt 0.230591 0.243164
vt 0.222656 0.225098
vt 0.214966 0.214355
vt 0.225342 0.208496
vt 0.232544 0.224121
vt 0.235596 0.204102
vt 0.238892 0.243652
vt 0.247437 0.244141
vt 0.241699 0.223633
vt 0.251465 0.223145
vt 0.245239 0.199707
vt 0.256592 0.209473
vt 0.257080 0.199707
vt 0.252441 0.167969
vt 0.268799 0.209473
vt 0.268555 0.167969
vt 0.268799 0.199219
vt 0.280273 0.199219
vt 0.284912 0.167969
vt 0.281006 0.208984
vt 0.292236 0.199707
vt 0.296143 0.223145
vt 0.286377 0.223145
vt 0.302002 0.203613
vt 0.290527 0.243652
vt 0.305420 0.223633
vt 0.312256 0.208008
vt 0.299316 0.243652
vt 0.307617 0.242676
vt 0.315186 0.224609
vt 0.322754 0.213867
vt 0.327881 0.241699
vt 0.318115 0.242188
vt 0.606934 0.065430
vt 0.601562 0.063965
vt 0.601562 0.068359
vt 0.596191 0.065430
vt 0.605469 0.061523
vt 0.612305 0.055664
vt 0.597656 0.061523
vt 0.591309 0.055664
vt 0.601562 0.058105
vt 0.609375 0.053223
vt 0.614258 0.041016
vt 0.604492 0.056152
vt 0.599121 0.056152
vt 0.594238 0.053223
vt 0.589355 0.041016
vt 0.601562 0.050293
vt 0.596680 0.049805
vt 0.600098 0.049316
vt 0.592285 0.041016
vt 0.593750 0.028809
vt 0.591309 0.026855
vt 0.595703 0.041016
vt 0.597656 0.020996
vt 0.596191 0.017090
vt 0.601562 0.014160
vt 0.596680 0.032227
vt 0.599121 0.026367
vt 0.601562 0.018066
vt 0.600098 0.033203
vt 0.601562 0.023926
vt 0.605469 0.020508
vt 0.606934 0.017090
vt 0.612305 0.026855
vt 0.601562 0.032227
vt 0.604492 0.026367
vt 0.609375 0.028809
vt 0.603027 0.033203
vt 0.610840 0.041016
vt 0.606934 0.032227
vt 0.606934 0.049805
vt 0.607910 0.041016
vt 0.604492 0.036621
vt 0.603027 0.049316
vt 0.604492 0.045898
vt 0.604980 0.041016
vt 0.601562 0.041016
vt 0.599121 0.036621
vt 0.599121 0.045898
vt 0.598633 0.041016
vt 0.601562 0.133789
vt 0.601562 0.129883
vt 0.606934 0.130859
vt 0.596191 0.130859
vt 0.605469 0.127441
vt 0.612305 0.121094
vt 0.597656 0.127441
vt 0.591309 0.121094
vt 0.601562 0.124023
vt 0.609375 0.119141
vt 0.594238 0.119141
vt 0.604492 0.121582
vt 0.610840 0.106934
vt 0.614258 0.106934
vt 0.606934 0.115723
vt 0.601562 0.116211
vt 0.603027 0.114746
vt 0.599121 0.121582
vt 0.604492 0.111328
vt 0.596680 0.115723
vt 0.607910 0.106934
vt 0.600098 0.114746
vt 0.592285 0.106934
vt 0.589355 0.106934
vt 0.599121 0.111328
vt 0.593750 0.094727
vt 0.591309 0.092773
vt 0.595703 0.106934
vt 0.596680 0.098145
vt 0.597656 0.086426
vt 0.596191 0.083008
vt 0.601562 0.080078
vt 0.599121 0.091797
vt 0.599121 0.102051
vt 0.600098 0.099121
vt 0.598633 0.106934
vt 0.601562 0.106934
vt 0.601562 0.097656
vt 0.604980 0.106934
vt 0.604492 0.102051
vt 0.603027 0.099121
vt 0.606934 0.098145
vt 0.604492 0.091797
vt 0.609375 0.094727
vt 0.612305 0.092285
vt 0.605469 0.086426
vt 0.606934 0.082520
vt 0.601562 0.089844
vt 0.601562 0.083984
s 1
usemtl Arm
f 379/56/168 380/57/168 381/58/168
f 382/59/169 383/57/169 384/56/168
f 385/59/170 386/60/170 387/57/170
f 388/61/170 389/57/170 390/60/170
f 391/62/171 392/63/171 393/64/171
f 394/65/172 395/64/172 396/63/172
f 397/66/173 398/67/173 399/62/173
f 400/63/174 401/62/175 402/67/174
f 403/68/176 404/69/176 405/70/177
f 406/71/178 407/72/178 408/73/168
f 409/74/178 410/73/178 411/72/178
f 412/72/170 413/75/170 414/74/170
f 415/72/179 416/76/170 417/75/179
f 418/77/180 419/78/181 420/79/182
f 421/79/183 422/80/183 423/77/184
f 424/81/185 425/82/186 426/78/185
f 427/78/175 428/77/175 429/81/175
f 430/83/187 431/84/187 432/85/187
f 433/86/188 434/87/189 435/88/188
f 436/89/190 437/90/191 438/91/192
f 439/86/193 440/88/193 441/92/193
f 442/93/194 443/92/194 444/88/194
f 445/94/195 446/92/196 447/95/195
f 448/96/197 449/97/198 450/98/199
f 451/87/200 452/86/201 453/88/200
f 454/90/202 455/89/203 456/91/204
f 457/93/205 458/88/205 459/92/205
f 460/86/206 461/92/206 462/88/207
f 463/92/208 464/94/209 465/95/210
f 466/97/211 467/96/212 468/98/213
f 469/99/214 470/91/215 471/90/214
f 472/100/216 469/99/214 471/90/214
f 473/101/217 474/102/217 475/103/218
f 476/97/217 475/103/218 474/102/217
f 477/104/219 478/105/220 479/106/221
f 480/107/222 478/105/220 477/104/219
f 481/108/223 482/109/224 483/110/225
f 484/111/226 483/110/225 482/109/224
f 485/91/227 486/99/228 487/90/228
f 486/99/228 488/100/229 487/90/228
f 489/97/218 490/102/218 491/103/218
f 492/101/218 491/103/218 490/102/218
f 493/105/230 494/104/231 495/106/232
f 493/105/230 496/107/233 494/104/231
f 497/108/223 498/110/234 499/109/224
f 500/111/235 499/109/224 498/110/234
f 501/112/236 502/113/237 503/114/238
f 504/115/239 501/112/236 503/114/238
f 504/115/239 503/114/238 505/116/240
f 505/116/240 506/117/241 504/115/239
f 505/116/240 507/118/242 506/117/241
f 508/119/242 506/117/241 507/118/242
f 508/119/242 507/118/242 509/120/243
f 510/121/244 509/120/243 507/118/242
f 509/120/243 510/121/244 511/122/245
f 512/123/246 511/122/245 510/121/244
f 511/122/245 512/123/246 513/124/247
f 514/125/248 513/124/247 512/123/246
f 515/126/249 516/127/250 517/128/251
f 518/129/252 517/128/251 516/127/250
f 517/128/251 518/129/252 519/130/253
f 520/131/254 519/130/253 518/129/252
f 520/131/254 521/132/255 519/130/253
f 522/133/256 519/130/253 521/132/255
f 522/133/256 521/132/255 523/134/257
f 524/135/258 523/134/257 521/132/255
f 523/134/257 524/135/258 525/136/259
f 525/136/259 524/135/258 526/137/260
f 526/137/260 527/138/261 525/136/259
f 528/139/262 525/136/259 527/138/261
f 529/127/263 530/140/263 531/129/264
f 530/140/263 532/141/265 531/129/264
f 532/141/265 533/131/266 531/129/264
f 534/142/267 533/131/266 532/141/265
f 535/132/268 533/131/266 534/142/267
f 532/141/265 536/143/269 534/142/267
f 532/141/265 537/144/270 536/143/269
f 538/145/271 534/142/267 536/143/269
f 539/146/270 536/143/269 537/144/270
f 540/147/272 534/142/267 538/145/271
f 539/146/270 537/144/270 541/148/273
f 542/149/274 539/146/270 541/148/273
f 542/149/274 541/148/273 543/150/275
f 544/151/276 543/150/275 541/148/273
f 545/152/277 543/150/275 544/151/276
f 535/132/268 534/142/267 546/153/278
f 540/147/272 546/153/278 534/142/267
f 547/135/279 535/132/268 546/153/278
f 540/147/272 548/154/280 546/153/278
f 549/137/281 547/135/279 546/153/278
f 549/137/281 546/153/278 550/155/282
f 551/138/283 549/137/281 550/155/282
f 552/156/284 550/155/282 546/153/278
f 553/157/285 550/155/282 552/156/284
f 552/156/284 546/153/278 554/158/286
f 555/159/287 554/158/286 546/153/278
f 546/153/278 548/154/280 555/159/287
f 556/160/288 555/159/287 548/154/280
f 556/160/288 557/161/289 555/159/287
f 554/158/286 555/159/287 558/162/290
f 557/161/289 558/162/290 555/159/287
f 558/162/290 559/163/291 554/158/286
f 558/162/290 557/161/289 560/164/292
f 558/162/290 561/165/293 559/163/291
f 562/166/294 559/163/291 561/165/293
f 563/167/295 562/166/294 561/165/293
f 545/152/277 544/151/276 564/168/296
f 560/164/292 564/168/296 558/162/290
f 565/169/297 545/152/277 564/168/296
f 565/169/297 564/168/296 560/164/292
f 544/151/276 566/170/298 564/168/296
f 567/171/299 566/170/298 544/151/276
f 564/168/296 568/172/300 558/162/290
f 568/172/300 564/168/296 566/170/298
f 567/171/299 544/151/276 569/173/301
f 570/174/302 558/162/290 568/172/300
f 571/175/301 567/171/299 569/173/301
f 558/162/290 572/176/303 561/165/293
f 570/174/302 572/176/303 558/162/290
f 573/177/304 571/175/301 569/173/301
f 573/177/304 569/173/301 574/178/305
f 575/179/306 561/165/293 572/176/303
f 576/180/307 573/177/304 574/178/305
f 575/179/306 577/181/308 561/165/293
f 574/178/305 578/182/309 576/180/307
f 579/183/310 576/180/307 578/182/309
f 580/184/311 561/165/293 577/181/308
f 563/167/295 561/165/293 580/184/311
f 578/182/309 580/184/311 579/183/310
f 577/181/308 581/185/312 580/184/311
f 581/185/312 579/183/310 580/184/311
f 563/167/295 580/184/311 582/186/313
f 578/182/309 574/178/305 583/187/314
f 584/188/315 578/182/309 583/187/314
f 585/189/316 583/187/314 574/178/305
f 578/182/309 586/190/317 580/184/311
f 586/190/317 578/182/309 584/188/315
f 574/178/305 587/191/318 585/189/316
f 588/192/319 580/184/311 586/190/317
f 589/193/320 585/189/316 587/191/318
f 589/193/320 587/191/318 590/194/321
f 590/194/321 587/191/318 591/195/322
f 590/194/321 591/195/322 592/196/323
f 593/197/324 592/196/323 591/195/322
f 582/186/313 580/184/311 594/198/325
f 594/198/325 580/184/311 588/192/319
f 594/198/325 588/192/319 595/199/326
f 595/199/326 596/200/327 594/198/325
f 582/186/313 594/198/325 597/201/328
f 597/201/328 594/198/325 596/200/327
f 597/201/328 598/202/329 582/186/313
f 596/200/327 599/203/330 597/201/328
f 597/201/328 600/204/331 598/202/329
f 601/205/332 598/202/329 600/204/331
f 600/204/331 597/201/328 602/206/333
f 603/207/334 600/204/331 602/206/333
f 604/208/335 602/206/333 597/201/328
f 604/208/335 597/201/328 605/209/336
f 606/210/337 605/209/336 597/201/328
f 597/201/328 599/203/330 606/210/337
f 593/197/324 606/210/337 592/196/323
f 607/211/338 606/210/337 599/203/330
f 607/211/338 592/196/323 606/210/337
f 593/197/324 608/212/339 606/210/337
f 605/209/336 606/210/337 608/212/339
f 608/212/339 593/197/324 609/213/340
f 609/213/340 593/197/324 610/214/341
f 611/215/341 609/213/340 610/214/341
f 612/216/342 613/217/343 614/218/344
f 614/218/344 615/219/345 612/216/342
f 614/218/344 616/220/346 615/219/345
f 616/220/346 617/221/347 615/219/345
f 618/222/347 617/221/347 616/220/346
f 619/223/348 620/224/349 621/225/350
f 622/226/351 621/225/350 620/224/349
f 621/225/350 622/226/351 623/227/352
f 624/228/353 623/227/352 622/226/351
f 624/228/353 625/229/354 623/227/352
f 626/230/355 623/227/352 625/229/354
f 626/230/355 625/229/354 627/231/356
f 628/232/357 627/231/356 625/229/354
f 627/231/356 628/232/357 629/233/358
f 630/234/359 629/233/358 628/232/357
f 630/234/359 631/235/360 629/233/358
f 632/236/361 629/233/358 631/235/360
f 633/224/362 634/237/362 635/226/363
f 635/226/363 634/237/362 636/238/364
f 636/238/364 637/228/363 635/226/363
f 636/238/364 638/239/365 637/228/363
f 639/229/366 637/228/363 638/239/365
f 636/238/364 640/240/367 638/239/365
f 636/238/364 641/241/368 640/240/367
f 642/242/369 638/239/365 640/240/367
f 643/243/368 640/240/367 641/241/368
f 642/242/369 644/244/370 638/239/365
f 643/243/368 641/241/368 645/245/371
f 646/246/372 643/243/368 645/245/371
f 646/246/372 645/245/371 647/247/373
f 648/248/374 647/247/373 645/245/371
f 649/249/375 647/247/373 648/248/374
f 638/239/365 644/244/370 650/250/376
f 638/239/365 650/250/376 639/229/366
f 639/229/366 650/250/376 651/232/377
f 644/244/370 652/251/378 650/250/376
f 653/234/377 651/232/377 650/250/376
f 653/234/377 650/250/376 654/252/379
f 655/235/380 653/234/377 654/252/379
f 656/253/381 654/252/379 650/250/376
f 657/254/382 654/252/379 656/253/381
f 650/250/376 658/255/383 656/253/381
f 650/250/376 652/251/378 659/256/384
f 658/255/383 650/250/376 659/256/384
f 660/257/385 659/256/384 652/251/378
f 660/257/385 661/258/386 659/256/384
f 661/258/386 662/259/387 659/256/384
f 659/256/384 662/259/387 658/255/383
f 663/260/388 658/255/383 662/259/387
f 662/259/387 661/258/386 664/261/389
f 663/260/388 662/259/387 665/262/390
f 665/262/390 666/263/391 663/260/388
f 666/263/391 665/262/390 667/264/392
f 668/265/393 662/259/387 664/261/389
f 668/265/393 649/249/375 648/248/374
f 669/266/394 668/265/393 664/261/389
f 669/266/394 649/249/375 668/265/393
f 648/248/374 670/267/395 668/265/393
f 671/268/396 670/267/395 648/248/374
f 672/269/397 668/265/393 670/267/395
f 668/265/393 672/269/397 662/259/387
f 671/268/396 648/248/374 673/270/398
f 674/271/399 662/259/387 672/269/397
f 673/270/398 675/272/400 671/268/396
f 674/271/399 676/273/399 662/259/387
f 662/259/387 676/273/399 665/262/390
f 675/272/400 673/270/398 677/274/401
f 677/274/401 673/270/398 678/275/402
f 679/276/403 665/262/390 676/273/399
f 680/277/404 677/274/401 678/275/402
f 679/276/403 681/278/405 665/262/390
f 678/275/402 682/279/406 680/277/404
f 683/280/407 680/277/404 682/279/406
f 684/281/408 667/264/392 665/262/390
f 682/279/406 684/281/408 683/280/407
f 684/281/408 665/262/390 681/278/405
f 685/282/409 683/280/407 684/281/408
f 681/278/405 685/282/409 684/281/408
f 684/281/408 686/283/410 667/264/392
f 687/284/411 682/279/406 678/275/402
f 688/285/412 687/284/411 678/275/402
f 687/284/411 689/286/413 682/279/406
f 678/275/402 690/287/414 688/285/412
f 684/281/408 682/279/406 691/288/415
f 689/286/413 691/288/415 682/279/406
f 692/289/414 688/285/412 690/287/414
f 693/290/416 684/281/408 691/288/415
f 692/289/414 690/287/414 694/291/417
f 690/287/414 695/292/418 694/291/417
f 694/291/417 695/292/418 696/293/419
f 697/294/420 696/293/419 695/292/418
f 693/290/416 698/295/421 684/281/408
f 698/295/421 686/283/410 684/281/408
f 699/296/422 698/295/421 693/290/416
f 699/296/422 700/297/423 698/295/421
f 701/298/424 698/295/421 700/297/423
f 698/295/421 701/298/424 686/283/410
f 702/299/425 686/283/410 701/298/424
f 700/297/423 703/300/426 701/298/424
f 702/299/425 701/298/424 704/301/427
f 705/302/428 702/299/425 704/301/427
f 706/303/429 704/301/427 701/298/424
f 707/304/430 704/301/427 706/303/429
f 708/305/431 706/303/429 701/298/424
f 708/305/431 701/298/424 709/306/432
f 710/307/433 701/298/424 703/300/426
f 697/294/420 710/307/433 696/293/419
f 701/298/424 710/307/433 709/306/432
f 711/308/434 696/293/419 710/307/433
f 703/300/426 711/308/434 710/307/433
f 710/307/433 697/294/420 712/309/435
f 712/309/435 709/306/432 710/307/433
f 712/309/435 697/294/420 713/310/436
f 713/310/436 697/294/420 714/311/437
f 715/312/437 713/310/436 714/311/437
f 716/313/438 717/314/439 718/315/440
f 717/314/439 719/316/441 718/315/440
f 720/317/346 718/315/440 719/316/441
f 720/317/346 719/316/441 721/318/347
f 721/318/347 722/319/347 720/317/346
f 723/88/442 724/87/443 725/320/444
f 726/321/445 725/320/444 724/87/443
f 725/320/444 726/321/445 727/322/446
f 727/322/446 726/321/445 728/323/447
f 727/322/446 728/323/447 729/324/448
f 730/325/449 727/322/446 729/324/448
f 730/325/449 729/324/448 731/326/450
f 731/326/450 732/327/451 730/325/449
f 733/328/452 734/329/453 735/330/454
f 735/330/454 736/331/455 733/328/452
f 735/330/454 737/332/456 736/331/455
f 738/333/457 736/331/455 737/332/456
f 739/334/458 738/333/457 737/332/456
f 740/335/346 741/336/346 742/337/459
f 743/338/460 742/337/459 741/336/346
f 742/337/459 743/338/460 744/339/461
f 745/95/462 744/339/461 743/338/460
f 744/339/461 745/95/462 746/93/463
f 747/92/464 746/93/463 745/95/462
f 748/334/465 749/332/466 750/340/467
f 749/332/466 751/330/468 750/340/467
f 752/341/469 750/340/467 751/330/468
f 751/330/468 753/329/470 752/341/469
f 754/86/471 752/341/469 753/329/470
f 755/102/346 756/101/346 757/342/346
f 758/343/346 757/342/346 756/101/346
f 758/343/346 759/344/346 757/342/346
f 760/345/346 759/344/346 758/343/346
f 761/346/346 762/347/346 763/348/346
f 764/349/346 763/348/346 762/347/346
f 764/349/346 765/350/346 763/348/346
f 764/349/346 766/351/346 765/350/346
f 766/351/346 767/352/346 765/350/346
f 767/352/346 768/353/346 765/350/346
f 767/352/346 769/354/346 768/353/346
f 770/355/346 768/353/346 769/354/346
f 771/356/472 772/357/473 773/358/474
f 774/359/474 773/358/474 772/357/473
f 774/359/474 775/360/475 773/358/474
f 774/359/474 776/361/475 775/360/475
f 776/361/475 777/362/475 775/360/475
f 778/363/475 775/360/475 777/362/475
f 777/362/475 779/364/472 778/363/475
f 780/365/472 778/363/475 779/364/472
f 781/366/476 782/367/477 783/368/478
f 784/369/479 783/368/478 782/367/477
f 783/368/478 784/369/479 785/370/480
f 785/370/480 784/369/479 786/371/481
f 785/370/480 786/371/481 787/372/482
f 787/372/482 786/371/481 788/373/483
f 788/373/483 789/374/484 787/372/482
f 790/375/485 787/372/482 789/374/484
f 790/375/485 789/374/484 791/376/486
f 791/376/486 789/374/484 792/377/487
f 791/376/486 792/377/487 793/378/488
f 794/379/489 791/376/486 793/378/488
f 793/378/488 795/380/490 794/379/489
f 796/381/491 794/379/489 795/380/490
f 795/380/490 797/382/492 796/381/491
f 798/383/493 796/381/491 797/382/492
f 799/110/494 800/111/495 801/384/496
f 802/385/497 801/384/496 800/111/495
f 801/384/496 802/385/497 803/386/498
f 804/387/499 803/386/498 802/385/497
f 803/386/498 804/387/499 805/388/500
f 804/387/499 806/389/501 805/388/500
f 807/390/502 805/388/500 806/389/501
f 806/389/501 808/89/503 807/390/502
f 809/91/504 807/390/502 808/89/503
f 810/391/505 811/392/506 812/393/507
f 813/394/203 812/393/507 811/392/506
f 814/395/508 812/393/507 813/394/203
f 814/395/508 813/394/203 815/396/509
f 816/327/451 817/326/450 818/325/510
f 819/324/511 818/325/510 817/326/450
f 820/322/512 818/325/510 819/324/511
f 821/323/513 820/322/512 819/324/511
f 822/321/514 820/322/512 821/323/513
f 822/321/514 823/320/515 820/322/512
f 823/320/515 822/321/514 824/87/516
f 825/88/517 823/320/515 824/87/516
f 826/333/518 827/334/519 828/332/520
f 826/333/518 828/332/520 829/331/521
f 830/330/522 829/331/521 828/332/520
f 829/331/521 830/330/522 831/328/523
f 831/328/523 830/330/522 832/329/524
f 833/86/525 834/329/526 835/341/527
f 836/330/528 835/341/527 834/329/526
f 835/341/527 836/330/528 837/340/529
f 838/332/530 837/340/529 836/330/528
f 838/332/530 839/334/531 837/340/529
f 840/338/532 841/95/533 842/397/534
f 843/94/535 842/397/534 841/95/533
f 842/397/534 843/94/535 844/398/536
f 845/399/537 844/398/536 843/94/535
f 846/400/538 844/398/536 845/399/537
f 846/400/538 847/401/539 844/398/536
f 848/383/540 849/382/541 850/381/542
f 851/380/543 850/381/542 849/382/541
f 851/380/543 852/379/544 850/381/542
f 853/378/545 852/379/544 851/380/543
f 852/379/544 853/378/545 854/376/546
f 855/377/547 854/376/546 853/378/545
f 854/376/546 855/377/547 856/374/548
f 856/374/548 857/375/549 854/376/546
f 857/375/549 856/374/548 858/372/550
f 858/372/550 856/374/548 859/373/551
f 859/373/551 860/371/552 858/372/550
f 860/371/552 861/370/553 858/372/550
f 861/370/553 860/371/552 862/369/554
f 862/369/554 863/368/555 861/370/553
f 862/369/554 864/367/556 863/368/555
f 865/366/557 863/368/555 864/367/556
f 866/344/346 867/345/346 868/343/346
f 866/344/346 868/343/346 869/342/346
f 868/343/346 870/101/346 869/342/346
f 871/102/346 869/342/346 870/101/346
f 872/96/558 873/97/559 874/402/560
f 873/97/559 875/103/561 874/402/560
f 875/103/561 876/403/562 874/402/560
f 875/103/561 877/404/563 876/403/562
f 878/355/346 879/354/346 880/353/346
f 881/352/346 880/353/346 879/354/346
f 881/352/346 882/350/346 880/353/346
f 883/351/346 882/350/346 881/352/346
f 883/351/346 884/349/346 882/350/346
f 885/348/346 882/350/346 884/349/346
f 884/349/346 886/347/346 885/348/346
f 887/346/346 885/348/346 886/347/346
f 888/365/564 889/364/564 890/363/565
f 890/363/565 889/364/564 891/362/565
f 890/363/565 891/362/565 892/360/565
f 891/362/565 893/361/565 892/360/565
f 893/361/565 894/359/566 892/360/565
f 895/358/566 892/360/565 894/359/566
f 894/359/566 896/357/567 895/358/566
f 897/356/564 895/358/566 896/357/567
f 898/394/568 899/392/569 900/405/570
f 901/406/571 900/405/570 899/392/569
f 900/405/570 901/406/571 902/407/572
f 903/408/573 902/407/572 901/406/571
f 904/409/574 905/410/575 906/411/576
f 907/412/577 906/411/576 905/410/575
f 906/411/576 907/412/577 908/408/578
f 909/407/579 908/408/578 907/412/577
f 910/91/580 911/89/581 912/390/582
f 913/389/583 912/390/582 911/89/581
f 912/390/582 913/389/583 914/388/584
f 915/387/585 914/388/584 913/389/583
f 915/387/585 916/386/586 914/388/584
f 915/387/585 917/385/587 916/386/586
f 918/384/588 916/386/586 917/385/587
f 917/385/587 919/111/589 918/384/588
f 920/110/590 918/384/588 919/111/589
f 921/112/591 922/114/592 923/113/593
f 922/114/592 921/112/591 924/115/594
f 922/114/592 924/115/594 925/116/595
f 926/117/596 925/116/595 924/115/594
f 925/116/595 926/117/596 927/118/597
f 928/119/598 927/118/597 926/117/596
f 928/119/598 929/120/599 927/118/597
f 930/121/600 927/118/597 929/120/599
f 929/120/599 931/122/601 930/121/600
f 932/123/602 930/121/600 931/122/601
f 931/122/601 933/124/603 932/123/602
f 934/125/604 932/123/602 933/124/603
f 935/413/605 936/414/606 937/312/607
f 938/310/608 937/312/607 936/414/606
f 936/414/606 939/415/609 938/310/608
f 940/309/610 938/310/608 939/415/609
f 940/309/610 939/415/609 941/306/611
f 942/416/612 941/306/611 939/415/609
f 942/416/612 943/417/613 941/306/611
f 944/305/614 941/306/611 943/417/613
f 943/417/613 945/418/615 944/305/614
f 945/418/615 946/303/616 944/305/614
f 946/303/616 945/418/615 947/304/617
f 948/419/618 947/304/617 945/418/615
f 949/420/619 950/421/620 951/215/621
f 952/213/622 951/215/621 950/421/620
f 950/421/620 953/422/623 952/213/622
f 954/212/624 952/213/622 953/422/623
f 954/212/624 953/422/623 955/209/625
f 956/423/626 955/209/625 953/422/623
f 956/423/626 957/424/627 955/209/625
f 958/208/628 955/209/625 957/424/627
f 958/208/628 957/424/627 959/425/629
f 960/206/630 958/208/628 959/425/629
f 960/206/630 959/425/629 961/207/631
f 962/426/632 961/207/631 959/425/629
f 963/391/505 964/393/633 965/392/506
f 966/394/190 965/392/506 964/393/633
f 964/393/633 967/395/634 966/394/190
f 966/394/190 967/395/634 968/396/635
f 969/338/636 970/397/637 971/95/638
f 972/94/639 971/95/638 970/397/637
f 970/397/637 973/398/640 972/94/639
f 974/399/641 972/94/639 973/398/640
f 973/398/640 975/400/642 974/399/641
f 976/401/643 975/400/642 973/398/640
f 977/96/644 978/402/561 979/97/645
f 979/97/645 978/402/561 980/103/646
f 981/403/647 980/103/646 978/402/561
f 982/404/648 980/103/646 981/403/647
f 983/427/649 984/428/650 985/429/651
f 986/430/652 985/429/651 984/428/650
f 984/428/650 987/431/653 986/430/652
f 988/432/654 986/430/652 987/431/653
f 988/432/654 987/431/653 989/433/655
f 988/432/654 989/433/655 990/434/656
f 989/433/655 991/435/657 990/434/656
f 990/434/656 991/435/657 992/436/658
f 993/437/659 994/353/660 995/355/661
f 994/353/660 993/437/659 996/438/662
f 996/438/662 997/350/663 994/353/660
f 997/350/663 996/438/662 998/439/664
f 998/439/664 999/348/665 997/350/663
f 999/348/665 998/439/664 1000/440/666
f 1001/346/667 999/348/665 1000/440/666
f 1001/346/667 1000/440/666 1002/441/668
f 1003/442/669 1004/443/670 1005/444/671
f 1004/443/670 1006/445/198 1005/444/671
f 1006/445/198 1004/443/670 1007/106/672
f 1008/105/673 1006/445/198 1007/106/672
f 1009/394/674 1010/405/675 1011/392/569
f 1012/406/571 1011/392/569 1010/405/675
f 1010/405/675 1013/407/676 1012/406/571
f 1014/408/573 1012/406/571 1013/407/676
f 1015/409/677 1016/411/678 1017/410/679
f 1018/412/680 1017/410/679 1016/411/678
f 1016/411/678 1019/408/578 1018/412/680
f 1020/407/681 1018/412/680 1019/408/578
f 1021/446/682 1022/447/683 1023/448/684
f 1021/446/682 1024/449/685 1022/447/683
f 1025/450/686 1024/449/685 1021/446/682
f 1025/450/686 1026/451/687 1024/449/685
f 1025/450/686 1027/452/688 1026/451/687
f 1028/453/689 1027/452/688 1025/450/686
f 1029/454/690 1030/455/691 1031/456/692
f 1029/454/690 1032/457/693 1030/455/691
f 1033/458/694 1030/455/691 1032/457/693
f 1033/458/694 1032/457/693 1034/328/695
f 1035/329/696 1034/328/695 1032/457/693
f 1036/335/346 1037/337/697 1038/336/346
f 1039/338/698 1038/336/346 1037/337/697
f 1037/337/697 1040/339/699 1039/338/698
f 1041/95/700 1039/338/698 1040/339/699
f 1040/339/699 1042/93/701 1041/95/700
f 1043/92/702 1041/95/700 1042/93/701
f 1044/428/703 1045/427/704 1046/429/705
f 1047/430/706 1044/428/703 1046/429/705
f 1048/431/707 1044/428/703 1047/430/706
f 1049/432/708 1048/431/707 1047/430/706
f 1048/431/707 1049/432/708 1050/433/709
f 1051/434/710 1050/433/709 1049/432/708
f 1052/435/711 1050/433/709 1051/434/710
f 1051/434/710 1053/436/712 1052/435/711
f 1054/355/713 1055/353/714 1056/437/715
f 1057/438/716 1056/437/715 1055/353/714
f 1055/353/714 1058/350/717 1057/438/716
f 1058/350/717 1059/439/718 1057/438/716
f 1058/350/717 1060/348/719 1059/439/718
f 1061/440/720 1059/439/718 1060/348/719
f 1060/348/719 1062/346/721 1061/440/720
f 1063/441/722 1061/440/720 1062/346/721
f 1064/443/723 1065/442/724 1066/444/725
f 1064/443/723 1066/444/725 1067/445/211
f 1067/445/211 1068/106/726 1064/443/723
f 1067/445/211 1069/105/727 1068/106/726
f 1070/447/683 1071/446/682 1072/448/684
f 1073/449/685 1071/446/682 1070/447/683
f 1073/449/685 1074/450/728 1071/446/682
f 1075/451/687 1074/450/728 1073/449/685
f 1075/451/687 1076/452/729 1074/450/728
f 1077/453/730 1074/450/728 1076/452/729
f 1078/455/731 1079/454/732 1080/456/733
f 1079/454/732 1078/455/731 1081/457/734
f 1082/458/735 1081/457/734 1078/455/731
f 1082/458/735 1083/328/736 1081/457/734
f 1084/329/737 1081/457/734 1083/328/736
f 1085/70/738 1086/69/739 1087/459/740
f 1087/459/740 1088/460/741 1085/70/738
f 1087/459/740 1089/85/742 1088/460/741
f 1089/85/742 1087/459/740 1090/83/743
f 1091/336/744 1092/461/745 1093/338/746
f 1094/397/747 1093/338/746 1092/461/745
f 1094/397/747 1092/461/745 1095/398/748
f 1096/462/749 1095/398/748 1092/461/745
f 1096/462/749 1097/463/750 1095/398/748
f 1098/401/751 1095/398/748 1097/463/750
f 1099/86/752 1100/92/753 1101/341/754
f 1102/94/755 1101/341/754 1100/92/753
f 1102/94/755 1103/399/756 1101/341/754
f 1104/340/757 1101/341/754 1103/399/756
f 1105/400/758 1104/340/757 1103/399/756
f 1106/464/759 1104/340/757 1105/400/758
f 1107/334/760 1104/340/757 1106/464/759
f 1108/465/761 1109/382/761 1110/466/761
f 1111/380/761 1110/466/761 1109/382/761
f 1111/380/761 1112/378/761 1110/466/761
f 1113/467/761 1110/466/761 1112/378/761
f 1112/378/761 1114/377/761 1113/467/761
f 1114/377/761 1115/468/761 1113/467/761
f 1115/468/761 1114/377/761 1116/374/761
f 1116/374/761 1117/469/761 1115/468/761
f 1118/470/761 1117/469/761 1116/374/761
f 1118/470/761 1116/374/761 1119/373/761
f 1119/373/761 1120/471/761 1118/470/761
f 1121/371/761 1120/471/761 1119/373/761
f 1120/471/761 1121/371/761 1122/472/761
f 1123/369/761 1122/472/761 1121/371/761
f 1123/369/761 1124/367/761 1122/472/761
f 1124/367/761 1125/473/761 1122/472/761
f 1126/474/762 1127/475/762 1128/476/763
f 1128/476/763 1127/475/762 1129/477/764
f 1128/476/763 1129/477/764 1130/478/762
f 1130/478/762 1131/479/762 1128/476/763
f 1132/336/744 1133/338/765 1134/461/745
f 1135/397/766 1134/461/745 1133/338/765
f 1136/398/767 1134/461/745 1135/397/766
f 1136/398/767 1137/462/749 1134/461/745
f 1137/462/749 1136/398/767 1138/463/750
f 1139/401/768 1138/463/750 1136/398/767
f 1140/92/769 1141/86/770 1142/341/771
f 1142/341/771 1143/94/772 1140/92/769
f 1143/94/772 1142/341/771 1144/399/773
f 1145/340/774 1144/399/773 1142/341/771
f 1145/340/774 1146/400/775 1144/399/773
f 1145/340/774 1147/464/776 1146/400/775
f 1145/340/774 1148/334/777 1147/464/776
f 1149/465/761 1150/466/761 1151/382/761
f 1152/380/761 1151/382/761 1150/466/761
f 1152/380/761 1150/466/761 1153/378/761
f 1154/467/761 1153/378/761 1150/466/761
f 1153/378/761 1154/467/761 1155/377/761
f 1155/377/761 1154/467/761 1156/468/761
f 1155/377/761 1156/468/761 1157/374/761
f 1157/374/761 1156/468/761 1158/469/761
f 1158/469/761 1159/470/761 1157/374/761
f 1160/373/761 1157/374/761 1159/470/761
f 1159/470/761 1161/471/761 1160/373/761
f 1161/471/761 1162/371/761 1160/373/761
f 1161/471/761 1163/472/761 1162/371/761
f 1164/369/761 1162/371/761 1163/472/761
f 1163/472/761 1165/367/761 1164/369/761
f 1165/367/761 1163/472/761 1166/473/761
f 1167/474/778 1168/476/762 1169/475/778
f 1170/477/779 1169/475/778 1168/476/762
f 1170/477/779 1168/476/762 1171/478/762
f 1171/478/762 1168/476/762 1172/479/778
f 1173/58/780 1174/57/781 1175/480/782
f 1175/480/782 1174/57/781 1176/481/783
f 1177/61/784 1176/481/783 1174/57/781
f 1176/481/783 1178/482/785 1175/480/782
f 1177/61/784 1179/483/786 1176/481/783
f 1176/481/783 1180/484/787 1178/482/785
f 1181/485/788 1178/482/785 1180/484/787
f 1176/481/783 1182/486/789 1180/484/787
f 1182/486/789 1176/481/783 1179/483/786
f 1182/486/789 1179/483/786 1183/487/790
f 1180/484/787 1184/488/791 1181/485/788
f 1185/489/792 1181/485/788 1184/488/791
f 1185/489/792 1184/488/791 1186/490/793
f 1187/491/794 1182/486/789 1183/487/790
f 1183/487/790 1188/492/795 1187/491/794
f 1189/493/796 1187/491/794 1188/492/795
f 1189/493/796 1190/494/797 1187/491/794
f 1191/495/798 1187/491/794 1190/494/797
f 1180/484/787 1182/486/789 1191/495/798
f 1187/491/794 1191/495/798 1182/486/789
f 1190/494/797 1192/496/799 1191/495/798
f 1193/497/800 1191/495/798 1192/496/799
f 1184/488/791 1180/484/787 1193/497/800
f 1191/495/798 1193/497/800 1180/484/787
f 1193/497/800 1192/496/799 1194/498/801
f 1195/499/802 1194/498/801 1192/496/799
f 1184/488/791 1193/497/800 1196/500/803
f 1194/498/801 1196/500/803 1193/497/800
f 1196/500/803 1186/490/793 1184/488/791
f 1197/501/804 1186/490/793 1196/500/803
f 1194/498/801 1195/499/802 1198/502/805
f 1199/503/806 1198/502/805 1195/499/802
f 1199/503/806 1200/504/807 1198/502/805
f 1201/505/808 1198/502/805 1200/504/807
f 1198/502/805 1202/506/809 1194/498/801
f 1198/502/805 1201/505/808 1202/506/809
f 1196/500/803 1194/498/801 1202/506/809
f 1203/507/810 1202/506/809 1201/505/808
f 1202/506/809 1203/507/810 1204/508/811
f 1196/500/803 1204/508/811 1197/501/804
f 1202/506/809 1204/508/811 1196/500/803
f 1205/76/812 1204/508/811 1203/507/810
f 1197/501/804 1204/508/811 1206/509/813
f 1207/72/814 1206/509/813 1204/508/811
f 1204/508/811 1205/76/812 1207/72/814
f 1207/72/814 1208/71/815 1206/509/813
f 1209/510/816 1210/511/817 1211/512/818
f 1212/513/819 1211/512/818 1210/511/817
f 1212/513/819 1213/452/820 1211/512/818
f 1210/511/817 1214/514/821 1212/513/819
f 1213/452/820 1212/513/819 1215/451/822
f 1216/515/823 1212/513/819 1214/514/821
f 1212/513/819 1216/515/823 1215/451/822
f 1215/451/822 1216/515/823 1217/516/824
f 1216/515/823 1214/514/821 1217/516/824
f 1214/514/821 1218/517/825 1217/516/824
f 1215/451/822 1217/516/824 1219/449/826
f 1217/516/824 1218/517/825 1220/518/827
f 1219/449/826 1217/516/824 1220/518/827
f 1218/517/825 1221/519/828 1220/518/827
f 1219/449/826 1220/518/827 1222/447/829
f 1223/520/830 1224/521/830 1225/522/830
f 1225/522/830 1226/523/830 1223/520/830
f 1225/522/830 1227/524/830 1226/523/830
f 1228/525/830 1223/520/830 1226/523/830
f 1227/524/830 1229/526/830 1226/523/830
f 1226/523/830 1229/526/830 1230/527/830
f 1228/525/830 1226/523/830 1231/528/830
f 1226/523/830 1230/527/830 1232/529/830
f 1226/523/830 1232/529/830 1231/528/830
f 1233/530/830 1231/528/830 1232/529/830
f 1234/531/831 1235/532/832 1236/533/833
f 1237/534/834 1234/531/831 1236/533/833
f 1238/535/835 1234/531/831 1237/534/834
f 1236/533/833 1239/536/836 1237/534/834
f 1240/537/837 1237/534/834 1239/536/836
f 1240/537/837 1238/535/835 1237/534/834
f 1240/537/837 1241/538/838 1238/535/835
f 1242/539/839 1238/535/835 1241/538/838
f 1241/538/838 1243/540/840 1242/539/839
f 1244/541/841 1242/539/839 1243/540/840
f 1240/537/837 1245/542/842 1241/538/838
f 1241/538/838 1245/542/842 1243/540/840
f 1246/543/843 1240/537/837 1239/536/836
f 1245/542/842 1240/537/837 1246/543/843
f 1246/543/843 1239/536/836 1247/478/844
f 1248/475/845 1245/542/842 1246/543/843
f 1248/475/845 1246/543/843 1249/477/846
f 1249/477/846 1246/543/843 1247/478/844
f 1250/510/847 1251/512/848 1252/511/849
f 1253/513/850 1252/511/849 1251/512/848
f 1254/452/851 1253/513/850 1251/512/848
f 1252/511/849 1253/513/850 1255/514/852
f 1254/452/851 1256/451/853 1253/513/850
f 1253/513/850 1257/515/854 1255/514/852
f 1257/515/854 1253/513/850 1256/451/853
f 1257/515/854 1256/451/853 1258/516/855
f 1257/515/854 1258/516/855 1255/514/852
f 1259/517/856 1255/514/852 1258/516/855
f 1260/449/857 1258/516/855 1256/451/853
f 1258/516/855 1261/518/858 1259/517/856
f 1258/516/855 1260/449/857 1261/518/858
f 1262/519/859 1259/517/856 1261/518/858
f 1263/447/860 1261/518/858 1260/449/857
f 1264/521/861 1265/520/861 1266/522/861
f 1266/522/861 1265/520/861 1267/523/861
f 1266/522/861 1267/523/861 1268/524/861
f 1265/520/861 1269/525/861 1267/523/861
f 1270/526/861 1268/524/861 1267/523/861
f 1270/526/861 1267/523/861 1271/527/861
f 1269/525/861 1272/528/861 1267/523/861
f 1271/527/861 1267/523/861 1273/529/861
f 1273/529/861 1267/523/861 1272/528/861
f 1272/528/861 1274/530/861 1273/529/861
f 1275/531/862 1276/533/863 1277/532/864
f 1276/533/863 1275/531/862 1278/534/865
f 1279/536/866 1276/533/863 1278/534/865
f 1275/531/862 1280/535/867 1278/534/865
f 1281/537/868 1278/534/865 1280/535/867
f 1278/534/865 1281/537/868 1279/536/866
f 1282/543/869 1279/536/866 1281/537/868
f 1279/536/866 1282/543/869 1283/478/870
f 1284/477/871 1283/478/870 1282/543/869
f 1282/543/869 1285/475/872 1284/477/871
f 1286/542/873 1282/543/869 1281/537/868
f 1286/542/873 1285/475/872 1282/543/869
f 1287/538/874 1281/537/868 1280/535/867
f 1287/538/874 1286/542/873 1281/537/868
f 1288/539/875 1287/538/874 1280/535/867
f 1287/538/874 1288/539/875 1289/540/876
f 1286/542/873 1287/538/874 1289/540/876
f 1290/541/877 1289/540/876 1288/539/875
f 1291/544/761 1292/545/761 1293/546/761
f 1294/547/761 1292/545/761 1291/544/761
f 1295/548/761 1292/545/761 1294/547/761
f 1296/549/761 1292/545/761 1295/548/761
f 1297/550/761 1292/545/761 1296/549/761
f 1298/551/761 1292/545/761 1297/550/761
f 1299/545/761 1300/544/761 1301/546/761
f 1299/545/761 1302/547/761 1300/544/761
f 1299/545/761 1303/548/761 1302/547/761
f 1299/545/761 1304/549/761 1303/548/761
f 1299/545/761 1305/550/761 1304/549/761
f 1299/545/761 1306/551/761 1305/550/761
f 1307/552/878 1308/553/878 1309/554/878
f 1307/552/878 1309/554/878 1310/555/879
f 1307/552/878 1310/555/879 1311/556/878
f 1307/552/878 1311/556/878 1312/557/878
f 1307/552/878 1312/557/878 1313/558/880
f 1307/552/878 1313/558/880 1314/559/878
f 1315/553/881 1316/552/881 1317/560/881
f 1317/560/881 1316/552/881 1318/561/881
f 1318/561/881 1316/552/881 1319/562/881
f 1319/562/881 1316/552/881 1320/563/882
f 1320/563/882 1316/552/881 1321/564/881
f 1321/564/881 1316/552/881 1322/559/883
f 1323/553/878 1324/552/878 1325/554/878
f 1325/554/878 1324/552/878 1326/555/878
f 1326/555/878 1324/552/878 1327/556/878
f 1327/556/878 1324/552/878 1328/557/878
f 1328/557/878 1324/552/878 1329/558/878
f 1329/558/878 1324/552/878 1330/559/878
f 1331/552/881 1332/553/881 1333/560/881
f 1331/552/881 1333/560/881 1334/561/884
f 1331/552/881 1334/561/884 1335/562/881
f 1331/552/881 1335/562/881 1336/563/881
f 1331/552/881 1336/563/881 1337/564/883
f 1331/552/881 1337/564/883 1338/559/883
f 1339/565/885 1340/566/886 1341/567/887
f 1340/566/886 1339/565/885 1342/568/888
f 1343/569/889 1342/568/888 1339/565/885
f 1342/568/888 1344/570/890 1340/566/886
f 1345/571/891 1340/566/886 1344/570/890
f 1342/568/888 1343/569/889 1346/572/892
f 1343/569/889 1347/573/893 1346/572/892
f 1346/572/892 1348/574/894 1342/568/888
f 1344/570/890 1342/568/888 1348/574/894
f 1344/570/890 1349/575/895 1345/571/891
f 1350/576/896 1345/571/891 1349/575/895
f 1350/576/896 1349/575/895 1351/577/897
f 1348/574/894 1352/578/898 1344/570/890
f 1349/575/895 1344/570/890 1352/578/898
f 1349/575/895 1352/578/898 1353/579/899
f 1351/577/897 1349/575/895 1353/579/899
f 1353/579/899 1354/580/900 1351/577/897
f 1355/581/901 1354/580/900 1356/582/902
f 1354/580/900 1353/579/899 1357/583/903
f 1357/583/903 1356/582/902 1354/580/900
f 1356/582/902 1357/583/903 1358/584/904
f 1359/585/905 1353/579/899 1352/578/898
f 1359/585/905 1357/583/903 1353/579/899
f 1357/583/903 1359/585/905 1360/586/906
f 1360/586/906 1358/584/904 1357/583/903
f 1358/584/904 1360/586/906 1361/587/907
f 1362/588/908 1359/585/905 1352/578/898
f 1352/578/898 1348/574/894 1362/588/908
f 1363/589/909 1359/585/905 1362/588/908
f 1363/589/909 1360/586/906 1359/585/905
f 1364/590/910 1360/586/906 1363/589/909
f 1364/590/910 1361/587/907 1360/586/906
f 1361/587/907 1364/590/910 1365/591/911
f 1366/592/912 1365/591/911 1364/590/910
f 1364/590/910 1363/589/909 1367/593/913
f 1366/592/912 1364/590/910 1367/593/913
f 1367/593/913 1363/589/909 1368/594/914
f 1363/589/909 1362/588/908 1368/594/914
f 1369/595/915 1362/588/908 1348/574/894
f 1348/574/894 1346/572/892 1369/595/915
f 1362/588/908 1369/595/915 1368/594/914
f 1370/596/916 1368/594/914 1369/595/915
f 1369/595/915 1371/597/917 1370/596/916
f 1371/597/917 1369/595/915 1346/572/892
f 1371/597/917 1346/572/892 1347/573/893
f 1372/598/918 1370/596/916 1371/597/917
f 1347/573/893 1373/599/919 1371/597/917
f 1372/598/918 1371/597/917 1373/599/919
f 1374/567/920 1375/566/921 1376/565/922
f 1377/568/923 1376/565/922 1375/566/921
f 1376/565/922 1377/568/923 1378/569/924
f 1377/568/923 1375/566/921 1379/570/925
f 1380/571/926 1379/570/925 1375/566/921
f 1381/572/927 1378/569/924 1377/568/923
f 1378/569/924 1381/572/927 1382/573/928
f 1379/570/925 1383/574/929 1377/568/923
f 1381/572/927 1377/568/923 1383/574/929
f 1379/570/925 1380/571/926 1384/575/930
f 1385/576/931 1384/575/930 1380/571/926
f 1384/575/930 1385/576/931 1386/577/932
f 1383/574/929 1379/570/925 1387/578/933
f 1384/575/930 1387/578/933 1379/570/925
f 1387/578/933 1384/575/930 1388/579/934
f 1386/577/932 1388/579/934 1384/575/930
f 1386/577/932 1389/580/935 1388/579/934
f 1390/581/936 1391/582/937 1389/580/935
f 1392/583/938 1388/579/934 1389/580/935
f 1392/583/938 1389/580/935 1391/582/937
f 1391/582/937 1393/584/939 1392/583/938
f 1392/583/938 1394/585/940 1388/579/934
f 1388/579/934 1394/585/940 1387/578/933
f 1395/586/941 1392/583/938 1393/584/939
f 1392/583/938 1395/586/941 1394/585/940
f 1393/584/939 1396/587/942 1395/586/941
f 1387/578/933 1397/588/943 1383/574/929
f 1387/578/933 1394/585/940 1397/588/943
f 1394/585/940 1395/586/941 1398/589/944
f 1398/589/944 1397/588/943 1394/585/940
f 1395/586/941 1399/590/945 1398/589/944
f 1399/590/945 1395/586/941 1396/587/942
f 1396/587/942 1400/591/946 1399/590/945
f 1401/592/947 1399/590/945 1400/591/946
f 1398/589/944 1399/590/945 1402/593/948
f 1401/592/947 1402/593/948 1399/590/945
f 1397/588/943 1398/589/944 1403/594/949
f 1402/593/948 1403/594/949 1398/589/944
f 1397/588/943 1403/594/949 1404/595/950
f 1404/595/950 1383/574/929 1397/588/943
f 1383/574/929 1404/595/950 1381/572/927
f 1405/596/951 1404/595/950 1403/594/949
f 1406/597/952 1381/572/927 1404/595/950
f 1381/572/927 1406/597/952 1382/573/928
f 1404/595/950 1405/596/951 1406/597/952
f 1407/598/953 1406/597/952 1405/596/951
f 1406/597/952 1407/598/953 1408/599/954
f 1382/573/928 1406/597/952 1408/599/954
f 1409/64/955 1410/600/956 1411/62/957
f 1412/601/958 1411/62/957 1410/600/956
f 1410/600/956 1413/602/959 1412/601/958
f 1412/601/958 1414/603/960 1411/62/957
f 1415/66/961 1411/62/957 1414/603/960
f 1415/66/961 1414/603/960 1416/604/962
f 1413/602/959 1417/605/963 1412/601/958
f 1413/602/959 1418/68/964 1417/605/963
f 1418/68/964 1419/70/965 1417/605/963
f 1420/606/966 1417/605/963 1419/70/965
f 1420/606/966 1414/603/960 1412/601/958
f 1412/601/958 1417/605/963 1420/606/966
f 1420/606/966 1419/70/965 1421/607/967
f 1422/460/968 1421/607/967 1419/70/965
f 1422/460/968 1423/85/969 1421/607/967
f 1420/606/966 1424/608/970 1414/603/960
f 1424/608/970 1420/606/966 1425/609/971
f 1421/607/967 1425/609/971 1420/606/966
f 1426/610/972 1421/607/967 1423/85/969
f 1421/607/967 1426/610/972 1425/609/971
f 1427/611/973 1416/604/962 1414/603/960
f 1427/611/973 1414/603/960 1424/608/970
f 1416/604/962 1427/611/973 1428/612/974
f 1429/613/975 1428/612/974 1427/611/973
f 1428/612/974 1429/613/975 1430/614/976
f 1431/615/977 1430/614/976 1429/613/975
f 1431/615/977 1429/613/975 1432/616/978
f 1429/613/975 1427/611/973 1433/617/979
f 1433/617/979 1432/616/978 1429/613/975
f 1424/608/970 1433/617/979 1427/611/973
f 1432/616/978 1433/617/979 1434/618/980
f 1435/619/967 1434/618/980 1433/617/979
f 1425/609/971 1435/619/967 1424/608/970
f 1433/617/979 1424/608/970 1435/619/967
f 1435/619/967 1436/620/981 1434/618/980
f 1437/621/982 1434/618/980 1436/620/981
f 1436/620/981 1435/619/967 1438/622/983
f 1438/622/983 1425/609/971 1426/610/972
f 1425/609/971 1438/622/983 1435/619/967
f 1436/620/981 1439/623/984 1437/621/982
f 1440/624/985 1437/621/982 1439/623/984
f 1440/624/985 1439/623/984 1441/625/986
f 1442/626/987 1441/625/986 1439/623/984
f 1439/623/984 1436/620/981 1443/627/988
f 1442/626/987 1439/623/984 1443/627/988
f 1438/622/983 1443/627/988 1436/620/981
f 1444/628/989 1442/626/987 1443/627/988
f 1444/628/989 1443/627/988 1445/629/990
f 1426/610/972 1445/629/990 1438/622/983
f 1443/627/988 1438/622/983 1445/629/990
f 1446/82/991 1444/628/989 1445/629/990
f 1447/78/992 1446/82/991 1445/629/990
f 1447/78/992 1445/629/990 1448/630/993
f 1445/629/990 1426/610/972 1448/630/993
f 1447/78/992 1448/630/993 1449/631/994
f 1449/631/994 1450/79/995 1447/78/992
f 1451/632/996 1449/631/994 1448/630/993
f 1452/633/997 1451/632/996 1448/630/993
f 1452/633/997 1426/610/972 1423/85/969
f 1448/630/993 1426/610/972 1452/633/997
f 1453/84/998 1451/632/996 1452/633/997
f 1423/85/969 1453/84/998 1452/633/997
f 1454/634/999 1455/635/1000 1456/636/1001
f 1457/637/1002 1456/636/1001 1455/635/1000
f 1457/637/1002 1455/635/1000 1458/638/1003
f 1459/639/1004 1456/636/1001 1457/637/1002
f 1459/639/1004 1460/640/1005 1456/636/1001
f 1460/640/1005 1459/639/1004 1461/641/1006
f 1458/638/1003 1462/642/1007 1457/637/1002
f 1459/639/1004 1463/643/1008 1461/641/1006
f 1464/644/1009 1461/641/1006 1463/643/1008
f 1457/637/1002 1465/645/1010 1459/639/1004
f 1463/643/1008 1459/639/1004 1465/645/1010
f 1465/645/1010 1457/637/1002 1462/642/1007
f 1466/646/1011 1464/644/1009 1463/643/1008
f 1467/647/1012 1464/644/1009 1466/646/1011
f 1465/645/1010 1468/648/1013 1463/643/1008
f 1466/646/1011 1463/643/1008 1468/648/1013
f 1465/645/1010 1462/642/1007 1468/648/1013
f 1469/649/1014 1467/647/1012 1466/646/1011
f 1470/650/1015 1467/647/1012 1469/649/1014
f 1471/651/1016 1470/650/1015 1469/649/1014
f 1469/649/1014 1466/646/1011 1472/652/1017
f 1468/648/1013 1472/652/1017 1466/646/1011
f 1469/649/1014 1473/653/1018 1471/651/1016
f 1473/653/1018 1469/649/1014 1472/652/1017
f 1474/654/1019 1471/651/1016 1473/653/1018
f 1475/655/1020 1468/648/1013 1462/642/1007
f 1472/652/1017 1468/648/1013 1475/655/1020
f 1473/653/1018 1476/656/1021 1474/654/1019
f 1474/654/1019 1476/656/1021 1477/657/1022
f 1462/642/1007 1458/638/1003 1478/658/1023
f 1462/642/1007 1478/658/1023 1475/655/1020
f 1478/658/1023 1458/638/1003 1479/659/1024
f 1480/660/1025 1475/655/1020 1478/658/1023
f 1479/659/1024 1480/660/1025 1478/658/1023
f 1472/652/1017 1475/655/1020 1481/661/1026
f 1475/655/1020 1480/660/1025 1481/661/1026
f 1479/659/1024 1482/662/1027 1480/660/1025
f 1483/663/1028 1482/662/1027 1479/659/1024
f 1484/664/1029 1481/661/1026 1480/660/1025
f 1480/660/1025 1482/662/1027 1484/664/1029
f 1485/665/1030 1484/664/1029 1482/662/1027
f 1482/662/1027 1483/663/1028 1485/665/1030
f 1486/666/1031 1485/665/1030 1483/663/1028
f 1486/666/1031 1487/667/1032 1485/665/1030
f 1487/667/1032 1488/668/1033 1485/665/1030
f 1488/668/1033 1489/669/1034 1485/665/1030
f 1490/670/1035 1485/665/1030 1489/669/1034
f 1484/664/1029 1485/665/1030 1490/670/1035
f 1490/670/1035 1489/669/1034 1491/671/1036
f 1490/670/1035 1491/671/1036 1492/672/1037
f 1481/661/1026 1484/664/1029 1492/672/1037
f 1492/672/1037 1484/664/1029 1490/670/1035
f 1492/672/1037 1491/671/1036 1493/673/1038
f 1494/674/1039 1493/673/1038 1491/671/1036
f 1495/675/1040 1492/672/1037 1493/673/1038
f 1495/675/1040 1472/652/1017 1481/661/1026
f 1495/675/1040 1481/661/1026 1492/672/1037
f 1494/674/1039 1496/676/1041 1493/673/1038
f 1495/675/1040 1493/673/1038 1496/676/1041
f 1497/677/1042 1495/675/1040 1496/676/1041
f 1472/652/1017 1497/677/1042 1473/653/1018
f 1476/656/1021 1473/653/1018 1497/677/1042
f 1497/677/1042 1472/652/1017 1495/675/1040
f 1497/677/1042 1496/676/1041 1498/678/1043
f 1497/677/1042 1498/678/1043 1476/656/1021
f 1498/678/1043 1496/676/1041 1499/679/1044
f 1494/674/1039 1499/679/1044 1496/676/1041
f 1500/680/1045 1499/679/1044 1494/674/1039
f 1476/656/1021 1498/678/1043 1501/681/1046
f 1498/678/1043 1499/679/1044 1501/681/1046
f 1476/656/1021 1501/681/1046 1477/657/1022
f 1477/657/1022 1501/681/1046 1502/682/1047
f 1501/681/1046 1499/679/1044 1503/683/1048
f 1500/680/1045 1503/683/1048 1499/679/1044
f 1501/681/1046 1503/683/1048 1502/682/1047
f 1504/684/1049 1503/683/1048 1500/680/1045
f 1505/685/1050 1506/686/1051 1507/687/1052
f 1507/687/1052 1508/688/475 1505/685/1050
f 1509/689/1053 1507/687/1052 1506/686/1051
f 1510/690/1054 1508/688/475 1507/687/1052
f 1507/687/1052 1509/689/1053 1510/690/1054
f 1511/691/1055 1508/688/475 1510/690/1054
f 1510/690/1054 1509/689/1053 1512/692/1056
f 1512/692/1056 1513/693/1057 1510/690/1054
f 1511/691/1055 1510/690/1054 1513/693/1057
f 1514/686/1058 1515/685/1059 1516/687/1060
f 1516/687/1060 1517/689/1061 1514/686/1058
f 1518/688/565 1516/687/1060 1515/685/1059
f 1518/688/565 1519/690/1062 1516/687/1060
f 1517/689/1061 1516/687/1060 1519/690/1062
f 1517/689/1061 1519/690/1062 1520/692/1063
f 1518/688/565 1521/691/1064 1519/690/1062
f 1521/691/1064 1522/693/1065 1519/690/1062
f 1520/692/1063 1519/690/1062 1522/693/1065
f 1523/278/1066 1524/694/1067 1525/282/1068
f 1523/278/1066 1526/276/1069 1524/694/1067
f 1527/695/1070 1525/282/1068 1524/694/1067
f 1528/696/1071 1524/694/1067 1526/276/1069
f 1525/282/1068 1527/695/1070 1529/280/1072
f 1528/696/1071 1526/276/1069 1530/697/1073
f 1531/698/1074 1529/280/1072 1527/695/1070
f 1532/273/1075 1530/697/1073 1526/276/1069
f 1531/698/1074 1533/699/1076 1529/280/1072
f 1532/273/1075 1534/271/1077 1530/697/1073
f 1535/277/1078 1529/280/1072 1533/699/1076
f 1536/700/1079 1530/697/1073 1534/271/1077
f 1535/277/1078 1533/699/1076 1537/274/1080
f 1534/271/1077 1538/269/1081 1536/700/1079
f 1539/701/1082 1537/274/1080 1533/699/1076
f 1540/702/1083 1536/700/1079 1538/269/1081
f 1539/701/1082 1541/703/1084 1537/274/1080
f 1540/702/1083 1538/269/1081 1542/704/1085
f 1543/272/1086 1537/274/1080 1541/703/1084
f 1544/267/1087 1542/704/1085 1538/269/1081
f 1544/267/1087 1545/268/1088 1542/704/1085
f 1543/272/1086 1541/703/1084 1545/268/1088
f 1546/705/1089 1542/704/1085 1545/268/1088
f 1546/705/1089 1545/268/1088 1541/703/1084
f 1547/706/1090 1548/308/1091 1549/300/1092
f 1547/706/1090 1550/293/1093 1548/308/1091
f 1549/300/1092 1551/707/1094 1547/706/1090
f 1552/708/1095 1550/293/1093 1547/706/1090
f 1549/300/1092 1553/297/1096 1551/707/1094
f 1550/293/1093 1552/708/1095 1554/291/1097
f 1555/709/1098 1551/707/1094 1553/297/1096
f 1556/710/1099 1554/291/1097 1552/708/1095
f 1553/297/1096 1557/296/1100 1555/709/1098
f 1556/710/1099 1558/711/1101 1554/291/1097
f 1559/712/1102 1555/709/1098 1557/296/1100
f 1560/289/1103 1554/291/1097 1558/711/1101
f 1559/712/1102 1557/296/1100 1561/713/1104
f 1558/711/1101 1562/714/1105 1560/289/1103
f 1563/290/1106 1561/713/1104 1557/296/1100
f 1564/285/1107 1560/289/1103 1562/714/1105
f 1561/713/1104 1563/290/1106 1565/715/1108
f 1562/714/1105 1566/716/1109 1564/285/1107
f 1565/715/1108 1563/290/1106 1567/288/1110
f 1568/284/1111 1564/285/1107 1566/716/1109
f 1565/715/1108 1567/288/1110 1569/717/1112
f 1568/284/1111 1566/716/1109 1569/717/1112
f 1569/717/1112 1570/286/1113 1568/284/1111
f 1570/286/1113 1569/717/1112 1567/288/1110
f 1571/718/1114 1572/160/1115 1573/719/1116
f 1571/718/1114 1574/720/1117 1572/160/1115
f 1575/154/1118 1573/719/1116 1572/160/1115
f 1576/161/1119 1572/160/1115 1574/720/1117
f 1577/721/1120 1573/719/1116 1575/154/1118
f 1574/720/1117 1578/722/1121 1576/161/1119
f 1577/721/1120 1575/154/1118 1579/147/1122
f 1580/164/1123 1576/161/1119 1578/722/1121
f 1581/723/1124 1577/721/1120 1579/147/1122
f 1578/722/1121 1582/724/1125 1580/164/1123
f 1581/723/1124 1579/147/1122 1583/145/1126
f 1584/169/1127 1580/164/1123 1582/724/1125
f 1583/145/1126 1585/143/1128 1581/723/1124
f 1582/724/1125 1586/152/1129 1584/169/1127
f 1587/725/1130 1581/723/1124 1585/143/1128
f 1582/724/1125 1588/726/1131 1586/152/1129
f 1585/143/1128 1589/146/1132 1587/725/1130
f 1586/152/1129 1588/726/1131 1590/150/1133
f 1587/725/1130 1589/146/1132 1591/727/1134
f 1592/728/1135 1590/150/1133 1588/726/1131
f 1590/150/1133 1592/728/1135 1593/729/1136
f 1591/727/1134 1589/146/1132 1593/729/1136
f 1590/150/1133 1593/729/1136 1594/149/1137
f 1594/149/1137 1593/729/1136 1589/146/1132
f 1595/730/1138 1596/257/1139 1597/731/1140
f 1595/730/1138 1598/732/1141 1596/257/1139
f 1599/251/1142 1597/731/1140 1596/257/1139
f 1600/258/1143 1596/257/1139 1598/732/1141
f 1597/731/1140 1599/251/1142 1601/733/1144
f 1600/258/1143 1598/732/1141 1602/734/1145
f 1603/244/1146 1601/733/1144 1599/251/1142
f 1600/258/1143 1602/734/1145 1604/261/1147
f 1601/733/1144 1603/244/1146 1605/735/1148
f 1602/734/1145 1606/736/1149 1604/261/1147
f 1607/242/1150 1605/735/1148 1603/244/1146
f 1608/266/1151 1604/261/1147 1606/736/1149
f 1609/240/1152 1605/735/1148 1607/242/1150
f 1608/266/1151 1606/736/1149 1610/249/1153
f 1609/240/1152 1611/737/1154 1605/735/1148
f 1612/738/1155 1610/249/1153 1606/736/1149
f 1611/737/1154 1609/240/1152 1613/243/1156
f 1614/247/1157 1610/249/1153 1612/738/1155
f 1615/739/1158 1611/737/1154 1613/243/1156
f 1616/740/1159 1614/247/1157 1612/738/1155
f 1617/741/1160 1615/739/1158 1613/243/1156
f 1614/247/1157 1616/740/1159 1618/246/1161
f 1617/741/1160 1613/243/1156 1618/246/1161
f 1617/741/1160 1618/246/1161 1616/740/1159
f 1619/181/1162 1620/742/1163 1621/185/1164
f 1619/181/1162 1622/179/1165 1620/742/1163
f 1623/743/1166 1621/185/1164 1620/742/1163
f 1624/744/1167 1620/742/1163 1622/179/1165
f 1621/185/1164 1623/743/1166 1625/183/1168
f 1624/744/1167 1622/179/1165 1626/745/1169
f 1627/746/1170 1625/183/1168 1623/743/1166
f 1628/176/1171 1626/745/1169 1622/179/1165
f 1627/746/1170 1629/747/1172 1625/183/1168
f 1628/176/1171 1630/174/1173 1626/745/1169
f 1631/180/1174 1625/183/1168 1629/747/1172
f 1632/748/1175 1626/745/1169 1630/174/1173
f 1631/180/1174 1629/747/1172 1633/177/1176
f 1630/174/1173 1634/172/1177 1632/748/1175
f 1635/749/1178 1633/177/1176 1629/747/1172
f 1636/750/1179 1632/748/1175 1634/172/1177
f 1635/749/1178 1637/751/1180 1633/177/1176
f 1636/750/1179 1634/172/1177 1638/752/1181
f 1633/177/1176 1637/751/1180 1639/175/1182
f 1640/170/1183 1638/752/1181 1634/172/1177
f 1640/170/1183 1641/171/1184 1638/752/1181
f 1637/751/1180 1641/171/1184 1639/175/1182
f 1642/753/1185 1638/752/1181 1641/171/1184
f 1637/751/1180 1642/753/1185 1641/171/1184
f 1643/754/1186 1644/199/1187 1645/755/1188
f 1643/754/1186 1646/756/1189 1644/199/1187
f 1647/192/1190 1645/755/1188 1644/199/1187
f 1648/200/1191 1644/199/1187 1646/756/1189
f 1649/757/1192 1645/755/1188 1647/192/1190
f 1646/756/1189 1650/758/1193 1648/200/1191
f 1647/192/1190 1651/190/1194 1649/757/1192
f 1648/200/1191 1650/758/1193 1652/203/1195
f 1649/757/1192 1651/190/1194 1653/759/1196
f 1650/758/1193 1654/760/1197 1652/203/1195
f 1655/188/1198 1653/759/1196 1651/190/1194
f 1656/211/1199 1652/203/1195 1654/760/1197
f 1657/187/1200 1653/759/1196 1655/188/1198
f 1656/211/1199 1654/760/1197 1658/196/1201
f 1659/761/1202 1653/759/1196 1657/187/1200
f 1654/760/1197 1660/762/1203 1658/196/1201
f 1659/761/1202 1657/187/1200 1661/189/1204
f 1662/194/1205 1658/196/1201 1660/762/1203
f 1659/761/1202 1661/189/1204 1663/763/1206
f 1662/194/1205 1660/762/1203 1664/764/1207
f 1662/194/1205 1664/764/1207 1665/765/1208
f 1663/763/1206 1661/189/1204 1665/765/1208
f 1665/765/1208 1661/189/1204 1666/193/1209
f 1665/765/1208 1666/193/1209 1662/194/1205
f 1667/220/1210 1668/766/1211 1669/222/1212
f 1670/767/1213 1669/222/1212 1668/766/1211
f 1668/766/1211 1667/220/1210 1671/768/1214
f 1672/218/1215 1671/768/1214 1667/220/1210
f 1670/767/1213 1668/766/1211 1673/769/1216
f 1668/766/1211 1671/768/1214 1673/769/1216
f 1674/770/1217 1670/767/1213 1673/769/1216
f 1675/771/1218 1674/770/1217 1673/769/1216
f 1676/772/1219 1673/769/1216 1671/768/1214
f 1676/772/1219 1675/771/1218 1673/769/1216
f 1675/771/1218 1676/772/1219 1677/773/1220
f 1678/774/1221 1676/772/1219 1671/768/1214
f 1672/218/1215 1678/774/1221 1671/768/1214
f 1679/217/1222 1678/774/1221 1672/218/1215
f 1679/217/1222 1680/775/1223 1678/774/1221
f 1676/772/1219 1681/776/1224 1677/773/1220
f 1678/774/1221 1681/776/1224 1676/772/1219
f 1680/775/1223 1681/776/1224 1678/774/1221
f 1680/775/1223 1682/777/1225 1681/776/1224
f 1683/778/1226 1677/773/1220 1681/776/1224
f 1684/779/1227 1683/778/1226 1681/776/1224
f 1682/777/1225 1684/779/1227 1681/776/1224
f 1685/780/1228 1683/778/1226 1684/779/1227
f 1686/781/1229 1683/778/1226 1685/780/1228
f 1684/779/1227 1687/782/1230 1685/780/1228
f 1686/781/1229 1685/780/1228 1688/783/1231
f 1689/784/1232 1685/780/1228 1687/782/1230
f 1689/784/1232 1688/783/1231 1685/780/1228
f 1689/784/1232 1690/785/1233 1688/783/1231
f 1689/784/1232 1687/782/1230 1690/785/1233
f 1691/786/1234 1688/783/1231 1690/785/1233
f 1692/787/1235 1690/785/1233 1687/782/1230
f 1693/788/1236 1690/785/1233 1692/787/1235
f 1693/788/1236 1691/786/1234 1690/785/1233
f 1693/788/1236 1692/787/1235 1694/789/1237
f 1695/790/1238 1694/789/1237 1692/787/1235
f 1693/788/1236 1694/789/1237 1696/791/1239
f 1695/790/1238 1697/792/1240 1694/789/1237
f 1698/793/1241 1696/791/1239 1694/789/1237
f 1699/794/1242 1696/791/1239 1698/793/1241
f 1694/789/1237 1700/795/1243 1698/793/1241
f 1700/795/1243 1694/789/1237 1697/792/1240
f 1697/792/1240 1701/313/1244 1700/795/1243
f 1702/315/1245 1700/795/1243 1701/313/1244
f 1703/796/1246 1698/793/1241 1700/795/1243
f 1700/795/1243 1702/315/1245 1703/796/1246
f 1704/317/1247 1703/796/1246 1702/315/1245
f 1698/793/1241 1705/797/1248 1699/794/1242
f 1705/797/1248 1698/793/1241 1703/796/1246
f 1706/798/1249 1699/794/1242 1705/797/1248
f 1707/799/1250 1706/798/1249 1705/797/1248
f 1708/800/1251 1705/797/1248 1703/796/1246
f 1708/800/1251 1707/799/1250 1705/797/1248
f 1704/317/1247 1708/800/1251 1703/796/1246
f 1709/319/1252 1707/799/1250 1708/800/1251
f 1709/319/1252 1708/800/1251 1704/317/1247
f 1710/552/1253 1711/554/1253 1712/555/1253
f 1710/552/1253 1712/555/1253 1713/556/1253
f 1710/552/1253 1714/553/1253 1711/554/1253
f 1710/552/1253 1713/556/1253 1715/557/1253
f 1710/552/1253 1716/560/1253 1714/553/1253
f 1710/552/1253 1715/557/1253 1717/558/1253
f 1710/552/1253 1718/561/1253 1716/560/1253
f 1710/552/1253 1717/558/1253 1719/559/1253
f 1710/552/1253 1720/562/1254 1718/561/1253
f 1710/552/1253 1719/559/1253 1721/564/1253
f 1710/552/1253 1721/564/1253 1722/563/1253
f 1710/552/1253 1722/563/1253 1720/562/1254
f 1723/552/1255 1724/560/1255 1725/553/1255
f 1723/552/1255 1726/561/1255 1724/560/1255
f 1727/554/1255 1723/552/1255 1725/553/1255
f 1723/552/1255 1728/562/1256 1726/561/1255
f 1729/555/1255 1723/552/1255 1727/554/1255
f 1723/552/1255 1730/563/1257 1728/562/1256
f 1731/556/1257 1723/552/1255 1729/555/1255
f 1723/552/1255 1732/564/1255 1730/563/1257
f 1733/557/1255 1723/552/1255 1731/556/1257
f 1723/552/1255 1734/559/1256 1732/564/1255
f 1735/558/1255 1723/552/1255 1733/557/1255
f 1734/559/1256 1723/552/1255 1735/558/1255
f 1736/560/1258 1737/552/1258 1738/561/1258
f 1739/553/1258 1737/552/1258 1736/560/1258
f 1738/561/1258 1737/552/1258 1740/562/1259
f 1741/554/1258 1737/552/1258 1739/553/1258
f 1740/562/1259 1737/552/1258 1742/563/1258
f 1743/555/1260 1737/552/1258 1741/554/1258
f 1742/563/1258 1737/552/1258 1744/564/1258
f 1745/556/1260 1737/552/1258 1743/555/1260
f 1744/564/1258 1737/552/1258 1746/559/1258
f 1747/557/1258 1737/552/1258 1745/556/1260
f 1746/559/1258 1737/552/1258 1748/558/1258
f 1748/558/1258 1737/552/1258 1747/557/1258
f 1749/554/1261 1750/552/1261 1751/555/1261
f 1752/553/1262 1750/552/1261 1749/554/1261
f 1751/555/1261 1750/552/1261 1753/556/1263
f 1754/560/1261 1750/552/1261 1752/553/1262
f 1753/556/1263 1750/552/1261 1755/557/1261
f 1756/561/1261 1750/552/1261 1754/560/1261
f 1755/557/1261 1750/552/1261 1757/558/1261
f 1758/562/1261 1750/552/1261 1756/561/1261
f 1757/558/1261 1750/552/1261 1759/559/1261
f 1760/563/1261 1750/552/1261 1758/562/1261
f 1761/564/1261 1750/552/1261 1760/563/1261
f 1759/559/1261 1750/552/1261 1761/564/1261
f 1762/560/1264 1763/552/1264 1764/553/1265
f 1765/561/1264 1763/552/1264 1762/560/1264
f 1763/552/1264 1766/554/1264 1764/553/1265
f 1767/562/1265 1763/552/1264 1765/561/1264
f 1763/552/1264 1768/555/1264 1766/554/1264
f 1769/563/1264 1763/552/1264 1767/562/1265
f 1763/552/1264 1770/556/1264 1768/555/1264
f 1771/564/1264 1763/552/1264 1769/563/1264
f 1763/552/1264 1772/557/1264 1770/556/1264
f 1773/559/1264 1763/552/1264 1771/564/1264
f 1763/552/1264 1773/559/1264 1774/558/1264
f 1763/552/1264 1774/558/1264 1772/557/1264
f 1775/552/1266 1776/560/1266 1777/561/1266
f 1775/552/1266 1777/561/1266 1778/562/1266
f 1775/552/1266 1779/553/1266 1776/560/1266
f 1775/552/1266 1778/562/1266 1780/563/1266
f 1775/552/1266 1781/554/1266 1779/553/1266
f 1775/552/1266 1780/563/1266 1782/564/1266
f 1775/552/1266 1783/555/1267 1781/554/1266
f 1775/552/1266 1782/564/1266 1784/559/1266
f 1775/552/1266 1785/556/1266 1783/555/1267
f 1775/552/1266 1784/559/1266 1786/558/1266
f 1775/552/1266 1787/557/1266 1785/556/1266
f 1775/552/1266 1786/558/1266 1787/557/1266
f 1788/801/1268 1789/802/1269 1790/803/1270
f 1790/803/1270 1789/802/1269 1791/804/1271
f 1792/805/1272 1789/802/1269 1788/801/1268
f 1792/805/1272 1788/801/1268 1793/806/1273
f 1794/807/1274 1791/804/1271 1789/802/1269
f 1791/804/1271 1794/807/1274 1795/808/1275
f 1789/802/1269 1796/809/1276 1794/807/1274
f 1789/802/1269 1792/805/1272 1796/809/1276
f 1797/810/1277 1792/805/1272 1793/806/1273
f 1797/810/1277 1793/806/1273 1798/811/1278
f 1797/810/1277 1799/812/1279 1792/805/1272
f 1799/812/1279 1796/809/1276 1792/805/1272
f 1800/813/1280 1794/807/1274 1796/809/1276
f 1801/814/1281 1795/808/1275 1794/807/1274
f 1794/807/1274 1800/813/1280 1801/814/1281
f 1795/808/1275 1801/814/1281 1802/815/1282
f 1796/809/1276 1799/812/1279 1803/816/1283
f 1796/809/1276 1803/816/1283 1800/813/1280
f 1804/817/1284 1801/814/1281 1800/813/1280
f 1805/818/1285 1800/813/1280 1803/816/1283
f 1800/813/1280 1805/818/1285 1804/817/1284
f 1801/814/1281 1804/817/1284 1806/819/1286
f 1806/819/1286 1802/815/1282 1801/814/1281
f 1806/819/1286 1807/820/1287 1802/815/1282
f 1808/821/1288 1802/815/1282 1807/820/1287
f 1809/822/1289 1806/819/1286 1804/817/1284
f 1807/820/1287 1810/823/1290 1808/821/1288
f 1811/824/1291 1808/821/1288 1810/823/1290
f 1811/824/1291 1810/823/1290 1812/825/1292
f 1807/820/1287 1806/819/1286 1813/826/1293
f 1809/822/1289 1813/826/1293 1806/819/1286
f 1813/826/1293 1814/827/1294 1807/820/1287
f 1810/823/1290 1807/820/1287 1814/827/1294
f 1815/828/1295 1812/825/1292 1810/823/1290
f 1816/829/1296 1814/827/1294 1813/826/1293
f 1810/823/1290 1817/830/1297 1815/828/1295
f 1817/830/1297 1810/823/1290 1814/827/1294
f 1815/828/1295 1817/830/1297 1818/831/1298
f 1815/828/1295 1818/831/1298 1812/825/1292
f 1812/825/1292 1818/831/1298 1819/832/1299
f 1819/832/1299 1818/831/1298 1820/833/1300
f 1821/834/1301 1814/827/1294 1816/829/1296
f 1814/827/1294 1821/834/1301 1817/830/1297
f 1817/830/1297 1821/834/1301 1822/835/1302
f 1822/835/1302 1818/831/1298 1817/830/1297
f 1823/836/1303 1820/833/1300 1818/831/1298
f 1818/831/1298 1822/835/1302 1823/836/1303
f 1820/833/1300 1823/836/1303 1798/811/1278
f 1824/837/1304 1822/835/1302 1821/834/1301
f 1825/838/1305 1797/810/1277 1798/811/1278
f 1825/838/1305 1798/811/1278 1823/836/1303
f 1823/836/1303 1826/839/1306 1825/838/1305
f 1822/835/1302 1824/837/1304 1826/839/1306
f 1826/839/1306 1823/836/1303 1822/835/1302
f 1827/840/1307 1799/812/1279 1797/810/1277
f 1827/840/1307 1797/810/1277 1825/838/1305
f 1828/841/1308 1825/838/1305 1826/839/1306
f 1828/841/1308 1827/840/1307 1825/838/1305
f 1826/839/1306 1829/842/1309 1828/841/1308
f 1829/842/1309 1826/839/1306 1824/837/1304
f 1830/843/1310 1803/816/1283 1799/812/1279
f 1827/840/1307 1830/843/1310 1799/812/1279
f 1831/844/1311 1830/843/1310 1827/840/1307
f 1831/844/1311 1827/840/1307 1828/841/1308
f 1832/845/1312 1831/844/1311 1828/841/1308
f 1832/845/1312 1828/841/1308 1829/842/1309
f 1833/846/1313 1803/816/1283 1830/843/1310
f 1833/846/1313 1830/843/1310 1831/844/1311
f 1833/846/1313 1831/844/1311 1832/845/1312
f 1833/846/1313 1832/845/1312 1829/842/1309
f 1833/846/1313 1829/842/1309 1824/837/1304
f 1833/846/1313 1824/837/1304 1821/834/1301
f 1833/846/1313 1821/834/1301 1816/829/1296
f 1833/846/1313 1805/818/1285 1803/816/1283
f 1816/829/1296 1813/826/1293 1834/847/1314
f 1834/847/1314 1813/826/1293 1809/822/1289
f 1833/846/1313 1816/829/1296 1834/847/1314
f 1833/846/1313 1835/848/1315 1805/818/1285
f 1835/848/1315 1804/817/1284 1805/818/1285
f 1804/817/1284 1835/848/1315 1809/822/1289
f 1833/846/1313 1836/849/1316 1835/848/1315
f 1836/849/1316 1834/847/1314 1809/822/1289
f 1836/849/1316 1809/822/1289 1835/848/1315
f 1833/846/1313 1834/847/1314 1836/849/1316
f 1837/850/1317 1838/851/1318 1839/852/1319
f 1837/850/1317 1840/853/1320 1838/851/1318
f 1841/854/1321 1839/852/1319 1838/851/1318
f 1839/852/1319 1841/854/1321 1842/855/1322
f 1843/856/1323 1838/851/1318 1840/853/1320
f 1840/853/1320 1844/857/1324 1843/856/1323
f 1838/851/1318 1843/856/1323 1845/858/1325
f 1841/854/1321 1838/851/1318 1845/858/1325
f 1842/855/1322 1841/854/1321 1846/859/1326
f 1847/860/1327 1843/856/1323 1844/857/1324
f 1845/858/1325 1848/861/1328 1841/854/1321
f 1848/861/1328 1846/859/1326 1841/854/1321
f 1846/859/1326 1849/862/1329 1842/855/1322
f 1850/863/1330 1842/855/1322 1849/862/1329
f 1846/859/1326 1848/861/1328 1851/864/1331
f 1851/864/1331 1849/862/1329 1846/859/1326
f 1848/861/1328 1845/858/1325 1852/865/1332
f 1852/865/1332 1853/866/1333 1848/861/1328
f 1851/864/1331 1848/861/1328 1853/866/1333
f 1854/867/1334 1845/858/1325 1843/856/1323
f 1845/858/1325 1854/867/1334 1852/865/1332
f 1843/856/1323 1847/860/1327 1854/867/1334
f 1853/866/1333 1855/868/1335 1851/864/1331
f 1856/869/1336 1854/867/1334 1847/860/1327
f 1857/870/1337 1849/862/1329 1851/864/1331
f 1855/868/1335 1857/870/1337 1851/864/1331
f 1854/867/1334 1856/869/1336 1858/871/1338
f 1858/871/1338 1852/865/1332 1854/867/1334
f 1844/857/1324 1859/872/1339 1847/860/1327
f 1847/860/1327 1859/872/1339 1856/869/1336
f 1859/872/1339 1844/857/1324 1860/873/1340
f 1861/874/1341 1858/871/1338 1856/869/1336
f 1860/873/1340 1862/875/1342 1859/872/1339
f 1862/875/1342 1860/873/1340 1863/876/1343
f 1856/869/1336 1864/877/1344 1861/874/1341
f 1864/877/1344 1856/869/1336 1859/872/1339
f 1865/878/1345 1859/872/1339 1862/875/1342
f 1865/878/1345 1864/877/1344 1859/872/1339
f 1866/879/1346 1862/875/1342 1863/876/1343
f 1866/879/1346 1863/876/1343 1867/880/1347
f 1867/880/1347 1868/881/1348 1866/879/1346
f 1869/882/1349 1862/875/1342 1866/879/1346
f 1869/882/1349 1865/878/1345 1862/875/1342
f 1870/883/1350 1864/877/1344 1865/878/1345
f 1871/884/1351 1870/883/1350 1865/878/1345
f 1865/878/1345 1869/882/1349 1871/884/1351
f 1870/883/1350 1872/885/1352 1864/877/1344
f 1872/885/1352 1861/874/1341 1864/877/1344
f 1870/883/1350 1873/886/1353 1872/885/1352
f 1872/885/1352 1873/886/1353 1861/874/1341
f 1871/884/1351 1873/886/1353 1870/883/1350
f 1861/874/1341 1873/886/1353 1858/871/1338
f 1858/871/1338 1873/886/1353 1852/865/1332
f 1852/865/1332 1873/886/1353 1853/866/1333
f 1853/866/1333 1873/886/1353 1855/868/1335
f 1874/887/1354 1873/886/1353 1871/884/1351
f 1871/884/1351 1869/882/1349 1874/887/1354
f 1855/868/1335 1873/886/1353 1875/888/1355
f 1875/888/1355 1857/870/1337 1855/868/1335
f 1875/888/1355 1876/889/1356 1857/870/1337
f 1875/888/1355 1873/886/1353 1876/889/1356
f 1877/890/1357 1873/886/1353 1874/887/1354
f 1876/889/1356 1873/886/1353 1877/890/1357
f 1876/889/1356 1877/890/1357 1878/891/1358
f 1857/870/1337 1878/891/1358 1849/862/1329
f 1878/891/1358 1857/870/1337 1876/889/1356
f 1877/890/1357 1874/887/1354 1879/892/1359
f 1879/892/1359 1878/891/1358 1877/890/1357
f 1878/891/1358 1879/892/1359 1880/893/1360
f 1849/862/1329 1880/893/1360 1850/863/1330
f 1880/893/1360 1849/862/1329 1878/891/1358
f 1881/894/1361 1850/863/1330 1880/893/1360
f 1882/895/1362 1880/893/1360 1879/892/1359
f 1880/893/1360 1882/895/1362 1881/894/1361
f 1883/896/1363 1882/895/1362 1868/881/1348
f 1883/896/1363 1881/894/1361 1882/895/1362
f 1884/897/1364 1879/892/1359 1874/887/1354
f 1879/892/1359 1884/897/1364 1882/895/1362
f 1884/897/1364 1874/887/1354 1869/882/1349
f 1869/882/1349 1866/879/1346 1884/897/1364
f 1885/898/1365 1866/879/1346 1868/881/1348
f 1885/898/1365 1882/895/1362 1884/897/1364
f 1885/898/1365 1884/897/1364 1866/879/1346
f 1885/898/1365 1868/881/1348 1882/895/1362
f 1886/851/1366 1887/850/1367 1888/852/1368
f 1887/850/1367 1886/851/1366 1889/853/1369
f 1888/852/1368 1890/854/1370 1886/851/1366
f 1890/854/1370 1888/852/1368 1891/855/1371
f 1892/856/1372 1889/853/1369 1886/851/1366
f 1889/853/1369 1892/856/1372 1893/857/1373
f 1886/851/1366 1890/854/1370 1894/858/1374
f 1886/851/1366 1894/858/1374 1892/856/1372
f 1891/855/1371 1895/859/1375 1890/854/1370
f 1896/861/1376 1890/854/1370 1895/859/1375
f 1896/861/1376 1894/858/1374 1890/854/1370
f 1895/859/1375 1891/855/1371 1897/862/1377
f 1898/863/1378 1897/862/1377 1891/855/1371
f 1899/864/1379 1895/859/1375 1897/862/1377
f 1899/864/1379 1896/861/1376 1895/859/1375
f 1897/862/1377 1898/863/1378 1900/893/1380
f 1901/894/1381 1900/893/1380 1898/863/1378
f 1897/862/1377 1902/870/1382 1899/864/1379
f 1900/893/1380 1901/894/1381 1903/895/1383
f 1904/896/1384 1903/895/1383 1901/894/1381
f 1904/896/1384 1905/881/1385 1903/895/1383
f 1900/893/1380 1906/891/1386 1897/862/1377
f 1902/870/1382 1897/862/1377 1906/891/1386
f 1906/891/1386 1900/893/1380 1907/892/1387
f 1903/895/1383 1907/892/1387 1900/893/1380
f 1908/898/1388 1903/895/1383 1905/881/1385
f 1907/892/1387 1909/890/1389 1906/891/1386
f 1908/898/1388 1910/897/1390 1903/895/1383
f 1907/892/1387 1903/895/1383 1910/897/1390
f 1910/897/1390 1908/898/1388 1911/879/1391
f 1908/898/1388 1905/881/1385 1911/879/1391
f 1912/880/1392 1911/879/1391 1905/881/1385
f 1912/880/1392 1913/876/1393 1911/879/1391
f 1909/890/1389 1907/892/1387 1914/887/1394
f 1910/897/1390 1914/887/1394 1907/892/1387
f 1915/882/1395 1914/887/1394 1910/897/1390
f 1911/879/1391 1915/882/1395 1910/897/1390
f 1916/875/1396 1911/879/1391 1913/876/1393
f 1911/879/1391 1916/875/1396 1915/882/1395
f 1913/876/1393 1917/873/1397 1916/875/1396
f 1914/887/1394 1915/882/1395 1918/884/1398
f 1917/873/1397 1893/857/1373 1919/872/1399
f 1919/872/1399 1916/875/1396 1917/873/1397
f 1918/884/1398 1915/882/1395 1920/878/1400
f 1916/875/1396 1919/872/1399 1920/878/1400
f 1920/878/1400 1915/882/1395 1916/875/1396
f 1920/878/1400 1921/883/1401 1918/884/1398
f 1922/860/1402 1919/872/1399 1893/857/1373
f 1922/860/1402 1893/857/1373 1892/856/1372
f 1920/878/1400 1923/877/1403 1921/883/1401
f 1923/877/1403 1920/878/1400 1919/872/1399
f 1923/877/1403 1919/872/1399 1924/869/1404
f 1922/860/1402 1924/869/1404 1919/872/1399
f 1924/869/1404 1922/860/1402 1925/867/1405
f 1925/867/1405 1892/856/1372 1894/858/1374
f 1892/856/1372 1925/867/1405 1922/860/1402
f 1924/869/1404 1926/874/1406 1923/877/1403
f 1894/858/1374 1927/865/1407 1925/867/1405
f 1894/858/1374 1896/861/1376 1927/865/1407
f 1928/871/1408 1925/867/1405 1927/865/1407
f 1926/874/1406 1924/869/1404 1928/871/1408
f 1925/867/1405 1928/871/1408 1924/869/1404
f 1899/864/1379 1929/866/1409 1896/861/1376
f 1929/866/1409 1927/865/1407 1896/861/1376
f 1930/886/1410 1928/871/1408 1927/865/1407
f 1930/886/1410 1927/865/1407 1929/866/1409
f 1930/886/1410 1926/874/1406 1928/871/1408
f 1930/886/1410 1914/887/1394 1918/884/1398
f 1930/886/1410 1909/890/1389 1914/887/1394
f 1930/886/1410 1918/884/1398 1921/883/1401
f 1931/868/1411 1929/866/1409 1899/864/1379
f 1930/886/1410 1929/866/1409 1931/868/1411
f 1931/868/1411 1899/864/1379 1902/870/1382
f 1932/885/1412 1921/883/1401 1923/877/1403
f 1930/886/1410 1932/885/1412 1926/874/1406
f 1932/885/1412 1923/877/1403 1926/874/1406
f 1930/886/1410 1921/883/1401 1932/885/1412
f 1931/868/1411 1902/870/1382 1933/888/1413
f 1930/886/1410 1931/868/1411 1933/888/1413
f 1930/886/1410 1934/889/1414 1909/890/1389
f 1930/886/1410 1933/888/1413 1934/889/1414
f 1933/888/1413 1902/870/1382 1934/889/1414
f 1934/889/1414 1906/891/1386 1909/890/1389
f 1906/891/1386 1934/889/1414 1902/870/1382
