# Blender 5.2.2 LTS
# www.blender.org
mtllib RightFoot.mtl
o RightFoot
v 5.060469 -11.964177 15.341903
v 3.210043 -13.131413 11.325823
v 3.210037 -11.964177 15.341903
v 3.210043 -13.131413 11.325823
v 5.060469 -11.964177 15.341903
v 5.960896 -13.131413 11.325823
v 3.517237 -12.238626 20.243305
v 3.210037 -11.964177 15.341903
v 3.037437 -12.209576 20.274654
v 3.210037 -11.964177 15.341903
v 3.517237 -12.238626 20.243305
v 5.060469 -11.964177 15.341903
v -4.522438 -11.964177 15.341903
v -4.522442 -13.131413 11.325823
v -6.372871 -11.964177 15.341903
v -4.522442 -13.131413 11.325823
v -7.273296 -13.131413 11.325823
v -6.372871 -11.964177 15.341903
v -6.372871 -11.964177 15.341903
v -4.829636 -12.238626 20.243305
v -4.522438 -11.964177 15.341903
v -4.349838 -12.209576 20.274654
v -4.522438 -11.964177 15.341903
v -4.829636 -12.238626 20.243305
v -6.512222 -22.327841 -7.699344
v -9.228096 -22.327839 -10.415215
v -8.611031 -21.948158 -10.697406
v -8.611031 -21.948158 -10.697406
v -6.103115 -21.880373 -8.189494
v -6.512222 -22.327841 -7.699344
v -6.512222 -22.327841 -7.699344
v -3.346729 -20.880194 -5.433102
v -3.796356 -21.327663 -4.983473
v -3.346729 -20.880194 -5.433102
v -6.512222 -22.327841 -7.699344
v -6.103115 -21.880373 -8.189494
v -11.069958 -21.948160 -8.238477
v -8.071899 -22.327843 -6.139672
v -8.562046 -21.880375 -5.730565
v -8.071899 -22.327843 -6.139672
v -11.069958 -21.948160 -8.238477
v -10.787766 -22.327841 -8.855543
v -5.805660 -20.880196 -2.974173
v -8.562046 -21.880375 -5.730565
v -8.071899 -22.327843 -6.139672
v -8.071899 -22.327843 -6.139672
v -5.356030 -21.327667 -3.423802
v -5.805660 -20.880196 -2.974173
v -9.228096 -22.327839 -10.415215
v -8.071899 -22.327843 -6.139672
v -10.787766 -22.327841 -8.855543
v -8.071899 -22.327843 -6.139672
v -9.228096 -22.327839 -10.415215
v -6.512222 -22.327841 -7.699344
v -6.512222 -22.327841 -7.699344
v -3.796356 -21.327663 -4.983473
v -5.356030 -21.327667 -3.423802
v -6.512222 -22.327841 -7.699344
v -5.356030 -21.327667 -3.423802
v -8.071899 -22.327843 -6.139672
v -8.495293 -24.312178 -15.516805
v -5.944466 -22.003633 -12.696587
v -8.129871 -24.312176 -15.911367
v -5.944466 -22.003633 -12.696587
v -8.495293 -24.312178 -15.516805
v -6.401756 -21.757120 -12.507156
v -5.226704 -22.188862 -12.108901
v -5.944466 -22.003633 -12.696587
v -6.401756 -21.757120 -12.507156
v -6.401756 -21.757120 -12.507156
v -5.346336 -22.003633 -11.359509
v -5.226704 -22.188862 -12.108901
v -6.103134 -26.404846 -14.863504
v -5.226704 -22.188862 -12.108901
v -6.244648 -26.404846 -14.092243
v -5.226704 -22.188862 -12.108901
v -5.346336 -22.003633 -11.359509
v -6.244648 -26.404846 -14.092243
v -20.047695 -18.717810 -20.716370
v -17.941795 -18.081230 -19.526197
v -20.622082 -18.119034 -21.389217
v -17.941795 -18.081230 -19.526197
v -20.047695 -18.717810 -20.716370
v -18.027916 -18.502026 -19.265127
v -18.027916 -18.502026 -19.265127
v -15.693836 -18.181154 -17.490601
v -17.941795 -18.081230 -19.526197
v -15.465809 -17.494144 -17.686092
v -17.941795 -18.081230 -19.526197
v -15.693836 -18.181154 -17.490601
v -13.452557 -15.768373 -15.863047
v -15.465809 -17.494144 -17.686092
v -14.813793 -17.727009 -16.619543
v -15.465809 -17.494144 -17.686092
v -15.693836 -18.181154 -17.490601
v -14.813793 -17.727009 -16.619543
v -6.629425 -15.719839 -9.379455
v -7.662968 -14.786051 -12.321628
v -8.617283 -14.786049 -11.367308
v -7.662968 -14.786051 -12.321628
v -6.629425 -15.719839 -9.379455
v -5.293091 -15.719838 -10.715788
v -11.124599 -14.982362 -13.743163
v -8.617283 -14.786049 -11.367308
v -10.743774 -15.005602 -14.092957
v -10.743774 -15.005602 -14.092957
v -8.617283 -14.786049 -11.367308
v -7.662968 -14.786051 -12.321628
v -12.725475 -21.757126 -6.183435
v -16.571217 -24.312183 -7.440877
v -12.914898 -22.003639 -5.726147
v -16.965775 -24.312183 -7.075459
v -12.914898 -22.003639 -5.726147
v -16.571217 -24.312183 -7.440877
v -12.327217 -22.188868 -5.008381
v -12.914898 -22.003639 -5.726147
v -16.965775 -24.312183 -7.075459
v -12.327217 -22.188868 -5.008381
v -12.725475 -21.757126 -6.183435
v -12.914898 -22.003639 -5.726147
v -11.577824 -22.003639 -5.128021
v -12.725475 -21.757126 -6.183435
v -12.327217 -22.188868 -5.008381
v -14.310562 -26.404852 -6.026332
v -11.577824 -22.003639 -5.128021
v -12.327217 -22.188868 -5.008381
v -12.327217 -22.188868 -5.008381
v -15.081818 -26.404852 -5.884824
v -14.310562 -26.404852 -6.026332
v -19.744511 -18.081230 -17.723486
v -20.934677 -18.717812 -19.829384
v -21.607536 -18.119034 -20.403761
v -20.934677 -18.717812 -19.829384
v -19.744511 -18.081230 -17.723486
v -19.483437 -18.502026 -17.809607
v -17.708908 -18.181156 -15.475508
v -19.744511 -18.081230 -17.723486
v -17.904408 -17.494146 -15.247495
v -19.744511 -18.081230 -17.723486
v -17.708908 -18.181156 -15.475508
v -19.483437 -18.502026 -17.809607
v -17.904408 -17.494146 -15.247495
v -16.081352 -15.768376 -13.234233
v -16.837860 -17.727009 -14.595474
v -17.904408 -17.494146 -15.247495
v -16.837860 -17.727009 -14.595474
v -17.708908 -18.181156 -15.475508
v -12.539951 -14.786053 -7.444641
v -9.597771 -15.719841 -6.411101
v -11.585625 -14.786052 -8.398963
v -9.597771 -15.719841 -6.411101
v -12.539951 -14.786053 -7.444641
v -10.934109 -15.719841 -5.074770
v -14.311268 -15.005603 -10.525451
v -11.585625 -14.786052 -8.398963
v -13.961475 -14.982363 -10.906280
v -11.585625 -14.786052 -8.398963
v -14.311268 -15.005603 -10.525451
v -12.539951 -14.786053 -7.444641
v -11.124599 -14.982362 -13.743163
v -13.452557 -15.768373 -15.863047
v -12.097404 -16.612682 -14.122898
v -13.452557 -15.768373 -15.863047
v -14.813793 -17.727009 -16.619543
v -12.097404 -16.612682 -14.122898
v -9.440849 -16.523043 -11.348151
v -8.617283 -14.786049 -11.367308
v -11.124599 -14.982362 -13.743163
v -9.440849 -16.523043 -11.348151
v -11.124599 -14.982362 -13.743163
v -12.097404 -16.612682 -14.122898
v -8.617283 -14.786049 -11.367308
v -9.440849 -16.523043 -11.348151
v -6.629425 -15.719839 -9.379455
v -14.813793 -17.727009 -16.619543
v -13.226936 -16.581497 -13.008617
v -12.097404 -16.612682 -14.122898
v -10.533665 -16.497421 -10.315347
v -8.113602 -15.719840 -7.895279
v -9.440849 -16.523043 -11.348151
v -14.341213 -16.612686 -11.879086
v -16.837860 -17.727009 -14.595474
v -16.081352 -15.768376 -13.234233
v -16.081352 -15.768376 -13.234233
v -13.961475 -14.982363 -10.906280
v -14.341213 -16.612686 -11.879086
v -11.566471 -16.523045 -9.222530
v -14.341213 -16.612686 -11.879086
v -13.961475 -14.982363 -10.906280
v -11.566471 -16.523045 -9.222530
v -13.961475 -14.982363 -10.906280
v -11.585625 -14.786052 -8.398963
v -11.585625 -14.786052 -8.398963
v -9.597771 -15.719841 -6.411101
v -11.566471 -16.523045 -9.222530
v -16.837860 -17.727009 -14.595474
v -14.341213 -16.612686 -11.879086
v -13.226936 -16.581497 -13.008617
v -10.533665 -16.497421 -10.315347
v -13.226936 -16.581497 -13.008617
v -14.341213 -16.612686 -11.879086
v -11.566471 -16.523045 -9.222530
v -8.113602 -15.719840 -7.895279
v -10.533665 -16.497421 -10.315347
v -11.566471 -16.523045 -9.222530
v -17.548237 -26.847891 -6.770459
v -15.081818 -26.404852 -5.884824
v -17.728935 -26.404852 -6.554050
v -15.081818 -26.404852 -5.884824
v -17.548237 -26.847891 -6.770459
v -14.604271 -26.847891 -6.245435
v -14.604271 -26.847891 -6.245435
v -14.386818 -26.847889 -9.784269
v -14.371899 -26.404852 -6.594745
v -14.371899 -26.404852 -6.594745
v -14.386818 -26.847889 -9.784269
v -14.138493 -26.404848 -9.894997
v -15.081818 -26.404852 -5.884824
v -14.604271 -26.847891 -6.245435
v -14.310562 -26.404852 -6.026332
v -14.310562 -26.404852 -6.026332
v -14.604271 -26.847891 -6.245435
v -14.371899 -26.404852 -6.594745
v -17.728935 -26.404852 -6.554050
v -20.208221 -26.404848 -9.910687
v -17.548237 -26.847891 -6.770459
v -17.548237 -26.847891 -6.770459
v -20.208221 -26.404848 -9.910687
v -19.980419 -26.847887 -10.063318
v -23.328148 -26.404846 -14.456041
v -22.666584 -26.847883 -16.990488
v -23.061806 -26.847885 -14.552528
v -22.666584 -26.847883 -16.990488
v -23.328148 -26.404846 -14.456041
v -22.986637 -26.404844 -17.375315
v -19.957424 -26.404844 -17.179180
v -22.666584 -26.847883 -16.990488
v -22.986637 -26.404844 -17.375315
v -22.666584 -26.847883 -16.990488
v -19.957424 -26.404844 -17.179180
v -20.109077 -26.847883 -16.947802
v -20.208221 -26.404848 -9.910687
v -23.328148 -26.404846 -14.456041
v -19.980419 -26.847887 -10.063318
v -23.061806 -26.847885 -14.552528
v -16.879383 -26.847885 -12.841859
v -20.109077 -26.847883 -16.947802
v -16.680832 -26.404846 -13.013648
v -19.957424 -26.404844 -17.179180
v -8.420227 -5.492641 -13.662824
v -8.968655 -5.590498 -13.627880
v -8.391808 -6.355438 -14.058653
v -8.968655 -5.590498 -13.627880
v -8.930077 -6.450531 -14.016329
v -8.391808 -6.355438 -14.058653
v -15.483826 -0.368450 -26.468637
v -16.373283 1.812262 -31.116270
v -15.867134 -0.503883 -26.404629
v -16.373283 1.812262 -31.116270
v -15.483826 -0.368450 -26.468637
v -15.981712 1.896374 -31.296640
v -15.867157 0.367985 -25.998062
v -16.434166 2.697729 -30.835526
v -15.482750 0.335577 -26.142317
v -15.482750 0.335577 -26.142317
v -16.434166 2.697729 -30.835526
v -16.042583 2.781837 -31.015900
v -14.821033 -1.761862 -25.681850
v -15.483826 -0.368450 -26.468637
v -15.508377 -1.966805 -25.458080
v -15.867134 -0.503883 -26.404629
v -15.508377 -1.966805 -25.458080
v -15.483826 -0.368450 -26.468637
v -14.732605 0.666590 -24.356983
v -15.867157 0.367985 -25.998062
v -15.482750 0.335577 -26.142317
v -15.867157 0.367985 -25.998062
v -14.732605 0.666590 -24.356983
v -15.419041 0.629309 -24.053587
v -14.821033 -1.761862 -25.681850
v -12.509228 -5.676363 -18.199987
v -11.846653 -5.449127 -18.467146
v -12.509228 -5.676363 -18.199987
v -14.821033 -1.761862 -25.681850
v -15.508377 -1.966805 -25.458080
v -12.484531 -2.832922 -16.820469
v -15.419041 0.629309 -24.053587
v -11.824295 -2.773359 -17.170296
v -11.824295 -2.773359 -17.170296
v -15.419041 0.629309 -24.053587
v -14.732605 0.666590 -24.356983
v -11.204678 -5.095001 -16.906246
v -12.509228 -5.676363 -18.199987
v -11.840218 -5.347185 -16.594128
v -12.509228 -5.676363 -18.199987
v -11.204678 -5.095001 -16.906246
v -11.846653 -5.449127 -18.467146
v -11.840218 -4.326935 -16.118383
v -11.824295 -2.773359 -17.170296
v -11.204567 -4.242111 -16.512329
v -11.824295 -2.773359 -17.170296
v -11.840218 -4.326935 -16.118383
v -12.484531 -2.832922 -16.820469
v -11.840218 -5.347185 -16.594128
v -8.930077 -6.450531 -14.016329
v -11.204678 -5.095001 -16.906246
v -8.930077 -6.450531 -14.016329
v -11.840218 -5.347185 -16.594128
v -9.368885 -6.810242 -13.465046
v -8.968655 -5.590498 -13.627880
v -11.840218 -4.326935 -16.118383
v -11.204567 -4.242111 -16.512329
v -11.840218 -4.326935 -16.118383
v -8.968655 -5.590498 -13.627880
v -9.420792 -5.782045 -12.996773
v -8.968655 -5.590498 -13.627880
v -8.349586 -5.637665 -13.090722
v -9.420792 -5.782045 -12.996773
v -8.349586 -5.637665 -13.090722
v -8.968655 -5.590498 -13.627880
v -8.420227 -5.492641 -13.662824
v -8.315586 -6.670952 -13.564213
v -8.420227 -5.492641 -13.662824
v -8.391808 -6.355438 -14.058653
v -8.420227 -5.492641 -13.662824
v -8.315586 -6.670952 -13.564213
v -8.349586 -5.637665 -13.090722
v -9.368885 -6.810242 -13.465046
v -8.315586 -6.670952 -13.564213
v -8.930077 -6.450531 -14.016329
v -8.315586 -6.670952 -13.564213
v -8.391808 -6.355438 -14.058653
v -8.930077 -6.450531 -14.016329
v -5.536732 -3.210688 -12.099032
v -4.980167 -3.463549 -12.529067
v -4.980167 -3.091135 -12.355404
v -4.980167 -3.463549 -12.529067
v -5.536732 -3.210688 -12.099032
v -5.544495 -3.584766 -12.269116
v -5.642536 -8.456518 -14.485869
v -4.980167 -8.726175 -14.983073
v -4.980167 -8.314241 -14.790982
v -4.980167 -8.726175 -14.983073
v -5.642536 -8.456518 -14.485869
v -5.643280 -8.868610 -14.677618
v -4.980167 -3.091135 -12.355404
v -7.703407 1.690170 -16.037756
v -5.536732 -3.210688 -12.099032
v -8.330631 1.555437 -15.748831
v -5.536732 -3.210688 -12.099032
v -7.703407 1.690170 -16.037756
v -10.472973 4.893429 -20.556540
v -8.330631 1.555437 -15.748831
v -7.703407 1.690170 -16.037756
v -8.330631 1.555437 -15.748831
v -10.472973 4.893429 -20.556540
v -11.007267 4.778662 -20.310429
v -11.546200 3.755199 -23.417156
v -11.007267 4.778662 -20.310429
v -10.472973 4.893429 -20.556540
v -11.007267 4.778662 -20.310429
v -11.546200 3.755199 -23.417156
v -13.268906 3.385168 -22.623619
v -6.952118 -8.145447 -18.993200
v -9.314972 -9.358480 -22.974939
v -8.687721 -9.223749 -23.263870
v -9.314972 -9.358480 -22.974939
v -6.952118 -8.145447 -18.993200
v -7.592201 -8.282936 -18.698349
v -6.952118 -8.145447 -18.993200
v -5.643280 -8.868610 -14.677618
v -7.592201 -8.282936 -18.698349
v -5.643280 -8.868610 -14.677618
v -6.952118 -8.145447 -18.993200
v -4.980167 -8.726175 -14.983073
v -15.023918 2.102100 -31.737839
v -15.981712 1.896374 -31.296640
v -16.042583 2.781837 -31.015900
v -15.023918 2.102100 -31.737839
v -16.042583 2.781837 -31.015900
v -15.084797 2.987574 -31.457096
v -3.623833 -5.505814 -14.332916
v -2.316711 -6.166918 -12.364489
v -2.325996 -6.495058 -12.501767
v -3.623833 -5.505814 -14.332916
v -3.707588 -3.910078 -13.706580
v -2.316711 -6.166918 -12.364489
v -2.335388 -6.931541 -12.689844
v -3.623833 -5.505814 -14.332916
v -2.325996 -6.495058 -12.501767
v -3.623833 -5.505814 -14.332916
v -2.335388 -6.931541 -12.689844
v -3.675354 -7.149603 -15.173289
v -4.980167 -3.463549 -12.529067
v -7.703407 1.690170 -16.037756
v -4.980167 -3.091135 -12.355404
v -4.980167 -3.463549 -12.529067
v -2.316711 -6.166918 -12.364489
v -3.707588 -3.910078 -13.706580
v -2.316711 -6.166918 -12.364489
v -4.980167 -3.463549 -12.529067
v -3.178177 -6.360731 -10.743057
v -3.198784 -7.141787 -11.095711
v -2.325996 -6.495058 -12.501767
v -2.316711 -6.166918 -12.364489
v -3.198784 -7.141787 -11.095711
v -2.316711 -6.166918 -12.364489
v -3.178177 -6.360731 -10.743057
v -4.980167 -8.314241 -14.790982
v -2.335388 -6.931541 -12.689844
v -3.219398 -8.060291 -11.512459
v -2.335388 -6.931541 -12.689844
v -4.980167 -8.314241 -14.790982
v -3.675354 -7.149603 -15.173289
v -2.335388 -6.931541 -12.689844
v -3.198784 -7.141787 -11.095711
v -3.219398 -8.060291 -11.512459
v -3.198784 -7.141787 -11.095711
v -2.335388 -6.931541 -12.689844
v -2.325996 -6.495058 -12.501767
v -4.980167 -3.463549 -12.529067
v -5.554607 -3.148354 -17.428415
v -7.384880 -2.479748 -17.290749
v -5.554607 -3.148354 -17.428415
v -4.980167 -3.463549 -12.529067
v -3.707588 -3.910078 -13.706580
v -4.980167 -8.314241 -14.790982
v -5.430244 -4.776615 -17.917700
v -3.675354 -7.149603 -15.173289
v -5.430244 -4.776615 -17.917700
v -4.980167 -8.314241 -14.790982
v -7.160400 -5.418634 -18.173838
v -4.609444 -8.168768 -15.651113
v -6.952118 -8.145447 -18.993200
v -6.433247 -7.429264 -19.265585
v -6.952118 -8.145447 -18.993200
v -4.609444 -8.168768 -15.651113
v -4.980167 -8.726175 -14.983073
v -4.980167 -8.726175 -14.983073
v -4.609444 -8.168768 -15.651113
v -4.980167 -8.314241 -14.790982
v -7.160400 -5.418634 -18.173838
v -4.609444 -8.168768 -15.651113
v -6.758255 -5.517302 -19.079597
v -4.609444 -8.168768 -15.651113
v -7.160400 -5.418634 -18.173838
v -4.980167 -8.314241 -14.790982
v -14.376640 -0.576878 -31.581888
v -13.857948 0.981703 -31.461843
v -13.511208 -0.529329 -31.413744
v -13.857948 0.981703 -31.461843
v -14.376640 -0.576878 -31.581888
v -14.717934 0.760145 -31.699348
v -13.220921 -2.713585 -30.069294
v -13.511208 -0.529329 -31.413744
v -12.467106 -2.206720 -29.929260
v -13.511208 -0.529329 -31.413744
v -13.220921 -2.713585 -30.069294
v -14.376640 -0.576878 -31.581888
v -13.913673 5.993008 -29.246017
v -13.136784 5.110371 -26.238232
v -12.505161 4.721638 -26.781088
v -13.136784 5.110371 -26.238232
v -13.913673 5.993008 -29.246017
v -14.727348 6.465542 -29.059299
v -14.984001 4.535662 -30.516397
v -13.913673 5.993008 -29.246017
v -14.089893 4.361862 -30.389181
v -13.913673 5.993008 -29.246017
v -14.984001 4.535662 -30.516397
v -14.727348 6.465542 -29.059299
v -10.736069 -23.871847 20.370687
v -8.834400 -20.788643 14.305671
v -11.598278 -23.871849 20.400127
v -8.834400 -20.788643 14.305671
v -10.736069 -23.871847 20.370687
v -8.072765 -20.678020 14.255290
v -8.072765 -20.678020 14.255290
v -8.987598 -21.637421 12.986966
v -8.834400 -20.788643 14.305671
v -2.992069 -16.083176 33.002815
v -1.789818 -16.878902 36.332348
v -2.536247 -16.609169 32.826084
v -1.789818 -16.878902 36.332348
v -2.992069 -16.083176 33.002815
v -1.919094 -16.130436 37.592228
v -2.992069 -16.083176 33.002815
v -3.282692 -15.640390 26.906878
v -4.076664 -13.192095 24.767641
v -3.282692 -15.640390 26.906878
v -2.992069 -16.083176 33.002815
v -2.536247 -16.609169 32.826084
v -4.720428 -23.719036 45.597313
v -4.866245 -26.487700 45.119473
v -5.435120 -26.487700 45.929054
v -4.866245 -26.487700 45.119473
v -4.720428 -23.719036 45.597313
v -4.151543 -23.823988 44.787735
v -3.282692 -15.640390 26.906878
v -3.571190 -14.247485 21.640926
v -4.076664 -13.192095 24.767641
v -4.349838 -12.209576 20.274654
v -4.076664 -13.192095 24.767641
v -3.571190 -14.247485 21.640926
v -3.571190 -14.247485 21.640926
v -3.416027 -14.135425 16.154476
v -4.349838 -12.209576 20.274654
v -4.522438 -11.964177 15.341903
v -4.349838 -12.209576 20.274654
v -3.416027 -14.135425 16.154476
v -4.522438 -11.964177 15.341903
v -3.416027 -14.135425 16.154476
v -4.522442 -13.131413 11.325823
v -5.378178 -26.487677 13.279599
v -9.881615 -26.487680 16.333908
v -8.987598 -21.637421 12.986966
v -5.378178 -26.487677 13.279599
v -8.987598 -21.637421 12.986966
v -5.445263 -21.529331 10.848943
v -4.522442 -13.131413 11.325823
v -0.656200 -13.131413 11.325823
v -0.656200 -16.978859 8.747169
v -4.294720 -20.417553 11.493967
v -5.378178 -26.487677 13.279599
v -5.445263 -21.529331 10.848943
v -5.378178 -26.487677 13.279599
v -4.294720 -20.417553 11.493967
v -4.147633 -26.487680 16.246832
v -5.445263 -21.529331 10.848943
v -8.072765 -20.678020 14.255290
v -4.294720 -20.417553 11.493967
v -8.072765 -20.678020 14.255290
v -5.445263 -21.529331 10.848943
v -8.987598 -21.637421 12.986966
v -12.173462 -26.487684 20.392214
v -8.987598 -21.637421 12.986966
v -9.881615 -26.487680 16.333908
v -5.435120 -26.487700 45.929054
v -4.866245 -26.487700 45.119473
v -4.802433 -26.975491 46.040546
v -4.866245 -26.487700 45.119473
v -4.355114 -26.975492 45.403961
v -4.802433 -26.975491 46.040546
v -2.693741 -26.487705 56.084484
v -5.435120 -26.487700 45.929054
v -2.208241 -26.975496 55.650715
v -2.208241 -26.975496 55.650715
v -5.435120 -26.487700 45.929054
v -4.802433 -26.975491 46.040546
v -9.775379 -26.975470 17.328892
v -12.173462 -26.487684 20.392214
v -9.881615 -26.487680 16.333908
v -12.173462 -26.487684 20.392214
v -9.775379 -26.975470 17.328892
v -11.561066 -26.975473 20.490896
v -7.179970 -26.975471 20.247787
v -9.775379 -26.975470 17.328892
v -6.623325 -26.487684 19.998299
v -9.881615 -26.487680 16.333908
v -6.623325 -26.487684 19.998299
v -9.775379 -26.975470 17.328892
v -9.708996 -26.487694 32.899937
v -11.561066 -26.975473 20.490896
v -9.169270 -26.975481 32.629784
v -11.561066 -26.975473 20.490896
v -9.708996 -26.487694 32.899937
v -12.173462 -26.487684 20.392214
v -7.179970 -26.975471 20.247787
v -5.167145 -26.487692 32.506020
v -5.765949 -26.975481 32.393421
v -6.623325 -26.487684 19.998299
v -5.167145 -26.487692 32.506020
v -7.179970 -26.975471 20.247787
v -7.105499 -26.975483 34.919170
v -9.708996 -26.487694 32.899937
v -9.169270 -26.975481 32.629784
v -6.981022 -26.487694 35.926136
v -9.708996 -26.487694 32.899937
v -7.105499 -26.975483 34.919170
v -2.171726 -6.944553 22.232086
v -2.702774 -4.536554 13.760798
v -2.733170 -7.839491 22.232086
v -2.702774 -4.536554 13.760798
v -2.171726 -6.944553 22.232086
v -2.149429 -3.641617 14.198031
v -2.702774 -1.300337 11.239360
v -2.702774 -4.536554 13.760798
v -2.149429 -3.641617 14.198031
v -2.702774 -1.300337 11.239360
v -2.149429 -3.641617 14.198031
v -2.149429 -0.405401 11.676591
v -2.702774 0.876919 5.383851
v -2.702774 -1.300337 11.239360
v -2.149429 -0.405401 11.676591
v -2.149429 -0.405401 11.676591
v -2.149429 1.771854 5.383852
v -2.702774 0.876919 5.383851
v -6.401268 -21.774599 -3.424570
v -4.241863 -21.778585 -6.353901
v -3.960049 -21.774597 -5.865788
v -6.889378 -21.778587 -3.706382
v -4.241863 -21.778585 -6.353901
v -6.401268 -21.774599 -3.424570
v -6.401268 -21.774605 3.244960
v -4.241863 -21.778593 6.174287
v -6.889378 -21.778591 3.526772
v -4.241863 -21.778593 6.174287
v -6.401268 -21.774605 3.244960
v -3.960049 -21.774605 5.686176
v -6.401268 -21.774599 -3.424570
v -7.294811 -21.774601 -0.089805
v -6.889378 -21.778587 -3.706382
v -7.858437 -21.778589 -0.089805
v -6.889378 -21.778587 -3.706382
v -7.294811 -21.774601 -0.089805
v -8.597931 -18.279091 -4.695239
v -6.889378 -18.279091 -3.706380
v -6.889378 -21.778587 -3.706382
v -4.241863 -21.778585 -6.353901
v -4.241863 -18.279091 -6.353898
v -5.228294 -18.279089 -8.064878
v -4.241863 -21.778593 6.174287
v -4.241863 -18.279099 6.174291
v -5.228294 -18.279100 7.880416
v -2.926796 -18.279087 -8.681562
v -2.433575 -18.279091 -6.838427
v -2.433575 -21.778584 -6.838429
v -2.926796 -18.279087 -8.681562
v -4.241863 -18.279091 -6.353898
v -2.433575 -18.279091 -6.838427
v -4.241863 -18.279091 -6.353898
v -2.926796 -18.279087 -8.681562
v -5.228294 -18.279089 -8.064878
v 7.915699 -22.327839 -10.415215
v 5.199827 -22.327841 -7.699344
v 7.298632 -21.948158 -10.697406
v 7.298632 -21.948158 -10.697406
v 5.199827 -22.327841 -7.699344
v 4.790718 -21.880373 -8.189494
v 5.199827 -22.327841 -7.699344
v 2.034330 -20.880194 -5.433102
v 4.790718 -21.880373 -8.189494
v 2.034330 -20.880194 -5.433102
v 5.199827 -22.327841 -7.699344
v 2.483957 -21.327663 -4.983473
v 9.757557 -21.948160 -8.238477
v 6.759499 -22.327843 -6.139672
v 9.475367 -22.327841 -8.855543
v 6.759499 -22.327843 -6.139672
v 9.757557 -21.948160 -8.238477
v 7.249645 -21.880375 -5.730565
v 7.249645 -21.880375 -5.730565
v 4.493259 -20.880196 -2.974173
v 6.759499 -22.327843 -6.139672
v 6.759499 -22.327843 -6.139672
v 4.493259 -20.880196 -2.974173
v 4.043627 -21.327667 -3.423802
v 7.915699 -22.327839 -10.415215
v 6.759499 -22.327843 -6.139672
v 5.199827 -22.327841 -7.699344
v 6.759499 -22.327843 -6.139672
v 7.915699 -22.327839 -10.415215
v 9.475367 -22.327841 -8.855543
v 6.759499 -22.327843 -6.139672
v 4.043627 -21.327667 -3.423802
v 5.199827 -22.327841 -7.699344
v 5.199827 -22.327841 -7.699344
v 4.043627 -21.327667 -3.423802
v 2.483957 -21.327663 -4.983473
v 5.089354 -21.757120 -12.507156
v 7.182894 -24.312178 -15.516805
v 4.632067 -22.003633 -12.696587
v 6.817472 -24.312176 -15.911367
v 4.632067 -22.003633 -12.696587
v 7.182894 -24.312178 -15.516805
v 3.914303 -22.188862 -12.108901
v 5.089354 -21.757120 -12.507156
v 4.632067 -22.003633 -12.696587
v 4.033937 -22.003633 -11.359509
v 5.089354 -21.757120 -12.507156
v 3.914303 -22.188862 -12.108901
v 4.932251 -26.404846 -14.092243
v 3.914303 -22.188862 -12.108901
v 4.790737 -26.404846 -14.863504
v 4.932251 -26.404846 -14.092243
v 4.033937 -22.003633 -11.359509
v 3.914303 -22.188862 -12.108901
v 16.629398 -18.081230 -19.526197
v 18.735294 -18.717810 -20.716370
v 19.309681 -18.119034 -21.389217
v 18.735294 -18.717810 -20.716370
v 16.629398 -18.081230 -19.526197
v 16.715521 -18.502026 -19.265127
v 16.629398 -18.081230 -19.526197
v 14.153408 -17.494144 -17.686092
v 14.381433 -18.181154 -17.490601
v 16.629398 -18.081230 -19.526197
v 14.381433 -18.181154 -17.490601
v 16.715521 -18.502026 -19.265127
v 12.140156 -15.768373 -15.863047
v 13.501394 -17.727009 -16.619543
v 14.153408 -17.494144 -17.686092
v 14.153408 -17.494144 -17.686092
v 13.501394 -17.727009 -16.619543
v 14.381433 -18.181154 -17.490601
v 5.317022 -15.719839 -9.379455
v 6.350567 -14.786051 -12.321628
v 3.980686 -15.719838 -10.715788
v 6.350567 -14.786051 -12.321628
v 5.317022 -15.719839 -9.379455
v 7.304886 -14.786049 -11.367308
v 7.304886 -14.786049 -11.367308
v 9.431374 -15.005602 -14.092957
v 6.350567 -14.786051 -12.321628
v 9.431374 -15.005602 -14.092957
v 7.304886 -14.786049 -11.367308
v 9.812201 -14.982362 -13.743163
v 15.258814 -24.312183 -7.440877
v 11.602499 -22.003639 -5.726147
v 15.653379 -24.312183 -7.075459
v 11.602499 -22.003639 -5.726147
v 15.258814 -24.312183 -7.440877
v 11.413076 -21.757126 -6.183435
v 11.014816 -22.188868 -5.008381
v 15.653379 -24.312183 -7.075459
v 11.602499 -22.003639 -5.726147
v 11.413076 -21.757126 -6.183435
v 10.265423 -22.003639 -5.128021
v 11.014816 -22.188868 -5.008381
v 11.413076 -21.757126 -6.183435
v 11.014816 -22.188868 -5.008381
v 11.602499 -22.003639 -5.726147
v 10.265423 -22.003639 -5.128021
v 12.998161 -26.404852 -6.026332
v 11.014816 -22.188868 -5.008381
v 11.014816 -22.188868 -5.008381
v 12.998161 -26.404852 -6.026332
v 13.769421 -26.404852 -5.884824
v 18.432114 -18.081230 -17.723486
v 19.622282 -18.717812 -19.829384
v 18.171040 -18.502026 -17.809607
v 19.622282 -18.717812 -19.829384
v 18.432114 -18.081230 -17.723486
v 20.295130 -18.119034 -20.403761
v 16.592007 -17.494146 -15.247495
v 18.432114 -18.081230 -17.723486
v 16.396515 -18.181156 -15.475508
v 18.432114 -18.081230 -17.723486
v 18.171040 -18.502026 -17.809607
v 16.396515 -18.181156 -15.475508
v 15.525454 -17.727009 -14.595474
v 14.768957 -15.768376 -13.234233
v 16.592007 -17.494146 -15.247495
v 15.525454 -17.727009 -14.595474
v 16.592007 -17.494146 -15.247495
v 16.396515 -18.181156 -15.475508
v 8.285370 -15.719841 -6.411101
v 11.227552 -14.786053 -7.444641
v 10.273228 -14.786052 -8.398963
v 11.227552 -14.786053 -7.444641
v 8.285370 -15.719841 -6.411101
v 9.621706 -15.719841 -5.074770
v 10.273228 -14.786052 -8.398963
v 12.998871 -15.005603 -10.525451
v 12.649078 -14.982363 -10.906280
v 12.998871 -15.005603 -10.525451
v 10.273228 -14.786052 -8.398963
v 11.227552 -14.786053 -7.444641
v 10.785004 -16.612682 -14.122898
v 12.140156 -15.768373 -15.863047
v 9.812201 -14.982362 -13.743163
v 12.140156 -15.768373 -15.863047
v 10.785004 -16.612682 -14.122898
v 13.501394 -17.727009 -16.619543
v 8.128450 -16.523043 -11.348151
v 9.812201 -14.982362 -13.743163
v 7.304886 -14.786049 -11.367308
v 9.812201 -14.982362 -13.743163
v 8.128450 -16.523043 -11.348151
v 10.785004 -16.612682 -14.122898
v 7.304886 -14.786049 -11.367308
v 5.317022 -15.719839 -9.379455
v 8.128450 -16.523043 -11.348151
v 13.501394 -17.727009 -16.619543
v 10.785004 -16.612682 -14.122898
v 11.914536 -16.581497 -13.008617
v 8.128450 -16.523043 -11.348151
v 6.801201 -15.719840 -7.895279
v 9.221268 -16.497421 -10.315347
v 13.028814 -16.612686 -11.879086
v 14.768957 -15.768376 -13.234233
v 15.525454 -17.727009 -14.595474
v 14.768957 -15.768376 -13.234233
v 13.028814 -16.612686 -11.879086
v 12.649078 -14.982363 -10.906280
v 10.254072 -16.523045 -9.222530
v 12.649078 -14.982363 -10.906280
v 13.028814 -16.612686 -11.879086
v 12.649078 -14.982363 -10.906280
v 10.254072 -16.523045 -9.222530
v 10.273228 -14.786052 -8.398963
v 10.273228 -14.786052 -8.398963
v 10.254072 -16.523045 -9.222530
v 8.285370 -15.719841 -6.411101
v 15.525454 -17.727009 -14.595474
v 11.914536 -16.581497 -13.008617
v 13.028814 -16.612686 -11.879086
v 9.221268 -16.497421 -10.315347
v 13.028814 -16.612686 -11.879086
v 11.914536 -16.581497 -13.008617
v 10.254072 -16.523045 -9.222530
v 6.801201 -15.719840 -7.895279
v 10.254072 -16.523045 -9.222530
v 9.221268 -16.497421 -10.315347
v 13.769421 -26.404852 -5.884824
v 16.235840 -26.847891 -6.770459
v 16.416536 -26.404852 -6.554050
v 16.235840 -26.847891 -6.770459
v 13.769421 -26.404852 -5.884824
v 13.291870 -26.847891 -6.245435
v 13.074413 -26.847889 -9.784269
v 13.291870 -26.847891 -6.245435
v 13.059500 -26.404852 -6.594745
v 13.059500 -26.404852 -6.594745
v 12.826097 -26.404848 -9.894997
v 13.074413 -26.847889 -9.784269
v 13.769421 -26.404852 -5.884824
v 12.998161 -26.404852 -6.026332
v 13.291870 -26.847891 -6.245435
v 12.998161 -26.404852 -6.026332
v 13.059500 -26.404852 -6.594745
v 13.291870 -26.847891 -6.245435
v 16.235840 -26.847891 -6.770459
v 18.895821 -26.404848 -9.910687
v 16.416536 -26.404852 -6.554050
v 16.235840 -26.847891 -6.770459
v 18.668011 -26.847887 -10.063318
v 18.895821 -26.404848 -9.910687
v 22.015743 -26.404846 -14.456041
v 21.354187 -26.847883 -16.990488
v 21.674238 -26.404844 -17.375315
v 21.354187 -26.847883 -16.990488
v 22.015743 -26.404846 -14.456041
v 21.749401 -26.847885 -14.552528
v 18.645020 -26.404844 -17.179180
v 21.674238 -26.404844 -17.375315
v 21.354187 -26.847883 -16.990488
v 18.645020 -26.404844 -17.179180
v 21.354187 -26.847883 -16.990488
v 18.796684 -26.847883 -16.947802
v 18.668011 -26.847887 -10.063318
v 22.015743 -26.404846 -14.456041
v 18.895821 -26.404848 -9.910687
v 21.749401 -26.847885 -14.552528
v 18.796684 -26.847883 -16.947802
v 15.566980 -26.847885 -12.841859
v 15.368439 -26.404846 -13.013648
v 18.645020 -26.404844 -17.179180
v 7.107828 -5.492641 -13.662824
v 7.079409 -6.355438 -14.058653
v 7.656254 -5.590498 -13.627880
v 7.656254 -5.590498 -13.627880
v 7.079409 -6.355438 -14.058653
v 7.617678 -6.450531 -14.016329
v 14.171427 -0.368450 -26.468637
v 15.060883 1.812262 -31.116270
v 14.669315 1.896374 -31.296640
v 15.060883 1.812262 -31.116270
v 14.171427 -0.368450 -26.468637
v 14.554733 -0.503883 -26.404629
v 14.170349 0.335577 -26.142317
v 14.730185 2.781837 -31.015900
v 15.121767 2.697729 -30.835526
v 14.170349 0.335577 -26.142317
v 15.121767 2.697729 -30.835526
v 14.554754 0.367985 -25.998062
v 14.171427 -0.368450 -26.468637
v 14.195978 -1.966805 -25.458080
v 14.554733 -0.503883 -26.404629
v 14.195978 -1.966805 -25.458080
v 14.171427 -0.368450 -26.468637
v 13.508633 -1.761862 -25.681850
v 13.420210 0.666590 -24.356983
v 14.170349 0.335577 -26.142317
v 14.554754 0.367985 -25.998062
v 13.420210 0.666590 -24.356983
v 14.554754 0.367985 -25.998062
v 14.106640 0.629309 -24.053587
v 13.508633 -1.761862 -25.681850
v 10.534254 -5.449127 -18.467146
v 11.196825 -5.676363 -18.199987
v 13.508633 -1.761862 -25.681850
v 11.196825 -5.676363 -18.199987
v 14.195978 -1.966805 -25.458080
v 10.511896 -2.773359 -17.170296
v 13.420210 0.666590 -24.356983
v 14.106640 0.629309 -24.053587
v 10.511896 -2.773359 -17.170296
v 14.106640 0.629309 -24.053587
v 11.172132 -2.832922 -16.820469
v 9.892279 -5.095001 -16.906246
v 11.196825 -5.676363 -18.199987
v 10.534254 -5.449127 -18.467146
v 11.196825 -5.676363 -18.199987
v 9.892279 -5.095001 -16.906246
v 10.527813 -5.347185 -16.594128
v 10.511896 -2.773359 -17.170296
v 10.527813 -4.326935 -16.118383
v 9.892168 -4.242111 -16.512329
v 10.527813 -4.326935 -16.118383
v 10.511896 -2.773359 -17.170296
v 11.172132 -2.832922 -16.820469
v 7.617678 -6.450531 -14.016329
v 10.527813 -5.347185 -16.594128
v 9.892279 -5.095001 -16.906246
v 10.527813 -5.347185 -16.594128
v 7.617678 -6.450531 -14.016329
v 8.056488 -6.810242 -13.465046
v 7.656254 -5.590498 -13.627880
v 9.892168 -4.242111 -16.512329
v 10.527813 -4.326935 -16.118383
v 10.527813 -4.326935 -16.118383
v 8.108389 -5.782045 -12.996773
v 7.656254 -5.590498 -13.627880
v 7.037188 -5.637665 -13.090722
v 7.656254 -5.590498 -13.627880
v 8.108389 -5.782045 -12.996773
v 7.656254 -5.590498 -13.627880
v 7.037188 -5.637665 -13.090722
v 7.107828 -5.492641 -13.662824
v 7.003189 -6.670952 -13.564213
v 7.107828 -5.492641 -13.662824
v 7.037188 -5.637665 -13.090722
v 7.107828 -5.492641 -13.662824
v 7.003189 -6.670952 -13.564213
v 7.079409 -6.355438 -14.058653
v 8.056488 -6.810242 -13.465046
v 7.617678 -6.450531 -14.016329
v 7.003189 -6.670952 -13.564213
v 7.003189 -6.670952 -13.564213
v 7.617678 -6.450531 -14.016329
v 7.079409 -6.355438 -14.058653
v 4.224331 -3.210688 -12.099032
v 3.667767 -3.463549 -12.529067
v 4.232096 -3.584766 -12.269116
v 3.667767 -3.463549 -12.529067
v 4.224331 -3.210688 -12.099032
v 3.667767 -3.091135 -12.355404
v 4.330137 -8.456518 -14.485869
v 3.667767 -8.726175 -14.983073
v 4.330881 -8.868610 -14.677618
v 3.667767 -8.726175 -14.983073
v 4.330137 -8.456518 -14.485869
v 3.667767 -8.314241 -14.790982
v 4.224331 -3.210688 -12.099032
v 7.018230 1.555437 -15.748831
v 6.391005 1.690170 -16.037756
v 4.224331 -3.210688 -12.099032
v 6.391005 1.690170 -16.037756
v 3.667767 -3.091135 -12.355404
v 9.160576 4.893429 -20.556540
v 6.391005 1.690170 -16.037756
v 7.018230 1.555437 -15.748831
v 9.160576 4.893429 -20.556540
v 7.018230 1.555437 -15.748831
v 9.694864 4.778662 -20.310429
v 10.233799 3.755199 -23.417156
v 9.160576 4.893429 -20.556540
v 9.694864 4.778662 -20.310429
v 10.233799 3.755199 -23.417156
v 9.694864 4.778662 -20.310429
v 11.956505 3.385168 -22.623619
v 5.639719 -8.145447 -18.993200
v 7.375320 -9.223749 -23.263870
v 8.002569 -9.358480 -22.974939
v 5.639719 -8.145447 -18.993200
v 8.002569 -9.358480 -22.974939
v 6.279800 -8.282936 -18.698349
v 5.639719 -8.145447 -18.993200
v 4.330881 -8.868610 -14.677618
v 3.667767 -8.726175 -14.983073
v 4.330881 -8.868610 -14.677618
v 5.639719 -8.145447 -18.993200
v 6.279800 -8.282936 -18.698349
v 13.711514 2.102100 -31.737839
v 14.730185 2.781837 -31.015900
v 14.669315 1.896374 -31.296640
v 14.730185 2.781837 -31.015900
v 13.711514 2.102100 -31.737839
v 13.772396 2.987574 -31.457096
v 2.311432 -5.505814 -14.332916
v 1.013597 -6.495058 -12.501767
v 1.004311 -6.166918 -12.364489
v 1.004311 -6.166918 -12.364489
v 2.395189 -3.910078 -13.706580
v 2.311432 -5.505814 -14.332916
v 1.022987 -6.931541 -12.689844
v 2.311432 -5.505814 -14.332916
v 2.362951 -7.149603 -15.173289
v 2.311432 -5.505814 -14.332916
v 1.022987 -6.931541 -12.689844
v 1.013597 -6.495058 -12.501767
v 3.667767 -3.463549 -12.529067
v 3.667767 -3.091135 -12.355404
v 6.391005 1.690170 -16.037756
v 1.004311 -6.166918 -12.364489
v 3.667767 -3.463549 -12.529067
v 2.395189 -3.910078 -13.706580
v 3.667767 -3.463549 -12.529067
v 1.004311 -6.166918 -12.364489
v 1.865774 -6.360731 -10.743057
v 1.865774 -6.360731 -10.743057
v 1.004311 -6.166918 -12.364489
v 1.886381 -7.141787 -11.095711
v 1.013597 -6.495058 -12.501767
v 1.886381 -7.141787 -11.095711
v 1.004311 -6.166918 -12.364489
v 3.667767 -8.314241 -14.790982
v 1.907000 -8.060291 -11.512459
v 1.022987 -6.931541 -12.689844
v 3.667767 -8.314241 -14.790982
v 1.022987 -6.931541 -12.689844
v 2.362951 -7.149603 -15.173289
v 1.886381 -7.141787 -11.095711
v 1.022987 -6.931541 -12.689844
v 1.907000 -8.060291 -11.512459
v 1.022987 -6.931541 -12.689844
v 1.886381 -7.141787 -11.095711
v 1.013597 -6.495058 -12.501767
v 3.667767 -3.463549 -12.529067
v 6.072481 -2.479748 -17.290749
v 4.242207 -3.148354 -17.428415
v 3.667767 -3.463549 -12.529067
v 4.242207 -3.148354 -17.428415
v 2.395189 -3.910078 -13.706580
v 3.667767 -8.314241 -14.790982
v 4.117849 -4.776615 -17.917700
v 5.848001 -5.418634 -18.173838
v 4.117849 -4.776615 -17.917700
v 3.667767 -8.314241 -14.790982
v 2.362951 -7.149603 -15.173289
v 3.297045 -8.168768 -15.651113
v 5.120848 -7.429264 -19.265585
v 5.639719 -8.145447 -18.993200
v 5.639719 -8.145447 -18.993200
v 3.667767 -8.726175 -14.983073
v 3.297045 -8.168768 -15.651113
v 3.667767 -8.726175 -14.983073
v 3.667767 -8.314241 -14.790982
v 3.297045 -8.168768 -15.651113
v 3.297045 -8.168768 -15.651113
v 5.848001 -5.418634 -18.173838
v 5.445856 -5.517302 -19.079597
v 5.848001 -5.418634 -18.173838
v 3.297045 -8.168768 -15.651113
v 3.667767 -8.314241 -14.790982
v 12.545546 0.981703 -31.461843
v 13.064238 -0.576878 -31.581888
v 12.198814 -0.529329 -31.413744
v 13.064238 -0.576878 -31.581888
v 12.545546 0.981703 -31.461843
v 13.405535 0.760145 -31.699348
v 12.198814 -0.529329 -31.413744
v 11.908527 -2.713585 -30.069294
v 11.154707 -2.206720 -29.929260
v 11.908527 -2.713585 -30.069294
v 12.198814 -0.529329 -31.413744
v 13.064238 -0.576878 -31.581888
v 12.601271 5.993008 -29.246017
v 11.192760 4.721638 -26.781088
v 11.824379 5.110371 -26.238232
v 11.824379 5.110371 -26.238232
v 13.414944 6.465542 -29.059299
v 12.601271 5.993008 -29.246017
v 13.671602 4.535662 -30.516397
v 12.601271 5.993008 -29.246017
v 13.414944 6.465542 -29.059299
v 12.601271 5.993008 -29.246017
v 13.671602 4.535662 -30.516397
v 12.777489 4.361862 -30.389181
v 6.760366 -20.678020 14.255290
v 9.423672 -23.871847 20.370687
v 7.521999 -20.788643 14.305671
v 10.285881 -23.871849 20.400127
v 7.521999 -20.788643 14.305671
v 9.423672 -23.871847 20.370687
v 6.760366 -20.678020 14.255290
v 7.521999 -20.788643 14.305671
v 7.675196 -21.637421 12.986966
v 0.477413 -16.878902 36.332348
v 1.679670 -16.083176 33.002815
v 1.223846 -16.609169 32.826084
v 1.679670 -16.083176 33.002815
v 0.477413 -16.878902 36.332348
v 0.606693 -16.130436 37.592228
v 1.679670 -16.083176 33.002815
v 1.970293 -15.640390 26.906878
v 1.223846 -16.609169 32.826084
v 1.970293 -15.640390 26.906878
v 1.679670 -16.083176 33.002815
v 2.764267 -13.192095 24.767641
v 3.408030 -23.719036 45.597313
v 4.122721 -26.487700 45.929054
v 3.553844 -26.487700 45.119473
v 3.408030 -23.719036 45.597313
v 3.553844 -26.487700 45.119473
v 2.839146 -23.823988 44.787735
v 2.258789 -14.247485 21.640926
v 1.970293 -15.640390 26.906878
v 2.764267 -13.192095 24.767641
v 2.764267 -13.192095 24.767641
v 3.037437 -12.209576 20.274654
v 2.258789 -14.247485 21.640926
v 2.103626 -14.135425 16.154476
v 2.258789 -14.247485 21.640926
v 3.037437 -12.209576 20.274654
v 3.037437 -12.209576 20.274654
v 3.210037 -11.964177 15.341903
v 2.103626 -14.135425 16.154476
v 3.210037 -11.964177 15.341903
v 3.210043 -13.131413 11.325823
v 2.103626 -14.135425 16.154476
v 4.065781 -26.487677 13.279599
v 7.675196 -21.637421 12.986966
v 8.569214 -26.487680 16.333908
v 7.675196 -21.637421 12.986966
v 4.065781 -26.487677 13.279599
v 4.132864 -21.529331 10.848943
v 3.210043 -13.131413 11.325823
v -0.656200 -16.978859 8.747169
v -0.656200 -13.131413 11.325823
v 2.982321 -20.417553 11.493967
v 4.065781 -26.487677 13.279599
v 2.835234 -26.487680 16.246832
v 4.065781 -26.487677 13.279599
v 2.982321 -20.417553 11.493967
v 4.132864 -21.529331 10.848943
v 4.132864 -21.529331 10.848943
v 6.760366 -20.678020 14.255290
v 7.675196 -21.637421 12.986966
v 6.760366 -20.678020 14.255290
v 4.132864 -21.529331 10.848943
v 2.982321 -20.417553 11.493967
v 10.861059 -26.487684 20.392214
v 8.569214 -26.487680 16.333908
v 7.675196 -21.637421 12.986966
v 4.122721 -26.487700 45.929054
v 3.490034 -26.975491 46.040546
v 3.553844 -26.487700 45.119473
v 3.553844 -26.487700 45.119473
v 3.490034 -26.975491 46.040546
v 3.042711 -26.975492 45.403961
v 4.122721 -26.487700 45.929054
v 0.895842 -26.975496 55.650715
v 3.490034 -26.975491 46.040546
v 0.895842 -26.975496 55.650715
v 4.122721 -26.487700 45.929054
v 1.381340 -26.487705 56.084484
v 10.861059 -26.487684 20.392214
v 8.462980 -26.975470 17.328892
v 8.569214 -26.487680 16.333908
v 8.462980 -26.975470 17.328892
v 10.861059 -26.487684 20.392214
v 10.248663 -26.975473 20.490896
v 8.462980 -26.975470 17.328892
v 5.310925 -26.487684 19.998299
v 8.569214 -26.487680 16.333908
v 5.310925 -26.487684 19.998299
v 8.462980 -26.975470 17.328892
v 5.867571 -26.975471 20.247787
v 10.248663 -26.975473 20.490896
v 8.396595 -26.487694 32.899937
v 7.856869 -26.975481 32.629784
v 8.396595 -26.487694 32.899937
v 10.248663 -26.975473 20.490896
v 10.861059 -26.487684 20.392214
v 5.867571 -26.975471 20.247787
v 4.453548 -26.975481 32.393421
v 3.854744 -26.487692 32.506020
v 3.854744 -26.487692 32.506020
v 5.310925 -26.487684 19.998299
v 5.867571 -26.975471 20.247787
v 5.793098 -26.975483 34.919170
v 7.856869 -26.975481 32.629784
v 8.396595 -26.487694 32.899937
v 8.396595 -26.487694 32.899937
v 5.668621 -26.487694 35.926136
v 5.793098 -26.975483 34.919170
v 0.837029 -3.641617 14.198031
v 0.859322 -6.944553 22.232086
v 1.390375 -4.536554 13.760798
v 1.420771 -7.839491 22.232086
v 1.390375 -4.536554 13.760798
v 0.859322 -6.944553 22.232086
v 1.390375 -1.300337 11.239360
v 0.837029 -3.641617 14.198031
v 1.390375 -4.536554 13.760798
v 0.837029 -0.405401 11.676591
v 0.837029 -3.641617 14.198031
v 1.390375 -1.300337 11.239360
v 1.390375 0.876919 5.383851
v 0.837029 -0.405401 11.676591
v 1.390375 -1.300337 11.239360
v 0.837029 -0.405401 11.676591
v 1.390375 0.876919 5.383851
v 0.837029 1.771854 5.383852
v 5.088865 -21.774599 -3.424570
v 2.647648 -21.774597 -5.865788
v 2.929462 -21.778585 -6.353901
v 2.929462 -21.778585 -6.353901
v 5.576979 -21.778587 -3.706382
v 5.088865 -21.774599 -3.424570
v 5.088865 -21.774605 3.244960
v 2.929462 -21.778593 6.174287
v 2.647648 -21.774605 5.686176
v 2.929462 -21.778593 6.174287
v 5.088865 -21.774605 3.244960
v 5.576979 -21.778591 3.526772
v 5.982412 -21.774601 -0.089805
v 5.576979 -21.778587 -3.706382
v 6.546036 -21.778589 -0.089805
v 5.576979 -21.778587 -3.706382
v 5.982412 -21.774601 -0.089805
v 5.088865 -21.774599 -3.424570
v 7.285534 -18.279091 -4.695239
v 5.576979 -21.778587 -3.706382
v 5.576979 -18.279091 -3.706380
v 2.929462 -21.778585 -6.353901
v 3.915895 -18.279089 -8.064878
v 2.929462 -18.279091 -6.353898
v 2.929462 -21.778593 6.174287
v 3.915895 -18.279100 7.880416
v 2.929462 -18.279099 6.174291
v 1.614397 -18.279087 -8.681562
v 1.121178 -21.778584 -6.838429
v 1.121178 -18.279091 -6.838427
v 2.929462 -18.279091 -6.353898
v 1.614397 -18.279087 -8.681562
v 1.121178 -18.279091 -6.838427
v 1.614397 -18.279087 -8.681562
v 2.929462 -18.279091 -6.353898
v 3.915895 -18.279089 -8.064878
v 4.354778 -6.696301 12.857486
v 4.404959 4.190908 17.209625
v 5.077539 -6.730135 12.996390
v 4.404959 4.190908 17.209625
v 4.354778 -6.696301 12.857486
v 3.672808 4.275242 17.085983
v 4.303772 25.433422 20.861120
v 4.369511 20.628540 22.796795
v 3.720722 20.563885 22.741764
v 4.369511 20.628540 22.796795
v 4.303772 25.433422 20.861120
v 4.997368 25.450706 20.995020
v 3.477161 15.852146 24.689835
v 3.851217 7.362141 21.284821
v 3.179436 7.511318 21.158113
v 3.179436 7.511318 21.158113
v 2.867163 15.937840 24.535242
v 3.477161 15.852146 24.689835
v 3.179436 7.511318 21.158113
v 4.404959 4.190908 17.209625
v 3.672808 4.275242 17.085983
v 4.404959 4.190908 17.209625
v 3.179436 7.511318 21.158113
v 3.851217 7.362141 21.284821
v 3.720722 20.563885 22.741764
v 3.477161 15.852146 24.689835
v 2.867163 15.937840 24.535242
v 3.477161 15.852146 24.689835
v 3.720722 20.563885 22.741764
v 4.369511 20.628540 22.796795
v 0.141155 25.760548 23.546864
v 1.024849 26.715836 23.069227
v 0.735222 26.620285 22.502085
v 1.024849 26.715836 23.069227
v 0.141155 25.760548 23.546864
v 0.411823 25.849056 24.040354
v 1.024849 26.715836 23.069227
v 3.606361 26.774075 23.003969
v 2.483870 26.679741 22.437864
v 1.024849 26.715836 23.069227
v 2.483870 26.679741 22.437864
v 0.735222 26.620285 22.502085
v 2.961014 -6.867052 13.199294
v 3.418007 -6.649311 14.884143
v 2.692467 -6.692844 14.235286
v -6.389938 -6.730135 12.996390
v -5.717361 4.190908 17.209625
v -5.665997 -6.696301 12.857486
v -5.717361 4.190908 17.209625
v -4.985214 4.275242 17.085983
v -5.665997 -6.696301 12.857486
v -5.681915 20.628540 22.796795
v -5.616043 25.433422 20.861120
v -5.032906 20.563885 22.741764
v -5.616043 25.433422 20.861120
v -5.681915 20.628540 22.796795
v -6.309631 25.450706 20.995020
v -4.491844 7.511318 21.158113
v -4.789505 15.852146 24.689835
v -4.179569 15.937840 24.535242
v -4.789505 15.852146 24.689835
v -4.491844 7.511318 21.158113
v -5.163624 7.362141 21.284821
v -4.491844 7.511318 21.158113
v -5.717361 4.190908 17.209625
v -5.163624 7.362141 21.284821
v -5.717361 4.190908 17.209625
v -4.491844 7.511318 21.158113
v -4.985214 4.275242 17.085983
v -4.789505 15.852146 24.689835
v -5.032906 20.563885 22.741764
v -4.179569 15.937840 24.535242
v -5.032906 20.563885 22.741764
v -4.789505 15.852146 24.689835
v -5.681915 20.628540 22.796795
v -2.337257 26.715836 23.069227
v -1.453568 25.760548 23.546864
v -2.047630 26.620285 22.502085
v -1.453568 25.760548 23.546864
v -2.337257 26.715836 23.069227
v -1.724232 25.849056 24.040354
v -2.047630 26.620285 22.502085
v -3.796280 26.679741 22.437864
v -2.337257 26.715836 23.069227
v -4.918770 26.774075 23.003969
v -2.337257 26.715836 23.069227
v -3.796280 26.679741 22.437864
v -4.273090 -6.867052 13.199294
v -4.004875 -6.692844 14.235286
v -4.730412 -6.649311 14.884143
v -7.149010 7.725616 13.755153
v -6.809456 -3.080273 8.643736
v -6.428051 7.810471 13.633657
v -6.809456 -3.080273 8.643736
v -7.149010 7.725616 13.755153
v -7.699760 -3.114298 8.781852
v -5.671032 18.003498 18.644590
v -6.365524 23.491253 16.332785
v -6.266747 17.981361 18.810387
v -7.102978 23.497509 16.458393
v -6.266747 17.981361 18.810387
v -6.365524 23.491253 16.332785
v -6.097382 15.658482 19.601810
v -5.788696 10.408165 17.390852
v -5.484993 15.757446 19.433390
v -5.788696 10.408165 17.390852
v -6.097382 15.658482 19.601810
v -6.459347 10.273838 17.520241
v -6.459347 10.273838 17.520241
v -7.149010 7.725616 13.755153
v -5.788696 10.408165 17.390852
v -5.788696 10.408165 17.390852
v -7.149010 7.725616 13.755153
v -6.428051 7.810471 13.633657
v -6.266747 17.981361 18.810387
v -5.484993 15.757446 19.433390
v -5.671032 18.003498 18.644590
v -5.484993 15.757446 19.433390
v -6.266747 17.981361 18.810387
v -6.097382 15.658482 19.601810
v -4.485867 26.300167 21.278210
v -4.918770 26.774075 23.003969
v -3.796280 26.679741 22.437864
v -4.918770 26.774075 23.003969
v -4.485867 26.300167 21.278210
v -5.847778 26.322319 21.831924
v -7.535130 12.797855 11.791339
v -7.230904 20.942657 15.222215
v -4.938259 12.943840 11.201632
v -4.938259 12.943840 11.201632
v -7.230904 20.942657 15.222215
v -4.866528 20.981693 14.667083
v -5.031822 9.964657 9.949249
v -7.625587 10.002819 10.574167
v -7.535130 12.797855 11.791339
v -5.031822 9.964657 9.949249
v -7.535130 12.797855 11.791339
v -4.938259 12.943840 11.201632
v -8.294819 -0.018896 6.893635
v -7.625587 10.002819 10.574167
v -4.803970 -0.063290 6.240946
v -4.803970 -0.063290 6.240946
v -7.625587 10.002819 10.574167
v -5.031822 9.964657 9.949249
v -0.656200 25.387115 22.231392
v -0.656200 26.300167 21.278210
v -1.715603 25.403275 22.216244
v -1.715603 25.403275 22.216244
v -0.656200 26.300167 21.278210
v -2.633774 26.300167 21.278210
v -2.047630 26.620285 22.502085
v -2.633774 26.300167 21.278210
v -3.796280 26.679741 22.437864
v -3.796280 26.679741 22.437864
v -2.633774 26.300167 21.278210
v -4.485867 26.300167 21.278210
v -0.656200 8.152550 13.952147
v -5.100292 12.386124 13.653914
v -0.656200 12.386120 13.653913
v -5.602833 8.152550 13.952147
v -5.051010 18.754978 15.732440
v -5.100292 12.386124 13.653914
v -4.938259 12.943840 11.201632
v -4.938259 12.943840 11.201632
v -4.866528 20.981693 14.667083
v -5.051010 18.754978 15.732440
v -5.031822 9.964657 9.949249
v -5.100292 12.386124 13.653914
v -5.602833 8.152550 13.952147
v -5.100292 12.386124 13.653914
v -5.031822 9.964657 9.949249
v -4.938259 12.943840 11.201632
v -4.803970 -0.063290 6.240946
v -5.031822 9.964657 9.949249
v -4.997040 0.469978 9.688354
v -4.997040 0.469978 9.688354
v -5.031822 9.964657 9.949249
v -5.602833 8.152550 13.952147
v -4.994900 -1.669676 9.429049
v -4.803970 -0.063290 6.240946
v -4.997040 0.469978 9.688354
v -4.803970 -0.063290 6.240946
v -4.994900 -1.669676 9.429049
v -4.956352 -3.159235 8.126792
v -4.866528 20.981693 14.667083
v -4.734951 22.161018 17.060963
v -5.051010 18.754978 15.732440
v -4.734951 22.161018 17.060963
v -4.866528 20.981693 14.667083
v -4.666538 23.468212 15.872886
v -4.273090 -6.867052 13.199294
v -4.112080 -4.899879 12.587708
v -4.104500 -4.893225 13.269647
v -4.112080 -4.899879 12.587708
v -4.273090 -6.867052 13.199294
v -4.251308 -6.774609 12.343432
v -4.273090 -6.867052 13.199294
v -4.104500 -4.893225 13.269647
v -4.004875 -6.692844 14.235286
v -3.240215 -4.675079 15.989953
v -4.004875 -6.692844 14.235286
v -4.104500 -4.893225 13.269647
v -3.526268 -4.063198 17.518589
v -4.004875 -6.692844 14.235286
v -3.240215 -4.675079 15.989953
v -1.388691 -1.216921 19.420860
v -2.853592 -3.643024 19.519369
v -2.554104 -1.330986 17.818441
v -1.388691 -1.216921 19.420860
v -1.517529 -3.533497 20.680901
v -2.853592 -3.643024 19.519369
v -0.656204 -3.506281 21.165117
v -1.388691 -1.216921 19.420860
v -0.656200 -1.256058 19.938005
v -1.388691 -1.216921 19.420860
v -0.656204 -3.506281 21.165117
v -1.517529 -3.533497 20.680901
v -3.240215 -4.675079 15.989953
v -2.554104 -1.330986 17.818441
v -3.526268 -4.063198 17.518589
v -3.526268 -4.063198 17.518589
v -2.554104 -1.330986 17.818441
v -2.853592 -3.643024 19.519369
v -2.047630 26.620285 22.502085
v -1.715603 25.403275 22.216244
v -2.633774 26.300167 21.278210
v -1.715603 25.403275 22.216244
v -2.047630 26.620285 22.502085
v -1.453568 25.760548 23.546864
v -0.656200 25.387115 22.231392
v -1.453568 25.760548 23.546864
v -0.656208 25.745724 23.563190
v -1.453568 25.760548 23.546864
v -0.656200 25.387115 22.231392
v -1.715603 25.403275 22.216244
v 5.497057 -3.080273 8.643736
v 5.836611 7.725616 13.755153
v 5.115654 7.810471 13.633657
v 5.836611 7.725616 13.755153
v 5.497057 -3.080273 8.643736
v 6.387362 -3.114298 8.781852
v 5.053123 23.491253 16.332785
v 4.954342 17.981361 18.810387
v 5.790575 23.497509 16.458393
v 4.954342 17.981361 18.810387
v 5.053123 23.491253 16.332785
v 4.358631 18.003498 18.644590
v 4.172592 15.757446 19.433390
v 4.476297 10.408165 17.390852
v 4.784979 15.658482 19.601810
v 4.476297 10.408165 17.390852
v 5.146948 10.273838 17.520241
v 4.784979 15.658482 19.601810
v 5.836611 7.725616 13.755153
v 4.476297 10.408165 17.390852
v 5.115654 7.810471 13.633657
v 4.476297 10.408165 17.390852
v 5.836611 7.725616 13.755153
v 5.146948 10.273838 17.520241
v 4.954342 17.981361 18.810387
v 4.172592 15.757446 19.433390
v 4.784979 15.658482 19.601810
v 4.172592 15.757446 19.433390
v 4.954342 17.981361 18.810387
v 4.358631 18.003498 18.644590
v 3.173466 26.300167 21.278210
v 2.483870 26.679741 22.437864
v 3.606361 26.774075 23.003969
v 3.606361 26.774075 23.003969
v 4.535364 26.322319 21.831924
v 3.173466 26.300167 21.278210
v 3.625856 12.943840 11.201632
v 5.918510 20.942657 15.222215
v 6.222734 12.797855 11.791339
v 5.918510 20.942657 15.222215
v 3.625856 12.943840 11.201632
v 3.554131 20.981693 14.667083
v 3.719418 9.964657 9.949249
v 6.222734 12.797855 11.791339
v 6.313187 10.002819 10.574167
v 6.222734 12.797855 11.791339
v 3.719418 9.964657 9.949249
v 3.625856 12.943840 11.201632
v 3.491570 -0.063290 6.240946
v 6.313187 10.002819 10.574167
v 6.982412 -0.018896 6.893635
v 6.313187 10.002819 10.574167
v 3.491570 -0.063290 6.240946
v 3.719418 9.964657 9.949249
v -0.656200 25.387115 22.231392
v 0.403198 25.403275 22.216244
v -0.656200 26.300167 21.278210
v 0.403198 25.403275 22.216244
v 1.321369 26.300167 21.278210
v -0.656200 26.300167 21.278210
v 0.735222 26.620285 22.502085
v 2.483870 26.679741 22.437864
v 1.321369 26.300167 21.278210
v 2.483870 26.679741 22.437864
v 3.173466 26.300167 21.278210
v 1.321369 26.300167 21.278210
v -0.656200 8.152550 13.952147
v 3.787889 12.386124 13.653914
v 4.290424 8.152550 13.952147
v -0.656200 12.386120 13.653913
v 3.738609 18.754978 15.732440
v 3.625856 12.943840 11.201632
v 3.787889 12.386124 13.653914
v 3.554131 20.981693 14.667083
v 3.625856 12.943840 11.201632
v 3.738609 18.754978 15.732440
v 3.719418 9.964657 9.949249
v 3.787889 12.386124 13.653914
v 3.625856 12.943840 11.201632
v 3.787889 12.386124 13.653914
v 3.719418 9.964657 9.949249
v 4.290424 8.152550 13.952147
v 3.719418 9.964657 9.949249
v 3.684641 0.469978 9.688354
v 4.290424 8.152550 13.952147
v 3.684641 0.469978 9.688354
v 3.719418 9.964657 9.949249
v 3.491570 -0.063290 6.240946
v 3.684641 0.469978 9.688354
v 3.491570 -0.063290 6.240946
v 3.682497 -1.669676 9.429049
v 3.491570 -0.063290 6.240946
v 3.643950 -3.159235 8.126792
v 3.682497 -1.669676 9.429049
v 3.554131 20.981693 14.667083
v 3.422546 22.161018 17.060963
v 3.354141 23.468212 15.872886
v 3.422546 22.161018 17.060963
v 3.554131 20.981693 14.667083
v 3.738609 18.754978 15.732440
v 2.961014 -6.867052 13.199294
v 2.799679 -4.899879 12.587708
v 2.938906 -6.774609 12.343432
v 2.799679 -4.899879 12.587708
v 2.961014 -6.867052 13.199294
v 2.792093 -4.893225 13.269647
v 2.961014 -6.867052 13.199294
v 2.692467 -6.692844 14.235286
v 2.792093 -4.893225 13.269647
v 1.927814 -4.675079 15.989953
v 2.792093 -4.893225 13.269647
v 2.692467 -6.692844 14.235286
v 2.692467 -6.692844 14.235286
v 2.213856 -4.063198 17.518589
v 1.927814 -4.675079 15.989953
v 0.076290 -1.216921 19.420860
v 1.541180 -3.643024 19.519369
v 0.205122 -3.533497 20.680901
v 1.241701 -1.330986 17.818441
v 1.541180 -3.643024 19.519369
v 0.076290 -1.216921 19.420860
v -0.656204 -3.506281 21.165117
v 0.076290 -1.216921 19.420860
v 0.205122 -3.533497 20.680901
v 0.076290 -1.216921 19.420860
v -0.656204 -3.506281 21.165117
v -0.656200 -1.256058 19.938005
v 1.241701 -1.330986 17.818441
v 1.927814 -4.675079 15.989953
v 2.213856 -4.063198 17.518589
v 2.213856 -4.063198 17.518589
v 1.541180 -3.643024 19.519369
v 1.241701 -1.330986 17.818441
v 0.403198 25.403275 22.216244
v 0.735222 26.620285 22.502085
v 1.321369 26.300167 21.278210
v 0.735222 26.620285 22.502085
v 0.403198 25.403275 22.216244
v 0.141155 25.760548 23.546864
v 0.141155 25.760548 23.546864
v -0.656200 25.387115 22.231392
v -0.656208 25.745724 23.563190
v -0.656200 25.387115 22.231392
v 0.141155 25.760548 23.546864
v 0.403198 25.403275 22.216244
v -9.440849 -16.523043 -11.348151
v -8.113602 -15.719840 -7.895279
v -6.629425 -15.719839 -9.379455
v -11.566471 -16.523045 -9.222530
v -9.597771 -15.719841 -6.411101
v 8.128450 -16.523043 -11.348151
v 5.317022 -15.719839 -9.379455
v 6.801201 -15.719840 -7.895279
v 10.254072 -16.523045 -9.222530
v 8.285370 -15.719841 -6.411101
v -16.965775 -24.312183 -7.075459
v -15.081818 -26.404852 -5.884824
v -12.327217 -22.188868 -5.008381
v -17.728935 -26.404852 -6.554050
v -15.823387 -17.726631 -15.605072
v -13.226936 -16.581497 -13.008617
v -14.813793 -17.727009 -16.619543
v -16.837860 -17.727009 -14.595474
v -13.226936 -16.581497 -13.008617
v -10.533665 -16.497421 -10.315347
v -12.097404 -16.612682 -14.122898
v -9.440849 -16.523043 -11.348151
v -14.386818 -26.847889 -9.784269
v -16.879383 -26.847885 -12.841859
v -14.138493 -26.404848 -9.894997
v -16.680832 -26.404846 -13.013648
v -6.952118 -8.145447 -18.993200
v -8.687721 -9.223749 -23.263870
v -6.433247 -7.429264 -19.265585
v -8.111034 -8.471651 -23.393997
v -10.472973 4.893429 -20.556540
v -7.154236 1.390728 -16.717968
v -9.752247 4.395559 -20.956831
v -7.703407 1.690170 -16.037756
v -9.752247 4.395559 -20.956831
v -11.546200 3.755199 -23.417156
v -10.472973 4.893429 -20.556540
v -10.808105 3.275742 -23.771162
v -10.808105 3.275742 -23.771162
v -13.136784 5.110371 -26.238232
v -11.546200 3.755199 -23.417156
v -12.505161 4.721638 -26.781088
v -7.703407 1.690170 -16.037756
v -5.111485 -2.475178 -14.086032
v -7.154236 1.390728 -16.717968
v -4.980167 -3.463549 -12.529067
v -4.980167 -3.463549 -12.529067
v -7.384880 -2.479748 -17.290749
v -5.111485 -2.475178 -14.086032
v -7.051243 -1.681595 -17.927027
v -15.084797 2.987574 -31.457096
v -14.089893 4.361862 -30.389181
v -14.184525 2.908510 -31.272316
v -14.984001 4.535662 -30.516397
v -15.023918 2.102100 -31.737839
v -14.184525 2.908510 -31.272316
v -14.135838 2.200489 -31.496798
v -15.084797 2.987574 -31.457096
v -14.717934 0.760145 -31.699348
v -14.135838 2.200489 -31.496798
v -13.857948 0.981703 -31.461843
v -15.023918 2.102100 -31.737839
v -11.598278 -23.871849 20.400127
v -8.834400 -20.788643 14.305671
v -8.987598 -21.637421 12.986966
v -12.173462 -26.487684 20.392214
v -2.419144 -24.097588 53.946434
v -0.656200 -24.072258 54.609280
v -1.837124 -23.871872 53.096268
v -0.656200 -23.871872 53.370079
v -0.656200 -16.828106 36.356083
v -0.656200 -16.570187 32.841492
v -1.789818 -16.878902 36.332348
v -2.536247 -16.609169 32.826084
v -2.536247 -16.609169 32.826084
v -0.656200 -15.639923 26.901949
v -3.282692 -15.640390 26.906878
v -0.656200 -16.570187 32.841492
v -0.656200 -16.922598 37.779583
v -0.656200 -16.828106 36.356083
v -1.442215 -16.848637 37.402184
v -1.789818 -16.878902 36.332348
v -0.656200 -15.639923 26.901949
v -0.656200 -14.208500 21.656328
v -3.282692 -15.640390 26.906878
v -3.571190 -14.247485 21.640926
v -0.656200 -14.208500 21.656328
v -3.416027 -14.135425 16.154476
v -3.571190 -14.247485 21.640926
v -0.656200 -14.103396 16.215097
v -0.656200 -14.103396 16.215097
v -0.656200 -13.131413 11.325823
v -3.416027 -14.135425 16.154476
v -4.522442 -13.131413 11.325823
v -4.147633 -26.487680 16.246832
v -0.656200 -20.417555 11.493971
v -0.656200 -26.487680 16.246832
v -4.294720 -20.417553 11.493967
v -2.208241 -26.975496 55.650715
v -0.656200 -26.487705 56.901268
v -2.693741 -26.487705 56.084484
v -0.656200 -26.975498 56.275784
v -2.416706 -26.975487 40.860210
v -0.656200 -26.487696 40.278435
v -0.656200 -26.975487 40.860210
v -2.801018 -26.487696 40.278435
v -3.985222 -22.679585 11.676576
v -3.985222 -20.583778 5.383836
v -0.656200 -22.679585 11.676576
v -0.656200 -20.583778 5.383836
v -3.985222 -22.679586 14.198018
v -3.985222 -22.679585 11.676576
v -0.656200 -22.679586 14.198018
v -0.656200 -22.679585 11.676576
v -0.656200 -0.405401 11.676591
v -0.656200 1.771854 5.383852
v -2.149429 -0.405401 11.676591
v -2.149429 1.771854 5.383852
v -2.149429 -0.405401 11.676591
v -2.149429 -3.641617 14.198031
v -0.656200 -0.405401 11.676591
v -0.656200 -3.641617 14.198031
v -0.656200 -6.944553 22.232086
v -2.149429 -3.641617 14.198031
v -2.171726 -6.944553 22.232086
v -0.656200 -3.641617 14.198031
v -6.889378 -21.778591 3.526772
v -5.228294 -18.279100 7.880416
v -8.597931 -18.279099 4.510779
v -4.241863 -21.778593 6.174287
v -0.656200 -21.774607 6.579723
v -4.241863 -21.778593 6.174287
v -3.960049 -21.774605 5.686176
v -0.656200 -21.778595 7.143347
v -6.889378 -21.778591 3.526772
v -7.294811 -21.774601 -0.089805
v -6.401268 -21.774605 3.244960
v -7.858437 -21.778589 -0.089805
v -2.926796 -18.279087 -8.681562
v -2.433575 -21.778584 -6.838429
v -4.241863 -21.778585 -6.353901
v -5.228294 -18.279089 -8.064878
v -6.889378 -18.279091 -3.706380
v -4.241863 -18.279091 -6.353898
v -6.889378 -21.778587 -3.706382
v -4.241863 -21.778585 -6.353901
v -0.656200 -21.778595 7.143347
v -4.241863 -18.279099 6.174291
v -4.241863 -21.778593 6.174287
v -0.656200 -18.279099 7.143350
v -4.241863 -14.653677 6.174293
v -0.656200 -14.653677 7.143353
v -4.241863 -18.279099 6.174291
v -6.889378 -14.653676 3.526778
v -6.889378 -18.279099 3.526775
v -7.858437 -14.653673 -0.089800
v -7.858437 -18.279095 -0.089803
v -6.889378 -18.279091 -3.706380
v -6.889378 -14.653670 -3.706377
v -4.241863 -14.653668 -6.353896
v -4.241863 -18.279091 -6.353898
v -2.433575 -14.653668 -6.838425
v -2.433575 -18.279091 -6.838427
v -0.656200 -14.653668 -7.322954
v -0.656200 -18.279089 -7.322957
v -2.433575 -21.778584 -6.838429
v -0.656200 -21.778584 -7.322960
v 13.769421 -26.404852 -5.884824
v 15.653379 -24.312183 -7.075459
v 11.014816 -22.188868 -5.008381
v 16.416536 -26.404852 -6.554050
v 13.501394 -17.727009 -16.619543
v 11.914536 -16.581497 -13.008617
v 14.510990 -17.726631 -15.605072
v 15.525454 -17.727009 -14.595474
v 10.785004 -16.612682 -14.122898
v 8.128450 -16.523043 -11.348151
v 9.221268 -16.497421 -10.315347
v 11.914536 -16.581497 -13.008617
v 15.566980 -26.847885 -12.841859
v 13.074413 -26.847889 -9.784269
v 12.826097 -26.404848 -9.894997
v 15.368439 -26.404846 -13.013648
v 7.375320 -9.223749 -23.263870
v 5.120848 -7.429264 -19.265585
v 6.798632 -8.471651 -23.393997
v 5.639719 -8.145447 -18.993200
v 5.841833 1.390728 -16.717968
v 9.160576 4.893429 -20.556540
v 8.439846 4.395559 -20.956831
v 6.391005 1.690170 -16.037756
v 8.439846 4.395559 -20.956831
v 10.233799 3.755199 -23.417156
v 9.495707 3.275742 -23.771162
v 9.160576 4.893429 -20.556540
v 9.495707 3.275742 -23.771162
v 11.824379 5.110371 -26.238232
v 11.192760 4.721638 -26.781088
v 10.233799 3.755199 -23.417156
v 3.799084 -2.475178 -14.086032
v 6.391005 1.690170 -16.037756
v 5.841833 1.390728 -16.717968
v 3.667767 -3.463549 -12.529067
v 3.799084 -2.475178 -14.086032
v 5.738842 -1.681595 -17.927027
v 6.072481 -2.479748 -17.290749
v 3.667767 -3.463549 -12.529067
v 13.772396 2.987574 -31.457096
v 12.777489 4.361862 -30.389181
v 13.671602 4.535662 -30.516397
v 12.872118 2.908510 -31.272316
v 13.711514 2.102100 -31.737839
v 12.872118 2.908510 -31.272316
v 13.772396 2.987574 -31.457096
v 12.823441 2.200489 -31.496798
v 12.823441 2.200489 -31.496798
v 13.405535 0.760145 -31.699348
v 12.545546 0.981703 -31.461843
v 13.711514 2.102100 -31.737839
v 10.285881 -23.871849 20.400127
v 7.675196 -21.637421 12.986966
v 7.521999 -20.788643 14.305671
v 10.861059 -26.487684 20.392214
v -0.656200 -24.072258 54.609280
v 1.106745 -24.097588 53.946434
v 0.524723 -23.871872 53.096268
v -0.656200 -23.871872 53.370079
v -0.656200 -16.570187 32.841492
v -0.656200 -16.828106 36.356083
v 0.477413 -16.878902 36.332348
v 1.223846 -16.609169 32.826084
v 1.223846 -16.609169 32.826084
v -0.656200 -15.639923 26.901949
v -0.656200 -16.570187 32.841492
v 1.970293 -15.640390 26.906878
v -0.656200 -16.922598 37.779583
v 0.129816 -16.848637 37.402184
v -0.656200 -16.828106 36.356083
v 0.477413 -16.878902 36.332348
v -0.656200 -14.208500 21.656328
v -0.656200 -15.639923 26.901949
v 1.970293 -15.640390 26.906878
v 2.258789 -14.247485 21.640926
v -0.656200 -14.208500 21.656328
v 2.103626 -14.135425 16.154476
v -0.656200 -14.103396 16.215097
v 2.258789 -14.247485 21.640926
v -0.656200 -13.131413 11.325823
v -0.656200 -14.103396 16.215097
v 2.103626 -14.135425 16.154476
v 3.210043 -13.131413 11.325823
v 2.835234 -26.487680 16.246832
v -0.656200 -20.417555 11.493971
v 2.982321 -20.417553 11.493967
v -0.656200 -26.487680 16.246832
v 0.895842 -26.975496 55.650715
v -0.656200 -26.487705 56.901268
v -0.656200 -26.975498 56.275784
v 1.381340 -26.487705 56.084484
v 1.104307 -26.975487 40.860210
v -0.656200 -26.975487 40.860210
v -0.656200 -26.487696 40.278435
v 1.488617 -26.487696 40.278435
v 2.672825 -20.583778 5.383836
v 2.672825 -22.679585 11.676576
v -0.656200 -22.679585 11.676576
v -0.656200 -20.583778 5.383836
v 2.672825 -22.679586 14.198018
v -0.656200 -22.679586 14.198018
v 2.672825 -22.679585 11.676576
v -0.656200 -22.679585 11.676576
v 0.837029 -0.405401 11.676591
v -0.656200 1.771854 5.383852
v -0.656200 -0.405401 11.676591
v 0.837029 1.771854 5.383852
v 0.837029 -3.641617 14.198031
v 0.837029 -0.405401 11.676591
v -0.656200 -0.405401 11.676591
v -0.656200 -3.641617 14.198031
v 0.859322 -6.944553 22.232086
v 0.837029 -3.641617 14.198031
v -0.656200 -6.944553 22.232086
v -0.656200 -3.641617 14.198031
v 3.915895 -18.279100 7.880416
v 5.576979 -21.778591 3.526772
v 7.285534 -18.279099 4.510779
v 2.929462 -21.778593 6.174287
v -0.656200 -21.774607 6.579723
v 2.647648 -21.774605 5.686176
v 2.929462 -21.778593 6.174287
v -0.656200 -21.778595 7.143347
v 5.982412 -21.774601 -0.089805
v 5.576979 -21.778591 3.526772
v 5.088865 -21.774605 3.244960
v 6.546036 -21.778589 -0.089805
v 1.121178 -21.778584 -6.838429
v 1.614397 -18.279087 -8.681562
v 2.929462 -21.778585 -6.353901
v 3.915895 -18.279089 -8.064878
v 5.576979 -18.279091 -3.706380
v 5.576979 -21.778587 -3.706382
v 2.929462 -18.279091 -6.353898
v 2.929462 -21.778585 -6.353901
v 2.929462 -18.279099 6.174291
v -0.656200 -21.778595 7.143347
v 2.929462 -21.778593 6.174287
v -0.656200 -18.279099 7.143350
v 2.929462 -14.653677 6.174293
v -0.656200 -14.653677 7.143353
v 2.929462 -18.279099 6.174291
v 5.576979 -14.653676 3.526778
v 5.576979 -18.279099 3.526775
v 6.546036 -14.653673 -0.089800
v 6.546036 -18.279095 -0.089803
v 5.576979 -18.279091 -3.706380
v 5.576979 -14.653670 -3.706377
v 2.929462 -14.653668 -6.353896
v 2.929462 -18.279091 -6.353898
v 1.121178 -14.653668 -6.838425
v 1.121178 -18.279091 -6.838427
v -0.656200 -14.653668 -7.322954
v -0.656200 -18.279089 -7.322957
v 1.121178 -21.778584 -6.838429
v -0.656200 -21.778584 -7.322960
v -4.104500 -4.893225 13.269647
v -0.656200 -4.899128 12.581265
v -0.656200 -4.893250 13.269624
v -4.112080 -4.899879 12.587708
v -0.656200 12.386120 13.653913
v -5.051010 18.754978 15.732440
v -0.656200 18.754986 15.732440
v -5.100292 12.386124 13.653914
v -0.656200 8.152550 13.952147
v -0.656200 0.469978 9.688354
v -4.997040 0.469978 9.688354
v -5.602833 8.152550 13.952147
v -4.997040 0.469978 9.688354
v -0.656200 0.469978 9.688354
v -4.994900 -1.669676 9.429049
v -0.656200 -1.669676 9.429049
v -0.656200 18.754986 15.732440
v -4.734951 22.161018 17.060963
v -0.656200 22.161018 17.060963
v -5.051010 18.754978 15.732440
v -4.666538 23.468212 15.872886
v -0.656200 22.161018 17.060963
v -4.734951 22.161018 17.060963
v -0.656200 23.468212 15.872886
v 2.792093 -4.893225 13.269647
v -0.656200 -4.899128 12.581265
v 2.799679 -4.899879 12.587708
v -0.656200 -4.893250 13.269624
v -0.656200 12.386120 13.653913
v 3.738609 18.754978 15.732440
v 3.787889 12.386124 13.653914
v -0.656200 18.754986 15.732440
v -0.656200 0.469978 9.688354
v -0.656200 8.152550 13.952147
v 3.684641 0.469978 9.688354
v 4.290424 8.152550 13.952147
v 3.682497 -1.669676 9.429049
v -0.656200 -1.669676 9.429049
v -0.656200 0.469978 9.688354
v 3.684641 0.469978 9.688354
v -0.656200 18.754986 15.732440
v 3.422546 22.161018 17.060963
v 3.738609 18.754978 15.732440
v -0.656200 22.161018 17.060963
v -0.656200 22.161018 17.060963
v 3.354141 23.468212 15.872886
v 3.422546 22.161018 17.060963
v -0.656200 23.468212 15.872886
v -21.607536 -18.119034 -20.403761
v -20.934677 -18.717812 -19.829384
v -21.331844 -18.693596 -20.491310
v -21.665855 -18.133633 -20.865469
v -21.207531 -18.752762 -20.989223
v -21.572327 -18.113731 -21.354010
v -22.666584 -26.847883 -16.990488
v -20.109077 -26.847883 -16.947802
v -23.061806 -26.847885 -14.552528
v -16.879383 -26.847885 -12.841859
v -19.980419 -26.847887 -10.063318
v -14.386818 -26.847889 -9.784269
v -17.548237 -26.847891 -6.770459
v -14.604271 -26.847891 -6.245435
v -11.177338 -21.174646 -4.890714
v -11.577824 -22.003639 -5.128021
v -9.660263 -21.174644 -6.407792
v -10.019951 -22.003637 -6.685893
v -8.143188 -21.174644 -7.924870
v -8.462082 -22.003635 -8.243766
v -6.904209 -22.003635 -9.801637
v -6.626110 -21.174644 -9.441949
v -5.109039 -21.174641 -10.959028
v -5.346336 -22.003633 -11.359509
v -1.789818 -16.878902 36.332348
v -1.919094 -16.130436 37.592228
v -1.442215 -16.848637 37.402184
v -1.389507 -16.148685 38.117538
v -0.656200 -16.922598 37.779583
v -0.656200 -16.123810 38.516560
v 8.020639 -18.009518 -6.501557
v 5.561716 -18.009518 -8.960485
v 4.750196 -18.009518 -8.148970
v 7.209126 -18.009520 -5.690041
v 2.034330 -18.009520 -5.433100
v 4.493259 -18.009521 -2.974171
v 4.493259 -18.009521 -2.974171
v 4.493259 -20.880196 -2.974173
v 7.209126 -18.009520 -5.690041
v 7.249645 -21.880375 -5.730565
v 8.020639 -18.009518 -6.501557
v 9.757557 -21.948160 -8.238477
v 2.034330 -20.880194 -5.433102
v 2.034330 -18.009520 -5.433100
v 4.750196 -18.009518 -8.148970
v 4.790718 -21.880373 -8.189494
v 5.561716 -18.009518 -8.960485
v 7.298632 -21.948158 -10.697406
v 16.235840 -26.847891 -6.770459
v 13.291870 -26.847891 -6.245435
v 13.074413 -26.847889 -9.784269
v 18.668011 -26.847887 -10.063318
v 15.566980 -26.847885 -12.841859
v 21.749401 -26.847885 -14.552528
v 18.796684 -26.847883 -16.947802
v 21.354187 -26.847883 -16.990488
v 2.395189 -3.910078 -13.706580
v 4.242207 -3.148354 -17.428415
v 4.195259 -3.763111 -17.613157
v 2.311432 -5.505814 -14.332916
v 4.117849 -4.776615 -17.917700
v 2.362951 -7.149603 -15.173289
v 0.606693 -16.130436 37.592228
v 0.477413 -16.878902 36.332348
v 0.129816 -16.848637 37.402184
v 0.077106 -16.148685 38.117538
v -0.656200 -16.922598 37.779583
v -0.656200 -16.123810 38.516560
v 8.462980 -26.975470 17.328892
v 10.248663 -26.975473 20.490896
v 5.867571 -26.975471 20.247787
v 7.856869 -26.975481 32.629784
v 4.453548 -26.975481 32.393421
v 5.275640 -26.975481 33.943497
v 5.793098 -26.975483 34.919170
v -0.656200 -23.725481 -4.880589
v -0.656200 -21.774597 -6.759336
v 0.510580 -23.725483 -4.559668
v 0.980268 -21.774597 -6.312561
v 1.708275 -23.725483 -4.238746
v 2.647648 -21.774597 -5.865788
v 5.088865 -21.774599 -3.424570
v 3.461824 -23.725483 -2.485198
v 5.982412 -21.774601 -0.089805
v 4.103672 -23.725485 -0.089807
v 3.461824 -23.725487 2.305584
v 5.088865 -21.774605 3.244960
v 1.708275 -23.725489 4.059131
v 2.647648 -21.774605 5.686176
v -0.656200 -21.774607 6.579723
v -0.656200 -23.725489 4.700975
v 1.774513 -16.597923 29.663761
v 1.774513 -15.705205 24.363411
v 1.774513 -14.545750 28.348324
v 1.774513 -15.336267 24.031811
v 1.774513 -13.037889 26.405312
v 1.774513 -14.956210 23.542145
v 1.774513 -11.860765 24.527496
v 1.774513 -14.659538 23.068916
v 1.774513 -14.456181 22.114202
v 1.774513 -11.053907 22.206648
v -3.086914 -15.705205 24.363411
v -3.086914 -16.597923 29.663761
v -3.086914 -14.545750 28.348324
v -3.086914 -15.336267 24.031811
v -3.086914 -13.037889 26.405312
v -3.086914 -14.956210 23.542145
v -3.086914 -11.860765 24.527496
v -3.086914 -14.659538 23.068916
v -3.086914 -14.456181 22.114202
v -3.086914 -11.053907 22.206648
v -4.826523 25.424953 20.425310
v -4.485867 26.300167 21.278210
v -2.633774 26.300167 21.278210
v -0.656200 25.424953 20.425310
v -0.656200 26.300167 21.278210
v -4.994900 -1.669676 9.429049
v -0.656200 -1.669676 9.429049
v -4.829369 -2.275343 10.021297
v -0.656200 -2.275196 10.020089
v -4.663837 -2.880999 10.613544
v -0.656200 -2.880720 10.611130
v -4.443130 -3.688547 11.403210
v -0.656200 -3.688086 11.399184
v -4.277607 -4.294216 11.995460
v -0.656200 -4.293604 11.990225
v -4.112080 -4.899879 12.587708
v -0.656200 -4.899128 12.581265
v 6.982412 -0.018896 6.893635
v 6.387362 -3.114298 8.781852
v 5.497057 -3.080273 8.643736
v 3.491570 -0.063290 6.240946
v 3.643950 -3.159235 8.126792
v 5.790575 23.497509 16.458393
v 5.918510 20.942657 15.222215
v 5.053123 23.491253 16.332785
v 3.554131 20.981693 14.667083
v 3.354141 23.468212 15.872886
v 4.535364 26.322319 21.831924
v 4.997368 25.450706 20.995020
v 4.303772 25.433422 20.861120
v 3.173466 26.300167 21.278210
v 3.514120 25.424953 20.425310
v -0.656200 25.424953 20.425310
v -0.656200 26.300167 21.278210
v 1.321369 26.300167 21.278210
v 3.514120 25.424953 20.425310
v 3.173466 26.300167 21.278210
v -0.656200 25.424953 20.425310
v 3.514120 25.424953 20.425310
v 3.484125 25.058071 19.571730
v -0.656200 25.058071 19.571730
v 3.454130 24.691177 18.718151
v -0.656200 24.691177 18.718151
v 3.414133 24.201996 17.580050
v -0.656200 24.201996 17.580050
v 3.384136 23.835102 16.726473
v -0.656200 23.835102 16.726473
v 3.354141 23.468212 15.872886
v -0.656200 23.468212 15.872886
v 2.439186 -20.449583 41.762150
v 1.799349 -23.819220 44.969074
v 2.248993 -23.821663 44.978340
v 1.936880 -20.316116 42.218288
v 1.592327 -18.956018 42.180748
v 1.321146 -19.216421 42.405132
v 0.420172 -18.397663 42.638538
v 0.420977 -17.739092 42.561848
v -0.656200 -18.048611 42.781395
v -0.656200 -17.480072 42.597061
v -1.733379 -17.739092 42.561848
v -1.732571 -18.397663 42.638538
v -2.904728 -18.956018 42.180748
v -2.633549 -19.216421 42.405132
v -3.249279 -20.316116 42.218288
v -3.751587 -20.449583 41.762150
v -3.111748 -23.819220 44.969074
v -3.561390 -23.821663 44.978340
v -9.333038 -18.009518 -6.501557
v -6.062595 -18.009518 -8.148970
v -6.874119 -18.009518 -8.960485
v -8.521523 -18.009520 -5.690041
v -3.346729 -18.009520 -5.433100
v -5.805660 -18.009521 -2.974171
v -8.562046 -21.880375 -5.730565
v -9.333038 -18.009518 -6.501557
v -11.069958 -21.948160 -8.238477
v -8.521523 -18.009520 -5.690041
v -5.805660 -20.880196 -2.974173
v -5.805660 -18.009521 -2.974171
v -6.874119 -18.009518 -8.960485
v -6.103115 -21.880373 -8.189494
v -8.611031 -21.948158 -10.697406
v -6.062595 -18.009518 -8.148970
v -3.346729 -20.880194 -5.433102
v -3.346729 -18.009520 -5.433100
v -8.129871 -24.312176 -15.911367
v -6.103134 -26.404846 -14.863504
v -7.872456 -26.404844 -16.160946
v -5.226704 -22.188862 -12.108901
v -5.944466 -22.003633 -12.696587
v -11.460213 -24.312176 -18.334528
v -15.774445 -26.404840 -21.591717
v -15.875923 -24.312176 -21.286474
v -11.229095 -26.404842 -18.565649
v -8.129871 -24.312176 -15.911367
v -7.872456 -26.404844 -16.160946
v -17.593624 -26.404840 -22.768333
v -15.875923 -24.312176 -21.286474
v -15.774445 -26.404840 -21.591717
v -17.631447 -24.276493 -22.345634
v -23.041317 -26.404837 -26.421576
v -23.180332 -24.273869 -25.954153
v -28.605255 -24.236362 -29.780228
v -29.053001 -26.404835 -30.178970
v -29.533710 -24.226231 -29.315401
v -30.047291 -26.404835 -29.828981
v -28.924435 -24.312168 -28.706129
v -28.605255 -24.236362 -29.780228
v -29.533710 -24.226231 -29.315401
v -28.274769 -24.312168 -29.084732
v -23.180332 -24.273869 -25.954153
v -23.525066 -24.272007 -25.798115
v -17.912666 -24.271313 -22.116768
v -17.631447 -24.276493 -22.345634
v -15.875923 -24.312176 -21.286474
v -15.758705 -24.312174 -20.761246
v -11.460213 -24.312176 -18.334528
v -11.725952 -24.312176 -18.068794
v -8.495293 -24.312178 -15.516805
v -8.129871 -24.312176 -15.911367
v -21.207531 -18.752762 -20.989223
v -21.083778 -18.133633 -21.447546
v -21.572327 -18.113731 -21.354010
v -20.709629 -18.693596 -21.113533
v -20.622082 -18.119034 -21.389217
v -20.047695 -18.717810 -20.716370
v -16.965775 -24.312183 -7.075459
v -20.208221 -26.404848 -9.910687
v -17.728935 -26.404852 -6.554050
v -19.388939 -24.312183 -10.405802
v -23.328148 -26.404846 -14.456041
v -22.340885 -24.312180 -14.821518
v -22.986637 -26.404844 -17.375315
v -22.563942 -24.276497 -17.413139
v -26.639885 -26.404840 -22.823008
v -26.172459 -24.273870 -22.962027
v -29.998531 -24.236361 -28.386950
v -30.397274 -26.404835 -28.834707
v -29.533710 -24.226231 -29.315401
v -30.047291 -26.404835 -29.828981
v -29.998531 -24.236361 -28.386950
v -28.924435 -24.312168 -28.706129
v -29.533710 -24.226231 -29.315401
v -29.303047 -24.312168 -28.056465
v -26.172459 -24.273870 -22.962027
v -26.016418 -24.272011 -23.306755
v -22.335079 -24.271317 -17.694365
v -22.563942 -24.276497 -17.413139
v -21.815651 -24.312178 -14.704296
v -22.340885 -24.312180 -14.821518
v -19.388939 -24.312183 -10.405802
v -19.123203 -24.312180 -10.671541
v -16.571217 -24.312183 -7.440877
v -16.965775 -24.312183 -7.075459
v -9.660263 -21.174644 -6.407792
v -9.903969 -19.252684 -4.082678
v -11.177338 -21.174646 -4.890714
v -8.503216 -19.252682 -5.483429
v -8.143188 -21.174644 -7.924870
v -7.102470 -19.252682 -6.884181
v -5.701736 -19.252682 -8.284916
v -6.626110 -21.174644 -9.441949
v -4.301003 -19.252680 -9.685650
v -5.109039 -21.174641 -10.959028
v -5.701736 -19.252682 -8.284916
v -4.301003 -19.252680 -9.685650
v -5.293091 -15.719838 -10.715788
v -6.629425 -15.719839 -9.379455
v -7.102470 -19.252682 -6.884181
v -8.113602 -15.719840 -7.895279
v -9.597771 -15.719841 -6.411101
v -8.503216 -19.252682 -5.483429
v -9.903969 -19.252684 -4.082678
v -10.934109 -15.719841 -5.074770
v -6.970638 -8.079369 -14.258615
v -5.643280 -8.868610 -14.677618
v -5.642536 -8.456518 -14.485869
v -7.557449 -8.361633 -14.446210
v -8.303719 -7.320997 -13.864420
v -9.348606 -7.488857 -13.777119
v -9.368885 -6.810242 -13.465046
v -8.315586 -6.670952 -13.564213
v -5.536732 -3.210688 -12.099032
v -6.966290 -4.117353 -12.447254
v -5.544495 -3.584766 -12.269116
v -7.520988 -3.898508 -12.290236
v -8.414955 -5.228882 -12.953657
v -9.525623 -5.222740 -12.822397
v -9.420792 -5.782045 -12.996773
v -8.349586 -5.637665 -13.090722
v -11.204678 -5.095001 -16.906246
v -8.930077 -6.450531 -14.016329
v -8.968655 -5.590498 -13.627880
v -11.204567 -4.242111 -16.512329
v -11.846653 -5.449127 -18.467146
v -11.824295 -2.773359 -17.170296
v -14.732605 0.666590 -24.356983
v -14.821033 -1.761862 -25.681850
v -15.482750 0.335577 -26.142317
v -15.483826 -0.368450 -26.468637
v -15.981712 1.896374 -31.296640
v -16.042583 2.781837 -31.015900
v -11.546200 3.755199 -23.417156
v -14.362896 4.846998 -25.673431
v -13.268906 3.385168 -22.623619
v -13.136784 5.110371 -26.238232
v -15.244766 6.354404 -28.820965
v -14.727348 6.465542 -29.059299
v -9.314972 -9.358480 -22.974939
v -12.065205 -4.850296 -28.556705
v -8.687721 -9.223749 -23.263870
v -12.990227 -5.048986 -28.130611
v -13.220921 -2.713585 -30.069294
v -14.222271 -2.928671 -29.608038
v -14.376640 -0.576878 -31.581888
v -15.454327 -0.808357 -31.085472
v -14.984001 4.535662 -30.516397
v -15.244766 6.354404 -28.820965
v -14.727348 6.465542 -29.059299
v -16.113747 4.292988 -29.995991
v -15.084797 2.987574 -31.457096
v -16.042583 2.781837 -31.015900
v -16.434166 2.697729 -30.835526
v -3.707588 -3.910078 -13.706580
v -5.507664 -3.763111 -17.613157
v -5.554607 -3.148354 -17.428415
v -3.623833 -5.505814 -14.332916
v -5.430244 -4.776615 -17.917700
v -3.675354 -7.149603 -15.173289
v -12.065205 -4.850296 -28.556705
v -8.111034 -8.471651 -23.393997
v -8.687721 -9.223749 -23.263870
v -11.261894 -4.189922 -28.237629
v -13.220921 -2.713585 -30.069294
v -12.467106 -2.206720 -29.929260
v -3.547455 -6.526550 -6.594202
v -2.525387 -9.016777 -7.261458
v -2.525379 -6.526550 -6.594202
v -3.547459 -9.016777 -7.261458
v -2.525387 -10.839748 -9.084430
v -3.547459 -10.839752 -9.084430
v -3.547459 -11.507000 -11.574655
v -2.525387 -11.507000 -11.574655
v -3.547459 -10.839745 -14.064877
v -2.525387 -10.839745 -14.064877
v -2.525387 -9.016773 -15.887847
v -3.547459 -9.016771 -15.887847
v -3.547455 -6.526543 -16.555101
v -2.525379 -6.526543 -16.555101
v -3.547455 -4.036324 -15.887846
v -2.525379 -4.036324 -15.887842
v -2.525387 -2.213354 -14.064870
v -3.547459 -2.213356 -14.064873
v -3.547459 -1.546101 -11.574647
v -2.525387 -1.546101 -11.574647
v -3.547459 -2.213358 -9.084424
v -2.525387 -2.213356 -9.084424
v -3.547455 -4.036331 -7.261454
v -2.525379 -4.036331 -7.261455
v -3.547455 -6.526550 -6.594202
v -2.525379 -6.526550 -6.594202
v -1.839115 -6.526552 -5.631598
v -1.839115 -9.498081 -6.427818
v -0.656200 -6.526552 -5.631598
v -0.656200 -9.498081 -6.427818
v -1.839115 -11.673388 -8.603128
v -0.656200 -11.673388 -8.603128
v -1.839115 -12.469602 -11.574656
v -0.656200 -12.469602 -11.574656
v -1.839115 -11.673384 -14.546180
v -0.656200 -11.673384 -14.546180
v -1.839115 -9.498075 -16.721485
v -0.656200 -9.498075 -16.721485
v -1.839115 -6.526543 -17.517704
v -0.656200 -6.526543 -17.517704
v -1.839115 -3.555016 -16.721483
v -0.656200 -3.555016 -16.721483
v -1.839115 -1.379711 -14.546172
v -0.656200 -1.379711 -14.546172
v -1.839115 -0.583498 -11.574646
v -0.656200 -0.583498 -11.574646
v -1.839115 -1.379717 -8.603121
v -0.656200 -1.379717 -8.603121
v -1.839115 -3.555025 -6.427814
v -0.656200 -3.555025 -6.427814
v -1.839115 -6.526552 -5.631598
v -0.656200 -6.526552 -5.631598
v -9.518333 -18.065025 -0.308896
v -9.518333 -17.140785 -3.758194
v -7.788147 -18.065025 -0.308896
v -7.788147 -17.140785 -3.758194
v -9.518333 -14.615723 -6.283255
v -7.788147 -14.615723 -6.283255
v -9.518333 -11.166420 -7.207489
v -7.788147 -11.166420 -7.207489
v -9.518333 -7.717119 -6.283250
v -7.788147 -7.717119 -6.283250
v -9.518333 -5.192064 -3.758186
v -7.788147 -5.192064 -3.758186
v -9.518333 -4.267828 -0.308886
v -7.788147 -4.267828 -0.308886
v -9.518333 -5.192070 3.140414
v -7.788147 -5.192070 3.140414
v -9.518333 -7.717129 5.665474
v -7.788147 -7.717129 5.665474
v -9.518333 -11.166430 6.589708
v -7.788147 -11.166430 6.589708
v -9.518333 -14.615730 5.665469
v -7.788147 -14.615730 5.665469
v -9.518333 -17.140789 3.140404
v -7.788147 -17.140789 3.140404
v -9.518333 -18.065025 -0.308896
v -7.788147 -18.065025 -0.308896
v -5.286526 -18.766642 4.079087
v -6.840252 -19.942394 -0.308897
v -5.286526 -19.942394 -0.308897
v -6.840252 -18.766642 4.079087
v -5.286526 -15.554416 7.291319
v -6.840252 -15.554416 7.291319
v -5.286526 -11.166430 8.467080
v -6.840252 -11.166430 8.467080
v -5.286526 -6.778446 7.291325
v -6.840252 -6.778446 7.291325
v -5.286526 -3.566216 4.079098
v -6.840252 -3.566216 4.079098
v -5.286526 -2.390453 -0.308888
v -6.840252 -2.390453 -0.308888
v -5.286526 -3.566210 -4.696869
v -6.840252 -3.566210 -4.696869
v -6.840252 -6.778439 -7.909101
v -5.286522 -6.778439 -7.909101
v -5.286526 -11.166417 -9.084860
v -6.840252 -11.166417 -9.084860
v -5.286526 -15.554406 -7.909105
v -6.840252 -15.554406 -7.909105
v -5.286526 -18.766636 -4.696880
v -6.840252 -18.766636 -4.696880
v -5.286526 -19.942394 -0.308897
v -6.840252 -19.942394 -0.308897
v -0.656200 -22.057423 -0.308898
v -3.873901 -20.535763 5.100490
v -3.873901 -21.985195 -0.308898
v -0.656200 -20.598309 5.136600
v -3.873901 -16.575817 9.060436
v -0.656200 -16.611931 9.122985
v -0.656200 -11.166430 10.582107
v -3.873901 -11.166432 10.509881
v -3.873901 -5.757044 9.060445
v -0.656200 -5.720934 9.122996
v -0.656200 -1.734550 5.136616
v -3.873901 -1.797098 5.100501
v -0.656200 -0.275427 -0.308883
v -3.873901 -0.347651 -0.308887
v -3.873901 -1.797092 -5.718273
v -0.656200 -1.734539 -5.754382
v -0.656200 -5.720924 -9.740768
v -3.873901 -5.757030 -9.678217
v -0.656200 -11.166416 -11.199889
v -3.873901 -11.166416 -11.127663
v -3.873901 -16.575806 -9.678225
v -0.656200 -16.611919 -9.740774
v -3.873901 -20.535753 -5.718283
v -0.656200 -20.598303 -5.754396
v -0.656200 -22.057423 -0.308898
v -3.873901 -21.985195 -0.308898
v -9.229664 -23.871859 32.694107
v -11.598278 -23.871849 20.400127
v -12.173462 -26.487684 20.392214
v -9.708996 -26.487694 32.899937
v -6.438286 -23.827261 35.537357
v -6.981022 -26.487694 35.926136
v -4.151543 -23.823988 44.787735
v -4.866245 -26.487700 45.119473
v -9.775379 -26.975470 17.328892
v -7.179970 -26.975471 20.247787
v -11.561066 -26.975473 20.490896
v -9.169270 -26.975481 32.629784
v -5.765949 -26.975481 32.393421
v -6.588039 -26.975481 33.943497
v -7.105499 -26.975483 34.919170
v -4.522442 -13.131413 11.325823
v -3.926903 -16.978859 8.747169
v -7.228455 -15.767996 9.539315
v -7.273296 -13.131413 11.325823
v -0.656200 -20.417555 11.493971
v -4.201080 -19.381315 10.849710
v -0.656200 -19.381315 10.849710
v -4.294720 -20.417553 11.493967
v -7.776863 -19.381317 13.267873
v -8.072765 -20.678020 14.255290
v -2.416706 -26.975487 40.860210
v -3.833630 -26.487698 42.698952
v -2.801018 -26.487696 40.278435
v -3.298523 -26.975489 42.927231
v -4.866245 -26.487700 45.119473
v -4.355114 -26.975492 45.403961
v -2.733170 -7.839491 22.232086
v -0.656200 -6.944553 22.232086
v -2.171726 -6.944553 22.232086
v -0.656200 -15.068632 22.232084
v -3.985222 -15.068632 22.232084
v -1.822983 -23.725483 -4.559668
v -0.656200 -21.774597 -6.759336
v -0.656200 -23.725481 -4.880589
v -2.292667 -21.774597 -6.312561
v -3.020676 -23.725483 -4.238746
v -3.960049 -21.774597 -5.865788
v -6.401268 -21.774599 -3.424570
v -4.774223 -23.725483 -2.485198
v -7.294811 -21.774601 -0.089805
v -5.416073 -23.725485 -0.089807
v -4.774223 -23.725487 2.305584
v -6.401268 -21.774605 3.244960
v -3.020676 -23.725489 4.059131
v -3.960049 -21.774605 5.686176
v -0.656200 -21.774607 6.579723
v -0.656200 -23.725489 4.700975
v -0.656200 -23.725489 4.700975
v -3.020676 -23.725489 4.059131
v -0.656200 -22.883696 3.611303
v -2.475845 -22.883696 3.115447
v -4.774223 -23.725487 2.305584
v -3.830536 -22.883694 1.760748
v -4.326397 -22.883694 -0.089806
v -5.416073 -23.725485 -0.089807
v -4.774223 -23.725483 -2.485198
v -3.830536 -22.883692 -1.940361
v -2.475845 -22.883690 -3.295060
v -3.020676 -23.725483 -4.238746
v -1.822983 -23.725483 -4.559668
v -1.550564 -22.883690 -3.542988
v -0.656200 -22.883690 -3.790915
v -0.656200 -23.725481 -4.880589
v -9.831295 -18.279095 -0.092230
v -6.889378 -18.279091 -3.706380
v -8.597931 -18.279091 -4.695239
v -7.858437 -18.279095 -0.089803
v -8.597931 -18.279099 4.510779
v -6.889378 -18.279099 3.526775
v -5.228294 -18.279100 7.880416
v -4.241863 -18.279099 6.174291
v 4.790737 -26.404846 -14.863504
v 6.817472 -24.312176 -15.911367
v 6.560057 -26.404844 -16.160946
v 3.914303 -22.188862 -12.108901
v 4.632067 -22.003633 -12.696587
v 14.462049 -26.404840 -21.591717
v 10.147814 -24.312176 -18.334528
v 14.563528 -24.312176 -21.286474
v 9.916697 -26.404842 -18.565649
v 6.817472 -24.312176 -15.911367
v 6.560057 -26.404844 -16.160946
v 14.563528 -24.312176 -21.286474
v 16.281219 -26.404840 -22.768333
v 14.462049 -26.404840 -21.591717
v 16.319050 -24.276493 -22.345634
v 21.728914 -26.404837 -26.421576
v 21.867935 -24.273869 -25.954153
v 27.292856 -24.236362 -29.780228
v 27.740608 -26.404835 -30.178970
v 28.221310 -24.226231 -29.315401
v 28.734888 -26.404835 -29.828981
v 27.292856 -24.236362 -29.780228
v 27.612041 -24.312168 -28.706129
v 28.221310 -24.226231 -29.315401
v 26.962362 -24.312168 -29.084732
v 21.867935 -24.273869 -25.954153
v 22.212666 -24.272007 -25.798115
v 16.600269 -24.271313 -22.116768
v 16.319050 -24.276493 -22.345634
v 14.563528 -24.312176 -21.286474
v 14.446310 -24.312174 -20.761246
v 10.147814 -24.312176 -18.334528
v 10.413553 -24.312176 -18.068794
v 7.182894 -24.312178 -15.516805
v 6.817472 -24.312176 -15.911367
v 19.771378 -18.133633 -21.447546
v 19.895130 -18.752762 -20.989223
v 20.259924 -18.113731 -21.354010
v 19.397223 -18.693596 -21.113533
v 19.309681 -18.119034 -21.389217
v 18.735294 -18.717810 -20.716370
v 18.895821 -26.404848 -9.910687
v 15.653379 -24.312183 -7.075459
v 16.416536 -26.404852 -6.554050
v 18.076538 -24.312183 -10.405802
v 22.015743 -26.404846 -14.456041
v 21.028486 -24.312180 -14.821518
v 21.674238 -26.404844 -17.375315
v 21.251545 -24.276497 -17.413139
v 25.327480 -26.404840 -22.823008
v 24.860062 -24.273870 -22.962027
v 28.686132 -24.236361 -28.386950
v 29.084877 -26.404835 -28.834707
v 28.221310 -24.226231 -29.315401
v 28.734888 -26.404835 -29.828981
v 19.895130 -18.752762 -20.989223
v 20.353455 -18.133633 -20.865469
v 20.259924 -18.113731 -21.354010
v 20.019444 -18.693596 -20.491310
v 20.295130 -18.119034 -20.403761
v 19.622282 -18.717812 -19.829384
v 27.612041 -24.312168 -28.706129
v 28.686132 -24.236361 -28.386950
v 28.221310 -24.226231 -29.315401
v 27.990643 -24.312168 -28.056465
v 24.860062 -24.273870 -22.962027
v 24.704023 -24.272011 -23.306755
v 21.022675 -24.271317 -17.694365
v 21.251545 -24.276497 -17.413139
v 20.503250 -24.312178 -14.704296
v 21.028486 -24.312180 -14.821518
v 18.076538 -24.312183 -10.405802
v 17.810801 -24.312180 -10.671541
v 15.258814 -24.312183 -7.440877
v 15.653379 -24.312183 -7.075459
v 8.591568 -19.252684 -4.082678
v 8.347864 -21.174644 -6.407792
v 9.864937 -21.174646 -4.890714
v 7.190815 -19.252682 -5.483429
v 6.830786 -21.174644 -7.924870
v 5.790068 -19.252682 -6.884181
v 4.389336 -19.252682 -8.284916
v 5.313711 -21.174644 -9.441949
v 2.988602 -19.252680 -9.685650
v 3.796640 -21.174641 -10.959028
v 9.864937 -21.174646 -4.890714
v 8.347864 -21.174644 -6.407792
v 10.265423 -22.003639 -5.128021
v 8.707552 -22.003637 -6.685893
v 6.830786 -21.174644 -7.924870
v 7.149679 -22.003635 -8.243766
v 5.591810 -22.003635 -9.801637
v 5.313711 -21.174644 -9.441949
v 3.796640 -21.174641 -10.959028
v 4.033937 -22.003633 -11.359509
v 4.389336 -19.252682 -8.284916
v 3.980686 -15.719838 -10.715788
v 2.988602 -19.252680 -9.685650
v 5.317022 -15.719839 -9.379455
v 5.790068 -19.252682 -6.884181
v 6.801201 -15.719840 -7.895279
v 8.285370 -15.719841 -6.411101
v 7.190815 -19.252682 -5.483429
v 8.591568 -19.252684 -4.082678
v 9.621706 -15.719841 -5.074770
v 4.330881 -8.868610 -14.677618
v 5.658237 -8.079369 -14.258615
v 4.330137 -8.456518 -14.485869
v 6.245054 -8.361633 -14.446210
v 6.991318 -7.320997 -13.864420
v 8.036205 -7.488857 -13.777119
v 8.056488 -6.810242 -13.465046
v 7.003189 -6.670952 -13.564213
v 5.653887 -4.117353 -12.447254
v 4.224331 -3.210688 -12.099032
v 4.232096 -3.584766 -12.269116
v 6.208588 -3.898508 -12.290236
v 7.102556 -5.228882 -12.953657
v 8.213219 -5.222740 -12.822397
v 8.108389 -5.782045 -12.996773
v 7.037188 -5.637665 -13.090722
v 9.892279 -5.095001 -16.906246
v 7.656254 -5.590498 -13.627880
v 7.617678 -6.450531 -14.016329
v 9.892168 -4.242111 -16.512329
v 10.534254 -5.449127 -18.467146
v 10.511896 -2.773359 -17.170296
v 13.420210 0.666590 -24.356983
v 13.508633 -1.761862 -25.681850
v 14.170349 0.335577 -26.142317
v 14.171427 -0.368450 -26.468637
v 14.669315 1.896374 -31.296640
v 14.730185 2.781837 -31.015900
v 13.050499 4.846998 -25.673431
v 10.233799 3.755199 -23.417156
v 11.956505 3.385168 -22.623619
v 11.824379 5.110371 -26.238232
v 13.932362 6.354404 -28.820965
v 13.414944 6.465542 -29.059299
v 10.752800 -4.850296 -28.556705
v 8.002569 -9.358480 -22.974939
v 7.375320 -9.223749 -23.263870
v 11.677826 -5.048986 -28.130611
v 11.908527 -2.713585 -30.069294
v 12.909874 -2.928671 -29.608038
v 13.064238 -0.576878 -31.581888
v 14.141922 -0.808357 -31.085472
v 13.932362 6.354404 -28.820965
v 13.671602 4.535662 -30.516397
v 13.414944 6.465542 -29.059299
v 14.801352 4.292988 -29.995991
v 13.772396 2.987574 -31.457096
v 14.730185 2.781837 -31.015900
v 15.121767 2.697729 -30.835526
v 10.752800 -4.850296 -28.556705
v 7.375320 -9.223749 -23.263870
v 6.798632 -8.471651 -23.393997
v 9.949493 -4.189922 -28.237629
v 11.908527 -2.713585 -30.069294
v 11.154707 -2.206720 -29.929260
v 1.212986 -9.016777 -7.261458
v 2.235056 -6.526550 -6.594202
v 1.212980 -6.526550 -6.594202
v 2.235058 -9.016777 -7.261458
v 1.212986 -10.839748 -9.084430
v 2.235058 -10.839752 -9.084430
v 2.235058 -11.507000 -11.574655
v 1.212986 -11.507000 -11.574655
v 2.235058 -10.839745 -14.064877
v 1.212986 -10.839745 -14.064877
v 1.212986 -9.016773 -15.887847
v 2.235058 -9.016771 -15.887847
v 2.235056 -6.526543 -16.555101
v 1.212980 -6.526543 -16.555101
v 2.235056 -4.036324 -15.887846
v 1.212980 -4.036324 -15.887842
v 1.212986 -2.213354 -14.064870
v 2.235058 -2.213356 -14.064873
v 2.235058 -1.546101 -11.574647
v 1.212986 -1.546101 -11.574647
v 2.235058 -2.213358 -9.084424
v 1.212986 -2.213356 -9.084424
v 2.235056 -4.036331 -7.261454
v 1.212980 -4.036331 -7.261455
v 2.235056 -6.526550 -6.594202
v 1.212980 -6.526550 -6.594202
v -0.656200 -6.526552 -5.631598
v 0.526714 -9.498081 -6.427818
v 0.526714 -6.526552 -5.631598
v -0.656200 -9.498081 -6.427818
v 0.526714 -11.673388 -8.603128
v -0.656200 -11.673388 -8.603128
v 0.526714 -12.469602 -11.574656
v -0.656200 -12.469602 -11.574656
v 0.526714 -11.673384 -14.546180
v -0.656200 -11.673384 -14.546180
v 0.526714 -9.498075 -16.721485
v -0.656200 -9.498075 -16.721485
v 0.526714 -6.526543 -17.517704
v -0.656200 -6.526543 -17.517704
v 0.526714 -3.555016 -16.721483
v -0.656200 -3.555016 -16.721483
v 0.526714 -1.379711 -14.546172
v -0.656200 -1.379711 -14.546172
v 0.526714 -0.583498 -11.574646
v -0.656200 -0.583498 -11.574646
v 0.526714 -1.379717 -8.603121
v -0.656200 -1.379717 -8.603121
v 0.526714 -3.555025 -6.427814
v -0.656200 -3.555025 -6.427814
v 0.526714 -6.526552 -5.631598
v -0.656200 -6.526552 -5.631598
v 6.475746 -18.065025 -0.308896
v 8.205936 -17.140785 -3.758194
v 8.205936 -18.065025 -0.308896
v 6.475746 -17.140785 -3.758194
v 8.205936 -14.615723 -6.283255
v 6.475746 -14.615723 -6.283255
v 8.205936 -11.166420 -7.207489
v 6.475746 -11.166420 -7.207489
v 8.205936 -7.717119 -6.283250
v 6.475746 -7.717119 -6.283250
v 8.205936 -5.192064 -3.758186
v 6.475746 -5.192064 -3.758186
v 8.205936 -4.267828 -0.308886
v 6.475746 -4.267828 -0.308886
v 8.205936 -5.192070 3.140414
v 6.475746 -5.192070 3.140414
v 8.205936 -7.717129 5.665474
v 6.475746 -7.717129 5.665474
v 8.205936 -11.166430 6.589708
v 6.475746 -11.166430 6.589708
v 8.205936 -14.615730 5.665469
v 6.475746 -14.615730 5.665469
v 8.205936 -17.140789 3.140404
v 6.475746 -17.140789 3.140404
v 8.205936 -18.065025 -0.308896
v 6.475746 -18.065025 -0.308896
v 5.527855 -19.942394 -0.308897
v 3.974125 -18.766642 4.079087
v 3.974125 -19.942394 -0.308897
v 5.527855 -18.766642 4.079087
v 3.974125 -15.554416 7.291319
v 5.527855 -15.554416 7.291319
v 3.974125 -11.166430 8.467080
v 5.527855 -11.166430 8.467080
v 3.974125 -6.778446 7.291325
v 5.527855 -6.778446 7.291325
v 3.974125 -3.566216 4.079098
v 5.527855 -3.566216 4.079098
v 3.974125 -2.390453 -0.308888
v 5.527855 -2.390453 -0.308888
v 3.974125 -3.566210 -4.696869
v 5.527855 -3.566210 -4.696869
v 5.527855 -6.778439 -7.909101
v 3.974121 -6.778439 -7.909101
v 3.974125 -11.166417 -9.084860
v 5.527855 -11.166417 -9.084860
v 3.974125 -15.554406 -7.909105
v 5.527855 -15.554406 -7.909105
v 3.974125 -18.766636 -4.696880
v 5.527855 -18.766636 -4.696880
v 3.974125 -19.942394 -0.308897
v 5.527855 -19.942394 -0.308897
v 2.561499 -20.535763 5.100490
v -0.656200 -22.057423 -0.308898
v 2.561499 -21.985195 -0.308898
v -0.656200 -20.598309 5.136600
v 2.561499 -16.575817 9.060436
v -0.656200 -16.611931 9.122985
v -0.656200 -11.166430 10.582107
v 2.561499 -11.166432 10.509881
v 2.561499 -5.757044 9.060445
v -0.656200 -5.720934 9.122996
v -0.656200 -1.734550 5.136616
v 2.561499 -1.797098 5.100501
v -0.656200 -0.275427 -0.308883
v 2.561499 -0.347651 -0.308887
v 2.561499 -1.797092 -5.718273
v -0.656200 -1.734539 -5.754382
v -0.656200 -5.720924 -9.740768
v 2.561499 -5.757030 -9.678217
v -0.656200 -11.166416 -11.199889
v 2.561499 -11.166416 -11.127663
v 2.561499 -16.575806 -9.678225
v -0.656200 -16.611919 -9.740774
v 2.561499 -20.535753 -5.718283
v -0.656200 -20.598303 -5.754396
v -0.656200 -22.057423 -0.308898
v 2.561499 -21.985195 -0.308898
v 7.917265 -23.871859 32.694107
v 10.861059 -26.487684 20.392214
v 10.285881 -23.871849 20.400127
v 8.396595 -26.487694 32.899937
v 5.125885 -23.827261 35.537357
v 5.668621 -26.487694 35.926136
v 2.839146 -23.823988 44.787735
v 3.553844 -26.487700 45.119473
v 3.210043 -13.131413 11.325823
v 2.614504 -16.978859 8.747169
v 5.916056 -15.767996 9.539315
v 5.960896 -13.131413 11.325823
v 2.888680 -19.381315 10.849710
v -0.656200 -20.417555 11.493971
v -0.656200 -19.381315 10.849710
v 2.982321 -20.417553 11.493967
v 6.464466 -19.381317 13.267873
v 6.760366 -20.678020 14.255290
v 2.521231 -26.487698 42.698952
v 1.104307 -26.975487 40.860210
v 1.488617 -26.487696 40.278435
v 1.986122 -26.975489 42.927231
v 3.553844 -26.487700 45.119473
v 3.042711 -26.975492 45.403961
v 1.420771 -7.839491 22.232086
v -0.656200 -15.068632 22.232084
v 2.672825 -15.068632 22.232084
v -0.656200 -6.944553 22.232086
v 0.859322 -6.944553 22.232086
v 1.708275 -23.725489 4.059131
v -0.656200 -23.725489 4.700975
v -0.656200 -22.883696 3.611303
v 1.163445 -22.883696 3.115447
v 3.461824 -23.725487 2.305584
v 2.518137 -22.883694 1.760748
v 3.013998 -22.883694 -0.089806
v 4.103672 -23.725485 -0.089807
v 3.461824 -23.725483 -2.485198
v 2.518137 -22.883692 -1.940361
v 1.163445 -22.883690 -3.295060
v 1.708275 -23.725483 -4.238746
v 0.510580 -23.725483 -4.559668
v 0.238167 -22.883690 -3.542988
v -0.656200 -22.883690 -3.790915
v -0.656200 -23.725481 -4.880589
v 5.576979 -18.279091 -3.706380
v 8.518896 -18.279095 -0.092230
v 7.285534 -18.279091 -4.695239
v 6.546036 -18.279095 -0.089803
v 7.285534 -18.279099 4.510779
v 5.576979 -18.279099 3.526775
v 3.915895 -18.279100 7.880416
v 2.929462 -18.279099 6.174291
v 3.854937 24.496639 24.165403
v 4.997368 25.450706 20.995020
v 4.535364 26.322319 21.831924
v 4.369511 20.628540 22.796795
v 3.030003 22.556709 26.219200
v 3.477161 15.852146 24.689835
v 2.068375 21.073387 27.786823
v 2.273077 14.866619 26.116886
v 0.532104 19.532337 29.415127
v 3.851217 7.362141 21.284821
v 0.480284 13.506172 27.646843
v -0.656200 19.119652 29.843266
v 2.419674 6.337120 23.301426
v -0.656200 13.149906 28.112516
v 0.682596 5.453812 25.001387
v -1.792694 13.506172 27.646843
v -1.844505 19.532337 29.415127
v -0.656200 5.150429 25.717653
v -3.585484 14.866619 26.116886
v -3.380775 21.073387 27.786823
v -1.994999 5.453812 25.001387
v -4.789505 15.852146 24.689835
v -4.341915 22.556709 26.219200
v -5.681915 20.628540 22.796795
v -5.161591 24.496639 24.165403
v -6.309631 25.450706 20.995020
v -5.847778 26.322319 21.831924
v -5.163624 7.362141 21.284821
v -3.732075 6.337120 23.301426
v -3.904037 -2.849968 20.569424
v -2.290939 -2.670536 22.454523
v -3.863953 -2.851578 20.642157
v -5.267735 -3.404436 17.909178
v -5.717361 4.190908 17.209625
v -6.389938 -6.730135 12.996390
v -6.093487 -6.822943 13.850671
v -4.730412 -6.649311 14.884143
v -4.225864 -4.261400 18.173658
v -3.321007 -3.857622 20.202539
v -1.998550 -3.739784 21.279219
v -0.656200 -3.703028 22.166422
v -0.656200 -2.689972 23.344749
v 0.978533 -2.670536 22.454523
v 0.686146 -3.739784 21.279219
v 2.551546 -2.851578 20.642157
v 2.008604 -3.857622 20.202539
v 2.591639 -2.849968 20.569424
v 3.955336 -3.404436 17.909178
v 2.913467 -4.261400 18.173658
v 4.404959 4.190908 17.209625
v 3.418007 -6.649311 14.884143
v 5.077539 -6.730135 12.996390
v 4.781084 -6.822943 13.850671
v 2.213856 -4.063198 17.518589
v 2.692467 -6.692844 14.235286
v 3.418007 -6.649311 14.884143
v 2.913467 -4.261400 18.173658
v 1.541180 -3.643024 19.519369
v 2.008604 -3.857622 20.202539
v 0.205122 -3.533497 20.680901
v 0.686146 -3.739784 21.279219
v -0.656204 -3.506281 21.165117
v -0.656200 -3.703028 22.166422
v -1.998550 -3.739784 21.279219
v -1.517529 -3.533497 20.680901
v -3.321007 -3.857622 20.202539
v -2.853592 -3.643024 19.519369
v -4.225864 -4.261400 18.173658
v -3.526268 -4.063198 17.518589
v -4.730412 -6.649311 14.884143
v -4.004875 -6.692844 14.235286
v -6.809456 -3.080273 8.643736
v -4.803970 -0.063290 6.240946
v -4.956352 -3.159235 8.126792
v -8.294819 -0.018896 6.893635
v -7.699760 -3.114298 8.781852
v -5.616043 25.433422 20.861120
v -4.485867 26.300167 21.278210
v -4.826523 25.424953 20.425310
v -5.847778 26.322319 21.831924
v -6.309631 25.450706 20.995020
v -7.102978 23.497509 16.458393
v -6.365524 23.491253 16.332785
v -7.230904 20.942657 15.222215
v -4.866528 20.981693 14.667083
v -4.666538 23.468212 15.872886
v -0.656200 -4.893250 13.269624
v -3.240215 -4.675079 15.989953
v -4.104500 -4.893225 13.269647
v -0.656200 -4.675079 15.989953
v -2.554104 -1.330986 17.818441
v -0.656200 -1.313387 17.790745
v -1.388691 -1.216921 19.420860
v -0.656200 -1.256058 19.938005
v -4.829369 -2.275343 10.021297
v -4.956352 -3.159235 8.126792
v -4.994900 -1.669676 9.429049
v -4.824158 -3.837118 8.917412
v -4.663837 -2.880999 10.613544
v -4.691959 -4.514996 9.708030
v -4.443130 -3.688547 11.403210
v -4.515697 -5.418840 10.762194
v -4.277607 -4.294216 11.995460
v -4.383503 -6.096725 11.552814
v -4.112080 -4.899879 12.587708
v -4.251308 -6.774609 12.343432
v -4.824158 -3.837118 8.917412
v -6.809456 -3.080273 8.643736
v -4.956352 -3.159235 8.126792
v -6.595055 -3.758278 9.433815
v -4.691959 -4.514996 9.708030
v -6.380657 -4.436277 10.223893
v -4.515697 -5.418840 10.762194
v -6.094791 -5.340290 11.277333
v -4.383503 -6.096725 11.552814
v -5.880390 -6.018297 12.067407
v -4.251308 -6.774609 12.343432
v -5.665997 -6.696301 12.857486
v -6.365524 23.491253 16.332785
v -4.696537 23.835102 16.726473
v -4.666538 23.468212 15.872886
v -6.224998 23.855404 17.181850
v -4.726532 24.201996 17.580050
v -6.084469 24.219563 18.030909
v -4.766533 24.691177 18.718151
v -5.897099 24.705105 19.162996
v -4.796528 25.058071 19.571730
v -5.756569 25.069263 20.012060
v -4.826523 25.424953 20.425310
v -5.616043 25.433422 20.861120
v -4.666538 23.468212 15.872886
v -0.656200 23.835102 16.726473
v -0.656200 23.468212 15.872886
v -4.696537 23.835102 16.726473
v -0.656200 24.201996 17.580050
v -4.726532 24.201996 17.580050
v -0.656200 24.691177 18.718151
v -4.766533 24.691177 18.718151
v -0.656200 25.058071 19.571730
v -4.796528 25.058071 19.571730
v -0.656200 25.424953 20.425310
v -4.826523 25.424953 20.425310
v 1.927814 -4.675079 15.989953
v -0.656200 -4.893250 13.269624
v 2.792093 -4.893225 13.269647
v -0.656200 -4.675079 15.989953
v 1.241701 -1.330986 17.818441
v -0.656200 -1.313387 17.790745
v 0.076290 -1.216921 19.420860
v -0.656200 -1.256058 19.938005
v 3.516968 -2.275343 10.021297
v -0.656200 -1.669676 9.429049
v 3.682497 -1.669676 9.429049
v -0.656200 -2.275196 10.020089
v 3.351437 -2.880999 10.613544
v -0.656200 -2.880720 10.611130
v 3.130730 -3.688547 11.403210
v -0.656200 -3.688086 11.399184
v 2.965202 -4.294216 11.995460
v -0.656200 -4.293604 11.990225
v 2.799679 -4.899879 12.587708
v -0.656200 -4.899128 12.581265
v 3.643950 -3.159235 8.126792
v 3.516968 -2.275343 10.021297
v 3.682497 -1.669676 9.429049
v 3.511755 -3.837118 8.917412
v 3.351437 -2.880999 10.613544
v 3.379557 -4.514996 9.708030
v 3.130730 -3.688547 11.403210
v 3.203297 -5.418840 10.762194
v 2.965202 -4.294216 11.995460
v 3.071100 -6.096725 11.552814
v 2.799679 -4.899879 12.587708
v 2.938906 -6.774609 12.343432
v 5.497057 -3.080273 8.643736
v 3.511755 -3.837118 8.917412
v 3.643950 -3.159235 8.126792
v 5.282654 -3.758278 9.433815
v 3.379557 -4.514996 9.708030
v 5.068256 -4.436277 10.223893
v 3.203297 -5.418840 10.762194
v 4.782391 -5.340290 11.277333
v 3.071100 -6.096725 11.552814
v 4.567995 -6.018297 12.067407
v 2.938906 -6.774609 12.343432
v 4.354778 -6.696301 12.857486
v 3.384136 23.835102 16.726473
v 5.053123 23.491253 16.332785
v 3.354141 23.468212 15.872886
v 4.912598 23.855404 17.181850
v 3.414133 24.201996 17.580050
v 4.772070 24.219563 18.030909
v 3.454130 24.691177 18.718151
v 4.584700 24.705105 19.162996
v 3.484125 25.058071 19.571730
v 4.444168 25.069263 20.012060
v 3.514120 25.424953 20.425310
v 4.303772 25.433422 20.861120
v -20.047695 -18.717810 -20.716370
v -18.763306 -18.470840 -18.544996
v -18.027916 -18.502026 -19.265127
v -20.502949 -18.677170 -20.284630
v -20.934677 -18.717812 -19.829384
v -19.483437 -18.502026 -17.809607
v -18.027916 -18.502026 -19.265127
v -16.732635 -18.159855 -16.514330
v -15.693836 -18.181154 -17.490601
v -18.763306 -18.470840 -18.544996
v -19.483437 -18.502026 -17.809607
v -17.708908 -18.181156 -15.475508
v -15.693836 -18.181154 -17.490601
v -15.823387 -17.726631 -15.605072
v -14.813793 -17.727009 -16.619543
v -16.732635 -18.159855 -16.514330
v -17.708908 -18.181156 -15.475508
v -16.837860 -17.727009 -14.595474
v -20.709629 -18.693596 -21.113533
v -20.502949 -18.677170 -20.284630
v -20.047695 -18.717810 -20.716370
v -21.207531 -18.752762 -20.989223
v -21.331844 -18.693596 -20.491310
v -20.934677 -18.717812 -19.829384
v -12.294079 -26.404850 -8.042812
v -11.577824 -22.003639 -5.128021
v -14.310562 -26.404852 -6.026332
v -10.019951 -22.003637 -6.685893
v -8.462082 -22.003635 -8.243766
v -10.277603 -26.404848 -10.059290
v -8.261124 -26.404848 -12.075766
v -6.904209 -22.003635 -9.801637
v -5.346336 -22.003633 -11.359509
v -6.244648 -26.404846 -14.092243
v -9.525623 -5.222740 -12.822397
v -11.840218 -4.326935 -16.118383
v -9.420792 -5.782045 -12.996773
v -12.484531 -2.832922 -16.820469
v -11.941154 -1.832666 -16.412479
v -7.520988 -3.898508 -12.290236
v -15.419041 0.629309 -24.053587
v -8.330631 1.555437 -15.748831
v -5.536732 -3.210688 -12.099032
v -14.844723 1.639664 -23.497318
v -10.461796 -0.027328 -15.874935
v -11.007267 4.778662 -20.310429
v -13.268906 3.385168 -22.623619
v -15.561802 2.503807 -25.631845
v -15.867157 0.367985 -25.998062
v -16.434166 2.697729 -30.835526
v -14.362896 4.846998 -25.673431
v -16.113747 4.292988 -29.995991
v -15.244766 6.354404 -28.820965
v -15.454327 -0.808357 -31.085472
v -14.717934 0.760145 -31.699348
v -14.376640 -0.576878 -31.581888
v -15.943855 0.496817 -31.134647
v -15.981712 1.896374 -31.296640
v -15.023918 2.102100 -31.737839
v -16.373283 1.812262 -31.116270
v -4.609444 -8.168768 -15.651113
v -6.433247 -7.429264 -19.265585
v -6.758255 -5.517302 -19.079597
v -8.111034 -8.471651 -23.393997
v -8.991165 -1.671926 -22.133934
v -6.904552 -3.602049 -18.504091
v -11.261894 -4.189922 -28.237629
v -7.051243 -1.681595 -17.927027
v -7.154236 1.390728 -16.717968
v -5.111485 -2.475178 -14.086032
v -9.752247 4.395559 -20.956831
v -10.808105 3.275742 -23.771162
v -11.133892 0.210346 -25.907854
v -12.467106 -2.206720 -29.929260
v -12.505161 4.721638 -26.781088
v -12.543304 1.448454 -28.390230
v -13.511208 -0.529329 -31.413744
v -13.857948 0.981703 -31.461843
v -14.135838 2.200489 -31.496798
v -14.184525 2.908510 -31.272316
v -14.089893 4.361862 -30.389181
v -13.913673 5.993008 -29.246017
v -5.554607 -3.148354 -17.428415
v -7.278713 -3.869717 -17.708412
v -7.384880 -2.479748 -17.290749
v -5.507664 -3.763111 -17.613157
v -5.430244 -4.776615 -17.917700
v -7.160400 -5.418634 -18.173838
v -6.758255 -5.517302 -19.079597
v -6.904552 -3.602049 -18.504091
v -7.160400 -5.418634 -18.173838
v -7.278713 -3.869717 -17.708412
v -7.384880 -2.479748 -17.290749
v -7.051243 -1.681595 -17.927027
v -8.748825 -23.871857 32.045132
v -10.736069 -23.871847 20.370687
v -11.598278 -23.871849 20.400127
v -9.229664 -23.871859 32.694107
v -6.438286 -23.827261 35.537357
v -5.837151 -23.820782 35.590248
v -4.151543 -23.823988 44.787735
v -3.561390 -23.821663 44.978340
v -1.837124 -23.871872 53.096268
v -3.111748 -23.819220 44.969074
v -2.419144 -24.097588 53.946434
v -4.720428 -23.719036 45.597313
v -2.419144 -24.097588 53.946434
v -4.720428 -23.719036 45.597313
v -5.435120 -26.487700 45.929054
v -2.693741 -26.487705 56.084484
v -0.656200 -26.487705 56.901268
v -0.656200 -24.072258 54.609280
v -9.881615 -26.487680 16.333908
v -5.378178 -26.487677 13.279599
v -6.623325 -26.487684 19.998299
v -4.147633 -26.487680 16.246832
v -0.656200 -26.487684 19.998299
v -0.656200 -26.487680 16.246832
v -5.167145 -26.487692 32.506020
v -0.656200 -26.487692 32.506020
v -3.803165 -26.487694 35.926136
v -0.656200 -26.487694 35.926136
v -6.074089 -26.487692 34.216076
v -2.801018 -26.487696 40.278435
v -0.656200 -26.487696 40.278435
v -5.622429 -26.487694 35.926136
v -6.981022 -26.487694 35.926136
v -3.833630 -26.487698 42.698952
v -4.866245 -26.487700 45.119473
v -0.656200 -19.381315 10.849710
v -3.926903 -16.978859 8.747169
v -0.656200 -16.978859 8.747169
v -4.201080 -19.381315 10.849710
v -7.776863 -19.381317 13.267873
v -7.228455 -15.767996 9.539315
v -7.105499 -26.975483 34.919170
v -6.074089 -26.487692 34.216076
v -6.981022 -26.487694 35.926136
v -6.588039 -26.975481 33.943497
v -5.765949 -26.975481 32.393421
v -5.167145 -26.487692 32.506020
v -2.733170 -7.839491 22.232086
v -3.985222 -15.068625 14.198022
v -3.985222 -15.068632 22.232084
v -2.702774 -4.536554 13.760798
v -3.985222 -15.068624 11.676580
v -3.985222 -22.679586 14.198018
v -3.985222 -22.679585 11.676576
v -3.985222 -20.583778 5.383836
v -2.702774 -1.300337 11.239360
v -3.985222 -14.378500 5.383841
v -2.702774 0.876919 5.383851
v -8.597931 -18.279099 4.510779
v -9.831295 -18.279095 -0.092230
v -6.889378 -21.778591 3.526772
v -7.858437 -21.778589 -0.089805
v -6.889378 -21.778587 -3.706382
v -8.597931 -18.279091 -4.695239
v -0.656200 -21.774597 -6.759336
v -2.433575 -21.778584 -6.838429
v -0.656200 -21.778584 -7.322960
v -2.292667 -21.774597 -6.312561
v -3.960049 -21.774597 -5.865788
v -4.241863 -21.778585 -6.353901
v 18.735294 -18.717810 -20.716370
v 16.715521 -18.502026 -19.265127
v 17.450905 -18.470840 -18.544996
v 19.190544 -18.677170 -20.284630
v 19.622282 -18.717812 -19.829384
v 18.171040 -18.502026 -17.809607
v 16.715521 -18.502026 -19.265127
v 14.381433 -18.181154 -17.490601
v 15.420240 -18.159855 -16.514330
v 17.450905 -18.470840 -18.544996
v 18.171040 -18.502026 -17.809607
v 16.396515 -18.181156 -15.475508
v 13.501394 -17.727009 -16.619543
v 14.510990 -17.726631 -15.605072
v 14.381433 -18.181154 -17.490601
v 15.420240 -18.159855 -16.514330
v 16.396515 -18.181156 -15.475508
v 15.525454 -17.727009 -14.595474
v 19.397223 -18.693596 -21.113533
v 18.735294 -18.717810 -20.716370
v 19.190544 -18.677170 -20.284630
v 19.895130 -18.752762 -20.989223
v 20.019444 -18.693596 -20.491310
v 19.622282 -18.717812 -19.829384
v 10.265423 -22.003639 -5.128021
v 10.981678 -26.404850 -8.042812
v 12.998161 -26.404852 -6.026332
v 8.707552 -22.003637 -6.685893
v 7.149679 -22.003635 -8.243766
v 8.965204 -26.404848 -10.059290
v 6.948725 -26.404848 -12.075766
v 5.591810 -22.003635 -9.801637
v 4.033937 -22.003633 -11.359509
v 4.932251 -26.404846 -14.092243
v 8.108389 -5.782045 -12.996773
v 10.527813 -4.326935 -16.118383
v 8.213219 -5.222740 -12.822397
v 11.172132 -2.832922 -16.820469
v 10.628754 -1.832666 -16.412479
v 6.208588 -3.898508 -12.290236
v 14.106640 0.629309 -24.053587
v 7.018230 1.555437 -15.748831
v 4.224331 -3.210688 -12.099032
v 13.532326 1.639664 -23.497318
v 9.149395 -0.027328 -15.874935
v 9.694864 4.778662 -20.310429
v 11.956505 3.385168 -22.623619
v 14.249395 2.503807 -25.631845
v 14.554754 0.367985 -25.998062
v 15.121767 2.697729 -30.835526
v 13.050499 4.846998 -25.673431
v 14.801352 4.292988 -29.995991
v 13.932362 6.354404 -28.820965
v 13.405535 0.760145 -31.699348
v 14.141922 -0.808357 -31.085472
v 13.064238 -0.576878 -31.581888
v 14.631458 0.496817 -31.134647
v 14.669315 1.896374 -31.296640
v 13.711514 2.102100 -31.737839
v 15.060883 1.812262 -31.116270
v 3.297045 -8.168768 -15.651113
v 5.445856 -5.517302 -19.079597
v 5.120848 -7.429264 -19.265585
v 6.798632 -8.471651 -23.393997
v 7.678766 -1.671926 -22.133934
v 5.592152 -3.602049 -18.504091
v 9.949493 -4.189922 -28.237629
v 5.738842 -1.681595 -17.927027
v 5.841833 1.390728 -16.717968
v 3.799084 -2.475178 -14.086032
v 8.439846 4.395559 -20.956831
v 9.495707 3.275742 -23.771162
v 9.821493 0.210346 -25.907854
v 11.154707 -2.206720 -29.929260
v 11.192760 4.721638 -26.781088
v 11.230906 1.448454 -28.390230
v 12.198814 -0.529329 -31.413744
v 12.545546 0.981703 -31.461843
v 12.823441 2.200489 -31.496798
v 12.872118 2.908510 -31.272316
v 12.777489 4.361862 -30.389181
v 12.601271 5.993008 -29.246017
v 5.966311 -3.869717 -17.708412
v 4.242207 -3.148354 -17.428415
v 6.072481 -2.479748 -17.290749
v 4.195259 -3.763111 -17.613157
v 4.117849 -4.776615 -17.917700
v 5.848001 -5.418634 -18.173838
v 5.848001 -5.418634 -18.173838
v 5.592152 -3.602049 -18.504091
v 5.445856 -5.517302 -19.079597
v 5.966311 -3.869717 -17.708412
v 6.072481 -2.479748 -17.290749
v 5.738842 -1.681595 -17.927027
v 7.436424 -23.871857 32.045132
v 10.285881 -23.871849 20.400127
v 9.423672 -23.871847 20.370687
v 7.917265 -23.871859 32.694107
v 5.125885 -23.827261 35.537357
v 4.524752 -23.820782 35.590248
v 2.839146 -23.823988 44.787735
v 2.248993 -23.821663 44.978340
v 0.524723 -23.871872 53.096268
v 1.799349 -23.819220 44.969074
v 1.106745 -24.097588 53.946434
v 3.408030 -23.719036 45.597313
v 1.106745 -24.097588 53.946434
v 4.122721 -26.487700 45.929054
v 3.408030 -23.719036 45.597313
v 1.381340 -26.487705 56.084484
v -0.656200 -26.487705 56.901268
v -0.656200 -24.072258 54.609280
v 8.569214 -26.487680 16.333908
v 5.310925 -26.487684 19.998299
v 4.065781 -26.487677 13.279599
v 2.835234 -26.487680 16.246832
v -0.656200 -26.487684 19.998299
v -0.656200 -26.487680 16.246832
v 3.854744 -26.487692 32.506020
v -0.656200 -26.487692 32.506020
v 2.490761 -26.487694 35.926136
v -0.656200 -26.487694 35.926136
v 4.761684 -26.487692 34.216076
v 1.488617 -26.487696 40.278435
v -0.656200 -26.487696 40.278435
v 4.310028 -26.487694 35.926136
v 5.668621 -26.487694 35.926136
v 2.521231 -26.487698 42.698952
v 3.553844 -26.487700 45.119473
v 2.614504 -16.978859 8.747169
v -0.656200 -19.381315 10.849710
v -0.656200 -16.978859 8.747169
v 2.888680 -19.381315 10.849710
v 6.464466 -19.381317 13.267873
v 5.916056 -15.767996 9.539315
v 4.761684 -26.487692 34.216076
v 5.793098 -26.975483 34.919170
v 5.668621 -26.487694 35.926136
v 5.275640 -26.975481 33.943497
v 4.453548 -26.975481 32.393421
v 3.854744 -26.487692 32.506020
v 1.420771 -7.839491 22.232086
v 2.672825 -15.068632 22.232084
v 2.672825 -15.068625 14.198022
v 1.390375 -4.536554 13.760798
v 2.672825 -15.068624 11.676580
v 2.672825 -22.679586 14.198018
v 2.672825 -22.679585 11.676576
v 2.672825 -20.583778 5.383836
v 1.390375 -1.300337 11.239360
v 2.672825 -14.378500 5.383841
v 1.390375 0.876919 5.383851
v 7.285534 -18.279099 4.510779
v 5.576979 -21.778591 3.526772
v 8.518896 -18.279095 -0.092230
v 6.546036 -21.778589 -0.089805
v 5.576979 -21.778587 -3.706382
v 7.285534 -18.279091 -4.695239
v 1.121178 -21.778584 -6.838429
v -0.656200 -21.774597 -6.759336
v -0.656200 -21.778584 -7.322960
v 0.980268 -21.774597 -6.312561
v 2.647648 -21.774597 -5.865788
v 2.929462 -21.778585 -6.353901
v 3.606361 26.774075 23.003969
v 3.854937 24.496639 24.165403
v 4.535364 26.322319 21.831924
v 3.208059 25.359814 24.588501
v 2.505419 23.456528 26.720907
v 3.030003 22.556709 26.219200
v 1.559031 22.034321 28.314327
v 2.068375 21.073387 27.786823
v 0.465630 20.952927 29.526947
v 0.532104 19.532337 29.415127
v -0.656200 20.705956 29.802612
v -0.656200 19.119652 29.843266
v -1.844505 19.532337 29.415127
v -1.778038 20.952927 29.526947
v -3.380775 21.073387 27.786823
v -2.871433 22.034321 28.314327
v -4.341915 22.556709 26.219200
v -3.817822 23.456528 26.720907
v -5.161591 24.496639 24.165403
v -4.513863 25.359814 24.588501
v -4.918770 26.774075 23.003969
v -5.847778 26.322319 21.831924
v 0.141155 25.760548 23.546864
v -0.656208 25.821373 24.071379
v 0.411823 25.849056 24.040354
v -0.656208 25.745724 23.563190
v -1.453568 25.760548 23.546864
v -1.724232 25.849056 24.040354
v -7.149010 7.725616 13.755153
v -8.294819 -0.018896 6.893635
v -7.699760 -3.114298 8.781852
v -7.625587 10.002819 10.574167
v -6.956646 11.341866 15.023812
v -6.459347 10.273838 17.520241
v -7.535130 12.797855 11.791339
v -6.097382 15.658482 19.601810
v -6.641106 17.468746 18.183424
v -7.230904 20.942657 15.222215
v -6.266747 17.981361 18.810387
v -7.102978 23.497509 16.458393
v 6.982412 -0.018896 6.893635
v 5.836611 7.725616 13.755153
v 6.387362 -3.114298 8.781852
v 6.313187 10.002819 10.574167
v 5.644243 11.341866 15.023812
v 5.146948 10.273838 17.520241
v 6.222734 12.797855 11.791339
v 4.784979 15.658482 19.601810
v 5.328703 17.468746 18.183424
v 5.918510 20.942657 15.222215
v 4.954342 17.981361 18.810387
v 5.790575 23.497509 16.458393
v 1.321146 -19.216421 42.405132
v 1.799349 -23.819220 44.969074
v 1.936880 -20.316116 42.218288
v 0.524715 -21.286968 49.881092
v 0.420172 -18.397663 42.638538
v 0.524723 -23.871872 53.096268
v -0.656200 -18.048611 42.781395
v -0.656200 -21.071789 49.771065
v -0.656200 -23.871872 53.370079
v -1.837124 -23.871872 53.096268
v -1.837116 -21.286968 49.881092
v -1.732571 -18.397663 42.638538
v -3.111748 -23.819220 44.969074
v -2.633549 -19.216421 42.405132
v -3.249279 -20.316116 42.218288
v -6.401756 -21.757120 -12.507156
v -5.109039 -21.174641 -10.959028
v -5.346336 -22.003633 -11.359509
v -7.043880 -17.557335 -13.050778
v -4.301003 -19.252680 -9.685650
v -5.293091 -15.719838 -10.715788
v -7.662968 -14.786051 -12.321628
v -8.417538 -19.420176 -14.658691
v -8.875824 -16.228010 -13.834087
v -10.743774 -15.005602 -14.092957
v -6.401756 -21.757120 -12.507156
v -8.495293 -24.312178 -15.516805
v -10.637188 -17.339081 -15.631710
v -12.644436 -21.629787 -18.214952
v -11.725952 -24.312176 -18.068794
v -12.917137 -15.833920 -16.098133
v -11.124599 -14.982362 -13.743163
v -13.452557 -15.768373 -15.863047
v -13.562904 -18.947397 -18.361116
v -14.957691 -17.644733 -18.080898
v -15.465809 -17.494144 -17.686092
v -16.232071 -19.839815 -20.367857
v -17.287891 -18.558382 -20.053127
v -17.941795 -18.081230 -19.526197
v -20.622082 -18.119034 -21.389217
v -15.877045 -23.194084 -20.662897
v -15.758705 -24.312174 -20.761246
v -17.912666 -24.271313 -22.116768
v -18.295361 -20.661469 -21.829082
v -21.852432 -21.574345 -24.286871
v -23.525066 -24.272007 -25.798115
v -19.315266 -19.272198 -21.765583
v -26.683338 -22.244249 -27.493298
v -28.274769 -24.312168 -29.084732
v -22.418919 -20.379492 -24.134769
v -23.104515 -19.405952 -23.826448
v -21.083778 -18.133633 -21.447546
v -21.572327 -18.113731 -21.354010
v -27.143017 -22.072105 -26.924706
v -28.924435 -24.312168 -28.706129
v -29.303047 -24.312168 -28.056465
v -23.592060 -19.198738 -23.373751
v -24.044746 -19.405952 -22.886208
v -21.665855 -18.133633 -20.865469
v -27.711605 -22.244251 -26.465044
v -26.016418 -24.272011 -23.306755
v -21.607536 -18.119034 -20.403761
v -24.505184 -21.574347 -21.634127
v -22.335079 -24.271317 -17.694365
v -24.353077 -20.379494 -22.200607
v -22.047398 -20.661470 -18.077040
v -20.753639 -21.243504 -15.319535
v -21.983879 -19.272200 -19.096947
v -20.271439 -18.558384 -17.069590
v -19.744511 -18.081230 -17.723486
v -17.904408 -17.494146 -15.247495
v -20.586170 -19.839819 -16.013767
v -18.299202 -17.644737 -14.739372
v -16.081352 -15.768376 -13.234233
v -18.579430 -18.947399 -13.344597
v -18.396309 -20.424961 -11.853157
v -16.316444 -15.833921 -12.698820
v -13.961475 -14.982363 -10.906280
v -14.311268 -15.005603 -10.525451
v -15.850018 -17.339085 -10.418874
v -14.877007 -19.420181 -8.199218
v -14.052410 -16.228014 -8.657497
v -12.539951 -14.786053 -7.444641
v -13.269096 -17.557339 -6.825562
v -10.934109 -15.719841 -5.074770
v -9.903969 -19.252684 -4.082678
v -12.725475 -21.757126 -6.183435
v -11.177338 -21.174646 -4.890714
v -11.577824 -22.003639 -5.128021
v -2.208241 -26.975496 55.650715
v -0.656200 -26.975496 55.638569
v -0.656200 -26.975498 56.275784
v -2.209534 -26.975496 54.987747
v -4.802433 -26.975491 46.040546
v -0.656200 -26.975491 45.119473
v -4.355114 -26.975492 45.403961
v -2.416706 -26.975487 40.860210
v -0.656200 -26.975487 40.860210
v -2.745773 -26.975491 45.119473
v -3.298523 -26.975489 42.927231
v 5.089354 -21.757120 -12.507156
v 4.033937 -22.003633 -11.359509
v 3.796640 -21.174641 -10.959028
v 5.731480 -17.557335 -13.050778
v 2.988602 -19.252680 -9.685650
v 3.980686 -15.719838 -10.715788
v 6.350567 -14.786051 -12.321628
v 7.105137 -19.420176 -14.658691
v 7.563421 -16.228010 -13.834087
v 9.431374 -15.005602 -14.092957
v 7.182894 -24.312178 -15.516805
v 5.089354 -21.757120 -12.507156
v 9.324787 -17.339081 -15.631710
v 11.332037 -21.629787 -18.214952
v 10.413553 -24.312176 -18.068794
v 11.604738 -15.833920 -16.098133
v 9.812201 -14.982362 -13.743163
v 12.140156 -15.768373 -15.863047
v 12.250505 -18.947397 -18.361116
v 13.645290 -17.644733 -18.080898
v 14.153408 -17.494144 -17.686092
v 14.919678 -19.839815 -20.367857
v 14.564648 -23.194084 -20.662897
v 14.446310 -24.312174 -20.761246
v 16.600269 -24.271313 -22.116768
v 15.975494 -18.558382 -20.053127
v 16.629398 -18.081230 -19.526197
v 16.982960 -20.661469 -21.829082
v 19.309681 -18.119034 -21.389217
v 20.540035 -21.574345 -24.286871
v 22.212666 -24.272007 -25.798115
v 18.002861 -19.272198 -21.765583
v 25.370943 -22.244249 -27.493298
v 26.962362 -24.312168 -29.084732
v 21.106522 -20.379492 -24.134769
v 25.830618 -22.072105 -26.924706
v 27.612041 -24.312168 -28.706129
v 21.792110 -19.405952 -23.826448
v 19.771378 -18.133633 -21.447546
v 27.990643 -24.312168 -28.056465
v 20.259924 -18.113731 -21.354010
v 26.399208 -22.244251 -26.465044
v 24.704023 -24.272011 -23.306755
v 22.279661 -19.198738 -23.373751
v 22.732349 -19.405952 -22.886208
v 20.353455 -18.133633 -20.865469
v 20.295130 -18.119034 -20.403761
v 23.040672 -20.379494 -22.200607
v 23.192783 -21.574347 -21.634127
v 21.022675 -24.271317 -17.694365
v 20.671484 -19.272200 -19.096947
v 20.734997 -20.661470 -18.077040
v 19.441238 -21.243504 -15.319535
v 18.959038 -18.558384 -17.069590
v 18.432114 -18.081230 -17.723486
v 16.592007 -17.494146 -15.247495
v 19.273769 -19.839819 -16.013767
v 16.986805 -17.644737 -14.739372
v 14.768957 -15.768376 -13.234233
v 17.267033 -18.947399 -13.344597
v 17.083904 -20.424961 -11.853157
v 15.004049 -15.833921 -12.698820
v 12.649078 -14.982363 -10.906280
v 12.998871 -15.005603 -10.525451
v 14.537622 -17.339085 -10.418874
v 13.564606 -19.420181 -8.199218
v 12.740007 -16.228014 -8.657497
v 11.227552 -14.786053 -7.444641
v 11.956696 -17.557339 -6.825562
v 9.621706 -15.719841 -5.074770
v 8.591568 -19.252684 -4.082678
v 11.413076 -21.757126 -6.183435
v 9.864937 -21.174646 -4.890714
v 10.265423 -22.003639 -5.128021
v 0.895842 -26.975496 55.650715
v -0.656200 -26.975498 56.275784
v -0.656200 -26.975496 55.638569
v 0.897131 -26.975496 54.987747
v 3.490034 -26.975491 46.040546
v -0.656200 -26.975491 45.119473
v 3.042711 -26.975492 45.403961
v 1.104307 -26.975487 40.860210
v -0.656200 -26.975487 40.860210
v 1.433372 -26.975491 45.119473
v 1.986122 -26.975489 42.927231
v 1.024849 26.715836 23.069227
v 3.208059 25.359814 24.588501
v 3.606361 26.774075 23.003969
v 0.665081 25.372528 24.574253
v 2.505419 23.456528 26.720907
v 0.411823 25.849056 24.040354
v 0.793509 23.456539 26.720892
v 1.559031 22.034321 28.314327
v -0.656208 25.373894 24.572720
v -0.656208 25.821373 24.071379
v -1.724232 25.849056 24.040354
v 0.772062 22.428890 27.872257
v 0.465630 20.952927 29.526947
v -0.656200 23.456532 26.720892
v -0.656200 22.429081 27.872044
v -0.656200 20.705956 29.802612
v -1.778038 20.952927 29.526947
v -2.084461 22.428890 27.872257
v -2.871433 22.034321 28.314327
v -2.105911 23.456539 26.720892
v -3.817822 23.456528 26.720907
v -1.977734 25.372528 24.574253
v -4.513863 25.359814 24.588501
v -2.337257 26.715836 23.069227
v -4.918770 26.774075 23.003969
v 4.781084 -6.822943 13.850671
v 3.418007 -6.649311 14.884143
v 2.961014 -6.867052 13.199294
v 4.354778 -6.696301 12.857486
v 5.077539 -6.730135 12.996390
v 2.938906 -6.774609 12.343432
v -6.093487 -6.822943 13.850671
v -4.273090 -6.867052 13.199294
v -4.730412 -6.649311 14.884143
v -5.665997 -6.696301 12.857486
v -4.251308 -6.774609 12.343432
v -6.389938 -6.730135 12.996390
v -0.656200 -22.883690 -3.790915
v -0.656200 -22.883694 -0.089806
v -1.550564 -22.883690 -3.542988
v -2.475845 -22.883690 -3.295060
v -3.830536 -22.883692 -1.940361
v -4.326397 -22.883694 -0.089806
v -3.830536 -22.883694 1.760748
v -2.475845 -22.883696 3.115447
v -0.656200 -22.883696 3.611303
v 1.163445 -22.883696 3.115447
v -0.656200 -22.883696 3.611303
v -0.656200 -22.883694 -0.089806
v 2.518137 -22.883694 1.760748
v 3.013998 -22.883694 -0.089806
v 2.518137 -22.883692 -1.940361
v 1.163445 -22.883690 -3.295060
v 0.238167 -22.883690 -3.542988
v -0.656200 -22.883690 -3.790915
v 4.524752 -23.820782 35.590248
v 2.439186 -20.449583 41.762150
v 2.248993 -23.821663 44.978340
v 3.734720 -19.308479 35.686214
v 5.459761 -20.036013 31.593822
v 2.457911 -17.571892 36.652336
v 1.592327 -18.956018 42.180748
v 4.444242 -18.281408 32.125935
v 0.606693 -16.130436 37.592228
v 0.420977 -17.739092 42.561848
v 2.829033 -16.679619 32.874550
v 0.077106 -16.148685 38.117538
v 1.679670 -16.083176 33.002815
v -0.656200 -16.123810 38.516560
v 2.764267 -13.192095 24.767641
v -0.656200 -17.480072 42.597061
v -1.733379 -17.739092 42.561848
v -1.389507 -16.148685 38.117538
v -1.919094 -16.130436 37.592228
v -2.904728 -18.956018 42.180748
v 3.319027 -13.274026 24.464273
v 3.037437 -12.209576 20.274654
v 3.517237 -12.238626 20.243305
v 5.456276 -15.155478 21.690008
v 6.925446 -17.756844 18.464918
v 5.413559 -13.766636 18.094887
v 5.060469 -11.964177 15.341903
v 6.464466 -19.381317 13.267873
v 6.760366 -20.678020 14.255290
v 6.649376 -15.428289 15.453082
v 5.960896 -13.131413 11.325823
v 5.916056 -15.767996 9.539315
v -3.770313 -17.571892 36.652336
v -3.751587 -20.449583 41.762150
v -4.141434 -16.679619 32.874550
v -2.992069 -16.083176 33.002815
v -4.076664 -13.192095 24.767641
v -5.047119 -19.308479 35.686214
v -5.837151 -23.820782 35.590248
v -3.561390 -23.821663 44.978340
v -6.772160 -20.036013 31.593822
v -5.756641 -18.281408 32.125935
v -4.631428 -13.274026 24.464273
v -4.349838 -12.209576 20.274654
v -4.829636 -12.238626 20.243305
v -6.768677 -15.155478 21.690008
v -8.237846 -17.756844 18.464918
v -6.725960 -13.766636 18.094887
v -6.372871 -11.964177 15.341903
v -8.072765 -20.678020 14.255290
v -7.776863 -19.381317 13.267873
v -7.961777 -15.428289 15.453082
v -7.273296 -13.131413 11.325823
v -7.228455 -15.767996 9.539315
v -12.294079 -26.404850 -8.042812
v -14.310562 -26.404852 -6.026332
v -14.371899 -26.404852 -6.594745
v -12.837139 -26.404850 -8.129498
v -14.138493 -26.404848 -9.894997
v -10.592480 -26.404848 -10.374166
v -10.277603 -26.404848 -10.059290
v -8.261124 -26.404848 -12.075766
v -12.125858 -26.404848 -11.907547
v -16.680832 -26.404846 -13.013648
v -8.347805 -26.404846 -12.618835
v -6.244648 -26.404846 -14.092243
v -6.103134 -26.404846 -14.863504
v -9.581112 -26.404846 -14.452296
v -7.872456 -26.404844 -16.160946
v -11.229095 -26.404842 -18.565649
v -12.699760 -26.404844 -17.094984
v -15.774445 -26.404840 -21.591717
v -15.006523 -26.404846 -14.788216
v -19.957424 -26.404844 -17.179180
v -16.865292 -26.404840 -20.500879
v -17.593624 -26.404840 -22.768333
v -18.792240 -26.404842 -18.573929
v -18.941875 -26.404840 -21.420076
v -23.041317 -26.404837 -26.421576
v -21.638378 -26.404842 -18.723570
v -22.986637 -26.404844 -17.375315
v -26.639885 -26.404840 -22.823008
v -20.290131 -26.404842 -20.071821
v -23.940952 -26.404839 -25.521935
v -29.053001 -26.404835 -30.178970
v -25.740234 -26.404839 -23.722651
v -30.397274 -26.404835 -28.834707
v -24.840599 -26.404839 -24.622292
v -29.725143 -26.404835 -29.506842
v -30.047291 -26.404835 -29.828981
v -7.557449 -8.361633 -14.446210
v -7.592201 -8.282936 -18.698349
v -5.643280 -8.868610 -14.677618
v -9.298145 -7.678886 -17.889427
v -9.348606 -7.488857 -13.777119
v -11.840218 -5.347185 -16.594128
v -9.368885 -6.810242 -13.465046
v -11.244320 -6.786207 -16.767029
v -12.509228 -5.676363 -18.199987
v -12.321896 -7.419292 -20.935047
v -15.508377 -1.966805 -25.458080
v -10.877174 -8.533354 -22.175901
v -9.314972 -9.358480 -22.974939
v -12.990227 -5.048986 -28.130611
v -14.807770 -3.433420 -26.455067
v -14.090939 -4.439285 -27.299656
v -15.019875 -2.676928 -29.078671
v -14.222271 -2.928671 -29.608038
v -15.454327 -0.808357 -31.085472
v -15.378284 -2.174000 -28.656378
v -15.943855 0.496817 -31.134647
v -15.821880 -1.199841 -27.231161
v -16.373283 1.812262 -31.116270
v -15.867134 -0.503883 -26.404629
v 12.998161 -26.404852 -6.026332
v 10.981678 -26.404850 -8.042812
v 13.059500 -26.404852 -6.594745
v 11.524742 -26.404850 -8.129498
v 12.826097 -26.404848 -9.894997
v 9.280079 -26.404848 -10.374166
v 8.965204 -26.404848 -10.059290
v 6.948725 -26.404848 -12.075766
v 10.813457 -26.404848 -11.907547
v 15.368439 -26.404846 -13.013648
v 7.035404 -26.404846 -12.618835
v 4.932251 -26.404846 -14.092243
v 4.790737 -26.404846 -14.863504
v 8.268711 -26.404846 -14.452296
v 6.560057 -26.404844 -16.160946
v 9.916697 -26.404842 -18.565649
v 11.387362 -26.404844 -17.094984
v 14.462049 -26.404840 -21.591717
v 13.694130 -26.404846 -14.788216
v 18.645020 -26.404844 -17.179180
v 15.552891 -26.404840 -20.500879
v 16.281219 -26.404840 -22.768333
v 17.479843 -26.404842 -18.573929
v 17.629477 -26.404840 -21.420076
v 21.728914 -26.404837 -26.421576
v 20.325981 -26.404842 -18.723570
v 21.674238 -26.404844 -17.375315
v 25.327480 -26.404840 -22.823008
v 22.628557 -26.404839 -25.521935
v 27.740608 -26.404835 -30.178970
v 18.977734 -26.404842 -20.071821
v 24.427837 -26.404839 -23.722651
v 29.084877 -26.404835 -28.834707
v 23.528200 -26.404839 -24.622292
v 28.412746 -26.404835 -29.506842
v 28.734888 -26.404835 -29.828981
v 6.279800 -8.282936 -18.698349
v 6.245054 -8.361633 -14.446210
v 4.330881 -8.868610 -14.677618
v 7.985752 -7.678886 -17.889427
v 8.036205 -7.488857 -13.777119
v 10.527813 -5.347185 -16.594128
v 8.056488 -6.810242 -13.465046
v 9.931919 -6.786207 -16.767029
v 11.196825 -5.676363 -18.199987
v 11.009499 -7.419292 -20.935047
v 14.195978 -1.966805 -25.458080
v 9.564775 -8.533354 -22.175901
v 8.002569 -9.358480 -22.974939
v 11.677826 -5.048986 -28.130611
v 13.495371 -3.433420 -26.455067
v 12.778534 -4.439285 -27.299656
v 13.707472 -2.676928 -29.078671
v 12.909874 -2.928671 -29.608038
v 14.141922 -0.808357 -31.085472
v 14.065887 -2.174000 -28.656378
v 14.631458 0.496817 -31.134647
v 14.509487 -1.199841 -27.231161
v 15.060883 1.812262 -31.116270
v 14.554733 -0.503883 -26.404629
v -5.756569 25.069263 20.012060
v -5.032906 20.563885 22.741764
v -5.616043 25.433422 20.861120
v -5.152554 20.083805 21.973543
v -5.897099 24.705105 19.162996
v -4.424339 15.904022 23.578650
v -4.179569 15.937840 24.535242
v -4.491844 7.511318 21.158113
v -5.272202 19.603741 21.205322
v -6.084469 24.219563 18.030909
v -4.669098 15.870197 22.622053
v -4.735004 8.054478 20.451761
v -4.985214 4.275242 17.085983
v -5.431736 18.963646 20.181028
v -6.224998 23.855404 17.181850
v -5.665997 -6.696301 12.857486
v -5.880390 -6.018297 12.067407
v -5.551384 18.483562 19.412806
v -6.365524 23.491253 16.332785
v -5.671032 18.003498 18.644590
v -5.484993 15.757446 19.433390
v -5.255749 4.938095 16.438669
v -6.094791 -5.340290 11.277333
v -4.978168 8.597641 19.745394
v -5.526279 5.600945 15.791362
v -6.380657 -4.436277 10.223893
v -4.995461 15.825104 21.346586
v -5.302380 9.321842 18.803579
v -5.886990 6.484756 14.928281
v -6.595055 -3.758278 9.433815
v -5.240227 15.791275 20.389988
v -5.545536 9.865002 18.097210
v -5.788696 10.408165 17.390852
v -6.157520 7.147610 14.280965
v -6.428051 7.810471 13.633657
v -6.809456 -3.080273 8.643736
v 3.720722 20.563885 22.741764
v 4.444168 25.069263 20.012060
v 4.303772 25.433422 20.861120
v 3.840151 20.083805 21.973543
v 4.584700 24.705105 19.162996
v 3.111937 15.904022 23.578650
v 2.867163 15.937840 24.535242
v 3.179436 7.511318 21.158113
v 3.959797 19.603741 21.205322
v 4.772070 24.219563 18.030909
v 3.356701 15.870197 22.622053
v 3.422602 8.054478 20.451761
v 3.672808 4.275242 17.085983
v 4.354778 -6.696301 12.857486
v 4.567995 -6.018297 12.067407
v 3.943346 4.938095 16.438669
v 4.782391 -5.340290 11.277333
v 3.665764 8.597641 19.745394
v 4.213881 5.600945 15.791362
v 5.068256 -4.436277 10.223893
v 3.683054 15.825104 21.346586
v 3.989977 9.321842 18.803579
v 4.574587 6.484756 14.928281
v 5.282654 -3.758278 9.433815
v 4.119333 18.963646 20.181028
v 4.912598 23.855404 17.181850
v 3.927824 15.791275 20.389988
v 4.238983 18.483562 19.412806
v 5.053123 23.491253 16.332785
v 4.358631 18.003498 18.644590
v 4.172592 15.757446 19.433390
v 4.233135 9.865002 18.097210
v 4.476297 10.408165 17.390852
v 4.845119 7.147610 14.280965
v 5.115654 7.810471 13.633657
v 5.497057 -3.080273 8.643736
v 6.925446 -17.756844 18.464918
v 8.576799 -20.936153 19.920858
v 6.760366 -20.678020 14.255290
v 5.459761 -20.036013 31.593822
v 9.423672 -23.871847 20.370687
v 6.696608 -22.196236 31.835197
v 4.524752 -23.820782 35.590248
v 7.436424 -23.871857 32.045132
v -8.237846 -17.756844 18.464918
v -8.072765 -20.678020 14.255290
v -9.889198 -20.936153 19.920858
v -6.772160 -20.036013 31.593822
v -10.736069 -23.871847 20.370687
v -8.009007 -22.196236 31.835197
v -5.837151 -23.820782 35.590248
v -8.748825 -23.871857 32.045132
v -15.822895 -21.963627 -7.743888
v -16.571217 -24.312183 -7.440877
v -12.725475 -21.757126 -6.183435
v -14.877007 -19.420181 -8.199218
v -19.123203 -24.312180 -10.671541
v -18.846470 -22.564568 -10.948284
v -18.396309 -20.424961 -11.853157
v -21.815651 -24.312178 -14.704296
v -21.397865 -22.971680 -14.914258
v -20.753639 -21.243504 -15.319535
v -22.335079 -24.271317 -17.694365
v 14.510490 -21.963627 -7.743888
v 11.413076 -21.757126 -6.183435
v 15.258814 -24.312183 -7.440877
v 13.564606 -19.420181 -8.199218
v 17.810801 -24.312180 -10.671541
v 17.534069 -22.564568 -10.948284
v 17.083904 -20.424961 -11.853157
v 20.503250 -24.312178 -14.704296
v 20.085461 -22.971680 -14.914258
v 19.441238 -21.243504 -15.319535
v 21.022675 -24.271317 -17.694365
v -6.966290 -4.117353 -12.447254
v -8.414955 -5.228882 -12.953657
v -6.632790 -6.003769 -11.508560
v -5.544495 -3.584766 -12.269116
v -8.349586 -5.637665 -13.090722
v -4.097115 -6.299648 -10.874049
v -4.980167 -3.463549 -12.529067
v -3.178177 -6.360731 -10.743057
v -6.557335 -6.764191 -11.905469
v -8.315586 -6.670952 -13.564213
v -8.303719 -7.320997 -13.864420
v -4.117725 -7.080708 -11.226708
v -3.198784 -7.141787 -11.095711
v -6.481907 -7.662058 -12.366460
v -6.970638 -8.079369 -14.258615
v -5.642536 -8.456518 -14.485869
v -4.138344 -7.999208 -11.643449
v -3.219398 -8.060291 -11.512459
v -4.980167 -8.314241 -14.790982
v 5.653887 -4.117353 -12.447254
v 5.320389 -6.003769 -11.508560
v 7.102556 -5.228882 -12.953657
v 4.232096 -3.584766 -12.269116
v 7.037188 -5.637665 -13.090722
v 2.784716 -6.299648 -10.874049
v 3.667767 -3.463549 -12.529067
v 1.865774 -6.360731 -10.743057
v 5.244934 -6.764191 -11.905469
v 7.003189 -6.670952 -13.564213
v 6.991318 -7.320997 -13.864420
v 2.805325 -7.080708 -11.226708
v 1.886381 -7.141787 -11.095711
v 5.169506 -7.662058 -12.366460
v 5.658237 -8.079369 -14.258615
v 4.330137 -8.456518 -14.485869
v 2.825945 -7.999208 -11.643449
v 1.907000 -8.060291 -11.512459
v 3.667767 -8.314241 -14.790982
v -0.656200 -7.122160 22.206652
v 0.596369 -9.025070 25.603039
v 0.596369 -7.477310 22.206652
v -0.656200 -8.631411 26.055752
v 1.449995 -9.240923 22.206646
v 0.596369 -10.811062 28.295477
v -0.656200 -10.475676 28.753269
v 1.449995 -10.489059 25.022463
v 1.774513 -11.053907 22.206648
v -0.656200 -12.801448 30.851364
v 1.774513 -11.860765 24.527496
v 1.449995 -12.107474 27.148560
v 1.774513 -13.037889 26.405312
v 1.774513 -14.545750 28.348324
v 1.449995 -13.924122 29.230820
v 1.774513 -16.597923 29.663761
v 1.449995 -16.597919 30.567554
v 0.596369 -13.130184 30.294594
v 0.596369 -16.597916 31.728004
v -0.656200 -16.597916 32.221626
v -1.908768 -9.025070 25.603039
v -0.656200 -7.122160 22.206652
v -1.908768 -7.477310 22.206652
v -2.762394 -9.240923 22.206646
v -0.656200 -8.631411 26.055752
v -2.762394 -10.489059 25.022463
v -3.086914 -11.053907 22.206648
v -3.086914 -11.860765 24.527496
v -1.908768 -10.811062 28.295477
v -0.656200 -10.475676 28.753269
v -0.656200 -12.801448 30.851364
v -2.762394 -12.107474 27.148560
v -3.086914 -13.037889 26.405312
v -3.086914 -14.545750 28.348324
v -2.762394 -13.924122 29.230820
v -3.086914 -16.597923 29.663761
v -2.762394 -16.597919 30.567554
v -1.908768 -13.130184 30.294594
v -1.908768 -16.597916 31.728004
v -0.656200 -16.597916 32.221626
v -9.518333 -5.192064 -3.758186
v -11.389233 -6.974142 -2.729304
v -11.389233 -6.325594 -0.308888
v -11.389233 -8.746006 -4.501173
v -9.518333 -4.267828 -0.308886
v -9.518333 -7.717119 -6.283250
v -11.389233 -6.974142 2.111527
v -9.518333 -11.166420 -7.207489
v -9.518333 -5.192070 3.140414
v -11.389233 -11.166421 -5.149723
v -11.389233 -8.746012 3.883395
v -11.389233 -13.586839 -4.501176
v -9.518333 -7.717129 5.665474
v -9.518333 -14.615723 -6.283255
v -9.518333 -11.166430 6.589708
v -11.389233 -15.358712 -2.729311
v -11.389233 -11.166428 4.531941
v -9.518333 -17.140785 -3.758194
v -11.389233 -13.586848 3.883393
v -9.518333 -18.065025 -0.308896
v -9.518333 -14.615730 5.665469
v -11.389233 -16.007259 -0.308892
v -9.518333 -17.140789 3.140404
v -11.389233 -15.358714 2.111521
v 0.526714 -6.526552 -5.631598
v 1.212980 -6.526550 -6.594202
v 1.212980 -4.036331 -7.261455
v 1.212986 -9.016777 -7.261458
v 0.526714 -3.555025 -6.427814
v 0.526714 -9.498081 -6.427818
v 1.212986 -2.213356 -9.084424
v 1.212986 -10.839748 -9.084430
v 0.526714 -1.379717 -8.603121
v 0.526714 -11.673388 -8.603128
v 0.526714 -0.583498 -11.574646
v 0.526714 -12.469602 -11.574656
v 1.212986 -1.546101 -11.574647
v 1.212986 -11.507000 -11.574655
v 1.212986 -2.213354 -14.064870
v 1.212986 -10.839745 -14.064877
v 0.526714 -1.379711 -14.546172
v 0.526714 -11.673384 -14.546180
v 0.526714 -3.555016 -16.721483
v 0.526714 -9.498075 -16.721485
v 1.212980 -4.036324 -15.887842
v 1.212986 -9.016773 -15.887847
v 0.526714 -6.526543 -17.517704
v 1.212980 -6.526543 -16.555101
v 10.076834 -13.586839 -4.501176
v 8.505857 -13.056458 -3.582515
v 10.076834 -15.358712 -2.729311
v 10.076834 -11.166421 -5.149723
v 8.505857 -14.440046 -2.198920
v 8.505857 -11.166416 -4.088946
v 10.076834 -16.007259 -0.308892
v 8.505857 -9.276400 -3.582513
v 8.505857 -14.946482 -0.308895
v 10.076834 -8.746006 -4.501173
v 8.505857 -14.440051 1.581137
v 10.076834 -6.974142 -2.729304
v 10.076834 -15.358714 2.111521
v 8.505857 -7.892801 -2.198915
v 8.505857 -13.056466 2.964731
v 10.076834 -6.325594 -0.308888
v 10.076834 -13.586848 3.883393
v 8.505857 -7.386370 -0.308888
v 10.076834 -11.166428 4.531941
v 8.505857 -7.892799 1.581138
v 8.505857 -11.166430 3.471165
v 10.076834 -6.974142 2.111527
v 8.505857 -9.276405 2.964733
v 10.076834 -8.746012 3.883395
v -1.839115 -3.555016 -16.721483
v -2.525387 -2.213354 -14.064870
v -1.839115 -1.379711 -14.546172
v -1.839115 -0.583498 -11.574646
v -2.525379 -4.036324 -15.887842
v -2.525387 -1.546101 -11.574647
v -1.839115 -6.526543 -17.517704
v -2.525387 -2.213356 -9.084424
v -2.525379 -6.526543 -16.555101
v -1.839115 -1.379717 -8.603121
v -2.525387 -9.016773 -15.887847
v -1.839115 -3.555025 -6.427814
v -1.839115 -9.498075 -16.721485
v -2.525379 -4.036331 -7.261455
v -2.525387 -10.839745 -14.064877
v -1.839115 -6.526552 -5.631598
v -1.839115 -11.673384 -14.546180
v -2.525379 -6.526550 -6.594202
v -1.839115 -12.469602 -11.574656
v -2.525387 -9.016777 -7.261458
v -2.525387 -11.507000 -11.574655
v -1.839115 -9.498081 -6.427818
v -2.525387 -10.839748 -9.084430
v -1.839115 -11.673388 -8.603128
v -9.818256 -9.276400 -3.582513
v -11.389233 -6.974142 -2.729304
v -11.389233 -8.746006 -4.501173
v -11.389233 -11.166421 -5.149723
v -9.818256 -7.892801 -2.198915
v -9.818256 -11.166416 -4.088946
v -11.389233 -6.325594 -0.308888
v -9.818256 -13.056458 -3.582515
v -9.818256 -7.386370 -0.308888
v -11.389233 -13.586839 -4.501176
v -9.818256 -7.892799 1.581138
v -11.389233 -15.358712 -2.729311
v -11.389233 -6.974142 2.111527
v -9.818256 -14.440046 -2.198920
v -11.389233 -8.746012 3.883395
v -11.389233 -16.007259 -0.308892
v -9.818256 -9.276405 2.964733
v -9.818256 -14.946482 -0.308895
v -11.389233 -11.166428 4.531941
v -9.818256 -14.440051 1.581137
v -9.818256 -11.166430 3.471165
v -11.389233 -15.358714 2.111521
v -9.818256 -13.056466 2.964731
v -11.389233 -13.586848 3.883393
v -6.840252 -3.566216 4.079098
v -7.788147 -4.267828 -0.308886
v -7.788147 -5.192070 3.140414
v -7.788147 -7.717129 5.665474
v -6.840252 -2.390453 -0.308888
v -6.840252 -6.778446 7.291325
v -7.788147 -5.192064 -3.758186
v -7.788147 -11.166430 6.589708
v -6.840252 -3.566210 -4.696869
v -6.840252 -11.166430 8.467080
v -7.788147 -7.717119 -6.283250
v -6.840252 -15.554416 7.291319
v -6.840252 -6.778439 -7.909101
v -7.788147 -14.615730 5.665469
v -7.788147 -11.166420 -7.207489
v -6.840252 -18.766642 4.079087
v -6.840252 -11.166417 -9.084860
v -7.788147 -17.140789 3.140404
v -7.788147 -14.615723 -6.283255
v -7.788147 -18.065025 -0.308896
v -6.840252 -15.554406 -7.909105
v -6.840252 -19.942394 -0.308897
v -6.840252 -18.766636 -4.696880
v -7.788147 -17.140785 -3.758194
v -3.873901 -11.166432 10.509881
v -5.286526 -6.778446 7.291325
v -5.286526 -11.166430 8.467080
v -5.286526 -15.554416 7.291319
v -3.873901 -5.757044 9.060445
v -3.873901 -16.575817 9.060436
v -5.286526 -3.566216 4.079098
v -5.286526 -18.766642 4.079087
v -3.873901 -1.797098 5.100501
v -3.873901 -20.535763 5.100490
v -5.286526 -2.390453 -0.308888
v -3.873901 -21.985195 -0.308898
v -3.873901 -0.347651 -0.308887
v -5.286526 -19.942394 -0.308897
v -5.286526 -3.566210 -4.696869
v -5.286526 -18.766636 -4.696880
v -3.873901 -1.797092 -5.718273
v -3.873901 -20.535753 -5.718283
v -5.286522 -6.778439 -7.909101
v -3.873901 -16.575806 -9.678225
v -3.873901 -5.757030 -9.678217
v -5.286526 -15.554406 -7.909105
v -3.873901 -11.166416 -11.127663
v -5.286526 -11.166417 -9.084860
v 10.076834 -13.586839 -4.501176
v 8.205936 -11.166420 -7.207489
v 10.076834 -11.166421 -5.149723
v 10.076834 -8.746006 -4.501173
v 8.205936 -14.615723 -6.283255
v 8.205936 -7.717119 -6.283250
v 10.076834 -15.358712 -2.729311
v 8.205936 -5.192064 -3.758186
v 8.205936 -17.140785 -3.758194
v 10.076834 -6.974142 -2.729304
v 8.205936 -18.065025 -0.308896
v 10.076834 -6.325594 -0.308888
v 10.076834 -16.007259 -0.308892
v 8.205936 -4.267828 -0.308886
v 10.076834 -15.358714 2.111521
v 10.076834 -6.974142 2.111527
v 8.205936 -17.140789 3.140404
v 8.205936 -5.192070 3.140414
v 10.076834 -13.586848 3.883393
v 10.076834 -8.746012 3.883395
v 8.205936 -14.615730 5.665469
v 8.205936 -7.717129 5.665474
v 8.205936 -11.166430 6.589708
v 10.076834 -11.166428 4.531941
v 6.475746 -4.267828 -0.308886
v 5.527855 -3.566216 4.079098
v 6.475746 -5.192070 3.140414
v 6.475746 -7.717129 5.665474
v 5.527855 -2.390453 -0.308888
v 5.527855 -6.778446 7.291325
v 6.475746 -5.192064 -3.758186
v 6.475746 -11.166430 6.589708
v 5.527855 -3.566210 -4.696869
v 5.527855 -11.166430 8.467080
v 6.475746 -7.717119 -6.283250
v 5.527855 -15.554416 7.291319
v 5.527855 -6.778439 -7.909101
v 6.475746 -14.615730 5.665469
v 6.475746 -11.166420 -7.207489
v 5.527855 -18.766642 4.079087
v 5.527855 -11.166417 -9.084860
v 6.475746 -17.140789 3.140404
v 6.475746 -14.615723 -6.283255
v 6.475746 -18.065025 -0.308896
v 5.527855 -15.554406 -7.909105
v 5.527855 -19.942394 -0.308897
v 5.527855 -18.766636 -4.696880
v 6.475746 -17.140785 -3.758194
v 3.974125 -6.778446 7.291325
v 2.561499 -11.166432 10.509881
v 3.974125 -11.166430 8.467080
v 3.974125 -15.554416 7.291319
v 2.561499 -5.757044 9.060445
v 2.561499 -16.575817 9.060436
v 3.974125 -3.566216 4.079098
v 3.974125 -18.766642 4.079087
v 2.561499 -1.797098 5.100501
v 2.561499 -20.535763 5.100490
v 3.974125 -2.390453 -0.308888
v 2.561499 -21.985195 -0.308898
v 2.561499 -0.347651 -0.308887
v 3.974125 -19.942394 -0.308897
v 3.974125 -3.566210 -4.696869
v 3.974125 -18.766636 -4.696880
v 2.561499 -1.797092 -5.718273
v 2.561499 -20.535753 -5.718283
v 3.974121 -6.778439 -7.909101
v 2.561499 -16.575806 -9.678225
v 2.561499 -5.757030 -9.678217
v 3.974125 -15.554406 -7.909105
v 2.561499 -11.166416 -11.127663
v 3.974125 -11.166417 -9.084860
v -3.547455 -4.036324 -15.887846
v -3.547455 -6.526546 -11.574651
v -3.547459 -2.213356 -14.064873
v -3.547455 -6.526543 -16.555101
v -3.547459 -1.546101 -11.574647
v -3.547459 -9.016771 -15.887847
v -3.547459 -2.213358 -9.084424
v -3.547459 -10.839745 -14.064877
v -3.547455 -4.036331 -7.261454
v -3.547459 -11.507000 -11.574655
v -3.547455 -6.526550 -6.594202
v -3.547459 -10.839752 -9.084430
v -3.547459 -9.016777 -7.261458
v -9.818256 -9.276400 -3.582513
v -9.440525 -11.166426 -0.308891
v -9.818256 -7.892801 -2.198915
v -9.818256 -11.166416 -4.088946
v -9.818256 -7.386370 -0.308888
v -9.818256 -13.056458 -3.582515
v -9.818256 -7.892799 1.581138
v -9.818256 -14.440046 -2.198920
v -9.818256 -9.276405 2.964733
v -9.818256 -14.946482 -0.308895
v -9.818256 -11.166430 3.471165
v -9.818256 -14.440051 1.581137
v -9.818256 -13.056466 2.964731
v 2.235056 -4.036324 -15.887846
v 2.235058 -2.213356 -14.064873
v 2.235056 -6.526546 -11.574651
v 2.235056 -6.526543 -16.555101
v 2.235058 -1.546101 -11.574647
v 2.235058 -9.016771 -15.887847
v 2.235058 -2.213358 -9.084424
v 2.235058 -10.839745 -14.064877
v 2.235056 -4.036331 -7.261454
v 2.235058 -11.507000 -11.574655
v 2.235056 -6.526550 -6.594202
v 2.235058 -10.839752 -9.084430
v 2.235058 -9.016777 -7.261458
v 8.505857 -9.276400 -3.582513
v 8.505857 -7.892801 -2.198915
v 8.128124 -11.166426 -0.308891
v 8.505857 -11.166416 -4.088946
v 8.505857 -7.386370 -0.308888
v 8.505857 -13.056458 -3.582515
v 8.505857 -7.892799 1.581138
v 8.505857 -14.440046 -2.198920
v 8.505857 -9.276405 2.964733
v 8.505857 -14.946482 -0.308895
v 8.505857 -11.166430 3.471165
v 8.505857 -14.440051 1.581137
v 8.505857 -13.056466 2.964731
vn -0.0000 0.9612 -0.2758
vn 0.0628 0.9965 0.0549
vn -0.0000 0.9985 0.0551
vn -0.0000 0.9985 0.0552
vn -0.0000 0.9985 0.0553
vn -0.0000 0.9985 0.0554
vn -0.0628 0.9965 0.0549
vn 0.3625 -0.8586 -0.3625
vn 0.4174 -0.8189 -0.3938
vn 0.4174 -0.8190 -0.3938
vn 0.5423 -0.8016 -0.2515
vn 0.5424 -0.8016 -0.2515
vn 0.5501 -0.7938 -0.2594
vn -0.3938 -0.8190 0.4174
vn -0.3938 -0.8189 0.4174
vn -0.3937 -0.8190 0.4174
vn -0.3625 -0.8586 0.3625
vn -0.2594 -0.7938 0.5502
vn -0.2594 -0.7938 0.5501
vn -0.2515 -0.8016 0.5423
vn -0.2515 -0.8017 0.5423
vn -0.0000 -1.0000 -0.0000
vn 0.1808 -0.9668 0.1808
vn -0.3795 0.8540 -0.3558
vn 0.1021 0.7228 -0.6835
vn 0.3997 0.8937 -0.2038
vn 0.3998 0.8937 -0.2038
vn 0.3866 0.9073 -0.1656
vn 0.3866 0.9073 -0.1657
vn 0.9360 -0.3068 0.1729
vn 0.9360 -0.3068 0.1726
vn 0.9153 -0.3314 0.2288
vn 0.9154 -0.3313 0.2288
vn -0.5349 0.3461 0.7708
vn -0.5370 0.5212 0.6633
vn -0.5592 0.5198 0.6458
vn -0.6088 0.3953 0.6878
vn -0.7717 0.3307 0.5433
vn -0.7717 0.3306 0.5433
vn -0.7386 0.4007 0.5422
vn 0.2199 0.9504 0.2199
vn 0.2200 0.9504 0.2200
vn -0.0079 0.9975 -0.0706
vn -0.0079 0.9975 -0.0707
vn -0.0471 0.9978 -0.0471
vn -0.5849 0.7904 0.1819
vn -0.3549 0.8514 -0.3862
vn -0.3548 0.8514 -0.3863
vn -0.5133 0.3713 0.7737
vn -0.5346 0.5976 0.5976
vn -0.4246 0.3540 0.8333
vn -0.2038 0.8937 0.3998
vn -0.1657 0.9073 0.3866
vn 0.2288 -0.3314 0.9153
vn 0.2288 -0.3313 0.9154
vn 0.1729 -0.3067 0.9359
vn 0.1730 -0.3067 0.9359
vn 0.7708 0.3461 -0.5348
vn 0.6633 0.5212 -0.5370
vn 0.6878 0.3953 -0.6088
vn 0.6458 0.5198 -0.5592
vn 0.5433 0.3306 -0.7717
vn 0.5433 0.3307 -0.7717
vn 0.5422 0.4007 -0.7386
vn -0.0707 0.9975 -0.0078
vn -0.6945 0.2604 0.6707
vn -0.7066 0.2355 0.6673
vn -0.6615 0.3228 0.6770
vn -0.6614 0.3228 0.6770
vn -0.7007 0.2677 0.6613
vn -0.6062 0.2913 0.7400
vn -0.1882 0.9572 -0.2197
vn -0.1415 0.9747 -0.1729
vn -0.1413 0.9747 -0.1729
vn 0.6673 0.2355 -0.7066
vn 0.6707 0.2604 -0.6945
vn 0.6613 0.2677 -0.7007
vn 0.6614 0.2676 -0.7007
vn 0.6770 0.3228 -0.6614
vn 0.6771 0.3228 -0.6614
vn 0.7401 0.2914 -0.6061
vn 0.7400 0.2913 -0.6062
vn -0.2197 0.9572 -0.1884
vn -0.2197 0.9572 -0.1883
vn -0.0314 0.9995 -0.0001
vn -0.0314 0.9995 -0.0000
vn -0.0315 0.9995 -0.0000
vn -0.1729 0.9748 -0.1413
vn -0.1729 0.9748 -0.1411
vn -0.1729 0.9748 -0.1410
vn -0.2125 -0.4958 0.8420
vn -0.2125 -0.4959 0.8420
vn -0.1261 -0.7015 0.7014
vn 0.8993 -0.4338 0.0552
vn 0.8779 -0.4746 0.0632
vn 0.1570 -0.5185 0.8406
vn 0.8495 -0.5191 -0.0943
vn -0.6845 -0.5270 0.5037
vn -0.6845 -0.5270 0.5038
vn -0.6845 -0.5271 0.5036
vn -0.6845 -0.5272 0.5035
vn -0.8604 -0.4894 -0.1421
vn -0.7718 -0.6300 -0.0866
vn 0.0471 -0.6364 -0.7699
vn 0.0159 -0.4660 -0.8847
vn 0.0158 -0.4660 -0.8847
vn 0.0158 -0.4660 -0.8846
vn -0.7008 -0.5274 0.4804
vn -0.7008 -0.5275 0.4803
vn -0.7007 -0.5275 0.4803
vn -0.7007 -0.5276 0.4802
vn 0.6747 -0.5100 -0.5335
vn 0.6747 -0.5100 -0.5336
vn 0.6748 -0.5100 -0.5335
vn 0.1335 -0.4083 0.9030
vn 0.1416 -0.4013 0.9049
vn 0.1416 -0.4013 0.9050
vn -0.2279 0.8645 0.4480
vn -0.0000 0.9052 0.4250
vn -0.0000 0.9052 0.4251
vn -0.2277 -0.8875 -0.4006
vn -0.0157 -0.8943 -0.4472
vn -0.0156 -0.8943 -0.4472
vn 0.1180 0.5270 0.8416
vn 0.1180 0.5269 0.8417
vn -0.0473 0.5357 0.8431
vn -0.0155 -0.9820 0.1885
vn -0.0157 -0.9819 0.1885
vn -0.0156 -0.9820 0.1885
vn 0.1020 -0.9887 0.1102
vn 0.1020 -0.9887 0.1101
vn -0.1024 0.8666 0.4884
vn -0.1260 -0.9138 -0.3860
vn -0.1260 -0.9138 -0.3861
vn -0.1184 -0.9147 -0.3864
vn -0.1183 -0.9147 -0.3864
vn -0.3794 0.9247 -0.0316
vn -0.3460 0.9356 -0.0707
vn -0.4027 -0.5132 -0.7579
vn -0.4027 -0.5132 -0.7580
vn -0.3628 -0.5199 -0.7733
vn -0.3628 -0.5203 -0.7731
vn -0.1023 0.8666 0.4884
vn -0.1025 0.8666 0.4884
vn -0.1024 0.8666 0.4883
vn -0.0946 -0.9302 -0.3547
vn -0.1022 -0.9295 -0.3545
vn 0.1106 -0.9707 -0.2132
vn 0.1497 -0.9539 -0.2601
vn -0.9916 -0.0790 0.1023
vn -0.9916 -0.0792 0.1023
vn -0.9916 -0.0789 0.1023
vn -0.9916 -0.0788 0.1023
vn -0.0629 0.8572 0.5111
vn -0.0630 0.8572 0.5111
vn -0.1023 0.8337 0.5427
vn -0.1023 0.8336 0.5427
vn 0.4546 -0.3762 0.8073
vn 0.4545 -0.3763 0.8074
vn 0.4547 -0.3762 0.8073
vn 0.1892 0.6621 0.7251
vn 0.0710 0.8359 0.5442
vn 0.0710 0.8360 0.5441
vn 0.0710 0.8360 0.5442
vn -0.3154 0.9148 -0.2524
vn 0.2680 -0.9540 0.1340
vn 0.2681 -0.9540 0.1340
vn 0.2681 -0.9540 0.1341
vn 0.1177 -0.9734 -0.1964
vn 0.1178 -0.9735 -0.1963
vn -0.4493 0.2444 -0.8593
vn -0.4494 0.2444 -0.8593
vn -0.4493 0.2443 -0.8593
vn 0.8461 0.1897 -0.4982
vn 0.8441 0.2367 -0.4812
vn 0.8470 0.1960 -0.4941
vn 0.8470 0.1958 -0.4943
vn 0.8494 0.2201 -0.4797
vn 0.8494 0.2202 -0.4797
vn 0.8494 0.2201 -0.4796
vn 0.8920 0.1895 -0.4105
vn 0.8920 0.1894 -0.4105
vn 0.8919 0.1896 -0.4105
vn 0.6295 0.6453 0.4329
vn 0.6294 0.6453 0.4330
vn 0.6294 0.6453 0.4329
vn 0.6352 0.6511 0.4153
vn 0.8725 -0.2122 0.4402
vn 0.8724 -0.2122 0.4403
vn 0.8740 -0.2205 0.4331
vn 0.6066 -0.7485 -0.2679
vn 0.5994 -0.7570 -0.2601
vn 0.8691 -0.2212 0.4424
vn 0.3467 0.9377 0.0236
vn 0.3468 0.9378 0.0158
vn 0.3216 -0.6039 -0.7293
vn 0.3320 -0.6008 -0.7272
vn 0.3319 -0.6008 -0.7273
vn 0.6362 -0.6283 -0.4477
vn 0.5116 -0.7792 -0.3621
vn 0.9155 -0.1736 0.3630
vn 0.6230 0.7570 0.1971
vn 0.5041 0.7876 0.3544
vn 0.1886 0.0157 -0.9819
vn 0.2685 -0.0158 -0.9632
vn 0.2685 -0.0158 -0.9631
vn 0.4341 -0.4341 -0.7893
vn 0.1885 -0.4948 -0.8483
vn 0.5761 0.8128 0.0869
vn 0.5761 0.8128 0.0868
vn 0.5179 0.8474 0.1175
vn 0.5178 0.8474 0.1176
vn 0.2203 0.5429 -0.8104
vn 0.2204 0.5430 -0.8103
vn 0.1577 0.5836 -0.7966
vn 0.0157 0.8895 0.4567
vn -0.1025 0.8990 0.4257
vn -0.1025 0.8990 0.4258
vn -0.1571 0.8405 -0.5185
vn 0.7342 0.6711 -0.1028
vn 0.7342 0.6711 -0.1027
vn 0.8557 0.4789 -0.1962
vn 0.8557 0.4788 -0.1962
vn 0.9567 0.2902 -0.0235
vn 0.9567 0.2901 -0.0236
vn 0.7564 0.6540 0.0078
vn -0.8113 0.1418 -0.5672
vn -0.8113 0.1418 -0.5671
vn -0.8013 0.1414 -0.5813
vn -0.8012 0.1416 -0.5813
vn 0.9398 0.3395 0.0394
vn 0.9398 0.3396 0.0395
vn 0.9287 0.3700 0.0236
vn 0.9258 0.3766 0.0315
vn 0.8928 0.4503 -0.0079
vn 0.9019 0.4157 -0.1176
vn -0.5112 -0.4247 -0.7472
vn -0.4638 -0.3931 -0.7940
vn -0.0000 0.5602 -0.8284
vn 0.6788 -0.3157 -0.6630
vn 0.6787 -0.3157 -0.6631
vn 0.8896 -0.2677 -0.3701
vn 0.8897 -0.2676 -0.3699
vn -0.4272 0.7436 -0.5143
vn -0.4272 0.7437 -0.5142
vn -0.2920 0.8523 -0.4340
vn -0.2919 0.8523 -0.4341
vn -0.8594 -0.1734 -0.4809
vn -0.8594 -0.1735 -0.4810
vn -0.5278 -0.7644 -0.3703
vn -0.5279 -0.7643 -0.3703
vn -0.6227 -0.7647 0.1656
vn -0.6228 -0.7647 0.1656
vn -0.5604 -0.7657 -0.3157
vn -0.5602 -0.7658 -0.3158
vn 0.4813 -0.7658 -0.4264
vn 0.4815 -0.7658 -0.4263
vn 0.4814 -0.7658 -0.4264
vn -0.6312 -0.7653 0.1262
vn -0.6312 -0.7653 0.1263
vn -0.6311 -0.7653 0.1262
vn 0.6393 -0.7656 -0.0711
vn -0.4799 -0.7632 0.4327
vn -0.8299 0.5217 0.1976
vn -0.8299 0.5216 0.1977
vn -0.8748 0.4493 0.1813
vn -0.8498 0.3226 0.4169
vn -0.8498 0.3226 0.4170
vn -0.8497 0.3226 0.4170
vn -0.8729 0.4561 0.1730
vn -0.8729 0.4562 0.1729
vn -0.8349 0.5198 0.1811
vn -0.8349 0.5197 0.1811
vn 0.0079 -0.9999 0.0079
vn 0.0079 -0.9999 -0.0079
vn 0.0079 -1.0000 -0.0000
vn 0.0078 -1.0000 0.0001
vn 0.5028 -0.0000 -0.8644
vn -0.8678 -0.0000 0.4970
vn -0.8678 -0.0000 0.4969
vn 0.8643 -0.0000 0.5029
vn 0.9659 -0.0000 -0.2588
vn -0.0000 1.0000 -0.0000
vn -0.3625 -0.8586 -0.3625
vn -0.4174 -0.8189 -0.3938
vn -0.4174 -0.8190 -0.3938
vn -0.5502 -0.7937 -0.2594
vn -0.5501 -0.7938 -0.2594
vn -0.5424 -0.8016 -0.2515
vn -0.5422 -0.8017 -0.2515
vn 0.3625 -0.8586 0.3625
vn 0.3938 -0.8189 0.4174
vn 0.2594 -0.7938 0.5501
vn 0.2515 -0.8016 0.5423
vn 0.2515 -0.8017 0.5423
vn -0.1808 -0.9668 0.1808
vn -0.1808 -0.9668 0.1807
vn -0.1021 0.7228 -0.6835
vn 0.3796 0.8540 -0.3558
vn -0.3998 0.8937 -0.2038
vn -0.3997 0.8937 -0.2038
vn -0.3866 0.9073 -0.1657
vn -0.9360 -0.3067 0.1729
vn -0.9359 -0.3067 0.1729
vn -0.9153 -0.3314 0.2288
vn -0.9154 -0.3313 0.2288
vn 0.5348 0.3461 0.7708
vn 0.5370 0.5212 0.6633
vn 0.6088 0.3953 0.6878
vn 0.5592 0.5198 0.6458
vn 0.7717 0.3307 0.5433
vn 0.7386 0.4007 0.5421
vn -0.2199 0.9504 0.2199
vn 0.0471 0.9978 -0.0471
vn 0.0470 0.9978 -0.0471
vn 0.0079 0.9975 -0.0707
vn 0.3547 0.8514 -0.3863
vn 0.3548 0.8514 -0.3863
vn 0.5849 0.7904 0.1819
vn 0.5133 0.3713 0.7738
vn 0.4247 0.3539 0.8333
vn 0.5347 0.5976 0.5975
vn 0.1656 0.9073 0.3866
vn 0.1657 0.9073 0.3866
vn 0.2038 0.8937 0.3998
vn -0.2288 -0.3314 0.9153
vn -0.1729 -0.3067 0.9359
vn -0.1729 -0.3067 0.9360
vn -0.1728 -0.3067 0.9360
vn -0.6633 0.5212 -0.5370
vn -0.7708 0.3461 -0.5349
vn -0.6878 0.3953 -0.6088
vn -0.6458 0.5198 -0.5592
vn -0.5433 0.3307 -0.7717
vn -0.5422 0.4007 -0.7386
vn -0.2200 0.9504 0.2200
vn 0.0707 0.9975 -0.0078
vn 0.6945 0.2604 0.6707
vn 0.6944 0.2604 0.6708
vn 0.7066 0.2355 0.6673
vn 0.6613 0.3228 0.6771
vn 0.7007 0.2677 0.6613
vn 0.6062 0.2913 0.7400
vn 0.1884 0.9572 -0.2197
vn 0.1882 0.9572 -0.2197
vn 0.1415 0.9747 -0.1729
vn -0.6673 0.2355 -0.7066
vn -0.6707 0.2604 -0.6945
vn -0.6613 0.2677 -0.7007
vn -0.6771 0.3228 -0.6614
vn -0.7400 0.2913 -0.6062
vn 0.2197 0.9572 -0.1884
vn 0.0314 0.9995 -0.0001
vn 0.0314 0.9995 -0.0000
vn 0.0313 0.9995 -0.0001
vn 0.0315 0.9995 0.0001
vn 0.1729 0.9747 -0.1415
vn 0.1729 0.9747 -0.1414
vn 0.2125 -0.4958 0.8420
vn 0.2125 -0.4958 0.8421
vn 0.1261 -0.7015 0.7015
vn 0.1261 -0.7015 0.7014
vn -0.8993 -0.4338 0.0552
vn -0.8779 -0.4747 0.0632
vn -0.8779 -0.4746 0.0633
vn -0.1571 -0.5185 0.8405
vn -0.1570 -0.5185 0.8406
vn -0.8495 -0.5191 -0.0943
vn -0.8495 -0.5191 -0.0944
vn 0.6845 -0.5271 0.5036
vn 0.6845 -0.5271 0.5037
vn 0.6845 -0.5272 0.5035
vn 0.7718 -0.6300 -0.0866
vn 0.7717 -0.6300 -0.0866
vn 0.8604 -0.4894 -0.1421
vn 0.8604 -0.4894 -0.1420
vn -0.0471 -0.6364 -0.7699
vn -0.0159 -0.4660 -0.8847
vn -0.0158 -0.4660 -0.8846
vn 0.7007 -0.5276 0.4803
vn 0.7007 -0.5276 0.4802
vn -0.6747 -0.5100 -0.5336
vn -0.6748 -0.5100 -0.5335
vn -0.1335 -0.4083 0.9030
vn -0.1334 -0.4084 0.9030
vn -0.1417 -0.4014 0.9049
vn -0.0001 0.9052 0.4250
vn 0.2280 0.8645 0.4480
vn 0.2279 0.8645 0.4480
vn 0.2280 0.8644 0.4480
vn 0.0155 -0.8943 -0.4472
vn 0.0154 -0.8943 -0.4472
vn 0.0156 -0.8943 -0.4472
vn 0.2277 -0.8875 -0.4006
vn 0.0473 0.5357 0.8431
vn -0.1179 0.5271 0.8416
vn -0.1180 0.5270 0.8416
vn 0.0157 -0.9819 0.1885
vn 0.0157 -0.9819 0.1886
vn -0.1020 -0.9887 0.1101
vn 0.1024 0.8666 0.4884
vn 0.1183 -0.9147 -0.3864
vn 0.1260 -0.9138 -0.3860
vn 0.1260 -0.9138 -0.3861
vn 0.3460 0.9356 -0.0707
vn 0.3459 0.9356 -0.0708
vn 0.3794 0.9247 -0.0316
vn 0.3795 0.9247 -0.0316
vn 0.4027 -0.5132 -0.7579
vn 0.4027 -0.5132 -0.7580
vn 0.3628 -0.5203 -0.7731
vn 0.3628 -0.5205 -0.7730
vn 0.3628 -0.5199 -0.7733
vn 0.1025 0.8666 0.4884
vn 0.0946 -0.9302 -0.3547
vn 0.0946 -0.9301 -0.3548
vn 0.1025 -0.9295 -0.3544
vn 0.1024 -0.9295 -0.3545
vn -0.1106 -0.9707 -0.2132
vn -0.1105 -0.9708 -0.2131
vn -0.1498 -0.9539 -0.2602
vn 0.9916 -0.0792 0.1023
vn 0.9916 -0.0790 0.1023
vn 0.9916 -0.0789 0.1023
vn 0.9916 -0.0790 0.1022
vn 0.0629 0.8572 0.5112
vn 0.1022 0.8337 0.5427
vn 0.1023 0.8337 0.5427
vn -0.4545 -0.3763 0.8074
vn -0.4546 -0.3762 0.8073
vn -0.4547 -0.3762 0.8073
vn -0.1892 0.6621 0.7251
vn -0.1892 0.6621 0.7252
vn -0.0710 0.8360 0.5442
vn -0.0710 0.8359 0.5442
vn 0.3155 0.9148 -0.2524
vn 0.3154 0.9148 -0.2523
vn 0.3154 0.9148 -0.2524
vn -0.2680 -0.9540 0.1340
vn -0.2681 -0.9540 0.1340
vn -0.2680 -0.9541 0.1340
vn -0.1177 -0.9734 -0.1963
vn -0.1177 -0.9734 -0.1964
vn 0.4493 0.2443 -0.8593
vn 0.4493 0.2444 -0.8593
vn 0.4494 0.2444 -0.8593
vn -0.8461 0.1898 -0.4981
vn -0.8441 0.2367 -0.4812
vn -0.8494 0.2202 -0.4797
vn -0.8494 0.2201 -0.4797
vn -0.8470 0.1959 -0.4942
vn -0.8920 0.1894 -0.4105
vn -0.6294 0.6453 0.4329
vn -0.6295 0.6453 0.4329
vn -0.6352 0.6511 0.4153
vn -0.8740 -0.2205 0.4331
vn -0.8725 -0.2122 0.4402
vn -0.6066 -0.7485 -0.2679
vn -0.5993 -0.7570 -0.2602
vn -0.8691 -0.2212 0.4424
vn -0.3467 0.9377 0.0236
vn -0.3468 0.9378 0.0158
vn -0.3319 -0.6008 -0.7273
vn -0.3217 -0.6038 -0.7293
vn -0.6362 -0.6283 -0.4477
vn -0.6362 -0.6284 -0.4477
vn -0.5116 -0.7792 -0.3621
vn -0.9155 -0.1736 0.3630
vn -0.6230 0.7570 0.1971
vn -0.5041 0.7876 0.3544
vn -0.1886 0.0157 -0.9819
vn -0.2685 -0.0158 -0.9632
vn -0.4341 -0.4341 -0.7893
vn -0.1885 -0.4948 -0.8483
vn -0.5761 0.8128 0.0868
vn -0.5760 0.8128 0.0867
vn -0.5178 0.8474 0.1177
vn -0.1577 0.5836 -0.7966
vn -0.2204 0.5429 -0.8103
vn -0.2203 0.5429 -0.8104
vn 0.1025 0.8990 0.4258
vn 0.1025 0.8990 0.4259
vn -0.0158 0.8896 0.4565
vn -0.0158 0.8897 0.4563
vn 0.1571 0.8405 -0.5185
vn -0.7343 0.6711 -0.1026
vn -0.7342 0.6711 -0.1028
vn -0.7342 0.6711 -0.1026
vn -0.8557 0.4788 -0.1962
vn -0.8558 0.4787 -0.1962
vn -0.7564 0.6540 0.0079
vn -0.7565 0.6540 0.0080
vn -0.9567 0.2901 -0.0236
vn -0.9567 0.2902 -0.0235
vn 0.8113 0.1417 -0.5673
vn 0.8112 0.1417 -0.5673
vn 0.8013 0.1414 -0.5813
vn 0.8013 0.1416 -0.5813
vn -0.9398 0.3396 0.0395
vn -0.9398 0.3395 0.0394
vn -0.9287 0.3700 0.0237
vn -0.9258 0.3766 0.0314
vn -0.8928 0.4504 -0.0079
vn -0.9019 0.4156 -0.1177
vn 0.5112 -0.4247 -0.7472
vn 0.4638 -0.3931 -0.7940
vn 0.4638 -0.3931 -0.7939
vn 0.4639 -0.3931 -0.7939
vn -0.8896 -0.2677 -0.3701
vn -0.6783 -0.3160 -0.6634
vn -0.6785 -0.3158 -0.6632
vn 0.2920 0.8523 -0.4340
vn 0.4272 0.7437 -0.5142
vn 0.8594 -0.1734 -0.4809
vn 0.5279 -0.7643 -0.3703
vn 0.5278 -0.7644 -0.3703
vn 0.6227 -0.7647 0.1656
vn 0.6228 -0.7647 0.1656
vn 0.5600 -0.7659 -0.3158
vn 0.5602 -0.7658 -0.3158
vn 0.5604 -0.7656 -0.3157
vn -0.4815 -0.7658 -0.4263
vn -0.4816 -0.7657 -0.4263
vn -0.4814 -0.7658 -0.4264
vn -0.4813 -0.7658 -0.4264
vn 0.6312 -0.7653 0.1262
vn 0.6311 -0.7653 0.1262
vn 0.6311 -0.7654 0.1261
vn -0.6393 -0.7657 -0.0711
vn -0.6393 -0.7656 -0.0711
vn 0.4799 -0.7632 0.4327
vn 0.8748 0.4492 0.1813
vn 0.8300 0.5216 0.1977
vn 0.8299 0.5216 0.1977
vn 0.8498 0.3226 0.4169
vn 0.8497 0.3226 0.4170
vn 0.8729 0.4561 0.1730
vn 0.8729 0.4562 0.1729
vn 0.8348 0.5198 0.1812
vn -0.0079 -0.9999 0.0079
vn -0.0079 -0.9999 -0.0079
vn -0.0078 -1.0000 0.0001
vn -0.0079 -1.0000 -0.0000
vn -0.5027 -0.0000 -0.8644
vn -0.5028 -0.0000 -0.8644
vn 0.8677 -0.0000 0.4970
vn 0.8677 -0.0000 0.4971
vn -0.8644 -0.0000 0.5029
vn -0.8644 -0.0000 0.5028
vn -0.9659 -0.0000 -0.2590
vn -0.9659 -0.0000 -0.2591
vn 0.1889 0.3620 -0.9128
vn 0.1965 0.3614 -0.9115
vn 0.1964 0.3615 -0.9115
vn 0.1181 -0.3701 -0.9214
vn 0.1180 -0.3701 -0.9214
vn 0.1889 -0.3620 -0.9129
vn 0.2512 0.3688 -0.8949
vn 0.2513 0.3688 -0.8949
vn 0.2750 0.3692 -0.8877
vn 0.1888 0.7789 -0.5980
vn 0.1888 0.7790 -0.5980
vn 0.2749 0.7776 -0.5655
vn 0.1734 -0.3860 -0.9061
vn 0.1733 -0.3860 -0.9060
vn 0.1183 -0.3864 -0.9147
vn -0.6627 0.7180 0.2131
vn -0.6627 0.7179 0.2130
vn -0.6626 0.7180 0.2131
vn -0.6558 0.7193 0.2292
vn -0.6560 0.7192 0.2292
vn -0.0236 0.9927 -0.1182
vn -0.0392 0.9881 -0.1489
vn -0.0710 -0.9862 0.1498
vn -0.0711 -0.9862 0.1498
vn -0.1889 0.3620 -0.9128
vn -0.1888 0.3620 -0.9129
vn -0.1964 0.3615 -0.9114
vn -0.1964 0.3615 -0.9115
vn -0.1964 0.3616 -0.9114
vn -0.1180 -0.3701 -0.9215
vn -0.1181 -0.3701 -0.9214
vn -0.1180 -0.3701 -0.9214
vn -0.1889 -0.3620 -0.9128
vn -0.2750 0.3692 -0.8877
vn -0.2512 0.3688 -0.8949
vn -0.2512 0.3690 -0.8949
vn -0.2749 0.7776 -0.5655
vn -0.1888 0.7789 -0.5980
vn -0.1888 0.7790 -0.5980
vn -0.1733 -0.3861 -0.9060
vn -0.1734 -0.3860 -0.9061
vn -0.1734 -0.3860 -0.9060
vn -0.1183 -0.3864 -0.9147
vn 0.6627 0.7179 0.2130
vn 0.6560 0.7191 0.2292
vn 0.6560 0.7192 0.2292
vn 0.0392 0.9881 -0.1488
vn 0.0236 0.9927 -0.1182
vn 0.0710 -0.9862 0.1498
vn 0.0710 -0.9862 0.1499
vn 0.1965 -0.4163 0.8877
vn 0.1964 -0.4163 0.8877
vn 0.1964 -0.4164 0.8877
vn 0.1571 -0.4163 0.8955
vn 0.2294 0.4033 0.8858
vn 0.2295 0.4033 0.8858
vn 0.1576 0.4098 0.8985
vn 0.3002 -0.3557 0.8851
vn 0.3003 -0.3556 0.8851
vn 0.3002 -0.3558 0.8851
vn 0.2445 -0.3628 0.8992
vn 0.2609 -0.8221 0.5060
vn 0.1897 -0.8218 0.5373
vn 0.1896 -0.8218 0.5373
vn 0.2448 0.3396 0.9082
vn 0.1972 0.3312 0.9227
vn -0.0629 0.9593 -0.2752
vn -0.1024 0.9534 -0.2837
vn -0.2274 0.3846 -0.8946
vn -0.2275 0.3846 -0.8946
vn -0.2201 0.3852 -0.8962
vn -0.2120 0.3925 -0.8950
vn -0.2276 0.3845 -0.8946
vn -0.1657 0.3471 -0.9231
vn -0.2123 0.3302 -0.9197
vn 0.0001 0.7226 0.6913
vn 0.0002 0.7226 0.6913
vn -0.0000 0.7228 0.6911
vn 0.0394 0.9605 -0.2755
vn 0.0394 0.9605 -0.2756
vn -0.0000 0.9495 -0.3139
vn -0.0000 -0.0706 -0.9975
vn -0.0000 -0.0703 -0.9975
vn 0.9977 -0.0236 0.0628
vn 0.9957 -0.0474 0.0790
vn 0.9895 -0.1100 0.0942
vn 0.9970 -0.0549 0.0549
vn 0.9970 -0.0548 0.0548
vn 0.9985 -0.0001 0.0550
vn 0.9985 0.0001 0.0551
vn 0.9985 -0.0000 0.0550
vn 0.9900 -0.0003 0.1411
vn 0.9900 -0.0000 0.1414
vn 0.9985 -0.0078 0.0551
vn 0.9988 -0.0158 0.0472
vn 0.9988 -0.0157 0.0472
vn 0.9962 -0.0870 -0.0080
vn 0.9972 -0.0707 -0.0235
vn 0.9962 -0.0863 -0.0079
vn 0.9962 -0.0863 -0.0078
vn 0.9968 -0.0784 0.0158
vn 0.9691 -0.0709 -0.2364
vn 0.9513 -0.1023 -0.2910
vn 0.9512 -0.1023 -0.2910
vn 0.7168 -0.5908 0.3702
vn 0.7330 -0.4650 -0.4965
vn 0.7329 -0.4649 -0.4966
vn 0.6200 -0.4001 -0.6749
vn 0.6200 -0.4002 -0.6749
vn 0.5115 -0.4094 -0.7555
vn 0.4492 -0.4492 -0.7723
vn 0.8871 -0.3455 0.3062
vn 0.8871 -0.3455 0.3061
vn 0.9222 -0.2996 -0.2445
vn 0.9222 -0.2996 -0.2444
vn 0.9223 -0.2996 -0.2444
vn 0.8119 0.3311 -0.4808
vn 0.9151 0.3077 -0.2604
vn 0.9152 0.3077 -0.2604
vn 0.0233 0.9653 -0.2599
vn 0.0234 0.9655 -0.2595
vn 0.0234 0.9654 -0.2596
vn 0.0157 0.9657 -0.2591
vn -0.1964 -0.4164 0.8877
vn -0.1571 -0.4164 0.8955
vn -0.1576 0.4098 0.8985
vn -0.2294 0.4034 0.8858
vn -0.3008 -0.3551 0.8851
vn -0.2445 -0.3628 0.8992
vn -0.2446 -0.3629 0.8992
vn -0.1897 -0.8218 0.5373
vn -0.1896 -0.8218 0.5373
vn -0.2609 -0.8222 0.5059
vn -0.2609 -0.8221 0.5060
vn -0.1973 0.3312 0.9227
vn -0.1972 0.3312 0.9227
vn -0.2448 0.3396 0.9082
vn 0.0629 0.9593 -0.2752
vn 0.1024 0.9534 -0.2837
vn 0.1025 0.9535 -0.2836
vn 0.2275 0.3846 -0.8946
vn 0.2275 0.3845 -0.8946
vn 0.2201 0.3852 -0.8962
vn 0.2120 0.3925 -0.8950
vn 0.2276 0.3845 -0.8946
vn 0.1657 0.3471 -0.9231
vn 0.1657 0.3472 -0.9230
vn 0.2123 0.3302 -0.9197
vn -0.0001 0.7226 0.6913
vn -0.0394 0.9605 -0.2755
vn -0.0000 0.9494 -0.3139
vn -0.9977 -0.0236 0.0628
vn -0.9977 -0.0236 0.0629
vn -0.9957 -0.0474 0.0790
vn -0.9970 -0.0549 0.0548
vn -0.9970 -0.0549 0.0549
vn -0.9895 -0.1100 0.0942
vn -0.9895 -0.1100 0.0941
vn -0.9900 -0.0003 0.1411
vn -0.9985 -0.0001 0.0550
vn -0.9984 -0.0077 0.0552
vn -0.9988 -0.0157 0.0472
vn -0.9972 -0.0707 -0.0235
vn -0.9962 -0.0870 -0.0079
vn -0.9968 -0.0784 0.0158
vn -0.9968 -0.0785 0.0157
vn -0.9962 -0.0863 -0.0079
vn -0.9962 -0.0862 -0.0079
vn -0.9691 -0.0709 -0.2364
vn -0.9513 -0.1022 -0.2909
vn -0.7168 -0.5908 0.3702
vn -0.6199 -0.4002 -0.6749
vn -0.6200 -0.4002 -0.6749
vn -0.7330 -0.4650 -0.4965
vn -0.4492 -0.4492 -0.7723
vn -0.5115 -0.4093 -0.7555
vn -0.5116 -0.4093 -0.7555
vn -0.8871 -0.3455 0.3062
vn -0.8871 -0.3455 0.3061
vn -0.9222 -0.2996 -0.2444
vn -0.9223 -0.2996 -0.2444
vn -0.9223 -0.2995 -0.2443
vn -0.8119 0.3311 -0.4808
vn -0.9152 0.3077 -0.2603
vn -0.0235 0.9655 -0.2593
vn -0.0235 0.9656 -0.2591
vn -0.0157 0.9657 -0.2591
vn -0.1646 0.9725 -0.1646
vn -0.1647 0.9725 -0.1647
vn 0.1647 0.9725 -0.1647
vn 0.1646 0.9725 -0.1646
vn -0.4245 0.3537 0.8335
vn -0.3465 0.2127 0.9136
vn -0.5133 0.3710 0.7739
vn -0.2359 0.3144 0.9195
vn -0.2127 0.9537 -0.2127
vn -0.2128 0.9536 -0.2128
vn -0.0000 0.9995 -0.0314
vn -0.0001 0.9995 -0.0314
vn -0.0000 0.9995 -0.0315
vn 0.6676 -0.5105 -0.5419
vn 0.6676 -0.5105 -0.5420
vn 0.7726 -0.6150 -0.1577
vn 0.6228 0.7647 0.1655
vn 0.6228 0.7647 0.1656
vn 0.3225 0.8337 -0.4483
vn 0.3225 0.8337 -0.4484
vn 0.5678 0.8201 0.0711
vn 0.5678 0.8201 0.0710
vn 0.7293 0.6039 0.3216
vn 0.7292 0.6040 0.3217
vn 0.7295 0.6038 0.3214
vn 0.6393 -0.6236 -0.4499
vn 0.6394 -0.6236 -0.4499
vn 0.6392 -0.6236 -0.4499
vn 0.2125 0.4958 -0.8420
vn 0.2125 0.4958 -0.8421
vn 0.2126 0.4958 -0.8420
vn 0.2198 0.3062 -0.9263
vn 0.2197 0.3062 -0.9263
vn 0.2586 0.0313 -0.9655
vn 0.2591 0.0314 -0.9653
vn -0.9190 0.3219 -0.2278
vn -0.8827 0.4335 -0.1813
vn -0.9189 0.3220 -0.2278
vn -0.9410 0.2057 -0.2688
vn -0.0867 0.9766 0.1970
vn -0.0000 0.9835 0.1810
vn -0.0628 0.9815 0.1806
vn -0.0000 0.9874 0.1580
vn -0.0000 0.9975 0.0707
vn -0.0000 0.9969 0.0785
vn -0.0314 0.9964 0.0784
vn -0.0235 0.9966 0.0785
vn -0.0079 0.9874 0.1580
vn -0.0000 0.9862 0.1657
vn -0.0000 0.9980 0.0629
vn -0.0000 0.9997 0.0236
vn 0.0079 0.9997 0.0236
vn -0.0471 0.9988 -0.0157
vn -0.0000 0.9658 0.2592
vn -0.0000 0.9658 0.2591
vn -0.0078 0.9658 0.2591
vn -0.0157 0.9657 0.2592
vn -0.0000 0.9999 0.0157
vn -0.0158 0.9998 0.0157
vn -0.0157 0.9996 0.0235
vn -0.0000 0.9806 0.1961
vn -0.0000 0.9803 0.1976
vn -0.0079 0.9802 0.1976
vn -0.0000 0.9787 0.2052
vn -0.0000 -0.6151 -0.7885
vn -0.0000 -0.6151 -0.7884
vn -0.2366 -0.7648 0.5992
vn -0.0002 -0.7885 0.6150
vn -0.0000 -0.7637 -0.6456
vn -0.0000 -0.9488 -0.3160
vn -0.0000 -0.9487 -0.3163
vn -0.0000 -0.9486 -0.3164
vn -0.0000 0.9439 0.3302
vn -0.0000 0.9439 0.3303
vn -0.0000 0.6146 0.7888
vn -0.0000 0.9251 0.3797
vn -0.0000 0.9252 0.3794
vn -0.0000 0.9251 0.3798
vn -0.0000 0.9252 0.3795
vn -0.7568 -0.4889 0.4338
vn -0.6206 -0.4792 0.6206
vn -0.6206 -0.4793 0.6206
vn -0.0000 -1.0000 -0.0079
vn 0.0001 -1.0000 -0.0079
vn 0.0078 -1.0000 -0.0001
vn -0.2272 -0.4787 -0.8481
vn -0.2276 -0.4789 -0.8479
vn -0.7071 -0.0000 -0.7071
vn -0.0002 -0.0000 1.0000
vn -0.2591 -0.0000 0.9659
vn -0.4250 -0.0000 0.9052
vn -0.5745 -0.0000 0.8185
vn -0.8185 -0.0000 0.5745
vn -0.9082 -0.0000 0.4186
vn -1.0000 -0.0000 -0.0000
vn -0.8677 -0.0000 -0.4970
vn -0.8678 -0.0000 -0.4970
vn -0.5745 -0.0000 -0.8185
vn -0.4186 -0.0000 -0.9082
vn -0.2592 -0.0000 -0.9658
vn -0.2593 -0.0000 -0.9658
vn -0.0002 -0.0000 -1.0000
vn -0.0002 0.0001 -1.0000
vn 0.3465 0.2127 0.9136
vn 0.4245 0.3537 0.8335
vn 0.5133 0.3710 0.7739
vn 0.2358 0.3144 0.9196
vn 0.2128 0.9536 -0.2128
vn -0.6676 -0.5105 -0.5419
vn -0.6676 -0.5105 -0.5420
vn -0.7726 -0.6150 -0.1577
vn -0.6228 0.7647 0.1656
vn -0.6228 0.7647 0.1655
vn -0.3225 0.8337 -0.4483
vn -0.3225 0.8336 -0.4484
vn -0.5678 0.8201 0.0710
vn -0.5678 0.8201 0.0711
vn -0.7292 0.6040 0.3217
vn -0.7294 0.6039 0.3215
vn -0.7293 0.6039 0.3216
vn -0.6393 -0.6236 -0.4499
vn -0.2125 0.4958 -0.8421
vn -0.2125 0.4958 -0.8420
vn -0.2199 0.3061 -0.9263
vn -0.2197 0.3062 -0.9263
vn -0.2586 0.0313 -0.9655
vn 0.9190 0.3219 -0.2278
vn 0.9189 0.3220 -0.2278
vn 0.8827 0.4335 -0.1812
vn 0.9410 0.2056 -0.2689
vn 0.0866 0.9766 0.1969
vn 0.0628 0.9815 0.1806
vn 0.0314 0.9964 0.0785
vn 0.0235 0.9966 0.0785
vn 0.0079 0.9874 0.1580
vn -0.0079 0.9997 0.0236
vn 0.0472 0.9988 -0.0157
vn 0.0078 0.9658 0.2591
vn 0.0157 0.9657 0.2591
vn 0.0157 0.9998 0.0158
vn 0.0157 0.9996 0.0235
vn 0.0079 0.9802 0.1976
vn -0.0000 -0.6150 -0.7885
vn 0.2366 -0.7648 0.5992
vn 0.0002 -0.7885 0.6150
vn -0.0000 -0.7637 -0.6455
vn -0.0000 0.6151 0.7884
vn -0.0000 0.9251 0.3796
vn -0.0000 0.9250 0.3799
vn 0.6206 -0.4792 0.6206
vn 0.7568 -0.4889 0.4338
vn -0.0001 -1.0000 -0.0078
vn -0.0001 -1.0000 -0.0079
vn -0.0078 -1.0000 -0.0001
vn 0.2272 -0.4787 -0.8481
vn 0.7071 -0.0000 -0.7071
vn 0.2591 -0.0000 0.9659
vn 0.0002 -0.0000 1.0000
vn 0.4250 -0.0000 0.9052
vn 0.0002 -0.0001 1.0000
vn 0.5745 -0.0000 0.8185
vn 0.8185 -0.0000 0.5745
vn 0.9082 -0.0000 0.4186
vn 1.0000 -0.0000 -0.0000
vn 0.8678 -0.0000 -0.4970
vn 0.5745 -0.0000 -0.8185
vn 0.4186 -0.0000 -0.9082
vn 0.2593 -0.0000 -0.9658
vn 0.2592 -0.0000 -0.9658
vn 0.0002 -0.0000 -1.0000
vn -0.0000 -1.0000 0.0078
vn -0.0000 -1.0000 0.0077
vn -0.0000 -1.0000 0.0079
vn -0.0000 0.3067 -0.9518
vn -0.0000 0.3068 -0.9518
vn -0.0000 0.4877 -0.8730
vn -0.0000 0.4876 -0.8731
vn -0.0000 0.4875 -0.8731
vn -0.0000 0.1183 -0.9930
vn -0.0000 0.3634 -0.9316
vn -0.0000 -0.6708 -0.7417
vn -0.0000 -1.0000 0.0080
vn -0.0000 -1.0000 0.0085
vn -0.0000 -0.6707 -0.7417
vn 0.8441 0.4497 -0.2919
vn 0.7781 0.4402 -0.4481
vn 0.8506 0.5041 -0.1497
vn 0.8423 0.5353 0.0630
vn 0.5441 0.6387 0.5441
vn 0.5500 0.6285 0.5500
vn 0.6207 -0.4791 0.6207
vn 0.6206 -0.4793 0.6206
vn 0.7691 0.5808 -0.2668
vn 0.6936 0.5754 -0.4335
vn 0.5968 0.6125 -0.5183
vn 0.4498 0.6155 -0.6471
vn 0.0002 0.6870 -0.7266
vn 0.0002 0.6790 -0.7342
vn 0.7071 -0.0000 0.7071
vn -0.8935 0.1977 -0.4033
vn -0.8964 0.1887 -0.4011
vn -0.8906 0.1970 -0.4098
vn -0.8919 0.1894 -0.4105
vn -0.8932 0.1819 -0.4112
vn -0.6936 0.5753 -0.4335
vn -0.7690 0.5811 -0.2663
vn -0.5968 0.6125 -0.5183
vn -0.4498 0.6155 -0.6471
vn -0.0002 0.6871 -0.7266
vn -0.0002 0.6789 -0.7342
vn 0.0002 -0.6952 -0.7189
vn 0.1893 -0.6784 -0.7099
vn 0.3626 -0.6935 -0.6226
vn 0.5897 -0.6919 -0.4167
vn 0.6530 -0.6924 -0.3069
vn 0.7189 -0.6951 -0.0000
vn 0.7189 -0.6952 -0.0000
vn 0.6530 -0.6924 0.3069
vn 0.5897 -0.6919 0.4167
vn 0.3625 -0.6935 0.6226
vn 0.3623 -0.6935 0.6227
vn 0.0002 -0.6951 0.7189
vn 0.0002 -0.6952 0.7189
vn -0.0000 0.6991 -0.7150
vn -0.0000 0.6993 -0.7149
vn -0.0000 -0.6991 -0.7150
vn -0.0000 -0.6991 -0.7151
vn -0.0001 -0.6991 -0.7150
vn -0.0000 -0.6993 -0.7149
vn -0.0003 -0.6991 -0.7150
vn -0.0001 -0.6990 -0.7151
vn -0.0005 -0.6992 -0.7150
vn -0.0001 -0.6992 -0.7150
vn 0.0001 -0.6992 -0.7149
vn 0.0001 -0.6993 -0.7149
vn -0.0003 -0.6992 -0.7149
vn -0.0000 -0.6992 -0.7149
vn 0.1341 -0.5442 -0.8282
vn 0.1098 -0.5329 -0.8390
vn 0.1728 -0.5263 -0.8326
vn 0.2052 -0.5209 -0.8286
vn 0.2512 -0.4945 -0.8321
vn 0.1495 0.4327 -0.8891
vn 0.1806 0.4399 -0.8797
vn 0.1971 0.4416 -0.8753
vn 0.2212 0.4425 -0.8691
vn 0.2287 0.4416 -0.8676
vn 0.1894 0.7022 -0.6864
vn 0.1183 0.7177 -0.6862
vn 0.2367 0.7103 -0.6629
vn 0.2996 0.7016 -0.6465
vn 0.3304 0.7238 -0.6058
vn -0.0000 0.6992 -0.7149
vn -0.0000 0.6992 -0.7150
vn -0.0000 0.9195 -0.3930
vn -0.0000 0.9195 -0.3932
vn -0.0000 0.9195 -0.3931
vn 0.4811 0.4808 0.7331
vn 0.3550 0.6078 0.7103
vn -0.0078 0.6912 0.7226
vn 0.6368 0.2673 0.7232
vn 0.5255 0.1804 0.8314
vn 0.4958 0.2125 0.8421
vn 0.3476 0.1580 0.9242
vn 0.2275 0.1804 0.9569
vn -0.0000 0.2128 0.9771
vn -0.0000 0.3068 0.9518
vn -0.2275 0.1804 0.9569
vn -0.3476 0.1580 0.9242
vn -0.5255 0.1804 0.8314
vn -0.4958 0.2125 0.8420
vn -0.6368 0.2673 0.7232
vn -0.4810 0.4807 0.7331
vn -0.3550 0.6078 0.7103
vn 0.0079 0.6912 0.7226
vn -0.7071 -0.0000 0.7071
vn 0.6354 0.2746 -0.7217
vn 0.6298 0.2362 -0.7400
vn 0.5829 0.1654 -0.7955
vn 0.6533 0.3227 -0.6848
vn 0.6455 0.3385 -0.6847
vn 0.5611 0.1502 -0.8140
vn 0.5521 0.1498 -0.8202
vn 0.5520 0.1498 -0.8202
vn 0.5658 0.1571 -0.8095
vn 0.5747 0.1575 -0.8030
vn 0.5740 0.1651 -0.8021
vn 0.5361 0.1656 -0.8277
vn 0.2827 0.8564 -0.4320
vn 0.5374 0.1501 -0.8298
vn 0.4091 0.6531 -0.6373
vn 0.5452 0.1659 -0.8217
vn 0.2118 0.9256 -0.3137
vn 0.2509 0.1883 -0.9495
vn -0.0782 0.2195 -0.9725
vn -0.6764 0.2910 -0.6766
vn -0.6708 0.3157 -0.6710
vn 0.0552 0.9947 0.0868
vn -0.0000 0.9939 0.1104
vn -0.0157 0.9968 0.0785
vn 0.2117 0.9256 -0.3136
vn -0.0000 1.0000 -0.0080
vn 0.0157 0.9998 -0.0079
vn 0.4092 0.6529 -0.6374
vn 0.2828 0.8563 -0.4321
vn 0.0078 1.0000 -0.0000
vn 0.5441 0.6386 0.5441
vn 0.0630 0.5353 0.8423
vn 0.5499 0.6286 0.5500
vn -0.1497 0.5041 0.8506
vn -0.2919 0.4497 0.8442
vn -0.4480 0.4402 0.7782
vn -0.7327 0.4096 0.5435
vn -0.7425 0.4108 0.5291
vn -0.7350 0.4031 0.5453
vn -0.7442 0.4230 0.5170
vn -0.8411 0.4402 0.3144
vn -0.9167 0.3635 0.1660
vn -0.9448 0.2677 0.1891
vn -0.8951 0.1963 0.4003
vn -0.8217 0.1659 0.5452
vn -0.8083 0.2120 0.5492
vn -0.9495 0.1883 0.2509
vn -0.9725 0.2195 -0.0782
vn -0.6766 0.2910 -0.6764
vn -0.6710 0.3157 -0.6708
vn 0.1104 0.9939 -0.0000
vn 0.0868 0.9947 0.0552
vn 0.0868 0.9947 0.0551
vn 0.0785 0.9968 -0.0157
vn 0.0315 0.9992 -0.0236
vn -0.0079 1.0000 -0.0000
vn -0.0079 0.9999 0.0079
vn -0.0078 0.9998 0.0156
vn -0.0000 1.0000 0.0079
vn 0.5614 -0.6080 0.5614
vn 0.5611 -0.6085 0.5611
vn 0.6545 0.3784 0.6545
vn 0.6545 0.3786 0.6545
vn 0.6545 0.3785 0.6545
vn 0.6545 0.3783 0.6545
vn -0.0079 -0.4816 0.8763
vn -0.0000 -0.4660 0.8848
vn 0.0314 -0.4248 0.9047
vn 0.0236 -0.4721 0.8812
vn 0.0944 -0.4326 0.8966
vn 0.1411 -0.4080 0.9020
vn 0.1422 -0.4108 0.9006
vn 0.1423 -0.4107 0.9006
vn 0.0552 -0.4338 0.8993
vn 0.0552 -0.4497 0.8915
vn 0.0395 -0.4182 0.9075
vn 0.0790 -0.4740 0.8770
vn 0.1027 -0.3871 0.9163
vn 0.1027 -0.3870 0.9163
vn 0.1180 -0.2832 0.9518
vn 0.1260 -0.2994 0.9458
vn -0.8441 -0.2366 0.4812
vn -0.8141 -0.2690 0.5146
vn -0.8172 -0.2515 0.5186
vn -0.8689 -0.2054 0.4503
vn -0.9167 -0.1659 0.3635
vn -0.9242 -0.1580 0.3477
vn -0.9088 -0.1738 0.3793
vn -0.9596 -0.1259 0.2517
vn -0.9605 -0.1181 0.2519
vn -0.9949 -0.0631 0.0790
vn -0.9937 -0.0868 0.0709
vn 0.0078 0.9021 0.4314
vn -0.1026 -0.7984 -0.5933
vn -0.1343 -0.7501 -0.6475
vn -0.1027 -0.7985 -0.5931
vn -0.1731 -0.6925 -0.7003
vn -0.2051 -0.6389 -0.7415
vn -0.2051 -0.6388 -0.7415
vn -0.4408 0.5511 -0.7085
vn -0.4420 0.5766 -0.6871
vn -0.4421 0.5766 -0.6871
vn -0.4489 0.5119 -0.7324
vn -0.4490 0.4883 -0.7483
vn -0.4490 0.4882 -0.7484
vn 0.8935 0.1977 -0.4033
vn 0.8906 0.1970 -0.4098
vn 0.8964 0.1887 -0.4011
vn 0.8920 0.1894 -0.4104
vn 0.8933 0.1818 -0.4111
vn 0.5423 -0.3851 -0.7467
vn 0.5444 -0.4339 -0.7179
vn 0.4887 -0.4966 -0.7173
vn 0.5220 -0.3559 -0.7751
vn 0.4874 -0.3459 -0.8018
vn 0.4343 -0.4186 -0.7976
vn 0.0001 -0.0002 1.0000
vn -0.0000 -0.4186 0.9082
vn -0.0000 -0.0002 1.0000
vn -0.0000 -0.5745 0.8185
vn -0.0000 -0.8643 0.5029
vn -0.0000 -0.8644 0.5028
vn -0.0000 -0.9962 0.0870
vn -0.0000 -0.9962 -0.0870
vn -0.0000 -0.8644 -0.5029
vn -0.0000 -0.8643 -0.5029
vn -0.0000 -0.5029 -0.8644
vn -0.0000 -0.5029 -0.8643
vn -0.0000 -0.0870 -0.9962
vn -0.0000 0.0870 -0.9962
vn -0.0000 0.5029 -0.8643
vn -0.0000 0.5029 -0.8644
vn -0.0000 0.8643 -0.5029
vn -0.0000 0.8644 -0.5029
vn -0.0000 0.9962 -0.0870
vn -0.0000 0.9962 0.0870
vn -0.0000 0.9082 0.4186
vn -0.0001 0.8185 0.5745
vn -0.0000 0.5745 0.8185
vn -0.0000 0.4186 0.9082
vn -0.0000 0.0002 1.0000
vn -0.0000 0.0868 0.9962
vn -0.0000 -0.0871 0.9962
vn 0.0001 -0.8185 0.5745
vn -0.0000 -0.9082 0.4186
vn -0.0000 -0.9962 0.0869
vn -0.0000 -0.9962 -0.0869
vn -0.0000 -0.9082 -0.4186
vn -0.0000 -0.8185 -0.5745
vn -0.0000 -0.5745 -0.8185
vn -0.0000 -0.4186 -0.9082
vn -0.0000 -0.0869 -0.9962
vn -0.0000 0.0869 -0.9962
vn -0.0000 0.4186 -0.9082
vn -0.0000 0.5745 -0.8185
vn -0.0000 0.8185 -0.5745
vn -0.0000 0.9082 -0.4186
vn -0.0000 0.9962 -0.0869
vn -0.0000 0.9962 0.0869
vn -0.0000 0.8185 0.5745
vn -0.0000 0.0871 0.9962
vn -0.0000 -0.0868 0.9962
vn -0.0000 -0.9962 0.0868
vn -0.0000 -0.9962 -0.0871
vn 0.0001 0.4186 0.9082
vn -0.0000 0.0869 0.9962
vn -0.0000 -0.0869 0.9962
vn -0.0000 -0.9962 0.0871
vn -0.0000 -0.9962 -0.0868
vn -0.0001 -0.9962 -0.0868
vn -0.0000 -0.8185 0.5745
vn -0.0000 -0.0870 0.9962
vn -0.0000 0.0870 0.9962
vn -0.0000 0.4970 -0.8678
vn 0.0001 -0.8185 -0.5745
vn -0.0000 -1.0000 0.0002
vn -0.0229 -0.9080 0.4185
vn -0.0236 -0.9997 0.0002
vn -0.0236 -0.4970 0.8675
vn -0.0000 -0.5029 0.8643
vn -0.0000 -0.0000 1.0000
vn -0.0233 -0.0000 0.9997
vn -0.0237 0.4969 0.8675
vn -0.0000 0.5029 0.8643
vn -0.0237 0.9079 0.4185
vn -0.0236 0.9997 -0.0000
vn -0.0237 0.8675 -0.4969
vn -0.0237 0.4185 -0.9079
vn -0.0000 -0.0000 -1.0000
vn -0.0233 -0.0000 -0.9997
vn -0.0229 -0.4185 -0.9080
vn -0.0237 -0.8675 -0.4969
vn -0.0000 -0.8678 -0.4970
vn -0.0000 -1.0000 -0.0002
vn -0.0236 -0.9997 -0.0002
vn -0.9060 0.2048 0.3703
vn -0.9602 0.2125 0.1811
vn -0.9604 0.2047 0.1889
vn -0.8239 0.2118 0.5257
vn -0.8139 0.2213 0.5372
vn -0.8906 0.2522 0.3784
vn -0.9409 0.2509 0.2274
vn -0.9374 0.2757 0.2127
vn -0.0001 0.5602 -0.8284
vn -0.0000 0.5601 -0.8284
vn -0.0000 0.5602 -0.8283
vn -0.0000 -0.5273 -0.8497
vn -0.1731 -0.5113 -0.8418
vn -0.0000 -0.5270 -0.8499
vn -0.3472 -0.4813 -0.8049
vn -0.5095 -0.4311 -0.7447
vn -0.5089 -0.4463 -0.7361
vn -0.5918 -0.7655 -0.2525
vn -0.5919 -0.7654 -0.2526
vn -0.5917 -0.7656 -0.2525
vn -0.5919 -0.7655 -0.2525
vn -0.1893 -0.6784 -0.7099
vn -0.0002 -0.6952 -0.7189
vn -0.3625 -0.6935 -0.6226
vn -0.5897 -0.6919 -0.4167
vn -0.6530 -0.6924 -0.3069
vn -0.7189 -0.6952 -0.0000
vn -0.7190 -0.6950 -0.0000
vn -0.6530 -0.6924 0.3069
vn -0.5897 -0.6919 0.4167
vn -0.3626 -0.6935 0.6225
vn -0.3626 -0.6935 0.6226
vn -0.0002 -0.6951 0.7189
vn -0.0002 -0.6952 0.7189
vn 0.0002 -0.7914 -0.6112
vn 0.2599 -0.7874 -0.5590
vn 0.0002 -0.7915 -0.6112
vn 0.3544 -0.7876 -0.5041
vn 0.5263 -0.7932 -0.3063
vn 0.5262 -0.7933 -0.3063
vn 0.6113 -0.7914 -0.0000
vn 0.5262 -0.7933 0.3063
vn 0.5263 -0.7932 0.3063
vn 0.3063 -0.7933 0.5262
vn 0.1651 -0.7785 0.6055
vn 0.0002 -0.7914 0.6113
vn 0.0002 -0.7915 0.6112
vn -0.6298 0.2362 -0.7400
vn -0.6354 0.2746 -0.7217
vn -0.5829 0.1654 -0.7955
vn -0.6533 0.3227 -0.6848
vn -0.6454 0.3384 -0.6848
vn -0.5521 0.1498 -0.8202
vn -0.5611 0.1502 -0.8140
vn -0.5658 0.1572 -0.8094
vn -0.5747 0.1575 -0.8030
vn -0.5740 0.1652 -0.8020
vn -0.2828 0.8564 -0.4319
vn -0.5361 0.1656 -0.8277
vn -0.5374 0.1501 -0.8298
vn -0.4091 0.6530 -0.6373
vn -0.5452 0.1659 -0.8217
vn -0.2118 0.9256 -0.3137
vn -0.2509 0.1883 -0.9495
vn 0.0782 0.2195 -0.9725
vn 0.6764 0.2910 -0.6766
vn 0.6708 0.3157 -0.6710
vn -0.0552 0.9947 0.0868
vn -0.0551 0.9947 0.0868
vn 0.0157 0.9968 0.0785
vn -0.2117 0.9256 -0.3136
vn -0.0000 1.0000 -0.0079
vn -0.0157 0.9998 -0.0079
vn -0.4092 0.6529 -0.6374
vn -0.2828 0.8563 -0.4321
vn -0.0078 1.0000 -0.0000
vn -0.0630 0.5353 0.8423
vn -0.5441 0.6387 0.5441
vn -0.5500 0.6285 0.5500
vn 0.1497 0.5041 0.8506
vn 0.2919 0.4497 0.8442
vn 0.4481 0.4402 0.7781
vn 0.7425 0.4108 0.5291
vn 0.7327 0.4096 0.5435
vn 0.7350 0.4031 0.5453
vn 0.7442 0.4230 0.5170
vn 0.8411 0.4402 0.3144
vn 0.9167 0.3635 0.1660
vn 0.9448 0.2677 0.1891
vn 0.8951 0.1963 0.4003
vn 0.8217 0.1659 0.5452
vn 0.8083 0.2118 0.5494
vn 0.9495 0.1883 0.2509
vn 0.9725 0.2195 -0.0782
vn 0.6766 0.2910 -0.6764
vn 0.6711 0.3157 -0.6708
vn -0.5441 0.6386 0.5441
vn -0.8423 0.5353 0.0630
vn -0.8506 0.5041 -0.1497
vn -0.8441 0.4497 -0.2919
vn -0.7781 0.4402 -0.4481
vn -0.0868 0.9947 0.0552
vn -0.1104 0.9939 -0.0000
vn -0.0869 0.9947 0.0553
vn -0.0785 0.9968 -0.0157
vn -0.0314 0.9992 -0.0236
vn 0.0079 1.0000 -0.0000
vn 0.0079 0.9999 0.0079
vn 0.0079 0.9998 0.0156
vn -0.5611 -0.6085 0.5611
vn -0.5612 -0.6084 0.5612
vn -0.5614 -0.6080 0.5614
vn -0.6207 -0.4791 0.6207
vn -0.6545 0.3784 0.6545
vn -0.6545 0.3785 0.6545
vn -0.0000 -0.4661 0.8848
vn 0.0079 -0.4816 0.8763
vn -0.0315 -0.4248 0.9047
vn -0.0236 -0.4721 0.8812
vn -0.0944 -0.4326 0.8966
vn -0.1412 -0.4078 0.9021
vn -0.1421 -0.4108 0.9006
vn -0.1422 -0.4108 0.9006
vn -0.0552 -0.4497 0.8915
vn -0.0552 -0.4338 0.8993
vn -0.0395 -0.4182 0.9075
vn -0.0790 -0.4740 0.8770
vn -0.1027 -0.3871 0.9163
vn -0.1027 -0.3870 0.9163
vn -0.1179 -0.2831 0.9518
vn -0.1261 -0.2995 0.9457
vn 0.8441 -0.2366 0.4812
vn 0.8172 -0.2515 0.5186
vn 0.8141 -0.2690 0.5146
vn 0.8689 -0.2054 0.4503
vn 0.9167 -0.1659 0.3635
vn 0.9242 -0.1580 0.3476
vn 0.9088 -0.1738 0.3793
vn 0.9596 -0.1259 0.2517
vn 0.9605 -0.1181 0.2520
vn 0.9949 -0.0632 0.0789
vn 0.9937 -0.0868 0.0709
vn -0.0078 0.9021 0.4314
vn 0.1343 -0.7501 -0.6475
vn 0.1028 -0.7987 -0.5929
vn 0.1028 -0.7986 -0.5931
vn 0.1731 -0.6925 -0.7003
vn 0.2051 -0.6389 -0.7415
vn 0.2051 -0.6388 -0.7415
vn 0.4423 0.5765 -0.6871
vn 0.4409 0.5510 -0.7085
vn 0.4489 0.5119 -0.7324
vn 0.4490 0.4884 -0.7483
vn 0.4490 0.4883 -0.7483
vn -0.5423 -0.3851 -0.7467
vn -0.4887 -0.4966 -0.7173
vn -0.5444 -0.4339 -0.7179
vn -0.5220 -0.3559 -0.7751
vn -0.4873 -0.3459 -0.8018
vn -0.4343 -0.4186 -0.7976
vn -0.0000 0.5028 -0.8644
vn 0.0001 -0.9962 -0.0871
vn -0.0000 0.8644 -0.5028
vn 0.0237 -0.9079 0.4185
vn 0.0236 -0.9997 0.0002
vn 0.0237 -0.4969 0.8675
vn 0.0233 -0.0000 0.9997
vn 0.0237 0.4968 0.8675
vn 0.0229 0.9079 0.4185
vn 0.0233 0.9997 -0.0000
vn 0.0236 0.8675 -0.4969
vn 0.0229 0.4185 -0.9079
vn 0.0233 -0.0000 -0.9997
vn 0.0237 -0.4185 -0.9079
vn 0.0236 -0.8675 -0.4969
vn 0.0236 -0.9997 -0.0002
vn 0.9060 0.2048 0.3703
vn 0.9604 0.2047 0.1889
vn 0.9602 0.2125 0.1810
vn 0.8239 0.2118 0.5257
vn 0.8139 0.2213 0.5372
vn 0.8906 0.2522 0.3784
vn 0.9409 0.2509 0.2274
vn 0.9374 0.2757 0.2127
vn 0.1731 -0.5113 -0.8418
vn -0.0000 -0.5272 -0.8498
vn -0.0000 -0.5272 -0.8497
vn 0.3472 -0.4813 -0.8049
vn 0.5095 -0.4311 -0.7447
vn 0.5090 -0.4463 -0.7361
vn 0.5919 -0.7655 -0.2525
vn 0.5920 -0.7654 -0.2526
vn 0.5917 -0.7656 -0.2525
vn 0.5918 -0.7655 -0.2525
vn -0.2599 -0.7874 -0.5590
vn -0.0002 -0.7915 -0.6112
vn -0.0002 -0.7914 -0.6113
vn -0.3544 -0.7876 -0.5041
vn -0.5262 -0.7933 -0.3063
vn -0.6113 -0.7914 -0.0000
vn -0.5263 -0.7932 0.3063
vn -0.5262 -0.7933 0.3063
vn -0.3063 -0.7933 0.5262
vn -0.1651 -0.7786 0.6055
vn -0.1651 -0.7785 0.6055
vn -0.0002 -0.7915 0.6112
vn 0.9307 0.0473 0.3628
vn 0.9320 0.0711 0.3555
vn 0.9196 0.1335 0.3695
vn 0.9317 -0.0079 0.3632
vn 0.9121 -0.0314 0.4089
vn 0.8578 -0.1023 0.5037
vn 0.8208 -0.1105 0.5604
vn 0.7812 -0.1736 0.5997
vn 0.6518 -0.2042 0.7303
vn 0.8800 -0.1336 0.4558
vn 0.5818 -0.2359 0.7783
vn -0.0000 -0.2832 0.9591
vn 0.7842 -0.1725 0.5960
vn -0.0000 -0.2901 0.9570
vn 0.5917 -0.2288 0.7731
vn -0.5818 -0.2359 0.7784
vn -0.6518 -0.2042 0.7303
vn -0.0000 -0.2835 0.9590
vn -0.7812 -0.1736 0.5997
vn -0.8208 -0.1105 0.5604
vn -0.5917 -0.2288 0.7731
vn -0.8578 -0.1023 0.5037
vn -0.9122 -0.0236 0.4090
vn -0.9317 -0.0079 0.3632
vn -0.9307 0.0473 0.3628
vn -0.9320 0.0711 0.3554
vn -0.9206 0.1259 0.3698
vn -0.8800 -0.1336 0.4558
vn -0.7842 -0.1725 0.5960
vn -0.8187 -0.3149 0.4802
vn -0.5491 -0.4472 0.7060
vn -0.6943 -0.4418 0.5681
vn -0.8185 -0.3777 0.4329
vn -0.9780 -0.0394 0.2050
vn -0.9570 -0.0870 0.2768
vn -0.7322 -0.4406 0.5194
vn -0.5121 -0.6305 0.5833
vn -0.6277 -0.6199 0.4708
vn -0.6444 -0.5894 0.4872
vn -0.4555 -0.6675 0.5890
vn -0.0000 -0.7710 0.6369
vn -0.0000 -0.5510 0.8345
vn 0.5491 -0.4472 0.7060
vn 0.4555 -0.6675 0.5890
vn 0.6943 -0.4418 0.5681
vn 0.6444 -0.5894 0.4872
vn 0.8187 -0.3149 0.4802
vn 0.8185 -0.3777 0.4329
vn 0.6277 -0.6199 0.4708
vn 0.9780 -0.0394 0.2050
vn 0.5122 -0.6305 0.5832
vn 0.9570 -0.0870 0.2768
vn 0.7322 -0.4406 0.5194
vn -0.4648 -0.8114 0.3545
vn -0.4262 -0.7340 0.5288
vn -0.5122 -0.7170 0.4728
vn -0.4561 -0.8729 0.1730
vn -0.3232 -0.9460 -0.0237
vn -0.2834 -0.9526 -0.1102
vn -0.1962 -0.9652 -0.1727
vn -0.1729 -0.9667 -0.1886
vn -0.0000 -0.9787 -0.2052
vn -0.0000 -0.9821 -0.1886
vn 0.1729 -0.9667 -0.1886
vn 0.1962 -0.9652 -0.1727
vn 0.2834 -0.9526 -0.1102
vn 0.3232 -0.9460 -0.0237
vn 0.4561 -0.8729 0.1730
vn 0.4648 -0.8114 0.3545
vn 0.5122 -0.7171 0.4728
vn 0.4262 -0.7340 0.5288
vn -0.1727 -0.5263 -0.8326
vn -0.2052 -0.5209 -0.8286
vn -0.2512 -0.4945 -0.8321
vn -0.1341 -0.5442 -0.8282
vn -0.1097 -0.5332 -0.8388
vn -0.2367 0.7103 -0.6629
vn -0.2996 0.7016 -0.6465
vn -0.3304 0.7237 -0.6058
vn -0.1894 0.7022 -0.6864
vn -0.1183 0.7177 -0.6862
vn -0.1495 0.4327 -0.8891
vn -0.1971 0.4416 -0.8753
vn -0.1806 0.4398 -0.8797
vn -0.2212 0.4425 -0.8691
vn -0.2287 0.4416 -0.8675
vn -0.0000 -0.9969 0.0785
vn -0.0000 -0.9224 0.3863
vn -0.0000 -0.9969 0.0786
vn 0.0079 -0.7267 0.6869
vn 0.0079 -0.7303 0.6831
vn -0.0157 -0.9288 0.3701
vn -0.0315 -0.9984 0.0472
vn -0.0707 -0.9972 0.0235
vn 0.9848 0.1103 -0.1339
vn 0.9868 0.1105 -0.1184
vn 0.9810 0.1412 -0.1334
vn 0.9890 0.0785 -0.1256
vn 0.9837 0.0865 -0.1574
vn 0.9875 0.0474 -0.1501
vn 0.9810 0.0471 -0.1883
vn 0.9819 0.0157 -0.1885
vn 0.9753 0.0157 -0.2202
vn 0.9770 -0.0157 -0.2127
vn 0.9714 -0.0158 -0.2369
vn 0.9777 -0.0472 -0.2048
vn -0.2120 -0.7616 -0.6124
vn -0.2045 -0.7628 -0.6134
vn -0.2056 -0.7595 -0.6171
vn -0.2130 -0.7653 -0.6074
vn -0.2205 -0.7639 -0.6065
vn -0.2280 -0.7626 -0.6053
vn -0.2280 -0.7626 -0.6054
vn -0.2366 -0.7649 -0.5991
vn -0.2428 -0.7597 -0.6032
vn -0.2513 -0.7620 -0.5969
vn -0.2513 -0.7619 -0.5970
vn -0.2599 -0.7639 -0.5907
vn -0.0949 0.9170 -0.3873
vn -0.1022 0.9136 -0.3937
vn -0.0946 0.9142 -0.3940
vn -0.1097 0.9168 -0.3839
vn -0.1105 0.9155 -0.3867
vn -0.1264 0.9166 -0.3793
vn -0.1338 0.9129 -0.3856
vn -0.1420 0.9147 -0.3784
vn -0.1579 0.9084 -0.3871
vn -0.1731 0.9128 -0.3699
vn -0.1815 0.9075 -0.3788
vn -0.1889 0.9129 -0.3619
vn -0.0000 0.9194 -0.3932
vn -0.0079 -0.7267 0.6869
vn -0.0079 -0.7303 0.6831
vn 0.0157 -0.9288 0.3701
vn 0.0315 -0.9984 0.0472
vn 0.0707 -0.9972 0.0235
vn 0.0001 -0.6991 -0.7150
vn 0.0001 -0.6991 -0.7151
vn 0.0003 -0.6991 -0.7150
vn -0.0000 -0.6992 -0.7150
vn 0.0005 -0.6992 -0.7150
vn 0.0002 -0.6991 -0.7150
vn 0.0003 -0.6992 -0.7149
vn -0.0001 -0.6993 -0.7148
vn -0.9868 0.1105 -0.1184
vn -0.9848 0.1103 -0.1339
vn -0.9809 0.1412 -0.1334
vn -0.9890 0.0785 -0.1256
vn -0.9837 0.0866 -0.1574
vn -0.9875 0.0474 -0.1501
vn -0.9810 0.0471 -0.1883
vn -0.9819 0.0157 -0.1885
vn -0.9753 0.0157 -0.2202
vn -0.9770 -0.0158 -0.2127
vn -0.9714 -0.0158 -0.2369
vn -0.9776 -0.0472 -0.2049
vn 0.2045 -0.7628 -0.6134
vn 0.2119 -0.7616 -0.6125
vn 0.2057 -0.7595 -0.6171
vn 0.2130 -0.7653 -0.6074
vn 0.2205 -0.7639 -0.6065
vn 0.2280 -0.7626 -0.6054
vn 0.2366 -0.7650 -0.5990
vn 0.2428 -0.7597 -0.6032
vn 0.2513 -0.7619 -0.5969
vn 0.2513 -0.7619 -0.5970
vn 0.2599 -0.7639 -0.5907
vn 0.1023 0.9135 -0.3937
vn 0.0948 0.9170 -0.3874
vn 0.0946 0.9142 -0.3940
vn 0.1097 0.9168 -0.3840
vn 0.1105 0.9155 -0.3868
vn 0.1264 0.9166 -0.3793
vn 0.1338 0.9129 -0.3857
vn 0.1419 0.9147 -0.3785
vn 0.1573 0.9084 -0.3874
vn 0.1731 0.9128 -0.3699
vn 0.1816 0.9075 -0.3788
vn 0.1889 0.9129 -0.3618
vn -0.0316 0.9950 -0.0948
vn -0.0628 0.9960 -0.0628
vn -0.0473 0.9951 -0.0869
vn -0.0627 0.9961 -0.0627
vn -0.0948 0.9950 -0.0316
vn -0.0869 0.9951 -0.0473
vn -0.0631 0.9935 -0.0946
vn -0.0787 0.9938 -0.0787
vn -0.0789 0.9938 -0.0789
vn -0.0946 0.9935 -0.0631
vn -0.2278 0.9428 -0.2435
vn -0.2357 0.9428 -0.2356
vn -0.2444 0.9384 -0.2443
vn -0.2287 0.9463 -0.2287
vn -0.2434 0.9428 -0.2276
vn -0.2444 0.9384 -0.2444
vn -0.0315 0.9994 -0.0157
vn -0.0236 0.9994 -0.0236
vn 0.0550 0.9980 -0.0315
vn -0.0550 0.9970 -0.0550
vn -0.0157 0.9994 -0.0315
vn -0.0315 0.9980 0.0551
vn 0.6116 -0.5018 0.6116
vn 0.6116 -0.5019 0.6116
vn 0.6116 -0.5020 0.6116
vn -0.7628 0.0472 0.6449
vn -0.8252 -0.2042 0.5266
vn -0.8175 -0.3066 0.4875
vn -0.8172 0.1100 0.5658
vn -0.7258 0.3076 0.6153
vn -0.4343 0.4186 0.7976
vn -0.8935 0.2195 0.3919
vn -0.3689 0.5101 0.7770
vn -0.2522 0.4885 0.8353
vn -0.8011 0.3691 0.4712
vn -0.6295 0.4328 0.6453
vn -0.6292 0.4874 0.6054
vn -0.7654 0.4182 0.4892
vn -0.9077 0.2763 0.3157
vn -0.9758 0.1102 0.1889
vn -0.9799 0.1106 0.1659
vn -0.8585 0.3466 0.3780
vn -0.9279 0.2516 0.2752
vn -0.9192 0.1886 0.3457
vn -0.3793 -0.1740 -0.9088
vn -0.3848 -0.1492 -0.9109
vn -0.3793 -0.1738 -0.9088
vn -0.3923 -0.1334 -0.9101
vn -0.3931 -0.1179 -0.9119
vn -0.3932 -0.1178 -0.9119
vn 0.8920 0.1893 -0.4105
vn 0.8919 0.1897 -0.4105
vn 0.0317 0.2922 -0.9558
vn 0.0316 0.2923 -0.9558
vn 0.0316 0.2922 -0.9558
vn 0.9111 -0.0550 0.4085
vn 0.9111 -0.0550 0.4084
vn 0.9111 -0.0549 0.4085
vn -0.0079 1.0000 -0.0001
vn -0.0236 0.9996 0.0157
vn -0.0078 0.9999 0.0079
vn -0.0949 0.9950 0.0317
vn -0.0395 0.9984 0.0393
vn 0.1733 0.9849 -0.0000
vn -0.6634 0.5291 0.5291
vn -0.9249 0.2688 0.2688
vn -0.9186 0.2983 0.2591
vn -0.6604 0.5426 0.5191
vn -0.0002 0.6871 0.7266
vn -0.0000 -0.6586 -0.7525
vn -0.2214 -0.6405 -0.7354
vn -0.2448 -0.6238 -0.7423
vn -0.4319 -0.5889 -0.6831
vn -0.3937 -0.6300 -0.6694
vn 0.5686 -0.7660 0.3001
vn 0.5687 -0.7659 0.3000
vn 0.5685 -0.7660 0.3001
vn -0.9885 0.1490 0.0235
vn -0.9947 0.1026 0.0079
vn -0.9849 0.1732 -0.0000
vn -0.9924 0.1103 0.0552
vn -0.9988 0.0472 0.0157
vn -0.9940 0.0947 0.0552
vn -0.9984 0.0550 0.0157
vn -0.9957 0.0868 0.0316
vn -0.7570 -0.4889 0.4335
vn -0.8730 -0.4877 -0.0000
vn -0.8482 -0.4784 -0.2273
vn -0.8478 -0.4790 -0.2277
vn 0.0001 -1.0000 0.0078
vn 0.0316 0.9950 -0.0948
vn 0.0473 0.9951 -0.0869
vn 0.0628 0.9960 -0.0628
vn 0.0627 0.9961 -0.0627
vn 0.0948 0.9950 -0.0316
vn 0.0869 0.9951 -0.0473
vn 0.0631 0.9935 -0.0946
vn 0.0632 0.9935 -0.0945
vn 0.0787 0.9938 -0.0787
vn 0.0789 0.9938 -0.0789
vn 0.0946 0.9935 -0.0631
vn 0.2444 0.9384 -0.2444
vn 0.2357 0.9428 -0.2357
vn 0.2279 0.9427 -0.2436
vn 0.2287 0.9463 -0.2287
vn 0.2435 0.9428 -0.2278
vn 0.0315 0.9994 -0.0157
vn -0.0550 0.9980 -0.0314
vn 0.0236 0.9994 -0.0236
vn 0.0549 0.9970 -0.0549
vn 0.0157 0.9994 -0.0315
vn 0.0314 0.9980 0.0550
vn -0.6116 -0.5018 0.6116
vn -0.6116 -0.5019 0.6116
vn 0.8176 -0.3066 0.4874
vn 0.8252 -0.2042 0.5266
vn 0.7628 0.0472 0.6449
vn 0.8172 0.1100 0.5658
vn 0.7258 0.3076 0.6153
vn 0.4343 0.4186 0.7976
vn 0.8935 0.2195 0.3919
vn 0.3689 0.5101 0.7770
vn 0.2522 0.4886 0.8353
vn 0.8011 0.3691 0.4712
vn 0.6295 0.4328 0.6453
vn 0.6292 0.4874 0.6054
vn 0.7654 0.4182 0.4892
vn 0.9077 0.2763 0.3157
vn 0.9758 0.1102 0.1889
vn 0.9799 0.1106 0.1660
vn 0.8585 0.3466 0.3780
vn 0.9278 0.2512 0.2759
vn 0.9192 0.1885 0.3456
vn 0.3848 -0.1492 -0.9109
vn 0.3793 -0.1739 -0.9088
vn 0.3794 -0.1740 -0.9087
vn 0.3923 -0.1334 -0.9101
vn 0.3932 -0.1178 -0.9119
vn 0.3931 -0.1179 -0.9119
vn 0.3931 -0.1178 -0.9119
vn -0.8920 0.1895 -0.4105
vn -0.8919 0.1897 -0.4105
vn -0.8919 0.1896 -0.4105
vn -0.0316 0.2923 -0.9558
vn -0.0317 0.2922 -0.9558
vn -0.0316 0.2922 -0.9558
vn -0.9111 -0.0550 0.4084
vn -0.9111 -0.0550 0.4085
vn -0.9111 -0.0549 0.4085
vn 0.0236 0.9996 0.0157
vn 0.0078 0.9999 0.0079
vn 0.0949 0.9950 0.0316
vn 0.0395 0.9984 0.0393
vn -0.1733 0.9849 -0.0000
vn 0.6634 0.5291 0.5291
vn 0.9186 0.2983 0.2591
vn 0.9249 0.2687 0.2689
vn 0.6604 0.5426 0.5191
vn 0.0002 0.6871 0.7266
vn 0.2214 -0.6405 -0.7354
vn 0.2448 -0.6238 -0.7423
vn 0.4319 -0.5889 -0.6831
vn 0.3938 -0.6300 -0.6694
vn -0.5685 -0.7660 0.3002
vn -0.5686 -0.7660 0.3000
vn -0.5686 -0.7659 0.3000
vn -0.5686 -0.7660 0.3001
vn -0.5685 -0.7660 0.3001
vn 0.9885 0.1490 0.0235
vn 0.9849 0.1733 -0.0000
vn 0.9947 0.1026 0.0079
vn 0.9924 0.1103 0.0552
vn 0.9988 0.0472 0.0157
vn 0.9940 0.0947 0.0552
vn 0.9984 0.0550 0.0157
vn 0.9957 0.0868 0.0316
vn 0.7570 -0.4889 0.4335
vn 0.7570 -0.4888 0.4335
vn 0.8731 -0.4876 -0.0000
vn 0.8730 -0.4877 -0.0000
vn 0.8478 -0.4790 -0.2277
vn 0.8482 -0.4784 -0.2273
vn -0.0001 -1.0000 0.0078
vn 0.7927 0.3454 0.5023
vn 0.8013 0.2985 0.5185
vn 0.7980 0.3397 0.4978
vn 0.7876 0.3308 0.5199
vn 0.8042 0.2207 0.5519
vn 0.8113 0.1418 0.5671
vn 0.7787 0.0865 0.6214
vn 0.7600 0.0317 0.6492
vn 0.5973 -0.0236 0.8017
vn 0.4565 -0.0236 0.8894
vn -0.0000 -0.0238 0.9997
vn -0.0000 0.0237 0.9997
vn -0.4565 -0.0236 0.8894
vn -0.5973 -0.0236 0.8017
vn -0.7600 0.0317 0.6492
vn -0.7787 0.0865 0.6214
vn -0.8113 0.1418 0.5671
vn -0.8042 0.2208 0.5519
vn -0.8013 0.2985 0.5185
vn -0.7844 0.3295 0.5255
vn -0.7949 0.3384 0.5036
vn -0.7949 0.3384 0.5037
vn -0.0238 0.9872 -0.1579
vn -0.0000 0.9875 -0.1579
vn -0.0316 0.9869 -0.1579
vn -0.0000 0.9888 -0.1491
vn 0.0237 0.9872 -0.1580
vn 0.0315 0.9869 -0.1580
vn -0.9834 -0.0157 0.1809
vn -0.9818 -0.0236 0.1885
vn -0.9740 -0.0550 0.2199
vn -0.9874 -0.0079 0.1579
vn -0.9816 -0.0314 0.1885
vn -0.9820 -0.0080 0.1886
vn -0.9869 -0.0317 0.1580
vn -0.9518 -0.0000 0.3068
vn -0.9567 0.0235 0.2901
vn -0.9654 0.0313 0.2590
vn -0.9756 -0.0551 0.2124
vn 0.9818 -0.0236 0.1885
vn 0.9834 -0.0157 0.1809
vn 0.9740 -0.0549 0.2200
vn 0.9874 -0.0079 0.1579
vn 0.9816 -0.0314 0.1885
vn 0.9820 -0.0079 0.1886
vn 0.9869 -0.0316 0.1579
vn 0.9518 -0.0000 0.3068
vn 0.9567 0.0235 0.2901
vn 0.9654 0.0314 0.2590
vn 0.9320 0.0711 0.3554
vn 0.9756 -0.0551 0.2124
vn 0.8491 0.4245 0.3145
vn 0.9279 0.2515 0.2751
vn 0.7885 0.3626 0.4968
vn 0.6126 0.6989 0.3691
vn 0.5205 0.7965 0.3076
vn 0.4708 0.6905 0.5492
vn -0.0000 0.9224 0.3863
vn -0.0000 0.8345 0.5510
vn -0.0000 0.7886 0.6149
vn -0.4708 0.6905 0.5492
vn -0.6126 0.6989 0.3691
vn -0.5205 0.7965 0.3076
vn -0.9279 0.2515 0.2751
vn -0.8491 0.4245 0.3145
vn -0.7885 0.3627 0.4967
vn 0.7480 0.0551 -0.6614
vn 0.7656 0.0710 -0.6393
vn 0.7411 0.1104 -0.6623
vn 0.6983 0.1569 -0.6983
vn 0.7873 0.0551 -0.6141
vn 0.7099 0.1893 -0.6784
vn 0.5352 0.3778 -0.7555
vn 0.6436 0.1727 -0.7456
vn 0.5118 0.3779 -0.7716
vn 0.3228 0.6614 -0.6771
vn 0.7781 0.0944 -0.6210
vn 0.6686 0.1337 -0.7315
vn 0.5295 0.3635 -0.7665
vn 0.5836 0.1577 -0.7966
vn 0.5718 0.1488 -0.8068
vn 0.1655 0.7647 -0.6228
vn -0.0870 0.9570 -0.2768
vn -0.1257 0.8642 -0.4871
vn 0.4789 0.3768 -0.7929
vn 0.1260 0.7323 -0.6693
vn -0.0079 0.8677 -0.4970
vn 0.4795 0.3380 -0.8098
vn 0.3138 0.6983 -0.6434
vn 0.2360 0.8495 -0.4719
vn 0.2992 0.7166 -0.6300
vn 0.5442 0.1340 -0.8282
vn 0.5407 0.1332 -0.8306
vn 0.5357 0.1260 -0.8349
vn 0.4979 0.2766 -0.8219
vn 0.5105 0.2435 -0.8247
vn 0.5430 0.1495 -0.8263
vn 0.4327 0.4799 -0.7632
vn 0.2508 0.5334 -0.8078
vn -0.0711 0.6478 -0.7584
vn 0.4317 0.4710 -0.7693
vn 0.0631 0.8104 -0.5824
vn -0.0079 0.8847 -0.4661
vn -0.2514 0.9347 -0.2514
vn -0.4109 0.8139 -0.4109
vn -0.4710 0.7458 -0.4711
vn -0.7584 0.6479 -0.0711
vn -0.2991 0.9061 -0.2991
vn -0.5824 0.8104 0.0631
vn -0.4661 0.8847 -0.0079
vn -0.8078 0.5334 0.2508
vn -0.8263 0.1495 0.5430
vn -0.6300 0.7166 0.2993
vn -0.8247 0.2435 0.5105
vn -0.8500 0.1259 0.5115
vn -0.7693 0.4710 0.4317
vn -0.8294 0.3081 0.4660
vn -0.8358 0.2917 0.4652
vn -0.7632 0.4799 0.4327
vn -0.6434 0.6983 0.3138
vn -0.4719 0.8495 0.2360
vn -0.4970 0.8677 -0.0079
vn -0.7865 0.4483 0.4247
vn -0.6693 0.7323 0.1260
vn -0.4871 0.8642 -0.1257
vn -0.7866 0.4405 0.4326
vn -0.7697 0.3613 0.5263
vn -0.2768 0.9570 -0.0870
vn -0.6771 0.6614 0.3228
vn -0.7497 0.4182 0.5129
vn -0.7413 0.2287 0.6310
vn -0.7716 0.3779 0.5118
vn -0.7555 0.3778 0.5352
vn -0.6983 0.1569 0.6983
vn -0.6784 0.1893 0.7099
vn -0.6141 0.0551 0.7873
vn -0.6614 0.0551 0.7480
vn -0.6393 0.0710 0.7657
vn -0.6623 0.1104 0.7411
vn -0.7480 0.0551 -0.6614
vn -0.7411 0.1104 -0.6623
vn -0.7656 0.0710 -0.6393
vn -0.6983 0.1569 -0.6984
vn -0.7873 0.0551 -0.6141
vn -0.7099 0.1893 -0.6784
vn -0.5352 0.3778 -0.7555
vn -0.6436 0.1727 -0.7456
vn -0.5118 0.3779 -0.7716
vn -0.3228 0.6614 -0.6771
vn -0.6686 0.1337 -0.7315
vn -0.7782 0.0943 -0.6209
vn -0.5293 0.3635 -0.7666
vn -0.5836 0.1577 -0.7966
vn -0.5718 0.1488 -0.8068
vn -0.1655 0.7647 -0.6228
vn 0.0870 0.9570 -0.2768
vn 0.1257 0.8642 -0.4871
vn -0.4789 0.3768 -0.7929
vn -0.1260 0.7323 -0.6693
vn 0.0079 0.8677 -0.4970
vn -0.4795 0.3380 -0.8098
vn -0.5442 0.1340 -0.8282
vn -0.5407 0.1332 -0.8306
vn -0.5356 0.1260 -0.8350
vn -0.3138 0.6983 -0.6434
vn -0.2360 0.8495 -0.4719
vn -0.4979 0.2766 -0.8219
vn -0.2993 0.7166 -0.6300
vn -0.5105 0.2435 -0.8247
vn -0.5430 0.1495 -0.8263
vn -0.4327 0.4799 -0.7632
vn -0.2508 0.5334 -0.8078
vn 0.0711 0.6478 -0.7584
vn -0.4317 0.4710 -0.7693
vn 0.4109 0.8139 -0.4109
vn 0.4710 0.7458 -0.4710
vn -0.0631 0.8104 -0.5824
vn 0.0079 0.8847 -0.4661
vn 0.7584 0.6478 -0.0711
vn 0.2514 0.9347 -0.2514
vn 0.8078 0.5334 0.2508
vn 0.8263 0.1495 0.5430
vn 0.2991 0.9061 -0.2991
vn 0.5824 0.8104 0.0631
vn 0.4661 0.8847 -0.0079
vn 0.6300 0.7166 0.2992
vn 0.7693 0.4710 0.4317
vn 0.8247 0.2435 0.5105
vn 0.8500 0.1258 0.5115
vn 0.7632 0.4799 0.4327
vn 0.8294 0.3081 0.4660
vn 0.8358 0.2917 0.4652
vn 0.6434 0.6983 0.3138
vn 0.4719 0.8495 0.2360
vn 0.4970 0.8677 -0.0079
vn 0.7865 0.4483 0.4247
vn 0.6693 0.7323 0.1260
vn 0.4871 0.8642 -0.1257
vn 0.7866 0.4405 0.4326
vn 0.7697 0.3613 0.5263
vn 0.2768 0.9570 -0.0870
vn 0.6771 0.6614 0.3228
vn 0.7497 0.4182 0.5129
vn 0.7413 0.2287 0.6310
vn 0.7716 0.3779 0.5118
vn 0.7555 0.3778 0.5352
vn 0.6983 0.1569 0.6983
vn 0.6784 0.1893 0.7099
vn 0.6141 0.0552 0.7873
vn 0.6614 0.0551 0.7480
vn 0.6393 0.0710 0.7657
vn 0.6623 0.1104 0.7411
vn -0.0000 0.7453 0.6668
vn -0.0000 0.7455 0.6665
vn -0.0000 0.7454 0.6666
vn -0.0000 0.7453 0.6667
vn -0.0000 0.7452 0.6669
vn -0.0000 0.7451 0.6669
vn -0.0000 0.7452 0.6668
vn 0.0079 -0.9989 -0.0472
vn -0.0235 -0.9908 0.1336
vn 0.0471 -0.9978 -0.0471
vn 0.0472 -0.9909 -0.1258
vn -0.0236 -0.9927 -0.1182
vn 0.0943 -0.9895 -0.1099
vn -0.0079 -0.9989 -0.0472
vn -0.0472 -0.9978 -0.0471
vn 0.0236 -0.9907 0.1337
vn -0.0472 -0.9909 -0.1259
vn -0.0944 -0.9895 -0.1096
vn 0.0237 -0.9927 -0.1180
vn 0.9467 0.1657 0.2761
vn 0.9201 0.3067 0.2438
vn 0.9595 0.1652 0.2281
vn 0.8743 0.3938 0.2836
vn 0.9046 0.3382 0.2596
vn 0.7870 0.5666 0.2440
vn 0.7687 0.5883 0.2510
vn 0.8034 0.5277 0.2757
vn 0.5766 0.7819 0.2369
vn 0.3695 0.8800 0.2986
vn 0.6223 0.7326 0.2757
vn 0.2364 0.9218 0.3073
vn 0.4658 0.8526 0.2368
vn -0.0000 0.9463 0.3232
vn 0.3539 0.8808 0.3146
vn -0.0000 0.9494 0.3140
vn -0.3695 0.8802 0.2978
vn -0.2363 0.9218 0.3073
vn -0.5766 0.7819 0.2370
vn -0.7687 0.5883 0.2510
vn 0.5277 0.8034 0.2757
vn 0.1651 0.9595 0.2281
vn 0.6323 0.7350 0.2450
vn 0.8503 0.4881 0.1968
vn 0.9682 0.2440 0.0551
vn 0.8589 0.4728 0.1970
vn 0.8647 0.4716 0.1729
vn 0.9928 0.0473 -0.1103
vn 0.9840 0.1259 -0.1259
vn 0.9753 0.2202 0.0157
vn 0.9675 0.2517 -0.0236
vn 0.9910 0.0470 -0.1256
vn -0.7870 0.5667 0.2440
vn -0.9201 0.3067 0.2438
vn -0.6223 0.7326 0.2757
vn -0.4658 0.8526 0.2368
vn -0.3539 0.8808 0.3146
vn -0.8743 0.3938 0.2836
vn -0.9467 0.1657 0.2761
vn -0.9595 0.1652 0.2281
vn -0.9046 0.3382 0.2596
vn -0.8034 0.5277 0.2757
vn -0.5277 0.8034 0.2757
vn -0.1651 0.9595 0.2281
vn -0.6323 0.7350 0.2450
vn -0.8503 0.4881 0.1968
vn -0.9682 0.2440 0.0551
vn -0.8589 0.4728 0.1970
vn -0.8647 0.4716 0.1729
vn -0.9840 0.1260 -0.1260
vn -0.9928 0.0474 -0.1102
vn -0.9753 0.2202 0.0157
vn -0.9675 0.2517 -0.0236
vn -0.9910 0.0470 -0.1256
vn -0.3399 -0.9405 0.0001
vn -0.2748 -0.9499 0.1491
vn -0.2588 -0.9658 -0.0157
vn -0.3459 -0.9276 0.1415
vn -0.6780 -0.6780 0.2838
vn -0.8192 -0.3466 0.4569
vn -0.8129 -0.2605 0.5209
vn -0.6706 -0.6785 0.2998
vn -0.8474 -0.4394 0.2981
vn -0.7100 -0.6863 0.1578
vn -0.9288 -0.3621 0.0787
vn -0.5359 -0.8433 0.0394
vn -0.4500 -0.8921 0.0395
vn -0.5907 -0.7324 -0.3387
vn -0.8493 -0.5269 -0.0315
vn -0.7628 -0.6291 -0.1494
vn -0.7108 -0.6160 -0.3396
vn -0.5442 -0.6702 -0.5047
vn -0.8087 -0.5023 -0.3061
vn -0.8982 -0.4254 -0.1103
vn -0.9403 -0.3161 -0.1264
vn -0.9562 -0.2924 -0.0158
vn -0.9766 -0.2127 -0.0315
vn -0.9861 -0.1499 0.0710
vn 0.2748 -0.9499 0.1491
vn 0.3398 -0.9405 -0.0000
vn 0.2589 -0.9658 -0.0157
vn 0.3459 -0.9276 0.1415
vn 0.6780 -0.6780 0.2838
vn 0.8192 -0.3466 0.4569
vn 0.8129 -0.2605 0.5209
vn 0.6706 -0.6785 0.2998
vn 0.8474 -0.4394 0.2981
vn 0.7100 -0.6863 0.1578
vn 0.9288 -0.3621 0.0787
vn 0.5359 -0.8433 0.0394
vn 0.4500 -0.8921 0.0395
vn 0.5907 -0.7324 -0.3387
vn 0.8493 -0.5269 -0.0315
vn 0.7628 -0.6291 -0.1494
vn 0.7108 -0.6160 -0.3396
vn 0.5442 -0.6702 -0.5047
vn 0.8087 -0.5023 -0.3061
vn 0.8982 -0.4254 -0.1103
vn 0.9403 -0.3161 -0.1264
vn 0.9562 -0.2924 -0.0158
vn 0.9766 -0.2127 -0.0315
vn 0.9861 -0.1499 0.0710
vn -0.9824 -0.0471 0.1810
vn -0.9768 -0.0630 0.2048
vn -0.9824 -0.0471 0.1809
vn -0.9824 -0.0472 0.1808
vn -0.9672 -0.0708 0.2439
vn -0.9654 -0.0706 0.2512
vn -0.9629 -0.0947 0.2526
vn -0.9788 -0.0553 0.1973
vn -0.9823 -0.0472 0.1811
vn -0.9672 -0.0708 0.2438
vn -0.9622 -0.1028 0.2523
vn -0.9602 -0.1023 0.2598
vn -0.9792 -0.0474 0.1974
vn -0.9710 -0.0316 0.2368
vn -0.9642 -0.0474 0.2608
vn -0.9813 -0.0392 0.1884
vn -0.9844 -0.0315 0.1733
vn -0.9708 -0.0395 0.2368
vn -0.9583 -0.1021 0.2671
vn -0.9644 -0.0549 0.2587
vn -0.9622 -0.1025 0.2524
vn -0.9594 -0.1101 0.2595
vn -0.9659 -0.0628 0.2513
vn -0.9682 -0.0551 0.2441
vn -0.9686 -0.0472 0.2441
vn -0.9610 -0.0944 0.2600
vn -0.9602 -0.1023 0.2597
vn -0.9539 -0.1184 0.2759
vn -0.9643 -0.0790 0.2529
vn 0.9768 -0.0630 0.2048
vn 0.9823 -0.0471 0.1811
vn 0.9824 -0.0472 0.1808
vn 0.9672 -0.0708 0.2439
vn 0.9654 -0.0707 0.2511
vn 0.9629 -0.0947 0.2526
vn 0.9788 -0.0553 0.1973
vn 0.9672 -0.0708 0.2438
vn 0.9622 -0.1026 0.2524
vn 0.9602 -0.1023 0.2597
vn 0.9710 -0.0316 0.2369
vn 0.9642 -0.0474 0.2608
vn 0.9583 -0.1021 0.2671
vn 0.9644 -0.0549 0.2587
vn 0.9622 -0.1025 0.2524
vn 0.9594 -0.1101 0.2595
vn 0.9659 -0.0628 0.2513
vn 0.9682 -0.0551 0.2441
vn 0.9792 -0.0474 0.1974
vn 0.9686 -0.0472 0.2441
vn 0.9813 -0.0392 0.1884
vn 0.9824 -0.0472 0.1807
vn 0.9844 -0.0315 0.1733
vn 0.9708 -0.0395 0.2368
vn 0.9610 -0.0945 0.2599
vn 0.9539 -0.1184 0.2759
vn 0.9643 -0.0790 0.2529
vn 0.8966 0.4404 -0.0472
vn 0.9196 0.3930 -0.0000
vn 0.9157 0.2842 -0.2842
vn 0.8019 0.5031 0.3223
vn 0.9462 0.3233 0.0158
vn 0.8357 0.4257 0.3469
vn 0.6951 0.4186 0.5845
vn 0.8292 0.4107 0.3791
vn -0.8966 0.4404 -0.0472
vn -0.9157 0.2842 -0.2842
vn -0.9196 0.3930 -0.0000
vn -0.8019 0.5031 0.3223
vn -0.9462 0.3233 0.0158
vn -0.8357 0.4257 0.3469
vn -0.6951 0.4186 0.5845
vn -0.8292 0.4107 0.3791
vn -0.6300 0.2993 0.7166
vn -0.4477 0.2828 0.8483
vn -0.6308 0.3627 0.6860
vn -0.7655 0.2525 0.5919
vn -0.7657 0.3157 0.5604
vn -0.7700 0.3928 0.5028
vn -0.8677 0.2919 0.4023
vn -0.8655 0.3619 0.3462
vn -0.8703 0.3921 0.2980
vn -0.9265 0.3455 0.1494
vn 0.6300 0.2993 0.7166
vn 0.4477 0.2828 0.8483
vn 0.6308 0.3627 0.6860
vn 0.7655 0.2525 0.5919
vn 0.7657 0.3157 0.5604
vn 0.7700 0.3928 0.5028
vn 0.8677 0.2919 0.4023
vn 0.8655 0.3619 0.3462
vn 0.8703 0.3921 0.2980
vn 0.9265 0.3455 0.1492
vn -0.3930 0.3537 0.8488
vn -0.6324 -0.0079 0.7746
vn -0.4781 -0.0235 0.8780
vn -0.0630 0.4495 0.8911
vn -0.6691 -0.3542 0.6533
vn -0.1414 0.0236 0.9897
vn 0.0789 0.5199 0.8506
vn -0.1492 -0.1178 0.9818
vn -0.5043 -0.4019 0.7643
vn -0.6552 -0.3315 0.6789
vn -0.5903 -0.5589 0.5824
vn -0.2286 -0.4099 0.8830
vn -0.1579 -0.4033 0.9013
vn -0.3766 -0.7218 0.5806
vn -0.3151 -0.9057 0.2835
vn -0.0709 -0.9778 0.1971
vn -0.1341 -0.7890 0.5996
vn -0.1346 -0.7992 0.5858
vn 0.0712 -0.9943 0.0789
vn 0.3930 0.3537 0.8488
vn 0.4781 -0.0235 0.8780
vn 0.6324 -0.0079 0.7746
vn 0.0630 0.4495 0.8911
vn 0.6691 -0.3542 0.6533
vn 0.1414 0.0236 0.9897
vn -0.0789 0.5199 0.8506
vn 0.1488 -0.1179 0.9818
vn 0.5043 -0.4019 0.7643
vn 0.6552 -0.3315 0.6789
vn 0.5903 -0.5588 0.5824
vn 0.2286 -0.4099 0.8830
vn 0.1580 -0.4033 0.9013
vn 0.3766 -0.7218 0.5806
vn 0.3150 -0.9057 0.2835
vn 0.0709 -0.9778 0.1971
vn 0.1341 -0.7890 0.5996
vn 0.1346 -0.7992 0.5858
vn -0.0712 -0.9943 0.0789
vn 0.0002 0.9195 0.3930
vn 0.6614 0.6693 0.3386
vn 0.6206 0.7149 0.3221
vn 0.0002 0.8678 0.4970
vn 0.9242 0.3476 0.1580
vn 0.6837 0.5502 0.4794
vn 0.0002 0.7526 0.6585
vn 0.9382 0.2996 0.1734
vn 0.9793 0.1895 0.0711
vn -0.0000 0.5655 0.8247
vn 0.9715 0.2054 0.1185
vn 0.9472 0.2526 0.1974
vn 0.9658 0.2121 0.1492
vn 0.9605 0.1968 0.1968
vn 0.9101 0.2511 0.3296
vn 0.9437 0.1573 0.2910
vn 0.8547 0.2195 0.4705
vn 0.6470 0.3629 0.6706
vn 0.5846 0.3081 0.7505
vn 0.0002 0.3632 0.9317
vn -0.6614 0.6693 0.3386
vn -0.0002 0.9196 0.3930
vn -0.6206 0.7149 0.3221
vn -0.9242 0.3476 0.1580
vn -0.0002 0.8678 0.4969
vn -0.9382 0.2996 0.1734
vn -0.9793 0.1895 0.0711
vn -0.9715 0.2054 0.1185
vn -0.6837 0.5502 0.4794
vn -0.0002 0.7526 0.6585
vn -0.9472 0.2526 0.1974
vn -0.9658 0.2120 0.1492
vn -0.9605 0.1968 0.1968
vn -0.9101 0.2511 0.3296
vn -0.9437 0.1573 0.2910
vn -0.8547 0.2195 0.4705
vn -0.6470 0.3629 0.6706
vn -0.5846 0.3081 0.7505
vn -0.0002 0.3632 0.9317
vn -0.7394 0.5821 -0.3382
vn -0.7402 0.6694 -0.0630
vn -0.7394 0.3383 -0.5821
vn -0.7402 0.6694 0.0630
vn -0.7394 0.3382 -0.5821
vn -0.7382 0.6125 0.2827
vn -0.7416 -0.0000 -0.6708
vn -0.7400 0.5511 0.3857
vn -0.7394 0.3383 0.5821
vn -0.7382 -0.2827 -0.6125
vn -0.7394 0.3382 0.5821
vn -0.7400 -0.3857 -0.5511
vn -0.7416 -0.0000 0.6708
vn -0.7394 -0.5821 -0.3383
vn -0.7417 -0.0000 0.6708
vn -0.7394 -0.5821 -0.3382
vn -0.7394 -0.3384 0.5821
vn -0.7417 -0.6707 -0.0000
vn -0.7394 -0.3383 0.5821
vn -0.7417 -0.6708 -0.0000
vn -0.7400 -0.5511 0.3857
vn -0.7382 -0.6125 0.2827
vn 0.8121 -0.0000 0.5835
vn 0.8122 -0.0000 0.5834
vn 0.8128 0.2446 0.5287
vn 0.8128 -0.2446 0.5287
vn 0.8128 0.3393 0.4735
vn 0.8128 -0.3393 0.4735
vn 0.8124 0.5048 0.2918
vn 0.8125 -0.5047 0.2918
vn 0.8124 -0.5048 0.2918
vn 0.8121 0.5835 -0.0000
vn 0.8121 -0.5835 -0.0000
vn 0.8125 0.5047 -0.2918
vn 0.8124 -0.5048 -0.2918
vn 0.8125 -0.5047 -0.2918
vn 0.8128 0.3393 -0.4735
vn 0.8128 -0.3393 -0.4735
vn 0.8128 0.2446 -0.5287
vn 0.8128 -0.2446 -0.5287
vn 0.8121 -0.0000 -0.5835
vn 0.8122 -0.0000 -0.5834
vn 0.5590 0.4173 0.7165
vn 0.5586 0.6766 0.4799
vn 0.5603 -0.0000 0.8283
vn 0.5580 0.7544 0.3458
vn 0.5602 -0.0000 0.8284
vn 0.5602 0.8284 -0.0000
vn 0.5590 -0.4173 0.7165
vn 0.5596 0.8288 -0.0000
vn 0.5579 0.7544 -0.3458
vn 0.5586 -0.6766 0.4799
vn 0.5586 0.6766 -0.4799
vn 0.5579 -0.7544 0.3458
vn 0.5590 0.4173 -0.7165
vn 0.5604 -0.8282 -0.0000
vn 0.5596 -0.8288 -0.0000
vn 0.5600 -0.0000 -0.8285
vn 0.5590 -0.7165 -0.4172
vn 0.5602 -0.0000 -0.8284
vn 0.5590 -0.7165 -0.4173
vn 0.5579 -0.3458 -0.7544
vn 0.5586 -0.4799 -0.6766
vn -0.8128 0.3393 -0.4735
vn -0.8124 0.5048 -0.2918
vn -0.8121 0.5835 -0.0000
vn -0.8128 0.2446 -0.5287
vn -0.8121 -0.0000 -0.5835
vn -0.8124 0.5048 0.2918
vn -0.8122 -0.0000 -0.5834
vn -0.8125 0.5047 0.2918
vn -0.8128 -0.2446 -0.5287
vn -0.8128 0.3393 0.4735
vn -0.8128 -0.3393 -0.4735
vn -0.8128 0.2446 0.5287
vn -0.8124 -0.5048 -0.2918
vn -0.8121 -0.0000 0.5835
vn -0.8125 -0.5047 -0.2918
vn -0.8121 -0.0000 0.5834
vn -0.8121 -0.5835 -0.0000
vn -0.8128 -0.2446 0.5287
vn -0.8128 -0.3393 0.4735
vn -0.8124 -0.5048 0.2918
vn -0.5590 -0.4173 0.7165
vn -0.5586 -0.6766 0.4799
vn -0.5603 -0.0000 0.8283
vn -0.5579 -0.7544 0.3458
vn -0.5602 -0.8284 -0.0000
vn -0.5590 0.4173 0.7165
vn -0.5600 -0.8285 -0.0000
vn -0.5590 0.4172 0.7165
vn -0.5590 -0.7165 -0.4173
vn -0.5586 0.6766 0.4799
vn -0.5579 0.7544 0.3458
vn -0.5586 -0.4799 -0.6766
vn -0.5602 0.8284 -0.0000
vn -0.5580 -0.3458 -0.7544
vn -0.5603 0.8283 -0.0000
vn -0.5602 -0.0000 -0.8284
vn -0.5580 0.7544 -0.3458
vn -0.5586 0.6766 -0.4798
vn -0.5590 0.4173 -0.7165
vn -0.8903 0.3939 0.2285
vn -0.8921 0.4500 0.0395
vn -0.8915 0.2603 0.3708
vn -0.8921 0.4500 -0.0395
vn -0.8920 0.1895 0.4105
vn -0.8920 0.4105 -0.1895
vn -0.8929 -0.0000 0.4503
vn -0.8915 0.3708 -0.2603
vn -0.8927 -0.0000 0.4507
vn -0.8915 0.2603 -0.3708
vn -0.8920 -0.1895 0.4104
vn -0.8920 0.1895 -0.4104
vn -0.8915 -0.2603 0.3708
vn -0.8921 0.0395 -0.4500
vn -0.8903 -0.3939 0.2285
vn -0.8921 -0.0395 -0.4500
vn -0.8903 -0.2285 -0.3939
vn -0.8927 -0.4507 -0.0000
vn -0.8903 -0.3939 -0.2285
vn -0.8222 -0.0000 0.5692
vn -0.8204 0.2366 0.5206
vn -0.8203 -0.2366 0.5206
vn -0.8206 0.3314 0.4655
vn -0.8206 -0.3314 0.4655
vn -0.8206 0.4656 0.3314
vn -0.8201 -0.4968 0.2839
vn -0.8204 0.5206 0.2367
vn -0.8213 0.5686 0.0473
vn -0.8222 -0.5692 -0.0000
vn -0.8213 0.5686 -0.0474
vn -0.8225 -0.5688 -0.0000
vn -0.8204 0.5206 -0.2366
vn -0.8202 -0.4967 -0.2839
vn -0.8206 0.4655 -0.3314
vn -0.8201 -0.4968 -0.2839
vn -0.8201 0.2839 -0.4968
vn -0.8206 -0.3314 -0.4655
vn -0.8204 -0.2366 -0.5206
vn -0.8223 -0.0000 -0.5691
vn -0.8225 -0.0000 -0.5688
vn 0.7382 -0.2827 -0.6125
vn 0.7417 -0.0000 -0.6707
vn 0.7417 -0.0000 -0.6708
vn 0.7395 0.3381 -0.5821
vn 0.7400 -0.3857 -0.5511
vn 0.7394 0.3382 -0.5821
vn 0.7394 -0.5821 -0.3384
vn 0.7394 0.5821 -0.3382
vn 0.7394 -0.5821 -0.3383
vn 0.7394 0.5821 -0.3383
vn 0.7417 -0.6707 -0.0000
vn 0.7403 0.6694 -0.0630
vn 0.7417 -0.6708 -0.0000
vn 0.7403 0.6694 0.0630
vn 0.7382 -0.6125 0.2827
vn 0.7382 0.6125 0.2827
vn 0.7400 -0.5511 0.3857
vn 0.7400 0.5511 0.3857
vn 0.7395 -0.3381 0.5821
vn 0.7394 0.3383 0.5821
vn 0.7394 -0.3383 0.5821
vn 0.7417 -0.0000 0.6708
vn 0.8921 0.4500 0.0395
vn 0.8903 0.3939 0.2285
vn 0.8915 0.2603 0.3708
vn 0.8921 0.4500 -0.0395
vn 0.8920 0.1895 0.4104
vn 0.8920 0.4105 -0.1895
vn 0.8929 -0.0000 0.4503
vn 0.8915 0.3708 -0.2603
vn 0.8927 -0.0000 0.4507
vn 0.8915 0.2603 -0.3708
vn 0.8920 -0.1895 0.4105
vn 0.8915 -0.2603 0.3708
vn 0.8921 0.0395 -0.4500
vn 0.8903 -0.3939 0.2285
vn 0.8921 -0.0395 -0.4500
vn 0.8903 -0.2285 -0.3939
vn 0.8927 -0.4507 -0.0000
vn 0.8903 -0.3939 -0.2285
vn 0.8203 0.2366 0.5206
vn 0.8222 -0.0000 0.5692
vn 0.8225 -0.0000 0.5688
vn 0.8204 -0.2366 0.5206
vn 0.8206 0.3314 0.4656
vn 0.8206 -0.3314 0.4655
vn 0.8206 0.4656 0.3314
vn 0.8201 -0.4968 0.2839
vn 0.8203 0.5206 0.2367
vn 0.8213 0.5686 0.0473
vn 0.8225 -0.5688 -0.0000
vn 0.8213 0.5686 -0.0474
vn 0.8203 0.5206 -0.2366
vn 0.8201 -0.4968 -0.2839
vn 0.8206 0.4655 -0.3314
vn 0.8201 0.2839 -0.4968
vn 0.8206 -0.3314 -0.4656
vn 0.8203 -0.2366 -0.5206
vn 0.8222 -0.0000 -0.5692
vn 0.8225 -0.0000 -0.5688
vn -0.9951 -0.0475 0.0868
vn -0.9951 -0.0869 0.0474
vn -0.9947 -0.0000 0.1026
vn -0.9947 -0.1026 -0.0000
vn -0.9951 0.0475 0.0868
vn -0.9951 -0.0868 -0.0475
vn -0.9951 0.0869 0.0474
vn -0.9951 -0.0475 -0.0868
vn -0.9947 0.1025 -0.0000
vn -0.9947 -0.0000 -0.1025
vn -0.9951 0.0868 -0.0475
vn -0.9951 0.0476 -0.0868
vn 0.9951 -0.0475 0.0868
vn 0.9951 -0.0868 0.0475
vn 0.9947 -0.0000 0.1026
vn 0.9947 -0.1026 -0.0000
vn 0.9951 0.0474 0.0869
vn 0.9951 -0.0868 -0.0475
vn 0.9951 0.0869 0.0474
vn 0.9951 -0.0475 -0.0868
vn 0.9947 0.1026 -0.0000
vn 0.9947 -0.0000 -0.1025
vn 0.9951 0.0869 -0.0474
vn 0.9951 0.0475 -0.0868
vt 0.715332 0.193848
vt 0.722656 0.213379
vt 0.723633 0.194336
vt 0.710449 0.212402
vt 0.723633 0.171387
vt 0.725586 0.171875
vt 0.779785 0.194336
vt 0.780273 0.213379
vt 0.788086 0.193848
vt 0.792969 0.212891
vt 0.779785 0.171875
vt 0.777832 0.171875
vt 0.906738 0.247559
vt 0.906738 0.220703
vt 0.900879 0.222168
vt 0.901367 0.247559
vt 0.899902 0.275391
vt 0.905762 0.274902
vt 0.928223 0.222656
vt 0.921875 0.247559
vt 0.927246 0.247559
vt 0.922852 0.220703
vt 0.927734 0.275879
vt 0.921875 0.275391
vt 0.479736 0.071289
vt 0.497559 0.072266
vt 0.479492 0.068848
vt 0.496826 0.074219
vt 0.501953 0.071777
vt 0.503906 0.074707
vt 0.462891 0.217773
vt 0.486084 0.211914
vt 0.464355 0.214355
vt 0.487793 0.208496
vt 0.451904 0.158203
vt 0.462891 0.153320
vt 0.448486 0.155273
vt 0.462646 0.155762
vt 0.474854 0.152832
vt 0.475830 0.148926
vt 0.489014 0.145508
vt 0.480225 0.152832
vt 0.617676 0.010254
vt 0.612305 0.024414
vt 0.618164 0.023926
vt 0.608887 0.010742
vt 0.619141 0.040039
vt 0.616699 0.040039
vt 0.497070 0.116699
vt 0.479980 0.125488
vt 0.497803 0.118652
vt 0.479980 0.127930
vt 0.501953 0.119141
vt 0.504395 0.116211
vt 0.336670 0.011719
vt 0.329102 0.035645
vt 0.332520 0.033691
vt 0.340332 0.010742
vt 0.405518 0.159180
vt 0.415771 0.164551
vt 0.419434 0.162109
vt 0.405518 0.161133
vt 0.393555 0.156738
vt 0.393066 0.153320
vt 0.380371 0.147949
vt 0.388184 0.156250
vt 0.664551 0.024902
vt 0.659180 0.011230
vt 0.658203 0.024414
vt 0.667969 0.011719
vt 0.659180 0.040527
vt 0.656738 0.040527
vt 0.500977 0.146973
vt 0.495117 0.153809
vt 0.508301 0.160645
vt 0.513184 0.152344
vt 0.523438 0.157227
vt 0.464600 0.090332
vt 0.482178 0.096680
vt 0.482178 0.089844
vt 0.499512 0.096680
vt 0.515625 0.096680
vt 0.499756 0.089844
vt 0.373291 0.156250
vt 0.367920 0.148438
vt 0.359131 0.161621
vt 0.355469 0.152344
vt 0.344727 0.156738
vt 0.464600 0.103516
vt 0.482178 0.104004
vt 0.499756 0.103516
vt 0.410156 0.051270
vt 0.420166 0.055176
vt 0.410889 0.048828
vt 0.418457 0.058105
vt 0.406738 0.064453
vt 0.418945 0.061523
vt 0.406982 0.066895
vt 0.421387 0.059082
vt 0.391602 0.047852
vt 0.391602 0.049805
vt 0.366455 0.046875
vt 0.358154 0.053711
vt 0.366943 0.049316
vt 0.354980 0.053223
vt 0.363525 0.061523
vt 0.364502 0.059570
vt 0.388672 0.062012
vt 0.388184 0.064453
vt 0.953613 0.570801
vt 0.953613 0.573242
vt 0.957031 0.571045
vt 0.957520 0.573242
vt 0.953125 0.641602
vt 0.954102 0.664795
vt 0.955078 0.641846
vt 0.952148 0.665771
vt 0.947266 0.641357
vt 0.946777 0.665039
vt 0.949219 0.641602
vt 0.948242 0.666504
vt 0.957031 0.635254
vt 0.960449 0.635498
vt 0.944824 0.633789
vt 0.941406 0.633789
vt 0.963867 0.597168
vt 0.960938 0.597412
vt 0.944336 0.595703
vt 0.947754 0.596680
vt 0.957031 0.590820
vt 0.960449 0.590576
vt 0.949707 0.590088
vt 0.952637 0.590576
vt 0.960449 0.572754
vt 0.951172 0.572510
vt 0.952148 0.568848
vt 0.958496 0.568848
vt 0.935547 0.558350
vt 0.936035 0.555176
vt 0.933594 0.556641
vt 0.937500 0.557617
vt 0.972656 0.558838
vt 0.977051 0.558105
vt 0.975098 0.556396
vt 0.974609 0.560059
vt 0.915039 0.585693
vt 0.917969 0.586914
vt 0.910156 0.616943
vt 0.912598 0.616699
vt 0.915527 0.632080
vt 0.924316 0.629395
vt 0.988770 0.579346
vt 0.994629 0.603516
vt 0.998047 0.603516
vt 0.985840 0.580811
vt 0.953613 0.670654
vt 0.948242 0.671143
vt 0.903809 0.501953
vt 0.899902 0.513428
vt 0.901855 0.513916
vt 0.895508 0.499512
vt 0.903809 0.514648
vt 0.912598 0.503662
vt 0.934082 0.521973
vt 0.925293 0.489258
vt 0.932129 0.521484
vt 0.891113 0.499512
vt 0.896484 0.517578
vt 0.900879 0.518555
vt 0.916992 0.505371
vt 0.905762 0.519775
vt 0.904785 0.480469
vt 0.902832 0.475098
vt 0.912598 0.483887
vt 0.916504 0.480957
vt 0.961426 0.525391
vt 0.972656 0.508789
vt 0.970215 0.507080
vt 0.961914 0.528320
vt 0.959961 0.527832
vt 0.959473 0.503418
vt 0.961914 0.501465
vt 0.983398 0.428223
vt 0.976562 0.425293
vt 0.981934 0.430664
vt 0.978516 0.422852
vt 0.986816 0.441895
vt 0.983887 0.442383
vt 0.950195 0.418457
vt 0.944336 0.433105
vt 0.947266 0.433594
vt 0.948242 0.416016
vt 0.960449 0.416016
vt 0.959961 0.418945
vt 0.873535 0.062500
vt 0.887695 0.033203
vt 0.869629 0.062012
vt 0.891113 0.033203
vt 0.892090 0.025391
vt 0.883789 0.026855
vt 0.891113 0.028320
vt 0.957520 0.112305
vt 0.959473 0.128906
vt 0.960449 0.112305
vt 0.954590 0.133789
vt 0.961426 0.084961
vt 0.952148 0.072754
vt 0.864258 0.184082
vt 0.854004 0.180176
vt 0.852051 0.185059
vt 0.867676 0.180664
vt 0.960449 0.060059
vt 0.952148 0.051758
vt 0.965820 0.035645
vt 0.955566 0.029297
vt 0.964355 0.012695
vt 0.858398 0.015625
vt 0.859863 0.040039
vt 0.882324 0.007812
vt 0.968262 0.223145
vt 0.986328 0.222656
vt 0.985840 0.201660
vt 0.882812 0.000000
vt 0.848145 0.004883
vt 0.889160 0.003906
vt 0.857422 0.061035
vt 0.913574 0.063965
vt 0.916016 0.067871
vt 0.916992 0.063477
vt 0.918945 0.066406
vt 0.925781 0.017578
vt 0.928711 0.019531
vt 0.894043 0.195312
vt 0.881348 0.181641
vt 0.893555 0.200195
vt 0.885254 0.181152
vt 0.905273 0.182129
vt 0.908691 0.183594
vt 0.892578 0.124023
vt 0.895996 0.125488
vt 0.915039 0.125977
vt 0.911621 0.126465
vt 0.905762 0.115234
vt 0.906250 0.110352
vt 0.620117 0.160156
vt 0.580566 0.149902
vt 0.619141 0.165039
vt 0.582520 0.145020
vt 0.568848 0.135254
vt 0.571289 0.130859
vt 0.541992 0.125000
vt 0.542480 0.120117
vt 0.304932 0.130371
vt 0.319580 0.121582
vt 0.317383 0.119629
vt 0.305908 0.132812
vt 0.272949 0.130859
vt 0.258057 0.122559
vt 0.271973 0.133301
vt 0.260010 0.121094
vt 0.288818 0.133789
vt 0.288818 0.136230
vt 0.310791 0.150391
vt 0.317139 0.144043
vt 0.259033 0.096680
vt 0.259277 0.080566
vt 0.250488 0.080566
vt 0.242798 0.127441
vt 0.245361 0.135742
vt 0.339844 0.120605
vt 0.338867 0.111816
vt 0.322998 0.113281
vt 0.344727 0.131348
vt 0.347900 0.123535
vt 0.335693 0.130371
vt 0.761719 0.446777
vt 0.765625 0.519775
vt 0.765625 0.447266
vt 0.761230 0.520264
vt 0.752930 0.638672
vt 0.773926 0.617676
vt 0.771484 0.614746
vt 0.755859 0.641357
vt 0.791504 0.592773
vt 0.786133 0.547852
vt 0.783203 0.548828
vt 0.788086 0.591553
vt 0.783691 0.548584
vt 0.760742 0.522705
vt 0.680176 0.618896
vt 0.675293 0.611816
vt 0.671875 0.614014
vt 0.683594 0.616699
vt 0.675293 0.594971
vt 0.671387 0.602295
vt 0.773438 0.437988
vt 0.780273 0.445801
vt 0.779785 0.439941
vt 0.883789 0.446777
vt 0.884277 0.519531
vt 0.887695 0.446777
vt 0.888672 0.520020
vt 0.875977 0.617432
vt 0.896973 0.638428
vt 0.878906 0.614502
vt 0.894043 0.641113
vt 0.866699 0.548584
vt 0.858398 0.592529
vt 0.861816 0.591553
vt 0.863281 0.547607
vt 0.866211 0.548584
vt 0.888672 0.522461
vt 0.674316 0.635010
vt 0.680176 0.628418
vt 0.671387 0.632812
vt 0.683105 0.630859
vt 0.670410 0.644287
vt 0.673828 0.651855
vt 0.875488 0.437988
vt 0.869629 0.439941
vt 0.869141 0.445801
vt 0.840820 0.367676
vt 0.780762 0.355957
vt 0.839355 0.371094
vt 0.782227 0.351562
vt 0.898926 0.385254
vt 0.924316 0.368164
vt 0.897461 0.382324
vt 0.922363 0.364746
vt 0.886719 0.388184
vt 0.857422 0.386230
vt 0.887207 0.391113
vt 0.858398 0.382812
vt 0.743164 0.321289
vt 0.754883 0.324707
vt 0.751953 0.316895
vt 0.746094 0.331055
vt 0.924316 0.339844
vt 0.971191 0.339844
vt 0.924316 0.325684
vt 0.970703 0.327148
vt 0.907715 0.325195
vt 0.908203 0.338867
vt 0.851562 0.338867
vt 0.851074 0.319824
vt 0.752441 0.566406
vt 0.750977 0.572998
vt 0.758789 0.567627
vt 0.762207 0.574951
vt 0.752441 0.304688
vt 0.743652 0.308105
vt 0.909668 0.293457
vt 0.934082 0.318848
vt 0.934082 0.293457
vt 0.909668 0.321777
vt 0.824707 0.438965
vt 0.793457 0.422852
vt 0.786133 0.434082
vt 0.829102 0.451172
vt 0.770508 0.427734
vt 0.778320 0.406250
vt 0.719238 0.405762
vt 0.733887 0.394531
vt 0.724609 0.387695
vt 0.714355 0.387207
vt 0.842285 0.446289
vt 0.842773 0.455566
vt 0.717773 0.354492
vt 0.723633 0.363770
vt 0.725586 0.360840
vt 0.715332 0.357910
vt 0.722168 0.351074
vt 0.736816 0.351074
vt 0.743652 0.345703
vt 0.765137 0.347168
vt 0.752930 0.338867
vt 0.756836 0.353516
vt 0.760742 0.333984
vt 0.765137 0.331543
vt 0.769043 0.344238
vt 0.766602 0.558838
vt 0.766113 0.570801
vt 0.759277 0.556152
vt 0.668945 0.623291
vt 0.680176 0.623535
vt 0.668457 0.629639
vt 0.668945 0.616943
vt 0.515625 0.086914
vt 0.515625 0.106445
vt 0.351562 0.018555
vt 0.350342 0.008301
vt 0.464600 0.096680
vt 0.990234 0.493652
vt 0.987305 0.492188
vt 0.927246 0.458984
vt 0.928223 0.489258
vt 0.930176 0.460449
vt 0.940918 0.449707
vt 0.943359 0.451660
vt 0.934570 0.513672
vt 0.945312 0.497559
vt 0.943848 0.494141
vt 0.969238 0.416992
vt 0.968262 0.419922
vt 0.973633 0.418457
vt 0.971680 0.420898
vt 0.866211 0.223633
vt 0.871582 0.229980
vt 0.869629 0.220215
vt 0.874023 0.224609
vt 0.978516 0.021484
vt 0.978516 0.037598
vt 0.983887 0.021973
vt 0.986816 0.037598
vt 0.978027 0.064941
vt 0.990234 0.064941
vt 0.978516 0.015137
vt 0.981934 0.017090
vt 0.978027 0.089844
vt 0.991699 0.089844
vt 0.990723 0.114746
vt 0.978027 0.114746
vt 0.978027 0.137207
vt 0.995605 0.137207
vt 0.967773 0.146484
vt 0.984863 0.181152
vt 0.983887 0.146484
vt 0.967773 0.181641
vt 0.935547 0.012695
vt 0.936035 0.016602
vt 0.927734 0.086914
vt 0.935547 0.090820
vt 0.936035 0.087402
vt 0.925781 0.090332
vt 0.570312 0.232910
vt 0.540039 0.232910
vt 0.570312 0.248535
vt 0.540039 0.248535
vt 0.582031 0.233398
vt 0.582031 0.248535
vt 0.573730 0.124023
vt 0.544922 0.113770
vt 0.577637 0.126953
vt 0.586914 0.139160
vt 0.622070 0.153809
vt 0.262695 0.148926
vt 0.252197 0.106934
vt 0.249756 0.107910
vt 0.276367 0.080566
vt 0.276367 0.096680
vt 0.344727 0.096680
vt 0.327637 0.080566
vt 0.327637 0.096680
vt 0.344727 0.080566
vt 0.327637 0.063965
vt 0.344727 0.063965
vt 0.310547 0.063965
vt 0.310547 0.080566
vt 0.293457 0.063965
vt 0.293457 0.080566
vt 0.276367 0.063965
vt 0.259277 0.063965
vt 0.250732 0.063965
vt 0.242065 0.063965
vt 0.241943 0.080566
vt 0.250244 0.096680
vt 0.241821 0.096191
vt 0.817871 0.313477
vt 0.821777 0.293945
vt 0.817871 0.293945
vt 0.821777 0.313477
vt 0.972168 0.318359
vt 0.972168 0.293457
vt 0.859863 0.293945
vt 0.859863 0.318359
vt 0.847656 0.318359
vt 0.847656 0.293945
vt 0.992676 0.316406
vt 0.992676 0.292969
vt 0.863770 0.445801
vt 0.863770 0.455078
vt 0.419434 0.165527
vt 0.421875 0.162598
vt 0.421875 0.166016
vt 0.424561 0.163086
vt 0.491699 0.168457
vt 0.487305 0.167969
vt 0.491699 0.178223
vt 0.487305 0.178223
vt 0.491943 0.187988
vt 0.487549 0.187988
vt 0.487549 0.198242
vt 0.491943 0.198242
vt 0.491943 0.208008
vt 0.958984 0.134277
vt 0.955566 0.137207
vt 0.960449 0.137695
vt 0.956543 0.141113
vt 0.986328 0.274902
vt 0.961426 0.274902
vt 0.961426 0.266602
vt 0.986816 0.266602
vt 0.961914 0.238770
vt 0.986816 0.239258
vt 0.947754 0.279785
vt 0.953613 0.252441
vt 0.954590 0.244141
vt 0.879883 0.278809
vt 0.875000 0.251465
vt 0.874023 0.243164
vt 0.907715 0.481934
vt 0.907715 0.119629
vt 0.312744 0.101562
vt 0.324463 0.105469
vt 0.310303 0.106934
vt 0.320801 0.112305
vt 0.307861 0.111816
vt 0.299316 0.119141
vt 0.288818 0.121582
vt 0.277832 0.119629
vt 0.269043 0.112793
vt 0.263916 0.102539
vt 0.711426 0.228027
vt 0.736816 0.228027
vt 0.720215 0.236328
vt 0.738770 0.229492
vt 0.730469 0.241211
vt 0.741211 0.230957
vt 0.740723 0.245117
vt 0.743652 0.231934
vt 0.748535 0.231934
vt 0.752441 0.247070
vt 0.734375 0.323242
vt 0.735352 0.294434
vt 0.743652 0.294434
vt 0.842773 0.317383
vt 0.842773 0.293945
vt 0.837891 0.316895
vt 0.837891 0.293945
vt 0.831543 0.315430
vt 0.831543 0.293945
vt 0.826660 0.314453
vt 0.826660 0.293945
vt 0.795898 0.338867
vt 0.778809 0.348145
vt 0.783203 0.326660
vt 0.771973 0.341309
vt 0.986328 0.339844
vt 0.985840 0.335938
vt 0.985352 0.326660
vt 0.737793 0.333984
vt 0.736816 0.329102
vt 0.728027 0.322754
vt 0.729004 0.293945
vt 0.721680 0.322754
vt 0.722656 0.293945
vt 0.712891 0.322266
vt 0.713867 0.293457
vt 0.706543 0.321777
vt 0.707520 0.293457
vt 0.700195 0.321289
vt 0.700684 0.293457
vt 0.731934 0.065918
vt 0.726074 0.044922
vt 0.724121 0.045898
vt 0.734863 0.063477
vt 0.740234 0.066895
vt 0.740723 0.064941
vt 0.746582 0.065430
vt 0.747559 0.067871
vt 0.751953 0.065430
vt 0.751953 0.068359
vt 0.756836 0.067871
vt 0.757812 0.065430
vt 0.764160 0.066895
vt 0.763672 0.064941
vt 0.769531 0.063965
vt 0.772461 0.065918
vt 0.778320 0.044922
vt 0.780273 0.045898
vt 0.472168 0.035645
vt 0.482422 0.024902
vt 0.473389 0.024902
vt 0.486816 0.046387
vt 0.483154 0.047363
vt 0.455078 0.035645
vt 0.433105 0.024902
vt 0.432617 0.035645
vt 0.456299 0.024902
vt 0.423828 0.024902
vt 0.423584 0.036133
vt 0.395996 0.025391
vt 0.395508 0.036133
vt 0.367676 0.036133
vt 0.365479 0.025391
vt 0.363037 0.036133
vt 0.360352 0.025391
vt 0.367676 0.096191
vt 0.365234 0.091309
vt 0.363525 0.096191
vt 0.368652 0.092773
vt 0.395996 0.085938
vt 0.395264 0.087891
vt 0.426270 0.081055
vt 0.426514 0.079590
vt 0.435791 0.077148
vt 0.437988 0.078125
vt 0.460449 0.071777
vt 0.460449 0.073730
vt 0.445557 0.158691
vt 0.446045 0.155273
vt 0.443359 0.155762
vt 0.448242 0.158203
vt 0.367188 0.007812
vt 0.368408 0.018555
vt 0.389893 0.007812
vt 0.390625 0.018066
vt 0.403320 0.007812
vt 0.403564 0.018555
vt 0.430664 0.007324
vt 0.431396 0.018066
vt 0.458496 0.018066
vt 0.460693 0.007324
vt 0.463379 0.018066
vt 0.465820 0.007324
vt 0.365234 0.101074
vt 0.368652 0.099609
vt 0.395996 0.105957
vt 0.395508 0.104492
vt 0.426514 0.110352
vt 0.426758 0.112305
vt 0.438232 0.118652
vt 0.436035 0.120117
vt 0.460693 0.125000
vt 0.460693 0.123047
vt 0.502441 0.169922
vt 0.502930 0.179199
vt 0.502930 0.187988
vt 0.502930 0.197266
vt 0.502930 0.206055
vt 0.520508 0.206055
vt 0.520508 0.197754
vt 0.520020 0.187988
vt 0.520020 0.178223
vt 0.520020 0.169434
vt 0.968262 0.563965
vt 0.969238 0.567139
vt 0.962402 0.568604
vt 0.962891 0.572754
vt 0.942383 0.563232
vt 0.941895 0.565674
vt 0.949707 0.568604
vt 0.948730 0.572754
vt 0.925781 0.646973
vt 0.919434 0.648682
vt 0.927246 0.663818
vt 0.925293 0.665527
vt 0.986816 0.640625
vt 0.982422 0.638916
vt 0.978516 0.653809
vt 0.974609 0.650635
vt 0.968262 0.665039
vt 0.965332 0.660645
vt 0.937500 0.670654
vt 0.938965 0.665039
vt 0.990234 0.455566
vt 0.986328 0.456543
vt 0.028839 0.292480
vt 0.024170 0.280762
vt 0.024170 0.292480
vt 0.028839 0.280762
vt 0.024170 0.269043
vt 0.028839 0.269043
vt 0.028839 0.256836
vt 0.024170 0.256836
vt 0.028839 0.245117
vt 0.024170 0.245117
vt 0.024170 0.233398
vt 0.028839 0.233398
vt 0.028839 0.221680
vt 0.024170 0.221680
vt 0.028839 0.209961
vt 0.024170 0.209961
vt 0.024155 0.197754
vt 0.028839 0.197754
vt 0.028839 0.186035
vt 0.024170 0.186035
vt 0.028839 0.174316
vt 0.024170 0.174316
vt 0.028839 0.162598
vt 0.024170 0.162598
vt 0.028839 0.150879
vt 0.024170 0.150879
vt 0.016571 0.315430
vt 0.016571 0.301758
vt 0.011002 0.315430
vt 0.011002 0.301758
vt 0.016571 0.287598
vt 0.011002 0.287598
vt 0.016571 0.273926
vt 0.011276 0.273926
vt 0.016571 0.260254
vt 0.011276 0.260254
vt 0.016571 0.246094
vt 0.011002 0.246094
vt 0.016571 0.232422
vt 0.011002 0.232422
vt 0.016571 0.218262
vt 0.011002 0.218262
vt 0.016571 0.204590
vt 0.011276 0.204590
vt 0.016846 0.190918
vt 0.011276 0.190918
vt 0.016571 0.176758
vt 0.010994 0.176758
vt 0.016846 0.163086
vt 0.011002 0.163086
vt 0.016571 0.149414
vt 0.011276 0.149414
vt 0.122131 0.052246
vt 0.138428 0.052246
vt 0.122131 0.043945
vt 0.138428 0.043945
vt 0.154785 0.052246
vt 0.154785 0.043945
vt 0.171143 0.052246
vt 0.171143 0.043945
vt 0.187500 0.052246
vt 0.187500 0.043945
vt 0.203857 0.052246
vt 0.203857 0.043945
vt 0.220215 0.052246
vt 0.220215 0.043945
vt 0.236572 0.052246
vt 0.236572 0.043945
vt 0.252930 0.052246
vt 0.252930 0.043945
vt 0.269287 0.052246
vt 0.269287 0.043945
vt 0.285645 0.052246
vt 0.285645 0.043945
vt 0.302002 0.052246
vt 0.302002 0.043945
vt 0.318359 0.052246
vt 0.318359 0.043945
vt 0.297852 0.027344
vt 0.318604 0.034668
vt 0.318604 0.027344
vt 0.297852 0.034668
vt 0.277100 0.027344
vt 0.277100 0.034668
vt 0.256348 0.027344
vt 0.256348 0.034668
vt 0.235596 0.027344
vt 0.235596 0.034668
vt 0.214722 0.027344
vt 0.214722 0.034668
vt 0.193970 0.027344
vt 0.193970 0.034668
vt 0.173096 0.027344
vt 0.173096 0.034668
vt 0.152344 0.034668
vt 0.152344 0.027344
vt 0.131592 0.027344
vt 0.131592 0.034668
vt 0.110779 0.027344
vt 0.110779 0.034668
vt 0.089966 0.027344
vt 0.089966 0.034668
vt 0.069214 0.027344
vt 0.069214 0.034668
vt 0.011169 0.021484
vt 0.036804 0.006836
vt 0.011169 0.006836
vt 0.036804 0.021484
vt 0.062439 0.006836
vt 0.062439 0.021484
vt 0.088074 0.021484
vt 0.088074 0.006836
vt 0.113708 0.006836
vt 0.113708 0.021484
vt 0.139404 0.021484
vt 0.139404 0.006836
vt 0.165039 0.021484
vt 0.165039 0.006836
vt 0.190674 0.006836
vt 0.190674 0.021484
vt 0.216309 0.021484
vt 0.216309 0.006836
vt 0.241943 0.021484
vt 0.241943 0.006836
vt 0.267578 0.006836
vt 0.267578 0.021484
vt 0.293213 0.006836
vt 0.293213 0.021484
vt 0.318848 0.021484
vt 0.318848 0.006836
vt 0.866699 0.119141
vt 0.854492 0.119141
vt 0.869629 0.136719
vt 0.857422 0.137695
vt 0.970703 0.202148
vt 0.955566 0.208496
vt 0.955566 0.223145
vt 0.968262 0.187500
vt 0.984863 0.187012
vt 0.949219 0.182129
vt 0.947754 0.174805
vt 0.920898 0.079102
vt 0.923828 0.077637
vt 0.627930 0.159180
vt 0.633789 0.195801
vt 0.618652 0.198730
vt 0.270264 0.100586
vt 0.273926 0.108398
vt 0.280518 0.113770
vt 0.288574 0.115723
vt 0.296631 0.113770
vt 0.302979 0.107910
vt 0.304443 0.104004
vt 0.306152 0.100098
vt 0.293945 0.178711
vt 0.277344 0.165527
vt 0.272705 0.173340
vt 0.293945 0.169922
vt 0.314941 0.173340
vt 0.310547 0.165527
vt 0.330322 0.157715
vt 0.322510 0.153320
vt 0.776367 0.641357
vt 0.759766 0.647705
vt 0.791992 0.633789
vt 0.802734 0.628906
vt 0.803223 0.590820
vt 0.817871 0.622803
vt 0.817871 0.586426
vt 0.825195 0.621338
vt 0.801270 0.543945
vt 0.825195 0.585449
vt 0.815918 0.541016
vt 0.832031 0.586426
vt 0.832031 0.622803
vt 0.824707 0.540527
vt 0.846680 0.590820
vt 0.847168 0.628906
vt 0.833984 0.541016
vt 0.858398 0.633545
vt 0.873535 0.641113
vt 0.890137 0.647461
vt 0.848633 0.543701
vt 0.848145 0.486816
vt 0.834961 0.491699
vt 0.847656 0.486816
vt 0.864258 0.478027
vt 0.878418 0.448730
vt 0.868652 0.451660
vt 0.857422 0.473145
vt 0.845215 0.479980
vt 0.834473 0.482422
vt 0.824707 0.485352
vt 0.824707 0.493652
vt 0.814453 0.491699
vt 0.814941 0.482422
vt 0.801758 0.486816
vt 0.804199 0.480469
vt 0.801270 0.486816
vt 0.785156 0.478027
vt 0.791992 0.473145
vt 0.780762 0.451660
vt 0.770996 0.448730
vt 0.795410 0.468262
vt 0.783691 0.446777
vt 0.804688 0.475586
vt 0.816895 0.478027
vt 0.824707 0.479492
vt 0.833008 0.478027
vt 0.844727 0.475586
vt 0.854004 0.468262
vt 0.865723 0.446777
vt 0.802734 0.308594
vt 0.802246 0.293945
vt 0.780762 0.305176
vt 0.780762 0.294434
vt 0.771484 0.298828
vt 0.768555 0.294434
vt 0.724609 0.383301
vt 0.714355 0.381836
vt 0.724121 0.378906
vt 0.714844 0.376465
vt 0.724121 0.372559
vt 0.714844 0.369141
vt 0.723633 0.368164
vt 0.714844 0.363770
vt 0.760254 0.368652
vt 0.771973 0.368164
vt 0.762695 0.363281
vt 0.769043 0.373047
vt 0.758301 0.373535
vt 0.766113 0.378418
vt 0.754883 0.380371
vt 0.762695 0.384766
vt 0.752441 0.385254
vt 0.759766 0.389648
vt 0.750000 0.390625
vt 0.757324 0.394531
vt 0.918457 0.381836
vt 0.927734 0.379883
vt 0.925781 0.375488
vt 0.921387 0.385742
vt 0.929688 0.384766
vt 0.924316 0.389648
vt 0.932617 0.390625
vt 0.927734 0.395508
vt 0.934570 0.395020
vt 0.930664 0.399414
vt 0.936523 0.399902
vt 0.933594 0.403320
vt 0.433838 0.093750
vt 0.445068 0.096680
vt 0.445312 0.092285
vt 0.433594 0.097168
vt 0.433838 0.099609
vt 0.445312 0.101562
vt 0.458496 0.096680
vt 0.458740 0.090332
vt 0.458740 0.103516
vt 0.430176 0.094727
vt 0.428955 0.097168
vt 0.430176 0.099121
vt 0.464111 0.175293
vt 0.463867 0.162109
vt 0.464111 0.188477
vt 0.464355 0.201172
vt 0.939453 0.594482
vt 0.935547 0.632324
vt 0.929199 0.591309
vt 0.937012 0.643311
vt 0.961426 0.668945
vt 0.959473 0.663086
vt 0.957031 0.475586
vt 0.953125 0.498047
vt 0.961914 0.452637
vt 0.964844 0.437500
vt 0.909180 0.477539
vt 0.951660 0.500244
vt 0.869629 0.116699
vt 0.872070 0.138184
vt 0.869629 0.182129
vt 0.872070 0.182617
vt 0.855469 0.233398
vt 0.861328 0.241699
vt 0.914062 0.214355
vt 0.919922 0.200684
vt 0.936035 0.183105
vt 0.936035 0.200684
vt 0.935547 0.125977
vt 0.920898 0.110352
vt 0.935547 0.110352
vt 0.911133 0.118164
vt 0.912598 0.110352
vt 0.954590 0.205078
vt 0.582031 0.198242
vt 0.570312 0.198242
vt 0.541504 0.223633
vt 0.541504 0.195312
vt 0.267334 0.151367
vt 0.289062 0.154297
vt 0.327148 0.105957
vt 0.767090 0.653076
vt 0.778809 0.647705
vt 0.794434 0.639893
vt 0.805176 0.635498
vt 0.816406 0.632080
vt 0.825195 0.630615
vt 0.833496 0.632080
vt 0.845215 0.635498
vt 0.855957 0.639893
vt 0.871582 0.647461
vt 0.882812 0.652832
vt 0.683594 0.623779
vt 0.849121 0.349121
vt 0.860352 0.369629
vt 0.864258 0.351562
vt 0.894043 0.379395
vt 0.908691 0.360840
vt 0.747070 0.030273
vt 0.746582 0.011230
vt 0.752441 0.031250
vt 0.752441 0.010254
vt 0.758301 0.011719
vt 0.757324 0.030762
vt 0.578125 0.038574
vt 0.575684 0.028809
vt 0.573730 0.032715
vt 0.596680 0.032227
vt 0.580566 0.018555
vt 0.597656 0.016602
vt 0.608398 0.025879
vt 0.593750 0.044922
vt 0.606934 0.036621
vt 0.575684 0.058594
vt 0.607910 0.049316
vt 0.597656 0.071777
vt 0.584961 0.074707
vt 0.619629 0.053711
vt 0.622070 0.054199
vt 0.610352 0.068848
vt 0.619141 0.069336
vt 0.622559 0.069336
vt 0.614746 0.084473
vt 0.622070 0.083984
vt 0.626465 0.083008
vt 0.633301 0.096680
vt 0.600586 0.091309
vt 0.596191 0.093750
vt 0.602051 0.103516
vt 0.617188 0.096191
vt 0.622070 0.115723
vt 0.616211 0.130859
vt 0.625000 0.096191
vt 0.633301 0.139648
vt 0.632324 0.153809
vt 0.628418 0.114258
vt 0.633789 0.113770
vt 0.634766 0.098145
vt 0.637207 0.099609
vt 0.636230 0.139160
vt 0.636230 0.154297
vt 0.639648 0.153809
vt 0.636719 0.113281
vt 0.640137 0.113770
vt 0.639160 0.098145
vt 0.639648 0.139648
vt 0.656738 0.131836
vt 0.641113 0.096680
vt 0.651367 0.116211
vt 0.671875 0.104980
vt 0.645508 0.114746
vt 0.657227 0.097168
vt 0.667480 0.086914
vt 0.649414 0.096680
vt 0.652344 0.084473
vt 0.648438 0.083496
vt 0.652832 0.069824
vt 0.660156 0.084961
vt 0.655762 0.069824
vt 0.653320 0.054688
vt 0.665039 0.069824
vt 0.674316 0.068359
vt 0.655762 0.054199
vt 0.667969 0.050293
vt 0.682129 0.045898
vt 0.668945 0.037598
vt 0.667480 0.026367
vt 0.679199 0.033203
vt 0.678223 0.017578
vt 0.695312 0.019043
vt 0.697754 0.038574
vt 0.699707 0.029297
vt 0.702148 0.033203
vt 0.936035 0.019531
vt 0.928711 0.022461
vt 0.936035 0.067871
vt 0.926270 0.067871
vt 0.688965 0.598633
vt 0.687988 0.615234
vt 0.707520 0.604004
vt 0.707031 0.614990
vt 0.719238 0.609131
vt 0.687988 0.623779
vt 0.714844 0.615479
vt 0.728027 0.617920
vt 0.706543 0.624512
vt 0.714844 0.624756
vt 0.731445 0.625244
vt 0.728027 0.632568
vt 0.714355 0.634033
vt 0.718262 0.640625
vt 0.706543 0.634033
vt 0.706055 0.645020
vt 0.687500 0.632568
vt 0.687500 0.649170
vt 0.767578 0.443359
vt 0.769531 0.435059
vt 0.881836 0.443359
vt 0.879883 0.435059
vt 0.288330 0.098633
vt 0.704590 0.084473
vt 0.723633 0.093750
vt 0.709961 0.109375
vt 0.734375 0.092773
vt 0.719238 0.110352
vt 0.745605 0.091797
vt 0.730469 0.110352
vt 0.748535 0.089355
vt 0.736328 0.111328
vt 0.751953 0.087891
vt 0.729980 0.150879
vt 0.755859 0.089355
vt 0.758301 0.091797
vt 0.727051 0.151855
vt 0.710449 0.160156
vt 0.692383 0.168457
vt 0.709961 0.177734
vt 0.712891 0.192383
vt 0.676270 0.187988
vt 0.672852 0.181641
vt 0.696777 0.185547
vt 0.699707 0.207031
vt 0.685547 0.210449
vt 0.770020 0.092773
vt 0.773438 0.110352
vt 0.767578 0.111328
vt 0.773926 0.151367
vt 0.780762 0.093750
vt 0.799316 0.084961
vt 0.794434 0.109863
vt 0.784668 0.110840
vt 0.776367 0.152344
vt 0.792969 0.160156
vt 0.811035 0.168945
vt 0.793457 0.177734
vt 0.790527 0.192871
vt 0.830566 0.182617
vt 0.826660 0.188965
vt 0.806641 0.186035
vt 0.803223 0.207520
vt 0.817383 0.210938
vt 0.461914 0.164062
vt 0.461914 0.173828
vt 0.451904 0.171875
vt 0.462158 0.188477
vt 0.452148 0.188477
vt 0.433350 0.173828
vt 0.462158 0.202637
vt 0.452393 0.205078
vt 0.452881 0.216309
vt 0.434082 0.213379
vt 0.433838 0.204102
vt 0.409424 0.208984
vt 0.433594 0.188965
vt 0.408691 0.176758
vt 0.409180 0.201660
vt 0.399658 0.207031
vt 0.408936 0.189453
vt 0.399414 0.198242
vt 0.370117 0.201660
vt 0.399170 0.180664
vt 0.398926 0.172363
vt 0.369629 0.178711
vt 0.399414 0.189453
vt 0.369873 0.195801
vt 0.338379 0.195312
vt 0.369629 0.184570
vt 0.338135 0.186523
vt 0.369873 0.190430
vt 0.338135 0.190918
vt 0.336182 0.190918
vt 0.977539 0.584229
vt 0.966797 0.587646
vt 0.976074 0.604248
vt 0.986328 0.604492
vt 0.968750 0.636475
vt 0.975586 0.637695
vt 0.970215 0.648926
vt 0.966797 0.648193
vt 0.959473 0.644043
vt 0.910156 0.418945
vt 0.906738 0.415527
vt 0.886719 0.428711
vt 0.887695 0.434082
vt 0.839844 0.424805
vt 0.903320 0.411621
vt 0.885254 0.423340
vt 0.842285 0.420410
vt 0.818848 0.406738
vt 0.898926 0.407227
vt 0.895508 0.403320
vt 0.892578 0.399902
vt 0.881348 0.406250
vt 0.821777 0.402344
vt 0.844238 0.416016
vt 0.824707 0.397949
vt 0.883789 0.416504
vt 0.847168 0.409668
vt 0.828125 0.392090
vt 0.882812 0.411621
vt 0.849121 0.405273
vt 0.851562 0.400879
vt 0.831055 0.388184
vt 0.833984 0.383789
vt 0.679688 0.155762
vt 0.667969 0.148438
vt 0.699219 0.104492
vt 0.691895 0.100098
vt 0.823730 0.156738
vt 0.835938 0.149414
vt 0.804688 0.104980
vt 0.812012 0.100586
vt 0.692383 0.053223
vt 0.701172 0.060059
vt 0.691895 0.076172
vt 0.684570 0.072266
vt 0.680176 0.094727
vt 0.674805 0.091309
vt 0.896484 0.553223
vt 0.904297 0.558594
vt 0.905762 0.548584
vt 0.892090 0.547607
vt 0.906738 0.558838
vt 0.905762 0.536865
vt 0.890137 0.545166
vt 0.905762 0.532471
vt 0.910156 0.548584
vt 0.913086 0.559082
vt 0.916992 0.558594
vt 0.910156 0.537109
vt 0.910156 0.532715
vt 0.915039 0.548584
vt 0.922852 0.554199
vt 0.926758 0.548828
vt 0.915039 0.537354
vt 0.915527 0.532959
vt 0.929199 0.546387
vt 0.754395 0.268555
vt 0.737793 0.260742
vt 0.755371 0.264648
vt 0.734863 0.265137
vt 0.753906 0.255371
vt 0.723633 0.254883
vt 0.720703 0.258789
vt 0.739746 0.251953
vt 0.708008 0.250000
vt 0.728027 0.246582
vt 0.716309 0.240234
vt 0.707031 0.229492
vt 0.711426 0.246094
vt 0.700684 0.231934
vt 0.697266 0.234375
vt 0.078491 0.066895
vt 0.072998 0.076172
vt 0.082458 0.085938
vt 0.060150 0.072754
vt 0.091919 0.080566
vt 0.060150 0.062012
vt 0.085876 0.098633
vt 0.041779 0.066895
vt 0.096863 0.098633
vt 0.047272 0.076660
vt 0.082458 0.111816
vt 0.037842 0.085938
vt 0.091919 0.117188
vt 0.028351 0.080566
vt 0.078491 0.130371
vt 0.034393 0.098633
vt 0.072998 0.121094
vt 0.023438 0.098633
vt 0.060150 0.124512
vt 0.028351 0.117188
vt 0.060150 0.135254
vt 0.037842 0.111816
vt 0.041779 0.130371
vt 0.047272 0.121094
vt 0.162354 0.174316
vt 0.156982 0.174316
vt 0.153931 0.162598
vt 0.153931 0.185547
vt 0.158691 0.160156
vt 0.158691 0.187988
vt 0.145752 0.154297
vt 0.145630 0.193848
vt 0.148438 0.149902
vt 0.148315 0.198242
vt 0.134399 0.145996
vt 0.134277 0.202148
vt 0.134399 0.151367
vt 0.134277 0.196777
vt 0.123108 0.154297
vt 0.122986 0.193848
vt 0.120361 0.149902
vt 0.120300 0.198242
vt 0.110168 0.160156
vt 0.110046 0.187988
vt 0.114807 0.162598
vt 0.114746 0.185547
vt 0.106323 0.173828
vt 0.111755 0.173828
vt 0.042725 0.088867
vt 0.040009 0.098633
vt 0.050079 0.081543
vt 0.060150 0.078613
vt 0.042725 0.108887
vt 0.050079 0.116211
vt 0.070190 0.081543
vt 0.060150 0.118652
vt 0.077515 0.088867
vt 0.080261 0.098633
vt 0.070190 0.116211
vt 0.077515 0.108887
vt 0.148682 0.141602
vt 0.170044 0.138184
vt 0.153198 0.133301
vt 0.140991 0.121094
vt 0.170044 0.146973
vt 0.133057 0.125977
vt 0.186768 0.133301
vt 0.136475 0.104492
vt 0.191284 0.141602
vt 0.127319 0.104492
vt 0.199097 0.121094
vt 0.133057 0.083008
vt 0.207031 0.125977
vt 0.140991 0.087402
vt 0.203613 0.104492
vt 0.148682 0.067383
vt 0.212646 0.104492
vt 0.153198 0.075195
vt 0.199097 0.087402
vt 0.170044 0.070801
vt 0.207031 0.083008
vt 0.170044 0.061523
vt 0.191284 0.067383
vt 0.186768 0.075195
vt 0.006042 0.098633
vt 0.022385 0.120605
vt 0.016418 0.098633
vt 0.022385 0.076172
vt 0.013397 0.125977
vt 0.013397 0.071289
vt 0.038696 0.137207
vt 0.038696 0.060059
vt 0.033508 0.145996
vt 0.033508 0.050781
vt 0.060974 0.143066
vt 0.060974 0.043457
vt 0.060974 0.153320
vt 0.060974 0.054199
vt 0.083252 0.137207
vt 0.083252 0.060059
vt 0.088440 0.145996
vt 0.088440 0.050781
vt 0.099548 0.120605
vt 0.108521 0.071289
vt 0.108521 0.125977
vt 0.099548 0.076172
vt 0.115906 0.098633
vt 0.105530 0.098633
vt 0.180298 0.084961
vt 0.168945 0.104980
vt 0.188721 0.093262
vt 0.168945 0.082031
vt 0.191772 0.104980
vt 0.157593 0.084961
vt 0.188721 0.116211
vt 0.149170 0.093262
vt 0.180298 0.124512
vt 0.146118 0.104980
vt 0.168945 0.127930
vt 0.149170 0.116211
vt 0.157593 0.124512
vt 0.060150 0.098633
s 1
usemtl Leg
f 1/1/1 2/2/1 3/3/1
f 4/2/1 5/1/1 6/4/1
f 7/5/2 8/3/2 9/6/2
f 10/3/3 11/5/4 12/1/3
f 13/7/1 14/8/1 15/9/1
f 16/8/1 17/10/1 18/9/1
f 19/9/5 20/11/6 21/7/3
f 22/12/7 23/7/7 24/11/7
f 25/13/8 26/14/8 27/15/8
f 28/15/9 29/16/10 30/13/9
f 31/13/11 32/17/12 33/18/12
f 34/17/13 35/13/13 36/16/13
f 37/19/14 38/20/15 39/21/16
f 40/20/17 41/19/17 42/22/17
f 43/23/18 44/21/19 45/20/19
f 46/20/20 47/24/21 48/23/20
f 49/14/22 50/20/22 51/22/22
f 52/20/22 53/14/22 54/13/22
f 55/13/23 56/18/23 57/24/23
f 58/13/23 59/24/23 60/20/23
f 61/25/24 62/26/24 63/27/24
f 64/26/25 65/25/25 66/28/25
f 67/29/26 68/26/27 69/28/26
f 70/28/28 71/30/28 72/29/29
f 73/31/30 74/32/31 75/33/30
f 76/32/32 77/34/33 78/33/33
f 79/35/34 80/36/34 81/37/34
f 82/36/35 83/35/35 84/38/35
f 85/38/36 86/39/36 87/36/36
f 88/40/37 89/36/37 90/39/37
f 91/41/38 92/40/39 93/42/39
f 94/40/40 95/39/40 96/42/40
f 97/43/41 98/44/41 99/45/41
f 100/44/41 101/43/42 102/46/42
f 103/47/43 104/45/43 105/48/44
f 106/48/45 107/45/45 108/44/45
f 109/49/46 110/50/46 111/51/46
f 112/52/47 113/51/48 114/50/48
f 115/53/49 116/51/50 117/52/51
f 118/53/52 119/49/52 120/51/52
f 121/54/53 122/49/53 123/53/53
f 124/55/54 125/56/55 126/57/55
f 127/57/56 128/58/56 129/55/57
f 130/59/58 131/60/58 132/61/58
f 133/60/59 134/59/59 135/62/59
f 136/63/60 137/59/60 138/64/60
f 139/59/61 140/63/61 141/62/61
f 142/64/62 143/65/63 144/66/63
f 145/64/64 146/66/64 147/63/64
f 148/67/41 149/68/41 150/69/41
f 151/68/42 152/67/42 153/70/41
f 154/71/65 155/69/65 156/72/65
f 157/69/45 158/71/45 159/67/45
f 160/73/66 161/41/66 162/74/66
f 163/41/67 164/42/67 165/74/67
f 166/75/68 167/76/69 168/73/69
f 169/75/70 170/73/70 171/74/70
f 172/76/71 173/75/71 174/77/71
f 175/78/72 176/79/72 177/80/72
f 178/81/73 179/82/74 180/83/73
f 181/84/75 182/66/75 183/65/75
f 184/65/76 185/85/76 186/84/76
f 187/86/77 188/84/77 189/85/78
f 190/86/79 191/85/79 192/87/80
f 193/87/81 194/88/82 195/86/82
f 196/89/83 197/90/83 198/79/84
f 199/81/85 200/79/85 201/90/86
f 201/90/86 202/91/87 199/81/85
f 203/82/88 204/81/89 205/91/90
f 206/92/91 207/93/92 208/94/91
f 209/93/93 210/92/93 211/95/93
f 212/95/94 213/96/94 214/97/94
f 215/97/95 216/96/95 217/98/95
f 218/93/96 219/95/96 220/99/96
f 221/99/97 222/95/97 223/97/97
f 224/94/98 225/100/99 226/92/99
f 227/92/100 228/100/101 229/101/100
f 230/102/102 231/103/102 232/104/102
f 233/103/103 234/102/103 235/105/103
f 236/106/104 237/103/104 238/105/104
f 239/103/105 240/106/106 241/107/107
f 242/100/108 243/102/109 244/101/110
f 244/101/110 243/102/109 245/104/111
f 246/108/112 247/107/113 248/109/114
f 249/106/112 248/109/114 247/107/113
f 250/110/115 251/111/115 252/112/115
f 253/111/116 254/113/116 255/112/117
f 256/114/118 257/115/118 258/116/118
f 259/115/119 260/114/120 261/117/119
f 262/118/121 263/119/121 264/120/121
f 265/120/122 266/119/123 267/121/123
f 268/122/124 269/114/124 270/123/125
f 271/116/126 272/123/126 273/114/126
f 274/124/127 275/118/128 276/120/129
f 277/118/130 278/124/130 279/125/131
f 280/122/132 281/126/132 282/127/132
f 283/126/132 284/122/132 285/123/132
f 286/128/133 287/125/134 288/129/133
f 289/129/135 290/125/136 291/124/135
f 292/130/137 293/126/137 294/131/137
f 295/126/138 296/130/138 297/127/138
f 298/132/139 299/129/140 300/133/140
f 301/129/141 302/132/141 303/128/142
f 304/131/143 305/113/144 306/130/144
f 307/113/132 308/131/132 309/134/145
f 310/111/146 311/132/146 312/133/146
f 313/132/147 314/111/147 315/135/147
f 316/111/148 317/136/148 318/135/148
f 319/136/149 320/111/149 321/110/149
f 322/137/150 323/110/150 324/112/150
f 325/110/151 326/137/152 327/136/153
f 328/134/154 329/137/155 330/113/155
f 331/137/156 332/112/156 333/113/157
f 334/138/158 335/139/159 336/140/158
f 337/139/160 338/138/160 339/141/160
f 340/142/159 341/143/159 342/144/158
f 343/143/158 344/142/160 345/145/159
f 346/140/161 347/146/161 348/138/161
f 349/147/161 350/138/161 351/146/161
f 352/148/162 353/147/162 354/146/162
f 355/147/163 356/148/164 357/149/163
f 358/150/165 359/149/165 360/148/165
f 361/149/165 362/150/165 363/151/165
f 364/152/166 365/153/166 366/154/166
f 367/153/167 368/152/167 369/155/168
f 370/152/169 371/145/169 372/155/169
f 373/145/169 374/152/169 375/143/170
f 376/156/171 377/117/172 378/121/173
f 379/156/172 380/121/172 381/157/173
f 382/158/174 383/159/174 384/160/174
f 385/158/175 386/161/175 387/159/175
f 388/162/176 389/158/176 390/160/177
f 391/158/178 392/162/179 393/163/180
f 394/164/181 395/165/182 396/166/183
f 397/167/184 398/159/185 399/161/186
f 400/159/187 401/167/187 402/168/187
f 403/169/188 404/160/189 405/159/188
f 406/169/190 407/159/190 408/168/190
f 409/170/191 410/162/191 411/171/191
f 412/162/192 413/170/192 414/163/192
f 415/162/193 416/169/193 417/171/193
f 418/169/188 419/162/188 420/160/188
f 421/167/194 422/172/194 423/173/194
f 424/172/195 425/167/195 426/161/195
f 427/170/196 428/174/196 429/163/196
f 430/174/197 431/170/198 432/175/198
f 433/176/199 434/177/199 435/178/199
f 436/177/200 437/176/200 438/179/200
f 439/179/201 440/176/201 441/180/201
f 442/181/202 443/176/202 444/182/202
f 445/176/203 446/181/203 447/180/203
f 448/183/204 449/184/204 450/185/204
f 451/184/205 452/183/206 453/186/206
f 454/187/207 455/185/207 456/188/207
f 457/185/208 458/187/208 459/183/208
f 460/189/209 461/190/210 462/191/210
f 463/190/211 464/189/212 465/192/211
f 466/193/213 467/189/214 468/194/213
f 469/189/215 470/193/215 471/192/215
f 472/195/216 473/196/216 474/197/216
f 475/196/217 476/195/218 477/198/218
f 478/199/219 479/200/219 480/201/219
f 481/202/220 482/203/221 483/204/221
f 484/203/222 485/202/223 486/205/223
f 487/202/224 488/206/224 489/207/225
f 490/206/226 491/202/226 492/204/226
f 493/208/227 494/209/228 495/210/228
f 496/209/229 497/208/230 498/211/229
f 499/206/231 500/212/231 501/207/232
f 502/213/233 503/207/233 504/212/233
f 505/212/234 506/214/234 507/213/234
f 508/215/235 509/213/235 510/214/235
f 511/215/236 512/214/236 513/216/236
f 514/217/237 515/218/237 516/200/237
f 517/217/238 518/200/238 519/219/238
f 520/220/239 521/221/239 522/222/239
f 523/223/240 524/217/240 525/219/241
f 526/217/242 527/223/243 528/224/242
f 529/219/244 530/199/245 531/225/244
f 532/199/246 533/219/247 534/200/246
f 535/226/248 536/200/248 537/218/249
f 538/227/250 539/228/250 540/229/250
f 541/228/251 542/230/251 543/229/251
f 544/231/252 545/227/252 546/232/252
f 547/232/253 548/227/253 549/229/252
f 550/233/254 551/234/254 552/235/254
f 553/234/254 554/233/255 555/236/254
f 556/237/256 557/233/256 558/238/257
f 559/235/258 560/238/256 561/233/256
f 562/239/259 563/236/260 564/240/261
f 565/236/259 566/239/259 567/234/259
f 568/237/262 569/241/262 570/242/262
f 571/238/262 572/241/262 573/237/262
f 574/243/263 575/239/263 576/240/263
f 577/244/263 578/239/263 579/243/263
f 580/245/264 581/246/265 582/247/264
f 583/246/266 584/245/266 585/248/266
f 586/249/267 587/246/268 588/248/267
f 589/249/267 590/248/267 591/250/269
f 592/251/270 593/249/271 594/250/271
f 595/250/272 596/252/272 597/251/273
f 598/253/274 599/254/274 600/255/274
f 601/256/274 602/254/274 603/253/274
f 604/257/275 605/258/275 606/259/275
f 607/258/275 608/257/275 609/260/275
f 610/253/276 611/261/276 612/256/276
f 613/262/277 614/256/277 615/261/277
f 616/263/278 617/264/278 618/256/278
f 619/265/279 620/266/279 621/267/280
f 622/258/281 623/268/281 624/269/281
f 625/270/282 626/271/282 627/272/282
f 628/270/283 629/273/283 630/274/283
f 631/273/283 632/270/283 633/275/283
f 634/14/284 635/13/284 636/15/284
f 637/15/285 638/13/285 639/16/286
f 640/13/287 641/17/287 642/16/288
f 643/17/289 644/13/290 645/18/289
f 646/19/291 647/20/291 648/22/291
f 649/20/292 650/19/292 651/21/292
f 652/21/293 653/23/293 654/20/293
f 655/20/294 656/23/294 657/24/295
f 658/14/22 659/20/22 660/13/22
f 661/20/22 662/14/22 663/22/22
f 664/20/296 665/24/296 666/13/296
f 667/13/297 668/24/296 669/18/296
f 670/28/298 671/25/298 672/26/298
f 673/27/299 674/26/299 675/25/299
f 676/29/300 677/28/301 678/26/300
f 679/30/302 680/28/302 681/29/302
f 682/33/303 683/32/303 684/31/304
f 685/33/305 686/34/305 687/32/306
f 688/36/307 689/35/307 690/37/307
f 691/35/308 692/36/308 693/38/308
f 694/36/309 695/40/309 696/39/309
f 697/36/310 698/39/310 699/38/310
f 700/41/311 701/42/311 702/40/311
f 703/40/312 704/42/312 705/39/312
f 706/43/313 707/44/313 708/46/313
f 709/44/313 710/43/313 711/45/313
f 712/45/314 713/48/314 714/44/315
f 715/48/316 716/45/316 717/47/316
f 718/50/317 719/51/317 720/52/318
f 721/51/319 722/50/319 723/49/319
f 724/53/320 725/52/321 726/51/322
f 727/49/323 728/54/323 729/53/324
f 730/49/325 731/53/325 732/51/325
f 733/56/326 734/55/326 735/57/326
f 736/57/327 737/55/328 738/58/329
f 739/59/330 740/60/330 741/62/330
f 742/60/331 743/59/331 744/61/331
f 745/64/332 746/59/332 747/63/332
f 748/59/333 749/62/333 750/63/333
f 751/66/334 752/65/334 753/64/334
f 754/66/335 755/64/335 756/63/335
f 757/68/313 758/67/313 759/69/313
f 760/67/313 761/68/313 762/70/336
f 763/69/337 764/71/337 765/72/337
f 766/71/314 767/69/314 768/67/314
f 769/74/338 770/41/338 771/73/339
f 772/41/340 773/74/340 774/42/340
f 775/75/341 776/73/341 777/76/341
f 778/73/342 779/75/342 780/74/342
f 781/76/343 782/77/343 783/75/343
f 784/78/344 785/80/345 786/79/345
f 787/83/346 788/82/346 789/81/346
f 790/84/347 791/65/347 792/66/347
f 793/65/348 794/84/348 795/85/348
f 796/86/349 797/85/349 798/84/349
f 799/85/350 800/86/350 801/87/350
f 802/87/351 803/86/351 804/88/351
f 805/89/352 806/79/352 807/90/352
f 808/81/353 809/90/354 810/79/355
f 809/90/354 808/81/353 811/91/356
f 812/82/357 813/91/357 814/81/358
f 815/93/359 816/92/359 817/94/360
f 818/92/361 819/93/362 820/95/362
f 821/96/363 822/95/363 823/97/363
f 824/97/364 825/98/365 826/96/364
f 827/93/366 828/99/366 829/95/367
f 830/99/368 831/97/369 832/95/368
f 833/92/370 834/100/371 835/94/370
f 836/92/372 837/101/372 838/100/370
f 839/102/373 840/103/374 841/105/374
f 842/103/375 843/102/376 844/104/376
f 845/106/377 846/105/377 847/103/377
f 848/106/378 849/103/379 850/107/379
f 851/101/380 852/102/381 853/100/381
f 852/102/381 851/101/380 854/104/380
f 855/107/382 856/108/382 857/109/383
f 857/109/383 858/106/383 855/107/382
f 859/110/384 860/112/384 861/111/385
f 862/111/386 863/112/386 864/113/386
f 865/114/387 866/115/119 867/117/119
f 868/115/388 869/114/389 870/116/390
f 871/120/391 872/121/392 873/119/393
f 874/120/394 875/119/394 876/118/394
f 877/114/395 878/123/395 879/116/395
f 880/123/396 881/114/397 882/122/397
f 883/124/398 884/120/399 885/118/398
f 886/124/400 887/118/400 888/125/400
f 889/122/401 890/127/401 891/126/401
f 892/122/401 893/126/401 894/123/401
f 895/129/402 896/124/402 897/125/402
f 898/129/403 899/125/404 900/128/403
f 901/130/405 902/126/405 903/127/406
f 904/126/407 905/130/408 906/131/408
f 907/129/409 908/132/410 909/133/410
f 910/132/411 911/129/412 912/128/413
f 913/113/414 914/131/414 915/130/414
f 916/131/401 917/113/401 918/134/401
f 919/111/415 920/133/416 921/132/415
f 922/132/417 923/135/418 924/111/418
f 925/136/419 926/111/420 927/135/419
f 928/111/421 929/136/421 930/110/421
f 931/137/422 932/110/423 933/136/424
f 934/110/424 935/137/424 936/112/425
f 937/134/426 938/113/426 939/137/426
f 940/137/427 941/113/428 942/112/428
f 943/138/429 944/139/429 945/141/429
f 946/139/430 947/138/431 948/140/431
f 949/142/429 950/143/431 951/145/431
f 952/143/431 953/142/430 954/144/429
f 955/138/432 956/147/432 957/146/432
f 958/138/432 959/146/432 960/140/433
f 961/148/434 962/146/434 963/147/435
f 964/148/434 965/147/434 966/149/434
f 967/150/436 968/148/436 969/149/437
f 970/150/438 971/149/438 972/151/438
f 973/152/439 974/154/439 975/153/440
f 976/152/440 977/153/441 978/155/440
f 979/152/442 980/145/442 981/143/442
f 982/145/443 983/152/443 984/155/442
f 985/156/444 986/121/444 987/117/444
f 988/121/445 989/156/446 990/157/444
f 991/158/447 992/160/447 993/159/447
f 994/159/448 995/161/448 996/158/448
f 997/162/449 998/158/450 999/163/449
f 1000/158/451 1001/162/451 1002/160/451
f 1003/164/452 1004/166/452 1005/165/452
f 1006/159/453 1007/167/454 1008/161/454
f 1009/167/455 1010/159/455 1011/168/455
f 1012/168/456 1013/159/456 1014/169/456
f 1015/160/457 1016/169/457 1017/159/457
f 1018/170/458 1019/171/458 1020/162/458
f 1021/170/459 1022/162/459 1023/163/459
f 1024/169/460 1025/162/460 1026/171/460
f 1027/162/457 1028/169/457 1029/160/457
f 1030/167/461 1031/173/461 1032/172/461
f 1033/167/462 1034/172/462 1035/161/462
f 1036/170/463 1037/174/463 1038/175/463
f 1039/174/464 1040/170/464 1041/163/464
f 1042/176/465 1043/178/466 1044/177/465
f 1045/177/467 1046/179/467 1047/176/467
f 1048/179/468 1049/180/468 1050/176/468
f 1051/176/469 1052/181/469 1053/182/469
f 1054/181/470 1055/176/470 1056/180/470
f 1057/184/471 1058/183/471 1059/185/471
f 1060/183/472 1061/184/472 1062/186/472
f 1063/185/473 1064/187/473 1065/188/473
f 1066/187/474 1067/185/474 1068/183/474
f 1069/189/475 1070/191/476 1071/190/476
f 1072/190/477 1073/192/477 1074/189/477
f 1075/193/478 1076/189/478 1077/192/478
f 1078/189/479 1079/193/480 1080/194/480
f 1081/198/481 1082/195/482 1083/196/482
f 1084/197/483 1085/196/484 1086/195/483
f 1087/199/485 1088/201/485 1089/200/485
f 1090/203/486 1091/202/487 1092/204/488
f 1093/202/489 1094/203/490 1095/205/489
f 1096/202/491 1097/206/492 1098/204/491
f 1099/206/493 1100/202/493 1101/207/494
f 1102/208/495 1103/210/495 1104/209/496
f 1105/208/497 1106/209/498 1107/211/497
f 1108/212/499 1109/206/500 1110/207/500
f 1111/207/501 1112/213/501 1113/212/501
f 1114/214/502 1115/212/502 1116/213/502
f 1117/213/503 1118/215/503 1119/214/503
f 1120/215/504 1121/216/504 1122/214/504
f 1123/217/505 1124/200/505 1125/218/505
f 1126/200/506 1127/217/507 1128/219/508
f 1129/220/239 1130/222/239 1131/221/239
f 1132/223/509 1133/217/509 1134/224/509
f 1135/217/510 1136/223/511 1137/219/511
f 1138/219/512 1139/199/512 1140/200/512
f 1141/199/513 1142/219/513 1143/225/513
f 1144/226/514 1145/218/514 1146/200/514
f 1147/227/515 1148/229/515 1149/228/515
f 1150/228/515 1151/229/515 1152/230/516
f 1153/227/517 1154/232/517 1155/229/517
f 1156/232/518 1157/227/518 1158/231/518
f 1159/234/519 1160/233/520 1161/235/520
f 1162/233/521 1163/234/521 1164/236/521
f 1165/233/522 1166/238/523 1167/235/523
f 1168/238/524 1169/233/524 1170/237/525
f 1171/236/526 1172/239/527 1173/240/526
f 1174/239/528 1175/236/526 1176/234/527
f 1177/237/529 1178/242/530 1179/241/530
f 1180/241/529 1181/238/530 1182/237/529
f 1183/243/531 1184/240/531 1185/239/531
f 1186/239/531 1187/244/531 1188/243/531
f 1189/248/532 1190/245/532 1191/246/532
f 1192/247/533 1193/246/534 1194/245/534
f 1195/249/535 1196/248/536 1197/246/535
f 1198/250/535 1199/248/535 1200/249/535
f 1201/251/537 1202/250/538 1203/249/537
f 1204/250/539 1205/251/539 1206/252/539
f 1207/253/540 1208/255/540 1209/254/540
f 1210/254/540 1211/256/540 1212/253/540
f 1213/257/541 1214/258/541 1215/260/541
f 1216/258/541 1217/257/541 1218/259/541
f 1219/261/542 1220/256/542 1221/262/542
f 1222/256/543 1223/261/543 1224/253/543
f 1225/263/544 1226/256/545 1227/264/545
f 1228/265/546 1229/267/547 1230/266/547
f 1231/258/548 1232/269/549 1233/268/549
f 1234/270/550 1235/272/551 1236/271/551
f 1237/273/283 1238/270/283 1239/274/283
f 1240/270/283 1241/273/283 1242/275/283
f 1243/276/552 1244/277/552 1245/278/552
f 1246/277/553 1247/276/554 1248/279/553
f 1249/280/555 1250/281/556 1251/282/555
f 1252/281/557 1253/280/557 1254/283/557
f 1255/284/558 1256/285/558 1257/286/559
f 1258/286/560 1259/287/560 1260/284/560
f 1261/288/561 1262/277/562 1263/289/562
f 1264/277/563 1265/288/563 1266/285/563
f 1267/282/564 1268/284/564 1269/287/565
f 1270/284/566 1271/282/566 1272/281/566
f 1273/290/567 1274/291/568 1275/292/569
f 1276/291/570 1277/290/571 1278/293/570
f 1279/291/572 1280/294/572 1281/295/572
f 1282/291/573 1283/295/573 1284/292/573
f 1285/296/574 1286/297/575 1287/298/575
f 1288/299/576 1289/300/577 1290/301/577
f 1291/300/578 1292/302/579 1293/301/580
f 1294/303/581 1295/304/582 1296/305/583
f 1297/304/584 1298/303/584 1299/306/584
f 1300/307/585 1301/308/585 1302/309/585
f 1303/308/586 1304/307/587 1305/310/586
f 1306/311/588 1307/300/588 1308/310/588
f 1309/300/589 1310/311/589 1311/312/590
f 1312/308/591 1313/305/592 1314/309/593
f 1315/305/594 1316/308/594 1317/303/594
f 1318/313/595 1319/314/595 1320/315/595
f 1321/314/596 1322/313/597 1323/316/597
f 1324/315/598 1325/317/598 1326/313/598
f 1327/318/599 1328/313/599 1329/317/599
f 1330/319/600 1331/320/601 1332/321/601
f 1333/322/602 1334/323/603 1335/324/604
f 1336/323/605 1337/322/605 1338/325/605
f 1339/326/606 1340/327/606 1341/328/607
f 1342/329/608 1343/328/608 1344/327/608
f 1345/330/609 1346/331/610 1347/332/611
f 1348/331/612 1349/330/612 1350/333/612
f 1351/333/613 1352/322/613 1353/331/613
f 1354/331/614 1355/322/614 1356/324/615
f 1357/328/616 1358/332/616 1359/326/616
f 1360/332/617 1361/328/617 1362/330/617
f 1363/334/618 1364/335/618 1365/336/618
f 1366/335/619 1367/334/619 1368/337/619
f 1369/338/620 1370/339/621 1371/340/620
f 1372/340/622 1373/339/622 1374/341/622
f 1375/342/623 1376/343/623 1377/338/623
f 1378/342/624 1379/338/624 1380/340/624
f 1381/344/625 1382/343/625 1383/345/625
f 1384/345/626 1385/343/626 1386/342/626
f 1387/346/627 1388/347/627 1389/348/628
f 1390/348/629 1391/347/629 1392/349/629
f 1393/350/630 1394/351/631 1395/336/631
f 1396/336/632 1397/351/632 1398/334/632
f 1399/352/633 1400/353/634 1401/354/634
f 1400/353/634 1399/352/633 1402/355/634
f 1403/356/635 1404/357/635 1405/358/635
f 1406/358/636 1407/359/636 1408/356/636
f 1409/360/637 1410/357/637 1411/361/637
f 1412/357/638 1413/360/639 1414/358/638
f 1415/362/640 1416/360/641 1417/363/642
f 1418/363/643 1419/360/644 1420/361/643
f 1421/364/645 1422/362/645 1423/363/645
f 1424/362/646 1425/364/647 1426/365/647
f 1427/359/648 1428/366/648 1429/356/648
f 1430/366/649 1431/359/649 1432/367/649
f 1433/368/650 1434/369/650 1435/370/651
f 1436/369/652 1437/368/652 1438/371/652
f 1439/368/653 1440/370/653 1441/372/653
f 1442/373/654 1443/372/654 1444/370/655
f 1445/374/656 1446/372/656 1447/373/656
f 1448/375/657 1449/376/658 1450/377/657
f 1451/375/659 1452/378/659 1453/376/660
f 1454/379/661 1455/375/661 1456/380/661
f 1457/375/662 1458/379/662 1459/378/662
f 1460/373/663 1461/377/664 1462/374/663
f 1463/374/665 1464/377/666 1465/376/667
f 1466/381/668 1467/348/668 1468/382/668
f 1469/348/669 1470/381/669 1471/383/670
f 1472/384/671 1473/314/672 1474/385/673
f 1475/314/674 1476/384/674 1477/386/674
f 1478/323/675 1479/322/675 1480/324/675
f 1481/322/676 1482/323/676 1483/325/676
f 1484/327/677 1485/328/677 1486/329/677
f 1487/328/678 1488/327/678 1489/326/678
f 1490/332/679 1491/331/679 1492/330/679
f 1493/331/680 1494/333/681 1495/330/680
f 1496/322/682 1497/331/682 1498/324/683
f 1499/331/684 1500/322/685 1501/333/685
f 1502/328/686 1503/332/687 1504/330/687
f 1505/332/688 1506/328/688 1507/326/688
f 1508/334/689 1509/336/689 1510/335/689
f 1511/335/690 1512/337/690 1513/334/691
f 1514/340/692 1515/339/692 1516/338/693
f 1517/339/694 1518/340/694 1519/341/694
f 1520/342/695 1521/338/695 1522/343/695
f 1523/338/696 1524/342/696 1525/340/696
f 1526/345/697 1527/343/697 1528/344/698
f 1529/343/699 1530/345/699 1531/342/699
f 1532/346/700 1533/348/700 1534/347/700
f 1535/348/629 1536/349/629 1537/347/629
f 1538/350/701 1539/336/701 1540/351/701
f 1541/336/702 1542/334/702 1543/351/702
f 1544/352/634 1545/353/634 1546/355/634
f 1545/353/634 1544/352/634 1547/354/634
f 1548/356/703 1549/358/704 1550/357/703
f 1551/359/705 1552/358/705 1553/356/705
f 1554/360/706 1555/357/706 1556/358/707
f 1557/357/708 1558/360/709 1559/361/709
f 1560/360/710 1561/363/710 1562/361/710
f 1563/363/711 1564/360/711 1565/362/711
f 1566/363/712 1567/362/712 1568/364/712
f 1569/362/713 1570/365/713 1571/364/713
f 1572/359/714 1573/366/714 1574/367/714
f 1575/366/715 1576/359/715 1577/356/715
f 1578/368/716 1579/369/717 1580/371/717
f 1581/369/718 1582/368/719 1583/370/718
f 1584/368/720 1585/372/720 1586/370/720
f 1587/373/721 1588/370/721 1589/372/721
f 1590/372/722 1591/374/722 1592/373/722
f 1593/375/723 1594/376/724 1595/378/724
f 1596/377/725 1597/376/725 1598/375/725
f 1599/379/726 1600/375/726 1601/378/726
f 1602/375/727 1603/379/727 1604/380/728
f 1605/377/729 1606/373/730 1607/374/729
f 1608/374/731 1609/376/732 1610/377/733
f 1611/348/734 1612/381/734 1613/382/734
f 1614/381/735 1615/348/735 1616/383/735
f 1617/290/736 1618/384/737 1619/385/737
f 1620/384/738 1621/290/738 1622/387/738
f 1623/83/739 1624/82/739 1625/388/740
f 1626/91/740 1627/389/740 1624/82/740
f 1628/83/741 1629/388/741 1630/82/741
f 1631/91/742 1630/82/742 1632/389/742
f 1633/390/743 1634/58/744 1635/57/745
f 1634/58/744 1633/390/743 1636/391/746
f 1637/392/747 1638/79/748 1639/78/748
f 1638/79/748 1637/392/747 1640/89/748
f 1641/79/749 1642/81/750 1643/80/750
f 1643/80/750 1642/81/750 1644/83/751
f 1645/96/752 1646/108/752 1647/98/752
f 1648/109/753 1647/98/752 1646/108/752
f 1649/177/754 1650/393/754 1651/178/754
f 1651/178/754 1650/393/754 1652/394/754
f 1653/395/755 1654/396/756 1655/397/755
f 1654/396/756 1653/395/755 1656/165/756
f 1657/397/757 1658/398/758 1659/395/758
f 1658/398/758 1657/397/757 1660/399/758
f 1661/399/759 1662/190/760 1663/398/759
f 1662/190/760 1661/399/759 1664/191/759
f 1665/165/761 1666/400/762 1667/396/763
f 1666/400/762 1665/165/761 1668/164/761
f 1669/164/764 1670/401/765 1671/400/764
f 1670/401/765 1672/402/766 1671/400/764
f 1673/403/767 1674/194/768 1675/404/767
f 1674/194/768 1673/403/767 1676/193/769
f 1677/405/770 1678/404/770 1679/406/771
f 1678/404/770 1677/405/770 1680/403/771
f 1681/186/772 1682/406/772 1683/184/772
f 1682/406/772 1681/186/772 1684/405/773
f 1685/197/774 1686/196/775 1687/200/776
f 1688/226/777 1685/197/774 1687/200/776
f 1689/407/778 1690/408/779 1691/409/780
f 1691/409/780 1690/408/779 1692/410/781
f 1693/411/782 1694/412/783 1695/413/784
f 1695/413/784 1694/412/783 1696/414/785
f 1697/414/786 1698/415/781 1699/416/787
f 1698/415/781 1697/414/786 1700/412/781
f 1701/417/788 1702/411/789 1703/418/790
f 1703/418/790 1702/411/789 1704/413/791
f 1705/415/792 1706/419/793 1707/416/794
f 1707/416/794 1706/419/793 1708/420/795
f 1709/419/796 1710/421/797 1711/420/798
f 1710/421/797 1709/419/796 1712/422/796
f 1713/422/799 1714/423/800 1715/421/801
f 1715/421/801 1714/423/800 1716/424/802
f 1717/425/803 1718/426/804 1719/427/803
f 1718/426/804 1717/425/803 1720/428/803
f 1721/232/805 1722/429/806 1723/231/805
f 1722/429/806 1721/232/805 1724/430/806
f 1725/431/807 1726/432/807 1727/433/807
f 1726/432/807 1725/431/807 1728/434/807
f 1729/435/808 1730/436/808 1731/437/809
f 1731/437/809 1730/436/808 1732/438/810
f 1733/439/22 1734/435/22 1735/440/22
f 1735/440/22 1734/435/22 1736/437/22
f 1737/441/811 1738/442/812 1739/250/812
f 1739/250/812 1738/442/812 1740/252/811
f 1741/250/813 1742/248/813 1743/443/813
f 1743/443/813 1742/248/813 1744/444/813
f 1745/445/814 1746/248/815 1747/245/816
f 1746/248/815 1745/445/814 1748/444/817
f 1749/259/818 1750/269/819 1751/446/818
f 1750/269/819 1749/259/818 1752/258/820
f 1753/447/821 1754/258/821 1755/260/821
f 1756/448/822 1754/258/821 1753/447/821
f 1757/259/823 1758/261/276 1759/257/276
f 1758/261/276 1757/259/823 1760/262/823
f 1761/270/824 1762/272/824 1763/254/824
f 1763/254/824 1764/275/825 1761/270/824
f 1765/449/826 1766/266/826 1767/450/826
f 1767/450/826 1766/266/826 1768/265/826
f 1769/451/827 1770/452/828 1771/453/828
f 1770/452/828 1769/451/827 1772/454/827
f 1773/455/829 1772/454/827 1774/456/827
f 1772/454/827 1773/455/829 1775/452/830
f 1776/457/831 1775/452/830 1773/455/829
f 1775/452/830 1776/457/831 1777/458/832
f 1776/457/831 1778/459/833 1777/458/832
f 1777/458/832 1778/459/833 1779/460/833
f 1778/459/833 1780/449/834 1779/460/833
f 1780/449/834 1778/459/833 1781/461/835
f 1782/462/836 1780/449/834 1781/461/835
f 1780/449/834 1782/462/836 1783/266/837
f 1783/266/837 1782/462/836 1784/463/838
f 1784/463/838 1785/267/839 1783/266/837
f 1785/267/839 1784/463/838 1786/464/840
f 1786/464/840 1787/465/840 1785/267/839
f 1788/466/838 1785/267/839 1787/465/840
f 1787/465/840 1789/467/841 1788/466/838
f 1790/58/842 1791/390/843 1792/57/844
f 1791/390/843 1790/58/842 1793/391/845
f 1794/78/846 1795/79/846 1796/392/846
f 1795/79/846 1797/89/846 1796/392/846
f 1798/80/751 1799/83/751 1800/81/751
f 1798/80/751 1800/81/751 1801/79/751
f 1802/108/847 1803/96/847 1804/98/848
f 1804/98/848 1805/109/848 1802/108/847
f 1806/393/849 1807/178/849 1808/394/849
f 1807/178/849 1806/393/849 1809/177/849
f 1810/396/850 1811/395/851 1812/397/851
f 1811/395/851 1810/396/850 1813/165/851
f 1814/397/852 1815/398/852 1816/399/853
f 1815/398/852 1814/397/852 1817/395/852
f 1818/399/854 1819/190/854 1820/191/854
f 1819/190/854 1818/399/854 1821/398/855
f 1822/400/856 1823/165/857 1824/396/857
f 1823/165/857 1822/400/856 1825/164/858
f 1826/400/859 1827/402/859 1828/401/859
f 1828/401/859 1829/164/859 1826/400/859
f 1830/403/860 1831/194/860 1832/193/860
f 1831/194/860 1830/403/860 1833/404/861
f 1834/405/862 1835/404/863 1836/403/863
f 1835/404/863 1834/405/862 1837/406/863
f 1838/406/864 1839/186/864 1840/184/864
f 1839/186/864 1838/406/864 1841/405/864
f 1842/197/865 1843/200/866 1844/196/867
f 1845/226/868 1843/200/866 1842/197/865
f 1846/408/779 1847/407/869 1848/409/870
f 1846/408/779 1848/409/870 1849/410/781
f 1850/412/783 1851/411/782 1852/413/871
f 1852/413/871 1853/414/872 1850/412/783
f 1854/414/873 1855/415/781 1856/412/781
f 1855/415/781 1854/414/873 1857/416/787
f 1858/417/788 1859/418/874 1860/411/789
f 1859/418/874 1861/413/875 1860/411/789
f 1862/419/793 1863/415/793 1864/416/876
f 1864/416/876 1865/420/877 1862/419/793
f 1866/419/796 1867/421/878 1868/422/796
f 1867/421/878 1866/419/796 1869/420/879
f 1870/423/800 1871/422/799 1872/421/880
f 1872/421/880 1873/424/802 1870/423/800
f 1874/425/804 1875/426/803 1876/428/881
f 1875/426/803 1874/425/804 1877/427/881
f 1878/232/882 1879/429/883 1880/430/883
f 1879/429/883 1878/232/882 1881/231/882
f 1882/431/807 1883/433/884 1884/432/884
f 1884/432/884 1885/434/807 1882/431/807
f 1886/436/808 1887/435/810 1888/437/808
f 1888/437/808 1889/438/810 1886/436/808
f 1890/439/22 1891/440/22 1892/435/22
f 1891/440/22 1893/437/22 1892/435/22
f 1894/250/812 1895/442/812 1896/441/811
f 1895/442/812 1894/250/812 1897/252/811
f 1898/248/813 1899/250/885 1900/443/813
f 1900/443/813 1901/444/885 1898/248/813
f 1902/245/886 1903/248/816 1904/445/816
f 1904/445/816 1903/248/816 1905/444/887
f 1906/269/888 1907/259/889 1908/446/889
f 1907/259/889 1906/269/888 1909/258/888
f 1910/447/821 1911/260/821 1912/258/890
f 1912/258/890 1913/448/891 1910/447/821
f 1914/261/543 1915/259/892 1916/257/543
f 1915/259/892 1914/261/543 1917/262/543
f 1918/272/893 1919/270/893 1920/254/893
f 1920/254/893 1919/270/893 1921/275/893
f 1922/449/894 1923/450/894 1924/266/894
f 1923/450/894 1925/265/894 1924/266/894
f 1926/452/895 1927/451/896 1928/453/895
f 1926/452/895 1929/454/896 1927/451/896
f 1930/455/897 1931/456/896 1929/454/898
f 1930/455/897 1929/454/898 1932/452/899
f 1933/457/900 1930/455/897 1932/452/899
f 1933/457/900 1932/452/899 1934/458/901
f 1933/457/900 1934/458/901 1935/459/902
f 1934/458/901 1936/460/902 1935/459/902
f 1937/449/903 1935/459/902 1936/460/902
f 1935/459/902 1937/449/903 1938/461/903
f 1938/461/903 1937/449/903 1939/462/904
f 1937/449/903 1940/266/905 1939/462/904
f 1940/266/905 1941/463/906 1939/462/904
f 1941/463/906 1940/266/905 1942/267/907
f 1942/267/907 1943/464/908 1941/463/906
f 1944/465/908 1943/464/908 1942/267/907
f 1945/466/907 1944/465/908 1942/267/907
f 1946/467/908 1944/465/908 1945/466/907
f 1947/468/909 1948/469/910 1949/470/910
f 1948/469/910 1947/468/909 1950/471/911
f 1951/354/912 1952/472/913 1953/473/913
f 1952/472/913 1951/354/912 1954/353/912
f 1955/352/914 1956/474/915 1957/475/914
f 1957/475/914 1958/355/916 1955/352/914
f 1959/475/917 1960/474/917 1961/476/917
f 1962/477/917 1961/476/917 1960/474/917
f 1963/473/918 1964/478/918 1965/479/918
f 1964/478/918 1963/473/918 1966/472/918
f 1967/367/919 1968/480/919 1969/366/919
f 1968/480/919 1967/367/919 1970/481/919
f 1971/468/920 1972/469/920 1973/471/920
f 1972/469/920 1971/468/920 1974/470/921
f 1975/354/912 1976/472/913 1977/353/912
f 1976/472/913 1975/354/912 1978/473/913
f 1979/474/915 1980/352/914 1981/475/915
f 1981/475/915 1980/352/914 1982/355/914
f 1983/476/917 1984/477/917 1985/474/917
f 1983/476/917 1985/474/917 1986/475/917
f 1987/473/918 1988/478/918 1989/472/918
f 1988/478/918 1987/473/918 1990/479/918
f 1991/480/922 1992/367/922 1993/366/922
f 1992/367/922 1991/480/922 1994/481/922
f 1995/61/923 1996/60/924 1997/482/925
f 1995/61/923 1997/482/925 1998/483/926
f 1999/484/927 1998/483/926 1997/482/925
f 1998/483/926 1999/484/927 2000/485/928
f 2001/103/22 2002/107/22 2003/104/22
f 2004/108/22 2003/104/22 2002/107/22
f 2003/104/22 2004/108/22 2005/101/22
f 2006/96/22 2005/101/22 2004/108/22
f 2005/101/22 2006/96/22 2007/92/22
f 2007/92/22 2006/96/22 2008/95/22
f 2009/486/888 2010/487/929 2011/488/888
f 2010/487/929 2012/489/888 2011/488/888
f 2011/488/888 2012/489/888 2013/490/888
f 2012/489/888 2014/491/888 2013/490/888
f 2015/492/888 2013/490/888 2014/491/888
f 2013/490/888 2015/492/888 2016/493/888
f 2015/492/888 2017/494/888 2016/493/888
f 2015/492/888 2018/34/930 2017/494/888
f 2019/203/931 2020/205/932 2021/495/933
f 2022/496/934 2021/495/933 2020/205/932
f 2022/496/934 2023/497/935 2021/495/933
f 2023/497/935 2022/496/934 2024/498/936
f 2025/499/283 2026/500/283 2027/501/283
f 2027/501/283 2028/502/283 2025/499/283
f 2027/501/283 2029/503/283 2028/502/283
f 2029/503/283 2030/504/283 2028/502/283
f 2031/505/937 2032/23/937 2033/506/937
f 2032/23/937 2034/21/937 2033/506/937
f 2034/21/937 2035/507/937 2033/506/937
f 2035/507/937 2034/21/937 2036/19/937
f 2037/17/826 2038/508/826 2039/509/826
f 2039/509/826 2040/16/826 2037/17/826
f 2041/510/826 2040/16/826 2039/509/826
f 2040/16/826 2041/510/826 2042/15/826
f 2043/92/22 2044/95/22 2045/96/22
f 2046/101/22 2043/92/22 2045/96/22
f 2045/96/22 2047/108/22 2046/101/22
f 2048/104/22 2046/101/22 2047/108/22
f 2047/108/22 2049/107/22 2048/104/22
f 2050/103/22 2048/104/22 2049/107/22
f 2051/161/938 2052/172/939 2053/511/940
f 2053/511/940 2054/158/940 2051/161/938
f 2054/158/940 2053/511/940 2055/174/941
f 2055/174/941 2056/163/942 2054/158/940
f 2057/205/943 2058/203/944 2059/495/945
f 2059/495/945 2060/496/946 2057/205/943
f 2061/497/947 2060/496/946 2059/495/945
f 2060/496/946 2061/497/947 2062/498/948
f 2063/233/22 2064/236/22 2065/237/22
f 2065/237/22 2064/236/22 2066/240/22
f 2067/242/22 2065/237/22 2066/240/22
f 2066/240/22 2068/512/22 2067/242/22
f 2066/240/22 2069/243/22 2068/512/22
f 2070/513/949 2071/514/949 2072/515/950
f 2071/514/949 2073/516/950 2072/515/950
f 2073/516/950 2074/517/951 2072/515/950
f 2074/517/951 2073/516/950 2075/255/951
f 2076/253/952 2074/517/951 2075/255/951
f 2074/517/951 2076/253/952 2077/518/953
f 2078/261/954 2077/518/953 2076/253/952
f 2077/518/953 2078/261/954 2079/519/955
f 2078/261/954 2080/520/956 2079/519/955
f 2080/520/956 2078/261/954 2081/257/957
f 2082/521/958 2080/520/956 2081/257/957
f 2081/257/957 2083/260/959 2082/521/958
f 2084/447/960 2082/521/958 2083/260/959
f 2082/521/958 2084/447/960 2085/522/961
f 2086/523/902 2087/524/902 2088/525/902
f 2089/526/902 2088/525/902 2087/524/902
f 2088/525/902 2089/526/902 2090/527/902
f 2091/528/902 2090/527/902 2089/526/902
f 2092/529/902 2090/527/902 2091/528/902
f 2093/530/902 2092/529/902 2091/528/902
f 2094/531/902 2092/529/902 2093/530/902
f 2092/529/902 2094/531/902 2095/532/902
f 2096/524/833 2097/523/833 2098/525/833
f 2098/525/833 2099/526/833 2096/524/833
f 2100/527/833 2099/526/833 2098/525/833
f 2100/527/833 2101/528/833 2099/526/833
f 2102/529/833 2101/528/833 2100/527/833
f 2101/528/833 2102/529/833 2103/530/833
f 2102/529/833 2104/531/833 2103/530/833
f 2104/531/833 2102/529/833 2105/532/833
f 2106/533/962 2107/334/962 2108/351/962
f 2109/534/962 2106/533/962 2108/351/962
f 2109/534/962 2108/351/962 2110/535/963
f 2111/476/964 2112/477/965 2113/536/966
f 2114/537/967 2113/536/966 2112/477/965
f 2113/536/966 2114/537/967 2115/538/968
f 2116/539/969 2115/538/968 2114/537/967
f 2116/539/969 2117/540/970 2115/538/968
f 2117/540/970 2116/539/969 2118/541/971
f 2117/540/970 2118/541/971 2119/542/972
f 2120/543/973 2119/542/972 2118/541/971
f 2120/543/973 2121/471/974 2119/542/972
f 2121/471/974 2120/543/973 2122/469/975
f 2123/544/976 2124/325/977 2125/545/978
f 2125/545/978 2126/546/979 2123/544/976
f 2126/546/979 2125/545/978 2127/547/980
f 2128/548/981 2129/339/982 2130/549/983
f 2131/341/984 2130/549/983 2129/339/982
f 2130/549/983 2131/341/984 2132/550/985
f 2133/337/986 2134/551/987 2135/552/988
f 2135/552/988 2136/334/989 2133/337/986
f 2136/334/989 2135/552/988 2137/533/990
f 2138/534/963 2139/535/991 2140/351/992
f 2138/534/963 2140/351/992 2141/533/991
f 2141/533/991 2140/351/992 2142/334/992
f 2143/534/993 2144/533/993 2145/553/993
f 2143/534/993 2145/553/993 2146/554/994
f 2146/554/994 2145/553/993 2147/555/994
f 2146/554/994 2147/555/994 2148/556/994
f 2148/556/994 2147/555/994 2149/557/993
f 2148/556/994 2149/557/993 2150/558/995
f 2150/558/995 2149/557/993 2151/559/995
f 2150/558/995 2151/559/995 2152/560/994
f 2152/560/994 2151/559/995 2153/561/995
f 2152/560/994 2153/561/995 2154/562/995
f 2155/563/996 2156/564/997 2157/565/998
f 2158/566/999 2156/564/997 2155/563/996
f 2159/567/1000 2158/566/999 2155/563/996
f 2158/566/999 2159/567/1000 2160/568/1001
f 2159/567/1000 2161/569/1002 2160/568/1001
f 2161/569/1002 2159/567/1000 2162/570/1003
f 2162/570/1003 2163/571/1004 2161/569/1002
f 2162/570/1003 2164/572/1005 2163/571/1004
f 2165/573/1006 2163/571/1004 2164/572/1005
f 2163/571/1004 2165/573/1006 2166/574/1007
f 2167/575/1008 2166/574/1007 2165/573/1006
f 2166/574/1007 2167/575/1008 2168/576/1009
f 2167/575/1008 2169/577/1010 2168/576/1009
f 2167/575/1008 2170/578/1011 2169/577/1010
f 2171/579/1012 2169/577/1010 2170/578/1011
f 2170/578/1011 2172/580/1013 2171/579/1012
f 2173/499/283 2174/501/283 2175/500/283
f 2174/501/283 2173/499/283 2176/502/283
f 2176/502/283 2177/503/283 2174/501/283
f 2177/503/283 2176/502/283 2178/504/283
f 2179/21/1014 2180/507/1014 2181/19/1014
f 2180/507/1014 2179/21/1014 2182/506/1014
f 2183/23/1014 2182/506/1014 2179/21/1014
f 2184/505/1014 2182/506/1014 2183/23/1014
f 2185/510/894 2186/16/894 2187/15/894
f 2186/16/894 2185/510/894 2188/509/894
f 2188/509/894 2189/17/894 2186/16/894
f 2189/17/894 2188/509/894 2190/508/894
f 2191/581/1015 2192/582/1016 2193/583/1017
f 2192/582/1016 2191/581/1015 2194/584/1018
f 2191/581/1015 2195/585/1019 2194/584/1018
f 2196/586/1020 2197/587/1021 2198/588/1022
f 2197/587/1021 2196/586/1020 2199/589/1023
f 2200/581/1024 2199/589/1023 2196/586/1020
f 2199/589/1023 2200/581/1024 2201/583/1025
f 2202/590/1026 2203/588/1027 2204/587/1028
f 2203/588/1027 2202/590/1026 2205/591/1029
f 2206/592/1030 2205/591/1029 2202/590/1026
f 2205/591/1029 2206/592/1030 2207/593/1031
f 2206/592/1030 2208/594/1032 2207/593/1031
f 2208/594/1032 2206/592/1030 2209/595/1033
f 2209/595/1033 2210/596/1034 2208/594/1032
f 2210/596/1034 2209/595/1033 2211/597/1035
f 2212/598/1036 2213/599/1037 2214/600/1036
f 2213/599/1037 2212/598/1036 2215/601/1038
f 2216/602/1039 2213/599/1037 2215/601/1038
f 2216/602/1039 2215/601/1038 2217/603/1040
f 2218/604/1041 2216/602/1039 2217/603/1040
f 2216/602/1039 2218/604/1041 2219/605/1042
f 2220/606/1043 2219/605/1042 2218/604/1041
f 2218/604/1041 2221/607/1044 2220/606/1043
f 2222/608/283 2220/606/1043 2221/607/1044
f 2221/607/1044 2223/609/283 2222/608/283
f 2224/25/283 2222/608/283 2223/609/283
f 2222/608/283 2224/25/283 2225/27/283
f 2226/610/1045 2227/611/1046 2228/612/1047
f 2227/611/1046 2226/610/1045 2229/613/1048
f 2227/611/1046 2229/613/1048 2230/37/1049
f 2229/613/1048 2231/35/1050 2230/37/1049
f 2232/390/1051 2233/614/1052 2234/391/1053
f 2233/614/1052 2232/390/1051 2235/615/1054
f 2235/615/1054 2236/616/1055 2233/614/1052
f 2236/616/1055 2235/615/1054 2237/617/1056
f 2237/617/1056 2238/618/1057 2236/616/1055
f 2238/618/1057 2237/617/1056 2239/619/1058
f 2239/619/1058 2240/620/1059 2238/618/1057
f 2240/620/1059 2239/619/1058 2241/621/1060
f 2241/621/1060 2242/622/1061 2240/620/1059
f 2240/620/1059 2242/622/1061 2243/623/1062
f 2243/623/1062 2242/622/1061 2244/624/1063
f 2243/623/1062 2244/624/1063 2245/625/1064
f 2246/626/1065 2247/598/1066 2248/600/1067
f 2247/598/1066 2246/626/1065 2249/627/1068
f 2246/626/1065 2250/628/1069 2249/627/1068
f 2249/627/1068 2250/628/1069 2251/629/1070
f 2250/628/1069 2252/630/1071 2251/629/1070
f 2252/630/1071 2250/628/1069 2253/631/1072
f 2253/631/1072 2254/632/1073 2252/630/1071
f 2254/632/1073 2253/631/1072 2255/633/1073
f 2255/633/1073 2256/634/283 2254/632/1073
f 2254/632/1073 2256/634/283 2257/635/283
f 2256/634/283 2258/50/283 2257/635/283
f 2258/50/283 2256/634/283 2259/52/283
f 2260/488/1074 2261/636/1074 2262/486/1074
f 2261/636/1074 2260/488/1074 2263/637/1074
f 2264/490/1074 2263/637/1074 2260/488/1074
f 2263/637/1074 2264/490/1074 2265/638/1074
f 2266/639/1074 2265/638/1074 2264/490/1074
f 2264/490/1074 2267/493/1074 2266/639/1074
f 2268/640/1075 2266/639/1074 2267/493/1074
f 2267/493/1074 2269/494/1074 2268/640/1075
f 2270/639/1076 2271/640/1077 2272/641/1078
f 2273/642/1078 2270/639/1076 2272/641/1078
f 2273/642/1078 2274/638/1079 2270/639/1076
f 2273/642/1078 2275/643/1078 2274/638/1079
f 2274/638/1079 2275/643/1078 2276/644/1078
f 2277/637/1076 2274/638/1079 2276/644/1078
f 2276/644/1078 2278/636/1076 2277/637/1076
f 2278/636/1076 2276/644/1078 2279/645/1078
f 2280/646/1080 2281/145/1081 2282/142/1082
f 2281/145/1081 2280/646/1080 2283/647/1083
f 2284/648/1084 2283/647/1083 2280/646/1080
f 2283/647/1083 2284/648/1084 2285/649/1085
f 2285/649/1085 2284/648/1084 2286/134/1086
f 2287/137/1087 2286/134/1086 2284/648/1084
f 2288/138/1088 2289/650/1089 2290/141/1090
f 2288/138/1088 2291/651/1091 2289/650/1089
f 2292/652/1092 2289/650/1089 2291/651/1091
f 2291/651/1091 2293/653/1093 2292/652/1092
f 2292/652/1092 2293/653/1093 2294/135/1094
f 2292/652/1092 2294/135/1094 2295/136/1095
f 2296/130/1096 2297/113/1097 2298/111/1098
f 2296/130/1096 2298/111/1098 2299/133/1099
f 2300/127/1100 2296/130/1096 2299/133/1099
f 2299/133/1099 2301/129/1100 2300/127/1100
f 2302/124/1101 2300/127/1100 2301/129/1100
f 2300/127/1100 2302/124/1101 2303/122/1102
f 2304/120/1103 2303/122/1102 2302/124/1101
f 2303/122/1102 2304/120/1103 2305/114/1104
f 2306/117/1105 2305/114/1104 2304/120/1103
f 2306/117/1105 2304/120/1103 2307/121/1106
f 2308/150/1107 2309/654/1107 2310/151/1107
f 2309/654/1107 2308/150/1107 2311/655/1107
f 2311/655/1107 2312/656/1107 2309/654/1107
f 2311/655/1107 2313/657/1107 2312/656/1107
f 2314/153/1108 2315/658/1109 2316/154/1110
f 2315/658/1109 2314/153/1108 2317/659/1111
f 2318/660/1112 2315/658/1109 2317/659/1111
f 2318/660/1112 2317/659/1111 2319/661/1112
f 2319/661/1112 2320/662/1113 2318/660/1112
f 2320/662/1113 2319/661/1112 2321/663/1113
f 2322/664/1114 2323/656/1115 2324/657/1116
f 2323/656/1115 2322/664/1114 2325/665/1117
f 2326/157/1118 2325/665/1117 2322/664/1114
f 2325/665/1117 2326/157/1118 2327/121/1118
f 2327/121/1118 2328/119/1119 2325/665/1117
f 2329/161/1120 2330/511/1121 2331/172/1122
f 2330/511/1121 2329/161/1120 2332/158/1121
f 2332/158/1121 2333/174/1123 2330/511/1121
f 2333/174/1123 2332/158/1121 2334/163/1124
f 2335/666/1125 2336/394/1126 2337/393/1127
f 2336/394/1126 2335/666/1125 2338/667/1128
f 2339/187/1129 2338/667/1128 2335/666/1125
f 2338/667/1128 2339/187/1129 2340/188/1130
f 2341/668/1131 2342/669/1132 2343/670/1133
f 2342/669/1132 2341/668/1131 2344/671/1134
f 2344/671/1134 2345/672/1135 2342/669/1132
f 2345/672/1135 2344/671/1134 2346/673/1136
f 2347/674/1137 2345/672/1135 2346/673/1136
f 2345/672/1135 2347/674/1137 2348/675/1138
f 2349/676/1139 2348/675/1138 2347/674/1137
f 2348/675/1138 2349/676/1139 2350/677/1140
f 2349/676/1139 2351/678/1141 2350/677/1140
f 2351/678/1141 2349/676/1139 2352/679/1142
f 2353/680/1143 2351/678/1141 2352/679/1142
f 2351/678/1141 2353/680/1143 2354/681/1144
f 2355/682/1145 2354/681/1144 2353/680/1143
f 2354/681/1144 2355/682/1145 2356/683/1146
f 2355/682/1145 2357/684/1147 2356/683/1146
f 2357/684/1147 2355/682/1145 2358/685/1148
f 2359/686/1149 2357/684/1147 2358/685/1148
f 2360/687/1150 2357/684/1147 2359/686/1149
f 2361/688/1151 2360/687/1150 2359/686/1149
f 2362/689/1152 2360/687/1150 2361/688/1151
f 2363/690/1153 2362/689/1152 2361/688/1151
f 2362/689/1152 2363/690/1153 2364/691/1154
f 2365/692/1155 2364/691/1154 2363/690/1153
f 2364/691/1154 2365/692/1155 2366/693/1155
f 2367/694/1156 2368/695/1132 2369/696/1157
f 2369/696/1157 2368/695/1132 2370/697/1134
f 2368/695/1132 2371/698/1158 2370/697/1134
f 2370/697/1134 2371/698/1158 2372/699/1159
f 2371/698/1158 2373/700/1160 2372/699/1159
f 2372/699/1159 2373/700/1160 2374/701/1161
f 2373/700/1160 2375/702/1162 2374/701/1161
f 2374/701/1161 2375/702/1162 2376/703/1163
f 2375/702/1162 2377/704/1164 2376/703/1163
f 2376/703/1163 2377/704/1164 2378/705/1165
f 2377/704/1164 2379/706/1166 2378/705/1165
f 2378/705/1165 2379/706/1166 2380/707/1167
f 2379/706/1166 2381/708/1168 2380/707/1167
f 2380/707/1167 2381/708/1168 2382/709/1169
f 2383/710/1170 2382/709/1169 2381/708/1168
f 2384/711/1171 2382/709/1169 2383/710/1170
f 2385/712/1172 2384/711/1171 2383/710/1170
f 2384/711/1171 2385/712/1172 2386/713/1173
f 2387/714/1151 2386/713/1173 2385/712/1172
f 2388/715/1174 2386/713/1173 2387/714/1151
f 2389/716/1153 2388/715/1174 2387/714/1151
f 2390/717/1154 2388/715/1174 2389/716/1153
f 2389/716/1153 2391/718/1175 2390/717/1154
f 2390/717/1154 2391/718/1175 2392/719/1176
f 2393/720/1177 2394/721/1162 2395/722/1178
f 2395/722/1178 2394/721/1162 2396/723/1163
f 2396/723/1163 2394/721/1162 2397/724/1164
f 2396/723/1163 2397/724/1164 2398/725/1165
f 2397/724/1164 2399/726/1166 2398/725/1165
f 2398/725/1165 2399/726/1166 2400/727/1167
f 2399/726/1166 2401/728/1168 2400/727/1167
f 2400/727/1167 2401/728/1168 2402/729/1169
f 2403/730/1170 2402/729/1169 2401/728/1168
f 2404/731/1171 2402/729/1169 2403/730/1170
f 2405/732/1172 2404/731/1171 2403/730/1170
f 2406/733/1173 2404/731/1171 2405/732/1172
f 2407/734/1151 2406/733/1173 2405/732/1172
f 2408/735/1174 2406/733/1173 2407/734/1151
f 2409/736/1153 2408/735/1174 2407/734/1151
f 2410/737/1179 2408/735/1174 2409/736/1153
f 2409/736/1153 2411/738/1180 2410/737/1179
f 2410/737/1179 2411/738/1180 2412/739/1181
f 2411/738/1180 2413/740/1132 2412/739/1181
f 2412/739/1181 2413/740/1132 2414/741/1134
f 2414/741/1134 2413/740/1132 2415/742/1158
f 2414/741/1134 2415/742/1158 2416/743/1159
f 2415/742/1158 2417/744/1182 2416/743/1159
f 2416/743/1159 2417/744/1182 2418/745/1183
f 2419/746/1159 2420/747/1182 2421/748/1184
f 2422/749/1185 2420/747/1182 2419/746/1159
f 2423/750/1134 2422/749/1185 2419/746/1159
f 2424/751/1132 2422/749/1185 2423/750/1134
f 2425/752/1186 2424/751/1132 2423/750/1134
f 2426/753/1187 2424/751/1132 2425/752/1186
f 2427/754/1154 2426/753/1187 2425/752/1186
f 2428/755/1153 2426/753/1187 2427/754/1154
f 2427/754/1154 2429/756/1174 2428/755/1153
f 2428/755/1153 2429/756/1174 2430/757/1151
f 2429/756/1174 2431/758/1150 2430/757/1151
f 2430/757/1151 2431/758/1150 2432/759/1149
f 2431/758/1150 2433/760/1147 2432/759/1149
f 2432/759/1149 2433/760/1147 2434/761/1147
f 2433/760/1147 2435/762/1188 2434/761/1147
f 2435/762/1188 2433/760/1147 2436/763/1188
f 2437/764/1144 2435/762/1188 2436/763/1188
f 2438/765/1143 2435/762/1188 2437/764/1144
f 2439/766/1165 2438/765/1143 2437/764/1144
f 2440/767/1164 2438/765/1143 2439/766/1165
f 2441/768/1189 2440/767/1164 2439/766/1165
f 2442/769/1162 2440/767/1164 2441/768/1189
f 2443/770/1178 2442/769/1162 2441/768/1189
f 2444/771/1177 2442/769/1162 2443/770/1178
f 2445/772/1190 2446/773/1191 2447/774/1192
f 2446/773/1191 2445/772/1190 2448/775/1185
f 2448/775/1185 2449/776/1193 2446/773/1191
f 2449/776/1193 2448/775/1185 2450/777/1194
f 2451/778/1195 2449/776/1193 2450/777/1194
f 2451/778/1195 2452/779/1196 2449/776/1193
f 2451/778/1195 2453/780/1197 2452/779/1196
f 2453/780/1197 2451/778/1195 2454/781/1198
f 2454/781/1198 2455/782/1174 2453/780/1197
f 2453/780/1197 2455/782/1174 2456/783/1199
f 2455/782/1174 2457/784/283 2456/783/1199
f 2456/783/1199 2457/784/283 2458/785/1200
f 2457/784/283 2459/786/1201 2458/785/1200
f 2459/786/1201 2457/784/283 2460/787/1147
f 2461/788/1169 2459/786/1201 2460/787/1147
f 2461/788/1169 2462/789/1202 2459/786/1201
f 2463/790/1203 2462/789/1202 2461/788/1169
f 2463/790/1203 2464/791/1204 2462/789/1202
f 2463/790/1203 2465/792/1205 2464/791/1204
f 2465/792/1205 2463/790/1203 2466/793/1164
f 2466/793/1164 2467/794/1206 2465/792/1205
f 2467/794/1206 2466/793/1164 2468/795/1207
f 2469/796/1208 2467/794/1206 2468/795/1207
f 2469/796/1208 2470/797/1209 2467/794/1206
f 2471/798/1210 2472/197/1211 2473/226/1212
f 2473/226/1212 2474/799/1213 2471/798/1210
f 2475/800/1214 2471/798/1210 2474/799/1213
f 2476/801/1215 2475/800/1214 2474/799/1213
f 2477/211/1216 2475/800/1214 2476/801/1215
f 2476/801/1215 2478/209/1217 2477/211/1216
f 2479/233/22 2480/237/22 2481/236/22
f 2480/237/22 2482/240/22 2481/236/22
f 2482/240/22 2480/237/22 2483/242/22
f 2482/240/22 2483/242/22 2484/512/22
f 2482/240/22 2484/512/22 2485/243/22
f 2486/220/1218 522/222/1219 2487/802/1219
f 2488/803/1219 2486/220/1218 2487/802/1219
f 2486/220/1218 2488/803/1219 2489/804/1220
f 2490/426/1221 2491/805/1222 2492/806/1223
f 2490/426/1221 2493/428/1224 2491/805/1222
f 2493/428/1224 2494/807/1225 2491/805/1222
f 2493/428/1224 2495/808/1226 2494/807/1225
f 2496/431/1227 2497/809/1228 2498/434/1228
f 2497/809/1228 2496/431/1227 2499/810/1229
f 2499/810/1229 2500/228/1230 2497/809/1228
f 2500/228/1230 2499/810/1229 2501/230/1227
f 2502/247/1195 2503/811/1195 2504/245/1195
f 2502/247/1195 2505/812/1195 2503/811/1195
f 2505/812/1195 2502/247/1195 2506/813/1195
f 2507/515/1231 2508/514/1232 2509/513/1232
f 2508/514/1232 2507/515/1231 2510/516/1231
f 2511/517/1233 2510/516/1231 2507/515/1231
f 2510/516/1231 2511/517/1233 2512/255/1233
f 2511/517/1233 2513/253/1234 2512/255/1233
f 2513/253/1234 2511/517/1233 2514/518/1235
f 2514/518/1235 2515/261/1236 2513/253/1234
f 2515/261/1236 2514/518/1235 2516/519/1237
f 2517/520/1238 2515/261/1236 2516/519/1237
f 2517/520/1238 2518/257/1239 2515/261/1236
f 2519/521/1240 2518/257/1239 2517/520/1238
f 2518/257/1239 2519/521/1240 2520/260/1241
f 2519/521/1240 2521/447/1242 2520/260/1241
f 2521/447/1242 2519/521/1240 2522/522/1243
f 2523/522/1244 2524/521/1245 2525/814/1246
f 2525/814/1246 2524/521/1245 2526/815/1247
f 2527/520/1248 2526/815/1247 2524/521/1245
f 2526/815/1247 2527/520/1248 2528/816/1249
f 2527/520/1248 2529/817/1250 2528/816/1249
f 2529/817/1250 2527/520/1248 2530/519/1250
f 2530/519/1250 2531/518/1251 2529/817/1250
f 2531/518/1251 2532/818/1252 2529/817/1250
f 2531/518/1251 2533/819/1253 2532/818/1252
f 2533/819/1253 2531/518/1251 2534/517/1253
f 2535/515/1254 2533/819/1253 2534/517/1253
f 2533/819/1253 2535/515/1254 2536/820/1254
f 2535/515/1254 2537/821/1255 2536/820/1254
f 2537/821/1255 2535/515/1254 2538/513/1256
f 2539/822/283 2540/823/283 2541/824/283
f 2540/823/283 2539/822/283 2542/825/283
f 2543/826/283 2542/825/283 2539/822/283
f 2542/825/283 2543/826/283 2544/827/283
f 2543/826/283 2545/828/283 2544/827/283
f 2544/827/283 2545/828/283 2546/829/283
f 2547/582/1257 2548/581/1258 2549/583/1259
f 2548/581/1258 2547/582/1257 2550/584/1260
f 2548/581/1258 2550/584/1260 2551/585/1261
f 2552/587/1262 2553/586/1263 2554/588/1262
f 2553/586/1263 2552/587/1262 2555/589/1264
f 2555/589/1264 2556/581/1265 2553/586/1263
f 2556/581/1265 2555/589/1264 2557/583/1266
f 2558/588/1267 2559/590/1268 2560/587/1269
f 2559/590/1268 2558/588/1267 2561/591/1270
f 2561/591/1270 2562/592/1271 2559/590/1268
f 2562/592/1271 2561/591/1270 2563/593/1272
f 2564/594/1273 2562/592/1271 2563/593/1272
f 2562/592/1271 2564/594/1273 2565/595/1274
f 2566/596/1275 2565/595/1274 2564/594/1273
f 2565/595/1274 2566/596/1275 2567/597/1276
f 2568/599/1037 2569/598/1277 2570/600/1278
f 2569/598/1277 2568/599/1037 2571/601/1279
f 2568/599/1037 2572/602/1280 2571/601/1279
f 2571/601/1279 2572/602/1280 2573/603/1281
f 2572/602/1280 2574/604/1282 2573/603/1281
f 2574/604/1282 2572/602/1280 2575/605/1283
f 2576/606/1284 2574/604/1282 2575/605/1283
f 2577/607/1285 2574/604/1282 2576/606/1284
f 2576/606/1284 2578/608/283 2577/607/1285
f 2577/607/1285 2578/608/283 2579/609/283
f 2578/608/283 2580/25/283 2579/609/283
f 2580/25/283 2578/608/283 2581/27/283
f 2582/611/1286 2583/610/1287 2584/612/1288
f 2583/610/1287 2582/611/1286 2585/613/1289
f 2582/611/1286 2586/37/1290 2585/613/1289
f 2585/613/1289 2586/37/1290 2587/35/1291
f 2588/614/1292 2589/390/1293 2590/391/1294
f 2589/390/1293 2588/614/1292 2591/615/1295
f 2592/616/1296 2591/615/1295 2588/614/1292
f 2591/615/1295 2592/616/1296 2593/617/1297
f 2594/618/1298 2593/617/1297 2592/616/1296
f 2593/617/1297 2594/618/1298 2595/619/1299
f 2596/620/1300 2595/619/1299 2594/618/1298
f 2595/619/1299 2596/620/1300 2597/621/1301
f 2596/620/1300 2598/622/1302 2597/621/1301
f 2598/622/1302 2596/620/1300 2599/623/1303
f 2599/623/1303 2600/624/1304 2598/622/1302
f 2600/624/1304 2599/623/1303 2601/625/1305
f 2602/484/1306 2603/483/1307 2604/485/1288
f 2603/483/1307 2602/484/1306 2605/482/1308
f 2606/61/1309 2603/483/1307 2605/482/1308
f 2605/482/1308 2607/60/1310 2606/61/1309
f 2608/598/1311 2609/626/1312 2610/600/1313
f 2609/626/1312 2608/598/1311 2611/627/1314
f 2612/628/1315 2609/626/1312 2611/627/1314
f 2611/627/1314 2613/629/1316 2612/628/1315
f 2614/630/1317 2612/628/1315 2613/629/1316
f 2612/628/1315 2614/630/1317 2615/631/1318
f 2616/632/1073 2615/631/1318 2614/630/1317
f 2615/631/1318 2616/632/1073 2617/633/1073
f 2618/634/283 2617/633/1073 2616/632/1073
f 2616/632/1073 2619/635/283 2618/634/283
f 2620/50/283 2618/634/283 2619/635/283
f 2618/634/283 2620/50/283 2621/52/283
f 2622/636/1319 2623/488/1320 2624/486/1321
f 2623/488/1320 2622/636/1319 2625/637/1321
f 2625/637/1321 2626/490/1319 2623/488/1320
f 2626/490/1319 2625/637/1321 2627/638/1320
f 2628/639/1321 2626/490/1319 2627/638/1320
f 2626/490/1319 2628/639/1321 2629/493/1321
f 2630/640/1321 2629/493/1321 2628/639/1321
f 2629/493/1321 2630/640/1321 2631/494/1319
f 2632/486/1322 2633/488/819 2634/487/819
f 2634/487/819 2633/488/819 2635/489/1322
f 2633/488/819 2636/490/819 2635/489/1322
f 2637/491/819 2635/489/1322 2636/490/819
f 2636/490/819 2638/492/819 2637/491/819
f 2638/492/819 2636/490/819 2639/493/819
f 2638/492/819 2639/493/819 2640/494/819
f 2638/492/819 2640/494/819 2641/34/819
f 2642/639/1323 2643/641/1324 2644/640/1324
f 2643/641/1324 2642/639/1323 2645/642/1323
f 2645/642/1323 2642/639/1323 2646/638/1323
f 2645/642/1323 2646/638/1323 2647/643/1323
f 2646/638/1323 2648/644/1324 2647/643/1323
f 2649/637/1324 2648/644/1324 2646/638/1323
f 2650/636/1324 2648/644/1324 2649/637/1324
f 2648/644/1324 2650/636/1324 2651/645/1323
f 2652/145/1325 2653/646/1326 2654/142/1327
f 2653/646/1326 2652/145/1325 2655/647/1328
f 2655/647/1328 2656/648/1329 2653/646/1326
f 2656/648/1329 2655/647/1328 2657/649/1330
f 2658/134/1331 2656/648/1329 2657/649/1330
f 2658/134/1331 2659/137/1332 2656/648/1329
f 2660/650/1333 2661/138/1334 2662/141/1335
f 2663/651/1336 2661/138/1334 2660/650/1333
f 2664/652/1337 2663/651/1336 2660/650/1333
f 2665/653/1338 2663/651/1336 2664/652/1337
f 2665/653/1338 2664/652/1337 2666/135/1339
f 2667/136/1340 2666/135/1339 2664/652/1337
f 2668/130/1341 2669/111/1342 2670/113/1343
f 2669/111/1342 2668/130/1341 2671/133/1344
f 2672/127/1345 2671/133/1344 2668/130/1341
f 2672/127/1345 2673/129/1345 2671/133/1344
f 2672/127/1345 2674/124/1346 2673/129/1345
f 2674/124/1346 2672/127/1345 2675/122/1347
f 2675/122/1347 2676/120/1348 2674/124/1346
f 2676/120/1348 2675/122/1347 2677/114/1349
f 2678/117/1350 2676/120/1348 2677/114/1349
f 2676/120/1348 2678/117/1350 2679/121/1351
f 2680/654/1352 2681/150/1352 2682/151/1352
f 2681/150/1352 2680/654/1352 2683/655/1352
f 2680/654/1352 2684/656/1352 2683/655/1352
f 2685/657/1352 2683/655/1352 2684/656/1352
f 2686/658/1353 2687/153/1354 2688/154/1355
f 2687/153/1354 2686/658/1353 2689/659/1356
f 2686/658/1353 2690/660/1357 2689/659/1356
f 2691/661/1358 2689/659/1356 2690/660/1357
f 2692/662/1357 2691/661/1358 2690/660/1357
f 2691/661/1358 2692/662/1357 2693/663/1357
f 2694/656/1359 2695/664/1360 2696/657/1359
f 2695/664/1360 2694/656/1359 2697/665/1361
f 2697/665/1361 2698/157/1362 2695/664/1360
f 2698/157/1362 2697/665/1361 2699/121/1363
f 2699/121/1363 2697/665/1361 2700/119/1363
f 2701/666/1364 2702/393/1365 2703/394/1366
f 2703/394/1366 2704/667/1367 2701/666/1364
f 2704/667/1367 2705/187/1368 2701/666/1364
f 2704/667/1367 2706/188/1369 2705/187/1368
f 2707/669/1132 2708/668/1133 2709/670/1131
f 2708/668/1133 2707/669/1132 2710/671/1134
f 2711/672/1135 2710/671/1134 2707/669/1132
f 2710/671/1134 2711/672/1135 2712/673/1135
f 2713/674/1137 2712/673/1135 2711/672/1135
f 2711/672/1135 2714/675/1138 2713/674/1137
f 2715/676/1140 2713/674/1137 2714/675/1138
f 2714/675/1138 2716/677/1140 2715/676/1140
f 2717/678/1142 2715/676/1140 2716/677/1140
f 2715/676/1140 2717/678/1142 2718/679/1142
f 2719/680/1143 2718/679/1142 2717/678/1142
f 2717/678/1142 2720/681/1144 2719/680/1143
f 2721/682/1146 2719/680/1143 2720/681/1144
f 2720/681/1144 2722/683/1370 2721/682/1146
f 2723/684/1147 2721/682/1146 2722/683/1370
f 2721/682/1146 2723/684/1147 2724/685/1147
f 2723/684/1147 2725/686/1149 2724/685/1147
f 2725/686/1149 2723/684/1147 2726/687/1150
f 2726/687/1150 2727/688/1151 2725/686/1149
f 2727/688/1151 2726/687/1150 2728/689/1174
f 2729/690/1153 2727/688/1151 2728/689/1174
f 2728/689/1174 2730/691/1154 2729/690/1153
f 2731/692/1155 2729/690/1153 2730/691/1154
f 2730/691/1154 2732/693/1155 2731/692/1155
f 2733/696/1157 2734/695/1132 2735/694/1156
f 2734/695/1132 2733/696/1157 2736/697/1134
f 2736/697/1134 2737/698/1185 2734/695/1132
f 2737/698/1185 2736/697/1134 2738/699/1159
f 2738/699/1159 2739/700/1160 2737/698/1185
f 2739/700/1160 2738/699/1159 2740/701/1161
f 2740/701/1161 2741/702/1162 2739/700/1160
f 2741/702/1162 2740/701/1161 2742/703/1163
f 2742/703/1163 2743/704/1164 2741/702/1162
f 2743/704/1164 2742/703/1163 2744/705/1165
f 2744/705/1165 2745/706/1166 2743/704/1164
f 2745/706/1166 2744/705/1165 2746/707/1167
f 2746/707/1167 2747/708/1168 2745/706/1166
f 2747/708/1168 2746/707/1167 2748/709/1169
f 2749/710/1170 2747/708/1168 2748/709/1169
f 2748/709/1169 2750/711/1171 2749/710/1170
f 2751/712/1172 2749/710/1170 2750/711/1171
f 2750/711/1171 2752/713/1173 2751/712/1172
f 2753/714/1151 2751/712/1172 2752/713/1173
f 2752/713/1173 2754/715/1174 2753/714/1151
f 2755/716/1153 2753/714/1151 2754/715/1174
f 2754/715/1174 2756/717/1154 2755/716/1153
f 2756/717/1154 2757/718/1175 2755/716/1153
f 2757/718/1175 2756/717/1154 2758/719/1176
f 2759/722/1371 2760/721/1162 2761/720/1177
f 2760/721/1162 2759/722/1371 2762/723/1163
f 2762/723/1163 2763/724/1164 2760/721/1162
f 2763/724/1164 2762/723/1163 2764/725/1165
f 2764/725/1165 2765/726/1166 2763/724/1164
f 2765/726/1166 2764/725/1165 2766/727/1167
f 2766/727/1167 2767/728/1168 2765/726/1166
f 2767/728/1168 2766/727/1167 2768/729/1169
f 2769/730/1170 2767/728/1168 2768/729/1169
f 2770/731/1171 2769/730/1170 2768/729/1169
f 2771/732/1172 2769/730/1170 2770/731/1171
f 2770/731/1171 2772/733/1173 2771/732/1172
f 2773/734/1151 2771/732/1172 2772/733/1173
f 2772/733/1173 2774/735/1174 2773/734/1151
f 2775/736/1153 2773/734/1151 2774/735/1174
f 2776/737/1154 2775/736/1153 2774/735/1174
f 2776/737/1154 2777/738/1180 2775/736/1153
f 2777/738/1180 2776/737/1154 2778/739/1181
f 2778/739/1181 2779/740/1132 2777/738/1180
f 2779/740/1132 2778/739/1181 2780/741/1134
f 2780/741/1134 2781/742/1185 2779/740/1132
f 2781/742/1185 2780/741/1134 2782/743/1159
f 2782/743/1159 2783/744/1182 2781/742/1185
f 2783/744/1182 2782/743/1159 2784/745/1183
f 2785/747/1182 2786/746/1159 2787/748/1183
f 2786/746/1159 2785/747/1182 2788/749/1185
f 2788/749/1185 2789/750/1134 2786/746/1159
f 2789/750/1134 2788/749/1185 2790/751/1132
f 2790/751/1132 2791/752/1186 2789/750/1134
f 2791/752/1186 2790/751/1132 2792/753/1187
f 2792/753/1187 2793/754/1154 2791/752/1186
f 2793/754/1154 2792/753/1187 2794/755/1153
f 2795/756/1174 2793/754/1154 2794/755/1153
f 2794/755/1153 2796/757/1151 2795/756/1174
f 2797/758/1150 2795/756/1174 2796/757/1151
f 2796/757/1151 2798/759/1149 2797/758/1150
f 2799/760/1147 2797/758/1150 2798/759/1149
f 2798/759/1149 2800/761/1372 2799/760/1147
f 2801/762/1188 2799/760/1147 2800/761/1372
f 2799/760/1147 2801/762/1188 2802/763/1188
f 2801/762/1188 2803/764/1144 2802/763/1188
f 2803/764/1144 2801/762/1188 2804/765/1143
f 2804/765/1143 2805/766/1165 2803/764/1144
f 2805/766/1165 2804/765/1143 2806/767/1164
f 2806/767/1164 2807/768/1163 2805/766/1165
f 2807/768/1163 2806/767/1164 2808/769/1162
f 2808/769/1162 2809/770/1178 2807/768/1163
f 2809/770/1178 2808/769/1162 2810/771/1177
f 2811/773/1373 2812/772/1190 2813/774/1374
f 2812/772/1190 2811/773/1373 2814/775/1185
f 2815/776/1375 2814/775/1185 2811/773/1373
f 2814/775/1185 2815/776/1375 2816/777/1194
f 2815/776/1375 2817/778/1195 2816/777/1194
f 2817/778/1195 2815/776/1375 2818/779/1376
f 2819/780/1377 2817/778/1195 2818/779/1376
f 2817/778/1195 2819/780/1377 2820/781/1198
f 2820/781/1198 2819/780/1377 2821/782/1174
f 2819/780/1377 2822/783/1378 2821/782/1174
f 2821/782/1174 2822/783/1378 2823/784/283
f 2822/783/1378 2824/785/1379 2823/784/283
f 2825/786/1380 2823/784/283 2824/785/1379
f 2823/784/283 2825/786/1380 2826/787/1147
f 2825/786/1380 2827/788/1169 2826/787/1147
f 2827/788/1169 2825/786/1380 2828/789/1381
f 2828/789/1381 2829/790/1203 2827/788/1169
f 2829/790/1203 2828/789/1381 2830/791/1382
f 2831/792/1383 2829/790/1203 2830/791/1382
f 2829/790/1203 2831/792/1383 2832/793/1164
f 2833/794/1384 2832/793/1164 2831/792/1383
f 2832/793/1164 2833/794/1384 2834/795/1207
f 2833/794/1384 2835/796/1208 2834/795/1207
f 2835/796/1208 2833/794/1384 2836/797/1385
f 2837/798/1386 2838/226/1387 2839/197/1388
f 2840/799/1389 2838/226/1387 2837/798/1386
f 2841/800/1390 2840/799/1389 2837/798/1386
f 2842/801/1391 2840/799/1389 2841/800/1390
f 2843/211/1392 2842/801/1391 2841/800/1390
f 2844/209/1393 2842/801/1391 2843/211/1392
f 2845/220/239 2846/802/239 1130/222/1219
f 2845/220/239 2847/803/1219 2846/802/239
f 2847/803/1219 2845/220/239 2848/804/1220
f 2849/805/1394 2850/426/1395 2851/806/1396
f 2850/426/1395 2849/805/1394 2852/428/1397
f 2853/807/1398 2852/428/1397 2849/805/1394
f 2852/428/1397 2853/807/1398 2854/808/1399
f 2855/809/1400 2856/431/1400 2857/434/1401
f 2856/431/1400 2855/809/1400 2858/810/1402
f 2859/228/1403 2858/810/1402 2855/809/1400
f 2858/810/1402 2859/228/1403 2860/230/1403
f 2861/247/1195 2862/812/1195 2863/813/1195
f 2862/812/1195 2861/247/1195 2864/811/1195
f 2864/811/1195 2861/247/1195 2865/245/1195
f 2866/521/1404 2867/522/1405 2868/814/1406
f 2866/521/1404 2868/814/1406 2869/815/1407
f 2870/520/1408 2866/521/1404 2869/815/1407
f 2869/815/1407 2871/816/1408 2870/520/1408
f 2872/817/1409 2870/520/1408 2871/816/1408
f 2870/520/1408 2872/817/1409 2873/519/1409
f 2872/817/1409 2874/518/1410 2873/519/1409
f 2874/518/1410 2872/817/1409 2875/818/1411
f 2876/819/1412 2874/518/1410 2875/818/1411
f 2874/518/1410 2876/819/1412 2877/517/1412
f 2876/819/1412 2878/515/1413 2877/517/1412
f 2878/515/1413 2876/819/1412 2879/820/1414
f 2880/821/1415 2878/515/1413 2879/820/1414
f 2878/515/1413 2880/821/1415 2881/513/1415
f 2882/823/283 2883/822/283 2884/824/283
f 2883/822/283 2882/823/283 2885/825/283
f 2885/825/283 2886/826/283 2883/822/283
f 2886/826/283 2885/825/283 2887/827/283
f 2887/827/283 2888/828/283 2886/826/283
f 2887/827/283 2889/829/283 2888/828/283
f 2890/830/1416 2891/283/1417 2892/831/1418
f 2891/283/1417 2890/830/1416 2893/281/1419
f 2894/832/1420 2893/281/1419 2890/830/1416
f 2894/832/1420 2895/284/1421 2893/281/1419
f 2895/284/1421 2894/832/1420 2896/833/1422
f 2896/833/1422 2897/834/1423 2895/284/1421
f 2897/834/1423 2896/833/1422 2898/835/1424
f 2899/285/1425 2895/284/1421 2897/834/1423
f 2898/835/1424 2900/836/1426 2897/834/1423
f 2901/837/1427 2900/836/1426 2898/835/1424
f 2902/838/1428 2897/834/1423 2900/836/1426
f 2897/834/1423 2902/838/1428 2899/285/1425
f 2900/836/1426 2901/837/1427 2903/839/1429
f 2900/836/1426 2904/840/1430 2902/838/1428
f 2903/839/1429 2904/840/1430 2900/836/1426
f 2901/837/1427 2905/841/1431 2903/839/1429
f 2905/841/1431 2901/837/1427 2906/842/1432
f 2904/840/1430 2903/839/1429 2907/843/1433
f 2905/841/1431 2906/842/1432 2908/844/1434
f 2908/844/1434 2906/842/1432 2909/845/1435
f 2910/846/1436 2903/839/1429 2905/841/1431
f 2903/839/1429 2910/846/1436 2907/843/1433
f 2908/844/1434 2909/845/1435 2911/308/1437
f 2911/308/1437 2909/845/1435 2912/847/1438
f 2911/308/1437 2912/847/1438 2913/303/1439
f 2912/847/1438 2914/848/1440 2913/303/1439
f 2914/848/1440 2915/306/1441 2913/303/1439
f 2915/306/1441 2914/848/1440 2916/849/1442
f 2917/310/1443 2908/844/1434 2911/308/1437
f 2908/844/1434 2917/310/1443 2918/850/1444
f 2905/841/1431 2918/850/1444 2910/846/1436
f 2918/850/1444 2905/841/1431 2908/844/1434
f 2919/851/1445 2918/850/1444 2917/310/1443
f 2920/852/1446 2907/843/1433 2910/846/1436
f 2918/850/1444 2920/852/1446 2910/846/1436
f 2918/850/1444 2919/851/1445 2921/853/1447
f 2920/852/1446 2918/850/1444 2921/853/1447
f 2917/310/1443 2922/854/1448 2919/851/1445
f 2917/310/1443 2923/300/1449 2922/854/1448
f 2924/299/1450 2922/854/1448 2923/300/1449
f 2922/854/1448 2924/299/1450 2925/855/1451
f 2926/856/1452 2922/854/1448 2925/855/1451
f 2922/854/1448 2926/856/1452 2927/857/1453
f 2919/851/1445 2922/854/1448 2928/858/1454
f 2928/858/1454 2921/853/1447 2919/851/1445
f 2922/854/1448 2927/857/1453 2928/858/1454
f 2929/859/1455 2921/853/1447 2928/858/1454
f 2921/853/1447 2929/859/1455 2920/852/1446
f 2920/852/1446 2929/859/1455 2930/860/1456
f 2907/843/1433 2920/852/1446 2931/861/1457
f 2920/852/1446 2930/860/1456 2931/861/1457
f 2932/862/1458 2931/861/1457 2930/860/1456
f 2932/862/1458 2907/843/1433 2931/861/1457
f 2907/843/1433 2932/862/1458 2904/840/1430
f 2932/862/1458 2902/838/1428 2904/840/1430
f 2932/862/1458 2930/860/1456 2933/863/1459
f 2902/838/1428 2932/862/1458 2934/864/1460
f 2933/863/1459 2934/864/1460 2932/862/1458
f 2934/864/1460 2933/863/1459 2935/865/1461
f 2936/866/1462 2902/838/1428 2934/864/1460
f 2935/865/1461 2936/866/1462 2934/864/1460
f 2902/838/1428 2936/866/1462 2899/285/1425
f 2937/867/1463 2899/285/1425 2936/866/1462
f 2935/865/1461 2937/867/1463 2936/866/1462
f 2937/867/1463 2935/865/1461 2938/868/1464
f 2899/285/1425 2937/867/1463 2939/277/1465
f 2940/869/1466 2937/867/1463 2938/868/1464
f 2937/867/1463 2941/278/1467 2939/277/1465
f 2937/867/1463 2940/869/1466 2942/870/1468
f 2941/278/1467 2937/867/1463 2942/870/1468
f 2943/871/1469 2944/872/1470 2945/869/1471
f 2945/869/1471 2946/868/1472 2943/871/1469
f 2947/873/1473 2943/871/1469 2946/868/1472
f 2946/868/1472 2948/865/1474 2947/873/1473
f 2949/874/1475 2947/873/1473 2948/865/1474
f 2948/865/1474 2950/863/1476 2949/874/1475
f 2949/874/1475 2950/863/1476 2951/875/1477
f 2950/863/1476 2952/860/1478 2951/875/1477
f 2952/860/1478 2953/859/1479 2951/875/1477
f 2951/875/1477 2953/859/1479 2954/876/1480
f 2955/858/1481 2954/876/1480 2953/859/1479
f 2954/876/1480 2955/858/1481 2956/877/1482
f 2957/857/1483 2956/877/1482 2955/858/1481
f 2956/877/1482 2957/857/1483 2958/878/1484
f 2957/857/1483 2959/856/1485 2958/878/1484
f 2958/878/1484 2959/856/1485 2960/879/1486
f 2961/545/1487 2962/546/1488 2963/547/1489
f 2962/546/1488 2961/545/1487 2964/544/1490
f 2964/544/1490 2961/545/1487 2965/325/1491
f 2966/552/1492 2967/334/1493 2968/533/1494
f 2967/334/1493 2966/552/1492 2969/337/1495
f 2969/337/1495 2966/552/1492 2970/551/1496
f 2971/548/1497 2972/549/1498 2973/339/1499
f 2974/341/1500 2973/339/1499 2972/549/1498
f 2974/341/1500 2972/549/1498 2975/550/1501
f 2976/470/1502 2977/880/1503 2978/468/1504
f 2977/880/1503 2976/470/1502 2979/881/1505
f 2979/881/1505 2980/882/1506 2977/880/1503
f 2980/882/1506 2979/881/1505 2981/883/1507
f 2981/883/1507 2982/884/1508 2980/882/1506
f 2982/884/1508 2981/883/1507 2983/885/1509
f 2984/886/1510 2985/365/1511 2986/364/1512
f 2985/365/1511 2984/886/1510 2987/887/1513
f 2988/888/1514 2987/887/1513 2984/886/1510
f 2987/887/1513 2988/888/1514 2989/889/1515
f 2990/890/1516 2989/889/1515 2988/888/1514
f 2989/889/1515 2990/890/1516 2991/891/1517
f 2992/892/1518 2991/891/1517 2990/890/1516
f 2991/891/1517 2992/892/1518 2993/893/1519
f 2994/369/1520 2993/893/1519 2992/892/1518
f 2993/893/1519 2994/369/1520 2995/371/1521
f 2996/894/1522 2997/895/1523 2998/896/1524
f 2997/895/1523 2996/894/1522 2999/897/1525
f 3000/898/1526 2999/897/1525 2996/894/1522
f 2999/897/1525 3000/898/1526 3001/899/1527
f 3002/900/1528 3001/899/1527 3000/898/1526
f 3002/900/1528 3003/901/1529 3001/899/1527
f 3004/902/1530 3003/901/1529 3002/900/1528
f 3003/901/1529 3004/902/1530 3005/903/1531
f 3006/904/1532 3005/903/1531 3004/902/1530
f 3005/903/1531 3006/904/1532 3007/905/1533
f 3008/906/1534 3009/907/1535 3010/908/1536
f 3009/907/1535 3008/906/1534 3011/909/1537
f 3011/909/1537 3012/910/1538 3009/907/1535
f 3012/910/1538 3011/909/1537 3013/911/1539
f 3013/911/1539 3014/912/1540 3012/910/1538
f 3014/912/1540 3013/911/1539 3015/913/1541
f 3015/913/1541 3016/914/1542 3014/912/1540
f 3016/914/1542 3015/913/1541 3017/915/1543
f 3018/916/1544 3016/914/1542 3017/915/1543
f 3018/916/1544 3017/915/1543 3019/917/1545
f 3020/561/993 3021/560/995 3022/562/995
f 3021/560/995 3020/561/993 3023/559/995
f 3023/559/995 3024/558/994 3021/560/995
f 3024/558/994 3023/559/995 3025/557/1546
f 3025/557/1546 3026/556/995 3024/558/994
f 3026/556/995 3025/557/1546 3027/555/993
f 3027/555/993 3028/554/993 3026/556/995
f 3028/554/993 3027/555/993 3029/553/993
f 3029/553/993 3030/534/993 3028/554/993
f 3030/534/993 3029/553/993 3031/533/995
f 3032/880/1503 3033/470/1504 3034/468/1504
f 3033/470/1504 3032/880/1503 3035/881/1547
f 3036/882/1548 3035/881/1547 3032/880/1503
f 3035/881/1547 3036/882/1548 3037/883/1549
f 3036/882/1548 3038/884/1550 3037/883/1549
f 3039/885/1551 3037/883/1549 3038/884/1550
f 3040/536/1552 3041/477/975 3042/476/964
f 3040/536/1552 3043/537/1553 3041/477/975
f 3044/538/1554 3043/537/1553 3040/536/1552
f 3044/538/1554 3045/539/1555 3043/537/1553
f 3045/539/1555 3044/538/1554 3046/540/1556
f 3046/540/1556 3047/541/1557 3045/539/1555
f 3048/542/1558 3047/541/1557 3046/540/1556
f 3048/542/1558 3049/543/1559 3047/541/1557
f 3050/471/972 3049/543/1559 3048/542/1558
f 3049/543/1559 3050/471/972 3051/469/975
f 3052/365/1560 3053/886/1561 3054/364/1562
f 3053/886/1561 3052/365/1560 3055/887/1563
f 3055/887/1563 3056/888/1564 3053/886/1561
f 3056/888/1564 3055/887/1563 3057/889/1565
f 3057/889/1565 3058/890/1566 3056/888/1564
f 3057/889/1565 3059/891/1567 3058/890/1566
f 3059/891/1567 3060/892/1568 3058/890/1566
f 3060/892/1568 3059/891/1567 3061/893/1569
f 3061/893/1569 3062/369/1570 3060/892/1568
f 3062/369/1570 3061/893/1569 3063/371/1571
f 3064/895/1572 3065/894/1573 3066/896/1574
f 3065/894/1573 3064/895/1572 3067/897/1575
f 3067/897/1575 3068/898/1576 3065/894/1573
f 3068/898/1576 3067/897/1575 3069/899/1577
f 3068/898/1576 3069/899/1577 3070/900/1577
f 3070/900/1577 3069/899/1577 3071/901/1578
f 3071/901/1578 3072/902/1579 3070/900/1577
f 3072/902/1579 3071/901/1578 3073/903/1580
f 3073/903/1580 3074/904/1581 3072/902/1579
f 3074/904/1581 3073/903/1580 3075/905/1582
f 3076/907/1583 3077/906/1584 3078/908/1585
f 3076/907/1583 3079/909/1586 3077/906/1584
f 3080/910/1587 3079/909/1586 3076/907/1583
f 3080/910/1587 3081/911/1588 3079/909/1586
f 3082/912/1589 3081/911/1588 3080/910/1587
f 3081/911/1588 3082/912/1589 3083/913/1590
f 3084/914/1591 3083/913/1590 3082/912/1589
f 3083/913/1590 3084/914/1591 3085/915/1592
f 3086/916/1593 3085/915/1592 3084/914/1591
f 3085/915/1592 3086/916/1593 3087/917/1594
f 3088/918/1595 3089/919/1596 3090/920/1597
f 3091/921/1598 3089/919/1596 3088/918/1595
f 3089/919/1596 3091/921/1598 3092/922/1599
f 3092/922/1599 3093/923/1600 3089/919/1596
f 3094/920/1601 3095/924/1602 3096/925/1601
f 3097/919/1603 3095/924/1602 3094/920/1601
f 3095/924/1602 3097/919/1603 3098/923/1604
f 3098/923/1604 3099/926/1604 3095/924/1602
f 3100/925/1605 3101/392/1606 3102/78/1607
f 3100/925/1605 3103/924/1608 3101/392/1606
f 3103/924/1608 3104/926/1609 3101/392/1606
f 3104/926/1609 3105/89/1610 3101/392/1606
f 3106/927/1611 3107/921/1612 3108/918/1613
f 3109/928/1614 3107/921/1612 3106/927/1611
f 3107/921/1612 3109/928/1614 3110/929/1615
f 3110/929/1615 3111/922/1616 3107/921/1612
f 3112/930/1617 3113/487/1618 3114/931/1618
f 3113/487/1618 3112/930/1617 3115/489/1617
f 3115/489/1617 3112/930/1617 3116/491/1618
f 3117/932/1618 3116/491/1618 3112/930/1617
f 3118/933/1618 3116/491/1618 3117/932/1618
f 3116/491/1618 3118/933/1618 3119/492/1618
f 3118/933/1618 3120/34/1618 3119/492/1618
f 3121/33/1619 3120/34/1618 3118/933/1618
f 3122/653/1620 3123/132/1621 3124/135/1622
f 3122/653/1620 3125/128/1623 3123/132/1621
f 3122/653/1620 3126/934/1624 3125/128/1623
f 3126/934/1624 3122/653/1620 3127/651/1625
f 3126/934/1624 3128/125/1626 3125/128/1623
f 3129/147/1627 3127/651/1625 3130/138/1628
f 3128/125/1626 3126/934/1624 3131/935/1629
f 3127/651/1625 3132/936/1630 3126/934/1624
f 3132/936/1630 3131/935/1629 3126/934/1624
f 3127/651/1625 3129/147/1627 3132/936/1630
f 3129/147/1627 3133/149/1631 3132/936/1630
f 3133/149/1631 3134/151/1632 3132/936/1630
f 3131/935/1629 3132/936/1630 3134/151/1632
f 3135/937/1633 3131/935/1629 3134/151/1632
f 3135/937/1633 3128/125/1626 3131/935/1629
f 3128/125/1626 3135/937/1633 3136/118/1634
f 3135/937/1633 3137/119/1635 3136/118/1634
f 3134/151/1632 3138/654/1636 3135/937/1633
f 3137/119/1635 3135/937/1633 3139/665/1637
f 3139/665/1637 3135/937/1633 3138/654/1636
f 3139/665/1637 3138/654/1636 3140/656/1638
f 3141/663/1639 3142/938/1640 3143/662/1641
f 3142/938/1640 3141/663/1639 3144/939/1642
f 3145/117/1643 3142/938/1640 3144/939/1642
f 3142/938/1640 3145/117/1643 3146/156/1644
f 3144/939/1642 3147/115/1643 3145/117/1643
f 3148/176/1645 3149/178/182 3150/182/183
f 3151/394/181 3150/182/183 3149/178/182
f 3150/182/183 3151/394/181 3152/940/182
f 3152/940/182 3153/941/181 3150/182/183
f 3154/667/181 3152/940/182 3151/394/181
f 3153/941/181 3152/940/182 3155/402/181
f 3155/402/181 3152/940/182 3156/396/183
f 3157/400/181 3155/402/181 3156/396/183
f 3152/940/182 3158/397/182 3156/396/183
f 3152/940/182 3159/399/1646 3158/397/182
f 3159/399/1646 3152/940/182 3160/942/183
f 3152/940/182 3154/667/181 3160/942/183
f 3160/942/183 3154/667/181 3161/188/183
f 3160/942/183 3162/191/182 3159/399/1646
f 3163/943/182 3162/191/182 3160/942/183
f 3161/188/183 3163/943/182 3160/942/183
f 3164/185/181 3163/943/182 3161/188/183
f 3163/943/182 3164/185/181 3165/184/181
f 3165/184/181 3166/406/181 3163/943/182
f 3166/406/181 3167/404/181 3163/943/182
f 3168/194/181 3162/191/182 3163/943/182
f 3167/404/181 3168/194/181 3163/943/182
f 3162/191/182 3168/194/181 3169/189/181
f 3170/172/1647 3171/944/1648 3172/173/1648
f 3171/944/1648 3170/172/1647 3173/511/1648
f 3174/174/1649 3171/944/1648 3173/511/1648
f 3174/174/1649 3175/175/1648 3171/944/1648
f 3176/182/1650 3177/941/1650 3178/181/1650
f 3178/181/1650 3177/941/1650 3179/945/1651
f 3177/941/1650 3180/401/1652 3179/945/1651
f 3180/401/1652 3177/941/1650 3181/402/1652
f 3182/946/1070 3183/195/283 3184/197/283
f 3184/197/283 3185/798/1070 3182/946/1070
f 3186/800/1653 3182/946/1070 3185/798/1070
f 3182/946/1070 3186/800/1653 3187/947/1070
f 3188/211/1654 3187/947/1070 3186/800/1653
f 3187/947/1070 3188/211/1654 3189/948/1655
f 3188/211/1654 3190/409/1656 3189/948/1655
f 3190/409/1656 3191/949/1071 3189/948/1655
f 3188/211/1654 3192/407/1657 3190/409/1656
f 3188/211/1654 3193/208/1658 3192/407/1657
f 3194/407/1659 3195/208/1660 3196/210/1661
f 3196/210/1661 3197/950/1662 3194/407/1659
f 3198/951/1663 3194/407/1659 3197/950/1662
f 3194/407/1659 3198/951/1663 3199/408/1663
f 3200/235/22 3201/952/22 3202/238/22
f 3201/952/22 3203/953/22 3202/238/22
f 3203/953/22 3204/954/22 3202/238/22
f 3205/955/22 3204/954/22 3203/953/22
f 3204/954/22 3206/241/22 3202/238/22
f 3206/241/22 3204/954/22 3207/956/22
f 3207/956/22 3208/957/22 3206/241/22
f 3208/957/22 3207/956/22 3209/958/22
f 3208/957/22 3210/959/22 3206/241/22
f 3209/958/22 3211/434/22 3208/957/22
f 3211/434/22 3209/958/22 3212/432/22
f 3211/434/22 3213/960/22 3208/957/22
f 3210/959/22 3208/957/22 3213/960/22
f 3213/960/22 3214/244/22 3210/959/22
f 3215/809/22 3213/960/22 3211/434/22
f 3215/809/22 3214/244/22 3213/960/22
f 3216/228/22 3214/244/22 3215/809/22
f 3217/806/1664 3218/802/1665 3219/222/1664
f 3217/806/1664 3220/805/1666 3218/802/1665
f 3221/807/1667 3218/802/1665 3220/805/1666
f 3218/802/1665 3221/807/1667 3222/961/1668
f 3223/243/1669 3224/959/1669 3225/244/1669
f 3224/959/1669 3223/243/1669 3226/512/1670
f 3227/242/1669 3224/959/1669 3226/512/1670
f 3224/959/1669 3227/242/1669 3228/241/1671
f 3229/247/1672 3230/962/1673 3231/813/1674
f 3230/962/1673 3229/247/1672 3232/246/1675
f 3232/246/1675 3233/963/1676 3230/962/1673
f 3234/439/833 3230/962/1673 3233/963/1676
f 3234/439/833 3233/963/1676 3235/435/833
f 3233/963/1676 3236/964/833 3235/435/833
f 3233/963/1676 3232/246/1675 3237/249/1677
f 3233/963/1676 3237/249/1677 3238/965/1678
f 3236/964/833 3233/963/1676 3238/965/1678
f 3239/251/1679 3238/965/1678 3237/249/1677
f 3240/966/1680 3241/967/1681 3242/259/1680
f 3242/259/1680 3241/967/1681 3243/262/1681
f 3241/967/1681 3244/256/1682 3243/262/1681
f 3244/256/1682 3241/967/1681 3245/263/1683
f 3246/514/911 3247/272/1684 3248/968/911
f 3247/272/1684 3246/514/911 3249/516/911
f 3250/255/911 3247/272/1684 3249/516/911
f 3247/272/1684 3250/255/911 3251/254/911
f 3252/918/1685 3253/920/1686 3254/919/1687
f 3252/918/1685 3254/919/1687 3255/921/1688
f 3254/919/1687 3256/922/1689 3255/921/1688
f 3256/922/1689 3254/919/1687 3257/923/1690
f 3258/920/1691 3259/925/1692 3260/924/1693
f 3258/920/1691 3260/924/1693 3261/919/1694
f 3260/924/1693 3262/923/1695 3261/919/1694
f 3262/923/1695 3260/924/1693 3263/926/1695
f 3264/78/1696 3265/392/1697 3266/925/1698
f 3266/925/1698 3265/392/1697 3267/924/1699
f 3265/392/1697 3268/926/1700 3267/924/1699
f 3268/926/1700 3265/392/1697 3269/89/1696
f 3270/927/1701 3271/918/1702 3272/921/1703
f 3270/927/1701 3272/921/1703 3273/928/1704
f 3273/928/1704 3272/921/1703 3274/929/1705
f 3274/929/1705 3272/921/1703 3275/922/1706
f 3276/487/1707 3277/930/1708 3278/931/1707
f 3277/930/1708 3276/487/1707 3279/489/1707
f 3277/930/1708 3279/489/1707 3280/491/1708
f 3277/930/1708 3280/491/1708 3281/932/1707
f 3280/491/1708 3282/933/1707 3281/932/1707
f 3282/933/1707 3280/491/1708 3283/492/1707
f 3282/933/1707 3283/492/1707 3284/34/1707
f 3282/933/1707 3284/34/1707 3285/33/1708
f 3286/135/1709 3287/132/1710 3288/653/1711
f 3289/128/1712 3288/653/1711 3287/132/1710
f 3288/653/1711 3289/128/1712 3290/934/1713
f 3290/934/1713 3291/651/1714 3288/653/1711
f 3292/125/1715 3290/934/1713 3289/128/1712
f 3291/651/1714 3293/147/1716 3294/138/1717
f 3290/934/1713 3292/125/1715 3295/935/1718
f 3291/651/1714 3290/934/1713 3296/936/1719
f 3295/935/1718 3296/936/1719 3290/934/1713
f 3293/147/1716 3291/651/1714 3296/936/1719
f 3293/147/1716 3296/936/1719 3297/149/1720
f 3297/149/1720 3296/936/1719 3298/151/1721
f 3296/936/1719 3295/935/1718 3298/151/1721
f 3299/937/1722 3298/151/1721 3295/935/1718
f 3292/125/1715 3299/937/1722 3295/935/1718
f 3299/937/1722 3292/125/1715 3300/118/1723
f 3301/119/1724 3299/937/1722 3300/118/1723
f 3298/151/1721 3299/937/1722 3302/654/1725
f 3299/937/1722 3301/119/1724 3303/665/1726
f 3299/937/1722 3303/665/1726 3302/654/1725
f 3302/654/1725 3303/665/1726 3304/656/1727
f 3305/938/1728 3306/663/1729 3307/662/1730
f 3306/663/1729 3305/938/1728 3308/939/1731
f 3305/938/1728 3309/117/1732 3308/939/1731
f 3309/117/1732 3305/938/1728 3310/156/1733
f 3308/939/1731 3309/117/1732 3311/115/1734
f 3312/176/1735 3313/182/1735 3314/178/1735
f 3313/182/1735 3315/394/1735 3314/178/1735
f 3315/394/1735 3313/182/1735 3316/940/452
f 3317/941/1735 3316/940/452 3313/182/1735
f 3316/940/452 3318/667/452 3315/394/1735
f 3316/940/452 3317/941/1735 3319/402/1736
f 3320/396/452 3316/940/452 3319/402/1736
f 3321/400/1735 3320/396/452 3319/402/1736
f 3316/940/452 3320/396/452 3322/397/1735
f 3323/399/1737 3316/940/452 3322/397/1735
f 3316/940/452 3323/399/1737 3324/942/1737
f 3318/667/452 3316/940/452 3324/942/1737
f 3318/667/452 3324/942/1737 3325/188/1735
f 3324/942/1737 3323/399/1737 3326/191/1735
f 3327/943/1735 3324/942/1737 3326/191/1735
f 3325/188/1735 3324/942/1737 3327/943/1735
f 3327/943/1735 3328/185/452 3325/188/1735
f 3328/185/452 3327/943/1735 3329/184/452
f 3329/184/452 3327/943/1735 3330/406/1735
f 3330/406/1735 3327/943/1735 3331/404/452
f 3326/191/1735 3332/194/1736 3327/943/1735
f 3331/404/452 3327/943/1735 3332/194/1736
f 3332/194/1736 3326/191/1735 3333/189/1735
f 3334/944/1738 3335/172/1739 3336/173/1738
f 3335/172/1739 3334/944/1738 3337/511/1738
f 3334/944/1738 3338/174/1738 3337/511/1738
f 3338/174/1738 3334/944/1738 3339/175/1740
f 3340/181/1741 3341/941/1741 3342/182/1742
f 3340/181/1741 3343/945/1741 3341/941/1741
f 3344/401/1743 3341/941/1741 3343/945/1741
f 3341/941/1741 3344/401/1743 3345/402/1743
f 3346/946/1316 3347/197/283 3348/195/283
f 3349/798/1316 3347/197/283 3346/946/1316
f 3346/946/1316 3350/800/1316 3349/798/1316
f 3350/800/1316 3346/946/1316 3351/947/1316
f 3351/947/1316 3352/211/1744 3350/800/1316
f 3352/211/1744 3351/947/1316 3353/948/1745
f 3354/409/1746 3352/211/1744 3353/948/1745
f 3354/409/1746 3353/948/1745 3355/949/1745
f 3356/407/1747 3352/211/1744 3354/409/1746
f 3352/211/1744 3356/407/1747 3357/208/1748
f 3358/407/1749 3359/210/1750 3360/208/1751
f 3361/950/1752 3359/210/1750 3358/407/1749
f 3358/407/1749 3362/951/1753 3361/950/1752
f 3358/407/1749 3363/408/1753 3362/951/1753
f 3364/235/22 3365/238/22 3366/952/22
f 3366/952/22 3365/238/22 3367/953/22
f 3367/953/22 3365/238/22 3368/954/22
f 3369/955/22 3367/953/22 3368/954/22
f 3368/954/22 3365/238/22 3370/241/22
f 3371/956/22 3368/954/22 3370/241/22
f 3372/957/22 3371/956/22 3370/241/22
f 3371/956/22 3372/957/22 3373/958/22
f 3374/959/22 3372/957/22 3370/241/22
f 3375/434/22 3373/958/22 3372/957/22
f 3373/958/22 3375/434/22 3376/432/22
f 3377/960/22 3375/434/22 3372/957/22
f 3372/957/22 3374/959/22 3377/960/22
f 3377/960/22 3374/959/22 3378/244/22
f 3377/960/22 3379/809/22 3375/434/22
f 3378/244/22 3379/809/22 3377/960/22
f 3378/244/22 3380/228/22 3379/809/22
f 3381/802/1754 3382/806/1664 3383/222/1664
f 3382/806/1664 3381/802/1754 3384/805/1755
f 3381/802/1754 3385/807/1756 3384/805/1755
f 3385/807/1756 3381/802/1754 3386/961/1757
f 3387/959/1758 3388/243/1759 3389/244/1760
f 3388/243/1759 3387/959/1758 3390/512/1760
f 3391/242/1761 3390/512/1760 3387/959/1758
f 3387/959/1758 3392/241/1762 3391/242/1761
f 3393/247/1763 3394/813/1764 3395/962/1765
f 3395/962/1765 3396/246/1766 3393/247/1763
f 3397/963/1767 3396/246/1766 3395/962/1765
f 3395/962/1765 3398/439/902 3397/963/1767
f 3399/435/902 3397/963/1767 3398/439/902
f 3400/964/902 3397/963/1767 3399/435/902
f 3396/246/1766 3397/963/1767 3401/249/1768
f 3401/249/1768 3397/963/1767 3402/965/1769
f 3397/963/1767 3400/964/902 3402/965/1769
f 3401/249/1768 3402/965/1769 3403/251/1770
f 3404/966/1771 3405/259/1772 3406/967/1773
f 3405/259/1772 3407/262/1774 3406/967/1773
f 3408/256/1775 3406/967/1773 3407/262/1774
f 3406/967/1773 3408/256/1775 3409/263/1776
f 3410/272/911 3411/514/1777 3412/968/911
f 3411/514/1777 3410/272/911 3413/516/911
f 3410/272/911 3414/255/911 3413/516/911
f 3414/255/911 3410/272/911 3415/254/911
f 3416/969/1778 3417/830/1779 3418/831/1780
f 3417/830/1779 3416/969/1778 3419/970/1781
f 3419/970/1781 3420/971/1782 3417/830/1779
f 3421/832/1783 3417/830/1779 3420/971/1782
f 3420/971/1782 3422/972/1784 3421/832/1783
f 3423/833/1785 3421/832/1783 3422/972/1784
f 3422/972/1784 3424/973/1786 3423/833/1785
f 3425/835/1787 3423/833/1785 3424/973/1786
f 3426/974/1788 3425/835/1787 3424/973/1786
f 3425/835/1787 3426/974/1788 3427/837/1789
f 3426/974/1788 3428/842/1790 3427/837/1789
f 3428/842/1790 3426/974/1788 3429/975/1791
f 3430/845/1792 3428/842/1790 3429/975/1791
f 3430/845/1792 3429/975/1791 3431/976/1793
f 3432/847/1794 3430/845/1792 3431/976/1793
f 3432/847/1794 3431/976/1793 3433/977/1795
f 3434/848/1796 3432/847/1794 3433/977/1795
f 3434/848/1796 3433/977/1795 3435/978/1797
f 3436/979/1798 3434/848/1796 3435/978/1797
f 3434/848/1796 3436/979/1798 3437/849/1799
f 3438/290/1800 3439/980/1801 3440/293/1802
f 3439/980/1801 3438/290/1800 3441/385/1803
f 3439/980/1801 3441/385/1803 3442/314/1804
f 3443/316/1805 3439/980/1801 3442/314/1804
f 3444/322/1806 3445/544/1807 3446/325/1808
f 3445/544/1807 3444/322/1806 3447/981/1809
f 3447/981/1809 3444/322/1806 3448/982/1810
f 3448/982/1810 3444/322/1806 3449/333/1811
f 3447/981/1809 3448/982/1810 3450/983/1812
f 3451/330/1813 3448/982/1810 3449/333/1811
f 3448/982/1810 3451/330/1813 3452/984/1814
f 3452/984/1814 3450/983/1812 3448/982/1810
f 3450/983/1812 3452/984/1814 3453/985/1815
f 3452/984/1814 3451/330/1813 3454/328/1441
f 3454/328/1441 3453/985/1815 3452/984/1814
f 3453/985/1815 3454/328/1441 3455/329/1816
f 3456/544/1817 3457/322/1818 3458/325/1819
f 3457/322/1818 3456/544/1817 3459/981/1820
f 3459/981/1820 3460/982/1821 3457/322/1818
f 3460/982/1821 3461/333/1822 3457/322/1818
f 3460/982/1821 3459/981/1820 3462/983/1823
f 3460/982/1821 3463/330/1824 3461/333/1822
f 3463/330/1824 3460/982/1821 3464/984/1825
f 3462/983/1823 3464/984/1825 3460/982/1821
f 3464/984/1825 3462/983/1823 3465/985/1826
f 3465/985/1826 3466/328/1827 3464/984/1825
f 3464/984/1825 3466/328/1827 3463/330/1824
f 3466/328/1827 3465/985/1826 3467/329/1828
f 3468/568/1829 3469/564/1830 3470/566/1831
f 3469/564/1830 3468/568/1829 3471/986/1832
f 3471/986/1832 3468/568/1829 3472/569/1833
f 3471/986/1832 3473/987/1834 3469/564/1830
f 3474/571/1835 3471/986/1832 3472/569/1833
f 3471/986/1832 3474/571/1835 3475/988/1836
f 3475/988/1836 3473/987/1834 3471/986/1832
f 3473/987/1834 3475/988/1836 3476/989/1837
f 3475/988/1836 3477/990/1838 3476/989/1837
f 3477/990/1838 3475/988/1836 3478/991/1839
f 3474/571/1835 3478/991/1839 3475/988/1836
f 3478/991/1839 3474/571/1835 3479/574/1840
f 3478/991/1839 3480/579/1841 3477/990/1838
f 3481/576/1842 3480/579/1841 3478/991/1839
f 3478/991/1839 3479/574/1840 3481/576/1842
f 3480/579/1841 3481/576/1842 3482/577/1843
f 3483/992/1844 3484/993/1845 3485/994/1846
f 3483/992/1844 3486/995/1847 3484/993/1845
f 3486/995/1847 3487/996/1848 3484/993/1845
f 3487/996/1848 3486/995/1847 3488/997/1849
f 3489/998/1850 3488/997/1849 3486/995/1847
f 3486/995/1847 3483/992/1844 3490/999/1851
f 3490/999/1851 3491/1000/1852 3486/995/1847
f 3491/1000/1852 3489/998/1850 3486/995/1847
f 3489/998/1850 3491/1000/1852 3492/48/1853
f 3490/999/1851 3493/992/1854 3494/1001/1855
f 3491/1000/1852 3490/999/1851 3495/1002/1856
f 3492/48/1853 3491/1000/1852 3495/1002/1856
f 3495/1002/1856 3490/999/1851 3496/1003/1857
f 3494/1001/1855 3496/1003/1857 3490/999/1851
f 3496/1003/1857 3494/1001/1855 3497/1004/1858
f 3495/1002/1856 3498/1005/1859 3492/48/1853
f 3498/1005/1859 3499/47/1860 3492/48/1853
f 3500/1006/1861 3499/47/1860 3498/1005/1859
f 3495/1002/1856 3496/1003/1857 3501/1007/1862
f 3501/1007/1862 3498/1005/1859 3495/1002/1856
f 3498/1005/1859 3501/1007/1862 3502/1008/1863
f 3502/1008/1863 3500/1006/1861 3498/1005/1859
f 3503/1009/1864 3500/1006/1861 3502/1008/1863
f 3501/1007/1862 3504/1010/1865 3502/1008/1863
f 3496/1003/1857 3504/1010/1865 3501/1007/1862
f 3504/1010/1865 3505/1011/1866 3502/1008/1863
f 3505/1011/1866 3503/1009/1864 3502/1008/1863
f 3506/1012/1867 3503/1009/1864 3505/1011/1866
f 3507/1013/1868 3506/1012/1867 3505/1011/1866
f 3496/1003/1857 3508/1014/1869 3504/1010/1865
f 3497/1004/1858 3508/1014/1869 3496/1003/1857
f 3508/1014/1869 3497/1004/1858 3509/1015/1870
f 3510/1016/1871 3508/1014/1869 3509/1015/1870
f 3511/1017/1872 3508/1014/1869 3510/1016/1871
f 3505/1011/1866 3504/1010/1865 3511/1017/1872
f 3508/1014/1869 3511/1017/1872 3504/1010/1865
f 3510/1016/1871 3512/1018/1873 3511/1017/1872
f 3512/1018/1873 3510/1016/1871 3513/1019/1874
f 3511/1017/1872 3512/1018/1873 3514/1020/1875
f 3514/1020/1875 3507/1013/1868 3505/1011/1866
f 3511/1017/1872 3514/1020/1875 3505/1011/1866
f 3515/1021/1876 3512/1018/1873 3513/1019/1874
f 3515/1021/1876 3513/1019/1874 3516/1022/1877
f 3514/1020/1875 3517/1023/1878 3507/1013/1868
f 3515/1021/1876 3517/1023/1878 3512/1018/1873
f 3514/1020/1875 3512/1018/1873 3517/1023/1878
f 3515/1021/1876 3518/1024/1879 3517/1023/1878
f 3507/1013/1868 3517/1023/1878 3518/1024/1879
f 3519/1025/1880 3507/1013/1868 3518/1024/1879
f 3518/1024/1879 3520/1026/1881 3519/1025/1880
f 3518/1024/1879 3515/1021/1876 3521/1027/1882
f 3516/1022/1877 3521/1027/1882 3515/1021/1876
f 3521/1027/1882 3516/1022/1877 3522/1028/1883
f 3523/1029/1884 3521/1027/1882 3522/1028/1883
f 3521/1027/1882 3524/1030/1885 3518/1024/1879
f 3520/1026/1881 3518/1024/1879 3524/1030/1885
f 3525/1031/1886 3520/1026/1881 3524/1030/1885
f 3521/1027/1882 3525/1031/1886 3524/1030/1885
f 3520/1026/1881 3525/1031/1886 3526/1032/1887
f 3527/1033/1888 3525/1031/1886 3521/1027/1882
f 3521/1027/1882 3523/1029/1884 3527/1033/1888
f 3527/1033/1888 3523/1029/1884 3528/1034/1889
f 3526/1032/1887 3525/1031/1886 3529/1035/1890
f 3527/1033/1888 3528/1034/1889 3530/1036/1891
f 3531/1037/1892 3530/1036/1891 3528/1034/1889
f 3527/1033/1888 3530/1036/1891 3532/1038/1893
f 3529/1035/1890 3525/1031/1886 3532/1038/1893
f 3527/1033/1888 3532/1038/1893 3525/1031/1886
f 3530/1036/1891 3531/1037/1892 3533/1039/1894
f 3534/1040/1895 3533/1039/1894 3531/1037/1892
f 3529/1035/1890 3532/1038/1893 3535/1041/1896
f 3535/1041/1896 3530/1036/1891 3533/1039/1894
f 3535/1041/1896 3532/1038/1893 3530/1036/1891
f 3536/1042/1897 3535/1041/1896 3533/1039/1894
f 3535/1041/1896 3536/1042/1897 3529/1035/1890
f 3529/1035/1890 3536/1042/1897 3537/1043/1898
f 3536/1042/1897 3538/1044/1899 3537/1043/1898
f 3533/1039/1894 3539/1045/1900 3536/1042/1897
f 3533/1039/1894 3534/1040/1895 3539/1045/1900
f 3540/1046/1901 3536/1042/1897 3539/1045/1900
f 3538/1044/1899 3536/1042/1897 3540/1046/1901
f 3540/1046/1901 3541/1047/1902 3538/1044/1899
f 3534/1040/1895 3542/1048/1903 3539/1045/1900
f 3539/1045/1900 3542/1048/1903 3540/1046/1901
f 3542/1048/1903 3534/1040/1895 3543/1049/1904
f 3542/1048/1903 3544/1050/851 3540/1046/1901
f 3541/1047/1902 3540/1046/1901 3544/1050/851
f 3544/1050/851 3545/72/1905 3541/1047/1902
f 3545/72/1905 3544/1050/851 3546/71/1906
f 3543/1049/1904 3547/1051/1907 3542/1048/1903
f 3544/1050/851 3542/1048/1903 3547/1051/1907
f 3544/1050/851 3547/1051/1907 3546/71/1906
f 3547/1051/1907 3543/1049/1904 3548/1052/1908
f 3548/1052/1908 3549/1053/1909 3547/1051/1907
f 3547/1051/1907 3549/1053/1909 3546/71/1906
f 3550/1054/1910 3546/71/1906 3549/1053/1909
f 3549/1053/1909 3548/1052/1908 3551/1055/1911
f 3551/1055/1911 3550/1054/1910 3549/1053/1909
f 3550/1054/1910 3551/1055/1911 3552/1056/1912
f 3551/1055/1911 3553/1057/1913 3552/1056/1912
f 3554/1058/1914 3551/1055/1911 3548/1052/1908
f 3551/1055/1911 3554/1058/1914 3555/1059/1915
f 3553/1057/1913 3551/1055/1911 3555/1059/1915
f 3555/1059/1915 3554/1058/1914 3556/1060/1916
f 3557/232/22 3558/1061/22 3559/430/22
f 3558/1061/22 3557/232/22 3560/1062/22
f 3557/232/22 3561/229/22 3560/1062/22
f 3562/1063/22 3558/1061/22 3560/1062/22
f 3563/230/22 3560/1062/22 3561/229/22
f 3562/1063/22 3564/431/22 3565/433/22
f 3563/230/22 3566/1064/22 3560/1062/22
f 3560/1062/22 3566/1064/22 3562/1063/22
f 3564/431/22 3562/1063/22 3566/1064/22
f 3566/1064/22 3567/810/22 3564/431/22
f 3567/810/22 3566/1064/22 3563/230/22
f 3568/992/1917 3569/994/1918 3570/993/1919
f 3571/995/1920 3568/992/1917 3570/993/1919
f 3572/996/1921 3571/995/1920 3570/993/1919
f 3571/995/1920 3572/996/1921 3573/997/1922
f 3574/998/1923 3571/995/1920 3573/997/1922
f 3568/992/1917 3571/995/1920 3575/999/1924
f 3576/1000/1925 3575/999/1924 3571/995/1920
f 3576/1000/1925 3571/995/1920 3574/998/1923
f 3574/998/1923 3577/48/1926 3576/1000/1925
f 3575/999/1924 3578/1001/1927 3579/992/1928
f 3575/999/1924 3576/1000/1925 3580/1002/1929
f 3577/48/1926 3580/1002/1929 3576/1000/1925
f 3580/1002/1929 3581/1003/1930 3575/999/1924
f 3581/1003/1930 3578/1001/1927 3575/999/1924
f 3578/1001/1927 3581/1003/1930 3582/1004/1931
f 3577/48/1926 3583/1005/1932 3580/1002/1929
f 3584/47/1933 3583/1005/1932 3577/48/1926
f 3583/1005/1932 3584/47/1933 3585/1006/1934
f 3581/1003/1930 3580/1002/1929 3586/1007/1935
f 3583/1005/1932 3586/1007/1935 3580/1002/1929
f 3586/1007/1935 3583/1005/1932 3587/1008/1936
f 3587/1008/1936 3583/1005/1932 3585/1006/1934
f 3587/1008/1936 3585/1006/1934 3588/1009/1937
f 3589/1010/1938 3581/1003/1930 3586/1007/1935
f 3587/1008/1936 3589/1010/1938 3586/1007/1935
f 3581/1003/1930 3589/1010/1938 3590/1014/1939
f 3590/1014/1939 3582/1004/1931 3581/1003/1930
f 3582/1004/1931 3590/1014/1939 3591/1015/1940
f 3592/1016/1941 3591/1015/1940 3590/1014/1939
f 3593/1011/1942 3587/1008/1936 3588/1009/1937
f 3589/1010/1938 3587/1008/1936 3593/1011/1942
f 3593/1011/1942 3588/1009/1937 3594/1012/1943
f 3593/1011/1942 3595/1017/1944 3589/1010/1938
f 3590/1014/1939 3595/1017/1944 3592/1016/1941
f 3595/1017/1944 3590/1014/1939 3589/1010/1938
f 3596/1013/1945 3593/1011/1942 3594/1012/1943
f 3597/1018/1946 3592/1016/1941 3595/1017/1944
f 3592/1016/1941 3597/1018/1946 3598/1019/1947
f 3597/1018/1946 3595/1017/1944 3599/1020/1948
f 3599/1020/1948 3593/1011/1942 3596/1013/1945
f 3595/1017/1944 3593/1011/1942 3599/1020/1948
f 3600/1021/1949 3598/1019/1947 3597/1018/1946
f 3600/1021/1949 3601/1022/1950 3598/1019/1947
f 3600/1021/1949 3597/1018/1946 3602/1023/1951
f 3602/1023/1951 3599/1020/1948 3596/1013/1945
f 3599/1020/1948 3602/1023/1951 3597/1018/1946
f 3603/1027/1952 3601/1022/1950 3600/1021/1949
f 3601/1022/1950 3603/1027/1952 3604/1028/1953
f 3600/1021/1949 3602/1023/1951 3605/1024/1954
f 3596/1013/1945 3605/1024/1954 3602/1023/1951
f 3605/1024/1954 3603/1027/1952 3600/1021/1949
f 3606/1025/1955 3605/1024/1954 3596/1013/1945
f 3603/1027/1952 3607/1029/1956 3604/1028/1953
f 3608/1026/1957 3605/1024/1954 3606/1025/1955
f 3607/1029/1956 3603/1027/1952 3609/1033/1958
f 3609/1033/1958 3610/1034/1959 3607/1029/1956
f 3603/1027/1952 3605/1024/1954 3611/1030/1960
f 3605/1024/1954 3608/1026/1957 3611/1030/1960
f 3608/1026/1957 3612/1031/1961 3611/1030/1960
f 3612/1031/1961 3609/1033/1958 3603/1027/1952
f 3603/1027/1952 3611/1030/1960 3612/1031/1961
f 3612/1031/1961 3608/1026/1957 3613/1032/1962
f 3613/1032/1962 3614/1035/1963 3612/1031/1961
f 3609/1033/1958 3612/1031/1961 3615/1038/1964
f 3612/1031/1961 3614/1035/1963 3615/1038/1964
f 3609/1033/1958 3615/1038/1964 3616/1036/1965
f 3609/1033/1958 3616/1036/1965 3610/1034/1959
f 3616/1036/1965 3617/1037/1966 3610/1034/1959
f 3615/1038/1964 3618/1041/1967 3616/1036/1965
f 3618/1041/1967 3615/1038/1964 3614/1035/1963
f 3617/1037/1966 3616/1036/1965 3619/1039/1968
f 3619/1039/1968 3616/1036/1965 3618/1041/1967
f 3619/1039/1968 3620/1040/1969 3617/1037/1966
f 3621/1042/1970 3619/1039/1968 3618/1041/1967
f 3618/1041/1967 3614/1035/1963 3621/1042/1970
f 3614/1035/1963 3622/1043/1971 3621/1042/1970
f 3623/1044/1972 3621/1042/1970 3622/1043/1971
f 3620/1040/1969 3619/1039/1968 3624/1045/1973
f 3619/1039/1968 3621/1042/1970 3624/1045/1973
f 3625/1046/1974 3624/1045/1973 3621/1042/1970
f 3621/1042/1970 3623/1044/1972 3625/1046/1974
f 3626/1047/1975 3625/1046/1974 3623/1044/1972
f 3624/1045/1973 3625/1046/1974 3627/1048/1976
f 3627/1048/1976 3620/1040/1969 3624/1045/1973
f 3620/1040/1969 3627/1048/1976 3628/1049/1977
f 3629/1050/755 3627/1048/1976 3625/1046/1974
f 3625/1046/1974 3626/1047/1975 3629/1050/755
f 3630/72/1978 3629/1050/755 3626/1047/1975
f 3629/1050/755 3630/72/1978 3631/71/1979
f 3632/1051/1980 3628/1049/1977 3627/1048/1976
f 3627/1048/1976 3629/1050/755 3632/1051/1980
f 3629/1050/755 3631/71/1979 3632/1051/1980
f 3628/1049/1977 3632/1051/1980 3633/1052/1981
f 3634/1053/1982 3633/1052/1981 3632/1051/1980
f 3632/1051/1980 3631/71/1979 3634/1053/1982
f 3635/1054/1983 3634/1053/1982 3631/71/1979
f 3636/1055/1984 3634/1053/1982 3635/1054/1983
f 3633/1052/1981 3634/1053/1982 3636/1055/1984
f 3635/1054/1983 3637/1056/1985 3636/1055/1984
f 3638/1057/1986 3636/1055/1984 3637/1056/1985
f 3636/1055/1984 3639/1058/1987 3633/1052/1981
f 3639/1058/1987 3636/1055/1984 3640/1059/1988
f 3636/1055/1984 3638/1057/1986 3640/1059/1988
f 3640/1059/1988 3641/1060/1989 3639/1058/1987
f 3642/232/22 3643/430/22 3644/1061/22
f 3642/232/22 3644/1061/22 3645/1062/22
f 3646/229/22 3642/232/22 3645/1062/22
f 3644/1061/22 3647/1063/22 3645/1062/22
f 3645/1062/22 3648/230/22 3646/229/22
f 3649/431/22 3647/1063/22 3650/433/22
f 3648/230/22 3645/1062/22 3651/1064/22
f 3645/1062/22 3647/1063/22 3651/1064/22
f 3647/1063/22 3649/431/22 3651/1064/22
f 3651/1064/22 3649/431/22 3652/810/22
f 3651/1064/22 3652/810/22 3648/230/22
f 3653/291/1990 3654/1065/1991 3655/294/1990
f 3654/1065/1991 3653/291/1990 3656/1066/1992
f 3656/1066/1992 3657/1067/1990 3654/1065/1991
f 3656/1066/1992 3653/291/1990 3658/293/1993
f 3657/1067/1990 3656/1066/1992 3659/1068/1993
f 3659/1068/1993 3660/1069/1993 3657/1067/1990
f 3661/1070/1993 3656/1066/1992 3658/293/1993
f 3661/1070/1993 3658/293/1993 3662/980/1993
f 3662/980/1993 3663/316/1993 3661/1070/1993
f 3660/1069/1993 3659/1068/1993 3664/1071/1991
f 3660/1069/1993 3664/1071/1991 3665/1072/1994
f 3659/1068/1993 3656/1066/1992 3666/1073/1995
f 3666/1073/1995 3664/1071/1991 3659/1068/1993
f 3666/1073/1995 3656/1066/1992 3661/1070/1993
f 3664/1071/1991 3666/1073/1995 3667/1074/1993
f 3667/1074/1993 3665/1072/1994 3664/1071/1991
f 3665/1072/1994 3667/1074/1993 3668/1075/1990
f 3667/1074/1993 3669/1076/1993 3668/1075/1990
f 3666/1073/1995 3670/1077/1991 3667/1074/1993
f 3669/1076/1993 3667/1074/1993 3670/1077/1991
f 3671/1078/1996 3669/1076/1993 3670/1077/1991
f 3670/1077/1991 3666/1073/1995 3672/1079/1990
f 3672/1079/1990 3671/1078/1996 3670/1077/1991
f 3671/1078/1996 3672/1079/1990 3673/1080/1993
f 3672/1079/1990 3666/1073/1995 3674/1081/1994
f 3674/1081/1994 3673/1080/1993 3672/1079/1990
f 3666/1073/1995 3661/1070/1993 3674/1081/1994
f 3674/1081/1994 3661/1070/1993 3663/316/1993
f 3673/1080/1993 3674/1081/1994 3675/1082/1990
f 3674/1081/1994 3676/313/1992 3675/1082/1990
f 3676/313/1992 3674/1081/1994 3663/316/1993
f 3675/1082/1990 3676/313/1992 3677/318/1992
f 3678/870/1997 3679/297/1998 3680/296/1999
f 3678/870/1997 3680/296/1999 3681/1083/2000
f 3682/278/2001 3678/870/1997 3681/1083/2000
f 3681/1083/2000 3680/296/1999 3683/1084/2002
f 3684/855/2003 3685/319/2004 3686/321/2005
f 3685/319/2004 3684/855/2003 3687/1085/2006
f 3685/319/2004 3687/1085/2006 3688/1086/2007
f 3689/299/2008 3687/1085/2006 3684/855/2003
f 3690/821/22 3691/1087/22 3692/820/22
f 3691/1087/22 3693/819/22 3692/820/22
f 3693/819/22 3691/1087/22 3694/818/22
f 3694/818/22 3691/1087/22 3695/817/22
f 3695/817/22 3691/1087/22 3696/816/22
f 3696/816/22 3691/1087/22 3697/815/22
f 3697/815/22 3691/1087/22 3698/814/22
f 3699/815/22 3700/814/22 3701/1087/22
f 3702/816/22 3699/815/22 3701/1087/22
f 3703/817/22 3702/816/22 3701/1087/22
f 3704/818/22 3703/817/22 3701/1087/22
f 3705/819/22 3704/818/22 3701/1087/22
f 3705/819/22 3701/1087/22 3706/820/22
f 3706/820/22 3701/1087/22 3707/821/22
f 3708/1088/2009 3709/563/2010 3710/565/2011
f 3709/563/2010 3708/1088/2009 3711/1089/2012
f 3712/1090/2013 3711/1089/2012 3708/1088/2009
f 3709/563/2010 3711/1089/2012 3713/1091/2014
f 3709/563/2010 3713/1091/2014 3714/567/2015
f 3711/1089/2012 3712/1090/2013 3715/1092/2016
f 3714/567/2015 3713/1091/2014 3716/1093/2017
f 3714/567/2015 3716/1093/2017 3717/570/2018
f 3713/1091/2014 3718/1094/2019 3716/1093/2017
f 3711/1089/2012 3715/1092/2016 3718/1094/2019
f 3711/1089/2012 3718/1094/2019 3713/1091/2014
f 3719/1095/2020 3717/570/2018 3716/1093/2017
f 3716/1093/2017 3718/1094/2019 3720/1096/2021
f 3721/1097/2022 3717/570/2018 3719/1095/2020
f 3718/1094/2019 3722/1098/2023 3720/1096/2021
f 3717/570/2018 3721/1097/2022 3723/572/2024
f 3721/1097/2022 3724/573/2025 3723/572/2024
f 3724/573/2025 3721/1097/2022 3725/1099/2026
f 3725/1099/2026 3726/1100/2027 3724/573/2025
f 3726/1100/2027 3727/575/2028 3724/573/2025
f 3715/1092/2016 3728/1101/2029 3718/1094/2019
f 3722/1098/2023 3718/1094/2019 3728/1101/2029
f 3728/1101/2029 3729/6/2030 3722/1098/2023
f 3729/6/2030 3728/1101/2029 3730/5/2031
f 3728/1101/2029 3715/1092/2016 3731/1102/2032
f 3731/1102/2032 3730/5/2031 3728/1101/2029
f 3712/1090/2013 3731/1102/2032 3715/1092/2016
f 3731/1102/2032 3712/1090/2013 3732/1103/2033
f 3732/1103/2033 3733/1104/2034 3731/1102/2032
f 3733/1104/2034 3730/5/2031 3731/1102/2032
f 3734/1105/2035 3730/5/2031 3733/1104/2034
f 3735/1106/2036 3732/1103/2033 3736/1107/2037
f 3734/1105/2035 3733/1104/2034 3737/1108/2038
f 3733/1104/2034 3732/1103/2033 3737/1108/2038
f 3735/1106/2036 3737/1108/2038 3732/1103/2033
f 3737/1108/2038 3738/1109/2039 3734/1105/2035
f 3737/1108/2038 3739/1110/2040 3738/1109/2039
f 3739/1110/2040 3737/1108/2038 3735/1106/2036
f 3727/575/2028 3726/1100/2027 3740/1111/2041
f 3740/1111/2041 3741/578/2042 3727/575/2028
f 3740/1111/2041 3726/1100/2027 3742/1112/2043
f 3726/1100/2027 3743/1113/2044 3742/1112/2043
f 3744/1114/2045 3742/1112/2043 3743/1113/2044
f 3740/1111/2041 3742/1112/2043 3745/1115/2046
f 3741/578/2042 3740/1111/2041 3745/1115/2046
f 3746/1116/2047 3741/578/2042 3745/1115/2046
f 3741/578/2042 3746/1116/2047 3747/580/2048
f 3745/1115/2046 3748/1117/2049 3746/1116/2047
f 3748/1117/2049 3745/1115/2046 3749/1118/2050
f 3749/1118/2050 3745/1115/2046 3742/1112/2043
f 3750/1119/2051 3749/1118/2050 3742/1112/2043
f 3742/1112/2043 3744/1114/2045 3750/1119/2051
f 3744/1114/2045 3751/12/2052 3750/1119/2051
f 3751/12/2052 3752/11/2053 3750/1119/2051
f 3749/1118/2050 3750/1119/2051 3753/1120/2054
f 3753/1120/2054 3750/1119/2051 3752/11/2053
f 3753/1120/2054 3748/1117/2049 3749/1118/2050
f 3748/1117/2049 3753/1120/2054 3754/1121/2055
f 3755/1122/2056 3753/1120/2054 3752/11/2053
f 3755/1122/2056 3754/1121/2055 3753/1120/2054
f 3756/1123/2057 3755/1122/2056 3752/11/2053
f 3757/1124/2058 3754/1121/2055 3758/1125/2059
f 3754/1121/2055 3755/1122/2056 3759/1126/2060
f 3758/1125/2059 3754/1121/2055 3759/1126/2060
f 3756/1123/2057 3759/1126/2060 3755/1122/2056
f 3760/1127/2061 3759/1126/2060 3756/1123/2057
f 3761/1128/2062 3759/1126/2060 3760/1127/2061
f 3759/1126/2060 3761/1128/2062 3758/1125/2059
f 3762/930/22 3763/931/22 3764/1129/22
f 3762/930/22 3764/1129/22 3765/1130/22
f 3766/1131/22 3765/1130/22 3764/1129/22
f 3767/1132/22 3762/930/22 3765/1130/22
f 3766/1131/22 3767/1132/22 3765/1130/22
f 3762/930/22 3767/1132/22 3768/932/22
f 3769/933/22 3768/932/22 3767/1132/22
f 3767/1132/22 3766/1131/22 3770/1133/22
f 3771/1134/22 3770/1133/22 3766/1131/22
f 3767/1132/22 3772/1135/22 3769/933/22
f 3772/1135/22 3767/1132/22 3770/1133/22
f 3773/33/22 3769/933/22 3772/1135/22
f 3772/1135/22 3774/31/22 3773/33/22
f 3770/1133/22 3775/1136/22 3772/1135/22
f 3774/31/22 3772/1135/22 3775/1136/22
f 3775/1136/22 3776/1137/22 3774/31/22
f 3775/1136/22 3777/1138/22 3776/1137/22
f 3777/1138/22 3775/1136/22 3778/1139/22
f 3770/1133/22 3778/1139/22 3775/1136/22
f 3778/1139/22 3779/1140/22 3777/1138/22
f 3778/1139/22 3770/1133/22 3780/1141/22
f 3770/1133/22 3771/1134/22 3780/1141/22
f 3781/1142/22 3780/1141/22 3771/1134/22
f 3779/1140/22 3778/1139/22 3782/1143/22
f 3780/1141/22 3782/1143/22 3778/1139/22
f 3782/1143/22 3783/1144/22 3779/1140/22
f 3782/1143/22 3780/1141/22 3784/1145/22
f 3780/1141/22 3781/1142/22 3784/1145/22
f 3784/1145/22 3785/1146/22 3782/1143/22
f 3783/1144/22 3782/1143/22 3785/1146/22
f 3785/1146/22 3786/1147/22 3783/1144/22
f 3787/1148/22 3784/1145/22 3781/1142/22
f 3788/1149/22 3787/1148/22 3781/1142/22
f 3789/1150/22 3787/1148/22 3788/1149/22
f 3784/1145/22 3787/1148/22 3790/1151/22
f 3785/1146/22 3784/1145/22 3790/1151/22
f 3786/1147/22 3785/1146/22 3791/1152/22
f 3790/1151/22 3791/1152/22 3785/1146/22
f 3786/1147/22 3791/1152/22 3792/1153/22
f 3793/1154/22 3790/1151/22 3787/1148/22
f 3787/1148/22 3789/1150/22 3793/1154/22
f 3794/1155/22 3793/1154/22 3789/1150/22
f 3791/1152/22 3790/1151/22 3795/1156/22
f 3790/1151/22 3793/1154/22 3795/1156/22
f 3792/1153/22 3791/1152/22 3795/1156/22
f 3794/1155/22 3795/1156/22 3793/1154/22
f 3795/1156/22 3794/1155/22 3796/1157/22
f 3795/1156/22 3796/1157/22 3792/1153/22
f 3797/1158/22 3796/1157/22 3794/1155/22
f 3792/1153/22 3796/1157/22 3797/1158/22
f 3798/647/2063 3799/155/2064 3800/145/2065
f 3799/155/2064 3798/647/2063 3801/1159/2066
f 3802/649/2067 3801/1159/2066 3798/647/2063
f 3803/131/2068 3802/649/2067 3804/134/2069
f 3801/1159/2066 3802/649/2067 3805/1160/2070
f 3805/1160/2070 3802/649/2067 3803/131/2068
f 3806/126/2071 3805/1160/2070 3803/131/2068
f 3806/126/2071 3807/1161/2072 3805/1160/2070
f 3807/1161/2072 3801/1159/2066 3805/1160/2070
f 3808/123/2073 3807/1161/2072 3806/126/2071
f 3801/1159/2066 3807/1161/2072 3809/1162/2074
f 3809/1162/2074 3799/155/2064 3801/1159/2066
f 3799/155/2064 3809/1162/2074 3810/153/2075
f 3809/1162/2074 3811/659/2076 3810/153/2075
f 3807/1161/2072 3808/123/2073 3812/1163/2077
f 3812/1163/2077 3809/1162/2074 3807/1161/2072
f 3809/1162/2074 3812/1163/2077 3813/1164/2078
f 3811/659/2076 3809/1162/2074 3813/1164/2078
f 3814/1165/2079 3811/659/2076 3813/1164/2078
f 3811/659/2076 3814/1165/2079 3815/661/2080
f 3816/663/2081 3815/661/2080 3814/1165/2079
f 3813/1164/2078 3817/1166/2082 3814/1165/2079
f 3816/663/2081 3814/1165/2079 3817/1166/2082
f 3817/1166/2082 3813/1164/2078 3812/1163/2077
f 3817/1166/2082 3818/939/2083 3816/663/2081
f 3819/1167/2084 3818/939/2083 3817/1166/2082
f 3819/1167/2084 3812/1163/2077 3808/123/2073
f 3812/1163/2077 3819/1167/2084 3817/1166/2082
f 3819/1167/2084 3820/115/2085 3818/939/2083
f 3820/115/2085 3819/1167/2084 3821/116/2086
f 3808/123/2073 3821/116/2086 3819/1167/2084
f 3822/931/22 3823/930/22 3824/1129/22
f 3824/1129/22 3823/930/22 3825/1130/22
f 3826/1131/22 3824/1129/22 3825/1130/22
f 3823/930/22 3827/1132/22 3825/1130/22
f 3826/1131/22 3825/1130/22 3827/1132/22
f 3827/1132/22 3823/930/22 3828/932/22
f 3829/933/22 3827/1132/22 3828/932/22
f 3830/1133/22 3826/1131/22 3827/1132/22
f 3831/1134/22 3826/1131/22 3830/1133/22
f 3832/1135/22 3827/1132/22 3829/933/22
f 3832/1135/22 3830/1133/22 3827/1132/22
f 3829/933/22 3833/33/22 3832/1135/22
f 3834/31/22 3832/1135/22 3833/33/22
f 3830/1133/22 3832/1135/22 3835/1136/22
f 3834/31/22 3835/1136/22 3832/1135/22
f 3835/1136/22 3834/31/22 3836/1137/22
f 3837/1138/22 3835/1136/22 3836/1137/22
f 3835/1136/22 3837/1138/22 3838/1139/22
f 3838/1139/22 3830/1133/22 3835/1136/22
f 3839/1140/22 3838/1139/22 3837/1138/22
f 3830/1133/22 3838/1139/22 3840/1141/22
f 3830/1133/22 3840/1141/22 3831/1134/22
f 3841/1142/22 3831/1134/22 3840/1141/22
f 3838/1139/22 3839/1140/22 3842/1143/22
f 3842/1143/22 3840/1141/22 3838/1139/22
f 3843/1144/22 3842/1143/22 3839/1140/22
f 3840/1141/22 3842/1143/22 3844/1145/22
f 3840/1141/22 3844/1145/22 3841/1142/22
f 3845/1146/22 3844/1145/22 3842/1143/22
f 3842/1143/22 3843/1144/22 3845/1146/22
f 3846/1147/22 3845/1146/22 3843/1144/22
f 3847/1148/22 3841/1142/22 3844/1145/22
f 3848/1149/22 3841/1142/22 3847/1148/22
f 3849/1150/22 3848/1149/22 3847/1148/22
f 3845/1146/22 3846/1147/22 3850/1152/22
f 3846/1147/22 3851/1153/22 3850/1152/22
f 3844/1145/22 3845/1146/22 3852/1151/22
f 3850/1152/22 3852/1151/22 3845/1146/22
f 3844/1145/22 3852/1151/22 3847/1148/22
f 3853/1154/22 3847/1148/22 3852/1151/22
f 3847/1148/22 3853/1154/22 3849/1150/22
f 3854/1155/22 3849/1150/22 3853/1154/22
f 3852/1151/22 3850/1152/22 3855/1156/22
f 3852/1151/22 3855/1156/22 3853/1154/22
f 3855/1156/22 3854/1155/22 3853/1154/22
f 3851/1153/22 3855/1156/22 3850/1152/22
f 3856/1157/22 3855/1156/22 3851/1153/22
f 3854/1155/22 3855/1156/22 3856/1157/22
f 3851/1153/22 3857/1158/22 3856/1157/22
f 3857/1158/22 3854/1155/22 3856/1157/22
f 3858/155/2087 3859/647/2088 3860/145/2089
f 3859/647/2088 3858/155/2087 3861/1159/2090
f 3861/1159/2090 3862/649/2091 3859/647/2088
f 3863/131/2092 3864/134/2093 3862/649/2091
f 3862/649/2091 3861/1159/2090 3865/1160/2094
f 3865/1160/2094 3863/131/2092 3862/649/2091
f 3866/126/2095 3863/131/2092 3865/1160/2094
f 3866/126/2095 3865/1160/2094 3867/1161/2096
f 3861/1159/2090 3867/1161/2096 3865/1160/2094
f 3868/123/2097 3866/126/2095 3867/1161/2096
f 3861/1159/2090 3869/1162/2098 3867/1161/2096
f 3858/155/2087 3869/1162/2098 3861/1159/2090
f 3858/155/2087 3870/153/2099 3869/1162/2098
f 3871/659/2100 3869/1162/2098 3870/153/2099
f 3867/1161/2096 3872/1163/2101 3868/123/2097
f 3872/1163/2101 3867/1161/2096 3869/1162/2098
f 3869/1162/2098 3873/1164/2102 3872/1163/2101
f 3869/1162/2098 3871/659/2100 3873/1164/2102
f 3871/659/2100 3874/1165/2103 3873/1164/2102
f 3874/1165/2103 3871/659/2100 3875/661/2104
f 3876/663/2105 3874/1165/2103 3875/661/2104
f 3877/1166/2106 3873/1164/2102 3874/1165/2103
f 3876/663/2105 3877/1166/2106 3874/1165/2103
f 3873/1164/2102 3877/1166/2106 3872/1163/2101
f 3877/1166/2106 3876/663/2105 3878/939/2107
f 3877/1166/2106 3878/939/2107 3879/1167/2108
f 3872/1163/2101 3879/1167/2108 3868/123/2097
f 3879/1167/2108 3872/1163/2101 3877/1166/2106
f 3880/115/2109 3879/1167/2108 3878/939/2107
f 3868/123/2097 3879/1167/2108 3881/116/2110
f 3879/1167/2108 3880/115/2109 3881/116/2110
f 3882/915/2111 3883/1168/2112 3884/917/2113
f 3883/1168/2112 3882/915/2111 3885/1169/2112
f 3886/913/2114 3885/1169/2112 3882/915/2111
f 3885/1169/2112 3887/1170/2115 3883/1168/2112
f 3883/1168/2112 3887/1170/2115 3888/1171/2116
f 3887/1170/2115 3889/1172/2117 3888/1171/2116
f 3885/1169/2112 3886/913/2114 3890/1173/2118
f 3891/911/2119 3890/1173/2118 3886/913/2114
f 3890/1173/2118 3892/1174/2120 3885/1169/2112
f 3885/1169/2112 3892/1174/2120 3887/1170/2115
f 3889/1172/2117 3887/1170/2115 3893/1175/2121
f 3892/1174/2120 3893/1175/2121 3887/1170/2115
f 3893/1175/2121 3894/1176/2122 3889/1172/2117
f 3890/1173/2118 3891/911/2119 3895/1177/2123
f 3896/909/2114 3895/1177/2123 3891/911/2119
f 3897/905/2124 3894/1176/2122 3898/903/2125
f 3895/1177/2123 3896/909/2114 3899/1178/2126
f 3900/906/2114 3899/1178/2126 3896/909/2114
f 3899/1178/2126 3900/906/2114 3901/1179/2127
f 3901/1179/2127 3902/1180/2128 3899/1178/2126
f 3894/1176/2122 3893/1175/2121 3903/1181/2129
f 3898/903/2125 3894/1176/2122 3903/1181/2129
f 3898/903/2125 3903/1181/2129 3904/901/2130
f 3893/1175/2121 3892/1174/2120 3905/1182/2131
f 3905/1182/2131 3903/1181/2129 3893/1175/2121
f 3903/1181/2129 3905/1182/2131 3906/1183/2132
f 3904/901/2130 3903/1181/2129 3906/1183/2132
f 3906/1183/2132 3907/899/2133 3904/901/2130
f 3908/1184/2134 3905/1182/2131 3892/1174/2120
f 3890/1173/2118 3908/1184/2134 3892/1174/2120
f 3895/1177/2123 3908/1184/2134 3890/1173/2118
f 3905/1182/2131 3908/1184/2134 3909/1185/2117
f 3909/1185/2117 3906/1183/2132 3905/1182/2131
f 3906/1183/2132 3909/1185/2117 3910/1186/2132
f 3907/899/2133 3906/1183/2132 3910/1186/2132
f 3907/899/2133 3910/1186/2132 3911/897/2120
f 3895/1177/2123 3912/1187/2135 3908/1184/2134
f 3912/1187/2135 3909/1185/2117 3908/1184/2134
f 3899/1178/2126 3912/1187/2135 3895/1177/2123
f 3899/1178/2126 3902/1180/2128 3912/1187/2135
f 3902/1180/2128 3913/1188/2136 3912/1187/2135
f 3913/1188/2136 3910/1186/2132 3909/1185/2117
f 3909/1185/2117 3912/1187/2135 3913/1188/2136
f 3913/1188/2136 3902/1180/2128 3914/1189/2137
f 3914/1189/2137 3915/1190/2132 3913/1188/2136
f 3911/897/2120 3910/1186/2132 3915/1190/2132
f 3910/1186/2132 3913/1188/2136 3915/1190/2132
f 3915/1190/2132 3914/1189/2137 3916/1191/2138
f 3917/895/2139 3915/1190/2132 3916/1191/2138
f 3911/897/2120 3915/1190/2132 3917/895/2139
f 3918/1168/2140 3919/915/2141 3920/917/2142
f 3919/915/2141 3918/1168/2140 3921/1169/2140
f 3921/1169/2140 3922/913/2142 3919/915/2141
f 3918/1168/2140 3923/1170/2143 3921/1169/2140
f 3918/1168/2140 3924/1171/2144 3923/1170/2143
f 3925/1172/2145 3923/1170/2143 3924/1171/2144
f 3922/913/2142 3921/1169/2140 3926/1173/2146
f 3926/1173/2146 3927/911/2142 3922/913/2142
f 3921/1169/2140 3928/1174/2147 3926/1173/2146
f 3921/1169/2140 3923/1170/2143 3928/1174/2147
f 3929/1175/2148 3928/1174/2147 3923/1170/2143
f 3923/1170/2143 3925/1172/2145 3929/1175/2148
f 3930/1176/2149 3929/1175/2148 3925/1172/2145
f 3930/1176/2149 3931/905/2150 3932/903/2151
f 3929/1175/2148 3930/1176/2149 3933/1181/2152
f 3932/903/2151 3933/1181/2152 3930/1176/2149
f 3933/1181/2152 3932/903/2151 3934/901/2153
f 3933/1181/2152 3935/1182/2154 3929/1175/2148
f 3928/1174/2147 3929/1175/2148 3935/1182/2154
f 3934/901/2153 3936/1183/2155 3933/1181/2152
f 3935/1182/2154 3933/1181/2152 3936/1183/2155
f 3937/899/2156 3936/1183/2155 3934/901/2153
f 3926/1173/2146 3928/1174/2147 3938/1184/2157
f 3935/1182/2154 3938/1184/2157 3928/1174/2147
f 3938/1184/2157 3935/1182/2154 3939/1185/2145
f 3936/1183/2155 3939/1185/2145 3935/1182/2154
f 3936/1183/2155 3937/899/2156 3940/1186/2155
f 3939/1185/2145 3936/1183/2155 3940/1186/2155
f 3940/1186/2155 3937/899/2156 3941/897/2147
f 3927/911/2142 3926/1173/2146 3942/1177/2158
f 3926/1173/2146 3938/1184/2157 3942/1177/2158
f 3942/1177/2158 3943/909/2142 3927/911/2142
f 3942/1177/2158 3938/1184/2157 3944/1187/2159
f 3939/1185/2145 3944/1187/2159 3938/1184/2157
f 3943/909/2142 3942/1177/2158 3945/1178/2160
f 3942/1177/2158 3944/1187/2159 3945/1178/2160
f 3945/1178/2160 3946/906/2161 3943/909/2142
f 3946/906/2161 3945/1178/2160 3947/1179/2162
f 3945/1178/2160 3944/1187/2159 3948/1180/2163
f 3945/1178/2160 3948/1180/2163 3947/1179/2162
f 3944/1187/2159 3939/1185/2145 3949/1188/2164
f 3949/1188/2164 3948/1180/2163 3944/1187/2159
f 3940/1186/2155 3949/1188/2164 3939/1185/2145
f 3948/1180/2163 3949/1188/2164 3950/1189/2149
f 3951/1190/2155 3950/1189/2149 3949/1188/2164
f 3941/897/2147 3951/1190/2155 3940/1186/2155
f 3949/1188/2164 3940/1186/2155 3951/1190/2155
f 3950/1189/2149 3951/1190/2155 3952/1191/2165
f 3953/895/2166 3952/1191/2165 3951/1190/2155
f 3951/1190/2155 3941/897/2147 3953/895/2166
f 3954/1103/2167 3955/1192/2168 3956/1107/2169
f 3954/1103/2167 3957/1090/2170 3955/1192/2168
f 3955/1192/2168 3958/1193/2171 3956/1107/2169
f 3959/1194/2172 3958/1193/2171 3955/1192/2168
f 3959/1194/2172 3955/1192/2168 3957/1090/2170
f 3960/1088/2173 3959/1194/2172 3957/1090/2170
f 3961/1195/2174 3958/1193/2171 3959/1194/2172
f 3960/1088/2173 3961/1195/2174 3959/1194/2172
f 3962/1121/2175 3963/1124/2176 3964/1196/2177
f 3965/1117/2178 3962/1121/2175 3964/1196/2177
f 3964/1196/2177 3963/1124/2176 3966/1197/2179
f 3967/1198/2180 3964/1196/2177 3966/1197/2179
f 3964/1196/2177 3967/1198/2180 3965/1117/2178
f 3968/1116/2181 3965/1117/2178 3967/1198/2180
f 3968/1116/2181 3967/1198/2180 3969/1199/2182
f 3966/1197/2179 3969/1199/2182 3967/1198/2180
f 3970/1200/2183 3971/1201/71 3972/1058/2184
f 3973/1052/2185 3970/1200/2183 3972/1058/2184
f 3970/1200/2183 3974/1202/2186 3971/1201/71
f 3973/1052/2185 3975/1203/2187 3970/1200/2183
f 3974/1202/2186 3970/1200/2183 3975/1203/2187
f 3975/1203/2187 3973/1052/2185 3976/1049/2188
f 3975/1203/2187 3977/1204/2189 3974/1202/2186
f 3977/1204/2189 3975/1203/2187 3978/1205/2190
f 3976/1049/2188 3978/1205/2190 3975/1203/2187
f 3978/1205/2190 3976/1049/2188 3979/1040/2191
f 3980/1037/2192 3977/1204/2189 3978/1205/2190
f 3980/1037/2192 3978/1205/2190 3979/1040/2191
f 3981/1200/2193 3982/1058/2194 3983/1201/343
f 3984/1052/2195 3982/1058/2194 3981/1200/2193
f 3985/1202/2196 3981/1200/2193 3983/1201/343
f 3981/1200/2193 3985/1202/2196 3986/1203/2197
f 3986/1203/2197 3984/1052/2195 3981/1200/2193
f 3984/1052/2195 3986/1203/2197 3987/1049/2198
f 3988/1204/2199 3986/1203/2197 3985/1202/2196
f 3986/1203/2197 3988/1204/2199 3989/1205/2200
f 3989/1205/2200 3987/1049/2198 3986/1203/2197
f 3987/1049/2198 3989/1205/2200 3990/1040/2201
f 3991/1037/2202 3990/1040/2201 3989/1205/2200
f 3991/1037/2202 3989/1205/2200 3988/1204/2199
f 3992/1206/2203 3993/1207/2204 3994/1208/2205
f 3994/1208/2205 3995/1209/2206 3992/1206/2203
f 3994/1208/2205 3993/1207/2204 3996/1210/2207
f 3995/1209/2206 3994/1208/2205 3997/1211/2208
f 3995/1209/2206 3997/1211/2208 3998/1212/2209
f 3999/1213/2210 3998/1212/2209 3997/1211/2208
f 3996/1210/2207 4000/1214/2211 3994/1208/2205
f 4000/1214/2211 3997/1211/2208 3994/1208/2205
f 3996/1210/2207 4001/1215/2212 4000/1214/2211
f 4002/1216/2213 4000/1214/2211 4001/1215/2212
f 3997/1211/2208 4000/1214/2211 4003/1217/2214
f 3999/1213/2210 3997/1211/2208 4003/1217/2214
f 3999/1213/2210 4003/1217/2214 4004/1218/2215
f 4000/1214/2211 4002/1216/2213 4005/1219/2216
f 4005/1219/2216 4003/1217/2214 4000/1214/2211
f 4005/1219/2216 4002/1216/2213 4006/1220/2217
f 4006/1220/2217 4007/1221/2218 4005/1219/2216
f 4003/1217/2214 4005/1219/2216 4008/1222/2219
f 4008/1222/2219 4005/1219/2216 4007/1221/2218
f 4004/1218/2215 4003/1217/2214 4008/1222/2219
f 4004/1218/2215 4008/1222/2219 4009/1223/2220
f 4008/1222/2219 4010/1224/2221 4009/1223/2220
f 4010/1224/2221 4008/1222/2219 4007/1221/2218
f 4011/1206/2222 4012/1208/2223 4013/1207/2224
f 4012/1208/2223 4011/1206/2222 4014/1209/2225
f 4012/1208/2223 4015/1210/2226 4013/1207/2224
f 4014/1209/2225 4016/1211/2227 4012/1208/2223
f 4017/1212/2228 4016/1211/2227 4014/1209/2225
f 4016/1211/2227 4017/1212/2228 4018/1213/2229
f 4016/1211/2227 4019/1214/2230 4012/1208/2223
f 4015/1210/2226 4012/1208/2223 4019/1214/2230
f 4015/1210/2226 4019/1214/2230 4020/1215/2231
f 4019/1214/2230 4021/1216/2232 4020/1215/2231
f 4018/1213/2229 4022/1217/2233 4016/1211/2227
f 4019/1214/2230 4016/1211/2227 4022/1217/2233
f 4022/1217/2233 4018/1213/2229 4023/1218/2234
f 4022/1217/2233 4024/1219/2235 4019/1214/2230
f 4021/1216/2232 4019/1214/2230 4024/1219/2235
f 4024/1219/2235 4025/1220/2236 4021/1216/2232
f 4025/1220/2236 4024/1219/2235 4026/1221/2237
f 4023/1218/2234 4027/1222/2238 4022/1217/2233
f 4024/1219/2235 4022/1217/2233 4027/1222/2238
f 4027/1222/2238 4026/1221/2237 4024/1219/2235
f 4027/1222/2238 4023/1218/2234 4028/1223/2239
f 4029/1224/2240 4027/1222/2238 4028/1223/2239
f 4027/1222/2238 4029/1224/2240 4026/1221/2237
f 4030/1225/2241 4031/1226/2242 4032/1227/2243
f 4031/1226/2242 4030/1225/2241 4033/1228/2244
f 4031/1226/2242 4034/1229/2245 4032/1227/2243
f 4033/1228/2244 4035/1230/2246 4031/1226/2242
f 4035/1230/2246 4033/1228/2244 4036/1231/2247
f 4031/1226/2242 4035/1230/2246 4037/1232/2248
f 4034/1229/2245 4031/1226/2242 4037/1232/2248
f 4037/1232/2248 4038/532/2249 4034/1229/2245
f 4035/1230/2246 4036/1231/2247 4039/1233/2250
f 4038/532/2249 4037/1232/2248 4040/529/2251
f 4037/1232/2248 4035/1230/2246 4041/1234/2252
f 4037/1232/2248 4041/1234/2252 4040/529/2251
f 4042/527/2253 4040/529/2251 4041/1234/2252
f 4041/1234/2252 4043/525/2254 4042/527/2253
f 4043/525/2254 4041/1234/2252 4044/1235/2255
f 4035/1230/2246 4044/1235/2255 4041/1234/2252
f 4044/1235/2255 4045/523/2256 4043/525/2254
f 4045/523/2256 4044/1235/2255 4046/1236/2257
f 4047/1237/2258 4046/1236/2257 4044/1235/2255
f 4035/1230/2246 4039/1233/2250 4047/1237/2258
f 4044/1235/2255 4035/1230/2246 4047/1237/2258
f 4047/1237/2258 4048/1238/2259 4046/1236/2257
f 4039/1233/2250 4049/1239/2260 4047/1237/2258
f 4047/1237/2258 4049/1239/2260 4048/1238/2259
f 4050/1226/2261 4051/1225/2262 4052/1227/2263
f 4053/1229/2264 4050/1226/2261 4052/1227/2263
f 4051/1225/2262 4050/1226/2261 4054/1228/2265
f 4050/1226/2261 4053/1229/2264 4055/1232/2266
f 4056/532/2267 4055/1232/2266 4053/1229/2264
f 4055/1232/2266 4056/532/2267 4057/529/2268
f 4055/1232/2266 4058/1230/2269 4050/1226/2261
f 4058/1230/2269 4054/1228/2265 4050/1226/2261
f 4054/1228/2265 4058/1230/2269 4059/1231/2270
f 4058/1230/2269 4060/1233/2250 4059/1231/2270
f 4057/529/2268 4061/1234/2271 4055/1232/2266
f 4055/1232/2266 4061/1234/2271 4058/1230/2269
f 4057/529/2268 4062/527/2272 4061/1234/2271
f 4063/525/2273 4061/1234/2271 4062/527/2272
f 4064/1235/2274 4058/1230/2269 4061/1234/2271
f 4061/1234/2271 4063/525/2273 4064/1235/2274
f 4065/523/2275 4064/1235/2274 4063/525/2273
f 4064/1235/2274 4065/523/2275 4066/1236/2276
f 4058/1230/2269 4064/1235/2274 4067/1237/2277
f 4064/1235/2274 4066/1236/2276 4067/1237/2277
f 4060/1233/2250 4058/1230/2269 4067/1237/2277
f 4067/1237/2277 4066/1236/2276 4068/1238/2278
f 4069/1239/2279 4067/1237/2277 4068/1238/2278
f 4067/1237/2277 4069/1239/2279 4060/1233/2250
f 4070/1240/2280 4071/1241/2280 4072/1242/2281
f 4070/1240/2280 4073/1243/2282 4071/1241/2280
f 4074/1244/2283 4070/1240/2280 4072/1242/2281
f 4073/1243/2282 4070/1240/2280 4075/1245/2284
f 4076/1246/2285 4074/1244/2283 4072/1242/2281
f 4077/1247/2286 4073/1243/2282 4075/1245/2284
f 4074/1244/2283 4076/1246/2285 4078/1248/2287
f 4073/1243/2282 4077/1247/2286 4079/1249/2286
f 4080/1250/2288 4078/1248/2287 4076/1246/2285
f 4077/1247/2286 4081/1251/2289 4079/1249/2286
f 4078/1248/2287 4080/1250/2288 4082/1252/2290
f 4081/1251/2289 4077/1247/2286 4083/1253/2291
f 4080/1250/2288 4084/1254/2292 4082/1252/2290
f 4083/1253/2291 4085/1255/2293 4081/1251/2289
f 4084/1254/2292 4080/1250/2288 4086/1256/2294
f 4085/1255/2293 4083/1253/2291 4087/1257/2295
f 4084/1254/2292 4086/1256/2294 4088/1258/2296
f 4087/1257/2295 4089/1259/2297 4085/1255/2293
f 4090/1260/2298 4084/1254/2292 4088/1258/2296
f 4085/1255/2293 4089/1259/2297 4091/1261/2299
f 4088/1258/2296 4092/1262/2300 4090/1260/2298
f 4089/1259/2297 4093/1263/2301 4091/1261/2299
f 4092/1262/2300 4088/1258/2296 4093/1263/2301
f 4093/1263/2301 4089/1259/2297 4092/1262/2300
f 4094/1264/2302 4095/1265/2303 4096/1266/2304
f 4094/1264/2302 4097/1267/2305 4095/1265/2303
f 4098/1268/2306 4094/1264/2302 4096/1266/2304
f 4097/1267/2305 4094/1264/2302 4099/1269/2307
f 4100/1270/2308 4098/1268/2306 4096/1266/2304
f 4099/1269/2307 4101/1271/2309 4097/1267/2305
f 4098/1268/2306 4100/1270/2308 4102/1272/2308
f 4101/1271/2309 4099/1269/2307 4103/1273/2310
f 4100/1270/2308 4104/1274/2311 4102/1272/2308
f 4105/1275/2312 4101/1271/2309 4103/1273/2310
f 4104/1274/2311 4100/1270/2308 4106/1276/2311
f 4101/1271/2309 4105/1275/2312 4107/1277/2312
f 4108/1278/2313 4104/1274/2311 4106/1276/2311
f 4105/1275/2312 4109/1279/2314 4107/1277/2312
f 4104/1274/2311 4108/1278/2313 4110/1280/2313
f 4109/1279/2314 4105/1275/2312 4111/1281/2315
f 4108/1278/2313 4112/1282/2316 4110/1280/2313
f 4111/1281/2315 4113/1283/2317 4109/1279/2314
f 4112/1282/2316 4108/1278/2313 4114/1284/2318
f 4109/1279/2314 4113/1283/2317 4115/1285/2319
f 4116/1286/2320 4115/1285/2319 4113/1283/2317
f 4114/1284/2318 4116/1286/2320 4112/1282/2316
f 4115/1285/2319 4116/1286/2320 4117/1287/2321
f 4116/1286/2320 4114/1284/2318 4117/1287/2321
f 4118/1251/2322 4119/1288/2322 4120/1255/2323
f 4121/1249/2324 4119/1288/2322 4118/1251/2322
f 4122/1289/2325 4120/1255/2323 4119/1288/2322
f 4119/1288/2322 4121/1249/2324 4123/1290/2326
f 4124/1261/2327 4120/1255/2323 4122/1289/2325
f 4121/1249/2324 4125/1291/2328 4123/1290/2326
f 4126/1292/2329 4124/1261/2327 4122/1289/2325
f 4125/1291/2328 4121/1249/2324 4127/1243/2328
f 4128/1293/2330 4124/1261/2327 4126/1292/2329
f 4129/1241/2331 4125/1291/2328 4127/1243/2328
f 4124/1261/2327 4128/1293/2330 4130/1263/2332
f 4125/1291/2328 4129/1241/2331 4131/1294/2333
f 4132/1295/2334 4130/1263/2332 4128/1293/2330
f 4133/1242/2335 4131/1294/2333 4129/1241/2331
f 4130/1263/2332 4132/1295/2334 4134/1258/2334
f 4131/1294/2333 4133/1242/2335 4135/1296/2336
f 4132/1295/2334 4136/1256/2337 4134/1258/2334
f 4133/1242/2335 4137/1297/2338 4135/1296/2336
f 4136/1256/2337 4132/1295/2334 4138/1298/2339
f 4137/1297/2338 4133/1242/2335 4139/1246/2340
f 4140/1299/2341 4136/1256/2337 4138/1298/2339
f 4141/1250/2342 4137/1297/2338 4139/1246/2340
f 4136/1256/2337 4140/1299/2341 4141/1250/2342
f 4137/1297/2338 4141/1250/2342 4140/1299/2341
f 4142/1282/2343 4143/1278/2344 4144/1280/2344
f 4145/1274/2345 4144/1280/2344 4143/1278/2344
f 4143/1278/2344 4142/1282/2343 4146/1284/2346
f 4145/1274/2345 4143/1278/2344 4147/1276/2345
f 4148/1286/2347 4146/1284/2346 4142/1282/2343
f 4149/1270/2348 4145/1274/2345 4147/1276/2345
f 4146/1284/2346 4148/1286/2347 4150/1287/2349
f 4145/1274/2345 4149/1270/2348 4151/1272/2350
f 4152/1285/2351 4150/1287/2349 4148/1286/2347
f 4149/1270/2348 4153/1268/2352 4151/1272/2350
f 4148/1286/2347 4154/1283/2353 4152/1285/2351
f 4153/1268/2352 4149/1270/2348 4155/1266/2354
f 4154/1283/2353 4156/1279/2355 4152/1285/2351
f 4155/1266/2354 4157/1264/2356 4153/1268/2352
f 4154/1283/2353 4158/1281/2357 4156/1279/2355
f 4157/1264/2356 4155/1266/2354 4159/1265/2358
f 4160/1275/2359 4156/1279/2355 4158/1281/2357
f 4161/1267/2360 4157/1264/2356 4159/1265/2358
f 4156/1279/2355 4160/1275/2359 4162/1277/2359
f 4157/1264/2356 4161/1267/2360 4163/1269/2361
f 4164/1271/2362 4163/1269/2361 4161/1267/2360
f 4160/1275/2359 4164/1271/2362 4162/1277/2359
f 4163/1269/2361 4164/1271/2362 4165/1273/2362
f 4164/1271/2362 4160/1275/2359 4165/1273/2362
f 4166/1291/2363 4167/1241/2364 4168/1243/2363
f 4166/1291/2363 4168/1243/2363 4169/1249/2365
f 4167/1241/2364 4166/1291/2363 4170/1294/2366
f 4166/1291/2363 4169/1249/2365 4171/1290/2365
f 4170/1294/2366 4172/1242/2367 4167/1241/2364
f 4169/1249/2365 4173/1288/2368 4171/1290/2365
f 4172/1242/2367 4170/1294/2366 4174/1296/2369
f 4173/1288/2368 4169/1249/2365 4175/1251/2370
f 4176/1297/2371 4172/1242/2367 4174/1296/2369
f 4175/1251/2370 4177/1255/2372 4173/1288/2368
f 4176/1297/2371 4178/1246/2371 4172/1242/2367
f 4177/1255/2372 4179/1289/2373 4173/1288/2368
f 4176/1297/2371 4180/1250/2374 4178/1246/2371
f 4181/1261/2375 4179/1289/2373 4177/1255/2372
f 4180/1250/2374 4176/1297/2371 4182/1299/2376
f 4179/1289/2373 4181/1261/2375 4183/1292/2377
f 4182/1299/2376 4184/1256/2378 4180/1250/2374
f 4181/1261/2375 4185/1293/2379 4183/1292/2377
f 4184/1256/2378 4182/1299/2376 4186/1298/2378
f 4185/1293/2379 4181/1261/2375 4187/1263/2380
f 4188/1295/2381 4184/1256/2378 4186/1298/2378
f 4187/1263/2380 4188/1295/2381 4185/1293/2379
f 4188/1295/2381 4187/1263/2380 4189/1258/2381
f 4188/1295/2381 4189/1258/2381 4184/1256/2378
f 4190/1300/2382 4191/1301/2383 4192/1302/2382
f 4192/1302/2382 4193/1303/2384 4190/1300/2382
f 4191/1301/2383 4190/1300/2382 4194/1304/2385
f 4193/1303/2384 4195/1305/2386 4190/1300/2382
f 4194/1304/2385 4196/1306/2387 4191/1301/2383
f 4197/1307/2388 4195/1305/2386 4193/1303/2384
f 4196/1306/2387 4194/1304/2385 4198/1308/2389
f 4195/1305/2386 4197/1307/2388 4199/1309/2390
f 4198/1308/2389 4200/1310/2391 4196/1306/2387
f 4197/1307/2388 4201/1311/2392 4199/1309/2390
f 4200/1310/2391 4198/1308/2389 4202/1312/2393
f 4201/1311/2392 4197/1307/2388 4203/1313/2394
f 4202/1312/2393 4204/1314/2395 4200/1310/2391
f 4203/1313/2394 4205/1315/2396 4201/1311/2392
f 4204/1314/2395 4202/1312/2393 4206/1316/2397
f 4205/1315/2396 4203/1313/2394 4207/1317/2396
f 4206/1316/2397 4208/1318/2398 4204/1314/2395
f 4207/1317/2396 4209/1319/2399 4205/1315/2396
f 4208/1318/2398 4206/1316/2397 4210/1320/2398
f 4209/1319/2399 4211/1321/2399 4205/1315/2396
f 4209/1319/2399 4212/1322/2400 4211/1321/2399
f 4210/1320/2398 4212/1322/2400 4208/1318/2398
f 4208/1318/2398 4212/1322/2400 4213/1323/2400
f 4212/1322/2400 4209/1319/2399 4213/1323/2400
f 4214/1324/2401 4215/1325/2402 4216/1326/2401
f 4217/1327/2403 4214/1324/2401 4216/1326/2401
f 4215/1325/2402 4214/1324/2401 4218/1328/2404
f 4219/1329/2405 4214/1324/2401 4217/1327/2403
f 4218/1328/2404 4220/1330/2406 4215/1325/2402
f 4221/1331/2407 4219/1329/2405 4217/1327/2403
f 4220/1330/2406 4218/1328/2404 4222/1332/2408
f 4223/1333/2407 4219/1329/2405 4221/1331/2407
f 4222/1332/2408 4224/1334/2409 4220/1330/2406
f 4221/1331/2407 4225/1335/2410 4223/1333/2407
f 4224/1334/2409 4222/1332/2408 4226/1336/2411
f 4225/1335/2410 4221/1331/2407 4227/1337/2412
f 4226/1336/2411 4228/1338/2413 4224/1334/2409
f 4229/1339/2414 4225/1335/2410 4227/1337/2412
f 4228/1338/2413 4226/1336/2411 4230/1340/2415
f 4225/1335/2410 4229/1339/2414 4231/1341/2416
f 4230/1340/2415 4232/1342/2417 4228/1338/2413
f 4229/1339/2414 4233/1343/2418 4231/1341/2416
f 4232/1342/2417 4230/1340/2415 4234/1344/2417
f 4233/1343/2418 4229/1339/2414 4235/1345/2419
f 4235/1345/2419 4236/1346/2420 4233/1343/2418
f 4232/1342/2417 4234/1344/2417 4236/1346/2420
f 4236/1346/2420 4235/1345/2419 4237/1347/2421
f 4237/1347/2421 4232/1342/2417 4236/1346/2420
f 4238/1251/2422 4239/1247/2423 4240/1249/2424
f 4241/1243/2425 4240/1249/2424 4239/1247/2423
f 4239/1247/2423 4238/1251/2422 4242/1253/2426
f 4239/1247/2423 4243/1245/2427 4241/1243/2425
f 4244/1255/2428 4242/1253/2426 4238/1251/2422
f 4245/1240/2429 4241/1243/2425 4243/1245/2427
f 4242/1253/2426 4244/1255/2428 4246/1257/2430
f 4241/1243/2425 4245/1240/2429 4247/1241/2431
f 4248/1259/2432 4246/1257/2430 4244/1255/2428
f 4245/1240/2429 4249/1242/2433 4247/1241/2431
f 4248/1259/2432 4244/1255/2428 4250/1261/2434
f 4249/1242/2433 4245/1240/2429 4251/1244/2435
f 4252/1263/2436 4248/1259/2432 4250/1261/2434
f 4251/1244/2435 4253/1246/2437 4249/1242/2433
f 4248/1259/2432 4252/1263/2436 4254/1262/2438
f 4253/1246/2437 4251/1244/2435 4255/1248/2439
f 4256/1258/2440 4254/1262/2438 4252/1263/2436
f 4257/1250/2441 4253/1246/2437 4255/1248/2439
f 4254/1262/2438 4256/1258/2440 4258/1260/2442
f 4255/1248/2439 4259/1252/2441 4257/1250/2441
f 4260/1254/2443 4257/1250/2441 4259/1252/2441
f 4256/1258/2440 4260/1254/2443 4258/1260/2442
f 4260/1254/2443 4256/1258/2440 4261/1256/2443
f 4257/1250/2441 4260/1254/2443 4261/1256/2443
f 4262/1301/2444 4263/1300/2445 4264/1302/2445
f 4263/1300/2445 4265/1303/2446 4264/1302/2445
f 4263/1300/2445 4262/1301/2444 4266/1304/2447
f 4265/1303/2446 4263/1300/2445 4267/1305/2448
f 4268/1306/2449 4266/1304/2447 4262/1301/2444
f 4267/1305/2448 4269/1307/2450 4265/1303/2446
f 4266/1304/2447 4268/1306/2449 4270/1308/2451
f 4267/1305/2448 4271/1309/2452 4269/1307/2450
f 4272/1310/2453 4270/1308/2451 4268/1306/2449
f 4273/1311/2454 4269/1307/2450 4271/1309/2452
f 4270/1308/2451 4272/1310/2453 4274/1312/181
f 4269/1307/2450 4273/1311/2454 4275/1313/2455
f 4276/1314/2456 4274/1312/181 4272/1310/2453
f 4277/1315/2457 4275/1313/2455 4273/1311/2454
f 4274/1312/181 4276/1314/2456 4278/1316/2458
f 4275/1313/2455 4277/1315/2457 4279/1317/2457
f 4280/1318/2459 4278/1316/2458 4276/1314/2456
f 4277/1315/2457 4281/1319/2460 4279/1317/2457
f 4278/1316/2458 4280/1318/2459 4282/1320/2459
f 4281/1319/2460 4277/1315/2457 4283/1321/2460
f 4284/1322/2461 4281/1319/2460 4283/1321/2460
f 4284/1322/2461 4282/1320/2459 4280/1318/2459
f 4281/1319/2460 4284/1322/2461 4285/1323/2461
f 4284/1322/2461 4280/1318/2459 4285/1323/2461
f 4286/1325/2462 4287/1324/2463 4288/1326/2464
f 4287/1324/2463 4289/1327/2465 4288/1326/2464
f 4287/1324/2463 4286/1325/2462 4290/1328/2466
f 4287/1324/2463 4291/1329/2467 4289/1327/2465
f 4292/1330/2468 4290/1328/2466 4286/1325/2462
f 4293/1331/2469 4289/1327/2465 4291/1329/2467
f 4290/1328/2466 4292/1330/2468 4294/1332/2470
f 4293/1331/2469 4291/1329/2467 4295/1333/2469
f 4296/1334/2471 4294/1332/2470 4292/1330/2468
f 4297/1335/2472 4293/1331/2469 4295/1333/2469
f 4294/1332/2470 4296/1334/2471 4298/1336/2473
f 4293/1331/2469 4297/1335/2472 4299/1337/2472
f 4300/1338/2474 4298/1336/2473 4296/1334/2471
f 4297/1335/2472 4301/1339/2475 4299/1337/2472
f 4298/1336/2473 4300/1338/2474 4302/1340/2476
f 4297/1335/2472 4303/1341/2475 4301/1339/2475
f 4304/1342/2477 4302/1340/2476 4300/1338/2474
f 4305/1343/2478 4301/1339/2475 4303/1341/2475
f 4302/1340/2476 4304/1342/2477 4306/1344/2477
f 4301/1339/2475 4305/1343/2478 4307/1345/2479
f 4308/1346/2480 4307/1345/2479 4305/1343/2478
f 4304/1342/2477 4308/1346/2480 4306/1344/2477
f 4308/1346/2480 4304/1342/2477 4309/1347/2481
f 4307/1345/2479 4308/1346/2480 4309/1347/2481
f 4310/1348/833 4311/1349/833 4312/1350/833
f 4313/1351/833 4311/1349/833 4310/1348/833
f 4312/1350/833 4311/1349/833 4314/1352/833
f 4315/1353/833 4311/1349/833 4313/1351/833
f 4314/1352/833 4311/1349/833 4316/1354/833
f 4317/1355/833 4311/1349/833 4315/1353/833
f 4316/1354/833 4311/1349/833 4318/1356/833
f 4319/1357/833 4311/1349/833 4317/1355/833
f 4318/1356/833 4311/1349/833 4320/1358/833
f 4321/1359/833 4311/1349/833 4319/1357/833
f 4322/1360/833 4311/1349/833 4321/1359/833
f 4320/1358/833 4311/1349/833 4322/1360/833
f 4323/1291/2482 4324/1361/833 4325/1294/2483
f 4326/1290/2484 4324/1361/833 4323/1291/2482
f 4325/1294/2483 4324/1361/833 4327/1296/2485
f 4328/1288/2486 4324/1361/833 4326/1290/2484
f 4327/1296/2485 4324/1361/833 4329/1297/2487
f 4330/1289/2488 4324/1361/833 4328/1288/2486
f 4329/1297/2487 4324/1361/833 4331/1299/2489
f 4332/1292/2490 4324/1361/833 4330/1289/2488
f 4331/1299/2489 4324/1361/833 4333/1298/2491
f 4334/1293/2492 4324/1361/833 4332/1292/2490
f 4333/1298/2491 4324/1361/833 4335/1295/2493
f 4335/1295/2493 4324/1361/833 4334/1293/2492
f 4336/1348/902 4337/1350/902 4338/1349/902
f 4339/1351/902 4336/1348/902 4338/1349/902
f 4337/1350/902 4340/1352/902 4338/1349/902
f 4341/1353/902 4339/1351/902 4338/1349/902
f 4340/1352/902 4342/1354/902 4338/1349/902
f 4343/1355/902 4341/1353/902 4338/1349/902
f 4342/1354/902 4344/1356/902 4338/1349/902
f 4345/1357/902 4343/1355/902 4338/1349/902
f 4344/1356/902 4346/1358/902 4338/1349/902
f 4347/1359/902 4345/1357/902 4338/1349/902
f 4348/1360/902 4347/1359/902 4338/1349/902
f 4346/1358/902 4348/1360/902 4338/1349/902
f 4349/1291/2494 4350/1294/2495 4351/1361/902
f 4352/1290/2496 4349/1291/2494 4351/1361/902
f 4350/1294/2495 4353/1296/2497 4351/1361/902
f 4354/1288/2498 4352/1290/2496 4351/1361/902
f 4353/1296/2497 4355/1297/2499 4351/1361/902
f 4356/1289/2500 4354/1288/2498 4351/1361/902
f 4355/1297/2499 4357/1299/2501 4351/1361/902
f 4358/1292/2502 4356/1289/2500 4351/1361/902
f 4357/1299/2501 4359/1298/2503 4351/1361/902
f 4360/1293/2504 4358/1292/2502 4351/1361/902
f 4361/1295/2505 4360/1293/2504 4351/1361/902
f 4359/1298/2503 4361/1295/2505 4351/1361/902
