# Blender 5.2.2 LTS
# www.blender.org
mtllib RightHand.mtl
o RightHand
v -1.289815 -11.078126 -11.247999
v 0.096389 -5.796075 -10.819111
v 3.358764 -10.514802 -11.072151
v 3.358764 -10.514802 -11.072151
v 2.346961 -12.900002 -11.248001
v -1.289815 -11.078126 -11.247999
v 4.307147 -6.901124 -10.819111
v 3.358764 -10.514802 -11.072151
v 0.096389 -5.796075 -10.819111
v 1.469386 -13.189645 -11.273056
v -1.289815 -11.078126 -11.247999
v 2.346961 -12.900002 -11.248001
v 3.358764 -10.514802 -11.072151
v 3.972136 -10.722787 -7.515668
v 2.768764 -13.010690 -7.586658
v 2.346961 -12.900002 -11.248001
v 3.358764 -10.514802 -11.072151
v 2.768764 -13.010690 -7.586658
v 3.601108 -5.066339 -10.136913
v 4.307147 -6.901124 -10.819111
v 0.096389 -5.796075 -10.819111
v 0.501445 -4.252671 -10.136905
v 3.601108 -5.066339 -10.136913
v 0.096389 -5.796075 -10.819111
v 4.509509 -8.675164 -7.515666
v 3.358764 -10.514802 -11.072151
v 4.307147 -6.901124 -10.819111
v 3.601108 -5.066339 -8.947795
v 0.096389 -5.796075 -7.515665
v 4.550384 -6.965005 -7.515666
v 0.501418 -4.252793 -8.947794
v 0.096389 -5.796075 -7.515665
v 3.601108 -5.066339 -8.947795
v 0.501567 -4.252160 1.792754
v 3.601302 -5.065705 1.792753
v 0.096389 -5.796090 0.360621
v 3.576686 -6.709435 0.360620
v 0.096389 -5.796090 0.360621
v 3.601302 -5.065705 1.792753
v 3.576686 -6.709435 3.664114
v 3.601302 -5.065705 2.981872
v 0.096377 -5.796090 3.664115
v 0.501544 -4.252358 2.981885
v 0.096377 -5.796090 3.664115
v 3.601302 -5.065705 2.981872
v 0.096377 -5.796090 3.664115
v -1.289815 -11.078134 4.092997
v 2.628295 -10.323113 3.917143
v 1.310973 -13.792802 4.103934
v -1.289815 -11.078134 4.092997
v -2.780438 -16.758080 3.983832
v 0.319392 -17.571573 3.983831
v 1.310973 -13.792802 4.103934
v -2.780438 -16.758080 3.983832
v -2.665814 -16.321312 -11.149065
v -1.289815 -11.078126 -11.247999
v 1.469386 -13.189645 -11.273056
v 1.469386 -13.189645 -7.606877
v 2.346961 -12.900002 -11.248001
v 2.768764 -13.010690 -7.586658
v 1.469386 -13.189645 -11.273056
v 2.346961 -12.900002 -11.248001
v 1.469386 -13.189645 -7.606877
v 4.307147 -6.901124 -10.819111
v 3.601108 -5.066339 -8.947795
v 4.550384 -6.965005 -7.515666
v 4.307147 -6.901124 -10.819111
v 3.601108 -5.066339 -10.136913
v 3.601108 -5.066339 -8.947795
v 4.550384 -6.965005 -7.515666
v 4.509509 -8.675164 -7.515666
v 4.307147 -6.901124 -10.819111
v 3.972136 -10.722787 -7.515668
v 3.358764 -10.514802 -11.072151
v 4.509509 -8.675164 -7.515666
v 4.550384 -6.965005 -7.515666
v 0.096389 -5.796075 -7.515665
v 4.550384 -6.965005 -4.643249
v 2.628295 -10.323113 3.917143
v 3.576686 -6.709435 3.664114
v 0.096377 -5.796090 3.664115
v 2.628295 -10.323113 3.917143
v -1.289815 -11.078134 4.092997
v 2.024585 -13.460114 4.115317
v 2.024585 -13.460114 4.115317
v -1.289815 -11.078134 4.092997
v 1.310973 -13.792802 4.103934
v 1.469386 -13.189645 -11.273056
v 0.434016 -17.134836 -11.149065
v -2.665814 -16.321312 -11.149065
v 3.972136 -10.722787 -7.515668
v 3.809741 -10.633157 -3.677713
v 2.768764 -13.010705 -4.158408
v 2.768764 -13.010690 -7.586658
v 3.972136 -10.722787 -7.515668
v 2.768764 -13.010705 -4.158408
v 4.550384 -6.965005 -4.643249
v 4.411727 -8.649507 -4.182605
v 4.509509 -8.675164 -7.515666
v 4.509509 -8.675164 -7.515666
v 4.550384 -6.965005 -7.515666
v 4.550384 -6.965005 -4.643249
v 3.972136 -10.722787 -7.515668
v 4.411727 -8.649507 -4.182605
v 3.809741 -10.633157 -3.677713
v 3.972136 -10.722787 -7.515668
v 4.509509 -8.675164 -7.515666
v 4.411727 -8.649507 -4.182605
v 2.024585 -13.460114 4.115317
v 3.457519 -9.575082 -0.132394
v 2.628295 -10.323113 3.917143
v 4.191131 -8.333848 -2.735130
v 3.937041 -6.890458 -4.222332
v 3.937041 -6.890458 -2.408924
v 4.189620 -8.339593 -3.896135
v 3.937041 -6.890458 -4.222332
v 4.191131 -8.333848 -2.735130
v 3.643779 -8.873628 -2.429110
v 3.576686 -6.709435 -0.596301
v 3.457519 -9.575082 -0.132394
v 3.643779 -8.873628 -2.429110
v 3.576686 -6.709428 -1.988007
v 3.576686 -6.709435 -0.596301
v 3.457519 -9.575082 -0.132394
v 3.576686 -6.709435 -0.596301
v 2.865390 -9.419702 0.360619
v 2.628295 -10.323113 3.917143
v 3.457519 -9.575082 -0.132394
v 2.865390 -9.419702 0.360619
v 4.230289 -9.030786 -3.676408
v 3.809741 -10.633157 -3.677713
v 4.411727 -8.649507 -4.182605
v 3.220412 -10.478494 -2.999327
v 3.457519 -9.575082 -0.132394
v 2.024585 -13.460114 -2.425788
v 1.469386 -13.189652 -3.959726
v 2.164657 -13.073853 -3.517757
v 1.311042 -13.792802 -2.761472
v 2.024585 -13.460114 -2.425788
v 1.311042 -13.792802 -2.761472
v 2.164657 -13.073853 -3.517757
v 2.164657 -13.073853 -3.517757
v 1.469386 -13.189652 -3.959726
v 2.768764 -13.010705 -4.158408
v 3.643779 -8.873628 -2.429110
v 3.220412 -10.478494 -2.999327
v 3.640948 -8.876084 -3.009548
v 3.643779 -8.873628 -2.429110
v 3.457519 -9.575082 -0.132394
v 3.220412 -10.478494 -2.999327
v 2.164657 -13.073853 -3.517757
v 3.220412 -10.478494 -2.999327
v 2.024585 -13.460114 -2.425788
v -2.924573 -17.307344 0.276008
v 0.175265 -18.120859 0.276007
v -2.780438 -16.758080 3.983832
v 0.319392 -17.571573 3.983831
v -2.780438 -16.758080 3.983832
v 0.175265 -18.120859 0.276007
v -2.852304 -17.031975 -7.402223
v -2.665814 -16.321312 -11.149065
v 0.247531 -17.845499 -7.402223
v 0.434016 -17.134836 -11.149065
v 0.247531 -17.845499 -7.402223
v -2.665814 -16.321312 -11.149065
v 3.809741 -10.633157 -3.677713
v 3.220412 -10.478494 -2.999327
v 2.164657 -13.073853 -3.517757
v 2.768764 -13.010705 -4.158408
v 3.809741 -10.633157 -3.677713
v 2.164657 -13.073853 -3.517757
v 4.550384 -6.965005 -4.643249
v 3.937041 -6.890458 -4.222332
v 4.189620 -8.339593 -3.896135
v 4.189620 -8.339593 -3.896135
v 4.411727 -8.649507 -4.182605
v 4.550384 -6.965005 -4.643249
v 4.230289 -9.030786 -3.676408
v 3.640948 -8.876084 -3.009548
v 3.220412 -10.478494 -2.999327
v 3.220412 -10.478494 -2.999327
v 3.809741 -10.633157 -3.677713
v 4.230289 -9.030786 -3.676408
v 4.411727 -8.649507 -4.182605
v 4.189620 -8.339593 -3.896135
v 4.230289 -9.030786 -3.676408
v 3.640948 -8.876084 -3.009548
v 4.230289 -9.030786 -3.676408
v 4.189620 -8.339593 -3.896135
v 3.643779 -8.873628 -2.429110
v 4.191131 -8.333848 -2.735130
v 3.576686 -6.709428 -1.988007
v 3.937041 -6.890458 -2.408924
v 3.576686 -6.709428 -1.988007
v 4.191131 -8.333848 -2.735130
v 3.643779 -8.873628 -2.429110
v 3.640948 -8.876084 -3.009548
v 4.191131 -8.333848 -2.735130
v 3.640948 -8.876084 -3.009548
v 4.189620 -8.339593 -3.896135
v 4.191131 -8.333848 -2.735130
v 4.550384 -6.965005 -4.643249
v 0.096389 -5.796075 -7.515665
v 3.937041 -6.890458 -4.222332
v 3.576686 -6.709428 -1.988007
v 3.937041 -6.890458 -2.408924
v 0.096389 -5.796075 -7.515665
v 0.096389 -5.796075 -7.515665
v 3.937041 -6.890458 -2.408924
v 3.937041 -6.890458 -4.222332
v 9.997256 -8.475312 3.182634
v 9.826644 -8.001351 2.243512
v 12.019427 -9.127748 4.211644
v 10.269866 -10.643243 7.117996
v 10.020103 -11.066224 6.911659
v 10.407630 -10.690423 6.388560
v 5.864909 -6.237901 3.484108
v 11.255073 -9.643220 5.030622
v 5.044818 -8.031732 1.588954
v 10.298778 -11.735002 2.820700
v 5.044818 -8.031732 1.588954
v 11.255073 -9.643220 5.030622
v 10.534228 -10.342118 6.004094
v 4.323970 -8.730645 2.562434
v 9.577933 -12.433900 3.794180
v 5.144061 -6.936799 4.457582
v 4.323970 -8.730645 2.562434
v 10.534228 -10.342118 6.004094
v 4.323970 -8.730645 2.562434
v 5.864909 -6.237901 3.484108
v 5.044818 -8.031732 1.588954
v 4.323970 -8.730645 2.562434
v 5.144061 -6.936799 4.457582
v 5.864909 -6.237901 3.484108
v 10.298778 -11.735002 2.820700
v 11.255073 -9.643220 5.030622
v 9.577933 -12.433900 3.794180
v 10.534228 -10.342118 6.004094
v 9.577933 -12.433900 3.794180
v 11.255073 -9.643220 5.030622
v 12.600406 -19.456812 -1.946301
v 12.102870 -17.900980 -1.708059
v 15.309779 -18.280237 -0.057996
v 14.144145 -20.634676 -1.648838
v 12.600406 -19.456812 -1.946301
v 15.309779 -18.280237 -0.057996
v 14.058433 -15.156213 1.258291
v 15.309779 -18.280237 -0.057996
v 12.199126 -16.030899 -0.746487
v 15.738479 -15.870812 1.989297
v 15.309779 -18.280237 -0.057996
v 14.058433 -15.156213 1.258291
v 12.102870 -17.900980 -1.708059
v 12.199126 -16.030899 -0.746487
v 15.309779 -18.280237 -0.057996
v 11.218787 -20.796373 -0.080477
v 12.762527 -21.974237 0.216985
v 10.355037 -19.595606 0.652326
v 13.237346 -20.289598 2.740738
v 10.355037 -19.595606 0.652326
v 12.762527 -21.974237 0.216985
v 13.666034 -17.880167 4.788040
v 11.985999 -17.165567 4.057034
v 13.237346 -20.289598 2.740738
v 11.985999 -17.165567 4.057034
v 10.126689 -18.040247 2.052255
v 13.237346 -20.289598 2.740738
v 14.144145 -20.634676 -1.648838
v 15.309779 -18.280237 -0.057996
v 12.762527 -21.974237 0.216985
v 13.237346 -20.289598 2.740738
v 12.762527 -21.974237 0.216985
v 15.309779 -18.280237 -0.057996
v 11.218787 -20.796373 -0.080477
v 10.355037 -19.595606 0.652326
v 12.600406 -19.456812 -1.946301
v 12.102870 -17.900980 -1.708059
v 12.600406 -19.456812 -1.946301
v 10.355037 -19.595606 0.652326
v 10.126689 -18.040247 2.052255
v 10.355037 -19.595606 0.652326
v 13.237346 -20.289598 2.740738
v 10.355037 -19.595606 0.652326
v 10.126689 -18.040247 2.052255
v 12.102870 -17.900980 -1.708059
v 12.199126 -16.030899 -0.746487
v 12.102870 -17.900980 -1.708059
v 10.126689 -18.040247 2.052255
v -0.779622 -18.036119 0.902278
v -1.838460 -17.122561 1.384748
v -0.517861 -16.662346 1.384748
v -0.779622 -18.036119 0.902278
v -0.517861 -16.662346 1.384748
v 0.540973 -17.575907 1.384747
v -0.779622 -18.036119 0.902278
v 0.540973 -17.575907 1.384747
v 0.279227 -18.949678 1.384746
v -0.779622 -18.036119 0.902278
v 0.279227 -18.949678 1.384746
v -1.041352 -19.409883 1.384746
v -0.779622 -18.036119 0.902278
v -1.041352 -19.409883 1.384746
v -2.100213 -18.496325 1.384747
v -0.779622 -18.036119 0.902278
v -2.100213 -18.496325 1.384747
v -1.838460 -17.122561 1.384748
v -0.779622 -18.036119 3.797126
v -0.517861 -16.662346 3.314651
v -1.838460 -17.122561 3.314651
v -0.779622 -18.036119 3.797126
v 0.540973 -17.575907 3.314650
v -0.517861 -16.662346 3.314651
v -0.779622 -18.036119 3.797126
v 0.279227 -18.949678 3.314649
v 0.540973 -17.575907 3.314650
v -0.779622 -18.036119 3.797126
v -1.041352 -19.409883 3.314649
v 0.279227 -18.949678 3.314649
v -0.779622 -18.036119 3.797126
v -2.100213 -18.496325 3.314650
v -1.041352 -19.409883 3.314649
v -0.779622 -18.036119 3.797126
v -1.838460 -17.122561 3.314651
v -2.100213 -18.496325 3.314650
v 7.187438 -28.589380 3.959289
v 9.098418 -26.607782 3.423211
v 6.422542 -25.564631 3.959291
v 7.187438 -28.589380 3.959289
v 9.538192 -28.116556 3.423210
v 9.098418 -26.607782 3.423211
v 4.711707 -27.096781 3.959291
v 7.187438 -28.589380 3.959289
v 6.422542 -25.564631 3.959291
v 4.674888 -28.710947 3.959289
v 7.187438 -28.589380 3.959289
v 4.711707 -27.096781 3.959291
v 9.538192 -28.116556 1.278871
v 7.187438 -28.589380 0.742791
v 9.098418 -26.607782 1.278872
v 6.422542 -25.564631 0.742793
v 9.098418 -26.607782 1.278872
v 7.187438 -28.589380 0.742791
v 4.674888 -28.710947 0.742791
v 4.711707 -27.096781 0.742792
v 7.187438 -28.589380 0.742791
v 4.711707 -27.096781 0.742792
v 6.422542 -25.564631 0.742793
v 7.187438 -28.589380 0.742791
v 9.098418 -26.607782 3.423211
v 9.098418 -26.607782 1.278872
v 6.422542 -25.564631 3.959291
v 6.422542 -25.564631 0.742793
v 6.422542 -25.564631 3.959291
v 9.098418 -26.607782 1.278872
v -0.743539 -17.924974 -3.049194
v -1.999597 -17.310114 -2.566718
v -0.839086 -16.529755 -2.566717
v -0.743539 -17.924974 -3.049194
v -0.839086 -16.529755 -2.566717
v 0.416972 -17.144625 -2.566718
v -0.743539 -17.924974 -3.049194
v 0.416972 -17.144625 -2.566718
v 0.512527 -18.539820 -2.566719
v -0.743539 -17.924974 -3.049194
v 0.512527 -18.539820 -2.566719
v -0.647981 -19.320177 -2.566719
v -0.743539 -17.924974 -3.049194
v -0.647981 -19.320177 -2.566719
v -1.904050 -18.705339 -2.566719
v -0.743539 -17.924974 -3.049194
v -1.904050 -18.705339 -2.566719
v -1.999597 -17.310114 -2.566718
v -0.743539 -17.924974 -0.154340
v -0.839086 -16.529755 -0.636814
v -1.999597 -17.310114 -0.636815
v -0.743539 -17.924974 -0.154340
v 0.416972 -17.144625 -0.636815
v -0.839086 -16.529755 -0.636814
v -0.743539 -17.924974 -0.154340
v 0.512527 -18.539820 -0.636816
v 0.416972 -17.144625 -0.636815
v -0.743539 -17.924974 -0.154340
v -0.647981 -19.320177 -0.636816
v 0.512527 -18.539820 -0.636816
v -0.743539 -17.924974 -0.154340
v -1.904050 -18.705339 -0.636816
v -0.647981 -19.320177 -0.636816
v -0.743539 -17.924974 -0.154340
v -1.999597 -17.310114 -0.636815
v -1.904050 -18.705339 -0.636816
v 9.683726 -26.749361 0.006480
v 11.425715 -24.617685 -0.529605
v 8.673301 -23.797548 0.006482
v 9.683726 -26.749361 0.006480
v 11.987761 -26.085299 -0.529607
v 11.425715 -24.617685 -0.529605
v 11.987761 -26.085299 -2.673939
v 9.683726 -26.749353 -3.210026
v 11.425715 -24.617685 -2.673937
v 8.673301 -23.797548 -3.210023
v 11.425715 -24.617685 -2.673937
v 9.683726 -26.749353 -3.210026
v 11.425715 -24.617685 -2.673937
v 8.673301 -23.797548 -3.210023
v 11.425715 -24.617685 -0.529605
v 8.673301 -23.797548 0.006482
v 11.425715 -24.617685 -0.529605
v 8.673301 -23.797548 -3.210023
v -0.513635 -17.767015 -7.000672
v -1.885568 -17.495852 -6.518197
v -0.964761 -16.443306 -6.518196
v -0.513635 -17.767015 -7.000672
v -0.964761 -16.443306 -6.518196
v 0.407168 -16.714485 -6.518196
v -0.513635 -17.767015 -7.000672
v 0.407168 -16.714485 -6.518196
v 0.858294 -18.038195 -6.518198
v -0.513635 -17.767015 -7.000672
v 0.858294 -18.038195 -6.518198
v -0.062505 -19.090738 -6.518198
v -0.513635 -17.767015 -7.000672
v -0.062505 -19.090738 -6.518198
v -1.434434 -18.819574 -6.518198
v -0.513635 -17.767015 -7.000672
v -1.434434 -18.819574 -6.518198
v -1.885568 -17.495852 -6.518197
v -0.513635 -17.767015 -4.105818
v -0.964761 -16.443306 -4.588293
v -1.885568 -17.495852 -4.588294
v -0.513635 -17.767015 -4.105818
v 0.407168 -16.714485 -4.588293
v -0.964761 -16.443306 -4.588293
v -0.513635 -17.767015 -4.105818
v 0.858294 -18.038195 -4.588294
v 0.407168 -16.714485 -4.588293
v -0.513635 -17.767015 -4.105818
v -0.062505 -19.090738 -4.588295
v 0.858294 -18.038195 -4.588294
v -0.513635 -17.767015 -4.105818
v -1.434434 -18.819574 -4.588295
v -0.062505 -19.090738 -4.588295
v -0.513635 -17.767015 -4.105818
v -1.885568 -17.495852 -4.588294
v -1.434434 -18.819574 -4.588295
v 12.399180 -17.576731 -4.481072
v 10.875266 -17.192728 -4.481072
v 11.617705 -19.843668 -3.944994
v 8.621638 -18.973108 -3.944993
v 11.617705 -19.843668 -3.944994
v 10.875266 -17.192728 -4.481072
v 8.621638 -18.973108 -3.944993
v 9.077651 -21.223978 -3.944995
v 11.617705 -19.843668 -3.944994
v 9.077651 -21.223978 -3.944995
v 10.423213 -22.078310 -3.944996
v 11.617705 -19.843668 -3.944994
v 11.617705 -19.843668 -7.161499
v 8.621638 -18.973108 -7.161498
v 10.875266 -17.192728 -6.625411
v 10.875266 -17.192728 -6.625411
v 12.399180 -17.576731 -6.625411
v 11.617705 -19.843668 -7.161499
v 11.617705 -19.843668 -7.161499
v 10.423213 -22.078310 -7.161500
v 9.077651 -21.223978 -7.161500
v 8.621638 -18.973108 -7.161498
v 11.617705 -19.843668 -7.161499
v 9.077651 -21.223978 -7.161500
v 10.875266 -17.192728 -4.481072
v 10.875266 -17.192728 -6.625411
v 8.621638 -18.973108 -3.944993
v 8.621638 -18.973108 -7.161498
v 8.621638 -18.973108 -3.944993
v 10.875266 -17.192728 -6.625411
v -0.487191 -17.008698 -10.952145
v -1.882722 -17.099466 -10.469669
v -1.263555 -15.845536 -10.469669
v -0.487191 -17.008698 -10.952145
v -1.263555 -15.845536 -10.469669
v 0.131965 -15.754777 -10.469669
v -0.487191 -17.008698 -10.952145
v 0.131965 -15.754777 -10.469669
v 0.908340 -16.917953 -10.469669
v -0.487191 -17.008698 -10.952145
v 0.908340 -16.917953 -10.469669
v 0.289184 -18.171907 -10.469669
v -0.487191 -17.008698 -10.952145
v 0.289184 -18.171907 -10.469669
v -1.106355 -18.262659 -10.469669
v -0.487191 -17.008698 -10.952145
v -1.106355 -18.262659 -10.469669
v -1.882722 -17.099466 -10.469669
v -0.487191 -17.008698 -8.057290
v -1.263555 -15.845536 -8.539764
v -1.882722 -17.099466 -8.539765
v -0.487191 -17.008698 -8.057290
v 0.131965 -15.754777 -8.539764
v -1.263555 -15.845536 -8.539764
v -0.487191 -17.008698 -8.057290
v 0.908340 -16.917953 -8.539765
v 0.131965 -15.754777 -8.539764
v -0.487191 -17.008698 -8.057290
v 0.289184 -18.171915 -8.539766
v 0.908340 -16.917953 -8.539765
v -0.487191 -17.008698 -8.057290
v -1.106355 -18.262667 -8.539766
v 0.289184 -18.171915 -8.539766
v -0.487191 -17.008698 -8.057290
v -1.882722 -17.099466 -8.539765
v -1.106355 -18.262667 -8.539766
v 6.397491 -17.716463 -11.112972
v 8.651504 -18.520334 -11.112972
v 5.601233 -19.798624 -11.112972
v 9.669600 -13.818887 -8.432549
v 11.068789 -16.189720 -7.896464
v 11.241008 -13.798104 -8.432549
v 7.949618 -16.118935 -7.896464
v 11.068789 -16.189720 -7.896464
v 9.669600 -13.818887 -8.432549
v 9.669600 -13.818887 -10.576881
v 11.068789 -16.189720 -11.112968
v 7.949618 -16.118935 -11.112968
v 9.669600 -13.818887 -10.576881
v 11.241008 -13.798104 -10.576881
v 11.068789 -16.189720 -11.112968
v 8.969115 -18.176836 -11.112972
v 11.068789 -16.189720 -11.112968
v 10.555785 -18.622812 -11.112972
v 7.949618 -16.118935 -11.112968
v 11.068789 -16.189720 -11.112968
v 8.969115 -18.176836 -11.112972
v 11.068789 -16.189720 -11.112968
v 11.241008 -13.798104 -8.432549
v 11.068789 -16.189720 -7.896464
v 11.068789 -16.189720 -11.112968
v 11.241008 -13.798104 -10.576881
v 11.241008 -13.798104 -8.432549
v 9.669600 -13.818887 -8.432549
v 9.669600 -13.818887 -10.576881
v 7.949618 -16.118935 -7.896464
v 7.949618 -16.118935 -11.112968
v 7.949618 -16.118935 -7.896464
v 9.669600 -13.818887 -10.576881
v 5.405787 -6.350472 4.067837
v 3.549613 -6.155023 2.833692
v 4.440356 -7.601647 4.727615
v 3.127852 -7.463456 3.854937
v 3.740676 -9.040887 4.117724
v 2.765983 -8.575150 2.788840
v 3.716632 -9.825044 2.595428
v 3.740676 -9.040887 4.117724
v 3.127852 -7.463456 3.854937
v 2.765983 -8.575150 2.788840
v 3.740676 -9.040887 4.117724
v 4.440356 -7.601647 4.727615
v 3.127852 -7.463456 3.854937
v 3.740676 -9.040887 4.117724
v 5.391013 -8.851533 4.534203
v 4.440356 -7.601647 4.727615
v 3.740676 -9.040887 4.117724
v 5.029136 -9.963235 3.468113
v 5.391013 -8.851533 4.534203
v 3.740676 -9.040887 4.117724
v 3.716632 -9.825044 2.595428
v 5.029136 -9.963235 3.468113
v 1.171390 -16.745468 3.701891
v 1.171390 -16.745468 5.500894
v 0.669665 -18.673143 4.783435
v 0.669665 -18.673136 3.703041
v 1.171390 -16.745468 3.701891
v 0.669665 -18.673143 4.783435
v 1.171390 -16.745468 5.500894
v 1.171390 -16.745468 3.701891
v 3.163360 -9.292962 4.801707
v 3.163360 -9.292962 3.523657
v 1.171382 -16.745468 -12.589968
v 3.163360 -9.292947 -11.939701
v 1.171382 -16.745468 -10.790964
v 3.163360 -9.292947 -10.661654
v 1.171382 -16.745468 -10.790964
v 3.163360 -9.292947 -11.939701
v -2.499528 -18.499063 3.730399
v -2.596311 -16.571442 3.729249
v 0.669665 -18.673136 3.703041
v 1.171390 -16.745468 3.701891
v 0.669665 -18.673136 3.703041
v -2.596311 -16.571442 3.729249
v 0.130443 -6.291734 3.548645
v 3.163360 -9.292962 3.523657
v -2.596311 -16.571442 3.729249
v 1.171390 -16.745468 3.701891
v -2.596311 -16.571442 3.729249
v 3.163360 -9.292962 3.523657
v 3.163360 -9.292947 -10.661654
v 0.130443 -6.291726 -10.636665
v -2.596311 -16.571434 -10.763605
v 1.171382 -16.745468 -10.790964
v 3.163360 -9.292947 -10.661654
v -2.596311 -16.571434 -10.763605
v -2.499528 -18.499048 -10.752314
v 0.669665 -18.673120 -10.779671
v -2.596311 -16.571434 -10.763605
v 1.171382 -16.745468 -10.790964
v -2.596311 -16.571434 -10.763605
v 0.669665 -18.673120 -10.779671
v 0.501418 -4.252793 -8.947794
v 3.601108 -5.066339 -8.947795
v 0.501445 -4.252671 -10.136905
v 3.601108 -5.066339 -10.136913
v 0.501567 -4.252160 1.792754
v 0.501544 -4.252358 2.981885
v 3.601302 -5.065705 2.981872
v 3.601302 -5.065705 1.792753
v 3.576686 -6.709435 0.360620
v 3.601302 -5.065705 1.792753
v 3.576686 -6.709435 3.664114
v 3.601302 -5.065705 2.981872
v 2.768764 -13.010705 -4.158408
v 1.469386 -13.189652 -3.959726
v 1.469386 -13.189645 -7.606877
v 2.768764 -13.010690 -7.586658
v 2.024585 -13.460114 0.360616
v 3.457519 -9.575082 -0.132394
v 2.024585 -13.460114 4.115317
v 2.024585 -13.460114 -2.425788
v -2.924573 -17.307344 0.276008
v -2.924562 -17.307238 -3.528412
v 0.175265 -18.120859 0.276007
v 0.175315 -18.120768 -3.528413
v -2.924562 -17.307238 -3.528412
v -2.852304 -17.031975 -7.402223
v 0.175315 -18.120768 -3.528413
v 0.247531 -17.845499 -7.402223
v 8.190623 -12.112573 4.805723
v 8.578078 -11.736909 4.282481
v 10.407630 -10.690423 6.388560
v 10.020103 -11.066224 6.911659
v 5.044818 -8.031732 1.588954
v 9.577933 -12.433900 3.794180
v 4.323970 -8.730645 2.562434
v 10.298778 -11.735002 2.820700
v 9.781173 -9.812165 3.089663
v 8.537723 -11.017777 4.768905
v 11.139758 -9.690576 4.182971
v 9.896300 -10.896188 5.862212
v 9.648383 -11.180009 2.009274
v 8.404914 -12.385621 3.688522
v 9.781173 -9.812165 3.089663
v 8.537723 -11.017777 4.768905
v 10.874164 -12.426248 2.022213
v 9.630698 -13.631867 3.701455
v 9.648383 -11.180009 2.009274
v 8.404914 -12.385621 3.688522
v 12.232745 -12.304666 3.115521
v 9.630698 -13.631867 3.701455
v 10.874164 -12.426248 2.022213
v 10.989284 -13.510270 4.794762
v 12.365546 -10.936830 4.195896
v 10.989284 -13.510270 4.794762
v 12.232745 -12.304666 3.115521
v 11.122077 -12.142442 5.875144
v 11.122077 -12.142442 5.875144
v 11.139758 -9.690576 4.182971
v 9.896300 -10.896188 5.862212
v 12.365546 -10.936830 4.195896
v 13.728915 -14.576623 1.430405
v 15.257319 -14.439828 2.660385
v 11.656482 -16.585968 4.229140
v 13.184882 -16.449188 5.459120
v 11.153586 -12.304154 1.154903
v 12.583282 -13.780084 1.153939
v 9.081149 -14.313523 3.953645
v 10.510840 -15.789445 3.952688
v 12.025649 -10.502885 3.093889
v 11.153586 -12.304154 1.154903
v 9.081149 -14.313523 3.953645
v 9.953219 -12.512254 5.892624
v 13.554057 -10.366105 4.323870
v 12.025649 -10.502885 3.093889
v 9.953219 -12.512254 5.892624
v 11.481620 -12.375459 7.122605
v 15.257319 -14.439828 2.660385
v 11.481620 -12.375459 7.122605
v 13.184882 -16.449188 5.459120
v 13.554057 -10.366105 4.323870
v 11.656482 -16.585968 4.229140
v 10.510840 -15.789445 3.952688
v 12.583282 -13.780084 1.153939
v 13.728915 -14.576623 1.430405
v 11.777076 -15.003114 4.299666
v 13.270446 -15.638314 4.949454
v 13.020537 -13.797502 2.620425
v 14.513907 -14.432694 3.270199
v 12.172168 -14.670213 1.365650
v 10.928695 -15.875833 3.044898
v 13.020537 -13.797502 2.620425
v 11.777076 -15.003114 4.299666
v 11.573695 -17.383768 2.439883
v 10.928695 -15.875833 3.044898
v 12.817157 -16.178146 0.760635
v 12.172168 -14.670213 1.365650
v 14.310527 -16.813354 1.410416
v 13.067065 -18.018961 3.089664
v 12.817157 -16.178146 0.760635
v 11.573695 -17.383768 2.439883
v 15.158904 -15.940606 2.665218
v 13.067065 -18.018961 3.089664
v 14.310527 -16.813354 1.410416
v 13.915439 -17.146212 4.344460
v 13.915439 -17.146212 4.344460
v 15.158904 -15.940606 2.665218
v 13.270446 -15.638314 4.949454
v 14.513907 -14.432694 3.270199
v 12.600406 -19.456812 -1.946301
v 12.762527 -21.974237 0.216985
v 11.218787 -20.796373 -0.080477
v 14.144145 -20.634676 -1.648838
v 14.058433 -15.156213 1.258291
v 12.199126 -16.030899 -0.746487
v 10.126689 -18.040247 2.052255
v 11.985999 -17.165567 4.057034
v 11.985999 -17.165567 4.057034
v 13.666034 -17.880167 4.788040
v 14.058433 -15.156213 1.258291
v 15.738479 -15.870812 1.989297
v 15.309779 -18.280237 -0.057996
v 15.738479 -15.870812 1.989297
v 13.237346 -20.289598 2.740738
v 13.666034 -17.880167 4.788040
v 1.283298 -23.955667 3.957947
v -0.331754 -24.741228 3.957947
v -0.331754 -24.741220 0.741448
v 1.283298 -23.955660 0.741448
v 2.341285 -22.730097 3.957948
v 1.283298 -23.955667 3.957947
v 1.283298 -23.955660 0.741448
v 2.341285 -22.730089 0.741449
v 2.341285 -22.730097 3.957948
v 1.408454 -18.763468 0.741452
v 1.408454 -18.763468 3.957951
v 2.341285 -22.730089 0.741449
v -0.331754 -24.741228 3.957947
v -2.530789 -19.103411 0.741452
v -0.331754 -24.741220 0.741448
v -2.530789 -19.103411 3.957951
v 1.408454 -18.763468 0.741452
v -2.530789 -19.103411 3.957951
v 1.408454 -18.763468 3.957951
v -2.530789 -19.103411 0.741452
v -1.838460 -17.122561 1.384748
v -1.838460 -17.122561 3.314651
v -0.517861 -16.662346 3.314651
v -0.517861 -16.662346 1.384748
v 0.540973 -17.575907 3.314650
v -0.517861 -16.662346 1.384748
v -0.517861 -16.662346 3.314651
v 0.540973 -17.575907 1.384747
v 0.540973 -17.575907 1.384747
v 0.540973 -17.575907 3.314650
v 0.279227 -18.949678 3.314649
v 0.279227 -18.949678 1.384746
v 0.279227 -18.949678 1.384746
v 0.279227 -18.949678 3.314649
v -1.041352 -19.409883 3.314649
v -1.041352 -19.409883 1.384746
v -2.100213 -18.496325 3.314650
v -1.041352 -19.409883 1.384746
v -1.041352 -19.409883 3.314649
v -2.100213 -18.496325 1.384747
v -2.100213 -18.496325 1.384747
v -2.100213 -18.496325 3.314650
v -1.838460 -17.122561 3.314651
v -1.838460 -17.122561 1.384748
v 0.781474 -22.986940 3.315992
v -0.150132 -24.029932 1.386088
v -0.150132 -24.029940 3.315991
v 0.781474 -22.986925 1.386089
v 0.781474 -22.986925 1.386089
v 0.781474 -22.986940 3.315992
v 2.150535 -23.272226 3.315992
v 2.150535 -23.272211 1.386089
v 2.150535 -23.272211 1.386089
v 2.150535 -23.272226 3.315992
v 2.588008 -24.600519 3.315991
v 2.588008 -24.600519 1.386087
v 1.656405 -25.643518 3.315990
v 2.588008 -24.600519 1.386087
v 2.588008 -24.600519 3.315991
v 1.656405 -25.643518 1.386087
v 1.656405 -25.643518 1.386087
v 1.656405 -25.643518 3.315990
v 0.287341 -25.358240 3.315990
v 0.287341 -25.358240 1.386087
v 0.287341 -25.358240 1.386087
v 0.287341 -25.358240 3.315990
v -0.150132 -24.029940 3.315991
v -0.150132 -24.029932 1.386088
v 4.225936 -27.001040 3.959291
v 3.182578 -28.257647 3.959289
v 3.182578 -28.257647 0.742791
v 4.225936 -27.001040 0.742792
v 4.225936 -27.001040 3.959291
v 3.632831 -24.309114 0.742794
v 3.632831 -24.309122 3.959292
v 4.225936 -27.001040 0.742792
v 3.632831 -24.309114 0.742794
v 1.410682 -24.486506 3.959292
v 3.632831 -24.309122 3.959292
v 1.410682 -24.486490 0.742794
v 0.377948 -25.931215 3.959291
v 1.410682 -24.486506 3.959292
v 1.410682 -24.486490 0.742794
v 0.377948 -25.931215 0.742793
v 0.377948 -25.931215 0.742793
v 3.182578 -28.257647 3.959289
v 0.377948 -25.931215 3.959291
v 3.182578 -28.257647 0.742791
v 3.211619 -27.724642 1.386086
v 3.211619 -27.724642 3.315989
v 3.278819 -26.327768 3.315990
v 3.278819 -26.327768 1.386086
v 3.278819 -26.327768 1.386086
v 3.278819 -26.327768 3.315990
v 4.522132 -25.687548 3.315990
v 4.522132 -25.687548 1.386087
v 4.522132 -25.687548 1.386087
v 4.522132 -25.687548 3.315990
v 5.698256 -26.444185 3.315990
v 5.698256 -26.444185 1.386086
v 5.698256 -26.444185 1.386086
v 5.698256 -26.444185 3.315990
v 5.631057 -27.841059 3.315989
v 5.631057 -27.841059 1.386086
v 5.631057 -27.841059 1.386086
v 5.631057 -27.841059 3.315989
v 4.387706 -28.481279 3.315988
v 4.387706 -28.481279 1.386085
v 4.387706 -28.481279 1.386085
v 4.387706 -28.481279 3.315988
v 3.211619 -27.724642 3.315989
v 3.211619 -27.724642 1.386086
v 7.187438 -28.589380 0.742791
v 9.538192 -28.116556 1.278871
v 7.187438 -28.589380 3.959289
v 9.538192 -28.116556 3.423210
v 9.538192 -28.116556 1.278871
v 9.098418 -26.607782 3.423211
v 9.538192 -28.116556 3.423210
v 9.098418 -26.607782 1.278872
v 4.711707 -27.096781 3.959291
v 6.422542 -25.564631 3.959291
v 6.422542 -25.564631 0.742793
v 4.711707 -27.096781 0.742792
v 4.674888 -28.710947 3.959289
v 4.711707 -27.096781 3.959291
v 4.711707 -27.096781 0.742792
v 4.674888 -28.710947 0.742791
v 4.674888 -28.710947 0.742791
v 7.187438 -28.589380 3.959289
v 4.674888 -28.710947 3.959289
v 7.187438 -28.589380 0.742791
v 2.754416 -23.126993 0.006482
v 1.397117 -24.268961 0.006481
v 1.397117 -24.268961 -3.210024
v 2.754416 -23.126993 -3.210023
v 3.468371 -21.675638 0.006483
v 2.754416 -23.126993 0.006482
v 2.754416 -23.126993 -3.210023
v 3.468371 -21.675638 -3.210022
v 1.559218 -18.075731 0.006485
v 3.468371 -21.675638 0.006483
v 1.559218 -18.075731 -3.210019
v 3.468371 -21.675638 -3.210022
v -2.160985 -19.374025 -3.210020
v 1.397117 -24.268961 0.006481
v -2.160985 -19.374025 0.006485
v 1.397117 -24.268961 -3.210024
v 1.559218 -18.075731 -3.210019
v -2.160985 -19.374025 0.006485
v 1.559218 -18.075731 0.006485
v -2.160985 -19.374025 -3.210020
v -1.999597 -17.310114 -2.566718
v -1.999597 -17.310114 -0.636815
v -0.839086 -16.529755 -0.636814
v -0.839086 -16.529755 -2.566717
v -0.839086 -16.529755 -2.566717
v -0.839086 -16.529755 -0.636814
v 0.416972 -17.144625 -0.636815
v 0.416972 -17.144625 -2.566718
v 0.416972 -17.144625 -2.566718
v 0.416972 -17.144625 -0.636815
v 0.512527 -18.539820 -0.636816
v 0.512527 -18.539820 -2.566719
v 0.512527 -18.539820 -2.566719
v 0.512527 -18.539820 -0.636816
v -0.647981 -19.320177 -0.636816
v -0.647981 -19.320177 -2.566719
v -0.647981 -19.320177 -2.566719
v -0.647981 -19.320177 -0.636816
v -1.904050 -18.705339 -0.636816
v -1.904050 -18.705339 -2.566719
v -1.904050 -18.705339 -2.566719
v -1.904050 -18.705339 -0.636816
v -1.999597 -17.310114 -0.636815
v -1.999597 -17.310114 -2.566718
v 1.442252 -23.024439 -2.566722
v 1.442252 -23.024439 -0.636819
v 2.184691 -21.839304 -0.636818
v 2.184691 -21.839304 -2.566721
v 2.184691 -21.839304 -2.566721
v 2.184691 -21.839304 -0.636818
v 3.582274 -21.889711 -0.636818
v 3.582274 -21.889711 -2.566721
v 3.582274 -21.889711 -2.566721
v 3.582274 -21.889711 -0.636818
v 4.237399 -23.125261 -0.636819
v 4.237399 -23.125261 -2.566722
v 4.237399 -23.125261 -2.566722
v 4.237399 -23.125261 -0.636819
v 3.494952 -24.310389 -0.636820
v 3.494952 -24.310389 -2.566723
v 3.494952 -24.310389 -2.566723
v 3.494952 -24.310389 -0.636820
v 2.097377 -24.259966 -0.636820
v 2.097377 -24.259966 -2.566723
v 2.097377 -24.259966 -2.566723
v 2.097377 -24.259966 -0.636820
v 1.442252 -23.024439 -0.636819
v 1.442252 -23.024439 -2.566722
v 6.714660 -25.502329 0.006480
v 5.885692 -26.862902 0.006480
v 5.885692 -26.862894 -3.210026
v 6.714660 -25.502329 -3.210024
v 6.714660 -25.502329 0.006480
v 5.218139 -22.661898 -3.210022
v 5.218139 -22.661898 0.006482
v 6.714660 -25.502329 -3.210024
v 5.218139 -22.661898 -3.210022
v 3.057696 -23.211344 0.006482
v 5.218139 -22.661898 0.006482
v 3.057696 -23.211344 -3.210023
v 2.276927 -24.781847 0.006481
v 3.057696 -23.211344 0.006482
v 3.057696 -23.211344 -3.210023
v 2.276927 -24.781847 -3.210024
v 2.276927 -24.781847 -3.210024
v 5.885692 -26.862902 0.006480
v 2.276927 -24.781847 0.006481
v 5.885692 -26.862894 -3.210026
v 5.650355 -26.213633 -2.566724
v 5.650355 -26.213633 -0.636821
v 5.602759 -24.815973 -0.636820
v 5.602759 -24.815973 -2.566723
v 5.602759 -24.815973 -2.566723
v 5.602759 -24.815973 -0.636820
v 6.789374 -24.075914 -0.636820
v 6.789374 -24.075914 -2.566722
v 6.789374 -24.075914 -2.566722
v 6.789374 -24.075914 -0.636820
v 8.023612 -24.733538 -0.636820
v 8.023612 -24.733538 -2.566723
v 8.023612 -24.733538 -2.566723
v 8.023612 -24.733538 -0.636820
v 8.071197 -26.131205 -0.636821
v 8.071197 -26.131205 -2.566724
v 8.071197 -26.131205 -2.566724
v 8.071197 -26.131205 -0.636821
v 6.884570 -26.871248 -0.636822
v 6.884570 -26.871248 -2.566725
v 6.884570 -26.871248 -2.566725
v 6.884570 -26.871248 -0.636822
v 5.650355 -26.213633 -0.636821
v 5.650355 -26.213633 -2.566724
v 7.093902 -25.464846 0.006480
v 9.683726 -26.749361 0.006480
v 8.673301 -23.797548 0.006482
v 7.147449 -27.037233 0.006479
v 7.147449 -27.037218 -3.210026
v 7.093902 -25.464846 -3.210024
v 9.683726 -26.749353 -3.210026
v 8.673301 -23.797548 -3.210023
v 9.683726 -26.749353 -3.210026
v 11.987761 -26.085299 -0.529607
v 9.683726 -26.749361 0.006480
v 11.987761 -26.085299 -2.673939
v 11.987761 -26.085299 -2.673939
v 11.425715 -24.617685 -0.529605
v 11.987761 -26.085299 -0.529607
v 11.425715 -24.617685 -2.673937
v 7.093902 -25.464846 0.006480
v 8.673301 -23.797548 0.006482
v 8.673301 -23.797548 -3.210023
v 7.093902 -25.464846 -3.210024
v 7.147449 -27.037233 0.006479
v 7.093902 -25.464846 0.006480
v 7.093902 -25.464846 -3.210024
v 7.147449 -27.037218 -3.210026
v 7.147449 -27.037218 -3.210026
v 9.683726 -26.749361 0.006480
v 7.147449 -27.037233 0.006479
v 9.683726 -26.749353 -3.210026
v 4.204421 -21.894564 -3.944996
v 3.187396 -23.361345 -3.944997
v 3.187396 -23.361345 -7.161501
v 4.204421 -21.894564 -7.161500
v 4.521930 -20.309122 -3.944994
v 4.204421 -21.894564 -3.944996
v 4.204421 -21.894564 -7.161500
v 4.521930 -20.309122 -7.161499
v 1.751224 -17.321238 -3.944992
v 4.521930 -20.309122 -3.944994
v 1.751224 -17.321238 -7.161498
v 4.521930 -20.309122 -7.161499
v -1.509820 -19.546022 -7.161499
v 3.187396 -23.361345 -3.944997
v -1.509820 -19.546022 -3.944994
v 3.187396 -23.361345 -7.161501
v 1.751224 -17.321238 -7.161498
v -1.509820 -19.546022 -3.944994
v 1.751224 -17.321238 -3.944992
v -1.509820 -19.546022 -7.161499
v -0.964761 -16.443306 -4.588293
v -1.885568 -17.495852 -6.518197
v -1.885568 -17.495852 -4.588294
v -0.964761 -16.443306 -6.518196
v -0.964761 -16.443306 -6.518196
v -0.964761 -16.443306 -4.588293
v 0.407168 -16.714485 -4.588293
v 0.407168 -16.714485 -6.518196
v 0.407168 -16.714485 -6.518196
v 0.407168 -16.714485 -4.588293
v 0.858294 -18.038195 -4.588294
v 0.858294 -18.038195 -6.518198
v -0.062505 -19.090738 -4.588295
v 0.858294 -18.038195 -6.518198
v 0.858294 -18.038195 -4.588294
v -0.062505 -19.090738 -6.518198
v -0.062505 -19.090738 -6.518198
v -0.062505 -19.090738 -4.588295
v -1.434434 -18.819574 -4.588295
v -1.434434 -18.819574 -6.518198
v -1.434434 -18.819574 -6.518198
v -1.434434 -18.819574 -4.588295
v -1.885568 -17.495852 -4.588294
v -1.885568 -17.495852 -6.518197
v 3.293414 -22.921663 -6.518201
v 3.293414 -22.921663 -4.588297
v 3.102748 -21.536242 -4.588296
v 3.102748 -21.536242 -6.518199
v 4.207221 -20.678400 -4.588296
v 3.102748 -21.536242 -6.518199
v 3.102748 -21.536242 -4.588296
v 4.207221 -20.678400 -6.518199
v 4.207221 -20.678400 -6.518199
v 4.207221 -20.678400 -4.588296
v 5.502372 -21.206011 -4.588296
v 5.502372 -21.206011 -6.518199
v 5.502372 -21.206011 -6.518199
v 5.502372 -21.206011 -4.588296
v 5.693027 -22.591417 -4.588297
v 5.693027 -22.591417 -6.518200
v 4.588550 -23.449251 -4.588298
v 5.693027 -22.591417 -6.518200
v 5.693027 -22.591417 -4.588297
v 4.588550 -23.449251 -6.518201
v 4.588550 -23.449251 -6.518201
v 4.588550 -23.449251 -4.588298
v 3.293414 -22.921663 -4.588297
v 3.293414 -22.921663 -6.518201
v 8.682384 -21.474199 -3.944995
v 8.940379 -23.065805 -3.944996
v 8.940379 -23.065805 -7.161501
v 8.682384 -21.474199 -7.161500
v 5.957515 -20.221415 -3.944994
v 8.682384 -21.474199 -3.944995
v 5.957515 -20.221415 -7.161499
v 8.682384 -21.474199 -7.161500
v 4.652583 -22.028788 -3.944996
v 5.957515 -20.221415 -3.944994
v 5.957515 -20.221415 -7.161499
v 4.652583 -22.028788 -7.161500
v 5.072391 -23.743013 -3.944997
v 4.652583 -22.028788 -3.944996
v 4.652583 -22.028788 -7.161500
v 5.072391 -23.743013 -7.161501
v 5.072391 -23.743013 -7.161501
v 8.940379 -23.065805 -3.944996
v 5.072391 -23.743013 -3.944997
v 8.940379 -23.065805 -7.161501
v 8.860282 -22.835588 -6.518200
v 8.860282 -22.835588 -4.588297
v 7.689395 -22.070879 -4.588297
v 7.689395 -22.070879 -6.518200
v 7.689395 -22.070879 -6.518200
v 7.689395 -22.070879 -4.588297
v 7.766181 -20.674532 -4.588296
v 7.766181 -20.674532 -6.518199
v 7.766181 -20.674532 -6.518199
v 7.766181 -20.674532 -4.588296
v 9.013888 -20.042833 -4.588295
v 9.013888 -20.042833 -6.518199
v 9.013888 -20.042833 -6.518199
v 9.013888 -20.042833 -4.588295
v 10.184775 -20.807550 -4.588296
v 10.184775 -20.807550 -6.518199
v 10.184775 -20.807550 -6.518199
v 10.184775 -20.807550 -4.588296
v 10.107959 -22.203920 -4.588297
v 10.107959 -22.203920 -6.518200
v 10.107959 -22.203920 -6.518200
v 10.107959 -22.203920 -4.588297
v 8.860282 -22.835588 -4.588297
v 8.860282 -22.835588 -6.518200
v 11.617705 -19.843668 -7.161499
v 12.399180 -17.576731 -6.625411
v 11.617705 -19.843668 -3.944994
v 12.399180 -17.576731 -4.481072
v 12.399180 -17.576731 -6.625411
v 10.875266 -17.192728 -4.481072
v 12.399180 -17.576731 -4.481072
v 10.875266 -17.192728 -6.625411
v 8.621638 -18.973108 -7.161498
v 9.077651 -21.223978 -3.944995
v 8.621638 -18.973108 -3.944993
v 9.077651 -21.223978 -7.161500
v 10.423213 -22.078310 -3.944996
v 9.077651 -21.223978 -3.944995
v 9.077651 -21.223978 -7.161500
v 10.423213 -22.078310 -7.161500
v 10.423213 -22.078310 -7.161500
v 11.617705 -19.843668 -3.944994
v 10.423213 -22.078310 -3.944996
v 11.617705 -19.843668 -7.161499
v 5.133632 -19.784143 -7.896467
v 4.539771 -21.497881 -7.896467
v 4.539771 -21.497858 -11.112972
v 5.133632 -19.784128 -11.112972
v 5.033683 -18.170877 -7.896465
v 5.133632 -19.784143 -7.896467
v 5.133632 -19.784128 -11.112972
v 5.033683 -18.170870 -11.112972
v 5.033683 -18.170877 -7.896465
v 1.587813 -15.995980 -11.112968
v 1.587813 -15.995980 -7.896464
v 5.033683 -18.170870 -11.112972
v -0.980615 -19.018793 -11.112972
v 4.539771 -21.497881 -7.896467
v -0.980615 -19.018808 -7.896466
v 4.539771 -21.497858 -11.112972
v 1.587813 -15.995980 -11.112968
v -0.980615 -19.018808 -7.896466
v 1.587813 -15.995980 -7.896464
v -0.980615 -19.018793 -11.112972
v -1.882722 -17.099466 -10.469669
v -1.882722 -17.099466 -8.539765
v -1.263555 -15.845536 -8.539764
v -1.263555 -15.845536 -10.469669
v -1.263555 -15.845536 -10.469669
v -1.263555 -15.845536 -8.539764
v 0.131965 -15.754777 -8.539764
v 0.131965 -15.754777 -10.469669
v 0.131965 -15.754777 -10.469669
v 0.131965 -15.754777 -8.539764
v 0.908340 -16.917953 -8.539765
v 0.908340 -16.917953 -10.469669
v 0.908340 -16.917953 -10.469669
v 0.908340 -16.917953 -8.539765
v 0.289184 -18.171915 -8.539766
v 0.289184 -18.171907 -10.469669
v 0.289184 -18.171907 -10.469669
v 0.289184 -18.171915 -8.539766
v -1.106355 -18.262667 -8.539766
v -1.106355 -18.262659 -10.469669
v -1.106355 -18.262659 -10.469669
v -1.106355 -18.262667 -8.539766
v -1.882722 -17.099466 -8.539765
v -1.882722 -17.099466 -10.469669
v 4.517379 -21.010988 -10.469671
v 4.517379 -21.011003 -8.539768
v 3.976855 -19.721209 -8.539767
v 3.976855 -19.721201 -10.469671
v 4.823600 -18.608202 -8.539766
v 3.976855 -19.721201 -10.469671
v 3.976855 -19.721209 -8.539767
v 4.823600 -18.608187 -10.469669
v 4.823600 -18.608187 -10.469669
v 4.823600 -18.608202 -8.539766
v 6.210864 -18.784990 -8.539766
v 6.210864 -18.784983 -10.469671
v 6.210864 -18.784983 -10.469671
v 6.210864 -18.784990 -8.539766
v 6.751380 -20.074793 -8.539768
v 6.751380 -20.074785 -10.469671
v 5.904647 -21.187799 -8.539768
v 6.751380 -20.074785 -10.469671
v 6.751380 -20.074793 -8.539768
v 5.904647 -21.187799 -10.469671
v 5.904647 -21.187799 -10.469671
v 5.904647 -21.187799 -8.539768
v 4.517379 -21.011003 -8.539768
v 4.517379 -21.010988 -10.469671
v 8.651504 -18.520342 -7.896465
v 9.379176 -20.020327 -7.896467
v 9.379176 -20.020319 -11.112972
v 8.651504 -18.520334 -11.112972
v 6.397491 -17.716471 -7.896465
v 8.651504 -18.520342 -7.896465
v 6.397491 -17.716463 -11.112972
v 8.651504 -18.520334 -11.112972
v 6.397491 -17.716463 -11.112972
v 5.601233 -19.798632 -7.896467
v 6.397491 -17.716471 -7.896465
v 5.601233 -19.798624 -11.112972
v 6.481685 -21.361155 -7.896467
v 5.601233 -19.798632 -7.896467
v 5.601233 -19.798624 -11.112972
v 6.481685 -21.361147 -11.112972
v 6.481685 -21.361147 -11.112972
v 9.379176 -20.020327 -7.896467
v 6.481685 -21.361155 -7.896467
v 9.379176 -20.020319 -11.112972
v 9.379176 -20.020319 -11.112972
v 6.481685 -21.361147 -11.112972
v 8.651504 -18.520334 -11.112972
v 5.601233 -19.798624 -11.112972
v 9.173499 -19.790125 -10.469671
v 9.173499 -19.790133 -8.539767
v 7.845340 -19.352259 -8.539767
v 7.845340 -19.352251 -10.469671
v 7.845340 -19.352251 -10.469671
v 7.845340 -19.352259 -8.539767
v 7.560462 -17.983118 -8.539766
v 7.560462 -17.983110 -10.469669
v 8.603759 -17.051805 -8.539765
v 7.560462 -17.983110 -10.469669
v 7.560462 -17.983118 -8.539766
v 8.603759 -17.051805 -10.469669
v 8.603759 -17.051805 -10.469669
v 8.603759 -17.051805 -8.539765
v 9.931914 -17.489672 -8.539766
v 9.931914 -17.489672 -10.469669
v 9.931914 -17.489672 -10.469669
v 9.931914 -17.489672 -8.539766
v 10.216788 -18.858866 -8.539766
v 10.216788 -18.858858 -10.469671
v 9.173499 -19.790133 -8.539767
v 10.216788 -18.858858 -10.469671
v 10.216788 -18.858866 -8.539766
v 9.173499 -19.790125 -10.469671
v 8.969115 -18.176851 -7.896465
v 11.068789 -16.189720 -7.896464
v 7.949618 -16.118935 -7.896464
v 10.555785 -18.622820 -7.896466
v 11.241008 -13.798104 -10.576881
v 9.669600 -13.818887 -8.432549
v 11.241008 -13.798104 -8.432549
v 9.669600 -13.818887 -10.576881
v 7.949618 -16.118935 -11.112968
v 8.969115 -18.176851 -7.896465
v 7.949618 -16.118935 -7.896464
v 8.969115 -18.176836 -11.112972
v 10.555785 -18.622820 -7.896466
v 8.969115 -18.176851 -7.896465
v 8.969115 -18.176836 -11.112972
v 10.555785 -18.622812 -11.112972
v 10.555785 -18.622812 -11.112972
v 11.068789 -16.189720 -7.896464
v 10.555785 -18.622820 -7.896466
v 11.068789 -16.189720 -11.112968
v 4.397071 -6.993691 0.586112
v 5.347732 -8.243600 0.392700
v 3.037868 -7.727189 1.325995
v 4.382289 -9.494790 1.052470
v 4.397071 -6.993691 0.586112
v 3.037868 -7.727189 1.325995
v 4.758948 -5.882012 1.652208
v 3.549613 -6.155023 2.833692
v 5.405787 -6.350472 4.067837
v 4.758948 -5.882012 1.652208
v 3.549613 -6.155023 2.833692
v 6.071452 -6.020204 2.524886
v 6.750209 -8.118073 3.794313
v 7.022101 -7.270097 2.331474
v 5.405787 -6.350472 4.067837
v 6.071452 -6.020204 2.524886
v 6.660235 -8.381791 1.265384
v 7.022101 -7.270097 2.331474
v 6.238452 -9.690240 2.286636
v 6.750209 -8.118073 3.794313
v 4.382289 -9.494790 1.052470
v 5.347732 -8.243600 0.392700
v 6.238452 -9.690240 2.286636
v 6.660235 -8.381791 1.265384
v 2.765983 -8.575150 2.788840
v 4.382289 -9.494790 1.052470
v 3.716632 -9.825044 2.595428
v 3.037868 -7.727189 1.325995
v 3.037868 -7.727189 1.325995
v 2.765983 -8.575150 2.788840
v 3.549613 -6.155023 2.833692
v 3.127852 -7.463456 3.854937
v 5.391013 -8.851533 4.534203
v 6.750209 -8.118073 3.794313
v 4.440356 -7.601647 4.727615
v 5.405787 -6.350472 4.067837
v 6.750209 -8.118073 3.794313
v 5.029136 -9.963235 3.468113
v 6.238452 -9.690240 2.286636
v 5.391013 -8.851533 4.534203
v 6.238452 -9.690240 2.286636
v 5.029136 -9.963235 3.468113
v 4.382289 -9.494790 1.052470
v 3.716632 -9.825044 2.595428
v 0.669665 -18.673120 -10.779671
v 0.669665 -18.673120 -11.860064
v 1.171382 -16.745468 -10.790964
v 1.171382 -16.745468 -12.589968
v -2.499528 -18.499063 4.810792
v -2.499528 -18.499063 3.730399
v 0.669665 -18.673143 4.783435
v 0.669665 -18.673136 3.703041
v 0.130443 -6.291734 4.826695
v 3.163360 -9.292962 4.801707
v 0.130443 -6.291734 3.548645
v 3.163360 -9.292962 3.523657
v 0.130443 -6.291726 -10.636665
v 3.163360 -9.292947 -10.661654
v 0.130443 -6.291726 -11.914715
v 3.163360 -9.292947 -11.939701
v -2.499528 -18.499048 -10.752314
v -2.499528 -18.499048 -11.832706
v 0.669665 -18.673120 -10.779671
v 0.669665 -18.673120 -11.860064
v 4.935832 -11.062638 -0.641256
v 3.010665 -7.801370 -0.616186
v 5.575061 -10.442849 -1.504530
v 7.503898 -11.983918 0.598939
v 8.143126 -11.364137 -0.264329
v 9.813514 -10.392968 1.669819
v 9.174285 -11.012734 2.533090
v 9.997256 -8.475312 3.182634
v 9.358474 -9.095239 4.046154
v 8.578078 -11.736909 4.282481
v 8.190623 -12.112573 4.805723
v 7.220969 -11.807801 5.399299
v 5.369113 -7.931375 4.638448
v 4.589561 -8.687219 5.691200
v 3.703589 -6.904145 5.050004
v 6.351268 -6.979127 3.312077
v 3.800792 -5.640191 2.358256
v 8.385367 -10.038148 5.359421
v 3.331904 -5.912805 1.815321
v 3.397258 -7.701371 0.632661
v 3.010665 -7.801370 -0.616186
v 4.935832 -11.062638 -0.641256
v 7.503898 -11.983918 0.598939
v 9.174285 -11.012734 2.533090
v 9.358474 -9.095239 4.046154
v 8.578078 -11.736909 4.282481
v 5.369113 -7.931375 4.638448
v 10.407630 -10.690423 6.388560
v 11.380244 -9.747468 5.074980
v 12.019427 -9.127748 4.211644
v 9.997256 -8.475312 3.182634
v 12.583282 -13.780084 1.153939
v 11.153586 -12.304154 1.154903
v 12.025649 -10.502885 3.093889
v 13.728915 -14.576623 1.430405
v 13.554057 -10.366105 4.323870
v 15.257319 -14.439828 2.660385
v 13.184882 -16.449188 5.459120
v 11.481620 -12.375459 7.122605
v 11.656482 -16.585968 4.229140
v 9.953219 -12.512254 5.892624
v 10.510840 -15.789445 3.952688
v 9.081149 -14.313523 3.953645
v -0.331754 -24.741228 3.957947
v 1.283298 -23.955667 3.957947
v -2.530789 -19.103411 3.957951
v 2.341285 -22.730097 3.957948
v 1.408454 -18.763468 3.957951
v 1.283298 -23.955660 0.741448
v -0.331754 -24.741220 0.741448
v -2.530789 -19.103411 0.741452
v 2.341285 -22.730089 0.741449
v 1.408454 -18.763468 0.741452
v 3.632831 -24.309122 3.959292
v 1.410682 -24.486506 3.959292
v 4.225936 -27.001040 3.959291
v 0.377948 -25.931215 3.959291
v 3.182578 -28.257647 3.959289
v 3.182578 -28.257647 0.742791
v 0.377948 -25.931215 0.742793
v 4.225936 -27.001040 0.742792
v 1.410682 -24.486490 0.742794
v 3.632831 -24.309114 0.742794
v 1.397117 -24.268961 0.006481
v 2.754416 -23.126993 0.006482
v -2.160985 -19.374025 0.006485
v 3.468371 -21.675638 0.006483
v 1.559218 -18.075731 0.006485
v 2.754416 -23.126993 -3.210023
v 1.397117 -24.268961 -3.210024
v -2.160985 -19.374025 -3.210020
v 3.468371 -21.675638 -3.210022
v 1.559218 -18.075731 -3.210019
v 5.218139 -22.661898 0.006482
v 3.057696 -23.211344 0.006482
v 6.714660 -25.502329 0.006480
v 2.276927 -24.781847 0.006481
v 5.885692 -26.862902 0.006480
v 5.885692 -26.862894 -3.210026
v 2.276927 -24.781847 -3.210024
v 6.714660 -25.502329 -3.210024
v 3.057696 -23.211344 -3.210023
v 5.218139 -22.661898 -3.210022
v 3.187396 -23.361345 -3.944997
v 4.204421 -21.894564 -3.944996
v -1.509820 -19.546022 -3.944994
v 4.521930 -20.309122 -3.944994
v 1.751224 -17.321238 -3.944992
v 4.204421 -21.894564 -7.161500
v 3.187396 -23.361345 -7.161501
v -1.509820 -19.546022 -7.161499
v 4.521930 -20.309122 -7.161499
v 1.751224 -17.321238 -7.161498
v 5.072391 -23.743013 -3.944997
v 8.940379 -23.065805 -3.944996
v 8.682384 -21.474199 -3.944995
v 4.652583 -22.028788 -3.944996
v 5.957515 -20.221415 -3.944994
v 8.940379 -23.065805 -7.161501
v 5.072391 -23.743013 -7.161501
v 8.682384 -21.474199 -7.161500
v 4.652583 -22.028788 -7.161500
v 5.957515 -20.221415 -7.161499
v 4.539771 -21.497881 -7.896467
v 5.133632 -19.784143 -7.896467
v -0.980615 -19.018808 -7.896466
v 5.033683 -18.170877 -7.896465
v 1.587813 -15.995980 -7.896464
v 5.133632 -19.784128 -11.112972
v 4.539771 -21.497858 -11.112972
v -0.980615 -19.018793 -11.112972
v 5.033683 -18.170870 -11.112972
v 1.587813 -15.995980 -11.112968
v 6.397491 -17.716471 -7.896465
v 5.601233 -19.798632 -7.896467
v 8.651504 -18.520342 -7.896465
v 6.481685 -21.361155 -7.896467
v 9.379176 -20.020327 -7.896467
v 0.130443 -6.291726 -11.914715
v 0.671313 -4.213708 -10.752008
v 0.130443 -6.291726 -10.636665
v 0.671313 -4.213708 -8.950689
v 0.130443 -6.291726 -3.521425
v 0.671313 -4.213708 -3.521424
v 0.671313 -4.213716 1.857224
v 0.130443 -6.291734 3.548645
v 0.671313 -4.213716 3.658543
v 0.130443 -6.291734 4.826695
v 0.096389 -5.796090 0.360621
v 3.576686 -6.709435 0.360620
v 3.576686 -6.709435 -0.596301
v 3.576686 -6.709428 -1.988007
v 0.096389 -5.796075 -7.515665
v 2.865390 -9.419702 0.360619
v 3.576686 -6.709435 -0.596301
v 3.576686 -6.709435 0.360620
v 3.576686 -6.709435 3.664114
v 2.628295 -10.323113 3.917143
v 1.311007 -13.792802 0.374095
v 1.310973 -13.792802 4.103934
v 0.319392 -17.571573 3.983831
v 0.175265 -18.120859 0.276007
v 1.311042 -13.792802 -2.761472
v 0.175315 -18.120768 -3.528413
v 1.469386 -13.189652 -3.959726
v 0.247531 -17.845499 -7.402223
v 1.469386 -13.189645 -7.606877
v 0.434016 -17.134836 -11.149065
v 1.469386 -13.189645 -11.273056
v 3.397258 -7.701371 0.632661
v 4.036506 -7.081605 -0.230607
v 3.010665 -7.801370 -0.616186
v 3.331904 -5.912805 1.815321
v 3.971152 -5.293023 0.952056
v 4.652232 -4.897035 1.740693
v 3.800792 -5.640191 2.358256
v 4.089732 -5.603768 3.543155
v 3.703589 -6.904145 5.050004
v 11.380244 -9.747468 5.074980
v 12.019427 -9.127748 4.211644
v 11.978335 -8.986794 4.810798
v 10.269866 -10.643243 7.117996
v 10.407630 -10.690423 6.388560
v -2.499528 -18.499063 3.730399
v -2.499528 -18.499063 -3.521433
v -2.596311 -16.571442 3.729249
v -2.596311 -16.571442 -3.521432
v -2.499528 -18.499048 -10.752314
v -2.596311 -16.571434 -10.763605
v 1.310973 -13.792802 4.103934
v 1.311007 -13.792802 0.374095
v 2.024585 -13.460114 4.115317
v 2.024585 -13.460114 0.360616
v 2.024585 -13.460114 -2.425788
v 1.311042 -13.792802 -2.761472
v 9.826644 -8.001351 2.243512
v 9.997256 -8.475312 3.182634
v 9.646712 -9.554772 0.995001
v 9.813514 -10.392968 1.669819
v 8.143126 -11.364137 -0.264329
v 8.311912 -10.308480 -0.534546
v 6.694629 -9.631318 -1.245961
v 5.575061 -10.442849 -1.504530
v 5.233535 -7.710328 -0.948701
v 3.010665 -7.801370 -0.616186
v 4.036506 -7.081605 -0.230607
v 5.333797 -5.364083 0.810027
v 3.971152 -5.293023 0.952056
v 4.652232 -4.897035 1.740693
v 7.402862 -7.395249 0.043012
v 6.694629 -9.631318 -1.245961
v 8.311912 -10.308480 -0.534546
v 9.646712 -9.554772 0.995001
v 9.826644 -8.001351 2.243512
v 7.806437 -5.963960 2.210316
v 10.117541 -7.237931 3.007013
v 12.019427 -9.127748 4.211644
v 7.676909 -5.644967 3.443445
v 4.089732 -5.603768 3.543155
v 9.811072 -7.092309 3.984645
v 11.978335 -8.986794 4.810798
v 8.849963 -7.626397 5.615922
v 10.269866 -10.643243 7.117996
v 6.795871 -6.235246 5.093645
v 7.854594 -8.989228 6.626802
v 10.020103 -11.066224 6.911659
v 5.720443 -7.541886 6.085587
v 3.703589 -6.904145 5.050004
v 4.589561 -8.687219 5.691200
v 7.312381 -9.957704 6.795268
v 7.220969 -11.807801 5.399299
v 8.190623 -12.112573 4.805723
v -2.596311 -16.571442 3.729249
v -2.596311 -16.571442 -3.521432
v 0.130443 -6.291734 3.548645
v 0.130443 -6.291726 -3.521425
v 0.130443 -6.291726 -10.636665
v -2.596311 -16.571434 -10.763605
v -2.499528 -18.499063 3.730399
v -2.499528 -18.499063 4.810792
v -3.696168 -17.915918 4.537409
v -3.696168 -17.915918 3.727916
v -4.294293 -17.332773 4.264025
v -2.499528 -18.499063 -3.521433
v -4.294293 -17.332773 3.122530
v -3.696168 -17.915918 -3.521433
v -3.696168 -17.915903 -10.742615
v -2.499528 -18.499048 -10.752314
v -3.696168 -17.915903 -11.552109
v -2.499528 -18.499048 -11.832706
v -4.294293 -17.332750 -11.271511
v -4.294293 -17.332750 -10.130013
v -4.294293 -17.332773 -3.521432
v -4.847634 -15.985566 -8.951525
v -4.847650 -15.985299 1.948575
v -4.847650 -15.985604 -10.691479
v -4.294293 -17.332750 -11.271511
v -4.847650 -15.985436 -3.521431
v -3.721982 -16.278435 -12.092590
v -3.696168 -17.915903 -11.552109
v -4.450406 -5.542947 -10.174917
v -2.596311 -16.571434 -12.562611
v -2.499528 -18.499048 -11.832706
v 0.669665 -18.673120 -11.860064
v 1.171382 -16.745468 -12.589968
v 3.163360 -9.292947 -11.939701
v 0.130443 -6.291726 -11.914715
v -2.690045 -5.542947 -11.475700
v 0.671313 -4.213708 -10.752008
v -2.256993 -3.395745 -10.895676
v -3.568563 -3.395745 -10.199332
v -3.568563 -3.395745 -8.931479
v -4.450406 -5.542947 -8.564005
v -3.568563 -3.395745 -3.521423
v -4.450406 -5.542947 -3.521425
v -4.450406 -5.542954 1.527613
v -3.568563 -3.395761 1.876433
v -3.568563 -3.395761 2.202403
v -4.450406 -5.542954 3.138527
v -4.847634 -15.985253 3.688529
v -4.294293 -17.332773 4.264025
v -2.690045 -5.542954 4.413496
v -2.256993 -3.395761 3.301367
v 0.671313 -4.213716 3.658543
v 0.130443 -6.291734 4.826695
v -3.721982 -16.278442 5.073937
v -3.696168 -17.915918 4.537409
v -2.596311 -16.571442 5.528252
v 3.163360 -9.292962 4.801707
v -2.499528 -18.499063 4.810792
v 1.171390 -16.745468 5.500894
v 0.669665 -18.673143 4.783435
v 0.671313 -4.213716 1.857224
v -2.256993 -3.395761 3.301367
v 0.671313 -4.213716 3.658543
v -2.256993 -3.395761 1.980663
v -3.568563 -3.395761 2.202403
v -3.568563 -3.395761 1.876433
v -2.256993 -3.395745 -3.521423
v 0.671313 -4.213708 -3.521424
v -3.568563 -3.395745 -3.521423
v 0.671313 -4.213708 -8.950689
v -3.568563 -3.395745 -8.931479
v -2.256993 -3.395745 -9.056740
v 0.671313 -4.213708 -10.752008
v -3.568563 -3.395745 -10.199332
v -2.256993 -3.395745 -10.895676
v 9.763495 -12.264039 4.781830
v 9.896300 -10.896188 5.862212
v 8.537723 -11.017777 4.768905
v 8.404914 -12.385621 3.688522
v 11.122077 -12.142442 5.875144
v 9.630698 -13.631867 3.701455
v 10.989284 -13.510270 4.794762
v 11.006965 -11.058419 3.102588
v 9.781173 -9.812165 3.089663
v 11.139758 -9.690576 4.182971
v 12.365546 -10.936830 4.195896
v 9.648383 -11.180009 2.009274
v 12.232745 -12.304666 3.115521
v 10.874164 -12.426248 2.022213
v 12.422069 -16.511009 3.694685
v 13.270446 -15.638314 4.949454
v 11.777076 -15.003114 4.299666
v 10.928695 -15.875833 3.044898
v 13.915439 -17.146212 4.344460
v 11.573695 -17.383768 2.439883
v 13.067065 -18.018961 3.089664
v 13.665534 -15.305421 2.015431
v 13.020537 -13.797502 2.620425
v 14.513907 -14.432694 3.270199
v 15.158904 -15.940606 2.665218
v 12.172168 -14.670213 1.365650
v 14.310527 -16.813354 1.410416
v 12.817157 -16.178146 0.760635
v 1.218936 -24.315233 1.386088
v -0.150132 -24.029932 1.386088
v 0.781474 -22.986925 1.386089
v 2.150535 -23.272211 1.386089
v 0.287341 -25.358240 1.386087
v 2.588008 -24.600519 1.386087
v 1.656405 -25.643518 1.386087
v 1.218936 -24.315233 3.315991
v 0.781474 -22.986940 3.315992
v -0.150132 -24.029940 3.315991
v 0.287341 -25.358240 3.315990
v 2.150535 -23.272226 3.315992
v 1.656405 -25.643518 3.315990
v 2.588008 -24.600519 3.315991
v 4.454917 -27.084414 1.386086
v 3.211619 -27.724642 1.386086
v 3.278819 -26.327768 1.386086
v 4.522132 -25.687548 1.386087
v 4.387706 -28.481279 1.386085
v 5.698256 -26.444185 1.386086
v 5.631057 -27.841059 1.386086
v 4.454917 -27.084414 3.315989
v 3.278819 -26.327768 3.315990
v 3.211619 -27.724642 3.315989
v 4.387706 -28.481279 3.315988
v 4.522132 -25.687548 3.315990
v 5.631057 -27.841059 3.315989
v 5.698256 -26.444185 3.315990
v 2.839831 -23.074846 -2.566722
v 1.442252 -23.024439 -2.566722
v 2.184691 -21.839304 -2.566721
v 3.582274 -21.889711 -2.566721
v 2.097377 -24.259966 -2.566723
v 4.237399 -23.125261 -2.566722
v 3.494952 -24.310389 -2.566723
v 2.839831 -23.074846 -0.636819
v 2.184691 -21.839304 -0.636818
v 1.442252 -23.024439 -0.636819
v 2.097377 -24.259966 -0.636820
v 3.582274 -21.889711 -0.636818
v 3.494952 -24.310389 -0.636820
v 4.237399 -23.125261 -0.636819
v 6.836967 -25.473589 -2.566724
v 5.650355 -26.213633 -2.566724
v 5.602759 -24.815973 -2.566723
v 6.789374 -24.075914 -2.566722
v 6.884570 -26.871248 -2.566725
v 8.023612 -24.733538 -2.566723
v 8.071197 -26.131205 -2.566724
v 6.836967 -25.473589 -0.636821
v 5.602759 -24.815973 -0.636820
v 5.650355 -26.213633 -0.636821
v 6.884570 -26.871248 -0.636822
v 6.789374 -24.075914 -0.636820
v 8.071197 -26.131205 -0.636821
v 8.023612 -24.733538 -0.636820
v 4.397891 -22.063837 -6.518200
v 3.293414 -22.921663 -6.518201
v 3.102748 -21.536242 -6.518199
v 4.207221 -20.678400 -6.518199
v 4.588550 -23.449251 -6.518201
v 5.502372 -21.206011 -6.518199
v 5.693027 -22.591417 -6.518200
v 4.397891 -22.063837 -4.588297
v 3.102748 -21.536242 -4.588296
v 3.293414 -22.921663 -4.588297
v 4.588550 -23.449251 -4.588298
v 4.207221 -20.678400 -4.588296
v 5.693027 -22.591417 -4.588297
v 5.502372 -21.206011 -4.588296
v 8.937079 -21.439226 -6.518199
v 8.860282 -22.835588 -6.518200
v 7.689395 -22.070879 -6.518200
v 7.766181 -20.674532 -6.518199
v 10.107959 -22.203920 -6.518200
v 9.013888 -20.042833 -6.518199
v 10.184775 -20.807550 -6.518199
v 8.937079 -21.439226 -4.588296
v 7.689395 -22.070879 -4.588297
v 8.860282 -22.835588 -4.588297
v 10.107959 -22.203920 -4.588297
v 7.766181 -20.674532 -4.588296
v 10.184775 -20.807550 -4.588296
v 9.013888 -20.042833 -4.588295
v 5.364120 -19.897982 -10.469671
v 4.517379 -21.010988 -10.469671
v 3.976855 -19.721201 -10.469671
v 4.823600 -18.608187 -10.469669
v 5.904647 -21.187799 -10.469671
v 6.210864 -18.784983 -10.469671
v 6.751380 -20.074785 -10.469671
v 5.364120 -19.898005 -8.539768
v 3.976855 -19.721209 -8.539767
v 4.517379 -21.011003 -8.539768
v 5.904647 -21.187799 -8.539768
v 4.823600 -18.608202 -8.539766
v 6.751380 -20.074793 -8.539768
v 6.210864 -18.784990 -8.539766
v 8.888625 -18.420977 -10.469669
v 9.173499 -19.790125 -10.469671
v 7.845340 -19.352251 -10.469671
v 7.560462 -17.983110 -10.469669
v 10.216788 -18.858858 -10.469671
v 8.603759 -17.051805 -10.469669
v 9.931914 -17.489672 -10.469669
v 8.888625 -18.420992 -8.539766
v 7.845340 -19.352259 -8.539767
v 9.173499 -19.790133 -8.539767
v 10.216788 -18.858866 -8.539766
v 7.560462 -17.983118 -8.539766
v 9.931914 -17.489672 -8.539766
v 8.603759 -17.051805 -8.539765
vn 0.0314 0.0707 -0.9970
vn 0.0314 0.0627 -0.9975
vn 0.0158 0.0630 -0.9979
vn 0.0157 0.0629 -0.9979
vn 0.0157 0.0315 -0.9994
vn 0.8729 -0.4561 -0.1731
vn 0.9187 -0.3769 -0.1178
vn 0.1022 0.3776 -0.9203
vn 0.1023 0.3775 -0.9203
vn 0.9531 -0.2363 -0.1891
vn 0.1727 0.6436 0.7456
vn 0.1727 0.6436 0.7457
vn 0.1727 0.6436 -0.7456
vn 0.1726 0.6436 -0.7456
vn 0.1023 0.3776 0.9203
vn 0.1023 0.3775 0.9203
vn 0.0314 0.0707 0.9970
vn 0.0314 0.0706 0.9970
vn -0.0157 -0.0158 0.9998
vn -0.0158 -0.0157 0.9998
vn -0.0079 -0.0315 0.9995
vn -0.0157 -0.0158 -0.9998
vn -0.0158 -0.0157 -0.9998
vn 0.1336 -0.9899 -0.0471
vn 0.3134 -0.9496 -0.0000
vn 0.9107 0.4083 -0.0628
vn 0.9328 0.3605 -0.0000
vn 0.9972 -0.0236 -0.0707
vn 0.9972 -0.0236 -0.0706
vn 0.9508 -0.2515 -0.1808
vn 0.2518 0.9678 -0.0000
vn 0.0157 0.0629 0.9979
vn 0.0158 0.0630 0.9979
vn 0.0314 0.0550 0.9980
vn -0.0158 -0.0079 0.9998
vn -0.0079 -0.0315 -0.9995
vn -0.0079 -0.0314 -0.9995
vn 0.9115 -0.4086 0.0473
vn 0.9115 -0.4086 0.0472
vn 0.8846 -0.4663 -0.0000
vn 0.9970 -0.0708 0.0313
vn 0.9997 -0.0239 -0.0000
vn 0.9601 -0.2755 0.0472
vn 0.9673 -0.2518 0.0314
vn 0.9707 -0.1737 0.1658
vn 0.9708 -0.1737 0.1657
vn 0.9849 0.1734 -0.0000
vn 0.9849 0.1733 -0.0000
vn 0.9970 -0.0313 0.0707
vn 0.9970 -0.0314 0.0706
vn 0.9995 0.0310 -0.0000
vn 0.9995 0.0313 -0.0000
vn 0.6514 0.0945 0.7528
vn 0.6512 0.0943 0.7530
vn 0.4328 0.8656 0.2518
vn 0.4328 0.8656 0.2517
vn 0.9558 -0.2528 0.1501
vn 0.9309 -0.3630 0.0394
vn 0.3788 -0.8444 -0.3787
vn 0.4974 -0.8368 -0.2289
vn 0.4974 -0.8368 -0.2290
vn 0.1413 -0.9892 0.0392
vn 0.9678 -0.2518 -0.0000
vn 0.9678 -0.2519 -0.0000
vn 0.9262 -0.3768 -0.0157
vn -0.2528 -0.9558 0.1501
vn -0.2527 -0.9558 0.1501
vn -0.2529 -0.9558 0.1500
vn -0.2511 -0.9495 -0.1883
vn -0.2511 -0.9495 -0.1884
vn 0.6460 -0.3939 0.6539
vn 0.6804 -0.4193 0.6010
vn 0.6805 -0.4193 0.6009
vn 0.6805 -0.4194 0.6008
vn 0.5655 0.2749 0.7776
vn 0.5654 0.2750 0.7776
vn 0.8289 0.0867 0.5526
vn 0.8289 0.0868 0.5526
vn 0.7148 -0.1807 0.6755
vn 0.7176 -0.1893 0.6702
vn 0.8672 0.1971 0.4573
vn 0.8672 0.1971 0.4574
vn 0.7542 0.2357 0.6128
vn 0.7542 0.2356 0.6129
vn 0.5902 -0.1416 0.7948
vn 0.5901 -0.1417 0.7948
vn 0.7564 -0.0151 0.6539
vn 0.7564 -0.0155 0.6539
vn 0.7564 -0.0153 0.6539
vn 0.7031 -0.7111 -0.0000
vn 0.6992 -0.7149 -0.0000
vn 0.6992 -0.7149 0.0001
vn 0.1891 0.9766 0.1026
vn 0.1891 0.9766 0.1025
vn 0.3690 0.9261 -0.0786
vn 0.2757 0.9613 -0.0000
vn 0.2757 0.9612 -0.0000
vn -0.0629 -0.8958 -0.4400
vn 0.8025 -0.5661 0.1885
vn 0.5149 0.4991 -0.6970
vn -0.5149 -0.4991 0.6970
vn -0.8025 0.5661 -0.1885
vn -0.8024 0.5662 -0.1886
vn -0.8028 0.5658 -0.1882
vn 0.8023 -0.5662 0.1887
vn 0.8023 -0.5663 0.1888
vn 0.4642 0.2753 -0.8419
vn 0.4246 0.3538 -0.8334
vn 0.5149 0.4990 -0.6971
vn 0.4562 0.3854 -0.8021
vn -0.5999 -0.6867 0.4105
vn -0.5437 -0.6460 0.5358
vn -0.5436 -0.6461 0.5358
vn -0.5148 -0.4990 0.6971
vn -0.5149 -0.4990 0.6971
vn -0.5150 -0.4992 0.6969
vn 0.8118 -0.5438 0.2127
vn 0.8118 -0.5438 0.2128
vn 0.8118 -0.5438 0.2126
vn -0.7455 -0.1412 -0.6514
vn -0.7455 -0.1413 -0.6513
vn -0.7455 -0.1411 -0.6514
vn -0.5589 -0.5981 0.5744
vn -0.5588 -0.5981 0.5745
vn -0.5588 -0.5981 0.5744
vn -0.8571 0.2673 -0.4403
vn -0.8571 0.2674 -0.4403
vn -0.8571 0.2675 -0.4403
vn -0.1183 0.3469 -0.9304
vn -0.1184 0.3470 -0.9304
vn -0.1182 0.3469 -0.9304
vn 0.2437 0.2830 -0.9276
vn 0.3623 -0.0709 -0.9294
vn 0.1183 -0.3470 -0.9304
vn -0.2437 -0.2830 -0.9277
vn -0.2437 -0.2829 -0.9277
vn -0.3624 0.0707 -0.9293
vn -0.3624 0.0708 -0.9293
vn -0.3623 0.0709 -0.9294
vn -0.1182 0.3469 0.9304
vn 0.2437 0.2830 0.9276
vn 0.3624 -0.0707 0.9293
vn 0.1183 -0.3470 0.9304
vn 0.1183 -0.3469 0.9304
vn -0.2437 -0.2830 0.9276
vn -0.3623 0.0709 0.9294
vn 0.2198 0.0550 0.9740
vn 0.2199 0.0550 0.9740
vn 0.2123 0.0629 0.9752
vn -0.0000 -0.0000 1.0000
vn 0.2123 0.0629 -0.9752
vn 0.2122 0.0628 -0.9752
vn 0.2199 0.0550 -0.9740
vn -0.0000 -0.0000 -1.0000
vn 0.3632 0.9317 -0.0000
vn -0.2049 0.3072 -0.9293
vn 0.1653 0.3307 -0.9291
vn 0.3699 0.0238 -0.9288
vn 0.2050 -0.3072 -0.9293
vn 0.2049 -0.3072 -0.9293
vn -0.1653 -0.3307 -0.9291
vn -0.3699 -0.0237 -0.9288
vn -0.3699 -0.0236 -0.9288
vn -0.2048 0.3072 0.9294
vn 0.1653 0.3307 0.9291
vn 0.3699 0.0237 0.9288
vn 0.3699 0.0236 0.9288
vn 0.2051 -0.3072 0.9293
vn -0.1654 -0.3307 0.9291
vn -0.1653 -0.3307 0.9291
vn -0.3699 -0.0236 0.9288
vn -0.3699 -0.0237 0.9288
vn 0.2122 0.0707 0.9747
vn 0.2046 0.0788 0.9757
vn 0.2045 0.0783 0.9757
vn 0.2045 0.0783 -0.9757
vn 0.2121 0.0710 -0.9747
vn 0.2830 0.9591 -0.0000
vn 0.2831 0.9591 -0.0000
vn 0.2832 0.9591 -0.0000
vn -0.2759 0.2442 -0.9296
vn 0.0710 0.3624 -0.9293
vn 0.0711 0.3625 -0.9293
vn 0.3469 0.1183 -0.9304
vn 0.2758 -0.2442 -0.9297
vn -0.0709 -0.3623 -0.9294
vn -0.0710 -0.3624 -0.9293
vn -0.3471 -0.1183 -0.9303
vn -0.3470 -0.1183 -0.9304
vn -0.2758 0.2442 0.9297
vn 0.0709 0.3623 0.9293
vn 0.0709 0.3623 0.9294
vn 0.0710 0.3624 0.9293
vn 0.3469 0.1183 0.9304
vn 0.2758 -0.2442 0.9297
vn -0.0710 -0.3624 0.9293
vn -0.0711 -0.3625 0.9293
vn -0.3469 -0.1183 0.9304
vn 0.0551 0.2124 0.9756
vn 0.0629 0.2124 0.9752
vn 0.0629 0.2124 -0.9752
vn 0.0548 0.2124 -0.9756
vn 0.0550 0.2124 -0.9756
vn 0.0549 0.2124 -0.9756
vn -0.6199 0.7847 -0.0000
vn -0.3307 0.1653 -0.9291
vn -0.0236 0.3700 -0.9287
vn 0.3073 0.2049 -0.9293
vn 0.3072 0.2048 -0.9293
vn 0.3308 -0.1653 -0.9291
vn 0.3308 -0.1652 -0.9291
vn 0.0238 -0.3696 -0.9289
vn 0.0238 -0.3697 -0.9289
vn -0.3073 -0.2049 -0.9293
vn -0.3307 0.1653 0.9291
vn -0.3307 0.1654 0.9291
vn -0.0235 0.3701 0.9287
vn -0.0236 0.3700 0.9287
vn 0.3072 0.2048 0.9293
vn 0.3073 0.2049 0.9293
vn 0.3308 -0.1653 0.9291
vn 0.3308 -0.1652 0.9291
vn 0.0240 -0.3693 0.9290
vn 0.0237 -0.3698 0.9288
vn -0.3074 -0.2051 0.9292
vn -0.3073 -0.2049 0.9293
vn -0.0000 0.2202 0.9754
vn -0.0001 0.2202 0.9755
vn -0.0001 0.2202 0.9754
vn 0.0078 0.2203 0.9754
vn 0.0079 0.2202 -0.9754
vn -0.0000 0.2202 -0.9754
vn 0.9975 -0.0707 -0.0000
vn 0.9975 -0.0708 -0.0000
vn 0.9975 -0.0706 -0.0000
vn -0.8018 0.5975 -0.0000
vn -0.8019 0.5974 -0.0000
vn -0.3765 0.6432 0.6667
vn -0.3765 0.6431 0.6668
vn -0.3765 0.6431 0.6669
vn -0.7294 -0.6039 0.3215
vn -0.8203 -0.2367 0.5206
vn -0.5584 -0.0787 0.8258
vn -0.2038 -0.2978 0.9326
vn -0.1104 -0.6705 0.7336
vn -0.1105 -0.6705 0.7336
vn -0.3710 -0.8209 0.4341
vn 0.9659 -0.2590 -0.0000
vn 0.9658 -0.2591 -0.0000
vn 0.9658 -0.2592 -0.0000
vn 0.9658 -0.2593 -0.0000
vn -0.0078 0.0001 -1.0000
vn -0.0079 -0.0000 -1.0000
vn -0.0078 -0.0000 -1.0000
vn -0.0236 -0.0158 -0.9996
vn -0.0079 -0.0235 -0.9997
vn -0.0000 -0.0079 1.0000
vn 0.0078 -0.0159 0.9998
vn 0.0078 -0.0158 0.9998
vn 0.0079 0.0078 0.9999
vn 0.0079 0.0001 1.0000
vn 0.0079 -0.0000 1.0000
vn 0.2519 0.9678 -0.0000
vn 0.9999 -0.0155 -0.0000
vn 0.9999 -0.0159 -0.0000
vn 0.1338 -0.9910 -0.0000
vn 0.1337 -0.9910 -0.0000
vn 0.1339 -0.9910 -0.0000
vn 0.9381 -0.3465 -0.0000
vn 0.9380 -0.3468 -0.0000
vn 0.9380 -0.3466 -0.0000
vn -0.2519 -0.9677 -0.0000
vn -0.2518 -0.9678 -0.0000
vn -0.2512 -0.9653 -0.0707
vn -0.2511 -0.9654 -0.0706
vn -0.2512 -0.9654 -0.0707
vn 0.5967 -0.7926 -0.1256
vn 0.5965 -0.7927 -0.1256
vn -0.2997 -0.6547 -0.6939
vn -0.2997 -0.6548 -0.6939
vn -0.2997 -0.6546 -0.6940
vn -0.3610 0.8632 0.3530
vn -0.3610 0.8634 0.3526
vn -0.8540 0.3717 -0.3640
vn -0.8541 0.3717 -0.3638
vn -0.8541 0.3717 -0.3639
vn -0.4966 -0.4887 -0.7173
vn -0.4966 -0.4888 -0.7173
vn 0.3610 -0.8634 -0.3526
vn 0.3610 -0.8634 -0.3525
vn 0.8541 -0.3717 0.3639
vn 0.8541 -0.3717 0.3638
vn 0.4966 0.4887 0.7173
vn 0.3610 -0.8632 -0.3530
vn 0.3610 -0.8632 -0.3529
vn -0.5044 -0.4808 -0.7172
vn -0.7981 0.5769 -0.1739
vn -0.3609 0.8631 0.3532
vn -0.3610 0.8634 0.3525
vn 0.7796 0.0709 0.6222
vn 0.7797 0.0709 0.6222
vn -0.2909 -0.6606 -0.6921
vn -0.2912 -0.6606 -0.6920
vn -0.2911 -0.6606 -0.6920
vn 0.0708 0.7865 0.6135
vn -0.7071 0.7070 -0.0158
vn -0.7070 0.7070 -0.0157
vn -0.7069 0.7072 -0.0156
vn -0.7723 -0.0788 -0.6303
vn -0.7724 -0.0788 -0.6303
vn -0.7722 -0.0788 -0.6304
vn -0.0708 -0.7865 -0.6135
vn 0.7071 -0.7070 0.0157
vn 0.7070 -0.7070 0.0157
vn 0.7069 -0.7072 0.0155
vn 0.7724 0.0788 0.6303
vn 0.7723 0.0788 0.6304
vn 0.7722 0.0788 0.6304
vn 0.7723 0.0788 0.6303
vn -0.3398 -0.6243 -0.7034
vn -0.3399 -0.6244 -0.7033
vn -0.5597 0.8120 0.1656
vn 0.0707 0.7865 0.6135
vn 0.8448 -0.4262 0.3236
vn 0.8447 -0.4263 0.3237
vn 0.4409 -0.8976 -0.0000
vn 0.4408 -0.8976 -0.0000
vn 0.7570 -0.6535 -0.0000
vn 0.7567 -0.6538 -0.0000
vn 0.9737 0.2279 -0.0000
vn 0.9737 0.2278 -0.0000
vn -0.9318 -0.3629 -0.0000
vn -0.9316 -0.3634 -0.0000
vn -0.0860 0.9963 -0.0000
vn -0.3302 0.9439 -0.0000
vn -0.3305 0.9438 -0.0000
vn -0.3301 0.9439 -0.0000
vn 0.6540 0.7565 -0.0000
vn 0.6538 0.7567 -0.0000
vn 0.6539 0.7565 -0.0000
vn 0.9820 -0.1886 -0.0000
vn 0.9821 -0.1886 -0.0000
vn 0.9821 -0.1885 -0.0000
vn 0.3303 -0.9439 -0.0000
vn 0.3302 -0.9439 -0.0000
vn 0.3304 -0.9438 -0.0000
vn -0.6541 -0.7564 -0.0000
vn -0.6540 -0.7565 -0.0000
vn -0.9820 0.1886 -0.0000
vn -0.9821 0.1884 -0.0000
vn -0.9821 0.1885 -0.0000
vn -0.7455 0.6665 -0.0000
vn -0.7454 0.6667 -0.0000
vn 0.2052 0.9787 -0.0000
vn 0.2050 0.9788 -0.0000
vn 0.2051 0.9787 -0.0000
vn 0.9496 0.3135 -0.0000
vn 0.9495 0.3139 -0.0000
vn 0.9495 0.3137 -0.0000
vn 0.7455 -0.6665 -0.0000
vn 0.7454 -0.6667 -0.0000
vn 0.7453 -0.6667 -0.0000
vn -0.2052 -0.9787 -0.0000
vn -0.2051 -0.9787 -0.0000
vn -0.9495 -0.3139 -0.0000
vn -0.9495 -0.3137 -0.0000
vn -0.9495 -0.3138 -0.0000
vn -0.9496 -0.3135 -0.0000
vn 0.7708 -0.6371 -0.0000
vn 0.9771 0.2128 -0.0000
vn -0.0786 0.9969 -0.0000
vn -0.0788 0.9969 -0.0000
vn -0.0787 0.9969 -0.0000
vn -0.8122 0.5834 -0.0000
vn -0.6371 -0.7708 -0.0000
vn -0.6372 -0.7707 -0.0000
vn -0.6371 -0.7707 -0.0000
vn -0.9989 0.0476 -0.0000
vn -0.9988 0.0481 -0.0000
vn -0.9989 0.0475 -0.0000
vn -0.4568 0.8896 -0.0000
vn -0.4565 0.8897 -0.0000
vn -0.4567 0.8896 -0.0000
vn 0.5416 0.8406 -0.0000
vn 0.5418 0.8405 -0.0000
vn 0.9989 -0.0476 -0.0000
vn 0.9988 -0.0481 -0.0000
vn 0.4568 -0.8896 -0.0000
vn 0.4566 -0.8897 -0.0000
vn -0.5416 -0.8406 -0.0000
vn -0.5418 -0.8405 -0.0000
vn 0.1961 -0.9806 -0.0000
vn 0.1962 -0.9806 -0.0000
vn 0.1964 -0.9805 -0.0000
vn 0.9591 0.2830 -0.0000
vn 0.9591 0.2829 -0.0000
vn -0.6671 0.7449 -0.0000
vn -0.6667 0.7453 -0.0000
vn -0.9997 0.0236 -0.0000
vn -0.9997 0.0231 -0.0000
vn 0.0473 -0.9989 -0.0000
vn 0.0476 -0.9989 -0.0000
vn 0.6455 -0.7637 -0.0000
vn 0.6455 -0.7638 -0.0000
vn 0.6456 -0.7637 -0.0000
vn 0.8973 -0.4414 -0.0000
vn 0.8815 0.4722 -0.0000
vn -0.8085 -0.5885 -0.0000
vn -0.8084 -0.5887 -0.0000
vn -0.3299 0.9440 -0.0000
vn -0.5602 0.8284 -0.0000
vn -0.5602 0.8283 -0.0000
vn 0.4410 0.8975 -0.0000
vn 0.4406 0.8977 -0.0000
vn 0.4407 0.8976 -0.0000
vn 0.4409 0.8975 -0.0000
vn 0.9975 0.0707 -0.0000
vn 0.9975 0.0706 -0.0000
vn 0.9975 0.0705 -0.0000
vn 0.5601 -0.8284 -0.0000
vn 0.5602 -0.8284 -0.0000
vn -0.4409 -0.8976 -0.0000
vn -0.9975 -0.0707 -0.0000
vn -0.9975 -0.0705 -0.0000
vn -0.8497 0.5272 -0.0000
vn 0.0393 0.9992 -0.0000
vn 0.8847 0.4661 -0.0000
vn 0.8847 0.4662 -0.0000
vn 0.8498 -0.5272 -0.0000
vn 0.8497 -0.5272 -0.0000
vn -0.0393 -0.9992 -0.0000
vn -0.0394 -0.9992 -0.0000
vn -0.8847 -0.4661 -0.0000
vn 0.8534 -0.5213 -0.0000
vn 0.8533 -0.5214 -0.0000
vn -0.2446 0.9696 -0.0000
vn -0.2445 0.9697 -0.0000
vn -0.2444 0.9697 -0.0000
vn -0.8944 0.4472 -0.0000
vn -0.8945 0.4471 -0.0000
vn -0.4971 -0.8677 -0.0000
vn -0.4970 -0.8678 -0.0000
vn -0.4969 -0.8678 -0.0000
vn -0.9995 -0.0317 -0.0000
vn -0.9995 -0.0316 -0.0000
vn -0.5272 0.8497 -0.0000
vn -0.5272 0.8498 -0.0000
vn -0.5271 0.8498 -0.0000
vn 0.4722 0.8815 -0.0000
vn 0.4721 0.8815 -0.0000
vn 0.9995 0.0315 -0.0000
vn 0.9995 0.0316 -0.0000
vn 0.5271 -0.8498 -0.0000
vn 0.5272 -0.8498 -0.0000
vn -0.4721 -0.8815 -0.0000
vn -0.4722 -0.8815 -0.0000
vn -0.4721 -0.8816 -0.0000
vn 0.2759 -0.9612 -0.0000
vn 0.2758 -0.9612 -0.0000
vn 0.2757 -0.9612 -0.0000
vn 0.9353 0.3538 -0.0000
vn 0.9353 0.3537 -0.0000
vn -0.7266 0.6870 -0.0000
vn -0.7264 0.6872 -0.0000
vn -0.9995 -0.0315 -0.0000
vn 0.1106 -0.9939 -0.0000
vn 0.1104 -0.9939 -0.0000
vn 0.1105 -0.9939 -0.0000
vn 0.8222 -0.5692 -0.0000
vn 0.8221 -0.5694 -0.0000
vn 0.8220 -0.5695 -0.0000
vn 0.9805 -0.1964 -0.0000
vn 0.7341 0.6790 -0.0000
vn 0.7342 0.6789 -0.0000
vn 0.7341 0.6791 -0.0000
vn -0.6285 -0.7778 -0.0000
vn -0.6287 -0.7777 -0.0000
vn -0.5655 0.8247 -0.0000
vn -0.5654 0.8248 -0.0000
vn -0.5655 0.8248 -0.0000
vn -0.7526 0.6584 -0.0000
vn 0.1961 0.9806 -0.0000
vn 0.1962 0.9806 -0.0000
vn 0.1960 0.9806 -0.0000
vn 0.9464 0.3230 -0.0000
vn 0.9464 0.3229 -0.0000
vn 0.9465 0.3226 -0.0000
vn 0.7526 -0.6584 -0.0000
vn -0.1961 -0.9806 -0.0000
vn -0.1962 -0.9806 -0.0000
vn -0.9463 -0.3234 -0.0000
vn -0.9463 -0.3233 -0.0000
vn -0.9464 -0.3229 -0.0000
vn -0.9465 -0.3226 -0.0000
vn -0.9910 -0.1338 -0.0000
vn -0.9910 -0.1340 -0.0000
vn -0.6150 0.7885 -0.0000
vn -0.6150 0.7886 -0.0000
vn 0.3773 0.9261 -0.0000
vn 0.3766 0.9264 -0.0000
vn 0.9910 0.1338 -0.0000
vn 0.9910 0.1339 -0.0000
vn 0.6150 -0.7885 -0.0000
vn -0.3773 -0.9261 -0.0000
vn 0.9874 0.1580 -0.0000
vn 0.9874 0.1581 -0.0000
vn 0.4186 0.9082 -0.0000
vn 0.4185 0.9082 -0.0000
vn 0.4187 0.9081 -0.0000
vn -0.8121 0.5836 -0.0000
vn -0.8121 0.5835 -0.0000
vn -0.9714 -0.2373 -0.0000
vn -0.9715 -0.2370 -0.0000
vn 0.1734 -0.9849 -0.0000
vn 0.1731 -0.9849 -0.0000
vn 0.1730 -0.9849 -0.0000
vn -0.5456 -0.8381 -0.0000
vn -0.9985 0.0549 -0.0000
vn -0.9985 0.0552 -0.0000
vn -0.4504 0.8928 -0.0000
vn 0.5456 0.8381 -0.0000
vn 0.9985 -0.0549 -0.0000
vn 0.9985 -0.0553 -0.0000
vn 0.4504 -0.8928 -0.0000
vn 0.4506 -0.8927 -0.0000
vn 0.9463 -0.3234 -0.0000
vn 0.9463 -0.3233 -0.0000
vn 0.2443 0.9697 -0.0000
vn -0.9802 -0.1978 -0.0000
vn -0.9802 -0.1979 -0.0000
vn -0.9803 -0.1977 -0.0000
vn -0.9802 -0.1981 -0.0000
vn -0.5360 -0.8442 -0.0000
vn -0.5364 -0.8440 -0.0000
vn -0.5366 -0.8439 -0.0000
vn 0.8816 -0.4720 -0.0000
vn 0.8815 -0.4723 -0.0000
vn 0.8815 -0.4722 -0.0000
vn 0.9439 -0.3303 -0.0000
vn 0.9439 -0.3302 -0.0000
vn 0.9980 0.0628 -0.0000
vn 0.9980 0.0627 -0.0000
vn 0.9980 0.0629 -0.0000
vn 0.5363 0.8440 -0.0000
vn 0.5364 0.8440 -0.0000
vn 0.5365 0.8439 -0.0000
vn -0.4097 -0.9122 -0.0000
vn -0.4091 -0.9125 -0.0000
vn -0.4092 -0.9124 -0.0000
vn -0.7637 0.6456 -0.0000
vn -0.7636 0.6456 -0.0000
vn -0.8975 0.4409 -0.0000
vn -0.8975 0.4410 -0.0000
vn -0.0629 0.9980 -0.0000
vn 0.8308 0.5566 -0.0000
vn 0.8308 0.5565 -0.0000
vn 0.8309 0.5565 -0.0000
vn 0.8975 -0.4409 -0.0000
vn 0.8975 -0.4411 -0.0000
vn 0.8975 -0.4410 -0.0000
vn 0.0631 -0.9980 -0.0000
vn 0.0630 -0.9980 -0.0000
vn 0.0628 -0.9980 -0.0000
vn -0.8308 -0.5565 -0.0000
vn -0.8309 -0.5564 -0.0000
vn -0.9223 -0.3865 -0.0000
vn -0.7956 0.6059 -0.0000
vn -0.7952 0.6063 -0.0000
vn -0.7952 0.6064 -0.0000
vn -0.7953 0.6062 -0.0000
vn 0.1264 0.9920 -0.0000
vn 0.1259 0.9920 -0.0000
vn 0.9223 0.3865 -0.0000
vn 0.7953 -0.6062 -0.0000
vn 0.7954 -0.6061 -0.0000
vn -0.1261 -0.9920 -0.0000
vn -0.1264 -0.9920 -0.0000
vn 0.9007 0.4345 -0.0000
vn 0.9006 0.4346 -0.0000
vn 0.3373 0.9414 -0.0000
vn -0.9353 0.3537 -0.0000
vn -0.9354 0.3537 -0.0000
vn -0.8730 -0.4877 -0.0000
vn -0.8730 -0.4876 -0.0000
vn -0.8731 -0.4876 -0.0000
vn 0.4187 -0.9081 -0.0000
vn 0.4186 -0.9082 -0.0000
vn -0.3136 -0.9496 -0.0000
vn -0.3137 -0.9495 -0.0000
vn -0.3140 -0.9494 -0.0000
vn -0.9787 -0.2052 -0.0000
vn -0.9787 -0.2051 -0.0000
vn -0.6669 0.7451 -0.0000
vn -0.6666 0.7454 -0.0000
vn -0.6668 0.7453 -0.0000
vn 0.3137 0.9495 -0.0000
vn 0.3131 0.9497 -0.0000
vn 0.9787 0.2052 -0.0000
vn 0.9787 0.2051 -0.0000
vn 0.6667 -0.7453 -0.0000
vn 0.6666 -0.7454 -0.0000
vn -0.0157 0.9999 -0.0000
vn -0.8976 -0.4409 -0.0000
vn -0.8975 -0.4410 -0.0000
vn -0.2685 -0.9633 -0.0000
vn -0.2684 -0.9633 -0.0000
vn -0.2686 -0.9633 -0.0000
vn 0.9787 -0.2053 -0.0000
vn 0.9787 -0.2051 -0.0000
vn 0.9787 -0.2052 -0.0000
vn -0.4027 -0.1658 -0.9002
vn -0.4026 -0.1658 -0.9002
vn -0.6062 0.6456 -0.4645
vn -0.0316 0.9798 0.1975
vn -0.0315 0.9798 0.1975
vn 0.7477 0.5037 0.4328
vn 0.9518 -0.3067 0.0001
vn 0.9518 -0.3068 -0.0001
vn 0.9518 -0.3068 -0.0000
vn 0.3765 -0.6432 -0.6667
vn 0.3765 -0.6430 -0.6669
vn 0.3765 -0.6432 -0.6668
vn 0.3765 -0.6431 -0.6668
vn -0.7477 -0.5037 -0.4328
vn -0.7476 -0.5037 -0.4328
vn -0.9518 0.3068 -0.0000
vn -0.9518 0.3067 -0.0001
vn 0.4027 0.1658 0.9002
vn 0.4026 0.1658 0.9002
vn 0.6062 -0.6456 0.4645
vn 0.0315 -0.9798 -0.1975
vn 0.0316 -0.9798 -0.1975
vn -0.0548 -0.9985 -0.0000
vn -0.0552 -0.9985 -0.0000
vn -0.0553 -0.9985 -0.0000
vn 0.7034 0.7108 -0.0000
vn 0.7030 0.7111 -0.0000
vn -0.6711 -0.7342 -0.1024
vn -0.9897 -0.0234 -0.1412
vn -0.2208 -0.7090 -0.6698
vn -0.0792 -0.9867 0.1422
vn 0.3223 -0.8648 -0.3851
vn 0.7261 -0.6865 0.0396
vn 0.3693 -0.7310 0.5737
vn 0.0237 -0.9287 -0.3700
vn -0.5662 -0.4090 -0.7156
vn -0.4808 -0.5044 -0.7172
vn -0.5275 -0.4566 -0.7164
vn -0.4328 -0.6375 -0.6374
vn -0.5917 -0.8048 0.0473
vn -0.9205 0.0631 0.3856
vn 0.1340 -0.3227 -0.9370
vn -0.9051 0.4249 0.0159
vn -0.8128 -0.2606 0.5209
vn -0.9897 -0.0234 -0.1415
vn -0.6711 -0.7342 -0.1028
vn -0.0789 -0.9867 0.1419
vn 0.3694 -0.7310 0.5738
vn 0.0234 -0.9288 -0.3699
vn 0.5149 0.4991 -0.6969
vn 0.2525 -0.5128 -0.8205
vn 0.0238 -0.8219 -0.5691
vn 0.0237 -0.8220 -0.5691
vn 0.5148 0.4990 -0.6971
vn 0.5148 0.4989 -0.6972
vn -0.5150 -0.4991 0.6969
vn 0.2519 0.9677 -0.0000
vn 0.9677 -0.2519 -0.0000
vn -0.8130 -0.2603 0.5209
vn -0.8364 0.4735 -0.2762
vn -0.9897 -0.0236 -0.1414
vn -0.9050 0.4251 0.0156
vn -0.6002 0.7898 0.1264
vn -0.9206 0.0627 0.3854
vn -0.7467 0.6443 0.1651
vn -0.8557 0.4789 0.1962
vn 0.8025 -0.5661 0.1886
vn 0.8024 -0.5662 0.1887
vn 0.8022 -0.5664 0.1889
vn 0.8023 -0.5663 0.1887
vn 0.9989 0.0473 -0.0000
vn 0.9989 0.0472 -0.0000
vn 0.4250 -0.9052 -0.0000
vn 0.9859 0.0237 -0.1656
vn 0.9844 0.0315 -0.1732
vn 0.9179 -0.1255 -0.3766
vn 0.9187 -0.1178 -0.3769
vn 0.5830 -0.2758 -0.7642
vn 0.5664 -0.2911 -0.7710
vn 0.2526 -0.0947 -0.9629
vn 0.1024 0.0630 -0.9927
vn 0.0392 0.4468 -0.8938
vn -0.1499 0.4103 -0.8995
vn -0.1177 0.5883 -0.8000
vn 0.1582 0.7514 -0.6406
vn -0.0315 0.7488 -0.6621
vn 0.1883 0.9730 -0.1334
vn 0.5112 0.4876 -0.7078
vn 0.4153 0.3527 -0.8385
vn 0.5590 0.3228 -0.7637
vn 0.6466 0.3786 -0.6623
vn 0.6378 0.4646 -0.6143
vn 0.4894 0.7736 -0.4026
vn 0.6459 0.7088 -0.2836
vn 0.7341 0.6393 -0.2289
vn 0.3465 0.9136 0.2127
vn -0.0709 0.8511 0.5201
vn 0.5725 0.7921 0.2118
vn 0.5612 0.7272 0.3952
vn 0.3386 0.6614 0.6693
vn 0.0943 0.3146 0.9445
vn 0.1021 0.7304 0.6754
vn 0.0079 0.2996 0.9540
vn -0.1731 -0.4404 0.8809
vn -0.1882 0.4235 0.8861
vn -0.2761 0.4736 0.8363
vn -0.4562 -0.1258 0.8809
vn -0.2678 -0.1418 0.9530
vn -0.2765 -0.6874 0.6716
vn -0.0079 -0.8928 0.4504
vn 0.9659 -0.2591 -0.0000
vn -0.4408 -0.8976 -0.0000
vn -0.3223 -0.6288 0.7077
vn -0.5752 -0.6619 0.4807
vn -0.5748 -0.8183 -0.0000
vn -0.8263 -0.4723 0.3068
vn -0.8285 -0.5600 -0.0000
vn -0.6199 -0.7847 -0.0000
vn -0.5747 -0.8184 -0.0000
vn -0.5752 -0.6619 -0.4806
vn -0.3293 -0.6272 -0.7059
vn -0.8263 -0.4723 -0.3068
vn -0.8288 -0.5596 -0.0000
vn -0.8643 -0.5029 -0.0000
vn -0.9848 -0.1735 -0.0000
vn -0.9196 -0.1100 -0.3772
vn -0.8263 -0.4721 -0.3071
vn -0.9947 -0.1027 -0.0000
vn -0.5414 -0.0471 -0.8395
vn -0.5752 -0.6619 -0.4807
vn -0.9322 0.2133 -0.2925
vn -0.1739 -0.1580 -0.9720
vn -0.3292 -0.6272 -0.7059
vn -0.0236 -0.3536 -0.9351
vn -0.0157 -0.1337 -0.9909
vn 0.0236 0.0706 -0.9972
vn -0.1178 0.1963 -0.9735
vn -0.3710 0.2289 -0.9000
vn 0.0550 0.3695 -0.9276
vn -0.1726 0.2902 -0.9413
vn -0.7234 0.3460 -0.5975
vn -0.9250 0.3799 -0.0000
vn -0.9772 0.2122 -0.0000
vn -0.9771 0.2126 -0.0000
vn -0.9715 0.2369 -0.0000
vn -0.7959 0.4728 0.3782
vn -0.9112 0.2357 0.3380
vn -0.9168 -0.1097 0.3839
vn -0.8264 -0.4721 0.3071
vn -0.3858 0.3385 0.8582
vn -0.2904 0.4865 0.8240
vn 0.0079 0.4723 0.8814
vn -0.1022 0.1966 0.9751
vn -0.5358 -0.0473 0.8430
vn -0.1573 -0.1572 0.9750
vn 0.0393 0.0706 0.9967
vn -0.3222 -0.6288 0.7077
vn -0.0000 -0.1337 0.9910
vn -0.0080 -0.3468 0.9379
vn 0.2690 0.9631 -0.0000
vn 0.1809 0.9835 -0.0000
vn 0.1105 0.9939 -0.0000
vn -0.0000 1.0000 -0.0000
vn 0.1337 0.9910 -0.0000
vn 0.2684 0.9633 -0.0000
vn 0.2686 0.9633 -0.0000
vn 0.1338 0.9910 -0.0000
vn 0.5150 0.4992 -0.6968
vn -0.5148 -0.4989 0.6972
vn 0.5150 0.4992 -0.6969
vt 0.991699 0.427246
vt 0.991699 0.398438
vt 0.975586 0.418945
vt 0.975586 0.430664
vt 0.975586 0.402344
vt 0.979492 0.435059
vt 0.960938 0.418945
vt 0.960938 0.430664
vt 0.975586 0.395996
vt 0.991699 0.380859
vt 0.960938 0.409668
vt 0.970215 0.395996
vt 0.960938 0.380859
vt 0.960938 0.402344
vt 0.970215 0.380859
vt 0.914062 0.380859
vt 0.914062 0.395996
vt 0.922852 0.380859
vt 0.922852 0.402344
vt 0.908691 0.402344
vt 0.908691 0.395996
vt 0.893066 0.401367
vt 0.893066 0.380859
vt 0.893066 0.428711
vt 0.908691 0.420410
vt 0.905762 0.437988
vt 0.893066 0.456543
vt 0.907715 0.454590
vt 0.991699 0.456543
vt 0.960938 0.435059
vt 0.948242 0.402832
vt 0.908691 0.435059
vt 0.977539 0.454590
vt 0.943848 0.417969
vt 0.945801 0.430664
vt 0.945312 0.407715
vt 0.926758 0.415039
vt 0.940430 0.404785
vt 0.945312 0.400391
vt 0.938965 0.400391
vt 0.943359 0.404785
vt 0.937500 0.409668
vt 0.927734 0.402344
vt 0.935547 0.400391
vt 0.922852 0.413574
vt 0.943359 0.409668
vt 0.939941 0.417969
vt 0.937012 0.435059
vt 0.944824 0.435059
vt 0.941895 0.431641
vt 0.938965 0.437988
vt 0.939941 0.409668
vt 0.924316 0.463379
vt 0.924316 0.454102
vt 0.907715 0.463379
vt 0.959961 0.463379
vt 0.977539 0.463379
vt 0.959961 0.454102
vt 0.952637 0.352539
vt 0.951660 0.346680
vt 0.945801 0.363770
vt 0.916992 0.363770
vt 0.913574 0.363770
vt 0.913574 0.367676
vt 0.821777 0.279785
vt 0.798828 0.279785
vt 0.815918 0.284668
vt 0.804688 0.284668
vt 0.798828 0.298828
vt 0.815918 0.293945
vt 0.804688 0.293945
vt 0.821777 0.298828
vt 0.821289 0.020508
vt 0.814941 0.013184
vt 0.804688 0.029297
vt 0.821289 0.029297
vt 0.788574 0.017090
vt 0.803711 0.008789
vt 0.788574 0.029297
vt 0.821289 0.058105
vt 0.821289 0.049316
vt 0.814941 0.065430
vt 0.804688 0.049316
vt 0.788574 0.049316
vt 0.788574 0.061523
vt 0.803711 0.069824
vt 0.833008 0.049316
vt 0.842285 0.049316
vt 0.833008 0.029297
vt 0.842285 0.029297
vt 0.854004 0.049316
vt 0.854004 0.029297
vt 0.881348 0.285645
vt 0.875488 0.296387
vt 0.887695 0.296387
vt 0.894043 0.285645
vt 0.887695 0.274414
vt 0.875488 0.274414
vt 0.869141 0.285645
vt 0.912598 0.285645
vt 0.918945 0.274414
vt 0.906738 0.274414
vt 0.925293 0.285156
vt 0.918945 0.296387
vt 0.906738 0.296387
vt 0.900391 0.285645
vt 0.919434 0.023438
vt 0.932617 0.016602
vt 0.918457 0.007324
vt 0.932617 0.023438
vt 0.906738 0.013672
vt 0.906738 0.023438
vt 0.932617 0.039551
vt 0.919434 0.039551
vt 0.932617 0.046387
vt 0.918457 0.055664
vt 0.906738 0.039551
vt 0.906738 0.049316
vt 0.941895 0.023438
vt 0.941895 0.039551
vt 0.958496 0.023438
vt 0.958496 0.039551
vt 0.875000 0.296387
vt 0.887207 0.296387
vt 0.893555 0.285645
vt 0.887207 0.274414
vt 0.875000 0.274414
vt 0.868652 0.285645
vt 0.918457 0.274414
vt 0.906250 0.274414
vt 0.924805 0.285156
vt 0.918457 0.296387
vt 0.906250 0.296387
vt 0.899902 0.285645
vt 0.932129 0.016602
vt 0.932129 0.023438
vt 0.932129 0.039551
vt 0.932129 0.046387
vt 0.941406 0.039551
vt 0.941406 0.023438
vt 0.906250 0.013672
vt 0.906250 0.023438
vt 0.906250 0.039551
vt 0.906250 0.049316
vt 0.923340 0.099609
vt 0.909180 0.108398
vt 0.931152 0.107422
vt 0.845703 0.246094
vt 0.836426 0.246094
vt 0.845703 0.256348
vt 0.836426 0.256348
vt 0.822754 0.264160
vt 0.827148 0.256348
vt 0.817871 0.256348
vt 0.832031 0.264160
vt 0.840820 0.264160
vt 0.794922 0.264160
vt 0.799805 0.256348
vt 0.790527 0.256348
vt 0.804199 0.264160
vt 0.809082 0.256348
vt 0.813477 0.264160
vt 0.756836 0.333496
vt 0.764160 0.333496
vt 0.761719 0.325195
vt 0.757324 0.325195
vt 0.760254 0.365234
vt 0.754883 0.365234
vt 0.877930 0.333008
vt 0.882812 0.364746
vt 0.885254 0.332520
vt 0.887695 0.364258
vt 0.789551 0.478027
vt 0.790039 0.470215
vt 0.775391 0.476074
vt 0.774902 0.466797
vt 0.791016 0.425293
vt 0.774902 0.434082
vt 0.867188 0.434570
vt 0.851074 0.425293
vt 0.851562 0.470215
vt 0.866699 0.467773
vt 0.852051 0.478516
vt 0.866211 0.476562
vt 0.924805 0.435059
vt 0.942383 0.463379
vt 0.942383 0.454102
vt 0.895508 0.363770
vt 0.895508 0.367676
vt 0.872559 0.166016
vt 0.872559 0.178223
vt 0.880371 0.166016
vt 0.880371 0.178223
vt 0.864746 0.166016
vt 0.864746 0.178223
vt 0.856934 0.166016
vt 0.856934 0.178223
vt 0.849121 0.166016
vt 0.849121 0.178223
vt 0.841309 0.166016
vt 0.841309 0.178223
vt 0.833496 0.166016
vt 0.833496 0.178223
vt 0.867188 0.151367
vt 0.877930 0.151367
vt 0.867188 0.130371
vt 0.877930 0.130371
vt 0.845703 0.151367
vt 0.859863 0.151367
vt 0.845703 0.130371
vt 0.859863 0.130371
vt 0.831055 0.151367
vt 0.831055 0.130371
vt 0.819824 0.151367
vt 0.819824 0.130371
vt 0.791992 0.151367
vt 0.791992 0.130371
vt 0.872559 0.076660
vt 0.880371 0.076660
vt 0.872559 0.064453
vt 0.880371 0.064453
vt 0.864746 0.064453
vt 0.864746 0.076660
vt 0.856934 0.076660
vt 0.856934 0.064453
vt 0.849121 0.064453
vt 0.849121 0.076660
vt 0.841309 0.064453
vt 0.841309 0.076660
vt 0.833496 0.076660
vt 0.833496 0.064453
vt 0.870117 0.029297
vt 0.870117 0.049316
vt 0.880859 0.049316
vt 0.880859 0.029297
vt 0.978516 0.231445
vt 0.988281 0.231445
vt 0.988281 0.214355
vt 0.978516 0.214355
vt 0.972168 0.231445
vt 0.972168 0.214355
vt 0.949219 0.214355
vt 0.949219 0.231445
vt 0.898926 0.231445
vt 0.931152 0.214355
vt 0.898926 0.214355
vt 0.931152 0.231445
vt 0.989746 0.260254
vt 0.989746 0.248047
vt 0.981934 0.248047
vt 0.981934 0.260254
vt 0.974121 0.248047
vt 0.974121 0.260254
vt 0.966309 0.248047
vt 0.966309 0.260254
vt 0.958496 0.248047
vt 0.958496 0.260254
vt 0.950684 0.248047
vt 0.950684 0.260254
vt 0.942871 0.248047
vt 0.942871 0.260254
vt 0.981934 0.150391
vt 0.989746 0.162598
vt 0.989746 0.150391
vt 0.981934 0.162598
vt 0.974121 0.150391
vt 0.974121 0.162598
vt 0.966309 0.150391
vt 0.966309 0.162598
vt 0.958496 0.150391
vt 0.958496 0.162598
vt 0.950684 0.150391
vt 0.950684 0.162598
vt 0.942871 0.150391
vt 0.942871 0.162598
vt 0.969238 0.133789
vt 0.978027 0.133789
vt 0.978027 0.116699
vt 0.969238 0.116699
vt 0.952148 0.116699
vt 0.952148 0.133789
vt 0.940430 0.133789
vt 0.940430 0.116699
vt 0.931152 0.133789
vt 0.931152 0.116699
vt 0.909180 0.133789
vt 0.909180 0.116699
vt 0.989746 0.068848
vt 0.989746 0.056641
vt 0.981934 0.056641
vt 0.981934 0.068848
vt 0.974121 0.056641
vt 0.974121 0.068848
vt 0.966309 0.056641
vt 0.966309 0.068848
vt 0.958496 0.056641
vt 0.958496 0.068848
vt 0.950684 0.056641
vt 0.950684 0.068848
vt 0.942871 0.056641
vt 0.942871 0.068848
vt 0.971680 0.023438
vt 0.971680 0.039551
vt 0.980469 0.023438
vt 0.980469 0.039551
vt 0.978027 0.231445
vt 0.987793 0.231445
vt 0.987793 0.214355
vt 0.978027 0.214355
vt 0.930664 0.214355
vt 0.898438 0.231445
vt 0.930664 0.231445
vt 0.898438 0.214355
vt 0.977539 0.133789
vt 0.977539 0.116699
vt 0.908691 0.133789
vt 0.908691 0.116699
vt 0.971191 0.023438
vt 0.971191 0.039551
vt 0.979980 0.023438
vt 0.979980 0.039551
vt 0.972656 0.231445
vt 0.972656 0.214355
vt 0.969727 0.133789
vt 0.969727 0.116699
vt 0.827148 0.236328
vt 0.817871 0.236328
vt 0.827148 0.246094
vt 0.817871 0.246094
vt 0.836426 0.236328
vt 0.845703 0.236328
vt 0.799805 0.246094
vt 0.799805 0.236328
vt 0.790527 0.246094
vt 0.790527 0.236328
vt 0.809082 0.236328
vt 0.809082 0.246094
vt 0.884766 0.324219
vt 0.880371 0.324707
vt 0.786621 0.318848
vt 0.791016 0.318848
vt 0.786621 0.305664
vt 0.791016 0.305664
vt 0.774414 0.375977
vt 0.770996 0.379883
vt 0.757324 0.369629
vt 0.872070 0.379395
vt 0.885742 0.368652
vt 0.868652 0.375488
vt 0.851074 0.318848
vt 0.855469 0.318848
vt 0.851074 0.305664
vt 0.855957 0.305664
vt 0.979492 0.321777
vt 0.964844 0.308594
vt 0.974121 0.323730
vt 0.979004 0.340332
vt 0.973145 0.338379
vt 0.964355 0.348145
vt 0.968262 0.353027
vt 0.956055 0.357910
vt 0.883789 0.250000
vt 0.886230 0.249023
vt 0.887207 0.245605
vt 0.878418 0.235840
vt 0.882324 0.234375
vt 0.878418 0.229980
vt 0.872559 0.235840
vt 0.872559 0.227051
vt 0.878418 0.248047
vt 0.870605 0.226074
vt 0.865723 0.229004
vt 0.863281 0.227539
vt 0.858398 0.235840
vt 0.860352 0.243164
vt 0.866699 0.246582
vt 0.872559 0.248047
vt 0.878418 0.254395
vt 0.872559 0.254395
vt 0.869629 0.254395
vt 0.869629 0.248047
vt 0.796875 0.167480
vt 0.810059 0.173340
vt 0.819824 0.163086
vt 0.791992 0.162109
vt 0.791992 0.119629
vt 0.819824 0.118652
vt 0.796875 0.114258
vt 0.810059 0.108398
vt 0.898926 0.241211
vt 0.904297 0.245605
vt 0.931152 0.249512
vt 0.898926 0.204590
vt 0.904297 0.200195
vt 0.931152 0.196289
vt 0.923340 0.150879
vt 0.931152 0.143066
vt 0.909180 0.142090
vt 0.898438 0.241211
vt 0.903809 0.245605
vt 0.930664 0.249512
vt 0.898438 0.204590
vt 0.903809 0.200195
vt 0.930664 0.196289
vt 0.908691 0.142090
vt 0.908691 0.108398
vt 0.856934 0.425293
vt 0.852051 0.416504
vt 0.844238 0.416504
vt 0.821289 0.425293
vt 0.821289 0.416016
vt 0.798340 0.416016
vt 0.790527 0.416016
vt 0.785645 0.425293
vt 0.924316 0.437988
vt 0.959961 0.304688
vt 0.958496 0.312012
vt 0.945801 0.304688
vt 0.945801 0.312012
vt 0.939941 0.312012
vt 0.939941 0.304688
vt 0.928223 0.313965
vt 0.916992 0.317871
vt 0.934570 0.367676
vt 0.939941 0.363770
vt 0.922363 0.367676
vt 0.820801 0.478516
vt 0.820801 0.470703
vt 0.961426 0.344238
vt 0.968750 0.336426
vt 0.968262 0.327637
vt 0.961426 0.317871
vt 0.945801 0.317871
vt 0.956055 0.330566
vt 0.945801 0.330566
vt 0.945801 0.346680
vt 0.939941 0.330566
vt 0.939941 0.346680
vt 0.928223 0.346680
vt 0.928223 0.330566
vt 0.916992 0.346680
vt 0.916992 0.330566
vt 0.907227 0.327148
vt 0.910156 0.346680
vt 0.895508 0.354980
vt 0.787598 0.324219
vt 0.791016 0.324219
vt 0.789062 0.327637
vt 0.821289 0.318359
vt 0.793457 0.327637
vt 0.821289 0.324219
vt 0.851074 0.324219
vt 0.854492 0.324219
vt 0.853027 0.327637
vt 0.848633 0.327637
vt 0.821289 0.327637
vt 0.843262 0.333496
vt 0.798828 0.333496
vt 0.850586 0.333496
vt 0.854004 0.328125
vt 0.821289 0.333496
vt 0.857910 0.333008
vt 0.857422 0.325684
vt 0.848145 0.376465
vt 0.862793 0.332031
vt 0.863281 0.323730
vt 0.876465 0.324219
vt 0.856934 0.376953
vt 0.868652 0.385742
vt 0.855957 0.386230
vt 0.849609 0.385254
vt 0.843750 0.385742
vt 0.841797 0.376465
vt 0.821289 0.385742
vt 0.821289 0.376465
vt 0.800781 0.375977
vt 0.798340 0.385742
vt 0.796875 0.385742
vt 0.794922 0.375977
vt 0.791504 0.333984
vt 0.788086 0.328125
vt 0.786133 0.376953
vt 0.788574 0.386719
vt 0.775391 0.386719
vt 0.784668 0.333008
vt 0.784668 0.326172
vt 0.779297 0.332520
vt 0.778809 0.324219
vt 0.765625 0.324707
vt 0.798828 0.403320
vt 0.792969 0.391113
vt 0.791504 0.403320
vt 0.798340 0.391113
vt 0.797363 0.385742
vt 0.821289 0.391113
vt 0.821289 0.403809
vt 0.843262 0.403809
vt 0.844238 0.391113
vt 0.850586 0.403809
vt 0.848633 0.385742
vt 0.851562 0.391602
vt 0.841309 0.203613
vt 0.835449 0.214355
vt 0.847656 0.214355
vt 0.854004 0.203613
vt 0.829102 0.203613
vt 0.847656 0.192383
vt 0.835449 0.192383
vt 0.872559 0.203125
vt 0.878906 0.192383
vt 0.866699 0.192383
vt 0.860352 0.203125
vt 0.885254 0.203613
vt 0.866699 0.214355
vt 0.878906 0.214355
vt 0.841309 0.102051
vt 0.835449 0.112793
vt 0.847656 0.112793
vt 0.854004 0.102051
vt 0.829102 0.102051
vt 0.847656 0.090820
vt 0.835449 0.090820
vt 0.872559 0.101562
vt 0.878906 0.090820
vt 0.866699 0.090820
vt 0.860352 0.101562
vt 0.885254 0.101562
vt 0.866699 0.112793
vt 0.878906 0.112793
vt 0.950684 0.187500
vt 0.944824 0.198730
vt 0.957031 0.198730
vt 0.963379 0.187500
vt 0.938477 0.187500
vt 0.957031 0.176758
vt 0.944824 0.176758
vt 0.981934 0.187988
vt 0.988281 0.176758
vt 0.976074 0.176758
vt 0.969727 0.187500
vt 0.994629 0.187988
vt 0.976074 0.198730
vt 0.988281 0.198730
vt 0.950684 0.093750
vt 0.944824 0.104980
vt 0.957031 0.104980
vt 0.963379 0.093750
vt 0.938477 0.093750
vt 0.957031 0.083008
vt 0.944824 0.083008
vt 0.981934 0.093750
vt 0.988281 0.083008
vt 0.976074 0.083008
vt 0.969727 0.093750
vt 0.994629 0.093750
vt 0.976074 0.104980
vt 0.988281 0.104980
vt 0.944336 0.198730
vt 0.956543 0.198730
vt 0.962891 0.187500
vt 0.937988 0.187500
vt 0.956543 0.176758
vt 0.944336 0.176758
vt 0.987793 0.176758
vt 0.975586 0.176758
vt 0.969238 0.187500
vt 0.994141 0.187988
vt 0.975586 0.198730
vt 0.987793 0.198730
vt 0.944336 0.104980
vt 0.956543 0.104980
vt 0.962891 0.093750
vt 0.937988 0.093750
vt 0.956543 0.083008
vt 0.944336 0.083008
vt 0.975586 0.083008
vt 0.969238 0.093750
vt 0.994141 0.093750
vt 0.975586 0.104980
s 1
usemtl Arm
f 1/1/1 2/2/1 3/3/1
f 4/3/2 5/4/2 6/1/2
f 7/5/3 8/3/4 9/2/4
f 10/6/5 11/1/5 12/4/5
f 13/3/6 14/7/6 15/8/6
f 16/4/7 17/3/7 18/8/7
f 19/9/8 20/5/8 21/2/8
f 22/10/8 23/9/9 24/2/8
f 25/11/10 26/3/10 27/5/10
f 28/12/11 29/13/12 30/14/11
f 31/15/11 32/13/11 33/12/11
f 34/16/13 35/17/13 36/18/13
f 37/19/14 38/18/14 39/17/14
f 40/20/15 41/21/15 42/22/15
f 43/23/16 44/22/16 45/21/16
f 46/22/17 47/24/18 48/25/18
f 49/26/19 50/24/20 51/27/19
f 52/28/21 53/26/21 54/27/21
f 55/29/22 56/1/22 57/6/23
f 58/30/24 59/4/24 60/8/24
f 61/6/25 62/4/25 63/30/25
f 64/5/26 65/12/26 66/14/26
f 67/5/27 68/9/27 69/12/27
f 70/14/28 71/11/29 72/5/28
f 73/7/30 74/3/30 75/11/30
f 76/14/31 77/13/31 78/31/31
f 79/25/32 80/20/33 81/22/32
f 82/25/34 83/24/34 84/32/34
f 85/32/35 86/24/35 87/26/35
f 88/6/36 89/33/37 90/29/36
f 91/7/38 92/34/39 93/35/39
f 94/8/40 95/7/40 96/35/40
f 97/31/41 98/36/41 99/11/41
f 100/11/42 101/14/42 102/31/42
f 103/7/43 104/36/43 105/34/43
f 106/7/44 107/11/44 108/36/44
f 109/32/45 110/37/46 111/25/45
f 112/38/47 113/39/47 114/40/47
f 115/41/48 116/39/48 117/38/48
f 118/42/49 119/43/50 120/37/50
f 121/42/51 122/44/51 123/43/52
f 124/37/53 125/43/54 126/45/54
f 127/25/55 128/37/55 129/45/56
f 130/46/57 131/34/57 132/36/57
f 133/47/58 134/37/58 135/48/58
f 136/49/59 137/50/59 138/51/59
f 139/48/60 140/51/61 141/50/60
f 142/50/62 143/49/62 144/35/62
f 145/42/63 146/47/63 147/52/63
f 148/42/63 149/37/63 150/47/64
f 151/50/65 152/47/65 153/48/65
f 154/53/66 155/54/67 156/55/67
f 157/28/66 158/55/68 159/54/66
f 160/56/69 161/57/69 162/58/69
f 163/33/70 164/58/70 165/57/69
f 166/34/71 167/47/71 168/50/71
f 169/35/72 170/34/73 171/50/74
f 172/31/75 173/39/76 174/41/76
f 175/41/77 176/36/77 177/31/78
f 178/46/79 179/52/79 180/47/79
f 181/47/80 182/34/80 183/46/80
f 184/36/81 185/41/81 186/46/82
f 187/52/83 188/46/84 189/41/83
f 190/42/85 191/38/86 192/44/85
f 193/40/87 194/44/88 195/38/89
f 196/42/90 197/52/90 198/38/90
f 199/52/91 200/41/91 201/38/92
f 202/31/93 203/13/94 204/39/94
f 205/44/95 206/40/95 207/13/95
f 208/13/96 209/40/96 210/39/97
f 211/59/98 212/60/98 213/61/98
f 214/62/99 215/63/99 216/64/99
f 217/65/100 218/66/100 219/67/100
f 220/68/100 221/67/100 222/66/100
f 223/69/101 224/70/101 225/71/101
f 226/72/101 227/70/101 228/69/101
f 229/70/102 230/65/103 231/67/102
f 232/70/102 233/72/102 234/65/104
f 235/68/99 236/66/99 237/71/99
f 238/69/105 239/71/106 240/66/105
f 241/73/107 242/74/107 243/75/107
f 244/76/108 245/73/108 246/75/108
f 247/77/100 248/75/100 249/78/109
f 250/79/109 251/75/100 252/77/109
f 253/74/110 254/78/110 255/75/110
f 256/80/111 257/81/111 258/82/111
f 259/83/112 260/82/113 261/81/113
f 262/84/101 263/85/114 264/83/115
f 265/85/116 266/86/116 267/83/116
f 268/76/117 269/75/117 270/81/118
f 271/83/117 272/81/117 273/75/119
f 274/87/120 275/88/121 276/89/120
f 277/90/122 278/89/122 279/88/122
f 280/86/123 281/82/124 282/83/125
f 283/88/126 284/91/127 285/90/126
f 286/92/128 287/90/127 288/91/127
f 289/93/129 290/94/130 291/95/131
f 292/93/132 293/95/132 294/96/132
f 295/93/133 296/96/133 297/97/133
f 298/93/134 299/97/134 300/98/134
f 301/93/135 302/98/135 303/99/136
f 304/93/137 305/99/138 306/94/139
f 307/100/140 308/101/140 309/102/140
f 310/100/141 311/103/141 312/101/141
f 313/100/142 314/104/142 315/103/142
f 316/100/143 317/105/144 318/104/143
f 319/100/145 320/106/145 321/105/145
f 322/100/146 323/102/146 324/106/146
f 325/107/147 326/108/148 327/109/147
f 328/107/149 329/110/149 330/108/149
f 331/111/150 332/107/150 333/109/150
f 334/112/150 335/107/150 336/111/150
f 337/113/151 338/114/152 339/115/152
f 340/116/153 341/115/153 342/114/153
f 343/117/154 344/118/154 345/114/154
f 346/118/154 347/116/154 348/114/154
f 349/119/155 350/120/155 351/121/155
f 352/122/155 353/121/155 354/120/155
f 355/93/156 356/123/156 357/124/156
f 358/93/157 359/124/157 360/125/157
f 361/93/158 362/125/158 363/126/158
f 364/93/159 365/126/160 366/127/160
f 367/93/161 368/127/161 369/128/161
f 370/93/162 371/128/163 372/123/163
f 373/100/164 374/129/164 375/130/164
f 376/100/165 377/131/165 378/129/165
f 379/100/166 380/132/167 381/131/166
f 382/100/168 383/133/168 384/132/168
f 385/100/169 386/134/170 387/133/169
f 388/100/171 389/130/171 390/134/172
f 391/107/173 392/135/173 393/109/173
f 394/107/174 395/136/175 396/135/174
f 397/137/176 398/114/176 399/138/176
f 400/116/177 401/138/177 402/114/177
f 403/139/178 404/122/179 405/140/178
f 406/121/180 407/140/180 408/122/179
f 409/93/181 410/123/181 411/95/181
f 412/93/182 413/95/183 414/96/182
f 415/93/184 416/96/184 417/97/184
f 418/93/185 419/97/185 420/98/185
f 421/93/186 422/98/187 423/128/187
f 424/93/188 425/128/189 426/123/189
f 427/100/190 428/101/190 429/130/190
f 430/100/191 431/103/192 432/101/193
f 433/100/194 434/104/194 435/103/194
f 436/100/195 437/133/195 438/104/195
f 439/100/196 440/134/196 441/133/197
f 442/100/198 443/130/198 444/134/198
f 445/110/199 446/108/199 447/107/199
f 448/109/200 449/107/200 450/108/200
f 451/109/150 452/141/150 453/107/150
f 454/141/150 455/142/150 456/107/150
f 457/114/201 458/116/201 459/115/201
f 460/115/202 461/113/203 462/114/204
f 463/114/154 464/143/154 465/144/154
f 466/116/154 467/114/154 468/144/154
f 469/119/205 470/120/205 471/121/205
f 472/122/205 473/121/205 474/120/205
f 475/93/206 476/94/206 477/95/206
f 478/93/207 479/95/207 480/96/207
f 481/93/208 482/96/209 483/97/209
f 484/93/210 485/97/211 486/98/210
f 487/93/212 488/98/212 489/99/213
f 490/93/214 491/99/214 492/94/214
f 493/100/215 494/101/215 495/102/216
f 496/100/217 497/103/218 498/101/218
f 499/100/219 500/104/219 501/103/220
f 502/100/221 503/105/222 504/104/222
f 505/100/223 506/106/223 507/105/224
f 508/100/225 509/102/225 510/106/226
f 511/145/154 512/146/154 513/147/154
f 514/108/227 515/107/228 516/110/229
f 517/109/230 518/107/230 519/108/230
f 520/115/231 521/114/231 522/116/231
f 523/115/232 524/113/232 525/114/232
f 526/118/154 527/114/154 528/117/154
f 529/116/154 530/114/154 531/118/154
f 532/114/233 533/110/234 534/107/233
f 535/114/235 536/113/235 537/110/235
f 538/119/236 539/120/236 540/121/237
f 541/122/236 542/121/236 543/120/236
f 544/148/238 545/149/239 546/150/239
f 547/151/240 546/150/239 545/149/239
f 548/152/241 549/153/241 550/154/241
f 551/155/242 552/151/242 553/153/242
f 554/156/243 555/150/243 556/151/243
f 557/157/244 558/158/244 559/159/244
f 560/160/245 561/161/246 562/158/245
f 563/162/247 564/154/247 565/161/247
f 566/163/64 567/164/64 568/165/64
f 569/166/64 570/163/64 571/165/64
f 572/164/248 573/163/248 574/167/249
f 575/168/250 574/167/249 573/163/248
f 576/169/249 577/170/249 578/171/248
f 579/172/251 580/171/251 581/170/251
f 582/173/252 583/174/252 584/175/253
f 585/176/254 586/175/254 587/174/252
f 588/177/255 589/178/255 590/174/255
f 591/176/256 592/174/256 593/178/256
f 594/179/257 595/180/257 596/181/257
f 597/182/258 598/179/258 599/181/259
f 600/183/260 601/184/260 602/181/260
f 603/182/261 604/181/262 605/184/262
f 606/15/263 607/12/31 608/10/263
f 609/9/31 608/10/263 607/12/31
f 610/16/263 611/23/31 612/21/263
f 613/17/263 610/16/263 612/21/263
f 614/19/264 615/17/265 616/20/264
f 617/21/265 616/20/264 615/17/265
f 618/35/266 619/49/267 620/30/267
f 620/30/267 621/8/268 618/35/266
f 622/185/269 623/37/270 624/32/269
f 622/185/269 625/48/271 623/37/270
f 626/53/272 627/186/273 628/54/272
f 629/187/273 628/54/272 627/186/273
f 630/186/274 631/56/275 632/187/276
f 633/58/275 632/187/276 631/56/275
f 634/188/277 635/189/277 636/64/278
f 636/64/278 637/63/278 634/188/277
f 638/67/279 639/71/280 640/70/281
f 641/68/281 639/71/280 638/67/279
f 642/190/282 643/191/283 644/192/283
f 645/193/283 644/192/283 643/191/283
f 646/194/284 647/195/285 648/190/286
f 649/191/286 648/190/286 647/195/285
f 650/196/287 651/197/287 652/194/287
f 653/195/288 652/194/287 651/197/287
f 654/198/289 655/197/289 656/196/289
f 654/198/289 657/199/290 655/197/289
f 658/200/291 659/199/291 660/198/292
f 658/200/291 661/201/292 659/199/291
f 662/201/293 663/202/293 664/203/293
f 665/200/293 663/202/293 662/201/293
f 666/204/294 667/205/290 668/206/289
f 669/207/295 668/206/289 667/205/290
f 670/208/296 671/209/296 672/210/296
f 673/211/296 672/210/296 671/209/296
f 674/212/297 675/208/297 676/210/297
f 676/210/297 677/213/297 674/212/297
f 678/214/283 679/212/298 680/213/299
f 681/215/299 678/214/283 680/213/299
f 682/216/300 683/215/301 684/217/301
f 685/214/300 683/215/301 682/216/300
f 686/206/302 687/211/303 688/209/304
f 689/204/302 686/206/302 688/209/304
f 690/218/305 691/219/305 692/220/305
f 693/221/305 692/220/305 691/219/305
f 694/222/306 695/223/307 696/220/307
f 697/218/308 696/220/307 695/223/307
f 698/224/309 699/223/309 700/225/310
f 701/222/311 700/225/310 699/223/309
f 702/226/312 703/227/312 704/225/312
f 705/224/312 704/225/312 703/227/312
f 706/228/313 707/227/314 708/226/314
f 706/228/313 709/229/315 707/227/314
f 710/229/316 711/228/317 712/230/318
f 713/231/319 712/230/318 711/228/317
f 714/89/320 715/81/320 716/87/321
f 717/76/321 715/81/320 714/89/320
f 718/232/322 719/92/322 720/91/322
f 720/91/322 721/233/322 718/232/322
f 722/233/323 723/234/305 724/232/305
f 725/235/305 724/232/305 723/234/305
f 726/75/324 727/79/324 728/83/325
f 729/84/325 728/83/325 727/79/324
f 730/236/326 731/237/327 732/238/326
f 732/238/326 733/239/326 730/236/326
f 734/240/328 735/236/328 736/239/328
f 736/239/328 737/241/329 734/240/328
f 738/240/330 739/242/331 740/243/330
f 741/241/331 739/242/331 738/240/330
f 742/244/332 743/245/333 744/246/333
f 743/245/333 742/244/332 745/247/333
f 746/242/334 747/247/334 748/243/334
f 746/242/334 749/245/334 747/247/334
f 750/248/335 751/249/336 752/250/337
f 753/251/336 750/248/335 752/250/337
f 754/252/338 755/251/338 756/250/339
f 757/253/340 755/251/338 754/252/338
f 758/253/341 759/252/342 760/254/342
f 761/255/343 758/253/341 760/254/342
f 762/255/344 763/254/345 764/256/345
f 765/257/346 762/255/344 764/256/345
f 766/258/347 767/257/348 768/256/347
f 769/259/347 767/257/348 766/258/347
f 770/259/349 771/258/350 772/260/350
f 773/261/351 770/259/349 772/260/350
f 774/262/352 775/263/352 776/264/353
f 777/265/352 775/263/352 774/262/352
f 778/265/354 779/262/355 780/266/354
f 781/267/356 778/265/354 780/266/354
f 782/267/357 783/266/358 784/268/357
f 785/269/359 782/267/357 784/268/357
f 786/270/360 787/269/361 788/268/362
f 789/271/360 787/269/361 786/270/360
f 790/271/363 791/270/364 792/272/364
f 793/273/363 790/271/363 792/272/364
f 794/273/365 795/272/366 796/274/367
f 797/275/368 794/273/365 796/274/367
f 798/276/369 799/277/369 800/278/369
f 800/278/369 801/279/369 798/276/369
f 802/276/370 803/280/370 804/281/370
f 805/279/370 803/280/370 802/276/370
f 806/280/371 807/282/371 808/281/372
f 806/280/371 809/283/373 807/282/371
f 810/284/374 811/282/374 812/283/374
f 812/283/374 813/285/374 810/284/374
f 814/285/375 815/286/376 816/284/375
f 814/285/375 817/287/377 815/286/376
f 818/288/378 819/289/379 820/290/378
f 821/291/380 818/288/378 820/290/378
f 822/291/381 823/290/382 824/292/383
f 825/293/382 822/291/381 824/292/383
f 826/293/384 827/292/385 828/294/385
f 829/295/385 826/293/384 828/294/385
f 830/295/386 831/294/387 832/296/386
f 833/297/387 830/295/386 832/296/386
f 834/297/388 835/296/389 836/298/389
f 837/299/389 834/297/388 836/298/389
f 838/299/390 839/298/390 840/300/391
f 841/301/390 838/299/390 840/300/391
f 842/114/392 843/113/393 844/107/394
f 845/110/394 844/107/394 843/113/393
f 846/113/395 847/119/396 848/110/395
f 846/113/395 849/120/395 847/119/396
f 850/302/397 851/121/397 852/122/397
f 852/122/397 853/303/398 850/302/397
f 854/304/399 855/302/399 856/303/399
f 856/303/399 857/305/400 854/304/399
f 858/117/401 859/107/401 860/112/402
f 858/117/401 861/114/402 859/107/401
f 862/306/403 863/307/404 864/308/405
f 864/308/405 865/309/405 862/306/403
f 866/240/406 867/306/406 868/309/406
f 868/309/406 869/241/406 866/240/406
f 870/243/407 871/240/407 872/242/407
f 873/241/407 872/242/407 871/240/407
f 874/310/408 875/311/409 876/312/409
f 874/310/408 877/313/409 875/311/409
f 878/242/337 879/312/410 880/243/337
f 878/242/337 881/310/337 879/312/410
f 882/248/411 883/249/411 884/250/412
f 885/251/411 882/248/411 884/250/412
f 886/251/413 887/250/414 888/252/415
f 889/253/416 886/251/413 888/252/415
f 890/253/417 891/252/417 892/254/418
f 893/255/419 890/253/417 892/254/418
f 894/255/420 895/254/421 896/256/421
f 897/257/421 894/255/420 896/256/421
f 898/257/422 899/256/422 900/258/422
f 901/259/422 898/257/422 900/258/422
f 902/259/423 903/258/424 904/260/423
f 905/261/423 902/259/423 904/260/423
f 906/263/425 907/264/425 908/262/425
f 909/265/425 906/263/425 908/262/425
f 910/265/426 911/262/426 912/266/426
f 913/267/426 910/265/426 912/266/426
f 914/267/427 915/266/427 916/268/427
f 917/269/428 914/267/427 916/268/427
f 918/269/429 919/268/430 920/270/430
f 921/271/430 918/269/429 920/270/430
f 922/271/431 923/270/431 924/272/432
f 925/273/431 922/271/431 924/272/432
f 926/273/433 927/272/433 928/274/433
f 929/275/433 926/273/433 928/274/433
f 930/276/434 931/314/434 932/315/434
f 932/315/434 933/279/435 930/276/434
f 934/276/427 935/280/427 936/281/427
f 937/279/427 935/280/427 934/276/427
f 938/280/436 939/282/437 940/281/438
f 938/280/436 941/283/437 939/282/437
f 942/284/439 943/282/440 944/283/439
f 944/283/439 945/285/440 942/284/439
f 946/285/441 947/316/442 948/284/442
f 946/285/441 949/317/443 947/316/442
f 950/288/444 951/289/445 952/290/445
f 953/291/445 950/288/444 952/290/445
f 954/291/446 955/290/446 956/292/447
f 957/293/448 954/291/446 956/292/447
f 958/293/449 959/292/449 960/294/449
f 961/295/450 958/293/449 960/294/449
f 962/295/451 963/294/452 964/296/451
f 965/297/452 962/295/451 964/296/451
f 966/297/453 967/296/453 968/298/453
f 969/299/454 966/297/453 968/298/453
f 970/299/455 971/298/456 972/300/455
f 973/301/457 970/299/455 972/300/455
f 974/141/150 975/107/150 976/109/150
f 977/142/150 975/107/150 974/141/150
f 978/143/154 979/144/154 980/114/154
f 979/144/154 981/116/154 980/114/154
f 982/114/458 983/136/459 984/107/460
f 982/114/458 985/137/458 983/136/459
f 986/137/461 987/140/462 988/136/461
f 986/137/461 989/139/462 987/140/462
f 990/318/463 991/121/464 992/122/464
f 992/122/464 993/319/464 990/318/463
f 994/320/445 995/318/465 996/319/445
f 996/319/445 997/321/445 994/320/445
f 998/143/466 999/107/467 1000/142/468
f 998/143/466 1001/114/468 999/107/467
f 1002/236/469 1003/237/470 1004/238/471
f 1004/238/471 1005/239/470 1002/236/469
f 1006/240/472 1007/236/472 1008/239/472
f 1008/239/472 1009/241/472 1006/240/472
f 1010/243/473 1011/240/474 1012/242/475
f 1013/241/474 1012/242/475 1011/240/474
f 1014/245/476 1015/311/476 1016/247/476
f 1014/245/476 1017/313/477 1015/311/476
f 1018/242/478 1019/247/478 1020/243/479
f 1018/242/478 1021/245/480 1019/247/478
f 1022/250/481 1023/248/481 1024/249/481
f 1025/251/481 1023/248/481 1022/250/481
f 1026/251/482 1027/250/483 1028/252/483
f 1029/253/484 1026/251/482 1028/252/483
f 1030/253/485 1031/252/486 1032/254/486
f 1033/255/487 1030/253/485 1032/254/486
f 1034/256/488 1035/255/488 1036/254/488
f 1037/257/488 1035/255/488 1034/256/488
f 1038/257/489 1039/256/490 1040/258/489
f 1041/259/490 1038/257/489 1040/258/489
f 1042/259/491 1043/258/492 1044/260/493
f 1045/261/494 1042/259/491 1044/260/493
f 1046/263/495 1047/264/495 1048/262/496
f 1049/265/495 1046/263/495 1048/262/496
f 1050/266/497 1051/265/498 1052/262/497
f 1053/267/498 1051/265/498 1050/266/497
f 1054/267/499 1055/266/500 1056/268/499
f 1057/269/499 1054/267/499 1056/268/499
f 1058/269/501 1059/268/501 1060/270/501
f 1061/271/502 1058/269/501 1060/270/501
f 1062/272/503 1063/271/503 1064/270/503
f 1065/273/503 1063/271/503 1062/272/503
f 1066/273/504 1067/272/504 1068/274/504
f 1069/275/504 1066/273/504 1068/274/504
f 1070/276/505 1071/314/505 1072/315/506
f 1072/315/506 1073/279/506 1070/276/505
f 1074/281/507 1075/276/507 1076/280/508
f 1077/279/509 1076/280/508 1075/276/507
f 1078/282/510 1079/281/510 1080/280/511
f 1080/280/511 1081/283/511 1078/282/510
f 1082/284/512 1083/282/513 1084/283/512
f 1084/283/512 1085/285/513 1082/284/512
f 1086/285/514 1087/286/515 1088/284/516
f 1086/285/514 1089/287/516 1087/286/515
f 1090/288/517 1091/289/517 1092/290/517
f 1093/291/517 1090/288/517 1092/290/517
f 1094/291/518 1095/290/519 1096/292/518
f 1097/293/518 1094/291/518 1096/292/518
f 1098/293/520 1099/292/520 1100/294/520
f 1101/295/520 1098/293/520 1100/294/520
f 1102/295/521 1103/294/521 1104/296/521
f 1105/297/521 1102/295/521 1104/296/521
f 1106/297/522 1107/296/522 1108/298/523
f 1109/299/522 1106/297/522 1108/298/523
f 1110/299/524 1111/298/524 1112/300/524
f 1113/301/525 1110/299/524 1112/300/524
f 1114/114/526 1115/113/527 1116/107/526
f 1117/110/526 1116/107/526 1115/113/527
f 1118/113/528 1119/119/528 1120/110/528
f 1118/113/528 1121/120/528 1119/119/528
f 1122/122/529 1123/302/530 1124/121/531
f 1122/122/529 1125/303/532 1123/302/530
f 1126/304/533 1127/302/533 1128/303/534
f 1128/303/534 1129/305/535 1126/304/533
f 1130/143/536 1131/107/536 1132/142/537
f 1130/143/536 1133/114/538 1131/107/536
f 1134/236/539 1135/237/539 1136/238/540
f 1136/238/540 1137/239/539 1134/236/539
f 1138/322/541 1139/236/542 1140/239/542
f 1140/239/542 1141/323/543 1138/322/541
f 1142/322/544 1143/242/544 1144/243/545
f 1145/323/546 1143/242/544 1142/322/544
f 1146/245/547 1147/244/547 1148/247/548
f 1146/245/547 1149/246/549 1147/244/547
f 1150/242/550 1151/247/551 1152/243/551
f 1150/242/550 1153/245/551 1151/247/551
f 1154/248/552 1155/249/552 1156/250/552
f 1157/251/553 1154/248/552 1156/250/552
f 1158/251/554 1159/250/554 1160/252/554
f 1161/253/554 1158/251/554 1160/252/554
f 1162/253/555 1163/252/556 1164/254/555
f 1165/255/557 1162/253/555 1164/254/555
f 1166/255/558 1167/254/559 1168/256/560
f 1169/257/558 1166/255/558 1168/256/560
f 1170/257/561 1171/256/562 1172/258/561
f 1173/259/563 1170/257/561 1172/258/561
f 1174/259/564 1175/258/565 1176/260/564
f 1177/261/565 1174/259/564 1176/260/564
f 1178/263/566 1179/264/566 1180/262/566
f 1181/265/566 1178/263/566 1180/262/566
f 1182/266/567 1183/265/568 1184/262/569
f 1185/267/570 1183/265/568 1182/266/567
f 1186/267/571 1187/266/572 1188/268/571
f 1189/269/571 1186/267/571 1188/268/571
f 1190/269/573 1191/268/573 1192/270/573
f 1193/271/573 1190/269/573 1192/270/573
f 1194/272/574 1195/271/574 1196/270/574
f 1197/273/575 1195/271/574 1194/272/574
f 1198/273/576 1199/272/576 1200/274/576
f 1201/275/577 1198/273/576 1200/274/576
f 1202/324/578 1203/277/578 1204/278/579
f 1204/278/579 1205/325/579 1202/324/578
f 1206/281/580 1207/324/580 1208/280/580
f 1209/325/580 1208/280/580 1207/324/580
f 1210/280/581 1211/282/582 1212/281/582
f 1210/280/581 1213/283/582 1211/282/582
f 1214/284/583 1215/282/584 1216/283/584
f 1216/283/584 1217/285/585 1214/284/583
f 1218/285/586 1219/286/587 1220/284/587
f 1218/285/586 1221/287/587 1219/286/587
f 1222/285/154 1223/147/154 1224/287/154
f 1225/146/154 1224/287/154 1223/147/154
f 1226/288/588 1227/289/589 1228/290/588
f 1229/291/590 1226/288/588 1228/290/588
f 1230/291/591 1231/290/592 1232/292/591
f 1233/293/592 1230/291/591 1232/292/591
f 1234/294/593 1235/293/594 1236/292/595
f 1237/295/594 1235/293/594 1234/294/593
f 1238/295/596 1239/294/597 1240/296/596
f 1241/297/596 1238/295/596 1240/296/596
f 1242/297/598 1243/296/599 1244/298/598
f 1245/299/598 1242/297/598 1244/298/598
f 1246/300/600 1247/299/600 1248/298/601
f 1249/301/601 1247/299/600 1246/300/600
f 1250/111/150 1251/107/150 1252/109/150
f 1253/112/150 1251/107/150 1250/111/150
f 1254/113/602 1255/119/602 1256/110/602
f 1254/113/602 1257/120/602 1255/119/602
f 1258/122/603 1259/302/603 1260/121/603
f 1258/122/603 1261/303/604 1259/302/603
f 1262/304/605 1263/302/606 1264/303/605
f 1264/303/605 1265/305/607 1262/304/605
f 1266/117/608 1267/107/609 1268/112/608
f 1266/117/608 1269/114/610 1267/107/609
f 1270/326/611 1271/327/611 1272/328/612
f 1273/329/612 1272/328/612 1271/327/611
f 1274/326/613 1275/328/613 1276/330/613
f 1277/149/613 1276/330/613 1275/328/613
f 1278/148/614 1279/330/615 1280/149/615
f 1278/148/614 1281/331/615 1279/330/615
f 1282/332/616 1283/333/616 1284/334/616
f 1285/335/616 1284/334/616 1283/333/616
f 1286/336/617 1287/333/618 1288/337/617
f 1289/332/619 1288/337/617 1287/333/618
f 1290/329/620 1291/327/621 1292/337/622
f 1293/336/623 1292/337/622 1291/327/621
f 1294/153/624 1295/329/624 1296/154/624
f 1294/153/624 1297/328/625 1295/329/624
f 1298/328/626 1299/153/626 1300/149/627
f 1301/151/627 1300/149/627 1299/153/626
f 1302/158/628 1303/332/629 1304/159/629
f 1305/334/628 1304/159/629 1303/332/629
f 1306/332/630 1307/161/630 1308/337/630
f 1309/158/630 1307/161/630 1306/332/630
f 1310/337/631 1311/161/632 1312/329/632
f 1313/154/632 1312/329/632 1311/161/632
f 1314/338/64 1315/339/64 1316/171/64
f 1317/169/64 1316/171/64 1315/339/64
f 1318/340/633 1319/341/634 1320/342/635
f 1321/343/634 1320/342/635 1319/341/634
f 1322/344/636 1323/167/636 1324/345/636
f 1325/346/636 1324/345/636 1323/167/636
f 1326/347/636 1327/348/637 1328/349/636
f 1329/170/636 1328/349/636 1327/348/637
f 1330/350/634 1331/351/634 1332/352/634
f 1333/353/634 1332/352/634 1331/351/634
f 1334/354/638 1335/355/639 1336/356/640
f 1334/354/638 1336/356/640 1337/357/641
f 1338/358/642 1337/357/641 1336/356/640
f 1338/358/642 1339/359/643 1337/357/641
f 1340/360/644 1337/357/641 1339/359/643
f 1339/359/643 1341/59/292 1340/360/644
f 1342/361/645 1340/360/644 1341/59/292
f 1343/362/646 1344/363/646 1345/364/646
f 1343/362/646 1345/364/646 1346/365/647
f 1347/366/648 1346/365/647 1345/364/646
f 1348/367/649 1346/365/647 1347/366/648
f 1349/368/650 1346/365/647 1348/367/649
f 1350/369/651 1349/368/650 1348/367/649
f 1346/365/647 1349/368/650 1351/370/652
f 1352/371/653 1353/372/654 1350/369/651
f 1349/368/650 1350/369/651 1353/372/654
f 1354/373/655 1355/374/656 1353/372/654
f 1353/372/654 1356/375/657 1349/368/650
f 1356/375/657 1353/372/654 1355/374/656
f 1357/376/658 1349/368/650 1356/375/657
f 1349/368/650 1357/376/658 1358/377/659
f 1358/377/659 1351/370/652 1349/368/650
f 1359/362/660 1360/365/100 1351/370/652
f 1351/370/652 1358/377/659 1361/378/661
f 1361/378/661 1359/362/660 1351/370/652
f 1362/379/662 1361/378/661 1358/377/659
f 1363/380/662 1362/379/662 1358/377/659
f 1363/380/662 1358/377/659 1364/381/663
f 1365/382/100 1366/383/664 1367/384/660
f 1365/382/100 1367/384/660 1368/385/660
f 1367/384/660 1369/214/665 1368/385/660
f 1368/385/660 1369/214/665 1370/216/100
f 1371/217/114 1372/215/115 1373/386/666
f 1374/387/115 1373/386/666 1372/215/115
f 1374/387/115 1375/388/101 1373/386/666
f 1374/387/115 1376/389/101 1375/388/101
f 1377/244/150 1378/390/150 1379/247/150
f 1380/391/150 1379/247/150 1378/390/150
f 1379/247/150 1380/391/150 1381/392/150
f 1382/393/154 1383/246/154 1384/245/154
f 1382/393/154 1384/245/154 1385/394/154
f 1386/395/154 1385/394/154 1384/245/154
f 1387/396/150 1388/397/150 1389/398/150
f 1388/397/150 1390/284/150 1389/398/150
f 1391/286/150 1389/398/150 1390/284/150
f 1392/287/154 1393/285/154 1394/146/154
f 1395/147/154 1394/146/154 1393/285/154
f 1396/145/154 1394/146/154 1395/147/154
f 1397/311/150 1398/399/150 1399/312/150
f 1400/400/150 1399/312/150 1398/399/150
f 1400/400/150 1401/401/150 1399/312/150
f 1402/402/154 1403/313/154 1404/310/154
f 1402/402/154 1404/310/154 1405/403/154
f 1406/404/154 1405/403/154 1404/310/154
f 1407/396/150 1408/397/150 1409/405/150
f 1408/397/150 1410/284/150 1409/405/150
f 1411/316/150 1409/405/150 1410/284/150
f 1412/317/154 1413/285/154 1414/406/154
f 1415/147/154 1414/406/154 1413/285/154
f 1416/145/154 1414/406/154 1415/147/154
f 1417/311/150 1418/399/150 1419/247/150
f 1420/400/150 1419/247/150 1418/399/150
f 1420/400/150 1421/392/150 1419/247/150
f 1422/402/154 1423/313/154 1424/245/154
f 1422/402/154 1424/245/154 1425/403/154
f 1426/395/154 1425/403/154 1424/245/154
f 1427/284/150 1428/286/150 1429/398/150
f 1427/284/150 1429/398/150 1430/397/150
f 1431/396/150 1430/397/150 1429/398/150
f 1432/287/154 1433/285/154 1434/146/154
f 1435/147/154 1434/146/154 1433/285/154
f 1436/145/154 1434/146/154 1435/147/154
f 1437/244/150 1438/390/150 1439/247/150
f 1438/390/150 1440/391/150 1439/247/150
f 1441/392/150 1439/247/150 1440/391/150
f 1442/393/154 1443/246/154 1444/245/154
f 1442/393/154 1444/245/154 1445/394/154
f 1446/395/154 1445/394/154 1444/245/154
f 1447/396/150 1448/397/150 1449/398/150
f 1450/284/150 1449/398/150 1448/397/150
f 1451/286/150 1449/398/150 1450/284/150
f 1452/407/64 1453/408/64 1454/180/64
f 1455/409/64 1454/180/64 1453/408/64
f 1454/180/64 1455/409/64 1456/410/64
f 1456/410/64 1455/409/64 1457/411/64
f 1457/411/64 1458/412/64 1456/410/64
f 1459/177/64 1456/410/64 1458/412/64
f 1458/412/64 1460/413/64 1459/177/64
f 1461/414/64 1459/177/64 1460/413/64
f 1462/18/31 1463/19/31 1464/43/667
f 1462/18/31 1464/43/667 1465/44/31
f 1462/18/31 1465/44/31 1466/13/31
f 1467/45/668 1468/43/63 1469/19/64
f 1470/20/63 1467/45/668 1469/19/64
f 1471/25/63 1467/45/668 1470/20/63
f 1472/415/63 1473/26/63 1474/28/63
f 1475/54/668 1472/415/63 1474/28/63
f 1475/54/668 1476/51/63 1472/415/63
f 1477/187/63 1476/51/63 1475/54/668
f 1478/49/64 1476/51/63 1477/187/63
f 1477/187/63 1479/58/63 1478/49/64
f 1480/30/63 1478/49/64 1479/58/63
f 1479/58/63 1481/33/63 1480/30/63
f 1482/6/63 1480/30/63 1481/33/63
f 1483/416/669 1484/417/670 1485/355/671
f 1486/418/672 1484/417/670 1483/416/669
f 1486/418/672 1487/419/297 1484/417/670
f 1487/419/297 1486/418/672 1488/420/673
f 1489/421/674 1488/420/673 1486/418/672
f 1489/421/674 1490/422/675 1488/420/673
f 1489/421/674 1491/423/676 1490/422/675
f 1492/424/677 1493/61/678 1494/425/679
f 1494/425/679 1495/62/99 1492/424/677
f 1496/426/680 1492/424/677 1495/62/99
f 1497/173/681 1498/427/681 1499/174/681
f 1500/428/681 1499/174/681 1498/427/681
f 1498/427/681 1501/183/681 1500/428/681
f 1502/181/682 1500/428/681 1501/183/681
f 1503/26/683 1504/415/683 1505/32/683
f 1506/185/683 1505/32/683 1504/415/683
f 1504/415/683 1507/48/683 1506/185/683
f 1508/51/683 1507/48/683 1504/415/683
f 1509/60/684 1510/59/685 1511/429/686
f 1512/359/687 1511/429/686 1510/59/685
f 1512/359/687 1513/358/688 1511/429/686
f 1514/430/689 1511/429/686 1513/358/688
f 1515/431/690 1514/430/689 1513/358/688
f 1515/431/690 1513/358/688 1516/356/691
f 1515/431/690 1516/356/691 1517/432/692
f 1518/355/693 1517/432/692 1516/356/691
f 1519/417/694 1517/432/692 1518/355/693
f 1520/433/695 1517/432/692 1519/417/694
f 1521/419/696 1520/433/695 1519/417/694
f 1521/419/696 1522/420/697 1520/433/695
f 1517/432/692 1520/433/695 1523/434/698
f 1524/431/699 1517/432/692 1523/434/698
f 1524/431/699 1523/434/698 1525/430/700
f 1525/430/700 1523/434/698 1526/429/701
f 1523/434/698 1527/60/702 1526/429/701
f 1528/435/703 1527/60/702 1523/434/698
f 1520/433/695 1522/420/697 1528/435/703
f 1523/434/698 1520/433/695 1528/435/703
f 1529/436/704 1527/60/702 1528/435/703
f 1530/61/705 1527/60/702 1529/436/704
f 1528/435/703 1531/437/706 1529/436/704
f 1531/437/706 1528/435/703 1522/420/697
f 1532/422/707 1531/437/706 1522/420/697
f 1533/438/708 1530/61/705 1529/436/704
f 1533/438/708 1529/436/704 1531/437/706
f 1530/61/705 1533/438/708 1534/425/709
f 1533/438/708 1531/437/706 1535/439/710
f 1534/425/709 1533/438/708 1535/439/710
f 1536/62/711 1534/425/709 1535/439/710
f 1537/440/712 1531/437/706 1532/422/707
f 1537/440/712 1535/439/710 1531/437/706
f 1535/439/710 1537/440/712 1538/441/713
f 1538/441/713 1536/62/711 1535/439/710
f 1536/62/711 1538/441/713 1539/63/714
f 1537/440/712 1532/422/707 1540/442/715
f 1540/442/715 1538/441/713 1537/440/712
f 1541/423/716 1540/442/715 1532/422/707
f 1541/423/716 1542/443/717 1540/442/715
f 1540/442/715 1543/444/718 1538/441/713
f 1542/443/717 1543/444/718 1540/442/715
f 1543/444/718 1539/63/714 1538/441/713
f 1544/445/719 1539/63/714 1543/444/718
f 1543/444/718 1542/443/717 1544/445/719
f 1544/445/719 1545/188/720 1539/63/714
f 1546/174/721 1547/428/250 1548/177/250
f 1549/410/721 1548/177/250 1547/428/250
f 1550/180/250 1549/410/721 1547/428/250
f 1551/181/249 1550/180/250 1547/428/250
f 1552/341/722 1553/340/723 1554/446/724
f 1555/447/725 1552/341/722 1554/446/724
f 1554/446/724 1556/448/726 1555/447/725
f 1555/447/725 1557/449/722 1552/341/722
f 1558/450/727 1555/447/725 1556/448/726
f 1559/451/728 1557/449/722 1555/447/725
f 1555/447/725 1558/450/727 1559/451/728
f 1559/451/728 1560/452/729 1557/449/722
f 1561/350/722 1557/449/722 1560/452/729
f 1560/452/729 1562/453/730 1561/350/722
f 1563/351/731 1561/350/722 1562/453/730
f 1564/454/732 1562/453/730 1560/452/729
f 1565/455/733 1560/452/729 1559/451/728
f 1564/454/732 1560/452/729 1565/455/733
f 1566/456/734 1559/451/728 1558/450/727
f 1559/451/728 1566/456/734 1565/455/733
f 1565/455/733 1566/456/734 1567/457/735
f 1568/458/735 1566/456/734 1558/450/727
f 1567/457/735 1569/459/736 1565/455/733
f 1570/460/737 1565/455/733 1569/459/736
f 1571/461/738 1566/456/734 1568/458/735
f 1571/461/738 1567/457/735 1566/456/734
f 1569/459/736 1572/462/739 1570/460/737
f 1570/460/737 1572/462/739 1573/463/740
f 1569/459/736 1567/457/735 1574/464/741
f 1572/462/739 1575/465/742 1573/463/740
f 1575/465/742 1576/466/743 1573/463/740
f 1576/466/743 1575/465/742 1577/467/744
f 1578/169/745 1577/467/744 1575/465/742
f 1578/169/745 1575/465/742 1579/170/746
f 1572/462/739 1580/349/747 1575/465/742
f 1580/349/747 1579/170/746 1575/465/742
f 1572/462/739 1569/459/736 1581/468/748
f 1581/468/748 1580/349/747 1572/462/739
f 1574/464/741 1581/468/748 1569/459/736
f 1580/349/747 1581/468/748 1582/469/749
f 1583/470/750 1582/469/749 1581/468/748
f 1583/470/750 1581/468/748 1584/471/751
f 1574/464/741 1584/471/751 1581/468/748
f 1584/471/751 1574/464/741 1585/472/752
f 1586/473/753 1574/464/741 1567/457/735
f 1567/457/735 1571/461/738 1586/473/753
f 1586/473/753 1585/472/752 1574/464/741
f 1585/472/752 1586/473/753 1587/474/752
f 1587/474/752 1586/473/753 1588/475/754
f 1588/475/754 1586/473/753 1571/461/738
f 1588/475/754 1571/461/738 1589/476/755
f 1588/475/754 1589/476/755 1587/474/752
f 1571/461/738 1568/458/735 1589/476/755
f 1590/477/752 1587/474/752 1589/476/755
f 1590/477/752 1589/476/755 1591/478/756
f 1589/476/755 1592/479/757 1591/478/756
f 1589/476/755 1568/458/735 1592/479/757
f 1593/480/758 1592/479/757 1568/458/735
f 1558/450/727 1593/480/758 1568/458/735
f 1558/450/727 1594/481/759 1593/480/758
f 1595/482/760 1592/479/757 1593/480/758
f 1592/479/757 1595/482/760 1591/478/756
f 1596/483/761 1591/478/756 1595/482/760
f 1596/483/761 1595/482/760 1597/484/762
f 1598/344/763 1597/484/762 1595/482/760
f 1593/480/758 1599/485/764 1595/482/760
f 1595/482/760 1599/485/764 1598/344/763
f 1593/480/758 1594/481/759 1599/485/764
f 1594/481/759 1600/486/724 1599/485/764
f 1599/485/764 1600/486/724 1601/487/765
f 1601/487/765 1598/344/763 1599/485/764
f 1602/167/766 1598/344/763 1601/487/765
f 1603/488/767 1601/487/765 1600/486/724
f 1604/164/768 1602/167/766 1601/487/765
f 1604/164/768 1601/487/765 1605/489/769
f 1603/488/767 1605/489/769 1601/487/765
f 1606/490/770 1607/491/771 1608/492/770
f 1607/491/771 1606/490/770 1609/493/772
f 1607/491/771 1609/493/772 1610/494/773
f 1611/477/773 1610/494/773 1609/493/772
f 1609/493/772 1606/490/770 1612/495/774
f 1609/493/772 1612/495/774 1611/477/773
f 1613/496/775 1612/495/774 1606/490/770
f 1614/474/773 1611/477/773 1612/495/774
f 1612/495/774 1613/496/775 1615/497/776
f 1612/495/774 1616/472/773 1614/474/773
f 1617/498/777 1616/472/773 1612/495/774
f 1615/497/776 1617/498/777 1612/495/774
f 1618/499/776 1617/498/777 1615/497/776
f 1619/500/773 1616/472/773 1617/498/777
f 1617/498/777 1618/499/776 1620/501/774
f 1620/501/774 1619/500/773 1617/498/777
f 1621/502/666 1622/503/101 1623/504/116
f 1621/502/666 1623/504/116 1624/505/115
f 1621/502/666 1625/506/666 1622/503/101
f 1621/502/666 1624/505/115 1626/507/116
f 1621/502/666 1626/507/116 1627/508/115
f 1621/502/666 1627/508/115 1625/506/666
f 1628/509/109 1629/510/100 1630/511/665
f 1628/509/109 1630/511/665 1631/512/778
f 1628/509/109 1632/513/660 1629/510/100
f 1628/509/109 1631/512/778 1633/514/100
f 1628/509/109 1633/514/100 1634/515/100
f 1628/509/109 1634/515/100 1632/513/660
f 1635/516/101 1636/517/101 1637/518/101
f 1635/516/101 1637/518/101 1638/519/101
f 1635/516/101 1639/520/779 1636/517/101
f 1635/516/101 1638/519/101 1640/521/114
f 1635/516/101 1641/522/101 1639/520/779
f 1635/516/101 1640/521/114 1641/522/101
f 1642/523/780 1643/524/100 1644/525/665
f 1642/523/780 1644/525/665 1645/526/100
f 1642/523/780 1646/527/109 1643/524/100
f 1642/523/780 1645/526/100 1647/528/100
f 1642/523/780 1648/529/664 1646/527/109
f 1642/523/780 1647/528/100 1648/529/664
f 1649/530/154 1650/531/154 1651/532/154
f 1649/530/154 1651/532/154 1652/533/154
f 1649/530/154 1653/534/154 1650/531/154
f 1649/530/154 1652/533/154 1654/535/154
f 1649/530/154 1655/536/154 1653/534/154
f 1649/530/154 1654/535/154 1655/536/154
f 1656/537/150 1657/538/150 1658/539/150
f 1656/537/150 1658/539/150 1659/540/150
f 1656/537/150 1660/541/150 1657/538/150
f 1656/537/150 1659/540/150 1661/542/150
f 1656/537/150 1661/542/150 1662/543/150
f 1656/537/150 1662/543/150 1660/541/150
f 1663/544/154 1664/545/154 1665/546/154
f 1663/544/154 1665/546/154 1666/547/154
f 1663/544/154 1667/548/154 1664/545/154
f 1663/544/154 1666/547/154 1668/549/154
f 1663/544/154 1668/549/154 1669/550/154
f 1663/544/154 1669/550/154 1667/548/154
f 1670/551/150 1671/552/150 1672/553/150
f 1670/551/150 1672/553/150 1673/554/150
f 1670/551/150 1674/555/150 1671/552/150
f 1670/551/150 1673/554/150 1675/556/150
f 1670/551/150 1675/556/150 1676/557/150
f 1670/551/150 1676/557/150 1674/555/150
f 1677/530/154 1678/558/154 1679/559/154
f 1677/530/154 1679/559/154 1680/560/154
f 1677/530/154 1681/561/154 1678/558/154
f 1677/530/154 1680/560/154 1682/562/154
f 1677/530/154 1682/562/154 1683/563/154
f 1677/530/154 1683/563/154 1681/561/154
f 1684/537/150 1685/564/150 1686/565/150
f 1684/537/150 1686/565/150 1687/566/150
f 1684/537/150 1688/567/150 1685/564/150
f 1684/537/150 1687/566/150 1689/568/150
f 1684/537/150 1689/568/150 1690/569/150
f 1684/537/150 1690/569/150 1688/567/150
f 1691/544/154 1692/570/154 1693/571/154
f 1691/544/154 1693/571/154 1694/572/154
f 1691/544/154 1695/573/154 1692/570/154
f 1691/544/154 1694/572/154 1696/574/154
f 1691/544/154 1696/574/154 1697/575/154
f 1691/544/154 1697/575/154 1695/573/154
f 1698/551/150 1699/552/150 1700/576/150
f 1698/551/150 1700/576/150 1701/577/150
f 1698/551/150 1702/578/150 1699/552/150
f 1698/551/150 1701/577/150 1703/579/150
f 1698/551/150 1704/557/150 1702/578/150
f 1698/551/150 1703/579/150 1704/557/150
f 1705/530/154 1706/558/154 1707/532/154
f 1705/530/154 1707/532/154 1708/533/154
f 1705/530/154 1709/561/154 1706/558/154
f 1705/530/154 1708/533/154 1710/535/154
f 1705/530/154 1711/563/154 1709/561/154
f 1705/530/154 1710/535/154 1711/563/154
f 1712/537/150 1713/538/150 1714/565/150
f 1712/537/150 1714/565/150 1715/566/150
f 1712/537/150 1716/541/150 1713/538/150
f 1712/537/150 1715/566/150 1717/568/150
f 1712/537/150 1718/543/150 1716/541/150
f 1712/537/150 1717/568/150 1718/543/150
f 1719/544/154 1720/570/154 1721/546/154
f 1719/544/154 1721/546/154 1722/547/154
f 1719/544/154 1723/573/154 1720/570/154
f 1719/544/154 1722/547/154 1724/549/154
f 1719/544/154 1725/575/154 1723/573/154
f 1719/544/154 1724/549/154 1725/575/154
f 1726/551/150 1727/552/150 1728/576/150
f 1726/551/150 1728/576/150 1729/577/150
f 1726/551/150 1730/555/150 1727/552/150
f 1726/551/150 1729/577/150 1731/579/150
f 1726/551/150 1731/579/150 1732/557/150
f 1726/551/150 1732/557/150 1730/555/150
f 1733/530/154 1734/531/154 1735/532/154
f 1733/530/154 1735/532/154 1736/533/154
f 1733/530/154 1737/534/154 1734/531/154
f 1733/530/154 1736/533/154 1738/535/154
f 1733/530/154 1738/535/154 1739/536/154
f 1733/530/154 1739/536/154 1737/534/154
f 1740/537/150 1741/538/150 1742/539/150
f 1740/537/150 1742/539/150 1743/540/150
f 1740/537/150 1744/541/150 1741/538/150
f 1740/537/150 1743/540/150 1745/542/150
f 1740/537/150 1745/542/150 1746/543/150
f 1740/537/150 1746/543/150 1744/541/150
f 1747/544/154 1748/545/154 1749/546/154
f 1747/544/154 1749/546/154 1750/547/154
f 1747/544/154 1751/548/154 1748/545/154
f 1747/544/154 1750/547/154 1752/549/154
f 1747/544/154 1753/550/154 1751/548/154
f 1747/544/154 1752/549/154 1753/550/154
f 1754/551/150 1755/552/150 1756/553/150
f 1754/551/150 1756/553/150 1757/554/150
f 1754/551/150 1758/555/150 1755/552/150
f 1754/551/150 1757/554/150 1759/556/150
f 1754/551/150 1760/557/150 1758/555/150
f 1754/551/150 1759/556/150 1760/557/150
