# Blender 5.2.2 LTS
# www.blender.org
mtllib RightCalf.mtl
o RightCalf2.001
v -6.218033 -68.078766 6.499007
v -5.192554 -75.496605 7.389622
v -4.460129 -74.796860 6.581055
v -10.144981 -30.984306 3.787689
v -8.780697 -29.693031 2.464378
v -9.662033 -29.887070 3.452059
v -7.224663 -75.241203 7.155703
v -5.192554 -75.496605 7.389622
v -6.218033 -68.078766 6.499007
v -4.981968 -75.971588 -0.138510
v -6.044468 -75.567986 -0.161654
v -5.030533 -73.440361 0.264096
v -5.192554 -75.496605 7.389622
v -5.540154 -75.808533 3.197318
v -4.460129 -74.796860 6.581055
v -7.702209 -75.430450 3.171461
v -7.115967 -67.440460 2.632050
v -6.366032 -67.440109 2.241538
v -9.293613 -37.470856 -1.376379
v -9.993553 -37.469620 -0.986142
v -10.652290 -35.863960 -5.742009
v -10.144981 -30.984306 3.787689
v -9.662033 -29.887070 3.452059
v -11.880371 -28.395798 -0.069657
v -12.720409 -35.434456 -8.652173
v -10.283573 -38.034912 -1.679373
v -12.080212 -34.497147 -9.349987
v -9.293613 -37.470856 -1.376380
v -12.080212 -34.497147 -9.349987
v -10.283573 -38.034912 -1.679373
v -9.465214 -42.083099 -1.291234
v -9.293613 -37.470856 -1.376380
v -10.283573 -38.034912 -1.679373
v -8.261753 -42.731590 -0.882241
v -9.293613 -37.470856 -1.376380
v -9.465214 -42.083099 -1.291234
v -9.465214 -42.083099 -1.291234
v -11.014484 -39.773136 -8.741284
v -8.261753 -42.731590 -0.882241
v -11.014484 -39.773136 -8.741284
v -9.465214 -42.083099 -1.291234
v -11.875603 -39.492569 -8.172912
v -12.720409 -35.434456 -8.652173
v -11.014484 -39.773136 -8.741284
v -11.875603 -39.492569 -8.172912
v -12.080212 -34.497147 -9.349987
v -11.014484 -39.773136 -8.741284
v -12.720409 -35.434456 -8.652173
v -11.014484 -39.773136 -8.741284
v -11.223064 -34.850754 -9.184297
v -10.298222 -39.429684 -8.655993
v -11.223064 -34.850754 -9.184297
v -11.014484 -39.773136 -8.741284
v -12.080212 -34.497147 -9.349987
v -8.261753 -42.731590 -0.882241
v -11.014484 -39.773136 -8.741284
v -7.764927 -42.152241 -1.423581
v -7.764927 -42.152241 -1.423581
v -11.014484 -39.773136 -8.741284
v -10.298222 -39.429684 -8.655993
v -7.764927 -42.152241 -1.423581
v -9.293613 -37.470856 -1.376380
v -8.261753 -42.731590 -0.882241
v -9.293613 -37.470856 -1.376380
v -7.764927 -42.152241 -1.423581
v -8.660831 -37.585079 -1.852545
v -11.223064 -34.850754 -9.184297
v -9.293613 -37.470856 -1.376380
v -8.660831 -37.585079 -1.852545
v -9.293613 -37.470856 -1.376380
v -11.223064 -34.850754 -9.184297
v -12.080212 -34.497147 -9.349987
v -9.285694 -43.241383 -1.167969
v -11.014957 -44.713985 -7.622923
v -8.703766 -47.323528 -0.714458
v -11.014957 -44.713985 -7.622923
v -9.285694 -43.241383 -1.167969
v -11.623470 -40.621941 -8.167526
v -9.440716 -44.752563 -8.118587
v -7.640804 -42.891094 -1.360946
v -7.011662 -47.495106 -0.858021
v -7.640804 -42.891094 -1.360946
v -9.440716 -44.752563 -8.118587
v -10.098866 -40.136795 -8.720831
v -11.623470 -40.621941 -8.167526
v -9.285694 -43.241383 -1.167969
v -10.935078 -39.736160 -8.886445
v -8.261753 -42.731590 -0.882243
v -10.935078 -39.736160 -8.886445
v -9.285694 -43.241383 -1.167969
v -8.703766 -47.323528 -0.714458
v -8.261753 -42.731590 -0.882243
v -9.285694 -43.241383 -1.167969
v -7.537182 -48.034744 -0.302915
v -8.261753 -42.731590 -0.882243
v -8.703766 -47.323528 -0.714458
v -8.703766 -47.323528 -0.714458
v -10.176624 -45.054581 -8.192556
v -7.537182 -48.034744 -0.302915
v -10.176624 -45.054581 -8.192556
v -8.703766 -47.323528 -0.714458
v -11.014957 -44.713985 -7.622923
v -11.623470 -40.621941 -8.167526
v -10.176624 -45.054581 -8.192556
v -11.014957 -44.713985 -7.622923
v -10.935078 -39.736160 -8.886445
v -10.176624 -45.054581 -8.192556
v -11.623470 -40.621941 -8.167526
v -10.176624 -45.054581 -8.192556
v -10.098866 -40.136795 -8.720831
v -9.440716 -44.752563 -8.118587
v -10.098866 -40.136795 -8.720831
v -10.176624 -45.054581 -8.192556
v -10.935078 -39.736160 -8.886445
v -7.537182 -48.034744 -0.302915
v -10.176624 -45.054581 -8.192556
v -7.011662 -47.495106 -0.858021
v -7.011662 -47.495106 -0.858021
v -10.176624 -45.054581 -8.192556
v -9.440716 -44.752563 -8.118587
v -7.011662 -47.495106 -0.858021
v -8.261753 -42.731590 -0.882243
v -7.537182 -48.034744 -0.302915
v -8.261753 -42.731590 -0.882243
v -7.011662 -47.495106 -0.858021
v -7.640804 -42.891094 -1.360946
v -10.098866 -40.136795 -8.720831
v -8.261753 -42.731590 -0.882243
v -7.640804 -42.891094 -1.360946
v -8.261753 -42.731590 -0.882243
v -10.098866 -40.136795 -8.720831
v -10.935078 -39.736160 -8.886445
v -10.901680 -45.928074 -7.587770
v -8.559769 -48.546848 -0.589344
v -10.215221 -45.040092 -8.305821
v -7.537178 -48.034752 -0.302914
v -10.215221 -45.040092 -8.305821
v -8.559769 -48.546848 -0.589344
v -7.967995 -52.627892 -0.138594
v -7.537178 -48.034752 -0.302914
v -8.559769 -48.546848 -0.589344
v -6.799809 -53.336548 0.272814
v -7.537178 -48.034752 -0.302914
v -7.967995 -52.627892 -0.138594
v -7.967995 -52.627892 -0.138594
v -9.443974 -50.357143 -7.615531
v -6.799809 -53.336548 0.272814
v -9.443974 -50.357143 -7.615531
v -7.967995 -52.627892 -0.138594
v -10.283329 -50.019005 -7.045929
v -10.901680 -45.928074 -7.587770
v -9.443974 -50.357143 -7.615531
v -10.283329 -50.019005 -7.045929
v -10.215221 -45.040092 -8.305821
v -9.443974 -50.357143 -7.615531
v -10.901680 -45.928074 -7.587770
v -9.443974 -50.357143 -7.615531
v -9.378086 -45.438808 -8.140223
v -8.708828 -50.053371 -7.541107
v -9.378086 -45.438808 -8.140223
v -9.443974 -50.357143 -7.615531
v -10.215221 -45.040092 -8.305821
v -6.799809 -53.336548 0.272814
v -9.443974 -50.357143 -7.615531
v -6.275436 -52.795208 -0.281730
v -6.275436 -52.795208 -0.281730
v -9.443974 -50.357143 -7.615531
v -8.708828 -50.053371 -7.541107
v -6.275436 -52.795208 -0.281730
v -7.537178 -48.034752 -0.302914
v -6.799809 -53.336548 0.272814
v -7.537178 -48.034752 -0.302914
v -6.275436 -52.795208 -0.281730
v -6.915680 -48.192402 -0.781530
v -9.378086 -45.438808 -8.140223
v -7.537178 -48.034752 -0.302914
v -6.915680 -48.192402 -0.781530
v -7.537178 -48.034752 -0.302914
v -9.378086 -45.438808 -8.140223
v -10.215221 -45.040092 -8.305821
v 7.236135 -68.078766 6.499007
v 5.478231 -74.796860 6.581055
v 6.210659 -75.496605 7.389622
v 11.163084 -30.984306 3.787689
v 10.680138 -29.887070 3.452059
v 9.798803 -29.693031 2.464378
v 8.242769 -75.241203 7.155703
v 7.236135 -68.078766 6.499007
v 6.210659 -75.496605 7.389622
v 6.000072 -75.971588 -0.138510
v 6.048639 -73.440361 0.264096
v 7.062569 -75.567986 -0.161654
v 6.210659 -75.496605 7.389622
v 5.478231 -74.796860 6.581055
v 6.558256 -75.808533 3.197318
v 8.720312 -75.430450 3.171461
v 7.384136 -67.440109 2.241538
v 8.134069 -67.440460 2.632050
v 10.311712 -37.470856 -1.376379
v 11.670395 -35.863960 -5.742009
v 11.011656 -37.469620 -0.986142
v 11.163084 -30.984306 3.787689
v 12.898476 -28.395798 -0.069657
v 10.680138 -29.887070 3.452059
v 11.301676 -38.034912 -1.679373
v 13.098316 -34.497147 -9.349987
v 10.311714 -37.470856 -1.376380
v 13.098316 -34.497147 -9.349987
v 11.301676 -38.034912 -1.679373
v 13.738512 -35.434456 -8.652173
v 10.483313 -42.083099 -1.291234
v 11.301676 -38.034912 -1.679373
v 10.311714 -37.470856 -1.376380
v 10.311714 -37.470856 -1.376380
v 9.279858 -42.731590 -0.882241
v 10.483313 -42.083099 -1.291234
v 10.483313 -42.083099 -1.291234
v 12.032587 -39.773136 -8.741284
v 12.893703 -39.492569 -8.172912
v 12.032587 -39.773136 -8.741284
v 10.483313 -42.083099 -1.291234
v 9.279858 -42.731590 -0.882241
v 13.738512 -35.434456 -8.652173
v 12.893703 -39.492569 -8.172912
v 12.032587 -39.773136 -8.741284
v 12.032587 -39.773136 -8.741284
v 13.098316 -34.497147 -9.349987
v 13.738512 -35.434456 -8.652173
v 12.241163 -34.850754 -9.184297
v 12.032587 -39.773136 -8.741284
v 11.316326 -39.429684 -8.655993
v 12.032587 -39.773136 -8.741284
v 12.241163 -34.850754 -9.184297
v 13.098316 -34.497147 -9.349987
v 12.032587 -39.773136 -8.741284
v 9.279858 -42.731590 -0.882241
v 8.783030 -42.152241 -1.423581
v 12.032587 -39.773136 -8.741284
v 8.783030 -42.152241 -1.423581
v 11.316326 -39.429684 -8.655993
v 10.311714 -37.470856 -1.376380
v 8.783030 -42.152241 -1.423581
v 9.279858 -42.731590 -0.882241
v 8.783030 -42.152241 -1.423581
v 10.311714 -37.470856 -1.376380
v 9.678936 -37.585079 -1.852545
v 12.241163 -34.850754 -9.184297
v 9.678936 -37.585079 -1.852545
v 10.311714 -37.470856 -1.376380
v 10.311714 -37.470856 -1.376380
v 13.098316 -34.497147 -9.349987
v 12.241163 -34.850754 -9.184297
v 12.033062 -44.713985 -7.622923
v 10.303797 -43.241383 -1.167969
v 9.721867 -47.323528 -0.714458
v 10.303797 -43.241383 -1.167969
v 12.033062 -44.713985 -7.622923
v 12.641575 -40.621941 -8.167526
v 8.658905 -42.891094 -1.360946
v 10.458818 -44.752563 -8.118587
v 8.029762 -47.495106 -0.858021
v 10.458818 -44.752563 -8.118587
v 8.658905 -42.891094 -1.360946
v 11.116966 -40.136795 -8.720831
v 10.303797 -43.241383 -1.167969
v 11.953180 -39.736160 -8.886445
v 9.279858 -42.731590 -0.882243
v 11.953180 -39.736160 -8.886445
v 10.303797 -43.241383 -1.167969
v 12.641575 -40.621941 -8.167526
v 9.721867 -47.323528 -0.714458
v 10.303797 -43.241383 -1.167969
v 9.279858 -42.731590 -0.882243
v 9.279858 -42.731590 -0.882243
v 8.555285 -48.034744 -0.302915
v 9.721867 -47.323528 -0.714458
v 9.721867 -47.323528 -0.714458
v 11.194731 -45.054581 -8.192556
v 12.033062 -44.713985 -7.622923
v 11.194731 -45.054581 -8.192556
v 9.721867 -47.323528 -0.714458
v 8.555285 -48.034744 -0.302915
v 12.641575 -40.621941 -8.167526
v 12.033062 -44.713985 -7.622923
v 11.194731 -45.054581 -8.192556
v 11.194731 -45.054581 -8.192556
v 11.953180 -39.736160 -8.886445
v 12.641575 -40.621941 -8.167526
v 11.116966 -40.136795 -8.720831
v 11.194731 -45.054581 -8.192556
v 10.458818 -44.752563 -8.118587
v 11.194731 -45.054581 -8.192556
v 11.116966 -40.136795 -8.720831
v 11.953180 -39.736160 -8.886445
v 11.194731 -45.054581 -8.192556
v 8.555285 -48.034744 -0.302915
v 8.029762 -47.495106 -0.858021
v 11.194731 -45.054581 -8.192556
v 8.029762 -47.495106 -0.858021
v 10.458818 -44.752563 -8.118587
v 9.279858 -42.731590 -0.882243
v 8.029762 -47.495106 -0.858021
v 8.555285 -48.034744 -0.302915
v 8.029762 -47.495106 -0.858021
v 9.279858 -42.731590 -0.882243
v 8.658905 -42.891094 -1.360946
v 11.116966 -40.136795 -8.720831
v 8.658905 -42.891094 -1.360946
v 9.279858 -42.731590 -0.882243
v 9.279858 -42.731590 -0.882243
v 11.953180 -39.736160 -8.886445
v 11.116966 -40.136795 -8.720831
v 9.577875 -48.546848 -0.589344
v 11.233326 -45.040092 -8.305821
v 8.555283 -48.034752 -0.302914
v 11.233326 -45.040092 -8.305821
v 9.577875 -48.546848 -0.589344
v 11.919779 -45.928074 -7.587770
v 8.986095 -52.627892 -0.138594
v 9.577875 -48.546848 -0.589344
v 8.555283 -48.034752 -0.302914
v 8.555283 -48.034752 -0.302914
v 7.817909 -53.336548 0.272814
v 8.986095 -52.627892 -0.138594
v 8.986095 -52.627892 -0.138594
v 10.462078 -50.357143 -7.615531
v 11.301432 -50.019005 -7.045929
v 10.462078 -50.357143 -7.615531
v 8.986095 -52.627892 -0.138594
v 7.817909 -53.336548 0.272814
v 11.919779 -45.928074 -7.587770
v 11.301432 -50.019005 -7.045929
v 10.462078 -50.357143 -7.615531
v 10.462078 -50.357143 -7.615531
v 11.233326 -45.040092 -8.305821
v 11.919779 -45.928074 -7.587770
v 10.396185 -45.438808 -8.140223
v 10.462078 -50.357143 -7.615531
v 9.726934 -50.053371 -7.541107
v 10.462078 -50.357143 -7.615531
v 10.396185 -45.438808 -8.140223
v 11.233326 -45.040092 -8.305821
v 10.462078 -50.357143 -7.615531
v 7.817909 -53.336548 0.272814
v 7.293535 -52.795208 -0.281730
v 10.462078 -50.357143 -7.615531
v 7.293535 -52.795208 -0.281730
v 9.726934 -50.053371 -7.541107
v 8.555283 -48.034752 -0.302914
v 7.293535 -52.795208 -0.281730
v 7.817909 -53.336548 0.272814
v 7.293535 -52.795208 -0.281730
v 8.555283 -48.034752 -0.302914
v 7.933781 -48.192402 -0.781530
v 10.396185 -45.438808 -8.140223
v 7.933781 -48.192402 -0.781530
v 8.555283 -48.034752 -0.302914
v 8.555283 -48.034752 -0.302914
v 11.233326 -45.040092 -8.305821
v 10.396185 -45.438808 -8.140223
v -4.685917 -72.511276 3.917282
v -5.108261 -67.956833 3.225885
v -6.218033 -68.078766 6.499007
v -4.685917 -72.511276 3.917282
v -4.460129 -74.796860 6.581055
v -4.806763 -74.560089 4.070757
v -5.540154 -75.808533 3.197318
v -4.445148 -73.594772 2.545793
v -4.981968 -75.971588 -0.138510
v -5.030533 -73.440361 0.264096
v 5.704021 -72.511276 3.917282
v 7.236135 -68.078766 6.499007
v 6.126362 -67.956833 3.225885
v 5.704021 -72.511276 3.917282
v 5.478231 -74.796860 6.581055
v 5.824867 -74.560089 4.070757
v 6.558256 -75.808533 3.197318
v 5.463251 -73.594772 2.545793
v 6.000072 -75.971588 -0.138510
v 6.048639 -73.440361 0.264096
v -6.218033 -68.078766 6.499007
v -7.702209 -75.430450 3.171461
v -7.224663 -75.241203 7.155703
v -7.115967 -67.440460 2.632050
v -7.098469 -60.193905 1.670344
v -7.115967 -67.440460 2.632050
v -6.160290 -60.980652 5.648807
v -6.218033 -68.078766 6.499007
v -6.757858 -53.330086 4.860489
v -7.098469 -60.193905 1.670344
v -6.160290 -60.980652 5.648807
v -7.703999 -52.637283 0.800089
v -7.662392 -43.146091 3.716271
v -7.703999 -52.637283 0.800089
v -6.757858 -53.330086 4.860489
v -9.154686 -42.308983 -0.464448
v -8.505013 -38.689045 3.563521
v -9.154686 -42.308983 -0.464448
v -7.662392 -43.146091 3.716271
v -9.993553 -37.469620 -0.986142
v -9.197662 -41.540653 -4.929583
v -9.266113 -35.697823 -4.395260
v -7.870316 -41.342899 -4.323903
v -10.652290 -35.863960 -5.742009
v -6.871040 -51.949051 -2.996648
v -7.870316 -41.342899 -4.323903
v -5.743279 -51.825241 -2.273705
v -9.197662 -41.540653 -4.929583
v -6.089413 -66.793373 -0.622994
v -6.285618 -59.447857 -1.479917
v -5.357777 -66.602844 0.338873
v -5.225967 -59.264896 -0.883537
v -10.652290 -35.863960 -5.742009
v -10.478649 -31.689774 -4.899412
v -9.266113 -35.697823 -4.395260
v -11.827049 -31.719727 -6.155750
v -6.285618 -59.447857 -1.479917
v -6.871040 -51.949051 -2.996648
v -5.225967 -59.264896 -0.883537
v -5.743279 -51.825241 -2.273705
v -6.160290 -60.980652 5.648807
v -5.108261 -67.956833 3.225885
v -4.977024 -60.767166 2.175146
v -6.218033 -68.078766 6.499007
v -4.977024 -60.767166 2.175146
v -6.757858 -53.330086 4.860489
v -6.160290 -60.980652 5.648807
v -5.544876 -53.098476 1.967445
v -5.544876 -53.098476 1.967445
v -7.662392 -43.146091 3.716271
v -6.757858 -53.330086 4.860489
v -6.721031 -42.876057 2.324774
v -6.721031 -42.876057 2.324774
v -8.505013 -38.689045 3.563521
v -7.662392 -43.146091 3.716271
v -7.509953 -38.001949 2.356015
v -9.551319 -34.175583 3.500136
v -7.509953 -38.001949 2.356015
v -8.316273 -33.342453 2.381692
v -8.505013 -38.689045 3.563521
v -8.316273 -33.342453 2.381692
v -10.144981 -30.984306 3.787689
v -9.551319 -34.175583 3.500136
v -8.780697 -29.693031 2.464378
v -6.366032 -67.440109 2.241538
v -7.267609 -75.053581 -0.290683
v -7.702209 -75.430450 3.171461
v -6.089413 -66.793373 -0.622994
v -6.285618 -59.447857 -1.479917
v -6.089413 -66.793373 -0.622994
v -6.348522 -60.194031 1.279942
v -6.366032 -67.440109 2.241538
v -6.954006 -52.637630 0.409883
v -6.285618 -59.447857 -1.479917
v -6.348522 -60.194031 1.279942
v -6.871040 -51.949051 -2.996648
v -8.404621 -42.309608 -0.854485
v -6.871040 -51.949051 -2.996648
v -6.954006 -52.637630 0.409883
v -9.197662 -41.540653 -4.929583
v -9.293613 -37.470856 -1.376379
v -9.197662 -41.540653 -4.929583
v -8.404621 -42.309608 -0.854485
v -10.652290 -35.863960 -5.742009
v -7.115967 -67.440460 2.632050
v -7.098469 -60.193905 1.670344
v -6.366032 -67.440109 2.241538
v -6.348522 -60.194031 1.279942
v -7.098469 -60.193905 1.670344
v -6.954006 -52.637630 0.409883
v -6.348522 -60.194031 1.279942
v -7.703999 -52.637283 0.800089
v -7.703999 -52.637283 0.800089
v -8.404621 -42.309608 -0.854485
v -6.954006 -52.637630 0.409883
v -9.154686 -42.308983 -0.464448
v -9.154686 -42.308983 -0.464448
v -9.293613 -37.470856 -1.376379
v -8.404621 -42.309608 -0.854485
v -9.993553 -37.469620 -0.986142
v -12.866158 -28.049835 -6.126079
v -11.593590 -25.183594 -4.242065
v -11.101665 -27.999817 -4.797281
v -13.292549 -25.230507 -5.363331
v -11.827049 -31.719727 -6.155750
v -11.101665 -27.999817 -4.797281
v -10.478649 -31.689774 -4.899412
v -12.866158 -28.049835 -6.126079
v -10.283573 -38.034912 -1.679373
v -11.875603 -39.492569 -8.172912
v -9.465214 -42.083099 -1.291234
v -12.720409 -35.434456 -8.652173
v -10.298222 -39.429684 -8.655993
v -8.660831 -37.585079 -1.852545
v -7.764927 -42.152241 -1.423581
v -11.223064 -34.850754 -9.184297
v -8.559769 -48.546848 -0.589344
v -10.283329 -50.019005 -7.045929
v -7.967995 -52.627892 -0.138594
v -10.901680 -45.928074 -7.587770
v -8.708828 -50.053371 -7.541107
v -6.915680 -48.192402 -0.781530
v -6.275436 -52.795208 -0.281730
v -9.378086 -45.438808 -8.140223
v 7.236135 -68.078766 6.499007
v 8.242769 -75.241203 7.155703
v 8.720312 -75.430450 3.171461
v 8.134069 -67.440460 2.632050
v 7.178392 -60.980652 5.648807
v 7.236135 -68.078766 6.499007
v 8.134069 -67.440460 2.632050
v 8.116570 -60.193905 1.670344
v 7.775963 -53.330086 4.860489
v 7.178392 -60.980652 5.648807
v 8.116570 -60.193905 1.670344
v 8.722099 -52.637283 0.800089
v 8.680494 -43.146091 3.716271
v 7.775963 -53.330086 4.860489
v 8.722099 -52.637283 0.800089
v 10.172787 -42.308983 -0.464448
v 9.523115 -38.689045 3.563521
v 8.680494 -43.146091 3.716271
v 10.172787 -42.308983 -0.464448
v 11.011656 -37.469620 -0.986142
v 10.284214 -35.697823 -4.395260
v 10.215765 -41.540653 -4.929583
v 8.888418 -41.342899 -4.323903
v 11.670395 -35.863960 -5.742009
v 8.888418 -41.342899 -4.323903
v 7.889139 -51.949051 -2.996648
v 6.761377 -51.825241 -2.273705
v 10.215765 -41.540653 -4.929583
v 6.375881 -66.602844 0.338873
v 7.303722 -59.447857 -1.479917
v 7.107513 -66.793373 -0.622994
v 6.244070 -59.264896 -0.883537
v 11.496754 -31.689774 -4.899412
v 11.670395 -35.863960 -5.742009
v 10.284214 -35.697823 -4.395260
v 12.845152 -31.719727 -6.155750
v 7.889139 -51.949051 -2.996648
v 6.244070 -59.264896 -0.883537
v 6.761377 -51.825241 -2.273705
v 7.303722 -59.447857 -1.479917
v 7.178392 -60.980652 5.648807
v 6.126362 -67.956833 3.225885
v 7.236135 -68.078766 6.499007
v 5.995125 -60.767166 2.175146
v 7.775963 -53.330086 4.860489
v 5.995125 -60.767166 2.175146
v 7.178392 -60.980652 5.648807
v 6.562977 -53.098476 1.967445
v 8.680494 -43.146091 3.716271
v 6.562977 -53.098476 1.967445
v 7.775963 -53.330086 4.860489
v 7.739130 -42.876057 2.324774
v 9.523115 -38.689045 3.563521
v 7.739130 -42.876057 2.324774
v 8.680494 -43.146091 3.716271
v 8.528055 -38.001949 2.356015
v 10.569420 -34.175583 3.500136
v 8.528055 -38.001949 2.356015
v 9.523115 -38.689045 3.563521
v 9.334373 -33.342453 2.381692
v 11.163084 -30.984306 3.787689
v 9.334373 -33.342453 2.381692
v 10.569420 -34.175583 3.500136
v 9.798803 -29.693031 2.464378
v 8.285711 -75.053581 -0.290683
v 7.384136 -67.440109 2.241538
v 8.720312 -75.430450 3.171461
v 7.107513 -66.793373 -0.622994
v 7.366621 -60.194031 1.279942
v 7.384136 -67.440109 2.241538
v 7.107513 -66.793373 -0.622994
v 7.303722 -59.447857 -1.479917
v 7.303722 -59.447857 -1.479917
v 7.972105 -52.637630 0.409883
v 7.366621 -60.194031 1.279942
v 7.889139 -51.949051 -2.996648
v 9.422722 -42.309608 -0.854485
v 7.889139 -51.949051 -2.996648
v 10.215765 -41.540653 -4.929583
v 7.972105 -52.637630 0.409883
v 10.215765 -41.540653 -4.929583
v 10.311712 -37.470856 -1.376379
v 9.422722 -42.309608 -0.854485
v 11.670395 -35.863960 -5.742009
v 8.116570 -60.193905 1.670344
v 8.134069 -67.440460 2.632050
v 7.384136 -67.440109 2.241538
v 7.366621 -60.194031 1.279942
v 8.116570 -60.193905 1.670344
v 7.972105 -52.637630 0.409883
v 8.722099 -52.637283 0.800089
v 7.366621 -60.194031 1.279942
v 8.722099 -52.637283 0.800089
v 9.422722 -42.309608 -0.854485
v 10.172787 -42.308983 -0.464448
v 7.972105 -52.637630 0.409883
v 10.172787 -42.308983 -0.464448
v 10.311712 -37.470856 -1.376379
v 11.011656 -37.469620 -0.986142
v 9.422722 -42.309608 -0.854485
v 12.119764 -27.999817 -4.797281
v 12.611692 -25.183594 -4.242065
v 13.884260 -28.049835 -6.126079
v 14.310654 -25.230507 -5.363331
v 12.119764 -27.999817 -4.797281
v 12.845152 -31.719727 -6.155750
v 11.496754 -31.689774 -4.899412
v 13.884260 -28.049835 -6.126079
v 12.893703 -39.492569 -8.172912
v 11.301676 -38.034912 -1.679373
v 10.483313 -42.083099 -1.291234
v 13.738512 -35.434456 -8.652173
v 9.678936 -37.585079 -1.852545
v 11.316326 -39.429684 -8.655993
v 8.783030 -42.152241 -1.423581
v 12.241163 -34.850754 -9.184297
v 11.301432 -50.019005 -7.045929
v 9.577875 -48.546848 -0.589344
v 8.986095 -52.627892 -0.138594
v 11.919779 -45.928074 -7.587770
v 7.933781 -48.192402 -0.781530
v 9.726934 -50.053371 -7.541107
v 7.293535 -52.795208 -0.281730
v 10.396185 -45.438808 -8.140223
v -8.505013 -38.689045 3.563521
v -9.551319 -34.175583 3.500136
v -9.993553 -37.469620 -0.986142
v -10.823853 -33.238388 -0.675242
v -10.652290 -35.863960 -5.742009
v -11.827049 -31.719727 -6.155750
v -12.866158 -28.049835 -6.126079
v -11.827049 -31.719727 -6.155750
v -11.513695 -30.694992 -0.505027
v -10.823853 -33.238388 -0.675242
v -10.144981 -30.984306 3.787689
v -9.551319 -34.175583 3.500136
v -11.513695 -30.694992 -0.505027
v -10.144981 -30.984306 3.787689
v -11.880371 -28.395798 -0.069657
v -12.866158 -28.049835 -6.126079
v -13.292549 -25.230507 -5.363331
v -15.375523 -5.701828 -2.993214
v -14.241825 -5.868622 -0.316254
v -13.744007 -6.575920 -1.203091
v -12.558533 -11.620758 5.253122
v -11.866840 -12.312950 5.000563
v -11.812912 -14.168686 7.720066
v -11.186218 -14.732414 7.351243
v -11.213505 -16.534851 9.561074
v -10.619671 -16.973221 9.094815
v -9.849487 -20.487419 11.495896
v -10.418861 -20.242981 12.099989
v -9.154324 -24.556099 13.584930
v -9.678093 -24.613380 14.323789
v -9.633858 -27.646225 13.497912
v -9.097935 -27.345848 12.810724
v -9.695686 -29.277191 12.515887
v -9.139553 -28.847313 11.903575
v -9.957214 -30.576004 11.147322
v -9.395721 -30.043953 10.646000
v -10.493427 -32.000671 8.396876
v -9.905972 -31.366417 8.120929
v -10.909859 -30.094925 3.787689
v -11.568054 -30.655205 3.746144
v -11.880371 -28.395798 -0.069657
v -12.573776 -28.859558 -0.327175
v -12.550812 -27.096336 -2.568467
v -13.282890 -27.487358 -2.965649
v -13.292549 -25.230507 -5.363331
v -14.093342 -25.526886 -5.903910
v -15.243370 -20.160896 -12.102474
v -15.923000 -21.100891 -12.537277
v -16.775951 -18.390358 -13.173354
v -15.923000 -21.100891 -12.537277
v -17.176826 -20.719505 -12.018023
v -16.775951 -18.390358 -13.173354
v -18.635624 -19.250336 -10.694767
v -18.682407 -16.876816 -11.749693
v -19.408100 -18.169930 -9.701794
v -19.324375 -15.973724 -10.933833
v -20.148434 -16.913429 -8.635291
v -19.999149 -14.936546 -10.069056
v -19.977295 -13.408669 -5.848237
v -19.886692 -11.948074 -7.681196
v -19.343731 -8.998108 -5.304576
v -19.380630 -9.956764 -3.053875
v -18.448128 -8.034492 -4.564119
v -18.369621 -8.760834 -2.152779
v -17.607956 -7.141792 -3.939180
v -17.358292 -7.677063 -1.409384
v -15.375523 -5.701828 -2.993214
v -15.583569 -6.283920 -0.436197
v -14.241825 -5.868622 -0.316254
v 15.259926 -5.868622 -0.316254
v 16.601675 -6.283920 -0.436197
v 16.393631 -5.701828 -2.993214
v 18.376392 -7.677063 -1.409384
v 18.626064 -7.141792 -3.939180
v 19.387722 -8.760834 -2.152779
v 19.466230 -8.034492 -4.564119
v 20.398731 -9.956764 -3.053875
v 20.361832 -8.998108 -5.304576
v 20.995396 -13.408669 -5.848237
v 20.904793 -11.948074 -7.681196
v 21.017252 -14.936546 -10.069056
v 21.166536 -16.913429 -8.635291
v 20.342480 -15.973724 -10.933833
v 20.426203 -18.169930 -9.701794
v 19.700508 -16.876816 -11.749693
v 19.653728 -19.250336 -10.694767
v 17.794056 -18.390358 -13.173354
v 18.194923 -20.719505 -12.018023
v 16.941107 -21.100891 -12.537277
v 17.794056 -18.390358 -13.173354
v 16.261473 -20.160896 -12.102474
v 15.906122 -16.794273 -10.059579
v 17.532120 -14.787758 -10.988709
v 15.452621 -13.006050 -7.112553
v 17.149267 -11.663483 -8.552542
v 16.849449 -8.602440 -6.026149
v 15.079264 -9.302551 -4.048888
v 16.393631 -5.701828 -2.993214
v 14.762108 -6.575920 -1.203091
v 17.794056 -18.390358 -13.173354
v 16.941107 -21.100891 -12.537277
v 16.261473 -20.160896 -12.102474
v 15.111448 -25.526886 -5.903910
v 14.310654 -25.230507 -5.363331
v 14.300991 -27.487358 -2.965649
v 13.568914 -27.096336 -2.568467
v 13.591877 -28.859558 -0.327175
v 12.898476 -28.395798 -0.069657
v 12.586153 -30.655205 3.746144
v 11.927959 -30.094925 3.787689
v 11.511530 -32.000671 8.396876
v 10.924072 -31.366417 8.120929
v 10.413826 -30.043953 10.646000
v 10.975313 -30.576004 11.147322
v 10.157654 -28.847313 11.903575
v 10.713789 -29.277191 12.515887
v 10.116035 -27.345848 12.810724
v 10.651957 -27.646225 13.497912
v 10.172424 -24.556099 13.584930
v 10.696198 -24.613380 14.323789
v 11.436962 -20.242981 12.099989
v 10.867588 -20.487419 11.495896
v 12.231604 -16.534851 9.561074
v 11.637770 -16.973221 9.094815
v 12.204317 -14.732414 7.351243
v 12.831017 -14.168686 7.720066
v 12.884941 -12.312950 5.000563
v 13.576635 -11.620758 5.253122
v 14.762108 -6.575920 -1.203091
v 15.259926 -5.868622 -0.316254
v 16.393631 -5.701828 -2.993214
v -5.030533 -73.440361 0.264096
v -6.044468 -75.567986 -0.161654
v -7.267609 -75.053581 -0.290683
v -6.089413 -66.793373 -0.622994
v -5.357777 -66.602844 0.338873
v -11.866840 -12.312950 5.000563
v -11.186218 -14.732414 7.351243
v -10.182014 -12.799042 5.208072
v -9.750675 -14.787415 6.857432
v -10.619671 -16.973221 9.094815
v -9.228008 -17.221748 8.764213
v -9.849487 -20.487419 11.495896
v -8.611828 -20.371704 11.086336
v -9.154324 -24.556099 13.584930
v -7.996078 -24.304527 13.236970
v -7.939960 -27.276833 12.458735
v -9.097935 -27.345848 12.810724
v -7.965546 -28.833748 11.725166
v -9.139553 -28.847313 11.903575
v -8.226337 -29.871559 10.376956
v -9.395721 -30.043953 10.646000
v -9.905972 -31.366417 8.120929
v -8.761089 -31.235916 7.675832
v -10.909859 -30.094925 3.787689
v -9.662033 -29.887070 3.452059
v -11.880371 -28.395798 -0.069657
v -14.061165 -9.302551 -4.048888
v -15.375523 -5.701828 -2.993214
v -13.744007 -6.575920 -1.203091
v -15.831341 -8.602440 -6.026149
v -14.434521 -13.006050 -7.112553
v -16.131168 -11.663483 -8.552542
v -16.514019 -14.787758 -10.988709
v -14.888020 -16.794273 -10.059579
v -16.775951 -18.390358 -13.173354
v -15.243370 -20.160896 -12.102474
v -15.243370 -20.160896 -12.102474
v -12.788898 -22.262970 -3.347810
v -13.292549 -25.230507 -5.363331
v -14.888020 -16.794273 -10.059579
v -12.393547 -18.547134 -0.486928
v -14.434521 -13.006050 -7.112553
v -11.981762 -14.949913 2.519542
v -14.061165 -9.302551 -4.048888
v -13.744007 -6.575920 -1.203091
v -11.866840 -12.312950 5.000563
v -13.292549 -25.230507 -5.363331
v -12.788898 -22.262970 -3.347810
v -11.593590 -25.183594 -4.242065
v -11.224274 -22.207436 -2.268475
v -12.393547 -18.547134 -0.486928
v -10.761143 -18.535416 0.555222
v -11.981762 -14.949913 2.519542
v -10.425957 -14.974297 3.534757
v -10.182014 -12.799042 5.208072
v -11.866840 -12.312950 5.000563
v 9.523115 -38.689045 3.563521
v 11.011656 -37.469620 -0.986142
v 10.569420 -34.175583 3.500136
v 11.841953 -33.238388 -0.675242
v 11.670395 -35.863960 -5.742009
v 12.845152 -31.719727 -6.155750
v 10.569420 -34.175583 3.500136
v 11.841953 -33.238388 -0.675242
v 11.163084 -30.984306 3.787689
v 12.531799 -30.694992 -0.505027
v 12.845152 -31.719727 -6.155750
v 13.884260 -28.049835 -6.126079
v 6.048639 -73.440361 0.264096
v 8.285711 -75.053581 -0.290683
v 7.062569 -75.567986 -0.161654
v 7.107513 -66.793373 -0.622994
v 6.375881 -66.602844 0.338873
v 12.531799 -30.694992 -0.505027
v 12.898476 -28.395798 -0.069657
v 11.163084 -30.984306 3.787689
v 13.884260 -28.049835 -6.126079
v 14.310654 -25.230507 -5.363331
v 11.200117 -12.799042 5.208072
v 12.204317 -14.732414 7.351243
v 12.884941 -12.312950 5.000563
v 10.768776 -14.787415 6.857432
v 11.637770 -16.973221 9.094815
v 10.246111 -17.221748 8.764213
v 10.867588 -20.487419 11.495896
v 9.629934 -20.371704 11.086336
v 10.172424 -24.556099 13.584930
v 9.014177 -24.304527 13.236970
v 8.958061 -27.276833 12.458735
v 10.116035 -27.345848 12.810724
v 8.983648 -28.833748 11.725166
v 10.157654 -28.847313 11.903575
v 9.244444 -29.871559 10.376956
v 10.413826 -30.043953 10.646000
v 10.924072 -31.366417 8.120929
v 9.779190 -31.235916 7.675832
v 11.927959 -30.094925 3.787689
v 10.680138 -29.887070 3.452059
v 12.898476 -28.395798 -0.069657
v 13.807003 -22.262970 -3.347810
v 16.261473 -20.160896 -12.102474
v 14.310654 -25.230507 -5.363331
v 15.906122 -16.794273 -10.059579
v 13.411646 -18.547134 -0.486928
v 15.452621 -13.006050 -7.112553
v 12.999866 -14.949913 2.519542
v 15.079264 -9.302551 -4.048888
v 14.762108 -6.575920 -1.203091
v 12.884941 -12.312950 5.000563
v 13.807003 -22.262970 -3.347810
v 14.310654 -25.230507 -5.363331
v 12.611692 -25.183594 -4.242065
v 12.242378 -22.207436 -2.268475
v 13.411646 -18.547134 -0.486928
v 11.779242 -18.535416 0.555222
v 12.999866 -14.949913 2.519542
v 11.444056 -14.974297 3.534757
v 11.200117 -12.799042 5.208072
v 12.884941 -12.312950 5.000563
v -7.224663 -75.241203 7.155703
v -5.540154 -75.808533 3.197318
v -5.192554 -75.496605 7.389622
v -7.702209 -75.430450 3.171461
v -6.044468 -75.567986 -0.161654
v -7.267609 -75.053581 -0.290683
v -4.981968 -75.971588 -0.138510
v -15.831341 -8.602440 -6.026149
v -17.607956 -7.141792 -3.939180
v -15.375523 -5.701828 -2.993214
v -18.448128 -8.034492 -4.564119
v -19.343731 -8.998108 -5.304576
v -16.131168 -11.663483 -8.552542
v -19.886692 -11.948074 -7.681196
v -16.514019 -14.787758 -10.988709
v -19.999149 -14.936546 -10.069056
v -19.324375 -15.973724 -10.933833
v -18.682407 -16.876816 -11.749693
v -16.775951 -18.390358 -13.173354
v 6.558256 -75.808533 3.197318
v 8.242769 -75.241203 7.155703
v 6.210659 -75.496605 7.389622
v 8.720312 -75.430450 3.171461
v 7.062569 -75.567986 -0.161654
v 6.000072 -75.971588 -0.138510
v 8.285711 -75.053581 -0.290683
v 16.849449 -8.602440 -6.026149
v 16.393631 -5.701828 -2.993214
v 18.626064 -7.141792 -3.939180
v 19.466230 -8.034492 -4.564119
v 20.361832 -8.998108 -5.304576
v 17.149267 -11.663483 -8.552542
v 20.904793 -11.948074 -7.681196
v 17.532120 -14.787758 -10.988709
v 21.017252 -14.936546 -10.069056
v 20.342480 -15.973724 -10.933833
v 19.700508 -16.876816 -11.749693
v 17.794056 -18.390358 -13.173354
v -15.583569 -6.283920 -0.436197
v -12.558533 -11.620758 5.253122
v -14.241825 -5.868622 -0.316254
v -13.105000 -14.650391 7.756147
v -11.812912 -14.168686 7.720066
v -17.358292 -7.677063 -1.409384
v -11.213505 -16.534851 9.561074
v -14.745731 -16.108315 6.617867
v -18.369621 -8.760834 -2.152779
v -12.457218 -17.075165 9.496639
v -10.418861 -20.242981 12.099989
v -15.636356 -16.970634 5.824556
v -19.380630 -9.956764 -3.053875
v -13.965427 -18.794212 8.562818
v -16.114460 -17.845985 4.867471
v -19.977295 -13.408669 -5.848237
v -14.706436 -19.845833 7.929773
v -14.412422 -20.754921 8.595409
v -15.097519 -20.822578 7.240767
v -16.619785 -20.608505 2.663743
v -13.436161 -20.615982 9.882011
v -14.121727 -21.924416 9.128108
v -11.555595 -20.450058 11.919137
v -12.855988 -22.979988 10.960779
v -10.463154 -24.764481 14.077792
v -9.678093 -24.613380 14.323789
v -13.956181 -24.045830 8.727833
v -12.481205 -25.811630 11.034150
v -10.312820 -27.559669 13.350859
v -9.633858 -27.646225 13.497912
v -15.443066 -23.244347 5.787193
v -10.359543 -29.133492 12.428094
v -9.695686 -29.277191 12.515887
v -12.519463 -27.147415 10.249778
v -10.622002 -30.360985 11.103333
v -9.957214 -30.576004 11.147322
v -13.987617 -25.208885 8.035563
v -12.743729 -28.190193 9.125802
v -14.185719 -26.125610 7.059200
v -10.493427 -32.000671 8.396876
v -9.957214 -30.576004 11.147322
v -11.220486 -31.626228 8.572526
v -11.568054 -30.655205 3.746144
v -13.482624 -28.657585 6.405572
v -12.641121 -30.285378 4.028149
v -13.720280 -28.519035 0.315088
v -12.573776 -28.859558 -0.327175
v -14.254025 -28.026138 3.936757
v -14.674438 -26.932281 5.110239
v -15.580906 -25.202271 3.726892
v -15.059784 -26.620369 3.889498
v -14.877258 -27.055832 1.934432
v -15.399467 -26.125053 2.891880
v -16.725853 -23.385452 0.423099
v -20.148434 -16.913429 -8.635291
v -16.473831 -24.558548 -0.263325
v -19.408100 -18.169930 -9.701794
v -15.796108 -25.625244 -1.017672
v -18.635624 -19.250336 -10.694767
v -14.495613 -27.249969 -2.352639
v -13.282890 -27.487358 -2.965649
v -17.176826 -20.719505 -12.018023
v -14.093342 -25.526886 -5.903910
v -15.923000 -21.100891 -12.537277
v 15.259926 -5.868622 -0.316254
v 13.576635 -11.620758 5.253122
v 16.601675 -6.283920 -0.436197
v 14.123100 -14.650391 7.756147
v 12.831017 -14.168686 7.720066
v 18.376392 -7.677063 -1.409384
v 12.231604 -16.534851 9.561074
v 15.763830 -16.108315 6.617867
v 19.387722 -8.760834 -2.152779
v 13.475323 -17.075165 9.496639
v 11.436962 -20.242981 12.099989
v 16.654461 -16.970634 5.824556
v 20.398731 -9.956764 -3.053875
v 14.983528 -18.794212 8.562818
v 17.132565 -17.845985 4.867471
v 20.995396 -13.408669 -5.848237
v 15.724539 -19.845833 7.929773
v 15.430523 -20.754921 8.595409
v 16.115622 -20.822578 7.240767
v 17.637890 -20.608505 2.663743
v 14.454264 -20.615982 9.882011
v 15.139828 -21.924416 9.128108
v 12.573698 -20.450058 11.919137
v 13.874092 -22.979988 10.960779
v 11.481256 -24.764481 14.077792
v 10.696198 -24.613380 14.323789
v 14.974283 -24.045830 8.727833
v 13.499310 -25.811630 11.034150
v 11.330923 -27.559669 13.350859
v 10.651957 -27.646225 13.497912
v 16.461164 -23.244347 5.787193
v 11.377644 -29.133492 12.428094
v 10.713789 -29.277191 12.515887
v 13.537565 -27.147415 10.249778
v 11.640104 -30.360985 11.103333
v 10.975313 -30.576004 11.147322
v 15.005720 -25.208885 8.035563
v 13.761833 -28.190193 9.125802
v 15.203823 -26.125610 7.059200
v 11.511530 -32.000671 8.396876
v 10.975313 -30.576004 11.147322
v 12.238590 -31.626228 8.572526
v 12.586153 -30.655205 3.746144
v 14.500727 -28.657585 6.405572
v 13.659222 -30.285378 4.028149
v 14.738379 -28.519035 0.315088
v 13.591877 -28.859558 -0.327175
v 15.272123 -28.026138 3.936757
v 15.692541 -26.932281 5.110239
v 16.599005 -25.202271 3.726892
v 16.077888 -26.620369 3.889498
v 15.895361 -27.055832 1.934432
v 16.417572 -26.125053 2.891880
v 17.743956 -23.385452 0.423099
v 21.166536 -16.913429 -8.635291
v 17.491936 -24.558548 -0.263325
v 20.426203 -18.169930 -9.701794
v 16.814213 -25.625244 -1.017672
v 19.653728 -19.250336 -10.694767
v 15.513714 -27.249969 -2.352639
v 14.300991 -27.487358 -2.965649
v 18.194923 -20.719505 -12.018023
v 15.111448 -25.526886 -5.903910
v 16.941107 -21.100891 -12.537277
vn 0.6465 0.1813 0.7411
vn 0.6913 -0.0079 0.7226
vn 0.7107 -0.0317 0.7028
vn 0.7535 -0.1335 0.6437
vn -0.1021 0.1021 0.9895
vn 0.0788 0.1575 -0.9844
vn 0.6871 -0.7266 -0.0000
vn -0.4627 -0.0235 -0.8862
vn -0.4649 -0.0709 -0.8825
vn -0.4581 -0.0869 -0.8846
vn -0.1649 -0.9425 -0.2906
vn -0.6456 0.4645 0.6062
vn -0.6455 0.4646 0.6062
vn -0.5417 0.7066 0.4553
vn -0.5417 0.7065 0.4554
vn -0.3066 0.0314 0.9513
vn -0.3067 0.0314 0.9513
vn -0.4171 -0.8890 -0.1888
vn -0.4170 -0.8891 -0.1888
vn -0.4169 -0.8891 -0.1889
vn -0.5849 -0.2134 -0.7825
vn -0.5681 -0.2052 -0.7970
vn 0.1575 -0.0787 -0.9844
vn 0.1575 -0.0788 -0.9844
vn 0.4311 -0.7839 -0.4468
vn 0.6153 0.1894 0.7652
vn 0.6153 0.1893 0.7652
vn 0.3314 0.9153 0.2289
vn 0.3314 0.9153 0.2288
vn -0.9534 -0.1024 0.2837
vn 0.9535 0.1024 -0.2836
vn 0.9534 0.1024 -0.2837
vn 0.9534 0.1025 -0.2837
vn -0.4960 0.7480 0.4410
vn -0.4960 0.7480 0.4409
vn -0.2990 0.0630 0.9522
vn -0.4655 -0.8679 -0.1736
vn -0.6067 -0.1891 -0.7721
vn -0.5841 -0.1894 -0.7893
vn -0.5841 -0.1893 -0.7893
vn 0.1417 -0.1101 -0.9838
vn 0.1417 -0.1102 -0.9838
vn 0.3778 -0.8184 -0.4329
vn 0.3778 -0.8185 -0.4329
vn 0.3778 -0.8185 -0.4328
vn 0.6313 0.1657 0.7576
vn 0.3865 0.8992 0.2051
vn 0.3866 0.8992 0.2051
vn -0.4943 0.7454 0.4472
vn -0.4944 0.7454 0.4472
vn -0.2990 0.0629 0.9522
vn -0.2989 0.0629 0.9522
vn -0.6057 -0.1967 -0.7710
vn -0.5841 -0.1895 -0.7893
vn 0.6305 0.1734 0.7566
vn 0.6305 0.1733 0.7566
vn -0.6465 0.1813 0.7411
vn -0.6913 -0.0079 0.7226
vn -0.7535 -0.1335 0.6437
vn -0.7107 -0.0317 0.7028
vn 0.1021 0.1021 0.9895
vn -0.0788 0.1575 -0.9844
vn -0.6871 -0.7266 -0.0000
vn 0.4627 -0.0235 -0.8862
vn 0.4581 -0.0869 -0.8846
vn 0.4645 -0.0709 -0.8827
vn 0.1649 -0.9425 -0.2906
vn 0.6456 0.4645 0.6062
vn 0.6456 0.4646 0.6062
vn 0.5417 0.7065 0.4554
vn 0.5417 0.7066 0.4553
vn 0.3066 0.0314 0.9513
vn 0.4170 -0.8891 -0.1888
vn 0.5849 -0.2134 -0.7825
vn 0.5849 -0.2135 -0.7825
vn 0.5681 -0.2052 -0.7970
vn -0.1575 -0.0787 -0.9844
vn -0.1575 -0.0788 -0.9844
vn -0.4312 -0.7839 -0.4468
vn -0.4311 -0.7839 -0.4468
vn -0.4310 -0.7840 -0.4468
vn -0.6153 0.1893 0.7652
vn -0.3314 0.9153 0.2289
vn -0.3314 0.9153 0.2288
vn 0.9534 -0.1024 0.2837
vn -0.9534 0.1024 -0.2837
vn 0.4960 0.7480 0.4410
vn 0.4960 0.7480 0.4409
vn 0.2990 0.0630 0.9522
vn 0.2989 0.0630 0.9522
vn 0.4655 -0.8679 -0.1736
vn 0.6067 -0.1891 -0.7721
vn 0.5841 -0.1894 -0.7893
vn -0.1417 -0.1101 -0.9838
vn -0.1416 -0.1102 -0.9838
vn -0.3778 -0.8185 -0.4328
vn -0.3778 -0.8185 -0.4329
vn -0.6313 0.1657 0.7576
vn -0.6313 0.1658 0.7576
vn -0.3865 0.8992 0.2051
vn -0.3866 0.8992 0.2051
vn 0.4944 0.7454 0.4472
vn 0.4943 0.7454 0.4472
vn 0.2990 0.0629 0.9522
vn 0.2989 0.0629 0.9522
vn 0.4655 -0.8679 -0.1735
vn 0.6057 -0.1967 -0.7710
vn -0.1417 -0.1102 -0.9838
vn -0.6305 0.1734 0.7566
vn 0.9885 0.0706 0.1335
vn 0.9444 0.0630 0.3227
vn 0.9550 0.1421 0.2604
vn 0.9885 0.0706 0.1334
vn 0.9949 -0.0789 -0.0632
vn 0.9588 -0.2829 0.0235
vn 0.8643 -0.5029 -0.0000
vn 0.9962 -0.0870 0.0079
vn 0.9591 -0.2830 -0.0079
vn 0.9682 0.0551 -0.2440
vn -0.9885 0.0706 0.1335
vn -0.9550 0.1421 0.2604
vn -0.9444 0.0630 0.3227
vn -0.9885 0.0706 0.1334
vn -0.9949 -0.0789 -0.0632
vn -0.9589 -0.2829 0.0235
vn -0.8643 -0.5029 -0.0000
vn -0.9962 -0.0870 0.0079
vn -0.9591 -0.2830 -0.0079
vn -0.9682 0.0551 -0.2440
vn -0.9759 0.0944 0.1967
vn -0.9777 0.1183 0.1735
vn -0.9826 0.1494 0.1101
vn -0.9700 0.0552 0.2366
vn -0.9735 -0.0235 0.2277
vn -0.9737 0.0079 0.2277
vn -0.9759 0.0944 0.1968
vn -0.9740 -0.0550 0.2199
vn -0.9735 -0.0236 0.2277
vn -0.9737 0.0078 0.2277
vn -0.9654 -0.0706 0.2512
vn -0.9547 -0.1105 0.2762
vn -0.9654 -0.0706 0.2511
vn -0.9448 -0.1338 0.2992
vn -0.9455 -0.1733 0.2758
vn -0.9588 -0.1886 0.2122
vn 0.5119 0.0315 -0.8585
vn 0.5986 0.0945 -0.7955
vn 0.4565 -0.0157 -0.8896
vn 0.6835 0.1021 -0.7228
vn 0.5041 -0.0945 -0.8585
vn 0.4566 -0.0158 -0.8895
vn 0.5435 -0.0866 -0.8349
vn 0.6538 -0.0315 -0.7560
vn 0.6150 -0.1104 -0.7807
vn 0.7100 -0.0552 -0.7020
vn 0.5203 -0.1340 -0.8434
vn 0.6774 0.1260 -0.7247
vn 0.5986 0.0945 -0.7954
vn 0.6468 0.1420 -0.7493
vn 0.5202 -0.1340 -0.8434
vn 0.5435 -0.0867 -0.8349
vn 0.9449 0.0551 0.3228
vn 0.9444 0.0629 0.3227
vn 0.9356 0.0708 0.3459
vn 0.9550 0.1420 0.2605
vn 0.9230 0.1026 0.3708
vn 0.9448 0.0551 0.3228
vn 0.8889 0.0944 0.4484
vn 0.8500 0.1259 0.5116
vn 0.7868 0.1180 0.6058
vn 0.7485 0.1497 0.6460
vn 0.8499 0.1260 0.5116
vn 0.6929 0.1338 0.7086
vn 0.6622 0.1104 0.7411
vn 0.6928 0.1338 0.7086
vn 0.6474 0.0790 0.7580
vn 0.7485 0.1497 0.6461
vn 0.6475 0.0789 0.7580
vn 0.6912 -0.0078 0.7226
vn 0.6623 0.1104 0.7411
vn 0.7107 -0.0315 0.7028
vn -0.9918 0.0945 -0.0866
vn -0.9861 0.1420 -0.0868
vn -0.9826 0.1494 -0.1100
vn -0.9975 0.0315 -0.0628
vn -0.9967 -0.0706 -0.0392
vn -0.9975 0.0314 -0.0628
vn -0.9977 -0.0393 -0.0550
vn -0.9918 0.0944 -0.0866
vn -0.9936 -0.1025 -0.0473
vn -0.9898 -0.1414 0.0157
vn -0.9825 -0.1651 0.0865
vn -0.9667 -0.1886 0.1729
vn -0.9634 -0.1895 0.1895
vn -0.9520 -0.2124 0.2203
vn -0.4562 -0.1258 -0.8809
vn -0.4562 -0.1259 -0.8809
vn -0.4579 -0.1500 -0.8763
vn -0.4573 -0.1577 -0.8752
vn -0.4561 -0.1730 -0.8729
vn -0.4655 -0.1736 -0.8679
vn -0.4810 -0.1734 -0.8594
vn 0.5666 0.2440 -0.7870
vn 0.5512 0.2756 -0.7875
vn 0.6153 0.1893 -0.7652
vn 0.5185 0.2985 -0.8013
vn 0.6774 0.1261 -0.7247
vn 0.5667 0.2440 -0.7870
vn -0.9487 -0.1660 0.2690
vn -0.9488 -0.1661 0.2687
vn -0.9487 -0.1659 0.2691
vn 0.9487 0.1568 -0.2744
vn -0.9547 -0.1104 0.2762
vn 0.9534 0.1024 -0.2836
vn 0.9759 0.0944 0.1967
vn 0.9826 0.1494 0.1100
vn 0.9777 0.1183 0.1735
vn 0.9700 0.0552 0.2366
vn 0.9737 0.0079 0.2277
vn 0.9759 0.0944 0.1968
vn 0.9735 -0.0235 0.2277
vn 0.9740 -0.0550 0.2199
vn 0.9737 0.0078 0.2277
vn 0.9735 -0.0236 0.2277
vn 0.9654 -0.0706 0.2512
vn 0.9547 -0.1105 0.2762
vn 0.9654 -0.0706 0.2511
vn 0.9448 -0.1338 0.2992
vn 0.9455 -0.1733 0.2758
vn 0.9588 -0.1886 0.2122
vn -0.5986 0.0945 -0.7955
vn -0.5119 0.0315 -0.8585
vn -0.4565 -0.0157 -0.8896
vn -0.6835 0.1021 -0.7228
vn -0.4566 -0.0158 -0.8895
vn -0.5041 -0.0945 -0.8585
vn -0.5435 -0.0866 -0.8349
vn -0.7100 -0.0552 -0.7020
vn -0.6150 -0.1104 -0.7807
vn -0.6538 -0.0315 -0.7560
vn -0.5203 -0.1340 -0.8434
vn -0.6774 0.1260 -0.7247
vn -0.5986 0.0945 -0.7954
vn -0.6468 0.1420 -0.7493
vn -0.5202 -0.1340 -0.8434
vn -0.5435 -0.0867 -0.8349
vn -0.6151 -0.1121 -0.7804
vn -0.9449 0.0551 0.3228
vn -0.9444 0.0629 0.3227
vn -0.9550 0.1420 0.2605
vn -0.9356 0.0708 0.3459
vn -0.9230 0.1026 0.3708
vn -0.8889 0.0944 0.4484
vn -0.8500 0.1259 0.5116
vn -0.7868 0.1180 0.6058
vn -0.7485 0.1497 0.6460
vn -0.7868 0.1181 0.6058
vn -0.8499 0.1260 0.5116
vn -0.6929 0.1338 0.7086
vn -0.6622 0.1104 0.7411
vn -0.6928 0.1338 0.7086
vn -0.7485 0.1497 0.6461
vn -0.6474 0.0790 0.7580
vn -0.6912 -0.0078 0.7226
vn -0.6475 0.0789 0.7580
vn -0.6623 0.1104 0.7411
vn -0.7107 -0.0315 0.7028
vn 0.9861 0.1420 -0.0868
vn 0.9918 0.0945 -0.0866
vn 0.9826 0.1494 -0.1100
vn 0.9975 0.0315 -0.0628
vn 0.9977 -0.0393 -0.0550
vn 0.9918 0.0944 -0.0866
vn 0.9975 0.0314 -0.0628
vn 0.9967 -0.0706 -0.0392
vn 0.9936 -0.1025 -0.0473
vn 0.9898 -0.1414 0.0157
vn 0.9825 -0.1651 0.0865
vn 0.9667 -0.1886 0.1729
vn 0.9634 -0.1895 0.1896
vn 0.9825 -0.1650 0.0865
vn 0.9520 -0.2124 0.2203
vn 0.4562 -0.1258 -0.8809
vn 0.4649 -0.0709 -0.8825
vn 0.4584 -0.0869 -0.8845
vn 0.4562 -0.1259 -0.8809
vn 0.4579 -0.1500 -0.8763
vn 0.4573 -0.1577 -0.8752
vn 0.4561 -0.1730 -0.8730
vn 0.4655 -0.1736 -0.8679
vn 0.4577 -0.1500 -0.8764
vn 0.4810 -0.1734 -0.8594
vn 0.4561 -0.1730 -0.8729
vn -0.6153 0.1893 -0.7652
vn -0.5512 0.2756 -0.7875
vn -0.5667 0.2440 -0.7870
vn -0.5185 0.2985 -0.8013
vn -0.6774 0.1261 -0.7247
vn 0.9488 -0.1660 0.2689
vn 0.9487 -0.1660 0.2689
vn 0.9487 -0.1660 0.2690
vn 0.9488 -0.1661 0.2688
vn -0.9487 0.1568 -0.2744
vn -0.9487 0.1568 -0.2745
vn 0.9547 -0.1104 0.2762
vn 0.9547 -0.1105 0.2761
vn -0.9534 0.1024 -0.2836
vn -0.9535 0.1024 -0.2836
vn -0.9455 -0.1734 0.2758
vn -0.9476 -0.2054 0.2448
vn -0.9589 -0.1886 0.2122
vn -0.9558 -0.2370 0.1738
vn -0.9696 -0.2286 0.0867
vn -0.9583 -0.2671 0.1021
vn -0.9680 -0.2125 0.1338
vn -0.9545 -0.2367 0.1814
vn -0.9378 -0.2207 0.2679
vn -0.9476 -0.2053 0.2448
vn -0.9545 -0.2366 0.1814
vn -0.9619 -0.1892 0.1971
vn -0.9704 -0.1894 0.1499
vn 0.6394 0.7341 -0.2289
vn 0.7986 0.6010 -0.0316
vn 0.7850 0.6123 0.0941
vn 0.7855 0.5421 0.2985
vn 0.7260 0.5840 0.3630
vn 0.7249 0.5595 0.4019
vn 0.7303 0.5418 0.4161
vn 0.7327 0.5042 0.4570
vn 0.7327 0.4570 0.5043
vn 0.7315 0.4326 0.5270
vn 0.8058 0.1343 0.5767
vn 0.8022 0.1337 0.5820
vn 0.8131 -0.2052 0.5447
vn 0.8112 -0.2678 0.5198
vn 0.8026 -0.3934 0.4485
vn 0.7969 -0.4576 0.3945
vn 0.7793 -0.5589 0.2834
vn 0.7731 -0.5916 0.2288
vn 0.7162 -0.6925 -0.0866
vn 0.7079 -0.7000 -0.0944
vn 0.6092 -0.6962 -0.3798
vn 0.6082 -0.6793 -0.4107
vn 0.6003 -0.6556 -0.4581
vn 0.6070 -0.6386 -0.4730
vn 0.6043 -0.6121 -0.5101
vn 0.6001 -0.6001 -0.5290
vn 0.5981 -0.5745 -0.5587
vn 0.6703 -0.5047 -0.5441
vn 0.6848 -0.3227 -0.6534
vn 0.7077 -0.2045 -0.6763
vn 0.5601 -0.0158 -0.8283
vn -0.4489 -0.3386 -0.8269
vn -0.6116 -0.2666 -0.7449
vn -0.6473 -0.2763 -0.7104
vn -0.7850 -0.2355 -0.5730
vn -0.8247 -0.2435 -0.5105
vn -0.8787 -0.2040 -0.4315
vn -0.8832 -0.2129 -0.4179
vn -0.9509 -0.1257 -0.2829
vn -0.9879 -0.0395 -0.1502
vn -0.9954 0.0948 0.0158
vn -0.9952 0.0948 0.0237
vn -0.9526 0.2834 0.1102
vn -0.8910 0.4258 0.1577
vn -0.7970 0.5681 0.2052
vn -0.7947 0.5743 0.1967
vn -0.7255 0.6545 0.2129
vn -0.6794 0.7109 0.1817
vn -0.5255 0.8314 0.1804
vn -0.4883 0.8584 0.1575
vn -0.3059 0.9333 0.1882
vn 0.3058 0.9333 0.1882
vn 0.4883 0.8584 0.1575
vn 0.5255 0.8314 0.1804
vn 0.6793 0.7110 0.1817
vn 0.7255 0.6545 0.2129
vn 0.7947 0.5743 0.1968
vn 0.7970 0.5681 0.2052
vn 0.8910 0.4258 0.1577
vn 0.9526 0.2834 0.1102
vn 0.9954 0.0948 0.0158
vn 0.9952 0.0948 0.0237
vn 0.9879 -0.0395 -0.1502
vn 0.9509 -0.1257 -0.2829
vn 0.8832 -0.2129 -0.4179
vn 0.8787 -0.2040 -0.4315
vn 0.8247 -0.2435 -0.5105
vn 0.7850 -0.2355 -0.5730
vn 0.6473 -0.2763 -0.7104
vn 0.6116 -0.2666 -0.7449
vn 0.4489 -0.3386 -0.8269
vn -0.7418 0.2999 -0.5998
vn -0.7488 0.2838 -0.5990
vn -0.7417 0.3157 -0.5918
vn -0.7463 0.3378 -0.5735
vn -0.7535 0.3610 -0.5495
vn -0.7535 0.3610 -0.5494
vn -0.7498 0.3868 -0.5368
vn -0.7525 0.4076 -0.5173
vn -0.7536 0.4239 -0.5023
vn -0.7628 0.4246 -0.4876
vn -0.5601 -0.0158 -0.8283
vn -0.7077 -0.2045 -0.6763
vn -0.6848 -0.3227 -0.6534
vn -0.6703 -0.5047 -0.5441
vn -0.5981 -0.5745 -0.5587
vn -0.6001 -0.6001 -0.5290
vn -0.6043 -0.6121 -0.5101
vn -0.6070 -0.6386 -0.4730
vn -0.6003 -0.6556 -0.4581
vn -0.6082 -0.6793 -0.4107
vn -0.6092 -0.6962 -0.3798
vn -0.7162 -0.6925 -0.0866
vn -0.7079 -0.7000 -0.0944
vn -0.7731 -0.5916 0.2288
vn -0.7793 -0.5589 0.2834
vn -0.7966 -0.4578 0.3947
vn -0.8026 -0.3934 0.4485
vn -0.8112 -0.2678 0.5198
vn -0.8131 -0.2052 0.5447
vn -0.8058 0.1343 0.5767
vn -0.8022 0.1337 0.5820
vn -0.7315 0.4326 0.5270
vn -0.7327 0.4570 0.5043
vn -0.7327 0.5042 0.4570
vn -0.7328 0.5043 0.4569
vn -0.7303 0.5418 0.4161
vn -0.7249 0.5595 0.4019
vn -0.7260 0.5840 0.3630
vn -0.7855 0.5421 0.2985
vn -0.7850 0.6123 0.0941
vn -0.7986 0.6010 -0.0316
vn -0.6394 0.7341 -0.2288
vn 0.4406 0.0314 -0.8971
vn 0.1568 0.1254 -0.9796
vn 0.2276 0.0236 -0.9735
vn 0.6538 -0.0314 -0.7560
vn 0.7100 -0.0551 -0.7020
vn 0.1183 0.7100 0.6942
vn 0.2194 0.6660 0.7130
vn 0.1959 0.6816 0.7051
vn 0.2761 0.6390 0.7179
vn 0.2827 0.6125 0.7382
vn 0.2590 0.6043 0.7535
vn 0.2435 0.5578 0.7935
vn 0.1968 0.5274 0.8265
vn 0.2681 0.1340 0.9540
vn 0.2604 0.1421 0.9550
vn 0.3065 -0.2986 0.9038
vn 0.2433 -0.3925 0.8870
vn 0.1809 -0.5901 0.7868
vn 0.1655 -0.6934 0.7013
vn 0.2127 -0.8272 0.5200
vn 0.2436 -0.8094 0.5343
vn 0.1729 -0.9667 0.1886
vn 0.1179 -0.9905 -0.0707
vn 0.0395 -0.9397 -0.3396
vn 0.0553 -0.9303 -0.3627
vn 0.0393 -0.9118 -0.4087
vn 0.7525 0.4076 -0.5173
vn 0.7536 0.4239 -0.5024
vn 0.7628 0.4246 -0.4876
vn 0.7499 0.3868 -0.5367
vn 0.7535 0.3610 -0.5495
vn 0.7535 0.3610 -0.5494
vn 0.7463 0.3378 -0.5735
vn 0.7417 0.3156 -0.5918
vn 0.7418 0.2999 -0.5998
vn 0.7488 0.2837 -0.5990
vn 0.9646 0.0396 -0.2609
vn 0.9667 0.0472 -0.2515
vn 0.9632 0.0158 -0.2684
vn 0.9672 0.0707 -0.2438
vn 0.9685 0.0788 -0.2362
vn 0.9685 0.0788 -0.2361
vn 0.9716 0.1027 -0.2133
vn 0.9699 0.1025 -0.2208
vn 0.9735 0.1178 -0.1963
vn 0.9754 0.1259 -0.1809
vn 0.4888 0.4336 -0.7570
vn 0.4895 0.4579 -0.7421
vn 0.4948 0.4320 -0.7540
vn 0.4809 0.4809 -0.7331
vn 0.4647 0.5199 -0.7168
vn 0.4564 0.5279 -0.7162
vn 0.4173 0.5590 -0.7165
vn 0.4735 0.5209 -0.7103
vn 0.3787 0.5839 -0.7181
vn 0.2749 0.6518 -0.7068
vn 0.9455 -0.1734 0.2758
vn 0.9589 -0.1886 0.2122
vn 0.9476 -0.2054 0.2448
vn 0.9558 -0.2370 0.1738
vn 0.9696 -0.2286 0.0867
vn 0.9583 -0.2671 0.1021
vn 0.9476 -0.2053 0.2448
vn 0.9378 -0.2207 0.2679
vn 0.9545 -0.2367 0.1814
vn 0.9680 -0.2125 0.1338
vn -0.4406 0.0315 -0.8971
vn -0.2276 0.0236 -0.9735
vn -0.1568 0.1254 -0.9796
vn -0.6538 -0.0314 -0.7560
vn 0.9545 -0.2366 0.1814
vn 0.9619 -0.1893 0.1972
vn 0.9704 -0.1894 0.1499
vn -0.1959 0.6816 0.7051
vn -0.2194 0.6660 0.7130
vn -0.1183 0.7099 0.6942
vn -0.2761 0.6391 0.7179
vn -0.2827 0.6125 0.7382
vn -0.2590 0.6043 0.7535
vn -0.2435 0.5578 0.7935
vn -0.1968 0.5274 0.8265
vn -0.2681 0.1340 0.9540
vn -0.2604 0.1421 0.9550
vn -0.3065 -0.2986 0.9038
vn -0.2433 -0.3925 0.8870
vn -0.1809 -0.5901 0.7868
vn -0.1655 -0.6934 0.7013
vn -0.2127 -0.8272 0.5200
vn -0.2436 -0.8094 0.5343
vn -0.1729 -0.9667 0.1886
vn -0.1179 -0.9905 -0.0707
vn -0.0395 -0.9397 -0.3396
vn -0.0553 -0.9303 -0.3627
vn -0.0393 -0.9118 -0.4087
vn -0.9667 0.0472 -0.2515
vn -0.9646 0.0396 -0.2609
vn -0.9632 0.0158 -0.2684
vn -0.9672 0.0707 -0.2438
vn -0.9685 0.0788 -0.2362
vn -0.9685 0.0787 -0.2363
vn -0.9716 0.1027 -0.2133
vn -0.9699 0.1025 -0.2208
vn -0.9735 0.1178 -0.1963
vn -0.9754 0.1259 -0.1808
vn -0.4895 0.4579 -0.7421
vn -0.4889 0.4337 -0.7569
vn -0.4948 0.4320 -0.7540
vn -0.4809 0.4809 -0.7331
vn -0.4647 0.5199 -0.7168
vn -0.4564 0.5279 -0.7162
vn -0.4173 0.5590 -0.7165
vn -0.4735 0.5209 -0.7103
vn -0.3787 0.5839 -0.7180
vn -0.2749 0.6518 -0.7068
vn -0.1498 -0.9856 0.0788
vn -0.2127 -0.9768 0.0236
vn -0.1343 -0.9871 0.0869
vn -0.2442 -0.9689 -0.0394
vn -0.2989 -0.9517 -0.0708
vn -0.3713 -0.9163 -0.1501
vn -0.3537 -0.9352 -0.0156
vn -0.2120 0.6910 -0.6910
vn -0.2045 0.7077 -0.6763
vn -0.1892 0.7252 -0.6621
vn -0.2207 0.7014 -0.6777
vn -0.2205 0.6616 -0.7167
vn -0.2199 0.6284 -0.7462
vn -0.2210 0.6236 -0.7499
vn -0.2277 0.5653 -0.7929
vn -0.2291 0.5688 -0.7900
vn -0.2436 0.5343 -0.8094
vn -0.2273 0.5329 -0.8150
vn -0.2052 0.5208 -0.8286
vn 0.2127 -0.9768 0.0236
vn 0.1498 -0.9856 0.0788
vn 0.1343 -0.9871 0.0869
vn 0.2442 -0.9689 -0.0394
vn 0.2989 -0.9517 -0.0708
vn 0.3537 -0.9352 -0.0157
vn 0.3713 -0.9163 -0.1501
vn 0.2120 0.6910 -0.6910
vn 0.1892 0.7252 -0.6621
vn 0.2045 0.7077 -0.6763
vn 0.2207 0.7014 -0.6777
vn 0.2205 0.6616 -0.7167
vn 0.2199 0.6283 -0.7462
vn 0.2210 0.6236 -0.7499
vn 0.2277 0.5653 -0.7929
vn 0.2291 0.5688 -0.7900
vn 0.2436 0.5343 -0.8094
vn 0.2273 0.5329 -0.8150
vn 0.2052 0.5208 -0.8286
vn -0.3940 0.5751 0.7169
vn -0.2363 0.6382 0.7327
vn -0.2598 0.6298 0.7320
vn -0.4464 0.5089 0.7360
vn -0.2055 0.6085 0.7665
vn -0.7176 0.3548 0.5993
vn -0.2372 0.5297 0.8143
vn -0.7416 0.2840 0.6078
vn -0.7776 0.2906 0.5576
vn -0.5351 0.3935 0.7476
vn -0.2599 0.4569 0.8507
vn -0.8267 0.1732 0.5354
vn -0.8984 0.0709 0.4334
vn -0.7570 0.2208 0.6150
vn -0.9288 -0.0236 0.3699
vn -0.9539 -0.1183 0.2759
vn -0.8551 0.0941 0.5099
vn -0.8343 0.0944 0.5431
vn -0.9144 -0.0473 0.4020
vn -0.9539 -0.1182 0.2759
vn -0.7646 0.1656 0.6228
vn -0.8585 -0.0315 0.5119
vn -0.5584 0.3068 0.7708
vn -0.8121 -0.0000 0.5835
vn -0.5734 0.0628 0.8169
vn -0.2921 -0.0473 0.9552
vn -0.8880 -0.1572 0.4322
vn -0.8483 -0.1885 0.4949
vn -0.5516 -0.3152 0.7723
vn -0.2353 -0.4157 0.8785
vn -0.9218 -0.1733 0.3467
vn -0.4906 -0.4906 0.7201
vn -0.2448 -0.6238 0.7423
vn -0.8346 -0.2834 0.4724
vn -0.5341 -0.6284 0.5655
vn -0.2834 -0.7557 0.5905
vn -0.8919 -0.2210 0.3946
vn -0.8651 -0.3303 0.3775
vn -0.8988 -0.2681 0.3469
vn -0.3770 -0.8795 0.2905
vn -0.2834 -0.7558 0.5903
vn -0.6593 -0.7299 0.1806
vn -0.4107 -0.8845 -0.2211
vn -0.8609 -0.4581 0.2211
vn -0.6694 -0.7403 -0.0630
vn -0.6581 -0.7364 -0.1567
vn -0.3938 -0.8664 -0.3072
vn -0.8391 -0.5411 0.0549
vn -0.8983 -0.3703 0.2364
vn -0.9400 -0.2528 0.2291
vn -0.8944 -0.4315 0.1177
vn -0.8404 -0.5419 0.0079
vn -0.9099 -0.4001 0.1098
vn -0.9519 -0.2281 0.2045
vn -0.9421 -0.3140 0.1178
vn -0.8969 -0.4406 0.0393
vn -0.8656 -0.4957 -0.0708
vn -0.8328 -0.5500 -0.0627
vn -0.8185 -0.5588 -0.1338
vn -0.5853 -0.7592 -0.2847
vn -0.3618 -0.8415 -0.4011
vn -0.5439 -0.7567 -0.3626
vn -0.4002 -0.8084 -0.4317
vn -0.4187 -0.8058 -0.4188
vn 0.2598 0.6298 0.7320
vn 0.2363 0.6382 0.7327
vn 0.3939 0.5751 0.7170
vn 0.4464 0.5089 0.7360
vn 0.2055 0.6085 0.7665
vn 0.7176 0.3548 0.5993
vn 0.2372 0.5297 0.8143
vn 0.7416 0.2840 0.6077
vn 0.7776 0.2906 0.5576
vn 0.5351 0.3935 0.7476
vn 0.2599 0.4569 0.8507
vn 0.8267 0.1732 0.5354
vn 0.8984 0.0709 0.4334
vn 0.7570 0.2208 0.6150
vn 0.9288 -0.0235 0.3699
vn 0.9539 -0.1183 0.2759
vn 0.8551 0.0941 0.5099
vn 0.8343 0.0944 0.5431
vn 0.9144 -0.0473 0.4020
vn 0.9539 -0.1182 0.2759
vn 0.7647 0.1656 0.6228
vn 0.8585 -0.0315 0.5119
vn 0.5584 0.3068 0.7708
vn 0.8121 -0.0000 0.5835
vn 0.5734 0.0628 0.8169
vn 0.2921 -0.0473 0.9552
vn 0.8880 -0.1572 0.4322
vn 0.8483 -0.1885 0.4949
vn 0.5516 -0.3152 0.7723
vn 0.2353 -0.4157 0.8785
vn 0.9218 -0.1733 0.3467
vn 0.4906 -0.4906 0.7201
vn 0.2448 -0.6238 0.7423
vn 0.8346 -0.2834 0.4724
vn 0.5341 -0.6284 0.5655
vn 0.2834 -0.7557 0.5905
vn 0.8919 -0.2209 0.3947
vn 0.8651 -0.3303 0.3775
vn 0.8988 -0.2681 0.3469
vn 0.3769 -0.8795 0.2905
vn 0.2834 -0.7558 0.5903
vn 0.6593 -0.7299 0.1806
vn 0.4107 -0.8845 -0.2211
vn 0.8609 -0.4581 0.2211
vn 0.6694 -0.7403 -0.0630
vn 0.6581 -0.7364 -0.1567
vn 0.3938 -0.8664 -0.3072
vn 0.8391 -0.5411 0.0549
vn 0.8983 -0.3703 0.2364
vn 0.9400 -0.2528 0.2291
vn 0.8944 -0.4315 0.1177
vn 0.8404 -0.5420 0.0078
vn 0.9099 -0.4001 0.1098
vn 0.9519 -0.2282 0.2045
vn 0.9421 -0.3140 0.1177
vn 0.8969 -0.4406 0.0393
vn 0.8655 -0.4958 -0.0708
vn 0.8328 -0.5500 -0.0628
vn 0.8185 -0.5588 -0.1338
vn 0.5853 -0.7592 -0.2847
vn 0.3618 -0.8415 -0.4011
vn 0.5439 -0.7567 -0.3626
vn 0.4003 -0.8084 -0.4317
vn 0.4187 -0.8058 -0.4188
vt 0.593262 0.294434
vt 0.595215 0.264160
vt 0.590820 0.267578
vt 0.592285 0.444824
vt 0.584473 0.449707
vt 0.589844 0.449219
vt 0.603027 0.267090
vt 0.563965 0.262695
vt 0.560059 0.265137
vt 0.565430 0.272949
vt 0.577637 0.262207
vt 0.629883 0.258789
vt 0.629883 0.293457
vt 0.633301 0.293457
vt 0.641602 0.425781
vt 0.638672 0.427246
vt 0.659180 0.436523
vt 0.615723 0.454102
vt 0.614746 0.459473
vt 0.632324 0.467773
vt 0.645020 0.592773
vt 0.613281 0.579102
vt 0.647949 0.598145
vt 0.608398 0.582520
vt 0.612305 0.560791
vt 0.608887 0.554932
vt 0.647949 0.571045
vt 0.644043 0.574463
vt 0.649902 0.594238
vt 0.650879 0.573242
vt 0.685547 0.553955
vt 0.683594 0.557861
vt 0.686523 0.580811
vt 0.683594 0.578613
vt 0.613770 0.546631
vt 0.644043 0.542480
vt 0.613281 0.529053
vt 0.644531 0.560059
vt 0.650391 0.541504
vt 0.681641 0.546875
vt 0.682617 0.527100
vt 0.649414 0.561768
vt 0.647461 0.565430
vt 0.609375 0.549805
vt 0.610352 0.523438
vt 0.647461 0.539307
vt 0.684570 0.523193
vt 0.684570 0.549072
vt 0.645020 0.527344
vt 0.614258 0.513916
vt 0.647461 0.532715
vt 0.609863 0.517090
vt 0.613281 0.496094
vt 0.610352 0.490723
vt 0.647461 0.506348
vt 0.644043 0.509766
vt 0.649414 0.528809
vt 0.650391 0.508545
vt 0.684570 0.490723
vt 0.682617 0.494141
vt 0.685059 0.516357
vt 0.682129 0.514160
vt 0.581055 0.276855
vt 0.579590 0.295410
vt 0.581055 0.268066
vt 0.575195 0.272461
vt 0.612305 0.290039
vt 0.612305 0.257812
vt 0.632324 0.325684
vt 0.614746 0.321289
vt 0.616211 0.354980
vt 0.634277 0.359375
vt 0.618164 0.399902
vt 0.637207 0.405273
vt 0.618164 0.419922
vt 0.681152 0.370605
vt 0.684570 0.389648
vt 0.686035 0.370605
vt 0.678223 0.390137
vt 0.685547 0.334961
vt 0.689941 0.334473
vt 0.683594 0.284668
vt 0.686035 0.309082
vt 0.687988 0.284668
vt 0.689941 0.309082
vt 0.682129 0.403809
vt 0.676270 0.404297
vt 0.590820 0.323242
vt 0.575684 0.324219
vt 0.588867 0.354004
vt 0.576660 0.354980
vt 0.586914 0.395508
vt 0.580078 0.396484
vt 0.588379 0.413574
vt 0.582031 0.416016
vt 0.590332 0.432129
vt 0.583496 0.435059
vt 0.645020 0.260254
vt 0.645996 0.296875
vt 0.647949 0.329590
vt 0.636230 0.325684
vt 0.637695 0.358887
vt 0.652832 0.362793
vt 0.641113 0.404785
vt 0.658691 0.409668
vt 0.675293 0.416992
vt 0.683594 0.425781
vt 0.682617 0.416016
vt 0.676758 0.426758
vt 0.617676 0.439941
vt 0.636230 0.446289
vt 0.660156 0.455078
vt 0.659180 0.471680
vt 0.634766 0.457520
vt 0.654785 0.484375
vt 0.538086 0.721680
vt 0.544434 0.712402
vt 0.540039 0.712402
vt 0.541504 0.682861
vt 0.538574 0.681396
vt 0.540527 0.669678
vt 0.537109 0.668945
vt 0.538086 0.658691
vt 0.534668 0.658936
vt 0.530762 0.643799
vt 0.533691 0.642822
vt 0.523926 0.628418
vt 0.526367 0.625977
vt 0.515625 0.621094
vt 0.514648 0.624268
vt 0.508301 0.619873
vt 0.508301 0.623291
vt 0.500977 0.621094
vt 0.501953 0.624268
vt 0.490479 0.626221
vt 0.492676 0.628662
vt 0.486084 0.643799
vt 0.483154 0.642822
vt 0.481934 0.658936
vt 0.478760 0.658936
vt 0.479736 0.669189
vt 0.476562 0.669678
vt 0.478516 0.681396
vt 0.475098 0.682861
vt 0.477051 0.712646
vt 0.472656 0.712402
vt 0.478760 0.721680
vt 0.547852 0.636475
vt 0.553711 0.635742
vt 0.554199 0.624756
vt 0.563477 0.634033
vt 0.566406 0.623535
vt 0.570312 0.633301
vt 0.572754 0.623047
vt 0.577637 0.632324
vt 0.579590 0.622559
vt 0.596191 0.631836
vt 0.596191 0.622070
vt 0.612793 0.622314
vt 0.614746 0.632080
vt 0.619629 0.622559
vt 0.622070 0.633057
vt 0.625977 0.623047
vt 0.628906 0.633545
vt 0.638672 0.624023
vt 0.639160 0.635010
vt 0.645020 0.635742
vt 0.491211 0.714355
vt 0.494141 0.723877
vt 0.508301 0.714600
vt 0.508301 0.724121
vt 0.522949 0.723877
vt 0.525879 0.714355
vt 0.684082 0.262207
vt 0.679199 0.255859
vt 0.675293 0.258301
vt 0.351807 0.416016
vt 0.351807 0.431152
vt 0.358643 0.419922
vt 0.358643 0.431641
vt 0.351807 0.444336
vt 0.358643 0.445312
vt 0.351807 0.463379
vt 0.358643 0.462891
vt 0.351807 0.483887
vt 0.358643 0.482910
vt 0.358643 0.496582
vt 0.351807 0.496582
vt 0.358643 0.504150
vt 0.351807 0.504150
vt 0.358643 0.511719
vt 0.351807 0.511963
vt 0.351807 0.524658
vt 0.358643 0.525391
vt 0.351807 0.545166
vt 0.358643 0.545410
vt 0.351807 0.564453
vt 0.491455 0.682373
vt 0.508301 0.682617
vt 0.525391 0.682373
vt 0.683594 0.436523
vt 0.689941 0.436035
vt 0.691895 0.449707
vt 0.698242 0.448730
vt 0.700684 0.462891
vt 0.706543 0.461914
vt 0.711914 0.469727
vt 0.707031 0.473145
vt 0.630371 0.249023
vt 0.611328 0.248535
vt 0.645020 0.253906
vt 0.645508 0.249023
vt 0.453613 0.689941
vt 0.443359 0.693604
vt 0.451904 0.700439
vt 0.443604 0.691895
vt 0.441406 0.688721
vt 0.452637 0.679443
vt 0.439697 0.678467
vt 0.451172 0.668701
vt 0.439209 0.667969
vt 0.441650 0.664551
vt 0.443848 0.661377
vt 0.450439 0.656250
vt 0.640625 0.669922
vt 0.633301 0.684814
vt 0.638672 0.685303
vt 0.635742 0.698242
vt 0.623047 0.682861
vt 0.629883 0.697266
vt 0.628906 0.717041
vt 0.617188 0.681641
vt 0.619629 0.696533
vt 0.611328 0.680420
vt 0.613770 0.696289
vt 0.612793 0.700928
vt 0.608398 0.696289
vt 0.596680 0.680176
vt 0.617188 0.705811
vt 0.610352 0.705811
vt 0.624512 0.714600
vt 0.612305 0.715820
vt 0.615723 0.733398
vt 0.618164 0.735596
vt 0.602539 0.710449
vt 0.603516 0.723877
vt 0.604980 0.738770
vt 0.605469 0.741699
vt 0.596680 0.697754
vt 0.597168 0.739990
vt 0.597168 0.742920
vt 0.597168 0.724854
vt 0.589355 0.739014
vt 0.588867 0.741943
vt 0.596680 0.711182
vt 0.590820 0.723877
vt 0.591309 0.710449
vt 0.575684 0.736084
vt 0.588379 0.741699
vt 0.578613 0.733643
vt 0.564941 0.717529
vt 0.581543 0.716064
vt 0.569336 0.715088
vt 0.563477 0.697754
vt 0.558105 0.698730
vt 0.576660 0.706299
vt 0.583496 0.706055
vt 0.584961 0.696533
vt 0.581055 0.701172
vt 0.573730 0.697021
vt 0.580078 0.696533
vt 0.582031 0.680664
vt 0.576172 0.681885
vt 0.570312 0.683350
vt 0.560059 0.685303
vt 0.554688 0.686035
vt 0.552246 0.670654
s 1
usemtl Leg
f 1/1/1 2/2/1 3/3/1
f 4/4/2 5/5/3 6/6/4
f 7/7/5 8/2/5 9/1/5
f 10/8/6 11/9/6 12/10/6
f 13/2/7 14/11/7 15/3/7
f 16/12/8 17/13/9 18/14/10
f 19/15/11 20/16/11 21/17/11
f 22/18/12 23/19/13 24/20/12
f 25/21/14 26/22/15 27/23/14
f 28/24/14 29/23/14 30/22/14
f 31/25/16 32/24/16 33/22/16
f 34/26/16 35/24/16 36/25/17
f 37/25/18 38/27/19 39/26/19
f 40/27/20 41/25/20 42/28/19
f 43/21/21 44/27/21 45/28/21
f 46/23/22 47/27/22 48/21/22
f 49/27/23 50/29/23 51/30/23
f 52/29/24 53/27/24 54/23/24
f 55/31/25 56/27/25 57/32/25
f 58/32/25 59/27/25 60/30/25
f 61/32/26 62/33/27 63/31/27
f 64/33/27 65/32/26 66/34/26
f 67/29/28 68/33/28 69/34/28
f 70/33/29 71/29/29 72/23/29
f 73/35/30 74/36/30 75/37/30
f 76/36/30 77/35/30 78/38/30
f 79/39/31 80/40/32 81/41/32
f 82/40/33 83/39/33 84/42/33
f 85/38/34 86/35/34 87/43/34
f 88/44/35 89/43/35 90/35/35
f 91/37/36 92/44/36 93/35/36
f 94/45/36 95/44/36 96/37/36
f 97/37/37 98/46/37 99/45/37
f 100/46/37 101/37/37 102/36/37
f 103/38/38 104/46/38 105/36/38
f 106/43/39 107/46/40 108/38/39
f 109/46/41 110/42/42 111/39/41
f 112/42/42 113/46/42 114/43/42
f 115/47/43 116/46/44 117/41/44
f 118/41/45 119/46/44 120/39/45
f 121/41/46 122/48/46 123/47/46
f 124/48/46 125/41/46 126/40/46
f 127/42/47 128/48/47 129/40/47
f 130/48/48 131/42/48 132/43/47
f 133/49/49 134/50/50 135/51/50
f 136/52/49 137/51/50 138/50/50
f 139/53/36 140/52/51 141/50/36
f 142/54/52 143/52/52 144/53/52
f 145/53/37 146/55/37 147/54/37
f 148/55/37 149/53/37 150/56/37
f 151/49/53 152/55/53 153/56/53
f 154/51/39 155/55/39 156/49/54
f 157/55/42 158/57/42 159/58/42
f 160/57/42 161/55/42 162/51/42
f 163/59/44 164/55/44 165/60/44
f 166/60/44 167/55/44 168/58/44
f 169/60/55 170/61/56 171/59/56
f 172/61/56 173/60/55 174/62/55
f 175/57/47 176/61/47 177/62/47
f 178/61/47 179/57/47 180/51/47
f 181/1/57 182/3/57 183/2/57
f 184/4/58 185/6/59 186/5/60
f 187/7/61 188/1/61 189/2/61
f 190/8/62 191/10/62 192/9/62
f 193/2/63 194/3/63 195/11/63
f 196/12/64 197/14/65 198/13/66
f 199/15/67 200/17/67 201/16/67
f 202/18/68 203/20/69 204/19/68
f 205/22/70 206/23/70 207/24/70
f 208/23/71 209/22/71 210/21/71
f 211/25/72 212/22/72 213/24/72
f 214/24/72 215/26/72 216/25/72
f 217/25/73 218/27/73 219/28/73
f 220/27/73 221/25/73 222/26/73
f 223/21/74 224/28/75 225/27/74
f 226/27/76 227/23/76 228/21/76
f 229/29/77 230/27/77 231/30/77
f 232/27/78 233/29/78 234/23/78
f 235/27/79 236/31/80 237/32/80
f 238/27/81 239/32/80 240/30/81
f 241/33/82 242/32/82 243/31/82
f 244/32/82 245/33/82 246/34/82
f 247/29/83 248/34/83 249/33/83
f 250/33/84 251/23/84 252/29/84
f 253/36/85 254/35/85 255/37/85
f 256/35/85 257/36/85 258/38/85
f 259/40/86 260/39/86 261/41/86
f 262/39/86 263/40/86 264/42/86
f 265/35/87 266/43/88 267/44/87
f 268/43/87 269/35/87 270/38/88
f 271/37/89 272/35/89 273/44/89
f 274/44/90 275/45/89 276/37/90
f 277/37/91 278/46/91 279/36/91
f 280/46/91 281/37/91 282/45/91
f 283/38/92 284/36/92 285/46/92
f 286/46/93 287/43/93 288/38/93
f 289/42/94 290/46/94 291/39/94
f 292/46/95 293/42/95 294/43/95
f 295/46/96 296/47/96 297/41/96
f 298/46/97 299/41/97 300/39/97
f 301/48/98 302/41/98 303/47/98
f 304/41/98 305/48/98 306/40/99
f 307/42/100 308/40/100 309/48/100
f 310/48/101 311/43/100 312/42/100
f 313/50/102 314/51/102 315/52/103
f 316/51/102 317/50/103 318/49/102
f 319/53/104 320/50/104 321/52/104
f 322/52/105 323/54/105 324/53/105
f 325/53/91 326/55/91 327/56/91
f 328/55/106 329/53/106 330/54/106
f 331/49/107 332/56/107 333/55/107
f 334/55/93 335/51/93 336/49/93
f 337/57/108 338/55/108 339/58/108
f 340/55/108 341/57/108 342/51/108
f 343/55/97 344/59/97 345/60/97
f 346/55/97 347/60/97 348/58/97
f 349/61/109 350/60/109 351/59/109
f 352/60/109 353/61/109 354/62/109
f 355/57/100 356/62/100 357/61/100
f 358/61/100 359/51/100 360/57/100
f 361/63/110 362/64/111 363/1/112
f 364/63/113 363/1/112 365/3/114
f 364/63/113 365/3/114 366/65/115
f 367/11/116 366/65/115 365/3/114
f 366/65/115 368/66/117 364/63/113
f 369/8/118 368/66/117 366/65/115
f 366/65/115 367/11/116 369/8/118
f 368/66/117 369/8/118 370/10/119
f 371/63/120 372/1/121 373/64/122
f 374/63/123 375/3/124 372/1/121
f 374/63/123 376/65/125 375/3/124
f 377/11/126 375/3/124 376/65/125
f 376/65/125 374/63/123 378/66/127
f 378/66/127 379/8/128 376/65/125
f 376/65/125 379/8/128 377/11/126
f 379/8/128 378/66/127 380/10/129
f 381/67/130 382/12/131 383/68/132
f 382/12/131 381/67/130 384/13/133
f 385/69/134 386/13/133 387/70/135
f 388/67/136 387/70/135 386/13/133
f 389/71/137 390/69/138 391/70/139
f 390/69/138 389/71/137 392/72/140
f 393/73/141 394/72/142 395/71/137
f 394/72/142 393/73/141 396/74/143
f 397/75/144 398/74/143 399/73/141
f 398/74/143 397/75/144 400/16/145
f 401/76/146 402/77/147 403/78/148
f 402/77/147 401/76/146 404/79/149
f 405/80/150 406/78/151 407/81/152
f 406/78/151 405/80/150 408/76/146
f 409/82/153 410/83/154 411/84/155
f 411/84/155 410/83/154 412/85/156
f 413/79/149 414/86/157 415/77/158
f 414/86/157 413/79/149 416/87/159
f 417/83/154 418/80/150 419/85/160
f 419/85/160 418/80/150 420/81/161
f 421/88/162 422/64/163 423/89/164
f 422/64/163 421/88/162 424/1/165
f 425/89/164 426/90/166 427/88/167
f 426/90/166 425/89/164 428/91/168
f 429/91/168 430/92/169 431/90/166
f 430/92/169 429/91/168 432/93/170
f 433/93/170 434/94/171 435/92/172
f 434/94/171 433/93/170 436/95/173
f 437/96/174 438/95/175 439/97/176
f 438/95/175 437/96/174 440/94/177
f 441/97/178 442/4/179 443/96/180
f 442/4/179 441/97/178 444/5/181
f 445/14/182 446/98/183 447/12/184
f 446/98/183 445/14/182 448/99/185
f 449/100/186 450/99/187 451/101/188
f 452/14/189 451/101/188 450/99/187
f 453/102/190 454/100/186 455/101/188
f 454/100/186 453/102/190 456/103/191
f 457/104/192 458/103/191 459/102/190
f 458/103/191 457/104/192 460/105/193
f 461/15/194 462/105/193 463/104/192
f 462/105/193 461/15/194 464/17/195
f 465/13/9 466/69/196 467/14/10
f 467/14/10 466/69/196 468/101/196
f 469/69/197 470/102/198 471/101/197
f 470/102/198 469/69/197 472/72/199
f 473/72/199 474/104/200 475/102/198
f 474/104/200 473/72/199 476/74/201
f 477/74/201 478/15/201 479/104/200
f 478/15/201 477/74/201 480/16/202
f 481/106/203 482/107/204 483/108/205
f 482/107/204 481/106/203 484/109/206
f 485/87/159 486/108/205 487/86/207
f 486/108/205 485/87/159 488/106/208
f 489/22/209 490/28/210 491/25/209
f 490/28/210 489/22/209 492/21/211
f 493/30/212 494/34/212 495/32/212
f 494/34/212 493/30/212 496/29/212
f 497/50/141 498/56/213 499/53/141
f 498/56/213 497/50/141 500/49/213
f 501/58/214 502/62/31 503/60/32
f 502/62/31 501/58/214 504/57/33
f 505/67/215 506/68/216 507/12/217
f 505/67/215 507/12/217 508/13/218
f 509/70/219 510/67/220 511/13/218
f 509/70/219 511/13/218 512/69/221
f 513/71/222 514/70/223 515/69/224
f 513/71/222 515/69/224 516/72/225
f 517/73/226 518/71/222 519/72/227
f 517/73/226 519/72/227 520/74/228
f 521/75/229 522/73/226 523/74/228
f 523/74/228 524/16/230 521/75/229
f 525/77/231 526/76/232 527/78/233
f 526/76/232 525/77/231 528/79/234
f 529/78/235 530/80/236 531/81/237
f 530/80/236 529/78/235 532/76/232
f 533/84/238 534/83/239 535/82/240
f 534/83/239 533/84/238 536/85/241
f 537/86/242 538/79/234 539/77/243
f 538/79/234 537/86/242 540/87/244
f 541/80/236 542/85/245 543/81/246
f 542/85/245 541/80/236 544/83/247
f 545/88/248 546/64/249 547/1/250
f 546/64/249 545/88/248 548/89/251
f 549/90/252 550/89/251 551/88/248
f 550/89/251 549/90/252 552/91/253
f 553/92/254 554/91/253 555/90/252
f 554/91/253 553/92/254 556/93/255
f 557/94/256 558/93/257 559/92/258
f 558/93/257 557/94/256 560/95/259
f 561/96/260 562/95/261 563/94/262
f 562/95/261 561/96/260 564/97/263
f 565/4/264 566/97/265 567/96/266
f 566/97/265 565/4/264 568/5/267
f 569/98/268 570/14/269 571/12/270
f 570/14/269 569/98/268 572/99/271
f 573/101/272 574/14/273 575/99/274
f 573/101/272 575/99/274 576/100/275
f 577/100/275 578/102/276 579/101/272
f 578/102/276 577/100/275 580/103/277
f 581/104/278 582/103/277 583/105/279
f 582/103/277 581/104/278 584/102/276
f 585/105/279 586/15/280 587/104/281
f 586/15/280 585/105/279 588/17/282
f 589/69/283 590/13/284 591/14/285
f 591/14/285 592/101/283 589/69/283
f 593/69/286 594/102/287 595/72/288
f 594/102/287 593/69/286 596/101/286
f 597/72/288 598/104/289 599/74/290
f 598/104/289 597/72/288 600/102/291
f 601/74/290 602/15/290 603/16/292
f 602/15/290 601/74/290 604/104/293
f 605/108/294 606/107/295 607/106/296
f 606/107/295 608/109/297 607/106/296
f 609/108/294 610/87/244 611/86/298
f 610/87/244 609/108/294 612/106/296
f 613/28/299 614/22/300 615/25/301
f 614/22/300 613/28/299 616/21/302
f 617/34/303 618/30/303 619/32/304
f 618/30/303 617/34/303 620/29/303
f 621/56/305 622/50/226 623/53/306
f 622/50/226 621/56/305 624/49/305
f 625/62/307 626/58/86 627/60/86
f 626/58/86 625/62/307 628/57/308
f 629/75/309 630/110/310 631/16/311
f 630/110/310 632/111/312 631/16/311
f 633/17/313 631/16/311 632/111/312
f 632/111/312 634/112/314 633/17/313
f 635/113/315 636/112/314 637/114/316
f 636/112/314 638/111/312 637/114/316
f 638/111/312 639/18/317 637/114/316
f 639/18/317 638/111/312 640/110/318
f 641/114/319 642/18/317 643/20/320
f 643/20/320 644/113/315 641/114/319
f 644/113/315 643/20/320 645/115/321
f 646/116/322 647/117/323 648/118/324
f 649/119/325 648/118/324 647/117/323
f 648/118/324 649/119/325 650/120/326
f 649/119/325 651/121/327 650/120/326
f 652/122/328 650/120/326 651/121/327
f 651/121/327 653/123/329 652/122/328
f 652/122/328 653/123/329 654/124/329
f 653/123/329 655/125/330 654/124/329
f 655/125/330 653/123/329 656/126/331
f 656/126/331 657/127/332 655/125/330
f 657/127/332 656/126/331 658/128/333
f 659/129/334 657/127/332 658/128/333
f 660/130/335 657/127/332 659/129/334
f 661/131/336 660/130/335 659/129/334
f 662/132/337 660/130/335 661/131/336
f 663/133/338 662/132/337 661/131/336
f 662/132/337 663/133/338 664/134/339
f 665/135/340 664/134/339 663/133/338
f 664/134/339 665/135/340 666/136/341
f 665/135/340 667/137/342 666/136/341
f 667/137/342 665/135/340 668/138/343
f 668/138/343 669/139/344 667/137/342
f 668/138/343 670/140/345 669/139/344
f 670/140/345 671/141/346 669/139/344
f 670/140/345 672/142/347 671/141/346
f 673/143/348 671/141/346 672/142/347
f 672/142/347 674/144/349 673/143/348
f 674/144/349 675/145/350 673/143/348
f 675/145/350 674/144/349 676/146/351
f 677/147/352 675/145/350 676/146/351
f 678/148/353 679/149/354 680/150/355
f 680/150/355 679/149/354 681/151/356
f 682/152/357 680/150/355 681/151/356
f 683/153/358 682/152/357 681/151/356
f 682/152/357 683/153/358 684/154/359
f 685/155/360 684/154/359 683/153/358
f 684/154/359 685/155/360 686/156/361
f 687/157/362 686/156/361 685/155/360
f 686/156/361 687/157/362 688/158/363
f 687/157/362 689/159/364 688/158/363
f 689/159/364 687/157/362 690/160/365
f 690/160/365 691/161/366 689/159/364
f 691/161/366 690/160/365 692/162/367
f 692/162/367 693/163/368 691/161/366
f 693/163/368 692/162/367 694/164/369
f 694/164/369 695/165/370 693/163/368
f 695/165/370 694/164/369 696/166/371
f 697/167/372 695/165/370 696/166/371
f 698/167/373 699/166/374 700/165/375
f 701/164/376 700/165/375 699/166/374
f 700/165/375 701/164/376 702/163/377
f 703/162/378 702/163/377 701/164/376
f 702/163/377 703/162/378 704/161/379
f 705/160/380 704/161/379 703/162/378
f 704/161/379 705/160/380 706/159/381
f 707/157/382 706/159/381 705/160/380
f 706/159/381 707/157/382 708/158/383
f 707/157/382 709/156/384 708/158/383
f 709/156/384 707/157/382 710/155/385
f 710/155/385 711/154/386 709/156/384
f 711/154/386 710/155/385 712/153/387
f 712/153/387 713/152/388 711/154/386
f 713/152/388 712/153/387 714/151/389
f 713/152/388 714/151/389 715/150/390
f 715/150/390 714/151/389 716/149/391
f 717/148/392 715/150/390 716/149/391
f 718/147/393 719/145/394 720/168/395
f 718/147/393 720/168/395 721/169/396
f 720/168/395 722/170/397 721/169/396
f 721/169/396 722/170/397 723/171/398
f 722/170/397 724/172/399 723/171/398
f 724/172/399 722/170/397 725/173/400
f 726/116/401 724/172/399 725/173/400
f 725/173/400 727/118/402 726/116/401
f 728/147/403 729/146/404 730/145/405
f 731/144/406 730/145/405 729/146/404
f 730/145/405 731/144/406 732/143/407
f 731/144/406 733/142/408 732/143/407
f 732/143/407 733/142/408 734/141/409
f 734/141/409 733/142/408 735/140/410
f 736/139/411 734/141/409 735/140/410
f 735/140/410 737/138/412 736/139/411
f 738/137/413 736/139/411 737/138/412
f 737/138/412 739/135/414 738/137/413
f 740/136/415 738/137/413 739/135/414
f 739/135/414 741/134/416 740/136/415
f 741/134/416 739/135/414 742/133/417
f 742/133/417 743/132/418 741/134/416
f 743/132/418 742/133/417 744/131/419
f 744/131/419 745/130/420 743/132/418
f 745/130/420 744/131/419 746/129/421
f 746/129/421 747/127/422 745/130/420
f 746/129/421 748/128/423 747/127/422
f 749/126/424 747/127/422 748/128/423
f 747/127/422 749/126/424 750/125/425
f 751/123/426 750/125/425 749/126/424
f 750/125/425 751/123/426 752/124/427
f 753/122/428 752/124/427 751/123/426
f 751/123/426 754/121/429 753/122/428
f 755/120/430 753/122/428 754/121/429
f 754/121/429 756/119/431 755/120/430
f 756/119/431 757/118/432 755/120/430
f 757/118/432 756/119/431 758/117/433
f 759/116/434 757/118/432 758/117/433
f 760/174/435 761/175/436 762/176/437
f 762/176/437 763/82/438 760/174/435
f 760/174/435 763/82/438 764/84/439
f 765/177/440 766/178/441 767/179/442
f 766/178/441 768/180/443 767/179/442
f 766/178/441 769/181/444 768/180/443
f 769/181/444 770/182/445 768/180/443
f 769/181/444 771/183/446 770/182/445
f 771/183/446 772/184/447 770/182/445
f 773/185/448 772/184/447 771/183/446
f 772/184/447 773/185/448 774/186/449
f 775/187/450 774/186/449 773/185/448
f 773/185/448 776/188/451 775/187/450
f 775/187/450 776/188/451 777/189/452
f 776/188/451 778/190/453 777/189/452
f 778/190/453 779/191/454 777/189/452
f 779/191/454 778/190/453 780/192/455
f 781/193/456 779/191/454 780/192/455
f 779/191/454 781/193/456 782/194/457
f 781/193/456 783/195/458 782/194/457
f 782/194/457 783/195/458 784/196/459
f 783/195/458 785/197/460 784/196/459
f 786/173/461 787/116/462 788/118/463
f 789/172/464 787/116/462 786/173/461
f 789/172/464 786/173/461 790/170/465
f 791/171/466 789/172/464 790/170/465
f 792/169/467 791/171/466 790/170/465
f 792/169/467 790/170/465 793/168/468
f 794/147/469 792/169/467 793/168/468
f 794/147/469 793/168/468 795/145/470
f 796/145/471 797/198/472 798/143/473
f 797/198/472 796/145/471 799/168/474
f 799/168/474 800/199/475 797/198/472
f 800/199/475 799/168/474 801/170/476
f 801/170/476 802/200/477 800/199/475
f 803/173/478 802/200/477 801/170/476
f 804/118/479 802/200/477 803/173/478
f 802/200/477 804/118/479 805/120/480
f 806/109/481 807/201/482 808/107/483
f 808/107/483 807/201/482 809/202/484
f 810/203/485 809/202/484 807/201/482
f 809/202/484 810/203/485 811/204/486
f 810/203/485 812/205/487 811/204/486
f 811/204/486 812/205/487 813/206/488
f 812/205/487 814/207/489 813/206/488
f 814/207/489 812/205/487 815/208/490
f 816/75/491 817/16/492 818/110/493
f 818/110/493 817/16/492 819/111/494
f 820/17/495 819/111/494 817/16/492
f 819/111/494 820/17/495 821/112/496
f 822/110/497 823/111/494 824/18/498
f 824/18/498 823/111/494 825/114/499
f 826/112/496 825/114/499 823/111/494
f 827/113/500 825/114/499 826/112/496
f 828/174/501 829/176/502 830/175/503
f 828/174/501 831/82/504 829/176/502
f 831/82/504 828/174/501 832/84/238
f 833/114/505 834/20/506 835/18/498
f 836/113/500 834/20/506 833/114/505
f 834/20/506 836/113/500 837/115/507
f 838/179/508 839/178/509 840/177/510
f 839/178/509 838/179/508 841/180/511
f 841/180/511 842/181/512 839/178/509
f 842/181/512 841/180/511 843/182/513
f 843/182/513 844/183/514 842/181/512
f 844/183/514 843/182/513 845/184/515
f 845/184/515 846/185/516 844/183/514
f 846/185/516 845/184/515 847/186/517
f 847/186/517 848/187/518 846/185/516
f 846/185/516 848/187/518 849/188/519
f 848/187/518 850/189/520 849/188/519
f 849/188/519 850/189/520 851/190/521
f 852/191/522 851/190/521 850/189/520
f 851/190/521 852/191/522 853/192/523
f 852/191/522 854/193/524 853/192/523
f 852/191/522 855/194/525 854/193/524
f 856/195/526 854/193/524 855/194/525
f 855/194/525 857/196/527 856/195/526
f 856/195/526 857/196/527 858/197/528
f 859/198/529 860/145/530 861/143/531
f 860/145/530 859/198/529 862/168/532
f 863/199/533 862/168/532 859/198/529
f 862/168/532 863/199/533 864/170/534
f 864/170/534 863/199/533 865/200/535
f 864/170/534 865/200/535 866/173/536
f 865/200/535 867/118/537 866/173/536
f 867/118/537 865/200/535 868/120/538
f 869/201/539 870/109/540 871/107/541
f 871/107/541 872/202/542 869/201/539
f 872/202/542 873/203/543 869/201/539
f 873/203/543 872/202/542 874/204/544
f 874/204/544 875/205/545 873/203/543
f 875/205/545 874/204/544 876/206/546
f 875/205/545 876/206/546 877/207/547
f 875/205/545 877/207/547 878/208/548
f 879/68/549 880/209/550 881/210/551
f 880/209/550 879/68/549 882/12/552
f 882/12/552 883/211/553 880/209/550
f 884/98/554 883/211/553 882/12/552
f 883/211/553 885/212/555 880/209/550
f 886/213/556 887/214/557 888/215/558
f 887/214/557 886/213/556 889/216/559
f 889/216/559 886/213/556 890/217/560
f 891/218/561 890/217/560 886/213/556
f 890/217/560 891/218/561 892/219/562
f 893/220/563 892/219/562 891/218/561
f 893/220/563 894/221/564 892/219/562
f 895/222/565 894/221/564 893/220/563
f 896/223/566 895/222/565 893/220/563
f 893/220/563 897/224/567 896/223/566
f 898/209/568 899/68/569 900/210/570
f 899/68/569 898/209/568 901/12/571
f 898/209/568 902/211/572 901/12/571
f 902/211/572 898/209/568 903/212/573
f 904/98/574 901/12/571 902/211/572
f 905/213/575 906/215/576 907/214/577
f 907/214/577 908/216/578 905/213/575
f 908/216/578 909/217/579 905/213/575
f 909/217/579 910/218/580 905/213/575
f 910/218/580 909/217/579 911/219/581
f 911/219/581 912/220/582 910/218/580
f 912/220/582 911/219/581 913/221/583
f 914/222/584 912/220/582 913/221/583
f 915/223/585 912/220/582 914/222/584
f 912/220/582 915/223/585 916/224/586
f 917/166/587 918/225/588 919/167/589
f 917/166/587 920/226/590 918/225/588
f 921/227/591 918/225/588 920/226/590
f 922/164/592 920/226/590 917/166/587
f 920/226/590 923/228/593 921/227/591
f 920/226/590 922/164/592 924/229/594
f 925/162/595 924/229/594 922/164/592
f 924/229/594 926/230/596 920/226/590
f 920/226/590 926/230/596 923/228/593
f 926/230/596 927/231/597 923/228/593
f 924/229/594 925/162/595 928/232/598
f 929/160/599 928/232/598 925/162/595
f 930/233/600 924/229/594 928/232/598
f 924/229/594 930/233/600 926/230/596
f 928/232/598 929/160/599 931/234/601
f 932/157/602 931/234/601 929/160/599
f 931/234/601 933/235/603 928/232/598
f 928/232/598 933/235/603 930/233/600
f 933/235/603 934/236/604 930/233/600
f 933/235/603 935/237/605 934/236/604
f 933/235/603 931/234/601 935/237/605
f 931/234/601 932/157/602 936/238/606
f 936/238/606 935/237/605 931/234/601
f 930/233/600 937/239/607 926/230/596
f 934/236/604 937/239/607 930/233/600
f 938/240/608 937/239/607 934/236/604
f 934/236/604 935/237/605 938/240/608
f 937/239/607 939/241/609 926/230/596
f 927/231/597 926/230/596 939/241/609
f 940/242/610 939/241/609 937/239/607
f 937/239/607 938/240/608 940/242/610
f 939/241/609 940/242/610 941/243/611
f 941/243/611 927/231/597 939/241/609
f 927/231/597 941/243/611 942/244/612
f 943/245/613 940/242/610 938/240/608
f 943/245/613 938/240/608 935/237/605
f 944/246/614 940/242/610 943/245/613
f 944/246/614 941/243/611 940/242/610
f 941/243/611 944/246/614 945/247/615
f 945/247/615 942/244/612 941/243/611
f 942/244/612 945/247/615 946/248/616
f 935/237/605 947/249/617 943/245/613
f 936/238/606 947/249/617 935/237/605
f 945/247/615 948/250/618 946/248/616
f 946/248/616 948/250/618 949/251/619
f 950/252/620 945/247/615 944/246/614
f 950/252/620 948/250/618 945/247/615
f 951/253/621 949/251/619 948/250/618
f 950/252/620 951/253/621 948/250/618
f 949/251/619 951/253/621 952/254/622
f 953/255/623 950/252/620 944/246/614
f 947/249/617 953/255/623 943/245/613
f 953/255/623 944/246/614 943/245/613
f 951/253/621 950/252/620 954/256/624
f 953/255/623 954/256/624 950/252/620
f 947/249/617 955/257/625 953/255/623
f 954/256/624 953/255/623 955/257/625
f 951/253/621 956/258/626 957/259/627
f 954/256/624 958/260/628 951/253/621
f 956/258/626 951/253/621 958/260/628
f 958/260/628 959/261/629 956/258/626
f 958/260/628 954/256/624 960/262/630
f 955/257/625 960/262/630 954/256/624
f 960/262/630 961/263/631 958/260/628
f 959/261/629 958/260/628 961/263/631
f 962/264/632 959/261/629 961/263/631
f 959/261/629 962/264/632 963/265/633
f 961/263/631 960/262/630 964/266/634
f 962/264/632 961/263/631 964/266/634
f 965/267/635 964/266/634 960/262/630
f 965/267/635 960/262/630 955/257/625
f 966/268/636 955/257/625 947/249/617
f 936/238/606 966/268/636 947/249/617
f 955/257/625 966/268/636 965/267/635
f 964/266/634 965/267/635 967/269/637
f 967/269/637 965/267/635 966/268/636
f 962/264/632 964/266/634 968/270/638
f 968/270/638 964/266/634 967/269/637
f 968/270/638 967/269/637 969/271/639
f 969/271/639 967/269/637 966/268/636
f 966/268/636 936/238/606 970/272/640
f 970/272/640 969/271/639 966/268/636
f 932/157/602 970/272/640 936/238/606
f 970/272/640 932/157/602 971/155/641
f 971/155/641 972/273/642 970/272/640
f 972/273/642 968/270/638 969/271/639
f 969/271/639 970/272/640 972/273/642
f 972/273/642 971/155/641 973/153/643
f 973/153/643 974/274/644 972/273/642
f 974/274/644 962/264/632 968/270/638
f 968/270/638 972/273/642 974/274/644
f 974/274/644 973/153/643 975/151/645
f 962/264/632 974/274/644 976/275/646
f 975/151/645 976/275/646 974/274/644
f 976/275/646 963/265/633 962/264/632
f 963/265/633 976/275/646 977/276/647
f 976/275/646 975/151/645 978/149/648
f 976/275/646 978/149/648 979/277/649
f 977/276/647 976/275/646 979/277/649
f 979/277/649 978/149/648 980/148/650
f 981/167/651 982/225/652 983/166/653
f 984/226/654 983/166/653 982/225/652
f 985/227/655 984/226/654 982/225/652
f 984/226/654 986/164/656 983/166/653
f 985/227/655 987/228/657 984/226/654
f 986/164/656 984/226/654 988/229/658
f 988/229/658 989/162/659 986/164/656
f 984/226/654 990/230/660 988/229/658
f 990/230/660 984/226/654 987/228/657
f 991/231/661 990/230/660 987/228/657
f 989/162/659 988/229/658 992/232/662
f 992/232/662 993/160/663 989/162/659
f 994/233/664 988/229/658 990/230/660
f 988/229/658 994/233/664 992/232/662
f 993/160/663 992/232/662 995/234/665
f 995/234/665 996/157/666 993/160/663
f 997/235/667 995/234/665 992/232/662
f 997/235/667 992/232/662 994/233/664
f 994/233/664 998/236/668 997/235/667
f 997/235/667 998/236/668 999/237/669
f 995/234/665 997/235/667 999/237/669
f 995/234/665 999/237/669 1000/238/670
f 996/157/666 995/234/665 1000/238/670
f 990/230/660 1001/239/671 994/233/664
f 994/233/664 1001/239/671 998/236/668
f 998/236/668 1002/240/672 999/237/669
f 1001/239/671 1002/240/672 998/236/668
f 990/230/660 991/231/661 1003/241/673
f 990/230/660 1003/241/673 1001/239/671
f 1003/241/673 1004/242/674 1001/239/671
f 1002/240/672 1001/239/671 1004/242/674
f 991/231/661 1005/243/675 1003/241/673
f 1004/242/674 1003/241/673 1005/243/675
f 1005/243/675 991/231/661 1006/244/676
f 1007/245/677 999/237/669 1002/240/672
f 1007/245/677 1002/240/672 1004/242/674
f 1008/246/678 1007/245/677 1004/242/674
f 1005/243/675 1008/246/678 1004/242/674
f 1006/244/676 1009/247/679 1005/243/675
f 1008/246/678 1005/243/675 1009/247/679
f 1009/247/679 1006/244/676 1010/248/680
f 1011/249/681 1000/238/670 999/237/669
f 999/237/669 1007/245/677 1011/249/681
f 1012/250/682 1009/247/679 1010/248/680
f 1010/248/680 1013/251/683 1012/250/682
f 1008/246/678 1009/247/679 1014/252/684
f 1012/250/682 1014/252/684 1009/247/679
f 1014/252/684 1012/250/682 1015/253/685
f 1013/251/683 1015/253/685 1012/250/682
f 1015/253/685 1013/251/683 1016/254/686
f 1007/245/677 1008/246/678 1017/255/687
f 1014/252/684 1017/255/687 1008/246/678
f 1011/249/681 1007/245/677 1017/255/687
f 1015/253/685 1018/256/688 1014/252/684
f 1017/255/687 1014/252/684 1018/256/688
f 1018/256/688 1019/257/689 1017/255/687
f 1011/249/681 1017/255/687 1019/257/689
f 1020/258/690 1015/253/685 1021/259/691
f 1022/260/692 1018/256/688 1015/253/685
f 1015/253/685 1020/258/690 1022/260/692
f 1023/261/693 1022/260/692 1020/258/690
f 1019/257/689 1018/256/688 1024/262/694
f 1018/256/688 1022/260/692 1024/262/694
f 1022/260/692 1023/261/693 1025/263/695
f 1025/263/695 1024/262/694 1022/260/692
f 1023/261/693 1026/264/696 1025/263/695
f 1026/264/696 1023/261/693 1027/265/697
f 1025/263/695 1026/264/696 1028/266/698
f 1024/262/694 1025/263/695 1028/266/698
f 1029/267/699 1019/257/689 1024/262/694
f 1028/266/698 1029/267/699 1024/262/694
f 1030/268/700 1011/249/681 1019/257/689
f 1000/238/670 1011/249/681 1030/268/700
f 1019/257/689 1029/267/699 1030/268/700
f 1031/269/701 1030/268/700 1029/267/699
f 1029/267/699 1028/266/698 1031/269/701
f 1028/266/698 1032/270/702 1031/269/701
f 1028/266/698 1026/264/696 1032/270/702
f 1031/269/701 1032/270/702 1033/271/703
f 1033/271/703 1030/268/700 1031/269/701
f 1033/271/703 1034/272/704 1030/268/700
f 1034/272/704 996/157/666 1000/238/670
f 1030/268/700 1034/272/704 1000/238/670
f 996/157/666 1034/272/704 1035/155/705
f 1036/273/706 1035/155/705 1034/272/704
f 1036/273/706 1033/271/703 1032/270/702
f 1034/272/704 1033/271/703 1036/273/706
f 1035/155/705 1036/273/706 1037/153/707
f 1032/270/702 1038/274/708 1036/273/706
f 1038/274/708 1037/153/707 1036/273/706
f 1038/274/708 1032/270/702 1026/264/696
f 1037/153/707 1038/274/708 1039/151/709
f 1040/275/710 1039/151/709 1038/274/708
f 1027/265/697 1040/275/710 1026/264/696
f 1026/264/696 1040/275/710 1038/274/708
f 1027/265/697 1041/276/711 1040/275/710
f 1039/151/709 1040/275/710 1042/149/712
f 1042/149/712 1040/275/710 1043/277/713
f 1041/276/711 1043/277/713 1040/275/710
f 1043/277/713 1044/148/714 1042/149/712
o RightCalf.001
v 2.480009 4.330269 20.839590
v 4.365303 6.517418 20.176224
v 3.698147 5.496109 19.435495
v 4.365303 6.517418 20.176224
v 2.480009 4.330269 20.839590
v 3.511086 4.876984 22.255045
v -3.346207 6.517418 20.176224
v -1.460911 4.330269 20.839590
v -2.679050 5.496109 19.435495
v -1.460911 4.330269 20.839590
v -3.346207 6.517418 20.176224
v -2.491989 4.876984 22.255045
v -2.961414 1.247055 16.161804
v -8.342899 1.112000 16.339510
v -7.396862 4.986649 19.142759
v -2.961414 1.247055 16.161804
v -7.396862 4.986649 19.142759
v -2.679050 5.496109 19.435495
v -2.679050 5.496109 19.435495
v -1.607460 0.928696 17.866121
v -2.961414 1.247055 16.161804
v -1.607460 0.928696 17.866121
v -2.679050 5.496109 19.435495
v -1.460911 4.330269 20.839590
v -2.679050 5.496109 19.435495
v -7.396862 4.986649 19.142759
v -5.984631 6.381599 20.288977
v -2.679050 5.496109 19.435495
v -5.984631 6.381599 20.288977
v -3.346207 6.517418 20.176224
v 3.980509 1.247055 16.161804
v 8.415956 4.986649 19.142759
v 9.361992 1.112000 16.339510
v 8.415956 4.986649 19.142759
v 3.980509 1.247055 16.161804
v 3.698147 5.496109 19.435495
v 2.626554 0.928696 17.866121
v 3.698147 5.496109 19.435495
v 3.980509 1.247055 16.161804
v 3.698147 5.496109 19.435495
v 2.626554 0.928696 17.866121
v 2.480009 4.330269 20.839590
v 8.415956 4.986649 19.142759
v 3.698147 5.496109 19.435495
v 7.003729 6.381599 20.288977
v 7.003729 6.381599 20.288977
v 3.698147 5.496109 19.435495
v 4.365303 6.517418 20.176224
v 7.692474 -75.146400 8.053133
v 5.769323 -67.193405 10.463222
v 6.063080 -72.996284 9.287213
v 6.063080 -72.996284 9.287213
v 6.535398 -75.426323 8.486690
v 7.692474 -75.146400 8.053133
v 4.864965 -67.684059 10.732034
v 6.063080 -72.996284 9.287213
v 5.769323 -67.193405 10.463222
v 3.053791 -25.323921 -16.736422
v 4.606476 -29.913109 -16.785427
v 3.636662 -30.482231 -15.463356
v 4.606476 -29.913109 -16.785427
v 3.053791 -25.323921 -16.736422
v 3.972649 -24.654579 -17.852530
v -4.750240 -67.193405 10.463222
v -5.043999 -72.996284 9.287213
v -3.845882 -67.684059 10.732034
v -4.750240 -67.193405 10.463222
v -6.673389 -75.146400 8.053133
v -5.043999 -72.996284 9.287213
v -5.043999 -72.996284 9.287213
v -6.673389 -75.146400 8.053133
v -5.516315 -75.426323 8.486690
v -3.587395 -29.913109 -16.785427
v -2.034710 -25.323921 -16.736422
v -2.617577 -30.482231 -15.463356
v -2.034710 -25.323921 -16.736422
v -3.587395 -29.913109 -16.785427
v -2.953564 -24.654579 -17.852530
v -7.473465 -10.214539 -6.859339
v -3.074715 -10.640030 -7.414837
v -3.864712 -10.233437 -8.968413
v -3.074715 -10.640030 -7.414837
v -7.473465 -10.214539 -6.859339
v -7.013645 -10.645844 -4.386697
v -3.864712 -10.233437 -8.968413
v -1.154041 -11.955841 -8.979203
v -1.766308 -11.713448 -10.924613
v -1.154041 -11.955841 -8.979203
v -3.864712 -10.233437 -8.968413
v -3.074715 -10.640030 -7.414837
v -5.610661 -74.479095 6.281666
v -6.217449 -68.080177 6.481173
v -4.832058 -67.975769 5.568835
v -6.217449 -68.080177 6.481173
v -5.610661 -74.479095 6.281666
v -7.224075 -75.242599 7.137867
v -5.610661 -74.479095 6.281666
v -5.191971 -75.498016 7.371784
v -7.224075 -75.242599 7.137867
v -5.191971 -75.498016 7.371784
v -5.610661 -74.479095 6.281666
v -4.459541 -74.798279 6.563216
v -1.508472 -73.918060 -2.768908
v -2.636799 -74.098808 -3.917916
v -1.587296 -73.473083 -4.557880
v -2.636799 -74.098808 -3.917916
v -1.508472 -73.918060 -2.768908
v -2.348949 -74.197624 -2.202999
v -2.348949 -74.197624 -2.202999
v -3.821362 -75.288300 -2.168285
v -2.636799 -74.098808 -3.917916
v -3.821362 -75.288300 -2.168285
v -2.348949 -74.197624 -2.202999
v -3.133640 -74.966942 -1.459696
v -3.821362 -75.288300 -2.168285
v -3.615891 -75.153030 -1.266895
v -4.444115 -75.909348 -1.599094
v -3.821362 -75.288300 -2.168285
v -3.133640 -74.966942 -1.459696
v -3.615891 -75.153030 -1.266895
v -3.743351 -74.017990 7.018524
v -5.191971 -75.498016 7.371784
v -4.459541 -74.798279 6.563216
v -2.933586 -6.595444 8.912970
v -2.969997 -5.743874 3.812807
v -7.816921 -6.624573 8.796776
v -7.816921 -6.624573 8.796776
v -2.969997 -5.743874 3.812807
v -7.612263 -5.743874 3.520324
v -7.816921 -6.624573 8.796776
v -7.380295 -5.647202 10.880506
v -5.777142 -6.700577 11.163035
v -3.130749 -2.002510 14.837824
v -0.996037 2.257019 15.069783
v -2.114902 0.111885 11.973589
v -0.996037 2.257019 15.069783
v -3.130749 -2.002510 14.837824
v -1.578815 1.037773 17.389931
v -11.242584 -12.401634 4.643682
v -10.181427 -12.800446 5.190240
v -10.751820 -11.644112 5.280080
v -5.516315 -75.426323 8.486690
v -3.743351 -74.017990 7.018524
v -3.339279 -70.409569 7.788088
v -3.743351 -74.017990 7.018524
v -5.516315 -75.426323 8.486690
v -5.191971 -75.498016 7.371784
v -3.845882 -67.684059 10.732034
v -5.043999 -72.996284 9.287213
v -3.339279 -70.409569 7.788088
v -5.516315 -75.426323 8.486690
v -3.339279 -70.409569 7.788088
v -5.043999 -72.996284 9.287213
v -2.753113 -67.717926 9.268985
v -3.845882 -67.684059 10.732034
v -3.339279 -70.409569 7.788088
v -5.191971 -75.498016 7.371784
v -6.673389 -75.146400 8.053133
v -7.224075 -75.242599 7.137867
v -6.673389 -75.146400 8.053133
v -5.191971 -75.498016 7.371784
v -5.516315 -75.426323 8.486690
v 4.093796 -10.640030 -7.414837
v 8.492546 -10.214539 -6.859339
v 4.883791 -10.233437 -8.968413
v 8.492546 -10.214539 -6.859339
v 4.093796 -10.640030 -7.414837
v 8.032726 -10.645844 -4.386697
v 2.173122 -11.955841 -8.979203
v 4.883791 -10.233437 -8.968413
v 2.785391 -11.713448 -10.924613
v 4.883791 -10.233437 -8.968413
v 2.173122 -11.955841 -8.979203
v 4.093796 -10.640030 -7.414837
v 6.629744 -74.479095 6.281666
v 7.236528 -68.080177 6.481173
v 8.243158 -75.242599 7.137867
v 7.236528 -68.080177 6.481173
v 6.629744 -74.479095 6.281666
v 5.851139 -67.975769 5.568835
v 6.629744 -74.479095 6.281666
v 8.243158 -75.242599 7.137867
v 6.211052 -75.498016 7.371784
v 6.211052 -75.498016 7.371784
v 5.478622 -74.798279 6.563216
v 6.629744 -74.479095 6.281666
v 2.527552 -73.918060 -2.768908
v 3.655882 -74.098808 -3.917916
v 3.368032 -74.197624 -2.202999
v 3.655882 -74.098808 -3.917916
v 2.527552 -73.918060 -2.768908
v 2.606379 -73.473083 -4.557880
v 4.840445 -75.288300 -2.168285
v 3.368032 -74.197624 -2.202999
v 3.655882 -74.098808 -3.917916
v 3.368032 -74.197624 -2.202999
v 4.840445 -75.288300 -2.168285
v 4.152725 -74.966942 -1.459696
v 4.840445 -75.288300 -2.168285
v 4.634974 -75.153030 -1.266895
v 4.152725 -74.966942 -1.459696
v 4.840445 -75.288300 -2.168285
v 5.463198 -75.909348 -1.599094
v 4.634974 -75.153030 -1.266895
v 4.762434 -74.017990 7.018524
v 5.478622 -74.798279 6.563216
v 6.211052 -75.498016 7.371784
v 3.952669 -6.595444 8.912970
v 8.836004 -6.624573 8.796776
v 3.989079 -5.743874 3.812807
v 8.836004 -6.624573 8.796776
v 8.631346 -5.743874 3.520324
v 3.989079 -5.743874 3.812807
v 8.836004 -6.624573 8.796776
v 6.796223 -6.700577 11.163035
v 8.399378 -5.647202 10.880506
v 2.015120 2.257019 15.069783
v 4.149828 -2.002510 14.837824
v 3.133986 0.111885 11.973589
v 4.149828 -2.002510 14.837824
v 2.015120 2.257019 15.069783
v 2.597898 1.037773 17.389931
v 12.261665 -12.401634 4.643682
v 11.770903 -11.644112 5.280080
v 11.200508 -12.800446 5.190240
v 6.535398 -75.426323 8.486690
v 4.358362 -70.409569 7.788088
v 4.762434 -74.017990 7.018524
v 6.535398 -75.426323 8.486690
v 4.762434 -74.017990 7.018524
v 6.211052 -75.498016 7.371784
v 6.063080 -72.996284 9.287213
v 4.864965 -67.684059 10.732034
v 4.358362 -70.409569 7.788088
v 4.358362 -70.409569 7.788088
v 6.535398 -75.426323 8.486690
v 6.063080 -72.996284 9.287213
v 3.772196 -67.717926 9.268985
v 4.358362 -70.409569 7.788088
v 4.864965 -67.684059 10.732034
v 6.211052 -75.498016 7.371784
v 8.243158 -75.242599 7.137867
v 7.692474 -75.146400 8.053133
v 6.211052 -75.498016 7.371784
v 7.692474 -75.146400 8.053133
v 6.535398 -75.426323 8.486690
v 0.509548 1.251244 16.166618
v -1.607460 0.928696 17.866121
v 0.509548 0.926292 17.875845
v -2.961414 1.247055 16.161804
v 0.509548 0.926292 17.875845
v -1.460911 4.330269 20.839590
v 0.509548 4.315407 20.864557
v -1.607460 0.928696 17.866121
v 2.626554 0.928696 17.866121
v 0.509548 1.251244 16.166618
v 0.509548 0.926292 17.875845
v 3.980509 1.247055 16.161804
v 0.509548 0.926292 17.875845
v 2.480009 4.330269 20.839590
v 2.626554 0.928696 17.866121
v 0.509548 4.315407 20.864557
v 0.509541 -11.893242 -9.386920
v -1.766308 -11.713448 -10.924613
v -1.154041 -11.955841 -8.979203
v 0.509541 -11.703979 -11.371222
v 0.509541 -25.443863 -18.052874
v -1.725208 -25.539940 -17.609137
v 0.509541 -25.217506 -17.233232
v -2.034710 -25.323921 -16.736422
v -1.664265 -35.608269 -14.993563
v 0.509541 -35.983856 -14.247568
v -2.014893 -35.992920 -13.934413
v 0.509541 -35.601547 -15.260439
v -1.508472 -73.918060 -2.768908
v 0.509541 -73.473419 -4.554959
v 0.509541 -73.918060 -2.768907
v -1.587296 -73.473083 -4.557880
v -3.615891 -75.153030 -1.266895
v 0.509541 -75.292603 0.104026
v -4.140862 -75.292603 0.167541
v 0.509541 -75.153030 -1.368911
v -4.981384 -75.973007 -0.156349
v -3.615891 -75.153030 -1.266895
v -4.140862 -75.292603 0.167541
v -4.444115 -75.909348 -1.599094
v 0.509541 1.037773 17.389931
v -0.996037 2.257019 15.069783
v -1.578815 1.037773 17.389931
v 0.509541 2.257019 15.069783
v 0.509541 0.111885 11.973589
v -0.996037 2.257019 15.069783
v 0.509541 2.257019 15.069783
v -2.114902 0.111885 11.973589
v 0.509541 -11.893242 -9.386920
v 2.785391 -11.713448 -10.924613
v 0.509541 -11.703979 -11.371222
v 2.173122 -11.955841 -8.979203
v 0.509541 -25.217506 -17.233232
v 3.053791 -25.323921 -16.736422
v 2.744289 -25.539940 -17.609137
v 0.509541 -25.443863 -18.052874
v 0.509541 -35.983856 -14.247568
v 2.683346 -35.608269 -14.993563
v 3.033974 -35.992920 -13.934413
v 0.509541 -35.601547 -15.260439
v 2.527552 -73.918060 -2.768908
v 0.509541 -73.918060 -2.768907
v 0.509541 -73.473419 -4.554959
v 2.606379 -73.473083 -4.557880
v 0.509541 -75.292603 0.104026
v 4.634974 -75.153030 -1.266895
v 5.159945 -75.292603 0.167541
v 0.509541 -75.153030 -1.368911
v 6.000465 -75.973007 -0.156349
v 4.634974 -75.153030 -1.266895
v 5.463198 -75.909348 -1.599094
v 5.159945 -75.292603 0.167541
v 0.509541 1.037773 17.389931
v 2.597898 1.037773 17.389931
v 2.015120 2.257019 15.069783
v 0.509541 2.257019 15.069783
v 2.015120 2.257019 15.069783
v 0.509541 0.111885 11.973589
v 0.509541 2.257019 15.069783
v 3.133986 0.111885 11.973589
v -8.342899 1.112000 16.339510
v -2.961414 1.247055 16.161804
v -3.726101 -3.448280 12.436397
v -8.276520 -2.894203 12.959599
v -7.524689 -3.419350 12.527312
v 3.630083 -66.742752 1.144618
v 3.596918 -66.742752 6.279474
v 2.789577 -66.742760 9.895345
v 0.509541 -66.742760 9.895332
v -13.515224 -21.998405 -6.167935
v -13.703915 -22.821259 -8.230885
v -13.291965 -25.231903 -5.381165
v -13.194519 -28.227112 -8.206446
v -12.865578 -28.051231 -6.143911
v -11.826469 -31.721123 -6.173583
v -12.119831 -31.665504 -8.292719
v -7.013645 -10.645844 -4.386697
v -7.473465 -10.214539 -6.859339
v -9.437912 -10.316414 -4.734114
v -8.475956 -10.730461 -2.801501
v -10.839630 -10.354973 -2.435685
v -9.560486 -10.648491 -1.422957
v -11.304848 -10.651657 0.801723
v -9.722595 -10.887413 2.535869
v -11.109268 -11.069466 3.427906
v -7.267025 -75.054993 -0.308521
v -6.043880 -75.569397 -0.179492
v -6.677925 -71.177544 -0.474676
v -5.357193 -66.604263 0.321035
v -6.088825 -66.794785 -0.640832
v -6.285034 -59.449272 -1.497754
v -5.225384 -59.266308 -0.901375
v -6.870449 -51.950470 -3.014485
v -5.742691 -51.826653 -2.291542
v -7.869728 -41.344318 -4.341742
v -9.197079 -41.542076 -4.947422
v -9.265522 -35.699219 -4.413092
v -10.651707 -35.865364 -5.759841
v -10.478065 -31.691177 -4.917245
v -11.826469 -31.721123 -6.173583
v 0.509541 -75.153030 -1.368911
v -3.615891 -75.153030 -1.266895
v -3.133640 -74.966942 -1.459696
v 0.509541 -74.966942 -1.459698
v -2.348949 -74.197624 -2.202999
v 0.509541 -74.197624 -2.202996
v -1.508472 -73.918060 -2.768908
v 0.509541 -73.918060 -2.768907
v -6.607445 -5.743874 0.030176
v -7.612263 -5.743874 3.520324
v -2.969997 -5.743874 3.812807
v -5.479378 -5.743874 -1.507439
v -2.872082 -5.743874 -2.302074
v -9.655739 -8.349976 5.367819
v -9.413853 -8.355736 3.007073
v -9.722595 -10.887413 2.535869
v -8.590729 -8.373032 -0.961872
v -9.560486 -10.648491 -1.422957
v -8.475956 -10.730461 -2.801501
v -7.264668 -8.376854 -2.776271
v -7.013645 -10.645844 -4.386697
v -3.074715 -10.640030 -7.414837
v -2.641827 -8.493286 -6.343526
v -11.242584 -12.401634 4.643682
v -10.751820 -11.644112 5.280080
v -11.109268 -11.069466 3.427906
v -11.981174 -14.951317 2.501709
v -11.304848 -10.651657 0.801723
v -11.820419 -11.186676 -0.844071
v -12.672199 -13.799683 -3.720514
v -12.392960 -18.548523 -0.504760
v -13.290012 -18.189491 -5.278813
v -12.788315 -22.264366 -3.365642
v -13.515224 -21.998405 -6.167935
v -13.291965 -25.231903 -5.381165
v 0.509541 -73.918060 -2.768907
v 2.527552 -73.918060 -2.768908
v 0.509541 -74.197624 -2.202996
v 3.368032 -74.197624 -2.202999
v 0.509541 -74.966942 -1.459698
v 4.152725 -74.966942 -1.459696
v 0.509541 -75.153030 -1.368911
v 4.634974 -75.153030 -1.266895
v 4.106930 -8.398178 -3.307518
v 3.660906 -8.493286 -6.343526
v 3.471888 -5.743874 -5.338083
v 3.891163 -5.743874 -2.302074
v 3.034159 -3.368729 -4.434040
v 3.133986 -3.263435 5.430233
v 3.989079 -5.743874 3.812807
v 8.836004 -6.624573 8.796776
v 9.163063 -8.349976 5.173330
v 8.631346 -5.743874 3.520324
v 8.991928 -8.351341 3.199405
v 7.626528 -5.743874 0.030176
v 8.413784 -8.355469 -0.085936
v 6.498457 -5.743874 -1.507439
v 7.209576 -8.320282 -1.805983
v 4.106930 -8.398178 -3.307518
v 3.891163 -5.743874 -2.302074
v 0.509541 0.111885 11.973589
v 3.133986 0.111885 11.973589
v 3.133986 -1.465012 9.593987
v 0.509541 -1.465012 9.593987
v 3.133986 -3.263435 5.430233
v 0.509541 -3.263435 5.430233
v 3.034159 -3.368729 -4.434040
v 0.509541 -3.424286 -4.587528
v 14.311049 -25.231903 -5.381165
v 14.534306 -21.998405 -6.167935
v 13.807396 -22.264366 -3.365642
v 14.309092 -18.189491 -5.278813
v 13.412039 -18.548523 -0.504760
v 13.691288 -13.799683 -3.720514
v 13.000259 -14.951317 2.501709
v 12.839497 -11.186676 -0.844071
v 12.323931 -10.651657 0.801723
v 12.128349 -11.069466 3.427906
v 12.261665 -12.401634 4.643682
v 11.770903 -11.644112 5.280080
v 6.459358 4.075447 23.325279
v 8.415956 4.986649 19.142759
v 7.003729 6.381599 20.288977
v 7.707699 2.464943 22.568483
v 5.828382 2.374016 25.566040
v 7.027325 0.605103 24.966103
v 4.667210 0.348366 28.236393
v 5.820271 -1.527618 27.805244
v 3.773237 -0.640808 29.567591
v 4.834549 -2.366333 29.021215
v 2.338358 -1.754211 31.008656
v 2.943598 -3.503555 30.561691
v 0.509548 -2.248940 31.624260
v 0.509548 -4.150124 31.363384
v -1.924503 -3.503555 30.561691
v -1.319260 -1.754211 31.008656
v -3.815453 -2.366333 29.021215
v -2.754143 -0.640808 29.567591
v -4.801174 -1.527618 27.805244
v -3.648117 0.348366 28.236393
v -6.008228 0.605103 24.966103
v -4.809284 2.374016 25.566040
v -6.688602 2.464943 22.568483
v -5.440266 4.075447 23.325279
v -7.396862 4.986649 19.142759
v -5.984631 6.381599 20.288977
v 6.459358 4.075447 23.325279
v 7.003729 6.381599 20.288977
v 4.365303 6.517418 20.176224
v 3.511086 4.876984 22.255045
v 5.828382 2.374016 25.566040
v 0.509548 2.377007 25.557140
v 0.509548 4.788071 22.400980
v 4.667210 0.348366 28.236393
v -2.491989 4.876984 22.255045
v 0.509548 0.364395 28.238535
v 3.773237 -0.640808 29.567591
v -4.809284 2.374016 25.566040
v -3.648117 0.348366 28.236393
v -5.440266 4.075447 23.325279
v -3.346207 6.517418 20.176224
v -5.984631 6.381599 20.288977
v -2.754143 -0.640808 29.567591
v 0.509548 -0.639633 29.586884
v -1.319260 -1.754211 31.008656
v 2.338358 -1.754211 31.008656
v 0.509548 -2.248940 31.624260
v 5.487762 -10.228348 24.906359
v 6.131245 -9.177757 23.257839
v 6.823700 -8.735565 23.728607
v 4.909161 -10.516975 24.144041
v 3.256948 -12.141853 25.977015
v 2.885019 -12.347931 24.971230
v 0.509548 -13.165108 26.500591
v 0.509548 -13.306015 25.310720
v -1.865925 -12.347931 24.971230
v -2.237854 -12.141853 25.977015
v -3.890068 -10.516975 24.144041
v -4.468670 -10.228348 24.906359
v -5.112148 -9.177757 23.257839
v -5.804607 -8.735565 23.728607
v 7.587147 -7.730003 19.402016
v 6.823700 -8.735565 23.728607
v 6.131245 -9.177757 23.257839
v 6.862417 -8.184059 19.002941
v 8.458387 -5.387283 16.088713
v 7.722561 -5.864235 15.684645
v 9.295607 -2.894203 12.959599
v 8.543779 -3.419350 12.527312
v -5.804607 -8.735565 23.728607
v -6.568054 -7.730003 19.402016
v -5.112148 -9.177757 23.257839
v -5.843327 -8.184059 19.002941
v -7.439297 -5.387283 16.088713
v -6.703468 -5.864235 15.684645
v -8.276520 -2.894203 12.959599
v -7.524689 -3.419350 12.527312
v 4.745199 -3.448280 12.436397
v 9.295607 -2.894203 12.959599
v 8.543779 -3.419350 12.527312
v 9.361992 1.112000 16.339510
v 3.980509 1.247055 16.161804
v -1.810310 -66.742752 -2.480055
v -2.611000 -66.742752 1.144618
v -2.577835 -66.742752 6.279474
v -1.770496 -66.742760 9.895345
v -2.611000 -66.742752 1.144618
v -2.577835 -66.742752 6.279474
v -1.810310 -66.742752 -2.480055
v 0.509541 -66.742752 -2.480055
v -1.770496 -66.742760 9.895345
v 0.509541 -66.742760 9.895332
v 3.630083 -66.742752 1.144618
v 2.829391 -66.742752 -2.480055
v 2.789577 -66.742760 9.895345
v 3.596918 -66.742752 6.279474
v 5.769323 -67.193405 10.463222
v 3.554663 -66.874634 11.794965
v 4.864965 -67.684059 10.732034
v 3.366089 -67.460625 11.536933
v 1.340002 -66.555870 12.737502
v 0.509541 -67.147194 12.108956
v 0.509541 -66.414536 12.919480
v -0.320919 -66.555870 12.737502
v -2.347008 -67.460625 11.536933
v -2.535580 -66.874634 11.794965
v -3.845882 -67.684059 10.732034
v -4.750240 -67.193405 10.463222
v 11.858709 -10.354973 -2.435685
v 12.323931 -10.651657 0.801723
v 12.839497 -11.186676 -0.844071
v 13.691288 -13.799683 -3.720514
v 10.456993 -10.316414 -4.734114
v 12.488443 -13.653923 -7.051442
v 8.492546 -10.214539 -6.859339
v 14.309092 -18.189491 -5.278813
v 9.545708 -13.559593 -10.728950
v 13.118073 -17.564255 -8.490729
v 14.534306 -21.998405 -6.167935
v 13.231108 -21.535149 -9.413811
v 4.883791 -10.233437 -8.968413
v 10.326578 -16.844498 -12.271443
v 10.880487 -20.892105 -13.340467
v 7.557701 -19.709625 -15.061668
v 7.101736 -16.576714 -13.733393
v 3.893347 -18.136925 -15.791649
v 6.547400 -13.548889 -12.143888
v 4.293447 -13.545723 -12.962555
v 2.785391 -11.713448 -10.924613
v 4.243174 -16.450371 -14.895893
v 0.509541 -13.570694 -13.371678
v 0.509541 -11.703979 -11.371222
v -1.766308 -11.713448 -10.924613
v 0.509541 -16.459450 -15.455353
v 0.509541 -18.022217 -16.331699
v -2.874264 -18.136925 -15.791649
v -3.274364 -13.545723 -12.962555
v -3.864712 -10.233437 -8.968413
v -3.224091 -16.450371 -14.895893
v -5.528316 -13.548889 -12.143888
v -6.082653 -16.576714 -13.733393
v -6.538620 -19.709625 -15.061668
v -8.526627 -13.559593 -10.728950
v -7.473465 -10.214539 -6.859339
v -9.307495 -16.844498 -12.271443
v -9.861408 -20.892105 -13.340467
v -12.212025 -21.535149 -9.413811
v -12.098988 -17.564255 -8.490729
v -13.515224 -21.998405 -6.167935
v -13.290012 -18.189491 -5.278813
v -11.469360 -13.653923 -7.051442
v -12.672199 -13.799683 -3.720514
v -9.437912 -10.316414 -4.734114
v -10.839630 -10.354973 -2.435685
v -11.820419 -11.186676 -0.844071
v -11.304848 -10.651657 0.801723
v 13.231108 -21.535149 -9.413811
v 14.534306 -21.998405 -6.167935
v 14.722998 -22.821259 -8.230885
v 14.223564 -22.424103 -10.240047
v 10.880487 -20.892105 -13.340467
v 11.450405 -21.706985 -14.129333
v 7.557701 -19.709625 -15.061668
v 8.049480 -20.464149 -16.355217
v 4.161102 -18.777946 -17.143400
v 3.893347 -18.136925 -15.791649
v 0.509541 -18.022217 -16.331699
v 0.509541 -18.612518 -17.681906
v -3.142017 -18.777946 -17.143400
v -2.874264 -18.136925 -15.791649
v -6.538620 -19.709625 -15.061668
v -7.030399 -20.464149 -16.355217
v -10.431324 -21.706985 -14.129333
v -9.861408 -20.892105 -13.340467
v -13.204483 -22.424103 -10.240047
v -12.212025 -21.535149 -9.413811
v -13.703915 -22.821259 -8.230885
v -13.515224 -21.998405 -6.167935
v 11.158339 -33.082771 -9.846708
v 13.138910 -31.665504 -8.292719
v 12.845545 -31.721123 -6.173583
v 12.360727 -32.382408 -10.871572
v 8.238329 -32.528648 -12.978848
v 9.185942 -31.574905 -14.090833
v 4.606476 -29.913109 -16.785427
v 3.636662 -30.482231 -15.463356
v 6.275887 -74.679367 -2.224655
v 6.969391 -71.172188 -2.005576
v 7.606340 -75.365143 -1.657197
v 5.907158 -70.988182 -2.516785
v 5.986086 -66.979233 -3.029896
v 4.962662 -67.296997 -3.484858
v 4.135885 -65.080467 -4.471770
v 4.758896 -64.117096 -4.761967
v 2.468924 -62.706028 -6.483272
v 2.518690 -61.320312 -7.306073
v 0.509541 -61.298641 -7.488539
v 0.509541 -62.701687 -6.511753
v -1.449841 -62.706028 -6.483272
v -1.499607 -61.320312 -7.306073
v -3.739819 -64.117096 -4.761967
v -3.116802 -65.080467 -4.471770
v -4.967003 -66.979233 -3.029896
v -3.943581 -67.296997 -3.484858
v -4.888077 -70.988182 -2.516785
v -5.950310 -71.172188 -2.005576
v -5.256805 -74.679367 -2.224655
v -6.587261 -75.365143 -1.657197
v 5.463198 -75.909348 -1.599094
v 4.840445 -75.288300 -2.168285
v 6.275887 -74.679367 -2.224655
v 7.606340 -75.365143 -1.657197
v 6.000465 -75.973007 -0.156349
v 7.062962 -75.569397 -0.179492
v 8.286104 -75.054993 -0.308521
v 12.120161 -28.001213 -4.815113
v 11.497147 -31.691177 -4.917245
v 12.845545 -31.721123 -6.173583
v 13.884657 -28.051231 -6.143911
v 12.612085 -25.184990 -4.259898
v 14.311049 -25.231903 -5.381165
v 14.534306 -21.998405 -6.167935
v 14.311049 -25.231903 -5.381165
v 14.722998 -22.821259 -8.230885
v 14.213606 -28.227112 -8.206446
v 13.884657 -28.051231 -6.143911
v 12.845545 -31.721123 -6.173583
v 13.138910 -31.665504 -8.292719
v -12.119831 -31.665504 -8.292719
v -10.139259 -33.082771 -9.846708
v -11.826469 -31.721123 -6.173583
v -11.341644 -32.382408 -10.871572
v -7.219250 -32.528648 -12.978848
v -8.166859 -31.574905 -14.090833
v -3.587395 -29.913109 -16.785427
v -2.617577 -30.482231 -15.463356
v -4.444115 -75.909348 -1.599094
v -5.256805 -74.679367 -2.224655
v -3.821362 -75.288300 -2.168285
v -6.587261 -75.365143 -1.657197
v -4.981384 -75.973007 -0.156349
v -6.043880 -75.569397 -0.179492
v -7.267025 -75.054993 -0.308521
v -11.101078 -28.001213 -4.815113
v -11.826469 -31.721123 -6.173583
v -10.478065 -31.691177 -4.917245
v -12.865578 -28.051231 -6.143911
v -11.593010 -25.184990 -4.259898
v -13.291965 -25.231903 -5.381165
v -8.315689 -33.343849 2.363859
v -10.144398 -30.985703 3.769856
v -9.661449 -29.888458 3.434225
v -9.550728 -34.176979 3.482304
v -7.987942 -38.582283 2.600381
v -8.504425 -38.690441 3.545689
v -6.720440 -42.877468 2.618502
v -7.661808 -43.147499 3.698436
v -5.480232 -53.230309 3.958586
v -6.757275 -53.331493 4.842654
v -6.159706 -60.944374 5.631889
v -4.666248 -60.873840 4.685394
v -4.832058 -67.975769 5.568835
v -6.217449 -68.080177 6.481173
v -1.587296 -73.473083 -4.557880
v 0.509541 -72.182373 -5.460579
v 0.509541 -73.473419 -4.554959
v -2.545681 -72.321274 -5.372780
v -2.636799 -74.098808 -3.917916
v -3.896313 -72.996254 -4.312175
v -3.821362 -75.288300 -2.168285
v -5.256805 -74.679367 -2.224655
v -4.459541 -74.798279 6.563216
v -3.906025 -74.104866 3.933299
v -3.743351 -74.017990 7.018524
v -4.806175 -74.561501 4.052920
v -4.140862 -75.292603 0.167541
v -4.981384 -75.973007 -0.156349
v -5.610661 -74.479095 6.281666
v -4.806175 -74.561501 4.052920
v -4.459541 -74.798279 6.563216
v -5.932842 -74.200111 3.900574
v -4.981384 -75.973007 -0.156349
v -6.043880 -75.569397 -0.179492
v -7.264668 -8.376854 -2.776271
v -3.087852 -8.398178 -3.307518
v -2.641827 -8.493286 -6.343526
v -6.190495 -8.320282 -1.805983
v -8.590729 -8.373032 -0.961872
v -7.394707 -8.355469 -0.085936
v -9.413853 -8.355736 3.007073
v -7.972847 -8.351341 3.199405
v -8.143978 -8.349976 5.173330
v -9.655739 -8.349976 5.367819
v -0.966702 -19.021477 21.726425
v 0.509541 -19.192322 22.118248
v 0.509541 -17.903275 20.075535
v -0.910465 -17.722137 19.981373
v -2.240379 -18.457237 21.289665
v -1.516865 -17.411438 19.791044
v -4.692150 -14.171684 18.522753
v -3.782120 -13.747993 16.144289
v -6.526455 -9.405205 14.376207
v -5.431759 -9.913094 13.381215
v -5.777142 -6.700577 11.163035
v -7.380295 -5.647202 10.880506
v -5.777142 -6.700577 11.163035
v -2.933586 -6.595444 8.912970
v -7.816921 -6.624573 8.796776
v -3.130749 -6.268532 12.037763
v -5.002781 -1.988525 14.857241
v -3.130749 -2.002510 14.837824
v -2.015076 -3.368729 -4.434040
v 0.509541 -3.263435 5.430233
v 0.509541 -3.424286 -4.587528
v -2.114902 -3.263435 5.430233
v 0.509541 -1.465012 9.593987
v -2.114902 -1.465012 9.593987
v 0.509541 0.111885 11.973589
v -2.114902 0.111885 11.973589
v -3.087852 -8.398178 -3.307518
v -2.452805 -5.743874 -5.338083
v -2.641827 -8.493286 -6.343526
v -2.872082 -5.743874 -2.302074
v -2.015076 -3.368729 -4.434040
v -2.114902 -3.263435 5.430233
v -2.969997 -5.743874 3.812807
v -2.452805 -5.743874 -5.338083
v 0.509541 -8.556625 -6.590776
v -2.641827 -8.493286 -6.343526
v 0.509541 -5.743874 -5.585332
v -2.015076 -3.368729 -4.434040
v 0.509541 -3.424286 -4.587528
v -2.933586 -6.595444 8.912970
v -2.114902 -3.263435 5.430233
v -2.969997 -5.743874 3.812807
v -2.114902 -1.465012 9.593987
v -3.130749 -6.268532 12.037763
v -3.130749 -2.002510 14.837824
v -2.114902 0.111885 11.973589
v -7.816921 -6.624573 8.796776
v -7.612263 -5.743874 3.520324
v -8.143978 -8.349976 5.173330
v -7.972847 -8.351341 3.199405
v -6.607445 -5.743874 0.030176
v -7.394707 -8.355469 -0.085936
v -5.479378 -5.743874 -1.507439
v -6.190495 -8.320282 -1.805983
v -3.087852 -8.398178 -3.307518
v -2.872082 -5.743874 -2.302074
v -10.144398 -30.985703 3.769856
v -8.760506 -31.237312 7.658000
v -9.661449 -29.888458 3.434225
v -8.933285 -31.931725 8.019444
v -8.225754 -29.872955 10.359124
v -7.953060 -29.454628 12.228965
v -7.964958 -28.835136 11.707334
v -7.915745 -27.278229 12.440902
v -7.690174 -27.027390 13.547712
v -7.994026 -24.305923 13.219137
v -7.981468 -24.203629 13.947739
v -8.611244 -20.373093 11.068504
v -9.035534 -19.507172 11.534285
v -9.227421 -17.223145 8.746382
v -9.679482 -16.424149 9.345346
v -10.181427 -12.800446 5.190240
v -10.751820 -11.644112 5.280080
v -11.593010 -25.184990 -4.259898
v -12.788315 -22.264366 -3.365642
v -13.291965 -25.231903 -5.381165
v -11.223690 -22.208839 -2.286307
v -12.392960 -18.548523 -0.504760
v -10.760555 -18.536819 0.537390
v -11.981174 -14.951317 2.501709
v -10.425369 -14.975693 3.516924
v -11.242584 -12.401634 4.643682
v -10.181427 -12.800446 5.190240
v 0.509541 -74.017990 6.903998
v -3.339279 -70.409569 7.788088
v -3.743351 -74.017990 7.018524
v 0.509541 -70.409569 7.788089
v -2.753113 -67.717926 9.268985
v 0.509541 -67.417038 9.230019
v -2.347008 -67.460625 11.536933
v -3.845882 -67.684059 10.732034
v -2.753113 -67.717926 9.268985
v 0.509541 -67.417038 9.230019
v 0.509541 -67.147194 12.108956
v 12.323931 -10.651657 0.801723
v 10.741674 -10.887413 2.535869
v 12.128349 -11.069466 3.427906
v 10.579567 -10.648491 -1.422957
v 11.858709 -10.354973 -2.435685
v 9.495041 -10.730461 -2.801501
v 10.456993 -10.316414 -4.734114
v 8.032726 -10.645844 -4.386697
v 8.492546 -10.214539 -6.859339
v 11.163479 -30.985703 3.769856
v 9.334768 -33.343849 2.363859
v 10.680532 -29.888458 3.434225
v 10.569811 -34.176979 3.482304
v 9.007025 -38.582283 2.600381
v 9.523508 -38.690441 3.545689
v 7.739525 -42.877468 2.618502
v 8.680891 -43.147499 3.698436
v 6.499311 -53.230309 3.958586
v 7.776356 -53.331493 4.842654
v 7.178787 -60.944374 5.631889
v 5.685331 -60.873840 4.685394
v 5.851139 -67.975769 5.568835
v 7.236528 -68.080177 6.481173
v 11.670790 -35.865364 -5.759841
v 12.845545 -31.721123 -6.173583
v 11.497147 -31.691177 -4.917245
v 10.284605 -35.699219 -4.413092
v 10.216158 -41.542076 -4.947422
v 8.888813 -41.344318 -4.341742
v 7.889534 -51.950470 -3.014485
v 6.761774 -51.826653 -2.291542
v 6.244465 -59.266308 -0.901375
v 7.304117 -59.449272 -1.497754
v 6.376276 -66.604263 0.321035
v 7.107906 -66.794785 -0.640832
v 7.697006 -71.177544 -0.474676
v 7.062962 -75.569397 -0.179492
v 8.286104 -75.054993 -0.308521
v 2.606379 -73.473083 -4.557880
v 0.509541 -73.473419 -4.554959
v 0.509541 -72.182373 -5.460579
v 3.564762 -72.321274 -5.372780
v 3.655882 -74.098808 -3.917916
v 4.915394 -72.996254 -4.312175
v 4.840445 -75.288300 -2.168285
v 6.275887 -74.679367 -2.224655
v 4.925106 -74.104866 3.933299
v 5.478622 -74.798279 6.563216
v 4.762434 -74.017990 7.018524
v 5.825260 -74.561501 4.052920
v 5.159945 -75.292603 0.167541
v 6.000465 -75.973007 -0.156349
v 5.478622 -74.798279 6.563216
v 5.825260 -74.561501 4.052920
v 6.629744 -74.479095 6.281666
v 6.951923 -74.200111 3.900574
v 6.000465 -75.973007 -0.156349
v 7.062962 -75.569397 -0.179492
v 4.106930 -8.398178 -3.307518
v 8.283751 -8.376854 -2.776271
v 3.660906 -8.493286 -6.343526
v 7.209576 -8.320282 -1.805983
v 9.609810 -8.373032 -0.961872
v 8.413784 -8.355469 -0.085936
v 10.432936 -8.355736 3.007073
v 8.991928 -8.351341 3.199405
v 9.163063 -8.349976 5.173330
v 10.674820 -8.349976 5.367819
v 1.985783 -19.021477 21.726425
v 0.509541 -17.903275 20.075535
v 0.509541 -19.192322 22.118248
v 1.929548 -17.722137 19.981373
v 3.259460 -18.457237 21.289665
v 2.535944 -17.411438 19.791044
v 5.711231 -14.171684 18.522753
v 4.801203 -13.747993 16.144289
v 7.545540 -9.405205 14.376207
v 6.450842 -9.913094 13.381215
v 6.796223 -6.700577 11.163035
v 8.399378 -5.647202 10.880506
v 7.626528 -5.743874 0.030176
v 3.989079 -5.743874 3.812807
v 8.631346 -5.743874 3.520324
v 6.498457 -5.743874 -1.507439
v 3.891163 -5.743874 -2.302074
v 6.796223 -6.700577 11.163035
v 8.836004 -6.624573 8.796776
v 3.952669 -6.595444 8.912970
v 4.149828 -6.268532 12.037763
v 6.021862 -1.988525 14.857241
v 4.149828 -2.002510 14.837824
v 0.509541 -8.556625 -6.590776
v 3.471888 -5.743874 -5.338083
v 3.660906 -8.493286 -6.343526
v 0.509541 -5.743874 -5.585332
v 3.034159 -3.368729 -4.434040
v 0.509541 -3.424286 -4.587528
v 3.952669 -6.595444 8.912970
v 3.989079 -5.743874 3.812807
v 3.133986 -3.263435 5.430233
v 3.133986 -1.465012 9.593987
v 4.149828 -6.268532 12.037763
v 4.149828 -2.002510 14.837824
v 3.133986 0.111885 11.973589
v 10.674820 -8.349976 5.367819
v 10.741674 -10.887413 2.535869
v 10.432936 -8.355736 3.007073
v 9.609810 -8.373032 -0.961872
v 10.579567 -10.648491 -1.422957
v 9.495041 -10.730461 -2.801501
v 8.283751 -8.376854 -2.776271
v 8.032726 -10.645844 -4.386697
v 4.093796 -10.640030 -7.414837
v 3.660906 -8.493286 -6.343526
v 10.680532 -29.888458 3.434225
v 9.779585 -31.237312 7.658000
v 11.163479 -30.985703 3.769856
v 9.952370 -31.931725 8.019444
v 9.244837 -29.872955 10.359124
v 8.972139 -29.454628 12.228965
v 8.984041 -28.835136 11.707334
v 8.934822 -27.278229 12.440902
v 8.709255 -27.027390 13.547712
v 9.013107 -24.305923 13.219137
v 9.000551 -24.203629 13.947739
v 9.630325 -20.373093 11.068504
v 10.054615 -19.507172 11.534285
v 10.246506 -17.223145 8.746382
v 10.698566 -16.424149 9.345346
v 11.200508 -12.800446 5.190240
v 11.770903 -11.644112 5.280080
v 13.807396 -22.264366 -3.365642
v 12.612085 -25.184990 -4.259898
v 14.311049 -25.231903 -5.381165
v 12.242771 -22.208839 -2.286307
v 13.412039 -18.548523 -0.504760
v 11.779636 -18.536819 0.537390
v 13.000259 -14.951317 2.501709
v 11.444452 -14.975693 3.516924
v 12.261665 -12.401634 4.643682
v 11.200508 -12.800446 5.190240
v 4.358362 -70.409569 7.788088
v 0.509541 -74.017990 6.903998
v 4.762434 -74.017990 7.018524
v 0.509541 -70.409569 7.788089
v 3.772196 -67.717926 9.268985
v 0.509541 -67.417038 9.230019
v 3.366089 -67.460625 11.536933
v 3.772196 -67.717926 9.268985
v 4.864965 -67.684059 10.732034
v 0.509541 -67.417038 9.230019
v 0.509541 -67.147194 12.108956
v 2.480009 4.330269 20.839590
v 0.509548 4.788071 22.400980
v 3.511086 4.876984 22.255045
v 0.509548 4.315407 20.864557
v -1.460911 4.330269 20.839590
v -2.491989 4.876984 22.255045
v 0.509548 -3.457710 12.417299
v -2.961414 1.247055 16.161804
v 0.509548 1.251244 16.166618
v -3.726101 -3.448280 12.436397
v -7.422386 -4.419525 11.755889
v -7.524689 -3.419350 12.527312
v -3.624283 -4.466560 11.681493
v -7.009712 -7.126488 10.824245
v 0.509548 -4.471260 11.677493
v -3.356857 -7.094719 10.813619
v 0.509548 -7.076706 10.820673
v 3.980509 1.247055 16.161804
v 0.509548 -3.457710 12.417299
v 0.509548 1.251244 16.166618
v 4.745199 -3.448280 12.436397
v 8.441483 -4.419525 11.755889
v 8.543779 -3.419350 12.527312
v 4.643381 -4.466560 11.681493
v 8.028807 -7.126488 10.824245
v 0.509548 -4.471260 11.677493
v 4.375952 -7.094719 10.813619
v 0.509548 -7.076706 10.820673
v 2.829391 -66.742752 -2.480055
v 0.509541 -66.742752 -2.480055
v 8.243158 -75.242599 7.137867
v 7.236528 -68.080177 6.481173
v 7.692474 -75.146400 8.053133
v 5.769323 -67.193405 10.463222
v 5.196577 -61.133427 8.889135
v 7.178787 -60.944374 5.631889
v 3.554663 -66.874634 11.794965
v 5.387875 -53.894909 8.065756
v 7.776356 -53.331493 4.842654
v 3.124609 -60.995159 10.856941
v 1.340002 -66.555870 12.737502
v 3.372198 -53.931107 9.998293
v 1.385120 -60.819202 12.030951
v 0.509541 -66.414536 12.919480
v 1.801622 -54.157249 11.376935
v 0.509541 -60.869724 12.313419
v 0.509541 -54.123142 11.924192
v -0.366039 -60.819202 12.030951
v -0.320919 -66.555870 12.737502
v 0.509541 -46.397522 12.426519
v -2.105526 -60.995159 10.856941
v -2.535580 -66.874634 11.794965
v -0.782543 -54.157249 11.376935
v -4.177494 -61.133427 8.889135
v -4.750240 -67.193405 10.463222
v -2.353115 -53.931107 9.998293
v -0.931190 -46.112194 11.955447
v -6.217449 -68.080177 6.481173
v -6.673389 -75.146400 8.053133
v -7.224075 -75.242599 7.137867
v -6.159706 -60.944374 5.631889
v -4.368793 -53.894909 8.065756
v -6.757275 -53.331493 4.842654
v -2.824078 -45.460434 10.468039
v -6.269550 -44.237663 6.787175
v -7.661808 -43.147499 3.698436
v -4.877289 -44.808681 8.474218
v -7.204384 -38.910980 6.983192
v -8.504425 -38.690441 3.545689
v -5.359619 -39.131516 9.531843
v -8.284203 -34.566261 7.556790
v -9.550728 -34.176979 3.482304
v -3.159977 -39.619648 12.116097
v -8.933285 -31.931725 8.019444
v -10.144398 -30.985703 3.769856
v -5.852600 -32.402382 12.877042
v -7.953060 -29.454628 12.228965
v -1.120667 -39.873901 13.375385
v -5.680138 -26.627670 16.081791
v -7.690174 -27.027390 13.547712
v -7.981468 -24.203629 13.947739
v 0.509541 -40.233471 13.882642
v -6.018749 -22.630653 16.484037
v -9.035534 -19.507172 11.534285
v 1.950274 -46.112194 11.955447
v -7.469273 -18.288612 14.610413
v -9.679482 -16.424149 9.345346
v 3.843161 -45.460434 10.468039
v 2.139748 -39.873901 13.375385
v 0.509541 -34.031494 16.342352
v 4.179060 -39.619648 12.116097
v -1.122898 -33.594986 15.985330
v 2.141983 -33.594986 15.985330
v 0.509541 -27.346481 19.259226
v -3.168953 -33.158463 15.046333
v -1.343735 -27.255844 18.842859
v -3.240929 -26.969193 17.781382
v -2.956802 -20.269974 20.596563
v -1.199043 -20.919739 21.523151
v 0.509541 -21.136421 21.956186
v -0.966702 -19.021477 21.726425
v 0.509541 -19.192322 22.118248
v -2.240379 -18.457237 21.289665
v 2.218122 -20.919739 21.523151
v 1.985783 -19.021477 21.726425
v -5.583321 -15.812347 17.843994
v -4.692150 -14.171684 18.522753
v -8.613216 -13.218941 11.179400
v -7.752628 -10.528458 13.717288
v -6.526455 -9.405205 14.376207
v -10.751820 -11.644112 5.280080
v -8.744602 -6.013405 10.063439
v -7.380295 -5.647202 10.880506
v -10.110794 -8.355804 5.681218
v -11.109268 -11.069466 3.427906
v 2.362816 -27.255844 18.842859
v 4.188034 -33.158463 15.046333
v 4.260012 -26.969193 17.781382
v 3.975885 -20.269974 20.596563
v 3.259460 -18.457237 21.289665
v 6.871681 -32.402382 12.877042
v 6.602402 -15.812347 17.843994
v 5.711231 -14.171684 18.522753
v 7.037834 -22.630653 16.484037
v 8.771713 -10.528458 13.717288
v 7.545540 -9.405205 14.376207
v 8.488354 -18.288612 14.610413
v 9.763685 -6.013405 10.063439
v 8.399378 -5.647202 10.880506
v 9.632305 -13.218941 11.179400
v 11.129875 -8.355804 5.681218
v 11.770903 -11.644112 5.280080
v 12.128349 -11.069466 3.427906
v 10.698566 -16.424149 9.345346
v 10.054615 -19.507172 11.534285
v 9.000551 -24.203629 13.947739
v 6.699221 -26.627670 16.081791
v 8.709255 -27.027390 13.547712
v 8.972139 -29.454628 12.228965
v 9.952370 -31.931725 8.019444
v 10.569811 -34.176979 3.482304
v 11.163479 -30.985703 3.769856
v 9.303282 -34.566261 7.556790
v 9.523508 -38.690441 3.545689
v 6.378700 -39.131516 9.531843
v 8.223463 -38.910980 6.983192
v 8.680891 -43.147499 3.698436
v 5.896370 -44.808681 8.474218
v 7.288630 -44.237663 6.787175
v 3.053791 -25.323921 -16.736422
v 0.509541 -24.297508 -18.506430
v 3.972649 -24.654579 -17.852530
v 0.509541 -25.217506 -17.233232
v -2.034710 -25.323921 -16.736422
v -2.953564 -24.654579 -17.852530
v 6.969391 -71.172188 -2.005576
v 8.286104 -75.054993 -0.308521
v 7.606340 -75.365143 -1.657197
v 7.697006 -71.177544 -0.474676
v 7.107906 -66.794785 -0.640832
v 5.986086 -66.979233 -3.029896
v 7.304117 -59.449272 -1.497754
v 6.168262 -59.249748 -4.716361
v 7.889534 -51.950470 -3.014485
v 4.758896 -64.117096 -4.761967
v 6.659784 -51.778538 -6.047078
v 10.216158 -41.542076 -4.947422
v 4.319197 -58.917202 -6.800561
v 2.518690 -61.320312 -7.306073
v 8.773594 -41.271164 -8.216356
v 11.670790 -35.865364 -5.759841
v 4.651220 -51.262779 -7.895033
v 10.025427 -35.946320 -8.902416
v 12.845545 -31.721123 -6.173583
v 11.158339 -33.082771 -9.846708
v 7.267303 -36.116852 -11.930924
v 8.238329 -32.528648 -12.978848
v 6.113148 -41.113789 -10.581255
v 3.033974 -35.992920 -13.934413
v 3.636662 -30.482231 -15.463356
v 2.924915 -41.150196 -11.920101
v 0.509541 -35.983856 -14.247568
v 2.633244 -58.730789 -7.907887
v 2.706617 -50.991814 -9.159391
v 0.509541 -41.145107 -11.932676
v 0.509541 -58.713482 -8.059092
v 0.509541 -61.298641 -7.488539
v -1.499607 -61.320312 -7.306073
v 0.509541 -50.959454 -9.249277
v -1.687534 -50.991814 -9.159391
v -1.905834 -41.150196 -11.920101
v -2.014893 -35.992920 -13.934413
v -1.614162 -58.730789 -7.907887
v -3.632137 -51.262779 -7.895033
v -3.300117 -58.917202 -6.800561
v -3.739819 -64.117096 -4.761967
v -5.094067 -41.113789 -10.581255
v -5.149181 -59.249748 -4.716361
v -4.967003 -66.979233 -3.029896
v -5.640705 -51.778538 -6.047078
v -6.285034 -59.449272 -1.497754
v -6.088825 -66.794785 -0.640832
v -6.870449 -51.950470 -3.014485
v -5.950310 -71.172188 -2.005576
v -9.197079 -41.542076 -4.947422
v -6.677925 -71.177544 -0.474676
v -7.267025 -75.054993 -0.308521
v -6.587261 -75.365143 -1.657197
v -7.754509 -41.271164 -8.216356
v -10.651707 -35.865364 -5.759841
v -6.248222 -36.116852 -11.930924
v -9.006344 -35.946320 -8.902416
v -11.826469 -31.721123 -6.173583
v -10.139259 -33.082771 -9.846708
v -7.219250 -32.528648 -12.978848
v -2.617577 -30.482231 -15.463356
v 0.509541 -30.299873 -18.030062
v -1.725208 -25.539940 -17.609137
v 0.509541 -25.443863 -18.052874
v -2.039604 -30.270645 -17.666212
v -1.664265 -35.608269 -14.993563
v 0.509541 -35.601547 -15.260439
v -3.906025 -74.104866 3.933299
v 0.509541 -74.017990 6.903998
v -3.743351 -74.017990 7.018524
v 0.509541 -74.104866 3.749306
v 0.509541 -75.292603 0.104026
v -4.140862 -75.292603 0.167541
v 0.509541 -10.705200 -7.502245
v -2.641827 -8.493286 -6.343526
v 0.509541 -8.556625 -6.590776
v -3.074715 -10.640030 -7.414837
v -1.154041 -11.955841 -8.979203
v 0.509541 -11.893242 -9.386920
v 2.744289 -25.539940 -17.609137
v 0.509541 -30.299873 -18.030062
v 0.509541 -25.443863 -18.052874
v 3.058689 -30.270645 -17.666212
v 2.683346 -35.608269 -14.993563
v 0.509541 -35.601547 -15.260439
v 0.509541 -74.017990 6.903998
v 4.925106 -74.104866 3.933299
v 4.762434 -74.017990 7.018524
v 0.509541 -74.104866 3.749306
v 0.509541 -75.292603 0.104026
v 5.159945 -75.292603 0.167541
v 3.660906 -8.493286 -6.343526
v 0.509541 -10.705200 -7.502245
v 0.509541 -8.556625 -6.590776
v 4.093796 -10.640030 -7.414837
v 2.173122 -11.955841 -8.979203
v 0.509541 -11.893242 -9.386920
v 7.722561 -5.864235 15.684645
v 8.441483 -4.419525 11.755889
v 8.543779 -3.419350 12.527312
v 7.394949 -7.277916 14.699137
v 8.028807 -7.126488 10.824245
v 6.862417 -8.184059 19.002941
v 6.783907 -9.595764 13.124765
v 6.551908 -9.950104 17.307055
v 5.822552 -12.550934 15.656463
v 5.523893 -11.644958 21.150610
v 6.131245 -9.177757 23.257839
v 4.909161 -10.516975 24.144041
v 5.040319 -13.851280 19.728691
v 4.619467 -15.842674 18.052143
v 4.687279 -12.964714 22.389116
v 2.885019 -12.347931 24.971230
v 4.358816 -15.164711 20.615875
v 3.968351 -17.161911 19.182325
v 2.785282 -14.237633 23.593367
v 0.509548 -13.306015 25.310720
v 2.699671 -16.909691 21.624939
v 2.576662 -18.952293 20.562605
v 0.509548 -14.673241 24.135046
v 0.509548 -17.442429 22.104549
v 0.509548 -19.347939 20.901525
v -1.557568 -18.952293 20.562605
v -1.680576 -16.909691 21.624939
v -2.949257 -17.161911 19.182325
v -1.766182 -14.237633 23.593367
v -1.865925 -12.347931 24.971230
v -3.339722 -15.164711 20.615875
v -3.600372 -15.842674 18.052143
v -3.668186 -12.964714 22.389116
v -3.890068 -10.516975 24.144041
v -4.021225 -13.851280 19.728691
v -4.803459 -12.550934 15.656463
v -4.504799 -11.644958 21.150610
v -5.112148 -9.177757 23.257839
v -5.843327 -8.184059 19.002941
v -5.532810 -9.950104 17.307055
v -5.764812 -9.595764 13.124765
v -6.375854 -7.277916 14.699137
v -7.009712 -7.126488 10.824245
v -6.703468 -5.864235 15.684645
v -7.422386 -4.419525 11.755889
v -7.524689 -3.419350 12.527312
v -8.744602 -6.013405 10.063439
v -7.380295 -5.647202 10.880506
v -7.816921 -6.624573 8.796776
v -9.655739 -8.349976 5.367819
v -8.143978 -8.349976 5.173330
v -10.110794 -8.355804 5.681218
v -11.109268 -11.069466 3.427906
v -9.722595 -10.887413 2.535869
v -5.256805 -74.679367 -2.224655
v -4.888077 -70.988182 -2.516785
v -3.896313 -72.996254 -4.312175
v -3.506557 -69.038361 -4.391973
v -3.943581 -67.296997 -3.484858
v -2.545681 -72.321274 -5.372780
v -3.116802 -65.080467 -4.471770
v -1.997761 -67.513649 -5.928026
v 0.509541 -72.182373 -5.460579
v -1.449841 -62.706028 -6.483272
v 0.509541 -67.442032 -5.986165
v 0.509541 -62.701687 -6.511753
v -5.610661 -74.479095 6.281666
v -4.832058 -67.975769 5.568835
v -5.932842 -74.200111 3.900574
v -5.094627 -67.290009 2.944935
v -6.043880 -75.569397 -0.179492
v -4.666248 -60.873840 4.685394
v -5.357193 -66.604263 0.321035
v -4.945812 -60.070080 1.892009
v -5.480232 -53.230309 3.958586
v -5.225384 -59.266308 -0.901375
v -5.611462 -52.528481 0.833522
v -6.720440 -42.877468 2.618502
v -5.742691 -51.826653 -2.291542
v -7.295086 -41.798847 -0.861619
v -7.987942 -38.582283 2.600381
v -7.869728 -41.344318 -4.341742
v -8.222565 -37.739178 -1.033835
v -8.315689 -33.343849 2.363859
v -9.265522 -35.699219 -4.413092
v -9.119640 -33.061195 -0.952500
v -10.478065 -31.691177 -4.917245
v -10.386372 -29.031578 -0.279882
v -11.101078 -28.001213 -4.815113
v -11.593010 -25.184990 -4.259898
v -9.661449 -29.888458 3.434225
v -10.405838 -28.075821 0.469041
v -11.223690 -22.208839 -2.286307
v -10.387333 -25.380478 2.569670
v -9.579285 -27.300880 5.509927
v -8.760506 -31.237312 7.658000
v -8.225754 -29.872955 10.359124
v -9.935146 -22.506912 4.815831
v -10.760555 -18.536819 0.537390
v -9.272133 -24.922134 7.418637
v -7.964958 -28.835136 11.707334
v -7.915745 -27.278229 12.440902
v -8.971176 -23.082314 8.894944
v -7.994026 -24.305923 13.219137
v -8.611244 -20.373093 11.068504
v -9.533222 -19.949097 6.816333
v -9.227421 -17.223145 8.746382
v -10.425369 -14.975693 3.516924
v -10.181427 -12.800446 5.190240
v 9.763685 -6.013405 10.063439
v 8.836004 -6.624573 8.796776
v 8.399378 -5.647202 10.880506
v 10.674820 -8.349976 5.367819
v 9.163063 -8.349976 5.173330
v 11.129875 -8.355804 5.681218
v 12.128349 -11.069466 3.427906
v 10.741674 -10.887413 2.535869
v 5.907158 -70.988182 -2.516785
v 6.275887 -74.679367 -2.224655
v 4.915394 -72.996254 -4.312175
v 4.525640 -69.038361 -4.391973
v 4.962662 -67.296997 -3.484858
v 3.564762 -72.321274 -5.372780
v 4.135885 -65.080467 -4.471770
v 3.016842 -67.513649 -5.928026
v 0.509541 -72.182373 -5.460579
v 2.468924 -62.706028 -6.483272
v 0.509541 -67.442032 -5.986165
v 0.509541 -62.701687 -6.511753
v 5.851139 -67.975769 5.568835
v 6.629744 -74.479095 6.281666
v 6.951923 -74.200111 3.900574
v 6.113710 -67.290009 2.944935
v 7.062962 -75.569397 -0.179492
v 5.685331 -60.873840 4.685394
v 6.376276 -66.604263 0.321035
v 5.964897 -60.070080 1.892009
v 6.499311 -53.230309 3.958586
v 6.244465 -59.266308 -0.901375
v 6.630543 -52.528481 0.833522
v 7.739525 -42.877468 2.618502
v 6.761774 -51.826653 -2.291542
v 8.314169 -41.798847 -0.861619
v 9.007025 -38.582283 2.600381
v 8.888813 -41.344318 -4.341742
v 9.241648 -37.739178 -1.033835
v 9.334768 -33.343849 2.363859
v 10.284605 -35.699219 -4.413092
v 10.138723 -33.061195 -0.952500
v 11.497147 -31.691177 -4.917245
v 11.405455 -29.031578 -0.279882
v 12.120161 -28.001213 -4.815113
v 12.612085 -25.184990 -4.259898
v 10.680532 -29.888458 3.434225
v 11.424923 -28.075821 0.469041
v 12.242771 -22.208839 -2.286307
v 11.406414 -25.380478 2.569670
v 10.598370 -27.300880 5.509927
v 9.779585 -31.237312 7.658000
v 9.244837 -29.872955 10.359124
v 10.954229 -22.506912 4.815831
v 11.779636 -18.536819 0.537390
v 10.291220 -24.922134 7.418637
v 8.984041 -28.835136 11.707334
v 8.934822 -27.278229 12.440902
v 9.990257 -23.082314 8.894944
v 9.013107 -24.305923 13.219137
v 9.630325 -20.373093 11.068504
v 10.552305 -19.949097 6.816333
v 10.246506 -17.223145 8.746382
v 11.444452 -14.975693 3.516924
v 11.200508 -12.800446 5.190240
v -2.413948 -30.360260 -16.659935
v -1.725208 -25.539940 -17.609137
v -2.039604 -30.270645 -17.666212
v -2.034710 -25.323921 -16.736422
v -2.617577 -30.482231 -15.463356
v -2.014893 -35.992920 -13.934413
v -1.664265 -35.608269 -14.993563
v -2.039604 -30.270645 -17.666212
v 2.744289 -25.539940 -17.609137
v 3.433029 -30.360260 -16.659935
v 3.058689 -30.270645 -17.666212
v 3.053791 -25.323921 -16.736422
v 3.636662 -30.482231 -15.463356
v 3.033974 -35.992920 -13.934413
v 2.683346 -35.608269 -14.993563
v 3.058689 -30.270645 -17.666212
v 7.707699 2.464943 22.568483
v 9.361992 1.112000 16.339510
v 8.415956 4.986649 19.142759
v 9.295607 -2.894203 12.959599
v 8.458387 -5.387283 16.088713
v 8.809752 -1.439949 19.556492
v 7.027325 0.605103 24.966103
v 7.587147 -7.730003 19.402016
v 7.796736 -3.586632 22.649244
v 5.820271 -1.527618 27.805244
v 6.823700 -8.735565 23.728607
v 6.618582 -5.546173 25.731182
v 4.834549 -2.366333 29.021215
v 5.235466 -6.535469 27.194983
v 5.487762 -10.228348 24.906359
v 2.943598 -3.503555 30.561691
v 3.174797 -7.696304 28.864040
v 3.256948 -12.141853 25.977015
v 0.509548 -4.150124 31.363384
v 0.509548 -8.330276 29.901165
v 0.509548 -13.165108 26.500591
v -2.237854 -12.141853 25.977015
v -2.155701 -7.696304 28.864040
v -1.924503 -3.503555 30.561691
v -4.468670 -10.228348 24.906359
v -4.216373 -6.535469 27.194983
v -3.815453 -2.366333 29.021215
v -5.804607 -8.735565 23.728607
v -5.599487 -5.546173 25.731182
v -4.801174 -1.527618 27.805244
v -6.777645 -3.586632 22.649244
v -6.568054 -7.730003 19.402016
v -6.008228 0.605103 24.966103
v -7.790661 -1.439949 19.556492
v -7.439297 -5.387283 16.088713
v -6.688602 2.464943 22.568483
v -8.342899 1.112000 16.339510
v -8.276520 -2.894203 12.959599
v -7.396862 4.986649 19.142759
v 14.722998 -22.821259 -8.230885
v 14.213606 -28.227112 -8.206446
v 13.884932 -27.606720 -10.782162
v 13.138910 -31.665504 -8.292719
v 12.360727 -32.382408 -10.871572
v 14.223564 -22.424103 -10.240047
v 9.185942 -31.574905 -14.090833
v 11.075558 -26.444839 -14.513971
v 11.450405 -21.706985 -14.129333
v 7.716928 -25.697495 -16.798162
v 4.606476 -29.913109 -16.785427
v 8.049480 -20.464149 -16.355217
v 3.972649 -24.654579 -17.852530
v 4.161102 -18.777946 -17.143400
v 0.509541 -24.297508 -18.506430
v 0.509541 -18.612518 -17.681906
v -3.142017 -18.777946 -17.143400
v -2.953564 -24.654579 -17.852530
v -7.030399 -20.464149 -16.355217
v -6.697845 -25.697495 -16.798162
v -3.587395 -29.913109 -16.785427
v -10.431324 -21.706985 -14.129333
v -8.166859 -31.574905 -14.090833
v -10.056473 -26.444839 -14.513971
v -13.204483 -22.424103 -10.240047
v -12.865856 -27.606720 -10.782162
v -11.341644 -32.382408 -10.871572
v -13.703915 -22.821259 -8.230885
v -12.119831 -31.665504 -8.292719
v -13.194519 -28.227112 -8.206446
v 3.630083 -66.742752 1.144618
v 3.596918 -66.742752 6.279474
v 3.605207 -69.253220 6.277272
v 3.630083 -69.253220 1.144616
v 2.789577 -66.742760 9.895345
v 0.509541 -66.742760 9.895332
v 0.509541 -69.253220 9.895333
v 2.799530 -69.253220 9.895343
v -1.810310 -66.742752 -2.480055
v -2.611000 -69.253220 1.144616
v -2.611000 -66.742752 1.144618
v -1.810310 -69.740517 -2.480057
v -2.577835 -66.742752 6.279474
v -1.780449 -69.253220 9.895343
v -1.770496 -66.742760 9.895345
v -2.586124 -69.253220 6.277272
v -2.611000 -66.742752 1.144618
v -2.586124 -69.253220 6.277272
v -2.577835 -66.742752 6.279474
v -2.611000 -69.253220 1.144616
v 0.509541 -69.740517 -2.480057
v -1.810310 -66.742752 -2.480055
v 0.509541 -66.742752 -2.480055
v -1.810310 -69.740517 -2.480057
v -1.770496 -66.742760 9.895345
v 0.509541 -69.253220 9.895333
v 0.509541 -66.742760 9.895332
v -1.780449 -69.253220 9.895343
v 3.630083 -66.742752 1.144618
v 3.630083 -69.253220 1.144616
v 2.829391 -66.742752 -2.480055
v 2.829391 -69.740517 -2.480057
v 2.789577 -66.742760 9.895345
v 2.799530 -69.253220 9.895343
v 3.596918 -66.742752 6.279474
v 3.605207 -69.253220 6.277272
v 2.829391 -66.742752 -2.480055
v 0.509541 -69.740517 -2.480057
v 0.509541 -66.742752 -2.480055
v 2.829391 -69.740517 -2.480057
v 3.605207 -69.253220 6.277272
v 3.630083 -69.253220 1.144616
v 3.630083 -76.784882 6.270664
v 3.630083 -76.784882 1.144611
v 0.509541 -69.253220 9.895333
v 2.799530 -69.253220 9.895343
v 0.509541 -76.784882 9.895335
v 2.829391 -76.784882 9.895335
v -2.611000 -69.253220 1.144616
v -1.810310 -69.740517 -2.480057
v -2.611000 -76.784882 1.144611
v -1.810310 -78.734055 -2.480062
v -1.780449 -69.253220 9.895343
v -2.586124 -69.253220 6.277272
v -1.810310 -76.784882 9.895335
v -2.611000 -76.784882 6.270664
v -2.586124 -69.253220 6.277272
v -2.611000 -69.253220 1.144616
v -2.611000 -76.784882 6.270664
v -2.611000 -76.784882 1.144611
v 0.509541 -69.740517 -2.480057
v -1.810310 -69.740517 -2.480057
v 0.509541 -78.734055 -2.480062
v -1.810310 -78.734055 -2.480062
v 0.509541 -69.253220 9.895333
v -1.780449 -69.253220 9.895343
v 0.509541 -76.784882 9.895335
v -1.810310 -76.784882 9.895335
v 3.630083 -69.253220 1.144616
v 2.829391 -69.740517 -2.480057
v 3.630083 -76.784882 1.144611
v 2.829391 -78.734055 -2.480062
v 2.799530 -69.253220 9.895343
v 3.605207 -69.253220 6.277272
v 2.829391 -76.784882 9.895335
v 3.630083 -76.784882 6.270664
v 0.509541 -69.740517 -2.480057
v 2.829391 -69.740517 -2.480057
v 2.829391 -78.734055 -2.480062
v 0.509541 -78.734055 -2.480062
vn -0.7726 0.6150 -0.1577
vn -0.6936 0.6777 0.2444
vn -0.6936 0.6777 0.2443
vn 0.7726 0.6150 -0.1577
vn 0.6935 0.6777 0.2443
vn 0.6936 0.6777 0.2444
vn -0.0395 0.5919 -0.8050
vn -0.0157 0.6111 -0.7914
vn 0.7633 0.3620 -0.5351
vn 0.8329 0.3457 -0.4322
vn -0.0236 0.6455 -0.7634
vn -0.0630 0.5590 -0.8268
vn -0.0631 0.5590 -0.8268
vn 0.0395 0.5919 -0.8050
vn 0.0394 0.5919 -0.8050
vn 0.0158 0.6111 -0.7914
vn 0.0159 0.6111 -0.7914
vn -0.7632 0.3620 -0.5352
vn -0.7632 0.3621 -0.5352
vn -0.8329 0.3457 -0.4322
vn -0.8328 0.3457 -0.4323
vn 0.0236 0.6455 -0.7634
vn 0.0630 0.5590 -0.8268
vn 0.4573 -0.1577 0.8752
vn 0.3852 -0.2201 0.8962
vn 0.3853 -0.2201 0.8962
vn 0.3634 -0.1663 0.9167
vn 0.3634 -0.1665 0.9166
vn -0.7313 -0.2438 -0.6370
vn -0.7313 -0.2437 -0.6370
vn -0.6857 -0.2207 -0.6936
vn -0.3635 -0.1660 0.9167
vn -0.3635 -0.1659 0.9167
vn -0.4573 -0.1577 0.8752
vn -0.3852 -0.2201 0.8962
vn 0.7313 -0.2438 -0.6370
vn 0.6857 -0.2207 -0.6936
vn 0.1178 0.9735 0.1962
vn 0.1177 0.9735 0.1963
vn 0.1102 0.9826 0.1494
vn 0.5350 0.8424 -0.0634
vn 0.5355 0.8427 -0.0552
vn -0.5509 -0.0236 -0.8342
vn -0.4628 -0.0158 -0.8863
vn -0.4627 -0.0162 -0.8864
vn -0.0156 -0.7340 -0.6790
vn -0.0390 -0.7371 -0.6746
vn 0.3865 -0.8914 -0.2368
vn 0.3865 -0.8914 -0.2367
vn 0.2526 -0.9629 -0.0947
vn 0.5902 -0.7948 -0.1416
vn 0.5823 -0.7868 -0.2046
vn 0.6863 -0.7258 -0.0473
vn 0.6862 -0.7258 -0.0473
vn 0.3789 -0.9238 0.0551
vn 0.3789 -0.9238 0.0552
vn 0.7178 -0.6941 0.0552
vn 0.7178 -0.6940 0.0552
vn -0.0080 0.9862 0.1656
vn -0.0081 0.9862 0.1656
vn -0.0079 0.9862 0.1657
vn 0.5437 0.7091 -0.4490
vn -0.8943 0.4472 0.0157
vn -0.8944 0.4472 0.0078
vn -0.5268 -0.3223 0.7865
vn -0.5269 -0.3224 0.7864
vn -0.5268 -0.3221 0.7866
vn 0.7167 -0.2205 0.6616
vn 0.7225 -0.6441 0.2513
vn 0.8483 -0.3063 0.4320
vn 0.8483 -0.3064 0.4320
vn 0.8482 -0.3064 0.4320
vn 0.8482 -0.3064 0.4321
vn 0.8481 -0.3065 0.4322
vn 0.7091 -0.4491 0.5436
vn -0.1423 -0.9715 0.1895
vn -0.1424 -0.9715 0.1895
vn -0.2370 -0.9715 -0.0079
vn -0.1179 0.9735 0.1960
vn -0.1100 0.9826 0.1494
vn -0.1102 0.9826 0.1494
vn -0.5350 0.8424 -0.0634
vn -0.5355 0.8427 -0.0550
vn -0.5355 0.8427 -0.0551
vn 0.4627 -0.0162 -0.8864
vn 0.4628 -0.0158 -0.8863
vn 0.5509 -0.0236 -0.8342
vn 0.0158 -0.7341 -0.6788
vn 0.0158 -0.7341 -0.6789
vn 0.0394 -0.7374 -0.6743
vn 0.0396 -0.7375 -0.6741
vn -0.2526 -0.9629 -0.0947
vn -0.3865 -0.8914 -0.2367
vn -0.5902 -0.7948 -0.1416
vn -0.5821 -0.7870 -0.2046
vn -0.5822 -0.7869 -0.2046
vn -0.5821 -0.7869 -0.2046
vn -0.3790 -0.9238 0.0553
vn -0.3790 -0.9237 0.0553
vn -0.6863 -0.7258 -0.0473
vn -0.7178 -0.6940 0.0552
vn 0.0081 0.9862 0.1656
vn 0.0080 0.9862 0.1656
vn -0.5436 0.7091 -0.4491
vn 0.8943 0.4472 0.0157
vn 0.8944 0.4472 0.0079
vn 0.5269 -0.3224 0.7864
vn -0.7167 -0.2205 0.6616
vn -0.7226 -0.6439 0.2513
vn -0.8482 -0.3064 0.4320
vn -0.8482 -0.3066 0.4319
vn -0.8482 -0.3065 0.4320
vn -0.8483 -0.3063 0.4320
vn -0.7091 -0.4491 0.5436
vn 0.1423 -0.9715 0.1895
vn 0.1422 -0.9715 0.1895
vn 0.2370 -0.9715 -0.0079
vn -0.0000 0.9821 0.1885
vn -0.0000 0.9821 0.1886
vn -0.0000 0.9821 0.1884
vn -0.0000 0.9835 0.1810
vn -0.0000 0.6624 -0.7492
vn 0.0079 0.6624 -0.7491
vn -0.0000 0.6624 -0.7491
vn 0.0077 0.6585 -0.7526
vn -0.0000 0.9821 0.1882
vn -0.0079 0.6624 -0.7491
vn -0.0078 0.6585 -0.7526
vn -0.0000 0.9939 0.1104
vn 0.0079 0.9939 0.1104
vn -0.0076 0.9920 0.1259
vn -0.0000 0.9955 0.0948
vn -0.0001 0.9633 -0.2685
vn -0.0942 0.9590 -0.2674
vn -0.0943 0.9590 -0.2673
vn -0.0393 -0.9346 -0.3534
vn -0.0000 -0.9354 -0.3537
vn -0.0395 -0.9347 -0.3533
vn -0.0000 -0.9697 -0.2444
vn 0.3229 -0.9456 0.0393
vn -0.0001 -0.9955 -0.0948
vn 0.3136 -0.9493 0.0234
vn 0.6055 -0.7785 0.1651
vn 0.3233 -0.9455 0.0395
vn 0.3140 -0.9491 0.0236
vn 0.6144 -0.7640 0.1969
vn -0.0000 0.8851 0.4655
vn -0.0000 0.8850 0.4656
vn -0.0000 0.8848 0.4659
vn -0.0000 0.8848 0.4660
vn -0.0000 0.8220 -0.5695
vn -0.0000 0.8223 -0.5691
vn -0.0000 0.8222 -0.5692
vn -0.0078 0.9939 0.1104
vn 0.0079 0.9920 0.1260
vn 0.0001 0.9633 -0.2685
vn 0.0943 0.9590 -0.2673
vn 0.0943 0.9590 -0.2674
vn 0.0394 -0.9347 -0.3534
vn 0.0392 -0.9346 -0.3534
vn -0.0000 -0.9697 -0.2445
vn 0.0001 -0.9955 -0.0948
vn -0.3229 -0.9456 0.0392
vn -0.3136 -0.9493 0.0234
vn -0.6055 -0.7785 0.1651
vn -0.3232 -0.9455 0.0395
vn -0.6144 -0.7640 0.1969
vn -0.3140 -0.9491 0.0236
vn -0.0000 0.8849 0.4659
vn -0.0236 0.6369 -0.7706
vn -0.0395 0.6233 -0.7810
vn -0.0237 0.6322 -0.7744
vn -0.0079 0.6371 -0.7708
vn -0.0155 0.6236 -0.7816
vn -0.9931 -0.0395 0.1103
vn -0.9937 -0.0710 0.0868
vn -0.9868 -0.1105 0.1184
vn -0.9680 -0.2125 0.1338
vn -0.9582 -0.2278 0.1728
vn -0.9470 -0.2841 0.1499
vn -0.9457 -0.2995 0.1260
vn 0.1101 0.9826 0.1494
vn 0.1334 0.9809 0.1414
vn 0.1492 0.9818 0.1178
vn 0.1573 0.9822 0.1023
vn 0.1256 0.9890 0.0785
vn 0.0630 0.9919 0.1102
vn 0.0236 0.9936 0.1104
vn -0.0237 0.9872 0.1579
vn -0.0790 0.0553 0.9953
vn -0.2921 0.0237 0.9561
vn -0.4867 0.0628 0.8713
vn -0.6644 0.0791 0.7432
vn -0.8026 0.0866 0.5902
vn -0.6149 0.1105 0.7808
vn -0.5202 0.1340 0.8434
vn -0.5041 0.0945 0.8585
vn -0.5435 0.0867 0.8349
vn -0.4566 0.0157 0.8896
vn -0.5119 -0.0315 0.8585
vn -0.5986 -0.0945 0.7954
vn -0.6836 -0.1020 0.7227
vn -0.6774 -0.1260 0.7247
vn -0.6468 -0.1420 0.7493
vn -0.0000 -0.5743 -0.8186
vn -0.0157 -0.6991 -0.7148
vn -0.0079 -0.6152 -0.7883
vn -0.0000 -0.6150 -0.7885
vn -0.0000 -0.7708 -0.6371
vn -0.0000 -0.8404 -0.5420
vn -0.0000 -0.8976 -0.4409
vn -0.0000 1.0000 -0.0000
vn -0.9846 0.1417 -0.1023
vn -0.9773 0.1498 -0.1498
vn -0.9674 0.2280 -0.1101
vn -0.8680 0.3551 -0.3472
vn -0.8511 0.4256 -0.3074
vn -0.7137 0.3921 -0.5804
vn -0.6353 0.4156 -0.6509
vn -0.6212 0.4089 -0.6684
vn -0.2908 0.5576 -0.7775
vn -0.2132 0.4496 -0.8674
vn -0.9434 0.2673 0.1965
vn -0.8949 0.3454 0.2826
vn -0.9553 0.2447 0.1658
vn -0.9771 0.1654 0.1339
vn -0.9629 0.2131 0.1658
vn -0.9618 0.2050 0.1813
vn -0.9849 0.0868 0.1497
vn -0.9861 0.0158 0.1656
vn -0.9787 0.0079 0.2052
vn -0.9737 -0.0153 0.2274
vn -0.9678 -0.0000 0.2518
vn -0.9678 -0.0079 0.2518
vn 0.0079 -0.6152 -0.7883
vn 0.0157 -0.6991 -0.7148
vn 0.9818 0.1266 -0.1416
vn 0.9818 0.1178 -0.1492
vn 0.9773 0.1576 -0.1419
vn 0.9629 0.2604 -0.0710
vn 0.9567 0.2823 -0.0706
vn 0.9437 0.3304 -0.0157
vn 0.9413 0.3372 -0.0157
vn 0.9806 0.1961 -0.0078
vn 0.9838 0.1731 -0.0472
vn 0.9777 0.1735 -0.1183
vn 0.9632 0.2052 -0.1737
vn 0.9057 0.2442 -0.3466
vn 0.8542 0.2847 -0.4350
vn 0.5891 0.2906 -0.7540
vn 0.6214 0.2595 -0.7393
vn 0.3469 0.2919 -0.8913
vn 0.2757 0.3624 -0.8903
vn -0.0000 0.8344 -0.5512
vn -0.0000 0.8643 -0.5029
vn -0.0000 0.8928 -0.4504
vn -0.0007 0.9612 -0.2757
vn -0.0000 0.9899 -0.1415
vn -0.0079 0.9998 -0.0157
vn -0.0000 0.9999 -0.0157
vn 0.9678 -0.0079 0.2518
vn 0.9678 -0.0000 0.2518
vn 0.9737 -0.0155 0.2275
vn 0.9787 0.0079 0.2052
vn 0.9861 0.0158 0.1656
vn 0.9849 0.0868 0.1497
vn 0.9771 0.1654 0.1339
vn 0.9618 0.2050 0.1813
vn 0.9629 0.2131 0.1658
vn 0.9553 0.2447 0.1658
vn 0.9434 0.2673 0.1965
vn 0.8949 0.3454 0.2825
vn 0.7881 0.3941 0.4729
vn 0.7887 0.4105 0.4577
vn 0.7863 0.4168 0.4561
vn 0.7869 0.3777 0.4879
vn 0.7719 0.3544 0.5278
vn 0.7631 0.3383 0.5507
vn 0.7329 0.3074 0.6069
vn 0.7158 0.2675 0.6450
vn 0.6751 0.2119 0.7066
vn 0.6527 0.1258 0.7471
vn 0.5455 0.0158 0.8380
vn 0.4426 -0.0790 0.8932
vn -0.0000 -0.1338 0.9910
vn -0.4426 -0.0790 0.8932
vn -0.5455 0.0158 0.8380
vn -0.6527 0.1258 0.7471
vn -0.6751 0.2119 0.7066
vn -0.7158 0.2675 0.6450
vn -0.7330 0.3074 0.6069
vn -0.7631 0.3383 0.5507
vn -0.7719 0.3544 0.5278
vn -0.7869 0.3778 0.4879
vn -0.7881 0.3941 0.4729
vn -0.7888 0.4103 0.4576
vn -0.7863 0.4168 0.4562
vn -0.0001 0.7951 0.6065
vn 0.0158 0.7952 0.6062
vn -0.0000 0.7885 0.6150
vn -0.0000 0.7952 0.6063
vn -0.0000 0.7953 0.6062
vn -0.0000 0.8019 0.5975
vn -0.0000 0.7953 0.6063
vn -0.0000 0.8018 0.5976
vn 0.0002 0.7950 0.6066
vn -0.0154 0.7951 0.6063
vn -0.0001 0.7953 0.6062
vn -0.0000 0.7915 0.6112
vn -0.0000 0.7847 0.6198
vn 0.6230 -0.7570 -0.1970
vn 0.6367 -0.7390 -0.2202
vn 0.6308 -0.7414 -0.2287
vn 0.6329 -0.7595 -0.1503
vn 0.5444 -0.8364 -0.0631
vn 0.4720 -0.8810 0.0315
vn -0.0000 -0.9962 0.0870
vn -0.0000 -0.9930 0.1182
vn -0.4720 -0.8810 0.0315
vn -0.5444 -0.8364 -0.0631
vn -0.6329 -0.7595 -0.1503
vn -0.6230 -0.7570 -0.1971
vn -0.6367 -0.7390 -0.2202
vn -0.6309 -0.7413 -0.2287
vn 0.5909 -0.7879 -0.1734
vn 0.5760 -0.8128 -0.0868
vn 0.5724 -0.8154 -0.0863
vn 0.6141 -0.7479 -0.2519
vn 0.6326 -0.6959 -0.3400
vn 0.6437 -0.6829 -0.3454
vn 0.6533 -0.6691 -0.3542
vn 0.6597 -0.6674 -0.3455
vn -0.5762 -0.8127 -0.0868
vn -0.5909 -0.7879 -0.1734
vn -0.5724 -0.8154 -0.0863
vn -0.6141 -0.7479 -0.2519
vn -0.6326 -0.6959 -0.3400
vn -0.6437 -0.6829 -0.3454
vn -0.6533 -0.6691 -0.3542
vn -0.6597 -0.6674 -0.3454
vn 0.0237 0.6322 -0.7744
vn 0.0079 0.6371 -0.7708
vn 0.0156 0.6236 -0.7816
vn 0.0236 0.6369 -0.7706
vn 0.0396 0.6233 -0.7809
vn 0.4418 -0.3629 0.8205
vn 0.3618 -0.4326 0.8258
vn 0.4030 -0.4187 0.8138
vn 0.2370 -0.5765 0.7819
vn 0.1181 -0.6701 0.7328
vn -0.0000 -0.7492 0.6624
vn -0.0000 -0.7418 0.6706
vn -0.1181 -0.6701 0.7328
vn -0.2371 -0.5764 0.7820
vn -0.3618 -0.4326 0.8258
vn -0.4030 -0.4187 0.8138
vn -0.4418 -0.3629 0.8205
vn 0.7542 0.6128 -0.2357
vn 0.6747 0.7374 -0.0314
vn 0.7574 0.6391 -0.1341
vn 0.8129 0.4894 -0.3157
vn 0.6833 0.6205 -0.3849
vn 0.7711 0.4878 -0.4092
vn 0.4868 0.7145 -0.5025
vn 0.9256 0.2118 -0.3138
vn 0.5120 0.5751 -0.6380
vn 0.8660 0.2361 -0.4409
vn 0.9328 0.1187 -0.3402
vn 0.8690 0.1659 -0.4661
vn 0.2285 0.7485 -0.6225
vn 0.6454 0.3385 -0.6848
vn 0.7044 0.2691 -0.6569
vn 0.4249 0.3698 -0.8263
vn 0.3698 0.4405 -0.8180
vn 0.2518 0.4328 -0.8656
vn 0.3142 0.5969 -0.7383
vn 0.1492 0.6752 -0.7224
vn 0.0869 0.7502 -0.6555
vn 0.2289 0.4973 -0.8368
vn -0.0000 0.6625 -0.7491
vn -0.0000 0.7305 -0.6829
vn -0.0869 0.7502 -0.6555
vn -0.0000 0.5122 -0.8589
vn -0.0000 0.4877 -0.8730
vn -0.2518 0.4328 -0.8656
vn -0.1492 0.6752 -0.7224
vn -0.2285 0.7485 -0.6225
vn -0.2289 0.4973 -0.8368
vn -0.3142 0.5969 -0.7383
vn -0.3697 0.4405 -0.8181
vn -0.4249 0.3698 -0.8263
vn -0.5120 0.5751 -0.6380
vn -0.4868 0.7145 -0.5025
vn -0.6454 0.3385 -0.6848
vn -0.7044 0.2691 -0.6569
vn -0.8690 0.1659 -0.4661
vn -0.8660 0.2361 -0.4409
vn -0.9329 0.1186 -0.3401
vn -0.9256 0.2118 -0.3138
vn -0.7711 0.4878 -0.4092
vn -0.8129 0.4894 -0.3157
vn -0.6833 0.6205 -0.3849
vn -0.7543 0.6128 -0.2357
vn -0.7574 0.6391 -0.1341
vn -0.6747 0.7374 -0.0314
vn 0.6513 0.7455 -0.1413
vn 0.7241 0.6611 -0.1968
vn 0.6948 0.7106 -0.1106
vn 0.6134 0.7706 -0.1730
vn 0.5571 0.7689 -0.3139
vn 0.5349 0.7708 -0.3461
vn 0.4643 0.8185 -0.3384
vn 0.4630 0.8318 -0.3061
vn 0.2677 0.8896 -0.3700
vn -0.0000 0.9125 -0.4091
vn -0.0000 0.9155 -0.4024
vn -0.2677 0.8896 -0.3700
vn -0.4643 0.8185 -0.3384
vn -0.4630 0.8318 -0.3060
vn -0.5349 0.7708 -0.3461
vn -0.5571 0.7689 -0.3139
vn -0.6134 0.7706 -0.1730
vn -0.6513 0.7455 -0.1412
vn -0.6949 0.7106 -0.1105
vn -0.7241 0.6610 -0.1968
vn 0.4549 -0.8863 -0.0863
vn 0.5500 -0.8328 0.0628
vn 0.5503 -0.8332 0.0550
vn 0.3632 -0.8922 -0.2685
vn 0.1102 -0.8658 -0.4880
vn 0.1729 -0.8171 -0.5500
vn -0.0316 -0.8377 -0.5453
vn -0.1335 -0.8718 -0.4713
vn 0.4089 -0.0236 -0.9123
vn 0.4084 -0.0550 -0.9111
vn 0.3862 -0.0158 -0.9223
vn 0.4262 -0.0947 -0.8997
vn 0.3947 -0.2210 -0.8919
vn 0.4405 -0.1730 -0.8809
vn 0.3476 -0.3713 -0.8610
vn 0.3000 -0.4579 -0.8369
vn 0.1819 -0.5140 -0.8383
vn 0.1890 -0.5041 -0.8427
vn -0.0000 -0.5420 -0.8404
vn -0.0000 -0.5745 -0.8185
vn -0.1819 -0.5140 -0.8383
vn -0.1890 -0.5041 -0.8427
vn -0.3001 -0.4578 -0.8369
vn -0.3475 -0.3713 -0.8610
vn -0.3947 -0.2210 -0.8919
vn -0.4405 -0.1730 -0.8809
vn -0.4261 -0.0947 -0.8997
vn -0.4085 -0.0550 -0.9111
vn -0.4089 -0.0236 -0.9123
vn -0.3862 -0.0158 -0.9223
vn 0.1966 -0.7315 -0.6528
vn 0.1976 -0.5456 -0.8144
vn 0.1498 -0.5283 -0.8358
vn 0.2999 -0.9155 -0.2683
vn 0.2990 -0.9522 -0.0629
vn 0.3699 -0.9290 0.0078
vn 0.3863 -0.9222 0.0158
vn 0.6153 -0.1893 0.7652
vn 0.6774 -0.1261 0.7247
vn 0.6468 -0.1420 0.7493
vn 0.5666 -0.2440 0.7870
vn 0.5277 -0.3544 0.7719
vn 0.5058 -0.3635 0.7824
vn 0.9931 -0.0394 0.1103
vn 0.9868 -0.1105 0.1184
vn 0.9937 -0.0710 0.0868
vn 0.9680 -0.2125 0.1338
vn 0.9583 -0.2275 0.1726
vn 0.9470 -0.2841 0.1499
vn 0.9457 -0.2995 0.1261
vn -0.5500 -0.8328 0.0628
vn -0.4549 -0.8863 -0.0863
vn -0.5502 -0.8332 0.0550
vn -0.3632 -0.8922 -0.2685
vn -0.1102 -0.8658 -0.4880
vn -0.1729 -0.8171 -0.5500
vn 0.0316 -0.8377 -0.5453
vn 0.1335 -0.8718 -0.4713
vn -0.1966 -0.7315 -0.6528
vn -0.1498 -0.5283 -0.8358
vn -0.1976 -0.5456 -0.8144
vn -0.2999 -0.9155 -0.2683
vn -0.2990 -0.9522 -0.0629
vn -0.3700 -0.9290 0.0079
vn -0.3863 -0.9222 0.0158
vn -0.6153 -0.1893 0.7652
vn -0.6774 -0.1261 0.7247
vn -0.5666 -0.2440 0.7870
vn -0.5277 -0.3544 0.7719
vn -0.5058 -0.3635 0.7824
vn -0.6280 -0.0392 -0.7772
vn -0.6237 -0.0158 -0.7815
vn -0.5974 0.0157 -0.8018
vn -0.7259 -0.1104 -0.6788
vn -0.7868 -0.1810 -0.5901
vn -0.8096 -0.2044 -0.5502
vn -0.7640 -0.1969 -0.6144
vn -0.6701 -0.1577 -0.7253
vn -0.5902 -0.1416 -0.7948
vn -0.5588 -0.1338 -0.8185
vn -0.5366 -0.1105 -0.8365
vn -0.5271 -0.1178 -0.8416
vn -0.5340 -0.0942 -0.8402
vn -0.5425 -0.0949 -0.8347
vn -0.0316 -0.5921 -0.8052
vn 0.0004 -0.5744 -0.8186
vn -0.1257 -0.6052 -0.7861
vn -0.2436 -0.6286 -0.7386
vn -0.2994 -0.6383 -0.7092
vn -0.3068 -0.6530 -0.6924
vn -0.2529 -0.6640 -0.7036
vn 0.5992 -0.7959 -0.0866
vn 0.5600 -0.8282 0.0237
vn 0.7415 -0.6705 -0.0236
vn 0.4876 -0.8651 0.1179
vn 0.5105 -0.8247 0.2435
vn 0.5523 -0.7969 0.2446
vn -0.2752 -0.9593 -0.0629
vn -0.2990 -0.9522 0.0629
vn -0.2514 -0.9663 -0.0550
vn -0.3293 -0.9253 0.1882
vn -0.3385 -0.8895 0.3070
vn -0.3454 -0.8871 0.3062
vn -0.0078 0.9992 -0.0393
vn -0.0000 0.9989 -0.0472
vn 0.0003 0.9995 -0.0314
vn -0.0157 0.9996 -0.0236
vn -0.0235 0.9997 -0.0078
vn -0.0079 1.0000 -0.0000
vn -0.0078 1.0000 -0.0000
vn -0.0000 1.0000 -0.0001
vn 0.0554 0.8146 0.5773
vn -0.0000 0.8440 0.5364
vn -0.0000 0.8247 0.5655
vn 0.1335 0.7852 0.6047
vn 0.2509 0.7372 0.6274
vn 0.4102 0.7258 0.5522
vn 0.5765 0.6713 0.4659
vn 0.6603 0.6446 0.3852
vn 0.6150 0.5992 0.5125
vn 0.6940 0.5284 0.4890
vn 0.5343 0.5818 0.6132
vn 0.3298 0.6830 0.6517
vn 0.0158 0.9486 -0.3162
vn -0.0628 0.9973 -0.0393
vn -0.0077 0.9992 0.0391
vn 0.0158 0.7747 -0.6322
vn 0.0784 0.5727 -0.8160
vn -0.0079 0.5510 -0.8344
vn 0.0079 0.9998 -0.0157
vn -0.0000 0.9612 -0.2757
vn -0.0000 0.8344 -0.5511
vn -0.9819 0.1263 -0.1415
vn -0.9773 0.1576 -0.1419
vn -0.9818 0.1178 -0.1492
vn -0.9629 0.2604 -0.0710
vn -0.9567 0.2823 -0.0706
vn -0.9437 0.3305 -0.0157
vn -0.9413 0.3372 -0.0157
vn -0.0708 0.3460 -0.9356
vn -0.0000 0.3398 -0.9405
vn -0.0630 0.3461 -0.9361
vn -0.0000 0.3700 -0.9290
vn -0.0635 0.3792 -0.9231
vn -0.0000 0.3930 -0.9195
vn -0.9766 0.2127 -0.0315
vn -0.9737 0.2277 -0.0078
vn -0.9547 0.2925 0.0555
vn -0.9768 0.1733 -0.1260
vn -0.9819 0.1415 -0.1257
vn -0.9681 0.1810 -0.1732
vn -0.9572 0.2432 -0.1569
vn -0.9806 0.1961 -0.0079
vn -0.9777 0.1735 -0.1183
vn -0.9838 0.1731 -0.0472
vn -0.9632 0.2052 -0.1737
vn -0.9057 0.2442 -0.3466
vn -0.8542 0.2847 -0.4350
vn -0.5891 0.2906 -0.7540
vn -0.6214 0.2595 -0.7393
vn -0.3469 0.2919 -0.8913
vn -0.2757 0.3624 -0.8903
vn -0.8425 0.4252 0.3307
vn -0.8957 0.3771 0.2357
vn -0.8253 0.4637 0.3223
vn -0.9406 0.3004 0.1581
vn -0.9766 0.1969 0.0866
vn -0.9908 0.0786 0.1101
vn -0.9957 0.0474 0.0790
vn -0.9884 -0.0237 0.1502
vn -0.9867 -0.0631 0.1500
vn -0.9895 -0.1099 0.0942
vn -0.9803 -0.1897 -0.0553
vn -0.9540 -0.2682 -0.1342
vn -0.9145 -0.3390 -0.2207
vn -0.9136 -0.3466 -0.2127
vn -0.8973 -0.3778 -0.2282
vn -0.8930 -0.3873 -0.2292
vn -0.8761 -0.4106 -0.2527
vn -0.5278 -0.3545 0.7719
vn -0.4895 -0.4579 0.7421
vn -0.5058 -0.3635 0.7823
vn -0.4809 -0.4809 0.7331
vn -0.4647 -0.5199 0.7168
vn -0.4564 -0.5279 0.7162
vn -0.4975 -0.4975 0.7107
vn -0.5122 -0.4728 0.7170
vn -0.5382 -0.4747 0.6964
vn -0.0000 -0.2277 0.9737
vn 0.0078 -0.3139 0.9494
vn 0.0237 -0.2127 0.9768
vn -0.0000 -0.3863 0.9224
vn 0.0236 -0.4565 0.8894
vn -0.0000 -0.4345 0.9007
vn 0.0940 -0.9911 0.0945
vn 0.0944 -0.9910 0.0944
vn 0.0944 -0.9911 0.0943
vn 0.0001 -0.9955 0.0948
vn -0.0000 -0.9955 0.0948
vn -0.0630 0.9919 0.1102
vn -0.0236 0.9936 0.1104
vn 0.0237 0.9872 0.1579
vn -0.1256 0.9890 0.0785
vn -0.1572 0.9823 0.1022
vn -0.1492 0.9818 0.1178
vn -0.1334 0.9809 0.1414
vn -0.1101 0.9826 0.1494
vn 0.6237 -0.0158 -0.7815
vn 0.6280 -0.0392 -0.7772
vn 0.5974 0.0157 -0.8018
vn 0.7259 -0.1104 -0.6788
vn 0.7868 -0.1810 -0.5901
vn 0.8096 -0.2044 -0.5502
vn 0.7640 -0.1969 -0.6144
vn 0.6701 -0.1577 -0.7253
vn 0.5902 -0.1416 -0.7948
vn 0.5587 -0.1338 -0.8185
vn 0.5366 -0.1105 -0.8365
vn 0.5270 -0.1180 -0.8416
vn 0.5340 -0.0942 -0.8402
vn 0.5425 -0.0950 -0.8347
vn 0.6835 -0.1021 0.7228
vn 0.6774 -0.1260 0.7247
vn 0.5986 -0.0945 0.7954
vn 0.5119 -0.0315 0.8585
vn 0.4566 0.0157 0.8896
vn 0.5041 0.0945 0.8585
vn 0.5436 0.0868 0.8349
vn 0.5202 0.1340 0.8434
vn 0.6149 0.1105 0.7808
vn 0.6644 0.0791 0.7432
vn 0.8026 0.0866 0.5902
vn 0.4867 0.0628 0.8713
vn 0.2921 0.0237 0.9561
vn 0.0792 0.0553 0.9953
vn 0.0316 -0.5921 -0.8052
vn -0.0002 -0.5745 -0.8185
vn 0.1258 -0.6052 -0.7860
vn 0.2436 -0.6286 -0.7386
vn 0.2994 -0.6383 -0.7092
vn 0.3068 -0.6530 -0.6924
vn 0.2531 -0.6641 -0.7035
vn -0.5600 -0.8282 0.0237
vn -0.5992 -0.7959 -0.0866
vn -0.7415 -0.6705 -0.0236
vn -0.4876 -0.8651 0.1180
vn -0.5106 -0.8247 0.2435
vn -0.5523 -0.7969 0.2446
vn 0.2514 -0.9663 -0.0550
vn 0.2990 -0.9522 0.0629
vn 0.2752 -0.9593 -0.0629
vn 0.3293 -0.9253 0.1882
vn 0.3385 -0.8895 0.3070
vn 0.3453 -0.8871 0.3062
vn 0.0078 0.9992 -0.0393
vn -0.0005 0.9995 -0.0313
vn 0.0157 0.9996 -0.0236
vn 0.0234 0.9997 -0.0078
vn 0.0079 1.0000 -0.0000
vn -0.0554 0.8146 0.5773
vn -0.1335 0.7852 0.6046
vn -0.2509 0.7372 0.6274
vn -0.4102 0.7258 0.5523
vn -0.5765 0.6713 0.4659
vn -0.6603 0.6446 0.3852
vn -0.6150 0.5992 0.5125
vn -0.6940 0.5284 0.4890
vn -0.5343 0.5818 0.6132
vn -0.3297 0.6831 0.6517
vn -0.0158 0.9486 -0.3162
vn 0.0079 0.9992 0.0394
vn 0.0628 0.9973 -0.0393
vn -0.0158 0.7747 -0.6322
vn -0.0784 0.5727 -0.8160
vn 0.0078 0.5510 -0.8345
vn 0.0708 0.3459 -0.9356
vn 0.0629 0.3461 -0.9361
vn 0.0634 0.3791 -0.9232
vn -0.0000 0.3930 -0.9196
vn 0.9766 0.2127 -0.0315
vn 0.9547 0.2923 0.0554
vn 0.9737 0.2277 -0.0078
vn 0.9768 0.1733 -0.1260
vn 0.9819 0.1414 -0.1257
vn 0.9681 0.1810 -0.1732
vn 0.9572 0.2432 -0.1569
vn 0.9846 0.1417 -0.1024
vn 0.9674 0.2281 -0.1101
vn 0.9773 0.1498 -0.1498
vn 0.8680 0.3551 -0.3472
vn 0.8511 0.4256 -0.3074
vn 0.7137 0.3922 -0.5804
vn 0.6353 0.4156 -0.6509
vn 0.6212 0.4089 -0.6685
vn 0.2908 0.5576 -0.7775
vn 0.2132 0.4495 -0.8675
vn 0.8253 0.4637 0.3223
vn 0.8957 0.3771 0.2357
vn 0.8425 0.4252 0.3307
vn 0.9406 0.3004 0.1581
vn 0.9766 0.1969 0.0866
vn 0.9908 0.0786 0.1101
vn 0.9957 0.0474 0.0790
vn 0.9884 -0.0237 0.1502
vn 0.9867 -0.0631 0.1500
vn 0.9895 -0.1099 0.0942
vn 0.9803 -0.1896 -0.0552
vn 0.9540 -0.2682 -0.1342
vn 0.9145 -0.3390 -0.2207
vn 0.9136 -0.3466 -0.2127
vn 0.8973 -0.3778 -0.2283
vn 0.8930 -0.3873 -0.2292
vn 0.8761 -0.4106 -0.2527
vn 0.4895 -0.4579 0.7421
vn 0.5277 -0.3545 0.7719
vn 0.5057 -0.3635 0.7823
vn 0.4810 -0.4808 0.7331
vn 0.4647 -0.5199 0.7168
vn 0.4564 -0.5279 0.7162
vn 0.4975 -0.4975 0.7107
vn 0.5122 -0.4728 0.7170
vn 0.5381 -0.4749 0.6964
vn -0.0078 -0.3139 0.9494
vn -0.0236 -0.2127 0.9768
vn -0.0236 -0.4565 0.8894
vn -0.0941 -0.9911 0.0945
vn -0.0943 -0.9910 0.0948
vn -0.0945 -0.9910 0.0944
vn -0.0001 -0.9955 0.0949
vn -0.0235 0.9492 -0.3138
vn -0.0000 0.9495 -0.3139
vn -0.0472 0.9428 -0.3300
vn -0.0000 0.9563 -0.2924
vn 0.0235 0.9492 -0.3138
vn 0.0472 0.9428 -0.3300
vn -0.0003 0.6063 -0.7952
vn -0.0000 0.6236 -0.7817
vn -0.0000 0.6237 -0.7817
vn -0.0078 0.6062 -0.7952
vn -0.0158 0.5121 -0.8588
vn -0.0157 0.6062 -0.7951
vn -0.0078 0.4567 -0.8896
vn -0.0079 0.3163 -0.9486
vn -0.0001 0.4091 -0.9125
vn -0.0002 0.3138 -0.9495
vn -0.0000 0.3138 -0.9495
vn -0.0000 0.6237 -0.7816
vn 0.0003 0.6063 -0.7952
vn -0.0001 0.6234 -0.7819
vn 0.0078 0.6062 -0.7952
vn 0.0158 0.5121 -0.8588
vn 0.0157 0.6062 -0.7951
vn 0.0079 0.4566 -0.8896
vn 0.0079 0.3163 -0.9486
vn -0.0000 0.4091 -0.9125
vn 0.0001 0.3138 -0.9495
vn -0.0000 0.3137 -0.9495
vn 0.8521 0.1655 0.4966
vn 0.9016 0.1344 0.4112
vn 0.8995 0.1499 0.4103
vn 0.8414 0.1966 0.5033
vn 0.7660 0.1185 0.6318
vn 0.8377 0.0316 0.5453
vn 0.5447 0.2053 0.8131
vn 0.7633 -0.0315 0.6453
vn 0.8491 -0.0393 0.5268
vn 0.5981 0.1023 0.7949
vn 0.4018 0.1339 0.9059
vn 0.6707 -0.0079 0.7417
vn 0.3946 0.0789 0.9155
vn -0.0000 0.1193 0.9929
vn 0.5029 -0.0000 0.8644
vn -0.0000 0.0862 0.9963
vn -0.0000 0.0236 0.9997
vn -0.3946 0.0789 0.9155
vn -0.4017 0.1339 0.9059
vn -0.0000 -0.1260 0.9920
vn -0.5981 0.1023 0.7949
vn -0.5447 0.2053 0.8131
vn -0.5029 -0.0000 0.8644
vn -0.7660 0.1185 0.6318
vn -0.8414 0.1966 0.5033
vn -0.6707 -0.0079 0.7417
vn -0.4954 -0.1415 0.8571
vn -0.9016 0.1344 0.4112
vn -0.8995 0.1499 0.4103
vn -0.8520 0.1656 0.4967
vn -0.8377 0.0316 0.5453
vn -0.7633 -0.0315 0.6453
vn -0.8491 -0.0393 0.5268
vn -0.6544 -0.1498 0.7411
vn -0.8416 -0.1180 0.5270
vn -0.9232 -0.1263 0.3630
vn -0.7557 -0.1495 0.6376
vn -0.8755 -0.2130 0.4338
vn -0.9244 -0.2133 0.3161
vn -0.7885 -0.2366 0.5677
vn -0.8735 -0.2754 0.4013
vn -0.9400 -0.2291 0.2528
vn -0.6362 -0.2906 0.7147
vn -0.8805 -0.3066 0.3616
vn -0.9534 -0.1971 0.2284
vn -0.7162 -0.3465 0.6057
vn -0.7352 -0.3557 0.5771
vn -0.4497 -0.2919 0.8441
vn -0.6832 -0.2356 0.6911
vn -0.7475 -0.2124 0.6294
vn -0.7801 -0.0630 0.6225
vn -0.0000 -0.2758 0.9612
vn -0.7647 -0.0867 0.6385
vn -0.8721 0.0471 0.4871
vn 0.4954 -0.1415 0.8571
vn -0.8730 0.0079 0.4876
vn -0.9142 0.0946 0.3941
vn 0.6544 -0.1498 0.7411
vn 0.4497 -0.2919 0.8441
vn 0.6362 -0.2906 0.7147
vn -0.3762 -0.3763 0.8467
vn 0.3762 -0.3763 0.8467
vn -0.0000 -0.4025 0.9154
vn -0.5437 -0.3467 0.7643
vn -0.3627 -0.3785 0.8516
vn -0.5773 -0.3005 0.7592
vn -0.6475 -0.1343 0.7502
vn -0.3932 -0.2045 0.8964
vn -0.0000 -0.2924 0.9563
vn -0.3776 -0.1023 0.9203
vn -0.0000 -0.0780 0.9970
vn -0.6060 -0.0315 0.7949
vn 0.3932 -0.2045 0.8964
vn 0.3776 -0.1023 0.9203
vn -0.8119 0.0237 0.5833
vn -0.7099 0.1893 0.6784
vn -0.9303 0.0552 0.3627
vn -0.8243 0.1648 0.5416
vn -0.6313 0.4025 0.6629
vn -0.9370 0.1338 0.3228
vn -0.8280 0.2444 0.5047
vn -0.5357 0.5041 0.6774
vn -0.9483 0.1097 0.2978
vn -0.9590 0.1572 0.2358
vn 0.3627 -0.3785 0.8516
vn 0.5437 -0.3467 0.7643
vn 0.5773 -0.3005 0.7592
vn 0.6475 -0.1343 0.7502
vn 0.6060 -0.0315 0.7949
vn 0.7162 -0.3464 0.6059
vn 0.8119 0.0237 0.5833
vn 0.7099 0.1893 0.6784
vn 0.7647 -0.0867 0.6385
vn 0.8243 0.1648 0.5416
vn 0.6313 0.4025 0.6629
vn 0.8730 0.0079 0.4876
vn 0.8280 0.2444 0.5047
vn 0.5357 0.5041 0.6774
vn 0.9303 0.0552 0.3627
vn 0.9483 0.1097 0.2978
vn 0.9370 0.1339 0.3228
vn 0.9590 0.1573 0.2357
vn 0.9142 0.0946 0.3941
vn 0.8721 0.0471 0.4871
vn 0.7801 -0.0630 0.6225
vn 0.6832 -0.2356 0.6911
vn 0.7475 -0.2124 0.6294
vn 0.7352 -0.3557 0.5771
vn 0.8805 -0.3066 0.3616
vn 0.9400 -0.2291 0.2528
vn 0.9534 -0.1971 0.2284
vn 0.8735 -0.2754 0.4014
vn 0.9244 -0.2133 0.3161
vn 0.7885 -0.2366 0.5677
vn 0.8755 -0.2130 0.4338
vn 0.9232 -0.1262 0.3630
vn 0.7557 -0.1495 0.6376
vn 0.8416 -0.1180 0.5270
vn 0.0472 -0.8335 -0.5504
vn -0.0000 -0.8345 -0.5511
vn 0.0079 -0.8589 -0.5121
vn -0.0000 -0.8121 -0.5835
vn -0.0472 -0.8335 -0.5504
vn -0.0079 -0.8589 -0.5121
vn 0.8944 0.1029 -0.4353
vn 0.8874 0.1099 -0.4476
vn 0.8808 0.0944 -0.4640
vn 0.8982 0.1103 -0.4255
vn 0.9042 0.0471 -0.4246
vn 0.8660 -0.0630 -0.4960
vn 0.9268 -0.1021 -0.3613
vn 0.8288 -0.1579 -0.5368
vn 0.9142 -0.1813 -0.3625
vn 0.6462 -0.2128 -0.7329
vn 0.7744 -0.2213 -0.5927
vn 0.8782 -0.2690 -0.3956
vn 0.6238 -0.1895 -0.7582
vn 0.3215 -0.2352 -0.9172
vn 0.7727 -0.2839 -0.5678
vn 0.8582 -0.2756 -0.4331
vn 0.5357 -0.2048 -0.8192
vn 0.8098 -0.3381 -0.4796
vn 0.8680 -0.3551 -0.3472
vn 0.7472 -0.4247 -0.5112
vn 0.5823 -0.3541 -0.7318
vn 0.4735 -0.3393 -0.8128
vn 0.5044 -0.3153 -0.8039
vn 0.3234 -0.3392 -0.8834
vn 0.3547 -0.2838 -0.8908
vn 0.2363 -0.3308 -0.9136
vn -0.0000 -0.3863 -0.9224
vn 0.3531 -0.1805 -0.9180
vn 0.2053 -0.2131 -0.9552
vn -0.0000 -0.3139 -0.9495
vn -0.0000 -0.1886 -0.9821
vn -0.0000 -0.2129 -0.9771
vn -0.3215 -0.2352 -0.9172
vn -0.0000 -0.2052 -0.9787
vn -0.2053 -0.2133 -0.9552
vn -0.2363 -0.3308 -0.9136
vn -0.3234 -0.3392 -0.8834
vn -0.3531 -0.1805 -0.9180
vn -0.5357 -0.2048 -0.8192
vn -0.6238 -0.1894 -0.7583
vn -0.6462 -0.2128 -0.7329
vn -0.5042 -0.3152 -0.8040
vn -0.8288 -0.1579 -0.5368
vn -0.8660 -0.0630 -0.4960
vn -0.7744 -0.2213 -0.5927
vn -0.9268 -0.1021 -0.3613
vn -0.9042 0.0471 -0.4246
vn -0.9142 -0.1813 -0.3625
vn -0.8944 0.1029 -0.4353
vn -0.8782 -0.2690 -0.3956
vn -0.8981 0.1105 -0.4256
vn -0.8874 0.1099 -0.4476
vn -0.8808 0.0944 -0.4640
vn -0.7727 -0.2839 -0.5677
vn -0.8581 -0.2757 -0.4332
vn -0.5823 -0.3541 -0.7318
vn -0.8098 -0.3381 -0.4796
vn -0.8680 -0.3552 -0.3471
vn -0.7472 -0.4247 -0.5112
vn -0.4735 -0.3393 -0.8128
vn -0.3548 -0.2838 -0.8908
vn -0.0002 -0.2351 -0.9720
vn -0.1657 0.0079 -0.9861
vn -0.0003 -0.0079 -1.0000
vn -0.1413 -0.2197 -0.9653
vn -0.1180 -0.4566 -0.8818
vn -0.0002 -0.4628 -0.8864
vn 0.0079 -0.9861 0.1657
vn -0.0000 -0.9995 0.0315
vn -0.0000 -0.9849 0.1733
vn -0.0000 -0.9518 0.3068
vn 0.0079 -0.9540 0.2996
vn -0.0000 0.6324 -0.7747
vn -0.2127 0.4495 -0.8676
vn -0.2904 0.5577 -0.7776
vn -0.0787 0.8031 -0.5906
vn -0.0002 0.8440 -0.5364
vn 0.1657 0.0079 -0.9861
vn 0.0002 -0.2351 -0.9720
vn 0.0003 -0.0079 -1.0000
vn 0.1413 -0.2197 -0.9653
vn 0.1180 -0.4566 -0.8818
vn 0.0002 -0.4628 -0.8864
vn -0.0079 -0.9861 0.1657
vn -0.0079 -0.9540 0.2996
vn 0.2127 0.4495 -0.8676
vn 0.2904 0.5577 -0.7776
vn 0.0787 0.8031 -0.5906
vn 0.0002 0.8440 -0.5364
vn 0.9660 -0.2435 0.0864
vn 0.9691 -0.2206 0.1103
vn 0.9758 -0.1889 0.1102
vn 0.9597 -0.2675 0.0865
vn 0.9530 -0.2678 0.1418
vn 0.9576 -0.2747 0.0863
vn 0.9522 -0.2990 0.0630
vn 0.9555 -0.2842 0.0789
vn 0.9539 -0.2917 0.0709
vn 0.9176 -0.3401 0.2057
vn 0.8846 -0.4107 0.2211
vn 0.8032 -0.4252 0.4173
vn 0.9337 -0.3217 0.1569
vn 0.9372 -0.3150 0.1496
vn 0.8112 -0.4096 0.4174
vn 0.5668 -0.5118 0.6456
vn 0.8439 -0.4022 0.3549
vn 0.8562 -0.3613 0.3692
vn 0.5190 -0.5426 0.6605
vn -0.0000 -0.6281 0.7781
vn 0.5669 -0.4803 0.6693
vn 0.4795 -0.4480 0.7546
vn -0.0000 -0.6150 0.7885
vn -0.0000 -0.5364 0.8440
vn -0.4795 -0.4480 0.7546
vn -0.5669 -0.4803 0.6693
vn -0.8562 -0.3613 0.3692
vn -0.5190 -0.5426 0.6605
vn -0.5668 -0.5118 0.6456
vn -0.8439 -0.4022 0.3549
vn -0.9372 -0.3150 0.1496
vn -0.8112 -0.4096 0.4174
vn -0.8032 -0.4252 0.4173
vn -0.9337 -0.3217 0.1570
vn -0.9539 -0.2917 0.0709
vn -0.9176 -0.3401 0.2057
vn -0.8845 -0.4107 0.2212
vn -0.9576 -0.2747 0.0863
vn -0.9555 -0.2843 0.0790
vn -0.9522 -0.2990 0.0630
vn -0.9597 -0.2675 0.0865
vn -0.9530 -0.2678 0.1418
vn -0.9660 -0.2435 0.0864
vn -0.9691 -0.2206 0.1103
vn -0.9758 -0.1888 0.1102
vn -0.0940 0.9012 -0.4232
vn 0.0157 0.9051 -0.4250
vn -0.0157 0.9020 -0.4314
vn -0.2518 0.8264 -0.5037
vn -0.0549 0.9036 -0.4248
vn -0.3544 0.7876 -0.5041
vn -0.4472 0.6668 -0.5962
vn -0.4663 0.6638 -0.5848
vn -0.8523 0.0472 -0.5208
vn -0.8422 0.0630 -0.5355
vn -0.7805 0.0552 -0.6228
vn -0.7735 0.0552 -0.6314
vn -0.8360 0.0710 -0.5442
vn -0.4875 -0.0236 -0.8728
vn -0.7876 0.0473 -0.6143
vn -0.4181 -0.0472 -0.9072
vn -0.0000 -0.1104 -0.9939
vn -0.2987 -0.0786 -0.9511
vn -0.9796 0.1342 0.1499
vn -0.9857 0.1025 0.1340
vn -0.9871 0.1342 0.0868
vn -0.9930 0.0709 0.0946
vn -0.9940 0.0947 0.0552
vn -0.9955 -0.0080 0.0948
vn -0.9928 0.0473 0.1103
vn -0.9960 -0.0236 0.0863
vn -0.9939 -0.1025 0.0394
vn -0.9970 -0.0314 0.0706
vn -0.9936 -0.1025 0.0473
vn -0.9810 -0.1805 0.0706
vn -0.9895 -0.1335 0.0549
vn -0.9772 -0.1970 0.0788
vn -0.9810 -0.1883 0.0471
vn -0.9685 -0.2047 0.1417
vn -0.9740 -0.1885 0.1257
vn -0.9594 -0.2438 0.1416
vn -0.9549 -0.2288 0.1894
vn -0.9438 -0.2596 0.2045
vn -0.9495 -0.2511 0.1883
vn -0.9583 -0.2435 0.1493
vn -0.9772 -0.1813 0.1103
vn -0.9790 -0.1184 0.1658
vn -0.9706 -0.1815 0.1578
vn -0.9810 -0.1020 0.1648
vn -0.9844 -0.0315 0.1733
vn -0.9810 -0.0706 0.1805
vn -0.9741 -0.0786 0.2121
vn -0.9744 -0.0943 0.2043
vn -0.9691 -0.0709 0.2363
vn -0.9786 -0.0158 0.2052
vn -0.9832 -0.0239 0.1809
vn -0.9718 -0.0553 0.2291
vn -0.9709 -0.0710 0.2289
vn -0.9735 -0.0628 0.2198
vn -0.9747 -0.0391 0.2202
vn -0.9772 -0.0552 0.2049
vn -0.9763 -0.0394 0.2126
vn -0.9782 -0.0313 0.2052
vn -0.9779 -0.0394 0.2053
vn -0.9792 -0.0474 0.1974
vn -0.9777 -0.0473 0.2048
vn 0.0940 0.9012 -0.4232
vn 0.0157 0.9020 -0.4314
vn -0.0158 0.9051 -0.4250
vn 0.2518 0.8264 -0.5037
vn 0.0549 0.9036 -0.4248
vn 0.3544 0.7876 -0.5041
vn 0.4471 0.6669 -0.5961
vn 0.4663 0.6638 -0.5848
vn 0.8422 0.0630 -0.5355
vn 0.8523 0.0472 -0.5208
vn 0.7805 0.0552 -0.6228
vn 0.7735 0.0552 -0.6314
vn 0.8360 0.0710 -0.5442
vn 0.4875 -0.0236 -0.8728
vn 0.7876 0.0473 -0.6143
vn 0.4181 -0.0474 -0.9072
vn 0.2987 -0.0786 -0.9511
vn 0.9857 0.1025 0.1340
vn 0.9795 0.1343 0.1500
vn 0.9871 0.1342 0.0868
vn 0.9930 0.0709 0.0946
vn 0.9940 0.0947 0.0552
vn 0.9955 -0.0079 0.0948
vn 0.9928 0.0473 0.1103
vn 0.9960 -0.0236 0.0863
vn 0.9939 -0.1025 0.0394
vn 0.9970 -0.0314 0.0706
vn 0.9936 -0.1025 0.0473
vn 0.9810 -0.1805 0.0706
vn 0.9895 -0.1335 0.0549
vn 0.9772 -0.1970 0.0788
vn 0.9810 -0.1883 0.0471
vn 0.9685 -0.2046 0.1417
vn 0.9740 -0.1885 0.1256
vn 0.9594 -0.2438 0.1416
vn 0.9549 -0.2288 0.1894
vn 0.9438 -0.2596 0.2045
vn 0.9495 -0.2511 0.1883
vn 0.9583 -0.2435 0.1493
vn 0.9772 -0.1813 0.1104
vn 0.9790 -0.1184 0.1658
vn 0.9706 -0.1815 0.1578
vn 0.9810 -0.1020 0.1648
vn 0.9844 -0.0315 0.1733
vn 0.9810 -0.0706 0.1805
vn 0.9741 -0.0787 0.2120
vn 0.9744 -0.0943 0.2043
vn 0.9691 -0.0709 0.2363
vn 0.9786 -0.0157 0.2052
vn 0.9832 -0.0238 0.1809
vn 0.9718 -0.0553 0.2291
vn 0.9708 -0.0710 0.2290
vn 0.9735 -0.0628 0.2198
vn 0.9747 -0.0391 0.2202
vn 0.9772 -0.0552 0.2049
vn 0.9763 -0.0394 0.2126
vn 0.9782 -0.0315 0.2051
vn 0.9779 -0.0394 0.2051
vn 0.9792 -0.0474 0.1974
vn 0.9776 -0.0473 0.2051
vn -0.9511 -0.0786 -0.2987
vn -0.9360 0.0631 -0.3462
vn -0.9361 0.0630 -0.3461
vn -0.9648 0.0712 -0.2531
vn -0.9841 -0.0394 -0.1732
vn -0.9369 -0.2047 -0.2835
vn -0.8966 -0.2438 -0.3697
vn -0.9032 -0.2435 -0.3534
vn 0.9360 0.0631 -0.3462
vn 0.9511 -0.0786 -0.2987
vn 0.9361 0.0629 -0.3461
vn 0.9648 0.0712 -0.2531
vn 0.9841 -0.0394 -0.1732
vn 0.9369 -0.2047 -0.2835
vn 0.8966 -0.2438 -0.3697
vn 0.9032 -0.2435 -0.3534
vn 0.9634 0.0632 0.2606
vn 0.9844 -0.0315 0.1732
vn 0.9678 0.0628 0.2439
vn 0.9785 -0.1420 0.1497
vn 0.9815 -0.1571 0.1099
vn 0.9768 -0.0630 0.2048
vn 0.9438 -0.0000 0.3304
vn 0.9723 -0.1803 0.1489
vn 0.9576 -0.0863 0.2747
vn 0.8993 -0.0552 0.4339
vn 0.8962 -0.2201 0.3852
vn 0.8647 -0.1494 0.4795
vn 0.7626 -0.1808 0.6211
vn 0.7429 -0.2608 0.6165
vn 0.7162 -0.3463 0.6060
vn 0.5981 -0.2676 0.7555
vn 0.5510 -0.3542 0.7556
vn 0.4809 -0.4809 0.7331
vn -0.0000 -0.3470 0.9379
vn -0.0000 -0.4876 0.8730
vn -0.0000 -0.5749 0.8182
vn -0.5510 -0.3542 0.7556
vn -0.5981 -0.2676 0.7555
vn -0.7162 -0.3463 0.6060
vn -0.7429 -0.2608 0.6165
vn -0.7626 -0.1808 0.6211
vn -0.8962 -0.2201 0.3852
vn -0.8647 -0.1494 0.4795
vn -0.8993 -0.0552 0.4339
vn -0.9576 -0.0863 0.2747
vn -0.9723 -0.1803 0.1490
vn -0.9438 -0.0000 0.3304
vn -0.9768 -0.0630 0.2048
vn -0.9815 -0.1571 0.1099
vn -0.9634 0.0632 0.2606
vn -0.9844 -0.0315 0.1732
vn -0.9784 -0.1420 0.1499
vn -0.9678 0.0630 0.2439
vn 0.9783 -0.0631 -0.1973
vn 0.9667 -0.1886 -0.1729
vn 0.8949 -0.1805 -0.4082
vn 0.9362 -0.2911 -0.1967
vn 0.8391 -0.2588 -0.4784
vn 0.8729 -0.0157 -0.4876
vn 0.5808 -0.2668 -0.7691
vn 0.6948 -0.1106 -0.7106
vn 0.6539 0.0158 -0.7564
vn 0.4322 -0.1022 -0.8960
vn 0.3144 -0.2358 -0.9196
vn 0.3691 0.0707 -0.9267
vn 0.2368 0.0315 -0.9710
vn 0.1963 0.1178 -0.9735
vn -0.0000 0.1259 -0.9920
vn -0.0000 0.1415 -0.9899
vn -0.1963 0.1178 -0.9735
vn -0.2368 0.0315 -0.9710
vn -0.3691 0.0707 -0.9267
vn -0.4322 -0.1022 -0.8960
vn -0.3144 -0.2358 -0.9196
vn -0.6539 0.0158 -0.7564
vn -0.5808 -0.2668 -0.7691
vn -0.6948 -0.1106 -0.7106
vn -0.8729 -0.0157 -0.4876
vn -0.8949 -0.1805 -0.4082
vn -0.8391 -0.2588 -0.4784
vn -0.9783 -0.0631 -0.1973
vn -0.9362 -0.2912 -0.1967
vn -0.9667 -0.1886 -0.1729
vn 1.0000 -0.0000 0.0079
vn 1.0000 0.0001 0.0078
vn 1.0000 -0.0000 -0.0000
vn -0.0000 -0.0000 1.0000
vn -0.9771 -0.0000 -0.2127
vn -0.9771 -0.0000 -0.2128
vn -0.9754 -0.0000 0.2202
vn -0.9755 0.0001 0.2202
vn -0.9754 -0.0000 0.2203
vn -1.0000 -0.0000 0.0079
vn -1.0000 0.0001 0.0078
vn -1.0000 -0.0000 -0.0000
vn -0.0000 -0.0000 -1.0000
vn 0.9771 -0.0000 -0.2128
vn 0.9754 -0.0000 0.2203
vn 0.9755 0.0001 0.2202
vn 0.9754 -0.0000 0.2202
vn 0.9755 0.0001 0.2201
vn -0.9771 -0.0000 0.2128
vn -1.0000 -0.0000 0.0078
vn 0.9771 -0.0000 0.2128
vt 0.678223 0.731934
vt 0.666504 0.737061
vt 0.672363 0.739014
vt 0.672363 0.725586
vt 0.706055 0.737305
vt 0.694336 0.731934
vt 0.700195 0.739258
vt 0.700195 0.725830
vt 0.882324 0.764160
vt 0.880859 0.789795
vt 0.903320 0.787354
vt 0.908203 0.766235
vt 0.888672 0.755615
vt 0.909180 0.755981
vt 0.912109 0.781982
vt 0.913574 0.769775
vt 0.084778 0.193359
vt 0.103210 0.229004
vt 0.095703 0.202148
vt 0.090393 0.190918
vt 0.107361 0.226562
vt 0.501465 0.485840
vt 0.514160 0.471191
vt 0.511230 0.464844
vt 0.505371 0.491699
vt 0.156616 0.229004
vt 0.164062 0.202148
vt 0.152466 0.226562
vt 0.175049 0.193359
vt 0.169434 0.190918
vt 0.468018 0.471191
vt 0.480713 0.485840
vt 0.470947 0.464844
vt 0.476807 0.491699
vt 0.449707 0.600830
vt 0.470459 0.598145
vt 0.466309 0.590576
vt 0.451904 0.612549
vt 0.481445 0.590576
vt 0.478271 0.581299
vt 0.206787 0.205078
vt 0.202515 0.231445
vt 0.209473 0.231934
vt 0.199341 0.201172
vt 0.207642 0.198730
vt 0.210938 0.202637
vt 0.296631 0.214355
vt 0.300293 0.220215
vt 0.304688 0.216309
vt 0.292969 0.217285
vt 0.290771 0.225098
vt 0.288330 0.221191
vt 0.286865 0.223145
vt 0.287842 0.228516
vt 0.249390 0.217773
vt 0.247314 0.226562
vt 0.250977 0.222656
vt 0.136108 0.616211
vt 0.153076 0.615723
vt 0.135864 0.600098
vt 0.152832 0.600342
vt 0.195190 0.545166
vt 0.197876 0.535889
vt 0.192017 0.534180
vt 0.068726 0.605225
vt 0.070068 0.620605
vt 0.078979 0.611572
vt 0.062042 0.617432
vt 0.373535 0.584473
vt 0.368164 0.582520
vt 0.371094 0.588379
vt 0.328369 0.292480
vt 0.335205 0.277832
vt 0.322510 0.259277
vt 0.334961 0.290527
vt 0.300049 0.252441
vt 0.318359 0.280762
vt 0.307373 0.247070
vt 0.200684 0.196777
vt 0.205566 0.193848
vt 0.880371 0.747314
vt 0.888672 0.746094
vt 0.909668 0.746826
vt 0.489258 0.588379
vt 0.489014 0.579102
vt 0.479248 0.289551
vt 0.470459 0.289551
vt 0.479248 0.292969
vt 0.468750 0.292480
vt 0.470947 0.250488
vt 0.479248 0.246582
vt 0.469482 0.246094
vt 0.479248 0.250488
vt 0.306396 0.207031
vt 0.298340 0.205078
vt 0.293213 0.205078
vt 0.288086 0.189453
vt 0.287842 0.207031
vt 0.293701 0.189453
vt 0.281006 0.229980
vt 0.280029 0.225098
vt 0.070862 0.633057
vt 0.079712 0.628662
vt 0.071411 0.626221
vt 0.079407 0.633545
vt 0.091675 0.634277
vt 0.091980 0.625732
vt 0.853516 0.767944
vt 0.856934 0.789062
vt 0.854004 0.785645
vt 0.406982 0.507568
vt 0.415771 0.504639
vt 0.404053 0.494141
vt 0.415771 0.482422
vt 0.407471 0.482422
vt 0.408447 0.466797
vt 0.417236 0.467773
vt 0.440430 0.610352
vt 0.444092 0.619873
vt 0.433594 0.620605
vt 0.437012 0.625244
vt 0.427979 0.626465
vt 0.429443 0.642090
vt 0.423584 0.641602
vt 0.416016 0.230957
vt 0.421875 0.228516
vt 0.418701 0.249512
vt 0.425293 0.271484
vt 0.421631 0.270508
vt 0.420654 0.306152
vt 0.425781 0.307129
vt 0.417969 0.342285
vt 0.423340 0.342773
vt 0.413086 0.393555
vt 0.406738 0.392578
vt 0.404297 0.423340
vt 0.397217 0.422363
vt 0.393311 0.439941
vt 0.386963 0.439941
vt 0.294189 0.203125
vt 0.294434 0.189453
vt 0.298340 0.200195
vt 0.298340 0.189453
vt 0.300781 0.197266
vt 0.300781 0.189453
vt 0.163940 0.602539
vt 0.169067 0.605469
vt 0.173584 0.612549
vt 0.143311 0.578369
vt 0.147339 0.577637
vt 0.146729 0.569824
vt 0.159424 0.575684
vt 0.159180 0.567383
vt 0.165283 0.567871
vt 0.166626 0.576416
vt 0.172363 0.569580
vt 0.187988 0.573975
vt 0.184814 0.581055
vt 0.379639 0.588623
vt 0.378906 0.592773
vt 0.387207 0.590820
vt 0.382324 0.574219
vt 0.397949 0.586914
vt 0.403076 0.581299
vt 0.408203 0.565186
vt 0.385742 0.554199
vt 0.404541 0.545166
vt 0.388428 0.534180
vt 0.399658 0.529053
vt 0.389648 0.518555
vt 0.126465 0.580078
vt 0.136475 0.579590
vt 0.133423 0.588623
vt 0.123474 0.588867
vt 0.130859 0.596436
vt 0.099060 0.598877
vt 0.103638 0.590088
vt 0.149536 0.593262
vt 0.153687 0.593506
vt 0.166138 0.593994
vt 0.173096 0.597900
vt 0.181274 0.606445
vt 0.101135 0.625977
vt 0.101074 0.634521
vt 0.115723 0.625732
vt 0.115906 0.634277
vt 0.147583 0.625244
vt 0.148438 0.633301
vt 0.761230 0.741211
vt 0.740723 0.732422
vt 0.743164 0.742676
vt 0.760742 0.731201
vt 0.774902 0.740234
vt 0.775391 0.729980
vt 0.792480 0.739258
vt 0.792480 0.729004
vt 0.802734 0.738525
vt 0.801270 0.729004
vt 0.814941 0.736816
vt 0.813965 0.728516
vt 0.826660 0.736572
vt 0.826660 0.727539
vt 0.838867 0.728516
vt 0.837891 0.736816
vt 0.852051 0.729004
vt 0.850586 0.738525
vt 0.860352 0.729004
vt 0.860352 0.739258
vt 0.877930 0.729980
vt 0.877930 0.740234
vt 0.892090 0.730957
vt 0.892090 0.740967
vt 0.912109 0.732178
vt 0.909668 0.742676
vt 0.659668 0.718750
vt 0.655273 0.734863
vt 0.662598 0.706543
vt 0.686523 0.707031
vt 0.686523 0.724609
vt 0.667969 0.691650
vt 0.686523 0.691895
vt 0.671875 0.684326
vt 0.710449 0.706787
vt 0.705078 0.691895
vt 0.713379 0.718994
vt 0.717285 0.735352
vt 0.701172 0.684326
vt 0.686523 0.684326
vt 0.694824 0.676270
vt 0.678711 0.676025
vt 0.686523 0.672607
vt 0.801758 0.687988
vt 0.792969 0.686523
vt 0.791992 0.690674
vt 0.801758 0.683594
vt 0.814453 0.683838
vt 0.813965 0.678711
vt 0.826660 0.681396
vt 0.826660 0.676514
vt 0.838867 0.678711
vt 0.838867 0.683838
vt 0.851562 0.683350
vt 0.851074 0.687988
vt 0.859863 0.686523
vt 0.860840 0.690674
vt 0.773926 0.683105
vt 0.774414 0.678711
vt 0.754883 0.683350
vt 0.755371 0.678955
vt 0.736328 0.684570
vt 0.736816 0.679932
vt 0.879395 0.683105
vt 0.878418 0.678711
vt 0.897949 0.683350
vt 0.897461 0.678711
vt 0.916504 0.684570
vt 0.916504 0.679932
vt 0.115173 0.230469
vt 0.115540 0.227539
vt 0.126099 0.231934
vt 0.129883 0.227539
vt 0.129883 0.232910
vt 0.133667 0.231934
vt 0.144287 0.227539
vt 0.144653 0.230469
vt 0.549805 0.604248
vt 0.560059 0.614258
vt 0.558594 0.606445
vt 0.559570 0.588867
vt 0.539551 0.597656
vt 0.547363 0.579590
vt 0.527832 0.592041
vt 0.567871 0.569092
vt 0.529785 0.569580
vt 0.554199 0.562256
vt 0.574707 0.552979
vt 0.560547 0.545654
vt 0.509766 0.586182
vt 0.534668 0.554199
vt 0.541504 0.537354
vt 0.523926 0.536133
vt 0.520020 0.550781
vt 0.505859 0.539551
vt 0.516113 0.565674
vt 0.506348 0.563232
vt 0.500000 0.575684
vt 0.506836 0.547852
vt 0.489990 0.561768
vt 0.489746 0.573975
vt 0.479492 0.575195
vt 0.490234 0.546143
vt 0.490479 0.538330
vt 0.475098 0.538818
vt 0.473633 0.562744
vt 0.468994 0.585449
vt 0.473877 0.547363
vt 0.463379 0.564697
vt 0.460449 0.549561
vt 0.457031 0.534912
vt 0.449707 0.567871
vt 0.450928 0.590576
vt 0.445312 0.552490
vt 0.439209 0.535400
vt 0.419922 0.542969
vt 0.426025 0.559814
vt 0.405762 0.549805
vt 0.411865 0.565918
vt 0.431885 0.577393
vt 0.419189 0.586182
vt 0.438721 0.595703
vt 0.428467 0.601807
vt 0.419678 0.603760
vt 0.417725 0.611328
vt 0.559082 0.511963
vt 0.574219 0.510010
vt 0.566406 0.505127
vt 0.558105 0.506104
vt 0.539062 0.512939
vt 0.538574 0.507812
vt 0.522461 0.517090
vt 0.521484 0.510742
vt 0.505371 0.515869
vt 0.505859 0.521973
vt 0.490967 0.521973
vt 0.490967 0.516113
vt 0.476562 0.515869
vt 0.476318 0.521729
vt 0.459717 0.516846
vt 0.460449 0.510498
vt 0.443604 0.507568
vt 0.443115 0.512695
vt 0.424072 0.505615
vt 0.422852 0.511719
vt 0.407959 0.509521
vt 0.555176 0.459473
vt 0.564941 0.468262
vt 0.573242 0.464844
vt 0.554199 0.466309
vt 0.535645 0.459961
vt 0.535645 0.467285
vt 0.501465 0.252930
vt 0.507812 0.267090
vt 0.507324 0.249512
vt 0.503418 0.268555
vt 0.505859 0.286133
vt 0.500977 0.285156
vt 0.497070 0.295410
vt 0.499512 0.299805
vt 0.488037 0.307129
vt 0.487549 0.313965
vt 0.479004 0.314453
vt 0.479004 0.307129
vt 0.470215 0.307617
vt 0.470703 0.314453
vt 0.458496 0.300293
vt 0.460693 0.295410
vt 0.451660 0.286133
vt 0.456543 0.285645
vt 0.454102 0.269043
vt 0.449219 0.267578
vt 0.455322 0.252930
vt 0.449707 0.250000
vt 0.499268 0.246094
vt 0.496094 0.249023
vt 0.504395 0.240723
vt 0.508789 0.243652
vt 0.513184 0.248535
vt 0.583496 0.480957
vt 0.581055 0.465820
vt 0.573730 0.467285
vt 0.574707 0.482910
vt 0.585938 0.492676
vt 0.578125 0.494629
vt 0.575195 0.508057
vt 0.566406 0.482910
vt 0.427246 0.459473
vt 0.409180 0.464355
vt 0.428223 0.465820
vt 0.446777 0.459961
vt 0.446533 0.466797
vt 0.457764 0.246094
vt 0.461182 0.249023
vt 0.452393 0.241211
vt 0.447998 0.244141
vt 0.443604 0.249023
vt 0.398926 0.480469
vt 0.401367 0.465332
vt 0.396240 0.492188
vt 0.223999 0.374023
vt 0.217041 0.386719
vt 0.223145 0.388672
vt 0.218750 0.375000
vt 0.224487 0.354004
vt 0.219971 0.354980
vt 0.222656 0.335938
vt 0.216553 0.335938
vt 0.214233 0.292969
vt 0.207764 0.293945
vt 0.204712 0.261230
vt 0.212036 0.261230
vt 0.353516 0.219238
vt 0.363281 0.228027
vt 0.363281 0.219727
vt 0.349365 0.227051
vt 0.347900 0.214355
vt 0.343262 0.219727
vt 0.339111 0.206543
vt 0.333252 0.210938
vt 0.263184 0.219727
vt 0.262207 0.224121
vt 0.244141 0.255859
vt 0.250488 0.252441
vt 0.242798 0.251953
vt 0.251709 0.255859
vt 0.263184 0.247559
vt 0.264160 0.250977
vt 0.176147 0.586182
vt 0.166138 0.581055
vt 0.158936 0.580566
vt 0.149170 0.582520
vt 0.145996 0.583252
vt 0.142090 0.482422
vt 0.135742 0.481445
vt 0.137085 0.497070
vt 0.142822 0.495605
vt 0.148315 0.483887
vt 0.148682 0.495117
vt 0.167358 0.497559
vt 0.165283 0.508057
vt 0.185425 0.518066
vt 0.182007 0.521729
vt 0.124634 0.602783
vt 0.122009 0.616211
vt 0.111084 0.605957
vt 0.111450 0.616455
vt 0.155518 0.623047
vt 0.166504 0.631592
vt 0.164795 0.621582
vt 0.156738 0.632812
vt 0.086792 0.588867
vt 0.086121 0.605713
vt 0.075195 0.596924
vt 0.221680 0.394531
vt 0.215088 0.393555
vt 0.219482 0.403320
vt 0.209473 0.410645
vt 0.217407 0.412109
vt 0.216797 0.422852
vt 0.209961 0.424316
vt 0.221069 0.435059
vt 0.213989 0.439941
vt 0.231567 0.444824
vt 0.226196 0.451660
vt 0.242065 0.454590
vt 0.235474 0.460449
vt 0.259766 0.467285
vt 0.252441 0.473633
vt 0.375244 0.520996
vt 0.381104 0.535645
vt 0.383789 0.520752
vt 0.373535 0.535889
vt 0.379150 0.553955
vt 0.371094 0.554199
vt 0.377197 0.571777
vt 0.369385 0.571777
vt 0.261719 0.188477
vt 0.243286 0.206543
vt 0.261230 0.206543
vt 0.243896 0.185547
vt 0.224854 0.201660
vt 0.224121 0.185547
vt 0.297119 0.246582
vt 0.302002 0.232910
vt 0.292480 0.237305
vt 0.686523 0.731689
vt 0.853027 0.748535
vt 0.848145 0.785278
vt 0.847656 0.767578
vt 0.834961 0.783447
vt 0.847168 0.748535
vt 0.834961 0.766479
vt 0.834473 0.748535
vt 0.079712 0.193359
vt 0.082825 0.227539
vt 0.101990 0.259277
vt 0.084045 0.261230
vt 0.100037 0.293457
vt 0.080872 0.295410
vt 0.115540 0.259277
vt 0.113281 0.293945
vt 0.125488 0.259766
vt 0.123230 0.292969
vt 0.129883 0.259766
vt 0.129883 0.292969
vt 0.134277 0.259766
vt 0.129883 0.332031
vt 0.144287 0.259277
vt 0.136597 0.292969
vt 0.157837 0.259277
vt 0.146606 0.293945
vt 0.137329 0.333008
vt 0.177002 0.227539
vt 0.180176 0.193359
vt 0.175781 0.261230
vt 0.159790 0.293457
vt 0.178955 0.295410
vt 0.149292 0.334961
vt 0.174194 0.337402
vt 0.190918 0.338867
vt 0.163452 0.336426
vt 0.181641 0.361328
vt 0.198853 0.356934
vt 0.166626 0.363770
vt 0.188232 0.381348
vt 0.208130 0.376465
vt 0.150146 0.365234
vt 0.191895 0.394043
vt 0.213013 0.391113
vt 0.165405 0.399414
vt 0.178223 0.411621
vt 0.138306 0.365234
vt 0.162964 0.430664
vt 0.176880 0.424316
vt 0.180420 0.437500
vt 0.129883 0.364258
vt 0.167847 0.449219
vt 0.198730 0.455566
vt 0.122437 0.333008
vt 0.184570 0.465820
vt 0.213135 0.466797
vt 0.110474 0.334961
vt 0.121460 0.365234
vt 0.129883 0.397461
vt 0.109741 0.365234
vt 0.137939 0.398926
vt 0.121887 0.398926
vt 0.129883 0.433105
vt 0.148804 0.399414
vt 0.138794 0.432617
vt 0.149048 0.432129
vt 0.147705 0.466797
vt 0.138062 0.465820
vt 0.129883 0.465332
vt 0.137939 0.474609
vt 0.129883 0.475098
vt 0.145142 0.476074
vt 0.121704 0.465820
vt 0.121887 0.474609
vt 0.170776 0.481934
vt 0.167969 0.491211
vt 0.207764 0.484375
vt 0.198975 0.500000
vt 0.194946 0.507568
vt 0.238525 0.483398
vt 0.221924 0.515869
vt 0.215942 0.520996
vt 0.239990 0.499512
vt 0.247925 0.483887
vt 0.121033 0.432617
vt 0.111023 0.399414
vt 0.110779 0.432129
vt 0.112061 0.466797
vt 0.114624 0.476074
vt 0.094360 0.399414
vt 0.088989 0.481934
vt 0.091797 0.491211
vt 0.091919 0.449219
vt 0.060883 0.500000
vt 0.064941 0.507568
vt 0.075256 0.465820
vt 0.037872 0.515869
vt 0.043915 0.520996
vt 0.052124 0.484375
vt 0.019791 0.499512
vt 0.021317 0.483398
vt 0.011940 0.483887
vt 0.046692 0.466797
vt 0.061127 0.455566
vt 0.079407 0.437500
vt 0.096863 0.430664
vt 0.082947 0.424316
vt 0.081543 0.411621
vt 0.067871 0.394043
vt 0.051758 0.376465
vt 0.046844 0.391113
vt 0.071533 0.381348
vt 0.061005 0.356934
vt 0.093140 0.363770
vt 0.078125 0.361328
vt 0.068909 0.338867
vt 0.096313 0.336426
vt 0.085632 0.337402
vt 0.491211 0.493164
vt 0.491211 0.486816
vt 0.515137 0.265625
vt 0.517090 0.284180
vt 0.521484 0.315430
vt 0.507812 0.319824
vt 0.523438 0.348145
vt 0.510254 0.352539
vt 0.534180 0.392090
vt 0.496338 0.323730
vt 0.520020 0.398438
vt 0.541992 0.416016
vt 0.499023 0.356934
vt 0.527344 0.420898
vt 0.549316 0.433105
vt 0.530762 0.434082
vt 0.510254 0.424316
vt 0.513672 0.440430
vt 0.504883 0.401855
vt 0.490723 0.427246
vt 0.492676 0.451660
vt 0.490234 0.403320
vt 0.480225 0.427734
vt 0.488037 0.325684
vt 0.489014 0.359375
vt 0.479980 0.403809
vt 0.479248 0.325684
vt 0.479492 0.359375
vt 0.469971 0.359375
vt 0.469482 0.403809
vt 0.469482 0.427246
vt 0.470215 0.325684
vt 0.459961 0.356934
vt 0.461914 0.323730
vt 0.454590 0.402344
vt 0.450684 0.320312
vt 0.448730 0.353027
vt 0.436523 0.316406
vt 0.440430 0.284668
vt 0.435059 0.348633
vt 0.425537 0.393066
vt 0.442139 0.266113
vt 0.439697 0.398926
vt 0.417969 0.416992
vt 0.449951 0.424805
vt 0.432617 0.421387
vt 0.411133 0.434082
vt 0.429443 0.435059
vt 0.446533 0.440918
vt 0.467773 0.452148
vt 0.479248 0.272461
vt 0.470215 0.271973
vt 0.272949 0.206055
vt 0.273682 0.189453
vt 0.174072 0.630615
vt 0.172363 0.619141
vt 0.179688 0.624512
vt 0.181274 0.629883
vt 0.736328 0.674072
vt 0.755859 0.670654
vt 0.740723 0.661133
vt 0.756836 0.657471
vt 0.773438 0.667480
vt 0.775879 0.652832
vt 0.793457 0.671387
vt 0.795410 0.659180
vt 0.795410 0.646973
vt 0.802734 0.669678
vt 0.803223 0.656738
vt 0.804199 0.645508
vt 0.814941 0.668213
vt 0.815430 0.652832
vt 0.816406 0.642334
vt 0.826660 0.667969
vt 0.826660 0.652100
vt 0.826660 0.641846
vt 0.836426 0.642334
vt 0.837891 0.652832
vt 0.848633 0.645508
vt 0.837891 0.668213
vt 0.849609 0.656738
vt 0.857422 0.646973
vt 0.850098 0.669678
vt 0.857910 0.659180
vt 0.877441 0.652832
vt 0.859375 0.671387
vt 0.879395 0.667480
vt 0.895996 0.657227
vt 0.896973 0.670654
vt 0.912109 0.660889
vt 0.916504 0.673828
vt 0.226807 0.522461
vt 0.226196 0.529785
vt 0.234131 0.522949
vt 0.243530 0.505127
vt 0.248169 0.511963
vt 0.241333 0.503906
vt 0.246460 0.487793
vt 0.255371 0.493164
vt 0.333252 0.228027
vt 0.344727 0.240234
vt 0.333496 0.245117
vt 0.346191 0.260254
vt 0.350830 0.247559
vt 0.352539 0.268066
vt 0.362305 0.248535
vt 0.361328 0.268555
vt 0.247437 0.275879
vt 0.255615 0.277344
vt 0.251221 0.297363
vt 0.263916 0.278809
vt 0.260254 0.299316
vt 0.255127 0.321289
vt 0.269043 0.301270
vt 0.265137 0.322754
vt 0.261475 0.353027
vt 0.274902 0.324219
vt 0.272461 0.355957
vt 0.262695 0.367188
vt 0.283447 0.356934
vt 0.274170 0.368652
vt 0.264404 0.383301
vt 0.285400 0.375000
vt 0.275146 0.383789
vt 0.288086 0.387695
vt 0.274414 0.396973
vt 0.290039 0.399414
vt 0.289795 0.410156
vt 0.261475 0.395020
vt 0.271729 0.400391
vt 0.283203 0.421387
vt 0.264648 0.411133
vt 0.253418 0.404785
vt 0.244629 0.390625
vt 0.235107 0.396484
vt 0.257080 0.421875
vt 0.273682 0.435547
vt 0.247070 0.413574
vt 0.230347 0.400391
vt 0.228027 0.406250
vt 0.242065 0.420898
vt 0.225952 0.417480
vt 0.234741 0.431152
vt 0.250488 0.432129
vt 0.244019 0.442383
vt 0.263672 0.449219
vt 0.258057 0.457520
vt 0.466797 0.270508
vt 0.466797 0.290039
vt 0.462646 0.269043
vt 0.467773 0.247559
vt 0.738281 0.709473
vt 0.757324 0.707764
vt 0.774902 0.707764
vt 0.791992 0.708008
vt 0.801758 0.708008
vt 0.813965 0.707764
vt 0.826660 0.707520
vt 0.838867 0.707764
vt 0.851074 0.708008
vt 0.860840 0.707764
vt 0.877930 0.707520
vt 0.895508 0.707764
vt 0.914551 0.709473
vt 0.556641 0.485352
vt 0.538086 0.489258
vt 0.521973 0.490234
vt 0.460449 0.489746
vt 0.444092 0.488770
vt 0.425781 0.485352
vt 0.828613 0.243164
vt 0.828613 0.262207
vt 0.812500 0.262207
vt 0.812500 0.243164
vt 0.828613 0.275391
vt 0.829102 0.286133
vt 0.817871 0.286133
vt 0.817871 0.275391
vt 0.827637 0.229980
vt 0.812012 0.229980
vt 0.811523 0.220215
vt 0.826660 0.220215
vt 0.765625 0.262207
vt 0.765625 0.243164
vt 0.784668 0.286133
vt 0.784668 0.275391
vt 0.766602 0.229980
vt 0.767578 0.220215
s 1
usemtl Leg
f 1045/278/715 1046/279/715 1047/280/715
f 1048/279/716 1049/278/717 1050/281/717
f 1051/282/718 1052/283/718 1053/284/718
f 1054/283/719 1055/282/720 1056/285/719
f 1057/286/721 1058/287/721 1059/288/721
f 1060/286/722 1061/288/722 1062/289/722
f 1063/289/723 1064/290/723 1065/286/723
f 1066/290/724 1067/289/724 1068/291/724
f 1069/289/725 1070/288/725 1071/292/725
f 1072/289/726 1073/292/727 1074/293/727
f 1075/286/728 1076/288/729 1077/287/728
f 1078/288/730 1079/286/730 1080/289/731
f 1081/290/732 1082/289/732 1083/286/733
f 1084/289/734 1085/290/735 1086/291/734
f 1087/288/736 1088/289/736 1089/292/736
f 1090/292/737 1091/289/737 1092/293/737
f 1093/294/738 1094/295/738 1095/296/738
f 1096/296/739 1097/297/739 1098/294/740
f 1099/298/741 1100/296/741 1101/295/742
f 1102/299/743 1103/300/744 1104/301/743
f 1105/300/745 1106/299/745 1107/302/745
f 1108/303/746 1109/304/747 1110/305/746
f 1111/303/748 1112/306/748 1113/304/748
f 1114/304/749 1115/306/749 1116/307/749
f 1117/308/750 1118/309/750 1119/310/750
f 1120/309/751 1121/308/751 1122/311/751
f 1123/312/752 1124/313/753 1125/314/752
f 1126/313/754 1127/312/754 1128/315/754
f 1129/314/755 1130/316/755 1131/317/755
f 1132/316/756 1133/314/756 1134/313/756
f 1135/318/757 1136/319/757 1137/320/757
f 1138/319/758 1139/318/759 1140/321/759
f 1141/318/760 1142/322/760 1143/321/760
f 1144/322/761 1145/318/761 1146/323/761
f 1147/324/762 1148/325/763 1149/326/762
f 1150/325/764 1151/324/764 1152/327/764
f 1153/327/765 1154/328/765 1155/325/765
f 1156/328/766 1157/327/766 1158/329/766
f 1159/328/767 1160/330/767 1161/331/768
f 1162/328/769 1163/329/769 1164/330/770
f 1165/332/771 1166/333/771 1167/334/772
f 1168/335/773 1169/336/774 1170/337/775
f 1171/337/773 1172/336/774 1173/338/774
f 1174/339/776 1175/340/776 1176/341/776
f 1177/342/777 1178/343/777 1179/344/777
f 1180/343/778 1181/342/778 1182/345/778
f 1183/346/779 1184/347/780 1185/348/781
f 1186/349/782 1187/350/782 1188/351/782
f 1189/350/783 1190/349/783 1191/352/783
f 1192/353/784 1193/354/785 1194/351/786
f 1195/349/787 1196/351/787 1197/354/788
f 1198/355/789 1199/353/789 1200/351/789
f 1201/322/790 1202/356/791 1203/321/791
f 1204/356/792 1205/322/792 1206/357/792
f 1207/313/793 1208/312/793 1209/314/793
f 1210/312/794 1211/313/795 1212/315/794
f 1213/316/796 1214/314/796 1215/317/796
f 1216/314/797 1217/316/798 1218/313/798
f 1219/318/799 1220/319/799 1221/321/800
f 1222/319/801 1223/318/801 1224/320/801
f 1225/318/802 1226/321/802 1227/322/803
f 1228/322/804 1229/323/805 1230/318/804
f 1231/324/806 1232/325/806 1233/327/806
f 1234/325/807 1235/324/807 1236/326/807
f 1237/328/808 1238/327/808 1239/325/808
f 1240/327/809 1241/328/810 1242/329/811
f 1243/328/812 1244/330/813 1245/329/813
f 1246/328/814 1247/331/814 1248/330/814
f 1249/332/815 1250/334/815 1251/333/815
f 1252/335/816 1253/337/817 1254/336/816
f 1255/337/816 1256/338/817 1257/336/817
f 1258/339/818 1259/341/818 1260/340/818
f 1261/343/819 1262/342/819 1263/344/819
f 1264/342/820 1265/343/820 1266/345/820
f 1267/346/821 1268/348/821 1269/347/821
f 1270/349/822 1271/351/822 1272/350/822
f 1273/349/823 1274/350/823 1275/352/823
f 1276/354/824 1277/353/825 1278/351/826
f 1279/351/827 1280/349/827 1281/354/824
f 1282/355/828 1283/351/828 1284/353/828
f 1285/322/829 1286/321/830 1287/356/829
f 1288/322/831 1289/356/831 1290/357/831
f 1291/358/832 1292/290/833 1293/359/834
f 1292/290/833 1291/358/832 1294/286/835
f 1295/359/836 1296/291/837 1297/360/838
f 1296/291/837 1295/359/836 1298/290/839
f 1299/290/833 1300/358/832 1301/359/840
f 1300/358/832 1299/290/833 1302/286/835
f 1303/359/836 1304/291/841 1305/290/842
f 1304/291/841 1303/359/836 1306/360/838
f 1307/361/843 1308/317/844 1309/316/845
f 1308/317/844 1307/361/843 1310/362/846
f 1311/363/847 1312/364/848 1313/365/847
f 1314/366/849 1313/365/847 1312/364/848
f 1315/367/850 1316/368/851 1317/369/852
f 1316/368/851 1315/367/850 1318/370/851
f 1319/324/853 1320/371/853 1321/372/853
f 1320/371/853 1319/324/853 1322/326/853
f 1323/373/854 1324/374/855 1325/375/856
f 1324/374/855 1323/373/854 1326/376/855
f 1327/377/857 1328/330/858 1329/378/859
f 1328/330/858 1327/377/857 1330/331/860
f 1331/379/861 1332/380/862 1333/381/863
f 1332/380/862 1331/379/861 1334/382/864
f 1335/383/865 1336/380/866 1337/382/867
f 1336/380/866 1335/383/865 1338/384/865
f 1339/361/843 1340/317/868 1341/362/846
f 1340/317/868 1339/361/843 1342/316/869
f 1343/365/870 1344/366/871 1345/364/872
f 1343/365/870 1345/364/872 1346/363/870
f 1347/368/851 1348/367/873 1349/369/874
f 1348/367/873 1347/368/851 1350/370/851
f 1351/324/853 1352/372/875 1353/371/853
f 1351/324/853 1353/371/853 1354/326/853
f 1355/374/876 1356/373/877 1357/375/878
f 1356/373/877 1355/374/876 1358/376/876
f 1359/377/879 1360/330/880 1361/331/881
f 1360/330/880 1359/377/879 1362/378/882
f 1363/379/883 1364/381/864 1365/380/863
f 1363/379/883 1365/380/863 1366/382/863
f 1367/380/865 1368/383/865 1369/382/865
f 1368/383/865 1367/380/865 1370/384/865
f 1371/287/884 1372/286/885 1373/385/886
f 1373/385/886 1374/386/887 1371/287/884
f 1373/385/886 1375/387/888 1374/386/887
f 1380/388/889 1381/389/890 1382/390/891
f 1383/391/892 1382/390/891 1381/389/890
f 1382/390/891 1383/391/892 1384/392/893
f 1383/391/892 1385/393/894 1384/392/893
f 1385/393/894 1383/391/892 1386/394/895
f 1387/315/896 1388/312/754 1389/395/897
f 1389/395/897 1390/396/898 1387/315/896
f 1391/397/899 1390/396/898 1389/395/897
f 1390/396/898 1391/397/899 1392/398/900
f 1392/398/900 1391/397/899 1393/399/901
f 1393/399/901 1394/400/902 1392/398/900
f 1394/400/902 1393/399/901 1395/401/903
f 1396/402/904 1397/403/905 1398/404/906
f 1397/403/905 1399/405/907 1398/404/906
f 1399/405/907 1400/406/908 1398/404/906
f 1399/405/907 1401/407/909 1400/406/908
f 1401/407/909 1399/405/907 1402/408/910
f 1402/408/910 1403/409/911 1401/407/909
f 1403/409/911 1402/408/910 1404/410/912
f 1404/410/912 1405/411/913 1403/409/911
f 1406/412/914 1403/409/911 1405/411/913
f 1405/411/913 1407/413/915 1406/412/914
f 1408/414/916 1406/412/914 1407/413/915
f 1409/415/917 1408/414/916 1407/413/915
f 1410/416/918 1408/414/916 1409/415/917
f 1411/376/919 1412/373/920 1413/417/921
f 1411/376/919 1413/417/921 1414/418/922
f 1414/418/922 1413/417/921 1415/419/923
f 1414/418/922 1415/419/923 1416/420/924
f 1417/421/925 1416/420/924 1415/419/923
f 1416/420/924 1417/421/925 1418/422/925
f 1419/423/926 1420/338/926 1421/336/926
f 1419/423/926 1421/336/926 1422/424/926
f 1421/336/926 1423/425/926 1422/424/926
f 1424/426/927 1425/427/928 1426/428/929
f 1427/429/930 1426/428/929 1425/427/928
f 1426/428/929 1427/429/930 1428/430/931
f 1429/431/932 1428/430/931 1427/429/930
f 1430/432/933 1429/431/932 1427/429/930
f 1430/432/933 1431/433/934 1429/431/932
f 1430/432/933 1432/434/935 1431/433/934
f 1432/434/935 1430/432/933 1433/435/936
f 1434/436/937 1435/437/938 1436/438/939
f 1434/436/937 1436/438/939 1437/439/940
f 1438/440/941 1437/439/940 1436/438/939
f 1437/439/940 1438/440/941 1439/441/942
f 1440/442/943 1437/439/940 1439/441/942
f 1440/442/943 1441/443/944 1437/439/940
f 1441/443/944 1440/442/943 1442/444/945
f 1442/444/945 1443/445/946 1441/443/944
f 1443/445/946 1442/444/945 1444/446/947
f 1445/447/948 1443/445/946 1444/446/947
f 1446/422/925 1447/421/925 1448/420/924
f 1449/419/923 1448/420/924 1447/421/925
f 1448/420/924 1449/419/923 1450/418/922
f 1451/417/949 1450/418/922 1449/419/923
f 1451/417/949 1452/376/919 1450/418/922
f 1453/373/950 1452/376/919 1451/417/949
f 1454/448/951 1455/449/952 1456/450/953
f 1457/451/954 1454/448/951 1456/450/953
f 1457/451/954 1456/450/953 1458/452/955
f 1458/452/955 1459/453/956 1457/451/954
f 1457/451/954 1459/453/956 1460/454/957
f 1461/337/958 1462/455/959 1463/338/960
f 1462/455/959 1464/456/961 1463/338/960
f 1464/456/961 1465/423/962 1463/338/960
f 1465/423/962 1464/456/961 1466/457/963
f 1465/423/962 1466/457/963 1467/424/964
f 1468/458/965 1467/424/964 1466/457/963
f 1469/459/966 1467/424/964 1468/458/965
f 1467/424/964 1469/459/966 1470/425/967
f 1471/383/968 1472/384/968 1473/460/969
f 1471/383/968 1473/460/969 1474/461/970
f 1474/461/970 1473/460/969 1475/462/971
f 1474/461/970 1475/462/971 1476/463/972
f 1477/464/973 1476/463/972 1475/462/971
f 1476/463/972 1477/464/973 1478/465/974
f 1479/447/975 1480/446/976 1481/445/977
f 1482/444/978 1481/445/977 1480/446/976
f 1481/445/977 1482/444/978 1483/443/979
f 1484/442/980 1483/443/979 1482/444/978
f 1483/443/979 1484/442/980 1485/439/981
f 1484/442/980 1486/441/982 1485/439/981
f 1487/440/983 1485/439/981 1486/441/982
f 1485/439/981 1487/440/983 1488/438/984
f 1489/436/985 1485/439/981 1488/438/984
f 1489/436/985 1488/438/984 1490/437/986
f 1491/466/987 1492/467/988 1493/468/989
f 1492/467/988 1491/466/987 1494/469/990
f 1495/470/991 1494/469/990 1491/466/987
f 1494/469/990 1495/470/991 1496/471/992
f 1497/472/993 1496/471/992 1495/470/991
f 1496/471/992 1497/472/993 1498/473/994
f 1499/474/995 1498/473/994 1497/472/993
f 1498/473/994 1499/474/995 1500/475/996
f 1501/476/997 1500/475/996 1499/474/995
f 1500/475/996 1501/476/997 1502/477/998
f 1503/478/999 1502/477/998 1501/476/997
f 1502/477/998 1503/478/999 1504/479/999
f 1503/478/999 1505/480/1000 1504/479/999
f 1505/480/1000 1503/478/999 1506/481/1001
f 1506/481/1001 1507/482/1002 1505/480/1000
f 1507/482/1002 1506/481/1001 1508/483/1003
f 1509/484/1004 1507/482/1002 1508/483/1003
f 1508/483/1003 1510/485/1005 1509/484/1004
f 1510/485/1005 1511/486/1006 1509/484/1004
f 1511/486/1006 1510/485/1005 1512/487/1007
f 1513/488/1008 1511/486/1006 1512/487/1007
f 1513/488/1008 1512/487/1007 1514/489/1009
f 1514/489/1009 1515/490/1010 1513/488/1008
f 1515/490/1010 1514/489/1009 1516/491/1011
f 1517/492/1012 1518/493/1013 1519/279/1014
f 1520/281/1015 1517/492/1012 1519/279/1014
f 1520/281/1015 1521/494/1016 1517/492/1012
f 1521/494/1016 1520/281/1015 1522/495/1016
f 1522/495/1016 1520/281/1015 1523/496/1015
f 1522/495/1016 1524/497/1017 1521/494/1016
f 1525/285/1015 1522/495/1016 1523/496/1015
f 1524/497/1017 1522/495/1016 1526/498/1017
f 1526/498/1017 1527/499/1018 1524/497/1017
f 1522/495/1016 1525/285/1015 1528/500/1018
f 1522/495/1016 1529/501/1019 1526/498/1017
f 1529/501/1019 1522/495/1016 1528/500/1018
f 1528/500/1018 1525/285/1015 1530/502/1020
f 1531/282/1014 1530/502/1020 1525/285/1015
f 1530/502/1020 1531/282/1014 1532/503/1021
f 1533/504/1022 1526/498/1017 1529/501/1019
f 1527/499/1018 1526/498/1017 1534/505/1023
f 1526/498/1017 1533/504/1022 1534/505/1023
f 1535/506/1014 1534/505/1023 1533/504/1022
f 1534/505/1023 1536/507/1014 1527/499/1018
f 1534/505/1023 1535/506/1014 1537/508/1024
f 1536/507/1014 1534/505/1023 1537/508/1024
f 1538/509/1025 1539/510/1026 1540/511/1027
f 1539/510/1026 1538/509/1025 1541/512/1028
f 1542/513/1029 1541/512/1028 1538/509/1025
f 1541/512/1028 1542/513/1029 1543/514/1030
f 1544/515/1031 1543/514/1030 1542/513/1029
f 1543/514/1030 1544/515/1031 1545/516/1032
f 1544/515/1031 1546/517/1033 1545/516/1032
f 1546/517/1033 1544/515/1031 1547/518/1034
f 1547/518/1034 1548/519/1035 1546/517/1033
f 1548/519/1035 1547/518/1034 1549/520/1036
f 1549/520/1036 1550/521/1037 1548/519/1035
f 1550/521/1037 1549/520/1036 1551/522/1038
f 1552/523/1039 1553/511/1040 1554/510/1041
f 1554/510/1041 1555/524/1042 1552/523/1039
f 1556/525/1043 1552/523/1039 1555/524/1042
f 1555/524/1042 1557/526/1044 1556/525/1043
f 1557/526/1044 1558/527/1045 1556/525/1043
f 1557/526/1044 1559/528/1046 1558/527/1045
f 1560/522/1047 1561/529/1048 1562/521/1049
f 1563/530/1050 1562/521/1049 1561/529/1048
f 1561/529/1048 1564/531/1051 1563/530/1050
f 1565/532/1052 1563/530/1050 1564/531/1051
f 1564/531/1051 1566/533/1053 1565/532/1052
f 1567/534/1054 1565/532/1052 1566/533/1053
f 1568/385/1055 1569/386/1056 1570/387/1057
f 1568/385/1055 1571/287/1058 1569/386/1056
f 1571/287/1058 1568/385/1055 1572/286/1059
f 1587/295/1060 1588/535/1061 1589/298/1062
f 1589/298/1062 1588/535/1061 1590/536/1063
f 1591/537/1064 1590/536/1063 1588/535/1061
f 1592/538/1065 1590/536/1063 1591/537/1064
f 1592/538/1065 1591/537/1064 1593/539/1066
f 1592/538/1065 1593/539/1066 1594/540/1067
f 1595/541/1068 1592/538/1065 1594/540/1067
f 1594/540/1067 1596/542/1069 1595/541/1068
f 1597/305/1070 1595/541/1068 1596/542/1069
f 1596/542/1069 1598/303/1071 1597/305/1070
f 1599/543/1072 1600/544/1073 1601/545/1074
f 1602/546/1075 1599/543/1072 1601/545/1074
f 1602/546/1075 1603/547/1076 1599/543/1072
f 1603/547/1076 1602/546/1075 1604/548/1077
f 1604/548/1077 1605/549/1078 1603/547/1076
f 1606/550/1079 1604/548/1077 1602/546/1075
f 1605/549/1078 1604/548/1077 1607/551/1080
f 1608/552/1081 1607/551/1080 1604/548/1077
f 1604/548/1077 1606/550/1079 1608/552/1081
f 1609/553/1082 1608/552/1081 1606/550/1079
f 1608/552/1081 1609/553/1082 1610/554/1083
f 1607/551/1080 1611/555/1084 1605/549/1078
f 1610/554/1083 1612/556/1085 1608/552/1081
f 1608/552/1081 1612/556/1085 1607/551/1080
f 1612/556/1085 1610/554/1083 1613/557/1086
f 1613/557/1086 1614/558/1087 1612/556/1085
f 1612/556/1085 1615/559/1088 1607/551/1080
f 1614/558/1087 1615/559/1088 1612/556/1085
f 1616/560/1089 1615/559/1088 1614/558/1087
f 1611/555/1084 1607/551/1080 1617/561/1090
f 1615/559/1088 1617/561/1090 1607/551/1080
f 1611/555/1084 1617/561/1090 1618/562/1091
f 1618/562/1091 1619/563/1092 1611/555/1084
f 1617/561/1090 1620/564/1093 1618/562/1091
f 1615/559/1088 1616/560/1089 1620/564/1093
f 1620/564/1093 1617/561/1090 1615/559/1088
f 1619/563/1092 1618/562/1091 1621/565/1094
f 1620/564/1093 1621/565/1094 1618/562/1091
f 1622/566/1095 1619/563/1092 1621/565/1094
f 1621/565/1094 1623/567/1096 1622/566/1095
f 1621/565/1094 1620/564/1093 1624/568/1097
f 1616/560/1089 1624/568/1097 1620/564/1093
f 1624/568/1097 1616/560/1089 1625/569/1098
f 1626/570/1099 1624/568/1097 1625/569/1098
f 1623/567/1096 1621/565/1094 1627/571/1100
f 1627/571/1100 1628/572/1101 1623/567/1096
f 1621/565/1094 1629/573/1102 1627/571/1100
f 1624/568/1097 1626/570/1099 1629/573/1102
f 1629/573/1102 1621/565/1094 1624/568/1097
f 1628/572/1101 1627/571/1100 1630/574/1103
f 1629/573/1102 1630/574/1103 1627/571/1100
f 1630/574/1103 1629/573/1102 1631/575/1104
f 1626/570/1099 1631/575/1104 1629/573/1102
f 1631/575/1104 1626/570/1099 1632/576/1105
f 1631/575/1104 1633/577/1106 1630/574/1103
f 1628/572/1101 1630/574/1103 1633/577/1106
f 1628/572/1101 1633/577/1106 1634/578/1107
f 1632/576/1105 1635/579/1108 1631/575/1104
f 1635/579/1108 1633/577/1106 1631/575/1104
f 1636/580/1109 1635/579/1108 1632/576/1105
f 1637/581/1110 1635/579/1108 1636/580/1109
f 1638/582/1111 1633/577/1106 1635/579/1108
f 1635/579/1108 1637/581/1110 1638/582/1111
f 1639/583/1112 1638/582/1111 1637/581/1110
f 1638/582/1111 1639/583/1112 1640/584/1113
f 1640/584/1113 1641/585/1114 1638/582/1111
f 1634/578/1107 1633/577/1106 1641/585/1114
f 1638/582/1111 1641/585/1114 1633/577/1106
f 1640/584/1113 1642/586/1115 1641/585/1114
f 1641/585/1114 1643/587/1116 1634/578/1107
f 1642/586/1115 1643/587/1116 1641/585/1114
f 1643/587/1116 1642/586/1115 1644/588/1117
f 1642/586/1115 1645/589/1118 1644/588/1117
f 1644/588/1117 1645/589/1118 1646/590/1119
f 1647/591/1120 1648/592/1121 1649/593/1122
f 1649/593/1122 1650/594/1123 1647/591/1120
f 1650/594/1123 1651/595/1124 1647/591/1120
f 1650/594/1123 1652/596/1125 1651/595/1124
f 1653/597/1126 1651/595/1124 1652/596/1125
f 1652/596/1125 1654/598/1127 1653/597/1126
f 1655/599/1128 1653/597/1126 1654/598/1127
f 1653/597/1126 1655/599/1128 1656/600/1128
f 1657/601/1129 1656/600/1128 1655/599/1128
f 1657/601/1129 1655/599/1128 1658/602/1130
f 1658/602/1130 1659/603/1131 1657/601/1129
f 1660/604/1131 1657/601/1129 1659/603/1131
f 1659/603/1131 1661/605/1132 1660/604/1131
f 1661/605/1132 1659/603/1131 1662/606/1133
f 1662/606/1133 1663/607/1134 1661/605/1132
f 1661/605/1132 1663/607/1134 1664/608/1135
f 1665/609/1136 1664/608/1135 1663/607/1134
f 1664/608/1135 1665/609/1136 1666/610/1137
f 1667/389/1138 1666/610/1137 1665/609/1136
f 1666/610/1137 1667/389/1138 1668/611/1139
f 1669/612/1140 1670/613/1141 1671/614/1142
f 1670/613/1141 1669/612/1140 1672/615/1143
f 1673/616/1144 1672/615/1143 1669/612/1140
f 1672/615/1143 1673/616/1144 1674/617/1145
f 1673/616/1144 1675/300/1146 1674/617/1145
f 1675/300/1146 1673/616/1144 1676/301/1147
f 1677/618/1148 1678/619/1149 1679/620/1150
f 1678/619/1149 1677/618/1148 1680/621/1151
f 1680/621/1151 1681/622/1152 1678/619/1149
f 1681/622/1152 1680/621/1151 1682/623/1153
f 1683/624/1154 1681/622/1152 1682/623/1153
f 1681/622/1152 1683/624/1154 1684/625/1155
f 1685/626/1156 1684/625/1155 1683/624/1154
f 1686/627/1157 1684/625/1155 1685/626/1156
f 1685/626/1156 1687/628/1158 1686/627/1157
f 1688/629/1159 1687/628/1158 1685/626/1156
f 1688/629/1159 1689/630/1160 1687/628/1158
f 1689/630/1160 1690/631/1161 1687/628/1158
f 1691/632/1162 1690/631/1161 1689/630/1160
f 1689/630/1160 1692/633/1163 1691/632/1162
f 1692/633/1163 1693/634/1164 1691/632/1162
f 1693/634/1164 1692/633/1163 1694/635/1165
f 1695/636/1166 1693/634/1164 1694/635/1165
f 1693/634/1164 1695/636/1166 1696/637/1167
f 1697/638/1168 1696/637/1167 1695/636/1166
f 1696/637/1167 1697/638/1168 1698/639/1169
f 1699/640/1170 1700/641/1171 1701/618/1172
f 1702/620/1173 1699/640/1170 1701/618/1172
f 1699/640/1170 1702/620/1173 1703/642/1174
f 1703/642/1174 1702/620/1173 1704/643/1175
f 1704/643/1175 1702/620/1173 1705/644/1176
f 1706/645/1177 1707/646/1178 1708/647/1179
f 1708/647/1179 1709/648/1180 1706/645/1177
f 1709/648/1180 1710/649/1181 1706/645/1177
f 1710/649/1181 1709/648/1180 1711/650/1182
f 1712/651/1183 1713/650/1184 1714/593/1185
f 1713/650/1184 1715/652/1186 1714/593/1185
f 1715/652/1186 1713/650/1184 1716/648/1187
f 1717/647/1188 1715/652/1186 1716/648/1187
f 1715/652/1186 1717/647/1188 1718/613/1189
f 1719/394/1190 1720/653/1191 1721/654/1192
f 1720/653/1191 1719/394/1190 1722/655/1193
f 1722/655/1193 1723/656/1194 1720/653/1191
f 1723/656/1194 1722/655/1193 1724/657/1195
f 1725/308/1196 1723/656/1194 1724/657/1195
f 1726/310/1197 1723/656/1194 1725/308/1196
f 1727/658/1198 1728/638/1199 1729/659/1200
f 1728/638/1199 1727/658/1198 1730/639/1201
f 1727/658/1198 1731/660/1202 1730/639/1201
f 1731/660/1202 1732/661/1203 1730/639/1201
f 1732/661/1203 1733/662/1204 1730/639/1201
f 1734/663/1205 1735/393/918 1736/664/1206
f 1737/392/1207 1735/393/918 1734/663/1205
f 1737/392/1207 1734/663/1205 1738/665/1208
f 1739/390/1209 1737/392/1207 1738/665/1208
f 1740/666/1210 1741/667/1211 1742/668/1212
f 1741/667/1211 1740/666/1210 1743/669/1213
f 1740/666/1210 1744/670/1214 1743/669/1213
f 1745/671/1215 1743/669/1213 1744/670/1214
f 1746/672/1216 1745/671/1215 1744/670/1214
f 1745/671/1215 1746/672/1216 1747/673/1217
f 1748/674/1218 1747/673/1217 1746/672/1216
f 1747/673/1217 1748/674/1218 1749/675/1219
f 1750/676/1220 1749/675/1219 1748/674/1218
f 1748/674/1218 1751/677/1221 1750/676/1220
f 1752/320/1222 1750/676/1220 1751/677/1221
f 1753/319/1223 1750/676/1220 1752/320/1222
f 1754/678/1224 1755/679/1159 1756/680/1225
f 1755/679/1159 1754/678/1224 1757/681/1226
f 1757/681/1226 1754/678/1224 1758/682/1227
f 1757/681/1226 1758/682/1227 1759/683/1228
f 1760/684/1229 1759/683/1228 1758/682/1227
f 1759/683/1228 1760/684/1229 1761/685/1230
f 1762/334/1231 1763/686/1232 1764/332/1233
f 1763/686/1232 1762/334/1231 1765/687/1234
f 1766/378/1235 1763/686/1232 1765/687/1234
f 1765/687/1234 1767/377/1236 1766/378/1235
f 1768/688/1237 1769/689/1238 1770/690/1239
f 1769/689/1238 1768/688/1237 1771/691/1240
f 1771/691/1240 1772/692/1241 1769/689/1238
f 1772/692/1241 1771/691/1240 1773/693/1242
f 1774/432/1243 1775/694/1244 1776/435/1245
f 1775/694/1244 1774/432/1243 1777/695/1246
f 1774/432/1243 1778/429/1247 1777/695/1246
f 1778/429/1247 1779/696/1248 1777/695/1246
f 1780/427/1249 1779/696/1248 1778/429/1247
f 1779/696/1248 1780/427/1249 1781/697/926
f 1782/698/1250 1781/697/926 1780/427/1249
f 1780/427/1249 1783/426/1250 1782/698/1250
f 1784/699/1251 1785/700/1252 1786/701/1253
f 1784/699/1251 1786/701/1253 1787/702/1254
f 1788/703/1255 1784/699/1251 1787/702/1254
f 1788/703/1255 1787/702/1254 1789/704/1256
f 1789/704/1256 1790/705/1257 1788/703/1255
f 1790/705/1257 1789/704/1256 1791/706/1258
f 1792/707/1259 1790/705/1257 1791/706/1258
f 1791/706/1258 1793/708/1260 1792/707/1259
f 1793/708/1260 1794/341/1261 1792/707/1259
f 1795/340/1262 1792/707/1259 1794/341/1261
f 1796/709/1263 1797/335/1264 1798/337/1265
f 1799/710/1266 1797/335/1264 1796/709/1263
f 1796/709/1263 1800/711/1267 1799/710/1266
f 1799/710/1266 1800/711/1267 1801/712/1268
f 1802/464/1269 1803/463/972 1804/465/974
f 1803/463/972 1802/464/1269 1805/462/1270
f 1805/462/1270 1806/461/970 1803/463/972
f 1806/461/970 1805/462/1270 1807/460/969
f 1807/460/969 1808/383/1271 1806/461/970
f 1808/383/1271 1807/460/969 1809/384/1271
f 1810/448/1272 1811/450/1273 1812/449/1274
f 1813/451/1275 1811/450/1273 1810/448/1272
f 1813/451/1275 1814/452/1276 1811/450/1273
f 1814/452/1276 1813/451/1275 1815/453/1277
f 1813/451/1275 1816/454/1278 1815/453/1277
f 1817/713/1279 1818/714/1280 1819/715/1281
f 1818/714/1280 1817/713/1279 1820/716/1282
f 1821/464/1283 1820/716/1282 1817/713/1279
f 1820/716/1282 1821/464/1283 1822/465/1284
f 1823/717/1285 1824/453/1286 1825/454/1287
f 1824/453/1286 1823/717/1285 1826/718/1288
f 1827/719/1289 1826/718/1288 1823/717/1285
f 1828/342/1290 1826/718/1288 1827/719/1289
f 1826/718/1288 1828/342/1290 1829/344/1291
f 1830/337/1292 1831/338/1293 1832/455/1294
f 1832/455/1294 1831/338/1293 1833/456/1295
f 1834/423/1296 1833/456/1295 1831/338/1293
f 1833/456/1295 1834/423/1296 1835/457/1297
f 1835/457/1297 1834/423/1296 1836/424/1298
f 1835/457/1297 1836/424/1298 1837/458/1299
f 1836/424/1298 1838/459/1300 1837/458/1299
f 1838/459/1300 1836/424/1298 1839/425/1301
f 1840/667/1302 1841/720/1303 1842/668/1304
f 1841/720/1303 1840/667/1302 1843/721/1305
f 1844/722/1306 1841/720/1303 1843/721/1305
f 1843/721/1305 1845/723/1307 1844/722/1306
f 1844/722/1306 1845/723/1307 1846/724/1308
f 1845/723/1307 1847/725/1309 1846/724/1308
f 1845/723/1307 1848/726/1310 1847/725/1309
f 1848/726/1310 1849/727/1311 1847/725/1309
f 1849/727/1311 1848/726/1310 1850/728/1312
f 1850/728/1312 1851/729/1313 1849/727/1311
f 1850/728/1312 1852/730/1314 1851/729/1313
f 1853/731/1315 1851/729/1313 1852/730/1314
f 1852/730/1314 1854/732/1316 1853/731/1315
f 1855/733/1317 1853/731/1315 1854/732/1316
f 1854/732/1316 1856/734/1318 1855/733/1317
f 1857/735/1319 1858/736/1320 1859/737/1321
f 1858/736/1320 1857/735/1319 1860/738/1322
f 1860/738/1322 1861/739/1323 1858/736/1320
f 1861/739/1323 1860/738/1322 1862/740/1324
f 1862/740/1324 1863/741/1323 1861/739/1323
f 1863/741/1323 1862/740/1324 1864/742/1325
f 1864/742/1325 1865/346/1326 1863/741/1323
f 1865/346/1326 1864/742/1325 1866/347/1327
f 1867/743/1328 1868/744/1329 1869/745/1330
f 1868/744/1329 1867/743/1328 1870/746/1331
f 1870/746/1331 1871/747/1332 1868/744/1329
f 1871/747/1332 1870/746/1331 1872/748/1333
f 1873/749/1334 1874/353/1335 1875/355/1336
f 1876/750/1337 1873/749/1334 1875/355/1336
f 1873/749/1334 1876/750/1337 1877/751/1338
f 1878/399/1339 1879/400/1340 1880/401/1341
f 1879/400/1340 1878/399/1339 1881/398/1342
f 1881/398/1342 1878/399/1339 1882/397/1343
f 1882/397/1343 1883/396/1344 1881/398/1342
f 1883/396/1344 1882/397/1343 1884/395/1345
f 1884/395/1345 1885/315/1346 1883/396/1344
f 1885/315/1346 1884/395/1345 1886/312/1346
f 1887/667/1347 1888/666/1348 1889/668/1349
f 1888/666/1348 1887/667/1347 1890/669/1350
f 1890/669/1350 1891/670/1351 1888/666/1348
f 1890/669/1350 1892/671/1352 1891/670/1351
f 1892/671/1352 1893/672/1353 1891/670/1351
f 1892/671/1352 1894/673/1354 1893/672/1353
f 1894/673/1354 1895/674/1355 1893/672/1353
f 1895/674/1355 1894/673/1354 1896/675/1356
f 1897/676/1357 1895/674/1355 1896/675/1356
f 1895/674/1355 1897/676/1357 1898/677/1358
f 1899/320/1359 1898/677/1358 1897/676/1357
f 1897/676/1357 1900/319/1360 1899/320/1359
f 1901/414/1361 1902/416/1179 1903/415/1362
f 1903/415/1362 1904/413/1363 1901/414/1361
f 1904/413/1363 1905/412/1364 1901/414/1361
f 1905/412/1364 1904/413/1363 1906/411/1365
f 1906/411/1365 1907/409/1366 1905/412/1364
f 1907/409/1366 1906/411/1365 1908/410/1367
f 1909/408/1368 1907/409/1366 1908/410/1367
f 1907/409/1366 1909/408/1368 1910/407/1369
f 1911/405/1370 1910/407/1369 1909/408/1368
f 1910/407/1369 1911/405/1370 1912/406/1371
f 1911/405/1370 1913/404/1372 1912/406/1371
f 1914/403/1373 1913/404/1372 1911/405/1370
f 1915/402/1374 1913/404/1372 1914/403/1373
f 1916/678/1375 1917/680/1376 1918/679/1159
f 1918/679/1159 1919/681/1377 1916/678/1375
f 1919/681/1377 1920/682/1378 1916/678/1375
f 1920/682/1378 1919/681/1377 1921/683/1379
f 1921/683/1379 1922/684/1380 1920/682/1378
f 1922/684/1380 1921/683/1379 1923/685/1381
f 1924/686/1382 1925/334/1383 1926/332/1384
f 1925/334/1383 1924/686/1382 1927/687/1385
f 1928/378/1386 1927/687/1385 1924/686/1382
f 1929/377/1387 1927/687/1385 1928/378/1386
f 1930/690/1388 1931/689/1389 1932/688/1390
f 1931/689/1389 1933/691/1391 1932/688/1390
f 1931/689/1389 1934/692/1392 1933/691/1391
f 1933/691/1391 1934/692/1392 1935/693/1393
f 1936/694/1244 1937/432/1394 1938/435/1395
f 1937/432/1394 1936/694/1244 1939/695/1396
f 1939/695/1396 1940/429/1397 1937/432/1394
f 1940/429/1397 1939/695/1396 1941/696/1398
f 1941/696/1398 1942/427/1398 1940/429/1397
f 1942/427/1398 1941/696/1398 1943/697/926
f 1944/698/926 1942/427/1398 1943/697/926
f 1945/426/926 1942/427/1398 1944/698/926
f 1946/699/1399 1947/701/1253 1948/700/1252
f 1947/701/1253 1946/699/1399 1949/702/1400
f 1950/703/1401 1949/702/1400 1946/699/1399
f 1949/702/1400 1950/703/1401 1951/704/1402
f 1952/705/1403 1951/704/1402 1950/703/1401
f 1951/704/1402 1952/705/1403 1953/706/1404
f 1952/705/1403 1954/707/1405 1953/706/1404
f 1955/708/1406 1953/706/1404 1954/707/1405
f 1956/341/1407 1955/708/1406 1954/707/1405
f 1954/707/1405 1957/340/1408 1956/341/1407
f 1958/423/926 1959/336/926 1960/338/926
f 1958/423/926 1961/424/926 1959/336/926
f 1959/336/926 1961/424/926 1962/425/926
f 1963/709/1409 1964/337/1410 1965/335/1411
f 1966/710/1412 1963/709/1409 1965/335/1411
f 1966/710/1412 1967/711/1413 1963/709/1409
f 1967/711/1413 1966/710/1412 1968/712/1414
f 1969/714/1280 1970/713/1415 1971/715/1416
f 1970/713/1415 1969/714/1280 1972/716/1282
f 1972/716/1282 1973/464/1417 1970/713/1415
f 1973/464/1417 1972/716/1282 1974/465/1418
f 1975/717/1419 1976/454/1420 1977/453/1421
f 1977/453/1421 1978/718/1422 1975/717/1419
f 1978/718/1422 1979/719/1423 1975/717/1419
f 1978/718/1422 1980/342/1424 1979/719/1423
f 1980/342/1424 1978/718/1422 1981/344/1425
f 1982/426/1426 1983/428/1427 1984/427/1428
f 1983/428/1427 1985/429/1429 1984/427/1428
f 1985/429/1429 1983/428/1427 1986/430/1430
f 1987/431/1431 1985/429/1429 1986/430/1430
f 1988/432/1432 1985/429/1429 1987/431/1431
f 1988/432/1432 1987/431/1431 1989/433/1433
f 1990/434/1434 1988/432/1432 1989/433/1433
f 1988/432/1432 1990/434/1434 1991/435/1435
f 1992/668/1436 1993/720/1437 1994/667/1438
f 1995/721/1439 1994/667/1438 1993/720/1437
f 1996/722/1440 1995/721/1439 1993/720/1437
f 1995/721/1439 1996/722/1440 1997/723/1441
f 1996/722/1440 1998/724/1442 1997/723/1441
f 1998/724/1442 1999/725/1443 1997/723/1441
f 1997/723/1441 1999/725/1443 2000/726/1444
f 2001/727/1445 2000/726/1444 1999/725/1443
f 2000/726/1444 2001/727/1445 2002/728/1446
f 2003/729/1447 2002/728/1446 2001/727/1445
f 2004/730/1448 2002/728/1446 2003/729/1447
f 2003/729/1447 2005/731/1449 2004/730/1448
f 2006/732/1450 2004/730/1448 2005/731/1449
f 2005/731/1449 2007/733/1451 2006/732/1450
f 2008/734/1452 2006/732/1450 2007/733/1451
f 2009/736/1453 2010/735/1454 2011/737/1455
f 2010/735/1454 2009/736/1453 2012/738/1456
f 2013/739/1457 2012/738/1456 2009/736/1453
f 2012/738/1456 2013/739/1457 2014/740/1458
f 2015/741/1457 2014/740/1458 2013/739/1457
f 2014/740/1458 2015/741/1457 2016/742/1459
f 2017/346/1460 2016/742/1459 2015/741/1457
f 2016/742/1459 2017/346/1460 2018/347/1461
f 2019/744/1462 2020/743/1328 2021/745/1463
f 2019/744/1462 2022/746/1331 2020/743/1328
f 2023/747/1464 2022/746/1331 2019/744/1462
f 2022/746/1331 2023/747/1464 2024/748/1333
f 2025/749/1465 2026/355/1466 2027/353/1467
f 2028/750/1468 2026/355/1466 2025/749/1465
f 2025/749/1465 2029/751/1338 2028/750/1468
f 2030/278/1469 2031/496/1470 2032/281/1471
f 2031/496/1470 2030/278/1469 2033/752/1472
f 2031/496/1470 2033/752/1472 2034/283/1473
f 2035/285/1474 2031/496/1470 2034/283/1473
f 2036/753/1475 2037/286/1476 2038/358/1477
f 2036/753/1475 2039/385/1478 2037/286/1476
f 2039/385/1478 2040/754/1479 2041/387/1480
f 2040/754/1479 2039/385/1478 2042/755/1481
f 2036/753/1475 2042/755/1481 2039/385/1478
f 2042/755/1481 2043/756/1482 2040/754/1479
f 2042/755/1481 2036/753/1475 2044/757/1483
f 2043/756/1482 2042/755/1481 2045/758/1484
f 2044/757/1483 2045/758/1484 2042/755/1481
f 2045/758/1484 2044/757/1483 2046/759/1485
f 2047/286/1486 2048/753/1487 2049/358/1488
f 2048/753/1487 2047/286/1486 2050/385/1489
f 2051/754/1490 2050/385/1489 2052/387/1491
f 2050/385/1489 2051/754/1490 2053/755/1492
f 2053/755/1492 2048/753/1487 2050/385/1489
f 2054/756/1493 2053/755/1492 2051/754/1490
f 2048/753/1487 2053/755/1492 2055/757/1494
f 2056/758/1495 2055/757/1494 2053/755/1492
f 2053/755/1492 2054/756/1493 2056/758/1495
f 2055/757/1494 2056/758/1495 2057/759/1496
f 2060/760/1497 2061/761/1498 2062/294/1499
f 2061/761/1498 2063/295/1500 2062/294/1499
f 2061/761/1498 2064/762/1501 2063/295/1500
f 2064/762/1501 2061/761/1498 2065/763/1502
f 2064/762/1501 2066/535/1503 2063/295/1500
f 2067/764/1504 2064/762/1501 2065/763/1502
f 2067/764/1504 2065/763/1502 2068/765/1505
f 2066/535/1503 2064/762/1501 2069/766/1506
f 2069/766/1506 2070/537/1507 2066/535/1503
f 2071/767/1508 2064/762/1501 2067/764/1504
f 2064/762/1501 2071/767/1508 2069/766/1506
f 2070/537/1507 2069/766/1506 2072/768/1509
f 2072/768/1509 2073/539/1510 2070/537/1507
f 2069/766/1506 2074/769/1511 2072/768/1509
f 2074/769/1511 2069/766/1506 2071/767/1508
f 2073/539/1510 2072/768/1509 2075/770/1512
f 2076/771/1513 2072/768/1509 2074/769/1511
f 2072/768/1509 2076/771/1513 2075/770/1512
f 2076/771/1513 2077/772/1514 2075/770/1512
f 2077/772/1514 2073/539/1510 2075/770/1512
f 2073/539/1510 2077/772/1514 2078/540/1515
f 2079/773/1516 2076/771/1513 2074/769/1511
f 2080/774/1517 2078/540/1515 2077/772/1514
f 2078/540/1515 2080/774/1517 2081/542/1518
f 2080/774/1517 2077/772/1514 2082/775/1519
f 2079/773/1516 2082/775/1519 2076/771/1513
f 2082/775/1519 2077/772/1514 2076/771/1513
f 2083/776/1520 2081/542/1518 2080/774/1517
f 2081/542/1518 2083/776/1520 2084/303/1521
f 2085/777/1522 2080/774/1517 2082/775/1519
f 2085/777/1522 2083/776/1520 2080/774/1517
f 2086/778/1523 2085/777/1522 2082/775/1519
f 2086/778/1523 2082/775/1519 2079/773/1516
f 2083/776/1520 2087/779/1524 2084/303/1521
f 2087/779/1524 2088/306/1525 2084/303/1521
f 2089/780/1526 2088/306/1525 2087/779/1524
f 2087/779/1524 2083/776/1520 2090/781/1527
f 2083/776/1520 2091/782/1528 2090/781/1527
f 2091/782/1528 2083/776/1520 2085/777/1522
f 2092/783/1529 2090/781/1527 2091/782/1528
f 2085/777/1522 2086/778/1523 2093/784/1530
f 2093/784/1530 2091/782/1528 2085/777/1522
f 2091/782/1528 2094/785/1531 2092/783/1529
f 2095/786/1532 2092/783/1529 2094/785/1531
f 2096/787/1533 2094/785/1531 2091/782/1528
f 2096/787/1533 2091/782/1528 2093/784/1530
f 2094/785/1531 2097/788/1534 2095/786/1532
f 2097/788/1534 2098/789/1535 2095/786/1532
f 2094/785/1531 2099/790/1536 2097/788/1534
f 2099/790/1536 2094/785/1531 2096/787/1533
f 2100/791/1537 2098/789/1535 2097/788/1534
f 2099/790/1536 2100/791/1537 2097/788/1534
f 2098/789/1535 2100/791/1537 2101/792/1538
f 2093/784/1530 2102/793/1539 2096/787/1533
f 2102/793/1539 2099/790/1536 2096/787/1533
f 2103/794/1540 2101/792/1538 2100/791/1537
f 2101/792/1538 2103/794/1540 2104/795/1541
f 2105/796/1542 2103/794/1540 2100/791/1537
f 2102/793/1539 2105/796/1542 2099/790/1536
f 2100/791/1537 2099/790/1536 2105/796/1542
f 2103/794/1540 2105/796/1542 2106/797/1543
f 2107/798/1544 2093/784/1530 2086/778/1523
f 2093/784/1530 2107/798/1544 2102/793/1539
f 2105/796/1542 2108/799/1545 2106/797/1543
f 2106/797/1543 2108/799/1545 2109/800/1546
f 2108/799/1545 2110/801/1547 2109/800/1546
f 2111/802/1548 2086/778/1523 2079/773/1516
f 2107/798/1544 2086/778/1523 2111/802/1548
f 2110/801/1547 2108/799/1545 2112/803/1549
f 2112/803/1549 2113/804/1550 2110/801/1547
f 2074/769/1511 2114/805/1551 2079/773/1516
f 2071/767/1508 2114/805/1551 2074/769/1511
f 2114/805/1551 2111/802/1548 2079/773/1516
f 2113/804/1550 2112/803/1549 2115/806/1552
f 2116/807/1553 2113/804/1550 2115/806/1552
f 2114/805/1551 2071/767/1508 2117/808/1554
f 2117/808/1554 2071/767/1508 2067/764/1504
f 2117/808/1554 2118/809/1555 2114/805/1551
f 2111/802/1548 2114/805/1551 2118/809/1555
f 2119/810/1331 2107/798/1544 2111/802/1548
f 2119/810/1331 2111/802/1548 2118/809/1555
f 2118/809/1555 2117/808/1554 2120/811/1556
f 2121/812/1557 2107/798/1544 2119/810/1331
f 2121/812/1557 2102/793/1539 2107/798/1544
f 2120/811/1556 2122/813/1558 2118/809/1555
f 2118/809/1555 2122/813/1558 2119/810/1331
f 2122/813/1558 2123/814/1559 2119/810/1331
f 2123/814/1559 2121/812/1557 2119/810/1331
f 2105/796/1542 2102/793/1539 2124/815/1560
f 2102/793/1539 2121/812/1557 2124/815/1560
f 2125/816/1561 2124/815/1560 2121/812/1557
f 2125/816/1561 2121/812/1557 2123/814/1559
f 2124/815/1560 2125/816/1561 2126/817/1562
f 2108/799/1545 2105/796/1542 2126/817/1562
f 2126/817/1562 2112/803/1549 2108/799/1545
f 2126/817/1562 2105/796/1542 2124/815/1560
f 2126/817/1562 2127/818/1563 2112/803/1549
f 2127/818/1563 2115/806/1552 2112/803/1549
f 2127/818/1563 2126/817/1562 2128/819/1564
f 2128/819/1564 2126/817/1562 2125/816/1561
f 2128/819/1564 2125/816/1561 2129/820/1565
f 2129/820/1565 2125/816/1561 2123/814/1559
f 2130/821/1566 2127/818/1563 2128/819/1564
f 2131/822/1567 2130/821/1566 2128/819/1564
f 2131/822/1567 2128/819/1564 2129/820/1565
f 2127/818/1563 2130/821/1566 2132/823/1568
f 2133/824/1569 2131/822/1567 2129/820/1565
f 2131/822/1567 2133/824/1569 2134/825/1570
f 2115/806/1552 2127/818/1563 2135/826/1571
f 2135/826/1571 2127/818/1563 2132/823/1568
f 2132/823/1568 2136/827/1572 2135/826/1571
f 2116/807/1553 2115/806/1552 2137/828/1573
f 2135/826/1571 2137/828/1573 2115/806/1552
f 2137/828/1573 2135/826/1571 2138/829/1574
f 2138/829/1574 2135/826/1571 2136/827/1572
f 2138/829/1574 2136/827/1572 2139/830/1575
f 2137/828/1573 2140/831/1576 2116/807/1553
f 2141/832/1577 2138/829/1574 2139/830/1575
f 2141/832/1577 2137/828/1573 2138/829/1574
f 2141/832/1577 2139/830/1575 2142/833/1578
f 2140/831/1576 2137/828/1573 2143/834/1579
f 2137/828/1573 2141/832/1577 2143/834/1579
f 2144/835/1580 2140/831/1576 2143/834/1579
f 2129/820/1565 2123/814/1559 2145/836/1581
f 2145/836/1581 2133/824/1569 2129/820/1565
f 2123/814/1559 2122/813/1558 2145/836/1581
f 2122/813/1558 2120/811/1556 2146/837/1582
f 2146/837/1582 2145/836/1581 2122/813/1558
f 2145/836/1581 2146/837/1582 2147/838/1583
f 2133/824/1569 2145/836/1581 2147/838/1583
f 2147/838/1583 2148/839/1584 2133/824/1569
f 2148/839/1584 2134/825/1570 2133/824/1569
f 2134/825/1570 2148/839/1584 2149/840/1585
f 2120/811/1556 2150/841/1586 2146/837/1582
f 2150/841/1586 2147/838/1583 2146/837/1582
f 2148/839/1584 2151/842/1587 2149/840/1585
f 2149/840/1585 2151/842/1587 2152/843/1588
f 2148/839/1584 2147/838/1583 2153/844/1589
f 2154/845/1590 2152/843/1588 2151/842/1587
f 2155/846/1591 2152/843/1588 2154/845/1590
f 2156/847/1592 2148/839/1584 2153/844/1589
f 2156/847/1592 2151/842/1587 2148/839/1584
f 2157/848/1593 2155/846/1591 2154/845/1590
f 2155/846/1591 2157/848/1593 2158/849/1594
f 2151/842/1587 2159/850/1595 2154/845/1590
f 2159/850/1595 2157/848/1593 2154/845/1590
f 2159/850/1595 2151/842/1587 2156/847/1592
f 2157/848/1593 2159/850/1595 2160/851/1596
f 2159/850/1595 2161/852/1597 2160/851/1596
f 2162/853/1598 2160/851/1596 2161/852/1597
f 2161/852/1597 2159/850/1595 2163/854/1599
f 2159/850/1595 2156/847/1592 2163/854/1599
f 2153/844/1589 2164/855/1600 2156/847/1592
f 2163/854/1599 2156/847/1592 2164/855/1600
f 2164/855/1600 2153/844/1589 2165/856/1601
f 2153/844/1589 2147/838/1583 2166/857/1602
f 2147/838/1583 2150/841/1586 2166/857/1602
f 2166/857/1602 2165/856/1601 2153/844/1589
f 2165/856/1601 2166/857/1602 2167/858/1603
f 2166/857/1602 2150/841/1586 2168/859/1604
f 2166/857/1602 2168/859/1604 2167/858/1603
f 2150/841/1586 2169/860/1605 2168/859/1604
f 2170/861/1606 2171/862/1607 2169/860/1605
f 2172/863/1608 2170/861/1606 2169/860/1605
f 2169/860/1605 2150/841/1586 2172/863/1608
f 2172/863/1608 2173/864/1609 2170/861/1606
f 2150/841/1586 2120/811/1556 2174/865/1610
f 2174/865/1610 2172/863/1608 2150/841/1586
f 2172/863/1608 2175/866/1611 2173/864/1609
f 2172/863/1608 2174/865/1610 2175/866/1611
f 2175/866/1611 2176/867/1612 2173/864/1609
f 2177/868/1613 2120/811/1556 2117/808/1554
f 2067/764/1504 2177/868/1613 2117/808/1554
f 2120/811/1556 2177/868/1613 2174/865/1610
f 2174/865/1610 2178/869/1614 2175/866/1611
f 2178/869/1614 2174/865/1610 2177/868/1613
f 2176/867/1612 2175/866/1611 2178/869/1614
f 2177/868/1613 2067/764/1504 2178/869/1614
f 2178/869/1614 2068/765/1505 2176/867/1612
f 2178/869/1614 2067/764/1504 2068/765/1505
f 2179/299/1615 2180/870/1616 2181/302/1617
f 2180/870/1616 2179/299/1615 2182/871/1618
f 2183/309/1619 2180/870/1616 2182/871/1618
f 2180/870/1616 2183/309/1619 2184/311/1620
f 2185/619/1621 2186/644/1622 2187/620/1623
f 2186/644/1622 2185/619/1621 2188/872/1624
f 2185/619/1621 2189/873/1625 2188/872/1624
f 2189/873/1625 2185/619/1621 2190/622/1626
f 2191/874/1627 2189/873/1625 2190/622/1626
f 2191/874/1627 2190/622/1626 2192/875/1628
f 2193/876/1629 2191/874/1627 2192/875/1628
f 2192/875/1628 2190/622/1626 2194/625/1630
f 2193/876/1629 2192/875/1628 2195/877/1631
f 2196/878/1632 2193/876/1629 2195/877/1631
f 2195/877/1631 2192/875/1628 2197/879/1633
f 2194/625/1630 2197/879/1633 2192/875/1628
f 2194/625/1630 2198/627/1634 2197/879/1633
f 2196/878/1632 2195/877/1631 2199/880/1635
f 2200/881/1636 2196/878/1632 2199/880/1635
f 2197/879/1633 2201/882/1637 2195/877/1631
f 2200/881/1636 2199/880/1635 2202/883/1638
f 2200/881/1636 2202/883/1638 2203/884/1639
f 2203/884/1639 2202/883/1638 2204/885/1640
f 2205/886/1641 2204/885/1640 2202/883/1638
f 2199/880/1635 2205/886/1641 2202/883/1638
f 2204/885/1640 2205/886/1641 2206/887/1642
f 2205/886/1641 2199/880/1635 2207/888/1643
f 2207/888/1643 2195/877/1631 2201/882/1637
f 2195/877/1631 2207/888/1643 2199/880/1635
f 2207/888/1643 2208/889/1644 2205/886/1641
f 2208/889/1644 2206/887/1642 2205/886/1641
f 2208/889/1644 2209/890/1645 2206/887/1642
f 2201/882/1637 2210/891/1646 2207/888/1643
f 2208/889/1644 2207/888/1643 2210/891/1646
f 2210/891/1646 2211/892/1647 2208/889/1644
f 2198/627/1634 2212/893/1648 2197/879/1633
f 2212/893/1648 2201/882/1637 2197/879/1633
f 2210/891/1646 2201/882/1637 2213/894/1649
f 2201/882/1637 2212/893/1648 2213/894/1649
f 2213/894/1649 2214/895/1650 2210/891/1646
f 2214/895/1650 2211/892/1647 2210/891/1646
f 2215/896/1651 2213/894/1649 2212/893/1648
f 2198/627/1634 2215/896/1651 2212/893/1648
f 2215/896/1651 2198/627/1634 2216/628/1652
f 2217/631/1653 2215/896/1651 2216/628/1652
f 2214/895/1650 2213/894/1649 2218/897/1654
f 2213/894/1649 2215/896/1651 2218/897/1654
f 2215/896/1651 2219/898/1655 2218/897/1654
f 2214/895/1650 2218/897/1654 2219/898/1655
f 2219/898/1655 2220/899/1656 2214/895/1650
f 2211/892/1647 2214/895/1650 2220/899/1656
f 2220/899/1656 2221/900/1657 2211/892/1647
f 2215/896/1651 2217/631/1653 2222/901/1658
f 2219/898/1655 2215/896/1651 2222/901/1658
f 2222/901/1658 2223/902/1659 2219/898/1655
f 2223/902/1659 2220/899/1656 2219/898/1655
f 2217/631/1653 2224/903/1660 2222/901/1658
f 2224/903/1660 2223/902/1659 2222/901/1658
f 2225/632/1661 2224/903/1660 2217/631/1653
f 2226/904/1662 2221/900/1657 2220/899/1656
f 2220/899/1656 2223/902/1659 2226/904/1662
f 2225/632/1661 2227/905/1663 2224/903/1660
f 2228/634/1664 2227/905/1663 2225/632/1661
f 2224/903/1660 2229/906/1665 2223/902/1659
f 2227/905/1663 2229/906/1665 2224/903/1660
f 2229/906/1665 2226/904/1662 2223/902/1659
f 2228/634/1664 2230/907/1666 2227/905/1663
f 2230/907/1666 2228/634/1664 2231/908/1667
f 2227/905/1663 2232/909/1668 2229/906/1665
f 2232/909/1668 2227/905/1663 2230/907/1666
f 2233/637/1669 2231/908/1667 2228/634/1664
f 2234/910/1670 2229/906/1665 2232/909/1668
f 2231/908/1667 2233/637/1669 2235/911/1671
f 2233/637/1669 2236/662/1672 2235/911/1671
f 2236/662/1672 2233/637/1669 2237/639/1673
f 2226/904/1662 2229/906/1665 2238/912/1674
f 2229/906/1665 2234/910/1670 2238/912/1674
f 2234/910/1670 2239/913/1675 2238/912/1674
f 2238/912/1674 2240/914/1676 2226/904/1662
f 2221/900/1657 2226/904/1662 2240/914/1676
f 2240/914/1676 2238/912/1674 2241/915/1677
f 2241/915/1677 2238/912/1674 2239/913/1675
f 2239/913/1675 2242/916/1678 2241/915/1677
f 2243/917/1679 2240/914/1676 2241/915/1677
f 2242/916/1678 2243/917/1679 2241/915/1677
f 2240/914/1676 2243/917/1679 2244/918/1680
f 2244/918/1680 2221/900/1657 2240/914/1676
f 2221/900/1657 2244/918/1680 2245/919/1681
f 2246/920/1682 2247/364/1683 2248/363/1684
f 2249/921/1685 2247/364/1683 2246/920/1682
f 2246/920/1682 2250/367/1686 2249/921/1685
f 2250/367/1686 2246/920/1682 2251/370/1687
f 2252/922/1688 2253/743/1689 2254/745/1689
f 2253/743/1689 2252/922/1688 2255/923/1690
f 2252/922/1688 2256/374/1691 2255/923/1690
f 2256/374/1691 2252/922/1688 2257/375/1692
f 2258/924/1693 2259/715/1694 2260/714/1284
f 2259/715/1694 2258/924/1693 2261/925/1695
f 2261/925/1695 2258/924/1693 2262/926/1696
f 2262/926/1696 2258/924/1693 2263/927/1697
f 2264/364/1698 2265/920/1699 2266/363/1700
f 2265/920/1699 2264/364/1698 2267/921/1701
f 2268/367/1702 2265/920/1699 2267/921/1701
f 2269/370/1703 2265/920/1699 2268/367/1702
f 2270/743/1689 2271/922/1704 2272/745/1689
f 2271/922/1704 2270/743/1689 2273/923/1690
f 2274/374/1691 2271/922/1704 2273/923/1690
f 2271/922/1704 2274/374/1691 2275/375/1705
f 2276/715/1706 2277/924/1693 2278/714/1418
f 2277/924/1693 2276/715/1706 2279/925/1707
f 2277/924/1693 2279/925/1707 2280/926/1708
f 2277/924/1693 2280/926/1708 2281/927/1709
f 2282/526/1710 2283/928/1711 2284/528/1712
f 2283/928/1711 2282/526/1710 2285/929/1713
f 2285/929/1713 2286/930/1714 2283/928/1711
f 2287/524/1715 2285/929/1713 2282/526/1710
f 2286/930/1714 2285/929/1713 2288/931/1716
f 2285/929/1713 2289/932/1717 2288/931/1716
f 2285/929/1713 2287/524/1715 2289/932/1717
f 2290/933/1718 2288/931/1716 2289/932/1717
f 2291/934/1719 2289/932/1717 2287/524/1715
f 2287/524/1715 2292/510/1720 2291/934/1719
f 2291/934/1719 2292/510/1720 2293/512/1721
f 2289/932/1717 2294/935/1722 2290/933/1718
f 2294/935/1722 2289/932/1717 2291/934/1719
f 2290/933/1718 2294/935/1722 2295/936/1723
f 2296/937/1724 2294/935/1722 2291/934/1719
f 2291/934/1719 2293/512/1721 2296/937/1724
f 2297/514/1725 2296/937/1724 2293/512/1721
f 2294/935/1722 2296/937/1724 2298/938/1726
f 2295/936/1723 2294/935/1722 2298/938/1726
f 2299/939/1727 2295/936/1723 2298/938/1726
f 2300/940/1728 2298/938/1726 2296/937/1724
f 2296/937/1724 2297/514/1725 2300/940/1728
f 2301/516/1729 2300/940/1728 2297/514/1725
f 2298/938/1726 2300/940/1728 2302/941/1730
f 2299/939/1727 2298/938/1726 2302/941/1730
f 2303/942/1731 2299/939/1727 2302/941/1730
f 2304/943/1732 2302/941/1730 2300/940/1728
f 2300/940/1728 2301/516/1729 2304/943/1732
f 2302/941/1730 2304/943/1732 2305/944/1733
f 2305/944/1733 2303/942/1731 2302/941/1730
f 2303/942/1731 2305/944/1733 2306/945/1733
f 2305/944/1733 2307/946/1734 2306/945/1733
f 2305/944/1733 2308/947/1735 2307/946/1734
f 2304/943/1732 2308/947/1735 2305/944/1733
f 2307/946/1734 2308/947/1735 2309/948/1736
f 2308/947/1735 2304/943/1732 2310/949/1737
f 2301/516/1729 2310/949/1737 2304/943/1732
f 2310/949/1737 2301/516/1729 2311/517/1738
f 2312/950/1739 2309/948/1736 2308/947/1735
f 2310/949/1737 2312/950/1739 2308/947/1735
f 2309/948/1736 2312/950/1739 2313/951/1740
f 2312/950/1739 2310/949/1737 2314/952/1741
f 2311/517/1738 2314/952/1741 2310/949/1737
f 2314/952/1741 2311/517/1738 2315/519/1742
f 2316/953/1743 2313/951/1740 2312/950/1739
f 2314/952/1741 2316/953/1743 2312/950/1739
f 2317/954/1744 2313/951/1740 2316/953/1743
f 2316/953/1743 2314/952/1741 2318/955/1745
f 2315/519/1742 2318/955/1745 2314/952/1741
f 2318/955/1745 2315/519/1742 2319/521/1746
f 2320/530/1747 2318/955/1745 2319/521/1746
f 2321/956/1748 2317/954/1744 2316/953/1743
f 2316/953/1743 2318/955/1745 2321/956/1748
f 2318/955/1745 2320/530/1747 2321/956/1748
f 2322/957/1749 2317/954/1744 2321/956/1748
f 2322/957/1749 2321/956/1748 2323/958/1750
f 2320/530/1747 2323/958/1750 2321/956/1748
f 2323/958/1750 2324/959/1751 2322/957/1749
f 2323/958/1750 2320/530/1747 2325/532/1752
f 2324/959/1751 2323/958/1750 2326/960/1753
f 2325/532/1752 2326/960/1753 2323/958/1750
f 2326/960/1753 2325/532/1752 2327/534/1754
f 2328/961/1755 2329/962/1756 2330/963/1757
f 2331/964/1758 2328/961/1755 2330/963/1757
f 2331/964/1758 2330/963/1757 2332/965/1759
f 2328/961/1755 2331/964/1758 2333/966/1760
f 2331/964/1758 2334/967/1761 2333/966/1760
f 2334/967/1761 2331/964/1758 2335/968/1762
f 2336/685/1763 2337/969/1764 2338/683/1765
f 2338/683/1765 2337/969/1764 2339/970/1766
f 2337/969/1764 2340/971/1767 2339/970/1766
f 2338/683/1765 2339/970/1766 2341/681/1768
f 2342/972/1769 2339/970/1766 2340/971/1767
f 2342/972/1769 2343/973/1770 2339/970/1766
f 2343/973/1770 2341/681/1768 2339/970/1766
f 2341/681/1768 2343/973/1770 2344/679/1771
f 2343/973/1770 2342/972/1769 2345/974/1772
f 2344/679/1771 2343/973/1770 2346/975/1771
f 2345/974/1772 2346/975/1771 2343/973/1770
f 2346/975/1771 2345/974/1772 2347/976/1771
f 2348/688/1773 2349/977/1774 2350/691/1775
f 2351/978/1776 2350/691/1775 2349/977/1774
f 2351/978/1776 2352/693/1777 2350/691/1775
f 2349/977/1774 2353/979/1778 2351/978/1776
f 2354/980/1779 2352/693/1777 2351/978/1776
f 2355/981/1780 2351/978/1776 2353/979/1778
f 2351/978/1776 2355/981/1780 2354/980/1779
f 2353/979/1778 2356/982/1781 2355/981/1780
f 2357/983/1782 2354/980/1779 2355/981/1780
f 2355/981/1780 2358/984/1783 2357/983/1782
f 2358/984/1783 2355/981/1780 2356/982/1781
f 2356/982/1781 2359/985/1784 2358/984/1783
f 2360/986/1785 2357/983/1782 2358/984/1783
f 2358/984/1783 2361/987/1786 2360/986/1785
f 2361/987/1786 2358/984/1783 2359/985/1784
f 2359/985/1784 2362/988/1787 2361/987/1786
f 2363/989/1788 2360/986/1785 2361/987/1786
f 2362/988/1787 2364/990/1789 2361/987/1786
f 2361/987/1786 2364/990/1789 2363/989/1788
f 2362/988/1787 2365/991/1790 2364/990/1789
f 2364/990/1789 2366/992/1791 2363/989/1788
f 2365/991/1790 2367/993/1792 2364/990/1789
f 2364/990/1789 2367/993/1792 2366/992/1791
f 2367/993/1792 2368/994/1793 2366/992/1791
f 2365/991/1790 2369/995/1794 2367/993/1792
f 2367/993/1792 2369/995/1794 2368/994/1793
f 2369/995/1794 2370/996/1795 2368/994/1793
f 2369/995/1794 2371/997/1796 2370/996/1795
f 2369/995/1794 2365/991/1790 2372/998/1797
f 2369/995/1794 2372/998/1797 2373/999/1798
f 2371/997/1796 2369/995/1794 2373/999/1798
f 2373/999/1798 2374/1000/1799 2371/997/1796
f 2374/1000/1799 2373/999/1798 2375/1001/1800
f 2372/998/1797 2375/1001/1800 2373/999/1798
f 2375/1001/1800 2372/998/1797 2376/1002/1801
f 2377/1003/1802 2376/1002/1801 2372/998/1797
f 2376/1002/1801 2377/1003/1802 2378/1004/1803
f 2374/1000/1799 2375/1001/1800 2379/1005/1804
f 2376/1002/1801 2379/1005/1804 2375/1001/1800
f 2374/1000/1799 2379/1005/1804 2380/1006/1805
f 2379/1005/1804 2376/1002/1801 2381/1007/1806
f 2376/1002/1801 2378/1004/1803 2381/1007/1806
f 2378/1004/1803 2382/1008/1807 2381/1007/1806
f 2383/1009/1808 2381/1007/1806 2382/1008/1807
f 2381/1007/1806 2383/1009/1808 2384/1010/1809
f 2379/1005/1804 2381/1007/1806 2384/1010/1809
f 2385/1011/1810 2384/1010/1809 2383/1009/1808
f 2384/1010/1809 2385/1011/1810 2386/1012/1811
f 2387/1013/1812 2384/1010/1809 2386/1012/1811
f 2380/1006/1805 2379/1005/1804 2387/1013/1812
f 2387/1013/1812 2379/1005/1804 2384/1010/1809
f 2387/1013/1812 2386/1012/1811 2388/1014/1813
f 2389/1015/1814 2387/1013/1812 2388/1014/1813
f 2389/1015/1814 2380/1006/1805 2387/1013/1812
f 2389/1015/1814 2388/1014/1813 2390/1016/1815
f 2391/961/1816 2392/963/1817 2393/962/1818
f 2391/961/1816 2394/964/1819 2392/963/1817
f 2392/963/1817 2394/964/1819 2395/965/1820
f 2391/961/1816 2396/966/1821 2394/964/1819
f 2397/967/1822 2394/964/1819 2396/966/1821
f 2394/964/1819 2397/967/1822 2398/968/1823
f 2399/969/1824 2400/685/1825 2401/683/1826
f 2401/683/1826 2402/970/1827 2399/969/1824
f 2402/970/1827 2403/971/1828 2399/969/1824
f 2402/970/1827 2401/683/1826 2404/681/1829
f 2403/971/1828 2402/970/1827 2405/972/1830
f 2406/973/1831 2405/972/1830 2402/970/1827
f 2404/681/1829 2406/973/1831 2402/970/1827
f 2406/973/1831 2404/681/1829 2407/679/1771
f 2405/972/1830 2406/973/1831 2408/974/1832
f 2407/679/1771 2409/975/1771 2406/973/1831
f 2409/975/1771 2408/974/1832 2406/973/1831
f 2408/974/1832 2409/975/1771 2410/976/1771
f 2411/977/1833 2412/688/1834 2413/691/1835
f 2411/977/1833 2413/691/1835 2414/978/1836
f 2414/978/1836 2413/691/1835 2415/693/1837
f 2416/979/1838 2411/977/1833 2414/978/1836
f 2414/978/1836 2415/693/1837 2417/980/1839
f 2418/981/1840 2414/978/1836 2417/980/1839
f 2416/979/1838 2414/978/1836 2418/981/1840
f 2419/982/1841 2416/979/1838 2418/981/1840
f 2418/981/1840 2417/980/1839 2420/983/1842
f 2421/984/1843 2418/981/1840 2420/983/1842
f 2419/982/1841 2418/981/1840 2421/984/1843
f 2422/985/1844 2419/982/1841 2421/984/1843
f 2421/984/1843 2420/983/1842 2423/986/1845
f 2424/987/1846 2421/984/1843 2423/986/1845
f 2422/985/1844 2421/984/1843 2424/987/1846
f 2422/985/1844 2424/987/1846 2425/988/1847
f 2424/987/1846 2423/986/1845 2426/989/1848
f 2425/988/1847 2424/987/1846 2427/990/1849
f 2424/987/1846 2426/989/1848 2427/990/1849
f 2425/988/1847 2427/990/1849 2428/991/1850
f 2427/990/1849 2426/989/1848 2429/992/1851
f 2428/991/1850 2427/990/1849 2430/993/1852
f 2427/990/1849 2429/992/1851 2430/993/1852
f 2430/993/1852 2429/992/1851 2431/994/1853
f 2432/995/1854 2428/991/1850 2430/993/1852
f 2431/994/1853 2432/995/1854 2430/993/1852
f 2432/995/1854 2431/994/1853 2433/996/1855
f 2434/997/1856 2432/995/1854 2433/996/1855
f 2428/991/1850 2432/995/1854 2435/998/1857
f 2432/995/1854 2436/999/1858 2435/998/1857
f 2432/995/1854 2434/997/1856 2436/999/1858
f 2437/1000/1859 2436/999/1858 2434/997/1856
f 2436/999/1858 2437/1000/1859 2438/1001/1860
f 2438/1001/1860 2435/998/1857 2436/999/1858
f 2435/998/1857 2438/1001/1860 2439/1002/1861
f 2439/1002/1861 2440/1003/1862 2435/998/1857
f 2440/1003/1862 2439/1002/1861 2441/1004/1863
f 2438/1001/1860 2437/1000/1859 2442/1005/1864
f 2442/1005/1864 2439/1002/1861 2438/1001/1860
f 2443/1006/1865 2442/1005/1864 2437/1000/1859
f 2439/1002/1861 2442/1005/1864 2444/1007/1866
f 2439/1002/1861 2444/1007/1866 2441/1004/1863
f 2441/1004/1863 2444/1007/1866 2445/1008/1867
f 2444/1007/1866 2446/1009/1868 2445/1008/1867
f 2446/1009/1868 2444/1007/1866 2447/1010/1869
f 2444/1007/1866 2442/1005/1864 2447/1010/1869
f 2447/1010/1869 2448/1011/1870 2446/1009/1868
f 2448/1011/1870 2447/1010/1869 2449/1012/1871
f 2450/1013/1872 2449/1012/1871 2447/1010/1869
f 2442/1005/1864 2443/1006/1865 2450/1013/1872
f 2450/1013/1872 2447/1010/1869 2442/1005/1864
f 2451/1014/1873 2449/1012/1871 2450/1013/1872
f 2452/1015/1874 2450/1013/1872 2443/1006/1865
f 2450/1013/1872 2452/1015/1874 2451/1014/1873
f 2453/1016/1875 2451/1014/1873 2452/1015/1874
f 2454/1017/1876 2455/364/1877 2456/921/1878
f 2455/364/1877 2454/1017/1876 2457/1018/1879
f 2457/1018/1879 2454/1017/1876 2458/1019/1880
f 2454/1017/1876 2459/1020/1881 2458/1019/1880
f 2459/1020/1881 2454/1017/1876 2460/367/1882
f 2461/921/1883 2460/367/1882 2454/1017/1876
f 2462/364/1884 2463/1017/1885 2464/921/1886
f 2463/1017/1885 2462/364/1884 2465/1018/1887
f 2465/1018/1887 2466/1019/1888 2463/1017/1885
f 2463/1017/1885 2466/1019/1888 2467/1020/1889
f 2463/1017/1885 2467/1020/1889 2468/367/1890
f 2468/367/1890 2469/921/1891 2463/1017/1885
f 2470/469/1892 2471/1021/1893 2472/467/1894
f 2473/527/1895 2471/1021/1893 2474/525/1896
f 2471/1021/1893 2475/1022/1897 2474/525/1896
f 2471/1021/1893 2470/469/1892 2475/1022/1897
f 2475/1022/1897 2470/469/1892 2476/471/1898
f 2475/1022/1897 2477/523/1899 2474/525/1896
f 2477/523/1899 2475/1022/1897 2478/1023/1900
f 2478/1023/1900 2475/1022/1897 2476/471/1898
f 2478/1023/1900 2476/471/1898 2479/473/1901
f 2480/511/1902 2477/523/1899 2478/1023/1900
f 2481/1024/1903 2478/1023/1900 2479/473/1901
f 2480/511/1902 2478/1023/1900 2481/1024/1903
f 2482/475/1904 2481/1024/1903 2479/473/1901
f 2481/1024/1903 2482/475/1904 2483/1025/1905
f 2483/1025/1905 2480/511/1902 2481/1024/1903
f 2480/511/1902 2483/1025/1905 2484/509/1906
f 2485/477/1907 2483/1025/1905 2482/475/1904
f 2486/1026/1908 2484/509/1906 2483/1025/1905
f 2483/1025/1905 2485/477/1907 2486/1026/1908
f 2484/509/1906 2486/1026/1908 2487/513/1909
f 2488/479/1910 2486/1026/1908 2485/477/1907
f 2486/1026/1908 2488/479/1910 2489/1027/1911
f 2489/1027/1911 2487/513/1909 2486/1026/1908
f 2487/513/1909 2489/1027/1911 2490/515/1912
f 2489/1027/1911 2491/518/1322 2490/515/1912
f 2488/479/1910 2492/1028/1913 2489/1027/1911
f 2491/518/1322 2489/1027/1911 2492/1028/1913
f 2492/1028/1913 2488/479/1910 2493/480/1914
f 2492/1028/1913 2494/520/1915 2491/518/1322
f 2494/520/1915 2492/1028/1913 2495/1029/1916
f 2493/480/1914 2495/1029/1916 2492/1028/1913
f 2495/1029/1916 2493/480/1914 2496/482/1917
f 2494/520/1915 2495/1029/1916 2497/522/1918
f 2497/522/1918 2495/1029/1916 2498/1030/1919
f 2495/1029/1916 2496/482/1917 2498/1030/1919
f 2498/1030/1919 2496/482/1917 2499/484/1920
f 2498/1030/1919 2499/484/1920 2500/1031/1921
f 2500/1031/1921 2497/522/1918 2498/1030/1919
f 2497/522/1918 2500/1031/1921 2501/529/1922
f 2500/1031/1921 2499/484/1920 2502/486/1923
f 2500/1031/1921 2502/486/1923 2503/1032/1924
f 2503/1032/1924 2501/529/1922 2500/1031/1921
f 2501/529/1922 2503/1032/1924 2504/531/1925
f 2503/1032/1924 2502/486/1923 2505/488/1926
f 2506/1033/1927 2504/531/1925 2503/1032/1924
f 2505/488/1926 2506/1033/1927 2503/1032/1924
f 2504/531/1925 2506/1033/1927 2507/533/1928
f 2506/1033/1927 2505/488/1926 2508/490/1929
f 2509/593/1930 2510/652/1931 2511/1034/1932
f 2512/613/1933 2511/1034/1932 2510/652/1931
f 2511/1034/1932 2512/613/1933 2513/615/1934
f 2509/593/1930 2511/1034/1932 2514/594/1935
f 2515/617/1936 2511/1034/1932 2513/615/1934
f 2511/1034/1932 2515/617/1936 2516/1035/1937
f 2516/1035/1937 2514/594/1935 2511/1034/1932
f 2514/594/1935 2516/1035/1937 2517/596/1938
f 2516/1035/1937 2518/1036/1939 2517/596/1938
f 2516/1035/1937 2515/617/1936 2518/1036/1939
f 2518/1036/1939 2515/617/1936 2519/300/1940
f 2518/1036/1939 2520/598/1941 2517/596/1938
f 2521/302/1942 2520/598/1941 2518/1036/1939
f 2519/300/1940 2521/302/1942 2518/1036/1939
f 2521/302/1942 2522/599/1943 2520/598/1941
f 2523/870/1944 2522/599/1943 2521/302/1942
f 2522/599/1943 2523/870/1944 2524/602/1945
f 2523/870/1944 2525/603/1946 2524/602/1945
f 2525/603/1946 2523/870/1944 2526/311/1947
f 2526/311/1947 2527/606/1948 2525/603/1946
f 2526/311/1947 2528/1037/1949 2527/606/1948
f 2529/308/1950 2528/1037/1949 2526/311/1947
f 2528/1037/1949 2530/607/1951 2527/606/1948
f 2528/1037/1949 2529/308/1950 2531/657/1952
f 2532/1038/1953 2528/1037/1949 2531/657/1952
f 2532/1038/1953 2530/607/1951 2528/1037/1949
f 2533/609/1954 2530/607/1951 2532/1038/1953
f 2531/657/1952 2534/1039/1955 2532/1038/1953
f 2534/1039/1955 2533/609/1954 2532/1038/1953
f 2534/1039/1955 2531/657/1952 2535/655/1956
f 2533/609/1954 2534/1039/1955 2536/389/1957
f 2537/394/1958 2534/1039/1955 2535/655/1956
f 2534/1039/1955 2537/394/1958 2538/391/1959
f 2538/391/1959 2536/389/1957 2534/1039/1955
f 2539/1040/1960 2540/1041/1961 2541/1042/1960
f 2541/1042/1960 2542/1043/1962 2539/1040/1960
f 2543/1044/1963 2544/1045/1963 2545/1046/1963
f 2543/1044/1963 2545/1046/1963 2546/1047/1963
f 2547/1048/1964 2548/1043/1965 2549/1040/1964
f 2548/1043/1965 2547/1048/1964 2550/1049/1965
f 2551/1041/1966 2552/1047/1967 2553/1044/1968
f 2552/1047/1967 2551/1041/1966 2554/1042/1966
f 2555/1040/1969 2556/1042/1969 2557/1041/1970
f 2556/1042/1969 2555/1040/1969 2558/1043/1971
f 2559/1050/1972 2560/1048/1972 2561/1051/1972
f 2559/1050/1972 2562/1049/1972 2560/1048/1972
f 2563/1044/1963 2564/1046/1963 2565/1045/1963
f 2564/1046/1963 2563/1044/1963 2566/1047/1963
f 2567/1040/1973 2568/1043/1973 2569/1048/1973
f 2568/1043/1973 2570/1049/1973 2569/1048/1973
f 2571/1044/1974 2572/1047/1975 2573/1041/1976
f 2572/1047/1975 2574/1042/1977 2573/1041/1976
f 2575/1048/1972 2576/1050/1972 2577/1051/1972
f 2576/1050/1972 2575/1048/1972 2578/1049/1972
f 2579/1042/1961 2581/1052/1962 2580/1043/1962
f 2581/1052/1962 2582/1053/1962 2580/1043/1962
f 2585/1054/1963 2584/1047/1963 2583/1046/1963
f 2584/1047/1963 2585/1054/1963 2586/1055/1963
f 2589/1053/1965 2587/1043/1965 2588/1049/1965
f 2589/1053/1965 2588/1049/1965 2590/1056/1964
f 2593/1055/1978 2591/1047/1966 2592/1042/1966
f 2593/1055/1978 2592/1042/1966 2594/1052/1978
f 2595/1042/1979 2596/1043/1971 2597/1052/1971
f 2597/1052/1971 2596/1043/1971 2598/1053/1971
f 2601/1057/1972 2600/1049/1972 2599/1050/1972
f 2602/1056/1972 2600/1049/1972 2601/1057/1972
f 2604/1047/1963 2605/1054/1963 2603/1046/1963
f 2605/1054/1963 2604/1047/1963 2606/1055/1963
f 2607/1043/1973 2609/1053/1973 2608/1049/1973
f 2610/1056/1973 2608/1049/1973 2609/1053/1973
f 2611/1047/1976 2613/1055/1980 2612/1042/1976
f 2614/1052/1980 2612/1042/1976 2613/1055/1980
f 2617/1056/1972 2615/1050/1972 2616/1049/1972
f 2618/1057/1972 2615/1050/1972 2617/1056/1972
l 1376 1377
l 1378 1379
l 1574 1573
l 1576 1575
l 1578 1577
l 1579 1580
l 1582 1581
l 1584 1583
l 1586 1585
l 2059 2058
