# Blender 5.2.2 LTS
# www.blender.org
mtllib RightThigh.mtl
o RightThigh
v 5.240280 -15.275711 -8.093206
v 3.092645 -15.068710 -8.048288
v 7.060789 -15.469345 -7.214213
v 3.397880 -27.621094 -10.381424
v 2.855975 -27.568924 -8.578361
v 2.552659 -27.633041 -9.469461
v 6.021938 -27.857620 -9.233639
v 2.855975 -27.568924 -8.578361
v 3.397880 -27.621094 -10.381424
v 2.855975 -27.568924 -8.578361
v 6.021938 -27.857620 -9.233639
v 5.470706 -27.610275 -7.674921
v 6.021938 -27.857620 -9.233639
v 8.987691 -27.874847 -6.308650
v 5.470706 -27.610275 -7.674921
v 8.987691 -27.874847 -6.308650
v 6.988731 -27.558151 -5.023038
v 5.470706 -27.610275 -7.674921
v 8.987691 -27.874847 -6.308650
v 11.000449 -24.800964 -2.785092
v 6.988731 -27.558151 -5.023038
v 11.000449 -24.800964 -2.785092
v 8.036765 -25.104248 -1.685960
v 6.988731 -27.558151 -5.023038
v 7.508029 -20.277893 -1.227401
v 9.030345 -16.505096 -4.667729
v 4.288312 -17.060013 -3.614205
v 9.030345 -16.505096 -4.667729
v 7.508029 -20.277893 -1.227401
v 10.494809 -20.302277 -2.202794
v 4.288312 -17.060013 -3.614205
v 9.030345 -16.505096 -4.667729
v 7.060789 -15.469345 -7.214213
v 7.060789 -15.469345 -7.214213
v 3.092645 -15.068710 -8.048288
v 4.288312 -17.060013 -3.614205
v -5.206208 -15.275711 -8.093206
v -7.026715 -15.469345 -7.214213
v -3.058572 -15.068710 -8.048288
v -3.363808 -27.621094 -10.381424
v -2.518586 -27.633041 -9.469461
v -2.821904 -27.568924 -8.578361
v -5.987866 -27.857620 -9.233639
v -2.821904 -27.568924 -8.578361
v -5.436635 -27.610275 -7.674921
v -2.821904 -27.568924 -8.578361
v -5.987866 -27.857620 -9.233639
v -3.363808 -27.621094 -10.381424
v -5.436635 -27.610275 -7.674921
v -8.953622 -27.874847 -6.308650
v -5.987866 -27.857620 -9.233639
v -8.953622 -27.874847 -6.308650
v -5.436635 -27.610275 -7.674921
v -6.954659 -27.558151 -5.023038
v -8.953622 -27.874847 -6.308650
v -6.954659 -27.558151 -5.023038
v -10.966378 -24.800964 -2.785092
v -10.966378 -24.800964 -2.785092
v -6.954659 -27.558151 -5.023038
v -8.002690 -25.104248 -1.685960
v -7.473958 -20.277893 -1.227401
v -4.254239 -17.060013 -3.614205
v -8.996274 -16.505096 -4.667729
v -8.996274 -16.505096 -4.667729
v -10.460732 -20.302277 -2.202794
v -7.473958 -20.277893 -1.227401
v -8.996274 -16.505096 -4.667729
v -4.254239 -17.060013 -3.614205
v -7.026715 -15.469345 -7.214213
v -7.026715 -15.469345 -7.214213
v -4.254239 -17.060013 -3.614205
v -3.058572 -15.068710 -8.048288
v 6.324367 -11.643799 9.490973
v 5.151857 -13.459152 11.813708
v 5.224069 -13.189178 8.979232
v 5.151857 -13.459152 11.813708
v 6.324367 -11.643799 9.490973
v 6.136938 -11.963303 12.977364
v 6.272766 -7.706146 3.136397
v 5.001697 -9.935440 -0.074201
v 6.221168 -8.571838 -0.699542
v 5.001697 -9.935440 -0.074201
v 6.272766 -7.706146 3.136397
v 5.147794 -9.122116 3.208640
v -6.290230 -11.643799 9.490973
v -5.117726 -13.459152 11.813708
v -6.102807 -11.963303 12.977364
v -5.117726 -13.459152 11.813708
v -6.290230 -11.643799 9.490973
v -5.189938 -13.189178 8.979232
v -6.238629 -7.706146 3.136397
v -4.967564 -9.935440 -0.074201
v -5.113659 -9.122116 3.208640
v -4.967564 -9.935440 -0.074201
v -6.238629 -7.706146 3.136397
v -6.187035 -8.571838 -0.699542
v -6.102807 -11.963303 12.977364
v -5.117726 -13.459152 11.813708
v -4.188008 -12.036392 13.913748
v 6.136938 -11.963303 12.977364
v 4.222141 -12.036392 13.913748
v 5.151857 -13.459152 11.813708
v 2.077775 -47.638954 -5.658937
v 2.452659 -48.828636 -5.617489
v 1.929420 -48.639969 -5.011424
v 2.452659 -48.828636 -5.617489
v 2.077775 -47.638954 -5.658937
v 2.620090 -47.428017 -5.963196
v 2.620090 -47.428017 -5.963196
v 1.643035 -46.512878 -6.043409
v 2.065208 -45.852310 -6.502265
v 1.643035 -46.512878 -6.043409
v 2.620090 -47.428017 -5.963196
v 2.077775 -47.638954 -5.658937
v 10.467864 -30.506836 -0.276380
v 10.939500 -29.100143 -1.638450
v 10.314944 -28.330597 -1.022654
v 10.939500 -29.100143 -1.638450
v 10.467864 -30.506836 -0.276380
v 11.023784 -30.346970 -1.169175
v 10.985044 -34.461349 3.841571
v 11.397325 -34.915665 7.777170
v 10.758492 -35.400276 8.675814
v 8.187596 -50.066887 10.086792
v 6.705617 -53.905907 10.649195
v 7.230608 -49.953537 9.611024
v 6.705617 -53.905907 10.649195
v 8.187596 -50.066887 10.086792
v 7.662628 -54.378639 11.215552
v 6.500679 -56.092163 9.496908
v 6.705617 -53.905907 10.649195
v 7.662628 -54.378639 11.215552
v 6.500679 -56.092163 9.496908
v 7.662628 -54.378639 11.215552
v 7.457689 -56.775337 9.962584
v 8.431279 -43.727402 1.440085
v 10.627652 -41.424370 5.931175
v 9.329875 -42.076996 5.763905
v 9.329875 -42.076996 5.763905
v 9.824628 -45.551765 6.694420
v 8.858006 -45.789909 6.473315
v 9.824628 -45.551765 6.694420
v 9.329875 -42.076996 5.763905
v 10.627652 -41.424370 5.931175
v 9.183459 -48.600204 7.083803
v 7.230608 -49.953537 9.611024
v 8.226436 -48.488945 6.849469
v 7.230608 -49.953537 9.611024
v 9.183459 -48.600204 7.083803
v 8.187596 -50.066887 10.086792
v 8.858006 -45.789909 6.473315
v 9.183459 -48.600204 7.083803
v 8.226436 -48.488945 6.849469
v 9.183459 -48.600204 7.083803
v 8.858006 -45.789909 6.473315
v 9.824628 -45.551765 6.694420
v 8.106677 -15.477203 12.290959
v 7.007574 -15.646729 13.446076
v 8.106677 -16.300156 14.581403
v 7.007574 -15.646729 13.446076
v 8.106677 -15.477203 12.290959
v 7.037101 -15.140686 12.031135
v 10.273318 -21.322586 7.613217
v 11.457595 -23.109161 3.179910
v 10.448730 -23.071732 2.253491
v 11.457595 -23.109161 3.179910
v 10.273318 -21.322586 7.613217
v 11.313367 -21.322586 8.025636
v 10.273318 -21.322586 7.613217
v 10.617074 -19.878510 7.951650
v 11.313367 -21.322586 8.025636
v 10.617074 -19.878510 7.951650
v 10.273318 -21.322586 7.613217
v 9.577029 -19.878510 7.539231
v 0.017066 -11.363892 16.893665
v 2.973357 -11.438644 17.012260
v 0.017066 -10.782700 13.699120
v 2.973357 -11.438644 17.012260
v 4.457143 -10.779510 13.702817
v 0.017066 -10.782700 13.699120
v 4.457143 -10.779510 13.702817
v 5.083427 -9.170273 9.274284
v 0.017066 -10.782700 13.699120
v 1.929420 -48.639969 -5.011424
v 1.703275 -48.676857 -6.253586
v 2.077775 -47.638954 -5.658937
v 2.077775 -47.638954 -5.658937
v 1.703275 -48.676857 -6.253586
v 1.833328 -47.964241 -6.400112
v 2.077775 -47.638954 -5.658937
v 1.488837 -47.123077 -6.307345
v 1.643035 -46.512878 -6.043409
v 1.488837 -47.123077 -6.307345
v 2.077775 -47.638954 -5.658937
v 1.833328 -47.964241 -6.400112
v 4.674278 -54.818092 15.558884
v 2.182451 -54.826782 16.835922
v 2.515149 -55.669533 14.833414
v 4.674278 -54.818092 15.558884
v 2.515149 -55.669533 14.833414
v 4.005220 -55.668350 14.329982
v 3.656448 -61.921608 11.482137
v 4.394760 -59.340012 12.303726
v 3.453052 -59.340012 12.770017
v 4.394760 -59.340012 12.303726
v 3.656448 -61.921608 11.482137
v 4.653902 -61.921608 11.015847
v 3.453052 -59.340012 12.770017
v 4.005220 -55.668350 14.329982
v 2.515149 -55.669533 14.833414
v 4.005220 -55.668350 14.329982
v 3.453052 -59.340012 12.770017
v 4.394760 -59.340012 12.303726
v 4.653902 -61.921608 11.015847
v 5.431348 -57.923264 8.443110
v 7.457689 -56.775337 9.962584
v 5.431348 -57.923264 8.443110
v 4.653902 -61.921608 11.015847
v 3.391130 -61.668022 9.209537
v 7.457689 -56.775337 9.962584
v 5.431348 -57.923264 8.443110
v 6.500679 -56.092163 9.496908
v 4.734968 -57.426147 8.104253
v 6.500679 -56.092163 9.496908
v 5.431348 -57.923264 8.443110
v 6.500679 -56.092163 9.496908
v 5.063013 -55.579155 6.442439
v 6.951492 -53.553940 7.213146
v 5.063013 -55.579155 6.442439
v 6.500679 -56.092163 9.496908
v 4.734968 -57.426147 8.104253
v 4.942174 -55.059196 3.822811
v 6.951492 -53.553940 7.213146
v 5.063013 -55.579155 6.442439
v 6.951492 -53.553940 7.213146
v 4.942174 -55.059196 3.822811
v 6.785436 -52.839386 3.613104
v 3.656448 -61.921608 11.482137
v 3.391130 -61.668022 9.209537
v 4.653902 -61.921608 11.015847
v 3.391130 -61.668022 9.209537
v 3.656448 -61.921608 11.482137
v 2.665319 -61.668022 9.548837
v 3.573692 -60.756577 10.857050
v 3.453052 -59.340012 12.770017
v 3.317416 -58.848877 11.819211
v 3.453052 -59.340012 12.770017
v 3.573692 -60.756577 10.857050
v 3.656448 -61.921608 11.482137
v 2.370658 -55.161949 13.892858
v 3.317416 -58.848877 11.819211
v 3.453052 -59.340012 12.770017
v 3.453052 -59.340012 12.770017
v 2.515149 -55.669533 14.833414
v 2.370658 -55.161949 13.892858
v 3.573692 -60.756577 10.857050
v 2.665319 -61.668022 9.548837
v 3.656448 -61.921608 11.482137
v 2.665319 -61.668022 9.548837
v 3.573692 -60.756577 10.857050
v 2.682203 -60.597717 9.680569
v 5.840259 -12.809662 16.957062
v 2.973357 -11.438644 17.012260
v 3.715690 -13.057373 19.801697
v 3.585748 -28.657242 -9.815088
v 2.238902 -31.755035 -9.258919
v 1.656503 -31.260880 -10.895898
v 3.585748 -28.657242 -9.815088
v 1.656503 -31.260880 -10.895898
v 2.650407 -29.047913 -11.604137
v 3.585748 -28.657242 -9.815088
v 2.650407 -29.047913 -11.604137
v 3.197112 -26.754776 -9.074889
v -2.418526 -48.828636 -5.617489
v -2.043641 -47.638954 -5.658937
v -1.895287 -48.639969 -5.011424
v -2.043641 -47.638954 -5.658937
v -2.418526 -48.828636 -5.617489
v -2.585957 -47.428017 -5.963196
v -1.608903 -46.512878 -6.043409
v -2.585957 -47.428017 -5.963196
v -2.031075 -45.852310 -6.502265
v -2.585957 -47.428017 -5.963196
v -1.608903 -46.512878 -6.043409
v -2.043641 -47.638954 -5.658937
v -10.905370 -29.100143 -1.638450
v -10.433732 -30.506836 -0.276380
v -10.280812 -28.330597 -1.022654
v -10.433732 -30.506836 -0.276380
v -10.905370 -29.100143 -1.638450
v -10.989648 -30.346970 -1.169175
v -10.950910 -34.461349 3.841571
v -10.724359 -35.400276 8.675814
v -11.363191 -34.915665 7.777170
v -7.628491 -54.378639 11.215552
v -8.153462 -50.066887 10.086792
v -6.671483 -53.905907 10.649195
v -6.671483 -53.905907 10.649195
v -8.153462 -50.066887 10.086792
v -7.196476 -49.953537 9.611024
v -6.466546 -56.092163 9.496908
v -7.628491 -54.378639 11.215552
v -6.671483 -53.905907 10.649195
v -7.628491 -54.378639 11.215552
v -6.466546 -56.092163 9.496908
v -7.423558 -56.775337 9.962584
v -8.397149 -43.727402 1.440085
v -9.295743 -42.076996 5.763905
v -10.593518 -41.424370 5.931175
v -9.790498 -45.551765 6.694420
v -9.295743 -42.076996 5.763905
v -8.823873 -45.789909 6.473315
v -9.295743 -42.076996 5.763905
v -9.790498 -45.551765 6.694420
v -10.593518 -41.424370 5.931175
v -9.149331 -48.600204 7.083803
v -7.196476 -49.953537 9.611024
v -8.153462 -50.066887 10.086792
v -7.196476 -49.953537 9.611024
v -9.149331 -48.600204 7.083803
v -8.192304 -48.488945 6.849469
v -9.149331 -48.600204 7.083803
v -8.823873 -45.789909 6.473315
v -8.192304 -48.488945 6.849469
v -8.823873 -45.789909 6.473315
v -9.149331 -48.600204 7.083803
v -9.790498 -45.551765 6.694420
v -8.072545 -15.477203 12.290959
v -6.973439 -15.646729 13.446076
v -7.002972 -15.140686 12.031135
v -6.973439 -15.646729 13.446076
v -8.072545 -15.477203 12.290959
v -8.072545 -16.300156 14.581403
v -10.239186 -21.322586 7.613217
v -11.423463 -23.109161 3.179910
v -11.279237 -21.322586 8.025636
v -11.423463 -23.109161 3.179910
v -10.239186 -21.322586 7.613217
v -10.414598 -23.071732 2.253491
v -11.279237 -21.322586 8.025636
v -10.582940 -19.878510 7.951650
v -10.239186 -21.322586 7.613217
v -10.582940 -19.878510 7.951650
v -9.542897 -19.878510 7.539231
v -10.239186 -21.322586 7.613217
v 0.017066 -11.363892 16.893665
v 0.017066 -10.782700 13.699120
v -2.939225 -11.438644 17.012260
v -2.939225 -11.438644 17.012260
v 0.017066 -10.782700 13.699120
v -4.423012 -10.779510 13.702817
v -4.423012 -10.779510 13.702817
v 0.017066 -10.782700 13.699120
v -5.049298 -9.170273 9.274284
v -1.895287 -48.639969 -5.011424
v -2.043641 -47.638954 -5.658937
v -1.669140 -48.676857 -6.253586
v -2.043641 -47.638954 -5.658937
v -1.799195 -47.964241 -6.400112
v -1.669140 -48.676857 -6.253586
v -2.043641 -47.638954 -5.658937
v -1.608903 -46.512878 -6.043409
v -1.454705 -47.123077 -6.307345
v -1.454705 -47.123077 -6.307345
v -1.799195 -47.964241 -6.400112
v -2.043641 -47.638954 -5.658937
v -3.971085 -55.668350 14.329982
v -2.481015 -55.669533 14.833414
v -4.640145 -54.818092 15.558884
v -2.148316 -54.826782 16.835922
v -4.640145 -54.818092 15.558884
v -2.481015 -55.669533 14.833414
v -4.360627 -59.340012 12.303726
v -3.622311 -61.921608 11.482137
v -3.418919 -59.340012 12.770017
v -3.622311 -61.921608 11.482137
v -4.360627 -59.340012 12.303726
v -4.619767 -61.921608 11.015847
v -3.971085 -55.668350 14.329982
v -3.418919 -59.340012 12.770017
v -2.481015 -55.669533 14.833414
v -3.418919 -59.340012 12.770017
v -3.971085 -55.668350 14.329982
v -4.360627 -59.340012 12.303726
v -5.397213 -57.923264 8.443110
v -4.619767 -61.921608 11.015847
v -7.423558 -56.775337 9.962584
v -4.619767 -61.921608 11.015847
v -5.397213 -57.923264 8.443110
v -3.356995 -61.668022 9.209537
v -5.397213 -57.923264 8.443110
v -7.423558 -56.775337 9.962584
v -6.466546 -56.092163 9.496908
v -6.466546 -56.092163 9.496908
v -4.700833 -57.426147 8.104253
v -5.397213 -57.923264 8.443110
v -6.466546 -56.092163 9.496908
v -5.028874 -55.579155 6.442439
v -4.700833 -57.426147 8.104253
v -5.028874 -55.579155 6.442439
v -6.466546 -56.092163 9.496908
v -6.917359 -53.553940 7.213146
v -6.917359 -53.553940 7.213146
v -4.908040 -55.059196 3.822811
v -5.028874 -55.579155 6.442439
v -4.908040 -55.059196 3.822811
v -6.917359 -53.553940 7.213146
v -6.751301 -52.839386 3.613104
v -3.356995 -61.668022 9.209537
v -3.622311 -61.921608 11.482137
v -4.619767 -61.921608 11.015847
v -3.622311 -61.921608 11.482137
v -3.356995 -61.668022 9.209537
v -2.631188 -61.668022 9.548837
v -3.539559 -60.756577 10.857050
v -3.418919 -59.340012 12.770017
v -3.622311 -61.921608 11.482137
v -3.418919 -59.340012 12.770017
v -3.539559 -60.756577 10.857050
v -3.283284 -58.848877 11.819211
v -3.283284 -58.848877 11.819211
v -2.336526 -55.161949 13.892858
v -3.418919 -59.340012 12.770017
v -3.418919 -59.340012 12.770017
v -2.336526 -55.161949 13.892858
v -2.481015 -55.669533 14.833414
v -3.539559 -60.756577 10.857050
v -3.622311 -61.921608 11.482137
v -2.631188 -61.668022 9.548837
v -2.631188 -61.668022 9.548837
v -2.648068 -60.597717 9.680569
v -3.539559 -60.756577 10.857050
v -5.806126 -12.809662 16.957062
v -3.681557 -13.057373 19.801697
v -2.939225 -11.438644 17.012260
v -2.616273 -29.047913 -11.604137
v -1.622372 -31.260880 -10.895898
v -3.551614 -28.657242 -9.815088
v -2.204770 -31.755035 -9.258919
v -3.551614 -28.657242 -9.815088
v -1.622372 -31.260880 -10.895898
v -3.551614 -28.657242 -9.815088
v -3.162980 -26.754776 -9.074889
v -2.616273 -29.047913 -11.604137
v -4.075802 -53.073883 2.203288
v -3.043492 -56.030060 -4.948689
v -2.763673 -56.030060 2.203286
v -3.043492 -56.030060 -4.948689
v -4.075802 -53.073883 2.203288
v -4.465603 -53.073883 -6.026350
v 4.109935 -53.073883 2.203288
v 3.077623 -56.030060 -4.948689
v 4.499738 -53.073883 -6.026350
v 3.077623 -56.030060 -4.948689
v 4.109935 -53.073883 2.203288
v 2.797803 -56.030060 2.203286
v 4.590980 -9.201828 14.891148
v 3.855560 -8.251480 15.714248
v 5.368700 -8.965881 15.536218
v 3.855560 -8.251480 15.714248
v 4.590980 -9.201828 14.891148
v 3.278030 -8.552185 15.047929
v 4.701206 -11.142380 14.416185
v 5.368700 -8.965881 15.536218
v 5.632823 -11.306366 14.900172
v 5.368700 -8.965881 15.536218
v 4.701206 -11.142380 14.416185
v 4.590980 -9.201828 14.891148
v 2.834077 -6.822952 16.127430
v 3.855560 -8.251480 15.714248
v 3.278030 -8.552185 15.047929
v 2.834077 -6.822952 16.127430
v 3.278030 -8.552185 15.047929
v 2.379384 -7.189941 15.491962
v 0.017066 -21.647141 24.215630
v 2.618142 -24.991562 25.753464
v 0.017066 -25.211426 26.026978
v 2.618142 -24.991562 25.753464
v 0.017066 -21.647141 24.215630
v 4.772510 -21.647141 24.215630
v -5.334561 -8.965881 15.536218
v -3.821423 -8.251480 15.714248
v -4.556847 -9.201828 14.891148
v -3.821423 -8.251480 15.714248
v -3.243897 -8.552185 15.047929
v -4.556847 -9.201828 14.891148
v -5.598687 -11.306366 14.900172
v -5.334561 -8.965881 15.536218
v -4.667073 -11.142380 14.416185
v -4.667073 -11.142380 14.416185
v -5.334561 -8.965881 15.536218
v -4.556847 -9.201828 14.891148
v -2.345254 -7.189941 15.491962
v -3.243897 -8.552185 15.047929
v -2.799943 -6.822952 16.127430
v -3.821423 -8.251480 15.714248
v -2.799943 -6.822952 16.127430
v -3.243897 -8.552185 15.047929
v -2.584008 -24.991562 25.753464
v 0.017066 -21.647141 24.215630
v 0.017066 -25.211426 26.026978
v 0.017066 -21.647141 24.215630
v -2.584008 -24.991562 25.753464
v -4.738377 -21.647141 24.215630
v 5.164958 -14.880402 -2.837405
v 5.277067 -15.883896 -4.118702
v 6.513456 -13.952393 -3.747025
v 4.213405 -16.541336 -4.529861
v -5.130826 -14.880402 -2.837405
v -6.479321 -13.952393 -3.747025
v -5.242936 -15.883896 -4.118702
v -4.179272 -16.541336 -4.529861
v 0.017066 -9.083084 -7.319592
v 2.806607 -8.874710 -8.455694
v 2.806590 -9.271805 -7.312942
v 0.017066 -8.685959 -8.462344
v 0.017066 -9.083084 -7.319592
v -2.772473 -8.874710 -8.455694
v 0.017066 -8.685959 -8.462344
v -2.772458 -9.271805 -7.312942
v 1.643035 -46.512878 -6.043409
v 0.017066 -46.512825 -6.337883
v 0.017066 -45.852310 -6.921523
v 2.065208 -45.852310 -6.502265
v 7.576698 -47.513931 13.849241
v 7.251838 -41.132767 15.900332
v 7.851778 -46.207893 15.744489
v 7.588184 -43.012497 16.815956
v 5.840259 -12.809662 16.957062
v 7.007574 -15.646729 13.446076
v 4.431350 -12.369812 16.000109
v 2.973357 -11.438644 17.012260
v 9.577029 -19.878510 7.539231
v 7.037101 -15.140686 12.031135
v 8.106677 -15.477203 12.290959
v 10.617074 -19.878510 7.951650
v 0.017066 -48.639931 -5.470321
v 1.703275 -48.676857 -6.253586
v 1.929420 -48.639969 -5.011424
v 0.017066 -48.663475 -6.526946
v 1.488837 -47.123077 -6.307345
v 0.017066 -47.149162 -6.512338
v 0.017066 -46.512825 -6.337883
v 1.643035 -46.512878 -6.043409
v 0.017066 -54.920273 17.226622
v 0.017066 -55.700294 15.262132
v 2.182451 -54.826782 16.835922
v 2.515149 -55.669533 14.833414
v 3.317416 -58.848877 11.819211
v 0.017066 -60.756554 11.312442
v 3.573692 -60.756577 10.857050
v 0.017066 -58.784584 12.299373
v 0.017066 -58.784584 12.299373
v 2.370658 -55.161949 13.892858
v 0.017066 -55.183411 14.304383
v 3.317416 -58.848877 11.819211
v 0.017066 -60.756554 11.312442
v 2.682203 -60.597717 9.680569
v 3.573692 -60.756577 10.857050
v 0.017066 -60.597458 10.019909
v 2.515149 -55.669533 14.833414
v 0.017066 -55.700294 15.262132
v 0.017066 -55.183411 14.304383
v 2.370658 -55.161949 13.892858
v 0.017066 -60.597458 10.019909
v 2.665319 -61.668022 9.548837
v 2.682203 -60.597717 9.680569
v 0.017066 -61.668022 9.888142
v 0.017066 -31.755463 -9.581480
v 1.656503 -31.260880 -10.895898
v 2.238902 -31.755035 -9.258919
v 0.017066 -31.322784 -11.125677
v 0.017066 -29.159012 -12.098015
v 1.656503 -31.260880 -10.895898
v 0.017066 -31.322784 -11.125677
v 2.650407 -29.047913 -11.604137
v 0.017066 -26.754776 -9.074889
v 2.650407 -29.047913 -11.604137
v 0.017066 -29.159012 -12.098015
v 3.197112 -26.754776 -9.074889
v -1.608903 -46.512878 -6.043409
v 0.017066 -45.852310 -6.921523
v 0.017066 -46.512825 -6.337883
v -2.031075 -45.852310 -6.502265
v -7.217701 -41.132767 15.900332
v -7.542561 -47.513931 13.849241
v -7.817643 -46.207893 15.744489
v -7.554047 -43.012497 16.815956
v -5.806126 -12.809662 16.957062
v -4.397217 -12.369812 16.000109
v -6.973439 -15.646729 13.446076
v -2.939225 -11.438644 17.012260
v -9.542897 -19.878510 7.539231
v -8.072545 -15.477203 12.290959
v -7.002972 -15.140686 12.031135
v -10.582940 -19.878510 7.951650
v 0.017066 -48.639931 -5.470321
v -1.669140 -48.676857 -6.253586
v 0.017066 -48.663475 -6.526946
v -1.895287 -48.639969 -5.011424
v -1.454705 -47.123077 -6.307345
v 0.017066 -46.512825 -6.337883
v 0.017066 -47.149162 -6.512338
v -1.608903 -46.512878 -6.043409
v 0.017066 -54.920273 17.226622
v -2.148316 -54.826782 16.835922
v 0.017066 -55.700294 15.262132
v -2.481015 -55.669533 14.833414
v -3.283284 -58.848877 11.819211
v 0.017066 -60.756554 11.312442
v 0.017066 -58.784584 12.299373
v -3.539559 -60.756577 10.857050
v -2.336526 -55.161949 13.892858
v 0.017066 -58.784584 12.299373
v 0.017066 -55.183411 14.304383
v -3.283284 -58.848877 11.819211
v -2.648068 -60.597717 9.680569
v 0.017066 -60.756554 11.312442
v -3.539559 -60.756577 10.857050
v 0.017066 -60.597458 10.019909
v -2.336526 -55.161949 13.892858
v 0.017066 -55.183411 14.304383
v -2.481015 -55.669533 14.833414
v 0.017066 -55.700294 15.262132
v 0.017066 -60.597458 10.019909
v -2.631188 -61.668022 9.548837
v 0.017066 -61.668022 9.888142
v -2.648068 -60.597717 9.680569
v 0.017066 -31.755463 -9.581480
v -1.622372 -31.260880 -10.895898
v 0.017066 -31.322784 -11.125677
v -2.204770 -31.755035 -9.258919
v -1.622372 -31.260880 -10.895898
v 0.017066 -29.159012 -12.098015
v 0.017066 -31.322784 -11.125677
v -2.616273 -29.047913 -11.604137
v 0.017066 -26.754776 -9.074889
v -2.616273 -29.047913 -11.604137
v -3.162980 -26.754776 -9.074889
v 0.017066 -29.159012 -12.098015
v -6.939946 -11.264359 -2.620666
v -3.595551 -9.994629 -0.283659
v -4.394848 -12.190704 -2.620666
v -6.140645 -9.068298 -0.283658
v 0.017066 -56.030060 2.203286
v -3.043492 -56.030060 -4.948689
v 0.017066 -56.030060 -5.596319
v -2.763673 -56.030060 2.203286
v -2.677182 -48.553223 -4.765884
v -3.344933 -47.045647 -6.263486
v -3.344716 -47.046135 -4.146789
v -2.677407 -48.552689 -7.228249
v 0.017066 -48.553207 -5.318653
v -2.677407 -48.552689 -7.228249
v -2.677182 -48.553223 -4.765884
v 0.017066 -48.552689 -7.825969
v -8.173516 -52.017273 7.927369
v -7.892789 -48.865158 7.488485
v -8.912858 -48.864799 7.488588
v -6.503045 -52.017250 7.927373
v 0.017066 -56.030060 2.203286
v 3.077623 -56.030060 -4.948689
v 2.797803 -56.030060 2.203286
v 0.017066 -56.030060 -5.596319
v 2.711313 -48.553223 -4.765884
v 3.379066 -47.045647 -6.263486
v 2.711541 -48.552689 -7.228249
v 3.378850 -47.046135 -4.146789
v 0.017066 -48.553207 -5.318653
v 2.711313 -48.553223 -4.765884
v 2.711541 -48.552689 -7.228249
v 0.017066 -48.552689 -7.825969
v 7.926919 -48.865158 7.488485
v 8.207654 -52.017273 7.927369
v 8.946992 -48.864799 7.488588
v 6.537179 -52.017250 7.927373
v 5.632652 -15.387131 21.528761
v 0.017066 -11.306366 14.900172
v 5.632823 -11.306366 14.900172
v 0.017066 -15.387131 21.528761
v 4.772510 -21.647141 24.215630
v 0.017066 -15.387131 21.528761
v 5.632652 -15.387131 21.528761
v 0.017066 -21.647141 24.215630
v 5.632823 -11.306366 14.900172
v 0.017066 -11.306366 14.900172
v 4.701206 -11.142380 14.416185
v 0.017066 -11.142044 14.416208
v 2.834077 -6.822952 16.127430
v 2.833638 -12.071396 24.113356
v 3.855560 -8.251480 15.714248
v 3.777660 -13.394928 23.269817
v -3.821423 -8.251480 15.714248
v -3.743527 -13.394928 23.269817
v -2.799504 -12.071396 24.113356
v -2.799943 -6.822952 16.127430
v -5.598519 -15.387131 21.528761
v 0.017066 -11.306366 14.900172
v 0.017066 -15.387131 21.528761
v -5.598687 -11.306366 14.900172
v -4.738377 -21.647141 24.215630
v 0.017066 -15.387131 21.528761
v 0.017066 -21.647141 24.215630
v -5.598519 -15.387131 21.528761
v 0.017066 -11.306366 14.900172
v -5.598687 -11.306366 14.900172
v -4.667073 -11.142380 14.416185
v 0.017066 -11.142044 14.416208
v 4.176164 -18.072784 -10.877292
v 3.136375 -18.070908 -10.060514
v 5.357519 -17.252655 -10.089887
v 3.092645 -15.068710 -8.048288
v 5.240280 -15.275711 -8.093206
v 0.017066 -5.809601 13.984225
v 0.017066 -7.328369 15.166540
v 2.379604 -5.917892 13.872041
v 2.374788 -7.469574 15.025798
v 3.167115 -6.510162 13.799823
v 5.395944 -8.809479 13.537057
v 3.712993 -9.757690 14.630527
v 6.136938 -11.963303 12.977364
v 4.222141 -12.036392 13.913748
v -5.582455 -14.521469 -8.685498
v -4.344422 -14.949661 -9.139854
v -4.303135 -15.347580 -7.987358
v -5.242936 -15.883896 -4.118702
v -4.179272 -16.541336 -4.529861
v 0.017066 -15.347260 -7.992241
v -4.303135 -15.347580 -7.987358
v -3.872082 -12.218414 -7.585750
v 0.017066 -12.218552 -7.585763
v -2.772458 -9.271805 -7.312942
v 0.017066 -9.083084 -7.319592
v 4.653902 -61.921608 11.015847
v 7.457689 -56.775337 9.962584
v 4.394760 -59.340012 12.303726
v 7.662628 -54.378639 11.215552
v 4.005220 -55.668350 14.329982
v 6.118017 -48.586494 14.668116
v 8.187596 -50.066887 10.086792
v 7.576698 -47.513931 13.849241
v 8.740533 -42.296776 12.282904
v 9.183459 -48.600204 7.083803
v 7.251838 -41.132767 15.900332
v 9.824628 -45.551765 6.694420
v 7.980783 -37.570091 15.563911
v 6.773462 -34.710808 18.775934
v 9.222514 -42.029076 10.554860
v 10.627652 -41.424370 5.931175
v 10.308583 -38.839226 9.668715
v 10.758492 -35.400276 8.675814
v 7.774837 -35.109024 16.642572
v 8.866839 -30.392456 15.665665
v 9.035382 -31.221222 15.500327
v 0.017066 -38.269623 22.778500
v 0.017066 -44.644615 18.928431
v 2.396667 -44.055214 18.456470
v 2.397502 -38.219826 22.202682
v 3.921079 -43.241776 17.728319
v 4.054897 -37.762535 21.166140
v 3.573001 -34.358635 20.677864
v 5.586460 -42.187271 16.814327
v 5.507421 -36.568336 20.216082
v 6.773462 -34.710808 18.775934
v 7.251838 -41.132767 15.900332
v 7.007574 -15.646729 13.446076
v 5.840259 -12.809662 16.957062
v 7.290802 -14.044800 17.208738
v 8.106677 -16.300156 14.581403
v 8.844863 -17.595428 18.372269
v 8.787845 -18.688187 16.076290
v 8.074573 -21.053391 20.053808
v 7.736084 -22.475342 18.433229
v 5.213668 -24.574020 21.898251
v 4.802619 -25.935455 20.776106
v 2.401639 -29.813492 23.959930
v 2.510520 -30.404022 23.315292
v 1.478847 -29.963013 24.557945
v 0.017066 -30.434540 23.626678
v 0.017066 -30.029633 24.641315
v 0.017066 -25.691498 25.505304
v 1.556419 -25.571457 25.345591
v 0.017066 -23.289993 25.559774
v 1.726539 -23.200836 25.445326
v 2.925782 -25.489273 24.731722
v 5.213668 -24.574020 21.898251
v 2.672990 -21.629532 25.056273
v 4.326290 -23.489243 23.727810
v 8.074573 -21.053391 20.053808
v 4.157590 -19.246201 23.669104
v 6.575109 -19.720184 22.160488
v 8.844863 -17.595428 18.372269
v 7.461048 -16.298706 20.200857
v 7.290802 -14.044800 17.208738
v 5.201440 -15.316452 21.543810
v 5.840259 -12.809662 16.957062
v 3.715690 -13.057373 19.801697
v 4.044384 -15.055176 21.599377
v 2.973357 -11.438644 17.012260
v 4.431350 -12.369812 16.000109
v 4.457143 -10.779510 13.702817
v 7.007574 -15.646729 13.446076
v 7.037101 -15.140686 12.031135
v 3.585748 -28.657242 -9.815088
v 3.197112 -26.754776 -9.074889
v 3.897903 -27.962570 -9.094577
v 4.174110 -28.659378 -9.731588
v 7.202714 -27.962570 -6.982379
v 7.823362 -28.687302 -7.420334
v 9.337329 -28.241959 -3.759824
v 10.082538 -28.986618 -3.902555
v 10.939500 -29.100143 -1.638450
v 10.314944 -28.330597 -1.022654
v -7.423558 -56.775337 9.962584
v -4.619767 -61.921608 11.015847
v -4.360627 -59.340012 12.303726
v -7.628491 -54.378639 11.215552
v -3.971085 -55.668350 14.329982
v -6.083882 -48.586494 14.668116
v -8.153462 -50.066887 10.086792
v -7.542561 -47.513931 13.849241
v -8.706399 -42.296776 12.282904
v -9.149331 -48.600204 7.083803
v -7.217701 -41.132767 15.900332
v -9.790498 -45.551765 6.694420
v -7.946649 -37.570091 15.563911
v -6.739327 -34.710808 18.775934
v -9.188378 -42.029076 10.554860
v -10.593518 -41.424370 5.931175
v -10.274453 -38.839226 9.668715
v -10.724359 -35.400276 8.675814
v -7.740705 -35.109024 16.642572
v -8.832707 -30.392456 15.665665
v -9.001252 -31.221222 15.500327
v -11.380506 -25.581573 13.835832
v -9.754319 -22.534653 17.121170
v -12.014371 -22.867981 10.670465
v -9.973805 -18.976990 15.288645
v -11.932397 -20.877930 9.276271
v -9.805634 -16.969360 13.807853
v -11.523492 -19.685989 9.329453
v -9.657266 -16.436890 12.650161
v -7.217701 -41.132767 15.900332
v -7.554047 -43.012497 16.815956
v -5.552323 -42.187271 16.814327
v -5.251801 -44.490631 18.941248
v -3.886945 -43.241776 17.728319
v -2.594575 -45.473686 20.197935
v -2.362534 -44.055214 18.456470
v 0.017066 -44.644615 18.928431
v 0.017066 -46.178360 20.402140
v -4.465603 -53.073883 -6.026350
v -4.075802 -53.073883 2.203288
v -7.747144 -53.073883 -3.434832
v -6.426770 -53.073883 2.203288
v -8.948270 -53.073883 2.203288
v -8.173516 -53.104271 6.264637
v -6.707348 -53.104271 6.264637
v -8.173516 -52.017273 7.927369
v -6.503045 -52.017250 7.927373
v -8.931172 -51.871773 6.620465
v -8.173516 -52.017273 7.927369
v -8.912858 -48.864799 7.488588
v -9.765553 -51.076363 2.203290
v -8.976525 -47.045654 2.203292
v -7.747144 -47.045654 -3.434827
v -8.454930 -51.076363 -4.065082
v -4.874241 -51.076355 -7.149626
v -4.465603 -47.045647 -6.026345
v -2.677407 -48.552689 -7.228249
v -3.344933 -47.045647 -6.263486
v -2.734296 -51.076355 -7.643574
v 0.017066 -51.076355 -8.278646
v 0.017066 -48.552689 -7.825969
v 0.017066 -53.582184 6.576467
v -6.344765 -53.582184 6.678219
v -6.344765 -56.527069 9.371053
v 0.017066 -56.527069 9.251434
v -6.344765 -60.549866 10.595769
v 0.017066 -60.549866 10.487274
v -6.344765 -64.572685 9.861170
v 0.017066 -64.572685 9.861170
v -6.344765 -67.517570 6.916274
v 0.017066 -67.517570 6.916274
v -6.344765 -68.595467 2.893478
v 0.017066 -68.595467 2.893478
v -6.344765 -67.517570 -1.129315
v 0.017066 -67.517570 -1.129315
v -6.344765 -64.572662 -4.074214
v 0.017066 -64.572662 -4.074214
v -6.344765 -60.549858 -5.152107
v 0.017066 -60.549858 -5.152107
v -6.344765 -56.527061 -4.074209
v 0.017066 -56.527061 -4.074209
v -6.344765 -53.582176 -1.129306
v 0.017066 -53.582176 -1.129306
v -6.344765 -52.504280 2.893489
v 0.017066 -52.504280 2.893489
v 0.017066 -53.582184 6.576467
v -6.344765 -53.582184 6.678219
v 0.017066 -11.142044 14.416208
v -4.667073 -11.142380 14.416185
v -4.556847 -9.201828 14.891148
v 0.017066 -9.201172 14.891192
v -3.243897 -8.552185 15.047929
v 0.017066 -8.551712 15.047961
v -2.345254 -7.189941 15.491962
v 0.017066 -6.681137 15.645411
v 3.002588 -22.695984 -10.693020
v 3.397880 -27.621094 -10.381424
v 2.552659 -27.633041 -9.469461
v 3.997783 -22.680115 -11.539770
v 3.072828 -19.669678 -10.614114
v 4.091438 -19.682053 -11.489380
v 3.136375 -18.070908 -10.060514
v 4.176164 -18.072784 -10.877292
v 0.017036 -22.695984 -10.693020
v 2.552659 -27.633041 -9.469461
v 0.017036 -27.633041 -9.469461
v 3.002588 -22.695984 -10.693020
v 0.017036 -19.669678 -10.614114
v 3.072828 -19.669678 -10.614114
v 0.017036 -18.070908 -10.060514
v 3.136375 -18.070908 -10.060514
v 3.092645 -15.068710 -8.048288
v 0.017036 -15.068710 -8.048288
v -3.363808 -27.621094 -10.381424
v -2.968518 -22.695984 -10.693020
v -2.518586 -27.633041 -9.469461
v -3.963712 -22.680115 -11.539770
v -3.038754 -19.669678 -10.614114
v -4.057366 -19.682053 -11.489380
v -3.102303 -18.070908 -10.060514
v -4.142094 -18.072784 -10.877292
v -5.323445 -17.252655 -10.089887
v -5.206208 -15.275711 -8.093206
v -3.058572 -15.068710 -8.048288
v -3.102303 -18.070908 -10.060514
v -4.142094 -18.072784 -10.877292
v -2.518586 -27.633041 -9.469461
v 0.017036 -22.695984 -10.693020
v 0.017036 -27.633041 -9.469461
v -2.968518 -22.695984 -10.693020
v 0.017036 -19.669678 -10.614114
v -3.038754 -19.669678 -10.614114
v 0.017036 -18.070908 -10.060514
v -3.102303 -18.070908 -10.060514
v -3.058572 -15.068710 -8.048288
v 0.017036 -15.068710 -8.048288
v 1.936471 -29.672302 -9.772867
v 1.936471 -26.348633 -9.597632
v 1.936471 -28.760284 -8.470347
v 1.936471 -26.760178 -11.133544
v 1.486116 -30.058914 -10.324988
v 1.486116 -26.934616 -11.784582
v 0.812110 -27.051178 -12.219593
v 0.812110 -30.317215 -10.693900
v -0.777978 -27.051178 -12.219593
v -0.777978 -30.317215 -10.693900
v -1.451981 -30.058914 -10.324988
v -1.451981 -26.934616 -11.784582
v -1.902341 -26.760178 -11.133537
v -1.902341 -29.672302 -9.772867
v -1.902341 -26.348633 -9.597632
v -1.902341 -28.760284 -8.470347
v 1.936471 -24.008026 -10.224796
v 1.936471 -22.153152 -11.920235
v 1.936471 -22.291748 -10.336195
v 1.936471 -24.419571 -11.760707
v 1.486116 -22.094421 -12.591676
v 1.486116 -24.594009 -12.411737
v 0.812110 -22.055161 -13.040316
v 0.812110 -24.710571 -12.846749
v -0.777978 -22.055161 -13.040316
v -0.777978 -24.710571 -12.846749
v -1.451981 -24.594009 -12.411737
v -1.451981 -22.094421 -12.591676
v -1.902341 -24.419571 -11.760700
v -1.902341 -22.153152 -11.920228
v -1.902341 -24.008026 -10.224796
v -1.902341 -22.291748 -10.336195
v 1.936471 -19.877792 -10.125001
v 1.936471 -17.304138 -10.979165
v 1.936471 -18.060333 -9.350939
v 1.936471 -19.739197 -11.709039
v 1.486116 -17.019287 -11.590024
v 1.486116 -19.680466 -12.380481
v 0.812110 -19.641205 -12.829122
v 0.812110 -16.828949 -11.998185
v -0.777978 -16.828949 -11.998185
v -0.777978 -19.641205 -12.829122
v -1.451981 -17.019287 -11.590024
v -1.451981 -19.680466 -12.380481
v -1.902341 -19.739197 -11.709032
v -1.902341 -17.304138 -10.979165
v -1.902341 -19.877792 -10.125001
v -1.902341 -18.060333 -9.350939
v 1.936471 -15.107986 -9.955084
v 1.936471 -14.188370 -7.544446
v 1.920432 -15.884689 -8.271329
v 1.936471 -13.023682 -8.905123
v 1.486116 -14.823135 -10.565943
v 1.486116 -12.590439 -9.421440
v 0.812110 -14.632812 -10.974111
v 0.812110 -12.300949 -9.766437
v -0.777978 -12.300949 -9.766437
v -0.777978 -14.632812 -10.974111
v -1.451981 -12.590439 -9.421440
v -1.451981 -14.823135 -10.565943
v -1.902341 -13.023682 -8.905123
v -1.902341 -15.107986 -9.955084
v -1.902341 -14.188370 -7.544446
v -1.886296 -15.884689 -8.271329
v 3.171354 -10.926636 -7.634491
v 3.171354 -12.430313 -5.842497
v 3.171357 -14.286545 -7.400084
v 3.171354 -12.782883 -9.192078
v 2.376407 -10.161896 -8.545859
v 2.376415 -12.018158 -10.103445
v 1.186706 -11.507156 -10.712398
v 1.186706 -9.650909 -9.154812
v -1.152577 -9.650909 -9.154812
v -1.152577 -11.507156 -10.712398
v -2.342286 -10.161896 -8.545852
v -2.342282 -12.018158 -10.103452
v -3.137223 -12.782883 -9.192078
v -3.137223 -10.926636 -7.634491
v -3.137219 -14.286545 -7.400084
v -3.137215 -12.430313 -5.842497
v 1.936471 -26.348633 -9.597632
v 3.171354 -26.857132 -11.495373
v 3.171357 -26.251678 -9.235795
v 1.936471 -26.760178 -11.133544
v 2.376415 -27.165039 -12.644546
v 1.486116 -26.934616 -11.784582
v 0.812110 -27.051178 -12.219593
v 1.186706 -27.370789 -13.412392
v -0.777978 -27.051178 -12.219593
v -1.152577 -27.370789 -13.412392
v -2.342282 -27.165039 -12.644546
v -1.451981 -26.934616 -11.784582
v -1.902341 -26.760178 -11.133537
v -3.137223 -26.857132 -11.495373
v -3.137219 -26.251678 -9.235802
v -1.902341 -26.348633 -9.597632
v 3.171354 -23.911072 -9.862953
v 3.171354 -24.516525 -12.122538
v 1.936471 -24.008026 -10.224796
v 1.936471 -24.419571 -11.760707
v 2.376407 -24.824432 -13.271710
v 1.486116 -24.594009 -12.411737
v 0.812110 -24.710571 -12.846749
v 1.186706 -25.030197 -14.039555
v -0.777978 -24.710571 -12.846749
v -1.152577 -25.030197 -14.039555
v -2.342286 -24.824432 -13.271696
v -1.451981 -24.594009 -12.411737
v -1.902341 -24.419571 -11.760700
v -3.137223 -24.516525 -12.122531
v -1.902341 -24.008026 -10.224796
v -3.137215 -23.911072 -9.862953
v 1.936471 -22.291748 -10.336195
v 3.171354 -22.120514 -12.293406
v 3.171357 -22.324387 -9.963017
v 1.936471 -22.153152 -11.920235
v 2.376407 -22.016830 -13.478597
v 1.486116 -22.094421 -12.591676
v 0.812110 -22.055161 -13.040316
v 1.186710 -21.947525 -14.270494
v -0.777978 -22.055161 -13.040316
v -1.152581 -21.947525 -14.270494
v -2.342278 -22.016830 -13.478589
v -1.451981 -22.094421 -12.591676
v -1.902341 -22.153152 -11.920228
v -3.137223 -22.120514 -12.293406
v -3.137219 -22.324387 -9.963024
v -1.902341 -22.291748 -10.336195
v 3.171354 -19.910431 -9.751822
v 3.171354 -19.706558 -12.082211
v 1.936471 -19.877792 -10.125001
v 1.936471 -19.739197 -11.709039
v 2.376409 -19.602875 -13.267390
v 1.486116 -19.680466 -12.380481
v 0.812110 -19.641205 -12.829122
v 1.186710 -19.533585 -14.059299
v -0.777978 -19.641205 -12.829122
v -1.152581 -19.533585 -14.059299
v -2.342286 -19.602875 -13.267390
v -1.451981 -19.680466 -12.380481
v -1.902341 -19.739197 -11.709032
v -3.137223 -19.706558 -12.082204
v -1.902341 -19.877792 -10.125001
v -3.137215 -19.910431 -9.751822
v 3.171354 -12.430313 -5.842497
v 3.171354 -10.926636 -7.634491
v 1.936471 -12.189499 -6.129456
v 1.936471 -11.167419 -7.347537
v 2.376407 -10.161896 -8.545859
v 1.486116 -10.734177 -7.863847
v 1.186706 -9.650909 -9.154812
v 0.812110 -10.444702 -8.208844
v -0.777978 -10.444702 -8.208844
v -1.152577 -9.650909 -9.154812
v -1.451981 -10.734177 -7.863847
v -2.342286 -10.161896 -8.545852
v -1.902341 -11.167419 -7.347537
v -3.137223 -10.926636 -7.634491
v -1.902341 -12.189499 -6.129456
v -3.137215 -12.430313 -5.842497
v 6.298566 -8.475052 6.709204
v 5.147794 -9.122116 3.208640
v 6.272766 -7.706146 3.136397
v 5.185930 -10.047348 6.477733
v 6.324367 -11.643799 9.490973
v 5.224069 -13.189178 8.979232
v 4.962255 -11.650436 -2.299862
v 5.164958 -14.880402 -2.837405
v 6.513456 -13.952393 -3.747025
v 6.214521 -10.500443 -3.068206
v 5.001697 -9.935440 -0.074201
v 6.221168 -8.571838 -0.699542
v -5.113659 -9.122116 3.208640
v -6.264431 -8.475052 6.709204
v -6.238629 -7.706146 3.136397
v -5.151795 -10.047348 6.477733
v -6.290230 -11.643799 9.490973
v -5.189938 -13.189178 8.979232
v -4.928120 -11.650436 -2.299862
v -6.479321 -13.952393 -3.747025
v -5.130826 -14.880402 -2.837405
v -6.180390 -10.500443 -3.068206
v -4.967564 -9.935440 -0.074201
v -6.187035 -8.571838 -0.699542
v 0.017066 -5.809601 13.984225
v -2.345471 -5.917892 13.872041
v 0.017066 -7.328369 15.166540
v -2.340657 -7.469574 15.025798
v -3.132981 -6.510162 13.799823
v -5.361805 -8.809479 13.537057
v -3.678860 -9.757690 14.630527
v -6.102807 -11.963303 12.977364
v -4.188008 -12.036392 13.913748
v 2.868121 -7.812057 -7.966423
v 0.017066 -8.685959 -8.462344
v 0.017066 -7.673904 -8.006097
v 2.806607 -8.874710 -8.455694
v 3.827050 -8.400177 -7.909309
v 4.904420 -11.373138 -8.276372
v 3.906228 -11.821320 -8.728502
v 5.616590 -14.521469 -8.685498
v 4.378551 -14.949661 -9.139854
v 5.616590 -14.521469 -8.685498
v 4.337268 -15.347580 -7.987358
v 4.378551 -14.949661 -9.139854
v 5.277067 -15.883896 -4.118702
v 4.213405 -16.541336 -4.529861
v 0.017066 -15.347260 -7.992241
v 3.906215 -12.218414 -7.585750
v 4.337268 -15.347580 -7.987358
v 0.017066 -12.218552 -7.585763
v 2.806590 -9.271805 -7.312942
v 0.017066 -9.083084 -7.319592
v 3.906215 -12.218414 -7.585750
v 4.378551 -14.949661 -9.139854
v 4.337268 -15.347580 -7.987358
v 3.906228 -11.821320 -8.728502
v 2.806590 -9.271805 -7.312942
v 2.806607 -8.874710 -8.455694
v 0.017066 -8.685959 -8.462344
v -2.833989 -7.812057 -7.966423
v 0.017066 -7.673904 -8.006097
v -2.772473 -8.874710 -8.455694
v -3.792916 -8.400177 -7.909309
v -4.870286 -11.373138 -8.276372
v -3.872094 -11.821320 -8.728502
v -5.582455 -14.521469 -8.685498
v -4.344422 -14.949661 -9.139854
v -4.344422 -14.949661 -9.139854
v -3.872082 -12.218414 -7.585750
v -4.303135 -15.347580 -7.987358
v -3.872094 -11.821320 -8.728502
v -2.772458 -9.271805 -7.312942
v -2.772473 -8.874710 -8.455694
v 11.023784 -30.346970 -1.169175
v 10.082538 -28.986618 -3.902555
v 10.939500 -29.100143 -1.638450
v 9.351413 -32.954697 -4.039695
v 7.823362 -28.687302 -7.420334
v 6.268045 -34.852837 -6.822665
v 8.393754 -34.704025 -4.703503
v 4.174110 -28.659378 -9.731588
v 7.364606 -39.029999 -4.762190
v 2.238902 -31.755035 -9.258919
v 3.585748 -28.657242 -9.815088
v 5.537521 -38.723503 -6.403459
v 6.749712 -43.226173 -4.352619
v 3.517036 -34.852837 -8.276845
v 0.017066 -34.852837 -8.844712
v 0.017066 -31.755463 -9.581480
v 3.211641 -38.723503 -7.430146
v 0.017066 -38.723503 -7.997487
v 5.091194 -43.226173 -5.804655
v 6.585145 -45.852310 -4.172737
v 2.608447 -43.226173 -6.729503
v 0.017066 -43.226173 -7.130753
v 4.788225 -45.852310 -5.434202
v 6.468996 -47.428040 -3.930312
v 2.065208 -45.852310 -6.502265
v 0.017066 -45.852310 -6.921523
v 2.620090 -47.428017 -5.963196
v 4.816461 -47.428017 -5.042602
v 6.327335 -48.828659 -3.686821
v 4.720500 -48.828659 -4.685014
v 2.452659 -48.828636 -5.617489
v 6.327335 -48.828659 -3.686821
v 6.187768 -47.553329 -3.243199
v 6.411880 -48.828659 -2.287693
v 6.468996 -47.428040 -3.930312
v 6.246465 -46.118607 -3.471885
v 6.585145 -45.852310 -4.172737
v 6.214975 -43.239563 -3.770733
v 6.749712 -43.226173 -4.352619
v 6.701616 -39.131035 -4.205837
v 7.364606 -39.029999 -4.762190
v 8.097497 -34.664780 -4.103488
v 8.393754 -34.704025 -4.703503
v 9.351413 -32.954697 -4.039695
v 8.694688 -33.412903 -3.507788
v 11.023784 -30.346970 -1.169175
v 10.467864 -30.506836 -0.276380
v 12.321111 -26.743973 3.561198
v 10.448730 -23.071732 2.253491
v 11.457595 -23.109161 3.179910
v 11.213525 -27.662903 2.543066
v 12.551940 -28.686493 4.810733
v 11.340873 -29.525040 3.705606
v 11.695716 -30.886993 5.710061
v 12.286508 -29.616943 6.411368
v 12.048501 -22.867981 10.670465
v 9.788453 -22.534653 17.121170
v 11.414639 -25.581573 13.835832
v 10.007943 -18.976990 15.288645
v 11.966531 -20.877930 9.276271
v 9.839767 -16.969360 13.807853
v 11.557624 -19.685989 9.329453
v 9.691403 -16.436890 12.650161
v 5.285934 -44.490631 18.941248
v 7.851778 -46.207893 15.744489
v 7.588184 -43.012497 16.815956
v 6.067649 -48.682350 17.039421
v 2.628709 -45.473686 20.197935
v 2.433461 -50.474052 18.947117
v 4.674278 -54.818092 15.558884
v 0.017066 -46.178360 20.402140
v 2.182451 -54.826782 16.835922
v 0.017066 -50.561455 19.386301
v 0.017066 -54.920273 17.226622
v 7.251838 -41.132767 15.900332
v 5.586460 -42.187271 16.814327
v 7.588184 -43.012497 16.815956
v 5.285934 -44.490631 18.941248
v 3.921079 -43.241776 17.728319
v 2.628709 -45.473686 20.197935
v 2.396667 -44.055214 18.456470
v 0.017066 -44.644615 18.928431
v 0.017066 -46.178360 20.402140
v 10.985044 -34.461349 3.841571
v 11.695716 -30.886993 5.710061
v 11.397325 -34.915665 7.777170
v 11.340873 -29.525040 3.705606
v 10.022765 -34.555084 -0.536516
v 10.467864 -30.506836 -0.276380
v 11.213525 -27.662903 2.543066
v 8.694688 -33.412903 -3.507788
v 8.097497 -34.664780 -4.103488
v 10.314944 -28.330597 -1.022654
v 9.123820 -36.407112 -2.615561
v 6.701616 -39.131035 -4.205837
v 8.454923 -43.226189 -1.269509
v 6.214975 -43.239563 -3.770733
v 6.246465 -46.118607 -3.471885
v 7.623962 -45.852333 -0.608469
v 8.431279 -43.727402 1.440085
v 6.187768 -47.553329 -3.243199
v 7.901508 -46.118622 2.074207
v 7.275213 -47.428024 -0.211842
v 6.411880 -48.828659 -2.287693
v 7.706466 -47.553329 2.454680
v 7.038658 -48.828659 0.140706
v 7.595066 -48.828659 2.792875
v 9.914323 -23.182739 -1.054642
v 9.337329 -28.241959 -3.759824
v 10.448730 -23.071732 2.253491
v 9.577029 -19.878510 7.539231
v 10.273318 -21.322586 7.613217
v 7.354410 -23.131409 -6.628147
v 7.202714 -27.962570 -6.982379
v 3.197112 -26.754776 -9.074889
v 3.897903 -27.962570 -9.094577
v 4.028114 -23.131409 -9.015820
v 6.149713 -17.253799 -5.969259
v 3.403672 -17.253799 -7.940413
v 3.798801 -9.253052 -2.725133
v 1.052760 -9.253052 -4.696288
v 8.156177 -17.296143 -1.380467
v 5.330999 -9.205490 -0.399764
v 8.597362 -17.204544 1.350571
v 5.492811 -8.398773 3.404399
v 8.165137 -14.790405 5.450906
v 7.037101 -15.140686 12.031135
v 5.780878 -12.519394 7.596270
v 5.083427 -9.170273 9.274284
v 4.457143 -10.779510 13.702817
v 12.286508 -29.616943 6.411368
v 10.435058 -26.677765 12.512632
v 12.670560 -29.986496 7.393561
v 11.108842 -27.547348 12.699441
v 10.377425 -27.268219 13.457043
v 10.870044 -28.055161 13.534951
v 8.866839 -30.392456 15.665665
v 10.155877 -30.290665 15.179133
v 10.027202 -30.959183 14.895292
v 9.035382 -31.221222 15.500327
v 10.758492 -35.400276 8.675814
v 11.775928 -34.412659 9.188589
v 10.758492 -35.400276 8.675814
v 11.397325 -34.915665 7.777170
v 11.775928 -34.412659 9.188589
v 12.172690 -33.906380 8.220492
v 11.695716 -30.886993 5.710061
v 12.574067 -31.066498 7.285356
v 12.286508 -29.616943 6.411368
v 12.670560 -29.986496 7.393561
v 11.108842 -27.547348 12.699441
v 12.574067 -31.066498 7.285356
v 12.670560 -29.986496 7.393561
v 10.870044 -28.055161 13.534951
v 12.172690 -33.906380 8.220492
v 10.155877 -30.290665 15.179133
v 10.027202 -30.959183 14.895292
v 11.775928 -34.412659 9.188589
v 10.723611 -37.439499 -1.897359
v 10.690192 -42.387131 0.587996
v 10.089084 -41.841492 -0.969592
v 11.327472 -36.252266 -0.708056
v 12.202624 -40.373650 5.104743
v 12.377362 -35.569244 4.007775
v 11.967193 -36.409401 8.453138
v 11.889499 -38.208023 9.065693
v -10.905370 -29.100143 -1.638450
v -10.048409 -28.986618 -3.902555
v -10.989648 -30.346970 -1.169175
v -9.317281 -32.954697 -4.039695
v -7.789231 -28.687302 -7.420334
v -6.233910 -34.852837 -6.822665
v -8.359620 -34.704025 -4.703503
v -4.139973 -28.659378 -9.731588
v -7.330472 -39.029999 -4.762190
v -2.204770 -31.755035 -9.258919
v -3.551614 -28.657242 -9.815088
v -5.503384 -38.723503 -6.403459
v -6.715577 -43.226173 -4.352619
v -3.482899 -34.852837 -8.276845
v 0.017066 -34.852837 -8.844712
v 0.017066 -31.755463 -9.581480
v -3.177506 -38.723503 -7.430146
v 0.017066 -38.723503 -7.997487
v -5.057061 -43.226173 -5.804655
v -6.551011 -45.852310 -4.172737
v -2.574315 -43.226173 -6.729503
v 0.017066 -43.226173 -7.130753
v -4.754094 -45.852310 -5.434202
v -6.434861 -47.428040 -3.930312
v -2.031075 -45.852310 -6.502265
v 0.017066 -45.852310 -6.921523
v -2.585957 -47.428017 -5.963196
v -4.782326 -47.428017 -5.042602
v -6.293198 -48.828659 -3.686821
v -4.686364 -48.828659 -4.685014
v -2.418526 -48.828636 -5.617489
v -6.153634 -47.553329 -3.243199
v -6.293198 -48.828659 -3.686821
v -6.377751 -48.828659 -2.287693
v -6.434861 -47.428040 -3.930312
v -6.212330 -46.118607 -3.471885
v -6.551011 -45.852310 -4.172737
v -6.180840 -43.239563 -3.770733
v -6.715577 -43.226173 -4.352619
v -6.667481 -39.131035 -4.205837
v -7.330472 -39.029999 -4.762190
v -8.063363 -34.664780 -4.103488
v -8.359620 -34.704025 -4.703503
v -9.317281 -32.954697 -4.039695
v -8.660554 -33.412903 -3.507788
v -10.989648 -30.346970 -1.169175
v -10.433732 -30.506836 -0.276380
v -10.414598 -23.071732 2.253491
v -12.286977 -26.743973 3.561198
v -11.423463 -23.109161 3.179910
v -11.179391 -27.662903 2.543066
v -12.517800 -28.686493 4.810733
v -11.306741 -29.525040 3.705606
v -11.661584 -30.886993 5.710061
v -12.252378 -29.616943 6.411368
v 0.017066 -38.269623 22.778500
v -2.362534 -44.055214 18.456470
v 0.017066 -44.644615 18.928431
v -2.363370 -38.219826 22.202682
v -3.886945 -43.241776 17.728319
v -4.020764 -37.762535 21.166140
v -5.552323 -42.187271 16.814327
v -3.538869 -34.358635 20.677864
v -5.473286 -36.568336 20.216082
v -7.217701 -41.132767 15.900332
v -6.739327 -34.710808 18.775934
v -7.817643 -46.207893 15.744489
v -5.251801 -44.490631 18.941248
v -7.554047 -43.012497 16.815956
v -6.033516 -48.682350 17.039421
v -2.594575 -45.473686 20.197935
v -2.399327 -50.474052 18.947117
v 0.017066 -46.178360 20.402140
v -4.640145 -54.818092 15.558884
v 0.017066 -50.561455 19.386301
v -2.148316 -54.826782 16.835922
v 0.017066 -54.920273 17.226622
v -10.950910 -34.461349 3.841571
v -11.363191 -34.915665 7.777170
v -11.661584 -30.886993 5.710061
v -11.306741 -29.525040 3.705606
v -9.988629 -34.555084 -0.536516
v -10.433732 -30.506836 -0.276380
v -11.179391 -27.662903 2.543066
v -8.660554 -33.412903 -3.507788
v -8.063363 -34.664780 -4.103488
v -10.280812 -28.330597 -1.022654
v -9.089684 -36.407112 -2.615561
v -6.667481 -39.131035 -4.205837
v -8.420789 -43.226189 -1.269509
v -6.180840 -43.239563 -3.770733
v -6.212330 -46.118607 -3.471885
v -7.589825 -45.852333 -0.608469
v -8.397149 -43.727402 1.440085
v -6.153634 -47.553329 -3.243199
v -7.867375 -46.118622 2.074207
v -7.241078 -47.428024 -0.211842
v -6.377751 -48.828659 -2.287693
v -7.672334 -47.553329 2.454680
v -7.004521 -48.828659 0.140706
v -7.560933 -48.828659 2.792875
v -9.880189 -23.182739 -1.054642
v -9.303197 -28.241959 -3.759824
v -10.414598 -23.071732 2.253491
v -9.542897 -19.878510 7.539231
v -10.239186 -21.322586 7.613217
v -7.320279 -23.131409 -6.628147
v -7.168576 -27.962570 -6.982379
v -3.162980 -26.754776 -9.074889
v -3.863770 -27.962570 -9.094577
v -3.993977 -23.131409 -9.015820
v -6.115578 -17.253799 -5.969259
v -3.369538 -17.253799 -7.940413
v -3.764668 -9.253052 -2.725133
v -1.018628 -9.253052 -4.696288
v -8.122045 -17.296143 -1.380467
v -5.296868 -9.205490 -0.399764
v -8.563230 -17.204544 1.350571
v -5.458680 -8.398773 3.404399
v -8.131005 -14.790405 5.450906
v -7.002972 -15.140686 12.031135
v -5.746747 -12.519394 7.596270
v -5.049298 -9.170273 9.274284
v -4.423012 -10.779510 13.702817
v -10.400926 -26.677765 12.512632
v -12.252378 -29.616943 6.411368
v -12.636426 -29.986496 7.393561
v -11.074708 -27.547348 12.699441
v -10.343293 -27.268219 13.457043
v -10.835908 -28.055161 13.534951
v -8.832707 -30.392456 15.665665
v -10.121739 -30.290665 15.179133
v -9.993062 -30.959183 14.895292
v -9.001252 -31.221222 15.500327
v -10.724359 -35.400276 8.675814
v -11.741796 -34.412659 9.188589
v -11.741796 -34.412659 9.188589
v -11.363191 -34.915665 7.777170
v -10.724359 -35.400276 8.675814
v -12.138555 -33.906380 8.220492
v -11.661584 -30.886993 5.710061
v -12.539941 -31.066498 7.285356
v -12.252378 -29.616943 6.411368
v -12.636426 -29.986496 7.393561
v -12.539941 -31.066498 7.285356
v -11.074708 -27.547348 12.699441
v -12.636426 -29.986496 7.393561
v -10.835908 -28.055161 13.534951
v -12.138555 -33.906380 8.220492
v -10.121739 -30.290665 15.179133
v -9.993062 -30.959183 14.895292
v -11.741796 -34.412659 9.188589
v -10.656060 -42.387131 0.587996
v -10.689481 -37.439499 -1.897359
v -10.054955 -41.841492 -0.969592
v -11.293336 -36.252266 -0.708056
v -12.168492 -40.373650 5.104743
v -12.343228 -35.569244 4.007775
v -11.933061 -36.409401 8.453138
v -11.855363 -38.208023 9.065693
v -6.973439 -15.646729 13.446076
v -7.256665 -14.044800 17.208738
v -5.806126 -12.809662 16.957062
v -8.072545 -16.300156 14.581403
v -8.810727 -17.595428 18.372269
v -8.753709 -18.688187 16.076290
v -8.040437 -21.053391 20.053808
v -7.701947 -22.475342 18.433229
v -5.179535 -24.574020 21.898251
v -4.768486 -25.935455 20.776106
v -2.367505 -29.813492 23.959930
v -2.476388 -30.404022 23.315292
v -1.444714 -29.963013 24.557945
v 0.017066 -30.434540 23.626678
v 0.017066 -30.029633 24.641315
v 0.017066 -25.691498 25.505304
v -1.522286 -25.571457 25.345591
v 0.017066 -23.289993 25.559774
v -1.692402 -23.200836 25.445326
v -2.891648 -25.489273 24.731722
v -5.179535 -24.574020 21.898251
v -2.638856 -21.629532 25.056273
v -4.292157 -23.489243 23.727810
v -8.040437 -21.053391 20.053808
v -4.123456 -19.246201 23.669104
v -6.540978 -19.720184 22.160488
v -8.810727 -17.595428 18.372269
v -7.426915 -16.298706 20.200857
v -7.256665 -14.044800 17.208738
v -5.167305 -15.316452 21.543810
v -5.806126 -12.809662 16.957062
v -3.681557 -13.057373 19.801697
v -4.010251 -15.055176 21.599377
v -6.973439 -15.646729 13.446076
v -4.423012 -10.779510 13.702817
v -7.002972 -15.140686 12.031135
v -4.397217 -12.369812 16.000109
v -2.939225 -11.438644 17.012260
v -3.551614 -28.657242 -9.815088
v -3.863770 -27.962570 -9.094577
v -3.162980 -26.754776 -9.074889
v -4.139973 -28.659378 -9.731588
v -7.168576 -27.962570 -6.982379
v -7.789231 -28.687302 -7.420334
v -9.303197 -28.241959 -3.759824
v -10.048409 -28.986618 -3.902555
v -10.905370 -29.100143 -1.638450
v -10.280812 -28.330597 -1.022654
v -4.394848 -12.190704 -2.620666
v -8.031812 -14.264221 -3.476069
v -6.939946 -11.264359 -2.620666
v -5.486714 -15.190582 -3.476069
v -9.123673 -17.264099 -2.620670
v -6.578587 -18.190460 -2.620670
v -9.922982 -19.460190 -0.283666
v -7.377884 -20.386520 -0.283666
v -7.670449 -21.190338 2.908741
v -10.215539 -20.263992 2.908741
v -9.922982 -19.460190 6.101149
v -7.377884 -20.386520 6.101148
v -6.578587 -18.190475 8.438152
v -9.123673 -17.264114 8.438152
v -5.486714 -15.190582 9.293557
v -8.031812 -14.264236 9.293557
v -4.394848 -12.135696 8.436728
v -6.939946 -11.220871 8.443181
v -6.140645 -9.052994 6.106244
v -3.595551 -9.956665 6.109825
v -5.848076 -8.264481 2.908750
v -3.302979 -9.190811 2.908749
v -3.595551 -9.994629 -0.283659
v -6.140645 -9.068298 -0.283658
v -4.465603 -47.045647 -6.026345
v -3.344716 -47.046135 -4.146789
v -3.344933 -47.045647 -6.263486
v -4.139836 -47.046227 -3.635948
v -7.747144 -47.045654 -3.434827
v -6.646374 -47.046143 -2.025299
v -8.976525 -47.045654 2.203292
v -7.547219 -47.046143 2.203292
v -7.892789 -48.865158 7.488485
v -8.912858 -48.864799 7.488588
v -8.173516 -53.104271 6.264637
v -8.173516 -52.017273 7.927369
v -8.931172 -51.871773 6.620465
v -9.765553 -51.076363 2.203290
v -8.948270 -53.073883 2.203288
v -7.747144 -53.073883 -3.434832
v -8.454930 -51.076363 -4.065082
v -4.874241 -51.076355 -7.149626
v -4.465603 -53.073883 -6.026350
v -2.734296 -51.076355 -7.643574
v 0.017066 -53.073883 -6.974913
v 0.017066 -51.076355 -8.278646
v -2.989304 -53.073883 -6.650264
v -3.043492 -56.030060 -4.948689
v 0.017066 -56.030060 -5.596319
v 4.499738 -53.073883 -6.026350
v 7.781276 -53.073883 -3.434832
v 4.109935 -53.073883 2.203288
v 6.460903 -53.073883 2.203288
v 8.982404 -53.073883 2.203288
v 8.207654 -53.104271 6.264637
v 6.741481 -53.104271 6.264637
v 8.207654 -52.017273 7.927369
v 6.537179 -52.017250 7.927373
v 3.378850 -47.046135 -4.146789
v 4.499738 -47.045647 -6.026345
v 3.379066 -47.045647 -6.263486
v 4.173969 -47.046227 -3.635948
v 7.781276 -47.045654 -3.434827
v 6.680507 -47.046143 -2.025299
v 9.010655 -47.045654 2.203292
v 7.581356 -47.046143 2.203292
v 7.926919 -48.865158 7.488485
v 8.946992 -48.864799 7.488588
v 8.207654 -53.104271 6.264637
v 8.965306 -51.871773 6.620465
v 8.207654 -52.017273 7.927369
v 9.799685 -51.076363 2.203290
v 8.982404 -53.073883 2.203288
v 7.781276 -53.073883 -3.434832
v 8.489066 -51.076363 -4.065082
v 4.908374 -51.076355 -7.149626
v 4.499738 -53.073883 -6.026350
v 2.768428 -51.076355 -7.643574
v 0.017066 -53.073883 -6.974913
v 0.017066 -51.076355 -8.278646
v 3.023435 -53.073883 -6.650264
v 3.077623 -56.030060 -4.948689
v 0.017066 -56.030060 -5.596319
v 8.965306 -51.871773 6.620465
v 8.946992 -48.864799 7.488588
v 8.207654 -52.017273 7.927369
v 9.799685 -51.076363 2.203290
v 9.010655 -47.045654 2.203292
v 7.781276 -47.045654 -3.434827
v 8.489066 -51.076363 -4.065082
v 4.908374 -51.076355 -7.149626
v 4.499738 -47.045647 -6.026345
v 2.711541 -48.552689 -7.228249
v 3.379066 -47.045647 -6.263486
v 2.768428 -51.076355 -7.643574
v 0.017066 -51.076355 -8.278646
v 0.017066 -48.552689 -7.825969
v -9.864163 -54.497154 6.353081
v -6.344765 -56.527069 9.371053
v -6.344765 -53.582184 6.678219
v -9.864163 -57.055328 8.744596
v -6.344765 -60.549866 10.595769
v -9.864163 -60.549866 9.791014
v -9.864163 -64.044418 8.952620
v -6.344765 -64.572685 9.861170
v -9.864163 -66.602600 6.394440
v -6.344765 -67.517570 6.916274
v -6.344765 -68.595467 2.893478
v -9.864163 -67.538940 2.899899
v -9.864163 -66.602600 -0.594642
v -6.344765 -67.517570 -1.129315
v -9.864163 -64.044411 -3.152814
v -6.344765 -64.572662 -4.074214
v -6.344765 -60.549858 -5.152107
v -9.864163 -60.549858 -4.089180
v -9.864163 -57.055321 -3.152810
v -6.344765 -56.527061 -4.074209
v -6.344765 -53.582176 -1.129306
v -9.864163 -54.497147 -0.594633
v -6.344765 -52.504280 2.893489
v -9.864163 -53.560799 2.899909
v -9.864163 -54.497154 6.353081
v -6.344765 -53.582184 6.678219
v 6.378900 -56.527069 9.371053
v 9.898297 -54.497154 6.353081
v 6.378900 -53.582184 6.678219
v 9.898297 -57.055328 8.744596
v 6.378900 -60.549866 10.595769
v 9.898297 -60.549866 9.791014
v 9.898297 -64.044418 8.952620
v 6.378900 -64.572685 9.861170
v 9.898297 -66.602600 6.394440
v 6.378900 -67.517570 6.916274
v 6.378900 -68.595467 2.893478
v 9.898297 -67.538940 2.899899
v 9.898297 -66.602600 -0.594642
v 6.378900 -67.517570 -1.129315
v 9.898297 -64.044411 -3.152814
v 6.378900 -64.572662 -4.074214
v 6.378900 -60.549858 -5.152107
v 9.898297 -60.549858 -4.089180
v 9.898297 -57.055321 -3.152810
v 6.378900 -56.527061 -4.074209
v 6.378900 -53.582176 -1.129306
v 9.898297 -54.497147 -0.594633
v 6.378900 -52.504280 2.893489
v 9.898297 -53.560799 2.899909
v 9.898297 -54.497154 6.353081
v 6.378900 -53.582184 6.678219
v 0.017066 -53.582184 6.576467
v 6.378900 -56.527069 9.371053
v 6.378900 -53.582184 6.678219
v 0.017066 -56.527069 9.251434
v 6.378900 -60.549866 10.595769
v 0.017066 -60.549866 10.487274
v 6.378900 -64.572685 9.861170
v 0.017066 -64.572685 9.861170
v 6.378900 -67.517570 6.916274
v 0.017066 -67.517570 6.916274
v 6.378900 -68.595467 2.893478
v 0.017066 -68.595467 2.893478
v 6.378900 -67.517570 -1.129315
v 0.017066 -67.517570 -1.129315
v 6.378900 -64.572662 -4.074214
v 0.017066 -64.572662 -4.074214
v 6.378900 -60.549858 -5.152107
v 0.017066 -60.549858 -5.152107
v 6.378900 -56.527061 -4.074209
v 0.017066 -56.527061 -4.074209
v 6.378900 -53.582176 -1.129306
v 0.017066 -53.582176 -1.129306
v 6.378900 -52.504280 2.893489
v 0.017066 -52.504280 2.893489
v 0.017066 -53.582184 6.576467
v 6.378900 -53.582184 6.678219
v 5.368700 -8.965881 15.536218
v 5.368314 -13.894958 22.813677
v 5.632823 -11.306366 14.900172
v 5.632652 -15.387131 21.528761
v 4.559803 -20.971008 25.772362
v 4.772510 -21.647141 24.215630
v 2.618142 -24.991562 25.753464
v 2.588580 -24.358078 27.258400
v 0.017066 -25.211426 26.026978
v 0.017066 -24.548843 27.342798
v 2.131181 -6.307602 16.277428
v 2.834077 -6.822952 16.127430
v 2.379384 -7.189941 15.491962
v 0.017066 -6.681137 15.645411
v 0.017066 -6.178986 16.371820
v 0.017066 -11.142044 14.416208
v 4.590980 -9.201828 14.891148
v 4.701206 -11.142380 14.416185
v 0.017066 -9.201172 14.891192
v 3.278030 -8.552185 15.047929
v 0.017066 -8.551712 15.047961
v 2.379384 -7.189941 15.491962
v 0.017066 -6.681137 15.645411
v 2.833638 -12.071396 24.113356
v 2.617994 -18.602402 26.478983
v 3.777660 -13.394928 23.269817
v 3.292852 -19.540253 25.757725
v 1.579080 -19.940033 27.039152
v 1.969100 -20.992477 26.359297
v 0.017066 -21.138535 26.420513
v 0.017066 -20.103516 27.109280
v -1.544945 -19.940033 27.039152
v -1.934968 -20.992477 26.359297
v -3.258717 -19.540253 25.757725
v -2.583859 -18.602402 26.478983
v -3.743527 -13.394928 23.269817
v -2.799504 -12.071396 24.113356
v -5.598687 -11.306366 14.900172
v -5.334179 -13.894958 22.813677
v -5.334561 -8.965881 15.536218
v -5.598519 -15.387131 21.528761
v -4.525670 -20.971008 25.772362
v -4.738377 -21.647141 24.215630
v -2.584008 -24.991562 25.753464
v -2.554448 -24.358078 27.258400
v 0.017066 -25.211426 26.026978
v 0.017066 -24.548843 27.342798
v -2.097047 -6.307602 16.277428
v -2.345254 -7.189941 15.491962
v -2.799943 -6.822952 16.127430
v 0.017066 -6.681137 15.645411
v 0.017066 -6.178986 16.371820
v 7.508029 -20.277893 -1.227401
v 8.071452 -22.748672 -1.262181
v 10.494809 -20.302277 -2.202794
v 11.143035 -22.603867 -2.339263
v 11.000449 -24.800964 -2.785092
v 8.036765 -25.104248 -1.685960
v -7.473958 -20.277893 -1.227401
v -10.460732 -20.302277 -2.202794
v -8.037385 -22.748672 -1.262181
v -11.108964 -22.603867 -2.339263
v -10.966378 -24.800964 -2.785092
v -8.002690 -25.104248 -1.685960
v 3.171357 -26.251678 -9.235795
v 3.171354 -24.516525 -12.122538
v 3.171354 -23.911072 -9.862953
v 3.171354 -26.857132 -11.495373
v 2.376415 -27.165039 -12.644546
v 2.376407 -24.824432 -13.271710
v 1.186706 -25.030197 -14.039555
v 1.186706 -27.370789 -13.412392
v -1.152577 -25.030197 -14.039555
v -1.152577 -27.370789 -13.412392
v -2.342282 -27.165039 -12.644546
v -2.342286 -24.824432 -13.271696
v -3.137223 -24.516525 -12.122531
v -3.137223 -26.857132 -11.495373
v -3.137219 -26.251678 -9.235802
v -3.137215 -23.911072 -9.862953
v 3.171357 -22.324387 -9.963017
v 3.171354 -19.706558 -12.082211
v 3.171354 -19.910431 -9.751822
v 3.171354 -22.120514 -12.293406
v 2.376407 -22.016830 -13.478597
v 2.376409 -19.602875 -13.267390
v 1.186710 -21.947525 -14.270494
v 1.186710 -19.533585 -14.059299
v -1.152581 -19.533585 -14.059299
v -1.152581 -21.947525 -14.270494
v -2.342286 -19.602875 -13.267390
v -2.342278 -22.016830 -13.478589
v -3.137223 -19.706558 -12.082204
v -3.137223 -22.120514 -12.293406
v -3.137219 -22.324387 -9.963024
v -3.137215 -19.910431 -9.751822
v 3.171354 -17.145813 -11.318666
v 3.171354 -15.938293 -8.174473
v 3.171357 -18.134445 -9.198547
v 3.171354 -14.949661 -10.294592
v 2.376407 -14.446899 -11.372833
v 2.376415 -16.643036 -12.396901
v 1.186706 -16.307068 -13.117357
v 1.186706 -14.110916 -12.093283
v -1.152577 -14.110916 -12.093283
v -1.152577 -16.307068 -13.117357
v -2.342286 -14.446899 -11.372820
v -2.342282 -16.643036 -12.396909
v -3.137223 -17.145813 -11.318666
v -3.137223 -14.949661 -10.294583
v -3.137215 -15.938293 -8.174479
v -3.137219 -18.134445 -9.198555
v 1.936471 -9.311172 -5.789946
v 1.936471 -10.333267 -4.571866
v 1.936471 -12.189499 -6.129456
v 1.936471 -11.167419 -7.347537
v 1.486116 -10.734177 -7.863847
v 1.486116 -8.877945 -6.306268
v 0.812110 -10.444702 -8.208844
v 0.812110 -8.588455 -6.651258
v -0.777978 -8.588455 -6.651258
v -0.777978 -10.444702 -8.208844
v -1.451981 -8.877945 -6.306268
v -1.451981 -10.734177 -7.863847
v -1.902341 -9.311172 -5.789946
v -1.902341 -11.167419 -7.347537
v -1.902341 -12.189499 -6.129456
v -1.902341 -10.333267 -4.571866
v 3.171357 -18.134445 -9.198547
v 1.936471 -18.060333 -9.350939
v 1.936471 -17.304138 -10.979165
v 3.171354 -17.145813 -11.318666
v 2.376415 -16.643036 -12.396901
v 1.486116 -17.019287 -11.590024
v 1.186706 -16.307068 -13.117357
v 0.812110 -16.828949 -11.998185
v -0.777978 -16.828949 -11.998185
v -1.152577 -16.307068 -13.117357
v -1.451981 -17.019287 -11.590024
v -2.342282 -16.643036 -12.396909
v -1.902341 -17.304138 -10.979165
v -3.137223 -17.145813 -11.318666
v -3.137219 -18.134445 -9.198555
v -1.902341 -18.060333 -9.350939
v 3.171354 -15.938293 -8.174473
v 1.936471 -15.107986 -9.955084
v 1.920432 -15.884689 -8.271329
v 3.171354 -14.949661 -10.294592
v 2.376407 -14.446899 -11.372833
v 1.486116 -14.823135 -10.565943
v 1.186706 -14.110916 -12.093283
v 0.812110 -14.632812 -10.974111
v -0.777978 -14.632812 -10.974111
v -1.152577 -14.110916 -12.093283
v -1.451981 -14.823135 -10.565943
v -2.342286 -14.446899 -11.372820
v -1.902341 -15.107986 -9.955084
v -3.137223 -14.949661 -10.294583
v -3.137215 -15.938293 -8.174479
v -1.886296 -15.884689 -8.271329
v 3.171357 -14.286545 -7.400084
v 1.936471 -14.188370 -7.544446
v 1.936471 -13.023682 -8.905123
v 3.171354 -12.782883 -9.192078
v 2.376415 -12.018158 -10.103445
v 1.486116 -12.590439 -9.421440
v 1.186706 -11.507156 -10.712398
v 0.812110 -12.300949 -9.766437
v -0.777978 -12.300949 -9.766437
v -1.152577 -11.507156 -10.712398
v -1.451981 -12.590439 -9.421440
v -2.342282 -12.018158 -10.103452
v -1.902341 -13.023682 -8.905123
v -3.137223 -12.782883 -9.192078
v -3.137219 -14.286545 -7.400084
v -1.902341 -14.188370 -7.544446
v 5.616590 -14.521469 -8.685498
v 6.513456 -13.952393 -3.747025
v 5.277067 -15.883896 -4.118702
v 4.904420 -11.373138 -8.276372
v 5.246559 -9.128998 -5.934926
v 6.214521 -10.500443 -3.068206
v 3.827050 -8.400177 -7.909309
v 5.440856 -7.342361 -3.643602
v 6.221168 -8.571838 -0.699542
v 3.862806 -6.777008 -6.122033
v 2.924402 -6.129135 -6.158614
v 2.868121 -7.812057 -7.966423
v 3.976552 -5.509033 -4.095649
v 0.017066 -5.981232 -6.189136
v 0.017066 -7.673904 -8.006097
v -2.833989 -7.812057 -7.966423
v 2.990606 -4.897003 -4.136339
v 0.017066 -4.761047 -4.158286
v -2.890267 -6.129135 -6.158614
v -3.792916 -8.400177 -7.909309
v 2.940370 -4.401276 -2.227386
v 3.914804 -5.016891 -2.195299
v 5.469978 -6.513290 -1.435887
v 3.732652 -4.261047 2.961986
v 5.515327 -6.070770 3.101820
v 6.272766 -7.706146 3.136397
v 2.803754 -3.645782 2.946122
v 5.538002 -6.669708 6.796439
v 6.298566 -8.475052 6.709204
v 3.641582 -4.346405 6.833292
v 5.560680 -7.270081 9.790021
v 6.324367 -11.643799 9.490973
v 5.395944 -8.809479 13.537057
v 6.136938 -11.963303 12.977364
v 3.167115 -6.510162 13.799823
v 3.550510 -5.012329 10.016629
v 2.667146 -4.414017 10.084068
v 2.379604 -5.917892 13.872041
v 2.735452 -3.740311 6.859228
v 0.017066 -4.307251 10.172771
v 0.017066 -5.809601 13.984225
v -2.345471 -5.917892 13.872041
v 0.017066 -3.625641 6.917750
v -2.633012 -4.414017 10.084068
v -3.132981 -6.510162 13.799823
v 0.017066 -3.519211 2.973642
v -2.701318 -3.740311 6.859228
v -3.516377 -5.012329 10.016629
v 0.017066 -4.270233 -2.243801
v -2.769620 -3.645782 2.946122
v -3.607449 -4.346405 6.833292
v -5.526547 -7.270081 9.790021
v -5.361805 -8.809479 13.537057
v -6.290230 -11.643799 9.490973
v -6.102807 -11.963303 12.977364
v -6.264431 -8.475052 6.709204
v -5.503869 -6.669708 6.796439
v -6.238629 -7.706146 3.136397
v -5.481190 -6.070770 3.101820
v -6.187035 -8.571838 -0.699542
v -3.698518 -4.261047 2.961986
v -5.435845 -6.513290 -1.435887
v -5.406723 -7.342361 -3.643602
v -6.180390 -10.500443 -3.068206
v -3.880669 -5.016891 -2.195299
v -2.906235 -4.401276 -2.227386
v -3.942418 -5.509033 -4.095649
v -2.956471 -4.897003 -4.136339
v -3.828675 -6.777008 -6.122033
v -5.212426 -9.128998 -5.934926
v -4.870286 -11.373138 -8.276372
v -6.479321 -13.952393 -3.747025
v -5.582455 -14.521469 -8.685498
v -5.242936 -15.883896 -4.118702
v -1.895741 -10.927094 18.431080
v -4.188008 -12.036392 13.913748
v -2.318875 -13.374954 17.856665
v -3.678860 -9.757690 14.630527
v -2.118203 -9.036484 17.045002
v -2.340657 -7.469574 15.025798
v 0.017066 -10.746094 18.557770
v 0.017066 -7.328369 15.166540
v 0.017066 -8.718796 16.978241
v 2.353008 -13.374954 17.856665
v 4.222141 -12.036392 13.913748
v 1.929876 -10.927094 18.431080
v 3.712993 -9.757690 14.630527
v 2.152335 -9.036484 17.045002
v 2.374788 -7.469574 15.025798
v 0.017066 -10.746094 18.557770
v 0.017066 -7.328369 15.166540
v 0.017066 -8.718796 16.978241
v 6.500679 -56.092163 9.496908
v 6.951492 -53.553940 7.213146
v 6.705617 -53.905907 10.649195
v 7.230608 -49.953537 9.611024
v 8.226436 -48.488945 6.849469
v 6.785436 -52.839386 3.613104
v 7.595066 -48.828659 2.792875
v 8.858006 -45.789909 6.473315
v 7.706466 -47.553329 2.454680
v 7.901508 -46.118622 2.074207
v 8.431279 -43.727402 1.440085
v 9.329875 -42.076996 5.763905
v 2.010488 -31.410812 23.014421
v 0.017066 -30.434540 23.626678
v 0.017066 -31.421173 23.240868
v 2.510520 -30.404022 23.315292
v 3.573001 -34.358635 20.677864
v 3.171361 -34.392967 20.784567
v 1.918678 -37.412292 22.271154
v 2.397502 -38.219826 22.202682
v 0.017066 -38.269623 22.778500
v 0.017066 -37.446770 22.544342
v 6.118017 -48.586494 14.668116
v 4.674278 -54.818092 15.558884
v 4.005220 -55.668350 14.329982
v 6.067649 -48.682350 17.039421
v 7.851778 -46.207893 15.744489
v 7.576698 -47.513931 13.849241
v 1.703275 -48.676857 -6.253586
v 0.017066 -48.663475 -6.526946
v 0.017066 -47.945869 -6.672549
v 1.833328 -47.964241 -6.400112
v 1.488837 -47.123077 -6.307345
v 0.017066 -47.149162 -6.512338
v -6.917359 -53.553940 7.213146
v -6.466546 -56.092163 9.496908
v -6.671483 -53.905907 10.649195
v -7.196476 -49.953537 9.611024
v -8.192304 -48.488945 6.849469
v -6.751301 -52.839386 3.613104
v -7.560933 -48.828659 2.792875
v -8.823873 -45.789909 6.473315
v -7.672334 -47.553329 2.454680
v -7.867375 -46.118622 2.074207
v -8.397149 -43.727402 1.440085
v -9.295743 -42.076996 5.763905
v 0.017066 -30.434540 23.626678
v -1.976353 -31.410812 23.014421
v 0.017066 -31.421173 23.240868
v -2.476388 -30.404022 23.315292
v -3.538869 -34.358635 20.677864
v -3.137227 -34.392967 20.784567
v -1.884545 -37.412292 22.271154
v -2.363370 -38.219826 22.202682
v 0.017066 -38.269623 22.778500
v 0.017066 -37.446770 22.544342
v -4.640145 -54.818092 15.558884
v -6.083882 -48.586494 14.668116
v -3.971085 -55.668350 14.329982
v -6.033516 -48.682350 17.039421
v -7.817643 -46.207893 15.744489
v -7.542561 -47.513931 13.849241
v -1.669140 -48.676857 -6.253586
v 0.017066 -47.945869 -6.672549
v 0.017066 -48.663475 -6.526946
v -1.799195 -47.964241 -6.400112
v -1.454705 -47.123077 -6.307345
v 0.017066 -47.149162 -6.512338
v 3.855560 -8.251480 15.714248
v 5.368314 -13.894958 22.813677
v 5.368700 -8.965881 15.536218
v 3.777660 -13.394928 23.269817
v 3.292852 -19.540253 25.757725
v 4.559803 -20.971008 25.772362
v 1.969100 -20.992477 26.359297
v 2.588580 -24.358078 27.258400
v 0.017066 -24.548843 27.342798
v 0.017066 -21.138535 26.420513
v -1.934968 -20.992477 26.359297
v -2.554448 -24.358078 27.258400
v -4.525670 -20.971008 25.772362
v -3.258717 -19.540253 25.757725
v -5.334179 -13.894958 22.813677
v -3.743527 -13.394928 23.269817
v -3.821423 -8.251480 15.714248
v -5.334561 -8.965881 15.536218
v 11.618274 -23.730515 9.557704
v 11.457595 -23.109161 3.179910
v 11.313367 -21.322586 8.025636
v 12.321111 -26.743973 3.561198
v 12.551940 -28.686493 4.810733
v 12.286508 -29.616943 6.411368
v 10.435058 -26.677765 12.512632
v -11.423463 -23.109161 3.179910
v -11.584146 -23.730515 9.557704
v -11.279237 -21.322586 8.025636
v -12.286977 -26.743973 3.561198
v -12.517800 -28.686493 4.810733
v -12.252378 -29.616943 6.411368
v -10.400926 -26.677765 12.512632
v 5.357519 -17.252655 -10.089887
v 4.091438 -19.682053 -11.489380
v 4.176164 -18.072784 -10.877292
v 7.282600 -19.987305 -10.353189
v 3.997783 -22.680115 -11.539770
v 7.126188 -17.498596 -9.486423
v 5.240280 -15.275711 -8.093206
v 7.060789 -15.469345 -7.214213
v 9.622239 -18.688278 -6.446484
v 9.030345 -16.505096 -4.667729
v 10.494809 -20.302277 -2.202794
v 9.897944 -21.157394 -7.070633
v 11.143035 -22.603867 -2.339263
v 7.011203 -22.929123 -10.507277
v 9.668643 -23.689621 -7.171151
v 11.000449 -24.800964 -2.785092
v 8.987691 -27.874847 -6.308650
v 6.021938 -27.857620 -9.233639
v 3.397880 -27.621094 -10.381424
v -4.057366 -19.682053 -11.489380
v -5.323445 -17.252655 -10.089887
v -4.142094 -18.072784 -10.877292
v -7.248528 -19.987305 -10.353189
v -3.963712 -22.680115 -11.539770
v -7.092110 -17.498596 -9.486423
v -5.206208 -15.275711 -8.093206
v -7.026715 -15.469345 -7.214213
v -9.588166 -18.688278 -6.446484
v -8.996274 -16.505096 -4.667729
v -10.460732 -20.302277 -2.202794
v -9.863873 -21.157394 -7.070633
v -11.108964 -22.603867 -2.339263
v -6.977131 -22.929123 -10.507277
v -9.634572 -23.689621 -7.171151
v -10.966378 -24.800964 -2.785092
v -8.953622 -27.874847 -6.308650
v -5.987866 -27.857620 -9.233639
v -3.363808 -27.621094 -10.381424
v 0.017066 -34.599609 23.611675
v 2.010488 -31.410812 23.014421
v 0.017066 -31.421173 23.240868
v 2.184812 -34.622688 23.284321
v 3.171361 -34.392967 20.784567
v 1.918678 -37.412292 22.271154
v 0.017066 -37.446770 22.544342
v -1.976353 -31.410812 23.014421
v 0.017066 -34.599609 23.611675
v 0.017066 -31.421173 23.240868
v -2.150677 -34.622688 23.284321
v -3.137227 -34.392967 20.784567
v -1.884545 -37.412292 22.271154
v 0.017066 -37.446770 22.544342
v 2.131181 -6.307602 16.277428
v 2.833638 -12.071396 24.113356
v 2.834077 -6.822952 16.127430
v 2.130727 -11.724823 24.542572
v 0.017066 -6.178986 16.371820
v 1.929639 -18.417114 26.871208
v 2.617994 -18.602402 26.478983
v 1.579080 -19.940033 27.039152
v 0.017066 -11.735901 24.535521
v 0.017066 -18.415985 26.869118
v 0.017066 -18.415985 26.869118
v 0.017066 -20.103516 27.109280
v -1.544945 -19.940033 27.039152
v -1.895505 -18.417114 26.871208
v -2.583859 -18.602402 26.478983
v -2.799504 -12.071396 24.113356
v -2.096589 -11.724823 24.542572
v -2.097047 -6.307602 16.277428
v -2.799943 -6.822952 16.127430
v 10.377425 -27.268219 13.457043
v 7.736084 -22.475342 18.433229
v 6.583837 -26.316483 19.889807
v 8.866839 -30.392456 15.665665
v 4.802619 -25.935455 20.776106
v 4.241348 -29.336441 21.842434
v 2.510520 -30.404022 23.315292
v 3.573001 -34.358635 20.677864
v -10.343293 -27.268219 13.457043
v -6.549702 -26.316483 19.889807
v -7.701947 -22.475342 18.433229
v -8.832707 -30.392456 15.665665
v -4.768486 -25.935455 20.776106
v -4.207219 -29.336441 21.842434
v -2.476388 -30.404022 23.315292
v -3.538869 -34.358635 20.677864
v 11.966531 -20.877930 9.276271
v 11.313367 -21.322586 8.025636
v 10.617074 -19.878510 7.951650
v 11.618274 -23.730515 9.557704
v 11.557624 -19.685989 9.329453
v 12.048501 -22.867981 10.670465
v 8.106677 -15.477203 12.290959
v 10.435058 -26.677765 12.512632
v 9.691403 -16.436890 12.650161
v 11.414639 -25.581573 13.835832
v 9.839767 -16.969360 13.807853
v 10.377425 -27.268219 13.457043
v 8.106677 -16.300156 14.581403
v 9.788453 -22.534653 17.121170
v 8.787845 -18.688187 16.076290
v 7.736084 -22.475342 18.433229
v 10.007943 -18.976990 15.288645
v -8.031812 -14.264236 9.293557
v -10.026509 -13.538223 7.406112
v -10.795606 -15.651306 6.803577
v -9.257413 -11.425171 6.803580
v -9.123673 -17.264114 8.438152
v -6.939946 -11.220871 8.443181
v -11.358624 -17.198166 5.157425
v -6.140645 -9.052994 6.106244
v -9.922982 -19.460190 6.101149
v -8.694398 -9.878281 5.157430
v -11.564702 -17.764374 2.908743
v -5.848076 -8.264481 2.908750
v -10.215539 -20.263992 2.908741
v -8.488320 -9.312073 2.908749
v -9.922982 -19.460190 -0.283666
v -8.694398 -9.878265 0.660066
v -11.358624 -17.198166 0.660061
v -6.140645 -9.068298 -0.283658
v -9.123673 -17.264099 -2.620670
v -9.257413 -11.425156 -0.986089
v -10.795606 -15.651291 -0.986092
v -6.939946 -11.264359 -2.620666
v -8.031812 -14.264221 -3.476069
v -10.026509 -13.538208 -1.588618
v -8.654202 -56.506523 0.560383
v -10.512818 -56.266373 0.422784
v -10.512818 -58.076797 -1.387632
v -10.512818 -55.603722 2.895858
v -8.654202 -58.215454 -1.148524
v -8.654202 -55.881035 2.894805
v -10.512818 -60.549858 -2.050293
v -8.654202 -56.506538 5.229220
v -8.654202 -60.549858 -1.774032
v -10.512818 -56.266380 5.368930
v -8.654202 -62.884270 -1.148521
v -10.512818 -58.076813 7.095993
v -10.512818 -63.022934 -1.387635
v -8.654202 -58.215477 6.846316
v -8.654202 -64.593185 0.560383
v -10.512818 -60.549866 7.832339
v -10.512818 -64.833351 0.422778
v -8.654202 -60.549866 7.541306
v -10.512818 -65.496010 2.895852
v -8.654202 -62.884285 6.938126
v -8.654202 -65.218681 2.894802
v -10.512818 -63.022942 7.179340
v -8.654202 -64.593224 5.229213
v -10.512818 -64.833351 5.368924
v 10.690192 -42.387131 0.587996
v 12.202624 -40.373650 5.104743
v 8.431279 -43.727402 1.440085
v 10.089084 -41.841492 -0.969592
v 10.627652 -41.424370 5.931175
v 8.454923 -43.226189 -1.269509
v 11.889499 -38.208023 9.065693
v 9.123820 -36.407112 -2.615561
v 10.308583 -38.839226 9.668715
v 10.723611 -37.439499 -1.897359
v 11.967193 -36.409401 8.453138
v 11.327472 -36.252266 -0.708056
v 10.758492 -35.400276 8.675814
v 10.022765 -34.555084 -0.536516
v 10.985044 -34.461349 3.841571
v 12.377362 -35.569244 4.007775
v -12.168492 -40.373650 5.104743
v -10.656060 -42.387131 0.587996
v -8.397149 -43.727402 1.440085
v -10.054955 -41.841492 -0.969592
v -10.593518 -41.424370 5.931175
v -8.420789 -43.226189 -1.269509
v -11.855363 -38.208023 9.065693
v -9.089684 -36.407112 -2.615561
v -10.274453 -38.839226 9.668715
v -10.689481 -37.439499 -1.897359
v -11.933061 -36.409401 8.453138
v -11.293336 -36.252266 -0.708056
v -10.724359 -35.400276 8.675814
v -9.988629 -34.555084 -0.536516
v -10.950910 -34.461349 3.841571
v -12.343228 -35.569244 4.007775
v -11.279237 -21.322586 8.025636
v -11.584146 -23.730515 9.557704
v -11.932397 -20.877930 9.276271
v -10.582940 -19.878510 7.951650
v -12.014371 -22.867981 10.670465
v -11.523492 -19.685989 9.329453
v -10.400926 -26.677765 12.512632
v -8.072545 -15.477203 12.290959
v -11.380506 -25.581573 13.835832
v -9.657266 -16.436890 12.650161
v -10.343293 -27.268219 13.457043
v -9.805634 -16.969360 13.807853
v -9.754319 -22.534653 17.121170
v -8.072545 -16.300156 14.581403
v -7.701947 -22.475342 18.433229
v -8.753709 -18.688187 16.076290
v -9.973805 -18.976990 15.288645
v -9.864163 -60.549858 -4.089180
v -10.512818 -63.022934 -1.387635
v -10.512818 -60.549858 -2.050293
v -10.512818 -58.076797 -1.387632
v -9.864163 -64.044411 -3.152814
v -9.864163 -57.055321 -3.152810
v -10.512818 -64.833351 0.422778
v -10.512818 -56.266373 0.422784
v -9.864163 -66.602600 -0.594642
v -9.864163 -54.497147 -0.594633
v -10.512818 -65.496010 2.895852
v -10.512818 -55.603722 2.895858
v -9.864163 -67.538940 2.899899
v -9.864163 -53.560799 2.899909
v -10.512818 -64.833351 5.368924
v -9.864163 -54.497154 6.353081
v -9.864163 -66.602600 6.394440
v -10.512818 -56.266380 5.368930
v -10.512818 -63.022942 7.179340
v -9.864163 -57.055328 8.744596
v -9.864163 -64.044418 8.952620
v -10.512818 -58.076813 7.095993
v -9.864163 -60.549866 9.791014
v -10.512818 -60.549866 7.832339
v 10.546950 -60.549858 -2.050293
v 10.546950 -63.022934 -1.387635
v 9.898297 -60.549858 -4.089180
v 10.546950 -58.076797 -1.387632
v 9.898297 -64.044411 -3.152814
v 9.898297 -57.055321 -3.152810
v 10.546950 -64.833351 0.422778
v 10.546950 -56.266373 0.422784
v 9.898297 -66.602600 -0.594642
v 9.898297 -54.497147 -0.594633
v 10.546950 -65.496010 2.895852
v 10.546950 -55.603722 2.895858
v 9.898297 -67.538940 2.899899
v 9.898297 -53.560799 2.899909
v 10.546950 -64.833351 5.368924
v 9.898297 -54.497154 6.353081
v 9.898297 -66.602600 6.394440
v 10.546950 -56.266380 5.368930
v 10.546950 -63.022942 7.179340
v 9.898297 -57.055328 8.744596
v 9.898297 -64.044418 8.952620
v 10.546950 -58.076813 7.095993
v 9.898297 -60.549866 9.791014
v 10.546950 -60.549866 7.832339
v 10.546950 -63.022934 -1.387635
v 8.688336 -64.593185 0.560383
v 10.546950 -64.833351 0.422778
v 10.546950 -65.496010 2.895852
v 8.688336 -62.884270 -1.148521
v 8.688336 -65.218681 2.894802
v 10.546950 -60.549858 -2.050293
v 8.688336 -64.593224 5.229213
v 8.688336 -60.549858 -1.774032
v 10.546950 -64.833351 5.368924
v 8.688336 -58.215454 -1.148524
v 10.546950 -63.022942 7.179340
v 10.546950 -58.076797 -1.387632
v 8.688336 -62.884285 6.938126
v 8.688336 -56.506523 0.560383
v 10.546950 -60.549866 7.832339
v 10.546950 -56.266373 0.422784
v 8.688336 -60.549866 7.541306
v 10.546950 -55.603722 2.895858
v 8.688336 -58.215477 6.846316
v 8.688336 -55.881035 2.894805
v 10.546950 -58.076813 7.095993
v 8.688336 -56.506538 5.229220
v 10.546950 -56.266380 5.368930
v -11.358624 -17.198166 0.660061
v -10.026509 -13.538223 2.908746
v -10.795606 -15.651291 -0.986092
v -11.564702 -17.764374 2.908743
v -10.026509 -13.538208 -1.588618
v -11.358624 -17.198166 5.157425
v -9.257413 -11.425156 -0.986089
v -10.795606 -15.651306 6.803577
v -8.694398 -9.878265 0.660066
v -10.026509 -13.538223 7.406112
v -8.488320 -9.312073 2.908749
v -9.257413 -11.425171 6.803580
v -8.694398 -9.878281 5.157430
v -8.654214 -60.549866 2.894798
v -8.654202 -62.884270 -1.148521
v -8.654202 -64.593185 0.560383
v -8.654202 -65.218681 2.894802
v -8.654202 -60.549858 -1.774032
v -8.654202 -64.593224 5.229213
v -8.654202 -58.215454 -1.148524
v -8.654202 -62.884285 6.938126
v -8.654202 -56.506523 0.560383
v -8.654202 -60.549866 7.541306
v -8.654202 -55.881035 2.894805
v -8.654202 -58.215477 6.846316
v -8.654202 -56.506538 5.229220
v 8.688346 -60.549866 2.894798
v 8.688336 -64.593185 0.560383
v 8.688336 -62.884270 -1.148521
v 8.688336 -65.218681 2.894802
v 8.688336 -60.549858 -1.774032
v 8.688336 -64.593224 5.229213
v 8.688336 -58.215454 -1.148524
v 8.688336 -62.884285 6.938126
v 8.688336 -56.506523 0.560383
v 8.688336 -60.549866 7.541306
v 8.688336 -55.881035 2.894805
v 8.688336 -58.215477 6.846316
v 8.688336 -56.506538 5.229220
vn 0.0948 0.9952 0.0237
vn 0.0628 -0.9969 0.0471
vn -0.0870 -0.9962 -0.0000
vn -0.0628 -0.9891 0.1335
vn -0.0627 -0.9890 0.1336
vn -0.1183 -0.9859 0.1183
vn -0.1023 -0.9916 0.0787
vn 0.2361 -0.7950 0.5589
vn 0.2360 -0.7950 0.5589
vn 0.2760 -0.8129 0.5129
vn 0.2762 -0.8128 0.5129
vn 0.2761 -0.8128 0.5129
vn 0.0941 0.6511 0.7531
vn 0.0940 0.6511 0.7531
vn 0.2525 0.5919 0.7655
vn 0.2526 0.5919 0.7654
vn -0.0235 0.9193 0.3928
vn -0.0236 0.9193 0.3928
vn 0.0078 0.9125 0.4090
vn 0.0077 0.9125 0.4090
vn -0.0948 0.9952 0.0237
vn -0.0629 -0.9969 0.0471
vn 0.0628 -0.9891 0.1336
vn 0.0628 -0.9891 0.1335
vn 0.0870 -0.9962 -0.0000
vn 0.1183 -0.9859 0.1183
vn 0.1023 -0.9916 0.0787
vn -0.2361 -0.7950 0.5589
vn -0.2359 -0.7949 0.5589
vn -0.2360 -0.7950 0.5589
vn -0.2761 -0.8128 0.5129
vn -0.0941 0.6511 0.7531
vn -0.2526 0.5919 0.7654
vn -0.2525 0.5919 0.7655
vn 0.0236 0.9193 0.3928
vn 0.0235 0.9193 0.3928
vn -0.0078 0.9125 0.4090
vn -0.0077 0.9125 0.4089
vn 0.8181 -0.5742 -0.0315
vn 0.8181 -0.5743 -0.0314
vn 0.8381 -0.5455 -0.0079
vn 0.8380 -0.5455 -0.0079
vn 0.7678 -0.6267 0.1332
vn 0.7678 -0.6267 0.1331
vn 0.7802 -0.6143 0.1178
vn 0.7800 -0.6145 0.1181
vn -0.8381 -0.5455 -0.0079
vn -0.8181 -0.5742 -0.0315
vn -0.7799 -0.6146 0.1182
vn -0.7800 -0.6145 0.1182
vn -0.7678 -0.6267 0.1331
vn -0.3310 -0.7092 0.6225
vn 0.3310 -0.7092 0.6225
vn 0.3310 -0.7091 0.6226
vn -0.7707 -0.2595 -0.5820
vn -0.4317 -0.1648 -0.8868
vn -0.4317 -0.1649 -0.8868
vn -0.3062 -0.4006 -0.8636
vn -0.3062 -0.4005 -0.8636
vn -0.3155 -0.4180 -0.8519
vn 0.8143 0.2372 0.5297
vn 0.7972 0.2604 0.5446
vn 0.7973 0.2603 0.5445
vn 0.7972 0.2605 0.5446
vn 0.9301 -0.3150 -0.1891
vn 0.8104 -0.5665 -0.1495
vn 0.4578 -0.8763 -0.1500
vn 0.4001 -0.2822 -0.8720
vn 0.3853 -0.2753 -0.8808
vn 0.5972 0.3301 -0.7310
vn 0.5922 0.3317 -0.7343
vn 0.4105 -0.8762 0.2526
vn 0.2683 -0.2132 -0.9394
vn 0.2680 -0.2133 -0.9395
vn 0.2681 -0.2133 -0.9395
vn 0.2365 -0.2208 -0.9462
vn 0.2366 -0.2208 -0.9462
vn 0.0079 -0.8847 -0.4661
vn 0.0947 -0.9071 -0.4102
vn 0.2125 -0.1810 -0.9602
vn 0.2125 -0.1810 -0.9603
vn 0.2592 -0.1728 -0.9502
vn 0.2047 0.9213 0.3307
vn 0.2046 0.9213 0.3307
vn 0.2986 0.9115 -0.2829
vn 0.2986 0.9115 -0.2828
vn 0.1345 0.9310 -0.3393
vn 0.3630 0.1262 -0.9232
vn 0.3630 0.1263 -0.9232
vn 0.0158 0.9834 0.1809
vn -0.0001 0.9806 0.1960
vn -0.0000 0.9405 0.3399
vn -0.0000 0.9405 0.3398
vn 0.9534 -0.2522 -0.1655
vn 0.9504 -0.2199 -0.2199
vn 0.9504 -0.2198 -0.2198
vn 0.7684 0.0785 -0.6351
vn 0.7685 0.0786 -0.6350
vn 0.8158 0.3804 -0.4357
vn 0.8157 0.3804 -0.4357
vn 0.8158 0.3803 -0.4357
vn 0.2126 -0.8875 0.4088
vn 0.1656 -0.8518 0.4969
vn 0.4106 -0.3792 0.8292
vn 0.4106 -0.3793 0.8292
vn 0.3948 -0.3790 0.8370
vn 0.2910 -0.4089 0.8649
vn 0.4017 -0.4095 0.8191
vn 0.4016 -0.4096 0.8191
vn 0.6867 -0.4815 -0.5446
vn 0.5262 0.1728 -0.8326
vn 0.5262 0.1729 -0.8326
vn 0.7348 -0.5211 -0.4342
vn 0.7347 -0.5212 -0.4343
vn 0.7345 -0.5213 -0.4344
vn 0.7346 -0.5213 -0.4344
vn 0.7504 -0.6398 -0.1659
vn 0.7504 -0.6398 -0.1658
vn -0.0474 -0.9936 -0.1026
vn -0.0473 -0.9936 -0.1025
vn -0.9859 -0.1578 0.0552
vn -0.9859 -0.1578 0.0553
vn -0.9859 -0.1577 0.0552
vn -0.9969 -0.0785 -0.0078
vn -0.9969 -0.0785 -0.0079
vn -0.9677 -0.2521 0.0077
vn -0.9677 -0.2519 0.0078
vn -0.9677 -0.2518 0.0079
vn -0.9678 -0.2518 0.0079
vn -0.8653 0.1888 0.4642
vn -0.8654 0.1888 0.4642
vn -0.8003 -0.0627 0.5963
vn -0.8003 -0.0628 0.5963
vn 0.4887 0.7571 0.4336
vn 0.4079 0.8317 0.3766
vn 0.3862 0.7566 0.5277
vn 0.8031 -0.4252 -0.4173
vn 0.8197 -0.4729 -0.3232
vn 0.7937 0.3536 -0.4950
vn 0.7707 -0.2596 -0.5820
vn 0.7707 -0.2595 -0.5820
vn 0.4317 -0.1649 -0.8868
vn 0.3062 -0.4004 -0.8636
vn 0.3062 -0.4005 -0.8636
vn 0.3155 -0.4180 -0.8519
vn -0.8144 0.2373 0.5296
vn -0.8143 0.2372 0.5297
vn -0.7973 0.2604 0.5446
vn -0.7972 0.2604 0.5446
vn -0.7973 0.2603 0.5445
vn -0.9300 -0.3150 -0.1892
vn -0.4578 -0.8763 -0.1499
vn -0.8104 -0.5665 -0.1495
vn -0.3853 -0.2753 -0.8808
vn -0.4001 -0.2822 -0.8720
vn -0.5971 0.3301 -0.7311
vn -0.5972 0.3301 -0.7310
vn -0.5922 0.3317 -0.7343
vn -0.5923 0.3317 -0.7343
vn -0.4105 -0.8762 0.2526
vn -0.2684 -0.2132 -0.9394
vn -0.2366 -0.2208 -0.9462
vn -0.0947 -0.9071 -0.4102
vn -0.0079 -0.8847 -0.4661
vn -0.2125 -0.1811 -0.9602
vn -0.2126 -0.1812 -0.9602
vn -0.2125 -0.1810 -0.9602
vn -0.2592 -0.1728 -0.9503
vn -0.2047 0.9213 0.3307
vn -0.2053 0.9211 0.3308
vn -0.2054 0.9211 0.3308
vn -0.1345 0.9310 -0.3393
vn -0.1342 0.9311 -0.3393
vn -0.2986 0.9115 -0.2829
vn -0.3629 0.1262 -0.9232
vn -0.3630 0.1262 -0.9232
vn -0.3630 0.1263 -0.9232
vn -0.0157 0.9834 0.1809
vn -0.0158 0.9834 0.1809
vn 0.0001 0.9806 0.1960
vn 0.0002 0.9806 0.1959
vn -0.9534 -0.2522 -0.1655
vn -0.9504 -0.2199 -0.2198
vn -0.9504 -0.2199 -0.2199
vn -0.7684 0.0784 -0.6351
vn -0.7684 0.0785 -0.6351
vn -0.8158 0.3803 -0.4357
vn -0.1656 -0.8518 0.4969
vn -0.2126 -0.8875 0.4088
vn -0.4107 -0.3791 0.8292
vn -0.4107 -0.3792 0.8292
vn -0.3948 -0.3790 0.8370
vn -0.2910 -0.4089 0.8649
vn -0.2909 -0.4089 0.8650
vn -0.4017 -0.4095 0.8191
vn -0.6867 -0.4815 -0.5446
vn -0.5263 0.1726 -0.8326
vn -0.5263 0.1727 -0.8326
vn -0.5264 0.1726 -0.8325
vn -0.7345 -0.5213 -0.4344
vn -0.7346 -0.5212 -0.4343
vn -0.7344 -0.5214 -0.4345
vn -0.7345 -0.5213 -0.4345
vn -0.7504 -0.6398 -0.1659
vn 0.0473 -0.9936 -0.1025
vn 0.0473 -0.9936 -0.1024
vn 0.9969 -0.0785 -0.0078
vn 0.9859 -0.1578 0.0552
vn 0.9676 -0.2522 0.0077
vn 0.9677 -0.2521 0.0077
vn 0.9675 -0.2527 0.0075
vn 0.9678 -0.2518 0.0079
vn 0.8654 0.1888 0.4642
vn 0.8003 -0.0627 0.5963
vn 0.8003 -0.0627 0.5964
vn -0.4887 0.7571 0.4336
vn -0.3862 0.7566 0.5277
vn -0.4080 0.8317 0.3766
vn -0.8197 -0.4729 -0.3232
vn -0.8031 -0.4252 -0.4173
vn -0.8031 -0.4252 -0.4174
vn -0.8032 -0.4252 -0.4173
vn -0.7937 0.3536 -0.4950
vn -0.7937 0.3536 -0.4949
vn -0.7936 0.3536 -0.4951
vn -0.9147 -0.4022 0.0394
vn -0.9075 -0.4182 0.0395
vn 0.9075 -0.4182 0.0395
vn 0.9147 -0.4022 0.0394
vn 0.2768 0.7434 -0.6089
vn 0.2981 0.7454 -0.5963
vn 0.2981 0.7453 -0.5964
vn 0.2981 0.7453 -0.5963
vn 0.4785 0.2824 -0.8315
vn 0.5829 0.2284 -0.7798
vn 0.4939 0.5488 -0.6745
vn 0.4940 0.5488 -0.6744
vn 0.4966 0.5518 -0.6700
vn 0.4966 0.5517 -0.6700
vn -0.0552 -0.4497 -0.8915
vn -0.0000 -0.4186 -0.9082
vn -0.2769 0.7433 -0.6089
vn -0.2768 0.7434 -0.6089
vn -0.2981 0.7454 -0.5962
vn -0.2981 0.7454 -0.5963
vn -0.4785 0.2824 -0.8315
vn -0.5829 0.2284 -0.7798
vn -0.4966 0.5518 -0.6700
vn -0.4939 0.5487 -0.6746
vn -0.4939 0.5488 -0.6745
vn 0.0552 -0.4498 -0.8914
vn 0.0552 -0.4497 -0.8915
vn 0.0552 -0.4497 -0.8914
vn 0.4805 -0.6692 0.5668
vn 0.4802 -0.6693 0.5669
vn 0.6935 -0.5365 0.4808
vn 0.2283 -0.7556 0.6139
vn -0.4805 -0.6692 0.5669
vn -0.6938 -0.5361 0.4809
vn -0.4801 -0.6694 0.5670
vn -0.2284 -0.7557 0.6139
vn -0.0000 -0.9439 -0.3303
vn -0.0628 -0.9420 -0.3298
vn -0.0628 -0.9420 -0.3297
vn -0.0000 -0.9439 -0.3304
vn 0.0628 -0.9420 -0.3296
vn 0.0628 -0.9420 -0.3297
vn 0.1411 -0.6430 -0.7528
vn 0.0002 -0.6624 -0.7491
vn 0.0002 -0.6456 -0.7637
vn 0.1570 -0.6284 -0.7619
vn 0.9494 -0.3060 0.0706
vn 0.9268 0.2985 0.2278
vn 0.9612 -0.2757 -0.0000
vn 0.5987 0.5042 0.6224
vn 0.5344 0.7781 -0.3301
vn 0.6272 0.6902 -0.3609
vn 0.4729 0.8197 -0.3232
vn 0.4179 0.8832 -0.2129
vn 0.8200 0.5281 -0.2206
vn 0.7983 0.6005 -0.0472
vn 0.3085 0.7435 -0.5933
vn 0.2445 0.7494 -0.6153
vn -0.0000 -0.9997 0.0236
vn -0.0079 -0.9997 0.0236
vn -0.0075 -0.9995 0.0310
vn 0.1500 0.3079 -0.9395
vn 0.0002 0.2684 -0.9633
vn 0.0002 0.3138 -0.9495
vn 0.1653 0.3541 -0.9205
vn 0.0002 -0.9290 0.3700
vn 0.0001 -0.9224 0.3863
vn 0.0940 -0.9183 0.3845
vn 0.0787 -0.9126 0.4012
vn 0.1180 -0.4408 0.8898
vn 0.0002 -0.4409 0.8975
vn 0.1185 -0.4346 0.8928
vn 0.0002 -0.4472 0.8944
vn 0.0002 -0.4783 0.8782
vn 0.1335 -0.4713 0.8718
vn 0.0002 -0.4876 0.8730
vn 0.1176 -0.4628 0.8786
vn -0.0000 -0.9920 -0.1260
vn -0.0157 -0.9919 -0.1259
vn -0.0707 -0.8793 -0.4710
vn -0.0000 -0.8815 -0.4722
vn -0.0710 -0.8825 -0.4649
vn 0.0002 -0.1260 0.9920
vn 0.1260 -0.1260 0.9840
vn -0.0000 -0.9591 -0.2830
vn 0.0632 -0.9566 -0.2846
vn 0.0473 -0.9530 -0.2993
vn -0.0000 -0.9633 -0.2685
vn 0.0002 -0.3930 -0.9196
vn 0.1652 -0.3932 -0.9045
vn 0.0002 -0.4090 -0.9125
vn 0.1891 -0.3782 -0.9062
vn -0.0000 0.7637 -0.6456
vn 0.0393 0.7631 -0.6451
vn -0.0000 0.7816 -0.6237
vn -0.0000 0.7418 -0.6707
vn -0.1411 -0.6430 -0.7528
vn -0.0002 -0.6456 -0.7637
vn -0.0002 -0.6624 -0.7491
vn -0.1570 -0.6284 -0.7619
vn -0.9268 0.2984 0.2278
vn -0.9494 -0.3060 0.0706
vn -0.9612 -0.2757 -0.0000
vn -0.5987 0.5041 0.6224
vn -0.5344 0.7781 -0.3301
vn -0.4729 0.8197 -0.3232
vn -0.6272 0.6902 -0.3608
vn -0.4179 0.8832 -0.2129
vn -0.8200 0.5281 -0.2206
vn -0.3085 0.7436 -0.5932
vn -0.7983 0.6005 -0.0472
vn -0.2445 0.7494 -0.6153
vn 0.0079 -0.9997 0.0236
vn 0.0075 -0.9995 0.0310
vn -0.1500 0.3079 -0.9395
vn -0.0002 0.3138 -0.9495
vn -0.0002 0.2684 -0.9633
vn -0.1653 0.3541 -0.9205
vn -0.0002 -0.9290 0.3700
vn -0.0942 -0.9183 0.3846
vn -0.0001 -0.9224 0.3863
vn -0.0787 -0.9126 0.4012
vn -0.1181 -0.4409 0.8898
vn -0.0002 -0.4409 0.8976
vn -0.0002 -0.4472 0.8944
vn -0.1185 -0.4346 0.8928
vn -0.1335 -0.4713 0.8718
vn -0.0002 -0.4783 0.8782
vn -0.0002 -0.4876 0.8730
vn -0.1178 -0.4629 0.8785
vn 0.0157 -0.9919 -0.1260
vn 0.0157 -0.9919 -0.1259
vn 0.0709 -0.8825 -0.4649
vn 0.0707 -0.8793 -0.4711
vn -0.0002 -0.1260 0.9920
vn -0.1259 -0.1259 0.9840
vn -0.1260 -0.1260 0.9840
vn -0.0632 -0.9566 -0.2846
vn -0.0473 -0.9530 -0.2993
vn -0.1652 -0.3933 -0.9045
vn -0.0002 -0.3930 -0.9196
vn -0.0002 -0.4090 -0.9125
vn -0.1891 -0.3782 -0.9062
vn -0.0393 0.7631 -0.6451
vn -0.0000 0.7416 -0.6708
vn 0.1965 0.5423 -0.8169
vn 0.2990 0.8104 -0.5038
vn 0.1422 0.3949 -0.9077
vn 0.3002 0.8136 -0.4979
vn -0.0000 -1.0000 -0.0000
vn 0.9154 0.4025 -0.0000
vn 0.9154 0.4024 -0.0000
vn -0.0000 1.0000 0.0002
vn -0.0000 0.1413 0.9900
vn -0.0000 0.6371 0.7708
vn -0.9154 0.4025 -0.0000
vn -0.9154 0.4024 -0.0000
vn -0.9154 0.4026 -0.0000
vn 0.0001 1.0000 -0.0004
vn -0.0000 1.0000 -0.0001
vn 0.0001 1.0000 -0.0003
vn -0.0000 0.1414 0.9900
vn -0.0000 0.1414 0.9899
vn -0.0000 -0.8498 -0.5272
vn -0.0000 -0.8498 -0.5271
vn -0.0000 -0.8499 -0.5270
vn -0.0000 -0.3930 -0.9196
vn -0.0000 -0.3932 -0.9194
vn -0.0000 -0.3931 -0.9195
vn -0.0000 -0.9463 -0.3232
vn -0.0000 -0.9463 -0.3233
vn 0.8110 0.4881 0.3227
vn 0.8342 0.3700 0.4090
vn 0.8348 0.4568 0.3072
vn 0.8337 0.2597 0.4874
vn -0.8348 0.4568 0.3072
vn -0.8337 0.2597 0.4874
vn -0.8342 0.3700 0.4090
vn -0.8110 0.4881 0.3226
vn -0.0000 -0.3929 -0.9196
vn -0.3236 0.8525 -0.4105
vn -0.2759 0.7253 -0.6307
vn -0.1653 0.7319 -0.6611
vn -0.0784 0.6351 -0.7684
vn 0.0552 0.7100 -0.7020
vn -0.0000 0.6150 0.7885
vn -0.0000 0.6063 0.7952
vn 0.2049 0.5910 0.7802
vn 0.4106 0.4422 0.7975
vn 0.5053 0.4896 0.7106
vn 0.5421 0.1964 0.8171
vn 0.4969 -0.0236 0.8675
vn 0.4977 -0.1027 0.8612
vn 0.4398 -0.1806 0.8797
vn -0.4255 -0.8668 -0.2600
vn -0.4033 -0.8697 -0.2847
vn -0.4733 -0.8440 -0.2524
vn -0.5115 -0.8262 -0.2361
vn -0.5744 -0.7789 -0.2517
vn -0.0000 0.1260 -0.9920
vn -0.0000 0.1182 -0.9930
vn -0.0000 0.1026 -0.9947
vn -0.0079 0.0863 -0.9962
vn -0.0000 0.0863 -0.9963
vn 0.7151 -0.2515 0.6522
vn 0.7258 -0.3077 0.6153
vn 0.7110 -0.3081 0.6320
vn 0.7662 -0.2291 0.6004
vn 0.6773 -0.2678 0.6852
vn 0.7875 -0.2756 0.5512
vn 0.9072 -0.2129 0.3629
vn 0.8800 -0.2671 0.3928
vn 0.9466 -0.1183 0.2998
vn 0.9519 -0.1495 0.2675
vn 0.8428 -0.1889 0.5039
vn 0.9540 -0.1341 0.2681
vn 0.9163 -0.1027 0.3871
vn 0.7867 -0.0709 0.6133
vn 0.9459 -0.1419 0.2917
vn 0.9468 -0.1893 0.2604
vn 0.9279 -0.1572 0.3381
vn 0.9276 -0.0943 0.3616
vn 0.8751 -0.1025 0.4730
vn 0.8101 -0.0708 0.5820
vn 0.8241 -0.1020 0.5573
vn 0.0003 -0.5272 0.8497
vn 0.0003 -0.5180 0.8554
vn 0.3627 -0.4967 0.7885
vn 0.4821 -0.3240 0.8140
vn 0.5849 -0.4426 0.6797
vn 0.5901 -0.1810 0.7868
vn 0.4736 0.2210 0.8525
vn 0.6539 -0.3939 0.6460
vn 0.6589 -0.1020 0.7452
vn 0.7864 -0.0706 0.6136
vn 0.8426 -0.1892 0.5042
vn 0.6274 0.6901 -0.3607
vn 0.5346 0.7779 -0.3301
vn 0.7769 0.5807 -0.2433
vn 0.8928 0.4188 -0.1659
vn 0.9895 0.1413 -0.0314
vn 0.9969 -0.0785 -0.0079
vn 0.9379 -0.3232 0.1261
vn 0.8817 -0.4251 0.2047
vn 0.8440 -0.4732 0.2524
vn 0.8770 -0.3872 0.2844
vn 0.7184 -0.3237 0.6158
vn 0.5428 -0.6604 0.5189
vn 0.2598 -0.5591 0.7874
vn -0.0000 -0.9290 0.3700
vn -0.0000 -0.6371 0.7708
vn 0.0002 -0.1337 0.9910
vn 0.2832 -0.1180 0.9518
vn -0.0000 -0.0315 0.9995
vn 0.3157 -0.0552 0.9472
vn 0.5902 -0.1416 0.7948
vn 0.7827 -0.2688 0.5613
vn 0.5744 -0.0157 0.8184
vn 0.6936 -0.1260 0.7093
vn 0.7948 -0.1416 0.5902
vn 0.5829 0.1654 0.7955
vn 0.7170 0.0709 0.6934
vn 0.8493 0.2202 0.4797
vn 0.7002 0.3777 0.6058
vn 0.6542 0.6305 0.4177
vn 0.4958 0.6296 0.5981
vn 0.4888 0.7569 0.4337
vn 0.3863 0.7564 0.5279
vn 0.1881 0.6745 0.7139
vn 0.6780 0.5992 0.4257
vn 0.7707 0.5190 0.3696
vn 0.8118 0.4965 0.3074
vn 0.8643 0.4400 0.2436
vn 0.8748 0.4492 0.1813
vn 0.3955 0.5699 -0.7202
vn 0.6481 0.3872 -0.6558
vn 0.3936 0.6136 -0.6845
vn 0.2924 0.7033 -0.6480
vn 0.4647 0.7168 -0.5199
vn 0.5499 0.7148 -0.4321
vn 0.6473 0.7104 -0.2763
vn 0.6504 0.7053 -0.2821
vn 0.6709 0.7103 -0.2131
vn 0.6671 0.7142 -0.2119
vn -0.7258 -0.3077 0.6153
vn -0.7151 -0.2515 0.6522
vn -0.7110 -0.3081 0.6320
vn -0.7662 -0.2291 0.6004
vn -0.6773 -0.2678 0.6852
vn -0.7875 -0.2756 0.5513
vn -0.9072 -0.2129 0.3629
vn -0.8800 -0.2671 0.3928
vn -0.9466 -0.1183 0.2998
vn -0.9519 -0.1495 0.2675
vn -0.8428 -0.1889 0.5039
vn -0.9540 -0.1341 0.2681
vn -0.9163 -0.1027 0.3871
vn -0.7867 -0.0709 0.6133
vn -0.9459 -0.1419 0.2917
vn -0.9468 -0.1893 0.2604
vn -0.9279 -0.1573 0.3381
vn -0.9276 -0.0943 0.3616
vn -0.8751 -0.1025 0.4730
vn -0.8101 -0.0708 0.5820
vn -0.8240 -0.1020 0.5573
vn -0.9338 0.1569 0.3217
vn -0.9370 0.1338 0.3228
vn -0.9415 0.1569 0.2981
vn -0.9448 0.1890 0.2677
vn -0.9423 0.2591 0.2120
vn -0.9303 0.3313 0.1578
vn -0.9205 0.3698 0.1259
vn -0.8973 0.4329 0.0866
vn -0.9268 0.2985 0.2278
vn -0.5986 0.5042 0.6225
vn -0.1419 0.5990 0.7881
vn -0.0943 0.6840 0.7233
vn 0.0237 0.7264 0.6869
vn 0.0629 0.7402 0.6694
vn 0.0867 0.7647 0.6386
vn 0.0002 0.7342 0.6789
vn 0.0002 0.6912 0.7226
vn -0.0000 -0.9835 0.1810
vn -0.0000 -0.9263 0.3768
vn -0.0000 -0.8380 0.5457
vn -0.0000 -0.8381 0.5455
vn -0.9363 -0.0944 0.3383
vn -0.8634 -0.1335 0.4866
vn -0.9678 -0.0000 0.2518
vn -0.9903 0.1336 -0.0393
vn -0.9798 0.1896 -0.0632
vn -0.8320 0.2355 -0.5023
vn -0.8391 0.2274 -0.4941
vn -0.4649 0.2443 -0.8510
vn -0.3874 0.3478 -0.8538
vn -0.2440 0.2518 -0.9365
vn -0.1805 0.4710 -0.8635
vn -0.2206 0.1655 -0.9612
vn -0.0003 0.1733 -0.9849
vn -0.0002 0.1733 -0.9849
vn -0.0000 0.8496 0.5274
vn 0.0079 0.8496 0.5274
vn 0.0158 0.5601 0.8283
vn -0.0000 0.4251 0.9052
vn 0.0157 0.1414 0.9898
vn -0.0000 -0.0157 0.9999
vn 0.0079 -0.3634 0.9316
vn -0.0000 -0.5454 0.8382
vn -0.0000 -0.8185 0.5745
vn -0.0000 -0.9082 0.4186
vn -0.0000 -0.9962 0.0869
vn -0.0000 -0.9962 -0.0869
vn -0.0000 -0.9082 -0.4186
vn -0.0000 -0.8185 -0.5745
vn -0.0000 -0.5745 -0.8185
vn -0.0000 -0.0869 -0.9962
vn -0.0000 0.0869 -0.9962
vn -0.0000 0.4186 -0.9082
vn -0.0000 0.5745 -0.8185
vn -0.0000 0.8185 -0.5745
vn -0.0000 0.9082 -0.4186
vn -0.0000 1.0000 0.0079
vn -0.0000 1.0000 0.0080
vn -0.0000 0.8499 0.5270
vn 0.0079 0.8499 0.5269
vn -0.0000 0.2373 -0.9714
vn -0.0000 0.2368 -0.9716
vn -0.0000 0.2370 -0.9715
vn -0.0000 0.2362 -0.9717
vn -0.0000 0.2590 -0.9659
vn -0.0000 0.2830 -0.9591
vn -0.0001 0.3069 -0.9517
vn -0.0000 0.3068 -0.9518
vn -0.6779 -0.0552 -0.7331
vn -0.6874 -0.1027 -0.7190
vn -0.7304 -0.1021 -0.6754
vn -0.6456 -0.0079 -0.7637
vn -0.6450 0.1180 -0.7551
vn -0.6246 0.2135 -0.7512
vn -0.6048 0.2985 -0.7384
vn -0.5831 0.3152 -0.7487
vn -0.0000 -0.1491 -0.9888
vn -0.0000 -0.2444 -0.9697
vn -0.0000 -0.0629 -0.9980
vn -0.0000 0.2277 -0.9737
vn -0.0000 0.4472 -0.8944
vn -0.0000 0.4472 -0.8945
vn -0.0000 0.5601 -0.8284
vn 0.6874 -0.1027 -0.7190
vn 0.6779 -0.0552 -0.7331
vn 0.7302 -0.1020 -0.6756
vn 0.6456 -0.0079 -0.7637
vn 0.6449 0.1180 -0.7551
vn 0.6247 0.2135 -0.7512
vn 0.6048 0.2985 -0.7383
vn 0.5832 0.3152 -0.7487
vn 0.1653 0.7319 -0.6611
vn -0.0552 0.7100 -0.7020
vn 0.0784 0.6351 -0.7684
vn 0.2759 0.7253 -0.6307
vn 0.3236 0.8525 -0.4105
vn -0.0000 -0.2443 -0.9697
vn -0.0000 0.4469 -0.8946
vn -0.0000 0.5602 -0.8284
vn 0.9818 -0.0786 -0.1730
vn 1.0000 -0.0000 -0.0000
vn 0.9205 -0.1652 -0.3540
vn 0.7016 -0.2996 -0.6465
vn 0.7017 -0.2996 -0.6465
vn 0.3789 -0.3948 -0.8370
vn 0.1888 -0.4170 -0.8891
vn -0.2847 -0.4032 -0.8697
vn -0.2846 -0.4032 -0.8697
vn -0.7017 -0.2996 -0.6465
vn -0.9205 -0.1652 -0.3540
vn -0.9818 -0.0786 -0.1730
vn -1.0000 -0.0000 -0.0000
vn 0.9804 -0.0157 -0.1963
vn 0.9219 -0.0315 -0.3861
vn 0.7483 -0.0473 -0.6617
vn 0.6530 -0.0551 -0.7553
vn 0.3784 -0.0710 -0.9229
vn 0.1895 -0.0714 -0.9793
vn -0.2844 -0.0711 -0.9561
vn -0.2845 -0.0711 -0.9560
vn -0.6530 -0.0551 -0.7553
vn -0.7483 -0.0473 -0.6617
vn -0.9219 -0.0315 -0.3861
vn -0.9804 -0.0157 -0.1963
vn 0.9805 0.0550 -0.1885
vn 0.9223 0.1104 -0.3705
vn 0.7000 0.2045 -0.6842
vn 0.7000 0.2045 -0.6843
vn 0.2828 0.2749 -0.9189
vn 0.2906 0.2670 -0.9188
vn -0.1886 0.2750 -0.9428
vn -0.3774 0.2596 -0.8889
vn -0.7000 0.2045 -0.6842
vn -0.7000 0.2045 -0.6843
vn -0.9223 0.1104 -0.3705
vn -0.9805 0.0550 -0.1885
vn 0.9812 0.0864 -0.1727
vn 1.0000 -0.0078 -0.0000
vn 0.9999 -0.0079 0.0079
vn 0.9218 0.1733 -0.3467
vn 0.7488 0.2995 -0.5912
vn 0.6517 0.3455 -0.6752
vn 0.2909 0.4404 -0.8494
vn 0.2837 0.4414 -0.8513
vn -0.1889 0.4486 -0.8736
vn -0.3790 0.4264 -0.8213
vn -0.6517 0.3455 -0.6752
vn -0.7488 0.2995 -0.5912
vn -0.9218 0.1733 -0.3467
vn -0.9811 0.0864 -0.1729
vn -1.0000 -0.0079 -0.0000
vn -0.9999 -0.0079 0.0079
vn 0.9808 0.1253 -0.1493
vn 0.9244 0.2451 -0.2921
vn 0.7066 0.4553 -0.5417
vn 0.2916 0.6147 -0.7329
vn -0.1898 0.6324 -0.7510
vn -0.3858 0.5906 -0.7087
vn -0.7067 0.4551 -0.5417
vn -0.7066 0.4553 -0.5417
vn -0.9244 0.2449 -0.2923
vn -0.9808 0.1256 -0.1491
vn -0.0000 -0.9659 0.2588
vn -0.0000 -0.9658 0.2591
vn -0.0000 0.9659 -0.2588
vn -0.0000 0.9658 -0.2593
vn -0.0000 -0.9962 -0.0872
vn -0.0000 -0.9963 -0.0864
vn -0.0000 -0.9962 -0.0867
vn -0.0000 -0.9962 -0.0866
vn -0.0000 -0.9962 -0.0868
vn -0.0000 -0.9963 -0.0860
vn -0.0000 -0.9962 -0.0871
vn -0.0000 -0.9963 -0.0865
vn -0.0000 -0.9963 -0.0863
vn -0.0000 0.9963 0.0864
vn -0.0000 0.9963 0.0865
vn -0.0000 0.9962 0.0868
vn -0.0000 0.9963 0.0863
vn -0.0000 0.9962 0.0866
vn -0.0000 0.9963 0.0862
vn -0.0000 0.9962 0.0867
vn -0.0000 0.9962 0.0872
vn -0.0000 0.7637 0.6456
vn -0.0000 0.7637 0.6455
vn -0.0000 0.7638 0.6454
vn -0.0000 0.7638 0.6455
vn 0.7875 -0.5513 -0.2756
vn 0.7938 -0.5895 -0.1493
vn 0.7707 -0.6212 -0.1415
vn 0.7857 -0.4714 -0.4007
vn 0.7561 -0.4174 -0.5041
vn 0.7785 -0.3853 -0.4954
vn 0.6708 -0.2604 0.6944
vn 0.5987 -0.0945 0.7954
vn 0.5981 -0.1023 0.7949
vn 0.7272 -0.3952 0.5612
vn 0.7549 -0.5190 0.4010
vn 0.7673 -0.4984 0.4035
vn -0.7938 -0.5895 -0.1493
vn -0.7875 -0.5513 -0.2756
vn -0.7707 -0.6212 -0.1415
vn -0.7857 -0.4714 -0.4007
vn -0.7561 -0.4174 -0.5041
vn -0.7785 -0.3853 -0.4955
vn -0.6708 -0.2604 0.6944
vn -0.5981 -0.1023 0.7949
vn -0.5987 -0.0945 0.7954
vn -0.7272 -0.3952 0.5612
vn -0.7549 -0.5190 0.4010
vn -0.7673 -0.4984 0.4035
vn -0.2049 0.5910 0.7802
vn -0.4106 0.4422 0.7975
vn -0.5054 0.4895 0.7106
vn -0.5421 0.1964 0.8171
vn -0.4968 -0.0236 0.8675
vn -0.4978 -0.1027 0.8612
vn -0.4398 -0.1806 0.8797
vn 0.1180 0.4091 -0.9048
vn -0.0000 0.4156 -0.9096
vn -0.0000 0.4091 -0.9125
vn 0.2597 0.3148 -0.9129
vn 0.3307 0.3149 -0.8897
vn 0.3396 0.2132 -0.9161
vn 0.3152 0.1891 -0.9300
vn 0.3063 0.1806 -0.9346
vn 0.2906 0.1650 -0.9425
vn 0.4255 -0.8668 -0.2600
vn 0.4733 -0.8440 -0.2524
vn 0.4032 -0.8697 -0.2846
vn 0.5115 -0.8262 -0.2361
vn 0.5743 -0.7789 -0.2518
vn -0.0000 0.1181 -0.9930
vn 0.0078 0.0863 -0.9962
vn -0.9757 -0.2046 -0.0787
vn -0.9891 -0.1334 -0.0628
vn -0.9889 -0.1258 -0.0787
vn -0.9570 -0.2745 -0.0941
vn -0.9339 -0.3377 -0.1173
vn -0.9339 -0.3374 -0.1178
vn -0.1180 0.4091 -0.9048
vn -0.2597 0.3148 -0.9129
vn -0.3307 0.3149 -0.8897
vn -0.3396 0.2132 -0.9161
vn -0.3152 0.1891 -0.9300
vn -0.3063 0.1806 -0.9346
vn -0.2906 0.1650 -0.9425
vn 0.9891 -0.1334 -0.0628
vn 0.9757 -0.2046 -0.0787
vn 0.9890 -0.1257 -0.0786
vn 0.9570 -0.2745 -0.0941
vn 0.9339 -0.3374 -0.1178
vn 0.9223 -0.1104 -0.3705
vn 0.8944 -0.1177 -0.4315
vn 0.9317 -0.0711 -0.3562
vn 0.8020 -0.1651 -0.5740
vn 0.7049 -0.1980 -0.6811
vn 0.6058 -0.1967 -0.7709
vn 0.7038 -0.1423 -0.6959
vn 0.3238 -0.2369 -0.9160
vn 0.6601 -0.1729 -0.7310
vn 0.1495 -0.2362 -0.9601
vn 0.1344 -0.2292 -0.9641
vn 0.5346 -0.1808 -0.8255
vn 0.6513 -0.1413 -0.7455
vn 0.2985 -0.2278 -0.9268
vn 0.0002 -0.2277 -0.9737
vn 0.2746 -0.1961 -0.9413
vn 0.0002 -0.1961 -0.9806
vn 0.4976 -0.1580 -0.8529
vn 0.5983 -0.1496 -0.7872
vn 0.2522 -0.1655 -0.9534
vn 0.0002 -0.1260 -0.9920
vn 0.4493 -0.1813 -0.8748
vn 0.5520 -0.1891 -0.8121
vn 0.2681 -0.1340 -0.9540
vn 0.0002 -0.0785 -0.9969
vn 0.3710 -0.2290 -0.8999
vn 0.4736 -0.2210 -0.8525
vn 0.5282 -0.2208 -0.8199
vn 0.4170 -0.2518 -0.8733
vn 0.3700 -0.2676 -0.8897
vn 0.9847 0.0552 0.1652
vn 0.9708 0.0395 0.2368
vn 0.9901 0.1257 -0.0629
vn 0.9196 -0.0000 0.3930
vn 0.9049 0.0236 0.4250
vn 0.8497 0.0157 0.5271
vn 0.7951 0.0157 0.6062
vn 0.7071 -0.0079 0.7071
vn 0.6803 -0.0870 0.7278
vn 0.7327 -0.1576 0.6621
vn 0.7637 -0.3936 0.5117
vn 0.8188 -0.3858 0.4251
vn 0.7176 -0.5993 0.3548
vn 0.6866 -0.6550 0.3157
vn 0.6627 -0.7022 0.2604
vn 0.6518 -0.7068 0.2749
vn 0.7102 -0.0474 -0.7024
vn 0.6608 0.0708 -0.7473
vn 0.6764 0.0865 -0.7314
vn 0.7337 -0.1815 -0.6548
vn 0.8185 -0.3778 -0.4328
vn 0.7549 -0.4010 -0.5190
vn 0.8532 -0.4424 -0.2765
vn 0.9201 -0.3853 -0.0708
vn 0.9415 0.1569 0.2981
vn 0.9370 0.1338 0.3228
vn 0.9337 0.1569 0.3217
vn 0.9448 0.1890 0.2677
vn 0.9423 0.2591 0.2120
vn 0.9303 0.3311 0.1577
vn 0.9205 0.3698 0.1259
vn 0.8973 0.4329 0.0866
vn 0.6518 -0.2042 0.7304
vn 0.7244 -0.1654 0.6693
vn 0.7241 -0.1648 0.6697
vn 0.5831 -0.2522 0.7723
vn 0.4011 -0.2517 0.8808
vn 0.3470 -0.3154 0.8832
vn 0.4877 -0.3619 0.7945
vn 0.0002 -0.2370 0.9715
vn 0.2592 -0.4319 0.8639
vn 0.0002 -0.3700 0.9290
vn 0.0002 -0.4409 0.8976
vn 0.1419 0.5990 0.7881
vn 0.5985 0.5043 0.6225
vn 0.0943 0.6840 0.7233
vn -0.0237 0.7264 0.6869
vn -0.0630 0.7402 0.6694
vn -0.0867 0.7647 0.6385
vn -0.0002 0.7342 0.6790
vn -0.0002 0.6912 0.7226
vn 0.9300 -0.3150 -0.1891
vn 0.9794 -0.1027 -0.1738
vn 0.9757 -0.0787 -0.2046
vn 0.9299 -0.0630 -0.3624
vn 0.9614 -0.0630 -0.2679
vn 0.9763 0.0393 -0.2126
vn 0.8832 -0.1341 -0.4495
vn 0.8247 -0.0943 -0.5577
vn 0.9602 0.0472 -0.2754
vn 0.7636 -0.1023 -0.6376
vn 0.7022 -0.1893 -0.6864
vn 0.8278 -0.2286 -0.5124
vn 0.7407 -0.1103 -0.6627
vn 0.8495 -0.1809 -0.4955
vn 0.9364 -0.2597 -0.2361
vn 0.9615 -0.2443 -0.1261
vn 0.9191 -0.1571 -0.3614
vn 0.9624 -0.2209 -0.1578
vn 0.9519 -0.2045 -0.2281
vn 0.9449 -0.1496 -0.2913
vn 0.9680 -0.1653 -0.1889
vn 0.9604 -0.1890 -0.2047
vn 0.9685 -0.1417 -0.2047
vn 0.9390 0.1815 -0.2920
vn 0.8984 0.0709 -0.4334
vn 0.9496 0.2904 -0.1177
vn 0.8982 0.4255 -0.1103
vn 0.7389 0.0865 -0.6682
vn 0.6274 0.1255 -0.7685
vn 0.5290 0.0790 -0.8449
vn 0.5115 0.3069 -0.8026
vn 0.5804 0.1020 -0.8079
vn 0.7418 0.2999 -0.5998
vn 0.5424 0.3694 -0.7546
vn 0.6845 0.4170 -0.5980
vn 0.5207 0.4496 -0.7258
vn 0.8897 0.3228 -0.3228
vn 0.8963 0.3538 -0.2673
vn 0.9453 0.3071 -0.1104
vn 0.9381 0.3390 0.0709
vn 0.9004 0.4186 0.1185
vn 0.7982 0.6005 -0.0472
vn 0.9048 0.3855 0.1810
vn 0.9820 0.1336 0.1335
vn 0.9421 0.3141 0.1177
vn 0.7727 0.6308 -0.0710
vn 0.7700 0.6285 0.1100
vn 0.7873 0.6141 -0.0551
vn 0.7471 0.5898 0.3067
vn 0.6224 0.5041 0.5987
vn 0.4887 0.4730 0.7331
vn 0.4323 0.1021 0.8959
vn 0.3463 0.0551 0.9365
vn 0.4730 -0.4887 0.7331
vn 0.5494 -0.3924 0.7377
vn 0.4646 -0.6930 0.5513
vn 0.4173 -0.7165 0.5590
vn 0.6725 -0.7358 0.0792
vn 0.7852 -0.5968 -0.1649
vn 0.7334 -0.6782 0.0473
vn 0.8286 -0.4262 -0.3630
vn 0.8172 -0.2514 -0.5186
vn 0.8763 -0.1500 -0.4579
vn 0.8942 -0.0863 -0.4393
vn 0.9241 -0.0473 -0.3791
vn 0.9522 -0.0629 0.2990
vn 0.9548 -0.0552 0.2920
vn 0.9364 -0.1180 0.3304
vn 0.9562 -0.0392 0.2900
vn 0.9311 -0.1341 0.3393
vn 0.9046 -0.2124 0.3697
vn 0.8977 -0.2128 0.3859
vn 0.9370 -0.0866 0.3386
vn 0.9129 -0.1889 -0.3620
vn 0.9266 -0.1806 -0.3298
vn 0.8832 -0.2130 -0.4178
vn 0.9567 -0.1333 -0.2588
vn 0.9949 -0.0711 -0.0711
vn 0.9974 -0.0471 -0.0550
vn 0.9961 -0.0157 0.0870
vn 0.9961 -0.0156 0.0863
vn -0.9319 -0.0711 -0.3557
vn -0.8944 -0.1177 -0.4315
vn -0.9223 -0.1104 -0.3705
vn -0.8020 -0.1651 -0.5740
vn -0.7049 -0.1980 -0.6811
vn -0.6057 -0.1967 -0.7710
vn -0.7038 -0.1423 -0.6959
vn -0.3238 -0.2369 -0.9160
vn -0.6602 -0.1729 -0.7309
vn -0.1495 -0.2362 -0.9601
vn -0.1343 -0.2291 -0.9641
vn -0.5346 -0.1808 -0.8255
vn -0.6513 -0.1413 -0.7455
vn -0.2985 -0.2278 -0.9268
vn -0.0002 -0.2277 -0.9737
vn -0.2746 -0.1961 -0.9413
vn -0.0002 -0.1961 -0.9806
vn -0.4976 -0.1580 -0.8529
vn -0.5983 -0.1496 -0.7872
vn -0.2521 -0.1655 -0.9534
vn -0.0002 -0.1260 -0.9920
vn -0.4493 -0.1813 -0.8748
vn -0.5520 -0.1891 -0.8121
vn -0.2681 -0.1340 -0.9540
vn -0.0002 -0.0785 -0.9969
vn -0.3710 -0.2290 -0.8999
vn -0.4736 -0.2210 -0.8525
vn -0.5282 -0.2208 -0.8199
vn -0.4170 -0.2518 -0.8733
vn -0.3700 -0.2677 -0.8896
vn -0.9708 0.0395 0.2368
vn -0.9847 0.0552 0.1652
vn -0.9901 0.1257 -0.0628
vn -0.9196 -0.0000 0.3930
vn -0.9049 0.0236 0.4250
vn -0.8497 0.0157 0.5271
vn -0.7951 0.0157 0.6062
vn -0.7071 -0.0079 0.7071
vn -0.6803 -0.0870 0.7278
vn -0.7327 -0.1576 0.6621
vn -0.7637 -0.3936 0.5117
vn -0.8188 -0.3857 0.4252
vn -0.7176 -0.5993 0.3548
vn -0.6866 -0.6550 0.3157
vn -0.6627 -0.7022 0.2604
vn -0.6518 -0.7068 0.2749
vn -0.6608 0.0708 -0.7473
vn -0.7102 -0.0474 -0.7024
vn -0.6764 0.0865 -0.7314
vn -0.7337 -0.1815 -0.6548
vn -0.8185 -0.3778 -0.4328
vn -0.7549 -0.4010 -0.5190
vn -0.8532 -0.4424 -0.2765
vn -0.9201 -0.3853 -0.0708
vn -0.0003 -0.5272 0.8498
vn -0.3627 -0.4967 0.7885
vn -0.0003 -0.5180 0.8554
vn -0.4821 -0.3240 0.8140
vn -0.5849 -0.4426 0.6797
vn -0.5901 -0.1810 0.7868
vn -0.6539 -0.3939 0.6460
vn -0.4737 0.2211 0.8525
vn -0.6590 -0.1020 0.7452
vn -0.8426 -0.1892 0.5042
vn -0.7864 -0.0706 0.6136
vn -0.7243 -0.1655 0.6693
vn -0.6518 -0.2042 0.7304
vn -0.7241 -0.1648 0.6697
vn -0.5831 -0.2522 0.7723
vn -0.4011 -0.2517 0.8808
vn -0.3470 -0.3154 0.8832
vn -0.0002 -0.2370 0.9715
vn -0.4877 -0.3619 0.7945
vn -0.0003 -0.3700 0.9290
vn -0.2592 -0.4319 0.8639
vn -0.9300 -0.3150 -0.1891
vn -0.9794 -0.1027 -0.1738
vn -0.9757 -0.0787 -0.2046
vn -0.9299 -0.0630 -0.3625
vn -0.9614 -0.0630 -0.2679
vn -0.9763 0.0393 -0.2126
vn -0.8832 -0.1341 -0.4495
vn -0.8247 -0.0943 -0.5577
vn -0.9602 0.0472 -0.2754
vn -0.7636 -0.1023 -0.6376
vn -0.7021 -0.1894 -0.6864
vn -0.8278 -0.2286 -0.5124
vn -0.7411 -0.1104 -0.6623
vn -0.8495 -0.1809 -0.4956
vn -0.9364 -0.2597 -0.2361
vn -0.9615 -0.2443 -0.1261
vn -0.9191 -0.1571 -0.3614
vn -0.9624 -0.2209 -0.1578
vn -0.9519 -0.2045 -0.2281
vn -0.9449 -0.1496 -0.2913
vn -0.9680 -0.1653 -0.1889
vn -0.9604 -0.1890 -0.2047
vn -0.9685 -0.1417 -0.2047
vn -0.9391 0.1815 -0.2919
vn -0.8984 0.0709 -0.4334
vn -0.9496 0.2904 -0.1177
vn -0.8982 0.4255 -0.1103
vn -0.7389 0.0865 -0.6682
vn -0.6274 0.1255 -0.7685
vn -0.5291 0.0790 -0.8449
vn -0.5115 0.3069 -0.8026
vn -0.5804 0.1020 -0.8079
vn -0.7418 0.2999 -0.5998
vn -0.5424 0.3694 -0.7546
vn -0.6845 0.4170 -0.5980
vn -0.5207 0.4496 -0.7258
vn -0.8897 0.3228 -0.3228
vn -0.8963 0.3538 -0.2673
vn -0.9453 0.3071 -0.1104
vn -0.9381 0.3390 0.0709
vn -0.9004 0.4186 0.1185
vn -0.7982 0.6005 -0.0472
vn -0.9048 0.3855 0.1810
vn -0.9820 0.1336 0.1335
vn -0.9421 0.3141 0.1177
vn -0.7700 0.6285 0.1100
vn -0.7727 0.6308 -0.0709
vn -0.7873 0.6141 -0.0551
vn -0.7471 0.5898 0.3067
vn -0.6223 0.5042 0.5987
vn -0.4887 0.4730 0.7331
vn -0.4323 0.1021 0.8959
vn -0.3463 0.0551 0.9365
vn -0.4730 -0.4887 0.7331
vn -0.5494 -0.3924 0.7377
vn -0.4646 -0.6930 0.5512
vn -0.4173 -0.7165 0.5590
vn -0.7334 -0.6782 0.0473
vn -0.7852 -0.5968 -0.1649
vn -0.6725 -0.7358 0.0793
vn -0.8286 -0.4262 -0.3630
vn -0.8172 -0.2514 -0.5186
vn -0.8763 -0.1500 -0.4579
vn -0.8942 -0.0863 -0.4393
vn -0.9241 -0.0474 -0.3791
vn -0.9548 -0.0552 0.2920
vn -0.9522 -0.0629 0.2990
vn -0.9365 -0.1178 0.3303
vn -0.9562 -0.0392 0.2900
vn -0.9311 -0.1341 0.3393
vn -0.9046 -0.2124 0.3697
vn -0.8977 -0.2128 0.3859
vn -0.9368 -0.0859 0.3390
vn -0.9266 -0.1806 -0.3298
vn -0.9129 -0.1889 -0.3620
vn -0.8832 -0.2129 -0.4180
vn -0.9567 -0.1333 -0.2588
vn -0.9949 -0.0711 -0.0711
vn -0.9974 -0.0471 -0.0550
vn -0.9961 -0.0156 0.0871
vn -0.9962 -0.0155 0.0863
vn -0.6274 0.6901 -0.3607
vn -0.7769 0.5807 -0.2433
vn -0.5346 0.7779 -0.3301
vn -0.8928 0.4188 -0.1659
vn -0.9895 0.1413 -0.0314
vn -0.9379 -0.3232 0.1261
vn -0.8817 -0.4251 0.2047
vn -0.8440 -0.4732 0.2524
vn -0.8770 -0.3872 0.2844
vn -0.7184 -0.3237 0.6158
vn -0.5428 -0.6604 0.5189
vn -0.2598 -0.5590 0.7874
vn -0.0002 -0.1337 0.9910
vn -0.2832 -0.1180 0.9518
vn -0.3157 -0.0552 0.9472
vn -0.5902 -0.1416 0.7948
vn -0.7827 -0.2688 0.5613
vn -0.5744 -0.0157 0.8184
vn -0.6935 -0.1261 0.7093
vn -0.7948 -0.1416 0.5902
vn -0.5829 0.1654 0.7955
vn -0.7170 0.0709 0.6934
vn -0.8493 0.2202 0.4797
vn -0.7002 0.3777 0.6058
vn -0.6542 0.6305 0.4177
vn -0.4958 0.6296 0.5981
vn -0.4888 0.7569 0.4337
vn -0.3863 0.7564 0.5279
vn -0.1880 0.6745 0.7139
vn -0.8643 0.4400 0.2436
vn -0.8118 0.4965 0.3074
vn -0.8748 0.4492 0.1814
vn -0.7707 0.5190 0.3696
vn -0.6780 0.5992 0.4258
vn -0.3955 0.5699 -0.7202
vn -0.3936 0.6136 -0.6845
vn -0.6481 0.3872 -0.6558
vn -0.2924 0.7033 -0.6480
vn -0.4647 0.7168 -0.5199
vn -0.5499 0.7148 -0.4320
vn -0.6473 0.7104 -0.2763
vn -0.6504 0.7053 -0.2821
vn -0.6708 0.7103 -0.2131
vn -0.6671 0.7142 -0.2119
vn 0.1420 0.3945 -0.9079
vn 0.0316 0.0869 -0.9957
vn 0.1964 0.5419 -0.8172
vn -0.0316 -0.0869 -0.9957
vn -0.1421 -0.3947 -0.9077
vn -0.1972 -0.5418 -0.8171
vn -0.3002 -0.8137 -0.4977
vn -0.3001 -0.8137 -0.4978
vn -0.3399 -0.9405 -0.0000
vn -0.3001 -0.8137 0.4978
vn -0.2990 -0.8105 0.5036
vn -0.1964 -0.5421 0.8171
vn -0.1421 -0.3947 0.9077
vn -0.0316 -0.0869 0.9957
vn 0.0314 0.0784 0.9964
vn 0.1729 0.4716 0.8647
vn 0.2753 0.7710 0.5743
vn 0.3058 0.8563 0.4163
vn 0.3398 0.9405 -0.0000
vn 0.3399 0.9404 -0.0079
vn 0.2991 0.8106 -0.5034
vn 0.3003 0.8138 -0.4975
vn -0.0001 1.0000 -0.0006
vn 0.0001 1.0000 0.0002
vn 0.0002 1.0000 0.0002
vn 0.0003 1.0000 0.0001
vn -0.0000 0.9862 0.1657
vn -0.8434 -0.4966 0.2050
vn -0.7411 -0.5598 0.3706
vn -0.8007 -0.5573 0.2198
vn -0.9045 -0.4247 -0.0393
vn -0.9263 -0.3768 -0.0079
vn -0.7723 -0.4413 -0.4570
vn -0.7807 -0.4258 -0.4574
vn -0.4489 -0.4884 -0.7483
vn -0.3637 -0.4664 -0.8063
vn -0.2128 -0.4651 -0.8593
vn -0.0002 -0.4722 -0.8815
vn -0.0002 -0.5456 -0.8381
vn -0.2197 -0.4394 -0.8710
vn -0.2605 -0.4816 -0.8368
vn -0.0002 -0.4566 -0.8896
vn -0.0000 -1.0000 -0.0001
vn -0.0001 1.0000 0.0002
vn -0.0002 1.0000 0.0002
vn -0.0000 1.0000 -0.0000
vn 0.8434 -0.4966 0.2050
vn 0.8007 -0.5572 0.2198
vn 0.7411 -0.5598 0.3705
vn 0.9045 -0.4247 -0.0393
vn 0.9263 -0.3768 -0.0079
vn 0.7723 -0.4413 -0.4570
vn 0.7807 -0.4258 -0.4574
vn 0.4489 -0.4884 -0.7483
vn 0.3636 -0.4664 -0.8064
vn 0.2128 -0.4651 -0.8593
vn 0.0002 -0.4722 -0.8815
vn 0.0002 -0.5455 -0.8381
vn 0.2197 -0.4394 -0.8710
vn 0.2605 -0.4816 -0.8368
vn 0.0002 -0.4566 -0.8896
vn 0.9363 -0.0944 0.3383
vn 0.9678 -0.0000 0.2518
vn 0.8634 -0.1335 0.4866
vn 0.9903 0.1336 -0.0393
vn 0.9798 0.1896 -0.0632
vn 0.8320 0.2355 -0.5023
vn 0.8391 0.2274 -0.4941
vn 0.4649 0.2443 -0.8510
vn 0.3874 0.3478 -0.8538
vn 0.2440 0.2518 -0.9365
vn 0.1805 0.4710 -0.8635
vn 0.2206 0.1654 -0.9612
vn 0.0003 0.1733 -0.9849
vn 0.0002 0.1733 -0.9849
vn -0.2592 0.8246 0.5029
vn -0.2289 0.5454 0.8063
vn -0.2598 0.8187 0.5120
vn -0.2204 0.4172 0.8817
vn -0.2367 0.0395 0.9708
vn -0.2202 0.0236 0.9752
vn -0.2677 -0.3701 0.8896
vn -0.2847 -0.5299 0.7988
vn -0.2843 -0.8290 0.4816
vn -0.2901 -0.9570 -0.0000
vn -0.2846 -0.8697 -0.4032
vn -0.2829 -0.7858 -0.5500
vn -0.2914 -0.4805 -0.8272
vn -0.2901 -0.0000 -0.9570
vn -0.2903 -0.0000 -0.9569
vn -0.2914 0.4805 -0.8272
vn -0.2915 0.4805 -0.8271
vn -0.2829 0.7858 -0.5500
vn -0.2846 0.8697 -0.4032
vn -0.2830 0.9591 0.0078
vn -0.2902 0.9570 -0.0000
vn -0.2592 0.8248 0.5025
vn -0.2599 0.8190 0.5116
vn 0.2292 0.5454 0.8062
vn 0.2592 0.8246 0.5029
vn 0.2598 0.8187 0.5120
vn 0.2204 0.4172 0.8817
vn 0.2367 0.0395 0.9708
vn 0.2203 0.0237 0.9752
vn 0.2677 -0.3701 0.8896
vn 0.2847 -0.5299 0.7988
vn 0.2843 -0.8290 0.4815
vn 0.2842 -0.8290 0.4816
vn 0.2901 -0.9570 -0.0000
vn 0.2902 -0.9570 -0.0000
vn 0.2846 -0.8697 -0.4032
vn 0.2829 -0.7858 -0.5500
vn 0.2914 -0.4805 -0.8272
vn 0.2915 -0.4805 -0.8271
vn 0.2901 -0.0000 -0.9570
vn 0.2903 -0.0000 -0.9569
vn 0.2914 0.4805 -0.8272
vn 0.2829 0.7858 -0.5500
vn 0.2846 0.8697 -0.4032
vn 0.2830 0.9591 0.0078
vn 0.2902 0.9570 -0.0000
vn 0.2592 0.8248 0.5025
vn 0.2599 0.8190 0.5116
vn -0.0159 0.5601 0.8283
vn -0.0079 0.8496 0.5274
vn -0.0157 0.1414 0.9898
vn -0.0079 -0.3634 0.9316
vn -0.0000 -0.5455 0.8381
vn -0.0079 0.8499 0.5269
vn 0.9935 0.0946 0.0632
vn 0.9910 0.0629 0.1180
vn 0.9922 0.1024 0.0709
vn 0.9888 0.0078 0.1491
vn 0.9445 -0.2361 0.2283
vn 0.9401 -0.2449 0.2370
vn 0.6882 -0.6490 0.3244
vn 0.4005 -0.8317 0.3845
vn 0.0002 -0.9082 0.4186
vn -0.0000 -0.8928 0.4504
vn 0.3541 0.6769 -0.6453
vn 0.2282 0.6845 -0.6924
vn 0.0629 0.7550 -0.6527
vn 0.0238 0.8220 -0.5690
vn -0.0000 0.2377 -0.9713
vn -0.0000 0.2591 -0.9659
vn 0.0001 0.3069 -0.9518
vn 0.8341 0.3697 0.4094
vn 0.7550 0.0629 0.6527
vn 0.8336 0.2594 0.4877
vn 0.7005 -0.0866 0.7084
vn 0.3698 -0.3933 0.8418
vn 0.3608 -0.4077 0.8388
vn -0.0000 -0.5416 0.8406
vn -0.0000 -0.5511 0.8345
vn -0.3697 -0.3934 0.8418
vn -0.3607 -0.4077 0.8389
vn -0.7005 -0.0866 0.7084
vn -0.7550 0.0629 0.6527
vn -0.8336 0.2594 0.4877
vn -0.8341 0.3697 0.4094
vn -0.9922 0.1024 0.0709
vn -0.9910 0.0629 0.1180
vn -0.9935 0.0946 0.0629
vn -0.9888 0.0078 0.1491
vn -0.9445 -0.2361 0.2283
vn -0.9401 -0.2449 0.2370
vn -0.6882 -0.6490 0.3244
vn -0.4005 -0.8317 0.3845
vn -0.0001 -0.9082 0.4186
vn -0.1653 0.7319 -0.6610
vn -0.2282 0.6845 -0.6924
vn -0.3542 0.6768 -0.6453
vn -0.0629 0.7550 -0.6527
vn -0.0238 0.8220 -0.5690
vn 0.3063 0.0550 0.9503
vn 0.3390 -0.0709 0.9381
vn 0.3229 0.0472 0.9453
vn 0.3315 -0.0868 0.9395
vn 0.3457 -0.1886 0.9192
vn 0.3536 -0.1729 0.9193
vn -0.3063 0.0550 0.9503
vn -0.3229 0.0472 0.9453
vn -0.3390 -0.0709 0.9381
vn -0.3316 -0.0868 0.9394
vn -0.3456 -0.1886 0.9192
vn -0.3536 -0.1729 0.9193
vn 0.9562 -0.0783 -0.2821
vn 0.9562 -0.0784 -0.2822
vn 0.7071 -0.1809 -0.6835
vn 0.7072 -0.1807 -0.6836
vn 0.3865 -0.2367 -0.8914
vn 0.1898 -0.2541 -0.9484
vn -0.2923 -0.2450 -0.9244
vn -0.7071 -0.1808 -0.6836
vn -0.9562 -0.0784 -0.2822
vn 0.9567 0.0235 -0.2902
vn 0.9567 0.0236 -0.2901
vn 0.7553 0.0551 -0.6531
vn 0.6611 0.0630 -0.7477
vn 0.2913 0.0866 -0.9527
vn 0.2913 0.0864 -0.9527
vn -0.1893 0.0856 -0.9782
vn -0.3851 0.0786 -0.9195
vn -0.6611 0.0630 -0.7477
vn -0.7553 0.0551 -0.6530
vn -0.9567 0.0236 -0.2901
vn 0.9577 0.1256 -0.2590
vn 0.7092 0.2994 -0.6383
vn 0.2918 0.4024 -0.8677
vn -0.1888 0.4170 -0.8891
vn -0.3857 0.3936 -0.8344
vn -0.7092 0.2994 -0.6383
vn -0.9577 0.1256 -0.2591
vn -0.9577 0.1256 -0.2590
vn 0.9572 0.1883 -0.2197
vn 0.7536 0.4239 -0.5024
vn 0.6619 0.4806 -0.5752
vn 0.2915 0.6147 -0.7329
vn -0.6619 0.4806 -0.5752
vn -0.7536 0.4239 -0.5024
vn -0.9572 0.1883 -0.2197
vn -0.0000 -0.9052 -0.4250
vn -0.0000 -0.9082 -0.4185
vn -0.0000 -0.9053 -0.4249
vn -0.0000 -0.9052 -0.4251
vn -0.0000 -0.9052 -0.4249
vn -0.0000 -0.9053 -0.4248
vn 0.0001 0.9082 0.4186
vn -0.0000 0.9052 0.4250
vn 0.0075 0.9081 0.4186
vn -0.0000 0.9052 0.4251
vn -0.0000 0.9052 0.4249
vn -0.0000 0.9082 0.4186
vn -0.0078 0.9081 0.4186
vn 0.0078 -0.7637 -0.6455
vn 0.0158 -0.7564 -0.6540
vn -0.0000 -0.7637 -0.6456
vn -0.0000 -0.7638 -0.6455
vn -0.0000 -0.7636 -0.6456
vn -0.0078 -0.7637 -0.6455
vn -0.0158 -0.7564 -0.6539
vn 0.9750 -0.1570 -0.1573
vn 0.9771 -0.0080 -0.2127
vn 0.8460 -0.5248 -0.0940
vn 0.9178 0.2432 -0.3138
vn 0.8949 0.2826 -0.3454
vn 0.9599 0.1731 -0.2203
vn 0.6489 0.5381 -0.5380
vn 0.8722 0.4243 -0.2436
vn 0.9429 0.3143 -0.1100
vn 0.6532 0.5981 -0.4643
vn 0.2685 0.7659 -0.5843
vn 0.1807 0.7148 -0.6755
vn 0.6329 0.7199 -0.2848
vn -0.0000 0.7778 -0.6285
vn -0.0000 0.7304 -0.6831
vn -0.1807 0.7148 -0.6755
vn 0.3317 0.8530 -0.4028
vn -0.0000 0.9224 -0.3861
vn -0.2685 0.7659 -0.5843
vn -0.6489 0.5380 -0.5381
vn 0.3392 0.9230 -0.1815
vn 0.6671 0.7299 -0.1491
vn 0.8298 0.5453 -0.1185
vn 0.6317 0.7738 -0.0474
vn 0.8404 0.5419 -0.0079
vn 0.9125 0.4091 0.0078
vn 0.3134 0.9480 -0.0549
vn 0.8495 0.5191 0.0944
vn 0.9430 0.3143 0.1099
vn 0.6599 0.7463 0.0864
vn 0.8736 0.4486 0.1888
vn 0.9763 0.1811 0.1181
vn 0.9205 0.3540 0.1652
vn 0.9746 0.2123 0.0708
vn 0.6436 0.6907 0.3296
vn 0.6534 0.7242 0.2204
vn 0.3143 0.9037 0.2908
vn 0.2439 0.8966 0.3697
vn 0.3143 0.9429 0.1100
vn -0.0000 0.9495 0.3139
vn -0.0000 0.9290 0.3700
vn -0.2438 0.8966 0.3697
vn -0.0000 0.9888 0.1491
vn -0.3143 0.9037 0.2908
vn -0.6436 0.6907 0.3296
vn -0.0000 0.9995 -0.0315
vn -0.3143 0.9429 0.1100
vn -0.6534 0.7242 0.2205
vn -0.0000 0.9835 -0.1810
vn -0.3134 0.9480 -0.0548
vn -0.6599 0.7463 0.0864
vn -0.8736 0.4486 0.1889
vn -0.9205 0.3540 0.1652
vn -0.9764 0.1811 0.1181
vn -0.9746 0.2123 0.0708
vn -0.9429 0.3143 0.1100
vn -0.8495 0.5191 0.0945
vn -0.9125 0.4091 0.0078
vn -0.8404 0.5419 -0.0079
vn -0.9429 0.3143 -0.1100
vn -0.6317 0.7738 -0.0474
vn -0.8298 0.5453 -0.1185
vn -0.8722 0.4243 -0.2436
vn -0.9599 0.1731 -0.2203
vn -0.6671 0.7299 -0.1491
vn -0.3392 0.9230 -0.1815
vn -0.6329 0.7199 -0.2848
vn -0.3317 0.8530 -0.4028
vn -0.6532 0.5981 -0.4643
vn -0.8949 0.2826 -0.3454
vn -0.9178 0.2432 -0.3138
vn -0.9771 -0.0079 -0.2127
vn -0.9750 -0.1570 -0.1573
vn -0.8461 -0.5247 -0.0939
vn -0.7568 0.2604 0.5995
vn -0.8962 0.0550 0.4402
vn -0.8966 0.0471 0.4404
vn -0.8643 0.2436 0.4400
vn -0.3698 0.6289 0.6840
vn -0.4948 0.6598 0.5655
vn -0.0000 0.5975 0.8019
vn -0.0001 0.7885 0.6150
vn -0.0000 0.7110 0.7031
vn 0.8966 0.0472 0.4404
vn 0.8962 0.0550 0.4402
vn 0.7568 0.2604 0.5995
vn 0.8643 0.2436 0.4400
vn 0.3698 0.6289 0.6840
vn 0.4948 0.6598 0.5655
vn 0.0002 0.7885 0.6150
vn -0.0000 0.7111 0.7031
vn 0.9905 -0.1257 0.0551
vn 0.9815 -0.1806 0.0628
vn 0.9915 -0.1181 0.0552
vn 0.9747 -0.1730 0.1415
vn 0.9710 -0.2368 -0.0316
vn 0.9656 -0.2357 -0.1099
vn 0.9662 -0.2042 -0.1571
vn 0.9653 -0.1962 -0.1726
vn 0.9625 -0.2209 -0.1578
vn 0.9784 -0.1499 -0.1420
vn 0.2204 -0.4172 0.8817
vn 0.0002 -0.3537 0.9353
vn 0.0002 -0.3632 0.9317
vn 0.2598 -0.3936 0.8818
vn 0.3613 -0.1021 0.9269
vn 0.2601 -0.0867 0.9617
vn 0.2603 0.2285 0.9381
vn 0.3535 0.1257 0.9269
vn 0.0002 0.1658 0.9862
vn 0.0002 0.2758 0.9612
vn 0.8896 -0.4566 0.0079
vn 0.9572 -0.2432 -0.1571
vn 0.9107 -0.2591 -0.3219
vn 0.9096 -0.4156 -0.0000
vn 0.9612 -0.2758 -0.0000
vn 0.1492 -0.2120 -0.9658
vn 0.0002 -0.1976 -0.9803
vn 0.0002 -0.0157 -0.9999
vn 0.1490 -0.0314 -0.9883
vn 0.1413 0.1805 -0.9734
vn 0.0002 0.1961 -0.9806
vn -0.9815 -0.1806 0.0628
vn -0.9905 -0.1258 0.0550
vn -0.9915 -0.1180 0.0551
vn -0.9747 -0.1729 0.1415
vn -0.9710 -0.2368 -0.0316
vn -0.9656 -0.2355 -0.1099
vn -0.9662 -0.2042 -0.1571
vn -0.9652 -0.1962 -0.1726
vn -0.9625 -0.2209 -0.1578
vn -0.9784 -0.1499 -0.1420
vn -0.0002 -0.3536 0.9354
vn -0.2204 -0.4172 0.8817
vn -0.0002 -0.3632 0.9317
vn -0.2598 -0.3937 0.8818
vn -0.3613 -0.1021 0.9268
vn -0.2601 -0.0867 0.9617
vn -0.2603 0.2285 0.9381
vn -0.3535 0.1257 0.9270
vn -0.0002 0.1657 0.9862
vn -0.0002 0.2758 0.9612
vn -0.9572 -0.2432 -0.1571
vn -0.8896 -0.4566 0.0079
vn -0.9107 -0.2591 -0.3219
vn -0.9096 -0.4156 -0.0000
vn -0.9612 -0.2758 -0.0000
vn -0.1492 -0.2120 -0.9658
vn -0.0002 -0.0157 -0.9999
vn -0.0002 -0.1976 -0.9803
vn -0.1490 -0.0314 -0.9883
vn -0.1413 0.1805 -0.9734
vn -0.0002 0.1961 -0.9806
vn 0.4026 0.7580 0.5132
vn 0.3935 0.5666 0.7240
vn 0.4156 0.7531 0.5101
vn 0.3867 0.5681 0.7264
vn 0.3079 0.2842 0.9080
vn 0.2591 0.2746 0.9260
vn 0.1103 0.2522 0.9614
vn 0.1105 0.2762 0.9547
vn -0.0000 0.2592 0.9658
vn -0.1103 0.2522 0.9614
vn -0.1105 0.2762 0.9547
vn -0.2591 0.2745 0.9260
vn -0.3079 0.2842 0.9080
vn -0.3934 0.5666 0.7240
vn -0.3868 0.5684 0.7262
vn -0.4027 0.7579 0.5132
vn -0.4156 0.7531 0.5101
vn 0.9903 0.0943 0.1022
vn 0.9848 0.1733 -0.0079
vn 0.9929 0.1182 -0.0157
vn 0.9818 0.1885 0.0236
vn 0.9908 0.0787 0.1101
vn 0.9694 -0.0236 0.2443
vn 0.9468 -0.0631 0.3156
vn -0.9848 0.1733 -0.0079
vn -0.9903 0.0943 0.1022
vn -0.9929 0.1182 -0.0157
vn -0.9818 0.1883 0.0235
vn -0.9908 0.0787 0.1101
vn -0.9694 -0.0236 0.2443
vn -0.9468 -0.0631 0.3157
vn 0.3481 0.4193 -0.8385
vn 0.3530 0.2195 -0.9095
vn 0.3633 0.3159 -0.8765
vn 0.5597 0.1656 -0.8120
vn 0.3298 -0.1335 -0.9345
vn 0.5426 0.5190 -0.6605
vn 0.3453 0.6905 -0.6356
vn 0.6444 0.5894 -0.4872
vn 0.8654 0.3383 -0.3697
vn 0.8738 0.4251 -0.2362
vn 0.9615 0.2443 -0.1261
vn 0.9048 0.0865 -0.4170
vn 0.9678 0.0629 -0.2439
vn 0.5989 -0.1419 -0.7881
vn 0.8584 -0.1575 -0.4883
vn 0.9429 -0.1100 -0.3143
vn 0.8154 -0.2431 -0.5253
vn 0.5266 -0.2829 -0.8017
vn 0.3689 -0.2512 -0.8949
vn -0.3528 0.2195 -0.9096
vn -0.3481 0.4193 -0.8385
vn -0.3633 0.3158 -0.8765
vn -0.5597 0.1656 -0.8120
vn -0.3298 -0.1335 -0.9346
vn -0.5426 0.5190 -0.6605
vn -0.3453 0.6905 -0.6356
vn -0.6444 0.5894 -0.4872
vn -0.8654 0.3383 -0.3697
vn -0.8738 0.4251 -0.2362
vn -0.9615 0.2443 -0.1261
vn -0.9048 0.0865 -0.4170
vn -0.9678 0.0629 -0.2439
vn -0.5989 -0.1419 -0.7881
vn -0.8584 -0.1575 -0.4883
vn -0.9429 -0.1100 -0.3143
vn -0.8154 -0.2431 -0.5253
vn -0.5266 -0.2829 -0.8017
vn -0.3689 -0.2512 -0.8949
vn 0.4476 0.1099 0.8874
vn 0.0002 0.1182 0.9930
vn 0.6232 -0.1183 0.7731
vn 0.9299 -0.0631 0.3624
vn 0.4489 -0.3386 0.8269
vn 0.0002 -0.3537 0.9354
vn -0.4476 0.1099 0.8874
vn -0.0002 0.1182 0.9930
vn -0.6232 -0.1183 0.7731
vn -0.9299 -0.0631 0.3624
vn -0.4489 -0.3386 0.8269
vn -0.0002 -0.3537 0.9354
vn 0.4318 0.7541 0.4949
vn 0.5975 0.4874 0.6368
vn 0.5900 0.6766 0.4406
vn 0.2761 0.6390 0.7179
vn -0.0000 0.8309 0.5565
vn 0.2825 0.2197 0.9338
vn 0.5208 0.1263 0.8443
vn 0.1804 0.0784 0.9805
vn -0.0000 0.5181 0.8553
vn -0.0000 0.1256 0.9921
vn -0.0000 0.3298 0.9441
vn -0.0000 0.1409 0.9900
vn -0.1804 0.0784 0.9805
vn -0.2825 0.2197 0.9338
vn -0.5208 0.1263 0.8443
vn -0.5975 0.4874 0.6368
vn -0.2761 0.6390 0.7179
vn -0.4318 0.7541 0.4949
vn -0.5900 0.6766 0.4406
vn 0.8575 -0.0551 0.5115
vn 0.6939 0.0630 0.7173
vn 0.7148 0.0157 0.6991
vn 0.5106 0.1807 0.8406
vn 0.6530 -0.0550 0.7553
vn 0.7864 -0.0708 0.6137
vn 0.6617 -0.0475 0.7482
vn 0.6005 -0.2529 0.7586
vn -0.8576 -0.0551 0.5113
vn -0.7148 0.0157 0.6991
vn -0.6939 0.0630 0.7173
vn -0.5106 0.1807 0.8406
vn -0.6530 -0.0550 0.7553
vn -0.7864 -0.0708 0.6137
vn -0.6617 -0.0475 0.7482
vn -0.6005 -0.2529 0.7586
vn 0.8846 0.0869 -0.4581
vn 0.8666 0.1024 -0.4884
vn 0.7074 0.4716 -0.5266
vn 0.9401 -0.2370 -0.2449
vn 0.6219 0.6061 -0.4959
vn 0.9206 -0.3462 -0.1810
vn 0.5261 0.8481 -0.0628
vn 0.8760 -0.4499 -0.1737
vn 0.5266 0.8488 -0.0472
vn 0.8408 -0.5344 0.0867
vn 0.4974 0.7108 0.4973
vn 0.6926 -0.5587 0.4562
vn 0.4966 0.7173 0.4887
vn 0.5674 -0.0788 0.8196
vn 0.5350 0.4485 0.7160
vn 0.5344 -0.0864 0.8408
vn 0.5596 0.4414 0.7015
vn -0.6225 0.2285 0.7485
vn -0.6224 0.2285 0.7486
vn -0.7324 -0.0709 0.6772
vn -0.5036 0.5744 0.6453
vn -0.7696 -0.1806 0.6125
vn -0.5062 0.5774 0.6406
vn -0.8329 -0.3457 0.4321
vn -0.4173 0.8032 0.4252
vn -0.8568 -0.4087 0.3144
vn -0.3928 0.8642 0.3143
vn -0.8815 -0.4722 -0.0000
vn -0.3700 0.9290 -0.0003
vn -0.8814 -0.4724 -0.0000
vn -0.3700 0.9290 -0.0000
vn -0.8568 -0.4087 -0.3144
vn -0.3928 0.8642 -0.3143
vn -0.8329 -0.3457 -0.4321
vn -0.4159 0.8005 -0.4316
vn -0.7696 -0.1806 -0.6125
vn -0.4977 0.5767 -0.6478
vn -0.7324 -0.0709 -0.6772
vn -0.6225 0.2285 -0.7485
vn -0.6226 0.2284 -0.7485
vn -0.1493 -0.8561 0.4948
vn -0.1492 -0.8561 0.4948
vn -0.1495 -0.5663 0.8105
vn -0.1490 -0.9888 -0.0000
vn -0.1494 -0.4170 0.8965
vn -0.1488 -0.9889 -0.0000
vn -0.1491 -0.0000 0.9888
vn -0.1496 -0.8505 -0.5042
vn -0.1493 -0.8506 -0.5041
vn -0.1494 0.4170 0.8965
vn -0.1502 -0.5611 -0.8140
vn -0.1495 0.5663 0.8105
vn -0.1500 -0.4264 -0.8920
vn -0.1491 0.8561 0.4948
vn -0.1503 -0.0158 -0.9885
vn -0.1492 0.8561 0.4948
vn -0.1579 -0.0158 -0.9873
vn -0.1490 0.9888 -0.0000
vn -0.1499 0.4105 -0.8995
vn -0.1487 0.9889 -0.0000
vn -0.1495 0.5664 -0.8104
vn -0.1488 0.8562 -0.4947
vn -0.1491 0.8561 -0.4948
vn 0.4717 -0.8727 -0.1258
vn 0.6043 -0.7612 0.2354
vn 0.5533 -0.8299 -0.0711
vn 0.4573 -0.5755 -0.6780
vn 0.5823 -0.7318 0.3541
vn 0.5771 -0.5535 -0.6005
vn 0.5362 -0.4177 0.7335
vn 0.4717 0.1258 -0.8727
vn 0.4081 -0.0709 0.9102
vn 0.4578 0.0947 -0.8840
vn 0.5180 0.5808 0.6280
vn 0.6458 0.5198 -0.5592
vn 0.5687 0.5450 0.6161
vn 0.6667 0.6432 -0.3765
vn 0.6312 0.7716 0.0787
vn 0.6772 0.7324 -0.0707
vn -0.6043 -0.7612 0.2354
vn -0.4717 -0.8727 -0.1258
vn -0.5533 -0.8299 -0.0711
vn -0.4573 -0.5755 -0.6780
vn -0.5823 -0.7318 0.3541
vn -0.5771 -0.5535 -0.6005
vn -0.5361 -0.4177 0.7335
vn -0.4717 0.1258 -0.8727
vn -0.4081 -0.0709 0.9102
vn -0.4578 0.0947 -0.8840
vn -0.5180 0.5808 0.6279
vn -0.6458 0.5198 -0.5592
vn -0.5687 0.5450 0.6161
vn -0.6667 0.6432 -0.3765
vn -0.6304 0.7723 0.0788
vn -0.6772 0.7324 -0.0707
vn -0.8666 0.1024 -0.4884
vn -0.9401 -0.2370 -0.2449
vn -0.8846 0.0869 -0.4581
vn -0.7073 0.4716 -0.5266
vn -0.9206 -0.3462 -0.1810
vn -0.6219 0.6061 -0.4959
vn -0.8760 -0.4499 -0.1737
vn -0.5261 0.8481 -0.0628
vn -0.8408 -0.5344 0.0867
vn -0.5265 0.8488 -0.0472
vn -0.6926 -0.5587 0.4562
vn -0.4974 0.7108 0.4973
vn -0.5674 -0.0788 0.8196
vn -0.4965 0.7173 0.4889
vn -0.5344 -0.0864 0.8408
vn -0.5350 0.4485 0.7160
vn -0.5596 0.4414 0.7015
vn -0.9518 -0.0000 -0.3068
vn -0.9530 -0.1260 -0.2756
vn -0.9518 -0.0000 -0.3067
vn -0.9530 0.1260 -0.2756
vn -0.9522 -0.1731 -0.2518
vn -0.9522 0.1731 -0.2518
vn -0.9522 -0.2518 -0.1731
vn -0.9522 0.2518 -0.1731
vn -0.9530 -0.2756 -0.1260
vn -0.9530 0.2756 -0.1260
vn -0.9538 -0.2995 -0.0236
vn -0.9540 0.2996 -0.0000
vn -0.9538 -0.2995 0.0236
vn -0.9540 0.2997 -0.0000
vn -0.9530 -0.2756 0.1260
vn -0.9520 0.2754 0.1338
vn -0.9522 -0.2518 0.1731
vn -0.9508 0.2515 0.1807
vn -0.9519 -0.1495 0.2674
vn -0.9480 0.1580 0.2764
vn -0.9492 -0.0235 0.3138
vn -0.9482 0.0316 0.3161
vn 0.9518 -0.0000 -0.3068
vn 0.9530 -0.1260 -0.2756
vn 0.9530 0.1260 -0.2756
vn 0.9522 -0.1731 -0.2518
vn 0.9522 0.1731 -0.2518
vn 0.9522 -0.2518 -0.1731
vn 0.9522 0.2518 -0.1731
vn 0.9530 -0.2756 -0.1260
vn 0.9530 0.2756 -0.1260
vn 0.9538 -0.2995 -0.0236
vn 0.9540 0.2997 -0.0000
vn 0.9538 -0.2995 0.0236
vn 0.9541 0.2996 -0.0000
vn 0.9530 -0.2756 0.1260
vn 0.9520 0.2754 0.1338
vn 0.9522 -0.2518 0.1731
vn 0.9508 0.2515 0.1807
vn 0.9519 -0.1495 0.2674
vn 0.9480 0.1580 0.2764
vn 0.9519 -0.1494 0.2674
vn 0.9479 0.1580 0.2765
vn 0.9492 -0.0235 0.3138
vn 0.9482 0.0316 0.3161
vn 0.1495 0.5664 0.8105
vn 0.1493 0.8561 0.4948
vn 0.1492 0.8561 0.4948
vn 0.1491 0.9888 -0.0000
vn 0.1494 0.4170 0.8965
vn 0.1487 0.9889 -0.0000
vn 0.1491 -0.0000 0.9888
vn 0.1492 0.8561 -0.4948
vn 0.1490 -0.0000 0.9888
vn 0.1494 -0.4170 0.8965
vn 0.1495 0.5663 -0.8105
vn 0.1495 -0.5663 0.8105
vn 0.1499 0.4105 -0.8995
vn 0.1493 -0.8561 0.4948
vn 0.1503 -0.0158 -0.9885
vn 0.1492 -0.8561 0.4948
vn 0.1579 -0.0158 -0.9873
vn 0.1491 -0.9888 -0.0000
vn 0.1500 -0.4263 -0.8921
vn 0.1489 -0.9889 -0.0000
vn 0.1502 -0.5610 -0.8141
vn 0.1496 -0.8506 -0.5042
vn 0.1497 -0.8506 -0.5041
vn -0.9405 0.3398 -0.0000
vn -0.9405 0.3399 -0.0000
vt 0.299072 0.753418
vt 0.306885 0.744629
vt 0.307617 0.761719
vt 0.436768 0.737305
vt 0.427246 0.731689
vt 0.437744 0.733643
vt 0.425049 0.749023
vt 0.416748 0.744873
vt 0.403809 0.758179
vt 0.397949 0.748779
vt 0.376221 0.762329
vt 0.374512 0.748291
vt 0.350098 0.749512
vt 0.325684 0.764648
vt 0.325684 0.743896
vt 0.351318 0.762939
vt 0.391357 0.822266
vt 0.384521 0.811157
vt 0.383301 0.823120
vt 0.393066 0.807861
vt 0.402588 0.853149
vt 0.392334 0.868286
vt 0.399902 0.870728
vt 0.395020 0.852783
vt 0.491211 0.822266
vt 0.498047 0.811157
vt 0.489746 0.807739
vt 0.499268 0.823120
vt 0.480225 0.853149
vt 0.490234 0.868286
vt 0.487549 0.852783
vt 0.482666 0.870728
vt 0.460693 0.727295
vt 0.458984 0.717773
vt 0.450928 0.727051
vt 0.345947 0.786133
vt 0.342773 0.781616
vt 0.345947 0.780151
vt 0.343750 0.788086
vt 0.348877 0.791504
vt 0.347412 0.795288
vt 0.296875 0.864868
vt 0.302979 0.871338
vt 0.300537 0.875366
vt 0.301270 0.866333
vt 0.250977 0.830078
vt 0.233032 0.820801
vt 0.229126 0.816040
vt 0.196167 0.767090
vt 0.191406 0.750000
vt 0.199585 0.763794
vt 0.186401 0.750366
vt 0.191895 0.739014
vt 0.186890 0.739014
vt 0.280029 0.785034
vt 0.253174 0.789917
vt 0.254639 0.784546
vt 0.227539 0.793457
vt 0.216309 0.782837
vt 0.219238 0.779419
vt 0.224609 0.798950
vt 0.210571 0.771118
vt 0.212891 0.767944
vt 0.227173 0.943817
vt 0.221558 0.948456
vt 0.215088 0.942474
vt 0.229614 0.948395
vt 0.248169 0.912964
vt 0.262939 0.896851
vt 0.269287 0.897827
vt 0.243652 0.909912
vt 0.244629 0.918335
vt 0.248657 0.921387
vt 0.223755 0.985283
vt 0.225220 0.972458
vt 0.241333 0.987350
vt 0.244629 0.967926
vt 0.265625 0.970444
vt 0.349854 0.782837
vt 0.349365 0.785522
vt 0.350098 0.788940
vt 0.153320 0.758789
vt 0.140625 0.760742
vt 0.144531 0.751709
vt 0.151855 0.751465
vt 0.168823 0.719971
vt 0.169067 0.731445
vt 0.164551 0.730957
vt 0.172485 0.720947
vt 0.164917 0.748535
vt 0.158203 0.748535
vt 0.190552 0.728027
vt 0.176392 0.713867
vt 0.194458 0.727051
vt 0.198730 0.733643
vt 0.213501 0.729004
vt 0.212158 0.742188
vt 0.203857 0.722900
vt 0.225586 0.728271
vt 0.229004 0.740967
vt 0.172119 0.712646
vt 0.164673 0.718994
vt 0.160400 0.729248
vt 0.153809 0.746826
vt 0.167114 0.712158
vt 0.224365 0.959167
vt 0.213501 0.966339
vt 0.353760 0.874146
vt 0.360596 0.861938
vt 0.365479 0.867188
vt 0.361816 0.876587
vt 0.355713 0.882141
vt 0.358398 0.890015
vt 0.522949 0.958771
vt 0.553711 0.945709
vt 0.523438 0.944092
vt 0.558105 0.960785
vt 0.598145 0.930908
vt 0.595703 0.925171
vt 0.602051 0.928955
vt 0.592285 0.927856
vt 0.598633 0.939484
vt 0.603027 0.939606
vt 0.590820 0.918823
vt 0.588867 0.921631
vt 0.519531 0.873291
vt 0.532227 0.889343
vt 0.519531 0.890381
vt 0.542480 0.873291
vt 0.376465 0.889282
vt 0.374268 0.901855
vt 0.383057 0.892761
vt 0.370361 0.903809
vt 0.506348 0.889282
vt 0.499756 0.892761
vt 0.508301 0.901855
vt 0.512207 0.903809
vt 0.366943 0.933167
vt 0.380859 0.928955
vt 0.378662 0.933899
vt 0.366699 0.928101
vt 0.356445 0.791626
vt 0.356689 0.795166
vt 0.179932 0.789551
vt 0.176636 0.820312
vt 0.172485 0.797119
vt 0.170654 0.812744
vt 0.243164 0.943298
vt 0.229614 0.964996
vt 0.354736 0.776978
vt 0.356689 0.781616
vt 0.356689 0.788818
vt 0.130615 0.760254
vt 0.133057 0.750366
vt 0.154419 0.729736
vt 0.142212 0.717041
vt 0.158203 0.720703
vt 0.139404 0.727051
vt 0.145264 0.747070
vt 0.134521 0.745361
vt 0.156250 0.714355
vt 0.144287 0.711426
vt 0.157349 0.709473
vt 0.145508 0.706787
vt 0.369873 0.859985
vt 0.371826 0.866333
vt 0.372803 0.875916
vt 0.371094 0.891235
vt 0.003798 0.994728
vt 0.017166 0.815063
vt 0.017166 0.994728
vt 0.003798 0.815063
vt 0.523438 0.932007
vt 0.556641 0.932434
vt 0.415527 0.946838
vt 0.408936 0.953979
vt 0.418213 0.953979
vt 0.404785 0.946808
vt 0.413086 0.935120
vt 0.402344 0.935120
vt 0.496826 0.977768
vt 0.482422 0.976501
vt 0.482178 0.980942
vt 0.496826 0.970490
vt 0.546875 0.843262
vt 0.519531 0.811401
vt 0.546875 0.811401
vt 0.519531 0.843262
vt 0.542480 0.809082
vt 0.519531 0.809082
vt 0.565430 0.908447
vt 0.565918 0.869629
vt 0.558594 0.906616
vt 0.558594 0.869507
vt 0.597168 0.906616
vt 0.597168 0.869507
vt 0.589844 0.869629
vt 0.589844 0.908447
vt 0.276855 0.747803
vt 0.279053 0.740967
vt 0.282959 0.753296
vt 0.430176 0.762207
vt 0.430176 0.753662
vt 0.441406 0.761475
vt 0.440186 0.752686
vt 0.445557 0.758545
vt 0.456299 0.741943
vt 0.447266 0.737305
vt 0.393311 0.960144
vt 0.388672 0.960785
vt 0.389404 0.967407
vt 0.395020 0.987175
vt 0.391357 0.987259
vt 0.366699 0.991783
vt 0.384521 0.991661
vt 0.383057 0.976654
vt 0.366699 0.976669
vt 0.378174 0.965607
vt 0.366455 0.964905
vt 0.176270 0.777832
vt 0.183350 0.782227
vt 0.196167 0.802246
vt 0.181030 0.810791
vt 0.186523 0.825195
vt 0.175293 0.840454
vt 0.204102 0.801636
vt 0.212646 0.814087
vt 0.220459 0.827393
vt 0.184692 0.836670
vt 0.194702 0.855225
vt 0.194946 0.851562
vt 0.128906 0.849976
vt 0.132446 0.818115
vt 0.142944 0.820312
vt 0.139282 0.849854
vt 0.150635 0.822510
vt 0.147827 0.849976
vt 0.150635 0.864502
vt 0.159546 0.825317
vt 0.156128 0.853149
vt 0.166138 0.859619
vt 0.168457 0.828247
vt 0.211060 0.962799
vt 0.191284 0.976898
vt 0.191895 0.970642
vt 0.208740 0.957886
vt 0.190918 0.951599
vt 0.200684 0.945496
vt 0.179688 0.938416
vt 0.184204 0.929688
vt 0.161987 0.925171
vt 0.163696 0.916992
vt 0.141113 0.905151
vt 0.142822 0.901428
vt 0.136108 0.905457
vt 0.130615 0.899597
vt 0.129639 0.905029
vt 0.130615 0.925842
vt 0.137695 0.925720
vt 0.131958 0.937012
vt 0.139893 0.936523
vt 0.144653 0.925110
vt 0.147583 0.942627
vt 0.154053 0.932617
vt 0.156616 0.952515
vt 0.169434 0.946960
vt 0.181274 0.958801
vt 0.172852 0.966217
vt 0.187378 0.977386
vt 0.172119 0.968948
vt 0.249512 0.944397
vt 0.351074 0.873169
vt 0.349365 0.876526
vt 0.348633 0.877625
vt 0.348633 0.873413
vt 0.331055 0.877563
vt 0.330322 0.873169
vt 0.313721 0.876221
vt 0.312988 0.871704
vt 0.213379 0.895752
vt 0.200073 0.912781
vt 0.229614 0.904602
vt 0.210815 0.926880
vt 0.237061 0.912109
vt 0.218994 0.934326
vt 0.237305 0.917542
vt 0.224243 0.935974
vt 0.173340 0.822021
vt 0.163574 0.819946
vt 0.155762 0.808228
vt 0.153320 0.817871
vt 0.142334 0.805664
vt 0.144287 0.815674
vt 0.132202 0.814331
vt 0.130249 0.804077
vt 0.546875 0.975006
vt 0.522461 0.970001
vt 0.522949 0.980988
vt 0.505371 0.977783
vt 0.505371 0.971390
vt 0.432861 0.946106
vt 0.427002 0.945831
vt 0.429932 0.960510
vt 0.452393 0.948517
vt 0.453613 0.967499
vt 0.479248 0.966309
vt 0.478271 0.946625
vt 0.493896 0.946594
vt 0.495850 0.966827
vt 0.504395 0.959259
vt 0.500977 0.966797
vt 0.503906 0.946594
vt 0.517090 0.946594
vt 0.517090 0.959259
vt 0.051636 0.525391
vt 0.022827 0.525391
vt 0.022827 0.543457
vt 0.051636 0.543457
vt 0.022827 0.562500
vt 0.051636 0.562500
vt 0.022827 0.581055
vt 0.051636 0.581055
vt 0.022827 0.599854
vt 0.051636 0.599854
vt 0.022827 0.618652
vt 0.051636 0.618652
vt 0.022827 0.637451
vt 0.051636 0.637451
vt 0.022827 0.656494
vt 0.051636 0.656494
vt 0.022827 0.675293
vt 0.051636 0.675293
vt 0.022827 0.694092
vt 0.051636 0.694092
vt 0.022827 0.712891
vt 0.051636 0.712891
vt 0.022827 0.731934
vt 0.051636 0.731934
vt 0.051636 0.749268
vt 0.022827 0.749268
vt 0.578125 0.939209
vt 0.578125 0.930542
vt 0.578125 0.927673
vt 0.578613 0.919128
vt 0.339111 0.695068
vt 0.334473 0.670898
vt 0.340332 0.669922
vt 0.333252 0.695557
vt 0.338623 0.710449
vt 0.332275 0.709717
vt 0.338135 0.718750
vt 0.330811 0.718018
vt 0.353516 0.695068
vt 0.352783 0.669922
vt 0.353271 0.710205
vt 0.353271 0.718506
vt 0.338379 0.736084
vt 0.353271 0.736084
vt 0.902344 0.986366
vt 0.886230 0.996704
vt 0.902344 0.996714
vt 0.886230 0.986359
vt 0.902344 0.981979
vt 0.886230 0.981979
vt 0.886230 0.977585
vt 0.902344 0.977585
vt 0.886230 0.967255
vt 0.902344 0.967255
vt 0.902344 0.962860
vt 0.886230 0.962860
vt 0.886230 0.958466
vt 0.902344 0.958466
vt 0.886230 0.948120
vt 0.902344 0.948120
vt 0.919434 0.996662
vt 0.903809 0.986305
vt 0.903809 0.996653
vt 0.919434 0.986313
vt 0.903809 0.981918
vt 0.919434 0.981934
vt 0.903809 0.977539
vt 0.919434 0.977539
vt 0.903809 0.967194
vt 0.919434 0.967194
vt 0.919434 0.962799
vt 0.903809 0.962799
vt 0.919434 0.958435
vt 0.903809 0.958405
vt 0.919434 0.948059
vt 0.903809 0.948059
vt 0.884766 0.996658
vt 0.868652 0.986313
vt 0.868652 0.996658
vt 0.884766 0.986313
vt 0.868652 0.981918
vt 0.884766 0.981934
vt 0.884766 0.977539
vt 0.868652 0.977539
vt 0.868652 0.967194
vt 0.884766 0.967194
vt 0.868652 0.962799
vt 0.884766 0.962799
vt 0.884766 0.958405
vt 0.868652 0.958435
vt 0.884766 0.948059
vt 0.868652 0.948059
vt 0.867676 0.986130
vt 0.852051 0.996475
vt 0.867676 0.996481
vt 0.852051 0.986130
vt 0.867676 0.981750
vt 0.852051 0.981750
vt 0.867676 0.977356
vt 0.852051 0.977356
vt 0.852051 0.967010
vt 0.867676 0.967010
vt 0.852051 0.962616
vt 0.867676 0.962616
vt 0.852051 0.958252
vt 0.867676 0.958252
vt 0.852051 0.947906
vt 0.867676 0.947876
vt 0.976074 0.979355
vt 0.976074 0.994583
vt 0.991699 0.994591
vt 0.991699 0.979370
vt 0.976074 0.971619
vt 0.991699 0.971619
vt 0.991699 0.963898
vt 0.976074 0.963898
vt 0.976074 0.948669
vt 0.991699 0.948669
vt 0.976074 0.940918
vt 0.991699 0.940918
vt 0.991699 0.933167
vt 0.976074 0.933167
vt 0.991699 0.917969
vt 0.976074 0.917969
vt 0.923340 0.857178
vt 0.910645 0.865234
vt 0.925781 0.865234
vt 0.913086 0.857178
vt 0.902832 0.860107
vt 0.908691 0.854248
vt 0.905762 0.849854
vt 0.897949 0.852295
vt 0.905762 0.839600
vt 0.897949 0.837158
vt 0.902832 0.829346
vt 0.908691 0.835205
vt 0.913086 0.832275
vt 0.910645 0.824219
vt 0.925781 0.824219
vt 0.923340 0.832275
vt 0.929688 0.865234
vt 0.945312 0.865234
vt 0.932129 0.857178
vt 0.942871 0.857178
vt 0.952637 0.860107
vt 0.947266 0.854248
vt 0.950195 0.849854
vt 0.958008 0.852295
vt 0.950195 0.839600
vt 0.958008 0.837158
vt 0.952637 0.829346
vt 0.947266 0.835205
vt 0.942871 0.832275
vt 0.945312 0.824219
vt 0.932129 0.832275
vt 0.929688 0.824219
vt 0.986816 0.900818
vt 0.974121 0.908875
vt 0.989258 0.908875
vt 0.976562 0.900818
vt 0.966309 0.903687
vt 0.972168 0.897888
vt 0.969238 0.893494
vt 0.961426 0.895935
vt 0.969238 0.883179
vt 0.961426 0.880737
vt 0.966309 0.873047
vt 0.972168 0.878784
vt 0.976562 0.875854
vt 0.974121 0.867798
vt 0.989258 0.867798
vt 0.986816 0.875854
vt 0.929688 0.908875
vt 0.944824 0.908875
vt 0.932129 0.900818
vt 0.942383 0.900818
vt 0.952637 0.903687
vt 0.946777 0.897888
vt 0.949707 0.893494
vt 0.958008 0.895935
vt 0.949707 0.883179
vt 0.958008 0.880737
vt 0.952637 0.873047
vt 0.946777 0.878784
vt 0.942383 0.875854
vt 0.944824 0.867798
vt 0.932129 0.875854
vt 0.929688 0.867798
vt 0.866211 0.865234
vt 0.881348 0.865234
vt 0.868652 0.857178
vt 0.878906 0.857178
vt 0.889160 0.860107
vt 0.883301 0.854248
vt 0.894043 0.852295
vt 0.886230 0.849854
vt 0.886230 0.839478
vt 0.894043 0.837036
vt 0.883301 0.835083
vt 0.889160 0.829346
vt 0.878906 0.832153
vt 0.881348 0.824219
vt 0.868652 0.832153
vt 0.866211 0.824219
vt 0.401123 0.836914
vt 0.393066 0.837402
vt 0.384277 0.878906
vt 0.391357 0.881958
vt 0.481445 0.836914
vt 0.489502 0.837402
vt 0.498291 0.878845
vt 0.491211 0.881958
vt 0.381104 0.923279
vt 0.366699 0.922668
vt 0.386230 0.926025
vt 0.391846 0.940186
vt 0.386719 0.942444
vt 0.383301 0.944885
vt 0.385010 0.959900
vt 0.314941 0.854126
vt 0.333252 0.845459
vt 0.319580 0.846069
vt 0.323975 0.826782
vt 0.354980 0.858521
vt 0.334717 0.828125
vt 0.324707 0.807861
vt 0.346924 0.845093
vt 0.362549 0.843628
vt 0.364746 0.857666
vt 0.345947 0.827637
vt 0.360107 0.826294
vt 0.334473 0.807861
vt 0.324707 0.796265
vt 0.346191 0.807251
vt 0.357666 0.806396
vt 0.334473 0.796021
vt 0.324219 0.789307
vt 0.333008 0.789062
vt 0.323975 0.782959
vt 0.332275 0.782715
vt 0.321289 0.788208
vt 0.317871 0.781982
vt 0.321289 0.794678
vt 0.321289 0.807251
vt 0.320557 0.825317
vt 0.316650 0.845215
vt 0.312744 0.850708
vt 0.258301 0.880798
vt 0.264404 0.875610
vt 0.251221 0.873291
vt 0.257080 0.867554
vt 0.246216 0.863403
vt 0.243530 0.870361
vt 0.160522 0.787476
vt 0.140503 0.782715
vt 0.129395 0.782959
vt 0.278320 0.848022
vt 0.270020 0.864136
vt 0.260742 0.846436
vt 0.279053 0.869995
vt 0.298096 0.846558
vt 0.284424 0.878357
vt 0.308105 0.837769
vt 0.306396 0.806519
vt 0.307129 0.793945
vt 0.295654 0.801147
vt 0.295654 0.790039
vt 0.307129 0.786621
vt 0.295654 0.783569
vt 0.307129 0.780151
vt 0.295410 0.777710
vt 0.301758 0.898193
vt 0.286865 0.899597
vt 0.265869 0.917725
vt 0.264404 0.910767
vt 0.328857 0.898376
vt 0.348389 0.883179
vt 0.346924 0.899658
vt 0.328613 0.924500
vt 0.343262 0.926819
vt 0.320801 0.963013
vt 0.335449 0.965881
vt 0.306641 0.924744
vt 0.308350 0.962677
vt 0.294678 0.926208
vt 0.292236 0.968353
vt 0.278320 0.939423
vt 0.270020 0.954529
vt 0.247681 0.851685
vt 0.222412 0.874268
vt 0.240845 0.849609
vt 0.220215 0.868042
vt 0.214966 0.872925
vt 0.216064 0.866821
vt 0.197388 0.858643
vt 0.206055 0.858643
vt 0.205933 0.855591
vt 0.196411 0.853638
vt 0.225830 0.825195
vt 0.227417 0.833130
vt 0.231689 0.826782
vt 0.231812 0.834473
vt 0.250244 0.842651
vt 0.239868 0.845093
vt 0.280273 0.822388
vt 0.277588 0.797852
vt 0.283447 0.802246
vt 0.273438 0.825928
vt 0.254639 0.799561
vt 0.252197 0.822144
vt 0.233887 0.811646
vt 0.234985 0.802612
vt 0.003798 0.978409
vt 0.017166 0.978409
vt 0.003798 0.962097
vt 0.017166 0.962097
vt 0.003798 0.945740
vt 0.017166 0.945740
vt 0.017166 0.929443
vt 0.003798 0.929443
vt 0.003798 0.913086
vt 0.017166 0.913086
vt 0.017166 0.896790
vt 0.003798 0.896790
vt 0.017166 0.880432
vt 0.003798 0.880432
vt 0.017166 0.863892
vt 0.003798 0.863892
vt 0.003798 0.847656
vt 0.017166 0.847656
vt 0.003798 0.831299
vt 0.017166 0.831299
vt 0.410156 0.958923
vt 0.420410 0.957489
vt 0.421143 0.973343
vt 0.427246 0.968506
vt 0.445312 0.978622
vt 0.445312 0.972458
vt 0.468018 0.973984
vt 0.468018 0.978470
vt 0.433838 0.940216
vt 0.451660 0.939117
vt 0.478271 0.937012
vt 0.495850 0.936584
vt 0.517090 0.936584
vt 0.502930 0.936584
vt 0.502441 0.921753
vt 0.517090 0.921753
vt 0.006302 0.525391
vt 0.006302 0.543457
vt 0.006302 0.562500
vt 0.006302 0.581055
vt 0.006302 0.599854
vt 0.006302 0.618652
vt 0.006302 0.637451
vt 0.006302 0.656494
vt 0.006302 0.675293
vt 0.006302 0.694092
vt 0.006302 0.712891
vt 0.006302 0.731934
vt 0.006302 0.749268
vt 0.634766 0.897949
vt 0.614746 0.864258
vt 0.641602 0.889771
vt 0.623047 0.860718
vt 0.615723 0.829956
vt 0.623535 0.830078
vt 0.622559 0.811157
vt 0.615234 0.811279
vt 0.621582 0.799561
vt 0.614746 0.799805
vt 0.587891 0.916504
vt 0.578613 0.915283
vt 0.566895 0.841064
vt 0.559570 0.865479
vt 0.562500 0.837891
vt 0.571289 0.835327
vt 0.568848 0.830933
vt 0.577637 0.829346
vt 0.577637 0.834473
vt 0.583984 0.835327
vt 0.586426 0.830933
vt 0.593262 0.837891
vt 0.588379 0.841064
vt 0.596191 0.865479
vt 0.362549 0.750000
vt 0.364258 0.763916
vt 0.956055 0.994595
vt 0.940430 0.979355
vt 0.940430 0.994579
vt 0.956055 0.979370
vt 0.956055 0.971619
vt 0.940430 0.971619
vt 0.940430 0.963898
vt 0.956055 0.963898
vt 0.940430 0.948669
vt 0.956055 0.948669
vt 0.956055 0.940918
vt 0.940430 0.940918
vt 0.940430 0.933167
vt 0.956055 0.933167
vt 0.956055 0.917969
vt 0.940430 0.917969
vt 0.938965 0.994324
vt 0.923340 0.979095
vt 0.923340 0.994312
vt 0.938965 0.979095
vt 0.938965 0.971359
vt 0.923340 0.971344
vt 0.938965 0.963623
vt 0.923340 0.963623
vt 0.923340 0.948395
vt 0.938965 0.948395
vt 0.923340 0.940643
vt 0.938965 0.940643
vt 0.923340 0.932922
vt 0.938965 0.932922
vt 0.938965 0.917664
vt 0.923340 0.917664
vt 0.973633 0.979370
vt 0.958008 0.994587
vt 0.973633 0.994591
vt 0.958008 0.979370
vt 0.958008 0.971619
vt 0.973633 0.971619
vt 0.973633 0.963898
vt 0.958008 0.963898
vt 0.958008 0.948669
vt 0.973633 0.948669
vt 0.958008 0.940918
vt 0.973633 0.940918
vt 0.973633 0.933167
vt 0.958008 0.933167
vt 0.958008 0.917969
vt 0.973633 0.917969
vt 0.834961 0.986130
vt 0.834961 0.996479
vt 0.850586 0.996487
vt 0.850586 0.986137
vt 0.850586 0.981750
vt 0.834961 0.981750
vt 0.850586 0.977356
vt 0.834961 0.977356
vt 0.834961 0.967010
vt 0.850586 0.967010
vt 0.834961 0.962646
vt 0.850586 0.962616
vt 0.834961 0.958252
vt 0.850586 0.958221
vt 0.850586 0.947876
vt 0.834961 0.947906
vt 0.926270 0.908875
vt 0.923828 0.900818
vt 0.913574 0.900818
vt 0.911133 0.908875
vt 0.903320 0.903687
vt 0.909180 0.897888
vt 0.897949 0.895935
vt 0.906250 0.893494
vt 0.906250 0.883179
vt 0.897949 0.880737
vt 0.909180 0.878784
vt 0.903320 0.873047
vt 0.913574 0.875854
vt 0.911133 0.867798
vt 0.926270 0.867798
vt 0.923828 0.875854
vt 0.866211 0.908875
vt 0.878906 0.900818
vt 0.868652 0.900818
vt 0.881348 0.908875
vt 0.889160 0.903687
vt 0.883301 0.897888
vt 0.894531 0.895935
vt 0.886230 0.893494
vt 0.886230 0.883179
vt 0.894531 0.880737
vt 0.883301 0.878784
vt 0.889160 0.873047
vt 0.878906 0.875854
vt 0.881348 0.867798
vt 0.866211 0.867798
vt 0.868652 0.875854
vt 0.989258 0.865234
vt 0.986816 0.857178
vt 0.976562 0.857178
vt 0.974121 0.865234
vt 0.966309 0.860107
vt 0.972168 0.854248
vt 0.961426 0.852295
vt 0.969238 0.849854
vt 0.969238 0.839478
vt 0.961426 0.837036
vt 0.972168 0.835083
vt 0.966309 0.829346
vt 0.976562 0.832153
vt 0.974121 0.824219
vt 0.989258 0.824219
vt 0.986816 0.832153
vt 0.389648 0.917114
vt 0.406250 0.912048
vt 0.408447 0.892578
vt 0.420166 0.908081
vt 0.409180 0.882629
vt 0.423340 0.890930
vt 0.428223 0.890808
vt 0.426025 0.908081
vt 0.424561 0.882568
vt 0.441406 0.891479
vt 0.441406 0.909241
vt 0.456543 0.908020
vt 0.429199 0.882507
vt 0.441406 0.882935
vt 0.454346 0.890808
vt 0.462402 0.908081
vt 0.430420 0.874390
vt 0.426025 0.874634
vt 0.410400 0.872803
vt 0.426025 0.854004
vt 0.409912 0.853271
vt 0.430420 0.854004
vt 0.409180 0.837402
vt 0.425781 0.838501
vt 0.409424 0.824463
vt 0.406982 0.807861
vt 0.425537 0.808838
vt 0.426025 0.825562
vt 0.430420 0.825684
vt 0.430176 0.808838
vt 0.430176 0.838623
vt 0.441406 0.824829
vt 0.441406 0.808350
vt 0.452637 0.808838
vt 0.441406 0.838135
vt 0.452393 0.825684
vt 0.457275 0.808838
vt 0.441406 0.853760
vt 0.452393 0.838623
vt 0.456787 0.825562
vt 0.441406 0.874390
vt 0.452148 0.854004
vt 0.457031 0.838501
vt 0.473145 0.824463
vt 0.475830 0.807861
vt 0.473389 0.837402
vt 0.472900 0.853271
vt 0.456543 0.854004
vt 0.472168 0.872803
vt 0.473389 0.882629
vt 0.456543 0.874634
vt 0.452148 0.874390
vt 0.458008 0.882568
vt 0.453369 0.882446
vt 0.459229 0.890930
vt 0.474121 0.892517
vt 0.476318 0.912048
vt 0.493164 0.917114
vt 0.439941 0.773315
vt 0.463867 0.780029
vt 0.448242 0.764771
vt 0.455322 0.787598
vt 0.439453 0.789062
vt 0.441895 0.800781
vt 0.430176 0.773193
vt 0.430176 0.801147
vt 0.430176 0.790649
vt 0.196411 0.744629
vt 0.205688 0.760986
vt 0.220093 0.764893
vt 0.237549 0.757935
vt 0.224976 0.776611
vt 0.240723 0.763062
vt 0.244141 0.768921
vt 0.250000 0.778687
vt 0.231567 0.792358
vt 0.141235 0.879517
vt 0.133057 0.885193
vt 0.132568 0.880859
vt 0.143311 0.884033
vt 0.148926 0.864624
vt 0.137939 0.853516
vt 0.129395 0.853638
vt 0.170288 0.782959
vt 0.156494 0.752075
vt 0.177856 0.787964
vt 0.357178 0.785156
vt 0.545410 0.909607
vt 0.549316 0.863525
vt 0.537598 0.906189
vt 0.557617 0.865356
vt 0.561035 0.832153
vt 0.554688 0.825195
vt 0.567871 0.824341
vt 0.564941 0.806885
vt 0.577637 0.805908
vt 0.577637 0.823364
vt 0.587402 0.824341
vt 0.590820 0.806763
vt 0.601074 0.825195
vt 0.594238 0.832153
vt 0.606445 0.863525
vt 0.598145 0.865356
vt 0.610352 0.909607
vt 0.618164 0.906189
vt 0.234131 0.899719
vt 0.217407 0.888428
vt 0.322998 0.722168
vt 0.316650 0.707520
vt 0.314209 0.719482
vt 0.315186 0.734619
vt 0.305176 0.731201
vt 0.295166 0.713135
vt 0.288574 0.725098
vt 0.273926 0.705566
vt 0.297119 0.701172
vt 0.274170 0.693604
vt 0.318359 0.693848
vt 0.298584 0.688965
vt 0.277100 0.682617
vt 0.298828 0.668457
vt 0.319824 0.669434
vt 0.129150 0.867432
vt 0.138062 0.866089
vt 0.569336 0.909119
vt 0.569336 0.869507
vt 0.577637 0.909180
vt 0.570312 0.841431
vt 0.577637 0.869507
vt 0.577637 0.841309
vt 0.585449 0.841431
vt 0.586426 0.869507
vt 0.586426 0.909119
vt 0.199707 0.885864
vt 0.180298 0.911133
vt 0.167725 0.896912
vt 0.185303 0.875366
vt 0.161621 0.899963
vt 0.153809 0.886536
vt 0.211182 0.887268
vt 0.205200 0.931030
vt 0.189087 0.914612
vt 0.030777 0.977203
vt 0.039215 0.972366
vt 0.036102 0.960754
vt 0.047668 0.980865
vt 0.026398 0.960754
vt 0.042877 0.989479
vt 0.039246 0.949188
vt 0.059265 0.993790
vt 0.030823 0.944305
vt 0.059265 0.983994
vt 0.047729 0.940704
vt 0.075745 0.989334
vt 0.042908 0.932251
vt 0.070862 0.980911
vt 0.059357 0.927856
vt 0.079346 0.972427
vt 0.059357 0.937622
vt 0.087769 0.977310
vt 0.075806 0.932312
vt 0.082458 0.960846
vt 0.070923 0.940735
vt 0.092224 0.960846
vt 0.087830 0.944366
vt 0.079407 0.949249
vt 0.085388 0.703857
vt 0.081787 0.710205
vt 0.094971 0.713623
vt 0.072144 0.700439
vt 0.094971 0.706299
vt 0.078430 0.696777
vt 0.108154 0.710205
vt 0.075867 0.687256
vt 0.104492 0.703857
vt 0.068604 0.687256
vt 0.111450 0.696777
vt 0.072327 0.674561
vt 0.117798 0.700439
vt 0.078613 0.677979
vt 0.114014 0.687256
vt 0.081787 0.664551
vt 0.121338 0.687256
vt 0.085449 0.670898
vt 0.117798 0.674072
vt 0.094971 0.668213
vt 0.111450 0.677734
vt 0.094971 0.660889
vt 0.104492 0.670654
vt 0.108154 0.664307
vt 0.292480 0.794556
vt 0.289551 0.830078
vt 0.231323 0.797119
vt 0.273682 0.836670
vt 0.113586 0.719482
vt 0.127197 0.705811
vt 0.094971 0.724609
vt 0.132202 0.687256
vt 0.076294 0.719482
vt 0.127197 0.668701
vt 0.062683 0.705811
vt 0.057800 0.687500
vt 0.113586 0.655029
vt 0.063232 0.669678
vt 0.094971 0.649902
vt 0.076599 0.655518
vt 0.059296 0.960815
vt 0.094971 0.687256
s 1
usemtl Leg
f 1/1/1 2/2/1 3/3/1
f 4/4/2 5/5/2 6/6/2
f 7/7/3 8/5/3 9/4/3
f 10/5/4 11/7/5 12/8/4
f 13/7/6 14/9/6 15/8/6
f 16/9/7 17/10/7 18/8/7
f 19/9/8 20/11/9 21/10/9
f 22/11/10 23/12/11 24/10/12
f 25/13/13 26/14/14 27/15/13
f 28/14/15 29/13/16 30/16/15
f 31/15/17 32/14/17 33/3/18
f 34/3/19 35/2/20 36/15/19
f 37/1/21 38/3/21 39/2/21
f 40/4/22 41/6/22 42/5/22
f 43/7/23 44/5/23 45/8/24
f 46/5/25 47/7/25 48/4/25
f 49/8/26 50/9/26 51/7/26
f 52/9/27 53/8/27 54/10/27
f 55/9/28 56/10/29 57/11/30
f 58/11/31 59/10/31 60/12/31
f 61/13/32 62/15/32 63/14/32
f 64/14/33 65/16/33 66/13/34
f 67/14/35 68/15/35 69/3/36
f 70/3/37 71/15/37 72/2/38
f 73/17/39 74/18/40 75/19/39
f 76/18/41 77/17/42 78/20/42
f 79/21/43 80/22/43 81/23/44
f 82/22/45 83/21/46 84/24/46
f 85/25/47 86/26/47 87/27/47
f 88/26/48 89/25/48 90/28/48
f 91/29/49 92/30/49 93/31/50
f 94/30/51 95/29/51 96/32/51
f 97/33/52 98/34/52 99/35/52
f 100/33/53 101/35/53 102/34/54
f 103/36/55 104/37/55 105/38/55
f 106/37/56 107/36/57 108/39/57
f 109/39/58 110/40/59 111/41/58
f 112/40/60 113/39/60 114/36/60
f 115/42/61 116/43/61 117/44/61
f 118/43/62 119/42/63 120/45/64
f 121/46/65 122/47/66 123/48/67
f 124/49/68 125/50/68 126/51/68
f 127/50/69 128/49/69 129/52/69
f 130/53/70 131/50/70 132/52/70
f 133/53/71 134/52/71 135/54/71
f 136/55/72 137/56/72 138/57/72
f 139/58/73 140/59/74 141/60/75
f 142/59/76 143/58/77 144/61/77
f 145/62/78 146/51/78 147/63/78
f 148/51/79 149/62/79 150/49/79
f 151/60/80 152/62/80 153/63/81
f 154/62/82 155/60/82 156/59/82
f 157/64/83 158/65/84 159/66/83
f 160/65/83 161/64/83 162/67/83
f 163/68/85 164/69/86 165/70/85
f 166/69/87 167/68/87 168/71/87
f 169/68/88 170/72/88 171/71/88
f 172/72/89 173/68/89 174/73/89
f 175/74/90 176/75/90 177/76/90
f 178/75/91 179/77/91 180/76/91
f 181/77/92 182/78/93 183/76/93
f 184/38/94 185/79/94 186/36/94
f 187/36/95 188/79/96 189/80/96
f 190/36/97 191/81/98 192/40/97
f 193/81/99 194/36/100 195/80/101
f 196/82/102 197/83/102 198/84/102
f 199/82/103 200/84/103 201/85/103
f 202/86/104 203/87/105 204/88/104
f 205/87/106 206/86/106 207/89/106
f 208/88/107 209/90/107 210/91/107
f 211/90/108 212/88/109 213/87/109
f 214/89/110 215/92/110 216/54/110
f 217/92/110 218/89/110 219/93/110
f 220/54/111 221/92/111 222/53/111
f 223/94/111 224/53/112 225/92/111
f 226/95/113 227/96/113 228/97/114
f 229/96/115 230/95/114 231/98/116
f 232/99/117 233/97/117 234/96/118
f 235/97/118 236/99/118 237/100/118
f 238/86/119 239/93/120 240/89/119
f 241/93/120 242/86/120 243/101/120
f 244/102/121 245/88/122 246/103/123
f 247/88/124 248/102/125 249/86/125
f 250/104/126 251/103/126 252/88/127
f 253/88/128 254/91/129 255/104/129
f 256/102/130 257/101/131 258/86/130
f 259/101/132 260/102/132 261/105/133
f 262/106/134 263/75/135 264/107/136
f 265/108/137 266/109/137 267/110/137
f 268/108/138 269/110/138 270/111/138
f 271/112/139 272/111/139 273/113/139
f 274/37/140 275/36/141 276/38/141
f 277/36/142 278/37/142 279/39/142
f 280/40/143 281/39/144 282/41/143
f 283/39/145 284/40/145 285/36/145
f 286/43/146 287/42/146 288/44/147
f 289/42/148 290/43/149 291/45/150
f 292/46/151 293/48/152 294/47/153
f 295/52/154 296/49/154 297/50/154
f 298/50/155 299/49/155 300/51/155
f 301/53/156 302/52/156 303/50/157
f 304/52/158 305/53/159 306/54/158
f 307/55/160 308/57/160 309/56/160
f 310/59/161 311/58/161 312/60/161
f 313/58/162 314/59/162 315/61/162
f 316/62/163 317/51/163 318/49/163
f 319/51/164 320/62/164 321/63/164
f 322/62/165 323/60/166 324/63/167
f 325/60/168 326/62/168 327/59/168
f 328/64/169 329/65/169 330/67/169
f 331/65/170 332/64/171 333/66/171
f 334/68/172 335/69/173 336/71/172
f 337/69/174 338/68/174 339/70/174
f 340/71/175 341/72/176 342/68/175
f 343/72/177 344/73/177 345/68/177
f 346/74/178 347/76/179 348/75/179
f 349/75/180 350/76/181 351/77/181
f 352/77/93 353/76/93 354/78/93
f 355/38/182 356/36/182 357/79/182
f 358/36/183 359/80/184 360/79/184
f 361/36/185 362/40/186 363/81/186
f 364/81/187 365/80/187 366/36/187
f 367/85/188 368/84/188 369/82/188
f 370/83/189 371/82/189 372/84/189
f 373/87/190 374/86/191 375/88/190
f 376/86/192 377/87/192 378/89/192
f 379/90/193 380/88/194 381/91/193
f 382/88/195 383/90/195 384/87/195
f 385/92/196 386/89/196 387/54/196
f 388/89/196 389/92/196 390/93/196
f 391/92/197 392/54/198 393/53/197
f 394/53/198 395/94/199 396/92/199
f 397/95/200 398/96/201 399/98/200
f 400/96/202 401/95/200 402/97/203
f 403/97/204 404/99/204 405/96/204
f 406/99/204 407/97/204 408/100/204
f 409/93/205 410/86/206 411/89/205
f 412/86/205 413/93/205 414/101/205
f 415/102/207 416/88/207 417/86/207
f 418/88/208 419/102/208 420/103/208
f 421/103/209 422/104/210 423/88/211
f 424/88/212 425/104/212 426/91/212
f 427/102/213 428/86/213 429/101/213
f 430/101/214 431/105/214 432/102/215
f 433/106/216 434/107/217 435/75/218
f 436/111/219 437/110/219 438/108/219
f 439/109/220 440/108/221 441/110/222
f 442/112/223 443/113/224 444/111/225
f 445/114/226 446/115/226 447/116/226
f 448/115/227 449/114/227 450/117/227
f 451/114/228 452/115/228 453/117/228
f 454/115/229 455/114/229 456/116/229
f 457/118/230 458/119/230 459/120/230
f 460/119/231 461/118/232 462/121/233
f 463/122/234 464/120/234 465/123/234
f 466/120/235 467/122/235 468/118/235
f 469/124/236 470/119/236 471/121/237
f 472/124/238 473/121/238 474/125/239
f 475/126/240 476/127/240 477/128/240
f 478/127/241 479/126/241 480/129/241
f 481/120/242 482/119/243 483/118/243
f 484/119/244 485/121/244 486/118/245
f 487/123/246 488/120/246 489/122/246
f 490/122/247 491/120/247 492/118/247
f 493/125/248 494/121/248 495/124/248
f 496/119/249 497/124/249 498/121/250
f 499/127/251 500/126/252 501/128/253
f 502/126/241 503/127/241 504/129/241
f 505/130/254 506/131/255 507/132/256
f 508/133/257 506/131/255 505/130/254
f 509/134/258 510/135/259 511/136/260
f 512/137/261 509/134/258 511/136/260
f 513/138/262 514/139/263 515/140/264
f 514/139/263 513/138/262 516/141/262
f 517/138/265 518/139/266 519/141/262
f 518/139/266 517/138/265 520/140/267
f 521/40/268 522/142/269 523/143/270
f 523/143/270 524/41/271 521/40/268
f 525/144/272 526/145/273 527/146/274
f 527/146/274 526/145/273 528/147/275
f 529/106/276 530/148/277 531/149/278
f 529/106/276 531/149/278 532/75/279
f 533/73/280 534/67/281 535/64/282
f 533/73/280 535/64/282 536/72/283
f 537/150/284 538/79/285 539/38/286
f 538/79/285 537/150/284 540/151/284
f 541/81/287 542/152/288 543/142/289
f 543/142/289 544/40/290 541/81/287
f 545/153/291 546/154/292 547/83/293
f 547/83/293 546/154/292 548/84/294
f 549/155/295 550/156/296 551/157/297
f 550/156/296 549/155/295 552/158/298
f 553/158/299 554/159/300 555/160/301
f 554/159/300 553/158/299 556/155/302
f 557/156/303 558/161/304 559/157/304
f 558/161/304 557/156/303 560/162/303
f 561/84/305 562/154/306 563/160/306
f 561/84/305 563/160/306 564/159/307
f 565/162/308 566/163/309 567/161/309
f 566/163/309 565/162/308 568/164/308
f 569/165/310 570/110/311 571/109/312
f 570/110/311 569/165/310 572/166/313
f 573/167/314 574/110/315 575/166/316
f 574/110/315 573/167/314 576/111/317
f 577/168/318 578/111/319 579/167/320
f 578/111/319 577/168/318 580/113/321
f 581/40/322 582/143/323 583/142/324
f 582/143/323 581/40/322 584/41/325
f 585/145/326 586/144/327 587/146/328
f 585/145/326 587/146/328 588/147/329
f 589/106/330 590/149/331 591/148/332
f 589/106/330 592/75/333 590/149/331
f 593/73/334 594/64/335 595/67/336
f 594/64/335 593/73/334 596/72/337
f 597/150/284 598/79/338 599/151/284
f 598/79/338 597/150/284 600/38/339
f 601/81/340 602/142/341 603/152/342
f 602/142/341 601/81/340 604/40/343
f 605/153/344 606/83/345 607/154/346
f 606/83/345 608/84/347 607/154/346
f 609/155/348 610/156/349 611/158/350
f 610/156/349 609/155/348 612/157/351
f 613/159/352 614/158/353 615/160/354
f 614/158/353 613/159/352 616/155/355
f 617/161/356 618/156/303 619/157/357
f 618/156/303 617/161/356 620/162/303
f 621/159/358 622/160/306 623/84/359
f 624/154/306 623/84/359 622/160/306
f 625/162/360 626/163/361 627/164/360
f 626/163/361 625/162/360 628/161/362
f 629/165/310 630/110/363 631/166/313
f 630/110/363 629/165/310 632/109/364
f 633/110/365 634/167/366 635/166/367
f 634/167/366 633/110/365 636/111/368
f 637/168/318 638/111/369 639/113/370
f 638/111/369 637/168/318 640/167/320
f 641/169/371 642/170/372 643/171/373
f 642/170/372 641/169/371 644/172/374
f 645/173/375 646/115/375 647/174/375
f 646/115/375 645/173/375 648/116/375
f 649/175/376 650/176/377 651/177/376
f 649/175/376 652/178/376 650/176/377
f 653/179/378 654/178/378 655/175/378
f 654/178/378 653/179/378 656/180/378
f 657/181/379 658/182/380 659/183/380
f 658/182/380 657/181/379 660/184/379
f 661/173/375 662/115/375 663/116/375
f 662/115/375 661/173/375 664/174/375
f 665/175/381 666/176/382 667/178/383
f 665/175/381 668/177/381 666/176/382
f 669/179/384 670/175/378 671/178/385
f 669/179/384 671/178/385 672/180/386
f 673/182/380 674/181/387 675/183/380
f 674/181/387 673/182/380 676/184/388
f 677/185/389 678/186/390 679/187/391
f 678/186/390 677/185/389 680/188/390
f 681/129/392 682/188/392 683/185/393
f 682/188/392 681/129/392 684/126/394
f 685/187/395 686/186/396 687/189/395
f 687/189/395 686/186/396 688/190/395
f 689/191/397 690/192/398 691/193/399
f 692/194/400 691/193/399 690/192/398
f 693/195/401 694/196/402 695/197/403
f 693/195/401 695/197/403 696/198/404
f 697/185/390 698/186/390 699/188/390
f 698/186/390 697/185/390 700/187/390
f 701/129/394 702/188/405 703/126/394
f 702/188/405 701/129/394 704/185/405
f 705/186/396 706/187/395 707/189/395
f 705/186/396 707/189/395 708/190/396
f 709/199/406 710/200/407 711/201/408
f 710/200/407 712/2/409 711/201/408
f 711/201/408 712/2/409 713/1/410
f 714/202/411 715/203/412 716/204/413
f 716/204/413 715/203/412 717/205/414
f 718/206/415 716/204/413 717/205/414
f 717/205/414 719/207/416 718/206/415
f 719/207/416 717/205/414 720/208/417
f 720/208/417 721/33/418 719/207/416
f 721/33/418 720/208/417 722/35/419
f 723/209/420 724/210/421 725/211/422
f 725/211/422 726/212/423 723/209/420
f 726/212/423 725/211/422 727/213/424
f 728/214/425 729/215/425 730/216/426
f 728/214/425 730/216/426 731/217/427
f 732/218/428 731/217/427 730/216/426
f 731/217/427 732/218/428 733/219/429
f 734/89/430 735/54/431 736/87/432
f 737/52/433 736/87/432 735/54/431
f 737/52/433 738/90/434 736/87/432
f 738/90/434 737/52/433 739/220/435
f 739/220/435 737/52/433 740/49/436
f 740/49/436 741/221/437 739/220/435
f 741/221/437 740/49/436 742/222/438
f 742/222/438 740/49/436 743/62/439
f 741/221/437 742/222/438 744/223/440
f 742/222/438 743/62/439 745/59/441
f 742/222/438 746/224/442 744/223/440
f 747/225/443 744/223/440 746/224/442
f 748/226/444 746/224/442 742/222/438
f 742/222/438 745/59/441 748/226/444
f 748/226/444 745/59/441 749/61/445
f 749/61/445 750/227/446 748/226/444
f 750/227/446 746/224/442 748/226/444
f 751/228/447 746/224/442 750/227/446
f 746/224/442 751/228/447 752/229/448
f 747/225/443 746/224/442 752/229/448
f 747/225/443 752/229/448 753/230/449
f 751/228/447 754/231/450 752/229/448
f 752/229/448 754/231/450 753/230/449
f 755/232/451 756/233/452 757/234/453
f 757/234/453 758/235/454 755/232/451
f 759/236/455 758/235/454 757/234/453
f 758/235/454 759/236/455 760/237/456
f 760/237/456 761/238/457 758/235/454
f 760/237/456 759/236/455 762/239/458
f 762/239/458 763/240/459 760/237/456
f 760/237/456 763/240/459 761/238/457
f 764/241/460 761/238/457 763/240/459
f 765/242/461 764/241/460 763/240/459
f 763/240/459 762/239/458 765/242/461
f 766/243/462 767/244/463 768/245/464
f 766/243/462 768/245/464 769/246/465
f 768/245/464 770/247/466 769/246/465
f 769/246/465 770/247/466 771/248/467
f 772/249/468 771/248/467 770/247/466
f 771/248/467 772/249/468 773/250/469
f 772/249/468 774/251/470 773/250/469
f 775/252/471 773/250/469 774/251/470
f 774/251/470 776/253/472 775/252/471
f 775/252/471 776/253/472 777/254/473
f 777/254/473 776/253/472 778/255/474
f 778/255/474 779/256/475 777/254/473
f 779/256/475 778/255/474 780/257/476
f 778/255/474 781/258/477 780/257/476
f 781/258/477 778/255/474 782/259/478
f 782/259/478 778/255/474 776/253/472
f 782/259/478 783/260/479 781/258/477
f 783/260/479 782/259/478 784/261/480
f 784/261/480 782/259/478 785/262/481
f 776/253/472 785/262/481 782/259/478
f 786/251/482 785/262/481 776/253/472
f 785/262/481 787/263/483 784/261/480
f 785/262/481 788/264/484 787/263/483
f 785/262/481 786/251/482 788/264/484
f 789/249/485 788/264/484 786/251/482
f 788/264/484 790/265/486 787/263/483
f 790/265/486 788/264/484 791/266/487
f 788/264/484 789/249/485 791/266/487
f 792/247/488 791/266/487 789/249/485
f 791/266/487 792/247/488 793/267/489
f 793/267/489 790/265/486 791/266/487
f 794/245/490 793/267/489 792/247/488
f 795/268/491 793/267/489 794/245/490
f 790/265/486 793/267/489 795/268/491
f 796/244/492 795/268/491 794/245/490
f 795/268/491 796/244/492 797/269/493
f 795/268/491 797/269/493 798/270/494
f 799/75/495 800/149/496 801/77/497
f 802/148/498 801/77/497 800/149/496
f 801/77/497 802/148/498 803/271/499
f 804/272/500 805/273/501 806/274/502
f 804/272/500 806/274/502 807/275/503
f 808/276/504 807/275/503 806/274/502
f 807/275/503 808/276/504 809/277/505
f 810/278/506 809/277/505 808/276/504
f 809/277/505 810/278/506 811/279/507
f 810/278/506 812/43/508 811/279/507
f 810/278/506 813/44/509 812/43/508
f 814/54/510 815/89/511 816/87/512
f 816/87/512 817/52/513 814/54/510
f 817/52/513 816/87/512 818/90/514
f 818/90/514 819/220/515 817/52/513
f 820/49/516 817/52/513 819/220/515
f 820/49/516 819/220/515 821/221/517
f 821/221/517 822/222/518 820/49/516
f 822/222/518 823/62/519 820/49/516
f 821/221/517 824/223/520 822/222/518
f 823/62/519 822/222/518 825/59/521
f 826/224/522 822/222/518 824/223/520
f 824/223/520 827/225/523 826/224/522
f 826/224/522 828/226/524 822/222/518
f 825/59/521 822/222/518 828/226/524
f 828/226/524 829/61/525 825/59/521
f 830/227/526 828/226/524 826/224/522
f 829/61/525 828/226/524 830/227/526
f 826/224/522 831/228/527 830/227/526
f 831/228/527 826/224/522 832/229/528
f 826/224/522 827/225/523 832/229/528
f 827/225/523 833/230/529 832/229/528
f 831/228/527 832/229/528 834/231/530
f 832/229/528 833/230/529 834/231/530
f 835/280/531 836/281/532 837/282/533
f 838/283/534 837/282/533 836/281/532
f 838/283/534 839/284/535 837/282/533
f 839/284/535 838/283/534 840/285/536
f 839/284/535 840/285/536 841/286/537
f 841/286/537 840/285/536 842/287/538
f 843/288/539 844/147/540 845/289/541
f 846/290/542 845/289/541 844/147/540
f 845/289/541 846/290/542 847/291/543
f 846/290/542 848/292/544 847/291/543
f 847/291/543 848/292/544 849/293/545
f 848/292/544 850/294/546 849/293/545
f 848/292/544 851/295/547 850/294/546
f 852/117/375 853/114/375 854/296/375
f 854/296/375 853/114/375 855/297/375
f 854/296/375 855/297/375 856/298/375
f 855/297/375 857/299/548 856/298/375
f 857/299/548 855/297/375 858/300/549
f 858/300/549 859/181/550 857/299/548
f 859/181/550 858/300/549 860/184/551
f 861/301/552 862/302/553 863/303/554
f 863/303/554 864/304/555 861/301/552
f 864/304/555 863/303/554 865/305/556
f 864/304/555 865/305/556 866/306/557
f 864/304/555 866/306/557 867/307/558
f 866/306/557 868/308/559 867/307/558
f 868/308/559 866/306/557 869/309/560
f 869/309/560 870/310/561 868/308/559
f 870/310/561 869/309/560 871/311/562
f 868/308/559 870/310/561 872/312/563
f 873/313/564 872/312/563 870/310/561
f 873/313/564 870/310/561 874/314/565
f 875/315/566 876/316/567 877/317/568
f 875/315/566 877/317/568 878/318/569
f 878/318/569 877/317/568 879/319/570
f 878/318/569 879/319/570 880/320/571
f 880/320/571 879/319/570 881/321/572
f 880/320/571 881/321/572 882/322/573
f 882/322/573 881/321/572 883/323/574
f 882/322/573 883/323/574 884/324/575
f 884/324/575 883/323/574 885/325/576
f 884/324/575 885/325/576 886/326/577
f 886/326/577 885/325/576 887/327/578
f 886/326/577 887/327/578 888/328/579
f 888/328/579 887/327/578 889/329/580
f 888/328/579 889/329/580 890/330/241
f 890/330/241 889/329/580 891/331/581
f 890/330/241 891/331/581 892/332/582
f 892/332/582 891/331/581 893/333/583
f 892/332/582 893/333/583 894/334/584
f 895/335/585 894/334/584 893/333/583
f 895/335/585 896/336/586 894/334/584
f 897/337/587 896/336/586 895/335/585
f 898/338/588 896/336/586 897/337/587
f 897/337/587 899/339/589 898/338/588
f 899/339/589 897/337/587 900/340/590
f 901/341/591 902/122/592 903/118/593
f 901/341/591 903/118/593 904/342/594
f 904/342/594 903/118/593 905/121/595
f 904/342/594 905/121/595 906/343/596
f 906/343/596 905/121/595 907/125/597
f 906/343/596 907/125/597 908/344/598
f 909/345/599 910/346/600 911/347/601
f 910/346/600 909/345/599 912/348/602
f 913/349/603 912/348/602 909/345/599
f 912/348/602 913/349/603 914/350/604
f 915/351/605 914/350/604 913/349/603
f 914/350/604 915/351/605 916/352/606
f 917/353/607 918/347/608 919/354/608
f 918/347/608 917/353/607 920/345/609
f 921/355/425 920/345/609 917/353/607
f 920/345/609 921/355/425 922/349/610
f 923/356/611 922/349/610 921/355/425
f 922/349/610 923/356/611 924/351/612
f 923/356/611 925/357/613 924/351/612
f 925/357/613 923/356/611 926/358/613
f 927/346/614 928/345/615 929/347/616
f 928/345/615 927/346/614 930/348/617
f 930/348/617 931/349/618 928/345/615
f 931/349/618 930/348/617 932/350/619
f 932/350/619 933/351/620 931/349/618
f 933/351/620 932/350/619 934/352/621
f 935/201/622 936/1/623 937/2/624
f 938/200/625 935/201/622 937/2/624
f 939/199/626 935/201/622 938/200/625
f 940/347/627 941/353/607 942/354/608
f 941/353/607 940/347/627 943/345/609
f 943/345/609 944/355/425 941/353/607
f 944/355/425 943/345/609 945/349/610
f 945/349/610 946/356/611 944/355/425
f 946/356/611 945/349/610 947/351/628
f 946/356/611 947/351/628 948/357/629
f 946/356/611 948/357/629 949/358/613
f 950/359/630 951/360/631 952/361/631
f 951/360/631 950/359/630 953/362/632
f 954/363/633 953/362/632 950/359/630
f 953/362/632 954/363/633 955/364/634
f 954/363/633 956/365/635 955/364/634
f 956/365/635 954/363/633 957/366/636
f 957/366/636 958/367/637 956/365/635
f 959/368/638 958/367/637 957/366/636
f 958/367/637 959/368/638 960/369/639
f 960/369/639 961/370/639 958/367/637
f 960/369/639 962/371/640 961/370/639
f 962/371/640 960/369/639 963/372/641
f 962/371/640 963/372/641 964/373/642
f 964/373/642 963/372/641 965/374/642
f 966/375/631 967/376/643 968/377/631
f 967/376/643 966/375/631 969/378/644
f 969/378/644 970/379/645 967/376/643
f 970/379/645 969/378/644 971/380/646
f 971/380/646 972/381/647 970/379/645
f 972/381/647 971/380/646 973/382/648
f 973/382/648 974/383/649 972/381/647
f 973/382/648 975/384/650 974/383/649
f 974/383/649 975/384/650 976/385/651
f 976/385/651 977/386/652 974/383/649
f 978/387/653 977/386/652 976/385/651
f 977/386/652 978/387/653 979/388/654
f 980/389/642 979/388/654 978/387/653
f 979/388/654 980/389/642 981/390/642
f 982/391/631 983/392/655 984/393/631
f 983/392/655 982/391/631 985/394/656
f 985/394/656 986/395/657 983/392/655
f 986/395/657 985/394/656 987/396/658
f 986/395/657 987/396/658 988/397/659
f 988/397/659 989/398/660 986/395/657
f 988/397/659 990/399/661 989/398/660
f 991/400/662 990/399/661 988/397/659
f 991/400/662 992/401/663 990/399/661
f 992/401/663 991/400/662 993/402/664
f 992/401/663 993/402/664 994/403/665
f 994/403/665 995/404/666 992/401/663
f 996/405/642 995/404/666 994/403/665
f 995/404/666 996/405/642 997/406/642
f 998/407/667 999/408/668 1000/409/669
f 999/408/668 998/407/667 1001/410/670
f 1001/410/670 998/407/667 1002/411/671
f 1002/411/671 1003/412/672 1001/410/670
f 1003/412/672 1002/411/671 1004/413/673
f 1004/413/673 1005/414/674 1003/412/672
f 1004/413/673 1006/415/675 1005/414/674
f 1004/413/673 1007/416/676 1006/415/675
f 1007/416/676 1008/417/677 1006/415/675
f 1008/417/677 1007/416/676 1009/418/678
f 1009/418/678 1010/419/679 1008/417/677
f 1010/419/679 1009/418/678 1011/420/680
f 1011/420/680 1012/421/681 1010/419/679
f 1011/420/680 1013/422/682 1012/421/681
f 1014/423/683 1015/424/631 1016/425/631
f 1016/425/631 1017/426/684 1014/423/683
f 1017/426/684 1018/427/685 1014/423/683
f 1018/427/685 1017/426/684 1019/428/685
f 1019/428/685 1020/429/686 1018/427/685
f 1020/429/686 1021/430/686 1018/427/685
f 1020/429/686 1022/431/687 1021/430/686
f 1020/429/686 1023/432/688 1022/431/687
f 1023/432/688 1024/433/689 1022/431/687
f 1024/433/689 1023/432/688 1025/434/690
f 1024/433/689 1025/434/690 1026/435/691
f 1026/435/691 1027/436/692 1024/433/689
f 1028/437/642 1027/436/692 1026/435/691
f 1027/436/692 1028/437/642 1029/438/642
f 1030/439/693 1031/440/693 1032/441/693
f 1031/440/693 1030/439/693 1033/442/693
f 1033/442/693 1034/443/693 1031/440/693
f 1034/443/693 1033/442/693 1035/444/694
f 1036/445/693 1034/443/693 1035/444/694
f 1037/446/693 1034/443/693 1036/445/693
f 1038/447/693 1037/446/693 1036/445/693
f 1038/447/693 1039/448/693 1037/446/693
f 1038/447/693 1040/449/693 1039/448/693
f 1040/449/693 1038/447/693 1041/450/693
f 1042/451/693 1040/449/693 1041/450/693
f 1040/449/693 1042/451/693 1043/452/693
f 1042/451/693 1044/453/693 1043/452/693
f 1044/453/693 1042/451/693 1045/454/693
f 1046/455/695 1047/456/695 1048/457/695
f 1048/457/695 1047/456/695 1049/458/695
f 1050/459/695 1049/458/695 1047/456/695
f 1049/458/695 1050/459/695 1051/460/695
f 1050/459/695 1052/461/695 1051/460/695
f 1052/461/695 1050/459/695 1053/462/695
f 1053/462/695 1054/463/695 1052/461/695
f 1054/463/695 1053/462/695 1055/464/695
f 1055/464/695 1056/465/695 1054/463/695
f 1054/463/695 1056/465/695 1057/466/695
f 1056/465/695 1058/467/695 1057/466/695
f 1058/467/695 1056/465/695 1059/468/695
f 1059/468/695 1060/469/695 1058/467/695
f 1060/469/695 1059/468/695 1061/470/696
f 1062/471/697 1063/472/698 1064/473/699
f 1063/472/698 1062/471/697 1065/474/697
f 1065/474/697 1066/475/699 1063/472/698
f 1066/475/699 1065/474/697 1067/476/700
f 1068/477/698 1066/475/699 1067/476/700
f 1069/478/699 1066/475/699 1068/477/698
f 1070/479/701 1069/478/699 1068/477/698
f 1070/479/701 1071/480/702 1069/478/699
f 1070/479/701 1072/481/697 1071/480/702
f 1072/481/697 1070/479/701 1073/482/699
f 1074/483/701 1072/481/697 1073/482/699
f 1072/481/697 1074/483/701 1075/484/703
f 1074/483/701 1076/485/704 1075/484/703
f 1076/485/704 1074/483/701 1077/486/705
f 1078/487/706 1079/488/707 1080/489/708
f 1080/489/708 1079/488/707 1081/490/709
f 1082/491/709 1081/490/709 1079/488/707
f 1081/490/709 1082/491/709 1083/492/709
f 1082/491/709 1084/493/708 1083/492/709
f 1084/493/708 1082/491/709 1085/494/709
f 1085/494/709 1086/495/706 1084/493/708
f 1086/495/706 1085/494/709 1087/496/710
f 1087/496/710 1088/497/711 1086/495/706
f 1086/495/706 1088/497/711 1089/498/712
f 1088/497/711 1090/499/712 1089/498/712
f 1090/499/712 1088/497/711 1091/500/712
f 1091/500/712 1092/501/713 1090/499/712
f 1092/501/713 1091/500/712 1093/502/712
f 1094/503/714 1095/504/715 1096/505/714
f 1096/505/714 1095/504/715 1097/506/714
f 1098/507/714 1097/506/714 1095/504/715
f 1097/506/714 1098/507/714 1099/508/714
f 1100/509/714 1099/508/714 1098/507/714
f 1100/509/714 1101/510/714 1099/508/714
f 1100/509/714 1102/511/714 1101/510/714
f 1102/511/714 1100/509/714 1103/512/715
f 1103/512/715 1104/513/714 1102/511/714
f 1104/513/714 1103/512/715 1105/514/714
f 1105/514/714 1106/515/716 1104/513/714
f 1106/515/716 1105/514/714 1107/516/717
f 1107/516/717 1108/517/714 1106/515/716
f 1108/517/714 1107/516/717 1109/518/714
f 1110/519/718 1111/24/719 1112/21/720
f 1111/24/719 1110/519/718 1113/520/721
f 1110/519/718 1114/17/722 1113/520/721
f 1115/19/723 1113/520/721 1114/17/722
f 1116/521/724 1117/130/725 1118/132/726
f 1118/132/726 1119/522/727 1116/521/724
f 1119/522/727 1120/22/728 1116/521/724
f 1120/22/728 1119/522/727 1121/23/729
f 1122/31/730 1123/523/731 1124/29/732
f 1123/523/731 1122/31/730 1125/524/733
f 1125/524/733 1126/25/734 1123/523/731
f 1125/524/733 1127/28/735 1126/25/734
f 1128/525/736 1129/135/737 1130/134/738
f 1129/135/737 1128/525/736 1131/526/739
f 1132/30/740 1131/526/739 1128/525/736
f 1131/526/739 1132/30/740 1133/32/741
f 1134/202/411 1135/204/742 1136/203/412
f 1135/204/742 1137/205/743 1136/203/412
f 1138/206/744 1137/205/743 1135/204/742
f 1137/205/743 1138/206/744 1139/207/745
f 1140/208/746 1137/205/743 1139/207/745
f 1141/33/747 1140/208/746 1139/207/745
f 1140/208/746 1141/33/747 1142/35/748
f 1143/527/749 1144/141/750 1145/528/751
f 1144/141/750 1143/527/749 1146/139/752
f 1143/527/749 1147/529/753 1146/139/752
f 1148/530/754 1146/139/752 1147/529/753
f 1146/139/752 1148/530/754 1149/531/755
f 1150/209/756 1149/531/755 1148/530/754
f 1149/531/755 1150/209/756 1151/210/757
f 1152/209/758 1153/211/759 1154/210/760
f 1155/212/761 1153/211/759 1152/209/758
f 1153/211/759 1155/212/761 1156/213/762
f 1157/214/425 1158/216/763 1159/215/425
f 1158/216/763 1157/214/425 1160/217/427
f 1160/217/427 1161/218/764 1158/216/763
f 1161/218/764 1160/217/427 1162/219/429
f 1163/532/765 1164/210/766 1165/533/767
f 1164/210/766 1163/532/765 1166/531/768
f 1167/140/769 1166/531/768 1163/532/765
f 1166/531/768 1167/140/769 1168/139/770
f 1169/141/750 1170/527/771 1171/528/751
f 1170/527/771 1169/141/750 1172/139/772
f 1170/527/771 1172/139/772 1173/529/773
f 1172/139/772 1174/530/774 1173/529/773
f 1174/530/774 1172/139/772 1175/531/775
f 1175/531/775 1176/209/776 1174/530/774
f 1176/209/776 1175/531/775 1177/210/777
f 1178/210/778 1179/532/779 1180/533/780
f 1179/532/779 1178/210/778 1181/531/781
f 1181/531/781 1182/140/782 1179/532/779
f 1182/140/782 1181/531/781 1183/139/782
f 1184/45/783 1185/279/784 1186/43/785
f 1185/279/784 1184/45/783 1187/534/786
f 1187/534/786 1188/277/787 1185/279/784
f 1188/277/787 1187/534/786 1189/535/788
f 1189/535/788 1187/534/786 1190/536/789
f 1189/535/788 1191/275/790 1188/277/787
f 1189/535/788 1190/536/789 1192/537/791
f 1191/275/790 1193/538/792 1194/272/793
f 1195/539/794 1189/535/788 1192/537/791
f 1195/539/794 1192/537/791 1196/540/795
f 1191/275/790 1197/541/796 1193/538/792
f 1195/539/794 1197/541/796 1189/535/788
f 1191/275/790 1189/535/788 1197/541/796
f 1198/542/797 1193/538/792 1197/541/796
f 1193/538/792 1198/542/797 1199/543/797
f 1200/544/798 1198/542/797 1197/541/796
f 1197/541/796 1195/539/794 1200/544/798
f 1198/542/797 1200/544/798 1201/545/799
f 1202/546/800 1200/544/798 1195/539/794
f 1202/546/800 1195/539/794 1196/540/795
f 1203/547/801 1202/546/800 1196/540/795
f 1204/548/802 1200/544/798 1202/546/800
f 1201/545/799 1200/544/798 1204/548/802
f 1205/549/803 1201/545/799 1204/548/802
f 1206/550/804 1204/548/802 1202/546/800
f 1206/550/804 1202/546/800 1203/547/801
f 1207/551/805 1206/550/804 1203/547/801
f 1206/550/804 1208/41/806 1204/548/802
f 1205/549/803 1204/548/802 1208/41/806
f 1208/41/806 1209/143/807 1205/549/803
f 1206/550/804 1210/39/808 1208/41/806
f 1210/39/808 1206/550/804 1211/552/809
f 1207/551/805 1211/552/809 1206/550/804
f 1212/553/810 1211/552/809 1207/551/805
f 1213/554/811 1210/39/808 1211/552/809
f 1212/553/810 1213/554/811 1211/552/809
f 1213/554/811 1214/37/812 1210/39/808
f 1215/553/813 1216/555/814 1217/556/815
f 1216/555/814 1215/553/813 1218/551/816
f 1218/551/816 1219/557/817 1216/555/814
f 1219/557/817 1218/551/816 1220/547/818
f 1220/547/818 1221/558/819 1219/557/817
f 1221/558/819 1220/547/818 1222/540/820
f 1222/540/820 1223/559/821 1221/558/819
f 1223/559/821 1222/540/820 1224/537/822
f 1224/537/822 1225/560/823 1223/559/821
f 1225/560/823 1224/537/822 1226/536/824
f 1227/534/825 1225/560/823 1226/536/824
f 1225/560/823 1227/534/825 1228/561/826
f 1229/45/827 1228/561/826 1227/534/825
f 1228/561/826 1229/45/827 1230/42/828
f 1231/562/829 1232/70/830 1233/69/831
f 1232/70/830 1231/562/829 1234/563/832
f 1235/564/833 1234/563/832 1231/562/829
f 1234/563/832 1235/564/833 1236/565/834
f 1235/564/833 1237/566/835 1236/565/834
f 1237/566/835 1235/564/833 1238/567/836
f 1239/282/837 1240/281/838 1241/280/839
f 1239/282/837 1242/283/840 1240/281/838
f 1243/284/841 1242/283/840 1239/282/837
f 1242/283/840 1243/284/841 1244/285/842
f 1244/285/842 1243/284/841 1245/286/843
f 1244/285/842 1245/286/843 1246/287/844
f 1247/290/845 1248/146/846 1249/147/847
f 1248/146/846 1247/290/845 1250/568/848
f 1251/292/849 1250/568/848 1247/290/845
f 1250/568/848 1251/292/849 1252/569/850
f 1253/82/851 1250/568/848 1252/569/850
f 1254/295/852 1252/569/850 1251/292/849
f 1253/82/851 1252/569/850 1255/83/853
f 1252/569/850 1254/295/852 1256/570/854
f 1256/570/854 1255/83/853 1252/569/850
f 1255/83/853 1256/570/854 1257/153/855
f 1258/288/273 1259/289/856 1260/147/857
f 1259/289/856 1261/290/858 1260/147/857
f 1261/290/858 1259/289/856 1262/291/859
f 1261/290/858 1262/291/859 1263/292/860
f 1263/292/860 1262/291/859 1264/293/861
f 1264/293/861 1265/294/862 1263/292/860
f 1266/295/863 1263/292/860 1265/294/862
f 1267/571/864 1268/572/865 1269/573/66
f 1267/571/864 1270/574/866 1268/572/865
f 1270/574/866 1267/571/864 1271/575/867
f 1272/42/868 1270/574/866 1271/575/867
f 1272/42/868 1273/576/869 1270/574/866
f 1271/575/867 1274/561/870 1272/42/868
f 1274/561/870 1271/575/867 1275/560/871
f 1276/44/872 1273/576/869 1272/42/868
f 1275/560/871 1271/575/867 1277/577/873
f 1277/577/873 1278/559/874 1275/560/871
f 1277/577/873 1279/578/875 1278/559/874
f 1278/559/874 1279/578/875 1280/558/876
f 1279/578/875 1281/557/877 1280/558/876
f 1281/557/877 1279/578/875 1282/579/878
f 1283/580/879 1282/579/878 1279/578/875
f 1282/579/878 1284/555/880 1281/557/877
f 1282/579/878 1283/580/879 1285/581/881
f 1284/555/880 1282/579/878 1286/582/882
f 1285/581/881 1286/582/882 1282/579/878
f 1286/582/882 1287/556/883 1284/555/880
f 1286/582/882 1285/581/881 1288/583/884
f 1288/583/884 1289/584/885 1286/582/882
f 1287/556/883 1286/582/882 1289/584/885
f 1289/584/885 1288/583/884 1290/585/886
f 1291/586/887 1273/576/869 1276/44/872
f 1291/586/887 1276/44/872 1292/278/888
f 1273/576/869 1291/586/887 1293/587/889
f 1293/587/889 1294/588/280 1295/589/890
f 1292/278/888 1296/590/891 1291/586/887
f 1296/590/891 1292/278/888 1297/276/892
f 1298/591/893 1296/590/891 1297/276/892
f 1298/591/893 1297/276/892 1299/274/894
f 1296/590/891 1298/591/893 1300/592/895
f 1291/586/887 1296/590/891 1301/593/896
f 1300/592/895 1301/593/896 1296/590/891
f 1301/593/896 1300/592/895 1302/594/897
f 1302/594/897 1303/595/898 1301/593/896
f 1303/595/898 1302/594/897 1304/596/899
f 1301/593/896 1303/595/898 1305/597/900
f 1305/597/900 1291/586/887 1301/593/896
f 1306/598/901 1305/597/900 1303/595/898
f 1305/597/900 1306/598/901 1307/599/902
f 1291/586/887 1307/599/902 1293/587/889
f 1307/599/902 1294/588/280 1293/587/889
f 1307/599/902 1291/586/887 1305/597/900
f 1308/600/903 1307/599/902 1306/598/901
f 1309/601/904 1307/599/902 1308/600/903
f 1294/588/280 1307/599/902 1309/601/904
f 1310/271/905 1294/588/280 1309/601/904
f 1310/271/905 1309/601/904 1311/602/906
f 1311/602/906 1309/601/904 1308/600/903
f 1312/78/907 1311/602/906 1308/600/903
f 1311/602/906 1313/77/908 1310/271/905
f 1313/77/908 1311/602/906 1312/78/907
f 1314/603/909 1315/604/910 1316/605/911
f 1317/606/912 1316/605/911 1315/604/910
f 1318/607/913 1317/606/912 1315/604/910
f 1319/608/914 1317/606/912 1318/607/913
f 1320/609/915 1319/608/914 1318/607/913
f 1319/608/914 1320/609/915 1321/610/916
f 1320/609/915 1322/611/917 1321/610/916
f 1322/611/917 1320/609/915 1323/612/918
f 1324/613/919 1322/611/917 1323/612/918
f 1322/611/917 1324/613/919 1325/614/920
f 1326/613/921 1327/615/922 1328/614/923
f 1327/615/922 1329/616/924 1328/614/923
f 1330/617/925 1329/616/924 1327/615/922
f 1329/616/924 1330/617/925 1331/618/926
f 1331/618/926 1330/617/925 1332/603/927
f 1331/618/926 1332/603/927 1333/605/928
f 1334/606/929 1335/618/930 1336/605/931
f 1335/618/930 1334/606/929 1337/608/932
f 1337/608/932 1338/616/933 1335/618/930
f 1338/616/933 1337/608/932 1339/610/934
f 1340/611/935 1338/616/933 1339/610/934
f 1338/616/933 1340/611/935 1341/614/936
f 1342/619/937 1343/620/938 1344/621/939
f 1343/620/938 1342/619/937 1345/622/940
f 1345/622/940 1346/623/941 1343/620/938
f 1346/623/941 1345/622/940 1347/624/942
f 1348/625/943 1346/623/941 1347/624/942
f 1346/623/941 1348/625/943 1349/626/944
f 1350/43/945 1351/279/946 1352/45/947
f 1351/279/946 1353/534/948 1352/45/947
f 1354/277/949 1353/534/948 1351/279/946
f 1355/535/950 1353/534/948 1354/277/949
f 1353/534/948 1355/535/950 1356/536/951
f 1357/275/952 1355/535/950 1354/277/949
f 1355/535/950 1358/537/953 1356/536/951
f 1359/538/954 1357/275/952 1360/272/955
f 1358/537/953 1355/535/950 1361/539/956
f 1361/539/956 1362/540/957 1358/537/953
f 1363/541/958 1357/275/952 1359/538/954
f 1363/541/958 1361/539/956 1355/535/950
f 1355/535/950 1357/275/952 1363/541/958
f 1359/538/954 1364/542/959 1363/541/958
f 1364/542/959 1359/538/954 1365/543/959
f 1364/542/959 1366/544/960 1363/541/958
f 1361/539/956 1363/541/958 1366/544/960
f 1366/544/960 1364/542/959 1367/545/961
f 1366/544/960 1368/546/962 1361/539/956
f 1362/540/957 1361/539/956 1368/546/962
f 1368/546/962 1369/547/963 1362/540/957
f 1368/546/962 1366/544/960 1370/548/964
f 1367/545/961 1370/548/964 1366/544/960
f 1370/548/964 1367/545/961 1371/549/965
f 1370/548/964 1372/550/966 1368/546/962
f 1369/547/963 1368/546/962 1372/550/966
f 1372/550/966 1373/551/967 1369/547/963
f 1372/550/966 1370/548/964 1374/41/968
f 1371/549/965 1374/41/968 1370/548/964
f 1374/41/968 1371/549/965 1375/143/969
f 1376/39/970 1372/550/966 1374/41/968
f 1372/550/966 1376/39/970 1377/552/971
f 1373/551/967 1372/550/966 1377/552/971
f 1377/552/971 1378/553/972 1373/551/967
f 1376/39/970 1379/554/973 1377/552/971
f 1378/553/972 1377/552/971 1379/554/973
f 1379/554/973 1376/39/970 1380/37/974
f 1381/555/975 1382/553/976 1383/556/977
f 1382/553/976 1381/555/975 1384/551/978
f 1385/557/979 1384/551/978 1381/555/975
f 1384/551/978 1385/557/979 1386/547/980
f 1387/558/981 1386/547/980 1385/557/979
f 1386/547/980 1387/558/981 1388/540/982
f 1389/559/983 1388/540/982 1387/558/981
f 1388/540/982 1389/559/983 1390/537/984
f 1389/559/983 1391/560/985 1390/537/984
f 1392/536/986 1390/537/984 1391/560/985
f 1391/560/985 1393/534/987 1392/536/986
f 1393/534/987 1391/560/985 1394/561/988
f 1394/561/988 1395/45/989 1393/534/987
f 1395/45/989 1394/561/988 1396/42/990
f 1397/70/991 1398/562/992 1399/69/993
f 1398/562/992 1397/70/991 1400/563/994
f 1400/563/994 1401/564/995 1398/562/992
f 1401/564/995 1400/563/994 1402/565/996
f 1403/566/997 1401/564/995 1402/565/996
f 1401/564/995 1403/566/997 1404/567/998
f 1405/232/999 1406/234/1000 1407/233/1001
f 1408/235/1002 1406/234/1000 1405/232/999
f 1408/235/1002 1409/236/1003 1406/234/1000
f 1409/236/1003 1408/235/1002 1410/237/1004
f 1409/236/1003 1410/237/1004 1411/239/1005
f 1410/237/1004 1408/235/1002 1412/238/1006
f 1413/240/1007 1411/239/1005 1410/237/1004
f 1410/237/1004 1412/238/1006 1413/240/1007
f 1411/239/1005 1413/240/1007 1414/242/1008
f 1415/241/1009 1414/242/1008 1413/240/1007
f 1415/241/1009 1413/240/1007 1412/238/1006
f 1416/146/1010 1417/290/1011 1418/147/1012
f 1417/290/1011 1416/146/1010 1419/568/1013
f 1419/568/1013 1420/292/1014 1417/290/1011
f 1420/292/1014 1419/568/1013 1421/569/1015
f 1421/569/1015 1422/295/1016 1420/292/1014
f 1423/82/1017 1421/569/1015 1419/568/1013
f 1422/295/1016 1421/569/1015 1424/570/1018
f 1421/569/1015 1425/83/1019 1424/570/1018
f 1423/82/1017 1425/83/1019 1421/569/1015
f 1424/570/1018 1425/83/1019 1426/153/349
f 1427/571/1020 1428/573/153 1429/572/1021
f 1430/574/1022 1427/571/1020 1429/572/1021
f 1427/571/1020 1430/574/1022 1431/575/1023
f 1431/575/1023 1430/574/1022 1432/42/1024
f 1433/576/1025 1432/42/1024 1430/574/1022
f 1434/561/1026 1431/575/1023 1432/42/1024
f 1431/575/1023 1434/561/1026 1435/560/1027
f 1436/44/1028 1432/42/1024 1433/576/1025
f 1435/560/1027 1437/577/1029 1431/575/1023
f 1437/577/1029 1435/560/1027 1438/559/1030
f 1437/577/1029 1438/559/1030 1439/578/1031
f 1438/559/1030 1440/558/1032 1439/578/1031
f 1441/557/1033 1439/578/1031 1440/558/1032
f 1439/578/1031 1441/557/1033 1442/579/1034
f 1442/579/1034 1443/580/1035 1439/578/1031
f 1444/555/1036 1442/579/1034 1441/557/1033
f 1443/580/1035 1442/579/1034 1445/581/1037
f 1446/582/1038 1445/581/1037 1442/579/1034
f 1442/579/1034 1444/555/1036 1446/582/1038
f 1447/556/1039 1446/582/1038 1444/555/1036
f 1445/581/1037 1446/582/1038 1448/583/1040
f 1449/584/1041 1448/583/1040 1446/582/1038
f 1446/582/1038 1447/556/1039 1449/584/1041
f 1448/583/1040 1449/584/1041 1450/585/1042
f 1433/576/1025 1451/586/1043 1436/44/1028
f 1436/44/1028 1451/586/1043 1452/278/1044
f 1451/586/1043 1433/576/1025 1453/587/1045
f 1454/588/334 1453/587/1045 1455/589/1046
f 1456/590/1047 1452/278/1044 1451/586/1043
f 1452/278/1044 1456/590/1047 1457/276/1048
f 1458/591/1049 1457/276/1048 1456/590/1047
f 1458/591/1049 1459/274/1050 1457/276/1048
f 1458/591/1049 1456/590/1047 1460/592/1051
f 1461/593/1052 1460/592/1051 1456/590/1047
f 1451/586/1043 1461/593/1052 1456/590/1047
f 1460/592/1051 1461/593/1052 1462/594/1053
f 1463/595/1054 1462/594/1053 1461/593/1052
f 1462/594/1053 1463/595/1054 1464/596/1055
f 1461/593/1052 1451/586/1043 1465/597/1056
f 1465/597/1056 1463/595/1054 1461/593/1052
f 1465/597/1056 1466/598/1057 1463/595/1054
f 1467/599/1058 1466/598/1057 1465/597/1056
f 1467/599/1058 1451/586/1043 1453/587/1045
f 1453/587/1045 1454/588/334 1467/599/1058
f 1451/586/1043 1467/599/1058 1465/597/1056
f 1467/599/1058 1468/600/1059 1466/598/1057
f 1467/599/1058 1454/588/334 1469/601/1060
f 1469/601/1060 1468/600/1059 1467/599/1058
f 1470/271/1061 1469/601/1060 1454/588/334
f 1469/601/1060 1470/271/1061 1471/602/1062
f 1471/602/1062 1468/600/1059 1469/601/1060
f 1472/78/1063 1468/600/1059 1471/602/1062
f 1471/602/1062 1473/77/1064 1472/78/1063
f 1471/602/1062 1470/271/1061 1473/77/1064
f 1474/604/1065 1475/603/1066 1476/605/1067
f 1474/604/1065 1476/605/1067 1477/606/1068
f 1478/607/1069 1474/604/1065 1477/606/1068
f 1477/606/1068 1479/608/1070 1478/607/1069
f 1480/609/1071 1478/607/1069 1479/608/1070
f 1480/609/1071 1479/608/1070 1481/610/1072
f 1482/611/1073 1480/609/1071 1481/610/1072
f 1480/609/1071 1482/611/1073 1483/612/1074
f 1482/611/1073 1484/613/1075 1483/612/1074
f 1484/613/1075 1482/611/1073 1485/614/1076
f 1486/614/1077 1487/615/1078 1488/613/1079
f 1487/615/1078 1486/614/1077 1489/616/1080
f 1489/616/1080 1490/617/1081 1487/615/1078
f 1490/617/1081 1489/616/1080 1491/618/1082
f 1491/618/1082 1492/603/1083 1490/617/1081
f 1492/603/1083 1491/618/1082 1493/605/1084
f 1494/618/1085 1495/606/1086 1496/605/1087
f 1495/606/1086 1494/618/1085 1497/608/1088
f 1498/616/1089 1497/608/1088 1494/618/1085
f 1497/608/1088 1498/616/1089 1499/610/1090
f 1498/616/1089 1500/611/1091 1499/610/1090
f 1500/611/1091 1498/616/1089 1501/614/1092
f 1502/620/1093 1503/619/1094 1504/621/1095
f 1503/619/1094 1502/620/1093 1505/622/1096
f 1505/622/1096 1502/620/1093 1506/623/1097
f 1506/623/1097 1507/624/1098 1505/622/1096
f 1506/623/1097 1508/625/1099 1507/624/1098
f 1508/625/1099 1506/623/1097 1509/626/1100
f 1510/243/1101 1511/245/1102 1512/244/1103
f 1511/245/1102 1510/243/1101 1513/246/1104
f 1511/245/1102 1513/246/1104 1514/247/1105
f 1513/246/1104 1515/248/124 1514/247/1105
f 1516/249/1106 1514/247/1105 1515/248/124
f 1515/248/124 1517/250/1107 1516/249/1106
f 1518/251/1108 1516/249/1106 1517/250/1107
f 1517/250/1107 1519/252/1109 1518/251/1108
f 1520/253/1110 1518/251/1108 1519/252/1109
f 1519/252/1109 1521/254/1111 1520/253/1110
f 1521/254/1111 1522/255/1112 1520/253/1110
f 1523/256/475 1522/255/1112 1521/254/1111
f 1522/255/1112 1523/256/475 1524/257/476
f 1525/258/1113 1522/255/1112 1524/257/476
f 1526/259/1114 1520/253/1110 1522/255/1112
f 1522/255/1112 1525/258/1113 1526/259/1114
f 1527/260/479 1526/259/1114 1525/258/1113
f 1526/259/1114 1527/260/479 1528/261/1115
f 1529/262/1116 1520/253/1110 1526/259/1114
f 1528/261/1115 1529/262/1116 1526/259/1114
f 1529/262/1116 1530/251/1117 1520/253/1110
f 1531/263/1118 1529/262/1116 1528/261/1115
f 1529/262/1116 1531/263/1118 1532/264/1119
f 1530/251/1117 1529/262/1116 1532/264/1119
f 1532/264/1119 1533/249/1120 1530/251/1117
f 1534/265/1121 1532/264/1119 1531/263/1118
f 1533/249/1120 1532/264/1119 1535/266/1122
f 1532/264/1119 1534/265/1121 1535/266/1122
f 1535/266/1122 1536/247/1123 1533/249/1120
f 1536/247/1123 1535/266/1122 1537/267/1124
f 1534/265/1121 1537/267/1124 1535/266/1122
f 1538/245/1125 1536/247/1123 1537/267/1124
f 1537/267/1124 1534/265/1121 1539/268/1126
f 1539/268/1126 1538/245/1125 1537/267/1124
f 1540/244/1127 1538/245/1125 1539/268/1126
f 1541/269/1128 1540/244/1127 1539/268/1126
f 1541/269/1128 1539/268/1126 1542/270/1129
f 1543/148/1130 1544/77/1131 1545/271/1132
f 1544/77/1131 1543/148/1130 1546/149/1133
f 1547/75/1134 1544/77/1131 1546/149/1133
f 1548/272/1135 1549/274/1136 1550/273/1137
f 1548/272/1135 1551/275/1138 1549/274/1136
f 1551/275/1138 1552/276/1139 1549/274/1136
f 1552/276/1139 1551/275/1138 1553/277/1140
f 1553/277/1140 1554/278/1141 1552/276/1139
f 1554/278/1141 1553/277/1140 1555/279/1142
f 1556/43/1143 1554/278/1141 1555/279/1142
f 1554/278/1141 1556/43/1143 1557/44/1144
f 1558/171/1145 1559/627/1146 1560/169/1147
f 1559/627/1146 1558/171/1145 1561/628/1148
f 1561/628/1148 1562/629/1149 1559/627/1146
f 1562/629/1149 1561/628/1148 1563/630/1150
f 1563/630/1150 1564/631/1151 1562/629/1149
f 1564/631/1151 1563/630/1150 1565/632/1152
f 1566/633/1153 1564/631/1151 1565/632/1152
f 1567/634/1153 1564/631/1151 1566/633/1153
f 1566/633/1153 1568/635/1154 1567/634/1153
f 1568/635/1154 1566/633/1153 1569/636/1155
f 1570/637/1156 1568/635/1154 1569/636/1155
f 1570/637/1156 1571/638/1157 1568/635/1154
f 1572/639/1158 1571/638/1157 1570/637/1156
f 1572/639/1158 1573/640/1159 1571/638/1157
f 1574/641/1160 1573/640/1159 1572/639/1158
f 1575/642/1160 1573/640/1159 1574/641/1160
f 1574/641/1160 1576/643/1161 1575/642/1160
f 1576/643/1161 1574/641/1160 1577/644/1162
f 1577/644/1162 1578/645/1163 1576/643/1161
f 1578/645/1163 1577/644/1162 1579/646/1164
f 1578/645/1163 1579/646/1164 1580/170/1165
f 1578/645/1163 1580/170/1165 1581/172/1166
f 1582/647/385 1583/177/378 1584/176/1167
f 1583/177/378 1582/647/385 1585/648/1168
f 1582/647/385 1586/649/1169 1585/648/1168
f 1585/648/1168 1586/649/1169 1587/650/1170
f 1586/649/1169 1588/651/1171 1587/650/1170
f 1587/650/1170 1588/651/1171 1589/652/1171
f 1588/651/1171 1590/653/380 1589/652/1171
f 1590/653/380 1588/651/1171 1591/654/380
f 1592/655/1172 1593/302/1173 1594/301/1174
f 1595/304/1175 1592/655/1172 1594/301/1174
f 1592/655/1172 1595/304/1175 1596/656/1176
f 1595/304/1175 1597/657/1177 1596/656/1176
f 1597/657/1177 1595/304/1175 1598/307/1178
f 1599/308/1179 1597/657/1177 1598/307/1178
f 1597/657/1177 1599/308/1179 1600/658/1180
f 1601/312/1181 1600/658/1180 1599/308/1179
f 1602/659/1182 1601/312/1181 1603/313/1183
f 1600/658/1180 1601/312/1181 1604/660/1184
f 1601/312/1181 1602/659/1182 1604/660/1184
f 1605/661/1185 1600/658/1180 1604/660/1184
f 1605/661/1185 1604/660/1184 1606/662/1186
f 1606/662/1186 1604/660/1184 1602/659/1182
f 1607/117/375 1608/296/375 1609/114/375
f 1608/296/375 1610/297/1187 1609/114/375
f 1608/296/375 1611/298/375 1610/297/1187
f 1612/299/548 1610/297/1187 1611/298/375
f 1610/297/1187 1612/299/548 1613/300/549
f 1614/181/550 1613/300/549 1612/299/548
f 1613/300/549 1614/181/550 1615/184/551
f 1616/177/378 1617/647/1188 1618/176/378
f 1619/648/385 1617/647/1188 1616/177/378
f 1619/648/385 1620/649/1189 1617/647/1188
f 1620/649/1189 1619/648/385 1621/650/1190
f 1622/651/1171 1620/649/1189 1621/650/1190
f 1622/651/1171 1621/650/1190 1623/652/1171
f 1622/651/1171 1623/652/1171 1624/653/380
f 1625/654/380 1622/651/1171 1624/653/380
f 1626/655/1191 1627/301/1192 1628/302/1193
f 1626/655/1191 1629/304/1194 1627/301/1192
f 1629/304/1194 1626/655/1191 1630/656/1195
f 1631/657/1196 1629/304/1194 1630/656/1195
f 1629/304/1194 1631/657/1196 1632/307/1197
f 1633/308/1198 1632/307/1197 1631/657/1196
f 1631/657/1196 1634/658/1199 1633/308/1198
f 1634/658/1199 1635/312/1200 1633/308/1198
f 1635/312/1200 1636/659/1201 1637/313/1202
f 1636/659/1201 1635/312/1200 1638/660/1203
f 1635/312/1200 1634/658/1199 1638/660/1203
f 1639/661/1204 1638/660/1203 1634/658/1199
f 1639/661/1204 1640/662/1205 1638/660/1203
f 1640/662/1205 1636/659/1201 1638/660/1203
f 1641/301/1206 1642/303/1207 1643/302/1208
f 1641/301/1206 1644/304/1209 1642/303/1207
f 1644/304/1209 1645/305/1210 1642/303/1207
f 1644/304/1209 1646/306/1211 1645/305/1210
f 1646/306/1211 1644/304/1209 1647/307/1212
f 1648/308/1213 1646/306/1211 1647/307/1212
f 1646/306/1211 1648/308/1213 1649/309/1214
f 1650/310/1215 1649/309/1214 1648/308/1213
f 1649/309/1214 1650/310/1215 1651/311/1216
f 1650/310/1215 1648/308/1213 1652/312/1217
f 1653/313/1218 1650/310/1215 1652/312/1217
f 1650/310/1215 1653/313/1218 1654/314/1219
f 1655/663/1220 1656/317/1221 1657/316/1222
f 1656/317/1221 1655/663/1220 1658/664/1223
f 1658/664/1223 1659/319/1224 1656/317/1221
f 1659/319/1224 1658/664/1223 1660/665/1225
f 1660/665/1225 1661/666/1226 1659/319/1224
f 1659/319/1224 1661/666/1226 1662/321/1227
f 1662/321/1227 1661/666/1226 1663/667/1228
f 1662/321/1227 1663/667/1228 1664/323/1228
f 1663/667/1228 1665/325/1229 1664/323/1228
f 1665/325/1229 1663/667/1228 1666/668/1229
f 1666/668/1229 1667/669/1230 1665/325/1229
f 1665/325/1229 1667/669/1230 1668/327/1231
f 1668/327/1231 1667/669/1230 1669/670/1232
f 1668/327/1231 1669/670/1232 1670/329/1232
f 1669/670/1232 1671/331/1233 1670/329/1232
f 1671/331/1233 1669/670/1232 1672/671/1234
f 1673/672/1235 1671/331/1233 1672/671/1234
f 1671/331/1233 1673/672/1235 1674/333/1236
f 1673/672/1235 1675/335/1237 1674/333/1236
f 1675/335/1237 1673/672/1235 1676/673/1238
f 1676/673/1238 1677/337/1239 1675/335/1237
f 1677/337/1239 1676/673/1238 1678/674/1240
f 1679/675/1241 1677/337/1239 1678/674/1240
f 1679/675/1241 1680/340/1242 1677/337/1239
f 1681/317/1243 1682/663/1244 1683/316/1245
f 1682/663/1244 1681/317/1243 1684/664/1246
f 1685/319/1247 1684/664/1246 1681/317/1243
f 1684/664/1246 1685/319/1247 1686/665/1248
f 1686/665/1248 1685/319/1247 1687/666/1249
f 1685/319/1247 1688/321/1250 1687/666/1249
f 1687/666/1249 1688/321/1250 1689/667/1251
f 1690/323/1252 1689/667/1251 1688/321/1250
f 1691/325/1253 1689/667/1251 1690/323/1252
f 1689/667/1251 1691/325/1253 1692/668/1254
f 1692/668/1254 1691/325/1253 1693/669/1255
f 1691/325/1253 1694/327/1256 1693/669/1255
f 1693/669/1255 1694/327/1256 1695/670/1257
f 1696/329/1258 1695/670/1257 1694/327/1256
f 1697/331/1259 1695/670/1257 1696/329/1258
f 1695/670/1257 1697/331/1259 1698/671/1260
f 1698/671/1260 1697/331/1259 1699/672/1261
f 1697/331/1259 1700/333/1261 1699/672/1261
f 1701/335/1262 1699/672/1261 1700/333/1261
f 1699/672/1261 1701/335/1262 1702/673/1263
f 1703/337/1264 1702/673/1263 1701/335/1262
f 1702/673/1263 1703/337/1264 1704/674/1265
f 1703/337/1264 1705/675/1266 1704/674/1265
f 1705/675/1266 1703/337/1264 1706/340/1267
f 1707/315/566 1708/317/1268 1709/316/1269
f 1708/317/1268 1707/315/566 1710/318/569
f 1710/318/569 1711/319/1270 1708/317/1268
f 1711/319/1270 1710/318/569 1712/320/571
f 1712/320/571 1713/321/1271 1711/319/1270
f 1713/321/1271 1712/320/571 1714/322/1272
f 1714/322/1272 1715/323/574 1713/321/1271
f 1715/323/574 1714/322/1272 1716/324/575
f 1716/324/575 1717/325/576 1715/323/574
f 1717/325/576 1716/324/575 1718/326/577
f 1718/326/577 1719/327/578 1717/325/576
f 1719/327/578 1718/326/577 1720/328/579
f 1720/328/579 1721/329/580 1719/327/578
f 1721/329/580 1720/328/579 1722/330/241
f 1722/330/241 1723/331/581 1721/329/580
f 1723/331/581 1722/330/241 1724/332/582
f 1724/332/582 1725/333/583 1723/331/581
f 1725/333/583 1724/332/582 1726/334/584
f 1725/333/583 1726/334/584 1727/335/585
f 1728/336/586 1727/335/585 1726/334/584
f 1729/337/587 1727/335/585 1728/336/586
f 1730/338/588 1729/337/587 1728/336/586
f 1731/339/589 1729/337/587 1730/338/588
f 1729/337/587 1731/339/589 1732/340/1273
f 1733/676/1274 1734/677/1275 1735/678/1276
f 1736/679/1277 1735/678/1276 1734/677/1275
f 1734/677/1275 1737/680/1278 1736/679/1277
f 1737/680/1278 1738/681/1279 1736/679/1277
f 1737/680/1278 1739/682/1280 1738/681/1279
f 1739/682/1280 1737/680/1278 1740/683/1281
f 1740/683/1281 1741/684/1282 1739/682/1280
f 1740/683/1281 1742/685/1283 1741/684/1282
f 1743/686/622 1744/124/1284 1745/125/1285
f 1746/344/1286 1743/686/622 1745/125/1285
f 1743/686/622 1746/344/1286 1747/687/1287
f 1748/341/1288 1749/118/593 1750/122/1288
f 1749/118/593 1748/341/1288 1751/342/594
f 1749/118/593 1751/342/594 1752/121/1289
f 1752/121/1289 1751/342/594 1753/343/596
f 1752/121/1289 1753/343/596 1754/125/1290
f 1754/125/1290 1753/343/596 1755/344/598
f 1756/192/1291 1757/688/1292 1758/689/1293
f 1757/688/1292 1759/690/1294 1758/689/1293
f 1760/691/1295 1759/690/1294 1757/688/1292
f 1761/692/1296 1759/690/1294 1760/691/1295
f 1760/691/1295 1762/693/1297 1761/692/1296
f 1762/693/1297 1760/691/1295 1763/694/1298
f 1764/695/1299 1762/693/1297 1763/694/1298
f 1762/693/1297 1764/695/1299 1765/696/1300
f 1766/697/1301 1765/696/1300 1764/695/1299
f 1764/695/1299 1767/698/1302 1766/697/1301
f 1768/699/1303 1766/697/1301 1767/698/1302
f 1768/699/1303 1767/698/1302 1769/197/1304
f 1770/678/1305 1771/677/1306 1772/676/1307
f 1770/678/1305 1773/679/1308 1771/677/1306
f 1773/679/1308 1774/680/1309 1771/677/1306
f 1774/680/1309 1773/679/1308 1775/681/1310
f 1776/682/1311 1774/680/1309 1775/681/1310
f 1774/680/1309 1776/682/1311 1777/683/1312
f 1778/684/1313 1777/683/1312 1776/682/1311
f 1777/683/1312 1778/684/1313 1779/685/1283
f 1780/686/1314 1781/125/1315 1782/124/1316
f 1780/686/1314 1783/344/1317 1781/125/1315
f 1783/344/1317 1780/686/1314 1784/687/1318
f 1785/13/1319 1786/700/1320 1787/16/1321
f 1787/16/1321 1786/700/1320 1788/701/1322
f 1786/700/1320 1789/11/1323 1788/701/1322
f 1789/11/1323 1786/700/1320 1790/12/1324
f 1791/13/1325 1792/16/1326 1793/700/1327
f 1792/16/1326 1794/701/1328 1793/700/1327
f 1795/11/1329 1793/700/1327 1794/701/1328
f 1793/700/1327 1795/11/1329 1796/12/1330
f 1797/702/631 1798/703/1331 1799/704/631
f 1798/703/1331 1797/702/631 1800/705/1332
f 1801/706/1333 1798/703/1331 1800/705/1332
f 1798/703/1331 1801/706/1333 1802/707/1334
f 1801/706/1333 1803/708/1335 1802/707/1334
f 1803/708/1335 1801/706/1333 1804/709/1336
f 1804/709/1336 1805/710/1337 1803/708/1335
f 1804/709/1336 1806/711/1337 1805/710/1337
f 1805/710/1337 1806/711/1337 1807/712/1338
f 1807/712/1338 1808/713/1338 1805/710/1337
f 1807/712/1338 1809/714/1339 1808/713/1338
f 1809/714/1339 1807/712/1338 1810/715/1339
f 1811/716/642 1809/714/1339 1810/715/1339
f 1809/714/1339 1811/716/642 1812/717/642
f 1813/718/631 1814/719/1340 1815/720/631
f 1814/719/1340 1813/718/631 1816/721/1341
f 1814/719/1340 1816/721/1341 1817/722/1342
f 1814/719/1340 1817/722/1342 1818/723/1343
f 1818/723/1343 1817/722/1342 1819/724/1344
f 1819/724/1344 1820/725/1345 1818/723/1343
f 1819/724/1344 1821/726/1346 1820/725/1345
f 1819/724/1344 1822/727/1347 1821/726/1346
f 1822/727/1347 1823/728/1348 1821/726/1346
f 1823/728/1348 1822/727/1347 1824/729/1349
f 1824/729/1349 1825/730/1350 1823/728/1348
f 1825/730/1350 1824/729/1349 1826/731/1350
f 1827/732/642 1825/730/1350 1826/731/1350
f 1825/730/1350 1827/732/642 1828/733/642
f 1829/734/1351 1830/735/631 1831/736/631
f 1830/735/631 1829/734/1351 1832/737/1351
f 1829/734/1351 1833/738/1352 1832/737/1351
f 1833/738/1352 1829/734/1351 1834/739/1352
f 1834/739/1352 1835/740/1353 1833/738/1352
f 1835/740/1353 1836/741/1353 1833/738/1352
f 1835/740/1353 1837/742/1354 1836/741/1353
f 1835/740/1353 1838/743/1355 1837/742/1354
f 1838/743/1355 1839/744/1356 1837/742/1354
f 1839/744/1356 1838/743/1355 1840/745/1356
f 1841/746/1357 1839/744/1356 1840/745/1356
f 1841/746/1357 1842/747/1358 1839/744/1356
f 1841/746/1357 1843/748/642 1842/747/1358
f 1841/746/1357 1844/749/642 1843/748/642
f 1845/750/1359 1846/751/631 1847/752/631
f 1848/753/1359 1845/750/1359 1847/752/631
f 1845/750/1359 1848/753/1359 1849/754/1360
f 1849/754/1360 1850/755/1361 1845/750/1359
f 1850/755/1361 1849/754/1360 1851/756/1362
f 1851/756/1362 1852/757/686 1850/755/1361
f 1851/756/1362 1853/758/687 1852/757/686
f 1851/756/1362 1854/759/688 1853/758/687
f 1854/759/688 1855/760/1363 1853/758/687
f 1855/760/1363 1854/759/688 1856/761/1364
f 1856/761/1364 1857/762/1365 1855/760/1363
f 1857/762/1365 1856/761/1364 1858/763/1365
f 1859/764/642 1857/762/1365 1858/763/1365
f 1857/762/1365 1859/764/642 1860/765/642
f 1861/766/1366 1862/767/1367 1863/768/1366
f 1861/766/1366 1863/768/1366 1864/769/1366
f 1863/768/1366 1865/770/1368 1864/769/1366
f 1865/770/1368 1863/768/1366 1866/771/1368
f 1866/771/1368 1867/772/1366 1865/770/1368
f 1867/772/1366 1866/771/1368 1868/773/1369
f 1869/774/1370 1867/772/1366 1868/773/1369
f 1870/775/1371 1867/772/1366 1869/774/1370
f 1870/775/1371 1869/774/1370 1871/776/1369
f 1870/775/1371 1871/776/1369 1872/777/1369
f 1873/778/1369 1872/777/1369 1871/776/1369
f 1872/777/1369 1873/778/1369 1874/779/1366
f 1873/778/1369 1875/780/1366 1874/779/1366
f 1875/780/1366 1873/778/1369 1876/781/578
f 1877/782/1372 1878/783/1373 1879/784/1374
f 1878/783/1373 1877/782/1372 1880/785/1373
f 1881/786/1373 1878/783/1373 1880/785/1373
f 1878/783/1373 1881/786/1373 1882/787/1373
f 1883/788/1375 1882/787/1373 1881/786/1373
f 1883/788/1375 1884/789/1373 1882/787/1373
f 1883/788/1375 1885/790/1376 1884/789/1373
f 1885/790/1376 1883/788/1375 1886/791/1373
f 1886/791/1373 1887/792/1376 1885/790/1376
f 1887/792/1376 1886/791/1373 1888/793/1376
f 1888/793/1376 1889/794/1373 1887/792/1376
f 1889/794/1373 1888/793/1376 1890/795/1373
f 1891/796/1377 1889/794/1373 1890/795/1373
f 1891/796/1377 1892/797/1378 1889/794/1373
f 1893/798/1379 1894/799/1380 1895/800/1381
f 1893/798/1379 1895/800/1381 1896/801/1381
f 1895/800/1381 1897/802/1382 1896/801/1381
f 1897/802/1382 1895/800/1381 1898/803/1381
f 1898/803/1381 1899/804/1381 1897/802/1382
f 1899/804/1381 1898/803/1381 1900/805/1381
f 1901/806/1381 1899/804/1381 1900/805/1381
f 1902/807/1381 1899/804/1381 1901/806/1381
f 1902/807/1381 1901/806/1381 1903/808/1381
f 1902/807/1381 1903/808/1381 1904/809/1381
f 1905/810/1381 1904/809/1381 1903/808/1381
f 1904/809/1381 1905/810/1381 1906/811/1383
f 1905/810/1381 1907/812/1384 1906/811/1383
f 1907/812/1384 1905/810/1381 1908/813/1385
f 1909/814/1386 1910/132/1387 1911/131/1388
f 1910/132/1387 1909/814/1386 1912/815/1389
f 1913/816/1390 1910/132/1387 1912/815/1389
f 1913/816/1390 1914/522/1391 1910/132/1387
f 1915/817/1392 1913/816/1390 1912/815/1389
f 1914/522/1391 1913/816/1390 1916/818/1393
f 1916/818/1393 1917/23/1394 1914/522/1391
f 1918/819/1395 1916/818/1393 1913/816/1390
f 1913/816/1390 1915/817/1392 1918/819/1395
f 1918/819/1395 1915/817/1392 1919/820/1396
f 1919/820/1396 1915/817/1392 1920/821/1397
f 1916/818/1393 1918/819/1395 1921/822/1398
f 1919/820/1396 1920/821/1397 1922/823/1399
f 1922/823/1399 1920/821/1397 1923/824/1400
f 1922/823/1399 1923/824/1400 1924/825/1401
f 1921/822/1398 1918/819/1395 1925/826/1402
f 1925/826/1402 1918/819/1395 1919/820/1396
f 1926/827/1403 1919/820/1396 1922/823/1399
f 1925/826/1402 1919/820/1396 1926/827/1403
f 1926/827/1403 1922/823/1399 1927/828/1404
f 1927/828/1404 1922/823/1399 1924/825/1401
f 1928/829/1405 1927/828/1404 1924/825/1401
f 1929/830/1406 1925/826/1402 1926/827/1403
f 1929/830/1406 1921/822/1398 1925/826/1402
f 1930/831/1407 1916/818/1393 1921/822/1398
f 1930/831/1407 1921/822/1398 1929/830/1406
f 1917/23/1394 1916/818/1393 1931/832/1408
f 1931/832/1408 1916/818/1393 1930/831/1407
f 1929/830/1406 1932/833/1409 1930/831/1407
f 1930/831/1407 1932/833/1409 1931/832/1408
f 1933/834/1410 1917/23/1394 1931/832/1408
f 1933/834/1410 1931/832/1408 1932/833/1409
f 1917/23/1394 1933/834/1410 1934/21/1411
f 1932/833/1409 1929/830/1406 1935/835/1412
f 1934/21/1411 1933/834/1410 1936/836/1413
f 1937/519/1414 1934/21/1411 1936/836/1413
f 1938/837/1415 1933/834/1410 1932/833/1409
f 1933/834/1410 1938/837/1415 1936/836/1413
f 1935/835/1412 1938/837/1415 1932/833/1409
f 1937/519/1414 1936/836/1413 1939/838/1416
f 1940/17/1417 1937/519/1414 1939/838/1416
f 1941/839/1418 1940/17/1417 1939/838/1416
f 1940/17/1417 1941/839/1418 1942/20/1419
f 1939/838/1416 1943/840/1420 1941/839/1418
f 1936/836/1413 1944/841/1421 1939/838/1416
f 1943/840/1420 1939/838/1416 1944/841/1421
f 1944/841/1421 1936/836/1413 1938/837/1415
f 1945/842/1422 1943/840/1420 1944/841/1421
f 1943/840/1420 1945/842/1422 1946/843/1423
f 1944/841/1421 1947/844/1424 1945/842/1422
f 1938/837/1415 1935/835/1412 1947/844/1424
f 1947/844/1424 1944/841/1421 1938/837/1415
f 1948/845/1425 1946/843/1423 1945/842/1422
f 1946/843/1423 1948/845/1425 1949/846/1426
f 1950/847/1427 1949/846/1426 1948/845/1425
f 1945/842/1422 1951/848/1428 1948/845/1425
f 1951/848/1428 1945/842/1422 1947/844/1424
f 1951/848/1428 1952/849/1429 1948/845/1425
f 1950/847/1427 1948/845/1425 1952/849/1429
f 1950/847/1427 1952/849/1429 1953/850/1430
f 1947/844/1424 1954/851/1431 1951/848/1428
f 1954/851/1431 1947/844/1424 1935/835/1412
f 1954/851/1431 1955/852/1432 1951/848/1428
f 1952/849/1429 1951/848/1428 1955/852/1432
f 1955/852/1432 1956/853/1433 1952/849/1429
f 1952/849/1429 1956/853/1433 1953/850/1430
f 1935/835/1412 1957/854/1434 1954/851/1431
f 1957/854/1434 1935/835/1412 1929/830/1406
f 1957/854/1434 1929/830/1406 1926/827/1403
f 1954/851/1431 1957/854/1434 1958/855/1435
f 1955/852/1432 1954/851/1431 1958/855/1435
f 1958/855/1435 1959/856/1436 1955/852/1432
f 1956/853/1433 1955/852/1432 1959/856/1436
f 1953/850/1430 1956/853/1433 1960/857/1437
f 1960/857/1437 1961/858/1438 1953/850/1430
f 1962/25/1439 1961/858/1438 1960/857/1437
f 1961/858/1438 1962/25/1439 1963/27/1440
f 1962/25/1439 1960/857/1437 1964/523/1441
f 1965/859/1442 1960/857/1437 1956/853/1433
f 1964/523/1441 1960/857/1437 1965/859/1442
f 1956/853/1433 1959/856/1436 1965/859/1442
f 1965/859/1442 1966/29/1443 1964/523/1441
f 1967/860/1444 1965/859/1442 1959/856/1436
f 1966/29/1443 1965/859/1442 1967/860/1444
f 1967/860/1444 1968/32/1445 1966/29/1443
f 1959/856/1436 1969/861/1446 1967/860/1444
f 1959/856/1436 1958/855/1435 1969/861/1446
f 1970/862/1447 1967/860/1444 1969/861/1446
f 1968/32/1445 1967/860/1444 1970/862/1447
f 1971/863/1448 1968/32/1445 1970/862/1447
f 1968/32/1445 1971/863/1448 1972/526/1449
f 1973/864/1450 1971/863/1448 1970/862/1447
f 1969/861/1446 1973/864/1450 1970/862/1447
f 1958/855/1435 1974/865/1451 1969/861/1446
f 1969/861/1446 1974/865/1451 1973/864/1450
f 1958/855/1435 1957/854/1434 1974/865/1451
f 1926/827/1403 1974/865/1451 1957/854/1434
f 1973/864/1450 1975/866/1452 1971/863/1448
f 1974/865/1451 1975/866/1452 1973/864/1450
f 1974/865/1451 1926/827/1403 1976/867/1453
f 1975/866/1452 1974/865/1451 1976/867/1453
f 1976/867/1453 1926/827/1403 1927/828/1404
f 1977/868/1454 1976/867/1453 1927/828/1404
f 1977/868/1454 1971/863/1448 1975/866/1452
f 1927/828/1404 1928/829/1405 1977/868/1454
f 1976/867/1453 1977/868/1454 1975/866/1452
f 1971/863/1448 1977/868/1454 1978/869/1455
f 1928/829/1405 1978/869/1455 1977/868/1454
f 1978/869/1455 1972/526/1449 1971/863/1448
f 1978/869/1455 1928/829/1405 1979/870/1456
f 1980/135/1457 1978/869/1455 1979/870/1456
f 1972/526/1449 1978/869/1455 1980/135/1457
f 1981/871/1458 1980/135/1457 1979/870/1456
f 1980/135/1457 1981/871/1458 1982/136/1459
f 1983/872/1460 1984/873/1461 1985/874/1462
f 1984/873/1461 1983/872/1460 1986/875/1463
f 1986/875/1463 1983/872/1460 1987/876/1464
f 1986/875/1463 1987/876/1464 1988/877/1465
f 1989/878/1466 1987/876/1464 1983/872/1460
f 1987/876/1464 1990/879/1467 1988/877/1465
f 1987/876/1464 1989/878/1466 1991/880/1468
f 1987/876/1464 1991/880/1468 1990/879/1467
f 1992/874/1469 1993/873/1470 1994/872/1471
f 1993/873/1470 1995/875/1472 1994/872/1471
f 1995/875/1472 1996/876/1473 1994/872/1471
f 1995/875/1472 1997/877/1474 1996/876/1473
f 1996/876/1473 1998/878/1466 1994/872/1471
f 1999/879/1475 1996/876/1473 1997/877/1474
f 1996/876/1473 1999/879/1475 2000/880/1476
f 1998/878/1466 1996/876/1473 2000/880/1476
f 2001/95/1477 2002/97/1478 2003/881/1479
f 2004/882/1480 2003/881/1479 2002/97/1478
f 2002/97/1478 2005/883/1481 2004/882/1480
f 2005/883/1481 2002/97/1478 2006/100/1482
f 2007/884/1483 2005/883/1481 2006/100/1482
f 2007/884/1483 2008/885/1484 2005/883/1481
f 2009/886/884 2008/885/1484 2007/884/1483
f 2008/885/1484 2009/886/884 2010/887/1485
f 2008/885/1484 2010/887/1485 2011/888/879
f 2011/888/879 2012/889/1486 2008/885/1484
f 2013/890/1487 2014/891/1488 2015/892/1489
f 2014/891/1488 2013/890/1487 2016/893/1490
f 2013/890/1487 2017/238/1491 2016/893/1490
f 2017/238/1491 2013/890/1487 2018/894/1492
f 2019/895/1493 2017/238/1491 2018/894/1492
f 2017/238/1491 2019/895/1493 2020/235/1494
f 2019/895/1493 2021/232/1495 2020/235/1494
f 2021/232/1495 2019/895/1493 2022/896/1496
f 2023/897/1497 2024/82/1498 2025/898/1499
f 2024/82/1498 2023/897/1497 2026/568/1500
f 2023/897/1497 2027/146/1501 2026/568/1500
f 2027/146/1501 2023/897/1497 2028/899/272
f 2029/79/1502 2030/151/1503 2031/900/1504
f 2029/79/1502 2031/900/1504 2032/80/1505
f 2031/900/1504 2033/81/1506 2032/80/1505
f 2033/81/1506 2031/900/1504 2034/152/1507
f 2035/97/1508 2036/95/1509 2037/881/1510
f 2038/882/1511 2035/97/1508 2037/881/1510
f 2039/883/1512 2035/97/1508 2038/882/1511
f 2035/97/1508 2039/883/1512 2040/100/1513
f 2040/100/1513 2039/883/1512 2041/884/1514
f 2042/885/1515 2041/884/1514 2039/883/1512
f 2043/886/1040 2041/884/1514 2042/885/1515
f 2042/885/1515 2044/887/1516 2043/886/1040
f 2042/885/1515 2045/888/1035 2044/887/1516
f 2045/888/1035 2042/885/1515 2046/889/1517
f 2047/891/1518 2048/890/1519 2049/892/1520
f 2048/890/1519 2047/891/1518 2050/893/1521
f 2051/238/1522 2048/890/1519 2050/893/1521
f 2048/890/1519 2051/238/1522 2052/894/1523
f 2051/238/1522 2053/895/1524 2052/894/1523
f 2053/895/1524 2051/238/1522 2054/235/1525
f 2055/232/1526 2053/895/1524 2054/235/1525
f 2053/895/1524 2055/232/1526 2056/896/1527
f 2057/82/1528 2058/897/1529 2059/898/1530
f 2058/897/1529 2057/82/1528 2060/568/1531
f 2061/146/1532 2058/897/1529 2060/568/1531
f 2058/897/1529 2061/146/1532 2062/899/327
f 2063/79/1533 2064/900/1534 2065/151/1535
f 2064/900/1534 2063/79/1533 2066/80/1536
f 2067/81/1537 2064/900/1534 2066/80/1536
f 2064/900/1534 2067/81/1537 2068/152/1538
f 2069/901/1539 2070/902/1540 2071/903/1541
f 2070/902/1540 2069/901/1539 2072/904/1542
f 2072/904/1542 2073/905/1543 2070/902/1540
f 2070/902/1540 2073/905/1543 2074/906/1544
f 2075/907/1545 2074/906/1544 2073/905/1543
f 2076/908/1546 2074/906/1544 2075/907/1545
f 2075/907/1545 2077/909/1547 2076/908/1546
f 2077/909/1547 2075/907/1545 2078/910/1547
f 2079/911/1548 2077/909/1547 2078/910/1547
f 2077/909/1547 2079/911/1548 2080/912/1549
f 2081/913/1550 2080/912/1549 2079/911/1548
f 2079/911/1548 2082/914/1551 2081/913/1550
f 2083/915/1552 2081/913/1550 2082/914/1551
f 2083/915/1552 2082/914/1551 2084/916/1553
f 2085/917/1554 2083/915/1552 2084/916/1553
f 2083/915/1552 2085/917/1554 2086/918/1555
f 2087/919/1556 2088/69/1557 2089/71/1558
f 2088/69/1557 2087/919/1556 2090/562/1559
f 2087/919/1556 2091/564/1560 2090/562/1559
f 2091/564/1560 2087/919/1556 2092/567/1561
f 2092/567/1561 2087/919/1556 2093/920/1562
f 2094/69/1563 2095/919/1564 2096/71/1565
f 2095/919/1564 2094/69/1563 2097/562/1566
f 2098/564/1567 2095/919/1564 2097/562/1566
f 2095/919/1564 2098/564/1567 2099/567/1568
f 2095/919/1564 2099/567/1568 2100/920/1569
f 2101/921/1570 2102/350/1571 2103/352/1572
f 2104/922/1573 2102/350/1571 2101/921/1570
f 2104/922/1573 2105/348/1574 2102/350/1571
f 2104/922/1573 2101/921/1570 2106/923/1575
f 2107/924/1576 2106/923/1575 2101/921/1570
f 2106/923/1575 2107/924/1576 2108/925/1577
f 2109/926/1578 2104/922/1573 2106/923/1575
f 2106/923/1575 2108/925/1577 2109/926/1578
f 2109/926/1578 2108/925/1577 2110/927/1579
f 2111/928/1580 2109/926/1578 2110/927/1579
f 2104/922/1573 2109/926/1578 2112/929/1581
f 2111/928/1580 2112/929/1581 2109/926/1578
f 2112/929/1581 2111/928/1580 2113/930/1582
f 2105/348/1574 2104/922/1573 2114/931/1583
f 2114/931/1583 2104/922/1573 2112/929/1581
f 2115/932/1584 2112/929/1581 2113/930/1582
f 2115/932/1584 2114/931/1583 2112/929/1581
f 2116/933/1585 2115/932/1584 2113/930/1582
f 2117/934/1586 2115/932/1584 2116/933/1585
f 2118/935/1587 2114/931/1583 2115/932/1584
f 2118/935/1587 2105/348/1574 2114/931/1583
f 2115/932/1584 2117/934/1586 2118/935/1587
f 2105/348/1574 2118/935/1587 2119/346/1588
f 2120/350/1589 2121/921/1590 2122/352/1591
f 2120/350/1589 2123/922/1592 2121/921/1590
f 2124/348/1593 2123/922/1592 2120/350/1589
f 2121/921/1590 2123/922/1592 2125/923/1594
f 2125/923/1594 2126/924/1595 2121/921/1590
f 2126/924/1595 2125/923/1594 2127/925/1596
f 2125/923/1594 2128/926/1597 2127/925/1596
f 2123/922/1592 2128/926/1597 2125/923/1594
f 2128/926/1597 2129/927/1598 2127/925/1596
f 2130/928/1599 2129/927/1598 2128/926/1597
f 2128/926/1597 2123/922/1592 2131/929/1600
f 2131/929/1600 2130/928/1599 2128/926/1597
f 2130/928/1599 2131/929/1600 2132/930/1601
f 2133/931/1602 2131/929/1600 2123/922/1592
f 2124/348/1593 2133/931/1602 2123/922/1592
f 2131/929/1600 2133/931/1602 2134/932/1603
f 2134/932/1603 2132/930/1601 2131/929/1600
f 2132/930/1601 2134/932/1603 2135/933/1604
f 2136/934/1605 2135/933/1604 2134/932/1603
f 2134/932/1603 2137/935/1606 2136/934/1605
f 2137/935/1606 2134/932/1603 2133/931/1602
f 2137/935/1606 2133/931/1602 2124/348/1593
f 2124/348/1593 2138/346/1607 2137/935/1606
f 2139/936/308 2140/890/1608 2141/892/1609
f 2140/890/1608 2139/936/308 2142/937/1610
f 2143/894/1611 2140/890/1608 2142/937/1610
f 2144/895/1612 2143/894/1611 2142/937/1610
f 2139/936/308 2144/895/1612 2142/937/1610
f 2144/895/1612 2139/936/308 2145/896/1613
f 2146/890/1614 2147/936/360 2148/892/1615
f 2147/936/360 2146/890/1614 2149/937/1616
f 2150/894/1617 2149/937/1616 2146/890/1614
f 2147/936/360 2149/937/1616 2151/895/1618
f 2151/895/1618 2149/937/1616 2150/894/1617
f 2147/936/360 2151/895/1618 2152/896/1619
f 2153/938/1620 2154/192/1621 2155/191/1622
f 2154/192/1621 2153/938/1620 2156/939/1623
f 2157/940/1624 2156/939/1623 2153/938/1620
f 2156/939/1623 2158/941/1625 2154/192/1621
f 2154/192/1621 2158/941/1625 2159/688/1626
f 2160/691/1627 2159/688/1626 2158/941/1625
f 2161/942/1628 2158/941/1625 2156/939/1623
f 2156/939/1623 2157/940/1624 2161/942/1628
f 2158/941/1625 2162/943/1629 2160/691/1627
f 2158/941/1625 2161/942/1628 2163/943/1630
f 2162/943/1629 2164/694/1631 2160/691/1627
f 2162/943/1629 2165/695/1632 2164/694/1631
f 2161/942/1628 2166/944/1633 2163/943/1630
f 2165/695/1632 2162/943/1629 2166/944/1633
f 2165/695/1632 2166/944/1633 2167/698/1634
f 2166/944/1633 2168/197/1635 2167/698/1634
f 2166/944/1633 2161/942/1628 2169/945/1636
f 2168/197/1635 2166/944/1633 2169/945/1636
f 2157/940/1624 2169/945/1636 2161/942/1628
f 2170/946/1637 2168/197/1635 2169/945/1636
f 2169/945/1636 2157/940/1624 2170/946/1637
f 2168/197/1635 2170/946/1637 2171/198/1638
f 2172/947/1639 2173/948/1640 2174/949/1641
f 2172/947/1639 2174/949/1641 2175/950/449
f 2176/951/1642 2174/949/1641 2173/948/1640
f 2175/950/449 2174/949/1641 2177/952/1643
f 2177/952/1643 2174/949/1641 2176/951/1642
f 2175/950/449 2177/952/1643 764/241/1644
f 2178/893/1645 2177/952/1643 2176/951/1642
f 2179/238/1646 2177/952/1643 2178/893/1645
f 2177/952/1643 2179/238/1646 764/241/1644
f 2180/947/1647 2181/949/1648 2182/948/1649
f 2181/949/1648 2180/947/1647 2183/950/529
f 2184/951/1650 2182/948/1649 2181/949/1648
f 2185/952/1651 2184/951/1650 2181/949/1648
f 2183/950/529 1415/241/1652 2185/952/1651
f 2183/950/529 2185/952/1651 2181/949/1648
f 2186/893/1653 2184/951/1650 2185/952/1651
f 2187/238/1654 2186/893/1653 2185/952/1651
f 2185/952/1651 1415/241/1652 2187/238/1654
f 2188/284/1655 2189/71/1656 2190/72/1657
f 2191/919/1658 2189/71/1656 2188/284/1655
f 2192/286/1659 2188/284/1655 2190/72/1657
f 2188/284/1655 2193/282/1660 2191/919/1658
f 2194/64/1661 2192/286/1659 2190/72/1657
f 2193/282/1660 2195/920/1662 2191/919/1658
f 2192/286/1659 2194/64/1661 2196/287/1663
f 2195/920/1662 2193/282/1660 2197/280/1664
f 2194/64/1661 2198/285/1665 2196/287/1663
f 2195/920/1662 2197/280/1664 2199/953/1666
f 2198/285/1665 2194/64/1661 2200/66/1667
f 2201/281/1668 2199/953/1666 2197/280/1664
f 2202/954/1669 2198/285/1665 2200/66/1667
f 2199/953/1666 2201/281/1668 2203/955/1670
f 2201/281/1668 2202/954/1669 2203/955/1670
f 2202/954/1669 2201/281/1668 2204/283/1671
f 2198/285/1665 2202/954/1669 2204/283/1671
f 2205/956/1672 2206/957/1673 2207/958/1674
f 2205/956/1672 2208/959/1675 2206/957/1673
f 2209/960/1676 2205/956/1672 2207/958/1674
f 2208/959/1675 2205/956/1672 2210/961/1677
f 2211/962/1678 2209/960/1676 2207/958/1674
f 2212/963/1679 2208/959/1675 2210/961/1677
f 2209/960/1676 2211/962/1678 2213/964/1680
f 2208/959/1675 2212/963/1679 2214/965/1681
f 2215/966/1682 2213/964/1680 2211/962/1678
f 2214/965/1681 2212/963/1679 2216/967/1683
f 2213/964/1680 2215/966/1682 2217/968/1684
f 2214/965/1681 2216/967/1683 2218/969/1685
f 2215/966/1682 2219/970/1686 2217/968/1684
f 2216/967/1683 2220/971/1687 2218/969/1685
f 2219/970/1686 2215/966/1682 2221/972/1688
f 2220/971/1687 2216/967/1683 2222/973/1689
f 2221/972/1688 2223/974/1690 2219/970/1686
f 2222/973/1689 2224/975/1691 2220/971/1687
f 2223/974/1690 2221/972/1688 2225/976/1692
f 2224/975/1691 2222/973/1689 2226/977/1691
f 2227/978/1693 2224/975/1691 2226/977/1691
f 2225/976/1692 2227/978/1693 2223/974/1690
f 2224/975/1691 2227/978/1693 2228/979/1694
f 2227/978/1693 2225/976/1692 2228/979/1694
f 2229/980/1695 2230/981/1696 2231/982/1697
f 2229/980/1695 2232/983/1698 2230/981/1696
f 2229/980/1695 2231/982/1697 2233/984/1699
f 2232/983/1698 2229/980/1695 2234/985/1700
f 2233/984/1699 2231/982/1697 2235/986/1701
f 2236/987/1702 2232/983/1698 2234/985/1700
f 2233/984/1699 2235/986/1701 2237/988/1701
f 2236/987/1702 2238/989/1703 2232/983/1698
f 2235/986/1701 2239/990/1704 2237/988/1701
f 2236/987/1702 2240/991/1705 2238/989/1703
f 2239/990/1704 2235/986/1701 2241/992/1706
f 2240/991/1705 2236/987/1702 2242/993/1707
f 2241/992/1706 2243/994/1708 2239/990/1704
f 2242/993/1707 2244/995/1709 2240/991/1705
f 2243/994/1708 2241/992/1706 2245/996/1710
f 2244/995/1709 2242/993/1707 2246/997/1711
f 2247/998/1712 2243/994/1708 2245/996/1710
f 2248/999/1713 2244/995/1709 2246/997/1711
f 2243/994/1708 2247/998/1712 2249/1000/1714
f 2248/999/1713 2250/1001/1715 2244/995/1709
f 2247/998/1712 2251/1002/1716 2249/1000/1714
f 2251/1002/1716 2250/1001/1715 2248/999/1713
f 2251/1002/1716 2252/1003/1717 2250/1001/1715
f 2251/1002/1716 2247/998/1712 2252/1003/1717
f 2253/620/1718 2254/623/1719 2255/55/1720
f 2255/55/1720 2256/621/1721 2253/620/1718
f 2257/56/1722 2255/55/1720 2254/623/1719
f 2256/621/1721 2255/55/1720 2258/1004/1723
f 2259/626/1724 2257/56/1722 2254/623/1719
f 2260/1005/1725 2256/621/1721 2258/1004/1723
f 2257/56/1722 2259/626/1724 2261/1006/1726
f 2256/621/1721 2260/1005/1725 2262/619/1727
f 2263/625/1728 2261/1006/1726 2259/626/1724
f 2260/1005/1725 2264/622/1729 2262/619/1727
f 2261/1006/1726 2263/625/1728 2265/48/1730
f 2260/1005/1725 2266/1007/1731 2264/622/1729
f 2263/625/1728 2267/46/1732 2265/48/1730
f 2267/46/1732 2263/625/1728 2268/624/1733
f 2268/624/1733 2266/1007/1731 2267/46/1732
f 2266/1007/1731 2268/624/1733 2264/622/1729
f 2269/623/1734 2270/620/1735 2271/55/1736
f 2271/55/1736 2270/620/1735 2272/621/1737
f 2269/623/1734 2271/55/1736 2273/56/1738
f 2271/55/1736 2272/621/1737 2274/1004/1739
f 2273/56/1738 2275/626/1740 2269/623/1734
f 2272/621/1737 2276/1005/1741 2274/1004/1739
f 2275/626/1740 2273/56/1738 2277/1006/1742
f 2276/1005/1741 2272/621/1737 2278/619/1743
f 2277/1006/1742 2279/625/1744 2275/626/1740
f 2280/622/1745 2276/1005/1741 2278/619/1743
f 2279/625/1744 2277/1006/1742 2281/48/1746
f 2276/1005/1741 2280/622/1745 2282/1007/1747
f 2283/46/1748 2279/625/1744 2281/48/1746
f 2279/625/1744 2283/46/1748 2284/624/1749
f 2283/46/1748 2282/1007/1747 2284/624/1749
f 2282/1007/1747 2280/622/1745 2284/624/1749
f 2285/71/1750 2286/919/1751 2287/284/1752
f 2287/284/1752 2288/72/1753 2285/71/1750
f 2287/284/1752 2286/919/1751 2289/282/1754
f 2290/286/1755 2288/72/1753 2287/284/1752
f 2291/920/1756 2289/282/1754 2286/919/1751
f 2290/286/1755 2292/64/1757 2288/72/1753
f 2289/282/1754 2291/920/1756 2293/280/1758
f 2292/64/1757 2290/286/1755 2294/287/1759
f 2291/920/1756 2295/953/1760 2293/280/1758
f 2296/285/1761 2292/64/1757 2294/287/1759
f 2295/953/1760 2297/281/1762 2293/280/1758
f 2292/64/1757 2296/285/1761 2298/66/1763
f 2297/281/1762 2295/953/1760 2299/955/1764
f 2296/285/1761 2300/954/1765 2298/66/1763
f 2300/954/1765 2297/281/1762 2299/955/1764
f 2297/281/1762 2300/954/1765 2301/283/1766
f 2300/954/1765 2296/285/1761 2301/283/1766
f 2302/1008/1767 2303/992/1768 2304/986/1769
f 2305/982/1770 2302/1008/1767 2304/986/1769
f 2303/992/1768 2302/1008/1767 2306/1009/1771
f 2302/1008/1767 2305/982/1770 2307/1010/1772
f 2306/1009/1771 2308/996/1773 2303/992/1768
f 2309/981/1774 2307/1010/1772 2305/982/1770
f 2308/996/1773 2306/1009/1771 2310/1011/1775
f 2311/1012/1776 2307/1010/1772 2309/981/1774
f 2310/1011/1775 2312/998/1777 2308/996/1773
f 2311/1012/1776 2309/981/1774 2313/983/1778
f 2312/998/1777 2310/1011/1775 2314/1013/1779
f 2315/1014/1780 2311/1012/1776 2313/983/1778
f 2316/1003/1781 2312/998/1777 2314/1013/1779
f 2313/983/1778 2317/1015/1782 2315/1014/1780
f 2316/1003/1781 2314/1013/1779 2318/1016/1783
f 2317/1015/1782 2313/983/1778 2319/989/1784
f 2318/1016/1783 2320/1001/1785 2316/1003/1781
f 2319/989/1784 2321/1017/1786 2317/1015/1782
f 2320/1001/1785 2318/1016/1783 2322/1018/519
f 2321/1017/1786 2319/989/1784 2323/991/1786
f 2322/1018/519 2324/1019/1787 2320/1001/1785
f 2325/995/1788 2321/1017/1786 2323/991/1786
f 2320/1001/1785 2324/1019/1787 2325/995/1788
f 2321/1017/1786 2325/995/1788 2324/1019/1787
f 2326/986/1789 2327/992/1790 2328/1008/1789
f 2328/1008/1789 2329/982/1791 2326/986/1789
f 2327/992/1790 2330/1009/1792 2328/1008/1789
f 2329/982/1791 2328/1008/1789 2331/1010/1793
f 2332/996/1794 2330/1009/1792 2327/992/1790
f 2331/1010/1793 2333/981/1795 2329/982/1791
f 2330/1009/1792 2332/996/1794 2334/1011/1796
f 2331/1010/1793 2335/1012/1797 2333/981/1795
f 2336/998/1798 2334/1011/1796 2332/996/1794
f 2335/1012/1797 2337/983/1799 2333/981/1795
f 2334/1011/1796 2336/998/1798 2338/1013/1800
f 2337/983/1799 2335/1012/1797 2339/1014/1801
f 2340/1003/1802 2338/1013/1800 2336/998/1798
f 2341/1015/1803 2337/983/1799 2339/1014/1801
f 2342/1016/1804 2338/1013/1800 2340/1003/1802
f 2337/983/1799 2341/1015/1803 2343/989/1805
f 2344/1001/1806 2342/1016/1804 2340/1003/1802
f 2345/1017/1807 2343/989/1805 2341/1015/1803
f 2342/1016/1804 2344/1001/1806 2346/1018/1808
f 2343/989/1805 2345/1017/1807 2347/991/1809
f 2348/1019/1810 2346/1018/1808 2344/1001/1806
f 2348/1019/1810 2344/1001/1806 2349/995/1811
f 2345/1017/1807 2348/1019/1810 2349/995/1811
f 2345/1017/1807 2349/995/1811 2347/991/1809
f 2350/992/1812 2351/994/1813 2352/996/1814
f 2353/998/1815 2352/996/1814 2351/994/1813
f 2351/994/1813 2350/992/1812 2354/990/1816
f 2355/1000/1817 2353/998/1815 2351/994/1813
f 2356/986/1818 2354/990/1816 2350/992/1812
f 2357/1002/1819 2353/998/1815 2355/1000/1817
f 2354/990/1816 2356/986/1818 2358/988/1820
f 2353/998/1815 2357/1002/1819 2359/1003/1819
f 2356/986/1818 2360/984/1821 2358/988/1820
f 2357/1002/1819 2361/1001/1822 2359/1003/1819
f 2360/984/1821 2356/986/1818 2362/982/1823
f 2361/1001/1822 2357/1002/1819 2363/999/1824
f 2362/982/1823 2364/980/1825 2360/984/1821
f 2363/999/1824 2365/995/1826 2361/1001/1822
f 2364/980/1825 2362/982/1823 2366/981/1827
f 2365/995/1826 2363/999/1824 2367/997/1828
f 2368/983/1829 2364/980/1825 2366/981/1827
f 2369/993/1830 2365/995/1826 2367/997/1828
f 2364/980/1825 2368/983/1829 2370/985/1831
f 2365/995/1826 2369/993/1830 2371/991/1832
f 2372/987/1833 2371/991/1832 2369/993/1830
f 2368/983/1829 2372/987/1833 2370/985/1831
f 2372/987/1833 2368/983/1829 2373/989/1834
f 2371/991/1832 2372/987/1833 2373/989/1834
f 2374/972/1835 2375/1020/1836 2376/976/1836
f 2377/966/1836 2375/1020/1836 2374/972/1835
f 2376/976/1836 2375/1020/1836 2378/979/1836
f 2379/962/1836 2375/1020/1836 2377/966/1836
f 2378/979/1836 2375/1020/1836 2380/975/1835
f 2381/958/1836 2375/1020/1836 2379/962/1836
f 2380/975/1835 2375/1020/1836 2382/971/1836
f 2383/957/1835 2375/1020/1836 2381/958/1836
f 2382/971/1836 2375/1020/1836 2384/969/1836
f 2385/959/1836 2375/1020/1836 2383/957/1835
f 2384/969/1836 2375/1020/1836 2386/965/1836
f 2386/965/1836 2375/1020/1836 2385/959/1836
f 2387/1021/642 2388/990/642 2389/994/642
f 2387/1021/642 2389/994/642 2390/1000/642
f 2391/988/642 2388/990/642 2387/1021/642
f 2392/1002/642 2387/1021/642 2390/1000/642
f 2391/988/642 2387/1021/642 2393/984/642
f 2392/1002/642 2394/999/642 2387/1021/642
f 2393/984/642 2387/1021/642 2395/980/642
f 2396/997/642 2387/1021/642 2394/999/642
f 2397/985/642 2395/980/642 2387/1021/642
f 2396/997/642 2398/993/642 2387/1021/642
f 2399/987/642 2387/1021/642 2398/993/642
f 2397/985/642 2387/1021/642 2399/987/642
f 2400/1021/631 2401/994/631 2402/990/631
f 2400/1021/631 2403/1000/631 2401/994/631
f 2404/988/631 2400/1021/631 2402/990/631
f 2405/1002/631 2403/1000/631 2400/1021/631
f 2404/988/631 2406/984/631 2400/1021/631
f 2405/1002/631 2400/1021/631 2407/999/631
f 2406/984/631 2408/980/631 2400/1021/631
f 2409/997/631 2407/999/631 2400/1021/631
f 2410/985/631 2400/1021/631 2408/980/631
f 2409/997/631 2400/1021/631 2411/993/631
f 2412/987/631 2411/993/631 2400/1021/631
f 2410/985/631 2412/987/631 2400/1021/631
