# Blender 5.2.2 LTS
# www.blender.org
mtllib WeaponRack.mtl
o WeaponRack.001
v 27.936317 -55.568840 -20.436680
v 26.370771 -50.995674 -21.803169
v 28.129993 -52.690132 -23.779663
v 26.370771 -50.995674 -21.803169
v 27.936317 -55.568840 -20.436680
v 26.124233 -54.086311 -17.911781
v 28.080318 -47.688057 -26.573185
v 29.042387 -46.102333 -28.692230
v 28.978418 -48.025154 -26.975407
v 29.042387 -46.102333 -28.692230
v 28.080318 -47.688057 -26.573185
v 28.177565 -45.713676 -28.584030
v 28.129993 -52.690132 -23.779663
v 28.978418 -48.025154 -26.975407
v 29.024992 -53.051140 -24.142395
v 28.978418 -48.025154 -26.975407
v 28.129993 -52.690132 -23.779663
v 28.080318 -47.688057 -26.573185
v 27.936317 -55.568840 -20.436680
v 28.129993 -52.690132 -23.779663
v 28.819469 -55.613701 -20.907734
v 29.024992 -53.051140 -24.142395
v 28.819469 -55.613701 -20.907734
v 28.129993 -52.690132 -23.779663
v 29.190678 -55.799294 -20.120426
v 27.936317 -55.568840 -20.436680
v 28.819469 -55.613701 -20.907734
v 24.484892 -37.615303 -7.396221
v 23.477798 -38.784996 -6.937000
v 23.737144 -38.588921 -6.854013
v 28.177565 -45.713676 -28.584030
v 28.080318 -47.688057 -26.573185
v 26.501244 -43.416374 -27.640087
v 26.370771 -50.995674 -21.803169
v 26.501244 -43.416374 -27.640087
v 28.080318 -47.688057 -26.573185
v 28.080318 -47.688057 -26.573185
v 28.129993 -52.690132 -23.779663
v 26.370771 -50.995674 -21.803169
v 24.979134 -33.906654 -13.622593
v 25.562672 -29.393728 -21.054386
v 24.040565 -34.564491 -14.025074
v 24.625296 -30.065878 -21.457172
v 24.040565 -34.564491 -14.025074
v 25.562672 -29.393728 -21.054386
v 31.350836 -43.019661 -32.218872
v 28.177565 -45.713676 -28.584030
v 30.859770 -41.746498 -32.749889
v 28.177565 -45.713676 -28.584030
v 31.350836 -43.019661 -32.218872
v 29.042387 -46.102333 -28.692230
v 30.859770 -41.746498 -32.749889
v 28.177565 -45.713676 -28.584030
v 26.501244 -43.416374 -27.640087
v 30.859770 -41.746498 -32.749889
v 26.501244 -43.416374 -27.640087
v 29.804476 -39.478813 -31.889126
v 26.501244 -43.416374 -27.640087
v 24.625296 -30.065878 -21.457172
v 29.804476 -39.478813 -31.889126
v 29.804476 -39.478813 -31.889126
v 24.625296 -30.065878 -21.457172
v 28.073587 -26.383398 -26.677944
v 28.073587 -26.383398 -26.677944
v 25.562672 -29.393728 -21.054386
v 28.559629 -25.732016 -26.356968
v 25.562672 -29.393728 -21.054386
v 28.073587 -26.383398 -26.677944
v 24.625296 -30.065878 -21.457172
v 27.936317 -55.568840 -20.436680
v 26.916609 -54.172462 -17.441624
v 26.124233 -54.086311 -17.911781
v 27.936317 -55.568840 -20.436680
v 29.190678 -55.799294 -20.120426
v 26.916609 -54.172462 -17.441624
v 26.916609 -54.172462 -17.441624
v 25.912344 -53.736580 -16.476562
v 26.124233 -54.086311 -17.911781
v 25.527571 -56.428734 -11.753414
v 25.912344 -53.736580 -16.476562
v 26.261295 -56.905479 -12.126591
v 26.916609 -54.172462 -17.441624
v 26.261295 -56.905479 -12.126591
v 25.912344 -53.736580 -16.476562
v 29.190678 -55.799294 -20.120426
v 29.305099 -61.274117 -17.532658
v 28.995981 -60.836678 -15.392513
v 28.995981 -60.836678 -15.392513
v 26.916609 -54.172462 -17.441624
v 29.190678 -55.799294 -20.120426
v 26.916609 -54.172462 -17.441624
v 28.995981 -60.836678 -15.392513
v 26.261295 -56.905479 -12.126591
v 28.819469 -55.613701 -20.907734
v 28.958990 -61.527565 -18.237747
v 29.190678 -55.799294 -20.120426
v 29.190678 -55.799294 -20.120426
v 28.958990 -61.527565 -18.237747
v 29.305099 -61.274117 -17.532658
v 39.930531 -49.893105 -20.070057
v 38.819851 -54.683891 -19.045609
v 39.013531 -51.805153 -22.388588
v 38.819851 -54.683891 -19.045609
v 39.930531 -49.893105 -20.070057
v 39.684010 -52.983727 -16.178680
v 38.324432 -45.345894 -27.509621
v 38.963840 -46.803078 -25.182102
v 38.260139 -47.270378 -25.789074
v 38.963840 -46.803078 -25.182102
v 38.324432 -45.345894 -27.509621
v 39.061497 -44.826668 -27.197346
v 38.260139 -47.270378 -25.789074
v 39.013531 -51.805153 -22.388588
v 38.306725 -52.296425 -22.956051
v 39.013531 -51.805153 -22.388588
v 38.260139 -47.270378 -25.789074
v 38.963840 -46.803078 -25.182102
v 39.013531 -51.805153 -22.388588
v 38.101189 -54.858955 -19.721405
v 38.306725 -52.296425 -22.956051
v 38.101189 -54.858955 -19.721405
v 39.013531 -51.805153 -22.388588
v 38.819851 -54.683891 -19.045609
v 37.579369 -55.117149 -19.048206
v 38.101189 -54.858955 -19.721405
v 38.819851 -54.683891 -19.045609
v 38.963840 -46.803078 -25.182102
v 39.916882 -44.452339 -23.424416
v 39.802425 -45.633369 -21.777672
v 37.600307 -33.461861 -12.291939
v 37.082680 -28.454947 -19.586678
v 36.498676 -32.969978 -12.150242
v 37.082680 -28.454947 -19.586678
v 37.600307 -33.461861 -12.291939
v 38.185516 -28.960699 -19.729454
v 39.930531 -49.893105 -20.070057
v 38.963840 -46.803078 -25.182102
v 39.802425 -45.633369 -21.777672
v 38.963840 -46.803078 -25.182102
v 39.930531 -49.893105 -20.070057
v 39.013531 -51.805153 -22.388588
v 36.510197 -42.600060 -31.559441
v 39.061497 -44.826668 -27.197346
v 38.324432 -45.345894 -27.509621
v 39.061497 -44.826668 -27.197346
v 36.510197 -42.600060 -31.559441
v 36.909523 -41.254570 -31.976665
v 37.341854 -38.866020 -30.925743
v 40.061520 -42.311150 -25.912369
v 36.909523 -41.254570 -31.976665
v 39.061497 -44.826668 -27.197346
v 36.909523 -41.254570 -31.976665
v 40.061520 -42.311150 -25.912369
v 35.610962 -25.770636 -25.714558
v 37.082680 -28.454947 -19.586678
v 38.185516 -28.960699 -19.729454
v 37.082680 -28.454947 -19.586678
v 35.610962 -25.770636 -25.714558
v 34.962914 -25.211340 -25.538521
v 38.819851 -54.683891 -19.045609
v 39.684010 -52.983727 -16.178680
v 38.823395 -53.204323 -15.919773
v 38.819851 -54.683891 -19.045609
v 38.823395 -53.204323 -15.919773
v 37.579369 -55.117149 -19.048206
v 38.823395 -53.204323 -15.919773
v 39.684010 -52.983727 -16.178680
v 39.472095 -52.634026 -14.743404
v 38.555607 -55.905861 -10.555202
v 38.823395 -53.204323 -15.919773
v 39.472095 -52.634026 -14.743404
v 38.555607 -55.905861 -10.555202
v 39.472095 -52.634026 -14.743404
v 39.087353 -55.326134 -10.020302
v 38.823395 -53.204323 -15.919773
v 37.384674 -60.154640 -14.320324
v 37.579369 -55.117149 -19.048206
v 37.384674 -60.154640 -14.320324
v 38.823395 -53.204323 -15.919773
v 38.555607 -55.905861 -10.555202
v 37.579369 -55.117149 -19.048206
v 37.384674 -60.154640 -14.320324
v 37.693787 -60.591988 -16.460484
v 38.240707 -60.772881 -17.051414
v 38.101189 -54.858955 -19.721405
v 37.579369 -55.117149 -19.048206
v 38.240707 -60.772881 -17.051414
v 37.579369 -55.117149 -19.048206
v 37.693787 -60.591988 -16.460484
v 38.963840 -46.803078 -25.182102
v 39.061497 -44.826668 -27.197346
v 37.165203 -44.470299 -23.623428
v 39.061497 -44.826668 -27.197346
v 37.313686 -42.308601 -26.154758
v 37.165203 -44.470299 -23.623428
v 25.570175 -25.396505 -18.633972
v 25.672247 -29.135534 -10.785900
v 26.240623 -24.528509 -18.161743
v 25.672247 -29.135534 -10.785900
v 25.570175 -25.396505 -18.633972
v 25.007935 -29.956976 -11.335800
v 35.835350 -24.560125 -17.326214
v 34.370190 -28.428717 -9.673801
v 35.272720 -29.122854 -10.023396
v 34.370190 -28.428717 -9.673801
v 35.835350 -24.560125 -17.326214
v 34.938904 -23.819845 -17.053589
v 35.387657 -21.600805 -20.921837
v 34.938904 -23.819845 -17.053589
v 35.835350 -24.560125 -17.326214
v 26.426229 -22.329504 -22.067234
v 25.570175 -25.396505 -18.633972
v 26.240623 -24.528509 -18.161743
v 37.037525 -37.682365 -5.203871
v 36.004433 -36.678581 -5.923883
v 36.737892 -37.531685 -5.192310
v 25.332205 -34.057915 -4.990711
v 24.484892 -37.615303 -7.396221
v 25.303576 -37.997765 -6.521683
v 24.484892 -37.615303 -7.396221
v 25.332205 -34.057915 -4.990711
v 24.567791 -33.304970 -5.759672
v 25.615025 -33.680367 -4.846584
v 24.567791 -33.304970 -5.759672
v 25.332205 -34.057915 -4.990711
v 24.567791 -33.304970 -5.759672
v 25.615025 -33.680367 -4.846584
v 25.250921 -32.398781 -5.398920
v 34.832535 -32.470787 -4.447268
v 33.663906 -33.026176 -3.817492
v 34.030094 -33.351021 -3.878647
v 33.663906 -33.026176 -3.817492
v 34.832535 -32.470787 -4.447268
v 33.945820 -31.692114 -4.287249
v 36.004433 -36.678581 -5.923883
v 34.030094 -33.351021 -3.878647
v 35.064716 -37.204048 -5.274036
v 34.030094 -33.351021 -3.878647
v 36.004433 -36.678581 -5.923883
v 34.832535 -32.470787 -4.447268
v 25.007935 -29.956976 -11.335800
v 25.250921 -32.398781 -5.398920
v 25.672247 -29.135534 -10.785900
v 25.250921 -32.398781 -5.398920
v 25.007935 -29.956976 -11.335800
v 24.567791 -33.304970 -5.759672
v 34.370190 -28.428717 -9.673801
v 33.945820 -31.692114 -4.287249
v 35.272720 -29.122854 -10.023396
v 34.832535 -32.470787 -4.447268
v 35.272720 -29.122854 -10.023396
v 33.945820 -31.692114 -4.287249
v 25.303576 -37.997765 -6.521683
v 24.484892 -37.615303 -7.396221
v 23.737144 -38.588921 -6.854013
v 35.064716 -37.204048 -5.274036
v 36.737892 -37.531685 -5.192310
v 36.004433 -36.678581 -5.923883
v 37.313686 -42.308601 -26.154758
v 35.875450 -32.499535 -21.617065
v 37.165203 -44.470299 -23.623428
v 37.165203 -44.470299 -23.623428
v 35.266064 -33.412376 -16.272301
v 36.730148 -47.858818 -18.531498
v 35.266064 -33.412376 -16.272301
v 37.165203 -44.470299 -23.623428
v 35.875450 -32.499535 -21.617065
v 39.916882 -44.452339 -23.424416
v 38.963840 -46.803078 -25.182102
v 37.165203 -44.470299 -23.623428
v 31.835920 -41.666771 -32.625446
v 32.183590 -42.951653 -32.112713
v 31.350836 -43.019661 -32.218872
v 31.350836 -43.019661 -32.218872
v 30.859770 -41.746498 -32.749889
v 31.835920 -41.666771 -32.625446
v 34.006977 -47.035713 -35.035648
v 34.798855 -47.711678 -35.589855
v 33.793537 -47.671471 -35.463970
v 34.798855 -47.711678 -35.589855
v 34.006977 -47.035713 -35.035648
v 34.701420 -47.101295 -35.201160
v 33.172741 -46.149818 -34.315308
v 31.350836 -43.019661 -32.218872
v 32.183590 -42.951653 -32.112713
v 31.350836 -43.019661 -32.218872
v 33.172741 -46.149818 -34.315308
v 32.601311 -46.533455 -34.599022
v 35.934498 -41.334175 -32.100964
v 36.510197 -42.600060 -31.559441
v 35.678947 -42.667915 -31.665409
v 36.510197 -42.600060 -31.559441
v 35.934498 -41.334175 -32.100964
v 36.909523 -41.254570 -31.976665
v 34.962914 -25.211340 -25.538521
v 33.442589 -21.661703 -24.170589
v 34.356277 -20.679419 -23.675327
v 33.442589 -21.661703 -24.170589
v 34.962914 -25.211340 -25.538521
v 33.929867 -25.295691 -25.670216
v 35.793224 -45.937157 -33.979954
v 36.510197 -42.600060 -31.559441
v 36.469296 -46.218956 -34.104641
v 36.510197 -42.600060 -31.559441
v 35.793224 -45.937157 -33.979954
v 35.678947 -42.667915 -31.665409
v 35.317204 -46.929375 -34.868011
v 35.793224 -45.937157 -33.979954
v 36.469296 -46.218956 -34.104641
v 36.469296 -46.218956 -34.104641
v 35.727524 -47.514229 -35.216824
v 35.317204 -46.929375 -34.868011
v 34.006977 -47.035713 -35.035648
v 32.601311 -46.533455 -34.599022
v 33.172741 -46.149818 -34.315308
v 32.601311 -46.533455 -34.599022
v 34.006977 -47.035713 -35.035648
v 33.793537 -47.671471 -35.463970
v 34.798855 -47.711678 -35.589855
v 35.317204 -46.929375 -34.868011
v 35.727524 -47.514229 -35.216824
v 35.317204 -46.929375 -34.868011
v 34.798855 -47.711678 -35.589855
v 34.701420 -47.101295 -35.201160
v 29.104496 -22.013723 -24.725712
v 29.591768 -25.647757 -26.225391
v 28.559629 -25.732016 -26.356968
v 28.559629 -25.732016 -26.356968
v 27.952991 -21.200094 -24.493725
v 29.104496 -22.013723 -24.725712
v 31.924225 -40.249306 -34.226044
v 32.183590 -42.951653 -32.112713
v 31.835920 -41.666771 -32.625446
v 32.390259 -39.548897 -35.913326
v 32.183590 -42.951653 -32.112713
v 31.924225 -40.249306 -34.226044
v 31.020376 -39.379539 -31.734116
v 31.924225 -40.249306 -34.226044
v 31.835920 -41.666771 -32.625446
v 31.924225 -40.249306 -34.226044
v 31.020376 -39.379539 -31.734116
v 31.178543 -38.280952 -33.678478
v 35.678947 -42.667915 -31.665409
v 36.022812 -39.916725 -33.701561
v 35.934498 -41.334175 -32.100964
v 36.022812 -39.916725 -33.701561
v 35.678947 -42.667915 -31.665409
v 35.885620 -39.265175 -35.466030
v 36.022812 -39.916725 -33.701561
v 36.126789 -38.965202 -31.080639
v 35.934498 -41.334175 -32.100964
v 36.126789 -38.965202 -31.080639
v 36.022812 -39.916725 -33.701561
v 36.284962 -37.866615 -33.025013
v 26.536169 -29.976110 5.491346
v 26.629673 -31.609320 5.803940
v 27.073593 -30.510397 5.137585
v 27.124331 -32.243935 5.931137
v 27.073593 -30.510397 5.137585
v 26.629673 -31.609320 5.803940
v 25.926752 -32.300087 5.660547
v 26.629673 -31.609320 5.803940
v 25.730743 -31.743673 6.100149
v 26.629673 -31.609320 5.803940
v 25.926752 -32.300087 5.660547
v 27.124331 -32.243935 5.931137
v 25.730743 -31.743673 6.100149
v 25.150805 -32.282341 5.253645
v 25.926752 -32.300087 5.660547
v 25.150805 -32.282341 5.253645
v 25.730743 -31.743673 6.100149
v 24.381145 -31.802496 5.582867
v 25.467871 -28.098166 -6.547709
v 26.133682 -25.329641 -7.838938
v 26.248049 -28.298407 -6.709700
v 26.133682 -25.329641 -7.838938
v 25.467871 -28.098166 -6.547709
v 25.353491 -25.129522 -7.676779
v 24.381145 -31.802496 5.582867
v 25.467871 -28.098166 -6.547709
v 25.150805 -32.282341 5.253645
v 25.150805 -32.282341 5.253645
v 25.467871 -28.098166 -6.547709
v 26.248049 -28.298407 -6.709700
v 26.752184 -23.435461 -20.549995
v 27.709782 -22.991812 -22.646141
v 27.504307 -23.737875 -20.405903
v 27.709782 -22.991812 -22.646141
v 26.752184 -23.435461 -20.549995
v 26.959284 -22.705435 -23.012417
v 29.658112 -31.362051 6.190004
v 29.564608 -29.728842 5.877409
v 29.224752 -30.334753 5.411812
v 29.224752 -30.334753 5.411812
v 29.255230 -32.069939 6.202784
v 29.658112 -31.362051 6.190004
v 29.658112 -31.362051 6.190004
v 30.475554 -31.928686 6.240425
v 30.464380 -31.357168 6.703594
v 30.475554 -31.928686 6.240425
v 29.658112 -31.362051 6.190004
v 29.255230 -32.069939 6.202784
v 30.464380 -31.357168 6.703594
v 31.315315 -31.778997 6.039497
v 31.891827 -31.189245 6.540327
v 31.315315 -31.778997 6.039497
v 30.464380 -31.357168 6.703594
v 30.475554 -31.928686 6.240425
v 33.285961 -27.459845 -5.551056
v 31.891827 -31.189245 6.540327
v 31.315315 -31.778997 6.039497
v 31.315315 -31.778997 6.039497
v 32.613087 -27.778692 -5.898283
v 33.285961 -27.459845 -5.551056
v 34.804882 -22.777990 -19.523430
v 34.341820 -22.450323 -21.800682
v 35.104267 -22.040411 -21.974091
v 34.341820 -22.450323 -21.800682
v 34.804882 -22.777990 -19.523430
v 34.098804 -23.199438 -19.565243
v 29.224752 -30.334753 5.411812
v 29.226084 -32.019249 5.440512
v 29.255230 -32.069939 6.202784
v 29.226084 -32.019249 5.440512
v 29.224752 -30.334753 5.411812
v 29.255285 -30.610296 4.801571
v 29.226084 -32.019249 5.440512
v 29.257177 -33.345192 4.495527
v 29.332706 -33.698952 5.062025
v 29.332706 -33.698952 5.062025
v 29.255230 -32.069939 6.202784
v 29.226084 -32.019249 5.440512
v 31.476809 -35.261452 -8.350273
v 30.910921 -37.267281 -2.646589
v 29.762218 -37.611336 -2.827244
v 29.762218 -37.611336 -2.827244
v 30.329029 -35.605492 -8.530800
v 31.476809 -35.261452 -8.350273
v 31.870089 -34.970680 -8.266640
v 31.304180 -36.976479 -2.562962
v 30.910921 -37.267281 -2.646589
v 30.910921 -37.267281 -2.646589
v 31.476809 -35.261452 -8.350273
v 31.870089 -34.970680 -8.266640
v 27.060404 -30.511480 5.135902
v 27.320887 -32.174812 5.197636
v 27.227325 -30.775900 4.543051
v 27.320887 -32.174812 5.197636
v 27.060404 -30.511480 5.135902
v 27.111141 -32.245003 5.929459
v 27.320887 -32.174812 5.197636
v 27.581520 -33.841927 4.838781
v 27.738398 -33.469200 4.301914
v 27.111141 -32.245003 5.929459
v 27.581520 -33.841927 4.838781
v 27.320887 -32.174812 5.197636
v 28.565037 -37.458809 -2.945642
v 30.322184 -35.606026 -8.531677
v 29.762218 -37.611336 -2.827244
v 30.322184 -35.606026 -8.531677
v 28.565037 -37.458809 -2.945642
v 29.125912 -35.453377 -8.649963
v 28.682993 -35.230904 -8.672930
v 28.565037 -37.458809 -2.945642
v 28.122128 -37.236320 -2.968607
v 28.565037 -37.458809 -2.945642
v 28.682993 -35.230904 -8.672930
v 29.125912 -35.453377 -8.649963
v 38.217072 -21.428305 -25.974228
v 38.079666 -22.403921 -24.306717
v 38.207508 -23.053808 -24.858028
v 38.079666 -22.403921 -24.306717
v 38.217072 -21.428305 -25.974228
v 38.087074 -21.146170 -25.170406
v 38.217072 -21.428305 -25.974228
v 37.979359 -19.629431 -25.296871
v 38.087074 -21.146170 -25.170406
v 37.979359 -19.629431 -25.296871
v 38.217072 -21.428305 -25.974228
v 38.077869 -19.468206 -26.137657
v 37.785378 -18.260138 -24.652222
v 38.077869 -19.468206 -26.137657
v 37.827187 -17.698599 -25.304562
v 37.785378 -18.260138 -24.652222
v 37.827187 -17.698599 -25.304562
v 37.532166 -16.593573 -23.698101
v 37.557106 -17.405111 -23.409153
v 37.827187 -17.698599 -25.304562
v 37.557106 -17.405111 -23.409153
v 37.785378 -18.260138 -24.652222
v 37.271904 -16.449591 -21.748817
v 37.557106 -17.405111 -23.409153
v 37.532166 -16.593573 -23.698101
v 37.557106 -17.405111 -23.409153
v 37.271904 -16.449591 -21.748817
v 37.355717 -17.293631 -21.900856
v 37.116127 -17.304846 -19.978977
v 37.355717 -17.293631 -21.900856
v 37.271904 -16.449591 -21.748817
v 37.355717 -17.293631 -21.900856
v 37.116127 -17.304846 -19.978977
v 37.235176 -17.955404 -20.531403
v 37.235176 -17.955404 -20.531403
v 37.106556 -18.930487 -18.862762
v 37.227776 -19.213308 -19.667702
v 37.106556 -18.930487 -18.862762
v 37.235176 -17.955404 -20.531403
v 37.116127 -17.304846 -19.978977
v 37.106556 -18.930487 -18.862762
v 37.245785 -20.890646 -18.699337
v 37.335499 -20.730093 -19.541241
v 37.106556 -18.930487 -18.862762
v 37.335499 -20.730093 -19.541241
v 37.227776 -19.213308 -19.667702
v 37.529472 -22.099234 -20.185860
v 37.245785 -20.890646 -18.699337
v 37.496456 -22.660116 -19.532421
v 37.245785 -20.890646 -18.699337
v 37.529472 -22.099234 -20.185860
v 37.335499 -20.730093 -19.541241
v 37.791466 -23.765081 -21.138889
v 37.529472 -22.099234 -20.185860
v 37.496456 -22.660116 -19.532421
v 37.529472 -22.099234 -20.185860
v 37.791466 -23.765081 -21.138889
v 37.757763 -22.954306 -21.428978
v 37.757763 -22.954306 -21.428978
v 38.051727 -23.909170 -23.088177
v 37.959137 -23.065817 -22.937260
v 38.051727 -23.909170 -23.088177
v 37.757763 -22.954306 -21.428978
v 37.791466 -23.765081 -21.138889
v 24.756338 -22.527349 -27.690189
v 24.627716 -23.502249 -26.021568
v 24.635128 -22.244497 -26.885269
v 24.627716 -23.502249 -26.021568
v 24.756338 -22.527349 -27.690189
v 24.746769 -24.152853 -26.574001
v 24.756338 -22.527349 -27.690189
v 24.527411 -20.727774 -27.011734
v 24.617130 -20.567282 -27.853634
v 24.527411 -20.727774 -27.011734
v 24.756338 -22.527349 -27.690189
v 24.635128 -22.244497 -26.885269
v 24.333418 -19.358480 -26.367077
v 24.617130 -20.567282 -27.853634
v 24.527411 -20.727774 -27.011734
v 24.617130 -20.567282 -27.853634
v 24.333418 -19.358480 -26.367077
v 24.366436 -18.797674 -27.020538
v 24.333418 -19.358480 -26.367077
v 24.071415 -17.692663 -25.414074
v 24.366436 -18.797674 -27.020538
v 24.071415 -17.692663 -25.414074
v 24.333418 -19.358480 -26.367077
v 24.105141 -18.503454 -25.124004
v 23.811169 -17.548635 -23.464794
v 24.105141 -18.503454 -25.124004
v 23.903767 -18.391958 -23.615711
v 24.105141 -18.503454 -25.124004
v 23.811169 -17.548635 -23.464794
v 24.071415 -17.692663 -25.414074
v 23.783213 -19.053732 -22.246262
v 23.645819 -20.029547 -20.578735
v 23.655376 -18.403891 -21.694950
v 23.645819 -20.029547 -20.578735
v 23.783213 -19.053732 -22.246262
v 23.775824 -20.311651 -21.382561
v 23.775824 -20.311651 -21.382561
v 23.883535 -21.828421 -21.256096
v 23.645819 -20.029547 -20.578735
v 23.785028 -21.989706 -20.415310
v 23.645819 -20.029547 -20.578735
v 23.883535 -21.828421 -21.256096
v 24.035704 -23.759192 -21.248394
v 23.785028 -21.989706 -20.415310
v 24.077509 -23.197592 -21.900715
v 24.077509 -23.197592 -21.900715
v 23.785028 -21.989706 -20.415310
v 23.883535 -21.828421 -21.256096
v 24.035704 -23.759192 -21.248394
v 24.305796 -24.052649 -23.143833
v 24.330717 -24.864157 -22.854866
v 24.305796 -24.052649 -23.143833
v 24.035704 -23.759192 -21.248394
v 24.077509 -23.197592 -21.900715
v 24.305796 -24.052649 -23.143833
v 24.590979 -25.008261 -24.804150
v 24.330717 -24.864157 -22.854866
v 24.590979 -25.008261 -24.804150
v 24.305796 -24.052649 -23.143833
v 24.507175 -24.164160 -24.652115
v 24.507175 -24.164160 -24.652115
v 24.746769 -24.152853 -26.574001
v 24.590979 -25.008261 -24.804150
v 24.746769 -24.152853 -26.574001
v 24.507175 -24.164160 -24.652115
v 24.627716 -23.502249 -26.021568
v 38.909248 -43.285683 -46.104546
v 37.675762 -46.340614 -49.499512
v 38.455185 -42.081841 -48.840919
v 37.675762 -46.340614 -49.499512
v 38.909248 -43.285683 -46.104546
v 38.099621 -46.715721 -48.653419
v 38.171791 -43.222847 -46.139229
v 39.073601 -45.626839 -40.647709
v 37.899311 -46.143623 -48.231064
v 38.909248 -43.285683 -46.104546
v 37.899311 -46.143623 -48.231064
v 38.099621 -46.715721 -48.653419
v 37.899311 -46.143623 -48.231064
v 38.909248 -43.285683 -46.104546
v 38.171791 -43.222847 -46.139229
v 32.694366 -43.793129 -46.896812
v 35.206451 -46.542229 -49.814293
v 34.650585 -46.997307 -49.093102
v 35.206451 -46.542229 -49.814293
v 32.694366 -43.793129 -46.896812
v 33.617931 -42.476814 -49.457573
v 33.397381 -43.612663 -46.747879
v 34.645329 -46.409340 -48.645882
v 31.551022 -46.241020 -41.606697
v 32.694366 -43.793129 -46.896812
v 34.645329 -46.409340 -48.645882
v 33.397381 -43.612663 -46.747879
v 34.645329 -46.409340 -48.645882
v 32.694366 -43.793129 -46.896812
v 34.650585 -46.997307 -49.093102
v 36.597244 -46.887032 -17.089809
v 69.018585 -38.979942 -20.375401
v 69.222481 -38.829765 -18.056583
v 69.222481 -38.829765 -18.056583
v 36.832741 -46.737190 -14.461201
v 36.597244 -46.887032 -17.089809
v 35.595993 -38.752434 -9.873859
v 68.668816 -34.668266 -14.772442
v 68.174492 -32.063652 -14.169384
v 36.156025 -41.699791 -10.549740
v 68.668816 -34.668266 -14.772442
v 35.595993 -38.752434 -9.873859
v 35.595993 -38.752434 -9.873859
v 67.638687 -30.070959 -15.257092
v 34.989067 -36.504250 -11.124771
v 67.638687 -30.070959 -15.257092
v 35.595993 -38.752434 -9.873859
v 68.174492 -32.063652 -14.169384
v 35.701065 -44.654778 -21.216927
v 67.755905 -35.176704 -24.810501
v 68.291710 -37.169456 -23.722813
v 67.755905 -35.176704 -24.810501
v 35.701065 -44.654778 -21.216927
v 35.094147 -42.406593 -22.467846
v 66.707916 -28.410620 -20.923313
v 34.080330 -36.529503 -20.108833
v 33.857395 -34.421822 -17.880501
v 34.080330 -36.529503 -20.108833
v 66.707916 -28.410620 -20.923313
v 66.906258 -30.277945 -22.889454
v 66.911812 -28.260412 -18.604492
v 33.857395 -34.421822 -17.880501
v 34.092888 -34.271980 -15.251888
v 33.857395 -34.421822 -17.880501
v 66.911812 -28.260412 -18.604492
v 66.707916 -28.410620 -20.923313
v 75.955460 -78.061470 -42.099792
v 75.810463 -80.987740 -45.435745
v 75.910255 -76.057320 -43.139107
v 72.012459 -43.806358 -37.718830
v 71.661446 -38.800392 -29.286507
v 72.775085 -45.295891 -31.754772
v 75.910255 -76.057320 -43.139107
v 76.502213 -78.201576 -41.930794
v 75.955460 -78.061470 -42.099792
v 76.439011 -75.816689 -43.216888
v 76.502213 -78.201576 -41.930794
v 75.910255 -76.057320 -43.139107
v 75.910255 -76.057320 -43.139107
v 76.356857 -81.255424 -45.866524
v 76.439011 -75.816689 -43.216888
v 76.356857 -81.255424 -45.866524
v 75.910255 -76.057320 -43.139107
v 75.810463 -80.987740 -45.435745
v 69.829559 -39.202751 -27.930965
v 68.522240 -33.068535 -27.917282
v 69.696190 -36.944145 -24.502407
v 71.265457 -40.070107 -15.637611
v 71.350311 -43.076347 -21.107086
v 70.532143 -39.026375 -20.652679
v 70.581047 -43.822060 -38.440624
v 71.510635 -47.623436 -38.717644
v 70.258385 -47.368233 -39.448517
v 71.510635 -47.623436 -38.717644
v 70.581047 -43.822060 -38.440624
v 72.012459 -43.806358 -37.718830
v 74.508125 -78.370247 -41.952530
v 73.538345 -76.563362 -42.897758
v 75.177368 -81.122810 -45.371330
v 65.035301 -45.294914 -37.008900
v 66.104759 -46.718987 -31.076065
v 64.951355 -40.231941 -28.603756
v 73.538345 -76.563362 -42.897758
v 74.508125 -78.370247 -41.952530
v 74.108429 -78.712288 -41.687218
v 74.108429 -78.712288 -41.687218
v 72.953300 -76.560326 -42.862213
v 73.538345 -76.563362 -42.897758
v 75.177368 -81.122810 -45.371330
v 73.538345 -76.563362 -42.897758
v 72.953300 -76.560326 -42.862213
v 72.953300 -76.560326 -42.862213
v 74.713959 -81.605919 -45.699364
v 75.177368 -81.122810 -45.371330
v 67.013237 -39.803596 -27.644402
v 66.880554 -37.544823 -24.215916
v 65.705925 -33.669380 -27.630726
v 68.449142 -40.670952 -15.351051
v 67.716484 -39.627083 -20.366184
v 68.533974 -43.677193 -20.820526
v 67.709763 -47.911980 -39.189198
v 65.035301 -45.294914 -37.008900
v 66.182449 -44.760460 -37.993065
v 65.035301 -45.294914 -37.008900
v 67.709763 -47.911980 -39.189198
v 66.834015 -48.621162 -38.241802
v 69.764191 -38.423866 -18.038651
v 102.152519 -30.569586 -21.759136
v 101.998894 -29.123205 -20.236179
v 101.998894 -29.123205 -20.236179
v 69.596054 -36.785042 -16.254814
v 69.764191 -38.423866 -18.038651
v 69.561432 -38.497612 -20.185925
v 101.994576 -30.685934 -23.555290
v 102.152519 -30.569586 -21.759136
v 102.152519 -30.569586 -21.759136
v 69.764191 -38.423866 -18.038651
v 69.561432 -38.497612 -20.185925
v 68.792213 -32.148537 -14.433411
v 101.723640 -27.346090 -19.215233
v 101.340736 -25.328573 -18.748112
v 69.239426 -34.482521 -14.932014
v 101.723640 -27.346090 -19.215233
v 68.792213 -32.148537 -14.433411
v 68.792213 -32.148537 -14.433411
v 100.925713 -23.785009 -19.590637
v 68.297546 -30.337652 -15.497925
v 100.925713 -23.785009 -19.590637
v 68.792213 -32.148537 -14.433411
v 101.340736 -25.328573 -18.748112
v 101.016502 -27.739935 -26.990730
v 67.877609 -32.504646 -24.168633
v 100.633614 -25.722418 -26.523598
v 67.877609 -32.504646 -24.168633
v 101.016502 -27.739935 -26.990730
v 68.324829 -34.838631 -24.667213
v 68.819496 -36.649559 -23.602695
v 101.016502 -27.739935 -26.990730
v 101.431549 -29.283499 -26.148201
v 101.016502 -27.739935 -26.990730
v 68.819496 -36.649559 -23.602695
v 68.324829 -34.838631 -24.667213
v 100.204735 -22.498907 -23.979706
v 67.520988 -30.202124 -22.845821
v 67.352867 -28.563314 -21.061993
v 67.520988 -30.202124 -22.845821
v 100.204735 -22.498907 -23.979706
v 100.358360 -23.945349 -25.502666
v 100.362686 -22.382574 -22.183537
v 67.352867 -28.563314 -21.061993
v 67.555618 -28.489599 -18.914700
v 67.352867 -28.563314 -21.061993
v 100.362686 -22.382574 -22.183537
v 100.204735 -22.498907 -23.979706
v 103.537071 -32.663765 -17.626469
v 102.478394 -33.401878 -18.063049
v 102.705307 -34.158394 -17.464897
v 102.478394 -33.401878 -18.063049
v 103.537071 -32.663765 -17.626469
v 103.220818 -32.065681 -18.206612
v 103.220818 -32.065681 -18.206612
v 102.693230 -27.717215 -15.547894
v 102.466072 -27.641333 -16.347450
v 102.693230 -27.717215 -15.547894
v 103.220818 -32.065681 -18.206612
v 103.537071 -32.663765 -17.626469
v 101.463577 -27.424871 -15.504314
v 102.466072 -27.641333 -16.347450
v 102.693230 -27.717215 -15.547894
v 102.693230 -27.717215 -15.547894
v 101.570732 -27.476065 -14.604210
v 101.463577 -27.424871 -15.504314
v 100.398209 -28.198355 -15.318390
v 101.463577 -27.424871 -15.504314
v 101.570732 -27.476065 -14.604210
v 101.463577 -27.424871 -15.504314
v 100.398209 -28.198355 -15.318390
v 100.416695 -28.070898 -16.142563
v 101.171349 -32.494926 -18.001850
v 100.398209 -28.198355 -15.318390
v 101.241943 -33.144478 -17.397118
v 100.398209 -28.198355 -15.318390
v 101.171349 -32.494926 -18.001850
v 100.416695 -28.070898 -16.142563
v 102.478394 -33.401878 -18.063049
v 101.241943 -33.144478 -17.397118
v 102.705307 -34.158394 -17.464897
v 101.241943 -33.144478 -17.397118
v 102.478394 -33.401878 -18.063049
v 101.171349 -32.494926 -18.001850
v 100.604446 -25.358953 -31.131866
v 99.632408 -26.312872 -31.169506
v 100.603386 -25.545996 -30.260490
v 99.632408 -26.312872 -31.169506
v 100.604446 -25.358953 -31.131866
v 99.516808 -26.216208 -32.148727
v 100.603386 -25.545996 -30.260490
v 100.013519 -21.042364 -27.888653
v 100.604446 -25.358953 -31.131866
v 100.013519 -21.042364 -27.888653
v 100.603386 -25.545996 -30.260490
v 100.074837 -21.685049 -27.359650
v 98.907547 -21.058096 -27.275471
v 100.013519 -21.042364 -27.888653
v 100.074837 -21.685049 -27.359650
v 98.706406 -20.341314 -27.795128
v 100.013519 -21.042364 -27.888653
v 98.907547 -21.058096 -27.275471
v 98.907547 -21.058096 -27.275471
v 97.721306 -21.530462 -27.646301
v 98.706406 -20.341314 -27.795128
v 97.721306 -21.530462 -27.646301
v 98.907547 -21.058096 -27.275471
v 98.027992 -22.120886 -27.143158
v 98.312248 -25.846960 -30.889030
v 97.721306 -21.530462 -27.646301
v 98.556541 -25.981726 -30.043617
v 97.721306 -21.530462 -27.646301
v 98.027992 -22.120886 -27.143158
v 98.556541 -25.981726 -30.043617
v 99.516808 -26.216208 -32.148727
v 98.312248 -25.846960 -30.889030
v 99.632408 -26.312872 -31.169506
v 98.312248 -25.846960 -30.889030
v 98.556541 -25.981726 -30.043617
v 99.632408 -26.312872 -31.169506
v -26.370771 -50.995674 -21.803169
v -27.936317 -55.568840 -20.436680
v -28.129993 -52.690132 -23.779663
v -27.936317 -55.568840 -20.436680
v -26.370771 -50.995674 -21.803169
v -26.124233 -54.086311 -17.911781
v -28.080318 -47.688057 -26.573185
v -29.042387 -46.102333 -28.692230
v -28.177565 -45.713676 -28.584030
v -29.042387 -46.102333 -28.692230
v -28.080318 -47.688057 -26.573185
v -28.978418 -48.025154 -26.975407
v -28.129993 -52.690132 -23.779663
v -28.978418 -48.025154 -26.975407
v -28.080318 -47.688057 -26.573185
v -28.978418 -48.025154 -26.975407
v -28.129993 -52.690132 -23.779663
v -29.024992 -53.051140 -24.142395
v -28.129993 -52.690132 -23.779663
v -27.936317 -55.568840 -20.436680
v -28.819469 -55.613701 -20.907734
v -28.819469 -55.613701 -20.907734
v -29.024992 -53.051140 -24.142395
v -28.129993 -52.690132 -23.779663
v -29.190678 -55.799294 -20.120426
v -28.819469 -55.613701 -20.907734
v -27.936317 -55.568840 -20.436680
v -23.477798 -38.784996 -6.937000
v -24.484892 -37.615303 -7.396221
v -23.737144 -38.588921 -6.854013
v -26.501244 -43.416374 -27.640087
v -28.080318 -47.688057 -26.573185
v -28.177565 -45.713676 -28.584030
v -26.501244 -43.416374 -27.640087
v -26.370771 -50.995674 -21.803169
v -28.080318 -47.688057 -26.573185
v -28.080318 -47.688057 -26.573185
v -26.370771 -50.995674 -21.803169
v -28.129993 -52.690132 -23.779663
v -25.562672 -29.393728 -21.054386
v -24.979134 -33.906654 -13.622593
v -24.040565 -34.564491 -14.025074
v -24.040565 -34.564491 -14.025074
v -24.625296 -30.065878 -21.457172
v -25.562672 -29.393728 -21.054386
v -29.042387 -46.102333 -28.692230
v -31.350836 -43.019661 -32.218872
v -28.177565 -45.713676 -28.584030
v -30.859770 -41.746498 -32.749889
v -28.177565 -45.713676 -28.584030
v -31.350836 -43.019661 -32.218872
v -29.804476 -39.478813 -31.889126
v -26.501244 -43.416374 -27.640087
v -30.859770 -41.746498 -32.749889
v -28.177565 -45.713676 -28.584030
v -30.859770 -41.746498 -32.749889
v -26.501244 -43.416374 -27.640087
v -24.625296 -30.065878 -21.457172
v -26.501244 -43.416374 -27.640087
v -29.804476 -39.478813 -31.889126
v -29.804476 -39.478813 -31.889126
v -28.073587 -26.383398 -26.677944
v -24.625296 -30.065878 -21.457172
v -28.073587 -26.383398 -26.677944
v -25.562672 -29.393728 -21.054386
v -24.625296 -30.065878 -21.457172
v -25.562672 -29.393728 -21.054386
v -28.073587 -26.383398 -26.677944
v -28.559629 -25.732016 -26.356968
v -27.936317 -55.568840 -20.436680
v -26.124233 -54.086311 -17.911781
v -26.916609 -54.172462 -17.441624
v -27.936317 -55.568840 -20.436680
v -26.916609 -54.172462 -17.441624
v -29.190678 -55.799294 -20.120426
v -26.916609 -54.172462 -17.441624
v -26.124233 -54.086311 -17.911781
v -25.912344 -53.736580 -16.476562
v -26.261295 -56.905479 -12.126591
v -26.916609 -54.172462 -17.441624
v -25.912344 -53.736580 -16.476562
v -26.261295 -56.905479 -12.126591
v -25.912344 -53.736580 -16.476562
v -25.527571 -56.428734 -11.753414
v -26.916609 -54.172462 -17.441624
v -28.995981 -60.836678 -15.392513
v -29.190678 -55.799294 -20.120426
v -28.995981 -60.836678 -15.392513
v -26.916609 -54.172462 -17.441624
v -26.261295 -56.905479 -12.126591
v -29.190678 -55.799294 -20.120426
v -28.995981 -60.836678 -15.392513
v -29.305099 -61.274117 -17.532658
v -28.958990 -61.527565 -18.237747
v -28.819469 -55.613701 -20.907734
v -29.190678 -55.799294 -20.120426
v -28.958990 -61.527565 -18.237747
v -29.190678 -55.799294 -20.120426
v -29.305099 -61.274117 -17.532658
v -38.819851 -54.683891 -19.045609
v -39.930531 -49.893105 -20.070057
v -39.013531 -51.805153 -22.388588
v -39.930531 -49.893105 -20.070057
v -38.819851 -54.683891 -19.045609
v -39.684010 -52.983727 -16.178680
v -38.963840 -46.803078 -25.182102
v -38.324432 -45.345894 -27.509621
v -38.260139 -47.270378 -25.789074
v -38.324432 -45.345894 -27.509621
v -38.963840 -46.803078 -25.182102
v -39.061497 -44.826668 -27.197346
v -38.260139 -47.270378 -25.789074
v -39.013531 -51.805153 -22.388588
v -38.963840 -46.803078 -25.182102
v -39.013531 -51.805153 -22.388588
v -38.260139 -47.270378 -25.789074
v -38.306725 -52.296425 -22.956051
v -38.819851 -54.683891 -19.045609
v -39.013531 -51.805153 -22.388588
v -38.101189 -54.858955 -19.721405
v -38.306725 -52.296425 -22.956051
v -38.101189 -54.858955 -19.721405
v -39.013531 -51.805153 -22.388588
v -37.579369 -55.117149 -19.048206
v -38.819851 -54.683891 -19.045609
v -38.101189 -54.858955 -19.721405
v -38.963840 -46.803078 -25.182102
v -39.802425 -45.633369 -21.777672
v -39.916882 -44.452339 -23.424416
v -37.600307 -33.461861 -12.291939
v -37.082680 -28.454947 -19.586678
v -38.185516 -28.960699 -19.729454
v -37.082680 -28.454947 -19.586678
v -37.600307 -33.461861 -12.291939
v -36.498676 -32.969978 -12.150242
v -39.930531 -49.893105 -20.070057
v -39.802425 -45.633369 -21.777672
v -38.963840 -46.803078 -25.182102
v -38.963840 -46.803078 -25.182102
v -39.013531 -51.805153 -22.388588
v -39.930531 -49.893105 -20.070057
v -36.510197 -42.600060 -31.559441
v -38.324432 -45.345894 -27.509621
v -39.061497 -44.826668 -27.197346
v -39.061497 -44.826668 -27.197346
v -36.909523 -41.254570 -31.976665
v -36.510197 -42.600060 -31.559441
v -36.909523 -41.254570 -31.976665
v -39.061497 -44.826668 -27.197346
v -40.061520 -42.311150 -25.912369
v -36.909523 -41.254570 -31.976665
v -40.061520 -42.311150 -25.912369
v -37.341854 -38.866020 -30.925743
v -37.082680 -28.454947 -19.586678
v -35.610962 -25.770636 -25.714558
v -38.185516 -28.960699 -19.729454
v -35.610962 -25.770636 -25.714558
v -37.082680 -28.454947 -19.586678
v -34.962914 -25.211340 -25.538521
v -38.819851 -54.683891 -19.045609
v -38.823395 -53.204323 -15.919773
v -39.684010 -52.983727 -16.178680
v -38.819851 -54.683891 -19.045609
v -37.579369 -55.117149 -19.048206
v -38.823395 -53.204323 -15.919773
v -38.823395 -53.204323 -15.919773
v -39.472095 -52.634026 -14.743404
v -39.684010 -52.983727 -16.178680
v -39.087353 -55.326134 -10.020302
v -39.472095 -52.634026 -14.743404
v -38.555607 -55.905861 -10.555202
v -38.823395 -53.204323 -15.919773
v -38.555607 -55.905861 -10.555202
v -39.472095 -52.634026 -14.743404
v -37.579369 -55.117149 -19.048206
v -37.693787 -60.591988 -16.460484
v -37.384674 -60.154640 -14.320324
v -37.384674 -60.154640 -14.320324
v -38.823395 -53.204323 -15.919773
v -37.579369 -55.117149 -19.048206
v -38.823395 -53.204323 -15.919773
v -37.384674 -60.154640 -14.320324
v -38.555607 -55.905861 -10.555202
v -38.101189 -54.858955 -19.721405
v -38.240707 -60.772881 -17.051414
v -37.579369 -55.117149 -19.048206
v -37.579369 -55.117149 -19.048206
v -38.240707 -60.772881 -17.051414
v -37.693787 -60.591988 -16.460484
v -38.963840 -46.803078 -25.182102
v -37.165203 -44.470299 -23.623428
v -39.061497 -44.826668 -27.197346
v -39.061497 -44.826668 -27.197346
v -37.165203 -44.470299 -23.623428
v -37.313686 -42.308601 -26.154758
v -25.570175 -25.396505 -18.633972
v -25.672247 -29.135534 -10.785900
v -25.007935 -29.956976 -11.335800
v -25.672247 -29.135534 -10.785900
v -25.570175 -25.396505 -18.633972
v -26.240623 -24.528509 -18.161743
v -35.835350 -24.560125 -17.326214
v -35.272720 -29.122854 -10.023396
v -34.370190 -28.428717 -9.673801
v -35.835350 -24.560125 -17.326214
v -34.370190 -28.428717 -9.673801
v -34.938904 -23.819845 -17.053589
v -35.387657 -21.600805 -20.921837
v -35.835350 -24.560125 -17.326214
v -34.938904 -23.819845 -17.053589
v -26.426229 -22.329504 -22.067234
v -26.240623 -24.528509 -18.161743
v -25.570175 -25.396505 -18.633972
v -36.004433 -36.678581 -5.923883
v -37.037525 -37.682365 -5.203871
v -36.737892 -37.531685 -5.192310
v -25.332205 -34.057915 -4.990711
v -25.303576 -37.997765 -6.521683
v -24.484892 -37.615303 -7.396221
v -24.484892 -37.615303 -7.396221
v -24.567791 -33.304970 -5.759672
v -25.332205 -34.057915 -4.990711
v -25.332205 -34.057915 -4.990711
v -24.567791 -33.304970 -5.759672
v -25.615025 -33.680367 -4.846584
v -24.567791 -33.304970 -5.759672
v -25.250921 -32.398781 -5.398920
v -25.615025 -33.680367 -4.846584
v -33.663906 -33.026176 -3.817492
v -34.832535 -32.470787 -4.447268
v -34.030094 -33.351021 -3.878647
v -34.832535 -32.470787 -4.447268
v -33.663906 -33.026176 -3.817492
v -33.945820 -31.692114 -4.287249
v -34.030094 -33.351021 -3.878647
v -36.004433 -36.678581 -5.923883
v -35.064716 -37.204048 -5.274036
v -36.004433 -36.678581 -5.923883
v -34.030094 -33.351021 -3.878647
v -34.832535 -32.470787 -4.447268
v -25.007935 -29.956976 -11.335800
v -25.250921 -32.398781 -5.398920
v -24.567791 -33.304970 -5.759672
v -25.250921 -32.398781 -5.398920
v -25.007935 -29.956976 -11.335800
v -25.672247 -29.135534 -10.785900
v -35.272720 -29.122854 -10.023396
v -34.832535 -32.470787 -4.447268
v -33.945820 -31.692114 -4.287249
v -35.272720 -29.122854 -10.023396
v -33.945820 -31.692114 -4.287249
v -34.370190 -28.428717 -9.673801
v -25.303576 -37.997765 -6.521683
v -23.737144 -38.588921 -6.854013
v -24.484892 -37.615303 -7.396221
v -35.064716 -37.204048 -5.274036
v -36.004433 -36.678581 -5.923883
v -36.737892 -37.531685 -5.192310
v -37.165203 -44.470299 -23.623428
v -35.875450 -32.499535 -21.617065
v -37.313686 -42.308601 -26.154758
v -35.875450 -32.499535 -21.617065
v -37.165203 -44.470299 -23.623428
v -35.266064 -33.412376 -16.272301
v -35.266064 -33.412376 -16.272301
v -37.165203 -44.470299 -23.623428
v -36.730148 -47.858818 -18.531498
v -39.916882 -44.452339 -23.424416
v -37.165203 -44.470299 -23.623428
v -38.963840 -46.803078 -25.182102
v -31.835920 -41.666771 -32.625446
v -31.350836 -43.019661 -32.218872
v -32.183590 -42.951653 -32.112713
v -31.350836 -43.019661 -32.218872
v -31.835920 -41.666771 -32.625446
v -30.859770 -41.746498 -32.749889
v -33.793537 -47.671471 -35.463970
v -34.798855 -47.711678 -35.589855
v -34.006977 -47.035713 -35.035648
v -34.798855 -47.711678 -35.589855
v -34.701420 -47.101295 -35.201160
v -34.006977 -47.035713 -35.035648
v -33.172741 -46.149818 -34.315308
v -31.350836 -43.019661 -32.218872
v -32.601311 -46.533455 -34.599022
v -31.350836 -43.019661 -32.218872
v -33.172741 -46.149818 -34.315308
v -32.183590 -42.951653 -32.112713
v -36.510197 -42.600060 -31.559441
v -35.934498 -41.334175 -32.100964
v -35.678947 -42.667915 -31.665409
v -35.934498 -41.334175 -32.100964
v -36.510197 -42.600060 -31.559441
v -36.909523 -41.254570 -31.976665
v -34.962914 -25.211340 -25.538521
v -33.442589 -21.661703 -24.170589
v -33.929867 -25.295691 -25.670216
v -33.442589 -21.661703 -24.170589
v -34.962914 -25.211340 -25.538521
v -34.356277 -20.679419 -23.675327
v -36.469296 -46.218956 -34.104641
v -36.510197 -42.600060 -31.559441
v -35.793224 -45.937157 -33.979954
v -35.793224 -45.937157 -33.979954
v -36.510197 -42.600060 -31.559441
v -35.678947 -42.667915 -31.665409
v -35.317204 -46.929375 -34.868011
v -36.469296 -46.218956 -34.104641
v -35.793224 -45.937157 -33.979954
v -36.469296 -46.218956 -34.104641
v -35.317204 -46.929375 -34.868011
v -35.727524 -47.514229 -35.216824
v -32.601311 -46.533455 -34.599022
v -34.006977 -47.035713 -35.035648
v -33.172741 -46.149818 -34.315308
v -34.006977 -47.035713 -35.035648
v -32.601311 -46.533455 -34.599022
v -33.793537 -47.671471 -35.463970
v -35.317204 -46.929375 -34.868011
v -34.798855 -47.711678 -35.589855
v -35.727524 -47.514229 -35.216824
v -34.798855 -47.711678 -35.589855
v -35.317204 -46.929375 -34.868011
v -34.701420 -47.101295 -35.201160
v -29.104496 -22.013723 -24.725712
v -28.559629 -25.732016 -26.356968
v -29.591768 -25.647757 -26.225391
v -27.952991 -21.200094 -24.493725
v -28.559629 -25.732016 -26.356968
v -29.104496 -22.013723 -24.725712
v -32.183590 -42.951653 -32.112713
v -32.390259 -39.548897 -35.913326
v -31.924225 -40.249306 -34.226044
v -32.183590 -42.951653 -32.112713
v -31.924225 -40.249306 -34.226044
v -31.835920 -41.666771 -32.625446
v -31.924225 -40.249306 -34.226044
v -31.020376 -39.379539 -31.734116
v -31.835920 -41.666771 -32.625446
v -31.020376 -39.379539 -31.734116
v -31.924225 -40.249306 -34.226044
v -31.178543 -38.280952 -33.678478
v -35.678947 -42.667915 -31.665409
v -36.022812 -39.916725 -33.701561
v -35.885620 -39.265175 -35.466030
v -36.022812 -39.916725 -33.701561
v -35.678947 -42.667915 -31.665409
v -35.934498 -41.334175 -32.100964
v -36.022812 -39.916725 -33.701561
v -35.934498 -41.334175 -32.100964
v -36.126789 -38.965202 -31.080639
v -36.126789 -38.965202 -31.080639
v -36.284962 -37.866615 -33.025013
v -36.022812 -39.916725 -33.701561
v -26.629673 -31.609320 5.803940
v -26.536169 -29.976110 5.491346
v -27.073593 -30.510397 5.137585
v -27.073593 -30.510397 5.137585
v -27.124331 -32.243935 5.931137
v -26.629673 -31.609320 5.803940
v -26.629673 -31.609320 5.803940
v -25.926752 -32.300087 5.660547
v -25.730743 -31.743673 6.100149
v -25.926752 -32.300087 5.660547
v -26.629673 -31.609320 5.803940
v -27.124331 -32.243935 5.931137
v -25.150805 -32.282341 5.253645
v -25.730743 -31.743673 6.100149
v -25.926752 -32.300087 5.660547
v -25.730743 -31.743673 6.100149
v -25.150805 -32.282341 5.253645
v -24.381145 -31.802496 5.582867
v -25.467871 -28.098166 -6.547709
v -26.133682 -25.329641 -7.838938
v -25.353491 -25.129522 -7.676779
v -26.133682 -25.329641 -7.838938
v -25.467871 -28.098166 -6.547709
v -26.248049 -28.298407 -6.709700
v -25.467871 -28.098166 -6.547709
v -24.381145 -31.802496 5.582867
v -25.150805 -32.282341 5.253645
v -25.150805 -32.282341 5.253645
v -26.248049 -28.298407 -6.709700
v -25.467871 -28.098166 -6.547709
v -26.752184 -23.435461 -20.549995
v -27.709782 -22.991812 -22.646141
v -26.959284 -22.705435 -23.012417
v -27.709782 -22.991812 -22.646141
v -26.752184 -23.435461 -20.549995
v -27.504307 -23.737875 -20.405903
v -29.564608 -29.728842 5.877409
v -29.658112 -31.362051 6.190004
v -29.224752 -30.334753 5.411812
v -29.255230 -32.069939 6.202784
v -29.224752 -30.334753 5.411812
v -29.658112 -31.362051 6.190004
v -30.475554 -31.928686 6.240425
v -29.658112 -31.362051 6.190004
v -30.464380 -31.357168 6.703594
v -29.658112 -31.362051 6.190004
v -30.475554 -31.928686 6.240425
v -29.255230 -32.069939 6.202784
v -30.464380 -31.357168 6.703594
v -31.315315 -31.778997 6.039497
v -30.475554 -31.928686 6.240425
v -31.315315 -31.778997 6.039497
v -30.464380 -31.357168 6.703594
v -31.891827 -31.189245 6.540327
v -31.891827 -31.189245 6.540327
v -33.285961 -27.459845 -5.551056
v -31.315315 -31.778997 6.039497
v -32.613087 -27.778692 -5.898283
v -31.315315 -31.778997 6.039497
v -33.285961 -27.459845 -5.551056
v -34.804882 -22.777990 -19.523430
v -34.341820 -22.450323 -21.800682
v -34.098804 -23.199438 -19.565243
v -34.341820 -22.450323 -21.800682
v -34.804882 -22.777990 -19.523430
v -35.104267 -22.040411 -21.974091
v -29.224752 -30.334753 5.411812
v -29.226084 -32.019249 5.440512
v -29.255285 -30.610296 4.801571
v -29.226084 -32.019249 5.440512
v -29.224752 -30.334753 5.411812
v -29.255230 -32.069939 6.202784
v -29.257177 -33.345192 4.495527
v -29.226084 -32.019249 5.440512
v -29.332706 -33.698952 5.062025
v -29.255230 -32.069939 6.202784
v -29.332706 -33.698952 5.062025
v -29.226084 -32.019249 5.440512
v -30.910921 -37.267281 -2.646589
v -31.476809 -35.261452 -8.350273
v -29.762218 -37.611336 -2.827244
v -29.762218 -37.611336 -2.827244
v -31.476809 -35.261452 -8.350273
v -30.329029 -35.605492 -8.530800
v -31.304180 -36.976479 -2.562962
v -31.870089 -34.970680 -8.266640
v -30.910921 -37.267281 -2.646589
v -30.910921 -37.267281 -2.646589
v -31.870089 -34.970680 -8.266640
v -31.476809 -35.261452 -8.350273
v -27.060404 -30.511480 5.135902
v -27.320887 -32.174812 5.197636
v -27.111141 -32.245003 5.929459
v -27.320887 -32.174812 5.197636
v -27.060404 -30.511480 5.135902
v -27.227325 -30.775900 4.543051
v -27.320887 -32.174812 5.197636
v -27.738398 -33.469200 4.301914
v -27.581520 -33.841927 4.838781
v -27.581520 -33.841927 4.838781
v -27.111141 -32.245003 5.929459
v -27.320887 -32.174812 5.197636
v -28.565037 -37.458809 -2.945642
v -30.322184 -35.606026 -8.531677
v -29.125912 -35.453377 -8.649963
v -30.322184 -35.606026 -8.531677
v -28.565037 -37.458809 -2.945642
v -29.762218 -37.611336 -2.827244
v -28.682993 -35.230904 -8.672930
v -28.122128 -37.236320 -2.968607
v -28.565037 -37.458809 -2.945642
v -28.565037 -37.458809 -2.945642
v -29.125912 -35.453377 -8.649963
v -28.682993 -35.230904 -8.672930
v -38.217072 -21.428305 -25.974228
v -38.079666 -22.403921 -24.306717
v -38.087074 -21.146170 -25.170406
v -38.079666 -22.403921 -24.306717
v -38.217072 -21.428305 -25.974228
v -38.207508 -23.053808 -24.858028
v -38.217072 -21.428305 -25.974228
v -37.979359 -19.629431 -25.296871
v -38.077869 -19.468206 -26.137657
v -37.979359 -19.629431 -25.296871
v -38.217072 -21.428305 -25.974228
v -38.087074 -21.146170 -25.170406
v -37.785378 -18.260138 -24.652222
v -38.077869 -19.468206 -26.137657
v -37.785378 -18.260138 -24.652222
v -37.827187 -17.698599 -25.304562
v -37.785378 -18.260138 -24.652222
v -37.557106 -17.405111 -23.409153
v -37.827187 -17.698599 -25.304562
v -37.532166 -16.593573 -23.698101
v -37.827187 -17.698599 -25.304562
v -37.557106 -17.405111 -23.409153
v -37.271904 -16.449591 -21.748817
v -37.557106 -17.405111 -23.409153
v -37.355717 -17.293631 -21.900856
v -37.557106 -17.405111 -23.409153
v -37.271904 -16.449591 -21.748817
v -37.532166 -16.593573 -23.698101
v -37.116127 -17.304846 -19.978977
v -37.355717 -17.293631 -21.900856
v -37.235176 -17.955404 -20.531403
v -37.355717 -17.293631 -21.900856
v -37.116127 -17.304846 -19.978977
v -37.271904 -16.449591 -21.748817
v -37.235176 -17.955404 -20.531403
v -37.106556 -18.930487 -18.862762
v -37.116127 -17.304846 -19.978977
v -37.106556 -18.930487 -18.862762
v -37.235176 -17.955404 -20.531403
v -37.227776 -19.213308 -19.667702
v -37.227776 -19.213308 -19.667702
v -37.335499 -20.730093 -19.541241
v -37.106556 -18.930487 -18.862762
v -37.245785 -20.890646 -18.699337
v -37.106556 -18.930487 -18.862762
v -37.335499 -20.730093 -19.541241
v -37.496456 -22.660116 -19.532421
v -37.245785 -20.890646 -18.699337
v -37.529472 -22.099234 -20.185860
v -37.529472 -22.099234 -20.185860
v -37.245785 -20.890646 -18.699337
v -37.335499 -20.730093 -19.541241
v -37.791466 -23.765081 -21.138889
v -37.529472 -22.099234 -20.185860
v -37.757763 -22.954306 -21.428978
v -37.529472 -22.099234 -20.185860
v -37.791466 -23.765081 -21.138889
v -37.496456 -22.660116 -19.532421
v -37.757763 -22.954306 -21.428978
v -38.051727 -23.909170 -23.088177
v -37.791466 -23.765081 -21.138889
v -38.051727 -23.909170 -23.088177
v -37.757763 -22.954306 -21.428978
v -37.959137 -23.065817 -22.937260
v -24.756338 -22.527349 -27.690189
v -24.627716 -23.502249 -26.021568
v -24.746769 -24.152853 -26.574001
v -24.627716 -23.502249 -26.021568
v -24.756338 -22.527349 -27.690189
v -24.635128 -22.244497 -26.885269
v -24.756338 -22.527349 -27.690189
v -24.527411 -20.727774 -27.011734
v -24.635128 -22.244497 -26.885269
v -24.527411 -20.727774 -27.011734
v -24.756338 -22.527349 -27.690189
v -24.617130 -20.567282 -27.853634
v -24.333418 -19.358480 -26.367077
v -24.527411 -20.727774 -27.011734
v -24.617130 -20.567282 -27.853634
v -24.617130 -20.567282 -27.853634
v -24.366436 -18.797674 -27.020538
v -24.333418 -19.358480 -26.367077
v -24.071415 -17.692663 -25.414074
v -24.333418 -19.358480 -26.367077
v -24.366436 -18.797674 -27.020538
v -24.333418 -19.358480 -26.367077
v -24.071415 -17.692663 -25.414074
v -24.105141 -18.503454 -25.124004
v -23.811169 -17.548635 -23.464794
v -24.105141 -18.503454 -25.124004
v -24.071415 -17.692663 -25.414074
v -24.105141 -18.503454 -25.124004
v -23.811169 -17.548635 -23.464794
v -23.903767 -18.391958 -23.615711
v -23.783213 -19.053732 -22.246262
v -23.645819 -20.029547 -20.578735
v -23.775824 -20.311651 -21.382561
v -23.645819 -20.029547 -20.578735
v -23.783213 -19.053732 -22.246262
v -23.655376 -18.403891 -21.694950
v -23.645819 -20.029547 -20.578735
v -23.785028 -21.989706 -20.415310
v -23.883535 -21.828421 -21.256096
v -23.645819 -20.029547 -20.578735
v -23.883535 -21.828421 -21.256096
v -23.775824 -20.311651 -21.382561
v -24.077509 -23.197592 -21.900715
v -23.785028 -21.989706 -20.415310
v -24.035704 -23.759192 -21.248394
v -23.785028 -21.989706 -20.415310
v -24.077509 -23.197592 -21.900715
v -23.883535 -21.828421 -21.256096
v -24.035704 -23.759192 -21.248394
v -24.330717 -24.864157 -22.854866
v -24.305796 -24.052649 -23.143833
v -24.035704 -23.759192 -21.248394
v -24.305796 -24.052649 -23.143833
v -24.077509 -23.197592 -21.900715
v -24.305796 -24.052649 -23.143833
v -24.590979 -25.008261 -24.804150
v -24.507175 -24.164160 -24.652115
v -24.590979 -25.008261 -24.804150
v -24.305796 -24.052649 -23.143833
v -24.330717 -24.864157 -22.854866
v -24.746769 -24.152853 -26.574001
v -24.507175 -24.164160 -24.652115
v -24.590979 -25.008261 -24.804150
v -24.507175 -24.164160 -24.652115
v -24.746769 -24.152853 -26.574001
v -24.627716 -23.502249 -26.021568
v -38.909248 -43.285683 -46.104546
v -37.675762 -46.340614 -49.499512
v -38.099621 -46.715721 -48.653419
v -37.675762 -46.340614 -49.499512
v -38.909248 -43.285683 -46.104546
v -38.455185 -42.081841 -48.840919
v -38.171791 -43.222847 -46.139229
v -37.899311 -46.143623 -48.231064
v -39.073601 -45.626839 -40.647709
v -38.909248 -43.285683 -46.104546
v -37.899311 -46.143623 -48.231064
v -38.171791 -43.222847 -46.139229
v -37.899311 -46.143623 -48.231064
v -38.909248 -43.285683 -46.104546
v -38.099621 -46.715721 -48.653419
v -32.694366 -43.793129 -46.896812
v -35.206451 -46.542229 -49.814293
v -33.617931 -42.476814 -49.457573
v -35.206451 -46.542229 -49.814293
v -32.694366 -43.793129 -46.896812
v -34.650585 -46.997307 -49.093102
v -33.397381 -43.612663 -46.747879
v -31.551022 -46.241020 -41.606697
v -34.645329 -46.409340 -48.645882
v -34.645329 -46.409340 -48.645882
v -32.694366 -43.793129 -46.896812
v -33.397381 -43.612663 -46.747879
v -34.650585 -46.997307 -49.093102
v -32.694366 -43.793129 -46.896812
v -34.645329 -46.409340 -48.645882
v -69.018585 -38.979942 -20.375401
v -36.597244 -46.887032 -17.089809
v -69.222481 -38.829765 -18.056583
v -36.832741 -46.737190 -14.461201
v -69.222481 -38.829765 -18.056583
v -36.597244 -46.887032 -17.089809
v -35.595993 -38.752434 -9.873859
v -68.174492 -32.063652 -14.169384
v -68.668816 -34.668266 -14.772442
v -35.595993 -38.752434 -9.873859
v -68.668816 -34.668266 -14.772442
v -36.156025 -41.699791 -10.549740
v -67.638687 -30.070959 -15.257092
v -35.595993 -38.752434 -9.873859
v -34.989067 -36.504250 -11.124771
v -35.595993 -38.752434 -9.873859
v -67.638687 -30.070959 -15.257092
v -68.174492 -32.063652 -14.169384
v -35.701065 -44.654778 -21.216927
v -68.291710 -37.169456 -23.722813
v -67.755905 -35.176704 -24.810501
v -67.755905 -35.176704 -24.810501
v -35.094147 -42.406593 -22.467846
v -35.701065 -44.654778 -21.216927
v -66.707916 -28.410620 -20.923313
v -34.080330 -36.529503 -20.108833
v -66.906258 -30.277945 -22.889454
v -34.080330 -36.529503 -20.108833
v -66.707916 -28.410620 -20.923313
v -33.857395 -34.421822 -17.880501
v -66.911812 -28.260412 -18.604492
v -33.857395 -34.421822 -17.880501
v -66.707916 -28.410620 -20.923313
v -33.857395 -34.421822 -17.880501
v -66.911812 -28.260412 -18.604492
v -34.092888 -34.271980 -15.251888
v -75.955460 -78.061470 -42.099792
v -75.910255 -76.057320 -43.139107
v -75.810463 -80.987740 -45.435745
v -72.012459 -43.806358 -37.718830
v -72.775085 -45.295891 -31.754772
v -71.661446 -38.800392 -29.286507
v -75.910255 -76.057320 -43.139107
v -75.955460 -78.061470 -42.099792
v -76.502213 -78.201576 -41.930794
v -76.502213 -78.201576 -41.930794
v -76.439011 -75.816689 -43.216888
v -75.910255 -76.057320 -43.139107
v -75.910255 -76.057320 -43.139107
v -76.356857 -81.255424 -45.866524
v -75.810463 -80.987740 -45.435745
v -76.356857 -81.255424 -45.866524
v -75.910255 -76.057320 -43.139107
v -76.439011 -75.816689 -43.216888
v -69.829559 -39.202751 -27.930965
v -69.696190 -36.944145 -24.502407
v -68.522240 -33.068535 -27.917282
v -71.265457 -40.070107 -15.637611
v -70.532143 -39.026375 -20.652679
v -71.350311 -43.076347 -21.107086
v -70.581047 -43.822060 -38.440624
v -70.258385 -47.368233 -39.448517
v -71.510635 -47.623436 -38.717644
v -71.510635 -47.623436 -38.717644
v -72.012459 -43.806358 -37.718830
v -70.581047 -43.822060 -38.440624
v -74.508125 -78.370247 -41.952530
v -75.177368 -81.122810 -45.371330
v -73.538345 -76.563362 -42.897758
v -65.035301 -45.294914 -37.008900
v -64.951355 -40.231941 -28.603756
v -66.104759 -46.718987 -31.076065
v -73.538345 -76.563362 -42.897758
v -74.108429 -78.712288 -41.687218
v -74.508125 -78.370247 -41.952530
v -74.108429 -78.712288 -41.687218
v -73.538345 -76.563362 -42.897758
v -72.953300 -76.560326 -42.862213
v -75.177368 -81.122810 -45.371330
v -72.953300 -76.560326 -42.862213
v -73.538345 -76.563362 -42.897758
v -74.713959 -81.605919 -45.699364
v -72.953300 -76.560326 -42.862213
v -75.177368 -81.122810 -45.371330
v -67.013237 -39.803596 -27.644402
v -65.705925 -33.669380 -27.630726
v -66.880554 -37.544823 -24.215916
v -68.449142 -40.670952 -15.351051
v -68.533974 -43.677193 -20.820526
v -67.716484 -39.627083 -20.366184
v -67.709763 -47.911980 -39.189198
v -65.035301 -45.294914 -37.008900
v -66.834015 -48.621162 -38.241802
v -65.035301 -45.294914 -37.008900
v -67.709763 -47.911980 -39.189198
v -66.182449 -44.760460 -37.993065
v -102.152519 -30.569586 -21.759136
v -69.764191 -38.423866 -18.038651
v -101.998894 -29.123205 -20.236179
v -69.596054 -36.785042 -16.254814
v -101.998894 -29.123205 -20.236179
v -69.764191 -38.423866 -18.038651
v -101.994576 -30.685934 -23.555290
v -69.561432 -38.497612 -20.185925
v -102.152519 -30.569586 -21.759136
v -69.764191 -38.423866 -18.038651
v -102.152519 -30.569586 -21.759136
v -69.561432 -38.497612 -20.185925
v -68.792213 -32.148537 -14.433411
v -101.340736 -25.328573 -18.748112
v -101.723640 -27.346090 -19.215233
v -68.792213 -32.148537 -14.433411
v -101.723640 -27.346090 -19.215233
v -69.239426 -34.482521 -14.932014
v -100.925713 -23.785009 -19.590637
v -68.792213 -32.148537 -14.433411
v -68.297546 -30.337652 -15.497925
v -68.792213 -32.148537 -14.433411
v -100.925713 -23.785009 -19.590637
v -101.340736 -25.328573 -18.748112
v -101.016502 -27.739935 -26.990730
v -67.877609 -32.504646 -24.168633
v -68.324829 -34.838631 -24.667213
v -67.877609 -32.504646 -24.168633
v -101.016502 -27.739935 -26.990730
v -100.633614 -25.722418 -26.523598
v -68.819496 -36.649559 -23.602695
v -101.431549 -29.283499 -26.148201
v -101.016502 -27.739935 -26.990730
v -101.016502 -27.739935 -26.990730
v -68.324829 -34.838631 -24.667213
v -68.819496 -36.649559 -23.602695
v -100.204735 -22.498907 -23.979706
v -67.520988 -30.202124 -22.845821
v -100.358360 -23.945349 -25.502666
v -67.520988 -30.202124 -22.845821
v -100.204735 -22.498907 -23.979706
v -67.352867 -28.563314 -21.061993
v -100.362686 -22.382574 -22.183537
v -67.352867 -28.563314 -21.061993
v -100.204735 -22.498907 -23.979706
v -67.352867 -28.563314 -21.061993
v -100.362686 -22.382574 -22.183537
v -67.555618 -28.489599 -18.914700
v -102.478394 -33.401878 -18.063049
v -103.537071 -32.663765 -17.626469
v -102.705307 -34.158394 -17.464897
v -103.537071 -32.663765 -17.626469
v -102.478394 -33.401878 -18.063049
v -103.220818 -32.065681 -18.206612
v -103.220818 -32.065681 -18.206612
v -102.693230 -27.717215 -15.547894
v -103.537071 -32.663765 -17.626469
v -102.693230 -27.717215 -15.547894
v -103.220818 -32.065681 -18.206612
v -102.466072 -27.641333 -16.347450
v -102.466072 -27.641333 -16.347450
v -101.463577 -27.424871 -15.504314
v -102.693230 -27.717215 -15.547894
v -101.570732 -27.476065 -14.604210
v -102.693230 -27.717215 -15.547894
v -101.463577 -27.424871 -15.504314
v -100.398209 -28.198355 -15.318390
v -101.463577 -27.424871 -15.504314
v -100.416695 -28.070898 -16.142563
v -101.463577 -27.424871 -15.504314
v -100.398209 -28.198355 -15.318390
v -101.570732 -27.476065 -14.604210
v -101.241943 -33.144478 -17.397118
v -100.398209 -28.198355 -15.318390
v -101.171349 -32.494926 -18.001850
v -100.398209 -28.198355 -15.318390
v -100.416695 -28.070898 -16.142563
v -101.171349 -32.494926 -18.001850
v -101.171349 -32.494926 -18.001850
v -102.478394 -33.401878 -18.063049
v -101.241943 -33.144478 -17.397118
v -102.705307 -34.158394 -17.464897
v -101.241943 -33.144478 -17.397118
v -102.478394 -33.401878 -18.063049
v -100.604446 -25.358953 -31.131866
v -99.632408 -26.312872 -31.169506
v -99.516808 -26.216208 -32.148727
v -99.632408 -26.312872 -31.169506
v -100.604446 -25.358953 -31.131866
v -100.603386 -25.545996 -30.260490
v -100.603386 -25.545996 -30.260490
v -100.013519 -21.042364 -27.888653
v -100.074837 -21.685049 -27.359650
v -100.013519 -21.042364 -27.888653
v -100.603386 -25.545996 -30.260490
v -100.604446 -25.358953 -31.131866
v -98.907547 -21.058096 -27.275471
v -100.074837 -21.685049 -27.359650
v -100.013519 -21.042364 -27.888653
v -100.013519 -21.042364 -27.888653
v -98.706406 -20.341314 -27.795128
v -98.907547 -21.058096 -27.275471
v -97.721306 -21.530462 -27.646301
v -98.907547 -21.058096 -27.275471
v -98.706406 -20.341314 -27.795128
v -98.907547 -21.058096 -27.275471
v -97.721306 -21.530462 -27.646301
v -98.027992 -22.120886 -27.143158
v -98.556541 -25.981726 -30.043617
v -97.721306 -21.530462 -27.646301
v -98.312248 -25.846960 -30.889030
v -97.721306 -21.530462 -27.646301
v -98.556541 -25.981726 -30.043617
v -98.027992 -22.120886 -27.143158
v -99.632408 -26.312872 -31.169506
v -98.312248 -25.846960 -30.889030
v -99.516808 -26.216208 -32.148727
v -98.312248 -25.846960 -30.889030
v -99.632408 -26.312872 -31.169506
v -98.556541 -25.981726 -30.043617
v 35.266064 -33.412376 -16.272301
v 35.875450 -32.499535 -21.617065
v 35.468311 -32.398857 -18.499435
v 36.730148 -47.858818 -18.531498
v 34.857037 -36.442619 -11.134518
v 35.130447 -41.061317 -10.336975
v 36.159161 -47.470741 -14.306164
v 34.866699 -38.126839 -10.135586
v -35.875450 -32.499535 -21.617065
v -35.266064 -33.412376 -16.272301
v -35.468311 -32.398857 -18.499435
v -36.730148 -47.858818 -18.531498
v -34.857037 -36.442619 -11.134518
v -35.130447 -41.061317 -10.336975
v -36.159161 -47.470741 -14.306164
v -34.866699 -38.126839 -10.135586
v 67.855804 -28.086706 -24.021385
v 67.961456 -26.288092 -19.211639
v 69.105362 -31.388510 -18.659977
v 68.497177 -27.306707 -16.082565
v 69.208542 -29.510427 -13.711857
v 69.208542 -29.510427 -13.711857
v 70.316628 -34.394508 -13.062328
v 67.961456 -26.288092 -19.211639
v 68.497177 -27.306707 -16.082565
v 65.039482 -28.687551 -23.734818
v 66.289772 -31.989187 -18.373493
v 65.145157 -26.888937 -18.925083
v 65.680855 -27.907553 -15.796005
v 66.392220 -30.111242 -13.425297
v 66.392220 -30.111242 -13.425297
v 67.500305 -34.995354 -12.775768
v 65.145157 -26.888937 -18.925083
v 65.680855 -27.907553 -15.796005
v -67.855804 -28.086706 -24.021385
v -69.105362 -31.388510 -18.659977
v -67.961456 -26.288092 -19.211639
v -68.497177 -27.306707 -16.082565
v -69.208542 -29.510427 -13.711857
v -69.208542 -29.510427 -13.711857
v -70.316628 -34.394508 -13.062328
v -67.961456 -26.288092 -19.211639
v -68.497177 -27.306707 -16.082565
v -65.039482 -28.687551 -23.734818
v -65.145157 -26.888937 -18.925083
v -66.289772 -31.989187 -18.373493
v -65.680855 -27.907553 -15.796005
v -66.392220 -30.111242 -13.425297
v -66.392220 -30.111242 -13.425297
v -67.500305 -34.995354 -12.775768
v -65.145157 -26.888937 -18.925083
v -65.680855 -27.907553 -15.796005
v 24.484892 -37.615303 -7.396221
v 24.040565 -34.564491 -14.025074
v 23.477798 -38.784996 -6.937000
v 24.979134 -33.906654 -13.622593
v 37.037525 -37.682365 -5.203871
v 37.600307 -33.461861 -12.291939
v 36.004433 -36.678581 -5.923883
v 36.498676 -32.969978 -12.150242
v 34.857037 -36.442619 -11.134518
v 38.041332 -33.186333 -15.917774
v 37.632336 -36.216347 -10.780365
v 35.266064 -33.412376 -16.272301
v 35.266064 -33.412376 -16.272301
v 38.243591 -32.172676 -18.145096
v 38.041332 -33.186333 -15.917774
v 35.468311 -32.398857 -18.499435
v 38.243591 -32.172676 -18.145096
v 35.875450 -32.499535 -21.617065
v 38.650780 -32.272926 -21.263264
v 35.468311 -32.398857 -18.499435
v 37.642014 -37.900612 -9.781410
v 34.857037 -36.442619 -11.134518
v 37.632336 -36.216347 -10.780365
v 34.866699 -38.126839 -10.135586
v 35.130447 -41.061317 -10.336975
v 37.642014 -37.900612 -9.781410
v 37.905743 -40.835030 -9.982803
v 34.866699 -38.126839 -10.135586
v 36.159161 -47.470741 -14.306164
v 37.905743 -40.835030 -9.982803
v 38.934464 -47.244530 -13.952015
v 35.130447 -41.061317 -10.336975
v 36.730148 -47.858818 -18.531498
v 36.159161 -47.470741 -14.306164
v 38.934464 -47.244530 -13.952015
v 39.505470 -47.632607 -18.177322
v 38.293919 -48.258415 -8.292780
v 31.867287 -51.060631 -10.448570
v 38.639565 -50.508430 -9.585659
v 31.518827 -48.810844 -9.156071
v 25.079374 -51.614067 -11.313427
v 31.518827 -48.810844 -9.156071
v 24.733738 -49.364113 -10.020573
v 31.867287 -51.060631 -10.448570
v 31.867287 -51.060631 -10.448570
v 38.825237 -53.658546 -9.032082
v 38.639565 -50.508430 -9.585659
v 32.054123 -54.209145 -9.897556
v 25.265486 -54.761116 -10.765209
v 32.054123 -54.209145 -9.897556
v 25.079374 -51.614067 -11.313427
v 31.867287 -51.060631 -10.448570
v 31.020376 -39.379539 -31.734116
v 31.835920 -41.666771 -32.625446
v 30.859770 -41.746498 -32.749889
v 29.804476 -39.478813 -31.889126
v 29.804476 -39.478813 -31.889126
v 29.288652 -26.284185 -26.523045
v 31.020376 -39.379539 -31.734116
v 28.073587 -26.383398 -26.677944
v 28.559629 -25.732016 -26.356968
v 29.288652 -26.284185 -26.523045
v 28.073587 -26.383398 -26.677944
v 29.591768 -25.647757 -26.225391
v 36.126789 -38.965202 -31.080639
v 36.909523 -41.254570 -31.976665
v 35.934498 -41.334175 -32.100964
v 37.341854 -38.866020 -30.925743
v 34.839825 -29.192724 -27.233742
v 35.610962 -25.770636 -25.714558
v 36.055515 -29.093466 -27.078762
v 34.395061 -25.869879 -25.869560
v 35.610962 -25.770636 -25.714558
v 34.395061 -25.869879 -25.869560
v 34.962914 -25.211340 -25.538521
v 33.929867 -25.295691 -25.670216
v 36.126789 -38.965202 -31.080639
v 36.055515 -29.093466 -27.078762
v 37.341854 -38.866020 -30.925743
v 34.839825 -29.192724 -27.233742
v 29.288652 -26.284185 -26.523045
v 31.178543 -38.280952 -33.678478
v 31.020376 -39.379539 -31.734116
v 29.446823 -25.185583 -28.467415
v 34.006977 -47.035713 -35.035648
v 34.237984 -43.428795 -39.157959
v 34.701420 -47.101295 -35.201160
v 34.932430 -43.494377 -39.323467
v 33.403755 -42.542885 -38.437618
v 32.183590 -42.951653 -32.112713
v 32.390259 -39.548897 -35.913326
v 33.172741 -46.149818 -34.315308
v 29.591768 -25.647757 -26.225391
v 29.446823 -25.185583 -28.467415
v 29.288652 -26.284185 -26.523045
v 29.749939 -24.549139 -28.169762
v 34.997986 -28.094122 -29.178108
v 34.395061 -25.869879 -25.869560
v 34.839825 -29.192724 -27.233742
v 34.553223 -24.771307 -27.813919
v 34.088036 -24.197104 -27.614586
v 33.442589 -21.661703 -24.170589
v 33.929867 -25.295691 -25.670216
v 33.600761 -20.563116 -26.114960
v 36.024231 -42.330208 -38.102276
v 35.678947 -42.667915 -31.665409
v 35.793224 -45.937157 -33.979954
v 35.885620 -39.265175 -35.466030
v 36.024231 -42.330208 -38.102276
v 35.317204 -46.929375 -34.868011
v 35.548214 -43.322456 -38.990330
v 35.793224 -45.937157 -33.979954
v 34.553223 -24.771307 -27.813919
v 33.929867 -25.295691 -25.670216
v 34.395061 -25.869879 -25.869560
v 34.088036 -24.197104 -27.614586
v 33.172741 -46.149818 -34.315308
v 34.237984 -43.428795 -39.157959
v 34.006977 -47.035713 -35.035648
v 33.403755 -42.542885 -38.437618
v 34.701420 -47.101295 -35.201160
v 35.548214 -43.322456 -38.990330
v 35.317204 -46.929375 -34.868011
v 34.932430 -43.494377 -39.323467
v 29.104496 -22.013723 -24.725712
v 29.749939 -24.549139 -28.169762
v 29.591768 -25.647757 -26.225391
v 29.262667 -20.915152 -26.670071
v 36.284962 -37.866615 -33.025013
v 34.839825 -29.192724 -27.233742
v 36.126789 -38.965202 -31.080639
v 34.997986 -28.094122 -29.178108
v 27.504307 -23.737875 -20.405903
v 27.054808 -21.956228 -17.902290
v 26.302605 -21.653708 -18.046040
v 26.752184 -23.435461 -20.549995
v 25.353491 -25.129522 -7.676779
v 26.302605 -21.653708 -18.046040
v 26.133682 -25.329641 -7.838938
v 27.054808 -21.956228 -17.902290
v 34.098804 -23.199438 -19.565243
v 34.325760 -20.998602 -17.023254
v 33.619732 -21.420218 -17.065399
v 34.804882 -22.777990 -19.523430
v 34.325760 -20.998602 -17.023254
v 33.202709 -24.488653 -6.676165
v 32.529850 -24.807394 -7.023558
v 33.619732 -21.420218 -17.065399
v 33.285961 -27.459845 -5.551056
v 32.529850 -24.807394 -7.023558
v 33.202709 -24.488653 -6.676165
v 32.613087 -27.778692 -5.898283
v 34.098804 -23.199438 -19.565243
v 32.529850 -24.807394 -7.023558
v 32.613087 -27.778692 -5.898283
v 33.619732 -21.420218 -17.065399
v 28.228773 -30.714025 4.783989
v 29.224752 -30.334753 5.411812
v 28.129204 -30.441290 5.390379
v 29.255285 -30.610296 4.801571
v 29.332706 -33.698952 5.062025
v 28.478821 -33.441231 4.569296
v 28.437193 -33.813560 5.134275
v 29.257177 -33.345192 4.495527
v 27.491125 -23.738958 -20.407585
v 26.120491 -25.330694 -7.840622
v 27.041620 -21.957312 -17.903973
v 26.234861 -28.299475 -6.711378
v 27.227325 -30.775900 4.543051
v 28.228773 -30.714025 4.783989
v 27.060404 -30.511480 5.135902
v 28.129204 -30.441290 5.390379
v 27.581520 -33.841927 4.838781
v 28.478821 -33.441231 4.569296
v 27.738398 -33.469200 4.301914
v 28.437193 -33.813560 5.134275
v 38.207508 -23.053808 -24.858028
v 37.959137 -23.065817 -22.937260
v 38.051727 -23.909170 -23.088177
v 38.079666 -22.403921 -24.306717
v 23.655376 -18.403891 -21.694950
v 23.903767 -18.391958 -23.615711
v 23.783213 -19.053732 -22.246262
v 23.811169 -17.548635 -23.464794
v 38.455185 -42.081841 -48.840919
v 37.675762 -46.340614 -49.499512
v 36.036247 -42.265114 -49.155846
v 36.441128 -46.440987 -49.657326
v 30.173498 -12.963339 -21.933804
v 34.151924 -10.726583 -24.339554
v 30.383972 -11.033117 -24.821175
v 33.939842 -12.656897 -21.452385
v 34.942863 -5.059011 -25.049152
v 30.037924 -5.457022 -25.678070
v 35.125088 -9.482244 -23.661236
v 30.221937 -9.880972 -24.287998
v 37.454445 -39.757790 -31.712463
v 34.171452 -40.279030 -35.799812
v 37.932896 -39.973030 -35.319035
v 33.694077 -40.063637 -32.193119
v 33.694077 -40.063637 -32.193119
v 35.730469 -27.483221 -26.031704
v 31.967743 -27.789312 -26.512661
v 37.454445 -39.757790 -31.712463
v 31.765701 -24.549841 -27.002617
v 35.730469 -27.483221 -26.031704
v 35.529720 -24.243643 -26.521481
v 31.967743 -27.789312 -26.512661
v 35.083843 -20.971640 -25.114250
v 31.765701 -24.549841 -27.002617
v 35.529720 -24.243643 -26.521481
v 31.319155 -21.277807 -25.595474
v 34.737156 -20.410742 -22.758495
v 31.319155 -21.277807 -25.595474
v 35.083843 -20.971640 -25.114250
v 30.973038 -20.716909 -23.239639
v 30.973038 -20.716909 -23.239639
v 33.948185 -14.793280 -20.158661
v 30.182976 -15.099539 -20.639961
v 34.737156 -20.410742 -22.758495
v 30.173498 -12.963339 -21.933804
v 33.948185 -14.793280 -20.158661
v 33.939842 -12.656897 -21.452385
v 30.182976 -15.099539 -20.639961
v 35.312370 -45.932671 -41.128510
v 37.899311 -46.143623 -48.231064
v 39.073601 -45.626839 -40.647709
v 36.272346 -46.275963 -48.439034
v 36.370792 -46.873924 -48.828293
v 37.675762 -46.340614 -49.499512
v 38.099621 -46.715721 -48.653419
v 36.441128 -46.440987 -49.657326
v 35.863476 -12.747961 -27.361309
v 35.519440 -18.471640 -30.112686
v 36.654415 -18.379400 -29.967617
v 34.728497 -12.840170 -27.506382
v 36.654415 -18.379400 -29.967617
v 35.664703 -20.239889 -30.124336
v 36.799683 -20.147665 -29.979286
v 35.519440 -18.471640 -30.112686
v 36.799683 -20.147665 -29.979286
v 37.137558 -30.726751 -34.977741
v 38.272552 -30.634527 -34.832672
v 35.664703 -20.239889 -30.124336
v 34.728497 -12.840170 -27.506382
v 35.503220 -12.174490 -24.907265
v 34.368206 -12.266638 -25.052250
v 35.863476 -12.747961 -27.361309
v 36.370792 -46.873924 -48.828293
v 37.899311 -46.143623 -48.231064
v 36.272346 -46.275963 -48.439034
v 38.099621 -46.715721 -48.653419
v 33.617931 -42.476814 -49.457573
v 36.036247 -42.265114 -49.155846
v 35.206451 -46.542229 -49.814293
v 36.441128 -46.440987 -49.657326
v 30.173498 -12.963339 -21.933804
v 30.383972 -11.033117 -24.821175
v 26.406994 -13.271948 -22.412670
v 26.615887 -11.341894 -25.300247
v 25.132463 -5.860006 -26.299786
v 30.221937 -9.880972 -24.287998
v 30.037924 -5.457022 -25.678070
v 25.318609 -10.282934 -24.911362
v 33.694077 -40.063637 -32.193119
v 29.933592 -40.371864 -32.671215
v 30.409878 -40.587318 -36.278072
v 34.171452 -40.279030 -35.799812
v 28.204870 -28.097677 -26.991070
v 29.933592 -40.371864 -32.671215
v 31.967743 -27.789312 -26.512661
v 33.694077 -40.063637 -32.193119
v 28.001539 -24.858313 -27.481174
v 31.967743 -27.789312 -26.512661
v 31.765701 -24.549841 -27.002617
v 28.204870 -28.097677 -26.991070
v 31.319155 -21.277807 -25.595474
v 27.554346 -21.586386 -26.074108
v 28.001539 -24.858313 -27.481174
v 31.765701 -24.549841 -27.002617
v 30.973038 -20.716909 -23.239639
v 27.208786 -21.025442 -23.718208
v 27.554346 -21.586386 -26.074108
v 31.319155 -21.277807 -25.595474
v 26.417620 -15.408148 -21.118660
v 27.208786 -21.025442 -23.718208
v 30.182976 -15.099539 -20.639961
v 30.973038 -20.716909 -23.239639
v 26.406994 -13.271948 -22.412670
v 30.182976 -15.099539 -20.639961
v 30.173498 -12.963339 -21.933804
v 26.417620 -15.408148 -21.118660
v 31.551022 -46.241020 -41.606697
v 34.645329 -46.409340 -48.645882
v 35.312370 -45.932671 -41.128510
v 36.272346 -46.275963 -48.439034
v 35.206451 -46.542229 -49.814293
v 36.370792 -46.873924 -48.828293
v 34.650585 -46.997307 -49.093102
v 36.441128 -46.440987 -49.657326
v 26.850000 -19.179907 -31.217484
v 27.191887 -13.455542 -28.467152
v 26.056883 -13.548681 -28.611454
v 27.985004 -19.086828 -31.073174
v 26.996445 -20.948126 -31.229000
v 27.985004 -19.086828 -31.073174
v 26.850000 -19.179907 -31.217484
v 28.131447 -20.854971 -31.084675
v 28.473400 -31.434637 -36.081871
v 28.131447 -20.854971 -31.084675
v 26.996445 -20.948126 -31.229000
v 29.608418 -31.341497 -35.937550
v 26.056883 -13.548681 -28.611454
v 26.832781 -12.881872 -26.012871
v 25.697781 -12.975103 -26.157261
v 27.191887 -13.455542 -28.467152
v 34.650585 -46.997307 -49.093102
v 36.272346 -46.275963 -48.439034
v 34.645329 -46.409340 -48.645882
v 36.370792 -46.873924 -48.828293
v 36.832741 -46.737190 -14.461201
v 69.222481 -38.829765 -18.056583
v 69.024155 -36.962425 -16.090466
v 36.609810 -44.629524 -12.232883
v 68.876152 -36.593803 -16.772026
v 36.609810 -44.629524 -12.232883
v 69.024155 -36.962425 -16.090466
v 36.441273 -44.209740 -13.009079
v 68.655144 -38.074638 -22.049099
v 36.597244 -46.887032 -17.089809
v 36.149158 -45.770912 -19.153370
v 69.018585 -38.979942 -20.375401
v 68.520798 -34.299614 -15.453983
v 36.156025 -41.699791 -10.549740
v 35.987480 -41.279930 -11.325874
v 68.668816 -34.668266 -14.772442
v 67.275253 -29.165747 -16.930828
v 34.989067 -36.504250 -11.124771
v 67.638687 -30.070959 -15.257092
v 34.540977 -35.388115 -13.188339
v 67.755905 -35.176704 -24.810501
v 34.534107 -39.459206 -21.791969
v 67.261589 -32.572090 -24.207466
v 35.094147 -42.406593 -22.467846
v 34.702660 -39.879036 -21.015804
v 67.409592 -32.940788 -23.525909
v 67.261589 -32.572090 -24.207466
v 34.534107 -39.459206 -21.791969
v 36.149158 -45.770912 -19.153370
v 68.291710 -37.169456 -23.722813
v 68.655144 -38.074638 -22.049099
v 35.701065 -44.654778 -21.216927
v 34.248871 -36.949303 -19.332611
v 66.906258 -30.277945 -22.889454
v 67.054253 -30.646582 -22.207878
v 34.080330 -36.529503 -20.108833
v 34.540977 -35.388115 -13.188339
v 67.275253 -29.165747 -16.930828
v 66.911812 -28.260412 -18.604492
v 34.092888 -34.271980 -15.251888
v 75.227394 -78.075798 -41.775742
v 75.477028 -80.995201 -45.443680
v 75.955460 -78.061470 -42.099792
v 75.810463 -80.987740 -45.435745
v 76.502213 -78.201576 -41.930794
v 75.383713 -78.746452 -41.645691
v 75.955460 -78.061470 -42.099792
v 75.227394 -78.075798 -41.775742
v 75.584023 -81.579231 -45.616646
v 75.810463 -80.987740 -45.435745
v 75.477028 -80.995201 -45.443680
v 76.356857 -81.255424 -45.866524
v 69.124313 -39.326714 -20.509415
v 71.350311 -43.076347 -21.107086
v 69.942139 -43.376762 -20.963810
v 70.532143 -39.026375 -20.652679
v 70.860176 -45.116982 -30.202774
v 68.421402 -39.503197 -27.787685
v 69.452019 -45.417427 -30.059502
v 69.829559 -39.202751 -27.930965
v 70.302284 -48.801262 -28.798187
v 70.860176 -45.116982 -30.202774
v 69.452019 -45.417427 -30.059502
v 71.710442 -48.500862 -28.941463
v 71.960663 -47.929466 -25.284233
v 69.942139 -43.376762 -20.963810
v 71.350311 -43.076347 -21.107086
v 70.552505 -48.229866 -25.140957
v 70.302284 -48.801262 -28.798187
v 70.552505 -48.229866 -25.140957
v 71.960663 -47.929466 -25.284233
v 71.710442 -48.500862 -28.941463
v 68.288383 -37.244484 -24.359161
v 68.421402 -39.503197 -27.787685
v 69.696190 -36.944145 -24.502407
v 69.829559 -39.202751 -27.930965
v 68.706360 -38.285637 -22.434280
v 69.696190 -36.944145 -24.502407
v 70.114166 -37.985268 -22.577522
v 68.288383 -37.244484 -24.359161
v 69.124313 -39.326714 -20.509415
v 70.114166 -37.985268 -22.577522
v 70.532143 -39.026375 -20.652679
v 68.706360 -38.285637 -22.434280
v 75.177368 -81.122810 -45.371330
v 75.227394 -78.075798 -41.775742
v 74.508125 -78.370247 -41.952530
v 75.477028 -80.995201 -45.443680
v 74.508125 -78.370247 -41.952530
v 75.383713 -78.746452 -41.645691
v 74.108429 -78.712288 -41.687218
v 75.227394 -78.075798 -41.775742
v 75.584023 -81.579231 -45.616646
v 75.177368 -81.122810 -45.371330
v 74.713959 -81.605919 -45.699364
v 75.477028 -80.995201 -45.443680
v 69.942139 -43.376762 -20.963810
v 67.716484 -39.627083 -20.366184
v 69.124313 -39.326714 -20.509415
v 68.533974 -43.677193 -20.820526
v 67.013237 -39.803596 -27.644402
v 69.452019 -45.417427 -30.059502
v 68.421402 -39.503197 -27.787685
v 68.043846 -45.717827 -29.916222
v 68.043846 -45.717827 -29.916222
v 68.894119 -49.101707 -28.654903
v 69.452019 -45.417427 -30.059502
v 70.302284 -48.801262 -28.798187
v 69.144341 -48.530312 -24.997673
v 68.533974 -43.677193 -20.820526
v 70.552505 -48.229866 -25.140957
v 69.942139 -43.376762 -20.963810
v 70.552505 -48.229866 -25.140957
v 68.894119 -49.101707 -28.654903
v 69.144341 -48.530312 -24.997673
v 70.302284 -48.801262 -28.798187
v 68.288383 -37.244484 -24.359161
v 67.013237 -39.803596 -27.644402
v 68.421402 -39.503197 -27.787685
v 66.880554 -37.544823 -24.215916
v 67.298531 -38.585991 -22.291031
v 68.288383 -37.244484 -24.359161
v 68.706360 -38.285637 -22.434280
v 66.880554 -37.544823 -24.215916
v 68.706360 -38.285637 -22.434280
v 69.124313 -39.326714 -20.509415
v 67.716484 -39.627083 -20.366184
v 67.298531 -38.585991 -22.291031
v 101.884247 -28.837622 -20.764099
v 69.596054 -36.785042 -16.254814
v 101.998894 -29.123205 -20.236179
v 69.456535 -36.437538 -16.897438
v 101.713058 -29.984716 -24.851730
v 69.561432 -38.497612 -20.185925
v 69.190460 -37.573570 -21.894329
v 101.994576 -30.685934 -23.555290
v 101.609009 -27.060553 -19.743172
v 69.239426 -34.482521 -14.932014
v 69.099884 -34.134956 -15.574570
v 101.723640 -27.346090 -19.215233
v 100.644196 -23.083838 -20.887119
v 68.297546 -30.337652 -15.497925
v 100.925713 -23.785009 -19.590637
v 67.926582 -29.413610 -17.206333
v 68.017166 -32.852242 -23.526054
v 100.748245 -26.007956 -25.995693
v 100.633614 -25.722418 -26.523598
v 67.877609 -32.504646 -24.168633
v 69.190460 -37.573570 -21.894329
v 101.431549 -29.283499 -26.148201
v 101.713058 -29.984716 -24.851730
v 68.819496 -36.649559 -23.602695
v 67.660515 -30.549643 -22.203201
v 100.358360 -23.945349 -25.502666
v 100.472992 -24.230886 -24.974754
v 67.520988 -30.202124 -22.845821
v 67.926582 -29.413610 -17.206333
v 100.644196 -23.083838 -20.887119
v 100.362686 -22.382574 -22.183537
v 67.555618 -28.489599 -18.914700
v -24.484892 -37.615303 -7.396221
v -24.040565 -34.564491 -14.025074
v -24.979134 -33.906654 -13.622593
v -23.477798 -38.784996 -6.937000
v -37.600307 -33.461861 -12.291939
v -37.037525 -37.682365 -5.203871
v -36.004433 -36.678581 -5.923883
v -36.498676 -32.969978 -12.150242
v -34.857037 -36.442619 -11.134518
v -37.632336 -36.216347 -10.780365
v -38.041332 -33.186333 -15.917774
v -35.266064 -33.412376 -16.272301
v -35.266064 -33.412376 -16.272301
v -38.041332 -33.186333 -15.917774
v -38.243591 -32.172676 -18.145096
v -35.468311 -32.398857 -18.499435
v -38.243591 -32.172676 -18.145096
v -35.875450 -32.499535 -21.617065
v -35.468311 -32.398857 -18.499435
v -38.650780 -32.272926 -21.263264
v -37.642014 -37.900612 -9.781410
v -34.857037 -36.442619 -11.134518
v -34.866699 -38.126839 -10.135586
v -37.632336 -36.216347 -10.780365
v -35.130447 -41.061317 -10.336975
v -37.905743 -40.835030 -9.982803
v -37.642014 -37.900612 -9.781410
v -34.866699 -38.126839 -10.135586
v -38.934464 -47.244530 -13.952015
v -37.905743 -40.835030 -9.982803
v -36.159161 -47.470741 -14.306164
v -35.130447 -41.061317 -10.336975
v -36.730148 -47.858818 -18.531498
v -38.934464 -47.244530 -13.952015
v -36.159161 -47.470741 -14.306164
v -39.505470 -47.632607 -18.177322
v -38.293919 -48.258415 -8.292780
v -31.867287 -51.060631 -10.448570
v -31.518827 -48.810844 -9.156071
v -38.639565 -50.508430 -9.585659
v -31.518827 -48.810844 -9.156071
v -25.079374 -51.614067 -11.313427
v -24.733738 -49.364113 -10.020573
v -31.867287 -51.060631 -10.448570
v -31.867287 -51.060631 -10.448570
v -38.639565 -50.508430 -9.585659
v -38.825237 -53.658546 -9.032082
v -32.054123 -54.209145 -9.897556
v -25.079374 -51.614067 -11.313427
v -31.867287 -51.060631 -10.448570
v -32.054123 -54.209145 -9.897556
v -25.265486 -54.761116 -10.765209
v -31.835920 -41.666771 -32.625446
v -31.020376 -39.379539 -31.734116
v -30.859770 -41.746498 -32.749889
v -29.804476 -39.478813 -31.889126
v -29.804476 -39.478813 -31.889126
v -29.288652 -26.284185 -26.523045
v -28.073587 -26.383398 -26.677944
v -31.020376 -39.379539 -31.734116
v -29.288652 -26.284185 -26.523045
v -28.559629 -25.732016 -26.356968
v -28.073587 -26.383398 -26.677944
v -29.591768 -25.647757 -26.225391
v -36.909523 -41.254570 -31.976665
v -36.126789 -38.965202 -31.080639
v -35.934498 -41.334175 -32.100964
v -37.341854 -38.866020 -30.925743
v -36.055515 -29.093466 -27.078762
v -35.610962 -25.770636 -25.714558
v -34.839825 -29.192724 -27.233742
v -34.395061 -25.869879 -25.869560
v -34.395061 -25.869879 -25.869560
v -35.610962 -25.770636 -25.714558
v -34.962914 -25.211340 -25.538521
v -33.929867 -25.295691 -25.670216
v -34.839825 -29.192724 -27.233742
v -36.126789 -38.965202 -31.080639
v -36.055515 -29.093466 -27.078762
v -37.341854 -38.866020 -30.925743
v -31.178543 -38.280952 -33.678478
v -29.288652 -26.284185 -26.523045
v -31.020376 -39.379539 -31.734116
v -29.446823 -25.185583 -28.467415
v -34.237984 -43.428795 -39.157959
v -34.006977 -47.035713 -35.035648
v -34.701420 -47.101295 -35.201160
v -34.932430 -43.494377 -39.323467
v -33.403755 -42.542885 -38.437618
v -32.183590 -42.951653 -32.112713
v -33.172741 -46.149818 -34.315308
v -32.390259 -39.548897 -35.913326
v -29.446823 -25.185583 -28.467415
v -29.591768 -25.647757 -26.225391
v -29.288652 -26.284185 -26.523045
v -29.749939 -24.549139 -28.169762
v -34.839825 -29.192724 -27.233742
v -34.395061 -25.869879 -25.869560
v -34.997986 -28.094122 -29.178108
v -34.553223 -24.771307 -27.813919
v -33.929867 -25.295691 -25.670216
v -33.442589 -21.661703 -24.170589
v -34.088036 -24.197104 -27.614586
v -33.600761 -20.563116 -26.114960
v -36.024231 -42.330208 -38.102276
v -35.793224 -45.937157 -33.979954
v -35.678947 -42.667915 -31.665409
v -35.885620 -39.265175 -35.466030
v -35.317204 -46.929375 -34.868011
v -36.024231 -42.330208 -38.102276
v -35.548214 -43.322456 -38.990330
v -35.793224 -45.937157 -33.979954
v -34.553223 -24.771307 -27.813919
v -34.395061 -25.869879 -25.869560
v -33.929867 -25.295691 -25.670216
v -34.088036 -24.197104 -27.614586
v -34.237984 -43.428795 -39.157959
v -33.172741 -46.149818 -34.315308
v -34.006977 -47.035713 -35.035648
v -33.403755 -42.542885 -38.437618
v -34.701420 -47.101295 -35.201160
v -35.548214 -43.322456 -38.990330
v -34.932430 -43.494377 -39.323467
v -35.317204 -46.929375 -34.868011
v -29.749939 -24.549139 -28.169762
v -29.104496 -22.013723 -24.725712
v -29.591768 -25.647757 -26.225391
v -29.262667 -20.915152 -26.670071
v -36.126789 -38.965202 -31.080639
v -34.839825 -29.192724 -27.233742
v -36.284962 -37.866615 -33.025013
v -34.997986 -28.094122 -29.178108
v -27.054808 -21.956228 -17.902290
v -27.504307 -23.737875 -20.405903
v -26.302605 -21.653708 -18.046040
v -26.752184 -23.435461 -20.549995
v -26.302605 -21.653708 -18.046040
v -25.353491 -25.129522 -7.676779
v -26.133682 -25.329641 -7.838938
v -27.054808 -21.956228 -17.902290
v -34.098804 -23.199438 -19.565243
v -33.619732 -21.420218 -17.065399
v -34.325760 -20.998602 -17.023254
v -34.804882 -22.777990 -19.523430
v -33.202709 -24.488653 -6.676165
v -34.325760 -20.998602 -17.023254
v -32.529850 -24.807394 -7.023558
v -33.619732 -21.420218 -17.065399
v -33.285961 -27.459845 -5.551056
v -32.529850 -24.807394 -7.023558
v -32.613087 -27.778692 -5.898283
v -33.202709 -24.488653 -6.676165
v -34.098804 -23.199438 -19.565243
v -32.529850 -24.807394 -7.023558
v -33.619732 -21.420218 -17.065399
v -32.613087 -27.778692 -5.898283
v -28.129204 -30.441290 5.390379
v -29.224752 -30.334753 5.411812
v -28.228773 -30.714025 4.783989
v -29.255285 -30.610296 4.801571
v -29.332706 -33.698952 5.062025
v -28.478821 -33.441231 4.569296
v -29.257177 -33.345192 4.495527
v -28.437193 -33.813560 5.134275
v -27.491125 -23.738958 -20.407585
v -26.120491 -25.330694 -7.840622
v -26.234861 -28.299475 -6.711378
v -27.041620 -21.957312 -17.903973
v -27.060404 -30.511480 5.135902
v -28.129204 -30.441290 5.390379
v -28.228773 -30.714025 4.783989
v -27.227325 -30.775900 4.543051
v -27.581520 -33.841927 4.838781
v -28.478821 -33.441231 4.569296
v -28.437193 -33.813560 5.134275
v -27.738398 -33.469200 4.301914
v -37.959137 -23.065817 -22.937260
v -38.207508 -23.053808 -24.858028
v -38.051727 -23.909170 -23.088177
v -38.079666 -22.403921 -24.306717
v -23.655376 -18.403891 -21.694950
v -23.903767 -18.391958 -23.615711
v -23.811169 -17.548635 -23.464794
v -23.783213 -19.053732 -22.246262
v -38.455185 -42.081841 -48.840919
v -36.036247 -42.265114 -49.155846
v -37.675762 -46.340614 -49.499512
v -36.441128 -46.440987 -49.657326
v -30.173498 -12.963339 -21.933804
v -34.151924 -10.726583 -24.339554
v -33.939842 -12.656897 -21.452385
v -30.383972 -11.033117 -24.821175
v -34.942863 -5.059011 -25.049152
v -35.125088 -9.482244 -23.661236
v -30.037924 -5.457022 -25.678070
v -30.221937 -9.880972 -24.287998
v -37.454445 -39.757790 -31.712463
v -34.171452 -40.279030 -35.799812
v -33.694077 -40.063637 -32.193119
v -37.932896 -39.973030 -35.319035
v -35.730469 -27.483221 -26.031704
v -33.694077 -40.063637 -32.193119
v -31.967743 -27.789312 -26.512661
v -37.454445 -39.757790 -31.712463
v -31.765701 -24.549841 -27.002617
v -35.529720 -24.243643 -26.521481
v -35.730469 -27.483221 -26.031704
v -31.967743 -27.789312 -26.512661
v -35.083843 -20.971640 -25.114250
v -31.765701 -24.549841 -27.002617
v -31.319155 -21.277807 -25.595474
v -35.529720 -24.243643 -26.521481
v -34.737156 -20.410742 -22.758495
v -31.319155 -21.277807 -25.595474
v -30.973038 -20.716909 -23.239639
v -35.083843 -20.971640 -25.114250
v -33.948185 -14.793280 -20.158661
v -30.973038 -20.716909 -23.239639
v -30.182976 -15.099539 -20.639961
v -34.737156 -20.410742 -22.758495
v -30.173498 -12.963339 -21.933804
v -33.939842 -12.656897 -21.452385
v -33.948185 -14.793280 -20.158661
v -30.182976 -15.099539 -20.639961
v -39.073601 -45.626839 -40.647709
v -37.899311 -46.143623 -48.231064
v -35.312370 -45.932671 -41.128510
v -36.272346 -46.275963 -48.439034
v -37.675762 -46.340614 -49.499512
v -36.370792 -46.873924 -48.828293
v -38.099621 -46.715721 -48.653419
v -36.441128 -46.440987 -49.657326
v -35.863476 -12.747961 -27.361309
v -35.519440 -18.471640 -30.112686
v -34.728497 -12.840170 -27.506382
v -36.654415 -18.379400 -29.967617
v -36.654415 -18.379400 -29.967617
v -35.664703 -20.239889 -30.124336
v -35.519440 -18.471640 -30.112686
v -36.799683 -20.147665 -29.979286
v -36.799683 -20.147665 -29.979286
v -37.137558 -30.726751 -34.977741
v -35.664703 -20.239889 -30.124336
v -38.272552 -30.634527 -34.832672
v -35.503220 -12.174490 -24.907265
v -34.728497 -12.840170 -27.506382
v -34.368206 -12.266638 -25.052250
v -35.863476 -12.747961 -27.361309
v -38.099621 -46.715721 -48.653419
v -36.370792 -46.873924 -48.828293
v -37.899311 -46.143623 -48.231064
v -36.272346 -46.275963 -48.439034
v -33.617931 -42.476814 -49.457573
v -35.206451 -46.542229 -49.814293
v -36.036247 -42.265114 -49.155846
v -36.441128 -46.440987 -49.657326
v -30.173498 -12.963339 -21.933804
v -26.406994 -13.271948 -22.412670
v -30.383972 -11.033117 -24.821175
v -26.615887 -11.341894 -25.300247
v -25.132463 -5.860006 -26.299786
v -30.221937 -9.880972 -24.287998
v -25.318609 -10.282934 -24.911362
v -30.037924 -5.457022 -25.678070
v -33.694077 -40.063637 -32.193119
v -30.409878 -40.587318 -36.278072
v -29.933592 -40.371864 -32.671215
v -34.171452 -40.279030 -35.799812
v -31.967743 -27.789312 -26.512661
v -29.933592 -40.371864 -32.671215
v -28.204870 -28.097677 -26.991070
v -33.694077 -40.063637 -32.193119
v -28.001539 -24.858313 -27.481174
v -31.967743 -27.789312 -26.512661
v -28.204870 -28.097677 -26.991070
v -31.765701 -24.549841 -27.002617
v -31.319155 -21.277807 -25.595474
v -28.001539 -24.858313 -27.481174
v -27.554346 -21.586386 -26.074108
v -31.765701 -24.549841 -27.002617
v -30.973038 -20.716909 -23.239639
v -27.554346 -21.586386 -26.074108
v -27.208786 -21.025442 -23.718208
v -31.319155 -21.277807 -25.595474
v -30.182976 -15.099539 -20.639961
v -27.208786 -21.025442 -23.718208
v -26.417620 -15.408148 -21.118660
v -30.973038 -20.716909 -23.239639
v -26.406994 -13.271948 -22.412670
v -30.182976 -15.099539 -20.639961
v -26.417620 -15.408148 -21.118660
v -30.173498 -12.963339 -21.933804
v -35.312370 -45.932671 -41.128510
v -34.645329 -46.409340 -48.645882
v -31.551022 -46.241020 -41.606697
v -36.272346 -46.275963 -48.439034
v -36.370792 -46.873924 -48.828293
v -35.206451 -46.542229 -49.814293
v -34.650585 -46.997307 -49.093102
v -36.441128 -46.440987 -49.657326
v -26.850000 -19.179907 -31.217484
v -26.056883 -13.548681 -28.611454
v -27.191887 -13.455542 -28.467152
v -27.985004 -19.086828 -31.073174
v -26.996445 -20.948126 -31.229000
v -26.850000 -19.179907 -31.217484
v -27.985004 -19.086828 -31.073174
v -28.131447 -20.854971 -31.084675
v -28.473400 -31.434637 -36.081871
v -26.996445 -20.948126 -31.229000
v -28.131447 -20.854971 -31.084675
v -29.608418 -31.341497 -35.937550
v -26.056883 -13.548681 -28.611454
v -25.697781 -12.975103 -26.157261
v -26.832781 -12.881872 -26.012871
v -27.191887 -13.455542 -28.467152
v -36.272346 -46.275963 -48.439034
v -34.650585 -46.997307 -49.093102
v -34.645329 -46.409340 -48.645882
v -36.370792 -46.873924 -48.828293
v -69.222481 -38.829765 -18.056583
v -36.832741 -46.737190 -14.461201
v -69.024155 -36.962425 -16.090466
v -36.609810 -44.629524 -12.232883
v -68.876152 -36.593803 -16.772026
v -36.609810 -44.629524 -12.232883
v -36.441273 -44.209740 -13.009079
v -69.024155 -36.962425 -16.090466
v -68.655144 -38.074638 -22.049099
v -36.597244 -46.887032 -17.089809
v -69.018585 -38.979942 -20.375401
v -36.149158 -45.770912 -19.153370
v -68.520798 -34.299614 -15.453983
v -36.156025 -41.699791 -10.549740
v -68.668816 -34.668266 -14.772442
v -35.987480 -41.279930 -11.325874
v -67.275253 -29.165747 -16.930828
v -34.989067 -36.504250 -11.124771
v -34.540977 -35.388115 -13.188339
v -67.638687 -30.070959 -15.257092
v -67.755905 -35.176704 -24.810501
v -34.534107 -39.459206 -21.791969
v -35.094147 -42.406593 -22.467846
v -67.261589 -32.572090 -24.207466
v -34.702660 -39.879036 -21.015804
v -67.261589 -32.572090 -24.207466
v -67.409592 -32.940788 -23.525909
v -34.534107 -39.459206 -21.791969
v -36.149158 -45.770912 -19.153370
v -68.655144 -38.074638 -22.049099
v -68.291710 -37.169456 -23.722813
v -35.701065 -44.654778 -21.216927
v -34.248871 -36.949303 -19.332611
v -67.054253 -30.646582 -22.207878
v -66.906258 -30.277945 -22.889454
v -34.080330 -36.529503 -20.108833
v -34.540977 -35.388115 -13.188339
v -66.911812 -28.260412 -18.604492
v -67.275253 -29.165747 -16.930828
v -34.092888 -34.271980 -15.251888
v -75.955460 -78.061470 -42.099792
v -75.477028 -80.995201 -45.443680
v -75.227394 -78.075798 -41.775742
v -75.810463 -80.987740 -45.435745
v -75.383713 -78.746452 -41.645691
v -76.502213 -78.201576 -41.930794
v -75.955460 -78.061470 -42.099792
v -75.227394 -78.075798 -41.775742
v -75.810463 -80.987740 -45.435745
v -75.584023 -81.579231 -45.616646
v -75.477028 -80.995201 -45.443680
v -76.356857 -81.255424 -45.866524
v -69.124313 -39.326714 -20.509415
v -71.350311 -43.076347 -21.107086
v -70.532143 -39.026375 -20.652679
v -69.942139 -43.376762 -20.963810
v -69.829559 -39.202751 -27.930965
v -70.860176 -45.116982 -30.202774
v -68.421402 -39.503197 -27.787685
v -69.452019 -45.417427 -30.059502
v -70.860176 -45.116982 -30.202774
v -70.302284 -48.801262 -28.798187
v -69.452019 -45.417427 -30.059502
v -71.710442 -48.500862 -28.941463
v -71.960663 -47.929466 -25.284233
v -69.942139 -43.376762 -20.963810
v -70.552505 -48.229866 -25.140957
v -71.350311 -43.076347 -21.107086
v -70.552505 -48.229866 -25.140957
v -70.302284 -48.801262 -28.798187
v -71.960663 -47.929466 -25.284233
v -71.710442 -48.500862 -28.941463
v -69.696190 -36.944145 -24.502407
v -68.421402 -39.503197 -27.787685
v -68.288383 -37.244484 -24.359161
v -69.829559 -39.202751 -27.930965
v -69.696190 -36.944145 -24.502407
v -68.706360 -38.285637 -22.434280
v -70.114166 -37.985268 -22.577522
v -68.288383 -37.244484 -24.359161
v -70.114166 -37.985268 -22.577522
v -69.124313 -39.326714 -20.509415
v -70.532143 -39.026375 -20.652679
v -68.706360 -38.285637 -22.434280
v -75.227394 -78.075798 -41.775742
v -75.177368 -81.122810 -45.371330
v -74.508125 -78.370247 -41.952530
v -75.477028 -80.995201 -45.443680
v -75.227394 -78.075798 -41.775742
v -74.508125 -78.370247 -41.952530
v -75.383713 -78.746452 -41.645691
v -74.108429 -78.712288 -41.687218
v -75.477028 -80.995201 -45.443680
v -75.584023 -81.579231 -45.616646
v -75.177368 -81.122810 -45.371330
v -74.713959 -81.605919 -45.699364
v -69.942139 -43.376762 -20.963810
v -67.716484 -39.627083 -20.366184
v -68.533974 -43.677193 -20.820526
v -69.124313 -39.326714 -20.509415
v -67.013237 -39.803596 -27.644402
v -69.452019 -45.417427 -30.059502
v -68.043846 -45.717827 -29.916222
v -68.421402 -39.503197 -27.787685
v -69.452019 -45.417427 -30.059502
v -68.894119 -49.101707 -28.654903
v -68.043846 -45.717827 -29.916222
v -70.302284 -48.801262 -28.798187
v -68.533974 -43.677193 -20.820526
v -70.552505 -48.229866 -25.140957
v -69.942139 -43.376762 -20.963810
v -69.144341 -48.530312 -24.997673
v -70.552505 -48.229866 -25.140957
v -68.894119 -49.101707 -28.654903
v -70.302284 -48.801262 -28.798187
v -69.144341 -48.530312 -24.997673
v -68.288383 -37.244484 -24.359161
v -67.013237 -39.803596 -27.644402
v -66.880554 -37.544823 -24.215916
v -68.421402 -39.503197 -27.787685
v -68.706360 -38.285637 -22.434280
v -68.288383 -37.244484 -24.359161
v -67.298531 -38.585991 -22.291031
v -66.880554 -37.544823 -24.215916
v -68.706360 -38.285637 -22.434280
v -67.716484 -39.627083 -20.366184
v -69.124313 -39.326714 -20.509415
v -67.298531 -38.585991 -22.291031
v -101.884247 -28.837622 -20.764099
v -69.596054 -36.785042 -16.254814
v -69.456535 -36.437538 -16.897438
v -101.998894 -29.123205 -20.236179
v -101.713058 -29.984716 -24.851730
v -69.561432 -38.497612 -20.185925
v -101.994576 -30.685934 -23.555290
v -69.190460 -37.573570 -21.894329
v -101.609009 -27.060553 -19.743172
v -69.239426 -34.482521 -14.932014
v -101.723640 -27.346090 -19.215233
v -69.099884 -34.134956 -15.574570
v -100.644196 -23.083838 -20.887119
v -68.297546 -30.337652 -15.497925
v -67.926582 -29.413610 -17.206333
v -100.925713 -23.785009 -19.590637
v -68.017166 -32.852242 -23.526054
v -100.633614 -25.722418 -26.523598
v -100.748245 -26.007956 -25.995693
v -67.877609 -32.504646 -24.168633
v -69.190460 -37.573570 -21.894329
v -101.713058 -29.984716 -24.851730
v -101.431549 -29.283499 -26.148201
v -68.819496 -36.649559 -23.602695
v -67.660515 -30.549643 -22.203201
v -100.472992 -24.230886 -24.974754
v -100.358360 -23.945349 -25.502666
v -67.520988 -30.202124 -22.845821
v -67.926582 -29.413610 -17.206333
v -100.362686 -22.382574 -22.183537
v -100.644196 -23.083838 -20.887119
v -67.555618 -28.489599 -18.914700
v 25.562672 -29.393728 -21.054386
v 25.570175 -25.396505 -18.633972
v 26.426229 -22.329504 -22.067234
v 28.559629 -25.732016 -26.356968
v 27.952991 -21.200094 -24.493725
v 39.061497 -44.826668 -27.197346
v 40.061520 -42.311150 -25.912369
v 37.313686 -42.308601 -26.154758
v 38.650780 -32.272926 -21.263264
v 35.875450 -32.499535 -21.617065
v 30.359867 -8.404104 -26.340572
v 30.384232 -7.688955 -26.986164
v 31.572794 -8.474920 -25.895782
v 32.043823 -7.785742 -26.377590
v 32.415249 -8.869284 -24.996464
v 33.196529 -8.325399 -25.147068
v 32.661499 -9.481558 -23.883595
v 33.533455 -9.163244 -23.624367
v 32.245552 -10.147757 -22.855358
v 32.964321 -10.074713 -22.217468
v 31.641642 -10.815634 -21.303360
v 31.278860 -10.689276 -22.187267
v 29.919832 -11.187475 -21.126965
v 30.020456 -10.961065 -22.058361
v 28.807535 -10.890249 -22.503147
v 28.260216 -11.090536 -21.735558
v 27.965076 -10.495825 -23.402470
v 27.107523 -10.550924 -22.966053
v 26.770601 -9.713186 -24.488758
v 27.718832 -9.883520 -24.515335
v 27.339724 -8.801687 -25.895649
v 28.134789 -9.217398 -25.543583
v 28.662420 -8.060781 -26.809776
v 29.101473 -8.675772 -26.211655
v 30.384232 -7.688955 -26.986164
v 30.359867 -8.404104 -26.340572
v 33.869801 -24.577078 -22.157604
v 34.341820 -22.450323 -21.800682
v 34.098804 -23.199438 -19.565243
v 32.279049 -30.918295 -7.003201
v 32.613087 -27.778692 -5.898283
v 31.304180 -36.976479 -2.562962
v 31.921381 -35.014778 -8.274467
v 31.044659 -34.529854 4.238501
v 31.315315 -31.778997 6.039497
v 35.503220 -12.174490 -24.907265
v 35.863476 -12.747961 -27.361309
v 35.286888 -10.634268 -24.194443
v 34.942863 -5.059011 -25.049152
v 35.125088 -9.482244 -23.661236
v 37.137558 -30.726751 -34.977741
v 37.932896 -39.973030 -35.319035
v 37.444595 -34.436531 -38.291309
v 38.271523 -41.651497 -36.900974
v 37.735489 -37.951027 -41.430458
v 38.592361 -43.241661 -38.399693
v 39.073601 -45.626839 -40.647709
v 38.171791 -43.222847 -46.139229
v 37.624748 -35.629539 -44.995674
v 37.599861 -35.988503 -46.019493
v 36.887817 -35.276360 -45.747124
v 37.054451 -31.114202 -42.898819
v 36.246483 -30.708853 -43.632080
v 36.744530 -29.895208 -43.198059
v 33.893406 -9.584005 -33.793331
v 34.292072 -10.960440 -33.558960
v 33.431713 -10.662405 -34.349297
v 35.156219 -17.115438 -36.409576
v 34.286835 -16.752447 -37.169384
v 35.033859 -17.708502 -37.555233
v 25.132463 -5.860006 -26.299786
v 30.037924 -5.457022 -25.678070
v 30.394596 -3.556997 -29.692947
v 28.075403 -3.162710 -31.256031
v 30.506678 -2.959890 -30.954533
v 30.409878 -40.587318 -36.278072
v 29.608418 -31.341497 -35.937550
v 30.733267 -34.984505 -39.146873
v 30.748659 -42.265709 -37.859993
v 31.798908 -38.435753 -42.187263
v 31.069607 -43.855888 -39.358692
v 33.397381 -43.612663 -46.747879
v 31.551022 -46.241020 -41.606697
v 31.551022 -46.241020 -41.606697
v 35.312370 -45.932671 -41.128510
v 34.831043 -43.547523 -38.880463
v 31.069607 -43.855888 -39.358692
v 34.510166 -41.957466 -37.381790
v 30.748659 -42.265709 -37.859993
v 34.171452 -40.279030 -35.799812
v 30.409878 -40.587318 -36.278072
v 29.036751 -9.980597 -34.412460
v 29.788483 -10.959860 -34.813740
v 28.817251 -11.407446 -34.256893
v 30.646793 -17.049673 -37.633419
v 29.684938 -17.562155 -37.107059
v 30.182034 -18.104635 -38.173744
v 31.899977 -30.290777 -43.815643
v 32.613766 -31.005453 -44.095177
v 31.723961 -31.549459 -43.578354
v 33.257519 -35.572777 -46.209923
v 32.422684 -36.054268 -45.658829
v 32.758957 -36.383766 -46.636612
v 36.441273 -44.209740 -13.009079
v 68.876152 -36.593803 -16.772026
v 36.214367 -42.744835 -12.167511
v 68.698486 -35.446724 -16.112984
v 35.987480 -41.279930 -11.325874
v 68.520798 -34.299614 -15.453983
v 67.409592 -32.940788 -23.525909
v 34.702660 -39.879036 -21.015804
v 34.475765 -38.414177 -20.174202
v 67.231911 -31.793676 -22.866913
v 34.248871 -36.949303 -19.332611
v 67.054253 -30.646582 -22.207878
v 63.373596 -4.194937 -3.364790
v 65.242065 -12.480215 -2.373602
v 65.261215 -4.631399 -4.401344
v 67.554375 -12.340063 -3.376919
v 65.618797 -4.958364 -4.922705
v 67.929367 -12.466604 -3.856844
v 66.919029 -17.030005 -19.972225
v 69.791412 -22.472769 -12.300858
v 70.252075 -23.953695 -12.981449
v 68.121178 -19.904791 -23.827782
v 69.611252 -24.173559 -19.155041
v 70.242561 -25.386038 -15.384392
v 69.488922 -26.279211 -24.786160
v 68.658043 -23.006277 -28.017128
v 68.932022 -26.310904 -31.888874
v 70.246384 -32.046883 -29.290180
v 70.252075 -23.953695 -12.981449
v 69.548820 -22.779425 -11.823765
v 68.257172 -23.135870 -10.910770
v 67.970200 -13.872656 -4.323013
v 67.875572 -22.744741 -10.375618
v 67.656227 -13.473577 -3.646580
v 65.446312 -13.637716 -2.793371
v 66.687492 -22.935293 -10.089752
v 71.170761 -28.234320 -10.543659
v 72.384254 -33.813713 -11.623165
v 71.092247 -28.039526 -12.447178
v 70.252075 -23.953695 -12.981449
v 70.242561 -25.386038 -15.384392
v 75.699928 -84.349419 -50.285980
v 75.273186 -82.593193 -50.797539
v 76.070129 -83.797249 -50.180893
v 75.945335 -79.556541 -49.998444
v 76.700211 -79.960686 -49.128288
v 75.841293 -74.598961 -47.319672
v 74.991615 -74.158562 -48.229256
v 71.510635 -47.623436 -38.717644
v 70.258385 -47.368233 -39.448517
v 67.672577 -46.964592 -18.235672
v 66.821922 -41.862221 -13.944477
v 66.904953 -45.136696 -20.017651
v 68.151527 -51.074043 -24.035568
v 67.564407 -50.383675 -24.660782
v 68.115082 -52.493568 -26.574818
v 67.233040 -51.130394 -29.432320
v 72.953300 -76.560326 -42.862213
v 66.659966 -49.863060 -32.882874
v 66.104759 -46.718987 -31.076065
v 65.035301 -45.294914 -37.008900
v 66.834015 -48.621162 -38.241802
v 74.108429 -78.712288 -41.687218
v 72.340439 -75.741798 -45.088890
v 66.834015 -48.621162 -38.241802
v 72.204933 -75.374763 -46.949677
v 74.309601 -81.573082 -46.002968
v 74.713959 -81.605919 -45.699364
v 73.454620 -81.200539 -47.356972
v 73.255081 -80.695686 -48.777748
v 75.130035 -83.037453 -47.240425
v 75.584023 -81.579231 -45.616646
v 75.816597 -83.487007 -47.331093
v 75.107857 -83.553490 -48.587143
v 75.166016 -83.990150 -50.088890
v 75.782990 -83.966835 -48.667374
v 75.699928 -84.349419 -50.285980
v 74.043739 -75.089348 -35.908661
v 75.383713 -78.746452 -41.645691
v 75.228546 -75.262779 -35.866257
v 70.633553 -53.755211 -23.635620
v 68.151527 -51.074043 -24.035568
v 72.034119 -54.271461 -23.247368
v 75.228546 -75.262779 -35.866257
v 69.912544 -48.242409 -16.422089
v 67.672577 -46.964592 -18.235672
v 71.552994 -48.407799 -15.681156
v 66.821922 -41.862221 -13.944477
v 70.706192 -41.549950 -9.624332
v 69.041779 -41.689354 -10.739952
v 65.694153 -35.240974 -10.942451
v 69.653587 -35.672234 -7.645208
v 67.966461 -35.724815 -8.582582
v 64.732582 -29.607870 -9.888573
v 68.322868 -29.156546 -7.061758
v 66.645309 -29.181082 -7.690413
v 65.206741 -23.786642 -10.600388
v 63.354343 -25.425283 -12.279598
v 66.687492 -22.935293 -10.089752
v 65.493042 -23.253027 -10.133194
v 68.449142 -40.670952 -15.351051
v 67.500305 -34.995354 -12.775768
v 67.716484 -39.627083 -20.366184
v 66.289772 -31.989187 -18.373493
v 67.298531 -38.585991 -22.291031
v 69.456535 -36.437538 -16.897438
v 101.884247 -28.837622 -20.764099
v 69.278198 -35.286247 -16.236023
v 101.746635 -27.949087 -20.253624
v 69.099884 -34.134956 -15.574570
v 101.609009 -27.060553 -19.743172
v 100.748245 -26.007956 -25.995693
v 68.017166 -32.852242 -23.526054
v 67.838837 -31.700949 -22.864624
v 100.610619 -25.119436 -25.485222
v 67.660515 -30.549643 -22.203201
v 100.472992 -24.230886 -24.974754
v -37.868649 -57.784111 -29.100765
v -37.206001 -54.951164 -25.717239
v -36.025539 -54.114204 -26.649181
v -36.688179 -56.947166 -30.032715
v -34.390099 -53.906136 -27.143703
v -35.052742 -56.739082 -30.527222
v -33.400551 -57.215599 -30.451813
v -32.737911 -54.382652 -27.068291
v -31.511663 -55.416100 -26.443157
v -32.174305 -58.249046 -29.826675
v -31.039936 -56.729591 -25.435810
v -31.702583 -59.562538 -28.819321
v -32.111767 -60.804070 -27.699669
v -31.449125 -57.971123 -24.316143
v -33.292244 -61.640999 -26.767727
v -32.629597 -58.808083 -23.384197
v -34.927677 -61.849068 -26.273220
v -34.265026 -59.016167 -22.889687
v -35.917225 -58.539635 -22.965092
v -36.579865 -61.372551 -26.348614
v -37.806114 -60.339104 -26.973759
v -37.143471 -57.506157 -23.590233
v -38.277832 -59.025658 -27.981110
v -37.615192 -56.192711 -24.597591
v -37.206001 -54.951164 -25.717239
v -37.868649 -57.784111 -29.100765
v -28.559629 -25.732016 -26.356968
v -27.952991 -21.200094 -24.493725
v -26.426229 -22.329504 -22.067234
v -25.562672 -29.393728 -21.054386
v -25.570175 -25.396505 -18.633972
v -37.600307 -33.461861 -12.291939
v -37.632336 -36.216347 -10.780365
v -37.642014 -37.900612 -9.781410
v -37.037525 -37.682365 -5.203871
v -37.905743 -40.835030 -9.982803
v -38.293919 -48.258415 -8.292780
v -38.934464 -47.244530 -13.952015
v -39.472095 -52.634026 -14.743404
v -38.639565 -50.508430 -9.585659
v -38.825237 -53.658546 -9.032082
v -39.087353 -55.326134 -10.020302
v -39.505470 -47.632607 -18.177322
v -39.684010 -52.983727 -16.178680
v -39.930531 -49.893105 -20.070057
v -39.802425 -45.633369 -21.777672
v -37.165203 -44.470299 -23.623428
v -39.916882 -44.452339 -23.424416
v -39.802425 -45.633369 -21.777672
v -36.730148 -47.858818 -18.531498
v -39.505470 -47.632607 -18.177322
v -30.384232 -7.688955 -26.986164
v -30.132498 -6.075766 -26.042919
v -28.410696 -6.447622 -25.866524
v -28.662420 -8.060781 -26.809776
v -27.088007 -7.188559 -24.952404
v -27.339724 -8.801687 -25.895649
v -26.518871 -8.099966 -23.545506
v -26.770601 -9.713186 -24.488758
v -27.107523 -10.550924 -22.966053
v -26.855793 -8.937796 -22.022800
v -28.260216 -11.090536 -21.735558
v -28.008497 -9.477484 -20.792301
v -29.668098 -9.574392 -20.183716
v -29.919832 -11.187475 -21.126965
v -31.641642 -10.815634 -21.303360
v -31.389923 -9.202551 -20.360111
v -32.964321 -10.074713 -22.217468
v -32.712589 -8.461584 -21.274227
v -33.533455 -9.163244 -23.624367
v -33.281734 -7.550177 -22.681110
v -32.944809 -6.712332 -24.203823
v -33.196529 -8.325399 -25.147068
v -31.792103 -6.172598 -25.434319
v -32.043823 -7.785742 -26.377590
v -30.384232 -7.688955 -26.986164
v -30.132498 -6.075766 -26.042919
v -30.831266 -11.424902 -28.106937
v -30.359867 -8.404104 -26.340572
v -29.101473 -8.675772 -26.211655
v -29.572872 -11.696646 -27.978024
v -28.134789 -9.217398 -25.543583
v -28.606180 -12.238119 -27.309944
v -27.718832 -9.883520 -24.515335
v -28.190237 -12.904333 -26.281712
v -28.436478 -13.516607 -25.168827
v -27.965076 -10.495825 -23.402470
v -29.278929 -13.911001 -24.269512
v -28.807535 -10.890249 -22.503147
v -30.020456 -10.961065 -22.058361
v -30.491852 -13.981756 -23.824722
v -31.750248 -13.710012 -23.953636
v -31.278860 -10.689276 -22.187267
v -32.716930 -13.168539 -24.621723
v -32.245552 -10.147757 -22.855358
v -33.132908 -12.502478 -25.649963
v -32.661499 -9.481558 -23.883595
v -32.415249 -8.869284 -24.996464
v -32.886650 -11.890097 -26.762833
v -31.572794 -8.474920 -25.895782
v -32.044205 -11.495703 -27.662140
v -30.831266 -11.424902 -28.106937
v -30.359867 -8.404104 -26.340572
v -30.031870 -6.302206 -25.111511
v -29.666828 -3.962912 -23.743649
v -28.408422 -4.234701 -23.614727
v -28.773468 -6.573904 -24.982597
v -27.441730 -4.776205 -22.946648
v -27.806789 -7.115454 -24.314518
v -27.025793 -5.442373 -21.918411
v -27.390839 -7.781668 -23.286278
v -27.637087 -8.393988 -22.173412
v -27.272032 -6.054647 -20.805534
v -28.479528 -8.788336 -21.274090
v -28.114491 -6.449057 -19.906227
v -29.327410 -6.519857 -19.461437
v -29.692455 -8.859152 -20.829311
v -30.950865 -8.587378 -20.958218
v -30.585817 -6.248159 -19.590351
v -31.917549 -8.045874 -21.626305
v -31.552494 -5.706564 -20.258430
v -32.333488 -7.379751 -22.654530
v -31.968456 -5.040457 -21.286671
v -31.722204 -4.428122 -22.399551
v -32.087257 -6.767447 -23.767414
v -30.879745 -4.033773 -23.298859
v -31.244804 -6.373007 -24.666729
v -30.031870 -6.302206 -25.111511
v -29.666828 -3.962912 -23.743649
v -28.228773 -30.714025 4.783989
v -29.255285 -30.610296 4.801571
v -29.226084 -32.019249 5.440512
v -28.263243 -32.131264 5.421286
v -29.257177 -33.345192 4.495527
v -28.478821 -33.441231 4.569296
v -28.575933 -25.009329 -22.832470
v -27.696592 -22.992895 -22.647827
v -27.491125 -23.738958 -20.407585
v -27.330526 -31.322332 -7.634035
v -26.234861 -28.299475 -6.711378
v -28.122128 -37.236320 -2.968607
v -28.642996 -35.282494 -8.692396
v -26.284195 -34.918541 3.631634
v -25.137621 -32.283440 5.251966
v -24.912313 -24.146536 -20.601334
v -30.740513 -23.656942 -19.903347
v -25.262482 -25.458105 -22.508183
v -31.090687 -24.968466 -21.810204
v -25.571409 -25.629110 -24.821999
v -31.399609 -25.139425 -24.124001
v -31.584526 -24.124136 -26.224846
v -25.756323 -24.613760 -26.922802
v -25.767685 -22.684317 -28.247738
v -31.595892 -22.194677 -27.549759
v -25.602438 -20.357580 -28.441719
v -31.430637 -19.867941 -27.743767
v -31.133072 -17.767431 -26.754852
v -25.304861 -18.257040 -27.452816
v -30.782909 -16.455984 -24.848019
v -24.954697 -16.945562 -25.545990
v -30.473980 -16.284964 -22.534206
v -24.645767 -16.774496 -23.232182
v -24.460855 -17.789801 -21.131367
v -30.289059 -17.300177 -20.433384
v -30.277700 -19.229712 -19.108444
v -24.449493 -19.719336 -19.806423
v -30.442955 -21.556494 -18.914467
v -24.614737 -22.045980 -19.612442
v -24.912313 -24.146536 -20.601334
v -30.740513 -23.656942 -19.903347
v -37.932896 -39.973030 -35.319035
v -37.137558 -30.726751 -34.977741
v -37.444595 -34.436531 -38.291309
v -38.271523 -41.651497 -36.900974
v -37.735489 -37.951027 -41.430458
v -38.592361 -43.241661 -38.399693
v -39.073601 -45.626839 -40.647709
v -38.171791 -43.222847 -46.139229
v -36.744530 -29.895208 -43.198059
v -36.246483 -30.708853 -43.632080
v -37.054451 -31.114202 -42.898819
v -36.887817 -35.276360 -45.747124
v -37.624748 -35.629539 -44.995674
v -37.599861 -35.988503 -46.019493
v -30.506678 -2.959890 -30.954533
v -28.075403 -3.162710 -31.256031
v -29.036751 -9.980597 -34.412460
v -31.465580 -9.776220 -34.110744
v -29.788483 -10.959860 -34.813740
v -31.610464 -10.806143 -34.587627
v -30.646793 -17.049673 -37.633419
v -32.467201 -16.896185 -37.407513
v -32.608421 -17.900030 -37.872334
v -30.182034 -18.104635 -38.173744
v -31.327324 -26.228704 -41.935020
v -33.755116 -26.051321 -41.646652
v -31.899977 -30.290777 -43.815643
v -34.432323 -30.864798 -43.875954
v -32.613766 -31.005453 -44.095177
v -33.257519 -35.572777 -46.209923
v -35.073891 -35.424934 -45.987907
v -32.758957 -36.383766 -46.636612
v -36.036247 -42.265114 -49.155846
v -33.617931 -42.476814 -49.457573
v -25.697781 -12.975103 -26.157261
v -26.056883 -13.548681 -28.611454
v -25.480869 -11.434927 -25.444511
v -25.132463 -5.860006 -26.299786
v -25.318609 -10.282934 -24.911362
v -30.409878 -40.587318 -36.278072
v -34.171452 -40.279030 -35.799812
v -30.748659 -42.265709 -37.859993
v -34.510166 -41.957466 -37.381790
v -31.069607 -43.855888 -39.358692
v -34.831043 -43.547523 -38.880463
v -31.551022 -46.241020 -41.606697
v -35.312370 -45.932671 -41.128510
v -29.608418 -31.341497 -35.937550
v -30.409878 -40.587318 -36.278072
v -30.733267 -34.984505 -39.146873
v -30.748659 -42.265709 -37.859993
v -31.798908 -38.435753 -42.187263
v -31.069607 -43.855888 -39.358692
v -33.397381 -43.612663 -46.747879
v -31.551022 -46.241020 -41.606697
v -32.422684 -36.054268 -45.658829
v -32.758957 -36.383766 -46.636612
v -33.257519 -35.572777 -46.209923
v -31.723961 -31.549459 -43.578354
v -32.613766 -31.005453 -44.095177
v -31.899977 -30.290777 -43.815643
v -29.684938 -17.562155 -37.107059
v -30.182034 -18.104635 -38.173744
v -30.646793 -17.049673 -37.633419
v -28.817251 -11.407446 -34.256893
v -29.788483 -10.959860 -34.813740
v -29.036751 -9.980597 -34.412460
v -34.702660 -39.879036 -21.015804
v -67.409592 -32.940788 -23.525909
v -34.475765 -38.414177 -20.174202
v -67.231911 -31.793676 -22.866913
v -34.248871 -36.949303 -19.332611
v -67.054253 -30.646582 -22.207878
v -71.265457 -40.070107 -15.637611
v -70.316628 -34.394508 -13.062328
v -70.532143 -39.026375 -20.652679
v -69.105362 -31.388510 -18.659977
v -70.114166 -37.985268 -22.577522
v -63.373596 -4.194937 -3.364790
v -65.242065 -12.480215 -2.373602
v -61.662315 -5.399191 -4.035154
v -62.924458 -13.327841 -2.905819
v -61.374233 -5.863913 -4.490820
v -62.547764 -13.614706 -3.309263
v -62.189377 -18.039053 -19.490978
v -63.298985 -23.857931 -11.640247
v -63.354343 -25.425283 -12.279598
v -61.533100 -21.310324 -23.157440
v -62.826347 -25.621069 -18.464676
v -63.478565 -26.829092 -14.696152
v -62.701363 -27.727285 -24.095528
v -61.498978 -24.533636 -27.288700
v -61.843220 -27.823248 -31.167583
v -63.486771 -33.489006 -28.602394
v -65.446312 -13.637716 -2.793371
v -66.687492 -22.935293 -10.089752
v -63.239464 -14.415838 -3.197176
v -65.493042 -23.253027 -10.133194
v -62.989647 -14.935263 -3.816236
v -65.206741 -23.786642 -10.600388
v -63.731789 -24.020452 -11.231888
v -63.354343 -25.425283 -12.279598
v -64.732582 -29.607870 -9.888573
v -65.694153 -35.240974 -10.942451
v -64.357193 -29.476416 -11.761883
v -63.354343 -25.425283 -12.279598
v -63.478565 -26.829092 -14.696152
v -75.699928 -84.349419 -50.285980
v -75.273186 -82.593193 -50.797539
v -75.166016 -83.990150 -50.088890
v -73.599030 -80.057121 -49.759712
v -73.255081 -80.695686 -48.777748
v -72.204933 -75.374763 -46.949677
v -72.611404 -74.666389 -47.987068
v -66.834015 -48.621162 -38.241802
v -67.709763 -47.911980 -39.189198
v -68.017166 -32.852242 -23.526054
v -100.748245 -26.007956 -25.995693
v -67.838837 -31.700949 -22.864624
v -100.610619 -25.119436 -25.485222
v -67.660515 -30.549643 -22.203201
v -100.472992 -24.230886 -24.974754
v -98.675987 -19.749838 -26.853882
v -98.706406 -20.341314 -27.795128
v -100.013519 -21.042364 -27.888653
v -100.807404 -20.506887 -27.263538
v -100.604446 -25.358953 -31.131866
v -101.640648 -26.281393 -31.182068
v -99.516808 -26.216208 -32.148727
v -99.782089 -27.541494 -32.320374
v 36.379860 -58.957954 -30.897217
v 37.868649 -57.784111 -29.100765
v 37.151257 -59.504860 -30.288223
v 36.688179 -56.947166 -30.032715
v 35.311172 -58.821983 -31.220356
v 35.052742 -56.739082 -30.527222
v 33.400551 -57.215599 -30.451813
v 34.231533 -59.133369 -31.171085
v 32.174305 -58.249046 -29.826675
v 33.430229 -59.808693 -30.762573
v 31.702583 -59.562538 -28.819321
v 33.121967 -60.666985 -30.104309
v 33.389359 -61.478279 -29.372658
v 32.111767 -60.804070 -27.699669
v 34.160751 -62.025185 -28.763668
v 33.292244 -61.640999 -26.767727
v 35.229439 -62.161156 -28.440525
v 34.927677 -61.849068 -26.273220
v 36.579865 -61.372551 -26.348614
v 36.309082 -61.849785 -28.489799
v 37.806114 -60.339104 -26.973759
v 37.110382 -61.174431 -28.898312
v 38.277832 -59.025658 -27.981110
v 37.418640 -60.316170 -29.556568
v 37.151257 -59.504860 -30.288223
v 37.868649 -57.784111 -29.100765
v 37.868649 -57.784111 -29.100765
v 36.025539 -54.114204 -26.649181
v 37.206001 -54.951164 -25.717239
v 36.688179 -56.947166 -30.032715
v 34.390099 -53.906136 -27.143703
v 35.052742 -56.739082 -30.527222
v 33.400551 -57.215599 -30.451813
v 32.737911 -54.382652 -27.068291
v 31.511663 -55.416100 -26.443157
v 32.174305 -58.249046 -29.826675
v 31.039936 -56.729591 -25.435810
v 31.702583 -59.562538 -28.819321
v 32.111767 -60.804070 -27.699669
v 31.449125 -57.971123 -24.316143
v 33.292244 -61.640999 -26.767727
v 32.629597 -58.808083 -23.384197
v 34.927677 -61.849068 -26.273220
v 34.265026 -59.016167 -22.889687
v 35.917225 -58.539635 -22.965092
v 36.579865 -61.372551 -26.348614
v 37.806114 -60.339104 -26.973759
v 37.143471 -57.506157 -23.590233
v 38.277832 -59.025658 -27.981110
v 37.615192 -56.192711 -24.597591
v 37.206001 -54.951164 -25.717239
v 37.868649 -57.784111 -29.100765
v 38.185516 -28.960699 -19.729454
v 38.243591 -32.172676 -18.145096
v 38.650780 -32.272926 -21.263264
v 38.041332 -33.186333 -15.917774
v 37.600307 -33.461861 -12.291939
v 37.632336 -36.216347 -10.780365
v 24.733738 -49.364113 -10.020573
v 30.261755 -38.233345 -6.069931
v 23.477798 -38.784996 -6.937000
v 31.518827 -48.810844 -9.156071
v 37.037525 -37.682365 -5.203871
v 38.293919 -48.258415 -8.292780
v 29.305099 -61.274117 -17.532658
v 33.199360 -60.494881 -14.855278
v 28.995981 -60.836678 -15.392513
v 33.507915 -60.932411 -16.995491
v 37.384674 -60.154640 -14.320324
v 37.693787 -60.591988 -16.460484
v 25.527571 -56.428734 -11.753414
v 32.054123 -54.209145 -9.897556
v 25.265486 -54.761116 -10.765209
v 32.316257 -55.876701 -10.885757
v 38.825237 -53.658546 -9.032082
v 39.087353 -55.326134 -10.020302
v 35.064716 -37.204048 -5.274036
v 37.037525 -37.682365 -5.203871
v 36.737892 -37.531685 -5.192310
v 30.261755 -38.233345 -6.069931
v 30.188091 -37.600548 -5.897375
v 25.303576 -37.997765 -6.521683
v 23.477798 -38.784996 -6.937000
v 23.737144 -38.588921 -6.854013
v 35.387657 -21.600805 -20.921837
v 34.962914 -25.211340 -25.538521
v 34.356277 -20.679419 -23.675327
v 37.082680 -28.454947 -19.586678
v 35.835350 -24.560125 -17.326214
v 25.562672 -29.393728 -21.054386
v 25.007935 -29.956976 -11.335800
v 25.570175 -25.396505 -18.633972
v 24.979134 -33.906654 -13.622593
v 24.567791 -33.304970 -5.759672
v 24.484892 -37.615303 -7.396221
v 35.272720 -29.122854 -10.023396
v 37.082680 -28.454947 -19.586678
v 35.835350 -24.560125 -17.326214
v 36.498676 -32.969978 -12.150242
v 34.832535 -32.470787 -4.447268
v 36.004433 -36.678581 -5.923883
v 37.600307 -33.461861 -12.291939
v 37.642014 -37.900612 -9.781410
v 37.632336 -36.216347 -10.780365
v 37.037525 -37.682365 -5.203871
v 37.905743 -40.835030 -9.982803
v 38.293919 -48.258415 -8.292780
v 38.934464 -47.244530 -13.952015
v 39.472095 -52.634026 -14.743404
v 38.639565 -50.508430 -9.585659
v 38.825237 -53.658546 -9.032082
v 39.087353 -55.326134 -10.020302
v 39.505470 -47.632607 -18.177322
v 39.684010 -52.983727 -16.178680
v 39.930531 -49.893105 -20.070057
v 39.802425 -45.633369 -21.777672
v 37.165203 -44.470299 -23.623428
v 39.802425 -45.633369 -21.777672
v 39.916882 -44.452339 -23.424416
v 36.730148 -47.858818 -18.531498
v 39.505470 -47.632607 -18.177322
v 30.384232 -7.688955 -26.986164
v 28.410696 -6.447622 -25.866524
v 30.132498 -6.075766 -26.042919
v 28.662420 -8.060781 -26.809776
v 27.088007 -7.188559 -24.952404
v 27.339724 -8.801687 -25.895649
v 26.518871 -8.099966 -23.545506
v 26.770601 -9.713186 -24.488758
v 27.107523 -10.550924 -22.966053
v 26.855793 -8.937796 -22.022800
v 28.260216 -11.090536 -21.735558
v 28.008497 -9.477484 -20.792301
v 29.668098 -9.574392 -20.183716
v 29.919832 -11.187475 -21.126965
v 31.641642 -10.815634 -21.303360
v 31.389923 -9.202551 -20.360111
v 32.964321 -10.074713 -22.217468
v 32.712589 -8.461584 -21.274227
v 33.533455 -9.163244 -23.624367
v 33.281734 -7.550177 -22.681110
v 32.944809 -6.712332 -24.203823
v 33.196529 -8.325399 -25.147068
v 31.792103 -6.172598 -25.434319
v 32.043823 -7.785742 -26.377590
v 30.384232 -7.688955 -26.986164
v 30.132498 -6.075766 -26.042919
v 30.831266 -11.424902 -28.106937
v 29.101473 -8.675772 -26.211655
v 30.359867 -8.404104 -26.340572
v 29.572872 -11.696646 -27.978024
v 28.134789 -9.217398 -25.543583
v 28.606180 -12.238119 -27.309944
v 27.718832 -9.883520 -24.515335
v 28.190237 -12.904333 -26.281712
v 28.436478 -13.516607 -25.168827
v 27.965076 -10.495825 -23.402470
v 29.278929 -13.911001 -24.269512
v 28.807535 -10.890249 -22.503147
v 30.020456 -10.961065 -22.058361
v 30.491852 -13.981756 -23.824722
v 31.750248 -13.710012 -23.953636
v 31.278860 -10.689276 -22.187267
v 32.716930 -13.168539 -24.621723
v 32.245552 -10.147757 -22.855358
v 33.132908 -12.502478 -25.649963
v 32.661499 -9.481558 -23.883595
v 32.415249 -8.869284 -24.996464
v 32.886650 -11.890097 -26.762833
v 31.572794 -8.474920 -25.895782
v 32.044205 -11.495703 -27.662140
v 30.831266 -11.424902 -28.106937
v 30.359867 -8.404104 -26.340572
v 30.031870 -6.302206 -25.111511
v 28.408422 -4.234701 -23.614727
v 29.666828 -3.962912 -23.743649
v 28.773468 -6.573904 -24.982597
v 27.441730 -4.776205 -22.946648
v 27.806789 -7.115454 -24.314518
v 27.025793 -5.442373 -21.918411
v 27.390839 -7.781668 -23.286278
v 27.637087 -8.393988 -22.173412
v 27.272032 -6.054647 -20.805534
v 28.479528 -8.788336 -21.274090
v 28.114491 -6.449057 -19.906227
v 29.327410 -6.519857 -19.461437
v 29.692455 -8.859152 -20.829311
v 30.950865 -8.587378 -20.958218
v 30.585817 -6.248159 -19.590351
v 31.917549 -8.045874 -21.626305
v 31.552494 -5.706564 -20.258430
v 32.333488 -7.379751 -22.654530
v 31.968456 -5.040457 -21.286671
v 31.722204 -4.428122 -22.399551
v 32.087257 -6.767447 -23.767414
v 30.879745 -4.033773 -23.298859
v 31.244804 -6.373007 -24.666729
v 30.031870 -6.302206 -25.111511
v 29.666828 -3.962912 -23.743649
v 31.244804 -6.373007 -24.666729
v 30.132498 -6.075766 -26.042919
v 30.031870 -6.302206 -25.111511
v 31.792103 -6.172598 -25.434319
v 32.087257 -6.767447 -23.767414
v 32.944809 -6.712332 -24.203823
v 33.281734 -7.550177 -22.681110
v 32.333488 -7.379751 -22.654530
v 32.712589 -8.461584 -21.274227
v 31.917549 -8.045874 -21.626305
v 31.389923 -9.202551 -20.360111
v 30.950865 -8.587378 -20.958218
v 29.668098 -9.574392 -20.183716
v 29.692455 -8.859152 -20.829311
v 28.479528 -8.788336 -21.274090
v 28.008497 -9.477484 -20.792301
v 27.637087 -8.393988 -22.173412
v 26.855793 -8.937796 -22.022800
v 27.390839 -7.781668 -23.286278
v 26.518871 -8.099966 -23.545506
v 27.806789 -7.115454 -24.314518
v 27.088007 -7.188559 -24.952404
v 28.410696 -6.447622 -25.866524
v 28.773468 -6.573904 -24.982597
v 30.132498 -6.075766 -26.042919
v 30.031870 -6.302206 -25.111511
v 24.271278 -29.157873 4.191895
v 25.467871 -28.098166 -6.547709
v 24.381145 -31.802496 5.582867
v 25.353491 -25.129522 -7.676779
v 24.250111 -25.849768 2.045551
v 25.196459 -22.763678 -8.026661
v 24.316250 -20.260107 -2.432177
v 25.940601 -20.004843 -16.179989
v 26.302605 -21.653708 -18.046040
v 24.827291 -18.215414 -8.136969
v 26.519249 -17.646383 -22.669655
v 26.782171 -20.462698 -22.888149
v 26.752184 -23.435461 -20.549995
v 26.959284 -22.705435 -23.012417
v 25.621244 -15.038977 -16.999763
v 25.279079 -16.407965 -13.180149
v 26.909128 -14.287558 -16.886818
v 26.519249 -17.646383 -22.669655
v 27.866009 -17.237921 -23.214050
v 26.529045 -15.709127 -12.940277
v 29.567574 -13.703299 -16.560383
v 30.665531 -16.931356 -23.105614
v 33.415592 -16.784796 -22.506592
v 26.073616 -17.534155 -7.846251
v 29.176315 -15.143606 -12.568684
v 32.281532 -13.848898 -16.201950
v 34.631519 -16.983999 -21.635498
v 33.659836 -14.382650 -15.975002
v 31.887873 -15.271582 -12.257133
v 28.671215 -17.002890 -7.415615
v 25.556908 -19.602301 -2.075047
v 25.520838 -25.203039 2.415667
v 24.250111 -25.849768 2.045551
v 28.102579 -19.099234 -1.612373
v 25.558071 -28.604055 4.608845
v 24.271278 -29.157873 4.191895
v 27.987999 -24.891821 2.996553
v 25.730743 -31.743673 6.100149
v 24.381145 -31.802496 5.582867
v 26.536169 -29.976110 5.491346
v 26.629673 -31.609320 5.803940
v 27.995707 -28.371481 5.164743
v 28.032003 -29.874304 5.842598
v 29.564608 -29.728842 5.877409
v 30.499819 -28.200537 5.238821
v 30.464380 -31.357168 6.703594
v 29.658112 -31.362051 6.190004
v 31.921280 -28.533255 5.167114
v 31.891827 -31.189245 6.540327
v 31.948359 -25.221228 3.026922
v 30.539076 -24.793264 3.055389
v 32.108921 -19.623831 -1.438770
v 30.729826 -19.179937 -1.415604
v 31.344564 -17.103781 -7.174307
v 32.716251 -17.571280 -7.131285
v 33.062237 -22.121435 -7.023935
v 31.948359 -25.221228 3.026922
v 33.253181 -15.756887 -12.163609
v 33.943214 -19.351446 -15.159813
v 34.631519 -16.983999 -21.635498
v 33.202709 -24.488653 -6.676165
v 31.921280 -28.533255 5.167114
v 33.285961 -27.459845 -5.551056
v 31.891827 -31.189245 6.540327
v 34.325760 -20.998602 -17.023254
v 34.884434 -19.801168 -21.855274
v 34.804882 -22.777990 -19.523430
v 35.104267 -22.040411 -21.974091
v 28.228773 -30.714025 4.783989
v 29.226084 -32.019249 5.440512
v 29.255285 -30.610296 4.801571
v 28.263243 -32.131264 5.421286
v 29.257177 -33.345192 4.495527
v 28.478821 -33.441231 4.569296
v 27.491125 -23.738958 -20.407585
v 27.696592 -22.992895 -22.647827
v 28.575933 -25.009329 -22.832470
v 27.330526 -31.322332 -7.634035
v 26.234861 -28.299475 -6.711378
v 26.284195 -34.918541 3.631634
v 25.137621 -32.283440 5.251966
v 28.122128 -37.236320 -2.968607
v 28.642996 -35.282494 -8.692396
v 25.262482 -25.458105 -22.508183
v 30.740513 -23.656942 -19.903347
v 24.912313 -24.146536 -20.601334
v 31.090687 -24.968466 -21.810204
v 25.571409 -25.629110 -24.821999
v 31.399609 -25.139425 -24.124001
v 31.584526 -24.124136 -26.224846
v 25.756323 -24.613760 -26.922802
v 25.767685 -22.684317 -28.247738
v 31.595892 -22.194677 -27.549759
v 25.602438 -20.357580 -28.441719
v 31.430637 -19.867941 -27.743767
v 31.133072 -17.767431 -26.754852
v 25.304861 -18.257040 -27.452816
v 30.782909 -16.455984 -24.848019
v 24.954697 -16.945562 -25.545990
v 30.473980 -16.284964 -22.534206
v 24.645767 -16.774496 -23.232182
v 24.460855 -17.789801 -21.131367
v 30.289059 -17.300177 -20.433384
v 30.277700 -19.229712 -19.108444
v 24.449493 -19.719336 -19.806423
v 30.442955 -21.556494 -18.914467
v 24.614737 -22.045980 -19.612442
v 24.912313 -24.146536 -20.601334
v 30.740513 -23.656942 -19.903347
v 35.286888 -10.634268 -24.194443
v 34.368206 -12.266638 -25.052250
v 35.503220 -12.174490 -24.907265
v 34.151924 -10.726583 -24.339554
v 35.125088 -9.482244 -23.661236
v 30.221937 -9.880972 -24.287998
v 30.383972 -11.033117 -24.821175
v 32.936539 -2.765829 -30.636330
v 30.037924 -5.457022 -25.678070
v 34.942863 -5.059011 -25.049152
v 30.394596 -3.556997 -29.692947
v 30.506678 -2.959890 -30.954533
v 34.942863 -5.059011 -25.049152
v 33.893406 -9.584005 -33.793331
v 32.936539 -2.765829 -30.636330
v 35.863476 -12.747961 -27.361309
v 34.292072 -10.960440 -33.558960
v 36.654415 -18.379400 -29.967617
v 35.156219 -17.115438 -36.409576
v 36.799683 -20.147665 -29.979286
v 35.033859 -17.708502 -37.555233
v 36.174309 -25.832952 -41.317123
v 38.272552 -30.634527 -34.832672
v 38.272552 -30.634527 -34.832672
v 36.744530 -29.895208 -43.198059
v 37.054451 -31.114202 -42.898819
v 38.461567 -34.390343 -38.179020
v 37.624748 -35.629539 -44.995674
v 38.640629 -37.948479 -41.349228
v 37.599861 -35.988503 -46.019493
v 38.909248 -43.285683 -46.104546
v 38.455185 -42.081841 -48.840919
v 34.510166 -41.957466 -37.381790
v 37.932896 -39.973030 -35.319035
v 34.171452 -40.279030 -35.799812
v 38.271523 -41.651497 -36.900974
v 34.831043 -43.547523 -38.880463
v 38.592361 -43.241661 -38.399693
v 35.312370 -45.932671 -41.128510
v 39.073601 -45.626839 -40.647709
v 37.444595 -34.436531 -38.291309
v 38.272552 -30.634527 -34.832672
v 37.137558 -30.726751 -34.977741
v 38.461567 -34.390343 -38.179020
v 37.735489 -37.951027 -41.430458
v 38.640629 -37.948479 -41.349228
v 38.171791 -43.222847 -46.139229
v 38.909248 -43.285683 -46.104546
v 36.036247 -42.265114 -49.155846
v 37.599861 -35.988503 -46.019493
v 38.455185 -42.081841 -48.840919
v 35.073891 -35.424934 -45.987907
v 36.887817 -35.276360 -45.747124
v 36.246483 -30.708853 -43.632080
v 34.432323 -30.864798 -43.875954
v 36.744530 -29.895208 -43.198059
v 33.755116 -26.051321 -41.646652
v 36.174309 -25.832952 -41.317123
v 35.033859 -17.708502 -37.555233
v 32.608421 -17.900030 -37.872334
v 34.286835 -16.752447 -37.169384
v 32.467201 -16.896185 -37.407513
v 33.431713 -10.662405 -34.349297
v 31.610464 -10.806143 -34.587627
v 31.465580 -9.776220 -34.110744
v 33.893406 -9.584005 -33.793331
v 32.936539 -2.765829 -30.636330
v 30.506678 -2.959890 -30.954533
v 30.506678 -2.959890 -30.954533
v 29.036751 -9.980597 -34.412460
v 28.075403 -3.162710 -31.256031
v 31.465580 -9.776220 -34.110744
v 29.788483 -10.959860 -34.813740
v 31.610464 -10.806143 -34.587627
v 30.646793 -17.049673 -37.633419
v 32.467201 -16.896185 -37.407513
v 32.608421 -17.900030 -37.872334
v 30.182034 -18.104635 -38.173744
v 31.327324 -26.228704 -41.935020
v 33.755116 -26.051321 -41.646652
v 31.899977 -30.290777 -43.815643
v 34.432323 -30.864798 -43.875954
v 32.613766 -31.005453 -44.095177
v 33.257519 -35.572777 -46.209923
v 35.073891 -35.424934 -45.987907
v 32.758957 -36.383766 -46.636612
v 36.036247 -42.265114 -49.155846
v 33.617931 -42.476814 -49.457573
v 25.480869 -11.434927 -25.444511
v 26.056883 -13.548681 -28.611454
v 25.697781 -12.975103 -26.157261
v 25.132463 -5.860006 -26.299786
v 25.318609 -10.282934 -24.911362
v 29.036751 -9.980597 -34.412460
v 25.132463 -5.860006 -26.299786
v 28.075403 -3.162710 -31.256031
v 26.056883 -13.548681 -28.611454
v 28.817251 -11.407446 -34.256893
v 26.850000 -19.179907 -31.217484
v 29.684938 -17.562155 -37.107059
v 26.996445 -20.948126 -31.229000
v 30.182034 -18.104635 -38.173744
v 31.327324 -26.228704 -41.935020
v 28.473400 -31.434637 -36.081871
v 31.899977 -30.290777 -43.815643
v 28.473400 -31.434637 -36.081871
v 31.723961 -31.549459 -43.578354
v 29.726501 -35.103554 -39.292564
v 32.422684 -36.054268 -45.658829
v 30.913662 -38.579369 -42.334259
v 32.758957 -36.383766 -46.636612
v 32.694366 -43.793129 -46.896812
v 33.617931 -42.476814 -49.457573
v 29.726501 -35.103554 -39.292564
v 29.608418 -31.341497 -35.937550
v 28.473400 -31.434637 -36.081871
v 30.733267 -34.984505 -39.146873
v 30.913662 -38.579369 -42.334259
v 31.798908 -38.435753 -42.187263
v 32.694366 -43.793129 -46.896812
v 33.397381 -43.612663 -46.747879
v 70.246384 -32.046883 -29.290180
v 70.472229 -35.058601 -34.803783
v 68.932022 -26.310904 -31.888874
v 71.661446 -38.800392 -29.286507
v 72.012459 -43.806358 -37.718830
v 67.554375 -12.340063 -3.376919
v 65.242065 -12.480215 -2.373602
v 65.446312 -13.637716 -2.793371
v 67.656227 -13.473577 -3.646580
v 67.929367 -12.466604 -3.856844
v 67.970200 -13.872656 -4.323013
v 69.791412 -22.472769 -12.300858
v 69.548820 -22.779425 -11.823765
v 70.252075 -23.953695 -12.981449
v 73.947212 -45.625938 -18.874115
v 73.551468 -43.718681 -20.693935
v 73.472969 -40.443245 -14.621220
v 74.187302 -48.970695 -25.334667
v 74.061798 -49.813103 -24.636944
v 74.178627 -51.199913 -27.191788
v 73.865715 -49.715340 -30.107189
v 76.439011 -75.816689 -43.216888
v 73.200989 -48.467552 -33.548420
v 72.775085 -45.295891 -31.754772
v 72.012459 -43.806358 -37.718830
v 71.510635 -47.623436 -38.717644
v 76.502213 -78.201576 -41.930794
v 76.227081 -74.912605 -45.484352
v 71.510635 -47.623436 -38.717644
v 75.841293 -74.598961 -47.319672
v 76.646629 -81.074501 -46.240761
v 76.356857 -81.255424 -45.866524
v 76.999634 -80.444237 -47.717674
v 76.700211 -79.960686 -49.128288
v 76.266289 -82.795036 -47.356041
v 75.584023 -81.579231 -45.616646
v 75.816597 -83.487007 -47.331093
v 76.235107 -83.312996 -48.701843
v 76.070129 -83.797249 -50.180893
v 75.782990 -83.966835 -48.667374
v 75.699928 -84.349419 -50.285980
v 76.209702 -74.627251 -36.129047
v 75.383713 -78.746452 -41.645691
v 75.228546 -75.262779 -35.866257
v 73.003021 -53.249718 -23.876720
v 74.061798 -49.813103 -24.636944
v 72.034119 -54.271461 -23.247368
v 75.228546 -75.262779 -35.866257
v 72.810219 -47.624229 -16.716927
v 73.947212 -45.625938 -18.874115
v 71.552994 -48.407799 -15.681156
v 73.472969 -40.443245 -14.621220
v 72.035789 -41.050606 -11.044594
v 70.706192 -41.549950 -9.624332
v 72.384254 -33.813713 -11.623165
v 69.653587 -35.672234 -7.645208
v 71.002754 -35.077049 -8.891525
v 68.322868 -29.156546 -7.061758
v 69.711632 -28.526876 -8.002417
v 71.170761 -28.234320 -10.543659
v 68.257172 -23.135870 -10.910770
v 70.252075 -23.953695 -12.981449
v 66.687492 -22.935293 -10.089752
v 67.875572 -22.744741 -10.375618
v 67.855804 -28.086706 -24.021385
v 69.696190 -36.944145 -24.502407
v 68.522240 -33.068535 -27.917282
v 69.105362 -31.388510 -18.659977
v 70.114166 -37.985268 -22.577522
v 70.532143 -39.026375 -20.652679
v 70.316628 -34.394508 -13.062328
v 71.265457 -40.070107 -15.637611
v 69.105362 -31.388510 -18.659977
v 70.114166 -37.985268 -22.577522
v 64.613853 -4.386709 -5.879034
v 66.919029 -17.030005 -19.972225
v 65.642876 -16.343069 -20.537785
v 65.618797 -4.958364 -4.922705
v 64.248459 -3.965963 -5.247774
v 65.261215 -4.631399 -4.401344
v 63.373596 -4.194937 -3.364790
v 63.156258 -3.792288 -4.656565
v 68.932022 -26.310904 -31.888874
v 68.995491 -34.847847 -35.499294
v 67.409958 -25.873526 -32.557892
v 70.472229 -35.058601 -34.803783
v 70.581047 -43.822060 -38.440624
v 72.012459 -43.806358 -37.718830
v 67.119987 -22.531500 -28.459064
v 68.932022 -26.310904 -31.888874
v 67.409958 -25.873526 -32.557892
v 68.658043 -23.006277 -28.017128
v 66.816109 -19.194769 -24.357880
v 68.121178 -19.904791 -23.827782
v 65.642876 -16.343069 -20.537785
v 66.919029 -17.030005 -19.972225
v 65.148582 -26.320272 -32.311665
v 67.119987 -22.531500 -28.459064
v 67.409958 -25.873526 -32.557892
v 64.860558 -23.051367 -28.288353
v 66.816109 -19.194769 -24.357880
v 64.560310 -19.658651 -24.125389
v 65.642876 -16.343069 -20.537785
v 64.292603 -16.633459 -20.413349
v 64.613853 -4.386709 -5.879034
v 64.248459 -3.965963 -5.247774
v 63.156258 -3.792288 -4.656565
v 68.995491 -34.847847 -35.499294
v 65.148582 -26.320272 -32.311665
v 67.409958 -25.873526 -32.557892
v 66.765923 -35.315010 -35.276161
v 70.581047 -43.822060 -38.440624
v 68.379662 -44.283165 -38.220345
v 70.258385 -47.368233 -39.448517
v 68.982849 -47.635307 -39.320881
v 74.991615 -74.158562 -48.229256
v 73.868622 -74.787437 -48.234901
v 75.945335 -79.556541 -49.998444
v 75.273186 -82.593193 -50.797539
v 63.478565 -26.829092 -14.696152
v 64.357193 -29.476416 -11.761883
v 63.354343 -25.425283 -12.279598
v 64.732582 -29.607870 -9.888573
v 65.694153 -35.240974 -10.942451
v 63.439262 -36.559044 -34.088177
v 63.486771 -33.489006 -28.602394
v 61.843220 -27.823248 -31.167583
v 64.951355 -40.231941 -28.603756
v 65.035301 -45.294914 -37.008900
v 61.662315 -5.399191 -4.035154
v 65.242065 -12.480215 -2.373602
v 63.373596 -4.194937 -3.364790
v 62.924458 -13.327841 -2.905819
v 61.374233 -5.863913 -4.490820
v 62.547764 -13.614706 -3.309263
v 62.189377 -18.039053 -19.490978
v 63.298985 -23.857931 -11.640247
v 63.354343 -25.425283 -12.279598
v 61.533100 -21.310324 -23.157440
v 62.826347 -25.621069 -18.464676
v 63.478565 -26.829092 -14.696152
v 62.701363 -27.727285 -24.095528
v 61.498978 -24.533636 -27.288700
v 61.843220 -27.823248 -31.167583
v 63.486771 -33.489006 -28.602394
v 62.924458 -13.327841 -2.905819
v 65.446312 -13.637716 -2.793371
v 65.242065 -12.480215 -2.373602
v 63.239464 -14.415838 -3.197176
v 62.547764 -13.614706 -3.309263
v 62.989647 -14.935263 -3.816236
v 63.298985 -23.857931 -11.640247
v 63.731789 -24.020452 -11.231888
v 63.354343 -25.425283 -12.279598
v 63.239464 -14.415838 -3.197176
v 66.687492 -22.935293 -10.089752
v 65.446312 -13.637716 -2.793371
v 65.493042 -23.253027 -10.133194
v 62.989647 -14.935263 -3.816236
v 65.206741 -23.786642 -10.600388
v 63.731789 -24.020452 -11.231888
v 63.354343 -25.425283 -12.279598
v 66.880554 -37.544823 -24.215916
v 65.039482 -28.687551 -23.734818
v 65.705925 -33.669380 -27.630726
v 66.289772 -31.989187 -18.373493
v 67.298531 -38.585991 -22.291031
v 61.662315 -5.399191 -4.035154
v 63.373596 -4.194937 -3.364790
v 63.156258 -3.792288 -4.656565
v 62.135868 -4.416647 -5.032814
v 61.374233 -5.863913 -4.490820
v 61.857487 -4.974722 -5.598574
v 62.189377 -18.039053 -19.490978
v 62.943878 -16.918859 -20.263165
v 75.699928 -84.349419 -50.285980
v 75.166016 -83.990150 -50.088890
v 75.273186 -82.593193 -50.797539
v 73.599030 -80.057121 -49.759712
v 73.255081 -80.695686 -48.777748
v 72.204933 -75.374763 -46.949677
v 72.611404 -74.666389 -47.987068
v 66.834015 -48.621162 -38.241802
v 67.709763 -47.911980 -39.189198
v 64.540512 -35.798286 -35.046009
v 61.843220 -27.823248 -31.167583
v 62.898518 -26.836004 -32.098850
v 63.439262 -36.559044 -34.088177
v 66.182449 -44.760460 -37.993065
v 65.035301 -45.294914 -37.008900
v 61.498978 -24.533636 -27.288700
v 62.898518 -26.836004 -32.098850
v 61.843220 -27.823248 -31.167583
v 62.597225 -23.496420 -27.998871
v 61.533100 -21.310324 -23.157440
v 62.310966 -20.155920 -23.899475
v 62.189377 -18.039053 -19.490978
v 62.943878 -16.918859 -20.263165
v 62.898518 -26.836004 -32.098850
v 64.860558 -23.051367 -28.288353
v 65.148582 -26.320272 -32.311665
v 62.597225 -23.496420 -27.998871
v 64.560310 -19.658651 -24.125389
v 62.310966 -20.155920 -23.899475
v 64.292603 -16.633459 -20.413349
v 62.943878 -16.918859 -20.263165
v 61.857487 -4.974722 -5.598574
v 62.135868 -4.416647 -5.032814
v 63.156258 -3.792288 -4.656565
v 66.765923 -35.315010 -35.276161
v 62.898518 -26.836004 -32.098850
v 65.148582 -26.320272 -32.311665
v 64.540512 -35.798286 -35.046009
v 68.379662 -44.283165 -38.220345
v 66.182449 -44.760460 -37.993065
v 67.709763 -47.911980 -39.189198
v 68.982849 -47.635307 -39.320881
v 72.611404 -74.666389 -47.987068
v 73.868622 -74.787437 -48.234901
v 73.599030 -80.057121 -49.759712
v 75.273186 -82.593193 -50.797539
v 67.396637 -30.663015 -23.875271
v 65.870300 -29.801428 -23.734184
v 65.976685 -30.066412 -23.244267
v 67.290253 -30.398016 -24.365189
v 67.827721 -32.036064 -24.711552
v 67.721344 -31.771063 -25.201469
v 66.911049 -33.116264 -25.753086
v 67.017426 -33.381233 -25.263165
v 65.440399 -33.910561 -25.207016
v 65.334007 -33.645561 -25.696922
v 59.442921 -38.617516 -26.450615
v 59.336536 -38.352531 -26.940525
v 53.143696 -43.565636 -27.759098
v 53.037315 -43.300652 -28.249016
v 52.227009 -44.645821 -28.800640
v 52.333389 -44.910835 -28.310726
v 50.756363 -45.440132 -28.254581
v 50.649975 -45.175179 -28.744507
v 50.756363 -45.440132 -28.254581
v 49.230019 -44.578545 -28.113472
v 50.649975 -45.175179 -28.744507
v 49.336395 -44.843529 -27.623547
v 48.798923 -43.205528 -27.277225
v 48.905308 -43.470482 -26.787308
v 49.715618 -42.125328 -26.235691
v 49.609238 -41.860344 -26.725605
v 51.186268 -41.331017 -26.781757
v 51.292648 -41.596001 -26.291840
v 57.487770 -36.385307 -25.475056
v 57.594147 -36.650307 -24.985138
v 63.482956 -31.675909 -24.229656
v 63.589336 -31.940878 -23.739738
v 64.399651 -30.595694 -23.188110
v 64.293266 -30.330725 -23.678017
v 65.870300 -29.801428 -23.734184
v 65.976685 -30.066412 -23.244267
v 104.958221 -42.319252 -32.204124
v 103.497307 -42.896141 -28.002014
v 103.220703 -43.807686 -32.631889
v 105.277992 -41.935326 -28.256397
v 102.818985 -37.555214 -23.470028
v 104.579796 -36.554649 -23.836742
v 104.354874 -33.042183 -18.682442
v 102.775192 -34.996956 -18.536430
v 103.742233 -34.468468 -27.693741
v 105.277992 -41.935326 -28.256397
v 104.958221 -42.319252 -32.204124
v 104.579796 -36.554649 -23.836742
v 103.014893 -29.772360 -24.995766
v 104.354874 -33.042183 -18.682442
v 102.094009 -23.826956 -21.580067
v 103.322479 -26.771658 -15.680992
v 102.101334 -21.478491 -16.583912
v 101.423187 -19.496130 -19.091984
v 101.570732 -27.476065 -14.604210
v 103.322479 -26.771658 -15.680992
v 101.341042 -26.388235 -14.580677
v 102.693230 -27.717215 -15.547894
v 104.354874 -33.042183 -18.682442
v 103.537071 -32.663765 -17.626469
v 102.705307 -34.158394 -17.464897
v 102.775192 -34.996956 -18.536430
v 98.228958 -22.289953 -16.196785
v 99.450096 -27.582968 -15.293694
v 101.341042 -26.388235 -14.580677
v 100.243958 -21.721029 -15.576977
v 97.553215 -20.313345 -18.693653
v 99.404930 -19.172110 -18.478458
v 103.497307 -42.896141 -28.002014
v 101.088257 -43.136513 -31.805794
v 103.220703 -43.807686 -32.631889
v 101.405594 -42.746681 -27.869202
v 102.818985 -37.555214 -23.470028
v 100.708626 -37.374031 -23.454205
v 102.775192 -34.996956 -18.536430
v 100.482460 -33.853477 -18.295280
v 101.241943 -33.144478 -17.397118
v 102.775192 -34.996956 -18.536430
v 102.705307 -34.158394 -17.464897
v 100.482460 -33.853477 -18.295280
v 100.398209 -28.198355 -15.318390
v 99.450096 -27.582968 -15.293694
v 101.341042 -26.388235 -14.580677
v 101.570732 -27.476065 -14.604210
v 102.700226 -39.694283 -29.122330
v 101.295753 -31.379797 -25.491917
v 102.579414 -39.667412 -30.253227
v 101.547134 -31.880026 -24.070290
v 100.849312 -28.497458 -23.835983
v 101.527512 -30.067831 -20.463371
v 100.279640 -24.819479 -21.722923
v 101.014542 -26.783239 -18.617813
v 100.261429 -23.518744 -19.174656
v 99.925438 -22.532782 -20.409199
v 101.405594 -42.746681 -27.869202
v 100.713074 -40.714302 -30.414230
v 101.088257 -43.136513 -31.805794
v 100.972961 -40.925041 -28.301548
v 100.708626 -37.374031 -23.454205
v 99.795181 -32.950981 -23.157497
v 100.482460 -33.853477 -18.295280
v 99.719246 -30.996664 -19.806087
v 99.450096 -27.582968 -15.293694
v 99.141724 -27.298758 -17.728348
v 98.281128 -23.568548 -18.364647
v 98.228958 -22.289953 -16.196785
v 97.553215 -20.313345 -18.693653
v 97.871208 -22.366461 -19.873173
v 103.336823 -24.096228 -19.635502
v 102.881554 -22.673834 -21.127407
v 101.816223 -22.041250 -20.553909
v 102.379601 -23.801443 -18.707638
v 103.815529 -26.076529 -19.082863
v 102.972038 -26.252081 -18.023720
v 104.189438 -28.084158 -19.617531
v 103.434761 -28.736593 -18.685390
v 104.358353 -29.581121 -21.096256
v 103.643776 -30.589132 -20.515373
v 103.543114 -31.313360 -23.023315
v 104.277008 -30.166342 -23.122841
v 103.159729 -30.715231 -25.537193
v 103.967201 -29.683020 -25.154251
v 104.277008 -30.166342 -23.122841
v 103.967201 -29.683020 -25.154251
v 103.903191 -29.269751 -24.916821
v 104.176460 -29.696051 -23.124962
v 104.358353 -29.581121 -21.096256
v 104.248222 -29.179876 -21.337379
v 104.099213 -27.859381 -20.033009
v 104.189438 -28.084158 -19.617531
v 103.769409 -26.088552 -19.561401
v 103.815529 -26.076529 -19.082863
v 103.347145 -24.341803 -20.048870
v 103.336823 -24.096228 -19.635502
v 102.881554 -22.673834 -21.127407
v 102.945564 -23.087118 -21.364838
v 105.046310 -28.587896 -23.236652
v 103.903191 -29.269751 -24.916821
v 104.841576 -28.268469 -24.579014
v 104.176460 -29.696051 -23.124962
v 105.100044 -28.201132 -21.897484
v 104.248222 -29.179876 -21.337379
v 104.099213 -27.859381 -20.033009
v 104.988434 -27.211920 -20.920300
v 103.769409 -26.088552 -19.561401
v 104.741348 -25.885275 -20.566990
v 104.425011 -24.576666 -20.932178
v 103.347145 -24.341803 -20.048870
v 102.945564 -23.087118 -21.364838
v 104.124191 -23.636755 -21.918045
v 104.425011 -24.576666 -20.932178
v 103.540062 -24.178106 -22.084026
v 104.124191 -23.636755 -21.918045
v 103.788506 -24.954306 -21.269901
v 104.741348 -25.885275 -20.566990
v 104.049736 -26.034933 -20.968311
v 104.253777 -27.130499 -21.260090
v 104.988434 -27.211920 -20.920300
v 105.100044 -28.201132 -21.897484
v 104.345955 -27.947393 -22.067043
v 105.046310 -28.587896 -23.236652
v 104.301567 -28.266760 -23.172939
v 104.132500 -28.003012 -24.281464
v 104.841576 -28.268469 -24.579014
v 103.220703 -43.807686 -32.631889
v 102.136810 -39.507317 -34.267399
v 104.958221 -42.319252 -32.204124
v 104.043083 -38.859291 -33.943462
v 100.973572 -32.958519 -31.968647
v 102.904732 -32.382301 -31.550758
v 99.782089 -27.541494 -32.320374
v 101.640648 -26.281393 -31.182068
v 101.640648 -26.281393 -31.182068
v 99.782089 -27.541494 -32.320374
v 99.516808 -26.216208 -32.148727
v 100.604446 -25.358953 -31.131866
v 100.807404 -20.506887 -27.263538
v 100.013519 -21.042364 -27.888653
v 98.675987 -19.749838 -26.853882
v 98.706406 -20.341314 -27.795128
v 104.043083 -38.859291 -33.943462
v 103.742233 -34.468468 -27.693741
v 104.958221 -42.319252 -32.204124
v 102.904732 -32.382301 -31.550758
v 103.014893 -29.772360 -24.995766
v 101.640648 -26.281393 -31.182068
v 100.807404 -20.506887 -27.263538
v 102.094009 -23.826956 -21.580067
v 100.892998 -18.468618 -22.148621
v 101.423187 -19.496130 -19.091984
v 102.136810 -39.507317 -34.267399
v 103.220703 -43.807686 -32.631889
v 101.088257 -43.136513 -31.805794
v 100.175507 -39.682655 -33.534134
v 100.973572 -32.958519 -31.968647
v 99.038399 -33.213707 -31.146008
v 99.782089 -27.541494 -32.320374
v 97.773071 -27.104742 -30.772655
v 101.295753 -31.379797 -25.491917
v 102.320404 -38.748192 -30.871490
v 102.579414 -39.667412 -30.253227
v 100.980881 -30.469625 -26.677986
v 100.849312 -28.497458 -23.835983
v 100.111145 -26.539785 -26.986092
v 99.611916 -23.289465 -25.077232
v 100.279640 -24.819479 -21.722923
v 99.664711 -22.032431 -21.922752
v 99.925438 -22.532782 -20.409199
v 98.706406 -20.341314 -27.795128
v 96.939789 -21.330114 -26.854202
v 98.675987 -19.749838 -26.853882
v 97.721306 -21.530462 -27.646301
v 97.773071 -27.104742 -30.772655
v 98.312248 -25.846960 -30.889030
v 99.516808 -26.216208 -32.148727
v 99.782089 -27.541494 -32.320374
v 100.713074 -40.714302 -30.414230
v 100.175507 -39.682655 -33.534134
v 101.088257 -43.136513 -31.805794
v 100.232872 -39.081520 -31.709881
v 99.038399 -33.213707 -31.146008
v 98.868584 -30.642950 -27.424683
v 97.773071 -27.104742 -30.772655
v 98.054230 -26.849310 -27.473873
v 96.939789 -21.330114 -26.854202
v 97.492195 -23.189993 -25.324791
v 97.552498 -21.753607 -21.720230
v 97.025429 -19.292120 -21.739323
v 97.553215 -20.313345 -18.693653
v 97.871208 -22.366461 -19.873173
v 103.159729 -30.715231 -25.537193
v 102.596321 -28.954992 -27.383465
v 103.967201 -29.683020 -25.154251
v 103.511948 -28.260687 -26.646160
v 102.003906 -26.504385 -28.067394
v 103.033218 -26.280325 -27.198799
v 102.659309 -24.272757 -26.664124
v 101.541176 -24.019903 -27.405720
v 101.332153 -22.167318 -25.575737
v 102.490417 -22.775778 -25.185410
v 101.432823 -21.443136 -23.067795
v 102.571747 -22.190542 -23.158806
v 102.881554 -22.673834 -21.127407
v 101.816223 -22.041250 -20.553909
v 102.945564 -23.087118 -21.364838
v 102.571747 -22.190542 -23.158806
v 102.881554 -22.673834 -21.127407
v 102.672295 -22.660833 -23.156693
v 102.490417 -22.775778 -25.185410
v 102.600540 -23.177038 -24.944302
v 102.749527 -24.497473 -26.248627
v 102.659309 -24.272757 -26.664124
v 103.079346 -26.268301 -26.720249
v 103.033218 -26.280325 -27.198799
v 103.501617 -28.015097 -26.232788
v 103.511948 -28.260687 -26.646160
v 103.967201 -29.683020 -25.154251
v 103.903191 -29.269751 -24.916821
v 103.903191 -29.269751 -24.916821
v 103.501617 -28.015097 -26.232788
v 104.841576 -28.268469 -24.579014
v 104.540741 -27.328558 -25.564880
v 103.079346 -26.268301 -26.720249
v 104.224396 -26.019964 -25.930077
v 103.977318 -24.693319 -25.576748
v 102.749527 -24.497473 -26.248627
v 102.600540 -23.177038 -24.944302
v 103.865707 -23.704123 -24.599602
v 102.672295 -22.660833 -23.156693
v 103.919456 -23.317389 -23.260406
v 104.124191 -23.636755 -21.918045
v 102.945564 -23.087118 -21.364838
v 103.371025 -23.914389 -23.192543
v 104.124191 -23.636755 -21.918045
v 103.540062 -24.178106 -22.084026
v 103.919456 -23.317389 -23.260406
v 103.326622 -24.233816 -24.298447
v 103.865707 -23.704123 -24.599602
v 103.977318 -24.693319 -25.576748
v 103.418793 -25.050650 -25.105389
v 104.224396 -26.019964 -25.930077
v 103.622833 -26.146200 -25.397160
v 103.884079 -27.226843 -25.095577
v 104.540741 -27.328558 -25.564880
v 104.841576 -28.268469 -24.579014
v 104.132500 -28.003012 -24.281464
v 99.476364 -24.035910 -25.692120
v 98.091705 -23.233831 -25.613972
v 98.198090 -23.498816 -25.124054
v 99.369980 -23.770895 -26.182026
v 99.864464 -25.271917 -26.444950
v 99.758072 -25.006933 -26.934864
v 99.028603 -26.217932 -27.431454
v 99.134987 -26.482916 -26.941547
v 97.715294 -26.959417 -26.890984
v 97.608917 -26.694433 -27.380901
v 92.316193 -31.196783 -28.010490
v 92.209816 -30.931814 -28.500408
v 86.645439 -35.651268 -29.188446
v 86.539062 -35.386299 -29.678368
v 85.809593 -36.597252 -30.174946
v 85.915970 -36.862221 -29.685028
v 84.496292 -37.338753 -29.634499
v 84.389900 -37.073769 -30.124420
v 84.496292 -37.338753 -29.634499
v 83.111603 -36.536690 -29.556328
v 84.389900 -37.073769 -30.124420
v 83.217987 -36.801689 -29.066410
v 82.723541 -35.300621 -28.803524
v 82.829918 -35.565605 -28.313602
v 83.559380 -34.354652 -27.817020
v 83.453003 -34.089684 -28.306942
v 84.872673 -33.613121 -28.357487
v 84.979057 -33.878120 -27.867573
v 90.545502 -29.160925 -27.181164
v 90.651886 -29.425863 -26.691246
v 95.942543 -24.921331 -26.060001
v 96.048935 -25.186300 -25.570087
v 96.778389 -23.975302 -25.073502
v 96.672005 -23.710318 -25.563416
v 98.091705 -23.233831 -25.613972
v 98.198090 -23.498816 -25.124054
v -37.868649 -57.784111 -29.100765
v -36.379860 -58.957954 -30.897217
v -37.151257 -59.504860 -30.288223
v -36.688179 -56.947166 -30.032715
v -35.311172 -58.821983 -31.220356
v -35.052742 -56.739082 -30.527222
v -33.400551 -57.215599 -30.451813
v -34.231533 -59.133369 -31.171085
v -32.174305 -58.249046 -29.826675
v -33.430229 -59.808693 -30.762573
v -31.702583 -59.562538 -28.819321
v -33.121967 -60.666985 -30.104309
v -33.389359 -61.478279 -29.372658
v -32.111767 -60.804070 -27.699669
v -34.160751 -62.025185 -28.763668
v -33.292244 -61.640999 -26.767727
v -35.229439 -62.161156 -28.440525
v -34.927677 -61.849068 -26.273220
v -36.579865 -61.372551 -26.348614
v -36.309082 -61.849785 -28.489799
v -37.806114 -60.339104 -26.973759
v -37.110382 -61.174431 -28.898312
v -38.277832 -59.025658 -27.981110
v -37.418640 -60.316170 -29.556568
v -37.151257 -59.504860 -30.288223
v -37.868649 -57.784111 -29.100765
v -38.185516 -28.960699 -19.729454
v -38.650780 -32.272926 -21.263264
v -38.243591 -32.172676 -18.145096
v -38.041332 -33.186333 -15.917774
v -37.600307 -33.461861 -12.291939
v -37.632336 -36.216347 -10.780365
v -30.261755 -38.233345 -6.069931
v -24.733738 -49.364113 -10.020573
v -23.477798 -38.784996 -6.937000
v -31.518827 -48.810844 -9.156071
v -37.037525 -37.682365 -5.203871
v -38.293919 -48.258415 -8.292780
v -33.199360 -60.494881 -14.855278
v -29.305099 -61.274117 -17.532658
v -28.995981 -60.836678 -15.392513
v -33.507915 -60.932411 -16.995491
v -37.384674 -60.154640 -14.320324
v -37.693787 -60.591988 -16.460484
v -32.054123 -54.209145 -9.897556
v -25.527571 -56.428734 -11.753414
v -25.265486 -54.761116 -10.765209
v -32.316257 -55.876701 -10.885757
v -38.825237 -53.658546 -9.032082
v -39.087353 -55.326134 -10.020302
v -37.037525 -37.682365 -5.203871
v -35.064716 -37.204048 -5.274036
v -36.737892 -37.531685 -5.192310
v -30.261755 -38.233345 -6.069931
v -30.188091 -37.600548 -5.897375
v -25.303576 -37.997765 -6.521683
v -23.477798 -38.784996 -6.937000
v -23.737144 -38.588921 -6.854013
v -35.387657 -21.600805 -20.921837
v -34.356277 -20.679419 -23.675327
v -34.962914 -25.211340 -25.538521
v -37.082680 -28.454947 -19.586678
v -35.835350 -24.560125 -17.326214
v -25.007935 -29.956976 -11.335800
v -25.562672 -29.393728 -21.054386
v -25.570175 -25.396505 -18.633972
v -24.979134 -33.906654 -13.622593
v -24.567791 -33.304970 -5.759672
v -24.484892 -37.615303 -7.396221
v -37.082680 -28.454947 -19.586678
v -35.272720 -29.122854 -10.023396
v -35.835350 -24.560125 -17.326214
v -36.498676 -32.969978 -12.150242
v -34.832535 -32.470787 -4.447268
v -36.004433 -36.678581 -5.923883
v -39.061497 -44.826668 -27.197346
v -37.313686 -42.308601 -26.154758
v -40.061520 -42.311150 -25.912369
v -38.650780 -32.272926 -21.263264
v -35.875450 -32.499535 -21.617065
v -30.359867 -8.404104 -26.340572
v -31.572794 -8.474920 -25.895782
v -30.384232 -7.688955 -26.986164
v -32.043823 -7.785742 -26.377590
v -32.415249 -8.869284 -24.996464
v -33.196529 -8.325399 -25.147068
v -32.661499 -9.481558 -23.883595
v -33.533455 -9.163244 -23.624367
v -32.245552 -10.147757 -22.855358
v -32.964321 -10.074713 -22.217468
v -31.641642 -10.815634 -21.303360
v -31.278860 -10.689276 -22.187267
v -29.919832 -11.187475 -21.126965
v -30.020456 -10.961065 -22.058361
v -28.807535 -10.890249 -22.503147
v -28.260216 -11.090536 -21.735558
v -27.965076 -10.495825 -23.402470
v -27.107523 -10.550924 -22.966053
v -26.770601 -9.713186 -24.488758
v -27.718832 -9.883520 -24.515335
v -27.339724 -8.801687 -25.895649
v -28.134789 -9.217398 -25.543583
v -28.662420 -8.060781 -26.809776
v -29.101473 -8.675772 -26.211655
v -30.384232 -7.688955 -26.986164
v -30.359867 -8.404104 -26.340572
v -30.132498 -6.075766 -26.042919
v -31.244804 -6.373007 -24.666729
v -30.031870 -6.302206 -25.111511
v -31.792103 -6.172598 -25.434319
v -32.087257 -6.767447 -23.767414
v -32.944809 -6.712332 -24.203823
v -33.281734 -7.550177 -22.681110
v -32.333488 -7.379751 -22.654530
v -32.712589 -8.461584 -21.274227
v -31.917549 -8.045874 -21.626305
v -31.389923 -9.202551 -20.360111
v -30.950865 -8.587378 -20.958218
v -29.668098 -9.574392 -20.183716
v -29.692455 -8.859152 -20.829311
v -28.479528 -8.788336 -21.274090
v -28.008497 -9.477484 -20.792301
v -27.637087 -8.393988 -22.173412
v -26.855793 -8.937796 -22.022800
v -27.390839 -7.781668 -23.286278
v -26.518871 -8.099966 -23.545506
v -27.806789 -7.115454 -24.314518
v -27.088007 -7.188559 -24.952404
v -28.410696 -6.447622 -25.866524
v -28.773468 -6.573904 -24.982597
v -30.132498 -6.075766 -26.042919
v -30.031870 -6.302206 -25.111511
v -25.467871 -28.098166 -6.547709
v -24.271278 -29.157873 4.191895
v -24.381145 -31.802496 5.582867
v -25.353491 -25.129522 -7.676779
v -24.250111 -25.849768 2.045551
v -25.196459 -22.763678 -8.026661
v -24.316250 -20.260107 -2.432177
v -25.940601 -20.004843 -16.179989
v -26.302605 -21.653708 -18.046040
v -24.827291 -18.215414 -8.136969
v -26.519249 -17.646383 -22.669655
v -26.782171 -20.462698 -22.888149
v -26.752184 -23.435461 -20.549995
v -26.959284 -22.705435 -23.012417
v -25.621244 -15.038977 -16.999763
v -25.279079 -16.407965 -13.180149
v -26.909128 -14.287558 -16.886818
v -26.519249 -17.646383 -22.669655
v -27.866009 -17.237921 -23.214050
v -26.529045 -15.709127 -12.940277
v -29.567574 -13.703299 -16.560383
v -30.665531 -16.931356 -23.105614
v -33.415592 -16.784796 -22.506592
v -26.073616 -17.534155 -7.846251
v -29.176315 -15.143606 -12.568684
v -32.281532 -13.848898 -16.201950
v -34.631519 -16.983999 -21.635498
v -33.659836 -14.382650 -15.975002
v -31.887873 -15.271582 -12.257133
v -28.671215 -17.002890 -7.415615
v -25.556908 -19.602301 -2.075047
v -25.520838 -25.203039 2.415667
v -24.250111 -25.849768 2.045551
v -28.102579 -19.099234 -1.612373
v -25.558071 -28.604055 4.608845
v -24.271278 -29.157873 4.191895
v -27.987999 -24.891821 2.996553
v -25.730743 -31.743673 6.100149
v -24.381145 -31.802496 5.582867
v -26.536169 -29.976110 5.491346
v -26.629673 -31.609320 5.803940
v -27.995707 -28.371481 5.164743
v -28.032003 -29.874304 5.842598
v -29.564608 -29.728842 5.877409
v -30.499819 -28.200537 5.238821
v -30.464380 -31.357168 6.703594
v -29.658112 -31.362051 6.190004
v -31.921280 -28.533255 5.167114
v -31.891827 -31.189245 6.540327
v -31.948359 -25.221228 3.026922
v -30.539076 -24.793264 3.055389
v -32.108921 -19.623831 -1.438770
v -30.729826 -19.179937 -1.415604
v -31.344564 -17.103781 -7.174307
v -32.716251 -17.571280 -7.131285
v -33.062237 -22.121435 -7.023935
v -31.948359 -25.221228 3.026922
v -33.253181 -15.756887 -12.163609
v -33.943214 -19.351446 -15.159813
v -34.631519 -16.983999 -21.635498
v -33.202709 -24.488653 -6.676165
v -31.921280 -28.533255 5.167114
v -33.285961 -27.459845 -5.551056
v -31.891827 -31.189245 6.540327
v -34.325760 -20.998602 -17.023254
v -34.884434 -19.801168 -21.855274
v -34.804882 -22.777990 -19.523430
v -35.104267 -22.040411 -21.974091
v -34.098804 -23.199438 -19.565243
v -34.341820 -22.450323 -21.800682
v -33.869801 -24.577078 -22.157604
v -32.279049 -30.918295 -7.003201
v -32.613087 -27.778692 -5.898283
v -31.044659 -34.529854 4.238501
v -31.315315 -31.778997 6.039497
v -31.304180 -36.976479 -2.562962
v -31.921381 -35.014778 -8.274467
v -34.368206 -12.266638 -25.052250
v -35.286888 -10.634268 -24.194443
v -35.503220 -12.174490 -24.907265
v -34.151924 -10.726583 -24.339554
v -35.125088 -9.482244 -23.661236
v -30.221937 -9.880972 -24.287998
v -30.383972 -11.033117 -24.821175
v -35.286888 -10.634268 -24.194443
v -35.863476 -12.747961 -27.361309
v -35.503220 -12.174490 -24.907265
v -34.942863 -5.059011 -25.049152
v -35.125088 -9.482244 -23.661236
v -30.506678 -2.959890 -30.954533
v -32.936539 -2.765829 -30.636330
v -30.394596 -3.556997 -29.692947
v -30.037924 -5.457022 -25.678070
v -34.942863 -5.059011 -25.049152
v -33.893406 -9.584005 -33.793331
v -34.942863 -5.059011 -25.049152
v -32.936539 -2.765829 -30.636330
v -35.863476 -12.747961 -27.361309
v -34.292072 -10.960440 -33.558960
v -36.654415 -18.379400 -29.967617
v -35.156219 -17.115438 -36.409576
v -36.799683 -20.147665 -29.979286
v -35.033859 -17.708502 -37.555233
v -36.174309 -25.832952 -41.317123
v -38.272552 -30.634527 -34.832672
v -36.744530 -29.895208 -43.198059
v -38.272552 -30.634527 -34.832672
v -37.054451 -31.114202 -42.898819
v -38.461567 -34.390343 -38.179020
v -37.624748 -35.629539 -44.995674
v -38.640629 -37.948479 -41.349228
v -37.599861 -35.988503 -46.019493
v -38.909248 -43.285683 -46.104546
v -38.455185 -42.081841 -48.840919
v -37.932896 -39.973030 -35.319035
v -34.510166 -41.957466 -37.381790
v -34.171452 -40.279030 -35.799812
v -38.271523 -41.651497 -36.900974
v -34.831043 -43.547523 -38.880463
v -38.592361 -43.241661 -38.399693
v -35.312370 -45.932671 -41.128510
v -39.073601 -45.626839 -40.647709
v -38.272552 -30.634527 -34.832672
v -37.444595 -34.436531 -38.291309
v -37.137558 -30.726751 -34.977741
v -38.461567 -34.390343 -38.179020
v -37.735489 -37.951027 -41.430458
v -38.640629 -37.948479 -41.349228
v -38.171791 -43.222847 -46.139229
v -38.909248 -43.285683 -46.104546
v -35.156219 -17.115438 -36.409576
v -34.286835 -16.752447 -37.169384
v -35.033859 -17.708502 -37.555233
v -33.431713 -10.662405 -34.349297
v -34.292072 -10.960440 -33.558960
v -33.893406 -9.584005 -33.793331
v -37.599861 -35.988503 -46.019493
v -36.036247 -42.265114 -49.155846
v -38.455185 -42.081841 -48.840919
v -35.073891 -35.424934 -45.987907
v -36.887817 -35.276360 -45.747124
v -36.246483 -30.708853 -43.632080
v -34.432323 -30.864798 -43.875954
v -36.744530 -29.895208 -43.198059
v -33.755116 -26.051321 -41.646652
v -36.174309 -25.832952 -41.317123
v -35.033859 -17.708502 -37.555233
v -32.608421 -17.900030 -37.872334
v -34.286835 -16.752447 -37.169384
v -32.467201 -16.896185 -37.407513
v -33.431713 -10.662405 -34.349297
v -31.610464 -10.806143 -34.587627
v -31.465580 -9.776220 -34.110744
v -33.893406 -9.584005 -33.793331
v -32.936539 -2.765829 -30.636330
v -30.506678 -2.959890 -30.954533
v -25.132463 -5.860006 -26.299786
v -30.394596 -3.556997 -29.692947
v -30.037924 -5.457022 -25.678070
v -28.075403 -3.162710 -31.256031
v -30.506678 -2.959890 -30.954533
v -25.132463 -5.860006 -26.299786
v -29.036751 -9.980597 -34.412460
v -28.075403 -3.162710 -31.256031
v -26.056883 -13.548681 -28.611454
v -28.817251 -11.407446 -34.256893
v -26.850000 -19.179907 -31.217484
v -29.684938 -17.562155 -37.107059
v -26.996445 -20.948126 -31.229000
v -30.182034 -18.104635 -38.173744
v -31.327324 -26.228704 -41.935020
v -28.473400 -31.434637 -36.081871
v -28.473400 -31.434637 -36.081871
v -31.899977 -30.290777 -43.815643
v -31.723961 -31.549459 -43.578354
v -29.726501 -35.103554 -39.292564
v -32.422684 -36.054268 -45.658829
v -30.913662 -38.579369 -42.334259
v -32.758957 -36.383766 -46.636612
v -32.694366 -43.793129 -46.896812
v -33.617931 -42.476814 -49.457573
v -29.726501 -35.103554 -39.292564
v -28.473400 -31.434637 -36.081871
v -29.608418 -31.341497 -35.937550
v -30.733267 -34.984505 -39.146873
v -30.913662 -38.579369 -42.334259
v -31.798908 -38.435753 -42.187263
v -32.694366 -43.793129 -46.896812
v -33.397381 -43.612663 -46.747879
v -36.214367 -42.744835 -12.167511
v -68.876152 -36.593803 -16.772026
v -36.441273 -44.209740 -13.009079
v -68.698486 -35.446724 -16.112984
v -35.987480 -41.279930 -11.325874
v -68.520798 -34.299614 -15.453983
v -70.242561 -25.386038 -15.384392
v -71.092247 -28.039526 -12.447178
v -70.252075 -23.953695 -12.981449
v -71.170761 -28.234320 -10.543659
v -72.384254 -33.813713 -11.623165
v -70.472229 -35.058601 -34.803783
v -70.246384 -32.046883 -29.290180
v -68.932022 -26.310904 -31.888874
v -71.661446 -38.800392 -29.286507
v -72.012459 -43.806358 -37.718830
v -65.261215 -4.631399 -4.401344
v -65.242065 -12.480215 -2.373602
v -63.373596 -4.194937 -3.364790
v -67.554375 -12.340063 -3.376919
v -65.618797 -4.958364 -4.922705
v -67.929367 -12.466604 -3.856844
v -66.919029 -17.030005 -19.972225
v -69.791412 -22.472769 -12.300858
v -70.252075 -23.953695 -12.981449
v -68.121178 -19.904791 -23.827782
v -69.611252 -24.173559 -19.155041
v -70.242561 -25.386038 -15.384392
v -69.488922 -26.279211 -24.786160
v -68.658043 -23.006277 -28.017128
v -68.932022 -26.310904 -31.888874
v -70.246384 -32.046883 -29.290180
v -67.554375 -12.340063 -3.376919
v -65.446312 -13.637716 -2.793371
v -65.242065 -12.480215 -2.373602
v -67.656227 -13.473577 -3.646580
v -67.929367 -12.466604 -3.856844
v -67.970200 -13.872656 -4.323013
v -69.791412 -22.472769 -12.300858
v -69.548820 -22.779425 -11.823765
v -70.252075 -23.953695 -12.981449
v -70.252075 -23.953695 -12.981449
v -68.257172 -23.135870 -10.910770
v -69.548820 -22.779425 -11.823765
v -67.970200 -13.872656 -4.323013
v -67.875572 -22.744741 -10.375618
v -67.656227 -13.473577 -3.646580
v -65.446312 -13.637716 -2.793371
v -66.687492 -22.935293 -10.089752
v -73.947212 -45.625938 -18.874115
v -73.472969 -40.443245 -14.621220
v -73.551468 -43.718681 -20.693935
v -74.187302 -48.970695 -25.334667
v -74.061798 -49.813103 -24.636944
v -74.178627 -51.199913 -27.191788
v -73.865715 -49.715340 -30.107189
v -76.439011 -75.816689 -43.216888
v -73.200989 -48.467552 -33.548420
v -72.775085 -45.295891 -31.754772
v -72.012459 -43.806358 -37.718830
v -71.510635 -47.623436 -38.717644
v -76.502213 -78.201576 -41.930794
v -76.227081 -74.912605 -45.484352
v -71.510635 -47.623436 -38.717644
v -75.841293 -74.598961 -47.319672
v -76.646629 -81.074501 -46.240761
v -76.356857 -81.255424 -45.866524
v -76.999634 -80.444237 -47.717674
v -76.700211 -79.960686 -49.128288
v -76.266289 -82.795036 -47.356041
v -75.584023 -81.579231 -45.616646
v -75.816597 -83.487007 -47.331093
v -76.235107 -83.312996 -48.701843
v -76.070129 -83.797249 -50.180893
v -75.782990 -83.966835 -48.667374
v -75.699928 -84.349419 -50.285980
v -76.209702 -74.627251 -36.129047
v -75.383713 -78.746452 -41.645691
v -75.228546 -75.262779 -35.866257
v -73.003021 -53.249718 -23.876720
v -74.061798 -49.813103 -24.636944
v -72.034119 -54.271461 -23.247368
v -75.228546 -75.262779 -35.866257
v -72.810219 -47.624229 -16.716927
v -73.947212 -45.625938 -18.874115
v -71.552994 -48.407799 -15.681156
v -73.472969 -40.443245 -14.621220
v -72.035789 -41.050606 -11.044594
v -70.706192 -41.549950 -9.624332
v -72.384254 -33.813713 -11.623165
v -69.653587 -35.672234 -7.645208
v -71.002754 -35.077049 -8.891525
v -68.322868 -29.156546 -7.061758
v -69.711632 -28.526876 -8.002417
v -71.170761 -28.234320 -10.543659
v -68.257172 -23.135870 -10.910770
v -70.252075 -23.953695 -12.981449
v -66.687492 -22.935293 -10.089752
v -67.875572 -22.744741 -10.375618
v -69.696190 -36.944145 -24.502407
v -67.855804 -28.086706 -24.021385
v -68.522240 -33.068535 -27.917282
v -69.105362 -31.388510 -18.659977
v -70.114166 -37.985268 -22.577522
v -64.613853 -4.386709 -5.879034
v -65.642876 -16.343069 -20.537785
v -66.919029 -17.030005 -19.972225
v -65.618797 -4.958364 -4.922705
v -64.248459 -3.965963 -5.247774
v -65.261215 -4.631399 -4.401344
v -63.373596 -4.194937 -3.364790
v -63.156258 -3.792288 -4.656565
v -75.699928 -84.349419 -50.285980
v -76.070129 -83.797249 -50.180893
v -75.273186 -82.593193 -50.797539
v -75.945335 -79.556541 -49.998444
v -76.700211 -79.960686 -49.128288
v -75.841293 -74.598961 -47.319672
v -74.991615 -74.158562 -48.229256
v -71.510635 -47.623436 -38.717644
v -70.258385 -47.368233 -39.448517
v -68.995491 -34.847847 -35.499294
v -68.932022 -26.310904 -31.888874
v -67.409958 -25.873526 -32.557892
v -70.472229 -35.058601 -34.803783
v -70.581047 -43.822060 -38.440624
v -72.012459 -43.806358 -37.718830
v -67.119987 -22.531500 -28.459064
v -67.409958 -25.873526 -32.557892
v -68.932022 -26.310904 -31.888874
v -68.658043 -23.006277 -28.017128
v -66.816109 -19.194769 -24.357880
v -68.121178 -19.904791 -23.827782
v -65.642876 -16.343069 -20.537785
v -66.919029 -17.030005 -19.972225
v -67.119987 -22.531500 -28.459064
v -65.148582 -26.320272 -32.311665
v -67.409958 -25.873526 -32.557892
v -64.860558 -23.051367 -28.288353
v -66.816109 -19.194769 -24.357880
v -64.560310 -19.658651 -24.125389
v -65.642876 -16.343069 -20.537785
v -64.292603 -16.633459 -20.413349
v -64.613853 -4.386709 -5.879034
v -64.248459 -3.965963 -5.247774
v -63.156258 -3.792288 -4.656565
v -68.995491 -34.847847 -35.499294
v -67.409958 -25.873526 -32.557892
v -65.148582 -26.320272 -32.311665
v -66.765923 -35.315010 -35.276161
v -70.581047 -43.822060 -38.440624
v -68.379662 -44.283165 -38.220345
v -70.258385 -47.368233 -39.448517
v -68.982849 -47.635307 -39.320881
v -74.991615 -74.158562 -48.229256
v -73.868622 -74.787437 -48.234901
v -75.945335 -79.556541 -49.998444
v -75.273186 -82.593193 -50.797539
v -63.486771 -33.489006 -28.602394
v -63.439262 -36.559044 -34.088177
v -61.843220 -27.823248 -31.167583
v -64.951355 -40.231941 -28.603756
v -65.035301 -45.294914 -37.008900
v -62.924458 -13.327841 -2.905819
v -65.242065 -12.480215 -2.373602
v -65.446312 -13.637716 -2.793371
v -63.239464 -14.415838 -3.197176
v -62.547764 -13.614706 -3.309263
v -62.989647 -14.935263 -3.816236
v -63.298985 -23.857931 -11.640247
v -63.731789 -24.020452 -11.231888
v -63.354343 -25.425283 -12.279598
v -67.672577 -46.964592 -18.235672
v -66.904953 -45.136696 -20.017651
v -66.821922 -41.862221 -13.944477
v -68.151527 -51.074043 -24.035568
v -67.564407 -50.383675 -24.660782
v -68.115082 -52.493568 -26.574818
v -67.233040 -51.130394 -29.432320
v -72.953300 -76.560326 -42.862213
v -66.659966 -49.863060 -32.882874
v -66.104759 -46.718987 -31.076065
v -65.035301 -45.294914 -37.008900
v -66.834015 -48.621162 -38.241802
v -74.108429 -78.712288 -41.687218
v -72.340439 -75.741798 -45.088890
v -66.834015 -48.621162 -38.241802
v -72.204933 -75.374763 -46.949677
v -74.309601 -81.573082 -46.002968
v -74.713959 -81.605919 -45.699364
v -73.454620 -81.200539 -47.356972
v -73.255081 -80.695686 -48.777748
v -75.130035 -83.037453 -47.240425
v -75.584023 -81.579231 -45.616646
v -75.816597 -83.487007 -47.331093
v -75.107857 -83.553490 -48.587143
v -75.166016 -83.990150 -50.088890
v -75.782990 -83.966835 -48.667374
v -75.699928 -84.349419 -50.285980
v -74.043739 -75.089348 -35.908661
v -75.383713 -78.746452 -41.645691
v -75.228546 -75.262779 -35.866257
v -70.633553 -53.755211 -23.635620
v -68.151527 -51.074043 -24.035568
v -72.034119 -54.271461 -23.247368
v -75.228546 -75.262779 -35.866257
v -69.912544 -48.242409 -16.422089
v -67.672577 -46.964592 -18.235672
v -71.552994 -48.407799 -15.681156
v -66.821922 -41.862221 -13.944477
v -70.706192 -41.549950 -9.624332
v -69.041779 -41.689354 -10.739952
v -65.694153 -35.240974 -10.942451
v -69.653587 -35.672234 -7.645208
v -67.966461 -35.724815 -8.582582
v -64.732582 -29.607870 -9.888573
v -68.322868 -29.156546 -7.061758
v -66.645309 -29.181082 -7.690413
v -65.206741 -23.786642 -10.600388
v -63.354343 -25.425283 -12.279598
v -66.687492 -22.935293 -10.089752
v -65.493042 -23.253027 -10.133194
v -65.039482 -28.687551 -23.734818
v -66.880554 -37.544823 -24.215916
v -65.705925 -33.669380 -27.630726
v -66.289772 -31.989187 -18.373493
v -67.298531 -38.585991 -22.291031
v -67.716484 -39.627083 -20.366184
v -67.500305 -34.995354 -12.775768
v -68.449142 -40.670952 -15.351051
v -66.289772 -31.989187 -18.373493
v -67.298531 -38.585991 -22.291031
v -63.373596 -4.194937 -3.364790
v -61.662315 -5.399191 -4.035154
v -63.156258 -3.792288 -4.656565
v -62.135868 -4.416647 -5.032814
v -61.374233 -5.863913 -4.490820
v -61.857487 -4.974722 -5.598574
v -62.189377 -18.039053 -19.490978
v -62.943878 -16.918859 -20.263165
v -61.843220 -27.823248 -31.167583
v -64.540512 -35.798286 -35.046009
v -62.898518 -26.836004 -32.098850
v -63.439262 -36.559044 -34.088177
v -66.182449 -44.760460 -37.993065
v -65.035301 -45.294914 -37.008900
v -62.898518 -26.836004 -32.098850
v -61.498978 -24.533636 -27.288700
v -61.843220 -27.823248 -31.167583
v -62.597225 -23.496420 -27.998871
v -61.533100 -21.310324 -23.157440
v -62.310966 -20.155920 -23.899475
v -62.189377 -18.039053 -19.490978
v -62.943878 -16.918859 -20.263165
v -64.860558 -23.051367 -28.288353
v -62.898518 -26.836004 -32.098850
v -65.148582 -26.320272 -32.311665
v -62.597225 -23.496420 -27.998871
v -64.560310 -19.658651 -24.125389
v -62.310966 -20.155920 -23.899475
v -64.292603 -16.633459 -20.413349
v -62.943878 -16.918859 -20.263165
v -61.857487 -4.974722 -5.598574
v -62.135868 -4.416647 -5.032814
v -63.156258 -3.792288 -4.656565
v -62.898518 -26.836004 -32.098850
v -66.765923 -35.315010 -35.276161
v -65.148582 -26.320272 -32.311665
v -64.540512 -35.798286 -35.046009
v -68.379662 -44.283165 -38.220345
v -66.182449 -44.760460 -37.993065
v -67.709763 -47.911980 -39.189198
v -68.982849 -47.635307 -39.320881
v -72.611404 -74.666389 -47.987068
v -73.868622 -74.787437 -48.234901
v -73.599030 -80.057121 -49.759712
v -75.273186 -82.593193 -50.797539
v -65.870300 -29.801428 -23.734184
v -67.396637 -30.663015 -23.875271
v -65.976685 -30.066412 -23.244267
v -67.290253 -30.398016 -24.365189
v -67.827721 -32.036064 -24.711552
v -67.721344 -31.771063 -25.201469
v -66.911049 -33.116264 -25.753086
v -67.017426 -33.381233 -25.263165
v -65.440399 -33.910561 -25.207016
v -65.334007 -33.645561 -25.696922
v -59.442921 -38.617516 -26.450615
v -59.336536 -38.352531 -26.940525
v -53.143696 -43.565636 -27.759098
v -53.037315 -43.300652 -28.249016
v -52.227009 -44.645821 -28.800640
v -52.333389 -44.910835 -28.310726
v -50.756363 -45.440132 -28.254581
v -50.649975 -45.175179 -28.744507
v -49.230019 -44.578545 -28.113472
v -50.756363 -45.440132 -28.254581
v -50.649975 -45.175179 -28.744507
v -49.336395 -44.843529 -27.623547
v -48.798923 -43.205528 -27.277225
v -48.905308 -43.470482 -26.787308
v -49.715618 -42.125328 -26.235691
v -49.609238 -41.860344 -26.725605
v -51.186268 -41.331017 -26.781757
v -51.292648 -41.596001 -26.291840
v -57.487770 -36.385307 -25.475056
v -57.594147 -36.650307 -24.985138
v -63.482956 -31.675909 -24.229656
v -63.589336 -31.940878 -23.739738
v -64.399651 -30.595694 -23.188110
v -64.293266 -30.330725 -23.678017
v -65.870300 -29.801428 -23.734184
v -65.976685 -30.066412 -23.244267
v -69.278198 -35.286247 -16.236023
v -101.884247 -28.837622 -20.764099
v -69.456535 -36.437538 -16.897438
v -101.746635 -27.949087 -20.253624
v -69.099884 -34.134956 -15.574570
v -101.609009 -27.060553 -19.743172
v -103.497307 -42.896141 -28.002014
v -104.958221 -42.319252 -32.204124
v -103.220703 -43.807686 -32.631889
v -105.277992 -41.935326 -28.256397
v -102.818985 -37.555214 -23.470028
v -104.579796 -36.554649 -23.836742
v -104.354874 -33.042183 -18.682442
v -102.775192 -34.996956 -18.536430
v -105.277992 -41.935326 -28.256397
v -103.742233 -34.468468 -27.693741
v -104.958221 -42.319252 -32.204124
v -104.579796 -36.554649 -23.836742
v -103.014893 -29.772360 -24.995766
v -104.354874 -33.042183 -18.682442
v -102.094009 -23.826956 -21.580067
v -103.322479 -26.771658 -15.680992
v -102.101334 -21.478491 -16.583912
v -101.423187 -19.496130 -19.091984
v -103.322479 -26.771658 -15.680992
v -101.570732 -27.476065 -14.604210
v -101.341042 -26.388235 -14.580677
v -102.693230 -27.717215 -15.547894
v -104.354874 -33.042183 -18.682442
v -103.537071 -32.663765 -17.626469
v -102.705307 -34.158394 -17.464897
v -102.775192 -34.996956 -18.536430
v -99.450096 -27.582968 -15.293694
v -98.228958 -22.289953 -16.196785
v -101.341042 -26.388235 -14.580677
v -100.243958 -21.721029 -15.576977
v -97.553215 -20.313345 -18.693653
v -99.404930 -19.172110 -18.478458
v -103.497307 -42.896141 -28.002014
v -103.220703 -43.807686 -32.631889
v -101.088257 -43.136513 -31.805794
v -101.405594 -42.746681 -27.869202
v -102.818985 -37.555214 -23.470028
v -100.708626 -37.374031 -23.454205
v -102.775192 -34.996956 -18.536430
v -100.482460 -33.853477 -18.295280
v -102.775192 -34.996956 -18.536430
v -101.241943 -33.144478 -17.397118
v -102.705307 -34.158394 -17.464897
v -100.482460 -33.853477 -18.295280
v -100.398209 -28.198355 -15.318390
v -99.450096 -27.582968 -15.293694
v -101.341042 -26.388235 -14.580677
v -101.570732 -27.476065 -14.604210
v -101.295753 -31.379797 -25.491917
v -102.700226 -39.694283 -29.122330
v -102.579414 -39.667412 -30.253227
v -101.547134 -31.880026 -24.070290
v -100.849312 -28.497458 -23.835983
v -101.527512 -30.067831 -20.463371
v -100.279640 -24.819479 -21.722923
v -101.014542 -26.783239 -18.617813
v -100.261429 -23.518744 -19.174656
v -99.925438 -22.532782 -20.409199
v -100.713074 -40.714302 -30.414230
v -101.405594 -42.746681 -27.869202
v -101.088257 -43.136513 -31.805794
v -100.972961 -40.925041 -28.301548
v -100.708626 -37.374031 -23.454205
v -99.795181 -32.950981 -23.157497
v -100.482460 -33.853477 -18.295280
v -99.719246 -30.996664 -19.806087
v -99.450096 -27.582968 -15.293694
v -99.141724 -27.298758 -17.728348
v -98.281128 -23.568548 -18.364647
v -98.228958 -22.289953 -16.196785
v -97.553215 -20.313345 -18.693653
v -97.871208 -22.366461 -19.873173
v -103.336823 -24.096228 -19.635502
v -101.816223 -22.041250 -20.553909
v -102.881554 -22.673834 -21.127407
v -102.379601 -23.801443 -18.707638
v -103.815529 -26.076529 -19.082863
v -102.972038 -26.252081 -18.023720
v -104.189438 -28.084158 -19.617531
v -103.434761 -28.736593 -18.685390
v -104.358353 -29.581121 -21.096256
v -103.643776 -30.589132 -20.515373
v -103.543114 -31.313360 -23.023315
v -104.277008 -30.166342 -23.122841
v -103.159729 -30.715231 -25.537193
v -103.967201 -29.683020 -25.154251
v -103.967201 -29.683020 -25.154251
v -104.277008 -30.166342 -23.122841
v -103.903191 -29.269751 -24.916821
v -104.176460 -29.696051 -23.124962
v -104.358353 -29.581121 -21.096256
v -104.248222 -29.179876 -21.337379
v -104.099213 -27.859381 -20.033009
v -104.189438 -28.084158 -19.617531
v -103.769409 -26.088552 -19.561401
v -103.815529 -26.076529 -19.082863
v -103.347145 -24.341803 -20.048870
v -103.336823 -24.096228 -19.635502
v -102.881554 -22.673834 -21.127407
v -102.945564 -23.087118 -21.364838
v -103.903191 -29.269751 -24.916821
v -105.046310 -28.587896 -23.236652
v -104.841576 -28.268469 -24.579014
v -104.176460 -29.696051 -23.124962
v -105.100044 -28.201132 -21.897484
v -104.248222 -29.179876 -21.337379
v -104.099213 -27.859381 -20.033009
v -104.988434 -27.211920 -20.920300
v -103.769409 -26.088552 -19.561401
v -104.741348 -25.885275 -20.566990
v -104.425011 -24.576666 -20.932178
v -103.347145 -24.341803 -20.048870
v -102.945564 -23.087118 -21.364838
v -104.124191 -23.636755 -21.918045
v -103.540062 -24.178106 -22.084026
v -104.425011 -24.576666 -20.932178
v -104.124191 -23.636755 -21.918045
v -103.788506 -24.954306 -21.269901
v -104.741348 -25.885275 -20.566990
v -104.049736 -26.034933 -20.968311
v -104.253777 -27.130499 -21.260090
v -104.988434 -27.211920 -20.920300
v -105.100044 -28.201132 -21.897484
v -104.345955 -27.947393 -22.067043
v -105.046310 -28.587896 -23.236652
v -104.301567 -28.266760 -23.172939
v -104.132500 -28.003012 -24.281464
v -104.841576 -28.268469 -24.579014
v -104.958221 -42.319252 -32.204124
v -102.136810 -39.507317 -34.267399
v -103.220703 -43.807686 -32.631889
v -104.043083 -38.859291 -33.943462
v -100.973572 -32.958519 -31.968647
v -102.904732 -32.382301 -31.550758
v -99.782089 -27.541494 -32.320374
v -101.640648 -26.281393 -31.182068
v -103.742233 -34.468468 -27.693741
v -104.043083 -38.859291 -33.943462
v -104.958221 -42.319252 -32.204124
v -102.904732 -32.382301 -31.550758
v -103.014893 -29.772360 -24.995766
v -101.640648 -26.281393 -31.182068
v -100.807404 -20.506887 -27.263538
v -102.094009 -23.826956 -21.580067
v -100.892998 -18.468618 -22.148621
v -101.423187 -19.496130 -19.091984
v -103.220703 -43.807686 -32.631889
v -102.136810 -39.507317 -34.267399
v -101.088257 -43.136513 -31.805794
v -100.175507 -39.682655 -33.534134
v -100.973572 -32.958519 -31.968647
v -99.038399 -33.213707 -31.146008
v -99.782089 -27.541494 -32.320374
v -97.773071 -27.104742 -30.772655
v -102.320404 -38.748192 -30.871490
v -101.295753 -31.379797 -25.491917
v -102.579414 -39.667412 -30.253227
v -100.980881 -30.469625 -26.677986
v -100.849312 -28.497458 -23.835983
v -100.111145 -26.539785 -26.986092
v -99.611916 -23.289465 -25.077232
v -100.279640 -24.819479 -21.722923
v -99.664711 -22.032431 -21.922752
v -99.925438 -22.532782 -20.409199
v -96.939789 -21.330114 -26.854202
v -98.706406 -20.341314 -27.795128
v -98.675987 -19.749838 -26.853882
v -97.721306 -21.530462 -27.646301
v -97.773071 -27.104742 -30.772655
v -98.312248 -25.846960 -30.889030
v -99.516808 -26.216208 -32.148727
v -99.782089 -27.541494 -32.320374
v -100.175507 -39.682655 -33.534134
v -100.713074 -40.714302 -30.414230
v -101.088257 -43.136513 -31.805794
v -100.232872 -39.081520 -31.709881
v -99.038399 -33.213707 -31.146008
v -98.868584 -30.642950 -27.424683
v -97.773071 -27.104742 -30.772655
v -98.054230 -26.849310 -27.473873
v -96.939789 -21.330114 -26.854202
v -97.492195 -23.189993 -25.324791
v -97.552498 -21.753607 -21.720230
v -97.025429 -19.292120 -21.739323
v -97.553215 -20.313345 -18.693653
v -97.871208 -22.366461 -19.873173
v -102.596321 -28.954992 -27.383465
v -103.159729 -30.715231 -25.537193
v -103.967201 -29.683020 -25.154251
v -103.511948 -28.260687 -26.646160
v -102.003906 -26.504385 -28.067394
v -103.033218 -26.280325 -27.198799
v -102.659309 -24.272757 -26.664124
v -101.541176 -24.019903 -27.405720
v -101.332153 -22.167318 -25.575737
v -102.490417 -22.775778 -25.185410
v -101.432823 -21.443136 -23.067795
v -102.571747 -22.190542 -23.158806
v -102.881554 -22.673834 -21.127407
v -101.816223 -22.041250 -20.553909
v -102.571747 -22.190542 -23.158806
v -102.945564 -23.087118 -21.364838
v -102.881554 -22.673834 -21.127407
v -102.672295 -22.660833 -23.156693
v -102.490417 -22.775778 -25.185410
v -102.600540 -23.177038 -24.944302
v -102.749527 -24.497473 -26.248627
v -102.659309 -24.272757 -26.664124
v -103.079346 -26.268301 -26.720249
v -103.033218 -26.280325 -27.198799
v -103.501617 -28.015097 -26.232788
v -103.511948 -28.260687 -26.646160
v -103.967201 -29.683020 -25.154251
v -103.903191 -29.269751 -24.916821
v -103.501617 -28.015097 -26.232788
v -103.903191 -29.269751 -24.916821
v -104.841576 -28.268469 -24.579014
v -104.540741 -27.328558 -25.564880
v -103.079346 -26.268301 -26.720249
v -104.224396 -26.019964 -25.930077
v -103.977318 -24.693319 -25.576748
v -102.749527 -24.497473 -26.248627
v -102.600540 -23.177038 -24.944302
v -103.865707 -23.704123 -24.599602
v -102.672295 -22.660833 -23.156693
v -103.919456 -23.317389 -23.260406
v -104.124191 -23.636755 -21.918045
v -102.945564 -23.087118 -21.364838
v -103.371025 -23.914389 -23.192543
v -103.540062 -24.178106 -22.084026
v -104.124191 -23.636755 -21.918045
v -103.919456 -23.317389 -23.260406
v -103.326622 -24.233816 -24.298447
v -103.865707 -23.704123 -24.599602
v -103.977318 -24.693319 -25.576748
v -103.418793 -25.050650 -25.105389
v -104.224396 -26.019964 -25.930077
v -103.622833 -26.146200 -25.397160
v -103.884079 -27.226843 -25.095577
v -104.540741 -27.328558 -25.564880
v -104.841576 -28.268469 -24.579014
v -104.132500 -28.003012 -24.281464
v -98.091705 -23.233831 -25.613972
v -99.476364 -24.035910 -25.692120
v -98.198090 -23.498816 -25.124054
v -99.369980 -23.770895 -26.182026
v -99.864464 -25.271917 -26.444950
v -99.758072 -25.006933 -26.934864
v -99.028603 -26.217932 -27.431454
v -99.134987 -26.482916 -26.941547
v -97.715294 -26.959417 -26.890984
v -97.608917 -26.694433 -27.380901
v -92.316193 -31.196783 -28.010490
v -92.209816 -30.931814 -28.500408
v -86.645439 -35.651268 -29.188446
v -86.539062 -35.386299 -29.678368
v -85.809593 -36.597252 -30.174946
v -85.915970 -36.862221 -29.685028
v -84.496292 -37.338753 -29.634499
v -84.389900 -37.073769 -30.124420
v -83.111603 -36.536690 -29.556328
v -84.496292 -37.338753 -29.634499
v -84.389900 -37.073769 -30.124420
v -83.217987 -36.801689 -29.066410
v -82.723541 -35.300621 -28.803524
v -82.829918 -35.565605 -28.313602
v -83.559380 -34.354652 -27.817020
v -83.453003 -34.089684 -28.306942
v -84.872673 -33.613121 -28.357487
v -84.979057 -33.878120 -27.867573
v -90.545502 -29.160925 -27.181164
v -90.651886 -29.425863 -26.691246
v -95.942543 -24.921331 -26.060001
v -96.048935 -25.186300 -25.570087
v -96.778389 -23.975302 -25.073502
v -96.672005 -23.710318 -25.563416
v -98.091705 -23.233831 -25.613972
v -98.198090 -23.498816 -25.124054
v 26.501244 -43.416374 -27.640087
v 24.040565 -34.564491 -14.025074
v 24.625296 -30.065878 -21.457172
v 26.370771 -50.995674 -21.803169
v 24.733738 -49.364113 -10.020573
v 23.477798 -38.784996 -6.937000
v 25.912344 -53.736580 -16.476562
v 26.124233 -54.086311 -17.911781
v 25.079374 -51.614067 -11.313427
v 25.265486 -54.761116 -10.765209
v 25.527571 -56.428734 -11.753414
v 38.650780 -32.272926 -21.263264
v 35.610962 -25.770636 -25.714558
v 38.185516 -28.960699 -19.729454
v 36.055515 -29.093466 -27.078762
v 37.341854 -38.866020 -30.925743
v 40.061520 -42.311150 -25.912369
v 28.958990 -61.527565 -18.237747
v 33.608257 -61.149544 -17.643490
v 29.305099 -61.274117 -17.532658
v 33.507915 -60.932411 -16.995491
v 37.693787 -60.591988 -16.460484
v 38.240707 -60.772881 -17.051414
v 25.615025 -33.680367 -4.846584
v 29.600080 -32.045280 -4.842880
v 25.250921 -32.398781 -5.398920
v 29.641691 -33.353004 -4.331747
v 33.663906 -33.026176 -3.817492
v 33.945820 -31.692114 -4.287249
v 27.073593 -30.510397 5.137585
v 28.032003 -29.874304 5.842598
v 26.536169 -29.976110 5.491346
v 28.135799 -30.440756 5.391220
v 29.224752 -30.334753 5.411812
v 29.564608 -29.728842 5.877409
v 27.227325 -30.775900 4.543051
v 28.263243 -32.131264 5.421286
v 28.228773 -30.714025 4.783989
v 27.320887 -32.174812 5.197636
v 27.738398 -33.469200 4.301914
v 28.478821 -33.441231 4.569296
v 36.262115 -21.094946 -18.127636
v 30.740513 -23.656942 -19.903347
v 36.559689 -23.195532 -19.116535
v 30.442955 -21.556494 -18.914467
v 30.277700 -19.229712 -19.108444
v 36.096867 -18.768301 -18.321613
v 30.289059 -17.300177 -20.433384
v 36.108231 -16.838781 -19.646564
v 36.293148 -15.823462 -21.747368
v 30.473980 -16.284964 -22.534206
v 36.602081 -15.994528 -24.061184
v 30.782909 -16.455984 -24.848019
v 31.133072 -17.767431 -26.754852
v 36.952240 -17.306036 -25.968010
v 31.430637 -19.867941 -27.743767
v 37.249813 -19.406546 -26.956913
v 37.415058 -21.733282 -26.762939
v 31.595892 -22.194677 -27.549759
v 37.403702 -23.662741 -25.437996
v 31.584526 -24.124136 -26.224846
v 31.399609 -25.139425 -24.124001
v 37.218792 -24.678076 -23.337193
v 31.090687 -24.968466 -21.810204
v 36.909863 -24.507071 -21.023376
v 36.559689 -23.195532 -19.116535
v 30.740513 -23.656942 -19.903347
v 33.939842 -12.656897 -21.452385
v 34.368206 -12.266638 -25.052250
v 34.151924 -10.726583 -24.339554
v 33.948185 -14.793280 -20.158661
v 34.737156 -20.410742 -22.758495
v 34.728497 -12.840170 -27.506382
v 35.519440 -18.471640 -30.112686
v 35.083843 -20.971640 -25.114250
v 35.664703 -20.239889 -30.124336
v 35.529720 -24.243643 -26.521481
v 37.137558 -30.726751 -34.977741
v 35.730469 -27.483221 -26.031704
v 37.454445 -39.757790 -31.712463
v 37.932896 -39.973030 -35.319035
v 26.406994 -13.271948 -22.412670
v 26.615887 -11.341894 -25.300247
v 26.832781 -12.881872 -26.012871
v 26.417620 -15.408148 -21.118660
v 27.208786 -21.025442 -23.718208
v 27.191887 -13.455542 -28.467152
v 27.985004 -19.086828 -31.073174
v 27.554346 -21.586386 -26.074108
v 28.131447 -20.854971 -31.084675
v 28.001539 -24.858313 -27.481174
v 29.608418 -31.341497 -35.937550
v 28.204870 -28.097677 -26.991070
v 29.933592 -40.371864 -32.671215
v 30.409878 -40.587318 -36.278072
v 51.542038 -41.137932 -27.414524
v 52.810249 -42.327370 -27.676880
v 52.703873 -42.062386 -28.166798
v 51.648418 -41.402931 -26.924599
v 50.013557 -41.558861 -26.653950
v 49.907173 -41.293861 -27.143852
v 42.881908 -39.365211 -24.575203
v 42.988297 -39.630226 -24.085289
v 35.501900 -37.335487 -21.874836
v 35.608284 -37.600456 -21.384933
v 34.340046 -36.411064 -21.122532
v 34.446434 -36.676064 -20.632629
v 32.811569 -36.831963 -20.361969
v 32.705189 -36.566978 -20.851883
v 31.554968 -37.711922 -21.221390
v 31.661350 -37.976891 -20.731472
v 31.669582 -39.440147 -21.524708
v 31.563196 -39.175179 -22.014618
v 52.818474 -43.790627 -28.470108
v 52.703873 -42.062386 -28.166798
v 52.810249 -42.327370 -27.676880
v 52.712093 -43.525627 -28.960026
v 51.561890 -44.670586 -29.329548
v 51.668262 -44.935524 -28.839626
v 50.033390 -45.091469 -28.568962
v 49.927010 -44.826485 -29.058868
v 48.765179 -43.902061 -28.306587
v 48.871567 -44.167061 -27.816669
v 41.741329 -41.970192 -25.736496
v 41.847713 -42.235161 -25.246582
v 34.359909 -39.943672 -23.037575
v 34.466293 -40.208656 -22.547657
v 32.831402 -40.364571 -22.276981
v 32.725021 -40.099617 -22.766911
v 31.563196 -39.175179 -22.014618
v 31.669582 -39.440147 -21.524708
v 85.174644 -33.412331 -28.974377
v 86.326950 -34.509499 -29.161671
v 86.220558 -34.244499 -29.651581
v 85.281029 -33.677330 -28.484459
v 83.809258 -33.817665 -28.240791
v 83.702881 -33.552696 -28.730713
v 77.378532 -31.816458 -26.418335
v 77.484901 -32.081444 -25.928406
v 70.734825 -29.989248 -23.987385
v 70.841202 -30.254248 -23.497471
v 69.688889 -29.157034 -23.310120
v 69.795265 -29.422033 -22.820206
v 68.323509 -29.562399 -22.576569
v 68.217125 -29.297400 -23.066486
v 67.181679 -30.328115 -23.399117
v 67.288055 -30.593100 -22.909199
v 67.295448 -31.910345 -23.623299
v 67.189064 -31.645361 -24.113216
v 86.334335 -35.826744 -29.875767
v 86.220558 -34.244499 -29.651581
v 86.326950 -34.509499 -29.161671
v 86.227951 -35.561790 -30.365681
v 85.192513 -36.592522 -30.698326
v 85.298897 -36.857475 -30.208412
v 83.827141 -36.997856 -29.964741
v 83.720749 -36.732872 -30.454655
v 82.674820 -35.900658 -29.777443
v 82.781197 -36.165642 -29.287525
v 76.351753 -34.161583 -27.463760
v 76.458130 -34.426567 -26.973854
v 69.706764 -32.337212 -25.034103
v 69.813141 -32.602180 -24.544189
v 68.341385 -32.742561 -24.300529
v 68.235001 -32.477592 -24.790447
v 67.189064 -31.645361 -24.113216
v 67.295448 -31.910345 -23.623299
v 102.101334 -21.478491 -16.583912
v 101.341042 -26.388235 -14.580677
v 103.322479 -26.771658 -15.680992
v 100.243958 -21.721029 -15.576977
v 99.404930 -19.172110 -18.478458
v 101.423187 -19.496130 -19.091984
v 101.463577 -27.424871 -15.504314
v 103.220818 -32.065681 -18.206612
v 102.466072 -27.641333 -16.347450
v 102.478394 -33.401878 -18.063049
v 101.171349 -32.494926 -18.001850
v 100.416695 -28.070898 -16.142563
v 100.713074 -40.714302 -30.414230
v 102.700226 -39.694283 -29.122330
v 102.579414 -39.667412 -30.253227
v 100.972961 -40.925041 -28.301548
v 99.795181 -32.950981 -23.157497
v 101.547134 -31.880026 -24.070290
v 101.527512 -30.067831 -20.463371
v 99.719246 -30.996664 -19.806087
v 99.141724 -27.298758 -17.728348
v 101.014542 -26.783239 -18.617813
v 100.261429 -23.518744 -19.174656
v 98.281128 -23.568548 -18.364647
v 97.871208 -22.366461 -19.873173
v 99.925438 -22.532782 -20.409199
v 103.854370 -32.738060 -21.606949
v 104.663902 -32.138847 -22.533966
v 104.755661 -32.215996 -21.793892
v 103.731293 -32.634621 -22.599606
v 103.505783 -31.869787 -23.212254
v 104.495781 -31.568624 -22.990719
v 104.349754 -30.839331 -22.896626
v 103.309929 -30.891577 -23.086033
v 103.258453 -30.273001 -22.294880
v 104.311386 -30.378164 -22.306801
v 104.403130 -30.455282 -21.566730
v 103.381531 -30.376440 -21.302246
v 103.607048 -31.141287 -20.689579
v 104.571266 -31.025518 -21.109962
v 104.717285 -31.754827 -21.204041
v 103.802902 -32.119469 -20.815781
v 103.854370 -32.738060 -21.606949
v 104.755661 -32.215996 -21.793892
v 103.336136 -23.566412 -17.609024
v 102.540039 -24.252478 -16.731888
v 103.504272 -24.136709 -17.152256
v 102.314529 -23.487600 -17.344536
v 102.191460 -23.384176 -18.337181
v 103.244377 -23.489340 -18.349087
v 103.282745 -23.950506 -18.938942
v 102.242928 -24.002737 -19.128342
v 102.438774 -24.980978 -19.254555
v 103.428764 -24.679785 -19.033020
v 103.596909 -25.250021 -18.576271
v 102.664299 -25.745779 -18.641891
v 102.787369 -25.849249 -17.649246
v 103.688652 -25.327108 -17.836197
v 103.650284 -24.865973 -17.246349
v 102.735901 -25.230658 -16.858086
v 102.540039 -24.252478 -16.731888
v 103.504272 -24.136709 -17.152256
v 100.892998 -18.468618 -22.148621
v 100.807404 -20.506887 -27.263538
v 98.675987 -19.749838 -26.853882
v 98.797417 -18.117880 -22.238655
v 99.404930 -19.172110 -18.478458
v 101.423187 -19.496130 -19.091984
v 100.074837 -21.685049 -27.359650
v 100.603386 -25.545996 -30.260490
v 99.632408 -26.312872 -31.169506
v 98.907547 -21.058096 -27.275471
v 98.027992 -22.120886 -27.143158
v 98.556541 -25.981726 -30.043617
v 96.939789 -21.330114 -26.854202
v 98.797417 -18.117880 -22.238655
v 98.675987 -19.749838 -26.853882
v 97.025429 -19.292120 -21.739323
v 97.553215 -20.313345 -18.693653
v 99.404930 -19.172110 -18.478458
v 102.579414 -39.667412 -30.253227
v 100.232872 -39.081520 -31.709881
v 100.713074 -40.714302 -30.414230
v 102.320404 -38.748192 -30.871490
v 100.980881 -30.469625 -26.677986
v 98.868584 -30.642950 -27.424683
v 100.111145 -26.539785 -26.986092
v 98.054230 -26.849310 -27.473873
v 99.611916 -23.289465 -25.077232
v 97.492195 -23.189993 -25.324791
v 97.552498 -21.753607 -21.720230
v 99.664711 -22.032431 -21.922752
v 99.925438 -22.532782 -20.409199
v 97.871208 -22.366461 -19.873173
v 103.334862 -28.828360 -28.654556
v 102.176735 -28.559271 -29.332840
v 103.166710 -28.258108 -29.111309
v 102.402245 -29.324072 -28.720181
v 102.525314 -29.427572 -27.727528
v 103.426613 -28.905493 -27.914474
v 103.388237 -28.444326 -27.324623
v 102.473854 -28.809011 -26.936367
v 102.278000 -27.830786 -26.810169
v 103.242218 -27.714972 -27.230545
v 103.074089 -27.144751 -27.687305
v 102.052483 -27.065908 -27.422852
v 101.929413 -26.962484 -28.415470
v 102.982330 -27.067648 -28.427380
v 103.020699 -27.528784 -29.017220
v 101.980881 -27.581030 -29.206642
v 102.176735 -28.559271 -29.332840
v 103.166710 -28.258108 -29.111309
v 100.862411 -20.073690 -24.457775
v 102.007088 -20.255911 -23.729618
v 101.915337 -20.178823 -24.469681
v 100.985474 -20.177099 -23.465130
v 101.210999 -20.941946 -22.852459
v 102.175224 -20.826178 -23.272854
v 102.321236 -21.555456 -23.366928
v 101.406845 -21.920156 -22.978680
v 101.458321 -22.538778 -23.769836
v 102.359604 -22.016638 -23.956768
v 102.267860 -21.939505 -24.696865
v 101.335258 -22.435263 -24.762486
v 101.109734 -21.670477 -25.375141
v 102.099724 -21.369268 -25.153614
v 101.953697 -20.639975 -25.059513
v 100.913872 -20.692221 -25.248928
v 100.862411 -20.073690 -24.457775
v 101.915337 -20.178823 -24.469681
v -26.501244 -43.416374 -27.640087
v -24.625296 -30.065878 -21.457172
v -24.040565 -34.564491 -14.025074
v -26.370771 -50.995674 -21.803169
v -24.733738 -49.364113 -10.020573
v -23.477798 -38.784996 -6.937000
v -25.912344 -53.736580 -16.476562
v -26.124233 -54.086311 -17.911781
v -25.079374 -51.614067 -11.313427
v -25.265486 -54.761116 -10.765209
v -25.527571 -56.428734 -11.753414
v -38.650780 -32.272926 -21.263264
v -38.185516 -28.960699 -19.729454
v -35.610962 -25.770636 -25.714558
v -36.055515 -29.093466 -27.078762
v -37.341854 -38.866020 -30.925743
v -40.061520 -42.311150 -25.912369
v -29.305099 -61.274117 -17.532658
v -33.608257 -61.149544 -17.643490
v -28.958990 -61.527565 -18.237747
v -33.507915 -60.932411 -16.995491
v -37.693787 -60.591988 -16.460484
v -38.240707 -60.772881 -17.051414
v -29.600080 -32.045280 -4.842880
v -25.615025 -33.680367 -4.846584
v -25.250921 -32.398781 -5.398920
v -29.641691 -33.353004 -4.331747
v -33.663906 -33.026176 -3.817492
v -33.945820 -31.692114 -4.287249
v -28.032003 -29.874304 5.842598
v -27.073593 -30.510397 5.137585
v -26.536169 -29.976110 5.491346
v -28.135799 -30.440756 5.391220
v -29.224752 -30.334753 5.411812
v -29.564608 -29.728842 5.877409
v -28.263243 -32.131264 5.421286
v -27.227325 -30.775900 4.543051
v -28.228773 -30.714025 4.783989
v -27.320887 -32.174812 5.197636
v -27.738398 -33.469200 4.301914
v -28.478821 -33.441231 4.569296
v -30.740513 -23.656942 -19.903347
v -36.262115 -21.094946 -18.127636
v -36.559689 -23.195532 -19.116535
v -30.442955 -21.556494 -18.914467
v -30.277700 -19.229712 -19.108444
v -36.096867 -18.768301 -18.321613
v -30.289059 -17.300177 -20.433384
v -36.108231 -16.838781 -19.646564
v -36.293148 -15.823462 -21.747368
v -30.473980 -16.284964 -22.534206
v -36.602081 -15.994528 -24.061184
v -30.782909 -16.455984 -24.848019
v -31.133072 -17.767431 -26.754852
v -36.952240 -17.306036 -25.968010
v -31.430637 -19.867941 -27.743767
v -37.249813 -19.406546 -26.956913
v -37.415058 -21.733282 -26.762939
v -31.595892 -22.194677 -27.549759
v -37.403702 -23.662741 -25.437996
v -31.584526 -24.124136 -26.224846
v -31.399609 -25.139425 -24.124001
v -37.218792 -24.678076 -23.337193
v -31.090687 -24.968466 -21.810204
v -36.909863 -24.507071 -21.023376
v -36.559689 -23.195532 -19.116535
v -30.740513 -23.656942 -19.903347
v -33.939842 -12.656897 -21.452385
v -34.151924 -10.726583 -24.339554
v -34.368206 -12.266638 -25.052250
v -33.948185 -14.793280 -20.158661
v -34.737156 -20.410742 -22.758495
v -34.728497 -12.840170 -27.506382
v -35.519440 -18.471640 -30.112686
v -35.083843 -20.971640 -25.114250
v -35.664703 -20.239889 -30.124336
v -35.529720 -24.243643 -26.521481
v -37.137558 -30.726751 -34.977741
v -35.730469 -27.483221 -26.031704
v -37.454445 -39.757790 -31.712463
v -37.932896 -39.973030 -35.319035
v -26.406994 -13.271948 -22.412670
v -26.832781 -12.881872 -26.012871
v -26.615887 -11.341894 -25.300247
v -26.417620 -15.408148 -21.118660
v -27.208786 -21.025442 -23.718208
v -27.191887 -13.455542 -28.467152
v -27.985004 -19.086828 -31.073174
v -27.554346 -21.586386 -26.074108
v -28.131447 -20.854971 -31.084675
v -28.001539 -24.858313 -27.481174
v -29.608418 -31.341497 -35.937550
v -28.204870 -28.097677 -26.991070
v -29.933592 -40.371864 -32.671215
v -30.409878 -40.587318 -36.278072
v -52.810249 -42.327370 -27.676880
v -51.542038 -41.137932 -27.414524
v -52.703873 -42.062386 -28.166798
v -51.648418 -41.402931 -26.924599
v -50.013557 -41.558861 -26.653950
v -49.907173 -41.293861 -27.143852
v -42.881908 -39.365211 -24.575203
v -42.988297 -39.630226 -24.085289
v -35.501900 -37.335487 -21.874836
v -35.608284 -37.600456 -21.384933
v -34.340046 -36.411064 -21.122532
v -34.446434 -36.676064 -20.632629
v -32.811569 -36.831963 -20.361969
v -32.705189 -36.566978 -20.851883
v -31.554968 -37.711922 -21.221390
v -31.661350 -37.976891 -20.731472
v -31.669582 -39.440147 -21.524708
v -31.563196 -39.175179 -22.014618
v -52.703873 -42.062386 -28.166798
v -52.818474 -43.790627 -28.470108
v -52.810249 -42.327370 -27.676880
v -52.712093 -43.525627 -28.960026
v -51.561890 -44.670586 -29.329548
v -51.668262 -44.935524 -28.839626
v -50.033390 -45.091469 -28.568962
v -49.927010 -44.826485 -29.058868
v -48.765179 -43.902061 -28.306587
v -48.871567 -44.167061 -27.816669
v -41.741329 -41.970192 -25.736496
v -41.847713 -42.235161 -25.246582
v -34.359909 -39.943672 -23.037575
v -34.466293 -40.208656 -22.547657
v -32.831402 -40.364571 -22.276981
v -32.725021 -40.099617 -22.766911
v -31.563196 -39.175179 -22.014618
v -31.669582 -39.440147 -21.524708
v -86.326950 -34.509499 -29.161671
v -85.174644 -33.412331 -28.974377
v -86.220558 -34.244499 -29.651581
v -85.281029 -33.677330 -28.484459
v -83.809258 -33.817665 -28.240791
v -83.702881 -33.552696 -28.730713
v -77.378532 -31.816458 -26.418335
v -77.484901 -32.081444 -25.928406
v -70.734825 -29.989248 -23.987385
v -70.841202 -30.254248 -23.497471
v -69.688889 -29.157034 -23.310120
v -69.795265 -29.422033 -22.820206
v -68.323509 -29.562399 -22.576569
v -68.217125 -29.297400 -23.066486
v -67.181679 -30.328115 -23.399117
v -67.288055 -30.593100 -22.909199
v -67.295448 -31.910345 -23.623299
v -67.189064 -31.645361 -24.113216
v -86.220558 -34.244499 -29.651581
v -86.334335 -35.826744 -29.875767
v -86.326950 -34.509499 -29.161671
v -86.227951 -35.561790 -30.365681
v -85.192513 -36.592522 -30.698326
v -85.298897 -36.857475 -30.208412
v -83.827141 -36.997856 -29.964741
v -83.720749 -36.732872 -30.454655
v -82.674820 -35.900658 -29.777443
v -82.781197 -36.165642 -29.287525
v -76.351753 -34.161583 -27.463760
v -76.458130 -34.426567 -26.973854
v -69.706764 -32.337212 -25.034103
v -69.813141 -32.602180 -24.544189
v -68.341385 -32.742561 -24.300529
v -68.235001 -32.477592 -24.790447
v -67.189064 -31.645361 -24.113216
v -67.295448 -31.910345 -23.623299
v -102.101334 -21.478491 -16.583912
v -103.322479 -26.771658 -15.680992
v -101.341042 -26.388235 -14.580677
v -100.243958 -21.721029 -15.576977
v -99.404930 -19.172110 -18.478458
v -101.423187 -19.496130 -19.091984
v -103.220818 -32.065681 -18.206612
v -101.463577 -27.424871 -15.504314
v -102.466072 -27.641333 -16.347450
v -102.478394 -33.401878 -18.063049
v -101.171349 -32.494926 -18.001850
v -100.416695 -28.070898 -16.142563
v -102.700226 -39.694283 -29.122330
v -100.713074 -40.714302 -30.414230
v -102.579414 -39.667412 -30.253227
v -100.972961 -40.925041 -28.301548
v -99.795181 -32.950981 -23.157497
v -101.547134 -31.880026 -24.070290
v -101.527512 -30.067831 -20.463371
v -99.719246 -30.996664 -19.806087
v -99.141724 -27.298758 -17.728348
v -101.014542 -26.783239 -18.617813
v -100.261429 -23.518744 -19.174656
v -98.281128 -23.568548 -18.364647
v -97.871208 -22.366461 -19.873173
v -99.925438 -22.532782 -20.409199
v -104.663902 -32.138847 -22.533966
v -103.854370 -32.738060 -21.606949
v -104.755661 -32.215996 -21.793892
v -103.731293 -32.634621 -22.599606
v -103.505783 -31.869787 -23.212254
v -104.495781 -31.568624 -22.990719
v -104.349754 -30.839331 -22.896626
v -103.309929 -30.891577 -23.086033
v -103.258453 -30.273001 -22.294880
v -104.311386 -30.378164 -22.306801
v -104.403130 -30.455282 -21.566730
v -103.381531 -30.376440 -21.302246
v -103.607048 -31.141287 -20.689579
v -104.571266 -31.025518 -21.109962
v -104.717285 -31.754827 -21.204041
v -103.802902 -32.119469 -20.815781
v -103.854370 -32.738060 -21.606949
v -104.755661 -32.215996 -21.793892
v -102.540039 -24.252478 -16.731888
v -103.336136 -23.566412 -17.609024
v -103.504272 -24.136709 -17.152256
v -102.314529 -23.487600 -17.344536
v -102.191460 -23.384176 -18.337181
v -103.244377 -23.489340 -18.349087
v -103.282745 -23.950506 -18.938942
v -102.242928 -24.002737 -19.128342
v -102.438774 -24.980978 -19.254555
v -103.428764 -24.679785 -19.033020
v -103.596909 -25.250021 -18.576271
v -102.664299 -25.745779 -18.641891
v -102.787369 -25.849249 -17.649246
v -103.688652 -25.327108 -17.836197
v -103.650284 -24.865973 -17.246349
v -102.735901 -25.230658 -16.858086
v -102.540039 -24.252478 -16.731888
v -103.504272 -24.136709 -17.152256
v -100.892998 -18.468618 -22.148621
v -98.675987 -19.749838 -26.853882
v -100.807404 -20.506887 -27.263538
v -98.797417 -18.117880 -22.238655
v -99.404930 -19.172110 -18.478458
v -101.423187 -19.496130 -19.091984
v -100.074837 -21.685049 -27.359650
v -99.632408 -26.312872 -31.169506
v -100.603386 -25.545996 -30.260490
v -98.907547 -21.058096 -27.275471
v -98.027992 -22.120886 -27.143158
v -98.556541 -25.981726 -30.043617
v -98.797417 -18.117880 -22.238655
v -96.939789 -21.330114 -26.854202
v -98.675987 -19.749838 -26.853882
v -97.025429 -19.292120 -21.739323
v -97.553215 -20.313345 -18.693653
v -99.404930 -19.172110 -18.478458
v -100.232872 -39.081520 -31.709881
v -102.579414 -39.667412 -30.253227
v -100.713074 -40.714302 -30.414230
v -102.320404 -38.748192 -30.871490
v -100.980881 -30.469625 -26.677986
v -98.868584 -30.642950 -27.424683
v -100.111145 -26.539785 -26.986092
v -98.054230 -26.849310 -27.473873
v -99.611916 -23.289465 -25.077232
v -97.492195 -23.189993 -25.324791
v -97.552498 -21.753607 -21.720230
v -99.664711 -22.032431 -21.922752
v -99.925438 -22.532782 -20.409199
v -97.871208 -22.366461 -19.873173
v -102.176735 -28.559271 -29.332840
v -103.334862 -28.828360 -28.654556
v -103.166710 -28.258108 -29.111309
v -102.402245 -29.324072 -28.720181
v -102.525314 -29.427572 -27.727528
v -103.426613 -28.905493 -27.914474
v -103.388237 -28.444326 -27.324623
v -102.473854 -28.809011 -26.936367
v -102.278000 -27.830786 -26.810169
v -103.242218 -27.714972 -27.230545
v -103.074089 -27.144751 -27.687305
v -102.052483 -27.065908 -27.422852
v -101.929413 -26.962484 -28.415470
v -102.982330 -27.067648 -28.427380
v -103.020699 -27.528784 -29.017220
v -101.980881 -27.581030 -29.206642
v -102.176735 -28.559271 -29.332840
v -103.166710 -28.258108 -29.111309
v -102.007088 -20.255911 -23.729618
v -100.862411 -20.073690 -24.457775
v -101.915337 -20.178823 -24.469681
v -100.985474 -20.177099 -23.465130
v -101.210999 -20.941946 -22.852459
v -102.175224 -20.826178 -23.272854
v -102.321236 -21.555456 -23.366928
v -101.406845 -21.920156 -22.978680
v -101.458321 -22.538778 -23.769836
v -102.359604 -22.016638 -23.956768
v -102.267860 -21.939505 -24.696865
v -101.335258 -22.435263 -24.762486
v -101.109734 -21.670477 -25.375141
v -102.099724 -21.369268 -25.153614
v -101.953697 -20.639975 -25.059513
v -100.913872 -20.692221 -25.248928
v -100.862411 -20.073690 -24.457775
v -101.915337 -20.178823 -24.469681
v 28.819469 -55.613701 -20.907734
v 30.509939 -61.430412 -21.143120
v 28.958990 -61.527565 -18.237747
v 30.654079 -57.907600 -24.505054
v 29.024992 -53.051140 -24.142395
v 32.648281 -61.767525 -23.741848
v 30.767197 -55.355263 -27.010269
v 32.765259 -59.155800 -26.305878
v 34.677174 -59.390221 -27.155354
v 34.601654 -61.801552 -25.018463
v 31.006216 -52.198830 -29.403652
v 28.978418 -48.025154 -26.975407
v 32.877964 -56.815544 -28.673683
v 31.371277 -49.610725 -31.810490
v 29.042387 -46.102333 -28.692230
v 32.601311 -46.533455 -34.599022
v 31.350836 -43.019661 -32.218872
v 33.793537 -47.671471 -35.463970
v 33.183018 -50.928841 -33.011368
v 32.979874 -53.746071 -30.677841
v 34.770584 -51.164024 -33.156883
v 34.798855 -47.711678 -35.589855
v 34.731171 -54.210396 -30.896503
v 34.732880 -57.279610 -28.944126
v 36.357246 -56.532722 -28.228973
v 36.274403 -53.478249 -30.256763
v 36.215611 -50.682213 -32.623749
v 35.727524 -47.514229 -35.216824
v 36.244530 -58.872887 -25.861179
v 36.127567 -61.484612 -23.297150
v 37.725723 -54.789452 -26.120819
v 37.612598 -57.341774 -23.615685
v 37.468456 -60.864586 -20.253750
v 38.101189 -54.858955 -19.721405
v 38.240707 -60.772881 -17.051414
v 38.306725 -52.296425 -22.956051
v 37.595211 -51.663078 -28.561466
v 38.260139 -47.270378 -25.789074
v 37.436527 -49.117546 -31.035263
v 38.324432 -45.345894 -27.509621
v 36.469296 -46.218956 -34.104641
v 36.510197 -42.600060 -31.559441
v 25.672247 -29.135534 -10.785900
v 30.584772 -24.174597 -17.608299
v 26.240623 -24.528509 -18.161743
v 30.020391 -28.782217 -10.229961
v 25.250921 -32.398781 -5.398920
v 34.938904 -23.819845 -17.053589
v 29.600080 -32.045280 -4.842880
v 34.370190 -28.428717 -9.673801
v 33.945820 -31.692114 -4.287249
v 30.584772 -24.174597 -17.608299
v 34.938904 -23.819845 -17.053589
v 35.387657 -21.600805 -20.921837
v 30.899950 -21.965750 -21.495407
v 26.240623 -24.528509 -18.161743
v 34.356277 -20.679419 -23.675327
v 26.426229 -22.329504 -22.067234
v 31.146420 -20.940359 -24.085567
v 27.952991 -21.200094 -24.493725
v 25.332205 -34.057915 -4.990711
v 29.641691 -33.353004 -4.331747
v 25.615025 -33.680367 -4.846584
v 30.188091 -37.600548 -5.897375
v 25.303576 -37.997765 -6.521683
v 33.663906 -33.026176 -3.817492
v 34.030094 -33.351021 -3.878647
v 35.064716 -37.204048 -5.274036
v -28.819469 -55.613701 -20.907734
v -28.958990 -61.527565 -18.237747
v -30.509939 -61.430412 -21.143120
v -30.654079 -57.907600 -24.505054
v -29.024992 -53.051140 -24.142395
v -32.648281 -61.767525 -23.741848
v -30.767197 -55.355263 -27.010269
v -32.765259 -59.155800 -26.305878
v -34.677174 -59.390221 -27.155354
v -34.601654 -61.801552 -25.018463
v -31.006216 -52.198830 -29.403652
v -28.978418 -48.025154 -26.975407
v -32.877964 -56.815544 -28.673683
v -31.371277 -49.610725 -31.810490
v -29.042387 -46.102333 -28.692230
v -32.979874 -53.746071 -30.677841
v -32.601311 -46.533455 -34.599022
v -31.350836 -43.019661 -32.218872
v -33.793537 -47.671471 -35.463970
v -33.183018 -50.928841 -33.011368
v -34.770584 -51.164024 -33.156883
v -34.798855 -47.711678 -35.589855
v -34.731171 -54.210396 -30.896503
v -34.732880 -57.279610 -28.944126
v -36.357246 -56.532722 -28.228973
v -36.274403 -53.478249 -30.256763
v -36.215611 -50.682213 -32.623749
v -35.727524 -47.514229 -35.216824
v -36.244530 -58.872887 -25.861179
v -36.127567 -61.484612 -23.297150
v -37.725723 -54.789452 -26.120819
v -37.612598 -57.341774 -23.615685
v -37.468456 -60.864586 -20.253750
v -38.101189 -54.858955 -19.721405
v -38.240707 -60.772881 -17.051414
v -38.306725 -52.296425 -22.956051
v -37.595211 -51.663078 -28.561466
v -38.260139 -47.270378 -25.789074
v -37.436527 -49.117546 -31.035263
v -38.324432 -45.345894 -27.509621
v -36.469296 -46.218956 -34.104641
v -36.510197 -42.600060 -31.559441
v -30.584772 -24.174597 -17.608299
v -25.672247 -29.135534 -10.785900
v -26.240623 -24.528509 -18.161743
v -30.020391 -28.782217 -10.229961
v -25.250921 -32.398781 -5.398920
v -34.938904 -23.819845 -17.053589
v -29.600080 -32.045280 -4.842880
v -34.370190 -28.428717 -9.673801
v -33.945820 -31.692114 -4.287249
v -30.584772 -24.174597 -17.608299
v -35.387657 -21.600805 -20.921837
v -34.938904 -23.819845 -17.053589
v -30.899950 -21.965750 -21.495407
v -34.356277 -20.679419 -23.675327
v -26.240623 -24.528509 -18.161743
v -31.146420 -20.940359 -24.085567
v -26.426229 -22.329504 -22.067234
v -27.952991 -21.200094 -24.493725
v -29.641691 -33.353004 -4.331747
v -25.332205 -34.057915 -4.990711
v -25.615025 -33.680367 -4.846584
v -30.188091 -37.600548 -5.897375
v -25.303576 -37.997765 -6.521683
v -33.663906 -33.026176 -3.817492
v -34.030094 -33.351021 -3.878647
v -35.064716 -37.204048 -5.274036
v -30.383972 -11.033117 -24.821175
v -26.615887 -11.341894 -25.300247
v -30.221937 -9.880972 -24.287998
v -25.318609 -10.282934 -24.911362
v -25.480869 -11.434927 -25.444511
v -25.697781 -12.975103 -26.157261
v -26.832781 -12.881872 -26.012871
v 30.221937 -9.880972 -24.287998
v 26.615887 -11.341894 -25.300247
v 30.383972 -11.033117 -24.821175
v 25.318609 -10.282934 -24.911362
v 25.480869 -11.434927 -25.444511
v 25.697781 -12.975103 -26.157261
v 26.832781 -12.881872 -26.012871
v 103.540062 -24.178106 -22.084026
v 103.788506 -24.954306 -21.269901
v 103.836288 -26.090567 -23.182739
v 104.049736 -26.034933 -20.968311
v 104.253777 -27.130499 -21.260090
v 104.345955 -27.947393 -22.067043
v 104.301567 -28.266760 -23.172939
v 104.132500 -28.003012 -24.281464
v 103.540062 -24.178106 -22.084026
v 103.836288 -26.090567 -23.182739
v 103.371025 -23.914389 -23.192543
v 103.326622 -24.233816 -24.298447
v 103.418793 -25.050650 -25.105389
v 103.622833 -26.146200 -25.397160
v 103.884079 -27.226843 -25.095577
v 104.132500 -28.003012 -24.281464
v -103.540062 -24.178106 -22.084026
v -103.836288 -26.090567 -23.182739
v -103.788506 -24.954306 -21.269901
v -104.049736 -26.034933 -20.968311
v -104.253777 -27.130499 -21.260090
v -104.345955 -27.947393 -22.067043
v -104.301567 -28.266760 -23.172939
v -104.132500 -28.003012 -24.281464
v -103.540062 -24.178106 -22.084026
v -103.371025 -23.914389 -23.192543
v -103.836288 -26.090567 -23.182739
v -103.326622 -24.233816 -24.298447
v -103.418793 -25.050650 -25.105389
v -103.622833 -26.146200 -25.397160
v -103.884079 -27.226843 -25.095577
v -104.132500 -28.003012 -24.281464
v 30.509939 -61.430412 -21.143120
v 33.608257 -61.149544 -17.643490
v 28.958990 -61.527565 -18.237747
v 37.468456 -60.864586 -20.253750
v 38.240707 -60.772881 -17.051414
v 33.997345 -61.146812 -20.697399
v 32.648281 -61.767525 -23.741848
v 36.127567 -61.484612 -23.297150
v 34.396049 -61.625435 -23.518444
v 34.601654 -61.801552 -25.018463
v 26.261295 -56.905479 -12.126591
v 32.316257 -55.876701 -10.885757
v 25.527571 -56.428734 -11.753414
v 39.087353 -55.326134 -10.020302
v 38.555607 -55.905861 -10.555202
v 32.417255 -56.404945 -11.339741
v 28.995981 -60.836678 -15.392513
v 37.384674 -60.154640 -14.320324
v 33.199360 -60.494881 -14.855278
v 31.044659 -34.529854 4.238501
v 31.315315 -31.778997 6.039497
v 30.475554 -31.928686 6.240425
v 29.255230 -32.069939 6.202784
v 29.332706 -33.698952 5.062025
v 30.410154 -34.660149 4.264339
v 31.304180 -36.976479 -2.562962
v 30.910921 -37.267281 -2.646589
v 29.762218 -37.611336 -2.827244
v 28.636259 -35.040184 4.358387
v 28.437193 -33.813560 5.134275
v 25.137621 -32.283440 5.251966
v 26.284195 -34.918541 3.631634
v 25.913563 -32.301140 5.658867
v 27.581520 -33.841927 4.838781
v 27.111141 -32.245003 5.929459
v 26.904621 -34.946358 3.817451
v 28.122128 -37.236320 -2.968607
v 28.565037 -37.458809 -2.945642
v 29.762218 -37.611336 -2.827244
v 28.636259 -35.040184 4.358387
v 28.437193 -33.813560 5.134275
v -33.608257 -61.149544 -17.643490
v -30.509939 -61.430412 -21.143120
v -28.958990 -61.527565 -18.237747
v -38.240707 -60.772881 -17.051414
v -37.468456 -60.864586 -20.253750
v -33.997345 -61.146812 -20.697399
v -32.648281 -61.767525 -23.741848
v -36.127567 -61.484612 -23.297150
v -34.396049 -61.625435 -23.518444
v -34.601654 -61.801552 -25.018463
v -32.316257 -55.876701 -10.885757
v -26.261295 -56.905479 -12.126591
v -25.527571 -56.428734 -11.753414
v -39.087353 -55.326134 -10.020302
v -38.555607 -55.905861 -10.555202
v -32.417255 -56.404945 -11.339741
v -28.995981 -60.836678 -15.392513
v -37.384674 -60.154640 -14.320324
v -33.199360 -60.494881 -14.855278
v -31.315315 -31.778997 6.039497
v -31.044659 -34.529854 4.238501
v -30.475554 -31.928686 6.240425
v -29.332706 -33.698952 5.062025
v -29.255230 -32.069939 6.202784
v -30.410154 -34.660149 4.264339
v -31.304180 -36.976479 -2.562962
v -30.910921 -37.267281 -2.646589
v -29.762218 -37.611336 -2.827244
v -28.636259 -35.040184 4.358387
v -28.437193 -33.813560 5.134275
v -26.284195 -34.918541 3.631634
v -25.137621 -32.283440 5.251966
v -25.913563 -32.301140 5.658867
v -27.581520 -33.841927 4.838781
v -27.111141 -32.245003 5.929459
v -26.904621 -34.946358 3.817451
v -28.122128 -37.236320 -2.968607
v -28.565037 -37.458809 -2.945642
v -29.762218 -37.611336 -2.827244
v -28.636259 -35.040184 4.358387
v -28.437193 -33.813560 5.134275
v 64.951355 -40.231941 -28.603756
v 67.013237 -39.803596 -27.644402
v 65.705925 -33.669380 -27.630726
v 68.043846 -45.717827 -29.916222
v 63.486771 -33.489006 -28.602394
v 66.104759 -46.718987 -31.076065
v 65.039482 -28.687551 -23.734818
v 68.894119 -49.101707 -28.654903
v 62.701363 -27.727285 -24.095528
v 67.233040 -51.130394 -29.432320
v 62.826347 -25.621069 -18.464676
v 67.564407 -50.383675 -24.660782
v 65.145157 -26.888937 -18.925083
v 69.144341 -48.530312 -24.997673
v 65.680855 -27.907553 -15.796005
v 66.904953 -45.136696 -20.017651
v 63.478565 -26.829092 -14.696152
v 68.533974 -43.677193 -20.820526
v 66.392220 -30.111242 -13.425297
v 68.449142 -40.670952 -15.351051
v 64.357193 -29.476416 -11.761883
v 66.821922 -41.862221 -13.944477
v 65.694153 -35.240974 -10.942451
v 67.500305 -34.995354 -12.775768
v -27.025793 -5.442373 -21.918411
v -27.370729 -4.806479 -21.511402
v -27.573261 -5.310110 -20.596043
v -27.712860 -4.258535 -22.357182
v -27.272032 -6.054647 -20.805534
v -27.441730 -4.776205 -22.946648
v -28.266214 -5.634573 -19.856327
v -28.507969 -3.813192 -22.906681
v -28.114491 -6.449057 -19.906227
v -28.408422 -4.234701 -23.614727
v -29.263876 -5.692801 -19.490486
v -29.543045 -3.589651 -23.012714
v -29.327410 -6.519857 -19.461437
v -29.666828 -3.962912 -23.743649
v -30.298946 -5.469320 -19.596527
v -30.879745 -4.033773 -23.298859
v -30.585817 -6.248159 -19.590351
v -30.540718 -3.647879 -22.646866
v -31.552494 -5.706564 -20.258430
v -31.722204 -4.428122 -22.399551
v -31.094053 -5.023855 -20.146015
v -31.233652 -3.972311 -21.907154
v -31.968456 -5.040457 -21.286671
v -31.436188 -4.475912 -20.991779
v -73.551468 -43.718681 -20.693935
v -71.350311 -43.076347 -21.107086
v -71.960663 -47.929466 -25.284233
v -71.265457 -40.070107 -15.637611
v -74.187302 -48.970695 -25.334667
v -73.472969 -40.443245 -14.621220
v -71.710442 -48.500862 -28.941463
v -72.384254 -33.813713 -11.623165
v -73.865715 -49.715340 -30.107189
v -70.316628 -34.394508 -13.062328
v -72.775085 -45.295891 -31.754772
v -69.208542 -29.510427 -13.711857
v -70.860176 -45.116982 -30.202774
v -71.092247 -28.039526 -12.447178
v -71.661446 -38.800392 -29.286507
v -68.497177 -27.306707 -16.082565
v -69.829559 -39.202751 -27.930965
v -70.242561 -25.386038 -15.384392
v -68.522240 -33.068535 -27.917282
v -67.961456 -26.288092 -19.211639
v -70.246384 -32.046883 -29.290180
v -69.611252 -24.173559 -19.155041
v -67.855804 -28.086706 -24.021385
v -69.488922 -26.279211 -24.786160
v 29.543045 -3.589651 -23.012714
v 30.879745 -4.033773 -23.298859
v 29.666828 -3.962912 -23.743649
v 28.408422 -4.234701 -23.614727
v 30.540718 -3.647879 -22.646866
v 28.507969 -3.813192 -22.906681
v 31.722204 -4.428122 -22.399551
v 27.441730 -4.776205 -22.946648
v 31.233652 -3.972311 -21.907154
v 27.712860 -4.258535 -22.357182
v 31.968456 -5.040457 -21.286671
v 27.025793 -5.442373 -21.918411
v 31.436188 -4.475912 -20.991779
v 27.370729 -4.806479 -21.511402
v 31.094053 -5.023855 -20.146015
v 27.573261 -5.310110 -20.596043
v 31.552494 -5.706564 -20.258430
v 27.272032 -6.054647 -20.805534
v 30.298946 -5.469320 -19.596527
v 28.266214 -5.634573 -19.856327
v 30.585817 -6.248159 -19.590351
v 28.114491 -6.449057 -19.906227
v 29.327410 -6.519857 -19.461437
v 29.263876 -5.692801 -19.490486
v 38.217072 -21.428305 -25.974228
v 37.403702 -23.662741 -25.437996
v 37.415058 -21.733282 -26.762939
v 37.249813 -19.406546 -26.956913
v 38.207508 -23.053808 -24.858028
v 38.077869 -19.468206 -26.137657
v 37.218792 -24.678076 -23.337193
v 36.952240 -17.306036 -25.968010
v 38.051727 -23.909170 -23.088177
v 37.827187 -17.698599 -25.304562
v 37.791466 -23.765081 -21.138889
v 36.602081 -15.994528 -24.061184
v 36.909863 -24.507071 -21.023376
v 37.532166 -16.593573 -23.698101
v 37.496456 -22.660116 -19.532421
v 36.293148 -15.823462 -21.747368
v 36.559689 -23.195532 -19.116535
v 37.271904 -16.449591 -21.748817
v 36.262115 -21.094946 -18.127636
v 37.116127 -17.304846 -19.978977
v 37.245785 -20.890646 -18.699337
v 36.108231 -16.838781 -19.646564
v 37.106556 -18.930487 -18.862762
v 36.096867 -18.768301 -18.321613
v 38.087074 -21.146170 -25.170406
v 37.297379 -22.304724 -24.266247
v 38.079666 -22.403921 -24.306717
v 37.959137 -23.065817 -22.937260
v 37.304249 -21.137777 -25.067577
v 37.185551 -22.918829 -22.995674
v 37.979359 -19.629431 -25.296871
v 36.998718 -22.815344 -21.596340
v 37.204315 -19.730612 -25.184910
v 37.757763 -22.954306 -21.428978
v 37.024338 -18.460104 -24.586784
v 36.786911 -22.021994 -20.442966
v 37.785378 -18.260138 -24.652222
v 37.529472 -22.099234 -20.185860
v 37.557106 -17.405111 -23.409153
v 37.335499 -20.730093 -19.541241
v 36.812538 -17.666845 -23.433468
v 36.606941 -20.751715 -19.844879
v 37.355717 -17.293631 -21.900856
v 36.506996 -19.344488 -19.962215
v 36.625698 -17.563406 -22.034100
v 37.227776 -19.213308 -19.667702
v 36.513866 -18.177374 -20.763561
v 37.235176 -17.955404 -20.531403
v 24.746769 -24.152853 -26.574001
v 25.767685 -22.684317 -28.247738
v 25.756323 -24.613760 -26.922802
v 25.571409 -25.629110 -24.821999
v 24.756338 -22.527349 -27.690189
v 24.590979 -25.008261 -24.804150
v 25.602438 -20.357580 -28.441719
v 24.330717 -24.864157 -22.854866
v 24.617130 -20.567282 -27.853634
v 25.262482 -25.458105 -22.508183
v 24.366436 -18.797674 -27.020538
v 24.035704 -23.759192 -21.248394
v 25.304861 -18.257040 -27.452816
v 24.912313 -24.146536 -20.601334
v 24.954697 -16.945562 -25.545990
v 23.785028 -21.989706 -20.415310
v 24.071415 -17.692663 -25.414074
v 24.614737 -22.045980 -19.612442
v 24.645767 -16.774496 -23.232182
v 23.645819 -20.029547 -20.578735
v 23.811169 -17.548635 -23.464794
v 24.449493 -19.719336 -19.806423
v 23.655376 -18.403891 -21.694950
v 24.460855 -17.789801 -21.131367
v 25.349024 -23.280279 -25.789425
v 24.635128 -22.244497 -26.885269
v 24.627716 -23.502249 -26.021568
v 24.507175 -24.164160 -24.652115
v 25.355894 -22.113348 -26.590755
v 25.237183 -23.894415 -24.518845
v 24.527411 -20.727774 -27.011734
v 25.050346 -23.790945 -23.119526
v 25.255957 -20.706167 -26.708088
v 24.305796 -24.052649 -23.143833
v 25.075966 -19.435705 -26.109962
v 24.838543 -22.997610 -21.966141
v 24.333418 -19.358480 -26.367077
v 24.077509 -23.197592 -21.900715
v 24.105141 -18.503454 -25.124004
v 23.883535 -21.828421 -21.256096
v 24.864170 -18.642416 -24.956646
v 24.658577 -21.727301 -21.368050
v 23.903767 -18.391958 -23.615711
v 24.558641 -20.320044 -21.485390
v 24.677341 -18.538977 -23.557270
v 23.775824 -20.311651 -21.382561
v 24.565498 -19.152945 -22.286747
v 23.783213 -19.053732 -22.246262
v 71.661446 -38.800392 -29.286507
v 68.522240 -33.068535 -27.917282
v 69.829559 -39.202751 -27.930965
v 70.860176 -45.116982 -30.202774
v 70.246384 -32.046883 -29.290180
v 72.775085 -45.295891 -31.754772
v 67.855804 -28.086706 -24.021385
v 71.710442 -48.500862 -28.941463
v 69.488922 -26.279211 -24.786160
v 73.865715 -49.715340 -30.107189
v 67.961456 -26.288092 -19.211639
v 74.187302 -48.970695 -25.334667
v 69.611252 -24.173559 -19.155041
v 71.960663 -47.929466 -25.284233
v 70.242561 -25.386038 -15.384392
v 73.551468 -43.718681 -20.693935
v 68.497177 -27.306707 -16.082565
v 71.350311 -43.076347 -21.107086
v 71.092247 -28.039526 -12.447178
v 71.265457 -40.070107 -15.637611
v 69.208542 -29.510427 -13.711857
v 73.472969 -40.443245 -14.621220
v 72.384254 -33.813713 -11.623165
v 70.316628 -34.394508 -13.062328
v -37.415058 -21.733282 -26.762939
v -37.403702 -23.662741 -25.437996
v -38.217072 -21.428305 -25.974228
v -37.249813 -19.406546 -26.956913
v -38.207508 -23.053808 -24.858028
v -38.077869 -19.468206 -26.137657
v -37.218792 -24.678076 -23.337193
v -36.952240 -17.306036 -25.968010
v -38.051727 -23.909170 -23.088177
v -37.827187 -17.698599 -25.304562
v -37.791466 -23.765081 -21.138889
v -36.602081 -15.994528 -24.061184
v -36.909863 -24.507071 -21.023376
v -37.532166 -16.593573 -23.698101
v -37.496456 -22.660116 -19.532421
v -36.293148 -15.823462 -21.747368
v -36.559689 -23.195532 -19.116535
v -37.271904 -16.449591 -21.748817
v -36.262115 -21.094946 -18.127636
v -37.116127 -17.304846 -19.978977
v -37.245785 -20.890646 -18.699337
v -36.108231 -16.838781 -19.646564
v -37.106556 -18.930487 -18.862762
v -36.096867 -18.768301 -18.321613
v -37.297379 -22.304724 -24.266247
v -38.087074 -21.146170 -25.170406
v -38.079666 -22.403921 -24.306717
v -37.959137 -23.065817 -22.937260
v -37.304249 -21.137777 -25.067577
v -37.185551 -22.918829 -22.995674
v -37.979359 -19.629431 -25.296871
v -36.998718 -22.815344 -21.596340
v -37.204315 -19.730612 -25.184910
v -37.757763 -22.954306 -21.428978
v -37.024338 -18.460104 -24.586784
v -36.786911 -22.021994 -20.442966
v -37.785378 -18.260138 -24.652222
v -37.529472 -22.099234 -20.185860
v -37.557106 -17.405111 -23.409153
v -37.335499 -20.730093 -19.541241
v -36.812538 -17.666845 -23.433468
v -36.606941 -20.751715 -19.844879
v -37.355717 -17.293631 -21.900856
v -36.506996 -19.344488 -19.962215
v -36.625698 -17.563406 -22.034100
v -37.227776 -19.213308 -19.667702
v -36.513866 -18.177374 -20.763561
v -37.235176 -17.955404 -20.531403
v -25.767685 -22.684317 -28.247738
v -24.746769 -24.152853 -26.574001
v -25.756323 -24.613760 -26.922802
v -25.571409 -25.629110 -24.821999
v -24.756338 -22.527349 -27.690189
v -24.590979 -25.008261 -24.804150
v -25.602438 -20.357580 -28.441719
v -24.330717 -24.864157 -22.854866
v -24.617130 -20.567282 -27.853634
v -25.262482 -25.458105 -22.508183
v -24.366436 -18.797674 -27.020538
v -24.035704 -23.759192 -21.248394
v -25.304861 -18.257040 -27.452816
v -24.912313 -24.146536 -20.601334
v -24.954697 -16.945562 -25.545990
v -23.785028 -21.989706 -20.415310
v -24.071415 -17.692663 -25.414074
v -24.614737 -22.045980 -19.612442
v -24.645767 -16.774496 -23.232182
v -23.645819 -20.029547 -20.578735
v -23.811169 -17.548635 -23.464794
v -24.449493 -19.719336 -19.806423
v -23.655376 -18.403891 -21.694950
v -24.460855 -17.789801 -21.131367
v -24.635128 -22.244497 -26.885269
v -25.349024 -23.280279 -25.789425
v -24.627716 -23.502249 -26.021568
v -24.507175 -24.164160 -24.652115
v -25.355894 -22.113348 -26.590755
v -25.237183 -23.894415 -24.518845
v -24.527411 -20.727774 -27.011734
v -25.050346 -23.790945 -23.119526
v -25.255957 -20.706167 -26.708088
v -24.305796 -24.052649 -23.143833
v -25.075966 -19.435705 -26.109962
v -24.838543 -22.997610 -21.966141
v -24.333418 -19.358480 -26.367077
v -24.077509 -23.197592 -21.900715
v -24.105141 -18.503454 -25.124004
v -23.883535 -21.828421 -21.256096
v -24.864170 -18.642416 -24.956646
v -24.658577 -21.727301 -21.368050
v -23.903767 -18.391958 -23.615711
v -24.558641 -20.320044 -21.485390
v -24.677341 -18.538977 -23.557270
v -23.775824 -20.311651 -21.382561
v -24.565498 -19.152945 -22.286747
v -23.783213 -19.053732 -22.246262
v -64.951355 -40.231941 -28.603756
v -65.705925 -33.669380 -27.630726
v -67.013237 -39.803596 -27.644402
v -68.043846 -45.717827 -29.916222
v -63.486771 -33.489006 -28.602394
v -66.104759 -46.718987 -31.076065
v -65.039482 -28.687551 -23.734818
v -68.894119 -49.101707 -28.654903
v -62.701363 -27.727285 -24.095528
v -67.233040 -51.130394 -29.432320
v -62.826347 -25.621069 -18.464676
v -67.564407 -50.383675 -24.660782
v -65.145157 -26.888937 -18.925083
v -69.144341 -48.530312 -24.997673
v -65.680855 -27.907553 -15.796005
v -66.904953 -45.136696 -20.017651
v -63.478565 -26.829092 -14.696152
v -68.533974 -43.677193 -20.820526
v -66.392220 -30.111242 -13.425297
v -68.449142 -40.670952 -15.351051
v -64.357193 -29.476416 -11.761883
v -66.821922 -41.862221 -13.944477
v -65.694153 -35.240974 -10.942451
v -67.500305 -34.995354 -12.775768
v 50.033390 -45.091469 -28.568962
v 51.668262 -44.935524 -28.839626
v 50.840919 -43.247169 -27.746777
v 52.818474 -43.790627 -28.470108
v 52.810249 -42.327370 -27.676880
v 51.648418 -41.402931 -26.924599
v 48.871567 -44.167061 -27.816669
v 50.013557 -41.558861 -26.653950
v 48.863335 -42.703789 -27.023441
v 41.847713 -42.235161 -25.246582
v 42.988297 -39.630226 -24.085289
v 42.418003 -40.932655 -24.665928
v 35.616501 -39.063728 -22.178135
v 34.466293 -40.208656 -22.547657
v 35.608284 -37.600456 -21.384933
v 33.638935 -38.520302 -21.454811
v 32.831402 -40.364571 -22.276981
v 34.446434 -36.676064 -20.632629
v 31.669582 -39.440147 -21.524708
v 32.811569 -36.831963 -20.361969
v 31.661350 -37.976891 -20.731472
v 51.561890 -44.670586 -29.329548
v 49.927010 -44.826485 -29.058868
v 50.734535 -42.982185 -28.236683
v 52.712093 -43.525627 -28.960026
v 52.703873 -42.062386 -28.166798
v 51.542038 -41.137932 -27.414524
v 48.765179 -43.902061 -28.306587
v 49.907173 -41.293861 -27.143852
v 48.756954 -42.438789 -27.513359
v 41.741329 -41.970192 -25.736496
v 42.881908 -39.365211 -24.575203
v 42.311619 -40.667702 -25.155853
v 35.510113 -38.798698 -22.668049
v 34.359909 -39.943672 -23.037575
v 35.501900 -37.335487 -21.874836
v 33.532551 -38.255318 -21.944725
v 32.725021 -40.099617 -22.766911
v 34.340046 -36.411064 -21.122532
v 31.563196 -39.175179 -22.014618
v 32.705189 -36.566978 -20.851883
v 31.554968 -37.711922 -21.221390
v 67.017426 -33.381233 -25.263165
v 67.827721 -32.036064 -24.711552
v 65.708534 -31.988455 -24.225632
v 67.396637 -30.663015 -23.875271
v 65.976685 -30.066412 -23.244267
v 64.399651 -30.595694 -23.188110
v 65.440399 -33.910561 -25.207016
v 63.589336 -31.940878 -23.739738
v 64.020424 -33.313911 -24.575993
v 59.442921 -38.617516 -26.450615
v 57.594147 -36.650307 -24.985138
v 58.518528 -37.633873 -25.717884
v 52.712612 -42.192589 -26.922852
v 53.143696 -43.565636 -27.759098
v 51.292648 -41.596001 -26.291840
v 51.024502 -43.518059 -27.273201
v 52.333389 -44.910835 -28.310726
v 49.715618 -42.125328 -26.235691
v 50.756363 -45.440132 -28.254581
v 48.905308 -43.470482 -26.787308
v 49.336395 -44.843529 -27.623547
v 67.721344 -31.771063 -25.201469
v 66.911049 -33.116264 -25.753086
v 65.602158 -31.723486 -24.715549
v 67.290253 -30.398016 -24.365189
v 65.870300 -29.801428 -23.734184
v 64.293266 -30.330725 -23.678017
v 65.334007 -33.645561 -25.696922
v 63.482956 -31.675909 -24.229656
v 63.914040 -33.048897 -25.065895
v 59.336536 -38.352531 -26.940525
v 57.487770 -36.385307 -25.475056
v 58.412151 -37.368935 -26.207802
v 52.606232 -41.927635 -27.412777
v 53.037315 -43.300652 -28.249016
v 51.186268 -41.331017 -26.781757
v 50.918121 -43.253090 -27.763119
v 52.227009 -44.645821 -28.800640
v 49.609238 -41.860344 -26.725605
v 50.649975 -45.175179 -28.744507
v 48.798923 -43.205528 -27.277225
v 49.230019 -44.578545 -28.113472
v 83.827141 -36.997856 -29.964741
v 85.298897 -36.857475 -30.208412
v 84.554085 -35.337593 -29.224583
v 86.334335 -35.826744 -29.875767
v 86.326950 -34.509499 -29.161671
v 85.281029 -33.677330 -28.484459
v 82.781197 -36.165642 -29.287525
v 83.809258 -33.817665 -28.240791
v 82.773796 -34.848366 -28.573425
v 76.458130 -34.426567 -26.973854
v 77.484901 -32.081444 -25.928406
v 76.971519 -33.253990 -26.451118
v 70.848595 -31.571508 -24.211536
v 69.813141 -32.602180 -24.544189
v 70.841202 -30.254248 -23.497471
v 69.068336 -31.082296 -23.560371
v 68.341385 -32.742561 -24.300529
v 69.795265 -29.422033 -22.820206
v 67.295448 -31.910345 -23.623299
v 68.323509 -29.562399 -22.576569
v 67.288055 -30.593100 -22.909199
v 85.192513 -36.592522 -30.698326
v 83.720749 -36.732872 -30.454655
v 84.447708 -35.072594 -29.714512
v 86.227951 -35.561790 -30.365681
v 86.220558 -34.244499 -29.651581
v 85.174644 -33.412331 -28.974377
v 82.674820 -35.900658 -29.777443
v 83.702881 -33.552696 -28.730713
v 82.667412 -34.583412 -29.063343
v 76.351753 -34.161583 -27.463760
v 77.378532 -31.816458 -26.418335
v 76.865135 -32.989006 -26.941029
v 70.742218 -31.306509 -24.701454
v 69.706764 -32.337212 -25.034103
v 70.734825 -29.989248 -23.987385
v 68.961952 -30.817327 -24.050289
v 68.235001 -32.477592 -24.790447
v 69.688889 -29.157034 -23.310120
v 67.189064 -31.645361 -24.113216
v 68.217125 -29.297400 -23.066486
v 67.181679 -30.328115 -23.399117
v 104.311386 -30.378164 -22.306801
v 104.533508 -31.297033 -22.050343
v 104.349754 -30.839331 -22.896626
v 104.403130 -30.455282 -21.566730
v 104.495781 -31.568624 -22.990719
v 104.571266 -31.025518 -21.109962
v 104.663902 -32.138847 -22.533966
v 104.717285 -31.754827 -21.204041
v 104.755661 -32.215996 -21.793892
v 103.428764 -24.679785 -19.033020
v 103.282745 -23.950506 -18.938942
v 103.466522 -24.408255 -18.092648
v 103.596909 -25.250021 -18.576271
v 103.244377 -23.489340 -18.349087
v 103.688652 -25.327108 -17.836197
v 103.336136 -23.566412 -17.609024
v 103.650284 -24.865973 -17.246349
v 103.504272 -24.136709 -17.152256
v 103.242218 -27.714972 -27.230545
v 103.388237 -28.444326 -27.324623
v 103.204460 -27.986532 -28.170933
v 103.074089 -27.144751 -27.687305
v 103.426613 -28.905493 -27.914474
v 102.982330 -27.067648 -28.427380
v 103.334862 -28.828360 -28.654556
v 103.020699 -27.528784 -29.017220
v 103.166710 -28.258108 -29.111309
v 102.359604 -22.016638 -23.956768
v 102.137474 -21.097754 -24.213230
v 102.321236 -21.555456 -23.366928
v 102.267860 -21.939505 -24.696865
v 102.175224 -20.826178 -23.272854
v 102.099724 -21.369268 -25.153614
v 102.007088 -20.255911 -23.729618
v 101.953697 -20.639975 -25.059513
v 101.915337 -20.178823 -24.469681
v 99.134987 -26.482916 -26.941547
v 99.864464 -25.271917 -26.444950
v 97.956696 -25.229086 -26.007515
v 99.476364 -24.035910 -25.692120
v 98.198090 -23.498816 -25.124054
v 96.778389 -23.975302 -25.073502
v 97.715294 -26.959417 -26.890984
v 96.048935 -25.186300 -25.570087
v 96.437019 -26.422338 -26.322903
v 92.316193 -31.196783 -28.010490
v 90.651886 -29.425863 -26.691246
v 91.484039 -30.311346 -27.350861
v 86.257347 -34.415184 -28.435635
v 86.645439 -35.651268 -29.188446
v 84.979057 -33.878120 -27.867573
v 84.737686 -35.608452 -28.751015
v 85.915970 -36.862221 -29.685028
v 83.559380 -34.354652 -27.817020
v 84.496292 -37.338753 -29.634499
v 82.829918 -35.565605 -28.313602
v 83.217987 -36.801689 -29.066410
v 99.758072 -25.006933 -26.934864
v 99.028603 -26.217932 -27.431454
v 97.850311 -24.964148 -26.497433
v 99.369980 -23.770895 -26.182026
v 98.091705 -23.233831 -25.613972
v 96.672005 -23.710318 -25.563416
v 97.608917 -26.694433 -27.380901
v 95.942543 -24.921331 -26.060001
v 96.330635 -26.157370 -26.812820
v 92.209816 -30.931814 -28.500408
v 90.545502 -29.160925 -27.181164
v 91.377655 -30.046347 -27.840775
v 86.150963 -34.150230 -28.925556
v 86.539062 -35.386299 -29.678368
v 84.872673 -33.613121 -28.357487
v 84.631294 -35.343452 -29.240925
v 85.809593 -36.597252 -30.174946
v 83.453003 -34.089684 -28.306942
v 84.389900 -37.073769 -30.124420
v 82.723541 -35.300621 -28.803524
v 83.111603 -36.536690 -29.556328
v -50.033390 -45.091469 -28.568962
v -50.840919 -43.247169 -27.746777
v -51.668262 -44.935524 -28.839626
v -52.818474 -43.790627 -28.470108
v -52.810249 -42.327370 -27.676880
v -51.648418 -41.402931 -26.924599
v -48.871567 -44.167061 -27.816669
v -50.013557 -41.558861 -26.653950
v -48.863335 -42.703789 -27.023441
v -41.847713 -42.235161 -25.246582
v -42.988297 -39.630226 -24.085289
v -42.418003 -40.932655 -24.665928
v -35.616501 -39.063728 -22.178135
v -34.466293 -40.208656 -22.547657
v -35.608284 -37.600456 -21.384933
v -33.638935 -38.520302 -21.454811
v -32.831402 -40.364571 -22.276981
v -34.446434 -36.676064 -20.632629
v -31.669582 -39.440147 -21.524708
v -32.811569 -36.831963 -20.361969
v -31.661350 -37.976891 -20.731472
v -51.561890 -44.670586 -29.329548
v -50.734535 -42.982185 -28.236683
v -49.927010 -44.826485 -29.058868
v -52.712093 -43.525627 -28.960026
v -52.703873 -42.062386 -28.166798
v -51.542038 -41.137932 -27.414524
v -48.765179 -43.902061 -28.306587
v -49.907173 -41.293861 -27.143852
v -48.756954 -42.438789 -27.513359
v -41.741329 -41.970192 -25.736496
v -42.881908 -39.365211 -24.575203
v -42.311619 -40.667702 -25.155853
v -35.510113 -38.798698 -22.668049
v -34.359909 -39.943672 -23.037575
v -35.501900 -37.335487 -21.874836
v -33.532551 -38.255318 -21.944725
v -32.725021 -40.099617 -22.766911
v -34.340046 -36.411064 -21.122532
v -31.563196 -39.175179 -22.014618
v -32.705189 -36.566978 -20.851883
v -31.554968 -37.711922 -21.221390
v -67.017426 -33.381233 -25.263165
v -65.708534 -31.988455 -24.225632
v -67.827721 -32.036064 -24.711552
v -67.396637 -30.663015 -23.875271
v -65.976685 -30.066412 -23.244267
v -64.399651 -30.595694 -23.188110
v -65.440399 -33.910561 -25.207016
v -63.589336 -31.940878 -23.739738
v -64.020424 -33.313911 -24.575993
v -59.442921 -38.617516 -26.450615
v -57.594147 -36.650307 -24.985138
v -58.518528 -37.633873 -25.717884
v -52.712612 -42.192589 -26.922852
v -53.143696 -43.565636 -27.759098
v -51.292648 -41.596001 -26.291840
v -51.024502 -43.518059 -27.273201
v -52.333389 -44.910835 -28.310726
v -49.715618 -42.125328 -26.235691
v -50.756363 -45.440132 -28.254581
v -48.905308 -43.470482 -26.787308
v -49.336395 -44.843529 -27.623547
v -67.721344 -31.771063 -25.201469
v -65.602158 -31.723486 -24.715549
v -66.911049 -33.116264 -25.753086
v -67.290253 -30.398016 -24.365189
v -65.870300 -29.801428 -23.734184
v -64.293266 -30.330725 -23.678017
v -65.334007 -33.645561 -25.696922
v -63.482956 -31.675909 -24.229656
v -63.914040 -33.048897 -25.065895
v -59.336536 -38.352531 -26.940525
v -57.487770 -36.385307 -25.475056
v -58.412151 -37.368935 -26.207802
v -52.606232 -41.927635 -27.412777
v -53.037315 -43.300652 -28.249016
v -51.186268 -41.331017 -26.781757
v -50.918121 -43.253090 -27.763119
v -52.227009 -44.645821 -28.800640
v -49.609238 -41.860344 -26.725605
v -50.649975 -45.175179 -28.744507
v -48.798923 -43.205528 -27.277225
v -49.230019 -44.578545 -28.113472
v -83.827141 -36.997856 -29.964741
v -84.554085 -35.337593 -29.224583
v -85.298897 -36.857475 -30.208412
v -86.334335 -35.826744 -29.875767
v -86.326950 -34.509499 -29.161671
v -85.281029 -33.677330 -28.484459
v -82.781197 -36.165642 -29.287525
v -83.809258 -33.817665 -28.240791
v -82.773796 -34.848366 -28.573425
v -76.458130 -34.426567 -26.973854
v -77.484901 -32.081444 -25.928406
v -76.971519 -33.253990 -26.451118
v -70.848595 -31.571508 -24.211536
v -69.813141 -32.602180 -24.544189
v -70.841202 -30.254248 -23.497471
v -69.068336 -31.082296 -23.560371
v -68.341385 -32.742561 -24.300529
v -69.795265 -29.422033 -22.820206
v -67.295448 -31.910345 -23.623299
v -68.323509 -29.562399 -22.576569
v -67.288055 -30.593100 -22.909199
v -85.192513 -36.592522 -30.698326
v -84.447708 -35.072594 -29.714512
v -83.720749 -36.732872 -30.454655
v -86.227951 -35.561790 -30.365681
v -86.220558 -34.244499 -29.651581
v -85.174644 -33.412331 -28.974377
v -82.674820 -35.900658 -29.777443
v -83.702881 -33.552696 -28.730713
v -82.667412 -34.583412 -29.063343
v -76.351753 -34.161583 -27.463760
v -77.378532 -31.816458 -26.418335
v -76.865135 -32.989006 -26.941029
v -70.742218 -31.306509 -24.701454
v -69.706764 -32.337212 -25.034103
v -70.734825 -29.989248 -23.987385
v -68.961952 -30.817327 -24.050289
v -68.235001 -32.477592 -24.790447
v -69.688889 -29.157034 -23.310120
v -67.189064 -31.645361 -24.113216
v -68.217125 -29.297400 -23.066486
v -67.181679 -30.328115 -23.399117
v -104.311386 -30.378164 -22.306801
v -104.349754 -30.839331 -22.896626
v -104.533508 -31.297033 -22.050343
v -104.403130 -30.455282 -21.566730
v -104.495781 -31.568624 -22.990719
v -104.571266 -31.025518 -21.109962
v -104.663902 -32.138847 -22.533966
v -104.717285 -31.754827 -21.204041
v -104.755661 -32.215996 -21.793892
v -103.428764 -24.679785 -19.033020
v -103.466522 -24.408255 -18.092648
v -103.282745 -23.950506 -18.938942
v -103.596909 -25.250021 -18.576271
v -103.244377 -23.489340 -18.349087
v -103.688652 -25.327108 -17.836197
v -103.336136 -23.566412 -17.609024
v -103.650284 -24.865973 -17.246349
v -103.504272 -24.136709 -17.152256
v -103.242218 -27.714972 -27.230545
v -103.204460 -27.986532 -28.170933
v -103.388237 -28.444326 -27.324623
v -103.074089 -27.144751 -27.687305
v -103.426613 -28.905493 -27.914474
v -102.982330 -27.067648 -28.427380
v -103.334862 -28.828360 -28.654556
v -103.020699 -27.528784 -29.017220
v -103.166710 -28.258108 -29.111309
v -102.359604 -22.016638 -23.956768
v -102.321236 -21.555456 -23.366928
v -102.137474 -21.097754 -24.213230
v -102.267860 -21.939505 -24.696865
v -102.175224 -20.826178 -23.272854
v -102.099724 -21.369268 -25.153614
v -102.007088 -20.255911 -23.729618
v -101.953697 -20.639975 -25.059513
v -101.915337 -20.178823 -24.469681
v -99.134987 -26.482916 -26.941547
v -97.956696 -25.229086 -26.007515
v -99.864464 -25.271917 -26.444950
v -99.476364 -24.035910 -25.692120
v -98.198090 -23.498816 -25.124054
v -96.778389 -23.975302 -25.073502
v -97.715294 -26.959417 -26.890984
v -96.048935 -25.186300 -25.570087
v -96.437019 -26.422338 -26.322903
v -92.316193 -31.196783 -28.010490
v -90.651886 -29.425863 -26.691246
v -91.484039 -30.311346 -27.350861
v -86.257347 -34.415184 -28.435635
v -86.645439 -35.651268 -29.188446
v -84.979057 -33.878120 -27.867573
v -84.737686 -35.608452 -28.751015
v -85.915970 -36.862221 -29.685028
v -83.559380 -34.354652 -27.817020
v -84.496292 -37.338753 -29.634499
v -82.829918 -35.565605 -28.313602
v -83.217987 -36.801689 -29.066410
v -99.758072 -25.006933 -26.934864
v -97.850311 -24.964148 -26.497433
v -99.028603 -26.217932 -27.431454
v -99.369980 -23.770895 -26.182026
v -98.091705 -23.233831 -25.613972
v -96.672005 -23.710318 -25.563416
v -97.608917 -26.694433 -27.380901
v -95.942543 -24.921331 -26.060001
v -96.330635 -26.157370 -26.812820
v -92.209816 -30.931814 -28.500408
v -90.545502 -29.160925 -27.181164
v -91.377655 -30.046347 -27.840775
v -86.150963 -34.150230 -28.925556
v -86.539062 -35.386299 -29.678368
v -84.872673 -33.613121 -28.357487
v -84.631294 -35.343452 -29.240925
v -85.809593 -36.597252 -30.174946
v -83.453003 -34.089684 -28.306942
v -84.389900 -37.073769 -30.124420
v -82.723541 -35.300621 -28.803524
v -83.111603 -36.536690 -29.556328
v 36.379860 -58.957954 -30.897217
v 37.151257 -59.504860 -30.288223
v 35.270306 -60.491585 -29.830437
v 35.311172 -58.821983 -31.220356
v 37.418640 -60.316170 -29.556568
v 34.231533 -59.133369 -31.171085
v 37.110382 -61.174431 -28.898312
v 33.430229 -59.808693 -30.762573
v 36.309082 -61.849785 -28.489799
v 33.121967 -60.666985 -30.104309
v 35.229439 -62.161156 -28.440525
v 33.389359 -61.478279 -29.372658
v 34.160751 -62.025185 -28.763668
v 31.233652 -3.972311 -21.907154
v 30.540718 -3.647879 -22.646866
v 29.403454 -4.641256 -21.251598
v 31.436188 -4.475912 -20.991779
v 29.543045 -3.589651 -23.012714
v 31.094053 -5.023855 -20.146015
v 28.507969 -3.813192 -22.906681
v 30.298946 -5.469320 -19.596527
v 27.712860 -4.258535 -22.357182
v 29.263876 -5.692801 -19.490486
v 27.370729 -4.806479 -21.511402
v 28.266214 -5.634573 -19.856327
v 27.573261 -5.310110 -20.596043
v 37.297379 -22.304724 -24.266247
v 37.304249 -21.137777 -25.067577
v 36.905621 -20.241110 -22.514904
v 37.185551 -22.918829 -22.995674
v 37.204315 -19.730612 -25.184910
v 36.998718 -22.815344 -21.596340
v 37.024338 -18.460104 -24.586784
v 36.786911 -22.021994 -20.442966
v 36.812538 -17.666845 -23.433468
v 36.606941 -20.751715 -19.844879
v 36.625698 -17.563406 -22.034100
v 36.506996 -19.344488 -19.962215
v 36.513866 -18.177374 -20.763561
v 25.349024 -23.280279 -25.789425
v 24.957268 -21.216681 -24.038078
v 25.355894 -22.113348 -26.590755
v 25.237183 -23.894415 -24.518845
v 25.255957 -20.706167 -26.708088
v 25.050346 -23.790945 -23.119526
v 25.075966 -19.435705 -26.109962
v 24.838543 -22.997610 -21.966141
v 24.864170 -18.642416 -24.956646
v 24.658577 -21.727301 -21.368050
v 24.677341 -18.538977 -23.557270
v 24.558641 -20.320044 -21.485390
v 24.565498 -19.152945 -22.286747
v -36.379860 -58.957954 -30.897217
v -35.270306 -60.491585 -29.830437
v -37.151257 -59.504860 -30.288223
v -35.311172 -58.821983 -31.220356
v -37.418640 -60.316170 -29.556568
v -34.231533 -59.133369 -31.171085
v -37.110382 -61.174431 -28.898312
v -33.430229 -59.808693 -30.762573
v -36.309082 -61.849785 -28.489799
v -33.121967 -60.666985 -30.104309
v -35.229439 -62.161156 -28.440525
v -33.389359 -61.478279 -29.372658
v -34.160751 -62.025185 -28.763668
v -31.233652 -3.972311 -21.907154
v -29.403454 -4.641256 -21.251598
v -30.540718 -3.647879 -22.646866
v -31.436188 -4.475912 -20.991779
v -29.543045 -3.589651 -23.012714
v -31.094053 -5.023855 -20.146015
v -28.507969 -3.813192 -22.906681
v -30.298946 -5.469320 -19.596527
v -27.712860 -4.258535 -22.357182
v -29.263876 -5.692801 -19.490486
v -27.370729 -4.806479 -21.511402
v -28.266214 -5.634573 -19.856327
v -27.573261 -5.310110 -20.596043
v -37.297379 -22.304724 -24.266247
v -36.905621 -20.241110 -22.514904
v -37.304249 -21.137777 -25.067577
v -37.185551 -22.918829 -22.995674
v -37.204315 -19.730612 -25.184910
v -36.998718 -22.815344 -21.596340
v -37.024338 -18.460104 -24.586784
v -36.786911 -22.021994 -20.442966
v -36.812538 -17.666845 -23.433468
v -36.606941 -20.751715 -19.844879
v -36.625698 -17.563406 -22.034100
v -36.506996 -19.344488 -19.962215
v -36.513866 -18.177374 -20.763561
v -25.349024 -23.280279 -25.789425
v -25.355894 -22.113348 -26.590755
v -24.957268 -21.216681 -24.038078
v -25.237183 -23.894415 -24.518845
v -25.255957 -20.706167 -26.708088
v -25.050346 -23.790945 -23.119526
v -25.075966 -19.435705 -26.109962
v -24.838543 -22.997610 -21.966141
v -24.864170 -18.642416 -24.956646
v -24.658577 -21.727301 -21.368050
v -24.677341 -18.538977 -23.557270
v -24.558641 -20.320044 -21.485390
v -24.565498 -19.152945 -22.286747
vn -0.8293 -0.3990 -0.3912
vn -0.8391 -0.4000 -0.3686
vn -0.5033 -0.5662 -0.6528
vn -0.3765 -0.6511 -0.6590
vn -0.4860 -0.4311 -0.7603
vn -0.5024 -0.4239 -0.7536
vn -0.3673 -0.6956 -0.6174
vn -0.4944 -0.6671 -0.5572
vn -0.1406 -0.9764 -0.1640
vn -0.6407 0.6803 0.3560
vn -0.8003 -0.4080 -0.4394
vn -0.7326 -0.4097 -0.5435
vn -0.8227 -0.2821 -0.4936
vn -0.6488 0.6725 0.3560
vn -0.4464 -0.4855 -0.7517
vn -0.3521 -0.5789 -0.7355
vn -0.6989 -0.2356 -0.6753
vn -0.7419 -0.0938 -0.6640
vn -0.8381 0.1175 -0.5327
vn -0.8597 0.0789 -0.5048
vn -0.7986 0.6010 -0.0316
vn -0.6219 0.7715 0.1339
vn -0.2908 -0.9037 0.3143
vn -0.2511 -0.9101 0.3295
vn -0.2197 -0.9572 0.1883
vn -0.6332 -0.6488 -0.4221
vn -0.6652 -0.6261 -0.4069
vn -0.9890 -0.0785 -0.1256
vn -0.8053 -0.3910 -0.4457
vn -0.8801 -0.3693 -0.2986
vn -0.8748 0.1813 0.4492
vn -0.9125 0.1573 0.3776
vn 0.9508 -0.2615 -0.1664
vn 0.9569 -0.2531 -0.1424
vn 0.7330 -0.4650 -0.4965
vn 0.6208 -0.5736 -0.5344
vn 0.7181 -0.3393 -0.6076
vn 0.7272 -0.3320 -0.6008
vn 0.7179 -0.5680 -0.4024
vn 0.6091 -0.6170 -0.4983
vn 0.3216 -0.9414 -0.1020
vn 0.9491 -0.2847 -0.1345
vn 0.4050 0.7704 0.4924
vn 0.4141 0.7646 0.4938
vn 0.9736 -0.0554 -0.2216
vn 0.9530 -0.1418 -0.2678
vn 0.6067 -0.5042 -0.6146
vn 0.6878 -0.3953 -0.6088
vn 0.8875 0.0317 -0.4596
vn 0.8743 -0.1103 -0.4726
vn 0.4275 0.8630 0.2692
vn 0.6666 0.7300 0.1508
vn 0.3328 -0.8557 0.3962
vn 0.2919 -0.8677 0.4023
vn 0.3077 -0.9152 0.2604
vn 0.8307 -0.5142 -0.2136
vn 0.8109 -0.5354 -0.2362
vn 0.9419 -0.2454 -0.2295
vn 0.9748 -0.2140 -0.0634
vn 0.9903 0.0713 0.1189
vn 0.6918 0.3101 0.6521
vn 0.7471 0.2941 0.5961
vn 0.8369 0.3666 0.4065
vn 0.8269 0.4055 0.3896
vn -0.8313 0.4988 0.2454
vn -0.8337 0.4955 0.2438
vn 0.6516 0.6199 0.4371
vn 0.6517 0.6199 0.4371
vn 0.6507 0.6269 0.4285
vn -0.8328 0.4997 0.2380
vn 0.4051 0.7703 0.4924
vn -0.7626 -0.2280 0.6053
vn -0.7905 -0.2055 0.5770
vn -0.6187 0.1587 0.7695
vn -0.6243 0.1502 0.7666
vn 0.3662 0.2388 0.8994
vn 0.3668 0.2312 0.9011
vn 0.6096 -0.1188 0.7838
vn 0.6424 -0.0873 0.7614
vn -0.8296 0.5056 0.2370
vn -0.8237 0.5148 0.2376
vn 0.6381 0.6382 0.4308
vn -0.3872 0.6559 0.6480
vn 0.0949 0.6960 0.7118
vn 0.9888 0.0791 0.1266
vn 0.9894 0.0712 0.1266
vn 0.9898 0.0792 0.1188
vn 0.0475 0.5776 -0.8150
vn 0.1412 -0.3295 -0.9335
vn -0.0788 0.5674 -0.8196
vn -0.1496 0.5041 -0.8506
vn 0.0472 0.5739 -0.8176
vn 0.0237 0.5600 -0.8281
vn 0.0710 0.3786 -0.9228
vn 0.0786 0.3851 -0.9195
vn 0.0788 0.5674 -0.8196
vn 0.1106 0.6238 -0.7738
vn 0.1577 0.5836 -0.7965
vn -0.0236 0.6149 -0.7883
vn -0.0549 0.5647 -0.8235
vn 0.1810 0.5901 -0.7868
vn 0.2678 0.5435 -0.7955
vn -0.8394 -0.3844 -0.3844
vn -0.8368 -0.3832 -0.3910
vn -0.9374 -0.2343 -0.2578
vn -0.9294 -0.2836 -0.2363
vn 0.9584 -0.2376 -0.1584
vn 0.9553 -0.2447 -0.1658
vn 0.9967 -0.0791 -0.0158
vn 0.9919 -0.1270 -0.0000
vn 0.6596 0.1748 0.7310
vn 0.2939 0.4051 0.8658
vn 0.3322 -0.5140 0.7908
vn -0.2219 0.0158 0.9749
vn -0.3630 -0.6549 0.6628
vn -0.2057 -0.7595 0.6171
vn -0.2746 -0.3530 -0.8944
vn -0.5904 -0.7557 -0.2834
vn -0.2985 -0.8955 -0.3300
vn -0.2985 -0.8956 -0.3299
vn -0.2113 -0.9311 -0.2973
vn -0.8430 0.0473 0.5358
vn -0.5697 0.3323 0.7517
vn -0.4423 -0.5765 0.6870
vn -0.0317 0.0317 0.9990
vn 0.1576 -0.7328 0.6619
vn 0.2781 -0.6039 0.7470
vn 0.7523 -0.6494 -0.1109
vn 0.5041 -0.8350 -0.2206
vn 0.4179 -0.8832 -0.2129
vn -0.9995 -0.0000 0.0315
vn -0.9989 -0.0000 -0.0472
vn -0.9944 -0.0783 0.0705
vn -0.9972 -0.0707 0.0235
vn 0.3072 -0.9059 -0.2915
vn 0.6075 -0.7652 -0.2130
vn 0.6038 -0.7685 -0.2117
vn 0.9684 0.1508 0.1984
vn 0.9483 0.1514 0.2789
vn 0.9430 0.0713 0.3249
vn 0.9576 0.0791 0.2770
vn -0.0865 -0.9370 -0.3385
vn -0.0866 -0.9370 -0.3386
vn -0.4084 -0.8481 -0.3377
vn -0.4084 -0.8480 -0.3378
vn 0.9888 0.0791 0.1265
vn 0.9894 0.0713 0.1267
vn 0.9903 0.0713 0.1188
vn 0.9904 0.0713 0.1188
vn 0.9912 0.0714 0.1110
vn 0.9913 0.0714 0.1110
vn 0.9907 0.0793 0.1110
vn -0.9899 -0.0786 -0.1179
vn -0.9899 -0.0786 -0.1178
vn -0.9893 -0.0864 -0.1178
vn -0.9883 -0.0863 -0.1255
vn -0.9883 -0.0860 -0.1256
vn -0.9873 -0.0862 -0.1332
vn -0.9880 -0.0784 -0.1333
vn 0.9647 -0.1423 -0.2214
vn 0.9048 0.0866 -0.4170
vn 0.9874 0.0079 -0.1580
vn -0.0080 -0.6012 0.7990
vn -0.0868 -0.5761 0.8128
vn -0.7769 -0.0471 -0.6278
vn -0.8411 -0.2909 -0.4559
vn -0.9101 -0.1334 -0.3923
vn -0.0315 -0.5742 0.8181
vn -0.1025 -0.6069 0.7881
vn 0.2350 -0.9715 0.0313
vn 0.2351 -0.9717 0.0235
vn 0.1586 -0.1982 0.9672
vn 0.1588 -0.1906 0.9687
vn 0.0080 0.4850 0.8745
vn 0.0079 0.4816 0.8764
vn 0.0314 -0.4720 -0.8810
vn 0.0314 -0.4781 -0.8778
vn -0.1893 0.7022 -0.6864
vn -0.1904 0.6981 -0.6902
vn -0.1823 0.9824 -0.0396
vn -0.1822 0.9821 -0.0475
vn 0.9989 -0.0000 -0.0475
vn 0.9787 0.1894 -0.0789
vn 0.1490 -0.4547 -0.8781
vn 0.0784 -0.4708 -0.8788
vn 0.3084 -0.4191 0.8540
vn 0.4435 -0.3881 0.8079
vn 0.9747 0.1981 -0.1030
vn 0.5198 0.1811 -0.8349
vn 0.5198 0.1811 -0.8348
vn 0.4347 0.1660 -0.8852
vn -0.9021 -0.4079 0.1412
vn -0.9682 -0.2204 0.1181
vn -0.1259 -0.5116 -0.8499
vn -0.0549 -0.5022 -0.8630
vn 0.0473 -0.4655 0.8838
vn -0.0791 -0.5141 0.8541
vn -0.9744 -0.2043 0.0943
vn -0.6454 -0.0236 -0.7635
vn -0.6910 -0.1099 -0.7145
vn 0.2369 -0.6948 0.6790
vn 0.2455 -0.7050 0.6654
vn 0.2276 -0.9732 0.0314
vn 0.2277 -0.9737 -0.0000
vn 0.1581 -0.1739 0.9720
vn -0.0000 0.5063 0.8623
vn 0.0079 0.4755 0.8797
vn -0.1100 0.1964 -0.9743
vn -0.1103 0.1812 -0.9772
vn 0.0315 -0.4720 -0.8810
vn 0.0394 -0.4966 -0.8671
vn -0.1893 0.7099 -0.6783
vn -0.1893 0.7024 -0.6862
vn -0.1900 0.9817 -0.0158
vn -0.1898 0.9807 -0.0475
vn -0.1898 0.9807 -0.0474
vn -0.5751 0.3939 0.7170
vn -0.5769 0.3872 0.7192
vn -0.9364 -0.2597 0.2361
vn -0.2351 -0.9717 -0.0235
vn -0.2350 -0.9715 -0.0313
vn 0.5653 -0.8165 -0.1178
vn 0.5658 -0.8172 -0.1100
vn 0.9890 0.1424 0.0396
vn 0.4630 0.6307 0.6227
vn -0.7000 0.7000 0.1416
vn -0.9928 -0.1173 -0.0235
vn -0.3758 -0.6108 -0.6969
vn -0.3759 -0.6108 -0.6969
vn 0.4183 -0.4498 -0.7891
vn 0.4182 -0.4498 -0.7892
vn 0.9328 0.2846 -0.2213
vn 0.3395 0.9394 0.0474
vn 0.3396 0.9397 0.0395
vn 0.8268 -0.4016 -0.3937
vn 0.8368 -0.4026 -0.3710
vn 0.3697 -0.6530 -0.6609
vn 0.4974 -0.5685 -0.6553
vn 0.4965 -0.4256 -0.7566
vn 0.4799 -0.4327 -0.7632
vn 0.3606 -0.6976 -0.6192
vn 0.4885 -0.6697 -0.5594
vn 0.1330 -0.9774 -0.1642
vn 0.6360 0.6838 0.3578
vn 0.7975 -0.4106 -0.4421
vn 0.7289 -0.4120 -0.5467
vn 0.8201 -0.2839 -0.4968
vn 0.6360 0.6837 0.3577
vn 0.6442 0.6760 0.3579
vn 0.3452 -0.5805 -0.7374
vn 0.4400 -0.4872 -0.7544
vn 0.7384 -0.0943 -0.6677
vn 0.6948 -0.2369 -0.6790
vn 0.8358 0.1183 -0.5362
vn 0.8576 0.0794 -0.5082
vn 0.6171 0.7753 0.1345
vn 0.7958 0.6048 -0.0318
vn 0.2836 -0.9057 0.3150
vn 0.2437 -0.9119 0.3302
vn 0.2123 -0.9588 0.1886
vn 0.6607 -0.6293 -0.4091
vn 0.6284 -0.6520 -0.4242
vn 0.6285 -0.6520 -0.4242
vn 0.8025 -0.3934 -0.4485
vn 0.8783 -0.3719 -0.3007
vn 0.9888 -0.0791 -0.1266
vn 0.8730 0.1825 0.4524
vn 0.9112 0.1585 0.3803
vn -0.9515 -0.2595 -0.1651
vn -0.9576 -0.2512 -0.1413
vn -0.7366 -0.4623 -0.4937
vn -0.6256 -0.5709 -0.5317
vn -0.7309 -0.3301 -0.5973
vn -0.7219 -0.3374 -0.6042
vn -0.6140 -0.6141 -0.4959
vn -0.7217 -0.5648 -0.4001
vn -0.3287 -0.9390 -0.1017
vn -0.9499 -0.2826 -0.1335
vn -0.4207 0.7621 0.4922
vn -0.4116 0.7679 0.4908
vn -0.9740 -0.0550 -0.2199
vn -0.9537 -0.1407 -0.2658
vn -0.6116 -0.5018 -0.6116
vn -0.6920 -0.3931 -0.6054
vn -0.8762 -0.1095 -0.4694
vn -0.8892 0.0314 -0.4564
vn -0.4340 0.8601 0.2683
vn -0.6710 0.7262 0.1500
vn -0.3398 -0.8535 0.3951
vn -0.2991 -0.8657 0.4014
vn -0.3148 -0.9129 0.2597
vn -0.8136 -0.5319 -0.2347
vn -0.8331 -0.5108 -0.2122
vn -0.9905 0.0708 0.1179
vn -0.9428 -0.2435 -0.2278
vn -0.9752 -0.2124 -0.0629
vn -0.6959 0.3084 0.6485
vn -0.7506 0.2923 0.5926
vn -0.8392 0.3642 0.4038
vn -0.8294 0.4029 0.3871
vn 0.8313 0.4987 0.2454
vn 0.8288 0.5021 0.2470
vn -0.6562 0.6167 0.4348
vn -0.6552 0.6237 0.4263
vn 0.8304 0.5030 0.2395
vn -0.4117 0.7679 0.4908
vn 0.7593 -0.2293 0.6090
vn 0.7874 -0.2067 0.5807
vn 0.6137 0.1594 0.7732
vn 0.6195 0.1509 0.7704
vn -0.3730 0.2381 0.8968
vn -0.3737 0.2306 0.8984
vn -0.6145 -0.1182 0.7800
vn -0.6470 -0.0868 0.7575
vn 0.8211 0.5182 0.2392
vn 0.8271 0.5089 0.2386
vn -0.6428 0.6349 0.4286
vn -0.6552 0.6236 0.4263
vn 0.3805 0.6579 0.6500
vn -0.1027 0.6954 0.7112
vn -0.9890 0.0785 0.1256
vn -0.9899 0.0786 0.1179
vn -0.9895 0.0707 0.1257
vn -0.0554 0.5773 -0.8146
vn -0.1489 -0.3291 -0.9325
vn 0.0710 0.5678 -0.8201
vn 0.1419 0.5046 -0.8516
vn -0.0316 0.5599 -0.8280
vn -0.0550 0.5737 -0.8172
vn -0.0864 0.3848 -0.9189
vn -0.0788 0.3784 -0.9223
vn -0.0866 0.5671 -0.8191
vn -0.1183 0.6232 -0.7731
vn -0.1654 0.5829 -0.7955
vn 0.0158 0.6150 -0.7884
vn 0.0471 0.5649 -0.8238
vn -0.1886 0.5892 -0.7856
vn -0.2751 0.5423 -0.7939
vn -0.0864 0.3849 -0.9189
vn 0.8344 -0.3857 -0.3936
vn 0.8370 -0.3869 -0.3869
vn 0.9364 -0.2361 -0.2597
vn 0.9283 -0.2857 -0.2379
vn -0.9560 -0.2429 -0.1646
vn -0.9590 -0.2358 -0.1572
vn -0.9968 -0.0785 -0.0157
vn -0.9920 -0.1260 -0.0000
vn -0.6640 0.1739 0.7272
vn -0.3011 0.4041 0.8637
vn -0.3392 -0.5127 0.7888
vn 0.2144 0.0159 0.9766
vn 0.3561 -0.6568 0.6647
vn 0.1981 -0.7607 0.6181
vn 0.2673 -0.3538 -0.8963
vn 0.5853 -0.7592 -0.2847
vn 0.2914 -0.8976 -0.3307
vn 0.2038 -0.9326 -0.2978
vn 0.2913 -0.8976 -0.3307
vn 0.8407 0.0476 0.5393
vn 0.5642 0.3339 0.7551
vn 0.4359 -0.5785 0.6894
vn 0.0238 0.0317 0.9992
vn -0.2854 -0.6026 0.7453
vn -0.1653 -0.7319 0.6611
vn -0.7558 -0.6455 -0.1102
vn -0.5100 -0.8317 -0.2197
vn -0.4244 -0.8802 -0.2123
vn 0.9989 -0.0000 -0.0476
vn 0.9995 -0.0000 0.0317
vn 0.9943 -0.0789 0.0710
vn 0.9972 -0.0712 0.0237
vn -0.3143 -0.9037 -0.2907
vn -0.3144 -0.9037 -0.2908
vn -0.6125 -0.7615 -0.2120
vn -0.6088 -0.7649 -0.2107
vn -0.9491 0.1503 0.2768
vn -0.9689 0.1496 0.1969
vn -0.9439 0.0708 0.3225
vn -0.9583 0.0786 0.2749
vn 0.0788 -0.9376 -0.3388
vn 0.4018 -0.8508 -0.3387
vn -0.9896 0.0707 0.1257
vn -0.9896 0.0707 0.1256
vn -0.9905 0.0708 0.1180
vn -0.9905 0.0707 0.1179
vn -0.9914 0.0708 0.1102
vn -0.9908 0.0786 0.1101
vn -0.9899 0.0786 0.1178
vn 0.9898 -0.0792 -0.1188
vn 0.9891 -0.0871 -0.1187
vn 0.9891 -0.0870 -0.1187
vn 0.9882 -0.0869 -0.1265
vn 0.9881 -0.0870 -0.1265
vn 0.9882 -0.0869 -0.1264
vn 0.9871 -0.0869 -0.1343
vn 0.9871 -0.0869 -0.1342
vn 0.9878 -0.0790 -0.1343
vn -0.9062 0.0859 -0.4140
vn -0.9653 -0.1413 -0.2198
vn -0.9876 0.0079 -0.1568
vn 0.0789 -0.5764 0.8133
vn -0.0000 -0.6013 0.7990
vn 0.8388 -0.2928 -0.4590
vn 0.7738 -0.0474 -0.6316
vn 0.9088 -0.1344 -0.3951
vn 0.0236 -0.5743 0.8183
vn 0.0947 -0.6074 0.7888
vn -0.2424 -0.9697 0.0313
vn -0.2425 -0.9699 0.0235
vn -0.1663 -0.1980 0.9660
vn -0.1668 -0.1902 0.9675
vn -0.0159 0.4849 0.8744
vn -0.0158 0.4816 0.8763
vn -0.0393 -0.4719 -0.8808
vn -0.0392 -0.4779 -0.8775
vn 0.1827 0.6992 -0.6912
vn 0.1817 0.7032 -0.6874
vn 0.1745 0.9835 -0.0476
vn 0.1746 0.9838 -0.0397
vn -0.9790 0.1880 -0.0783
vn -0.1566 -0.4542 -0.8770
vn -0.0862 -0.4705 -0.8782
vn -0.4498 -0.3867 0.8051
vn -0.3155 -0.4181 0.8518
vn -0.9751 0.1966 -0.1022
vn -0.5255 0.1804 -0.8314
vn -0.4411 0.1654 -0.8821
vn 0.9006 -0.4108 0.1422
vn 0.9677 -0.2221 0.1190
vn 0.1182 -0.5120 -0.8508
vn 0.0471 -0.5023 -0.8634
vn -0.0552 -0.4654 0.8834
vn 0.0712 -0.5144 0.8546
vn 0.9740 -0.2059 0.0950
vn 0.6868 -0.1105 -0.7184
vn 0.6408 -0.0237 -0.7674
vn -0.2443 -0.6935 0.6777
vn -0.2530 -0.7036 0.6641
vn -0.2350 -0.9715 0.0313
vn -0.2352 -0.9720 -0.0000
vn -0.1665 -0.1903 0.9675
vn -0.1658 -0.1737 0.9707
vn -0.0079 0.5063 0.8623
vn -0.0158 0.4755 0.8796
vn 0.1025 0.1814 -0.9780
vn 0.1022 0.1966 -0.9751
vn -0.0393 -0.4718 -0.8808
vn -0.0473 -0.4964 -0.8668
vn 0.1817 0.7110 -0.6794
vn 0.1822 0.9821 -0.0475
vn 0.1822 0.9821 -0.0476
vn 0.1824 0.9831 -0.0159
vn 0.5698 0.3957 0.7202
vn 0.5716 0.3890 0.7224
vn 0.9354 -0.2616 0.2378
vn 0.2277 -0.9734 -0.0236
vn 0.2276 -0.9732 -0.0315
vn 0.2276 -0.9733 -0.0314
vn -0.5711 -0.8136 -0.1095
vn -0.5705 -0.8129 -0.1172
vn -0.9892 0.1413 0.0393
vn -0.4693 0.6284 0.6204
vn 0.6960 0.7038 0.1423
vn 0.6959 0.7038 0.1424
vn 0.9927 -0.1182 -0.0236
vn 0.3691 -0.6126 -0.6990
vn 0.3691 -0.6125 -0.6989
vn -0.4247 -0.4483 -0.7865
vn -0.9338 0.2825 -0.2197
vn -0.3464 0.9369 0.0472
vn -0.3465 0.9372 0.0394
vn 0.9739 -0.2059 0.0950
vn 0.4051 0.7704 0.4924
vn 0.1261 -0.8589 -0.4964
vn 0.1261 -0.8588 -0.4965
vn 0.1176 -0.9091 -0.3997
vn 0.1175 -0.9091 -0.3997
vn 0.0707 -0.9970 0.0314
vn 0.0706 -0.9970 0.0314
vn 0.1419 -0.5046 -0.8516
vn 0.1102 0.0708 -0.9914
vn 0.1101 0.0708 -0.9914
vn 0.0550 0.5264 -0.8485
vn -0.0709 0.9922 -0.1024
vn -0.0708 0.9922 -0.1023
vn -0.0710 -0.5050 0.8602
vn -0.0710 -0.5051 0.8602
vn -0.1419 0.1576 0.9773
vn -0.1418 0.1576 0.9773
vn 0.0788 0.3784 -0.9223
vn 0.0785 0.3689 -0.9261
vn 0.0785 0.3689 -0.9262
vn -0.9890 -0.0786 -0.1256
vn -0.5505 -0.6134 -0.5663
vn -0.5505 -0.6134 -0.5662
vn 0.1335 -0.7463 -0.6521
vn -0.9279 -0.2516 -0.2752
vn -0.9665 -0.1650 -0.1964
vn -0.9665 -0.1650 -0.1965
vn -0.8723 -0.3457 -0.3457
vn -0.9205 0.3698 0.1259
vn -0.9206 0.3698 0.1259
vn 0.9873 -0.1422 -0.0711
vn 0.9989 -0.0000 0.0476
vn 0.8374 -0.4345 -0.3318
vn 0.6713 -0.5765 -0.4659
vn 0.7868 0.5086 0.3497
vn -0.8723 -0.3458 -0.3458
vn -0.5506 -0.6134 -0.5662
vn -0.9278 -0.2517 -0.2752
vn 0.1336 -0.7463 -0.6520
vn 0.6712 -0.5765 -0.4659
vn 0.8373 -0.4345 -0.3318
vn 0.1336 -0.7463 -0.6521
vn -0.4098 -0.7801 0.4728
vn -0.4097 -0.7801 0.4728
vn -0.2985 -0.8955 -0.3299
vn 0.3872 -0.7191 0.5769
vn 0.3873 -0.7192 0.5769
vn 0.3872 -0.7192 0.5769
vn 0.5033 -0.8335 -0.2280
vn 0.5033 -0.8335 -0.2281
vn 0.5032 -0.8335 -0.2280
vn 0.5356 -0.2835 -0.7955
vn 0.5356 -0.2835 -0.7954
vn 0.0158 -0.9153 0.4024
vn 0.0711 -0.9089 0.4110
vn 0.0158 -0.9124 0.4090
vn 0.0785 -0.9097 0.4078
vn -0.0556 0.8404 0.5391
vn -0.1343 0.8376 0.5295
vn -0.1347 0.8317 0.5386
vn -0.0554 0.8463 0.5299
vn -0.0392 -0.9188 0.3927
vn -0.0393 -0.9188 0.3927
vn 0.0157 -0.9124 0.4090
vn -0.2150 0.8282 0.5176
vn -0.1344 0.8376 0.5295
vn -0.2220 0.8326 0.5075
vn 0.1096 0.1252 -0.9861
vn -0.1422 0.2844 0.9481
vn 0.0627 -0.9961 0.0627
vn -0.0788 -0.4332 0.8979
vn -0.1346 0.1346 0.9817
vn -0.0871 -0.4039 0.9107
vn 0.0392 -0.9730 0.2275
vn 0.0392 -0.9730 0.2276
vn -0.1507 0.5075 0.8484
vn 0.0628 -0.9969 0.0471
vn 0.1250 -0.8827 -0.4531
vn 0.1173 -0.8835 -0.4535
vn 0.1181 -0.8818 -0.4566
vn 0.1254 -0.8858 -0.4468
vn -0.0787 -0.4332 0.8979
vn -0.1270 -0.0158 0.9918
vn -0.1269 -0.0159 0.9918
vn -0.0550 -0.5736 0.8173
vn -0.0475 -0.5776 0.8149
vn -0.0711 -0.5768 0.8138
vn -0.0237 -0.6011 0.7988
vn 0.1018 0.1253 -0.9869
vn 0.1095 0.1252 -0.9861
vn 0.0393 -0.9730 0.2276
vn 0.1259 -0.8809 -0.4562
vn 0.1250 -0.8827 -0.4530
vn 0.1258 -0.8809 -0.4562
vn -0.1270 -0.0159 0.9918
vn 0.0393 -0.9730 0.2275
vn -0.0708 -0.5820 0.8101
vn -0.0553 -0.6091 0.7911
vn -0.1431 0.8583 0.4928
vn 0.1492 -0.8561 -0.4948
vn 0.1175 -0.8617 -0.4935
vn 0.1175 -0.8617 -0.4936
vn 0.1176 -0.8617 -0.4935
vn -0.1110 0.8639 0.4914
vn -0.1109 0.8639 0.4914
vn -0.1178 0.1963 -0.9735
vn -0.1177 0.1963 -0.9735
vn -0.1430 0.8583 0.4927
vn -0.1110 0.8639 0.4913
vn 0.2840 -0.7417 0.6076
vn 0.2373 -0.7437 0.6250
vn 0.1341 -0.7574 0.6391
vn -0.0000 -0.7565 0.6540
vn 0.0863 -0.6040 -0.7923
vn -0.0000 -0.4250 -0.9052
vn -0.0548 -0.2033 -0.9776
vn 0.1667 -0.3730 0.9127
vn 0.2054 -0.3635 0.9087
vn 0.1420 -0.2605 0.9550
vn 0.4293 -0.4135 0.8030
vn -0.1178 0.0786 -0.9899
vn 0.1577 -0.3311 0.9303
vn 0.0159 0.3493 0.9369
vn 0.0159 0.3494 0.9369
vn -0.2132 0.6161 -0.7583
vn -0.2133 0.6161 -0.7583
vn -0.2216 0.9658 -0.1346
vn -0.2217 0.9658 -0.1346
vn 0.2213 -0.8139 0.5373
vn 0.2213 -0.8138 0.5373
vn 0.1252 -0.8609 -0.4931
vn 0.2931 -0.7364 0.6097
vn 0.1426 -0.7604 0.6336
vn 0.2374 -0.7436 0.6250
vn 0.1415 -0.3852 -0.9119
vn -0.0000 -0.6199 -0.7847
vn -0.0547 -0.2033 -0.9776
vn 0.1666 -0.3731 0.9127
vn 0.1186 -0.3797 0.9175
vn -0.0631 -0.5204 0.8516
vn 0.1421 -0.2604 0.9550
vn 0.2212 -0.8138 0.5373
vn 0.2212 -0.8139 0.5373
vn -0.1430 0.8583 0.4928
vn -0.1431 0.8583 0.4927
vn 0.1493 -0.8561 -0.4948
vn 0.1175 -0.8618 -0.4935
vn 0.6360 0.6837 0.3578
vn -0.1337 -0.8581 -0.4958
vn -0.1338 -0.8580 -0.4959
vn -0.1253 -0.9082 -0.3994
vn -0.1253 -0.9082 -0.3993
vn -0.0784 -0.9964 0.0314
vn -0.0785 -0.9964 0.0314
vn -0.1496 -0.5042 -0.8505
vn -0.1496 -0.5038 -0.8508
vn -0.1179 0.0707 -0.9905
vn -0.1179 0.0708 -0.9905
vn -0.0628 0.5261 -0.8481
vn 0.0630 0.9927 -0.1024
vn 0.0632 -0.5053 0.8606
vn 0.1341 0.1578 0.9783
vn -0.0867 0.3782 -0.9217
vn -0.0863 0.3687 -0.9255
vn -0.0866 0.3781 -0.9217
vn -0.0867 0.3781 -0.9217
vn -0.0863 0.3686 -0.9256
vn 0.5450 -0.6161 -0.5687
vn -0.1412 -0.7455 -0.6513
vn -0.1411 -0.7455 -0.6514
vn 0.9268 -0.2534 -0.2772
vn 0.9660 -0.1663 -0.1980
vn 0.8704 -0.3481 -0.3481
vn 0.9660 -0.1663 -0.1979
vn 0.9193 0.3725 0.1268
vn -0.9875 -0.1411 -0.0705
vn -0.9875 -0.1410 -0.0705
vn -0.9989 -0.0000 0.0472
vn -0.8397 -0.4316 -0.3295
vn -0.9875 -0.1411 -0.0706
vn -0.6756 -0.5734 -0.4635
vn -0.7898 0.5055 0.3475
vn -0.7898 0.5054 0.3475
vn 0.8704 -0.3482 -0.3482
vn 0.9267 -0.2535 -0.2773
vn -0.1413 -0.7455 -0.6514
vn -0.6755 -0.5735 -0.4635
vn -0.1413 -0.7455 -0.6513
vn -0.8397 -0.4316 -0.3296
vn 0.4032 -0.7826 0.4743
vn -0.3939 -0.7170 0.5752
vn -0.3939 -0.7170 0.5751
vn -0.5091 -0.8302 -0.2271
vn -0.5091 -0.8302 -0.2272
vn -0.5412 -0.2823 -0.7921
vn -0.5411 -0.2823 -0.7921
vn -0.0236 -0.9123 0.4090
vn -0.0790 -0.9083 0.4107
vn -0.0237 -0.9152 0.4024
vn -0.0862 -0.9091 0.4075
vn 0.0476 0.8407 0.5393
vn 0.1266 0.8385 0.5300
vn 0.0475 0.8466 0.5301
vn 0.1269 0.8326 0.5392
vn 0.0314 -0.9191 0.3928
vn 0.2074 0.8296 0.5185
vn 0.1265 0.8385 0.5300
vn 0.2144 0.8340 0.5084
vn 0.9881 -0.0869 -0.1265
vn -0.1173 0.1251 -0.9852
vn 0.1344 0.2847 0.9491
vn 0.1345 0.2847 0.9491
vn -0.0705 -0.9955 0.0627
vn -0.0706 -0.9955 0.0627
vn 0.0709 -0.4334 0.8984
vn 0.1268 0.1347 0.9827
vn 0.0792 -0.4041 0.9113
vn 0.0793 -0.4041 0.9113
vn -0.0471 -0.9726 0.2275
vn 0.1429 0.5081 0.8494
vn 0.1429 0.5080 0.8494
vn -0.0706 -0.9964 0.0471
vn -0.1249 -0.8827 -0.4531
vn -0.1326 -0.8818 -0.4526
vn -0.1258 -0.8809 -0.4562
vn -0.1331 -0.8849 -0.4464
vn 0.1192 -0.0159 0.9927
vn 0.1191 -0.0159 0.9928
vn 0.1191 -0.0159 0.9927
vn 0.0158 -0.6012 0.7990
vn 0.0472 -0.5739 0.8176
vn 0.0396 -0.5778 0.8152
vn 0.0632 -0.5771 0.8143
vn -0.1096 0.1252 -0.9861
vn 0.0710 -0.4334 0.8984
vn -0.1327 -0.8818 -0.4526
vn -0.1336 -0.8800 -0.4557
vn 0.0632 -0.5771 0.8142
vn 0.0629 -0.5823 0.8105
vn 0.0474 -0.6094 0.7914
vn -0.2443 -0.6935 0.6778
vn 0.1353 0.8593 0.4933
vn -0.1569 -0.8551 -0.4942
vn -0.1569 -0.8550 -0.4943
vn -0.1252 -0.8609 -0.4931
vn 0.1031 0.8646 0.4918
vn 0.1100 0.1964 -0.9743
vn 0.1100 0.1965 -0.9743
vn 0.1352 0.8593 0.4933
vn -0.1569 -0.8550 -0.4942
vn -0.1253 -0.8609 -0.4931
vn -0.1419 -0.7566 0.6384
vn -0.2448 -0.7422 0.6238
vn -0.2912 -0.7400 0.6062
vn -0.0941 -0.6036 -0.7917
vn 0.1489 -0.4547 -0.8781
vn 0.0470 -0.2034 -0.9780
vn -0.2130 -0.3629 0.9072
vn -0.1744 -0.3725 0.9115
vn -0.1497 -0.2602 0.9539
vn -0.4357 -0.4120 0.8002
vn 0.1101 0.0786 -0.9908
vn -0.1654 -0.3307 0.9291
vn -0.1653 -0.3307 0.9291
vn -0.0238 0.3493 0.9367
vn 0.2057 0.6171 -0.7595
vn 0.2141 0.9675 -0.1348
vn -0.2287 -0.8124 0.5363
vn -0.2287 -0.8124 0.5364
vn -0.2288 -0.8124 0.5363
vn -0.1329 -0.8601 -0.4926
vn -0.1329 -0.8601 -0.4925
vn -0.1329 -0.8600 -0.4926
vn -0.2913 -0.7400 0.6062
vn -0.3003 -0.7347 0.6083
vn -0.1503 -0.7595 0.6329
vn -0.2449 -0.7422 0.6238
vn 0.0469 -0.2034 -0.9780
vn -0.1492 -0.3848 -0.9109
vn -0.0079 -0.6199 -0.7847
vn -0.1499 -0.2601 0.9539
vn -0.1743 -0.3725 0.9115
vn -0.1264 -0.3793 0.9166
vn 0.0553 -0.5206 0.8520
vn -0.1568 -0.8551 -0.4942
vn -0.1251 -0.8610 -0.4930
vn -0.9452 0.0625 -0.3203
vn -0.9837 0.0866 -0.1574
vn -0.9201 0.0708 -0.3853
vn -0.8717 0.0550 -0.4869
vn -0.8611 0.0861 -0.5010
vn 0.1414 -0.6679 -0.7307
vn 0.1415 -0.6679 -0.7307
vn 0.2604 -0.6708 -0.6944
vn 0.3053 -0.6811 -0.6655
vn 0.3706 -0.7096 -0.5992
vn 0.3947 -0.7341 -0.5525
vn 0.4178 -0.7804 -0.4651
vn 0.4095 -0.8112 -0.4174
vn 0.3623 -0.8743 -0.3230
vn 0.3623 -0.8743 -0.3229
vn 0.2752 -0.9279 -0.2516
vn 0.2287 -0.9463 -0.2287
vn 0.1016 -0.9687 -0.2265
vn 0.1015 -0.9687 -0.2266
vn -0.0157 -0.9657 -0.2591
vn -0.0548 -0.9555 -0.2898
vn -0.1338 -0.9129 -0.3856
vn -0.1645 -0.8540 -0.4936
vn -0.1649 -0.8243 -0.5417
vn -0.1330 -0.7747 -0.6182
vn -0.1025 -0.7491 -0.6545
vn -0.0236 -0.7069 -0.7069
vn 0.0157 -0.6911 -0.7226
vn 0.9770 -0.2127 0.0158
vn 0.9748 -0.2219 0.0238
vn 0.9827 -0.1823 0.0317
vn 0.9894 -0.1345 0.0554
vn 0.7885 -0.5677 0.2366
vn 0.9918 -0.1111 0.0635
vn 0.7441 -0.5066 0.4355
vn 0.7586 -0.4109 0.5057
vn 0.9969 0.0791 -0.0000
vn 0.9942 0.1026 0.0316
vn 0.9947 0.1026 0.0079
vn 0.9918 0.1270 0.0159
vn 0.9885 0.1503 -0.0158
vn 0.9861 0.1657 0.0158
vn 0.9869 0.1579 -0.0316
vn 0.9828 0.1585 -0.0951
vn 0.7070 0.5561 -0.4369
vn 0.6259 0.7289 -0.2773
vn 0.7135 0.4994 -0.4915
vn 0.7216 0.2379 -0.6502
vn 0.7042 0.1741 -0.6883
vn 0.6623 -0.0158 -0.7491
vn 0.6854 0.0709 -0.7247
vn 0.6961 0.2294 -0.6803
vn 0.6952 0.2765 -0.6636
vn 0.6821 0.4759 -0.5552
vn 0.6733 0.5228 -0.5228
vn 0.6326 0.6563 -0.4112
vn -0.1267 0.9025 0.4117
vn -0.9756 -0.0551 -0.2124
vn -0.9654 -0.0706 -0.2511
vn -0.9705 -0.0548 -0.2348
vn -0.9735 -0.0235 -0.2277
vn -0.9636 -0.0235 -0.2664
vn -0.9617 0.0156 -0.2736
vn -0.9545 0.0235 -0.2973
vn -0.9511 0.0786 -0.2987
vn -0.0395 -0.6946 0.7183
vn -0.4935 -0.0157 -0.8696
vn -0.5412 0.1255 -0.8315
vn -0.5500 0.1728 -0.8171
vn -0.5908 0.3702 -0.7169
vn -0.5980 0.4170 -0.6845
vn -0.6085 0.5532 -0.5690
vn -0.4542 -0.1018 -0.8850
vn -0.5406 0.0705 -0.8383
vn -0.5731 0.1335 -0.8086
vn -0.6446 0.3852 -0.6604
vn -0.6616 0.4411 -0.6065
vn -0.6530 0.6216 -0.4327
vn 0.2053 -0.4659 0.8607
vn -0.1659 0.4661 -0.8690
vn 0.0634 0.1267 0.9899
vn 0.0632 0.1500 0.9867
vn 0.6115 0.2621 0.7465
vn 0.7105 0.2954 0.6387
vn 0.9120 0.3093 0.2696
vn 0.9481 0.3081 0.0790
vn 0.9404 0.3240 -0.1027
vn 0.9403 0.3161 -0.1264
vn 0.9549 0.2841 -0.0868
vn 0.9623 0.2624 -0.0716
vn 0.9739 0.1980 -0.1109
vn 0.9799 0.1659 -0.1106
vn 0.9778 0.1971 -0.0710
vn 0.9803 0.1897 -0.0553
vn 0.9815 0.1742 -0.0792
vn 0.9802 0.1818 -0.0791
vn 0.6010 -0.3479 0.7195
vn 0.5968 -0.4058 0.6922
vn 0.5647 -0.4374 0.6999
vn 0.6106 -0.4520 0.6503
vn 0.4666 -0.5141 0.7197
vn 0.5399 -0.4923 0.6828
vn 0.2210 -0.5839 0.7812
vn 0.1496 -0.5983 0.7872
vn 0.9802 0.1976 -0.0158
vn 0.9766 0.2144 -0.0159
vn 0.9788 0.1973 -0.0552
vn 0.9793 0.1895 -0.0711
vn 0.9760 0.1825 -0.1190
vn -0.0392 -0.2900 -0.9562
vn -0.0550 -0.2274 -0.9723
vn 0.6370 -0.0157 -0.7707
vn 0.7521 0.1821 -0.6333
vn 0.7812 0.1735 -0.5997
vn 0.7675 0.3086 -0.5618
vn 0.6884 0.3244 -0.6488
vn 0.6488 0.3244 -0.6884
vn 0.5217 0.3399 -0.7825
vn -0.9539 -0.2759 0.1182
vn -0.9537 -0.2736 0.1251
vn -0.9263 -0.3218 0.1962
vn -0.8870 -0.3925 0.2434
vn -0.8814 -0.4092 0.2361
vn -0.8763 -0.4068 0.2582
vn -0.9549 -0.2818 0.0939
vn -0.9049 -0.3541 0.2360
vn -0.9634 -0.2663 0.0313
vn -0.9690 -0.2285 0.0945
vn -0.9414 -0.3373 -0.0079
vn -0.8926 -0.4307 -0.1331
vn -0.7206 -0.5875 0.3682
vn -0.9575 -0.2668 0.1099
vn -0.9803 -0.1961 -0.0235
vn -0.9770 -0.2110 0.0313
vn -0.7302 -0.5418 0.4162
vn -0.3558 -0.6879 0.6326
vn -0.8790 -0.4474 0.1648
vn -0.8971 -0.4407 0.0315
vn -0.4887 -0.7331 0.4730
vn 0.2131 -0.6789 0.7026
vn 0.2209 -0.8439 0.4890
vn -0.6621 -0.7251 0.1892
vn -0.6202 -0.7615 0.1884
vn 0.2204 -0.9444 0.2440
vn 0.2207 -0.9536 0.2049
vn -0.4498 -0.6471 0.6155
vn 0.2211 -0.8292 0.5133
vn 0.2205 -0.8350 0.5042
vn -0.6228 -0.5912 0.5124
vn -0.6990 -0.6126 0.3691
vn 0.2061 -0.6342 0.7452
vn 0.1816 -0.4896 0.8528
vn -0.5514 -0.6460 0.5278
vn -0.6904 -0.5806 0.4315
vn 0.3474 -0.6551 0.6709
vn -0.7172 -0.4808 0.5044
vn 0.0473 -0.5358 0.8430
vn -0.5993 -0.4495 0.6624
vn -0.7328 -0.3231 0.5989
vn 0.1424 -0.2214 0.9647
vn -0.5843 -0.2685 0.7659
vn -0.7483 -0.0472 0.6617
vn 0.0473 0.1974 0.9792
vn -0.5744 0.0158 0.8184
vn -0.4964 0.0473 0.8668
vn -0.7354 0.1344 0.6642
vn 0.1342 -0.1974 0.9711
vn 0.1501 -0.7030 0.6951
vn -0.8230 0.5017 -0.2665
vn -0.9056 0.3938 -0.1575
vn -0.5859 0.6730 -0.4513
vn -0.4351 0.7278 -0.5300
vn -0.0157 0.7636 -0.6455
vn 0.4731 0.6230 -0.6229
vn 0.4731 0.6230 -0.6230
vn 0.7983 0.3714 -0.4742
vn 0.8880 0.2458 -0.3885
vn 0.9888 -0.0790 -0.1266
vn 0.9024 -0.4037 0.1504
vn 0.8189 -0.5118 0.2598
vn 0.5796 -0.6829 0.4447
vn 0.4280 -0.7371 0.5231
vn 0.0079 -0.7708 0.6371
vn -0.4792 -0.6284 0.6127
vn -0.8017 -0.3772 0.4637
vn -0.8906 -0.2522 0.3783
vn -0.9056 0.3937 -0.1575
vn -0.8230 0.5016 -0.2665
vn 0.8698 0.0554 -0.4902
vn 0.8591 0.0867 -0.5044
vn 0.9188 0.0713 -0.3881
vn 0.9444 0.0630 -0.3227
vn 0.9835 0.0872 -0.1586
vn -0.9890 0.0785 0.1254
vn 0.0238 0.8257 0.5637
vn 0.0396 0.8152 0.5778
vn 0.0557 0.8440 0.5335
vn 0.0712 0.8546 0.5143
vn 0.1272 0.8741 0.4688
vn -0.0710 0.5051 -0.8602
vn 0.3469 0.4257 -0.8357
vn 0.5057 0.3635 -0.7824
vn 0.7676 0.2216 -0.6014
vn 0.8666 0.1339 -0.4806
vn 0.9262 -0.2929 0.2375
vn 0.8468 -0.3640 0.3878
vn 0.5510 -0.4880 0.6769
vn 0.0633 -0.5146 0.8551
vn -0.3550 -0.4338 0.8282
vn -0.5134 -0.3721 0.7733
vn -0.7731 -0.2287 0.5916
vn -0.8709 -0.1412 0.4708
vn -0.9276 0.2830 -0.2437
vn -0.8488 0.3537 -0.3929
vn -0.5556 0.4773 -0.6808
vn -0.0711 0.5050 -0.8602
vn -0.0710 0.5050 -0.8602
vn 0.8666 0.1340 -0.4806
vn -0.7731 -0.2288 0.5916
vn -0.5556 0.4774 -0.6808
vn -0.0711 0.5051 -0.8602
vn 0.5058 0.3635 -0.7823
vn 0.0634 -0.5146 0.8551
vn -0.3549 -0.4338 0.8282
vn -0.9276 0.2831 -0.2437
vn -0.8488 0.3537 -0.3930
vn 0.1114 0.4058 0.9071
vn 0.0475 0.4115 0.9101
vn 0.0158 0.0869 0.9961
vn 0.1182 -0.1734 0.9777
vn -0.0947 -0.5522 0.8283
vn 0.0554 -0.5538 0.8308
vn 0.9072 -0.3629 -0.2130
vn 0.9019 -0.3797 -0.2057
vn 0.9176 -0.3401 -0.2057
vn 0.9377 -0.2915 -0.1891
vn 0.9391 -0.2920 -0.1815
vn 0.7183 -0.6946 0.0395
vn 0.9462 -0.2681 -0.1814
vn 0.7423 -0.6238 0.2448
vn 0.7859 -0.5398 0.3016
vn 0.0394 -0.5831 0.8115
vn 0.0394 -0.6535 0.7559
vn -0.0236 -0.9123 0.4089
vn -0.0392 -0.9562 0.2900
vn -0.1019 -0.9797 -0.1725
vn -0.1101 -0.9674 -0.2281
vn -0.1411 -0.7528 -0.6430
vn -0.1417 -0.4078 -0.9020
vn -0.1017 0.1801 -0.9784
vn -0.1103 0.1813 -0.9772
vn -0.0393 0.6451 -0.7631
vn -0.0237 0.7108 -0.7030
vn 0.0237 0.9221 -0.3862
vn 0.0475 0.9662 -0.2535
vn 0.0869 0.9871 0.1342
vn 0.0950 0.9815 0.1662
vn 0.1349 0.7540 0.6429
vn 0.1426 0.3249 0.9349
vn 0.1273 0.2387 0.9627
vn 0.1024 -0.1890 0.9766
vn 0.0946 -0.1892 0.9774
vn 0.0394 -0.5830 0.8115
vn -0.9943 0.1018 0.0313
vn -0.9969 0.0785 -0.0000
vn -0.9948 0.1018 0.0078
vn -0.9919 0.1260 0.0157
vn -0.9887 0.1491 -0.0157
vn -0.9863 0.1644 0.0157
vn -0.9871 0.1567 -0.0313
vn -0.9830 0.1573 -0.0944
vn -0.6667 -0.0157 -0.7452
vn -0.7081 0.1731 -0.6845
vn -0.7253 0.2365 -0.6465
vn -0.7173 0.4966 -0.4887
vn -0.7110 0.5530 -0.4345
vn -0.6307 0.7253 -0.2759
vn -0.0785 0.4237 -0.9024
vn -0.0785 0.4238 -0.9024
vn -0.0784 0.4238 -0.9024
vn 0.0316 -0.6948 0.7185
vn 0.9648 -0.0712 -0.2531
vn 0.9752 -0.0555 -0.2141
vn 0.9700 -0.0552 -0.2366
vn 0.9730 -0.0237 -0.2294
vn 0.9630 -0.0237 -0.2684
vn 0.9611 0.0158 -0.2757
vn 0.9538 0.0237 -0.2995
vn 0.9504 0.0792 -0.3009
vn 0.6571 0.4434 -0.6096
vn 0.6484 0.6248 -0.4350
vn 0.6400 0.3872 -0.6637
vn 0.5677 0.1341 -0.8122
vn 0.5350 0.0708 -0.8419
vn 0.4481 -0.1022 -0.8881
vn 0.5929 0.4190 -0.6877
vn 0.6035 0.5558 -0.5717
vn 0.5856 0.3720 -0.7202
vn 0.5445 0.1736 -0.8206
vn 0.5356 0.1260 -0.8350
vn 0.4876 -0.0157 -0.8729
vn 0.1582 0.4667 -0.8702
vn 0.1582 0.4667 -0.8701
vn -0.0712 0.1266 0.9894
vn -0.0710 0.1499 0.9862
vn 0.5063 0.0158 0.8622
vn 0.6323 0.0079 0.7747
vn 0.8857 -0.0712 0.4587
vn 0.9563 -0.0948 0.2766
vn 0.9931 -0.0788 0.0867
vn 0.9935 -0.0946 0.0631
vn 0.9867 -0.1263 0.1026
vn 0.9815 -0.1504 0.1187
vn 0.9730 -0.2136 0.0870
vn 0.9662 -0.2455 0.0792
vn 0.9699 -0.2129 0.1183
vn 0.9658 -0.2217 0.1346
vn 0.9651 -0.2373 0.1108
vn 0.9669 -0.2298 0.1109
vn -0.2284 -0.5829 0.7798
vn -0.1572 -0.5976 0.7863
vn 0.0552 -0.6314 0.7735
vn 0.1106 -0.6323 0.7668
vn 0.2301 -0.6347 0.7378
vn 0.1900 -0.6017 0.7758
vn 0.2373 -0.5854 0.7752
vn 0.2526 -0.5367 0.8051
vn 0.9632 -0.2053 0.1737
vn 0.9647 -0.1977 0.1740
vn 0.9664 -0.2139 0.1426
vn 0.9668 -0.2219 0.1268
vn 0.9703 -0.2288 0.0789
vn 0.0314 -0.2901 -0.9565
vn 0.0470 -0.2274 -0.9727
vn 0.7110 -0.3081 -0.6320
vn 0.8690 -0.1659 -0.4661
vn 0.8870 -0.1742 -0.4276
vn 0.9210 -0.0551 -0.3857
vn 0.8730 -0.0079 -0.4876
vn 0.8475 -0.0000 -0.5307
vn 0.7589 0.0632 -0.6482
vn -0.2373 0.8385 -0.4905
vn -0.3883 0.7846 -0.4834
vn -0.2368 0.7026 -0.6710
vn -0.2603 0.7021 -0.6627
vn -0.3461 0.5348 -0.7708
vn -0.4333 0.3388 -0.8351
vn -0.4001 0.3295 -0.8552
vn -0.3613 0.1021 -0.9268
vn 0.5713 0.2380 -0.7855
vn 0.7750 0.0949 -0.6248
vn 0.8476 -0.0000 -0.5307
vn 0.4404 0.2910 -0.8493
vn 0.0866 0.3150 -0.9451
vn -0.2675 0.2281 -0.9362
vn -0.3933 0.1568 -0.9060
vn -0.6025 -0.0078 -0.7981
vn -0.6823 -0.1176 -0.7215
vn -0.7676 -0.3995 -0.5013
vn -0.6985 -0.6671 -0.2590
vn -0.6228 -0.7647 -0.1655
vn -0.4220 -0.9066 -0.0078
vn -0.2899 -0.9559 0.0470
vn 0.0549 -0.9885 0.1412
vn 0.4108 -0.9006 0.1422
vn 0.5458 -0.8306 0.1107
vn 0.7565 -0.6540 -0.0000
vn 0.8364 -0.5445 -0.0631
vn 0.9195 -0.2616 -0.2933
vn 0.7750 0.0949 -0.6247
vn 0.8204 0.5049 -0.2683
vn 0.5806 0.6766 -0.4528
vn 0.9042 0.3966 -0.1586
vn 0.4287 0.7303 -0.5319
vn 0.0079 0.7637 -0.6456
vn -0.4792 0.6206 -0.6206
vn -0.8011 0.3691 -0.4712
vn -0.8897 0.2441 -0.3858
vn -0.9039 -0.4009 0.1494
vn -0.8214 -0.5085 0.2582
vn -0.5849 -0.6797 0.4426
vn -0.4344 -0.7345 0.5213
vn -0.0157 -0.7707 0.6370
vn 0.4731 -0.6308 0.6150
vn 0.7988 -0.3796 0.4667
vn 0.8890 -0.2540 0.3810
vn 0.9042 0.3965 -0.1586
vn 0.8205 0.5049 -0.2682
vn -0.0951 -0.2933 0.9513
vn -0.1030 -0.2931 0.9505
vn 0.0470 -0.9795 0.1959
vn -0.0709 -0.5201 0.8511
vn -0.1026 -0.2764 0.9556
vn -0.1027 -0.2764 0.9555
vn -0.1027 -0.2764 0.9556
vn 0.9647 0.2214 -0.1424
vn 0.9449 0.2064 -0.2541
vn 0.9352 0.2299 -0.2695
vn 0.9726 0.2214 -0.0712
vn 0.9636 0.2528 0.0869
vn -0.9980 0.0314 -0.0550
vn -0.9982 0.0236 -0.0550
vn -0.9980 0.0315 -0.0550
vn 0.9628 0.1910 0.1910
vn 0.9634 0.1895 0.1895
vn 0.9888 0.0791 0.1264
vn -0.0317 0.8255 0.5636
vn -0.0637 0.8436 0.5332
vn -0.0475 0.8150 0.5776
vn -0.0791 0.8541 0.5140
vn -0.1349 0.8732 0.4684
vn 0.0631 0.5053 -0.8606
vn -0.3538 0.4246 -0.8334
vn -0.5116 0.3621 -0.7792
vn -0.7708 0.2202 -0.5978
vn -0.8686 0.1331 -0.4774
vn -0.9273 -0.2908 0.2358
vn -0.8491 -0.3616 0.3852
vn -0.5564 -0.4859 0.6740
vn -0.0712 -0.5143 0.8546
vn 0.3480 -0.4350 0.8305
vn 0.5074 -0.3726 0.7770
vn 0.7699 -0.2302 0.5952
vn 0.8690 -0.1422 0.4740
vn 0.9265 0.2851 -0.2455
vn 0.8466 0.3560 -0.3956
vn 0.5502 0.4794 -0.6837
vn 0.5501 0.4794 -0.6837
vn 0.0632 0.5053 -0.8606
vn -0.7708 0.2202 -0.5977
vn -0.8686 0.1330 -0.4774
vn -0.9273 -0.2907 0.2358
vn -0.8490 -0.3616 0.3852
vn 0.5501 0.4794 -0.6838
vn -0.0712 -0.5144 0.8546
vn 0.5074 -0.3727 0.7770
vn 0.0079 0.9672 0.2537
vn -0.1103 0.9691 0.2206
vn -0.1102 0.9691 0.2206
vn 0.0474 0.9574 0.2848
vn 0.1274 0.9153 0.3821
vn 0.1586 0.8563 0.4916
vn 0.1589 0.8263 0.5403
vn 0.1267 0.7761 0.6177
vn 0.0952 0.7462 0.6589
vn 0.0159 0.7070 0.7070
vn -0.0238 0.6908 0.7226
vn -0.1508 0.6666 0.7300
vn -0.2706 0.6687 0.6926
vn -0.3157 0.6788 0.6630
vn -0.3813 0.7069 0.5957
vn -0.4054 0.7313 0.5485
vn -0.4284 0.7776 0.4602
vn -0.4201 0.8085 0.4122
vn -0.3726 0.8721 0.3172
vn -0.3726 0.8721 0.3171
vn -0.2851 0.9265 0.2455
vn -0.2384 0.9454 0.2225
vn -0.1104 0.9691 0.2206
vn -0.8817 0.2047 0.4251
vn -0.9886 -0.0942 -0.1177
vn -0.8658 0.2046 0.4566
vn -0.8948 0.2512 0.3690
vn -0.7978 0.5134 0.3160
vn -0.8330 0.5422 0.1100
vn -0.9037 0.3143 -0.2907
vn -0.9908 -0.0786 -0.1101
vn -0.9922 -0.0709 -0.1024
vn -0.8889 0.4405 -0.1259
vn -0.8984 0.4334 0.0709
vn -0.4038 0.9107 -0.0871
vn -0.2129 0.8675 -0.4495
vn -0.3813 0.8817 0.2780
vn -0.0870 0.9891 -0.1187
vn -0.0158 0.8927 -0.4503
vn 0.1740 0.9018 -0.3955
vn -0.1183 0.9388 0.3234
vn 0.2052 0.9787 -0.0079
vn 0.8862 0.4589 -0.0632
vn 0.7147 0.6829 0.1508
vn 0.1669 0.9219 0.3497
vn -0.1027 0.9405 0.3240
vn -0.3497 0.7709 0.5324
vn -0.3710 0.5368 0.7578
vn -0.8949 0.2512 0.3689
vn -0.1189 0.7769 0.6183
vn -0.3491 0.4443 0.8251
vn -0.1582 0.5694 0.8067
vn -0.1902 0.3646 0.9115
vn -0.8659 0.2046 0.4565
vn -0.1110 0.3568 0.9276
vn 0.2770 0.1900 0.9419
vn -0.1671 0.4536 0.8754
vn -0.1509 0.3971 0.9053
vn -0.1899 0.3482 0.9180
vn 0.0318 0.4847 0.8741
vn -0.1106 0.3633 0.9251
vn -0.5356 0.1261 0.8350
vn 0.6977 0.3330 0.6343
vn 0.6746 0.3333 0.6586
vn 0.7153 0.3895 0.5802
vn 0.0714 0.5947 0.8008
vn 0.5961 0.6278 0.5006
vn 0.0870 0.8385 0.5379
vn 0.1746 0.9206 0.3492
vn 0.7628 0.5800 0.2860
vn 0.7627 0.5800 0.2860
vn 0.8862 0.4589 -0.0633
vn 0.9899 0.0634 0.1267
vn 0.6745 0.3333 0.6587
vn 0.9884 0.0712 0.1344
vn 0.9878 0.0790 0.1343
vn 0.9867 0.0789 0.1421
vn -0.1192 0.4055 0.9063
vn -0.0237 0.0869 0.9959
vn -0.0554 0.4114 0.9098
vn -0.1260 -0.1733 0.9768
vn 0.0868 -0.5526 0.8289
vn -0.0633 -0.5536 0.8304
vn -0.9188 -0.3377 -0.2042
vn -0.9034 -0.3771 -0.2042
vn -0.9086 -0.3603 -0.2115
vn -0.9386 -0.2894 -0.1877
vn -0.9400 -0.2898 -0.1802
vn -0.7458 -0.6202 0.2434
vn -0.7889 -0.5364 0.2998
vn -0.7221 -0.6907 0.0392
vn -0.9470 -0.2661 -0.1800
vn -0.0472 -0.6533 0.7556
vn -0.0472 -0.5829 0.8112
vn 0.0314 -0.9565 0.2901
vn 0.0941 -0.9805 -0.1726
vn 0.1023 -0.9682 -0.2283
vn 0.1334 -0.7536 -0.6437
vn 0.1335 -0.4083 -0.9030
vn 0.0940 0.1802 -0.9791
vn 0.0315 0.6453 -0.7633
vn 0.0158 0.7109 -0.7031
vn -0.0310 0.9220 -0.3860
vn -0.0554 0.9658 -0.2533
vn -0.0947 0.9864 0.1342
vn -0.1028 0.9807 0.1661
vn -0.1427 0.7532 0.6422
vn -0.1504 0.3245 0.9339
vn -0.1355 0.2384 0.9617
vn -0.1102 -0.1889 0.9758
vn -0.1024 -0.1890 0.9766
vn -0.0473 -0.5828 0.8112
vn -0.0787 -0.4332 0.8978
vn 0.9529 0.2064 -0.2223
vn 0.9552 0.2131 -0.2053
vn 0.9419 0.2375 -0.2375
vn 0.9598 0.2062 -0.1904
vn 0.9580 0.2217 -0.1821
vn 0.9675 0.1666 -0.1903
vn 0.9715 0.1422 -0.1896
vn 0.9706 0.1578 -0.1815
vn 0.9695 0.1734 -0.1734
vn 0.9657 0.2058 -0.1583
vn 0.9673 0.1982 -0.1585
vn 0.9672 0.1982 -0.1586
vn 0.9657 0.2059 -0.1583
vn 0.9687 0.1906 -0.1588
vn 0.9706 0.1815 -0.1578
vn 0.9680 0.2063 -0.1428
vn 0.9711 0.1974 -0.1342
vn 0.9777 0.1735 -0.1183
vn 0.9809 0.1740 -0.0870
vn -0.0473 -0.6700 0.7409
vn -0.0473 -0.6699 0.7409
vn -0.0394 -0.6702 0.7412
vn -0.0551 -0.6697 0.7406
vn -0.0630 -0.6694 0.7402
vn -0.0708 -0.6690 0.7399
vn -0.0786 -0.6686 0.7394
vn -0.0942 -0.6677 0.7384
vn 0.0785 0.4237 -0.9024
vn 0.0785 0.4238 -0.9024
vn 0.0784 0.4237 -0.9024
vn 0.0707 0.4240 -0.9029
vn -0.8958 0.0629 -0.4400
vn -0.8883 0.0550 -0.4559
vn -0.8782 0.0863 -0.4705
vn -0.9038 0.0550 -0.4244
vn -0.9073 0.0704 -0.4145
vn -0.9020 0.0157 -0.4314
vn -0.9021 -0.0078 -0.4314
vn -0.9096 -0.0000 -0.4156
vn -0.9124 0.0158 -0.4090
vn -0.9157 0.0469 -0.3991
vn -0.9157 0.0470 -0.3991
vn -0.9160 0.0391 -0.3993
vn -0.9162 0.0313 -0.3994
vn -0.9193 0.0236 -0.3929
vn -0.9253 0.0471 -0.3764
vn -0.9256 0.0392 -0.3765
vn -0.9346 0.0393 -0.3534
vn -0.9326 0.0157 -0.3605
vn -0.9437 0.0157 -0.3303
vn -0.0316 -0.6704 0.7414
vn -0.0394 -0.6702 0.7411
vn -0.0237 -0.6705 0.7415
vn -0.0079 -0.6624 0.7491
vn -0.0000 -0.6624 0.7492
vn 0.9798 0.1896 -0.0632
vn 0.5240 -0.1747 0.8336
vn 0.1585 -0.3170 0.9351
vn 0.1503 -0.2768 0.9491
vn 0.6959 -0.1424 0.7038
vn 0.8790 -0.0950 0.4672
vn 0.9175 -0.1186 0.3796
vn 0.9237 -0.0553 0.3790
vn 0.9027 -0.0475 0.4276
vn 0.8787 0.0475 0.4750
vn 0.9980 0.0634 -0.0079
vn 0.9883 0.1423 -0.0553
vn 0.9889 0.1345 -0.0633
vn 1.0000 0.0079 -0.0000
vn 0.9938 -0.0789 0.0789
vn 0.9980 -0.0079 0.0634
vn 0.9874 0.1264 -0.0948
vn 0.9984 0.0396 0.0396
vn 0.9783 0.1341 -0.1578
vn 0.9780 0.1814 -0.1025
vn 0.9768 0.0630 -0.2048
vn 0.9479 -0.0395 -0.3160
vn 0.9527 -0.2302 0.1985
vn 0.9867 0.1421 -0.0790
vn 0.9513 0.2140 -0.2220
vn 0.9520 -0.1825 0.2459
vn 0.7156 -0.4611 0.5247
vn 0.9986 -0.0476 -0.0238
vn 0.9867 -0.0395 -0.1579
vn 0.8215 -0.4581 0.3396
vn 0.2132 -0.6789 0.7026
vn 0.2208 -0.8439 0.4890
vn 0.9219 -0.3861 0.0315
vn 0.8971 -0.4407 0.0315
vn 0.2203 -0.9444 0.2440
vn 0.2206 -0.9536 0.2049
vn 0.7785 -0.3892 0.4925
vn 0.2212 -0.8292 0.5133
vn 0.2206 -0.8350 0.5041
vn 0.8947 -0.2692 0.3563
vn 0.9430 -0.2615 0.2060
vn 0.1817 -0.4896 0.8528
vn 0.8659 -0.3416 0.3654
vn 0.9334 -0.2373 0.2690
vn 0.3473 -0.6552 0.6709
vn 0.9320 -0.1264 0.3397
vn 0.8265 -0.1828 0.5324
vn 0.0472 -0.5358 0.8430
vn 0.8908 0.0318 0.4533
vn 0.1423 -0.2214 0.9647
vn 0.7531 -0.0000 0.6579
vn 0.0474 0.1974 0.9792
vn 0.7126 0.2455 0.6572
vn 0.7940 0.3335 0.5082
vn 0.5852 0.2847 0.7592
vn 0.7250 0.4541 0.5179
vn 0.2678 -0.6773 0.6852
vn 0.9748 0.1981 -0.1030
vn 0.6342 0.6818 -0.3646
vn 0.6425 0.6187 -0.4521
vn 0.5685 0.6553 -0.4974
vn 0.6477 0.7267 -0.2291
vn 0.4746 0.8779 0.0633
vn 0.4865 0.8693 0.0877
vn -0.0000 0.9510 0.3091
vn -0.3496 0.8660 0.3575
vn 0.4414 0.3468 -0.8276
vn 0.4581 0.3396 -0.8215
vn 0.4257 0.3469 -0.8357
vn 0.4100 0.3469 -0.8436
vn 0.4024 0.7179 -0.5680
vn 0.4113 0.7118 -0.5694
vn 0.4433 0.7046 -0.5541
vn 0.4422 0.7185 -0.5369
vn 0.4994 0.7293 -0.4677
vn 0.5572 0.7244 -0.4060
vn 0.5559 0.7386 -0.3812
vn 0.5614 0.7354 -0.3795
vn -0.2199 0.7462 -0.6284
vn -0.2199 0.7462 -0.6283
vn -0.2212 0.7427 -0.6321
vn -0.2212 0.7427 -0.6320
vn -0.2287 0.7413 -0.6309
vn -0.2213 0.7427 -0.6320
vn -0.1568 0.2744 -0.9487
vn -0.9707 -0.2270 0.0783
vn -0.9669 -0.2123 0.1415
vn -0.9673 -0.2202 0.1258
vn -0.9637 -0.2037 0.1724
vn -0.9652 -0.1962 0.1726
vn -0.9699 -0.2129 0.1183
vn -0.9703 -0.2113 0.1174
vn -0.9691 -0.2206 0.1103
vn -0.5121 0.0157 0.8588
vn 0.0631 0.1500 0.9867
vn 0.0633 0.1267 0.9899
vn -0.6370 0.0079 0.7708
vn -0.8874 -0.0707 0.4555
vn -0.9570 -0.0941 0.2746
vn -0.9932 -0.0785 0.0863
vn -0.9936 -0.0939 0.0626
vn -0.9869 -0.1253 0.1018
vn -0.9818 -0.1492 0.1178
vn -0.9735 -0.2119 0.0864
vn -0.9667 -0.2436 0.0786
vn -0.9663 -0.2200 0.1335
vn -0.9656 -0.2355 0.1099
vn -0.9674 -0.2281 0.1101
vn -0.2448 -0.3396 0.9082
vn 0.1502 -0.2768 0.9491
vn 0.1584 -0.3170 0.9351
vn -0.4356 -0.3802 0.8159
vn -0.6552 -0.4263 0.6237
vn -0.7000 -0.4641 0.5428
vn -0.7326 -0.4096 0.5436
vn -0.7098 -0.3944 0.5836
vn -0.7147 -0.2906 0.6362
vn -0.0631 -0.6311 0.7731
vn 0.2209 -0.5839 0.7812
vn -0.1184 -0.6318 0.7661
vn -0.2375 -0.6335 0.7364
vn -0.1976 -0.6007 0.7746
vn -0.2448 -0.5843 0.7738
vn -0.2600 -0.5356 0.8034
vn -0.9743 -0.2043 0.0943
vn -0.7195 0.6404 0.2688
vn 0.0001 0.9510 0.3091
vn -0.3496 0.8660 0.3576
vn -0.8140 0.5611 0.1502
vn -0.9205 0.3855 -0.0629
vn -0.9188 0.3377 -0.2042
vn -0.9136 0.2835 -0.2914
vn -0.8746 0.3388 -0.3467
vn -0.7149 -0.3064 -0.6285
vn -0.0549 -0.2274 -0.9723
vn -0.8710 -0.1648 -0.4629
vn -0.8887 -0.1730 -0.4247
vn -0.9221 -0.0547 -0.3829
vn -0.8749 -0.0078 -0.4843
vn -0.8497 -0.0000 -0.5272
vn -0.7622 0.0629 -0.6443
vn -0.7000 0.0944 -0.7079
vn -0.7000 0.0944 -0.7078
vn -0.7079 0.0944 -0.7000
vn -0.6915 0.1021 -0.7151
vn -0.6835 0.1021 -0.7228
vn -0.6748 0.1099 -0.7297
vn -0.7660 0.4739 -0.4343
vn -0.7696 0.4554 -0.4476
vn -0.7922 0.4236 -0.4393
vn -0.7972 0.4499 -0.4026
vn -0.8374 0.4345 -0.3318
vn -0.8735 0.4014 -0.2754
vn -0.8738 0.4251 -0.2361
vn -0.8754 0.4259 -0.2287
vn -0.2287 0.7414 -0.6309
vn -0.2299 0.7450 -0.6262
vn 0.6895 0.6894 0.2219
vn 0.1186 0.8849 0.4504
vn 0.1185 0.8849 0.4504
vn 0.8535 0.5137 0.0870
vn 0.9748 -0.0238 -0.2219
vn 0.5968 -0.6438 -0.4789
vn 0.5967 -0.6438 -0.4789
vn 0.3704 -0.7801 -0.5043
vn 0.4887 -0.7173 -0.4966
vn 0.7386 -0.5107 -0.4400
vn 0.5967 -0.6438 -0.4790
vn -0.1250 -0.8827 -0.4531
vn -0.1250 -0.8827 -0.4530
vn -0.6887 -0.6886 -0.2269
vn -0.8516 -0.5156 -0.0940
vn -0.9770 0.0158 0.2128
vn -0.9770 0.0158 0.2127
vn -0.6070 0.6386 0.4730
vn -0.3810 0.7778 0.5000
vn -0.4994 0.7135 0.4915
vn -0.6071 0.6386 0.4730
vn -0.7476 0.5037 0.4329
vn 0.5425 -0.6841 -0.4875
vn 0.5352 -0.7870 0.3069
vn 0.6308 -0.6150 -0.4731
vn 0.4742 -0.7034 0.5295
vn 0.5370 -0.6159 0.5765
vn 0.4839 -0.6267 0.6108
vn 0.6902 -0.4443 0.5712
vn 0.7262 -0.5683 0.3868
vn 0.5463 -0.1029 0.8313
vn 0.5538 -0.0554 0.8308
vn 0.4752 0.2059 0.8554
vn 0.6418 -0.2377 0.7291
vn 0.6902 -0.4442 0.5712
vn 0.7304 -0.2302 0.6431
vn 0.7039 -0.4350 0.5615
vn -0.3890 0.2938 0.8732
vn -0.2836 -0.2362 0.9294
vn -0.3463 -0.0550 0.9365
vn -0.4041 0.4833 0.7766
vn -0.4668 0.7358 0.4906
vn -0.4994 0.7134 0.4915
vn -0.1025 -0.9230 0.3708
vn -0.2991 -0.8657 -0.4014
vn -0.4065 -0.8365 -0.3675
vn -0.0396 -0.8152 0.5778
vn -0.0394 -0.7412 0.6702
vn -0.1580 -0.7900 0.5925
vn -0.2924 -0.7744 0.5610
vn -0.3545 -0.5909 0.7247
vn -0.4173 -0.6062 0.6771
vn -0.2924 -0.7744 0.5611
vn -0.4709 -0.7141 0.5180
vn -0.3545 -0.5908 0.7248
vn -0.3648 -0.3252 0.8724
vn -0.2835 -0.2363 0.9294
vn -0.3463 -0.0551 0.9365
vn -0.4661 -0.1185 0.8768
vn 0.6612 0.5576 0.5019
vn 0.5797 0.7861 0.2144
vn 0.6058 0.7254 0.3269
vn 0.6908 0.4527 0.5638
vn 0.7464 0.2223 0.6273
vn 0.7718 0.0955 0.6286
vn 0.8167 -0.1269 0.5629
vn 0.8295 -0.2370 0.5057
vn 0.8531 -0.4424 0.2765
vn 0.8380 -0.5455 -0.0079
vn 0.8282 -0.5442 -0.1341
vn 0.7916 -0.4908 -0.3641
vn 0.7660 -0.4344 -0.4738
vn 0.9747 0.1981 -0.1031
vn 0.7723 -0.6226 -0.1260
vn 0.7332 -0.5597 -0.3862
vn 0.7039 -0.4983 -0.5062
vn 0.7816 -0.6237 -0.0000
vn 0.7978 -0.5135 0.3160
vn 0.7978 -0.5134 0.3160
vn 0.7762 -0.2851 0.5623
vn 0.7542 -0.1667 0.6351
vn 0.6959 0.1423 0.7038
vn 0.6054 0.5258 0.5975
vn 0.6055 0.5258 0.5975
vn 0.5311 0.7610 0.3726
vn 0.5011 0.8271 0.2546
vn 0.5892 -0.3613 -0.7227
vn 0.6460 -0.5514 -0.5279
vn 0.6781 -0.6151 -0.4022
vn 0.5589 -0.2361 -0.7949
vn 0.4795 0.0943 -0.8725
vn 0.4035 0.4984 -0.7673
vn 0.3726 0.7610 -0.5311
vn 0.3642 0.8392 -0.4038
vn 0.3883 0.9194 -0.0634
vn 0.4359 0.8562 0.2774
vn 0.4619 0.7885 0.4061
vn 0.2525 -0.0947 -0.9629
vn 0.5426 -0.6841 -0.4875
vn 0.1417 0.1102 -0.9838
vn 0.1103 0.2206 -0.9691
vn 0.2524 0.1578 -0.9547
vn 0.3545 0.1024 -0.9294
vn 0.4269 0.3399 -0.8380
vn 0.4269 0.3400 -0.8380
vn 0.3935 0.3305 -0.8578
vn 0.3392 0.5363 -0.7729
vn 0.2529 0.7036 -0.6641
vn 0.2293 0.7039 -0.6723
vn 0.2299 0.8401 -0.4914
vn 0.3816 0.7870 -0.4849
vn -0.3778 -0.2283 -0.8973
vn -0.4065 -0.8365 -0.3674
vn -0.3673 -0.0000 -0.9301
vn -0.3836 0.1174 -0.9160
vn -0.4783 -0.0000 -0.8782
vn -0.5403 -0.0783 -0.8378
vn -0.6744 0.1568 -0.7215
vn -0.6133 0.5426 -0.5740
vn -0.6320 0.6004 -0.4899
vn -0.6373 0.6924 -0.3383
vn -0.6768 0.3541 -0.6454
vn -0.6744 0.1569 -0.7215
vn -0.7372 0.2510 -0.6274
vn -0.6511 0.0941 -0.7531
vn 0.7916 -0.4907 -0.3642
vn 0.7158 -0.2675 -0.6450
vn 0.7660 -0.4343 -0.4739
vn 0.6863 -0.1578 -0.7100
vn 0.6177 0.1267 -0.7761
vn 0.6178 0.1267 -0.7761
vn 0.5522 0.4733 -0.6863
vn 0.5247 0.6996 -0.4850
vn 0.5222 0.7675 -0.3719
vn 0.5386 0.8395 -0.0713
vn 0.5386 0.8396 -0.0713
vn 0.5797 0.7862 0.2144
vn 0.6058 0.7254 0.3268
vn 0.7331 -0.5597 -0.3863
vn 0.6469 -0.3155 -0.6942
vn 0.6134 -0.2045 -0.7628
vn 0.5427 0.1023 -0.8337
vn 0.5427 0.1022 -0.8337
vn 0.4730 0.4887 -0.7331
vn 0.4730 0.4888 -0.7331
vn 0.4426 0.7350 -0.5137
vn 0.4358 0.8082 -0.3962
vn 0.4589 0.8862 -0.0633
vn 0.5010 0.8272 0.2545
vn 0.5311 0.7610 0.3725
vn 0.7170 -0.6855 -0.1261
vn 0.6782 -0.6151 -0.4021
vn 0.6460 -0.5515 -0.5278
vn 0.7342 -0.6789 0.0079
vn 0.7442 -0.5700 0.3483
vn 0.7219 -0.3252 0.6108
vn 0.7049 -0.1980 0.6811
vn 0.6429 0.1349 0.7540
vn 0.5432 0.5352 0.6470
vn 0.4619 0.7884 0.4062
vn 0.4360 0.8561 0.2775
vn 0.6895 0.6895 0.2218
vn 0.1185 0.8850 0.4503
vn 0.8535 0.5137 0.0869
vn 0.5967 -0.6439 -0.4790
vn 0.5967 -0.6439 -0.4789
vn -0.8517 -0.5156 -0.0940
vn -0.3810 0.7777 0.5000
vn -0.7781 0.0943 -0.6210
vn -0.5763 0.2360 -0.7824
vn -0.8498 -0.0000 -0.5272
vn -0.4467 0.2900 -0.8464
vn -0.0944 0.3148 -0.9444
vn 0.2602 0.2286 -0.9381
vn 0.3870 0.1580 -0.9084
vn 0.5975 -0.0079 -0.8018
vn 0.6781 -0.1183 -0.7254
vn 0.7643 -0.4019 -0.5043
vn 0.6944 -0.6708 -0.2604
vn 0.6179 -0.7684 -0.1664
vn 0.4155 -0.9095 -0.0078
vn 0.2827 -0.9580 0.0471
vn -0.0627 -0.9880 0.1412
vn -0.4173 -0.8976 0.1417
vn -0.5513 -0.8270 0.1103
vn -0.7598 -0.6501 -0.0000
vn -0.8387 -0.5409 -0.0627
vn -0.9207 -0.2597 -0.2912
vn -0.8498 -0.0000 -0.5271
vn -0.7782 0.0943 -0.6209
vn 0.0873 -0.2935 0.9520
vn 0.0951 -0.2933 0.9513
vn -0.0548 -0.9791 0.1959
vn -0.0548 -0.9791 0.1958
vn 0.0631 -0.5204 0.8516
vn 0.0948 -0.2766 0.9563
vn 0.0948 -0.2767 0.9563
vn 0.0949 -0.2766 0.9563
vn -0.9653 0.2197 -0.1413
vn -0.9362 0.2281 -0.2675
vn -0.9457 0.2049 -0.2522
vn -0.9730 0.2197 -0.0706
vn -0.9642 0.2508 0.0862
vn 0.9980 0.0317 -0.0554
vn 0.9982 0.0238 -0.0555
vn -0.9640 0.1881 0.1881
vn -0.9634 0.1895 0.1895
vn -0.1491 -0.6671 -0.7299
vn -0.2677 -0.6694 -0.6930
vn -0.3124 -0.6795 -0.6639
vn -0.3774 -0.7076 -0.5975
vn -0.4013 -0.7318 -0.5508
vn -0.4243 -0.7779 -0.4636
vn -0.4161 -0.8086 -0.4161
vn -0.3691 -0.8718 -0.3220
vn -0.2825 -0.9258 -0.2511
vn -0.2361 -0.9445 -0.2283
vn -0.1093 -0.9679 -0.2264
vn 0.0079 -0.9658 -0.2591
vn 0.0470 -0.9559 -0.2899
vn 0.1261 -0.9138 -0.3860
vn 0.1260 -0.9138 -0.3860
vn 0.1569 -0.8551 -0.4942
vn 0.1572 -0.8253 -0.5423
vn 0.1253 -0.7755 -0.6188
vn 0.0947 -0.7497 -0.6550
vn 0.0157 -0.7070 -0.7070
vn -0.0236 -0.6910 -0.7224
vn 0.1025 0.9699 0.2208
vn -0.0158 0.9672 0.2537
vn -0.0553 0.9570 0.2847
vn -0.1352 0.9144 0.3817
vn -0.1663 0.8552 0.4909
vn -0.1666 0.8253 0.5396
vn -0.1345 0.7753 0.6171
vn -0.1031 0.7456 0.6583
vn -0.0238 0.7069 0.7069
vn 0.0159 0.6910 0.7227
vn 0.1430 0.6673 0.7309
vn 0.2632 0.6701 0.6940
vn 0.3086 0.6805 0.6646
vn 0.3744 0.7091 0.5975
vn 0.3987 0.7337 0.5502
vn 0.4219 0.7802 0.4618
vn 0.4135 0.8111 0.4136
vn 0.3658 0.8747 0.3181
vn 0.2778 0.9286 0.2460
vn 0.2308 0.9471 0.2229
vn 0.9884 -0.0949 -0.1186
vn 0.8799 0.2061 0.4281
vn 0.8638 0.2061 0.4597
vn 0.8933 0.2530 0.3716
vn 0.7949 0.5167 0.3180
vn 0.8306 0.5458 0.1107
vn 0.9022 0.3166 -0.2928
vn 0.9898 -0.0792 -0.1187
vn 0.9907 -0.0793 -0.1110
vn 0.9921 -0.0714 -0.1031
vn 0.8872 0.4436 -0.1268
vn 0.8969 0.4365 0.0714
vn 0.3972 0.9136 -0.0874
vn 0.9023 0.3165 -0.2928
vn 0.2054 0.8689 -0.4503
vn 0.3745 0.8843 0.2789
vn 0.0792 0.9898 -0.1188
vn 0.0079 0.8928 -0.4504
vn -0.1817 0.9005 -0.3950
vn 0.3744 0.8843 0.2788
vn 0.1106 0.9397 0.3238
vn -0.2128 0.9771 -0.0079
vn -0.8879 0.4557 -0.0628
vn -0.7186 0.6791 0.1500
vn -0.1746 0.9206 0.3492
vn 0.0950 0.9412 0.3243
vn 0.3427 0.7730 0.5339
vn 0.3642 0.5383 0.7600
vn 0.8933 0.2530 0.3715
vn 0.1111 0.7776 0.6189
vn 0.3421 0.4455 0.8274
vn 0.8799 0.2061 0.4280
vn 0.1505 0.5701 0.8077
vn 0.1825 0.3651 0.9129
vn 0.8639 0.2060 0.4596
vn 0.1032 0.3571 0.9284
vn -0.2843 0.1896 0.9398
vn 0.1594 0.4542 0.8765
vn 0.1431 0.3975 0.9064
vn 0.1823 0.3487 0.9193
vn -0.0397 0.4846 0.8738
vn 0.1029 0.3640 0.9257
vn 0.5300 0.1266 0.8385
vn -0.7018 0.3312 0.6308
vn -0.6789 0.3316 0.6551
vn -0.7192 0.3873 0.5769
vn -0.0792 0.5943 0.8003
vn -0.6011 0.6248 0.4983
vn -0.0949 0.8379 0.5375
vn -0.1823 0.9193 0.3487
vn -0.7660 0.5765 0.2843
vn -0.8879 0.4557 -0.0629
vn -0.7017 0.3312 0.6308
vn -0.9901 0.0629 0.1257
vn -0.6788 0.3316 0.6552
vn -0.9885 0.0706 0.1334
vn -0.9880 0.0784 0.1333
vn -0.9869 0.0783 0.1410
vn -0.9830 -0.1809 0.0314
vn -0.9752 -0.2202 0.0236
vn -0.9773 -0.2111 0.0156
vn -0.9895 -0.1335 0.0550
vn -0.7476 -0.5037 0.4328
vn -0.7619 -0.4084 0.5027
vn -0.7915 -0.5642 0.2351
vn -0.9919 -0.1102 0.0630
vn 0.1189 0.9034 0.4121
vn -0.9559 0.2116 -0.2037
vn -0.9536 0.2049 -0.2207
vn -0.9428 0.2357 -0.2357
vn -0.9604 0.2047 -0.1889
vn -0.9586 0.2200 -0.1807
vn -0.9680 0.1653 -0.1889
vn -0.9720 0.1411 -0.1881
vn -0.9711 0.1566 -0.1801
vn -0.9699 0.1721 -0.1721
vn -0.9662 0.2042 -0.1571
vn -0.9678 0.1967 -0.1574
vn -0.9678 0.1966 -0.1573
vn -0.9662 0.2043 -0.1571
vn -0.9692 0.1891 -0.1576
vn -0.9711 0.1801 -0.1566
vn -0.9685 0.2047 -0.1417
vn -0.9715 0.1959 -0.1332
vn -0.9743 0.1964 -0.1100
vn -0.9781 0.1721 -0.1174
vn -0.9812 0.1727 -0.0863
vn 0.0394 -0.6702 0.7411
vn 0.0316 -0.6704 0.7414
vn 0.0473 -0.6700 0.7409
vn 0.0552 -0.6697 0.7406
vn 0.0630 -0.6694 0.7402
vn 0.0708 -0.6690 0.7399
vn 0.0864 -0.6682 0.7389
vn -0.6863 0.4733 -0.5522
vn -0.6776 0.5200 -0.5200
vn -0.6373 0.6530 -0.4091
vn -0.6992 0.2749 -0.6599
vn -0.7002 0.2281 -0.6765
vn -0.6895 0.0706 -0.7208
vn -0.0863 0.4235 -0.9018
vn -0.0862 0.4235 -0.9018
vn 0.8866 0.0554 -0.4591
vn 0.8942 0.0633 -0.4432
vn 0.8764 0.0869 -0.4737
vn 0.9023 0.0554 -0.4274
vn 0.9059 0.0709 -0.4175
vn 0.9005 0.0158 -0.4345
vn 0.9006 -0.0079 -0.4345
vn 0.9082 -0.0000 -0.4185
vn 0.9111 0.0159 -0.4120
vn 0.9144 0.0473 -0.4020
vn 0.9148 0.0394 -0.4021
vn 0.9150 0.0316 -0.4023
vn 0.9181 0.0238 -0.3957
vn 0.9241 0.0474 -0.3791
vn 0.9244 0.0395 -0.3793
vn 0.9336 0.0396 -0.3560
vn 0.9316 0.0158 -0.3632
vn 0.9429 0.0159 -0.3328
vn 0.0237 -0.6705 0.7415
vn 0.0315 -0.6704 0.7414
vn 0.0236 -0.6705 0.7415
vn 0.0158 -0.6706 0.7416
vn 0.0158 -0.6706 0.7417
vn -0.0000 -0.6624 0.7491
vn -0.2129 -0.4651 0.8593
vn -0.2128 -0.4651 0.8593
vn -0.9763 0.1811 -0.1181
vn -0.9791 0.1958 -0.0548
vn -0.9796 0.1881 -0.0705
vn -0.9805 0.1961 -0.0157
vn -0.9770 0.2127 -0.0158
vn -0.9801 0.1882 -0.0627
vn -0.9781 0.1956 -0.0704
vn -0.6165 0.2608 0.7429
vn -0.0710 0.1499 0.9861
vn -0.0712 0.1267 0.9894
vn -0.7144 0.2937 0.6351
vn -0.9133 0.3070 0.2677
vn -0.9488 0.3058 0.0784
vn -0.9414 0.3216 -0.1020
vn -0.9412 0.3137 -0.1255
vn -0.9555 0.2820 -0.0862
vn -0.9629 0.2604 -0.0710
vn -0.9743 0.1965 -0.1100
vn -0.9802 0.1646 -0.1098
vn -0.9782 0.1956 -0.0704
vn -0.9806 0.1883 -0.0549
vn -0.9818 0.1728 -0.0785
vn -0.9805 0.1804 -0.0784
vn -0.5297 -0.1739 0.8301
vn -0.1580 -0.2765 0.9479
vn -0.1662 -0.3166 0.9339
vn -0.7000 -0.1416 0.7000
vn -0.8808 -0.0944 0.4640
vn -0.9187 -0.1178 0.3769
vn -0.9249 -0.0549 0.3763
vn -0.9042 -0.0472 0.4246
vn -0.8805 0.0472 0.4717
vn -0.6060 -0.3463 0.7162
vn -0.5701 -0.4354 0.6967
vn -0.6019 -0.4039 0.6889
vn -0.6155 -0.4498 0.6471
vn -0.4728 -0.5122 0.7170
vn -0.5455 -0.4901 0.6799
vn -0.1573 -0.5975 0.7863
vn -0.9980 0.0629 -0.0079
vn -0.9891 0.1334 -0.0628
vn -0.9885 0.1412 -0.0549
vn -1.0000 0.0079 -0.0000
vn -0.9939 -0.0783 0.0783
vn -0.9980 -0.0079 0.0629
vn -0.9876 0.1254 -0.0941
vn -0.9985 0.0393 0.0393
vn -0.9787 0.1331 -0.1566
vn -0.9784 0.1800 -0.1017
vn -0.9771 0.0625 -0.2032
vn -0.9487 -0.0392 -0.3137
vn -0.9534 -0.2285 0.1970
vn -0.9869 0.1410 -0.0783
vn -0.9520 0.2124 -0.2203
vn -0.9677 0.1967 -0.1574
vn -0.9527 -0.1811 0.2441
vn -0.7194 -0.4585 0.5217
vn -0.9986 -0.0472 -0.0236
vn -0.9869 -0.0391 -0.1567
vn -0.8240 -0.4552 0.3374
vn -0.2207 -0.6778 0.7014
vn -0.2283 -0.8424 0.4881
vn -0.9231 -0.3833 0.0313
vn -0.8986 -0.4376 0.0312
vn -0.2278 -0.9428 0.2436
vn -0.2281 -0.9519 0.2046
vn -0.7816 -0.3868 0.4894
vn -0.2287 -0.8277 0.5124
vn -0.2280 -0.8335 0.5032
vn -0.8963 -0.2673 0.3538
vn -0.9438 -0.2596 0.2045
vn -0.2137 -0.6332 0.7439
vn -0.1893 -0.4889 0.8516
vn -0.8679 -0.3393 0.3629
vn -0.9345 -0.2356 0.2670
vn -0.3542 -0.6533 0.6691
vn -0.9331 -0.1254 0.3372
vn -0.8290 -0.1816 0.5290
vn -0.0551 -0.5356 0.8427
vn -0.8924 0.0316 0.4502
vn -0.1501 -0.2211 0.9636
vn -0.7565 -0.0000 0.6540
vn -0.0553 0.1973 0.9788
vn -0.7165 0.2441 0.6535
vn -0.7970 0.3314 0.5050
vn -0.5904 0.2834 0.7557
vn -0.7287 0.4515 0.5149
vn -0.1420 -0.1972 0.9700
vn -0.2751 -0.6759 0.6837
vn -0.6389 0.6784 -0.3628
vn -0.5738 0.6524 -0.4952
vn -0.6471 0.6156 -0.4498
vn -0.6522 0.7229 -0.2279
vn -0.4806 0.8746 0.0630
vn -0.4925 0.8659 0.0874
vn 0.3426 0.8684 0.3585
vn -0.6416 -0.0157 -0.7669
vn 0.0471 -0.2275 -0.9726
vn -0.7555 0.1810 -0.6296
vn -0.7842 0.1725 -0.5960
vn -0.7708 0.3068 -0.5584
vn -0.6925 0.3226 -0.6453
vn -0.6533 0.3227 -0.6848
vn -0.5274 0.3385 -0.7793
vn -0.4477 0.3456 -0.8247
vn -0.4643 0.3384 -0.8185
vn -0.4322 0.3457 -0.8329
vn -0.4321 0.3457 -0.8329
vn -0.4165 0.3458 -0.8408
vn -0.4089 0.7157 -0.5662
vn -0.4496 0.7021 -0.5522
vn -0.4178 0.7094 -0.5676
vn -0.4484 0.7160 -0.5350
vn -0.5053 0.7264 -0.4658
vn -0.5627 0.7212 -0.4042
vn -0.5614 0.7354 -0.3796
vn -0.5668 0.7321 -0.3779
vn 0.2124 0.7475 -0.6294
vn 0.2137 0.7439 -0.6332
vn 0.2137 0.7440 -0.6331
vn 0.2212 0.7427 -0.6321
vn 0.2136 0.7439 -0.6332
vn 0.2137 0.7439 -0.6331
vn 0.1492 0.2748 -0.9499
vn 0.1491 0.2747 -0.9499
vn 0.1491 0.2748 -0.9499
vn 0.9694 -0.2145 0.1192
vn 0.9686 -0.2223 0.1112
vn 0.2374 -0.3402 0.9099
vn -0.1661 -0.3166 0.9339
vn -0.1579 -0.2765 0.9479
vn 0.4292 -0.3816 0.8187
vn 0.6507 -0.4285 0.6269
vn 0.6960 -0.4666 0.5457
vn 0.7289 -0.4120 0.5467
vn 0.7059 -0.3966 0.5869
vn 0.7108 -0.2922 0.6398
vn 0.9532 -0.2780 0.1192
vn 0.9251 -0.3242 0.1977
vn 0.9530 -0.2756 0.1260
vn 0.8853 -0.3952 0.2451
vn 0.8796 -0.4121 0.2377
vn 0.8744 -0.4096 0.2600
vn 0.9542 -0.2839 0.0946
vn 0.9035 -0.3566 0.2377
vn 0.9628 -0.2683 0.0316
vn 0.9685 -0.2302 0.0953
vn 0.9405 -0.3398 -0.0079
vn 0.8910 -0.4337 -0.1341
vn 0.7168 -0.5908 0.3703
vn 0.9568 -0.2689 0.1107
vn 0.9800 -0.1976 -0.0237
vn 0.9766 -0.2127 0.0315
vn 0.7266 -0.5449 0.4186
vn 0.3489 -0.6898 0.6343
vn 0.8772 -0.4505 0.1660
vn 0.8956 -0.4438 0.0317
vn 0.4827 -0.7359 0.4748
vn -0.2206 -0.6778 0.7014
vn -0.2284 -0.8424 0.4881
vn 0.6576 -0.7289 0.1902
vn 0.6153 -0.7652 0.1893
vn -0.2279 -0.9427 0.2435
vn -0.2281 -0.9519 0.2045
vn 0.4435 -0.6494 0.6177
vn -0.2286 -0.8278 0.5124
vn -0.2280 -0.8335 0.5033
vn 0.6179 -0.5942 0.5149
vn 0.6949 -0.6159 0.3711
vn -0.2137 -0.6331 0.7440
vn -0.1892 -0.4889 0.8516
vn 0.5459 -0.6488 0.5301
vn 0.6863 -0.5837 0.4339
vn -0.3543 -0.6533 0.6690
vn 0.7134 -0.4835 0.5073
vn -0.0551 -0.5355 0.8427
vn 0.5942 -0.4516 0.6655
vn 0.7291 -0.3249 0.6023
vn 0.5790 -0.2697 0.7694
vn 0.7448 -0.0476 0.6656
vn -0.0552 0.1973 0.9788
vn 0.5691 0.0158 0.8221
vn 0.4905 0.0475 0.8702
vn 0.7317 0.1352 0.6681
vn -0.1420 -0.1971 0.9700
vn -0.1578 -0.7022 0.6943
vn 0.7156 0.6441 0.2703
vn 0.8113 0.5648 0.1512
vn 0.9193 0.3883 -0.0634
vn 0.9176 0.3401 -0.2057
vn 0.9123 0.2856 -0.2935
vn 0.8728 0.3412 -0.3491
vn 0.6960 0.0949 -0.7118
vn 0.7039 0.0949 -0.7039
vn 0.6874 0.1027 -0.7190
vn 0.6793 0.1027 -0.7267
vn 0.6705 0.1105 -0.7336
vn 0.7663 0.4582 -0.4503
vn 0.7627 0.4767 -0.4370
vn 0.7893 0.4262 -0.4420
vn 0.7943 0.4528 -0.4051
vn 0.8350 0.4374 -0.3340
vn 0.8716 0.4041 -0.2773
vn 0.8719 0.4280 -0.2378
vn 0.8736 0.4287 -0.2303
vn 0.2212 0.7427 -0.6320
vn 0.2223 0.7464 -0.6273
vn 0.1492 0.2747 -0.9499
vn -0.1263 0.8841 0.4499
vn -0.6936 0.6859 0.2204
vn -0.1263 0.8841 0.4500
vn -0.8557 0.5103 0.0864
vn -0.9752 -0.0236 -0.2202
vn -0.6017 -0.6408 -0.4767
vn -0.6019 -0.6404 -0.4771
vn -0.3771 -0.7778 -0.5028
vn -0.4947 -0.7146 -0.4947
vn -0.6018 -0.6408 -0.4768
vn -0.7422 -0.5077 -0.4375
vn -0.7422 -0.5078 -0.4375
vn 0.6845 -0.6924 -0.2282
vn 0.8495 -0.5191 -0.0944
vn 0.9766 0.0159 0.2144
vn 0.6020 0.6416 0.4753
vn 0.3741 0.7801 0.5015
vn 0.4934 0.7163 0.4934
vn 0.7441 0.5067 0.4354
vn 0.7441 0.5066 0.4354
vn -0.1262 0.8841 0.4499
vn -0.5407 -0.7837 0.3057
vn -0.5481 -0.6811 -0.4855
vn -0.6355 -0.6120 -0.4708
vn -0.4803 -0.7008 0.5275
vn -0.5425 -0.6133 0.5740
vn -0.4899 -0.6243 0.6085
vn -0.6943 -0.4419 0.5680
vn -0.7299 -0.5651 0.3846
vn -0.5593 -0.0552 0.8271
vn -0.5518 -0.1025 0.8277
vn -0.4813 0.2051 0.8522
vn -0.6465 -0.2365 0.7254
vn -0.6943 -0.4418 0.5681
vn -0.7341 -0.2289 0.6393
vn -0.7078 -0.4326 0.5584
vn 0.2763 -0.2368 0.9314
vn 0.3822 0.2946 0.8759
vn 0.3393 -0.0552 0.9390
vn 0.3975 0.4849 0.7791
vn 0.4606 0.7385 0.4924
vn 0.4934 0.7163 0.4935
vn 0.0947 -0.9237 0.3711
vn 0.3999 -0.8391 -0.3686
vn 0.2918 -0.8677 -0.4023
vn 0.0317 -0.8155 0.5779
vn 0.0316 -0.7414 0.6704
vn 0.1503 -0.7909 0.5932
vn 0.2851 -0.7762 0.5623
vn 0.3476 -0.5925 0.7267
vn 0.4107 -0.6082 0.6793
vn 0.4647 -0.7168 0.5199
vn 0.3579 -0.3261 0.8750
vn 0.3393 -0.0553 0.9390
vn 0.4598 -0.1189 0.8800
vn -0.6656 0.5547 0.4992
vn -0.6108 0.7219 0.3253
vn -0.5849 0.7825 0.2135
vn -0.6950 0.4501 0.5607
vn -0.7499 0.2210 0.6236
vn -0.7750 0.0949 0.6248
vn -0.8193 -0.1260 0.5593
vn -0.8320 -0.2354 0.5024
vn -0.8553 -0.4394 0.2746
vn -0.8404 -0.5419 -0.0079
vn -0.8306 -0.5407 -0.1332
vn -0.7945 -0.4877 -0.3618
vn -0.7693 -0.4318 -0.4710
vn -0.9751 0.1966 -0.1023
vn -0.7368 -0.5565 -0.3840
vn -0.7755 -0.6188 -0.1253
vn -0.7079 -0.4955 -0.5033
vn -0.7847 -0.6199 -0.0000
vn -0.8007 -0.5102 0.3140
vn -0.7793 -0.2834 0.5589
vn -0.7576 -0.1658 0.6313
vn -0.7000 0.1416 0.7000
vn -0.6104 0.5233 0.5946
vn -0.6105 0.5232 0.5946
vn -0.5368 0.7578 0.3710
vn -0.5070 0.8238 0.2536
vn -0.6505 -0.5486 -0.5252
vn -0.5943 -0.3596 -0.7194
vn -0.6824 -0.6118 -0.4001
vn -0.5642 -0.2351 -0.7914
vn -0.4855 0.0940 -0.8692
vn -0.4101 0.4968 -0.7649
vn -0.3793 0.7588 -0.5295
vn -0.3710 0.8368 -0.4026
vn -0.3950 0.9165 -0.0632
vn -0.4423 0.8532 0.2765
vn -0.4681 0.7856 0.4046
vn -0.5481 -0.6812 -0.4854
vn -0.2599 -0.0945 -0.9610
vn -0.6355 -0.6120 -0.4707
vn -0.1494 0.1100 -0.9826
vn -0.1181 0.2204 -0.9682
vn -0.2598 0.1575 -0.9527
vn -0.4333 0.3387 -0.8351
vn 0.4000 -0.8391 -0.3686
vn 0.3710 -0.2289 -0.9000
vn 0.2919 -0.8677 -0.4023
vn 0.3605 -0.0000 -0.9327
vn 0.3769 0.1178 -0.9187
vn 0.4722 -0.0000 -0.8815
vn 0.5347 -0.0786 -0.8414
vn 0.6701 0.1576 -0.7253
vn 0.6273 0.6034 -0.4923
vn 0.6084 0.5452 -0.5768
vn 0.6326 0.6958 -0.3400
vn 0.6725 0.3561 -0.6488
vn 0.6701 0.1577 -0.7253
vn 0.7336 0.2524 -0.6310
vn 0.6466 0.0946 -0.7570
vn -0.7196 -0.2660 -0.6414
vn -0.7945 -0.4877 -0.3619
vn -0.7693 -0.4317 -0.4710
vn -0.6905 -0.1569 -0.7062
vn -0.6226 0.1261 -0.7723
vn -0.5577 0.4713 -0.6833
vn -0.5305 0.6967 -0.4829
vn -0.5279 0.7643 -0.3704
vn -0.5442 0.8360 -0.0710
vn -0.5849 0.7825 0.2134
vn -0.6108 0.7219 0.3252
vn -0.6514 -0.3139 -0.6907
vn -0.7367 -0.5565 -0.3841
vn -0.7078 -0.4955 -0.5034
vn -0.6183 -0.2035 -0.7592
vn -0.5482 0.1018 -0.8301
vn -0.4790 0.4869 -0.7304
vn -0.4489 0.7324 -0.5119
vn -0.4422 0.8054 -0.3948
vn -0.4652 0.8830 -0.0631
vn -0.5070 0.8239 0.2535
vn -0.7208 -0.6817 -0.1253
vn -0.6505 -0.5487 -0.5251
vn -0.6824 -0.6118 -0.4000
vn -0.7378 -0.6750 0.0078
vn -0.7477 -0.5666 0.3463
vn -0.7256 -0.3234 0.6074
vn -0.7088 -0.1969 0.6773
vn -0.6475 0.1342 0.7502
vn -0.5487 0.5329 0.6442
vn -0.4682 0.7855 0.4047
vn -0.4424 0.8531 0.2765
vn -0.6936 0.6858 0.2204
vn -0.6018 -0.6407 -0.4769
vn -0.6017 -0.6409 -0.4766
vn -0.3771 -0.7778 -0.5029
vn -0.4947 -0.7145 -0.4947
vn -0.6017 -0.6408 -0.4768
vn -0.7421 -0.5078 -0.4375
vn -0.7421 -0.5078 -0.4374
vn -0.6018 -0.6408 -0.4767
vn 0.1173 -0.8835 -0.4534
vn 0.8495 -0.5192 -0.0944
vn 0.3742 0.7801 0.5015
vn -0.1262 0.8841 0.4500
vn 0.9265 0.2455 -0.2851
vn 0.9314 0.2368 -0.2763
vn 0.9317 0.2448 -0.2684
vn 0.9300 0.2305 -0.2862
vn 0.9211 0.2461 -0.3017
vn 0.9120 0.2696 -0.3093
vn 0.0314 -0.9490 0.3137
vn -0.1503 0.3480 0.9254
vn -0.1418 -0.6383 0.7566
vn -0.0474 -0.6317 0.7738
vn -0.1341 -0.6390 0.7574
vn 0.0394 -0.6233 0.7810
vn 0.0316 -0.6234 0.7812
vn -0.2376 0.3960 0.8870
vn -0.1261 -0.1733 0.9768
vn -0.1193 0.4055 0.9063
vn -0.2298 -0.1109 0.9669
vn -0.2121 -0.5813 0.7856
vn -0.1188 -0.1901 0.9745
vn -0.0472 -0.6532 0.7557
vn -0.0395 -0.7183 0.6946
vn -0.1581 0.4032 0.9013
vn -0.1505 0.7523 0.6414
vn -0.1112 0.9608 0.2541
vn -0.0316 0.9400 -0.3396
vn -0.0315 0.9219 -0.3861
vn 0.0554 0.5774 -0.8146
vn 0.1103 0.1813 -0.9772
vn 0.1416 -0.2438 -0.9594
vn 0.1411 -0.7528 -0.6430
vn 0.0866 -0.9925 -0.0866
vn 0.0236 -0.9436 0.3303
vn 0.3663 0.8519 0.3742
vn 0.8473 0.5226 0.0950
vn 0.9503 0.3088 -0.0396
vn 0.3662 0.8520 0.3742
vn 0.1825 0.8810 0.4365
vn 0.4852 0.8113 0.3261
vn 0.5954 0.7537 0.2784
vn -0.3877 0.7754 0.4985
vn -0.9143 0.2443 0.3231
vn -0.9490 -0.3137 0.0314
vn -0.8453 -0.5245 -0.1018
vn 0.9088 -0.2529 -0.3319
vn 0.8472 0.5226 0.0950
vn 0.3771 -0.7778 -0.5028
vn -0.3695 -0.8492 -0.3774
vn -0.5955 -0.7522 -0.2821
vn -0.4869 -0.8088 -0.3298
vn -0.3695 -0.8491 -0.3774
vn -0.1882 -0.8784 -0.4392
vn 0.8472 0.5226 0.0951
vn 0.9503 0.3089 -0.0396
vn -0.8453 -0.5244 -0.1017
vn -0.1883 -0.8784 -0.4392
vn 0.3806 0.5472 0.7454
vn 0.5539 -0.0554 0.8308
vn 0.3418 0.5485 0.7631
vn 0.2220 0.8799 0.4202
vn 0.2618 0.8725 0.4125
vn 0.1736 -0.3630 0.9155
vn 0.5864 -0.2298 0.7767
vn 0.5963 -0.2226 0.7713
vn -0.2609 -0.4190 0.8697
vn -0.2755 -0.4172 0.8660
vn -0.4982 0.7907 0.3558
vn -0.6309 0.6940 -0.3470
vn -0.4518 0.6579 0.6025
vn -0.6488 0.6884 -0.3244
vn -0.6058 0.5507 -0.5743
vn -0.6286 0.5500 -0.5499
vn -0.5503 0.5581 -0.6210
vn -0.5282 0.5597 -0.6385
vn -0.4463 0.0626 -0.8927
vn -0.3056 -0.5408 -0.7837
vn -0.1955 -0.8524 -0.4849
vn -0.1734 -0.9060 -0.3861
vn 0.5200 -0.8273 0.2127
vn 0.4239 -0.7536 -0.5024
vn 0.5200 -0.8272 0.2127
vn 0.2673 -0.1965 -0.9434
vn 0.2673 -0.1966 -0.9434
vn 0.1256 0.5023 -0.8555
vn 0.0868 0.9549 -0.2841
vn 0.1749 0.8822 0.4371
vn 0.3415 0.3257 0.8816
vn 0.4819 -0.3792 0.7900
vn 0.4819 -0.3792 0.7899
vn 0.5200 -0.8272 0.2128
vn 0.1748 0.8822 0.4371
vn 0.3415 0.3256 0.8817
vn 0.2066 0.9773 -0.0477
vn 0.2530 0.7036 -0.6640
vn 0.2298 0.8401 -0.4913
vn 0.1578 0.9863 -0.0474
vn 0.2220 0.8799 0.4201
vn 0.2617 0.8726 0.4124
vn 0.2440 0.5981 -0.7634
vn 0.2291 0.6004 -0.7662
vn -0.1888 0.5663 -0.8023
vn -0.1896 0.5609 -0.8059
vn -0.5857 0.4274 -0.6886
vn -0.6320 0.6005 -0.4898
vn -0.5833 0.8119 0.0237
vn -0.5509 0.8342 0.0236
vn -0.4668 0.7358 0.4905
vn -0.3632 -0.0000 0.9317
vn -0.4981 0.7907 0.3558
vn -0.3726 -0.0238 0.9277
vn -0.2921 -0.3236 0.9000
vn -0.2851 -0.1743 0.9425
vn -0.2363 -0.1891 0.9531
vn -0.1655 -0.3703 0.9141
vn -0.1101 -0.7629 0.6371
vn -0.1259 -0.9913 0.0393
vn -0.1733 -0.9060 -0.3861
vn -0.1955 -0.8525 -0.4848
vn 0.2673 -0.1966 -0.9433
vn 0.4818 -0.3792 0.7900
vn 0.1749 0.8822 0.4372
vn 0.3415 0.3256 0.8816
vn 0.2672 -0.1965 -0.9434
vn 0.9888 -0.0792 -0.1266
vn -0.9276 0.2437 -0.2830
vn -0.9327 0.2430 -0.2665
vn -0.9325 0.2351 -0.2743
vn -0.9311 0.2288 -0.2841
vn -0.9223 0.2444 -0.2995
vn -0.9133 0.2677 -0.3071
vn -0.0392 -0.9487 0.3136
vn 0.1425 0.3484 0.9264
vn 0.1425 0.3484 0.9265
vn 0.0395 -0.6319 0.7741
vn 0.1341 -0.6391 0.7574
vn 0.1264 -0.6397 0.7582
vn -0.0473 -0.6230 0.7808
vn -0.0395 -0.6232 0.7810
vn 0.1183 -0.1735 0.9777
vn 0.2301 0.3967 0.8886
vn 0.1115 0.4058 0.9071
vn 0.2223 -0.1111 0.9686
vn 0.2046 -0.5823 0.7868
vn 0.0555 -0.5538 0.8308
vn 0.1110 -0.1903 0.9754
vn 0.0316 -0.7185 0.6948
vn 0.1504 0.4037 0.9024
vn 0.1427 0.7532 0.6422
vn 0.1033 0.9616 0.2543
vn 0.0869 0.9871 0.1343
vn 0.0237 0.9402 -0.3397
vn 0.0236 0.9221 -0.3862
vn -0.0632 0.5771 -0.8142
vn -0.1181 0.1811 -0.9763
vn -0.1486 -0.2436 -0.9584
vn -0.1488 -0.7519 -0.6422
vn -0.1412 -0.7528 -0.6430
vn -0.0945 -0.9918 -0.0866
vn -0.0315 -0.9434 0.3302
vn 0.0394 -0.6536 0.7558
vn 0.9888 -0.0791 -0.1265
vn -0.8495 0.5191 0.0944
vn -0.3731 0.8494 0.3731
vn -0.9511 0.3065 -0.0393
vn -0.1902 0.8797 0.4359
vn -0.4913 0.8082 0.3249
vn -0.6003 0.7504 0.2765
vn 0.3809 0.7778 0.5000
vn 0.3809 0.7777 0.5000
vn 0.9130 0.2461 0.3255
vn 0.9482 -0.3160 0.0316
vn 0.8431 -0.5279 -0.1024
vn -0.9101 -0.2511 -0.3295
vn -0.9101 -0.2510 -0.3296
vn -0.3838 -0.7755 -0.5013
vn 0.3627 -0.8516 -0.3785
vn 0.5904 -0.7557 -0.2834
vn 0.4809 -0.8119 -0.3311
vn 0.1806 -0.8797 -0.4398
vn -0.9510 0.3065 -0.0393
vn -0.3731 0.8494 0.3732
vn -0.4913 0.8082 0.3248
vn -0.6003 0.7505 0.2765
vn 0.9482 -0.3161 0.0316
vn 0.8431 -0.5280 -0.1022
vn -0.9102 -0.2511 -0.3295
vn 0.4809 -0.8119 -0.3310
vn 0.1807 -0.8797 -0.4399
vn 0.8431 -0.5280 -0.1024
vn -0.3874 0.5455 0.7432
vn -0.5593 -0.0551 0.8271
vn -0.4813 0.2052 0.8522
vn -0.3485 0.5470 0.7611
vn -0.2295 0.8783 0.4194
vn -0.2691 0.8707 0.4117
vn -0.5916 -0.2288 0.7731
vn -0.1812 -0.3625 0.9142
vn -0.6014 -0.2216 0.7676
vn -0.1813 -0.3625 0.9142
vn 0.2535 -0.4199 0.8715
vn 0.2682 -0.4182 0.8679
vn 0.6261 0.6974 -0.3487
vn 0.4922 0.7938 0.3572
vn 0.4455 0.6603 0.6046
vn 0.6442 0.6919 -0.3261
vn 0.6008 0.5533 -0.5770
vn 0.6238 0.5527 -0.5527
vn 0.5448 0.5606 -0.6237
vn 0.5225 0.5620 -0.6412
vn 0.4400 0.0629 -0.8958
vn 0.2985 -0.5420 -0.7855
vn 0.1880 -0.8537 -0.4856
vn 0.1657 -0.9072 -0.3866
vn -0.4303 -0.7511 -0.5007
vn -0.5257 -0.8239 0.2118
vn -0.5257 -0.8238 0.2119
vn -0.2746 -0.1961 -0.9414
vn -0.2745 -0.1961 -0.9414
vn -0.1333 0.5018 -0.8546
vn -0.0946 0.9542 -0.2839
vn -0.1825 0.8810 0.4365
vn -0.3485 0.3248 0.8792
vn -0.4879 -0.3777 0.7870
vn -0.4879 -0.3777 0.7869
vn -0.5257 -0.8239 0.2119
vn -0.1824 0.8810 0.4366
vn -0.1333 0.5018 -0.8547
vn -0.3485 0.3247 0.8793
vn -0.2142 0.9756 -0.0476
vn -0.2373 0.8386 -0.4904
vn -0.2603 0.7022 -0.6627
vn -0.1655 0.9851 -0.0473
vn -0.2295 0.8784 0.4193
vn -0.2691 0.8707 0.4116
vn -0.2513 0.5969 -0.7619
vn 0.1812 0.5671 -0.8034
vn -0.2366 0.5992 -0.7648
vn 0.1820 0.5618 -0.8070
vn 0.5805 0.4294 -0.6918
vn 0.5781 0.8156 0.0237
vn 0.6273 0.6035 -0.4922
vn 0.6326 0.6959 -0.3400
vn 0.5454 0.8378 0.0237
vn 0.4606 0.7385 0.4923
vn 0.4935 0.7163 0.4934
vn 0.3562 -0.0000 0.9344
vn 0.3658 -0.0239 0.9304
vn 0.2849 -0.3244 0.9020
vn 0.2778 -0.1746 0.9446
vn 0.2288 -0.1894 0.9549
vn 0.1578 -0.3708 0.9152
vn 0.1023 -0.7635 0.6376
vn 0.1181 -0.9922 0.0394
vn 0.1657 -0.9073 -0.3865
vn 0.1880 -0.8538 -0.4856
vn -0.2746 -0.1962 -0.9413
vn -0.1826 0.8810 0.4365
vn -0.0947 0.9542 -0.2839
vn -0.8997 -0.2582 -0.3520
vn -0.8390 -0.3215 -0.4391
vn -0.8563 -0.2278 -0.4635
vn -0.8266 -0.3778 -0.4172
vn -0.9078 -0.2504 -0.3365
vn -0.5743 -0.5507 -0.6057
vn -0.7862 -0.3695 -0.4953
vn -0.5481 -0.5716 -0.6107
vn 0.1098 -0.6667 -0.7372
vn 0.3366 -0.6419 -0.6889
vn -0.8136 -0.3207 -0.4850
vn -0.8981 -0.2421 -0.3671
vn -0.4547 -0.5331 -0.7134
vn -0.8077 -0.2823 -0.5176
vn -0.8786 -0.1177 -0.4628
vn -0.8226 -0.1175 -0.5563
vn -0.8548 0.0392 -0.5176
vn -0.4470 -0.4706 -0.7608
vn -0.5014 -0.5014 -0.7051
vn -0.4808 -0.5044 -0.7172
vn 0.1023 -0.5981 -0.7949
vn 0.2440 -0.5666 -0.7870
vn 0.1412 -0.5491 -0.8237
vn 0.0235 -0.6197 -0.7845
vn 0.6853 -0.4569 -0.5671
vn 0.7157 -0.4089 -0.5662
vn 0.6831 -0.4319 -0.5889
vn 0.7570 -0.3233 -0.5678
vn 0.7808 -0.4496 -0.4338
vn 0.8267 -0.4095 -0.3858
vn 0.9335 -0.2373 -0.2689
vn 0.9531 -0.2363 -0.1890
vn 0.9618 -0.1813 -0.2050
vn 0.9885 -0.1028 -0.1107
vn 0.9685 -0.0787 -0.2362
vn 0.9909 -0.0952 -0.0951
vn 0.9482 -0.1817 -0.2607
vn 0.9882 -0.0870 -0.1265
vn 0.9513 -0.0952 -0.2933
vn 0.9732 -0.0158 -0.2294
vn 0.9486 -0.0158 -0.3162
vn 0.9568 0.1107 -0.2689
vn -0.1351 0.8503 0.5086
vn -0.1346 0.8469 0.5145
vn -0.1345 0.8469 0.5145
vn -0.1347 0.8559 0.4993
vn -0.1354 0.8680 0.4778
vn -0.1272 0.8903 0.4372
vn -0.1271 0.9054 0.4050
vn -0.1191 0.9293 0.3495
vn -0.0944 -0.3383 0.9363
vn -0.0947 -0.3313 0.9387
vn -0.0945 -0.3547 0.9302
vn -0.0872 -0.3645 0.9271
vn -0.1108 -0.3403 0.9338
vn -0.1105 -0.3472 0.9312
vn 0.8982 -0.2600 -0.3545
vn 0.8542 -0.2294 -0.4666
vn 0.8366 -0.3236 -0.4420
vn 0.8240 -0.3803 -0.4199
vn 0.9064 -0.2522 -0.3389
vn 0.5690 -0.5532 -0.6085
vn 0.7832 -0.3718 -0.4984
vn 0.5425 -0.5740 -0.6133
vn -0.1176 -0.6661 -0.7366
vn -0.3435 -0.6402 -0.6871
vn 0.8109 -0.3228 -0.4881
vn 0.8966 -0.2438 -0.3696
vn 0.4485 -0.5350 -0.7160
vn 0.8050 -0.2841 -0.5209
vn 0.8768 -0.1185 -0.4660
vn 0.4747 -0.5063 -0.7199
vn 0.8201 -0.1183 -0.5599
vn 0.8526 0.0395 -0.5210
vn 0.4407 -0.4722 -0.7634
vn 0.4955 -0.5034 -0.7079
vn -0.1101 -0.5974 -0.7943
vn -0.2513 -0.5655 -0.7855
vn -0.1489 -0.5485 -0.8228
vn -0.0314 -0.6196 -0.7843
vn -0.6895 -0.4546 -0.5639
vn -0.7194 -0.4067 -0.5631
vn -0.6873 -0.4295 -0.5857
vn -0.7603 -0.3214 -0.5644
vn -0.7839 -0.4468 -0.4311
vn -0.8292 -0.4068 -0.3833
vn -0.9345 -0.2356 -0.2670
vn -0.9538 -0.2345 -0.1876
vn -0.9624 -0.1800 -0.2034
vn -0.9887 -0.1020 -0.1099
vn -0.9690 -0.0781 -0.2344
vn -0.9910 -0.0944 -0.0944
vn -0.9489 -0.1804 -0.2588
vn -0.9520 -0.0944 -0.2911
vn -0.9736 -0.0157 -0.2277
vn -0.9493 -0.0157 -0.3138
vn -0.9575 0.1099 -0.2668
vn 0.1268 0.8478 0.5150
vn 0.1273 0.8512 0.5091
vn 0.1269 0.8568 0.4998
vn 0.1273 0.8512 0.5092
vn 0.1275 0.8689 0.4783
vn 0.1194 0.8912 0.4376
vn 0.1193 0.9063 0.4055
vn 0.1113 0.9302 0.3498
vn 0.1276 0.8689 0.4783
vn 0.0868 -0.3316 0.9394
vn 0.0866 -0.3386 0.9369
vn 0.0868 -0.3550 0.9308
vn 0.0793 -0.3647 0.9277
vn 0.1029 -0.3406 0.9346
vn 0.1027 -0.3475 0.9320
vn -0.0788 -0.4331 0.8979
vn 0.0628 -0.9965 0.0549
vn 0.0707 -0.9975 -0.0000
vn 0.0551 -0.9924 0.1102
vn 0.0549 -0.9873 0.1489
vn 0.0551 -0.9915 0.1180
vn -0.0394 -0.6619 0.7486
vn -0.0394 -0.6619 0.7485
vn 0.7442 -0.5066 0.4354
vn 0.1343 -0.5767 0.8058
vn 0.0317 -0.5779 0.8155
vn 0.0947 -0.5522 0.8283
vn 0.2206 -0.7878 0.5751
vn 0.3619 -0.8655 0.3462
vn 0.0236 -0.9436 0.3302
vn -0.0314 -0.7146 0.6989
vn -0.0631 -0.5444 0.8364
vn -0.7889 -0.5364 0.2997
vn -0.7458 -0.6201 0.2434
vn -0.2443 -0.6067 0.7564
vn -0.2206 -0.5751 0.7878
vn -0.1503 -0.5932 0.7909
vn -0.2360 -0.8262 0.5115
vn -0.7221 -0.6907 0.0393
vn -0.3055 -0.9164 0.2585
vn -0.0315 -0.7146 0.6989
vn -0.0632 -0.5445 0.8364
vn -0.0785 -0.9969 -0.0000
vn -0.0706 -0.9960 0.0549
vn -0.0630 -0.9919 0.1102
vn -0.0627 -0.9869 0.1488
vn -0.0627 -0.9880 0.1411
vn -0.0629 -0.9910 0.1180
vn 0.0315 -0.6621 0.7488
vn -0.7477 -0.5036 0.4328
vn -0.1421 -0.5761 0.8050
vn -0.1025 -0.5518 0.8277
vn -0.0396 -0.5778 0.8152
vn -0.2281 -0.7864 0.5741
vn -0.3687 -0.8631 0.3452
vn 0.0235 -0.7147 0.6990
vn 0.0552 -0.5447 0.8368
vn 0.7859 -0.5398 0.3017
vn 0.2369 -0.6079 0.7579
vn 0.2131 -0.5761 0.7891
vn 0.1426 -0.5939 0.7918
vn 0.2286 -0.8277 0.5124
vn 0.2984 -0.9186 0.2591
vn -0.0314 -0.9434 0.3302
vn 0.0236 -0.7147 0.6990
vn 0.0553 -0.5447 0.8368
vn -0.3697 -0.2438 0.8966
vn -0.4116 -0.2692 0.8707
vn -0.4180 -0.2129 0.8832
vn -0.3867 -0.4499 0.8050
vn -0.5062 -0.0238 0.8621
vn -0.3928 -0.7541 0.5263
vn -0.7749 0.4586 0.4349
vn -0.4713 -0.8797 0.0628
vn -0.7634 0.5981 -0.2440
vn -0.4713 -0.8797 0.0629
vn -0.7345 0.5213 -0.4344
vn -0.5322 -0.7983 -0.2818
vn -0.7076 0.5189 -0.4796
vn -0.5565 -0.7447 -0.3684
vn -0.6438 -0.4789 -0.5967
vn -0.7486 0.4728 -0.4649
vn -0.6368 -0.4874 -0.5975
vn -0.7449 0.3293 -0.5802
vn -0.6989 -0.1099 -0.7067
vn -0.7146 0.0314 -0.6989
vn 0.9095 0.3875 0.1503
vn 0.8554 0.2059 0.4753
vn 0.8095 0.5714 -0.1349
vn 0.7918 0.1425 0.5939
vn 0.7216 0.6502 -0.2378
vn 0.5952 0.0556 0.8016
vn 0.5016 0.7722 -0.3901
vn 0.4754 0.0238 0.8794
vn 0.3629 0.8204 -0.4418
vn 0.1976 0.0079 0.9802
vn 0.0079 0.8880 -0.4598
vn 0.0476 0.0238 0.9986
vn -0.3001 0.1105 0.9475
vn -0.3318 0.8770 -0.3476
vn -0.3000 0.1106 0.9475
vn -0.4589 0.8467 -0.2691
vn -0.5867 0.2537 0.7690
vn -0.6482 0.7588 -0.0632
vn -0.6710 0.3315 0.6632
vn -0.7180 0.6944 0.0473
vn -0.7675 0.5222 0.3719
vn -0.3242 0.7433 -0.5851
vn -0.3312 0.7414 -0.5836
vn -0.3557 0.7589 -0.5454
vn -0.4026 0.6473 -0.6473
vn -0.3945 0.8442 -0.3629
vn -0.4092 0.6452 -0.6452
vn -0.5926 0.7506 0.2923
vn -0.5100 0.2197 -0.8317
vn -0.6331 0.2137 0.7439
vn -0.6274 -0.1255 -0.7685
vn -0.6324 -0.0000 0.7747
vn -0.6744 -0.2823 -0.6823
vn -0.6010 -0.0316 0.7987
vn -0.7274 -0.4693 -0.5006
vn -0.6010 -0.0316 0.7986
vn -0.7429 -0.5317 -0.4066
vn -0.6402 -0.0474 0.7667
vn -0.7903 -0.6103 -0.0548
vn -0.6857 -0.2207 0.6936
vn -0.7873 -0.6141 -0.0551
vn -0.7458 -0.4632 0.4788
vn -0.7664 -0.5452 0.3398
vn -0.0159 0.8879 -0.4598
vn 0.3248 0.8792 -0.3485
vn -0.0158 0.8879 -0.4598
vn -0.3697 0.8181 -0.4405
vn 0.4527 0.8498 -0.2700
vn -0.5075 0.7691 -0.3885
vn 0.6436 0.7627 -0.0635
vn -0.7253 0.6465 -0.2365
vn 0.7142 0.6983 0.0476
vn -0.8122 0.5678 -0.1341
vn 0.7643 0.5252 0.3742
vn -0.9109 0.3848 0.1492
vn 0.6667 0.3333 0.6667
vn -0.8575 0.2045 0.4720
vn 0.5815 0.2549 0.7726
vn -0.7948 0.1416 0.5901
vn 0.2929 0.1108 0.9497
vn -0.6003 0.0553 0.7978
vn 0.2928 0.1108 0.9497
vn -0.4815 0.0237 0.8761
vn -0.0555 0.0238 0.9982
vn -0.2052 0.0079 0.9787
vn 0.7179 -0.2130 -0.6627
vn 0.7201 -0.4985 -0.4827
vn 0.7021 0.1183 -0.7021
vn 0.7109 -0.5924 -0.3791
vn 0.6866 0.2604 -0.6787
vn 0.6857 -0.7251 -0.0631
vn 0.6482 0.5059 -0.5691
vn 0.6858 -0.7251 -0.0630
vn 0.6339 0.6101 -0.4754
vn 0.6404 -0.7195 0.2688
vn 0.5867 0.7691 -0.2537
vn 0.6151 -0.6782 0.4022
vn 0.5689 0.8138 -0.1186
vn 0.5637 -0.4763 0.6748
vn 0.5234 0.8248 0.2141
vn 0.5129 -0.1026 0.8523
vn 0.4943 0.6457 0.5820
vn 0.4844 0.2383 0.8418
vn 0.4833 0.3724 0.7923
vn 0.1189 0.4120 0.9034
vn 0.1194 0.7482 0.6527
vn 0.1586 0.9673 0.1982
vn 0.1190 0.2539 0.9599
vn 0.1586 0.9672 0.1982
vn 0.1585 -0.1585 0.9746
vn 0.2144 0.9529 -0.2144
vn 0.2381 0.8968 -0.3730
vn 0.2219 -0.6101 0.7606
vn 0.2996 0.6465 -0.7016
vn 0.2996 0.6465 -0.7017
vn 0.2756 -0.8582 0.4330
vn 0.3615 0.1964 -0.9115
vn 0.3070 -0.9133 0.2677
vn 0.3626 -0.9223 -0.1340
vn 0.3925 -0.2120 -0.8950
vn 0.4024 -0.3777 -0.8339
vn 0.4010 -0.7076 -0.5818
vn -0.4954 -0.6449 -0.5820
vn -0.4939 -0.3762 -0.7839
vn -0.5248 -0.8225 -0.2193
vn -0.4955 -0.2438 -0.8337
vn -0.5252 0.0862 -0.8466
vn -0.5653 -0.8165 0.1178
vn -0.5894 -0.7702 0.2436
vn -0.5807 0.4552 -0.6749
vn -0.6277 -0.6199 0.4708
vn -0.6485 -0.5141 0.5615
vn -0.6293 0.6608 -0.4091
vn -0.6852 -0.2677 0.6773
vn -0.6473 0.7104 -0.2763
vn -0.7015 -0.1261 0.7015
vn -0.6941 0.7178 0.0552
vn -0.7202 0.1346 0.6806
vn -0.7264 0.2689 0.6325
vn -0.7241 0.5431 0.4251
vn -0.7241 0.5431 0.4250
vn -0.4117 0.7046 0.5780
vn -0.4119 0.3723 0.8317
vn -0.4117 0.7046 0.5779
vn -0.3725 0.9193 0.1268
vn -0.4026 0.2053 0.8920
vn -0.3703 -0.2048 0.9060
vn -0.3157 0.9077 -0.2763
vn -0.2838 0.8513 -0.4414
vn -0.3068 -0.6530 0.6924
vn -0.2291 0.6004 -0.7662
vn -0.2291 0.6003 -0.7662
vn -0.2445 -0.8992 0.3628
vn -0.1651 0.1494 -0.9749
vn -0.2207 -0.9536 0.2049
vn -0.1648 -0.9650 -0.2040
vn -0.1256 -0.2591 -0.9577
vn -0.1254 -0.4153 -0.9010
vn -0.1258 -0.7471 -0.6527
vn -0.1259 -0.7471 -0.6527
vn 0.5959 -0.0318 0.8024
vn 0.6356 -0.0477 0.7706
vn 0.5959 -0.0318 0.8025
vn 0.6276 -0.0000 0.7785
vn 0.6815 -0.2219 0.6974
vn 0.6284 0.2147 0.7477
vn 0.7423 -0.4659 0.4817
vn 0.5874 0.7541 0.2937
vn 0.7631 -0.5485 0.3418
vn 0.7873 -0.6141 -0.0551
vn 0.3878 0.8468 -0.3641
vn 0.7843 -0.6179 -0.0554
vn 0.3488 0.7610 -0.5470
vn 0.7394 -0.5349 -0.4090
vn 0.3171 0.7452 -0.5866
vn 0.7237 -0.4720 -0.5034
vn 0.3242 0.7433 -0.5851
vn 0.6701 -0.2838 -0.6859
vn 0.3959 0.6493 -0.6493
vn 0.6226 -0.1261 -0.7723
vn 0.4026 0.6473 -0.6473
vn 0.5041 0.2206 -0.8350
vn -0.7217 -0.2118 -0.6590
vn -0.7238 -0.4957 -0.4799
vn -0.7061 0.1177 -0.6983
vn -0.7147 -0.5891 -0.3770
vn -0.6908 0.2590 -0.6751
vn -0.6899 -0.7212 -0.0627
vn -0.6527 0.5033 -0.5662
vn -0.6386 0.6070 -0.4730
vn -0.6450 -0.7158 0.2675
vn -0.5919 0.7655 -0.2525
vn -0.6200 -0.6749 0.4002
vn -0.5742 0.8102 -0.1180
vn -0.5691 -0.4742 0.6718
vn -0.5291 0.8213 0.2132
vn -0.5690 -0.4742 0.6718
vn -0.5187 -0.1022 0.8488
vn -0.5003 0.6432 0.5797
vn -0.4905 0.2373 0.8385
vn -0.4894 0.3709 0.7893
vn -0.1272 0.7474 0.6520
vn -0.1267 0.4117 0.9025
vn -0.1663 0.9660 0.1979
vn -0.1268 0.2536 0.9590
vn -0.1663 0.9660 0.1980
vn -0.1662 -0.1583 0.9733
vn -0.2220 0.9513 -0.2141
vn -0.2455 0.8951 -0.3723
vn -0.2294 -0.6090 0.7593
vn -0.3067 0.6449 -0.7000
vn -0.2828 -0.8563 0.4321
vn -0.3682 0.1959 -0.9089
vn -0.3141 -0.9110 0.2671
vn -0.3683 0.1959 -0.9089
vn -0.3694 -0.9196 -0.1336
vn -0.3992 -0.2113 -0.8922
vn -0.4080 -0.3766 -0.8317
vn -0.4075 -0.7054 -0.5800
vn 0.4879 -0.3777 -0.7870
vn 0.4895 -0.6474 -0.5842
vn 0.5191 -0.8259 -0.2202
vn 0.4895 -0.2448 -0.8369
vn 0.5191 -0.8258 -0.2202
vn 0.5195 0.0866 -0.8501
vn 0.5599 -0.8201 0.1183
vn 0.5843 -0.7738 0.2447
vn 0.5755 0.4573 -0.6780
vn 0.6229 -0.6230 0.4731
vn 0.6438 -0.5167 0.5644
vn 0.6245 0.6641 -0.4111
vn 0.6810 -0.2692 0.6810
vn 0.6427 0.7140 -0.2777
vn 0.6974 -0.1268 0.7054
vn 0.6900 0.7217 0.0555
vn 0.7163 0.1353 0.6845
vn 0.7231 0.2701 0.6357
vn 0.7203 0.5462 0.4275
vn 0.4053 0.3735 0.8344
vn 0.4051 0.7069 0.5798
vn 0.3656 0.9220 0.1272
vn 0.3958 0.2060 0.8949
vn 0.3635 -0.2054 0.9087
vn 0.3086 0.9100 -0.2770
vn 0.2765 0.8532 -0.4424
vn 0.2997 -0.6546 0.6940
vn 0.2216 0.6014 -0.7676
vn 0.2215 0.6014 -0.7676
vn 0.2370 -0.9009 0.3635
vn 0.1575 0.1496 -0.9761
vn 0.2133 -0.9552 0.2052
vn 0.1574 0.1496 -0.9761
vn 0.1571 -0.9662 -0.2042
vn 0.1179 -0.2593 -0.9586
vn 0.1168 -0.4156 -0.9020
vn 0.1181 -0.7478 -0.6533
vn 0.3628 -0.2445 0.8992
vn 0.4050 -0.2700 0.8735
vn 0.4114 -0.2136 0.8861
vn 0.3800 -0.4512 0.8075
vn 0.5003 -0.0238 0.8655
vn 0.3861 -0.7564 0.5280
vn 0.7717 0.4615 0.4376
vn 0.3861 -0.7564 0.5279
vn 0.7718 0.4614 0.4376
vn 0.4651 -0.8830 0.0631
vn 0.7601 0.6017 -0.2454
vn 0.7309 0.5243 -0.4369
vn 0.5266 -0.8016 -0.2830
vn 0.7035 0.5219 -0.4825
vn 0.5511 -0.7479 -0.3700
vn 0.7036 0.5218 -0.4823
vn 0.6392 -0.4814 -0.5998
vn 0.7451 0.4756 -0.4677
vn 0.6321 -0.4898 -0.6005
vn 0.7414 0.3313 -0.5836
vn 0.6948 -0.1105 -0.7106
vn 0.7107 0.0316 -0.7028
vn 0.1818 -0.4742 0.8615
vn 0.1818 -0.4742 0.8614
vn -0.1888 0.4642 -0.8654
vn -0.1888 0.4641 -0.8654
vn -0.1894 -0.4735 0.8602
vn 0.1812 0.4648 -0.8666
vn 0.1812 0.4649 -0.8666
vn 0.1812 0.4648 -0.8667
vn 0.1410 -0.6346 -0.7599
vn -0.1346 0.8559 0.4993
vn -0.1487 -0.6339 -0.7590
vn -0.1487 -0.6340 -0.7589
vn -0.1487 -0.6338 -0.7590
vn -0.1487 -0.6338 -0.7591
vn 0.1270 0.8568 0.4998
vt 0.328125 0.512695
vt 0.310791 0.478760
vt 0.297607 0.498535
vt 0.345459 0.492676
vt 0.688477 0.621582
vt 0.677246 0.600098
vt 0.677246 0.621582
vt 0.688477 0.600098
vt 0.688477 0.665039
vt 0.677246 0.665039
vt 0.688477 0.698730
vt 0.677246 0.698730
vt 0.333008 0.520996
vt 0.326416 0.521484
vt 0.388672 0.345215
vt 0.394287 0.356201
vt 0.394531 0.353516
vt 0.246216 0.457520
vt 0.265625 0.468506
vt 0.252197 0.436035
vt 0.334961 0.331787
vt 0.270264 0.315430
vt 0.333008 0.340820
vt 0.268555 0.324463
vt 0.677246 0.551758
vt 0.688477 0.551758
vt 0.200195 0.439453
vt 0.204590 0.419434
vt 0.214844 0.311279
vt 0.266846 0.315186
vt 0.213745 0.304688
vt 0.350098 0.497070
vt 0.356201 0.487549
vt 0.397461 0.495850
vt 0.395020 0.502441
vt 0.365723 0.553223
vt 0.379883 0.543945
vt 0.360840 0.557129
vt 0.582031 0.478271
vt 0.564941 0.512207
vt 0.595215 0.498047
vt 0.547363 0.492676
vt 0.706055 0.598145
vt 0.694824 0.619629
vt 0.706055 0.619629
vt 0.694824 0.598145
vt 0.694824 0.663086
vt 0.706055 0.663086
vt 0.706055 0.696777
vt 0.694824 0.696777
vt 0.560059 0.520508
vt 0.566406 0.521484
vt 0.626465 0.467529
vt 0.618164 0.445557
vt 0.603516 0.451172
vt 0.559570 0.340332
vt 0.621094 0.313232
vt 0.557129 0.331299
vt 0.623535 0.322266
vt 0.706055 0.549805
vt 0.694824 0.549805
vt 0.688477 0.416016
vt 0.641113 0.433838
vt 0.693848 0.435547
vt 0.649414 0.455078
vt 0.676758 0.308105
vt 0.625000 0.312988
vt 0.677734 0.301514
vt 0.542480 0.497314
vt 0.536621 0.488037
vt 0.497559 0.502441
vt 0.495361 0.495850
vt 0.512695 0.543945
vt 0.527344 0.553223
vt 0.532227 0.557129
vt 0.231934 0.615234
vt 0.250732 0.609863
vt 0.229004 0.592285
vt 0.251709 0.587402
vt 0.051697 0.361328
vt 0.058960 0.426270
vt 0.059509 0.363281
vt 0.049744 0.426025
vt 0.139893 0.361816
vt 0.131958 0.426758
vt 0.141113 0.426514
vt 0.132080 0.363525
vt 0.128906 0.334717
vt 0.139893 0.361084
vt 0.062927 0.334473
vt 0.051636 0.360840
vt 0.498779 0.356201
vt 0.503906 0.345215
vt 0.498535 0.353760
vt 0.059418 0.485596
vt 0.050476 0.523438
vt 0.058228 0.524902
vt 0.050690 0.480469
vt 0.062042 0.482910
vt 0.051636 0.478516
vt 0.058960 0.472656
vt 0.138794 0.479004
vt 0.128296 0.483398
vt 0.130859 0.485840
vt 0.131470 0.473145
vt 0.139404 0.523926
vt 0.131714 0.524902
vt 0.139648 0.480957
vt 0.049774 0.474121
vt 0.140625 0.474609
vt 0.408936 0.351074
vt 0.401123 0.345703
vt 0.396240 0.354736
vt 0.484131 0.351318
vt 0.496582 0.354980
vt 0.491943 0.345703
vt 0.257080 0.511719
vt 0.221436 0.499268
vt 0.186401 0.595215
vt 0.639160 0.445557
vt 0.475098 0.732422
vt 0.472900 0.742676
vt 0.479248 0.742676
vt 0.482666 0.732422
vt 0.464111 0.782715
vt 0.458984 0.790039
vt 0.466553 0.788086
vt 0.458984 0.784180
vt 0.469482 0.772949
vt 0.474121 0.776367
vt 0.442383 0.732422
vt 0.438232 0.743164
vt 0.444580 0.743164
vt 0.434814 0.732422
vt 0.640625 0.554688
vt 0.648438 0.524902
vt 0.640625 0.517090
vt 0.648438 0.554688
vt 0.448486 0.773438
vt 0.443848 0.776367
vt 0.453857 0.782715
vt 0.451660 0.788086
vt 0.658691 0.525391
vt 0.658203 0.555176
vt 0.666016 0.555664
vt 0.666504 0.518066
vt 0.607910 0.582031
vt 0.601074 0.607422
vt 0.606934 0.598145
vt 0.603027 0.568359
vt 0.670410 0.265625
vt 0.654785 0.279785
vt 0.669922 0.285400
vt 0.653809 0.263428
vt 0.508301 0.604004
vt 0.503418 0.578125
vt 0.502930 0.594238
vt 0.509277 0.564941
vt 0.705078 0.280762
vt 0.689453 0.266357
vt 0.689941 0.285889
vt 0.706543 0.264160
vt 0.417969 0.292969
vt 0.416992 0.307129
vt 0.422363 0.298340
vt 0.420410 0.312500
vt 0.411133 0.312744
vt 0.409424 0.307373
vt 0.322998 0.289551
vt 0.323975 0.280273
vt 0.318848 0.285156
vt 0.331787 0.281982
vt 0.326904 0.179199
vt 0.341309 0.158569
vt 0.321777 0.175049
vt 0.346436 0.162720
vt 0.320312 0.178101
vt 0.323242 0.059814
vt 0.315674 0.042542
vt 0.316895 0.061615
vt 0.321777 0.039062
vt 0.444824 0.307129
vt 0.443848 0.293213
vt 0.439209 0.298340
vt 0.441162 0.312744
vt 0.450439 0.312744
vt 0.452148 0.307617
vt 0.538574 0.290039
vt 0.537598 0.280762
vt 0.529785 0.282227
vt 0.542480 0.285645
vt 0.535156 0.179565
vt 0.541992 0.178589
vt 0.539062 0.060242
vt 0.546875 0.042999
vt 0.541016 0.039520
vt 0.545410 0.062073
vt 0.491455 0.283936
vt 0.485107 0.295410
vt 0.490234 0.295654
vt 0.486328 0.283447
vt 0.484131 0.308105
vt 0.489502 0.308105
vt 0.490479 0.295654
vt 0.298340 0.260498
vt 0.293213 0.214966
vt 0.283936 0.215210
vt 0.289062 0.261230
vt 0.302002 0.260498
vt 0.296875 0.214844
vt 0.690430 0.071838
vt 0.673340 0.081055
vt 0.678223 0.087280
vt 0.683594 0.068665
vt 0.685547 0.053131
vt 0.693359 0.052246
vt 0.679688 0.038483
vt 0.686035 0.033875
vt 0.670898 0.021469
vt 0.667480 0.028610
vt 0.651367 0.018478
vt 0.651855 0.026093
vt 0.632812 0.025726
vt 0.637207 0.031982
vt 0.620605 0.041199
vt 0.627441 0.044342
vt 0.617676 0.060730
vt 0.625000 0.059875
vt 0.630859 0.074585
vt 0.624512 0.079163
vt 0.640137 0.091492
vt 0.643066 0.084290
vt 0.659668 0.094543
vt 0.658691 0.086853
vt 0.101990 0.947266
vt 0.115051 0.979004
vt 0.123779 0.947266
vt 0.108093 0.979004
vt 0.275146 0.935059
vt 0.230835 0.935547
vt 0.278809 0.961426
vt 0.035309 0.952637
vt 0.023438 0.979004
vt 0.024216 0.984863
vt 0.029526 0.951660
vt 0.265869 0.168457
vt 0.010788 0.177002
vt 0.011353 0.194702
vt 0.266602 0.188599
vt 0.266357 0.257568
vt 0.011520 0.230347
vt 0.011276 0.250977
vt 0.266602 0.234253
vt 0.010674 0.268799
vt 0.265625 0.277832
vt 0.807129 0.901367
vt 0.821289 0.931641
vt 0.820312 0.890625
vt 0.908203 0.650391
vt 0.877930 0.581543
vt 0.863770 0.637207
vt 0.805664 0.897949
vt 0.823242 0.886719
vt 0.826172 0.934082
vt 0.862305 0.574707
vt 0.879883 0.531738
vt 0.843262 0.545898
vt 0.767578 0.537109
vt 0.789062 0.578125
vt 0.805176 0.547363
vt 0.973145 0.645996
vt 0.968750 0.676758
vt 0.980469 0.674805
vt 0.959961 0.646484
vt 0.006893 0.122253
vt 0.261963 0.116821
vt 0.261963 0.100769
vt 0.006676 0.103821
vt 0.007439 0.138672
vt 0.262451 0.130493
vt 0.006973 0.065186
vt 0.261963 0.087341
vt 0.262207 0.071289
vt 0.006714 0.083679
vt 0.262695 0.057556
vt 0.007561 0.048798
vt 0.937012 0.071411
vt 0.951660 0.068115
vt 0.951660 0.060791
vt 0.942871 0.076477
vt 0.937012 0.123474
vt 0.942871 0.119690
vt 0.951660 0.125122
vt 0.951660 0.131470
vt 0.967285 0.123596
vt 0.960938 0.119751
vt 0.961426 0.076599
vt 0.967285 0.071533
vt 0.238403 0.500488
vt 0.179810 0.499756
vt 0.159302 0.525391
vt 0.161865 0.578125
vt 0.167969 0.506348
vt 0.869629 0.485352
vt 0.842773 0.458008
vt 0.821289 0.490479
vt 0.818848 0.454102
vt 0.795410 0.461426
vt 0.772949 0.490967
vt 0.492188 0.828613
vt 0.516113 0.807617
vt 0.492432 0.807617
vt 0.516113 0.829102
vt 0.534668 0.808105
vt 0.534668 0.829102
vt 0.564453 0.829590
vt 0.564453 0.808105
vt 0.477539 0.807129
vt 0.477295 0.828613
vt 0.454834 0.828125
vt 0.455078 0.807129
vt 0.423828 0.828125
vt 0.424072 0.806641
vt 0.377441 0.827148
vt 0.377930 0.805664
vt 0.498779 0.440674
vt 0.446533 0.460693
vt 0.498535 0.460693
vt 0.446533 0.440674
vt 0.394043 0.460449
vt 0.394287 0.440674
vt 0.498535 0.485107
vt 0.446289 0.485107
vt 0.394043 0.484863
vt 0.659668 0.668457
vt 0.655762 0.687988
vt 0.663086 0.687988
vt 0.668945 0.668457
vt 0.661133 0.560547
vt 0.670410 0.560547
vt 0.645020 0.667969
vt 0.641602 0.687500
vt 0.648926 0.687500
vt 0.635742 0.667969
vt 0.645508 0.587402
vt 0.636230 0.560059
vt 0.636230 0.587402
vt 0.645508 0.560059
vt 0.671875 0.157715
vt 0.655273 0.155273
vt 0.560059 0.608887
vt 0.561523 0.567383
vt 0.554688 0.607910
vt 0.556152 0.565918
vt 0.572266 0.567383
vt 0.570801 0.609375
vt 0.672363 0.151855
vt 0.655273 0.149536
vt 0.706543 0.183594
vt 0.689453 0.158203
vt 0.689453 0.185791
vt 0.706055 0.156128
vt 0.706055 0.150269
vt 0.688477 0.122253
vt 0.688965 0.152466
vt 0.705566 0.120117
vt 0.540039 0.566406
vt 0.538574 0.607910
vt 0.549316 0.608398
vt 0.550781 0.566895
vt 0.672852 0.121704
vt 0.656250 0.119385
vt 0.318604 0.064453
vt 0.339355 0.078491
vt 0.343994 0.073792
vt 0.339844 0.161621
vt 0.337646 0.075317
vt 0.543945 0.064880
vt 0.518555 0.074158
vt 0.522949 0.078857
vt 0.515625 0.162964
vt 0.521973 0.161987
vt 0.524902 0.075745
vt 0.520996 0.158813
vt 0.540527 0.175415
vt 0.573242 0.069336
vt 0.554688 0.164551
vt 0.573242 0.179688
vt 0.554199 0.083374
vt 0.478271 0.283691
vt 0.486328 0.278320
vt 0.477783 0.278320
vt 0.483887 0.313232
vt 0.478027 0.307861
vt 0.476807 0.312744
vt 0.131836 0.979004
vt 0.141724 0.947266
vt 0.141724 0.979004
vt 0.147095 0.665527
vt 0.176880 0.638672
vt 0.147095 0.638672
vt 0.176880 0.665527
vt 0.049713 0.603027
vt 0.010399 0.603027
vt 0.049713 0.630371
vt 0.010406 0.630371
vt 0.176758 0.901367
vt 0.147095 0.926270
vt 0.176758 0.926270
vt 0.147095 0.901367
vt 0.176880 0.794922
vt 0.147095 0.794922
vt 0.147095 0.773438
vt 0.176880 0.773438
vt 0.176880 0.745605
vt 0.147095 0.745117
vt 0.176880 0.730469
vt 0.147095 0.730469
vt 0.176880 0.681641
vt 0.147095 0.681641
vt 0.226807 0.964844
vt 0.275879 0.973145
vt 0.141724 0.986328
vt 0.128052 0.985840
vt 0.049683 0.669922
vt 0.040588 0.719238
vt 0.049683 0.719238
vt 0.040588 0.669922
vt 0.040588 0.732422
vt 0.049683 0.732422
vt 0.040558 0.824707
vt 0.049683 0.824707
vt 0.049713 0.654297
vt 0.040619 0.654297
vt 0.010399 0.984863
vt 0.010399 0.979004
vt 0.011551 0.215454
vt 0.266846 0.212036
vt 0.011475 0.221436
vt 0.266602 0.218872
vt 0.010063 0.162231
vt 0.264893 0.150269
vt 0.011452 0.224365
vt 0.266602 0.227417
vt 0.009918 0.283447
vt 0.264893 0.295898
vt 0.801758 0.903809
vt 0.818848 0.932617
vt 0.797852 0.902344
vt 0.819824 0.937012
vt 0.810547 0.554199
vt 0.798340 0.579102
vt 0.853027 0.624023
vt 0.852539 0.576660
vt 0.845703 0.618652
vt 0.827637 0.633789
vt 0.827637 0.642090
vt 0.801270 0.625977
vt 0.808594 0.620605
vt 0.837891 0.553223
vt 0.824219 0.554199
vt 0.823730 0.544922
vt 0.261963 0.096130
vt 0.006767 0.098145
vt 0.262939 0.141968
vt 0.008133 0.153687
vt 0.261963 0.091980
vt 0.006790 0.089355
vt 0.263184 0.046143
vt 0.008293 0.033752
vt 0.010513 0.365479
vt 0.050568 0.331055
vt 0.010300 0.313232
vt 0.046295 0.307861
vt 0.669434 0.819824
vt 0.649414 0.809082
vt 0.647461 0.830078
vt 0.623535 0.715332
vt 0.623535 0.706543
vt 0.611816 0.715332
vt 0.611816 0.706543
vt 0.600586 0.715332
vt 0.600586 0.706543
vt 0.588867 0.715332
vt 0.588867 0.706543
vt 0.577637 0.715332
vt 0.577637 0.706543
vt 0.565918 0.706543
vt 0.565918 0.715332
vt 0.554199 0.706543
vt 0.554199 0.715332
vt 0.542969 0.715332
vt 0.542969 0.706543
vt 0.531250 0.715332
vt 0.531250 0.706543
vt 0.519531 0.706543
vt 0.519531 0.715332
vt 0.508301 0.706543
vt 0.508301 0.715332
vt 0.496826 0.706543
vt 0.496826 0.715332
vt 0.485352 0.706543
vt 0.485352 0.715332
vt 0.589844 0.054260
vt 0.573242 0.051300
vt 0.599121 0.179443
vt 0.632812 0.226074
vt 0.631836 0.179810
vt 0.599121 0.269531
vt 0.575195 0.276611
vt 0.053406 0.655762
vt 0.069031 0.667969
vt 0.053345 0.642090
vt 0.077698 0.605469
vt 0.053314 0.632324
vt 0.238525 0.812012
vt 0.211060 0.877930
vt 0.249390 0.848633
vt 0.216675 0.895020
vt 0.259521 0.883301
vt 0.221924 0.911133
vt 0.119934 0.888672
vt 0.123657 0.894531
vt 0.125977 0.887695
vt 0.119568 0.849121
vt 0.127319 0.848145
vt 0.123535 0.841309
vt 0.123108 0.664551
vt 0.118896 0.673828
vt 0.127197 0.673340
vt 0.119019 0.727539
vt 0.127197 0.726562
vt 0.123291 0.735352
vt 0.010368 0.567871
vt 0.029831 0.556641
vt 0.010353 0.556641
vt 0.176758 0.984863
vt 0.146973 0.984863
vt 0.146973 0.959961
vt 0.176758 0.959961
vt 0.146973 0.943848
vt 0.176758 0.943848
vt 0.011322 0.028320
vt 0.266602 0.028320
vt 0.011322 0.015343
vt 0.266602 0.015343
vt 0.011322 0.002363
vt 0.266602 0.002363
vt 0.809570 0.236328
vt 0.769043 0.287598
vt 0.818848 0.250488
vt 0.782715 0.301025
vt 0.821289 0.255371
vt 0.785645 0.304688
vt 0.881836 0.390381
vt 0.807129 0.403564
vt 0.805664 0.416748
vt 0.897949 0.425049
vt 0.849609 0.439209
vt 0.817383 0.434570
vt 0.884766 0.473877
vt 0.917969 0.461182
vt 0.935059 0.498047
vt 0.898926 0.532227
vt 0.745605 0.395752
vt 0.740723 0.382568
vt 0.729980 0.379395
vt 0.737305 0.292969
vt 0.727051 0.374268
vt 0.734863 0.287354
vt 0.717285 0.282471
vt 0.717773 0.373047
vt 0.772461 0.438965
vt 0.755859 0.481689
vt 0.786133 0.443848
vt 0.991699 0.984375
vt 0.991699 0.970703
vt 0.986328 0.981445
vt 0.981934 0.947266
vt 0.973145 0.950195
vt 0.971680 0.904297
vt 0.981934 0.901855
vt 0.755859 0.592773
vt 0.749023 0.539551
vt 0.773926 0.586426
vt 0.784668 0.643066
vt 0.791504 0.640137
vt 0.801270 0.662109
vt 0.827637 0.661621
vt 0.857422 0.665527
vt 0.897949 0.678711
vt 0.841797 0.888672
vt 0.855957 0.892578
vt 0.829590 0.934082
vt 0.841797 0.934570
vt 0.853516 0.935547
vt 0.831055 0.949707
vt 0.828125 0.955078
vt 0.838867 0.958008
vt 0.847168 0.966309
vt 0.835938 0.962891
vt 0.845703 0.971191
vt 0.779297 0.853027
vt 0.770508 0.856445
vt 0.768555 0.664062
vt 0.757812 0.668945
vt 0.732910 0.598145
vt 0.719238 0.600098
vt 0.706543 0.523926
vt 0.721191 0.527832
vt 0.716797 0.472900
vt 0.730957 0.477051
vt 0.740234 0.423340
vt 0.752930 0.428467
vt 0.791504 0.397949
vt 0.783691 0.386475
vt 0.791504 0.391846
vt 0.300537 0.933105
vt 0.300537 0.841309
vt 0.335938 0.841309
vt 0.335938 0.933105
vt 0.371338 0.841309
vt 0.371338 0.933105
vt 0.406738 0.933105
vt 0.406738 0.841309
vt 0.442139 0.841309
vt 0.442139 0.933105
vt 0.477539 0.841309
vt 0.477539 0.933105
vt 0.512695 0.933105
vt 0.512695 0.841309
vt 0.548340 0.933105
vt 0.548340 0.841309
vt 0.583496 0.933105
vt 0.583496 0.841309
vt 0.619141 0.841309
vt 0.619141 0.933105
vt 0.654297 0.933105
vt 0.654297 0.841309
vt 0.689941 0.933105
vt 0.689941 0.841309
vt 0.725098 0.841309
vt 0.725098 0.933105
vt 0.542480 0.357422
vt 0.531738 0.367920
vt 0.526855 0.389893
vt 0.541992 0.446289
vt 0.503418 0.460205
vt 0.491943 0.481445
vt 0.572754 0.457764
vt 0.335693 0.827637
vt 0.333496 0.806641
vt 0.348877 0.805176
vt 0.485352 0.689453
vt 0.496826 0.689453
vt 0.508301 0.689453
vt 0.519531 0.689453
vt 0.531250 0.689453
vt 0.542969 0.689453
vt 0.554199 0.689453
vt 0.565918 0.689453
vt 0.577637 0.689453
vt 0.588867 0.689453
vt 0.600586 0.689453
vt 0.611816 0.689453
vt 0.623535 0.689453
vt 0.495361 0.671875
vt 0.495361 0.645020
vt 0.504883 0.645020
vt 0.504883 0.671875
vt 0.515137 0.645020
vt 0.515137 0.671875
vt 0.524902 0.645020
vt 0.524902 0.671875
vt 0.534668 0.671875
vt 0.534668 0.645020
vt 0.544434 0.671875
vt 0.544434 0.645020
vt 0.554199 0.645020
vt 0.554199 0.671875
vt 0.564453 0.671875
vt 0.564453 0.645020
vt 0.574219 0.671875
vt 0.574219 0.645020
vt 0.583984 0.671875
vt 0.583984 0.645020
vt 0.593750 0.645020
vt 0.593750 0.671875
vt 0.603516 0.645020
vt 0.603516 0.671875
vt 0.613281 0.671875
vt 0.613281 0.645020
vt 0.494141 0.638184
vt 0.494141 0.617188
vt 0.503906 0.617188
vt 0.503906 0.638184
vt 0.513672 0.617188
vt 0.513672 0.638184
vt 0.523438 0.617188
vt 0.523438 0.638184
vt 0.533691 0.638184
vt 0.533691 0.617188
vt 0.543457 0.638184
vt 0.543457 0.617188
vt 0.553223 0.617188
vt 0.553223 0.638184
vt 0.562988 0.638184
vt 0.562988 0.617188
vt 0.572754 0.638184
vt 0.572754 0.617188
vt 0.583008 0.638184
vt 0.583008 0.617188
vt 0.592773 0.617188
vt 0.592773 0.638184
vt 0.602539 0.617188
vt 0.602539 0.638184
vt 0.612305 0.638184
vt 0.612305 0.617188
vt 0.477783 0.295654
vt 0.724121 0.257324
vt 0.762695 0.257324
vt 0.724121 0.236694
vt 0.762695 0.236694
vt 0.724121 0.216187
vt 0.762695 0.216187
vt 0.762695 0.195557
vt 0.724121 0.195557
vt 0.724121 0.175049
vt 0.762695 0.175049
vt 0.724121 0.154419
vt 0.762695 0.154419
vt 0.762695 0.133911
vt 0.724121 0.133911
vt 0.762695 0.113342
vt 0.724121 0.113342
vt 0.762695 0.092773
vt 0.724121 0.092773
vt 0.724121 0.072266
vt 0.762695 0.072266
vt 0.762695 0.051697
vt 0.724121 0.051697
vt 0.762695 0.031128
vt 0.724121 0.031128
vt 0.724121 0.010574
vt 0.762695 0.010574
vt 0.141724 0.604980
vt 0.122986 0.604980
vt 0.141724 0.664551
vt 0.141724 0.673340
vt 0.141724 0.726562
vt 0.141724 0.735352
vt 0.123474 0.806152
vt 0.141724 0.806152
vt 0.141724 0.848145
vt 0.141724 0.887695
vt 0.951660 0.141113
vt 0.928711 0.130249
vt 0.927734 0.062408
vt 0.951660 0.048615
vt 0.335938 0.978516
vt 0.300537 0.978516
vt 0.371338 0.978516
vt 0.406738 0.978516
vt 0.442139 0.978516
vt 0.477539 0.978516
vt 0.512695 0.978516
vt 0.548340 0.978516
vt 0.583496 0.978516
vt 0.619141 0.978516
vt 0.654297 0.978516
vt 0.689941 0.978516
vt 0.725098 0.978516
vt 0.605469 0.342773
vt 0.627930 0.349854
vt 0.586914 0.345703
vt 0.446533 0.356201
vt 0.413574 0.563477
vt 0.446045 0.546875
vt 0.413574 0.546387
vt 0.446045 0.563477
vt 0.478271 0.546875
vt 0.478271 0.563477
vt 0.394043 0.499756
vt 0.446289 0.500000
vt 0.498535 0.500000
vt 0.446533 0.351074
vt 0.141357 0.331543
vt 0.181763 0.313965
vt 0.145752 0.308350
vt 0.181030 0.366455
vt 0.009453 0.430420
vt 0.009590 0.484131
vt 0.181396 0.431152
vt 0.180786 0.485107
vt 0.611816 0.681152
vt 0.623535 0.681152
vt 0.600586 0.681152
vt 0.588867 0.681152
vt 0.577637 0.681152
vt 0.565918 0.681152
vt 0.554199 0.681152
vt 0.542969 0.681152
vt 0.531250 0.681152
vt 0.519531 0.681152
vt 0.508301 0.681152
vt 0.496826 0.681152
vt 0.485352 0.681152
vt 0.348145 0.264160
vt 0.367676 0.239136
vt 0.363525 0.153687
vt 0.398438 0.190186
vt 0.362061 0.083557
vt 0.397705 0.140503
vt 0.361328 0.027496
vt 0.339355 0.033691
vt 0.397705 0.063171
vt 0.397461 0.096924
vt 0.409668 0.063110
vt 0.396729 0.010918
vt 0.408203 0.006401
vt 0.409180 0.096252
vt 0.431396 0.063049
vt 0.431396 0.004639
vt 0.454590 0.006496
vt 0.409424 0.139771
vt 0.431152 0.096008
vt 0.453125 0.063232
vt 0.466064 0.011055
vt 0.464844 0.063293
vt 0.453369 0.096313
vt 0.431152 0.139648
vt 0.409912 0.188843
vt 0.410400 0.246704
vt 0.398682 0.249268
vt 0.431152 0.188477
vt 0.410645 0.279297
vt 0.398926 0.281006
vt 0.430908 0.247437
vt 0.397949 0.305176
vt 0.430908 0.280273
vt 0.430908 0.292969
vt 0.451172 0.279541
vt 0.462891 0.281250
vt 0.463623 0.305176
vt 0.463135 0.249390
vt 0.451660 0.246826
vt 0.463867 0.190308
vt 0.452148 0.188965
vt 0.452881 0.139893
vt 0.464600 0.140625
vt 0.498779 0.153931
vt 0.494385 0.239380
vt 0.464844 0.097046
vt 0.500488 0.083801
vt 0.501465 0.027786
vt 0.513672 0.264648
vt 0.523438 0.034058
vt 0.049713 0.640625
vt 0.040619 0.640625
vt 0.010406 0.640625
vt 0.069275 0.716797
vt 0.063538 0.729492
vt 0.063965 0.820801
vt 0.075256 0.858398
vt 0.085938 0.894043
vt 0.037292 0.862305
vt 0.045410 0.862793
vt 0.034180 0.897949
vt 0.041351 0.898926
vt 0.927734 0.574707
vt 0.736816 0.278809
vt 0.718262 0.272949
vt 0.741211 0.282471
vt 0.745117 0.383057
vt 0.978516 0.223022
vt 0.966309 0.373535
vt 0.979004 0.373047
vt 0.966797 0.219849
vt 0.980957 0.217041
vt 0.970215 0.213013
vt 0.989258 0.201416
vt 0.989258 0.212158
vt 0.958984 0.496582
vt 0.972168 0.569824
vt 0.972168 0.494873
vt 0.959473 0.571777
vt 0.971680 0.453613
vt 0.958496 0.454102
vt 0.971680 0.411621
vt 0.959473 0.412109
vt 0.990234 0.494385
vt 0.990234 0.453857
vt 0.990234 0.411377
vt 0.989746 0.373047
vt 0.990723 0.569824
vt 0.990723 0.645996
vt 0.990723 0.674805
vt 0.991699 0.904785
vt 0.932617 0.805664
vt 0.928223 0.816406
vt 0.932617 0.816406
vt 0.928223 0.805664
vt 0.932617 0.794922
vt 0.928223 0.794922
vt 0.928223 0.784180
vt 0.932617 0.784180
vt 0.932617 0.773438
vt 0.928223 0.773438
vt 0.932617 0.719727
vt 0.928223 0.719727
vt 0.932617 0.663086
vt 0.928223 0.663086
vt 0.928223 0.652344
vt 0.932617 0.652344
vt 0.932617 0.641602
vt 0.928223 0.641602
vt 0.917969 0.643066
vt 0.922363 0.653809
vt 0.922363 0.643066
vt 0.917969 0.653809
vt 0.922363 0.664551
vt 0.917969 0.664551
vt 0.917969 0.675293
vt 0.922363 0.675293
vt 0.922363 0.686035
vt 0.917969 0.686035
vt 0.922363 0.742188
vt 0.917969 0.742188
vt 0.922363 0.795898
vt 0.917969 0.795898
vt 0.917969 0.806641
vt 0.922363 0.806641
vt 0.922363 0.817383
vt 0.917969 0.817383
vt 0.849609 0.247803
vt 0.818359 0.233521
vt 0.849609 0.258789
vt 0.821289 0.229248
vt 0.807617 0.176025
vt 0.811523 0.171753
vt 0.788086 0.125244
vt 0.782227 0.137329
vt 0.849609 0.171753
vt 0.849609 0.126221
vt 0.849609 0.068665
vt 0.792969 0.066895
vt 0.821777 0.031372
vt 0.849609 0.026749
vt 0.884277 0.026779
vt 0.915039 0.064880
vt 0.918945 0.054291
vt 0.889648 0.021500
vt 0.854492 0.021805
vt 0.854492 0.013733
vt 0.887695 0.242920
vt 0.854492 0.259277
vt 0.854492 0.270020
vt 0.884766 0.239258
vt 0.899414 0.181030
vt 0.895020 0.177612
vt 0.926758 0.139526
vt 0.919922 0.127563
vt 0.976562 0.062622
vt 0.975098 0.130493
vt 0.864258 0.222290
vt 0.854492 0.140503
vt 0.854492 0.226929
vt 0.868652 0.138428
vt 0.854492 0.110596
vt 0.889160 0.108643
vt 0.854492 0.072693
vt 0.888672 0.074829
vt 0.869629 0.051422
vt 0.854492 0.048920
vt 0.854492 0.234009
vt 0.873047 0.226685
vt 0.877441 0.141235
vt 0.895020 0.111389
vt 0.894531 0.073120
vt 0.872559 0.046234
vt 0.854492 0.043182
vt 0.932617 0.176147
vt 0.950684 0.171265
vt 0.950684 0.162598
vt 0.928223 0.168701
vt 0.919434 0.189453
vt 0.912109 0.185181
vt 0.914551 0.207520
vt 0.906250 0.207520
vt 0.919922 0.225586
vt 0.912109 0.229858
vt 0.928711 0.246216
vt 0.933105 0.238770
vt 0.951172 0.251953
vt 0.951172 0.243530
vt 0.951172 0.239258
vt 0.935059 0.234985
vt 0.923340 0.223389
vt 0.918945 0.207520
vt 0.923340 0.191528
vt 0.935059 0.179810
vt 0.950684 0.175537
vt 0.938965 0.228027
vt 0.951172 0.231201
vt 0.930176 0.219360
vt 0.927246 0.207397
vt 0.930176 0.195557
vt 0.938965 0.186768
vt 0.950684 0.183472
vt 0.950684 0.187622
vt 0.940918 0.190308
vt 0.933594 0.197510
vt 0.931152 0.207397
vt 0.934082 0.217285
vt 0.940918 0.224487
vt 0.951172 0.227051
vt 0.389404 0.459961
vt 0.400635 0.481445
vt 0.680176 0.335693
vt 0.410156 0.568848
vt 0.446045 0.568848
vt 0.481689 0.568848
vt 0.095215 0.473145
vt 0.095154 0.483398
vt 0.430908 0.298584
vt 0.202515 0.641113
vt 0.228882 0.650391
vt 0.228882 0.637207
vt 0.186646 0.651855
vt 0.186523 0.699707
vt 0.244141 0.662598
vt 0.244141 0.710449
vt 0.201172 0.711426
vt 0.238525 0.723145
vt 0.200439 0.738770
vt 0.186523 0.759766
vt 0.186523 0.864258
vt 0.941406 0.806641
vt 0.937012 0.817383
vt 0.941406 0.817383
vt 0.937012 0.806641
vt 0.937012 0.795898
vt 0.941406 0.795898
vt 0.941406 0.742188
vt 0.937012 0.742188
vt 0.941406 0.686035
vt 0.937012 0.686035
vt 0.941406 0.675293
vt 0.937012 0.675293
vt 0.937012 0.664551
vt 0.941406 0.664551
vt 0.941406 0.653809
vt 0.937012 0.653809
vt 0.937012 0.643066
vt 0.941406 0.643066
vt 0.952148 0.805664
vt 0.947754 0.816406
vt 0.952148 0.816406
vt 0.947754 0.805664
vt 0.947754 0.794922
vt 0.952148 0.794922
vt 0.952148 0.784180
vt 0.947754 0.784180
vt 0.947754 0.773438
vt 0.952148 0.773438
vt 0.947754 0.719727
vt 0.952148 0.719727
vt 0.947754 0.663086
vt 0.952148 0.663086
vt 0.952148 0.652344
vt 0.947754 0.652344
vt 0.947754 0.641602
vt 0.952148 0.641602
vt 0.789551 0.057922
vt 0.816406 0.027420
vt 0.849609 0.020172
vt 0.964844 0.014305
vt 0.958984 0.022995
vt 0.964844 0.022995
vt 0.958984 0.014305
vt 0.952637 0.014305
vt 0.952637 0.022995
vt 0.946777 0.022995
vt 0.946777 0.014305
vt 0.940430 0.014305
vt 0.940430 0.022995
vt 0.934082 0.022995
vt 0.934082 0.014305
vt 0.928223 0.014305
vt 0.928223 0.022995
vt 0.921875 0.022995
vt 0.921875 0.014305
vt 0.916016 0.014305
vt 0.916016 0.022995
vt 0.920410 0.040314
vt 0.914551 0.031616
vt 0.914551 0.040314
vt 0.920410 0.031616
vt 0.926758 0.031616
vt 0.926758 0.040314
vt 0.933105 0.040314
vt 0.933105 0.031616
vt 0.938965 0.031616
vt 0.938965 0.040314
vt 0.945312 0.040314
vt 0.945312 0.031616
vt 0.951172 0.031616
vt 0.951172 0.040314
vt 0.957520 0.040314
vt 0.957520 0.031616
vt 0.963867 0.031616
vt 0.963867 0.040314
vt 0.423340 0.735840
vt 0.390137 0.768555
vt 0.409668 0.784180
vt 0.388428 0.731445
vt 0.417236 0.704590
vt 0.366699 0.757812
vt 0.386230 0.704590
vt 0.365234 0.729980
vt 0.349609 0.727051
vt 0.349609 0.751465
vt 0.385254 0.674316
vt 0.422363 0.660156
vt 0.363770 0.705078
vt 0.381104 0.647461
vt 0.420166 0.640137
vt 0.372559 0.615723
vt 0.404297 0.603516
vt 0.358154 0.618652
vt 0.362061 0.649902
vt 0.363770 0.677734
vt 0.350098 0.650391
vt 0.350098 0.618652
vt 0.349854 0.679199
vt 0.349854 0.706543
vt 0.335938 0.705078
vt 0.335938 0.677246
vt 0.337891 0.649902
vt 0.342041 0.618652
vt 0.333984 0.729980
vt 0.332275 0.757324
vt 0.313232 0.704102
vt 0.311035 0.730957
vt 0.308838 0.768066
vt 0.275879 0.735352
vt 0.289062 0.783203
vt 0.282471 0.703613
vt 0.314697 0.673828
vt 0.277832 0.659180
vt 0.318848 0.647461
vt 0.280029 0.639648
vt 0.327881 0.615723
vt 0.296387 0.602539
vt 0.095703 0.363281
vt 0.095459 0.426758
vt 0.095886 0.334229
vt 0.119812 0.312988
vt 0.095947 0.312744
vt 0.072205 0.312744
vt 0.094971 0.524902
vt 0.951172 0.207397
vt 0.418945 0.592285
vt 0.472656 0.592285
vt 0.445801 0.592285
vt 0.432373 0.614258
vt 0.459229 0.614258
vt 0.445801 0.614258
vt 0.445801 0.625977
vt 0.398682 0.504883
vt 0.493652 0.505371
vt 0.446289 0.505371
vt 0.309570 0.161621
vt 0.323975 0.141235
vt 0.317871 0.138062
vt 0.309082 0.134521
vt 0.302002 0.148193
vt 0.304932 0.160278
vt 0.291748 0.156494
vt 0.295654 0.145752
vt 0.459229 0.674316
vt 0.456543 0.680176
vt 0.448730 0.678711
vt 0.462891 0.685059
vt 0.448242 0.672852
vt 0.467773 0.681641
vt 0.441406 0.681641
vt 0.465576 0.692383
vt 0.437500 0.676270
vt 0.471924 0.691895
vt 0.436279 0.687988
vt 0.464355 0.700684
vt 0.430420 0.685059
vt 0.469971 0.703125
vt 0.434814 0.695801
vt 0.462891 0.711426
vt 0.428711 0.696289
vt 0.459229 0.706543
vt 0.432617 0.707031
vt 0.452637 0.715820
vt 0.437744 0.703125
vt 0.451904 0.709473
vt 0.441406 0.713867
vt 0.443848 0.708008
vt 0.684570 0.095825
vt 0.700195 0.076050
vt 0.704102 0.051025
vt 0.661133 0.105225
vt 0.694824 0.027542
vt 0.675293 0.011658
vt 0.635742 0.101379
vt 0.650391 0.007751
vt 0.616211 0.085632
vt 0.606445 0.061890
vt 0.626465 0.016968
vt 0.610840 0.036743
vt 0.669434 0.075623
vt 0.677246 0.066040
vt 0.658203 0.079895
vt 0.645996 0.078308
vt 0.679199 0.053925
vt 0.674805 0.042389
vt 0.636719 0.070435
vt 0.665039 0.034821
vt 0.631836 0.059143
vt 0.633789 0.046967
vt 0.652832 0.033112
vt 0.641602 0.037445
vt 0.888672 0.972168
vt 0.893066 0.982422
vt 0.903320 0.972168
vt 0.903320 0.986816
vt 0.914062 0.982422
vt 0.918457 0.972168
vt 0.893066 0.961426
vt 0.914062 0.961426
vt 0.903320 0.957031
vt 0.893066 0.908691
vt 0.914062 0.908691
vt 0.903320 0.908691
vt 0.903320 0.857422
vt 0.893066 0.853027
vt 0.914062 0.853027
vt 0.903320 0.842285
vt 0.888672 0.842285
vt 0.918457 0.842285
vt 0.893066 0.831543
vt 0.914062 0.831543
vt 0.903320 0.827148
vt 0.952148 0.983398
vt 0.956543 0.972656
vt 0.941406 0.972656
vt 0.941406 0.987793
vt 0.930664 0.983398
vt 0.926758 0.972656
vt 0.952148 0.961914
vt 0.930664 0.961914
vt 0.941406 0.957520
vt 0.952148 0.909180
vt 0.931152 0.909180
vt 0.941406 0.909180
vt 0.941406 0.857910
vt 0.952148 0.853516
vt 0.930664 0.853516
vt 0.941406 0.842773
vt 0.956543 0.842773
vt 0.926758 0.842773
vt 0.952148 0.832520
vt 0.930664 0.832520
vt 0.941406 0.828125
vt 0.611816 0.726562
vt 0.601562 0.730957
vt 0.611816 0.741211
vt 0.597168 0.741211
vt 0.601562 0.751953
vt 0.611816 0.756348
vt 0.622559 0.730957
vt 0.622559 0.751953
vt 0.626953 0.741211
vt 0.675781 0.730957
vt 0.675781 0.751953
vt 0.675781 0.741211
vt 0.727051 0.741211
vt 0.730957 0.730957
vt 0.730957 0.751953
vt 0.741699 0.741211
vt 0.741699 0.726562
vt 0.741699 0.756348
vt 0.752441 0.730957
vt 0.752441 0.751953
vt 0.756836 0.741211
vt 0.600586 0.790039
vt 0.611328 0.794434
vt 0.611328 0.779297
vt 0.596680 0.779297
vt 0.600586 0.769043
vt 0.611328 0.764648
vt 0.622070 0.790039
vt 0.622070 0.769043
vt 0.626465 0.779297
vt 0.674805 0.790039
vt 0.674805 0.769043
vt 0.674805 0.779297
vt 0.726074 0.779297
vt 0.730469 0.790039
vt 0.730469 0.769043
vt 0.741211 0.779297
vt 0.741211 0.794434
vt 0.741211 0.764648
vt 0.751465 0.790039
vt 0.751465 0.769043
vt 0.755859 0.779297
vt 0.988281 0.040802
vt 0.982910 0.035522
vt 0.982910 0.042999
vt 0.990723 0.035522
vt 0.978027 0.040802
vt 0.988281 0.030273
vt 0.975586 0.035522
vt 0.982910 0.028091
vt 0.978027 0.030273
vt 0.976074 0.019440
vt 0.981445 0.021622
vt 0.981445 0.014175
vt 0.974121 0.014175
vt 0.986816 0.019440
vt 0.976074 0.008896
vt 0.988770 0.014175
vt 0.981445 0.006718
vt 0.986816 0.008896
vt 0.935059 0.349609
vt 0.952148 0.332520
vt 0.912109 0.311035
vt 0.912109 0.355957
vt 0.958496 0.309326
vt 0.888672 0.349609
vt 0.952148 0.285889
vt 0.871582 0.332520
vt 0.935059 0.269043
vt 0.865234 0.309326
vt 0.912109 0.262695
vt 0.871582 0.285889
vt 0.888672 0.269043
vt 0.450195 0.694336
vt 0.655273 0.056488
s 1
usemtl WeaponRack.001
f 1/1/1 2/2/1 3/3/1
f 4/2/2 5/1/2 6/4/2
f 7/5/3 8/6/3 9/7/3
f 10/6/4 11/5/4 12/8/4
f 13/9/5 14/7/5 15/10/5
f 16/7/6 17/9/6 18/5/6
f 19/11/7 20/9/7 21/12/7
f 22/10/8 23/12/8 24/9/8
f 25/13/9 26/1/9 27/14/9
f 28/15/10 29/16/10 30/17/10
f 31/18/11 32/19/11 33/20/11
f 34/2/12 35/20/12 36/19/12
f 37/19/13 38/3/13 39/2/13
f 40/21/10 41/22/10 42/23/10
f 43/24/14 44/23/14 45/22/14
f 46/25/15 47/8/15 48/26/15
f 49/8/16 50/25/16 51/6/16
f 52/27/17 53/18/17 54/20/17
f 55/27/18 56/20/18 57/28/18
f 58/20/19 59/24/19 60/28/19
f 61/28/20 62/24/20 63/29/20
f 64/29/21 65/30/21 66/31/21
f 67/30/22 68/29/22 69/24/22
f 70/1/23 71/32/23 72/4/23
f 73/1/24 74/13/24 75/32/24
f 76/32/25 77/33/25 78/4/25
f 79/34/26 80/33/26 81/35/26
f 82/32/27 83/35/27 84/33/27
f 85/13/28 86/36/28 87/37/28
f 88/37/29 89/32/29 90/13/29
f 91/32/30 92/37/30 93/35/30
f 94/14/31 95/38/31 96/13/31
f 97/13/32 98/38/32 99/36/32
f 100/39/33 101/40/33 102/41/33
f 103/40/34 104/39/34 105/42/34
f 106/43/35 107/44/35 108/45/35
f 109/44/36 110/43/36 111/46/36
f 112/45/37 113/47/37 114/48/37
f 115/47/38 116/45/38 117/44/38
f 118/47/39 119/49/39 120/48/39
f 121/49/40 122/47/40 123/50/40
f 124/51/41 125/52/41 126/40/41
f 127/53/42 128/54/42 129/55/42
f 130/56/43 131/57/43 132/58/43
f 133/57/44 134/56/44 135/59/44
f 136/39/45 137/53/45 138/55/45
f 139/53/46 140/39/46 141/41/46
f 142/60/47 143/46/47 144/43/47
f 145/46/48 146/60/48 147/61/48
f 148/62/49 149/63/49 150/64/49
f 151/65/50 152/64/50 153/63/50
f 154/66/51 155/67/51 156/59/51
f 157/67/52 158/66/52 159/68/52
f 160/40/53 161/42/53 162/69/53
f 163/40/54 164/69/54 165/51/54
f 166/69/55 167/42/55 168/70/55
f 169/71/56 170/69/56 171/70/56
f 172/71/57 173/70/57 174/72/57
f 175/69/58 176/73/58 177/51/58
f 178/73/59 179/69/59 180/71/59
f 181/51/60 182/73/60 183/74/60
f 184/75/61 185/52/61 186/51/61
f 187/75/62 188/51/62 189/74/62
f 190/76/63 191/77/63 192/78/63
f 193/77/64 194/79/64 195/78/64
f 196/80/65 197/81/65 198/82/65
f 199/81/66 200/80/66 201/83/66
f 202/84/67 203/85/67 204/86/67
f 205/85/68 206/84/68 207/87/68
f 208/88/69 209/87/69 210/89/69
f 211/90/70 212/91/70 213/82/70
f 214/92/71 215/93/71 216/94/71
f 217/95/72 218/96/72 219/97/72
f 220/96/73 221/95/73 222/98/73
f 223/99/74 224/100/74 225/95/74
f 226/100/75 227/99/75 228/101/75
f 229/102/76 230/103/76 231/104/76
f 232/103/77 233/102/77 234/105/77
f 235/106/78 236/104/78 237/107/78
f 238/104/79 239/106/79 240/108/79
f 241/83/80 242/101/80 243/81/80
f 244/101/81 245/83/81 246/109/81
f 247/85/69 248/105/69 249/86/69
f 250/110/82 251/86/82 252/105/82
f 253/111/83 254/112/83 255/113/83
f 256/114/84 257/115/84 258/116/84
f 259/79/85 260/117/85 261/78/85
f 262/78/86 263/118/86 264/119/86
f 265/118/87 266/78/87 267/117/87
f 268/54/88 269/53/88 270/120/88
f 271/121/89 272/122/89 273/123/89
f 274/123/89 275/124/89 276/121/89
f 277/125/90 278/126/90 279/127/90
f 280/126/91 281/125/91 282/128/91
f 283/129/92 284/123/92 285/122/92
f 286/123/93 287/129/93 288/130/93
f 289/131/89 290/132/89 291/133/89
f 292/132/89 293/131/89 294/134/89
f 295/135/94 296/136/94 297/137/94
f 298/136/95 299/135/95 300/138/95
f 301/139/96 302/132/96 303/140/96
f 304/132/92 305/139/92 306/133/92
f 307/141/97 308/139/97 309/140/97
f 310/140/98 311/142/98 312/141/98
f 313/125/99 314/130/99 315/129/99
f 316/130/100 317/125/100 318/127/100
f 319/126/101 320/141/101 321/142/101
f 322/141/102 323/126/102 324/128/102
f 325/143/95 326/144/95 327/145/95
f 328/145/95 329/146/95 330/143/95
f 331/147/103 332/148/103 333/149/103
f 334/150/104 335/148/104 336/147/104
f 337/151/105 338/152/105 339/153/105
f 340/152/106 341/151/106 342/154/106
f 343/155/107 344/156/107 345/157/107
f 346/156/108 347/155/108 348/158/108
f 349/159/109 350/160/109 351/161/109
f 352/160/110 353/159/110 354/162/110
f 355/163/111 356/164/111 357/165/111
f 358/166/112 359/165/112 360/164/112
f 361/167/113 362/164/113 363/168/113
f 364/164/114 365/167/114 366/166/114
f 367/169/115 368/170/115 369/171/115
f 370/170/116 371/169/116 372/172/116
f 373/173/117 374/174/117 375/175/117
f 376/174/117 377/173/117 378/176/117
f 379/172/118 380/173/118 381/170/118
f 382/170/119 383/173/119 384/177/119
f 385/178/120 386/179/120 387/180/120
f 388/179/121 389/178/121 390/181/121
f 391/182/122 392/183/122 393/184/122
f 394/184/123 395/185/123 396/182/123
f 397/182/124 398/186/124 399/187/124
f 400/186/125 401/182/125 402/185/125
f 403/188/126 404/189/126 405/190/126
f 406/189/127 407/188/127 408/191/127
f 409/192/128 410/190/128 411/189/128
f 412/189/129 413/193/129 414/192/129
f 415/194/130 416/195/130 417/196/130
f 418/195/129 419/194/129 420/197/129
f 421/198/131 422/199/131 423/200/131
f 424/199/132 425/198/132 426/201/132
f 427/199/133 428/202/133 429/203/133
f 430/203/134 431/204/134 432/199/134
f 433/205/135 434/206/135 435/207/135
f 436/207/135 437/208/135 438/205/135
f 439/209/136 440/210/136 441/206/136
f 442/206/137 443/205/137 444/209/137
f 445/198/138 446/199/138 447/201/138
f 448/199/139 449/198/139 450/200/139
f 451/199/140 452/203/140 453/202/140
f 454/204/141 455/203/141 456/199/141
f 457/206/142 458/208/142 459/207/142
f 460/208/143 461/206/143 462/205/143
f 463/209/144 464/206/144 465/210/144
f 466/206/145 467/209/145 468/205/145
f 469/211/146 470/212/146 471/213/146
f 472/212/85 473/211/85 474/214/85
f 475/211/86 476/215/86 477/214/86
f 478/215/147 479/211/86 480/216/86
f 481/217/86 478/215/147 480/216/86
f 482/216/86 483/218/86 484/217/86
f 485/218/148 486/219/148 487/220/148
f 488/218/148 489/220/148 490/217/148
f 491/221/148 492/220/148 493/219/148
f 494/220/148 495/221/148 496/222/148
f 497/223/149 498/222/149 499/221/149
f 500/222/60 501/223/60 502/224/60
f 503/224/149 504/225/149 505/226/149
f 506/225/60 507/224/60 508/223/60
f 509/225/150 510/227/151 511/228/150
f 512/225/151 513/228/151 514/226/151
f 515/229/152 516/227/152 517/230/152
f 518/227/152 519/229/152 520/228/152
f 521/231/87 522/229/87 523/230/87
f 524/229/87 525/231/87 526/232/87
f 527/232/87 528/233/87 529/234/87
f 530/233/87 531/232/87 532/231/87
f 533/211/28 534/212/28 535/214/28
f 536/212/28 537/211/28 538/213/28
f 539/211/153 540/215/153 541/216/153
f 542/215/154 543/211/154 544/214/153
f 545/217/155 546/216/155 547/215/155
f 548/216/155 549/217/155 550/218/155
f 551/217/156 552/219/156 553/218/156
f 554/219/156 555/217/156 556/220/156
s 0
f 557/221/157 558/220/157 559/222/157
f 560/220/157 561/221/157 562/219/157
s 1
f 563/224/158 564/225/158 565/223/158
f 566/225/158 567/224/158 568/226/158
f 569/226/159 570/228/159 571/225/159
f 572/227/159 573/225/159 574/228/159
f 575/230/159 576/227/159 577/229/159
f 578/229/159 579/227/159 580/228/159
f 581/230/28 582/232/28 583/231/28
f 584/232/28 585/230/28 586/229/28
f 587/232/28 588/233/28 589/231/28
f 590/233/28 591/232/28 592/234/28
f 593/234/28 594/213/28 595/233/28
f 596/213/28 597/234/28 598/212/28
f 599/235/160 600/236/160 601/237/160
f 602/236/161 603/235/161 604/238/161
f 605/239/162 606/240/162 607/241/162
f 608/242/163 609/243/163 610/244/163
f 611/243/164 612/242/164 613/245/164
f 614/235/165 615/236/165 616/238/165
f 617/236/166 618/235/166 619/237/166
f 620/239/167 621/241/167 622/240/167
f 623/242/168 624/243/168 625/245/168
f 626/243/169 627/242/169 628/244/169
f 629/246/170 630/247/170 631/248/170
f 632/248/171 633/249/171 634/246/171
f 635/250/172 636/251/172 637/252/172
f 638/253/173 639/251/173 640/250/173
f 641/250/174 642/254/174 643/255/174
f 644/254/175 645/250/175 646/252/175
f 647/246/176 648/248/176 649/247/176
f 650/248/177 651/246/177 652/249/177
f 653/252/178 654/253/178 655/250/178
f 656/253/179 657/252/179 658/251/179
f 659/254/180 660/250/180 661/255/180
f 662/250/181 663/254/181 664/252/181
f 665/256/182 666/257/182 667/258/182
f 668/259/183 669/260/183 670/261/183
f 671/258/184 672/262/184 673/256/184
f 674/263/185 675/262/185 676/258/185
f 677/258/186 678/264/186 679/263/186
f 680/264/187 681/258/187 682/257/187
f 683/265/188 684/266/188 685/267/188
f 686/268/188 687/269/188 688/270/188
f 689/271/189 690/272/190 691/273/190
f 692/272/191 693/271/191 694/274/191
f 695/256/192 696/258/192 697/257/192
f 698/259/193 699/261/193 700/260/193
f 701/258/194 702/256/194 703/262/194
f 704/262/195 705/263/195 706/258/195
f 707/257/196 708/258/196 709/263/196
f 710/263/197 711/264/197 712/257/197
f 713/265/198 714/267/198 715/266/198
f 716/268/198 717/270/198 718/269/198
f 719/273/199 720/274/199 721/271/199
f 722/274/200 723/273/200 724/272/200
f 725/275/201 726/276/201 727/277/201
f 728/277/202 729/278/202 730/275/202
f 731/279/203 732/280/203 733/276/203
f 734/276/204 735/275/204 736/279/204
f 737/281/173 738/282/173 739/283/173
f 740/284/205 741/282/205 742/281/205
f 743/281/206 744/285/206 745/286/206
f 746/285/207 747/281/207 748/283/207
f 749/276/208 750/278/208 751/277/208
f 752/278/209 753/276/209 754/275/209
f 755/279/210 756/276/210 757/280/210
f 758/276/211 759/279/211 760/275/211
f 761/283/212 762/284/212 763/281/212
s 0
f 764/284/213 765/283/213 766/282/213
s 1
f 767/285/214 768/281/214 769/286/214
f 770/281/215 771/285/215 772/283/216
f 773/287/217 774/288/217 775/289/217
f 776/288/218 777/287/218 778/290/218
f 779/290/219 780/291/219 781/292/219
f 782/291/219 783/290/219 784/287/219
f 785/293/220 786/292/220 787/291/220
f 788/291/221 789/294/221 790/293/221
f 791/295/222 792/293/222 793/294/222
f 794/293/223 795/295/223 796/296/223
f 797/297/224 798/295/224 799/298/224
f 800/295/224 801/297/224 802/296/224
f 803/288/225 804/298/225 805/289/225
f 806/298/225 807/288/225 808/297/225
f 809/287/226 810/288/226 811/290/226
f 812/288/226 813/287/226 814/289/226
f 815/290/227 816/291/227 817/287/227
f 818/291/227 819/290/227 820/292/227
f 821/293/228 822/291/228 823/292/228
f 824/294/229 825/291/229 826/293/229
f 827/293/230 828/295/230 829/294/230
f 830/295/231 831/293/231 832/296/231
f 833/298/232 834/295/232 835/297/232
f 836/295/232 837/296/232 838/297/232
f 839/289/233 840/298/233 841/288/233
f 842/298/234 843/297/234 844/288/234
f 845/2/235 846/1/235 847/3/235
f 848/1/236 849/2/236 850/4/236
f 851/5/237 852/6/237 853/8/237
f 854/6/238 855/5/238 856/7/238
f 857/9/239 858/7/239 859/5/239
f 860/7/240 861/9/240 862/10/240
f 863/9/241 864/11/241 865/12/241
f 866/12/242 867/10/242 868/9/242
f 869/13/243 870/14/243 871/1/243
f 872/16/244 873/15/244 874/17/244
f 875/20/245 876/19/245 877/18/245
f 878/20/246 879/2/246 880/19/246
f 881/19/247 882/2/247 883/3/247
f 884/22/248 885/21/248 886/23/248
f 887/23/249 888/24/249 889/22/249
f 890/6/250 891/25/250 892/8/250
f 893/26/251 894/8/251 895/25/251
f 896/28/252 897/20/252 898/27/252
f 899/18/253 900/27/253 901/20/253
f 902/24/254 903/20/254 904/28/254
f 905/28/255 906/29/255 907/24/255
f 908/29/256 909/30/256 910/24/256
f 911/30/257 912/29/257 913/31/257
f 914/1/258 915/4/258 916/32/258
f 917/1/259 918/32/259 919/13/259
f 920/32/260 921/4/260 922/33/260
f 923/35/261 924/32/261 925/33/261
f 926/35/262 927/33/262 928/34/263
f 929/32/264 930/37/264 931/13/264
f 932/37/265 933/32/265 934/35/265
f 935/13/266 936/37/266 937/36/266
f 938/38/267 939/14/267 940/13/267
f 941/38/268 942/13/268 943/36/268
f 944/40/269 945/39/269 946/41/269
f 947/39/270 948/40/270 949/42/270
f 950/44/271 951/43/271 952/45/271
f 953/43/272 954/44/272 955/46/272
f 956/45/273 957/47/273 958/44/273
f 959/47/274 960/45/274 961/48/274
f 962/50/275 963/47/275 964/49/275
f 965/48/276 966/49/276 967/47/276
f 968/51/277 969/40/277 970/52/277
f 971/53/278 972/55/278 973/54/278
f 974/56/279 975/57/279 976/59/279
f 977/57/280 978/56/280 979/58/280
f 980/39/281 981/55/281 982/53/281
f 983/53/282 984/41/282 985/39/282
f 986/60/283 987/43/283 988/46/283
s 0
f 989/46/284 990/61/284 991/60/284
s 1
f 992/64/285 993/65/285 994/63/285
f 995/64/286 996/63/286 997/62/286
f 998/67/287 999/66/287 1000/59/287
f 1001/66/288 1002/67/288 1003/68/288
f 1004/40/289 1005/69/289 1006/42/289
f 1007/40/290 1008/51/290 1009/69/290
f 1010/69/291 1011/70/291 1012/42/291
f 1013/72/292 1014/70/292 1015/71/292
f 1016/69/293 1017/71/293 1018/70/293
f 1019/51/294 1020/74/294 1021/73/294
f 1022/73/295 1023/69/295 1024/51/295
f 1025/69/296 1026/73/296 1027/71/296
f 1028/52/297 1029/75/297 1030/51/297
f 1031/51/298 1032/75/298 1033/74/298
f 1034/76/299 1035/78/299 1036/77/299
f 1037/77/300 1038/78/300 1039/79/300
f 1040/80/301 1041/81/301 1042/83/301
f 1043/81/302 1044/80/302 1045/82/302
f 1046/84/303 1047/86/303 1048/85/303
f 1049/84/303 1050/85/303 1051/87/303
f 1052/88/304 1053/89/304 1054/87/304
f 1055/90/305 1056/82/305 1057/91/305
f 1058/93/306 1059/92/306 1060/94/306
f 1061/95/307 1062/97/307 1063/96/307
f 1064/96/308 1065/98/308 1066/95/308
f 1067/95/309 1068/100/309 1069/99/309
f 1070/100/310 1071/101/310 1072/99/310
f 1073/103/311 1074/102/311 1075/104/311
f 1076/102/312 1077/103/312 1078/105/312
f 1079/104/313 1080/106/313 1081/107/313
f 1082/106/314 1083/104/314 1084/108/314
f 1085/83/315 1086/101/315 1087/109/315
f 1088/101/316 1089/83/316 1090/81/316
f 1091/86/317 1092/110/317 1093/105/317
f 1094/86/318 1095/105/318 1096/85/318
f 1097/111/319 1098/113/319 1099/112/319
f 1100/114/320 1101/116/320 1102/115/320
f 1103/78/321 1104/117/321 1105/79/321
f 1106/117/322 1107/78/322 1108/118/322
f 1109/118/323 1110/78/323 1111/119/323
f 1112/54/324 1113/120/324 1114/53/324
f 1115/121/325 1116/123/325 1117/122/325
f 1118/123/325 1119/121/325 1120/124/325
f 1121/127/326 1122/126/326 1123/125/326
f 1124/126/327 1125/128/327 1126/125/327
f 1127/129/328 1128/123/328 1129/130/328
f 1130/123/329 1131/129/329 1132/122/329
f 1133/132/325 1134/131/325 1135/133/325
f 1136/131/325 1137/132/325 1138/134/325
f 1139/135/330 1140/136/330 1141/138/330
f 1142/136/331 1143/135/331 1144/137/331
f 1145/140/332 1146/132/332 1147/139/332
f 1148/139/329 1149/132/329 1150/133/329
f 1151/141/333 1152/140/333 1153/139/333
f 1154/140/334 1155/141/334 1156/142/334
f 1157/130/335 1158/125/335 1159/129/335
f 1160/125/336 1161/130/336 1162/127/336
f 1163/141/337 1164/126/337 1165/142/337
f 1166/126/338 1167/141/338 1168/128/338
f 1169/143/330 1170/145/330 1171/144/330
f 1172/146/339 1173/145/339 1174/143/339
f 1175/148/340 1176/150/340 1177/147/340
f 1178/148/341 1179/147/341 1180/149/341
f 1181/152/342 1182/151/342 1183/153/342
f 1184/151/343 1185/152/343 1186/154/343
f 1187/155/344 1188/156/344 1189/158/344
f 1190/156/345 1191/155/345 1192/157/345
f 1193/159/346 1194/161/346 1195/160/346
f 1196/160/347 1197/162/347 1198/159/347
f 1199/164/348 1200/163/348 1201/165/348
f 1202/165/349 1203/166/349 1204/164/349
f 1205/164/350 1206/167/350 1207/168/350
f 1208/167/351 1209/164/351 1210/166/351
f 1211/170/352 1212/169/352 1213/171/352
f 1214/169/353 1215/170/353 1216/172/353
f 1217/173/354 1218/174/354 1219/176/354
f 1220/174/354 1221/173/354 1222/175/354
f 1223/173/355 1224/172/355 1225/170/355
f 1226/170/356 1227/177/356 1228/173/356
f 1229/178/357 1230/179/357 1231/181/357
f 1232/179/358 1233/178/358 1234/180/358
f 1235/183/359 1236/182/359 1237/184/359
f 1238/185/360 1239/184/360 1240/182/360
f 1241/186/361 1242/182/361 1243/187/361
f 1244/182/362 1245/186/362 1246/185/362
f 1247/188/363 1248/189/363 1249/191/363
f 1250/189/364 1251/188/364 1252/190/364
f 1253/190/365 1254/192/365 1255/189/365
f 1256/193/366 1257/189/366 1258/192/366
f 1259/194/366 1260/195/366 1261/197/366
f 1262/195/367 1263/194/367 1264/196/367
f 1265/198/368 1266/199/368 1267/201/368
f 1268/199/369 1269/198/369 1270/200/369
f 1271/202/370 1272/199/370 1273/203/370
f 1274/204/371 1275/203/371 1276/199/371
f 1277/206/372 1278/205/372 1279/207/372
f 1280/207/373 1281/205/373 1282/208/373
f 1283/210/374 1284/209/374 1285/206/374
f 1286/206/375 1287/209/375 1288/205/375
f 1289/198/376 1290/199/376 1291/200/376
f 1292/199/377 1293/198/377 1294/201/377
f 1295/199/378 1296/202/378 1297/203/378
f 1298/203/379 1299/204/379 1300/199/379
f 1301/206/380 1302/208/380 1303/205/380
f 1304/208/380 1305/206/380 1306/207/380
f 1307/209/381 1308/210/381 1309/206/381
f 1310/206/381 1311/205/381 1312/209/381
f 1313/211/321 1314/212/321 1315/214/321
f 1316/212/321 1317/211/321 1318/213/321
f 1319/211/323 1320/215/382 1321/216/382
f 1322/215/383 1323/211/383 1324/214/383
f 1325/217/323 1321/216/382 1320/215/382
f 1326/216/382 1327/217/382 1328/218/382
f 1329/217/384 1330/220/294 1331/218/294
f 1332/219/385 1333/218/385 1334/220/385
f 1335/221/385 1336/220/385 1337/222/385
f 1338/220/385 1339/221/385 1340/219/385
f 1341/223/294 1342/222/294 1343/224/294
f 1344/222/294 1345/223/294 1346/221/294
f 1347/224/385 1348/225/385 1349/223/385
f 1350/225/294 1351/224/294 1352/226/294
f 1353/226/386 1354/228/386 1355/225/386
f 1356/227/386 1357/225/386 1358/228/386
f 1359/230/387 1360/227/387 1361/229/387
f 1362/229/387 1363/227/387 1364/228/387
f 1365/231/322 1366/229/322 1367/232/322
f 1368/229/322 1369/231/322 1370/230/322
f 1371/232/388 1372/233/388 1373/231/388
f 1374/233/388 1375/232/388 1376/234/388
f 1377/211/266 1378/212/266 1379/213/266
f 1380/212/266 1381/211/266 1382/214/266
f 1383/211/389 1384/215/389 1385/214/389
f 1386/215/389 1387/211/389 1388/216/389
f 1389/217/390 1390/215/390 1391/216/390
f 1392/216/391 1393/218/391 1394/217/391
f 1395/219/392 1396/217/392 1397/218/392
f 1398/217/393 1399/219/393 1400/220/393
f 1401/221/394 1402/220/394 1403/219/394
f 1404/220/394 1405/221/394 1406/222/394
f 1407/224/395 1408/225/395 1409/226/395
f 1410/225/396 1411/224/396 1412/223/396
f 1413/225/397 1414/227/397 1415/228/397
f 1416/225/397 1417/228/397 1418/226/397
f 1419/229/397 1420/227/397 1421/230/397
f 1422/227/397 1423/229/397 1424/228/397
f 1425/230/266 1426/231/266 1427/232/266
f 1428/230/266 1429/232/266 1430/229/266
f 1431/232/266 1432/233/266 1433/234/266
f 1434/233/266 1435/232/266 1436/231/266
f 1437/213/266 1438/234/266 1439/233/266
f 1440/234/266 1441/213/266 1442/212/266
f 1443/235/398 1444/236/398 1445/238/398
f 1446/236/399 1447/235/399 1448/237/399
f 1449/239/400 1450/241/400 1451/240/400
f 1452/242/401 1453/243/401 1454/245/401
f 1455/243/402 1456/242/402 1457/244/402
f 1458/235/403 1459/236/403 1460/237/403
f 1461/236/404 1462/235/404 1463/238/404
f 1464/239/405 1465/240/405 1466/241/405
f 1467/243/406 1468/242/406 1469/245/406
f 1470/244/407 1471/242/407 1472/243/407
f 1473/247/408 1474/246/408 1475/248/408
f 1476/249/409 1477/248/409 1478/246/409
f 1479/250/410 1480/252/410 1481/251/410
s 0
f 1482/250/411 1483/251/411 1484/253/411
s 1
f 1485/254/412 1486/250/412 1487/255/412
f 1488/250/413 1489/254/413 1490/252/413
f 1491/246/414 1492/247/414 1493/248/414
f 1494/248/415 1495/249/415 1496/246/415
f 1497/252/416 1498/253/416 1499/251/416
f 1500/253/417 1501/252/417 1502/250/417
f 1503/254/418 1504/250/418 1505/252/418
f 1506/250/419 1507/254/419 1508/255/419
f 1509/256/132 1510/258/132 1511/257/132
f 1512/259/420 1513/261/420 1514/260/420
f 1515/258/421 1516/256/421 1517/262/421
f 1518/262/422 1519/263/422 1520/258/422
f 1521/258/423 1522/264/423 1523/257/423
f 1524/264/424 1525/258/424 1526/263/424
f 1527/265/425 1528/267/425 1529/266/425
f 1530/268/425 1531/270/425 1532/269/425
f 1533/271/426 1534/273/426 1535/272/426
f 1536/272/427 1537/274/427 1538/271/427
f 1539/256/428 1540/257/428 1541/258/428
f 1542/259/429 1543/260/429 1544/261/429
f 1545/258/430 1546/262/430 1547/256/430
f 1548/262/431 1549/258/431 1550/263/431
f 1551/257/432 1552/263/432 1553/258/432
f 1554/264/433 1555/263/433 1556/257/433
f 1557/265/434 1558/266/434 1559/267/434
f 1560/268/434 1561/269/434 1562/270/434
f 1563/273/435 1564/274/435 1565/272/435
f 1566/274/436 1567/273/436 1568/271/436
f 1569/276/437 1570/275/437 1571/277/437
f 1572/278/438 1573/277/438 1574/275/438
f 1575/280/439 1576/279/439 1577/276/439
f 1578/275/440 1579/276/440 1580/279/440
f 1581/281/441 1582/283/441 1583/282/441
f 1584/281/442 1585/282/442 1586/284/442
f 1587/285/443 1588/281/443 1589/286/443
f 1590/281/444 1591/285/444 1592/283/444
f 1593/276/445 1594/278/445 1595/275/445
f 1596/278/446 1597/276/446 1598/277/446
f 1599/279/447 1600/280/447 1601/276/447
f 1602/276/448 1603/275/448 1604/279/448
f 1605/283/417 1606/284/417 1607/282/417
f 1608/284/449 1609/283/449 1610/281/449
f 1611/285/450 1612/281/451 1613/283/450
f 1614/281/452 1615/285/452 1616/286/452
f 1617/288/453 1618/287/453 1619/289/453
f 1620/287/454 1621/288/454 1622/290/454
f 1623/290/455 1624/291/455 1625/287/455
f 1626/291/455 1627/290/455 1628/292/455
f 1629/292/456 1630/293/456 1631/291/456
f 1632/294/457 1633/291/458 1634/293/458
f 1635/295/459 1636/293/459 1637/296/459
f 1638/293/460 1639/295/460 1640/294/460
f 1641/298/461 1642/295/461 1643/297/461
f 1644/295/461 1645/296/461 1646/297/461
f 1647/297/462 1648/288/462 1649/298/462
f 1650/289/462 1651/298/462 1652/288/462
f 1653/287/463 1654/288/463 1655/289/463
f 1656/288/464 1657/287/464 1658/290/464
f 1659/290/465 1660/291/465 1661/292/465
f 1662/291/465 1663/290/465 1664/287/465
f 1665/293/466 1666/292/466 1667/291/466
f 1668/291/467 1669/294/467 1670/293/467
f 1671/295/468 1672/293/468 1673/294/468
f 1674/293/468 1675/295/468 1676/296/468
f 1677/297/469 1678/295/469 1679/298/469
f 1680/295/469 1681/297/469 1682/296/469
f 1683/288/470 1684/298/470 1685/289/470
f 1686/298/471 1687/288/471 1688/297/471
f 1689/118/60 1690/117/60 1691/299/60
f 1692/119/148 1689/118/148 1693/300/148
f 1694/301/148 1692/119/148 1693/300/148
f 1692/119/148 1694/301/148 1695/302/60
f 1694/301/148 1693/300/148 1696/303/60
f 1697/117/385 1698/118/385 1699/299/385
f 1698/118/385 1700/119/294 1701/300/294
f 1700/119/294 1702/301/294 1701/300/294
f 1702/301/294 1700/119/294 1703/302/294
f 1701/300/294 1702/301/294 1704/303/385
f 1705/304/188 1706/305/188 1707/306/188
f 1708/307/188 1709/308/188 1707/306/188
f 1710/308/188 1711/309/188 1707/306/188
f 1712/305/188 1713/307/188 1707/306/188
f 1714/304/198 1715/306/198 1716/305/198
f 1717/307/198 1715/306/198 1718/308/198
f 1719/308/198 1715/306/198 1720/309/198
f 1721/305/198 1715/306/198 1722/307/198
f 1723/304/425 1724/306/425 1725/305/425
f 1726/307/425 1724/306/425 1727/308/425
f 1728/308/425 1724/306/425 1729/309/425
f 1730/305/425 1724/306/425 1731/307/425
f 1732/304/434 1733/305/434 1734/306/434
f 1735/307/434 1736/308/434 1734/306/434
f 1737/308/434 1738/309/434 1734/306/434
f 1739/305/472 1740/307/472 1734/306/472
f 1741/15/10 1742/23/10 1743/16/10
f 1742/23/10 1741/15/10 1744/21/10
f 1745/92/473 1746/56/43 1747/93/43
f 1747/93/43 1746/56/43 1748/58/473
f 1749/310/474 1750/311/474 1751/312/475
f 1750/311/474 1749/310/474 1752/313/474
f 1753/313/476 1754/314/476 1755/311/476
f 1754/314/476 1753/313/476 1756/315/477
f 1757/314/478 1758/316/479 1759/317/479
f 1758/316/479 1757/314/478 1760/315/479
f 1761/318/480 1762/310/480 1763/312/480
f 1762/310/480 1761/318/480 1764/319/480
f 1765/320/481 1766/318/482 1767/321/482
f 1766/318/482 1765/320/481 1768/319/482
f 1769/322/483 1770/321/483 1771/323/483
f 1770/321/483 1769/322/483 1772/320/483
f 1773/324/484 1774/322/484 1775/323/484
f 1775/323/484 1776/325/485 1773/324/484
f 1777/326/486 1778/327/486 1779/328/487
f 1778/327/486 1777/326/486 1780/329/486
f 1781/330/487 1782/329/486 1783/331/486
f 1782/329/486 1781/330/487 1784/327/487
f 1785/327/488 1786/332/488 1787/328/488
f 1786/332/488 1785/327/488 1788/333/488
f 1789/334/489 1790/333/488 1791/330/488
f 1792/327/488 1791/330/488 1790/333/488
f 1793/335/490 1794/336/490 1795/337/490
f 1795/337/490 1796/338/490 1793/335/490
f 1797/338/491 1798/339/491 1799/335/491
f 1798/339/491 1797/338/491 1800/340/491
f 1801/145/95 1802/339/95 1803/340/95
f 1802/339/95 1801/145/95 1804/144/95
f 1805/341/95 1806/342/95 1807/343/95
f 1806/342/95 1805/341/95 1808/344/95
f 1809/345/490 1810/346/490 1811/347/490
f 1810/346/490 1809/345/490 1812/348/490
f 1813/346/490 1814/348/490 1815/135/490
f 1815/135/490 1814/348/490 1816/138/490
f 1817/341/492 1818/347/491 1819/344/492
f 1818/347/491 1817/341/492 1820/345/491
f 1821/349/28 1822/154/28 1823/151/28
f 1822/154/28 1821/349/28 1824/350/493
f 1825/351/494 1826/352/495 1827/353/496
f 1827/353/496 1826/352/495 1828/354/496
f 1829/355/497 1830/148/498 1831/150/499
f 1830/148/498 1829/355/497 1832/356/500
f 1833/357/501 1834/350/502 1835/349/501
f 1834/350/502 1833/357/501 1836/358/502
f 1837/359/148 1838/360/148 1839/361/148
f 1838/360/148 1837/359/148 1840/362/148
f 1841/363/60 1842/364/60 1843/365/60
f 1842/364/60 1841/363/60 1844/366/60
f 1845/367/503 1846/155/504 1847/368/503
f 1846/155/504 1845/367/503 1848/158/504
f 1849/367/503 1850/369/505 1851/370/506
f 1850/369/505 1849/367/503 1852/368/503
f 1853/362/507 1854/365/507 1855/360/507
f 1854/365/507 1853/362/507 1856/363/507
f 1857/356/508 1858/352/509 1859/351/495
f 1858/352/509 1857/356/508 1860/355/510
f 1861/353/511 1862/370/512 1863/369/513
f 1862/370/512 1861/353/511 1864/354/514
f 1865/371/28 1866/358/28 1867/357/28
f 1866/358/28 1865/371/28 1868/372/28
f 1869/162/148 1870/361/148 1871/160/148
f 1870/361/148 1869/162/148 1872/359/148
f 1873/373/515 1874/374/516 1875/375/516
f 1875/375/516 1876/178/515 1873/373/515
f 1877/176/517 1878/375/120 1879/376/517
f 1879/376/517 1878/375/120 1880/377/120
f 1881/378/518 1882/379/519 1883/380/519
f 1882/379/519 1881/378/518 1884/194/520
f 1885/379/521 1886/381/522 1887/382/521
f 1887/382/521 1888/383/523 1885/379/521
f 1889/192/524 1890/384/524 1891/381/524
f 1890/384/524 1889/192/524 1892/385/525
f 1893/386/86 1894/387/86 1895/388/86
f 1894/387/86 1893/386/86 1896/389/86
f 1897/390/526 1898/391/527 1899/392/528
f 1898/391/527 1897/390/526 1900/201/529
f 1901/393/530 1902/394/531 1903/395/532
f 1902/394/531 1901/393/530 1904/202/533
f 1905/386/155 1906/387/155 1907/389/155
f 1906/387/155 1905/386/155 1908/388/155
f 1909/201/534 1910/390/526 1911/391/535
f 1912/392/536 1911/391/535 1910/390/526
f 1913/393/537 1914/394/538 1915/202/539
f 1914/394/538 1913/393/537 1916/395/532
f 1917/213/87 1918/234/87 1919/233/87
f 1918/234/87 1917/213/87 1920/212/87
f 1921/223/156 1922/222/156 1923/224/156
f 1922/222/156 1921/223/156 1924/221/156
f 1925/237/540 1926/396/540 1927/397/540
f 1927/397/540 1926/396/540 1928/398/540
f 1929/399/532 1930/400/532 1931/401/532
f 1930/400/532 1929/399/532 1932/402/532
f 1933/403/541 1934/404/541 1935/405/541
f 1934/404/541 1936/406/541 1935/405/541
f 1937/407/542 1938/408/542 1939/409/542
f 1938/408/542 1937/407/542 1940/410/542
f 1941/410/543 1942/411/543 1943/412/543
f 1942/411/543 1941/410/543 1944/407/543
f 1945/413/544 1946/411/544 1947/414/544
f 1946/411/544 1945/413/544 1948/412/544
f 1949/415/545 1950/413/545 1951/414/545
f 1950/413/545 1949/415/545 1952/416/545
f 1953/417/546 1954/416/547 1955/415/547
f 1954/416/547 1953/417/546 1956/418/547
f 1957/418/543 1958/419/543 1959/420/543
f 1958/419/543 1957/418/543 1960/417/543
f 1961/399/548 1962/419/548 1963/402/548
f 1962/419/548 1961/399/548 1964/420/548
f 1965/421/549 1966/241/549 1967/240/549
f 1966/241/549 1965/421/549 1968/422/549
f 1969/423/550 1970/396/551 1971/424/552
f 1970/396/551 1969/423/550 1972/398/553
f 1973/425/543 1974/426/554 1975/427/554
f 1974/426/554 1973/425/543 1976/428/543
f 1977/427/555 1978/429/555 1979/430/555
f 1978/429/555 1977/427/555 1980/426/556
f 1981/430/543 1982/431/554 1983/432/554
f 1982/431/554 1981/430/543 1984/429/543
f 1985/428/546 1986/433/546 1987/434/546
f 1986/433/546 1985/428/546 1988/425/546
f 1989/435/557 1990/243/558 1991/436/559
f 1990/243/558 1989/435/557 1992/244/560
f 1993/237/561 1994/397/540 1995/396/561
f 1994/397/540 1996/398/562 1995/396/561
f 1997/399/532 1998/401/532 1999/402/532
f 1999/402/532 1998/401/532 2000/400/532
f 2001/403/541 2002/406/541 2003/404/541
f 2002/406/541 2001/403/541 2004/405/541
f 2005/410/542 2006/407/542 2007/409/542
f 2005/410/542 2007/409/542 2008/408/542
f 2009/411/543 2010/407/543 2011/412/543
f 2010/407/543 2012/410/543 2011/412/543
f 2013/414/544 2014/412/544 2015/413/544
f 2014/412/544 2013/414/544 2016/411/544
f 2017/416/545 2018/415/545 2019/414/545
f 2017/416/545 2019/414/545 2020/413/545
f 2021/418/563 2022/417/547 2023/415/546
f 2021/418/563 2023/415/546 2024/416/563
f 2025/419/543 2026/417/543 2027/420/543
f 2026/417/543 2028/418/543 2027/420/543
f 2029/402/548 2030/420/548 2031/399/548
f 2030/420/548 2029/402/548 2032/419/548
f 2033/240/549 2034/241/549 2035/421/549
f 2034/241/549 2036/422/549 2035/421/549
f 2037/396/564 2038/423/565 2039/424/566
f 2038/423/565 2037/396/564 2040/398/553
f 2041/427/543 2042/428/543 2043/425/543
f 2042/428/543 2041/427/543 2044/426/543
f 2045/430/567 2046/426/556 2047/427/556
f 2046/426/556 2045/430/567 2048/429/567
f 2049/432/543 2050/429/543 2051/430/554
f 2050/429/543 2049/432/543 2052/431/543
f 2053/425/568 2054/434/546 2055/433/546
f 2054/434/546 2053/425/568 2056/428/563
f 2057/244/569 2058/436/559 2059/243/570
f 2058/436/559 2057/244/569 2060/435/557
f 2061/249/201 2062/248/201 2063/437/201
f 2063/437/201 2064/438/201 2061/249/201
f 2065/439/571 2066/438/571 2067/437/571
f 2066/438/571 2065/439/571 2068/440/571
f 2069/441/572 2070/246/572 2071/442/572
f 2070/246/572 2069/441/572 2072/247/572
f 2073/443/573 2074/253/574 2075/444/573
f 2074/253/574 2073/443/573 2076/251/575
f 2077/445/576 2078/255/577 2079/254/576
f 2078/255/577 2077/445/576 2080/446/576
f 2081/248/578 2082/438/578 2083/437/579
f 2082/438/578 2081/248/578 2084/249/579
f 2085/440/571 2086/439/571 2087/437/571
f 2085/440/571 2087/437/571 2088/438/580
f 2089/442/572 2090/247/572 2091/441/572
f 2090/247/572 2089/442/572 2092/246/572
f 2093/444/573 2094/251/573 2095/443/573
f 2094/251/573 2093/444/573 2096/253/573
f 2097/446/576 2098/445/576 2099/254/581
f 2097/446/576 2099/254/581 2100/255/576
f 2101/447/582 2102/448/583 2103/256/584
f 2103/256/584 2102/448/583 2104/257/585
f 2105/262/586 2106/449/587 2107/256/421
f 2106/449/587 2108/447/588 2107/256/421
f 2109/450/589 2110/257/590 2111/448/591
f 2110/257/590 2109/450/589 2112/264/592
f 2113/451/593 2114/269/593 2115/452/593
f 2114/269/593 2113/451/593 2116/270/593
f 2117/453/594 2118/454/594 2119/455/594
f 2118/454/594 2117/453/594 2120/265/594
f 2121/456/595 2122/453/596 2123/455/595
f 2122/453/596 2121/456/595 2124/457/595
f 2125/458/597 2126/452/597 2127/269/597
f 2126/452/597 2125/458/597 2128/459/598
f 2129/456/599 2130/459/600 2131/458/600
f 2131/458/600 2132/457/600 2129/456/599
f 2133/460/601 2134/454/602 2135/267/602
f 2135/267/602 2134/454/602 2136/265/602
f 2137/461/603 2138/267/603 2139/462/603
f 2138/267/603 2137/461/603 2140/460/603
f 2141/451/603 2142/462/603 2143/270/603
f 2142/462/603 2141/451/603 2144/461/603
f 2145/257/604 2146/447/582 2147/256/605
f 2146/447/582 2145/257/604 2148/448/606
f 2149/256/607 2150/449/587 2151/262/608
f 2150/449/587 2149/256/607 2152/447/609
f 2153/450/610 2154/257/611 2155/264/612
f 2154/257/611 2153/450/610 2156/448/613
f 2157/452/593 2158/270/593 2159/451/593
f 2158/270/593 2157/452/593 2160/269/593
f 2161/265/594 2162/455/594 2163/454/594
f 2162/455/594 2161/265/594 2164/453/594
f 2165/453/595 2166/457/595 2167/455/595
f 2166/457/595 2168/456/595 2167/455/595
f 2169/458/598 2170/269/598 2171/459/598
f 2171/459/598 2170/269/598 2172/452/598
f 2173/459/600 2174/457/599 2175/458/600
f 2174/457/599 2173/459/600 2176/456/599
f 2177/460/614 2178/265/615 2179/454/615
f 2178/265/615 2177/460/614 2180/267/614
f 2181/462/603 2182/460/603 2183/461/603
f 2182/460/603 2181/462/603 2184/267/603
f 2185/461/603 2186/451/603 2187/270/603
f 2187/270/603 2188/462/603 2185/461/603
f 2189/463/616 2190/278/617 2191/277/616
f 2190/278/617 2189/463/616 2192/464/617
f 2193/465/618 2194/279/618 2195/466/618
f 2194/279/618 2193/465/618 2196/280/618
f 2197/467/573 2198/284/619 2199/468/619
f 2198/284/619 2197/467/573 2200/282/573
f 2201/469/577 2202/286/576 2203/285/577
f 2202/286/576 2201/469/577 2204/470/577
f 2205/464/616 2206/463/617 2207/277/617
f 2205/464/616 2207/277/617 2208/278/617
f 2209/466/618 2210/280/618 2211/465/618
f 2210/280/618 2209/466/618 2212/279/572
f 2213/468/573 2214/282/573 2215/467/573
f 2214/282/573 2213/468/573 2216/284/573
f 2217/470/577 2218/469/577 2219/285/577
f 2217/470/577 2219/285/577 2220/286/577
f 2221/15/620 2222/23/620 2223/21/620
f 2222/23/620 2221/15/620 2224/16/620
f 2225/56/306 2226/92/280 2227/93/280
f 2227/93/280 2228/58/280 2225/56/306
f 2229/310/621 2230/312/622 2231/311/621
f 2229/310/621 2231/311/621 2232/313/622
f 2233/313/623 2234/311/624 2235/314/624
f 2233/313/623 2235/314/624 2236/315/623
f 2237/314/625 2238/316/625 2239/315/626
f 2238/316/625 2237/314/625 2240/317/625
f 2241/318/627 2242/310/627 2243/319/627
s 0
f 2242/310/628 2241/318/628 2244/312/628
s 1
f 2245/320/629 2246/321/629 2247/318/630
f 2245/320/629 2247/318/630 2248/319/629
f 2249/323/631 2250/321/631 2251/322/631
f 2250/321/631 2252/320/631 2251/322/631
f 2253/324/632 2254/323/632 2255/322/632
f 2254/323/632 2253/324/632 2256/325/632
f 2257/326/633 2258/327/633 2259/329/633
f 2258/327/633 2257/326/633 2260/328/633
f 2261/329/633 2262/330/633 2263/331/633
f 2262/330/633 2261/329/633 2264/327/633
f 2265/327/634 2266/328/634 2267/332/634
f 2265/327/634 2267/332/634 2268/333/634
f 2269/330/634 2270/327/634 2271/333/634
f 2269/330/634 2271/333/634 2272/334/634
f 2273/336/635 2274/335/635 2275/337/635
f 2275/337/635 2274/335/635 2276/338/635
f 2277/338/636 2278/339/636 2279/340/636
f 2278/339/636 2277/338/636 2280/335/636
f 2281/339/339 2282/145/339 2283/340/339
f 2282/145/339 2281/339/339 2284/144/339
f 2285/342/339 2286/341/339 2287/343/339
f 2286/341/339 2285/342/339 2288/344/330
f 2289/347/637 2290/346/638 2291/345/637
f 2290/346/638 2292/348/637 2291/345/637
f 2293/348/638 2294/346/638 2295/135/635
f 2295/135/635 2296/138/637 2293/348/638
f 2297/345/639 2298/341/639 2299/347/639
f 2300/344/639 2299/347/639 2298/341/639
f 2301/154/266 2302/349/266 2303/151/266
f 2302/349/266 2301/154/266 2304/350/266
f 2305/352/640 2306/351/640 2307/353/641
f 2307/353/641 2308/354/642 2305/352/640
f 2309/355/643 2310/148/644 2311/356/645
f 2310/148/644 2309/355/643 2312/150/646
f 2313/350/647 2314/357/647 2315/349/647
f 2314/357/647 2313/350/647 2316/358/647
f 2317/361/294 2318/360/294 2319/359/294
f 2318/360/294 2320/362/294 2319/359/294
f 2321/365/385 2322/364/385 2323/363/385
f 2322/364/385 2324/366/385 2323/363/385
f 2325/367/648 2326/368/649 2327/155/650
f 2325/367/648 2327/155/650 2328/158/650
f 2329/369/651 2330/367/652 2331/370/653
f 2330/367/652 2329/369/651 2332/368/652
f 2333/362/654 2334/360/655 2335/365/655
f 2333/362/654 2335/365/655 2336/363/654
f 2337/352/640 2338/356/656 2339/351/640
f 2338/356/656 2337/352/640 2340/355/657
f 2341/353/658 2342/370/659 2343/354/660
f 2342/370/659 2341/353/658 2344/369/661
f 2345/358/266 2346/371/266 2347/357/266
f 2346/371/266 2345/358/266 2348/372/266
f 2349/160/294 2350/361/294 2351/162/294
f 2350/361/294 2352/359/294 2351/162/294
f 2353/374/662 2354/373/662 2355/375/662
f 2355/375/662 2354/373/662 2356/178/662
f 2357/375/358 2358/176/358 2359/376/358
f 2359/376/358 2360/377/358 2357/375/358
f 2361/378/663 2362/380/664 2363/379/664
f 2363/379/664 2364/194/663 2361/378/663
f 2365/381/665 2366/379/665 2367/382/665
f 2367/382/665 2366/379/665 2368/383/666
f 2369/192/667 2370/384/668 2371/385/667
f 2370/384/668 2369/192/667 2372/381/668
f 2373/386/382 2374/387/382 2375/389/382
f 2374/387/382 2373/386/382 2376/388/382
f 2377/392/669 2378/391/670 2379/390/671
f 2378/391/670 2380/201/672 2379/390/671
f 2381/393/673 2382/394/674 2383/202/675
f 2382/394/674 2381/393/673 2384/395/676
f 2385/386/391 2386/387/391 2387/388/391
f 2386/387/391 2385/386/391 2388/389/391
f 2389/391/677 2390/392/669 2391/390/671
f 2389/391/677 2391/390/671 2392/201/677
f 2393/393/678 2394/394/679 2395/395/676
f 2394/394/679 2393/393/678 2396/202/680
f 2397/234/388 2398/213/388 2399/233/388
f 2398/213/388 2397/234/388 2400/212/388
f 2401/223/681 2402/222/392 2403/221/392
f 2402/222/392 2401/223/681 2404/224/681
f 2405/237/682 2406/397/682 2407/396/682
f 2406/397/682 2408/398/682 2407/396/682
f 2409/399/676 2410/400/676 2411/402/676
f 2410/400/676 2409/399/676 2412/401/676
f 2413/403/683 2414/405/684 2415/404/684
f 2415/404/684 2414/405/684 2416/406/684
f 2417/407/685 2418/408/685 2419/410/685
f 2418/408/685 2417/407/685 2420/409/686
f 2421/411/687 2422/410/687 2423/412/687
f 2422/410/687 2421/411/687 2424/407/687
f 2425/413/688 2426/414/688 2427/411/688
f 2425/413/688 2427/411/688 2428/412/688
f 2429/415/689 2430/413/689 2431/416/690
f 2430/413/689 2429/415/689 2432/414/689
f 2433/417/691 2434/416/691 2435/418/691
f 2434/416/691 2433/417/691 2436/415/691
f 2437/419/687 2438/418/687 2439/420/687
f 2438/418/687 2437/419/687 2440/417/687
f 2441/399/692 2442/402/693 2443/419/693
f 2441/399/692 2443/419/693 2444/420/692
f 2445/240/694 2446/241/694 2447/421/694
f 2447/421/694 2446/241/694 2448/422/694
f 2449/396/695 2450/423/696 2451/424/697
f 2450/423/696 2449/396/695 2452/398/698
f 2453/425/687 2454/426/687 2455/428/687
f 2454/426/687 2453/425/687 2456/427/687
f 2457/427/699 2458/429/699 2459/426/700
f 2458/429/699 2457/427/699 2460/430/701
f 2461/430/687 2462/431/687 2463/429/687
f 2462/431/687 2461/430/687 2464/432/687
f 2465/433/691 2466/428/691 2467/434/691
f 2466/428/691 2465/433/691 2468/425/691
f 2469/244/702 2470/435/703 2471/243/704
f 2472/436/705 2471/243/704 2470/435/703
f 2473/237/706 2474/396/706 2475/397/682
f 2475/397/682 2474/396/706 2476/398/682
f 2477/399/676 2478/402/676 2479/401/676
f 2478/402/676 2480/400/676 2479/401/676
f 2481/403/684 2482/406/684 2483/405/683
f 2482/406/684 2481/403/684 2484/404/684
f 2485/410/685 2486/409/685 2487/407/685
f 2486/409/685 2485/410/685 2488/408/685
f 2489/412/687 2490/407/687 2491/411/687
f 2490/407/687 2489/412/687 2492/410/687
f 2493/414/688 2494/412/688 2495/411/688
f 2494/412/688 2493/414/688 2496/413/688
f 2497/416/689 2498/414/689 2499/415/689
f 2498/414/689 2497/416/689 2500/413/689
f 2501/418/691 2502/415/691 2503/417/691
f 2502/415/691 2501/418/691 2504/416/691
f 2505/420/687 2506/417/687 2507/419/707
f 2506/417/687 2505/420/687 2508/418/687
f 2509/402/693 2510/420/693 2511/419/693
f 2510/420/693 2509/402/693 2512/399/692
f 2513/421/694 2514/241/694 2515/240/694
f 2514/241/694 2513/421/694 2516/422/694
f 2517/423/708 2518/396/709 2519/424/709
f 2518/396/709 2517/423/708 2520/398/698
f 2521/427/687 2522/425/687 2523/428/687
f 2523/428/687 2524/426/687 2521/427/687
f 2525/430/700 2526/427/700 2527/426/700
f 2527/426/700 2528/429/700 2525/430/700
f 2529/432/687 2530/430/687 2531/429/687
f 2531/429/687 2532/431/687 2529/432/687
f 2533/425/691 2534/433/691 2535/434/691
f 2535/434/691 2536/428/691 2533/425/691
f 2537/436/710 2538/244/711 2539/243/712
f 2538/244/711 2537/436/710 2540/435/703
f 2541/248/713 2542/249/713 2543/437/713
f 2544/438/437 2543/437/713 2542/249/713
f 2545/439/714 2546/438/714 2547/440/714
f 2546/438/714 2545/439/714 2548/437/714
f 2549/441/715 2550/246/715 2551/247/716
f 2550/246/715 2549/441/715 2552/442/715
f 2553/443/717 2554/253/717 2555/251/717
f 2554/253/717 2553/443/717 2556/444/717
f 2557/445/718 2558/255/718 2559/446/718
f 2558/255/718 2557/445/718 2560/254/718
f 2561/248/719 2562/438/719 2563/249/720
f 2562/438/719 2561/248/719 2564/437/719
f 2565/440/714 2566/437/714 2567/439/721
f 2566/437/714 2565/440/714 2568/438/714
f 2569/442/716 2570/441/715 2571/247/722
f 2569/442/716 2571/247/722 2572/246/716
f 2573/444/717 2574/443/717 2575/251/717
f 2573/444/717 2575/251/717 2576/253/723
f 2577/446/718 2578/254/718 2579/445/718
f 2578/254/718 2577/446/718 2580/255/718
f 2581/256/724 2582/448/725 2583/447/726
f 2582/448/725 2581/256/724 2584/257/585
f 2585/449/587 2586/262/727 2587/256/728
f 2585/449/587 2587/256/728 2588/447/729
f 2589/257/730 2590/450/731 2591/448/732
f 2590/450/731 2589/257/730 2592/264/733
f 2593/451/734 2594/269/734 2595/270/734
f 2594/269/734 2593/451/734 2596/452/734
f 2597/265/735 2598/453/736 2599/454/736
f 2599/454/736 2598/453/736 2600/455/736
f 2601/453/737 2602/456/737 2603/455/737
f 2602/456/737 2601/453/737 2604/457/737
f 2605/458/738 2606/452/738 2607/459/738
f 2606/452/738 2605/458/738 2608/269/738
f 2609/459/739 2610/456/739 2611/458/739
f 2611/458/739 2610/456/739 2612/457/739
f 2613/267/740 2614/454/741 2615/460/742
f 2614/454/741 2613/267/740 2616/265/740
f 2617/267/743 2618/461/744 2619/462/745
f 2618/461/744 2617/267/743 2620/460/744
f 2621/462/744 2622/451/744 2623/270/745
f 2622/451/744 2621/462/744 2624/461/743
f 2625/447/746 2626/257/747 2627/256/748
f 2626/257/747 2625/447/746 2628/448/749
f 2629/447/750 2630/256/751 2631/449/587
f 2632/262/752 2631/449/587 2630/256/751
f 2633/448/753 2634/450/754 2635/257/755
f 2636/264/756 2635/257/755 2634/450/754
f 2637/452/734 2638/270/734 2639/269/734
f 2638/270/734 2637/452/734 2640/451/734
f 2641/265/736 2642/455/735 2643/453/736
f 2642/455/735 2641/265/736 2644/454/735
f 2645/455/737 2646/457/737 2647/453/737
f 2646/457/737 2645/455/737 2648/456/737
f 2649/269/738 2650/459/738 2651/452/738
f 2650/459/738 2649/269/738 2652/458/738
f 2653/459/739 2654/457/739 2655/456/739
f 2654/457/739 2653/459/739 2656/458/739
f 2657/460/740 2658/265/740 2659/267/740
f 2658/265/740 2657/460/740 2660/454/740
f 2661/461/744 2662/460/743 2663/462/743
f 2662/460/743 2664/267/743 2663/462/743
f 2665/461/743 2666/270/743 2667/451/745
f 2666/270/743 2665/461/743 2668/462/744
f 2669/463/714 2670/278/721 2671/464/721
f 2670/278/721 2669/463/714 2672/277/714
f 2673/465/757 2674/279/715 2675/280/715
f 2674/279/715 2673/465/757 2676/466/715
f 2677/467/758 2678/284/758 2679/282/717
f 2678/284/758 2677/467/758 2680/468/723
f 2681/469/718 2682/286/718 2683/470/718
f 2682/286/718 2681/469/718 2684/285/718
f 2685/464/714 2686/277/714 2687/463/714
f 2686/277/714 2685/464/714 2688/278/714
f 2689/466/715 2690/465/715 2691/280/715
f 2689/466/715 2691/280/715 2692/279/715
f 2693/468/717 2694/467/717 2695/282/717
f 2693/468/717 2695/282/717 2696/284/758
f 2697/470/718 2698/285/718 2699/469/718
f 2698/285/718 2697/470/718 2700/286/718
f 2701/471/759 2702/80/760 2703/472/761
f 2704/473/762 2701/471/759 2703/472/761
f 2704/473/762 2703/472/761 2705/474/763
f 2706/475/543 2707/476/543 2708/477/543
f 2708/477/543 2707/476/543 2709/317/543
f 2710/316/543 2708/477/543 2709/317/543
f 2711/478/764 2712/479/765 2713/480/766
f 2713/480/766 2712/479/765 2714/481/767
f 2714/481/767 2715/482/768 2713/480/766
f 2714/481/767 2716/483/769 2715/482/768
f 2717/484/770 2715/482/768 2716/483/769
f 2716/483/769 2718/485/771 2717/484/770
f 2719/486/772 2717/484/770 2718/485/771
f 2719/486/772 2718/485/771 2720/487/773
f 2721/488/774 2719/486/772 2720/487/773
f 2719/486/772 2721/488/774 2722/489/775
f 2723/490/776 2722/489/775 2721/488/774
f 2722/489/775 2723/490/776 2724/491/777
f 2723/490/776 2725/492/778 2724/491/777
f 2723/490/776 2726/493/779 2725/492/778
f 2727/494/780 2725/492/778 2726/493/779
f 2727/494/780 2726/493/779 2728/495/780
f 2729/496/781 2727/494/780 2728/495/780
f 2727/494/780 2729/496/781 2730/497/782
f 2731/498/783 2730/497/782 2729/496/781
f 2730/497/782 2731/498/783 2732/499/784
f 2733/500/785 2732/499/784 2731/498/783
f 2732/499/784 2733/500/785 2734/501/786
f 2735/502/764 2734/501/786 2733/500/785
f 2734/501/786 2735/502/764 2736/503/764
f 2737/504/787 2738/505/788 2739/386/789
f 2739/386/789 2740/506/790 2737/504/787
f 2740/506/790 2739/386/789 2741/388/790
f 2742/507/791 2743/508/792 2740/506/790
f 2744/509/793 2740/506/790 2741/388/790
f 2742/507/791 2740/506/790 2744/509/793
f 2744/509/793 2741/388/790 2745/510/794
f 2746/511/148 2747/512/148 2748/513/148
f 2749/514/148 2748/513/148 2747/512/148
f 2748/513/148 2749/514/148 2750/515/60
f 2751/516/795 2752/517/796 2753/518/797
f 2754/519/798 2753/518/797 2752/517/796
f 2754/519/798 2755/520/799 2753/518/797
f 2755/520/799 2754/519/798 2756/521/800
f 2757/240/801 2755/520/799 2756/521/800
f 2755/520/799 2757/240/801 2758/239/802
f 2759/522/803 2760/523/804 2761/524/805
f 2761/524/805 2762/525/806 2759/522/803
f 2762/525/806 2761/524/805 2763/526/807
f 2764/527/808 2762/525/806 2763/526/807
f 2765/528/809 2766/529/810 2767/530/811
f 2768/531/812 2767/530/811 2766/529/810
f 2767/530/811 2768/531/812 2769/532/813
f 2768/531/812 2770/533/814 2769/532/813
f 2771/403/815 2772/404/815 2773/534/815
f 2771/403/815 2773/534/815 2774/535/815
f 2773/534/815 2775/536/815 2774/535/815
f 2776/517/816 2777/516/817 2778/518/818
f 2776/517/816 2778/518/818 2779/519/819
f 2780/520/820 2779/519/819 2778/518/818
f 2779/519/819 2780/520/820 2781/521/821
f 2780/520/820 2782/239/822 2781/521/821
f 2781/521/821 2782/239/822 2783/240/823
f 2784/537/824 2785/538/824 2786/539/824
f 2786/539/824 2787/540/824 2784/537/824
f 2788/541/824 2787/540/824 2786/539/824
f 2787/540/824 2788/541/824 2789/542/824
f 2790/408/824 2789/542/824 2788/541/824
f 2789/542/824 2790/408/824 2791/409/824
f 2792/528/825 2793/530/826 2794/529/827
f 2795/532/828 2794/529/827 2793/530/826
f 2796/531/829 2794/529/827 2795/532/828
f 2796/531/829 2795/532/828 2797/533/830
f 2798/527/831 2799/526/832 2800/525/833
f 2801/524/834 2800/525/833 2799/526/832
f 2802/522/835 2800/525/833 2801/524/834
f 2802/522/835 2801/524/834 2803/523/836
f 2804/543/837 2805/544/837 2806/545/837
f 2806/545/837 2805/544/837 2807/546/837
f 2807/546/837 2808/547/837 2806/545/837
f 2808/547/837 2807/546/837 2809/548/837
f 2810/544/838 2811/543/838 2812/545/838
f 2812/545/838 2813/546/838 2810/544/838
f 2814/547/838 2813/546/838 2812/545/838
f 2813/546/838 2814/547/838 2815/548/838
f 2816/549/839 2817/550/840 2818/551/841
f 2819/552/842 2818/551/841 2817/550/840
f 2819/552/842 2820/553/843 2818/551/841
f 2820/553/843 2819/552/842 2821/554/844
f 2821/554/844 2822/555/845 2820/553/843
f 2822/555/845 2821/554/844 2823/556/846
f 2824/557/847 2822/555/845 2823/556/846
f 2822/555/845 2824/557/847 2825/558/848
f 2824/557/847 2826/559/849 2825/558/848
f 2826/559/849 2824/557/847 2827/560/850
f 2828/561/851 2825/558/848 2826/559/849
f 2825/558/848 2828/561/851 2829/562/852
f 2830/563/853 2829/562/852 2828/561/851
f 2830/563/853 2828/561/851 2831/564/854
f 2832/565/855 2833/566/856 2834/567/857
f 2833/566/856 2835/568/858 2834/567/857
f 2834/567/857 2835/568/858 2836/569/859
f 2837/570/860 2836/569/859 2835/568/858
f 2838/571/861 2836/569/859 2837/570/860
f 2836/569/859 2838/571/861 2839/572/862
f 2840/573/863 2841/574/864 2842/575/865
f 2843/557/866 2840/573/863 2842/575/865
f 2842/575/865 2844/560/867 2843/557/866
f 2845/576/868 2846/577/869 2847/578/870
f 2847/578/870 2846/577/869 2848/579/871
f 2847/578/870 2848/579/871 2849/580/872
f 2848/579/871 2850/581/873 2849/580/872
f 2850/581/873 2848/579/871 2851/582/874
f 2851/582/874 2852/272/875 2850/581/873
f 2852/272/875 2851/582/874 2853/273/876
f 2854/583/877 2855/584/878 2856/585/879
f 2856/585/879 2857/586/880 2854/583/877
f 2857/586/880 2856/585/879 2858/587/881
f 2859/588/882 2857/586/880 2858/587/881
f 2858/587/881 2860/589/883 2859/588/882
f 2861/263/884 2859/588/882 2860/589/883
f 2862/590/885 2861/263/884 2860/589/883
f 2863/261/886 2862/590/885 2860/589/883
f 2863/261/886 2864/259/887 2862/590/885
f 2864/259/887 2865/591/888 2862/590/885
f 2859/588/882 2861/263/884 2866/262/889
f 2861/263/884 2862/590/885 2867/592/890
f 2868/591/891 2867/592/890 2862/590/885
f 2867/592/890 2868/591/891 2869/593/892
f 2867/592/890 2870/594/893 2861/263/884
f 2871/264/894 2861/263/884 2870/594/893
f 2872/595/895 2867/592/890 2869/593/892
f 2870/594/893 2867/592/890 2872/595/895
f 2869/593/892 2873/596/896 2872/595/895
f 2872/595/895 2874/597/897 2870/594/893
f 2874/597/897 2871/264/894 2870/594/893
f 2874/597/897 2875/450/898 2871/264/894
f 2875/450/898 2874/597/897 2876/598/899
f 2872/595/895 2877/599/900 2874/597/897
f 2874/597/897 2877/599/900 2876/598/899
f 2873/596/896 2877/599/900 2872/595/895
f 2873/596/896 2878/600/901 2877/599/900
f 2876/598/899 2877/599/900 2879/601/902
f 2877/599/900 2878/600/901 2879/601/902
f 2879/601/902 2878/600/901 2880/602/903
f 2866/262/889 2881/603/904 2859/588/882
f 2882/449/905 2881/603/904 2866/262/889
f 2881/603/904 2882/449/905 2883/604/906
f 2881/603/904 2884/605/907 2859/588/882
f 2859/588/882 2884/605/907 2885/586/908
f 2881/603/904 2886/606/909 2884/605/907
f 2886/606/909 2881/603/904 2887/604/910
f 2886/606/909 2888/607/911 2884/605/907
f 2884/605/907 2888/607/911 2885/586/908
f 2885/586/908 2888/607/911 2889/583/912
f 2888/607/911 2886/606/909 2890/608/913
f 2891/584/914 2889/583/912 2888/607/911
f 2892/609/915 2888/607/911 2890/608/913
f 2888/607/911 2893/610/916 2891/584/914
f 2888/607/911 2892/609/915 2893/610/916
f 2893/610/916 2894/574/917 2891/584/914
f 2895/611/918 2893/610/916 2892/609/915
f 2893/610/916 2895/611/918 2896/612/919
f 2893/610/916 2896/612/919 2894/574/917
f 2896/612/919 2897/573/920 2894/574/917
f 2898/613/921 2896/612/919 2895/611/918
f 2896/612/919 2898/613/921 2899/614/922
f 2896/612/919 2899/614/922 2897/573/920
f 2900/615/923 2897/573/920 2899/614/922
f 2898/613/921 2900/615/923 2899/614/922
f 2897/573/920 2900/615/923 2901/557/924
f 2902/616/925 2900/615/923 2898/613/921
f 2900/615/923 2902/616/925 2903/617/926
f 2904/268/198 2905/309/198 2906/270/198
f 2905/309/198 2907/306/198 2906/270/198
f 2907/306/198 2908/462/198 2906/270/198
f 2909/543/837 2910/544/837 2911/545/837
f 2911/545/837 2910/544/837 2912/546/837
f 2912/546/837 2913/547/837 2911/545/837
f 2913/547/837 2912/546/837 2914/548/837
f 2915/544/838 2916/543/838 2917/545/838
f 2917/545/838 2918/546/838 2915/544/838
f 2919/547/838 2918/546/838 2917/545/838
f 2918/546/838 2919/547/838 2920/548/838
f 2921/618/927 2922/619/928 2923/620/929
f 2923/620/929 2924/621/930 2921/618/927
f 2925/622/931 2924/621/930 2923/620/929
f 2924/621/930 2925/622/931 2926/623/931
f 2925/622/931 2927/624/932 2926/623/931
f 2927/624/932 2925/622/931 2928/625/933
f 2927/624/932 2928/625/933 2929/626/934
f 2927/624/932 2929/626/934 2930/627/935
f 2930/627/935 2929/626/934 2931/628/266
f 2930/627/935 2931/628/266 2932/629/936
f 2931/628/266 2933/630/937 2932/629/936
f 2933/630/937 2931/628/266 2934/631/938
f 2934/631/938 2935/632/939 2933/630/937
f 2935/632/939 2934/631/938 2936/633/940
f 2936/633/940 2937/634/941 2935/632/939
f 2937/634/941 2936/633/940 2938/635/941
f 2939/636/942 2937/634/941 2938/635/941
f 2937/634/941 2939/636/942 2940/637/942
f 2939/636/942 2941/638/943 2940/637/942
f 2941/638/943 2939/636/942 2942/639/944
f 2942/639/944 2943/640/294 2941/638/943
f 2943/640/294 2942/639/944 2944/641/385
f 2943/640/294 2944/641/385 2945/642/945
f 2945/642/945 2946/643/946 2943/640/294
f 2947/473/947 2948/474/948 2949/472/949
f 2949/472/949 2950/471/950 2947/473/947
f 2950/471/950 2949/472/949 2951/80/951
f 2952/56/385 2953/644/952 2954/645/294
f 2955/92/294 2952/56/385 2954/645/294
f 2955/92/294 2954/645/294 2956/646/294
f 2957/326/294 2955/92/294 2956/646/294
f 2958/647/385 2957/326/294 2956/646/294
f 2957/326/294 2958/647/385 2959/70/385
f 2960/648/385 2957/326/294 2959/70/385
f 2959/70/385 2961/649/294 2960/648/385
f 2959/70/385 2962/72/294 2961/649/294
f 2963/650/294 2959/70/385 2958/647/385
f 2959/70/385 2963/650/294 2964/42/294
f 2963/650/294 2965/39/385 2964/42/294
f 2966/55/294 2965/39/385 2963/650/294
f 2967/651/953 2968/652/954 2969/653/955
f 2970/324/956 2967/651/953 2969/653/955
f 2971/325/957 2970/324/956 2969/653/955
f 2972/502/958 2973/654/958 2974/655/959
f 2975/500/960 2972/502/958 2974/655/959
f 2974/655/959 2976/656/961 2975/500/960
f 2975/500/960 2976/656/961 2977/498/962
f 2977/498/962 2976/656/961 2978/657/266
f 2979/496/266 2977/498/962 2978/657/266
f 2978/657/266 2980/495/963 2979/496/266
f 2980/495/963 2978/657/266 2981/658/964
f 2981/658/964 2982/493/965 2980/495/963
f 2982/493/965 2981/658/964 2983/659/965
f 2984/660/966 2982/493/965 2983/659/965
f 2982/493/965 2984/660/966 2985/490/966
f 2984/660/966 2986/488/967 2985/490/966
f 2986/488/967 2984/660/966 2987/661/968
f 2987/661/968 2988/487/969 2986/488/967
f 2988/487/969 2987/661/968 2989/662/970
f 2989/662/970 2990/485/385 2988/487/969
f 2990/485/385 2989/662/970 2991/663/294
f 2990/485/385 2991/663/294 2992/664/971
f 2993/483/972 2990/485/385 2992/664/971
f 2993/483/972 2992/664/971 2994/665/973
f 2995/481/973 2993/483/972 2994/665/973
f 2994/665/973 2996/479/974 2995/481/973
f 2996/479/974 2994/665/973 2997/666/974
f 2998/667/958 2999/668/975 3000/669/959
f 2998/667/958 3000/669/959 3001/670/960
f 3001/670/960 3000/669/959 3002/671/961
f 3001/670/960 3002/671/961 3003/672/976
f 3003/672/976 3002/671/961 3004/673/266
f 3004/673/266 3005/674/266 3003/672/976
f 3004/673/266 3006/675/963 3005/674/266
f 3006/675/963 3004/673/266 3007/676/964
f 3007/676/964 3008/677/965 3006/675/963
f 3008/677/965 3007/676/964 3009/678/965
f 3010/679/966 3008/677/965 3009/678/965
f 3008/677/965 3010/679/966 3011/680/966
f 3010/679/966 3012/681/967 3011/680/966
f 3012/681/967 3010/679/966 3013/682/968
f 3013/682/968 3014/683/977 3012/681/967
f 3014/683/977 3013/682/968 3015/684/970
f 3015/684/970 3016/685/385 3014/683/977
f 3016/685/385 3015/684/970 3017/686/294
f 3016/685/385 3017/686/294 3018/687/971
f 3018/687/971 3019/688/972 3016/685/385
f 3019/688/972 3018/687/971 3020/689/978
f 3020/689/978 3021/690/973 3019/688/972
f 3020/689/978 3022/691/979 3021/690/973
f 3022/691/979 3020/689/978 3023/692/979
f 3024/693/975 3025/694/975 3026/695/959
f 3024/693/975 3026/695/959 3027/696/980
f 3027/696/980 3026/695/959 3028/697/961
f 3027/696/980 3028/697/961 3029/698/962
f 3029/698/962 3028/697/961 3030/699/266
f 3030/699/266 3031/700/266 3029/698/962
f 3030/699/266 3032/701/963 3031/700/266
f 3032/701/963 3030/699/266 3033/702/964
f 3033/702/964 3034/703/965 3032/701/963
f 3034/703/965 3033/702/964 3035/704/965
f 3036/705/981 3034/703/965 3035/704/965
f 3034/703/965 3036/705/981 3037/706/966
f 3036/705/981 3038/707/982 3037/706/966
f 3038/707/982 3036/705/981 3039/708/968
f 3039/708/968 3040/709/977 3038/707/982
f 3040/709/977 3039/708/968 3041/710/970
f 3041/710/970 3042/711/385 3040/709/977
f 3042/711/385 3041/710/970 3043/712/294
f 3042/711/385 3043/712/294 3044/713/983
f 3044/713/983 3045/714/984 3042/711/385
f 3045/714/984 3044/713/983 3046/715/973
f 3046/715/973 3047/716/973 3045/714/984
f 3046/715/973 3048/717/979 3047/716/973
f 3048/717/979 3046/715/973 3049/718/979
f 3050/390/985 3051/201/986 3052/199/987
f 3050/390/985 3052/199/987 3053/719/988
f 3052/199/987 3054/202/989 3053/719/988
f 3053/719/988 3054/202/989 3055/394/990
f 3056/504/991 3057/505/992 3058/386/993
f 3058/386/993 3059/506/994 3056/504/991
f 3059/506/994 3058/386/993 3060/388/995
f 3061/507/996 3062/508/997 3059/506/994
f 3061/507/996 3059/506/994 3063/509/998
f 3060/388/995 3063/509/998 3059/506/994
f 3063/509/998 3060/388/995 3064/510/999
f 3065/720/1000 3066/721/1001 3067/722/1002
f 3068/723/1003 3067/722/1002 3066/721/1001
f 3067/722/1002 3068/723/1003 3069/724/1004
f 3070/725/1005 3069/724/1004 3068/723/1003
f 3071/726/1006 3069/724/1004 3070/725/1005
f 3069/724/1004 3071/726/1006 3072/727/1006
f 3072/727/1006 3071/726/1006 3073/728/1007
f 3074/729/325 3073/728/1007 3071/726/1006
f 3073/728/1007 3074/729/325 3075/730/1008
f 3076/731/1009 3075/730/1008 3074/729/325
f 3077/732/1010 3075/730/1008 3076/731/1009
f 3075/730/1008 3077/732/1010 3078/733/1011
f 3079/734/1012 3078/733/1011 3077/732/1010
f 3078/733/1011 3079/734/1012 3080/735/1013
f 3081/736/1014 3080/735/1013 3079/734/1012
f 3080/735/1013 3081/736/1014 3082/737/1015
f 3081/736/1014 3083/738/1016 3082/737/1015
f 3083/738/1016 3081/736/1014 3084/739/1016
f 3085/740/1017 3083/738/1016 3084/739/1016
f 3083/738/1016 3085/740/1017 3086/741/1018
f 3087/742/1019 3086/741/1018 3085/740/1017
f 3086/741/1018 3087/742/1019 3088/743/1020
f 3088/743/1020 3087/742/1019 3089/744/1021
f 3090/745/1001 3089/744/1021 3087/742/1019
f 3091/517/1022 3092/516/1023 3093/518/1024
f 3091/517/1022 3093/518/1024 3094/519/1025
f 3095/520/1026 3094/519/1025 3093/518/1024
f 3094/519/1025 3095/520/1026 3096/521/1027
f 3095/520/1026 3097/240/1028 3096/521/1027
f 3097/240/1028 3095/520/1026 3098/239/1029
f 3099/527/1030 3100/526/1031 3101/525/1032
f 3101/525/1032 3100/526/1031 3102/524/1033
f 3103/522/1034 3101/525/1032 3102/524/1033
f 3103/522/1034 3102/524/1033 3104/523/1035
f 3105/746/1036 3106/747/1037 3107/528/1037
f 3108/748/1037 3105/746/1036 3107/528/1037
f 3109/530/1037 3108/748/1037 3107/528/1037
f 3108/748/1037 3109/530/1037 3110/749/1036
f 3111/532/1036 3110/749/1036 3109/530/1037
f 3110/749/1036 3111/532/1036 3112/750/1036
f 3111/532/1036 3113/751/1036 3112/750/1036
f 3113/751/1036 3111/532/1036 3114/533/1036
f 3115/752/1036 3113/751/1036 3114/533/1036
f 3113/751/1036 3115/752/1036 3116/753/1036
f 3117/527/1036 3116/753/1036 3115/752/1036
f 3116/753/1036 3117/527/1036 3118/754/1038
f 3118/754/1038 3117/527/1036 3119/526/1036
f 3120/524/1036 3118/754/1038 3119/526/1036
f 3118/754/1038 3120/524/1036 3121/755/1036
f 3122/523/1036 3121/755/1036 3120/524/1036
f 3121/755/1036 3122/523/1036 3123/397/1036
f 3123/397/1036 3122/523/1036 3124/237/1036
f 3125/511/266 3126/512/936 3127/513/266
f 3128/514/266 3127/513/266 3126/512/936
f 3127/513/266 3128/514/266 3129/515/266
f 3130/409/1039 3131/408/1039 3132/542/1039
f 3131/408/1039 3133/541/1039 3132/542/1039
f 3132/542/1039 3133/541/1039 3134/540/1039
f 3135/539/1039 3134/540/1039 3133/541/1039
f 3135/539/1039 3136/537/1039 3134/540/1039
f 3136/537/1039 3135/539/1039 3137/538/1039
f 3138/516/1040 3139/517/1041 3140/518/1042
f 3141/519/1043 3140/518/1042 3139/517/1041
f 3141/519/1043 3142/520/1044 3140/518/1042
f 3142/520/1044 3141/519/1043 3143/521/1045
f 3142/520/1044 3143/521/1045 3144/239/1046
f 3144/239/1046 3143/521/1045 3145/240/1047
f 3146/522/1048 3147/523/1049 3148/524/1050
f 3148/524/1050 3149/525/1051 3146/522/1048
f 3148/524/1050 3150/526/1052 3149/525/1051
f 3151/527/1053 3149/525/1051 3150/526/1052
f 3152/531/1054 3153/533/1055 3154/532/1056
f 3154/532/1056 3155/529/1057 3152/531/1054
f 3154/532/1056 3156/530/1058 3155/529/1057
f 3157/528/1059 3155/529/1057 3156/530/1058
f 3158/543/1060 3159/544/1061 3160/545/1060
f 3161/546/1061 3160/545/1060 3159/544/1061
f 3161/546/1061 3162/547/1061 3160/545/1060
f 3162/547/1061 3161/546/1061 3163/548/1060
f 3164/268/425 3165/309/425 3166/270/425
f 3165/309/425 3167/306/425 3166/270/425
f 3167/306/425 3168/462/425 3166/270/425
f 3169/549/1062 3170/550/1063 3171/551/1064
f 3171/551/1064 3170/550/1063 3172/552/1065
f 3172/552/1065 3173/553/1066 3171/551/1064
f 3173/553/1066 3172/552/1065 3174/554/1067
f 3174/554/1067 3175/555/1068 3173/553/1066
f 3175/555/1068 3174/554/1067 3176/556/1069
f 3177/557/1070 3175/555/1068 3176/556/1069
f 3175/555/1068 3177/557/1070 3178/558/1071
f 3177/557/1070 3179/559/1072 3178/558/1071
f 3179/559/1072 3177/557/1070 3180/560/1073
f 3181/561/1074 3178/558/1071 3179/559/1072
f 3178/558/1071 3181/561/1074 3182/562/1075
f 3183/563/1076 3182/562/1075 3181/561/1074
f 3183/563/1076 3181/561/1074 3184/564/1077
f 3185/571/1078 3186/572/1079 3187/570/1080
f 3187/570/1080 3186/572/1079 3188/569/1081
f 3187/570/1080 3188/569/1081 3189/568/1082
f 3190/567/1083 3189/568/1082 3188/569/1081
f 3191/566/1084 3189/568/1082 3190/567/1083
f 3192/565/1085 3191/566/1084 3190/567/1083
f 3193/573/1086 3194/574/1087 3195/575/1088
f 3196/557/1089 3193/573/1086 3195/575/1088
f 3195/575/1088 3197/560/1090 3196/557/1089
f 3198/576/1091 3199/577/1092 3200/578/1093
f 3200/578/1093 3199/577/1092 3201/579/1094
f 3200/578/1093 3201/579/1094 3202/580/1095
f 3201/579/1094 3203/581/1096 3202/580/1095
f 3203/581/1096 3201/579/1094 3204/582/1097
f 3204/582/1097 3205/272/1098 3203/581/1096
f 3205/272/1098 3204/582/1097 3206/273/1099
f 3207/543/1061 3208/544/1061 3209/545/1061
f 3210/546/1061 3209/545/1061 3208/544/1061
f 3210/546/1061 3211/547/1061 3209/545/1061
f 3211/547/1061 3210/546/1061 3212/548/1061
f 3213/756/1100 3214/294/1101 3215/291/1102
f 3216/757/1103 3213/756/1100 3215/291/1102
f 3216/757/1103 3215/291/1102 3217/287/1104
f 3218/758/1105 3216/757/1103 3217/287/1104
f 3219/289/1106 3218/758/1105 3217/287/1104
f 3218/758/1105 3219/289/1106 3220/759/1107
f 3221/760/1108 3222/618/1109 3223/761/1110
f 3222/618/1109 3221/760/1108 3224/621/1111
f 3225/762/1112 3224/621/1111 3221/760/1108
f 3224/621/1111 3225/762/1112 3226/623/1112
f 3225/762/1112 3227/624/1113 3226/623/1112
f 3228/763/1114 3227/624/1113 3225/762/1112
f 3227/624/1113 3228/763/1114 3229/627/1115
f 3228/763/1114 3230/764/1116 3229/627/1115
f 3230/764/1116 3231/629/1117 3229/627/1115
f 3232/765/1117 3231/629/1117 3230/764/1116
f 3233/766/1118 3231/629/1117 3232/765/1117
f 3231/629/1117 3233/766/1118 3234/630/1119
f 3235/767/1120 3234/630/1119 3233/766/1118
f 3234/630/1119 3235/767/1120 3236/632/1121
f 3237/768/1122 3236/632/1121 3235/767/1120
f 3236/632/1121 3237/768/1122 3238/634/1122
f 3239/637/1123 3238/634/1122 3237/768/1122
f 3239/637/1123 3237/768/1122 3240/769/1124
f 3240/769/1124 3241/638/1125 3239/637/1123
f 3241/638/1125 3240/769/1124 3242/770/1126
f 3242/770/1126 3243/640/1127 3241/638/1125
f 3243/640/1127 3242/770/1126 3244/771/1127
f 3245/772/1110 3243/640/1127 3244/771/1127
f 3243/640/1127 3245/772/1110 3246/643/1128
f 3247/618/1129 3248/620/1130 3249/619/1131
f 3248/620/1130 3247/618/1129 3250/621/1132
f 3250/621/1132 3251/622/1133 3248/620/1130
f 3251/622/1133 3250/621/1132 3252/623/1133
f 3253/624/1134 3251/622/1133 3252/623/1133
f 3251/622/1133 3253/624/1134 3254/625/1134
f 3254/625/1134 3253/624/1134 3255/626/1135
f 3256/627/1136 3255/626/1135 3253/624/1134
f 3255/626/1135 3256/627/1136 3257/628/28
f 3258/629/28 3257/628/28 3256/627/1136
f 3259/630/1137 3257/628/28 3258/629/28
f 3257/628/28 3259/630/1137 3260/631/1138
f 3261/632/1139 3260/631/1138 3259/630/1137
f 3260/631/1138 3261/632/1139 3262/633/1140
f 3263/634/1141 3262/633/1140 3261/632/1139
f 3262/633/1140 3263/634/1141 3264/635/1141
f 3264/635/1141 3263/634/1141 3265/636/1142
f 3263/634/1141 3266/637/1142 3265/636/1142
f 3267/638/1143 3265/636/1142 3266/637/1142
f 3265/636/1142 3267/638/1143 3268/639/1144
f 3269/640/148 3268/639/1144 3267/638/1143
f 3268/639/1144 3269/640/148 3270/641/149
f 3269/640/148 3271/642/1145 3270/641/149
f 3271/642/1145 3269/640/148 3272/643/1146
f 3273/59/60 3274/773/148 3275/774/148
f 3273/59/60 3276/775/148 3274/773/148
f 3273/59/60 3277/56/149 3276/775/148
f 3276/775/148 3277/56/149 3278/644/60
f 3279/331/1147 3280/776/1147 3281/16/1148
f 3280/776/1147 3279/331/1147 3282/329/1147
f 3282/329/1147 3283/92/1147 3280/776/1147
f 3283/92/1147 3282/329/1147 3284/326/1147
f 3285/777/1149 3286/778/1149 3287/779/1149
f 3286/778/1149 3285/777/1149 3288/780/1149
f 3288/780/1149 3289/781/1149 3286/778/1149
f 3289/781/1149 3288/780/1149 3290/782/1149
f 3291/783/1150 3292/333/1150 3293/334/1150
f 3292/333/1150 3291/783/1150 3294/784/1150
f 3294/784/1150 3295/332/1150 3292/333/1150
f 3295/332/1150 3294/784/1150 3296/785/1150
f 3297/114/1151 3298/92/1152 3299/115/1152
f 3297/114/1151 3300/776/1152 3298/92/1152
f 3300/776/1152 3297/114/1151 3301/786/1152
f 3301/786/1152 3302/111/1153 3300/776/1152
f 3303/16/1152 3300/776/1152 3302/111/1153
f 3303/16/1152 3302/111/1153 3304/113/1153
f 3305/787/1154 3306/788/1155 3307/789/1156
f 3305/787/1154 3308/790/1157 3306/788/1155
f 3308/790/1157 3305/787/1154 3309/84/1158
f 3310/471/1159 3311/83/1159 3312/80/1160
f 3310/471/1159 3313/791/1159 3311/83/1159
f 3313/791/1159 3314/109/1159 3311/83/1159
f 3314/109/1159 3313/791/1159 3315/792/1161
f 3316/86/1162 3317/790/1163 3318/84/1163
f 3317/790/1163 3316/86/1162 3319/793/1162
f 3320/110/1162 3319/793/1162 3316/86/1162
f 3319/793/1162 3320/110/1162 3321/794/1162
f 3322/56/148 3323/645/60 3324/644/1164
f 3325/92/60 3323/645/60 3322/56/148
f 3325/92/60 3326/646/148 3323/645/60
f 3327/326/60 3326/646/148 3325/92/60
f 3328/647/148 3326/646/148 3327/326/60
f 3327/326/60 3329/70/148 3328/647/148
f 3330/648/60 3329/70/148 3327/326/60
f 3329/70/148 3330/648/60 3331/649/60
f 3329/70/148 3331/649/60 3332/72/149
f 3329/70/148 3333/650/149 3328/647/148
f 3333/650/149 3329/70/148 3334/42/148
f 3333/650/149 3334/42/148 3335/39/148
f 3336/55/148 3333/650/149 3335/39/148
f 3337/651/1165 3338/653/1166 3339/652/1167
f 3337/651/1165 3340/324/1168 3338/653/1166
f 3341/325/1169 3338/653/1166 3340/324/1168
f 3342/502/1170 3343/655/1171 3344/654/1170
f 3345/500/1172 3343/655/1171 3342/502/1170
f 3343/655/1171 3345/500/1172 3346/656/1173
f 3345/500/1172 3347/498/1174 3346/656/1173
f 3347/498/1174 3348/657/28 3346/656/1173
f 3349/496/28 3348/657/28 3347/498/1174
f 3350/495/1175 3348/657/28 3349/496/28
f 3348/657/28 3350/495/1175 3351/658/1176
f 3352/493/1177 3351/658/1176 3350/495/1175
f 3351/658/1176 3352/493/1177 3353/659/1177
f 3354/660/1178 3353/659/1177 3352/493/1177
f 3354/660/1178 3352/493/1177 3355/490/1178
f 3356/488/1179 3354/660/1178 3355/490/1178
f 3354/660/1178 3356/488/1179 3357/661/1180
f 3358/487/1181 3357/661/1180 3356/488/1179
f 3357/661/1180 3358/487/1181 3359/662/1182
f 3360/485/60 3359/662/1182 3358/487/1181
f 3359/662/1182 3360/485/60 3361/663/149
f 3360/485/60 3362/664/1183 3361/663/149
f 3363/483/1184 3362/664/1183 3360/485/60
f 3363/483/1184 3364/665/1185 3362/664/1183
f 3365/481/1186 3364/665/1185 3363/483/1184
f 3366/479/1187 3364/665/1185 3365/481/1186
f 3364/665/1185 3366/479/1187 3367/666/1187
f 3368/667/1170 3369/669/1171 3370/668/1170
f 3371/670/1172 3369/669/1171 3368/667/1170
f 3369/669/1171 3371/670/1172 3372/671/1188
f 3373/672/1189 3372/671/1188 3371/670/1172
f 3373/672/1189 3374/673/28 3372/671/1188
f 3375/674/28 3374/673/28 3373/672/1189
f 3376/675/1190 3374/673/28 3375/674/28
f 3374/673/28 3376/675/1190 3377/676/1191
f 3378/677/1177 3377/676/1191 3376/675/1190
f 3377/676/1191 3378/677/1177 3379/678/1177
f 3379/678/1177 3378/677/1177 3380/679/1178
f 3378/677/1177 3381/680/1178 3380/679/1178
f 3382/681/1179 3380/679/1178 3381/680/1178
f 3380/679/1178 3382/681/1179 3383/682/1180
f 3384/683/1181 3383/682/1180 3382/681/1179
f 3383/682/1180 3384/683/1181 3385/684/1182
f 3386/685/148 3385/684/1182 3384/683/1181
f 3385/684/1182 3386/685/148 3387/686/60
f 3386/685/148 3388/687/1183 3387/686/60
f 3389/688/1184 3388/687/1183 3386/685/148
f 3389/688/1184 3390/689/1186 3388/687/1183
f 3391/690/1192 3390/689/1186 3389/688/1184
f 3392/691/1187 3390/689/1186 3391/690/1192
f 3390/689/1186 3392/691/1187 3393/692/1187
f 3394/693/1170 3395/695/1171 3396/694/1170
f 3397/696/1172 3395/695/1171 3394/693/1170
f 3395/695/1171 3397/696/1172 3398/697/1173
f 3399/698/1189 3398/697/1173 3397/696/1172
f 3399/698/1189 3400/699/493 3398/697/1173
f 3401/700/28 3400/699/493 3399/698/1189
f 3402/701/1175 3400/699/493 3401/700/28
f 3400/699/493 3402/701/1175 3403/702/1191
f 3404/703/1177 3403/702/1191 3402/701/1175
f 3403/702/1191 3404/703/1177 3405/704/1177
f 3405/704/1177 3404/703/1177 3406/705/1193
f 3404/703/1177 3407/706/1178 3406/705/1193
f 3408/707/1179 3406/705/1193 3407/706/1178
f 3406/705/1193 3408/707/1179 3409/708/1194
f 3410/709/1181 3409/708/1194 3408/707/1179
f 3409/708/1194 3410/709/1181 3411/710/1182
f 3412/711/148 3411/710/1182 3410/709/1181
f 3411/710/1182 3412/711/148 3413/712/149
f 3412/711/148 3414/713/1183 3413/712/149
f 3415/714/1184 3414/713/1183 3412/711/148
f 3415/714/1184 3416/715/1186 3414/713/1183
f 3417/716/1192 3416/715/1186 3415/714/1184
f 3418/717/1187 3416/715/1186 3417/716/1192
f 3416/715/1186 3418/717/1187 3419/718/1187
f 3420/795/1195 3421/666/1196 3422/796/1197
f 3421/666/1196 3420/795/1195 3423/665/1198
f 3424/797/1199 3423/665/1198 3420/795/1195
f 3423/665/1198 3424/797/1199 3425/664/1199
f 3426/663/1200 3425/664/1199 3424/797/1199
f 3426/663/1200 3424/797/1199 3427/798/1201
f 3427/798/1201 3428/662/1202 3426/663/1200
f 3428/662/1202 3427/798/1201 3429/799/1203
f 3429/799/1203 3430/661/1204 3428/662/1202
f 3429/799/1203 3431/800/1205 3430/661/1204
f 3431/800/1205 3432/660/1206 3430/661/1204
f 3432/660/1206 3431/800/1205 3433/801/1206
f 3434/802/1207 3432/660/1206 3433/801/1206
f 3432/660/1206 3434/802/1207 3435/659/1208
f 3436/803/1209 3435/659/1208 3434/802/1207
f 3435/659/1208 3436/803/1209 3437/658/1210
f 3438/804/1211 3437/658/1210 3436/803/1209
f 3437/658/1210 3438/804/1211 3439/657/1212
f 3440/805/1213 3439/657/1212 3438/804/1211
f 3439/657/1212 3440/805/1213 3441/656/1214
f 3440/805/1213 3442/655/1215 3441/656/1214
f 3442/655/1215 3440/805/1213 3443/806/1216
f 3443/806/1216 3444/654/1196 3442/655/1215
f 3444/654/1196 3443/806/1216 3445/807/1217
f 3446/808/1218 3447/173/1219 3448/172/1220
f 3447/173/1219 3446/808/1218 3449/176/155
f 3450/809/1221 3449/176/155 3446/808/1218
f 3449/176/155 3450/809/1221 3451/810/155
f 3451/810/155 3450/809/1221 3452/811/1222
f 3453/812/155 3449/176/155 3451/810/155
f 3449/176/155 3453/812/155 3454/375/155
f 3451/810/155 3452/811/1222 3455/813/1223
f 3456/814/1224 3454/375/155 3453/812/155
f 3454/375/155 3456/814/1224 3457/815/154
f 3457/815/154 3458/178/1225 3454/375/155
f 3458/178/1225 3457/815/154 3459/181/1226
f 3456/814/1224 3453/812/155 3460/816/1227
f 3460/816/1227 3453/812/155 3461/817/1228
f 3461/817/1228 3451/810/155 3455/813/1223
f 3451/810/155 3461/817/1228 3453/812/155
f 3461/817/1228 3462/818/1229 3460/816/1227
f 3462/818/1229 3463/819/1224 3460/816/1227
f 3463/819/1224 3462/818/1229 3464/820/1230
f 3455/813/1223 3465/821/1231 3461/817/1228
f 3465/821/1231 3462/818/1229 3461/817/1228
f 3465/821/1231 3466/822/1232 3462/818/1229
f 3466/822/1232 3464/820/1230 3462/818/1229
f 3464/820/1230 3466/822/1232 3467/823/1233
f 3466/822/1232 3468/824/1234 3467/823/1233
f 3452/811/1222 3469/825/1231 3455/813/1223
f 3465/821/1231 3455/813/1223 3469/825/1231
f 3469/825/1231 3470/826/1235 3465/821/1231
f 3465/821/1231 3470/826/1235 3466/822/1232
f 3468/824/1234 3466/822/1232 3471/827/1236
f 3470/826/1235 3471/827/1236 3466/822/1232
f 3471/827/1236 3472/828/1237 3468/824/1234
f 3472/828/1237 3471/827/1236 3473/829/1238
f 3474/830/1239 3473/829/1238 3471/827/1236
f 3471/827/1236 3470/826/1235 3474/830/1239
f 3470/826/1235 3469/825/1231 3475/831/1240
f 3475/831/1240 3474/830/1239 3470/826/1235
f 3476/832/1241 3475/831/1240 3469/825/1231
f 3469/825/1231 3452/811/1222 3476/832/1241
f 3452/811/1222 3477/833/1242 3476/832/1241
f 3477/833/1242 3452/811/1222 3478/834/1243
f 3475/831/1240 3476/832/1241 3479/835/1244
f 3478/834/1243 3480/836/1245 3477/833/1242
f 3480/836/1245 3478/834/1243 3481/837/1218
f 3482/838/1246 3476/832/1241 3477/833/1242
f 3476/832/1241 3482/838/1246 3479/835/1244
f 3483/168/1247 3480/836/1245 3481/837/1218
f 3481/837/1218 3484/839/1248 3483/168/1247
f 3483/168/1247 3485/163/1249 3480/836/1245
f 3485/163/1249 3483/168/1247 3486/164/1250
f 3485/163/1249 3487/840/1251 3480/836/1245
f 3487/840/1251 3477/833/1242 3480/836/1245
f 3477/833/1242 3487/840/1251 3482/838/1246
f 3487/840/1251 3485/163/1249 3488/841/1252
f 3489/183/1253 3487/840/1251 3488/841/1252
f 3487/840/1251 3489/183/1253 3490/842/1254
f 3482/838/1246 3487/840/1251 3490/842/1254
f 3489/183/1253 3491/187/1255 3490/842/1254
f 3491/187/1255 3489/183/1253 3492/182/1256
f 3490/842/1254 3491/187/1255 3493/843/1257
f 3493/843/1257 3491/187/1255 3494/844/1258
f 3495/845/1259 3490/842/1254 3493/843/1257
f 3496/846/1260 3482/838/1246 3490/842/1254
f 3490/842/1254 3495/845/1259 3496/846/1260
f 3479/835/1244 3482/838/1246 3496/846/1260
f 3497/847/1261 3496/846/1260 3495/845/1259
f 3496/846/1260 3497/847/1261 3498/848/1262
f 3498/848/1262 3475/831/1240 3479/835/1244
f 3496/846/1260 3498/848/1262 3479/835/1244
f 3497/847/1261 3499/849/1263 3498/848/1262
f 3475/831/1240 3499/849/1263 3474/830/1239
f 3475/831/1240 3498/848/1262 3499/849/1263
f 3499/849/1263 3497/847/1261 3500/850/1264
f 3500/850/1264 3474/830/1239 3499/849/1263
f 3501/851/86 3500/850/1264 3497/847/1261
f 3502/852/1259 3501/851/86 3497/847/1261
f 3473/829/1238 3474/830/1239 3503/853/1265
f 3474/830/1239 3500/850/1264 3503/853/1265
f 3473/829/1238 3503/853/1265 3504/854/86
f 3501/851/86 3504/854/86 3500/850/1264
f 3504/854/86 3503/853/1265 3500/850/1264
f 3504/854/86 3505/855/1266 3473/829/1238
f 3501/851/86 3502/852/1259 3506/381/86
f 3506/381/86 3504/854/86 3501/851/86
f 3507/856/1257 3506/381/86 3502/852/1259
f 3507/856/1257 3508/192/1267 3506/381/86
f 3508/192/1267 3507/856/1257 3509/190/1268
f 3505/855/1266 3504/854/86 3510/379/86
f 3504/854/86 3506/381/86 3510/379/86
f 3505/855/1266 3510/379/86 3511/857/1269
f 3511/857/1269 3510/379/86 3512/194/1270
f 3511/857/1269 3512/194/1270 3513/196/1271
f 3514/390/1272 3515/199/1273 3516/201/1274
f 3515/199/1273 3514/390/1272 3517/719/1275
f 3515/199/1273 3517/719/1275 3518/202/1276
f 3517/719/1275 3519/394/1277 3518/202/1276
f 3520/386/1278 3521/505/1279 3522/504/1280
f 3523/506/1281 3520/386/1278 3522/504/1280
f 3520/386/1278 3523/506/1281 3524/388/1282
f 3525/509/1283 3524/388/1282 3523/506/1281
f 3524/388/1282 3525/509/1283 3526/510/1284
f 3525/509/1283 3523/506/1281 3527/507/1285
f 3527/507/1285 3523/506/1281 3528/508/1286
f 3529/722/536 3530/721/1287 3531/720/1288
f 3530/721/1287 3529/722/536 3532/723/1289
f 3533/724/1290 3532/723/1289 3529/722/536
f 3532/723/1289 3533/724/1290 3534/725/1291
f 3533/724/1290 3535/726/1292 3534/725/1291
f 3535/726/1292 3533/724/1290 3536/727/1292
f 3535/726/1292 3536/727/1292 3537/728/1293
f 3535/726/1292 3537/728/1293 3538/729/89
f 3538/729/89 3537/728/1293 3539/730/1294
f 3538/729/89 3539/730/1294 3540/731/445
f 3539/730/1294 3541/732/1295 3540/731/445
f 3541/732/1295 3539/730/1294 3542/733/1296
f 3542/733/1296 3543/734/1297 3541/732/1295
f 3543/734/1297 3542/733/1296 3544/735/1298
f 3544/735/1298 3545/736/1299 3543/734/1297
f 3545/736/1299 3544/735/1298 3546/737/1300
f 3547/738/1301 3545/736/1299 3546/737/1300
f 3547/738/1301 3548/739/1301 3545/736/1299
f 3547/738/1301 3549/740/1302 3548/739/1301
f 3549/740/1302 3547/738/1301 3550/741/1303
f 3550/741/1303 3551/742/1304 3549/740/1302
f 3551/742/1304 3550/741/1303 3552/743/1305
f 3553/744/1306 3551/742/1304 3552/743/1305
f 3551/742/1304 3553/744/1306 3554/745/1287
f 3555/858/543 3556/434/543 3557/433/543
f 3556/434/543 3555/858/543 3558/859/1307
f 3559/405/543 3558/859/1307 3555/858/543
f 3559/405/543 3560/406/543 3558/859/1307
f 3561/860/543 3558/859/1307 3560/406/543
f 3562/535/815 3563/404/815 3564/403/815
f 3563/404/815 3562/535/815 3565/534/815
f 3565/534/815 3562/535/815 3566/536/815
f 3567/514/1308 3568/528/1309 3569/747/1310
f 3568/528/1309 3567/514/1308 3570/512/1311
f 3570/512/1311 3571/529/1312 3568/528/1309
f 3571/529/1312 3570/512/1311 3572/861/1313
f 3572/861/1313 3573/531/1314 3571/529/1312
f 3573/531/1314 3572/861/1313 3574/862/1315
f 3574/862/1315 3575/533/1316 3573/531/1314
f 3575/533/1316 3574/862/1315 3576/752/1317
f 3576/752/1317 3574/862/1315 3577/863/1317
f 3578/863/1318 3579/527/1319 3576/752/1320
f 3579/527/1319 3578/863/1318 3580/525/1321
f 3580/525/1321 3578/863/1318 3581/864/1322
f 3581/864/1322 3582/522/1323 3580/525/1321
f 3582/522/1323 3581/864/1322 3583/865/1324
f 3583/865/1324 3584/523/849 3582/522/1323
f 3584/523/849 3583/865/1324 3585/235/1325
f 3584/523/849 3585/235/1325 3586/237/1326
f 3587/541/824 3588/409/824 3589/408/824
f 3588/409/824 3587/541/824 3590/542/824
f 3591/539/824 3590/542/824 3587/541/824
f 3590/542/824 3591/539/824 3592/540/824
f 3593/538/824 3592/540/824 3591/539/824
f 3592/540/824 3593/538/824 3594/537/824
f 3595/866/1327 3596/432/1328 3597/431/1329
f 3596/432/1328 3595/866/1327 3598/867/1330
f 3599/868/1331 3598/867/1330 3595/866/1327
f 3598/867/1330 3599/868/1331 3600/869/1332
f 3601/245/1333 3600/869/1332 3599/868/1331
f 3600/869/1332 3601/245/1333 3602/242/1334
f 3603/397/1335 3604/523/1335 3605/237/1335
f 3606/755/1335 3604/523/1335 3603/397/1335
f 3604/523/1335 3606/755/1335 3607/524/1335
f 3606/755/1335 3608/526/1335 3607/524/1335
f 3608/526/1335 3606/755/1335 3609/754/1335
f 3609/754/1335 3610/527/1336 3608/526/1335
f 3611/753/1335 3610/527/1336 3609/754/1335
f 3610/527/1336 3611/753/1335 3612/752/1335
f 3613/533/1335 3612/752/1335 3611/753/1335
f 3611/753/1335 3614/751/1336 3613/533/1335
f 3614/751/1336 3615/532/1335 3613/533/1335
f 3615/532/1335 3614/751/1336 3616/750/1335
f 3616/750/1335 3617/530/1335 3615/532/1335
f 3617/530/1335 3616/750/1335 3618/749/1335
f 3619/748/1335 3617/530/1335 3618/749/1335
f 3617/530/1335 3619/748/1335 3620/528/1337
f 3619/748/1335 3621/747/1335 3620/528/1337
f 3621/747/1335 3619/748/1335 3622/746/1335
f 3623/746/1338 3624/528/1338 3625/747/1338
f 3624/528/1338 3623/746/1338 3626/748/1338
f 3626/748/1338 3627/530/1338 3624/528/1338
f 3627/530/1338 3626/748/1338 3628/749/1338
f 3629/532/1338 3627/530/1338 3628/749/1338
f 3628/749/1338 3630/750/1338 3629/532/1338
f 3631/751/1338 3629/532/1338 3630/750/1338
f 3629/532/1338 3631/751/1338 3632/533/1338
f 3631/751/1338 3633/752/1338 3632/533/1338
f 3633/752/1338 3631/751/1338 3634/753/1338
f 3634/753/1338 3635/527/1338 3633/752/1338
f 3636/754/1338 3635/527/1338 3634/753/1338
f 3635/527/1338 3636/754/1338 3637/526/1338
f 3636/754/1338 3638/524/1338 3637/526/1338
f 3638/524/1338 3636/754/1338 3639/755/1338
f 3639/755/1338 3640/523/1338 3638/524/1338
f 3641/397/1338 3640/523/1338 3639/755/1338
f 3640/523/1338 3641/397/1338 3642/237/1338
f 3643/513/28 3644/512/28 3645/511/28
f 3644/512/28 3643/513/28 3646/514/28
f 3646/514/28 3643/513/28 3647/515/493
f 3648/528/1339 3649/514/1340 3650/747/1341
f 3649/514/1340 3648/528/1339 3651/512/1342
f 3651/512/1342 3648/528/1339 3652/529/1343
f 3652/529/1343 3653/861/1344 3651/512/1342
f 3653/861/1344 3652/529/1343 3654/531/1345
f 3654/531/1345 3655/862/1346 3653/861/1344
f 3656/533/1347 3655/862/1346 3654/531/1345
f 3657/752/1348 3655/862/1346 3656/533/1347
f 3655/862/1346 3657/752/1348 3658/863/1349
f 3659/527/1349 3660/863/1350 3657/752/1349
f 3660/863/1350 3659/527/1349 3661/525/1351
f 3660/863/1350 3661/525/1351 3662/864/1352
f 3663/522/1353 3662/864/1352 3661/525/1351
f 3662/864/1352 3663/522/1353 3664/865/1354
f 3665/523/1355 3664/865/1354 3663/522/1353
f 3664/865/1354 3665/523/1355 3666/235/1356
f 3666/235/1356 3665/523/1355 3667/237/1357
f 3668/867/1358 3669/431/1358 3670/432/1359
f 3669/431/1358 3668/867/1358 3671/866/1360
f 3672/869/1360 3671/866/1360 3668/867/1358
f 3671/866/1360 3672/869/1360 3673/868/1361
f 3672/869/1360 3674/242/1362 3673/868/1361
f 3675/245/1362 3673/868/1361 3674/242/1362
f 3676/564/866 3677/870/866 3678/563/1363
f 3677/870/866 3676/564/866 3679/260/851
f 3677/870/866 3679/260/851 3680/259/183
f 3681/871/1364 3682/872/1365 3683/571/1366
f 3681/871/1364 3683/571/1366 3684/570/1367
f 3684/570/1367 3685/873/1368 3681/871/1364
f 3685/873/1368 3684/570/1367 3686/568/1369
f 3687/874/1370 3685/873/1368 3686/568/1369
f 3687/874/1370 3686/568/1369 3688/566/1371
f 3687/874/1370 3688/566/1371 3689/565/1372
f 3690/583/1373 3691/585/1374 3692/584/1375
f 3693/587/1376 3691/585/1374 3690/583/1373
f 3693/587/1376 3690/583/1373 3694/586/1377
f 3695/588/1378 3693/587/1376 3694/586/1377
f 3696/589/1379 3693/587/1376 3695/588/1378
f 3695/588/1378 3697/263/1380 3696/589/1379
f 3697/263/1380 3698/590/1381 3696/589/1379
f 3699/261/1382 3696/589/1379 3698/590/1381
f 3699/261/1382 3698/590/1381 3700/259/1383
f 3700/259/1383 3698/590/1381 3701/591/1384
f 3697/263/1380 3695/588/1378 3702/262/1385
f 3703/592/1386 3698/590/1381 3697/263/1380
f 3703/592/1386 3704/591/1387 3698/590/1381
f 3705/593/1319 3704/591/1387 3703/592/1386
f 3706/594/1388 3703/592/1386 3697/263/1380
f 3707/264/1389 3706/594/1388 3697/263/1380
f 3703/592/1386 3706/594/1388 3708/595/1390
f 3703/592/1386 3708/595/1390 3705/593/1319
f 3709/596/1391 3705/593/1319 3708/595/1390
f 3710/597/1392 3706/594/1388 3707/264/1389
f 3710/597/1392 3708/595/1390 3706/594/1388
f 3711/450/1393 3710/597/1392 3707/264/1389
f 3710/597/1392 3711/450/1393 3712/598/1394
f 3708/595/1390 3710/597/1392 3713/599/1395
f 3712/598/1394 3713/599/1395 3710/597/1392
f 3713/599/1395 3709/596/1391 3708/595/1390
f 3709/596/1391 3713/599/1395 3714/600/1396
f 3715/601/1397 3714/600/1396 3713/599/1395
f 3713/599/1395 3712/598/1394 3715/601/1397
f 3714/600/1396 3715/601/1397 3716/602/1398
f 3702/262/1385 3695/588/1378 3717/603/1399
f 3718/449/1400 3702/262/1385 3717/603/1399
f 3719/604/1401 3718/449/1400 3717/603/1399
f 3717/603/1399 3695/588/1378 3720/605/1402
f 3695/588/1378 3721/586/1403 3720/605/1402
f 3722/606/909 3717/603/1399 3720/605/1402
f 3717/603/1399 3722/606/909 3723/604/1404
f 3724/607/1405 3722/606/909 3720/605/1402
f 3721/586/1403 3724/607/1405 3720/605/1402
f 3721/586/1403 3725/583/1406 3724/607/1405
f 3722/606/909 3724/607/1405 3726/608/1407
f 3727/584/1408 3724/607/1405 3725/583/1406
f 3728/610/1409 3724/607/1405 3727/584/1408
f 3728/610/1409 3726/608/1407 3724/607/1405
f 3726/608/1407 3728/610/1409 3729/609/1410
f 3727/584/1408 3730/574/1411 3728/610/1409
f 3728/610/1409 3731/611/1412 3729/609/1410
f 3728/610/1409 3730/574/1411 3732/612/1413
f 3731/611/1412 3728/610/1409 3732/612/1413
f 3732/612/1413 3733/613/1414 3731/611/1412
f 3730/574/1411 3734/614/1415 3732/612/1413
f 3733/613/1414 3732/612/1413 3734/614/1415
f 3734/614/1415 3730/574/1411 3735/573/1416
f 3735/573/1416 3736/615/1417 3734/614/1415
f 3734/614/1415 3736/615/1417 3733/613/1414
f 3736/615/1417 3735/573/1416 3737/557/1418
f 3736/615/1417 3738/616/925 3733/613/1414
f 3738/616/925 3736/615/1417 3739/617/1419
f 3740/304/188 3741/267/188 3742/266/188
f 3741/267/188 3740/304/188 3743/306/188
f 3741/267/188 3743/306/188 3744/462/1420
f 3745/270/188 3746/309/188 3747/268/188
f 3746/309/188 3745/270/188 3748/306/188
f 3748/306/188 3745/270/188 3749/462/1420
f 3750/875/1421 3751/876/1422 3752/877/1423
f 3751/876/1422 3750/875/1421 3753/878/1424
f 3754/879/1425 3753/878/1424 3750/875/1421
f 3753/878/1424 3754/879/1425 3755/880/1426
f 3754/879/1425 3756/881/1427 3755/880/1426
f 3756/881/1427 3754/879/1425 3757/882/1428
f 3758/883/1429 3759/884/1429 3760/885/1430
f 3759/884/1429 3758/883/1429 3761/886/1431
f 3761/886/1431 3762/271/1431 3759/884/1429
f 3762/271/1431 3761/886/1431 3763/274/1432
f 3764/887/1433 3765/883/1434 3766/885/1435
f 3767/888/1436 3765/883/1434 3764/887/1433
f 3768/889/1437 3767/888/1436 3764/887/1433
f 3769/890/1438 3767/888/1436 3768/889/1437
f 3770/877/1439 3769/890/1438 3768/889/1437
f 3769/890/1438 3770/877/1439 3771/876/1440
f 3772/891/1441 3773/887/1442 3774/885/1441
f 3773/887/1442 3772/891/1441 3775/892/1443
f 3775/892/1443 3776/889/1443 3773/887/1442
f 3776/889/1443 3775/892/1443 3777/893/1444
f 3777/893/1444 3778/877/1443 3776/889/1443
f 3778/877/1443 3777/893/1444 3779/894/1445
f 3779/894/1445 3780/875/1443 3778/877/1443
f 3780/875/1443 3779/894/1445 3781/879/1444
f 3781/879/1444 3779/894/1445 3782/882/1446
f 3783/884/1447 3784/891/1447 3785/885/1447
f 3786/895/1447 3784/891/1447 3783/884/1447
f 3787/271/1447 3786/895/1447 3783/884/1447
f 3788/896/1447 3786/895/1447 3787/271/1447
f 3789/273/1447 3788/896/1447 3787/271/1447
f 3790/897/1447 3788/896/1447 3789/273/1447
f 3791/582/1447 3790/897/1447 3789/273/1447
f 3792/898/1447 3790/897/1447 3791/582/1447
f 3791/582/1447 3793/579/1447 3792/898/1447
f 3794/577/1447 3792/898/1447 3793/579/1447
f 3795/560/1448 3796/575/1449 3797/557/1450
f 3798/573/1451 3797/557/1450 3796/575/1449
f 3798/573/1451 3796/575/1449 3799/574/1452
f 3800/870/193 3801/564/1453 3802/563/1450
f 3801/564/1453 3800/870/193 3803/260/1454
f 3800/870/193 3804/259/1455 3803/260/1454
f 3805/551/1456 3806/550/1457 3807/549/1458
f 3805/551/1456 3808/552/1459 3806/550/1457
f 3809/553/1460 3808/552/1459 3805/551/1456
f 3808/552/1459 3809/553/1460 3810/554/1461
f 3811/555/1462 3810/554/1461 3809/553/1460
f 3810/554/1461 3811/555/1462 3812/556/1463
f 3811/555/1462 3813/557/1464 3812/556/1463
f 3813/557/1464 3811/555/1462 3814/558/1465
f 3815/559/1466 3813/557/1464 3814/558/1465
f 3813/557/1464 3815/559/1466 3816/560/1467
f 3817/561/1454 3815/559/1466 3814/558/1465
f 3814/558/1465 3818/562/1468 3817/561/1454
f 3819/563/1469 3817/561/1454 3818/562/1468
f 3820/564/1470 3817/561/1454 3819/563/1469
f 3821/871/1471 3822/571/1472 3823/872/1473
f 3822/571/1472 3821/871/1471 3824/570/1474
f 3825/873/1475 3824/570/1474 3821/871/1471
f 3825/873/1475 3826/568/1476 3824/570/1474
f 3825/873/1475 3827/874/1477 3826/568/1476
f 3826/568/1476 3827/874/1477 3828/566/1478
f 3827/874/1477 3829/565/1479 3828/566/1478
f 3830/570/1480 3831/572/862 3832/571/1481
f 3831/572/862 3830/570/1480 3833/569/1482
f 3833/569/1482 3830/570/1480 3834/568/1483
f 3834/568/1483 3835/567/1484 3833/569/1482
f 3836/566/1485 3835/567/1484 3834/568/1483
f 3837/565/1486 3835/567/1484 3836/566/1485
f 3838/267/1487 3839/304/198 3840/266/198
f 3839/304/198 3838/267/1487 3841/306/198
f 3838/267/1487 3842/462/198 3841/306/198
f 3843/880/1488 3844/881/1489 3845/882/1490
f 3843/880/1488 3845/882/1490 3846/879/1491
f 3847/878/1492 3843/880/1488 3846/879/1491
f 3848/875/1493 3847/878/1492 3846/879/1491
f 3849/876/1494 3847/878/1492 3848/875/1493
f 3848/875/1493 3850/877/1495 3849/876/1494
f 3851/576/868 3852/578/1496 3853/577/1497
f 3852/578/1496 3854/579/1498 3853/577/1497
f 3852/578/1496 3855/580/1499 3854/579/1498
f 3856/581/1500 3854/579/1498 3855/580/1499
f 3854/579/1498 3856/581/1500 3857/582/1501
f 3858/272/1502 3857/582/1501 3856/581/1500
f 3857/582/1501 3858/272/1502 3859/273/1503
f 3860/884/1504 3861/883/1505 3862/885/1506
f 3861/883/1505 3860/884/1504 3863/886/1507
f 3864/271/1508 3863/886/1507 3860/884/1504
f 3863/886/1507 3864/271/1508 3865/274/1509
f 3866/888/1510 3867/885/1511 3868/883/1512
f 3867/885/1511 3866/888/1510 3869/887/1513
f 3870/890/1514 3869/887/1513 3866/888/1510
f 3869/887/1513 3870/890/1514 3871/889/1515
f 3872/876/1516 3871/889/1515 3870/890/1514
f 3871/889/1515 3872/876/1516 3873/877/1517
f 3874/885/1518 3875/892/1518 3876/891/1519
f 3875/892/1518 3874/885/1518 3877/887/1518
f 3877/887/1518 3878/893/1518 3875/892/1518
f 3878/893/1518 3877/887/1518 3879/889/1518
f 3879/889/1518 3880/894/1518 3878/893/1518
f 3880/894/1518 3879/889/1518 3881/877/1518
f 3882/875/1518 3880/894/1518 3881/877/1518
f 3880/894/1518 3882/875/1518 3883/879/1518
f 3883/879/1518 3884/882/1443 3880/894/1518
f 3885/895/1447 3886/885/1447 3887/891/1447
f 3886/885/1447 3885/895/1447 3888/884/1447
f 3889/896/1447 3888/884/1447 3885/895/1447
f 3888/884/1447 3889/896/1447 3890/271/1447
f 3891/273/1447 3890/271/1447 3889/896/1447
f 3889/896/1447 3892/897/1447 3891/273/1447
f 3893/582/1447 3891/273/1447 3892/897/1447
f 3892/897/1447 3894/898/1447 3893/582/1447
f 3895/579/1447 3893/582/1447 3894/898/1447
f 3894/898/1447 3896/577/1447 3895/579/1447
f 3897/899/1520 3898/900/1521 3899/901/1522
f 3898/900/1521 3897/899/1520 3900/902/1523
f 3901/903/1524 3900/902/1523 3897/899/1520
f 3900/902/1523 3901/903/1524 3902/904/1524
f 3901/903/1524 3903/905/1525 3902/904/1524
f 3903/905/1525 3901/903/1524 3904/906/1526
f 3905/907/1527 3903/905/1525 3904/906/1526
f 3903/905/1525 3905/907/1527 3906/908/1528
f 3907/909/1526 3906/908/1528 3905/907/1527
f 3908/910/1526 3906/908/1528 3907/909/1526
f 3909/911/1529 3908/910/1526 3907/909/1526
f 3908/910/1526 3909/911/1529 3910/912/1529
f 3909/911/1529 3911/913/1525 3910/912/1529
f 3911/913/1525 3909/911/1529 3912/914/1530
f 3912/914/1530 3913/915/1531 3911/913/1525
f 3914/916/1531 3911/913/1525 3913/915/1531
f 3915/917/1532 3916/918/1533 3917/919/1531
f 3916/918/1533 3915/917/1532 3918/920/1534
f 3918/920/1534 3919/921/1535 3916/918/1533
f 3919/921/1535 3918/920/1534 3920/922/1536
f 3920/922/1536 3921/923/1537 3919/921/1535
f 3921/923/1537 3922/924/1537 3919/921/1535
f 3921/923/1537 3923/925/1538 3922/924/1537
f 3923/925/1538 3921/923/1537 3924/926/1539
f 3925/927/1540 3923/925/1538 3924/926/1539
f 3924/926/1539 3926/928/1540 3925/927/1540
f 3926/928/1540 3927/929/1541 3925/927/1540
f 3927/929/1541 3926/928/1540 3928/930/1541
f 3929/931/1540 3927/929/1541 3928/930/1541
f 3927/929/1541 3929/931/1540 3930/932/1540
f 3929/931/1540 3931/933/1522 3930/932/1540
f 3931/933/1522 3929/931/1540 3932/934/1522
f 3933/935/1542 3934/936/1543 3935/937/1544
f 3934/936/1543 3933/935/1542 3936/938/1545
f 3936/938/1545 3937/939/1546 3934/936/1543
f 3937/939/1546 3936/938/1545 3938/940/1547
f 3939/941/1548 3937/939/1546 3938/940/1547
f 3940/942/1549 3937/939/1546 3939/941/1548
f 3941/943/188 3942/938/188 3943/935/188
f 3942/938/188 3941/943/188 3944/940/188
f 3945/944/188 3944/940/188 3941/943/188
f 3944/940/188 3945/944/188 3946/941/188
f 3947/945/1420 3946/941/188 3945/944/188
f 3946/941/188 3947/945/1420 3948/946/188
f 3947/945/1420 3949/947/1420 3948/946/188
f 3949/947/1420 3947/945/1420 3950/948/1420
f 3951/294/1550 3952/757/1551 3953/756/1552
f 3952/757/1551 3951/294/1550 3954/291/1553
f 3954/291/1553 3955/758/1554 3952/757/1551
f 3955/758/1554 3954/291/1553 3956/287/1555
f 3957/289/1556 3955/758/1554 3956/287/1555
f 3955/758/1554 3957/289/1556 3958/759/1549
f 3959/949/1557 3960/950/1558 3961/951/1559
f 3959/949/1557 3961/951/1559 3962/952/1560
f 3962/952/1560 3963/953/1561 3959/949/1557
f 3963/953/1561 3962/952/1560 3964/954/1562
f 3965/955/1563 3966/956/1564 3967/957/1565
f 3965/955/1563 3968/958/1566 3966/956/1564
f 3969/959/1567 3968/958/1566 3965/955/1563
f 3968/958/1566 3969/959/1567 3970/960/1568
f 3971/961/1569 3970/960/1568 3969/959/1567
f 3970/960/1568 3971/961/1569 3972/962/1570
f 3973/298/1571 3974/759/1572 3975/289/1573
f 3974/759/1572 3973/298/1571 3976/963/1574
f 3977/295/1575 3976/963/1574 3973/298/1571
f 3976/963/1574 3977/295/1575 3978/964/1576
f 3977/295/1575 3979/756/1577 3978/964/1576
f 3979/756/1577 3977/295/1575 3980/294/1578
f 3981/965/198 3982/966/198 3983/967/198
f 3982/966/198 3981/965/198 3984/968/198
f 3984/968/198 3985/969/198 3982/966/198
f 3985/969/198 3984/968/198 3986/970/198
f 3985/969/198 3986/970/198 3987/971/198
f 3986/970/198 3988/972/198 3987/971/198
f 3988/972/198 3989/973/198 3987/971/198
f 3987/971/198 3989/973/198 3990/974/198
f 3991/958/198 3992/975/198 3993/956/198
f 3992/975/198 3991/958/198 3994/976/198
f 3995/960/198 3994/976/198 3991/958/198
f 3994/976/198 3995/960/198 3996/977/198
f 3997/962/198 3996/977/198 3995/960/198
f 3996/977/198 3997/962/198 3998/978/198
f 3999/950/198 3998/978/198 3997/962/198
f 3998/978/198 3999/950/198 4000/979/198
f 3999/950/198 4001/980/198 4000/979/198
f 4001/980/198 3999/950/198 4002/949/198
f 4003/953/198 4001/980/198 4002/949/198
f 4001/980/198 4003/953/198 4004/981/198
f 4005/982/1579 4006/983/1580 4007/984/1581
f 4007/984/1581 4008/985/1582 4005/982/1579
f 4008/985/1582 4009/986/1583 4005/982/1579
f 4008/985/1582 4010/987/1584 4009/986/1583
f 4010/987/1584 4011/988/1585 4009/986/1583
f 4011/988/1585 4010/987/1584 4012/989/1586
f 4012/989/1586 4013/990/1587 4011/988/1585
f 4013/990/1587 4012/989/1586 4014/991/1587
f 4015/992/1588 4013/990/1587 4014/991/1587
f 4013/990/1587 4015/992/1588 4016/993/1589
f 4017/994/1590 4016/993/1589 4015/992/1588
f 4016/993/1589 4017/994/1590 4018/995/1591
f 4019/993/188 4020/995/188 4021/996/188
f 4021/996/188 4022/997/188 4019/993/188
f 4023/990/188 4019/993/188 4022/997/188
f 4022/997/188 4024/998/188 4023/990/188
f 4025/999/188 4023/990/188 4024/998/188
f 4023/990/188 4025/999/188 4026/988/188
f 4027/1000/188 4026/988/188 4025/999/188
f 4026/988/188 4027/1000/188 4028/986/188
f 4029/1001/188 4028/986/188 4027/1000/188
f 4028/986/188 4029/1001/188 4030/982/1592
f 4031/983/188 4030/982/1592 4029/1001/188
f 4029/1001/188 4032/1002/188 4031/983/188
f 4033/1003/1593 4034/996/1594 4035/1004/1595
f 4034/996/1594 4033/1003/1593 4036/997/1596
f 4037/1005/1597 4036/997/1596 4033/1003/1593
f 4036/997/1596 4037/1005/1597 4038/998/1598
f 4037/1005/1597 4039/999/1599 4038/998/1598
f 4039/999/1599 4037/1005/1597 4040/1006/1600
f 4040/1006/1600 4041/1000/1601 4039/999/1599
f 4041/1000/1601 4040/1006/1600 4042/1007/1601
f 4043/1008/1602 4041/1000/1601 4042/1007/1601
f 4041/1000/1601 4043/1008/1602 4044/1001/1603
f 4045/1002/1604 4044/1001/1603 4043/1008/1602
f 4043/1008/1602 4046/1009/1605 4045/1002/1604
f 4047/1008/1606 4048/1010/1607 4049/1009/1608
f 4048/1010/1607 4047/1008/1606 4050/1011/1609
f 4051/1007/1610 4050/1011/1609 4047/1008/1606
f 4050/1011/1609 4051/1007/1610 4052/1012/1610
f 4051/1007/1610 4053/1013/1611 4052/1012/1610
f 4053/1013/1611 4051/1007/1610 4054/1006/1611
f 4055/1005/1612 4053/1013/1611 4054/1006/1611
f 4053/1013/1611 4055/1005/1612 4056/1014/1613
f 4057/1003/1614 4056/1014/1613 4055/1005/1612
f 4056/1014/1613 4057/1003/1614 4058/1015/1614
f 4057/1003/1614 4059/1016/1615 4058/1015/1614
f 4057/1003/1614 4060/1004/1616 4059/1016/1615
f 4061/937/1544 4062/936/1617 4063/935/1618
f 4063/935/1618 4062/936/1617 4064/938/1619
f 4065/939/1620 4064/938/1619 4062/936/1617
f 4064/938/1619 4065/939/1620 4066/940/1621
f 4067/942/1622 4066/940/1621 4065/939/1620
f 4066/940/1621 4067/942/1622 4068/941/1623
f 4069/758/1624 4070/759/1622 4071/289/1625
f 4072/287/1626 4069/758/1624 4071/289/1625
f 4073/757/1627 4069/758/1624 4072/287/1626
f 4073/757/1627 4072/287/1626 4074/291/1628
f 4074/291/1628 4075/756/1629 4073/757/1627
f 4075/756/1629 4074/291/1628 4076/294/1630
f 4077/938/188 4078/943/188 4079/935/188
f 4078/943/188 4077/938/188 4080/940/188
f 4080/940/188 4081/944/188 4078/943/188
f 4081/944/188 4080/940/188 4082/941/188
f 4082/941/188 4083/946/188 4081/944/188
f 4081/944/188 4083/946/188 4084/945/188
f 4085/947/188 4084/945/188 4083/946/188
f 4084/945/188 4085/947/188 4086/948/1420
f 4087/955/1631 4088/957/1632 4089/956/1564
f 4089/956/1564 4090/958/1633 4087/955/1631
f 4090/958/1633 4091/959/1634 4087/955/1631
f 4091/959/1634 4090/958/1633 4092/960/1635
f 4092/960/1635 4093/961/1636 4091/959/1634
f 4093/961/1636 4092/960/1635 4094/962/1637
f 4095/966/198 4096/965/198 4097/967/198
f 4096/965/198 4095/966/198 4098/968/198
f 4099/969/198 4098/968/198 4095/966/198
f 4098/968/198 4099/969/198 4100/970/198
f 4099/969/198 4101/972/198 4100/970/198
f 4101/972/198 4099/969/198 4102/971/198
f 4101/972/198 4102/971/198 4103/973/198
f 4102/971/198 4104/974/1487 4103/973/198
f 4105/294/1638 4106/964/1639 4107/756/1640
f 4106/964/1639 4105/294/1638 4108/295/1641
f 4108/295/1641 4109/963/1642 4106/964/1639
f 4109/963/1642 4108/295/1641 4110/298/1643
f 4110/298/1643 4111/289/1644 4109/963/1642
f 4112/759/1636 4109/963/1642 4111/289/1644
f 4113/975/198 4114/958/198 4115/956/198
f 4114/958/198 4113/975/198 4116/976/198
f 4116/976/198 4117/960/198 4114/958/198
f 4117/960/198 4116/976/198 4118/977/198
f 4118/977/198 4119/962/198 4117/960/198
f 4119/962/198 4118/977/198 4120/978/198
f 4120/978/198 4121/950/198 4119/962/198
f 4121/950/198 4120/978/198 4122/979/198
f 4121/950/198 4122/979/198 4123/980/198
f 4124/949/198 4121/950/198 4123/980/198
f 4123/980/198 4125/953/198 4124/949/198
f 4125/953/198 4123/980/198 4126/981/198
f 4127/994/1645 4128/992/1646 4129/995/1647
f 4130/993/1648 4129/995/1647 4128/992/1646
f 4131/991/1649 4130/993/1648 4128/992/1646
f 4130/993/1648 4131/991/1649 4132/990/1650
f 4131/991/1649 4133/988/1651 4132/990/1650
f 4133/988/1651 4131/991/1649 4134/989/1651
f 4134/989/1651 4135/987/1652 4133/988/1651
f 4136/986/1653 4133/988/1651 4135/987/1652
f 4137/985/1654 4136/986/1653 4135/987/1652
f 4136/986/1653 4137/985/1654 4138/982/1655
f 4137/985/1654 4139/983/1656 4138/982/1655
f 4139/983/1656 4137/985/1654 4140/984/1657
f 4141/1002/188 4142/982/188 4143/983/188
f 4142/982/188 4141/1002/188 4144/1001/188
f 4144/1001/188 4145/986/188 4142/982/188
f 4145/986/188 4144/1001/188 4146/1000/188
f 4146/1000/188 4147/999/1592 4145/986/188
f 4148/988/1592 4145/986/188 4147/999/1592
f 4149/998/188 4148/988/1592 4147/999/1592
f 4150/990/1420 4148/988/1592 4149/998/188
f 4151/997/188 4150/990/1420 4149/998/188
f 4150/990/1420 4151/997/188 4152/993/1592
f 4151/997/188 4153/995/188 4152/993/1592
f 4153/995/188 4151/997/188 4154/996/188
f 4155/996/1658 4156/997/1659 4157/1004/1595
f 4158/1003/1660 4157/1004/1595 4156/997/1659
f 4159/998/1661 4158/1003/1660 4156/997/1659
f 4158/1003/1660 4159/998/1661 4160/1005/1662
f 4159/998/1661 4161/1006/1663 4160/1005/1662
f 4161/1006/1663 4159/998/1661 4162/999/1664
f 4162/999/1664 4163/1000/1665 4161/1006/1663
f 4163/1000/1665 4164/1007/1666 4161/1006/1663
f 4165/1001/1667 4164/1007/1666 4163/1000/1665
f 4164/1007/1666 4165/1001/1667 4166/1008/1667
f 4165/1001/1667 4167/1009/1668 4166/1008/1667
f 4167/1009/1668 4165/1001/1667 4168/1002/1669
f 4169/1011/1670 4170/1009/1671 4171/1010/1672
f 4170/1009/1671 4169/1011/1670 4172/1008/1673
f 4169/1011/1670 4173/1012/1674 4172/1008/1673
f 4174/1007/1674 4172/1008/1673 4173/1012/1674
f 4173/1012/1674 4175/1006/1675 4174/1007/1674
f 4175/1006/1675 4173/1012/1674 4176/1013/1676
f 4176/1013/1676 4177/1005/1677 4175/1006/1675
f 4177/1005/1677 4176/1013/1676 4178/1014/1677
f 4179/1015/1678 4177/1005/1677 4178/1014/1677
f 4177/1005/1677 4179/1015/1678 4180/1003/1678
f 4179/1015/1678 4181/1004/1679 4180/1003/1678
f 4181/1004/1679 4179/1015/1678 4182/1016/1680
f 4183/899/1681 4184/900/1521 4185/901/1682
f 4184/900/1521 4183/899/1681 4186/902/1683
f 4187/903/1524 4186/902/1683 4183/899/1681
f 4186/902/1683 4187/903/1524 4188/904/1524
f 4187/903/1524 4189/905/1525 4188/904/1524
f 4189/905/1525 4187/903/1524 4190/906/1526
f 4191/907/1527 4189/905/1525 4190/906/1526
f 4189/905/1525 4191/907/1527 4192/908/1528
f 4193/909/1684 4192/908/1528 4191/907/1527
f 4194/910/1684 4192/908/1528 4193/909/1684
f 4195/911/1529 4194/910/1684 4193/909/1684
f 4194/910/1684 4195/911/1529 4196/912/1529
f 4195/911/1529 4197/913/1685 4196/912/1529
f 4197/913/1685 4195/911/1529 4198/914/1526
f 4198/914/1526 4199/915/1532 4197/913/1685
f 4200/916/1531 4197/913/1685 4199/915/1532
f 4201/917/1532 4202/918/1533 4203/919/1531
f 4202/918/1533 4201/917/1532 4204/920/1686
f 4204/920/1686 4205/921/1536 4202/918/1533
f 4205/921/1536 4204/920/1686 4206/922/1536
f 4206/922/1536 4207/923/1537 4205/921/1536
f 4207/923/1537 4208/924/1537 4205/921/1536
f 4207/923/1537 4209/925/1687 4208/924/1537
f 4209/925/1687 4207/923/1537 4210/926/1539
f 4211/927/1537 4209/925/1687 4210/926/1539
f 4210/926/1539 4212/928/1537 4211/927/1537
f 4212/928/1537 4213/929/1541 4211/927/1537
f 4213/929/1541 4212/928/1537 4214/930/1541
f 4215/931/1537 4213/929/1541 4214/930/1541
f 4213/929/1541 4215/931/1537 4216/932/1537
f 4215/931/1537 4217/933/1522 4216/932/1537
f 4217/933/1522 4215/931/1537 4218/934/1522
f 4219/618/1688 4220/760/1689 4221/761/1690
f 4220/760/1689 4219/618/1688 4222/621/1691
f 4222/621/1691 4223/762/1692 4220/760/1689
f 4223/762/1692 4222/621/1691 4224/623/1692
f 4223/762/1692 4224/623/1692 4225/624/1693
f 4223/762/1692 4225/624/1693 4226/763/1694
f 4225/624/1693 4227/627/1695 4226/763/1694
f 4226/763/1694 4227/627/1695 4228/764/1696
f 4228/764/1696 4227/627/1695 4229/629/1697
f 4228/764/1696 4229/629/1697 4230/765/1697
f 4229/629/1697 4231/766/1698 4230/765/1697
f 4231/766/1698 4229/629/1697 4232/630/1699
f 4232/630/1699 4233/767/1700 4231/766/1698
f 4233/767/1700 4232/630/1699 4234/632/1701
f 4234/632/1701 4235/768/1702 4233/767/1700
f 4235/768/1702 4234/632/1701 4236/634/1702
f 4237/637/1703 4235/768/1702 4236/634/1702
f 4235/768/1702 4237/637/1703 4238/769/1704
f 4239/638/1705 4238/769/1704 4237/637/1703
f 4239/638/1705 4240/770/1706 4238/769/1704
f 4241/640/1707 4240/770/1706 4239/638/1705
f 4241/640/1707 4242/771/1707 4240/770/1706
f 4241/640/1707 4243/772/1708 4242/771/1707
f 4243/772/1708 4241/640/1707 4244/643/1709
f 4245/59/294 4246/774/294 4247/773/385
f 4248/775/385 4245/59/294 4247/773/385
f 4249/56/294 4245/59/294 4248/775/385
f 4248/775/385 4250/644/385 4249/56/294
f 4251/776/1710 4252/331/1710 4253/16/1711
f 4252/331/1710 4251/776/1710 4254/329/1710
f 4255/92/1710 4254/329/1710 4251/776/1710
f 4254/329/1710 4255/92/1710 4256/326/1710
f 4257/778/1712 4258/777/1713 4259/779/1713
f 4258/777/1713 4257/778/1712 4260/780/1712
f 4261/781/1713 4260/780/1712 4257/778/1712
f 4260/780/1712 4261/781/1713 4262/782/1713
f 4263/333/1714 4264/783/1714 4265/334/1714
f 4264/783/1714 4263/333/1714 4266/784/1714
f 4267/332/1714 4266/784/1714 4263/333/1714
f 4266/784/1714 4267/332/1714 4268/785/1714
f 4269/92/1715 4270/114/1715 4271/115/1716
f 4272/776/1717 4270/114/1715 4269/92/1715
f 4270/114/1715 4272/776/1717 4273/786/1717
f 4274/111/1717 4273/786/1717 4272/776/1717
f 4272/776/1717 4275/16/1715 4274/111/1717
f 4274/111/1717 4275/16/1715 4276/113/1715
f 4277/787/1718 4278/789/1719 4279/788/1720
f 4280/790/1721 4277/787/1718 4279/788/1720
f 4277/787/1718 4280/790/1721 4281/84/1722
f 4282/83/1723 4283/471/1723 4284/80/1724
f 4283/471/1723 4282/83/1723 4285/791/1723
f 4286/109/1723 4285/791/1723 4282/83/1723
f 4285/791/1723 4286/109/1723 4287/792/1723
f 4288/790/1725 4289/86/1726 4290/84/1725
f 4289/86/1726 4288/790/1725 4291/793/1726
f 4291/793/1726 4292/110/1726 4289/86/1726
f 4291/793/1726 4293/794/1726 4292/110/1726
f 4294/475/687 4295/477/687 4296/476/687
f 4295/477/687 4297/317/687 4296/476/687
f 4297/317/687 4295/477/687 4298/316/687
f 4299/478/1727 4300/480/1728 4301/479/1727
f 4300/480/1728 4302/481/1729 4301/479/1727
f 4303/482/1730 4302/481/1729 4300/480/1728
f 4302/481/1729 4303/482/1730 4304/483/1731
f 4305/484/1732 4304/483/1731 4303/482/1730
f 4306/485/1733 4304/483/1731 4305/484/1732
f 4307/486/1734 4306/485/1733 4305/484/1732
f 4308/487/1734 4306/485/1733 4307/486/1734
f 4307/486/1734 4309/488/1735 4308/487/1734
f 4309/488/1735 4307/486/1734 4310/489/1736
f 4310/489/1736 4311/490/1737 4309/488/1735
f 4311/490/1737 4310/489/1736 4312/491/1737
f 4313/492/1738 4311/490/1737 4312/491/1737
f 4314/493/1739 4311/490/1737 4313/492/1738
f 4315/494/1740 4314/493/1739 4313/492/1738
f 4316/495/1741 4314/493/1739 4315/494/1740
f 4315/494/1740 4317/496/1742 4316/495/1741
f 4317/496/1742 4315/494/1740 4318/497/1743
f 4318/497/1743 4319/498/1744 4317/496/1742
f 4319/498/1744 4318/497/1743 4320/499/1745
f 4320/499/1745 4321/500/1746 4319/498/1744
f 4321/500/1746 4320/499/1745 4322/501/1747
f 4322/501/1747 4323/502/1727 4321/500/1746
f 4323/502/1727 4322/501/1747 4324/503/1727
f 4325/666/1748 4326/795/1749 4327/796/1748
f 4326/795/1749 4325/666/1748 4328/665/1750
f 4328/665/1750 4329/797/1751 4326/795/1749
f 4329/797/1751 4328/665/1750 4330/664/1751
f 4331/663/1752 4329/797/1751 4330/664/1751
f 4329/797/1751 4331/663/1752 4332/798/1753
f 4332/798/1753 4331/663/1752 4333/662/1754
f 4334/799/1755 4332/798/1753 4333/662/1754
f 4333/662/1754 4335/661/1756 4334/799/1755
f 4334/799/1755 4335/661/1756 4336/800/1757
f 4336/800/1757 4335/661/1756 4337/660/1758
f 4338/801/1758 4336/800/1757 4337/660/1758
f 4337/660/1758 4339/802/1759 4338/801/1758
f 4339/802/1759 4337/660/1758 4340/659/1760
f 4340/659/1760 4341/803/1761 4339/802/1759
f 4341/803/1761 4340/659/1760 4342/658/1762
f 4342/658/1762 4343/804/1763 4341/803/1761
f 4343/804/1763 4342/658/1762 4344/657/1764
f 4344/657/1764 4345/805/1765 4343/804/1763
f 4345/805/1765 4344/657/1764 4346/656/1765
f 4347/655/1766 4345/805/1765 4346/656/1765
f 4347/655/1766 4348/806/1767 4345/805/1765
f 4348/806/1767 4347/655/1766 4349/654/1748
f 4350/807/1748 4348/806/1767 4349/654/1748
f 4351/173/1768 4352/808/1769 4353/172/1770
f 4352/808/1769 4351/173/1768 4354/176/391
f 4352/808/1769 4354/176/391 4355/809/1771
f 4356/810/391 4355/809/1771 4354/176/391
f 4355/809/1771 4356/810/391 4357/811/1772
f 4354/176/391 4358/812/391 4356/810/391
f 4358/812/391 4354/176/391 4359/375/391
f 4356/810/391 4360/813/1773 4357/811/1772
f 4361/814/1774 4358/812/391 4359/375/391
f 4361/814/1774 4359/375/391 4362/815/1775
f 4362/815/1775 4359/375/391 4363/178/1776
f 4362/815/1775 4363/178/1776 4364/181/1777
f 4358/812/391 4361/814/1774 4365/816/1778
f 4365/816/1778 4366/817/1779 4358/812/391
f 4356/810/391 4366/817/1779 4360/813/1773
f 4366/817/1779 4356/810/391 4358/812/391
f 4367/818/1780 4366/817/1779 4365/816/1778
f 4368/819/1781 4367/818/1780 4365/816/1778
f 4367/818/1780 4368/819/1781 4369/820/1782
f 4366/817/1779 4367/818/1780 4370/821/1783
f 4370/821/1783 4360/813/1773 4366/817/1779
f 4369/820/1782 4371/822/1784 4367/818/1780
f 4371/822/1784 4370/821/1783 4367/818/1780
f 4371/822/1784 4369/820/1782 4372/823/1785
f 4373/824/1786 4371/822/1784 4372/823/1785
f 4374/825/1787 4357/811/1772 4360/813/1773
f 4360/813/1773 4370/821/1783 4374/825/1787
f 4370/821/1783 4371/822/1784 4375/826/1788
f 4375/826/1788 4374/825/1787 4370/821/1783
f 4376/827/1789 4375/826/1788 4371/822/1784
f 4371/822/1784 4373/824/1786 4376/827/1789
f 4377/828/1790 4376/827/1789 4373/824/1786
f 4376/827/1789 4377/828/1790 4378/829/1791
f 4378/829/1791 4379/830/1792 4376/827/1789
f 4375/826/1788 4376/827/1789 4379/830/1792
f 4379/830/1792 4380/831/1793 4375/826/1788
f 4374/825/1787 4375/826/1788 4380/831/1793
f 4357/811/1772 4374/825/1787 4381/832/1794
f 4380/831/1793 4381/832/1794 4374/825/1787
f 4382/833/1795 4357/811/1772 4381/832/1794
f 4357/811/1772 4382/833/1795 4383/834/1796
f 4381/832/1794 4380/831/1793 4384/835/1797
f 4385/836/1798 4383/834/1796 4382/833/1795
f 4383/834/1796 4385/836/1798 4386/837/1799
f 4387/838/1800 4381/832/1794 4384/835/1797
f 4381/832/1794 4387/838/1800 4382/833/1795
f 4385/836/1798 4388/168/1801 4386/837/1799
f 4386/837/1799 4388/168/1801 4389/839/1802
f 4390/163/1803 4388/168/1801 4385/836/1798
f 4388/168/1801 4390/163/1803 4391/164/1804
f 4392/840/1805 4390/163/1803 4385/836/1798
f 4382/833/1795 4392/840/1805 4385/836/1798
f 4392/840/1805 4382/833/1795 4387/838/1800
f 4390/163/1803 4392/840/1805 4393/841/1806
f 4392/840/1805 4394/183/1807 4393/841/1806
f 4394/183/1807 4392/840/1805 4395/842/1808
f 4387/838/1800 4395/842/1808 4392/840/1805
f 4396/187/1809 4394/183/1807 4395/842/1808
f 4394/183/1807 4396/187/1809 4397/182/1810
f 4396/187/1809 4395/842/1808 4398/843/1811
f 4398/843/1811 4399/844/1812 4396/187/1809
f 4395/842/1808 4400/845/1813 4398/843/1811
f 4401/846/1814 4395/842/1808 4387/838/1800
f 4400/845/1813 4395/842/1808 4401/846/1814
f 4384/835/1797 4401/846/1814 4387/838/1800
f 4401/846/1814 4402/847/1815 4400/845/1813
f 4402/847/1815 4401/846/1814 4403/848/1816
f 4380/831/1793 4403/848/1816 4384/835/1797
f 4401/846/1814 4384/835/1797 4403/848/1816
f 4404/849/1817 4402/847/1815 4403/848/1816
f 4380/831/1793 4379/830/1792 4404/849/1817
f 4403/848/1816 4380/831/1793 4404/849/1817
f 4402/847/1815 4404/849/1817 4405/850/1818
f 4379/830/1792 4405/850/1818 4404/849/1817
f 4406/851/382 4402/847/1815 4405/850/1818
f 4406/851/382 4407/852/1813 4402/847/1815
f 4379/830/1792 4378/829/1791 4408/853/1818
f 4405/850/1818 4379/830/1792 4408/853/1818
f 4378/829/1791 4409/854/382 4408/853/1818
f 4405/850/1818 4409/854/382 4406/851/382
f 4409/854/382 4405/850/1818 4408/853/1818
f 4410/855/1819 4409/854/382 4378/829/1791
f 4411/381/382 4407/852/1813 4406/851/382
f 4409/854/382 4411/381/382 4406/851/382
f 4407/852/1813 4411/381/382 4412/856/1820
f 4413/192/1821 4412/856/1820 4411/381/382
f 4412/856/1820 4413/192/1821 4414/190/1822
f 4410/855/1819 4415/379/382 4409/854/382
f 4411/381/382 4409/854/382 4415/379/382
f 4415/379/382 4410/855/1819 4416/857/1823
f 4416/857/1823 4417/194/1824 4415/379/382
f 4417/194/1824 4416/857/1823 4418/196/1825
f 4419/386/1826 4420/505/1827 4421/504/1828
f 4422/506/1829 4419/386/1826 4421/504/1828
f 4419/386/1826 4422/506/1829 4423/388/1829
f 4424/509/1830 4423/388/1829 4422/506/1829
f 4423/388/1829 4424/509/1830 4425/510/1831
f 4424/509/1830 4422/506/1829 4426/507/1832
f 4426/507/1832 4422/506/1829 4427/508/1833
f 4428/434/687 4429/858/687 4430/433/687
f 4429/858/687 4428/434/687 4431/859/687
f 4431/859/687 4432/405/687 4429/858/687
f 4432/405/687 4431/859/687 4433/406/687
f 4433/406/687 4431/859/687 4434/860/687
f 4435/513/385 4436/512/385 4437/511/385
f 4436/512/385 4435/513/385 4438/514/385
f 4438/514/385 4435/513/385 4439/515/385
f 4440/536/1834 4441/535/1834 4442/534/1834
f 4441/535/1834 4443/404/1834 4442/534/1834
f 4443/404/1834 4441/535/1834 4444/403/1834
f 4445/528/1835 4446/514/1836 4447/747/1837
f 4446/514/1836 4445/528/1835 4448/512/1838
f 4448/512/1838 4445/528/1835 4449/529/1839
f 4449/529/1839 4450/861/1840 4448/512/1838
f 4450/861/1840 4449/529/1839 4451/531/1841
f 4451/531/1841 4452/862/1842 4450/861/1840
f 4453/533/1843 4452/862/1842 4451/531/1841
f 4454/752/1844 4452/862/1842 4453/533/1843
f 4452/862/1842 4454/752/1844 4455/863/1844
f 4456/527/1845 4457/863/1846 4454/752/1847
f 4457/863/1846 4456/527/1845 4458/525/1848
f 4457/863/1846 4458/525/1848 4459/864/1849
f 4460/522/1850 4459/864/1849 4458/525/1848
f 4459/864/1849 4460/522/1850 4461/865/1851
f 4462/523/1852 4461/865/1851 4460/522/1850
f 4461/865/1851 4462/523/1852 4463/235/1853
f 4463/235/1853 4462/523/1852 4464/237/1854
f 4465/409/1039 4466/541/1039 4467/408/1039
f 4466/541/1039 4465/409/1039 4468/542/1039
f 4468/542/1039 4469/539/1039 4466/541/1039
f 4469/539/1039 4468/542/1039 4470/540/1039
f 4470/540/1039 4471/538/1039 4469/539/1039
f 4471/538/1039 4470/540/1039 4472/537/1039
f 4473/432/1855 4474/866/1855 4475/431/1856
f 4474/866/1855 4473/432/1855 4476/867/1857
f 4476/867/1857 4477/868/1858 4474/866/1855
f 4477/868/1858 4476/867/1857 4478/869/1859
f 4478/869/1859 4479/245/1860 4477/868/1858
f 4479/245/1860 4478/869/1859 4480/242/1861
f 4481/531/1862 4482/532/1863 4483/533/1864
f 4481/531/1862 4484/530/1865 4482/532/1863
f 4484/530/1865 4481/531/1862 4485/529/1866
f 4486/528/1867 4484/530/1865 4485/529/1866
f 4487/523/1868 4488/397/1868 4489/237/1868
f 4487/523/1868 4490/755/1869 4488/397/1868
f 4490/755/1869 4487/523/1868 4491/524/1869
f 4491/524/1869 4492/526/1869 4490/755/1869
f 4492/526/1869 4493/754/1869 4490/755/1869
f 4494/527/1868 4493/754/1869 4492/526/1869
f 4493/754/1869 4494/527/1868 4495/753/1868
f 4495/753/1868 4494/527/1868 4496/752/1868
f 4497/533/1868 4495/753/1868 4496/752/1868
f 4495/753/1868 4497/533/1868 4498/751/1868
f 4499/532/1868 4498/751/1868 4497/533/1868
f 4498/751/1868 4499/532/1868 4500/750/1868
f 4501/530/1869 4500/750/1868 4499/532/1868
f 4500/750/1868 4501/530/1869 4502/749/1868
f 4501/530/1869 4503/748/1869 4502/749/1868
f 4503/748/1869 4501/530/1869 4504/528/1869
f 4505/747/1868 4503/748/1869 4504/528/1869
f 4503/748/1869 4505/747/1868 4506/746/1868
f 4507/403/1834 4508/534/1834 4509/404/1834
f 4507/403/1834 4510/535/1834 4508/534/1834
f 4508/534/1834 4510/535/1834 4511/536/1834
f 4512/514/1870 4513/528/1871 4514/747/1872
f 4513/528/1871 4512/514/1870 4515/512/1873
f 4513/528/1871 4515/512/1873 4516/529/1874
f 4517/861/1875 4516/529/1874 4515/512/1873
f 4516/529/1874 4517/861/1875 4518/531/1876
f 4518/531/1876 4517/861/1875 4519/862/1877
f 4519/862/1877 4520/533/1878 4518/531/1876
f 4520/533/1878 4519/862/1877 4521/752/1879
f 4521/752/1879 4519/862/1877 4522/863/1879
f 4523/863/1880 4524/527/1879 4521/752/1879
f 4524/527/1879 4523/863/1880 4525/525/1881
f 4525/525/1881 4523/863/1880 4526/864/1882
f 4526/864/1882 4527/522/1883 4525/525/1881
f 4527/522/1883 4526/864/1882 4528/865/1884
f 4528/865/1884 4529/523/1885 4527/522/1883
f 4529/523/1885 4528/865/1884 4530/235/1886
f 4529/523/1885 4530/235/1886 4531/237/1887
f 4532/867/1888 4533/432/1889 4534/431/1890
f 4534/431/1890 4535/866/1891 4532/867/1888
f 4536/869/1892 4532/867/1888 4535/866/1891
f 4535/866/1891 4537/868/1893 4536/869/1892
f 4537/868/1893 4538/242/1362 4536/869/1892
f 4538/242/1362 4537/868/1893 4539/245/1361
f 4540/545/1894 4541/544/1895 4542/543/1895
f 4540/545/1894 4543/546/1894 4541/544/1895
f 4544/547/1895 4543/546/1894 4540/545/1894
f 4543/546/1894 4544/547/1895 4545/548/1895
f 4546/560/1896 4547/575/1897 4548/557/1898
f 4549/573/1899 4548/557/1898 4547/575/1897
f 4549/573/1899 4547/575/1897 4550/574/1900
f 4551/870/1898 4552/564/1898 4553/563/1901
f 4552/564/1898 4551/870/1898 4554/260/1902
f 4551/870/1898 4555/259/420 4554/260/1902
f 4556/551/1903 4557/550/1904 4558/549/1905
f 4557/550/1904 4556/551/1903 4559/552/1906
f 4560/553/1907 4559/552/1906 4556/551/1903
f 4559/552/1906 4560/553/1907 4561/554/1908
f 4562/555/1909 4561/554/1908 4560/553/1907
f 4561/554/1908 4562/555/1909 4563/556/1910
f 4562/555/1909 4564/557/1911 4563/556/1910
f 4564/557/1911 4562/555/1909 4565/558/1912
f 4566/559/1913 4564/557/1911 4565/558/1912
f 4564/557/1911 4566/559/1913 4567/560/1914
f 4568/561/1915 4566/559/1913 4565/558/1912
f 4565/558/1912 4569/562/1916 4568/561/1915
f 4570/563/1917 4568/561/1915 4569/562/1916
f 4571/564/1918 4568/561/1915 4570/563/1917
f 4572/871/1919 4573/571/1920 4574/872/1921
f 4573/571/1920 4572/871/1919 4575/570/1922
f 4575/570/1922 4572/871/1919 4576/873/1923
f 4576/873/1923 4577/568/1924 4575/570/1922
f 4576/873/1923 4578/874/1925 4577/568/1924
f 4577/568/1924 4578/874/1925 4579/566/1926
f 4578/874/1925 4580/565/1927 4579/566/1926
f 4581/565/1928 4582/567/1929 4583/566/1930
f 4583/566/1930 4582/567/1929 4584/568/1931
f 4584/568/1931 4582/567/1929 4585/569/1932
f 4585/569/1932 4586/570/1933 4584/568/1931
f 4585/569/1932 4587/571/1078 4586/570/1933
f 4587/571/1078 4585/569/1932 4588/572/1934
f 4589/583/1935 4590/584/1936 4591/585/1937
f 4592/587/1938 4589/583/1935 4591/585/1937
f 4593/586/1939 4589/583/1935 4592/587/1938
f 4592/587/1938 4594/588/1940 4593/586/1939
f 4592/587/1938 4595/589/1941 4594/588/1940
f 4596/263/1942 4594/588/1940 4595/589/1941
f 4597/590/1943 4596/263/1942 4595/589/1941
f 4598/261/1944 4597/590/1943 4595/589/1941
f 4598/261/1944 4599/259/1945 4597/590/1943
f 4599/259/1945 4600/591/1946 4597/590/1943
f 4594/588/1940 4596/263/1942 4601/262/1947
f 4596/263/1942 4597/590/1943 4602/592/1948
f 4602/592/1948 4597/590/1943 4603/591/1949
f 4602/592/1948 4603/591/1949 4604/593/1950
f 4602/592/1948 4605/594/1951 4596/263/1942
f 4606/264/1952 4596/263/1942 4605/594/1951
f 4605/594/1951 4602/592/1948 4607/595/1953
f 4607/595/1953 4602/592/1948 4604/593/1950
f 4604/593/1950 4608/596/1954 4607/595/1953
f 4607/595/1953 4609/597/1955 4605/594/1951
f 4609/597/1955 4606/264/1952 4605/594/1951
f 4609/597/1955 4610/450/1956 4606/264/1952
f 4610/450/1956 4609/597/1955 4611/598/1957
f 4608/596/1954 4612/599/1958 4607/595/1953
f 4607/595/1953 4612/599/1958 4609/597/1955
f 4609/597/1955 4612/599/1958 4611/598/1957
f 4608/596/1954 4613/600/1959 4612/599/1958
f 4612/599/1958 4613/600/1959 4614/601/1960
f 4612/599/1958 4614/601/1960 4611/598/1957
f 4613/600/1959 4615/602/1961 4614/601/1960
f 4601/262/1947 4616/603/1962 4594/588/1940
f 4617/449/1963 4616/603/1962 4601/262/1947
f 4616/603/1962 4617/449/1963 4618/604/1964
f 4616/603/1962 4619/605/1965 4594/588/1940
f 4594/588/1940 4619/605/1965 4620/586/1966
f 4616/603/1962 4621/606/1967 4619/605/1965
f 4621/606/1967 4616/603/1962 4622/604/1968
f 4623/607/1969 4619/605/1965 4621/606/1967
f 4619/605/1965 4623/607/1969 4620/586/1966
f 4620/586/1966 4623/607/1969 4624/583/1970
f 4621/606/1967 4625/608/1971 4623/607/1969
f 4626/584/1972 4624/583/1970 4623/607/1969
f 4623/607/1969 4627/610/1973 4626/584/1972
f 4627/610/1973 4623/607/1969 4625/608/1971
f 4625/608/1971 4628/609/1974 4627/610/1973
f 4627/610/1973 4629/574/1975 4626/584/1972
f 4630/611/1976 4627/610/1973 4628/609/1974
f 4627/610/1973 4631/612/1977 4629/574/1975
f 4627/610/1973 4630/611/1976 4631/612/1977
f 4632/613/1978 4631/612/1977 4630/611/1976
f 4633/614/1979 4629/574/1975 4631/612/1977
f 4631/612/1977 4632/613/1978 4633/614/1979
f 4629/574/1975 4633/614/1979 4634/573/1980
f 4635/615/1981 4634/573/1980 4633/614/1979
f 4632/613/1978 4635/615/1981 4633/614/1979
f 4634/573/1980 4635/615/1981 4636/557/1982
f 4637/616/1983 4635/615/1981 4632/613/1978
f 4635/615/1981 4637/616/1983 4638/617/1984
f 4639/267/425 4640/304/425 4641/266/425
f 4640/304/425 4639/267/425 4642/306/425
f 4639/267/425 4643/462/425 4642/306/425
f 4644/875/1985 4645/877/1986 4646/876/1987
f 4646/876/1987 4647/878/1988 4644/875/1985
f 4644/875/1985 4647/878/1988 4648/879/1989
f 4647/878/1988 4649/880/1990 4648/879/1989
f 4650/881/1427 4648/879/1989 4649/880/1990
f 4648/879/1989 4650/881/1427 4651/882/1991
f 4652/576/1091 4653/578/1992 4654/577/1993
f 4653/578/1992 4655/579/1994 4654/577/1993
f 4653/578/1992 4656/580/1995 4655/579/1994
f 4657/581/1996 4655/579/1994 4656/580/1995
f 4655/579/1994 4657/581/1996 4658/582/1997
f 4659/272/1998 4658/582/1997 4657/581/1996
f 4658/582/1997 4659/272/1998 4660/273/1999
f 4661/884/2000 4662/883/2000 4663/885/2001
f 4662/883/2000 4661/884/2000 4664/886/2002
f 4665/271/2003 4664/886/2002 4661/884/2000
f 4664/886/2002 4665/271/2003 4666/274/2004
f 4667/887/2005 4668/885/2006 4669/883/2007
f 4667/887/2005 4669/883/2007 4670/888/2008
f 4670/888/2008 4671/889/2009 4667/887/2005
f 4671/889/2009 4670/888/2008 4672/890/2010
f 4673/877/2011 4671/889/2009 4672/890/2010
f 4673/877/2011 4672/890/2010 4674/876/2012
f 4675/887/2013 4676/891/2013 4677/885/2013
f 4676/891/2013 4675/887/2013 4678/892/2014
f 4679/889/2015 4678/892/2014 4675/887/2013
f 4678/892/2014 4679/889/2015 4680/893/2014
f 4681/877/2015 4680/893/2014 4679/889/2015
f 4680/893/2014 4681/877/2015 4682/894/2016
f 4683/875/2017 4682/894/2016 4681/877/2015
f 4682/894/2016 4683/875/2017 4684/879/2015
f 4684/879/2015 4685/882/2018 4682/894/2016
f 4686/884/2019 4687/885/2019 4688/891/2019
f 4688/891/2019 4689/895/2019 4686/884/2019
f 4690/271/2019 4686/884/2019 4689/895/2019
f 4689/895/2019 4691/896/2019 4690/271/2019
f 4692/273/2020 4690/271/2019 4691/896/2019
f 4692/273/2020 4691/896/2019 4693/897/2019
f 4694/582/2019 4692/273/2020 4693/897/2019
f 4693/897/2019 4695/898/2019 4694/582/2019
f 4696/579/2021 4694/582/2019 4695/898/2019
f 4695/898/2019 4697/577/2021 4696/579/2021
f 4698/564/2022 4699/870/429 4700/563/1089
f 4699/870/429 4698/564/2022 4701/260/1074
f 4699/870/429 4701/260/1074 4702/259/2023
f 4703/871/2024 4704/872/2025 4705/571/2026
f 4703/871/2024 4705/571/2026 4706/570/2027
f 4703/871/2024 4706/570/2027 4707/873/2028
f 4708/568/2029 4707/873/2028 4706/570/2027
f 4709/874/2030 4707/873/2028 4708/568/2029
f 4709/874/2030 4708/568/2029 4710/566/2031
f 4709/874/2030 4710/566/2031 4711/565/2032
f 4712/583/2033 4713/585/2034 4714/584/2035
f 4715/586/2036 4713/585/2034 4712/583/2033
f 4713/585/2034 4715/586/2036 4716/587/2037
f 4717/588/2038 4716/587/2037 4715/586/2036
f 4718/589/2039 4716/587/2037 4717/588/2038
f 4717/588/2038 4719/263/2040 4718/589/2039
f 4719/263/2040 4720/590/2041 4718/589/2039
f 4721/261/2042 4718/589/2039 4720/590/2041
f 4721/261/2042 4720/590/2041 4722/259/2043
f 4722/259/2043 4720/590/2041 4723/591/2044
f 4719/263/2040 4717/588/2038 4724/262/2045
f 4725/592/2046 4720/590/2041 4719/263/2040
f 4725/592/2046 4726/591/2047 4720/590/2041
f 4727/593/2048 4726/591/2047 4725/592/2046
f 4728/594/2049 4725/592/2046 4719/263/2040
f 4729/264/2050 4728/594/2049 4719/263/2040
f 4725/592/2046 4728/594/2049 4730/595/2051
f 4725/592/2046 4730/595/2051 4727/593/2048
f 4731/596/2052 4727/593/2048 4730/595/2051
f 4730/595/2051 4728/594/2049 4732/597/2053
f 4732/597/2053 4728/594/2049 4729/264/2050
f 4733/450/2054 4732/597/2053 4729/264/2050
f 4732/597/2053 4733/450/2054 4734/598/2055
f 4735/599/2056 4731/596/2052 4730/595/2051
f 4732/597/2053 4735/599/2056 4730/595/2051
f 4734/598/2055 4735/599/2056 4732/597/2053
f 4731/596/2052 4735/599/2056 4736/600/2057
f 4737/601/2058 4736/600/2057 4735/599/2056
f 4735/599/2056 4734/598/2055 4737/601/2058
f 4737/601/2058 4738/602/2059 4736/600/2057
f 4724/262/2045 4717/588/2038 4739/603/2060
f 4739/603/2060 4740/449/2061 4724/262/2045
f 4741/604/2062 4740/449/2061 4739/603/2060
f 4739/603/2060 4717/588/2038 4742/605/2063
f 4717/588/2038 4743/586/2064 4742/605/2063
f 4744/606/2065 4739/603/2060 4742/605/2063
f 4739/603/2060 4744/606/2065 4745/604/2066
f 4746/607/2067 4744/606/2065 4742/605/2063
f 4743/586/2064 4746/607/2067 4742/605/2063
f 4743/586/2064 4747/583/2068 4746/607/2067
f 4748/608/2069 4744/606/2065 4746/607/2067
f 4749/584/2070 4746/607/2067 4747/583/2068
f 4746/607/2067 4750/609/2071 4748/608/2069
f 4750/609/2071 4746/607/2067 4751/610/2072
f 4751/610/2072 4746/607/2067 4749/584/2070
f 4749/584/2070 4752/574/2073 4751/610/2072
f 4751/610/2072 4753/611/1976 4750/609/2071
f 4753/611/1976 4751/610/2072 4754/612/2074
f 4751/610/2072 4752/574/2073 4754/612/2074
f 4752/574/2073 4755/573/2075 4754/612/2074
f 4754/612/2074 4756/613/2076 4753/611/1976
f 4756/613/2076 4754/612/2074 4757/614/2077
f 4757/614/2077 4754/612/2074 4755/573/2075
f 4758/615/2078 4756/613/2076 4757/614/2077
f 4755/573/2075 4758/615/2078 4757/614/2077
f 4758/615/2078 4755/573/2075 4759/557/2079
f 4758/615/2078 4760/616/2080 4756/613/2076
f 4760/616/2080 4758/615/2078 4761/617/2081
f 4762/304/434 4763/267/434 4764/266/434
f 4763/267/434 4762/304/434 4765/306/434
f 4763/267/434 4765/306/434 4766/462/434
f 4767/270/434 4768/309/434 4769/268/434
f 4768/309/434 4767/270/434 4770/306/472
f 4770/306/472 4767/270/434 4771/462/434
f 4772/881/1427 4773/880/2082 4774/882/1991
f 4775/879/2083 4774/882/1991 4773/880/2082
f 4776/878/2084 4775/879/2083 4773/880/2082
f 4775/879/2083 4776/878/2084 4777/875/2085
f 4778/876/2086 4777/875/2085 4776/878/2084
f 4777/875/2085 4778/876/2086 4779/877/2087
f 4780/883/2088 4781/884/2088 4782/885/2089
f 4781/884/2088 4780/883/2088 4783/886/2090
f 4783/886/2090 4784/271/2091 4781/884/2088
f 4784/271/2091 4783/886/2090 4785/274/2092
f 4786/885/2093 4787/888/2094 4788/883/2095
f 4787/888/2094 4786/885/2093 4789/887/2096
f 4789/887/2096 4790/890/2097 4787/888/2094
f 4790/890/2097 4789/887/2096 4791/889/2098
f 4791/889/2098 4792/876/2099 4790/890/2097
f 4792/876/2099 4791/889/2098 4793/877/2100
f 4794/892/2101 4795/885/2016 4796/891/2102
f 4797/887/2101 4795/885/2016 4794/892/2101
f 4798/893/2016 4797/887/2101 4794/892/2101
f 4799/889/2016 4797/887/2101 4798/893/2016
f 4800/894/2016 4799/889/2016 4798/893/2016
f 4801/877/2101 4799/889/2016 4800/894/2016
f 4800/894/2016 4802/875/2016 4801/877/2101
f 4802/875/2016 4800/894/2016 4803/879/2016
f 4803/879/2016 4800/894/2016 4804/882/2018
f 4805/885/2019 4806/895/2019 4807/891/2019
f 4806/895/2019 4805/885/2019 4808/884/2021
f 4808/884/2021 4809/896/2019 4806/895/2019
f 4809/896/2019 4808/884/2021 4810/271/2019
f 4811/273/2020 4809/896/2019 4810/271/2019
f 4809/896/2019 4811/273/2020 4812/897/2020
f 4813/582/2021 4812/897/2020 4811/273/2020
f 4814/898/2021 4812/897/2020 4813/582/2021
f 4815/579/2103 4814/898/2021 4813/582/2021
f 4816/577/2019 4814/898/2021 4815/579/2103
f 4817/900/2104 4818/899/2105 4819/901/2106
f 4818/899/2105 4817/900/2104 4820/902/2107
f 4820/902/2107 4821/903/2108 4818/899/2105
f 4821/903/2108 4820/902/2107 4822/904/2108
f 4821/903/2108 4822/904/2108 4823/905/2109
f 4824/906/2110 4821/903/2108 4823/905/2109
f 4823/905/2109 4825/907/2111 4824/906/2110
f 4825/907/2111 4823/905/2109 4826/908/2112
f 4827/909/2110 4825/907/2111 4826/908/2112
f 4827/909/2110 4826/908/2112 4828/910/2113
f 4828/910/2113 4829/911/2114 4827/909/2110
f 4829/911/2114 4828/910/2113 4830/912/2115
f 4831/913/2113 4829/911/2114 4830/912/2115
f 4829/911/2114 4831/913/2113 4832/914/2113
f 4831/913/2113 4833/915/551 4832/914/2113
f 4833/915/551 4831/913/2113 4834/916/551
f 4835/918/2116 4836/917/551 4837/919/551
f 4836/917/551 4835/918/2116 4838/920/2117
f 4839/921/2118 4838/920/2117 4835/918/2116
f 4838/920/2117 4839/921/2118 4840/922/2118
f 4839/921/2118 4841/923/2119 4840/922/2118
f 4841/923/2119 4839/921/2118 4842/924/2119
f 4843/925/2120 4841/923/2119 4842/924/2119
f 4841/923/2119 4843/925/2120 4844/926/2121
f 4843/925/2120 4845/927/2119 4844/926/2121
f 4846/928/2119 4844/926/2121 4845/927/2119
f 4847/929/2122 4846/928/2119 4845/927/2119
f 4846/928/2119 4847/929/2122 4848/930/2123
f 4847/929/2122 4849/931/2119 4848/930/2123
f 4849/931/2119 4847/929/2122 4850/932/2119
f 4850/932/2119 4851/933/2124 4849/931/2119
f 4852/934/2106 4849/931/2119 4851/933/2124
f 4853/545/1895 4854/544/1895 4855/543/1895
f 4853/545/1895 4856/546/1895 4854/544/1895
f 4857/547/1894 4856/546/1895 4853/545/1895
f 4856/546/1895 4857/547/1894 4858/548/1895
f 4859/936/2125 4860/935/2126 4861/937/2127
f 4862/938/2128 4860/935/2126 4859/936/2125
f 4863/939/2129 4862/938/2128 4859/936/2125
f 4862/938/2128 4863/939/2129 4864/940/2130
f 4863/939/2129 4865/941/2131 4864/940/2130
f 4865/941/2131 4863/939/2129 4866/942/2132
f 4867/938/425 4868/943/425 4869/935/425
f 4868/943/425 4867/938/425 4870/940/425
f 4870/940/425 4871/944/425 4868/943/425
f 4871/944/425 4870/940/425 4872/941/425
f 4872/941/425 4873/945/425 4871/944/425
f 4873/945/425 4872/941/425 4874/946/425
f 4875/947/425 4873/945/425 4874/946/425
f 4873/945/425 4875/947/425 4876/948/425
f 4877/757/2133 4878/294/2134 4879/756/2135
f 4878/294/2134 4877/757/2133 4880/291/2136
f 4881/758/2137 4880/291/2136 4877/757/2133
f 4880/291/2136 4881/758/2137 4882/287/2138
f 4883/289/2139 4882/287/2138 4881/758/2137
f 4881/758/2137 4884/759/2132 4883/289/2139
f 4885/950/2140 4886/949/2141 4887/951/2142
f 4888/952/2143 4887/951/2142 4886/949/2141
f 4889/953/2144 4888/952/2143 4886/949/2141
f 4888/952/2143 4889/953/2144 4890/954/2145
f 4891/955/2146 4892/957/2147 4893/956/2148
f 4891/955/2146 4893/956/2148 4894/958/2149
f 4894/958/2149 4895/959/2150 4891/955/2146
f 4895/959/2150 4894/958/2149 4896/960/2151
f 4896/960/2151 4897/961/2152 4895/959/2150
f 4897/961/2152 4896/960/2151 4898/962/2153
f 4899/759/2152 4900/298/2154 4901/289/2155
f 4900/298/2154 4899/759/2152 4902/963/2153
f 4902/963/2153 4903/295/2156 4900/298/2154
f 4903/295/2156 4902/963/2153 4904/964/2140
f 4903/295/2156 4904/964/2140 4905/756/2157
f 4903/295/2156 4905/756/2157 4906/294/2158
f 4907/966/472 4908/965/472 4909/967/434
f 4908/965/472 4907/966/472 4910/968/472
f 4911/969/472 4910/968/472 4907/966/472
f 4910/968/472 4911/969/472 4912/970/472
f 4911/969/472 4913/971/472 4912/970/472
f 4912/970/472 4913/971/472 4914/972/434
f 4914/972/434 4913/971/472 4915/973/434
f 4913/971/472 4916/974/434 4915/973/434
f 4917/975/434 4918/958/434 4919/956/434
f 4918/958/434 4917/975/434 4920/976/434
f 4920/976/434 4921/960/472 4918/958/434
f 4921/960/472 4920/976/434 4922/977/472
f 4922/977/472 4923/962/472 4921/960/472
f 4923/962/472 4922/977/472 4924/978/472
f 4924/978/472 4925/950/472 4923/962/472
f 4925/950/472 4924/978/472 4926/979/434
f 4925/950/472 4926/979/434 4927/980/472
f 4928/949/434 4925/950/472 4927/980/472
f 4927/980/472 4929/953/434 4928/949/434
f 4929/953/434 4927/980/472 4930/981/434
f 4931/982/2159 4932/984/2160 4933/983/2161
f 4932/984/2160 4931/982/2159 4934/985/2162
f 4931/982/2159 4935/986/2163 4934/985/2162
f 4936/987/2164 4934/985/2162 4935/986/2163
f 4936/987/2164 4935/986/2163 4937/988/2165
f 4938/989/2166 4936/987/2164 4937/988/2165
f 4939/990/2167 4938/989/2166 4937/988/2165
f 4938/989/2166 4939/990/2167 4940/991/2167
f 4939/990/2167 4941/992/2168 4940/991/2167
f 4941/992/2168 4939/990/2167 4942/993/2169
f 4942/993/2169 4943/994/2170 4941/992/2168
f 4943/994/2170 4942/993/2169 4944/995/2171
f 4945/995/2172 4946/993/425 4947/996/425
f 4947/996/425 4946/993/425 4948/997/425
f 4949/990/425 4948/997/425 4946/993/425
f 4948/997/425 4949/990/425 4950/998/425
f 4949/990/425 4951/999/425 4950/998/425
f 4951/999/425 4949/990/425 4952/988/425
f 4952/988/425 4953/1000/425 4951/999/425
f 4953/1000/425 4952/988/425 4954/986/425
f 4954/986/425 4955/1001/2172 4953/1000/425
f 4955/1001/2172 4954/986/425 4956/982/2172
f 4957/983/2172 4955/1001/2172 4956/982/2172
f 4955/1001/2172 4957/983/2172 4958/1002/2172
f 4959/996/2173 4960/1003/2174 4961/1004/2175
f 4960/1003/2174 4959/996/2173 4962/997/2176
f 4962/997/2176 4963/1005/2177 4960/1003/2174
f 4963/1005/2177 4962/997/2176 4964/998/2177
f 4965/999/2178 4963/1005/2177 4964/998/2177
f 4963/1005/2177 4965/999/2178 4966/1006/2179
f 4965/999/2178 4967/1000/2180 4966/1006/2179
f 4967/1000/2180 4968/1007/2180 4966/1006/2179
f 4967/1000/2180 4969/1008/2181 4968/1007/2180
f 4969/1008/2181 4967/1000/2180 4970/1001/2182
f 4971/1002/2183 4969/1008/2181 4970/1001/2182
f 4969/1008/2181 4971/1002/2183 4972/1009/2184
f 4973/1010/2185 4974/1008/2186 4975/1009/2187
f 4974/1008/2186 4973/1010/2185 4976/1011/2188
f 4976/1011/2188 4977/1007/2189 4974/1008/2186
f 4977/1007/2189 4976/1011/2188 4978/1012/2189
f 4977/1007/2189 4978/1012/2189 4979/1013/2190
f 4980/1006/2190 4977/1007/2189 4979/1013/2190
f 4979/1013/2190 4981/1005/2191 4980/1006/2190
f 4981/1005/2191 4979/1013/2190 4982/1014/2192
f 4982/1014/2192 4983/1003/2193 4981/1005/2191
f 4983/1003/2193 4982/1014/2192 4984/1015/2193
f 4984/1015/2193 4985/1016/2194 4983/1003/2193
f 4986/1004/2195 4983/1003/2193 4985/1016/2194
f 4987/935/2196 4988/936/2197 4989/937/2198
f 4987/935/2196 4990/938/2199 4988/936/2197
f 4990/938/2199 4991/939/2200 4988/936/2197
f 4991/939/2200 4990/938/2199 4992/940/2201
f 4992/940/2201 4993/942/1107 4991/939/2200
f 4993/942/1107 4992/940/2201 4994/941/2202
f 4995/943/425 4996/938/425 4997/935/425
f 4996/938/425 4995/943/425 4998/940/425
f 4999/944/425 4998/940/425 4995/943/425
f 4998/940/425 4999/944/425 5000/941/425
f 5000/941/425 4999/944/425 5001/946/425
f 4999/944/425 5002/945/425 5001/946/425
f 5002/945/425 5003/947/425 5001/946/425
f 5003/947/425 5002/945/425 5004/948/425
f 5005/957/2203 5006/955/2204 5007/956/2205
f 5007/956/2205 5006/955/2204 5008/958/2206
f 5009/959/2207 5008/958/2206 5006/955/2204
f 5008/958/2206 5009/959/2207 5010/960/2208
f 5011/961/2209 5010/960/2208 5009/959/2207
f 5010/960/2208 5011/961/2209 5012/962/2210
f 5013/965/434 5014/966/472 5015/967/434
f 5014/966/472 5013/965/434 5016/968/472
f 5016/968/472 5017/969/472 5014/966/472
f 5017/969/472 5016/968/472 5018/970/434
f 5019/972/472 5017/969/472 5018/970/434
f 5017/969/472 5019/972/472 5020/971/434
f 5019/972/472 5021/973/434 5020/971/434
f 5020/971/434 5021/973/434 5022/974/434
f 5023/964/2211 5024/294/2212 5025/756/2213
f 5024/294/2212 5023/964/2211 5026/295/2214
f 5027/963/2215 5026/295/2214 5023/964/2211
f 5026/295/2214 5027/963/2215 5028/298/2216
f 5027/963/2215 5029/289/2217 5028/298/2216
f 5027/963/2215 5030/759/2209 5029/289/2217
f 5031/958/472 5032/975/472 5033/956/472
f 5032/975/472 5031/958/472 5034/976/472
f 5035/960/434 5034/976/472 5031/958/472
f 5034/976/472 5035/960/434 5036/977/434
f 5037/962/472 5036/977/434 5035/960/434
f 5036/977/434 5037/962/472 5038/978/472
f 5039/950/434 5038/978/472 5037/962/472
f 5038/978/472 5039/950/434 5040/979/434
f 5039/950/434 5041/980/472 5040/979/434
f 5041/980/472 5039/950/434 5042/949/472
f 5043/953/472 5041/980/472 5042/949/472
f 5041/980/472 5043/953/472 5044/981/434
f 5045/992/2218 5046/994/2219 5047/995/2220
f 5045/992/2218 5047/995/2220 5048/993/2221
f 5048/993/2221 5049/991/2222 5045/992/2218
f 5049/991/2222 5048/993/2221 5050/990/2222
f 5051/988/2223 5049/991/2222 5050/990/2222
f 5049/991/2222 5051/988/2223 5052/989/2223
f 5053/987/2224 5052/989/2223 5051/988/2223
f 5054/986/2225 5053/987/2224 5051/988/2223
f 5055/985/2226 5053/987/2224 5054/986/2225
f 5054/986/2225 5056/982/2226 5055/985/2226
f 5057/983/2227 5055/985/2226 5056/982/2226
f 5055/985/2226 5057/983/2227 5058/984/2228
f 5059/982/425 5060/1002/425 5061/983/425
f 5060/1002/425 5059/982/425 5062/1001/425
f 5063/986/425 5062/1001/425 5059/982/425
f 5062/1001/425 5063/986/425 5064/1000/425
f 5063/986/425 5065/999/2172 5064/1000/425
f 5065/999/2172 5063/986/425 5066/988/2172
f 5066/988/2172 5067/998/425 5065/999/2172
f 5067/998/425 5066/988/2172 5068/990/425
f 5069/997/2172 5067/998/425 5068/990/425
f 5068/990/425 5070/993/2172 5069/997/2172
f 5071/995/425 5069/997/2172 5070/993/2172
f 5069/997/2172 5071/995/425 5072/996/425
f 5073/997/2229 5074/996/2230 5075/1004/2231
f 5073/997/2229 5075/1004/2231 5076/1003/2232
f 5076/1003/2232 5077/998/2233 5073/997/2229
f 5077/998/2233 5076/1003/2232 5078/1005/2233
f 5079/1006/2234 5077/998/2233 5078/1005/2233
f 5077/998/2233 5079/1006/2234 5080/999/2234
f 5080/999/2234 5079/1006/2234 5081/1000/2235
f 5082/1007/2236 5081/1000/2235 5079/1006/2234
f 5083/1001/2237 5081/1000/2235 5082/1007/2236
f 5084/1008/2237 5083/1001/2237 5082/1007/2236
f 5085/1009/2238 5083/1001/2237 5084/1008/2237
f 5083/1001/2237 5085/1009/2238 5086/1002/2183
f 5087/1011/2239 5088/1010/2240 5089/1009/2241
f 5089/1009/2241 5090/1008/2242 5087/1011/2239
f 5090/1008/2242 5091/1012/2243 5087/1011/2239
f 5090/1008/2242 5092/1007/2243 5091/1012/2243
f 5093/1006/2244 5091/1012/2243 5092/1007/2243
f 5091/1012/2243 5093/1006/2244 5094/1013/2245
f 5095/1005/2246 5094/1013/2245 5093/1006/2244
f 5094/1013/2245 5095/1005/2246 5096/1014/2246
f 5097/1015/2247 5096/1014/2246 5095/1005/2246
f 5095/1005/2246 5098/1003/2247 5097/1015/2247
f 5099/1004/2248 5097/1015/2247 5098/1003/2247
f 5097/1015/2247 5099/1004/2248 5100/1016/2249
f 5101/900/2104 5102/899/2250 5103/901/2104
f 5102/899/2250 5101/900/2104 5104/902/2107
f 5104/902/2107 5105/903/2108 5102/899/2250
f 5105/903/2108 5104/902/2107 5106/904/2108
f 5105/903/2108 5106/904/2108 5107/905/2251
f 5108/906/2252 5105/903/2108 5107/905/2251
f 5107/905/2251 5109/907/2253 5108/906/2252
f 5109/907/2253 5107/905/2251 5110/908/2254
f 5111/909/2255 5109/907/2253 5110/908/2254
f 5111/909/2255 5110/908/2254 5112/910/2255
f 5112/910/2255 5113/911/2256 5111/909/2255
f 5113/911/2256 5112/910/2255 5114/912/2257
f 5115/913/2258 5113/911/2256 5114/912/2257
f 5113/911/2256 5115/913/2258 5116/914/2258
f 5115/913/2258 5117/915/551 5116/914/2258
f 5117/915/551 5115/913/2258 5118/916/2259
f 5119/918/2116 5120/917/551 5121/919/551
f 5120/917/551 5119/918/2116 5122/920/2260
f 5123/921/2118 5122/920/2260 5119/918/2116
f 5122/920/2260 5123/921/2118 5124/922/2118
f 5123/921/2118 5125/923/2119 5124/922/2118
f 5125/923/2119 5123/921/2118 5126/924/2119
f 5127/925/2261 5125/923/2119 5126/924/2119
f 5125/923/2119 5127/925/2261 5128/926/2121
f 5127/925/2261 5129/927/2119 5128/926/2121
f 5130/928/2119 5128/926/2121 5129/927/2119
f 5131/929/2123 5130/928/2119 5129/927/2119
f 5130/928/2119 5131/929/2123 5132/930/2122
f 5131/929/2123 5133/931/2119 5132/930/2122
f 5133/931/2119 5131/929/2123 5134/932/2119
f 5134/932/2119 5135/933/2262 5133/931/2119
f 5136/934/2262 5133/931/2119 5135/933/2262
f 5137/20/28 5138/23/28 5139/24/28
f 5140/2/28 5138/23/28 5137/20/28
f 5141/331/28 5138/23/28 5140/2/28
f 5141/331/28 5142/16/28 5138/23/28
f 5140/2/28 5143/33/28 5141/331/28
f 5143/33/28 5140/2/28 5144/4/28
f 5141/331/28 5143/33/28 5145/1017/28
f 5143/33/28 5146/1018/28 5145/1017/28
f 5146/1018/28 5143/33/28 5147/34/28
f 5148/774/2263 5149/66/2264 5150/59/2265
f 5148/774/2263 5151/1019/2266 5149/66/2264
f 5148/774/2263 5152/62/2267 5151/1019/2266
f 5152/62/2267 5148/774/2263 5153/63/2268
f 5154/1020/2269 5155/1021/2269 5156/777/2269
f 5157/780/2269 5156/777/2269 5155/1021/2269
f 5155/1021/2269 5158/782/2269 5157/780/2269
f 5158/782/2269 5155/1021/2269 5159/1022/2269
f 5160/99/2270 5161/1023/2270 5162/101/2270
f 5161/1023/2270 5160/99/2270 5163/1024/2270
f 5163/1024/2270 5164/103/2270 5161/1023/2270
f 5165/105/2270 5161/1023/2270 5164/103/2270
f 5166/165/2271 5167/841/2272 5168/163/2273
f 5167/841/2272 5166/165/2271 5169/1025/2272
f 5170/184/2274 5167/841/2272 5169/1025/2272
f 5167/841/2272 5170/184/2274 5171/183/2275
f 5172/201/2276 5173/719/2277 5174/390/2278
f 5173/719/2277 5172/201/2276 5175/199/2279
f 5176/202/2280 5173/719/2277 5175/199/2279
f 5173/719/2277 5176/202/2280 5177/394/1277
f 5178/743/2281 5179/745/2282 5180/744/2283
f 5179/745/2282 5178/743/2281 5181/742/1304
f 5181/742/1304 5178/743/2281 5182/740/1302
f 5183/741/2284 5182/740/1302 5178/743/2281
f 5182/740/1302 5183/741/2284 5184/739/1301
f 5185/738/2285 5184/739/1301 5183/741/2284
f 5186/737/2286 5184/739/1301 5185/738/2285
f 5184/739/1301 5186/737/2286 5187/736/1299
f 5188/735/2287 5187/736/1299 5186/737/2286
f 5187/736/1299 5188/735/2287 5189/734/2288
f 5188/735/2287 5190/732/1295 5189/734/2288
f 5190/732/1295 5188/735/2287 5191/733/2289
f 5190/732/1295 5191/733/2289 5192/731/445
f 5193/730/2290 5192/731/445 5191/733/2289
f 5194/728/2291 5192/731/445 5193/730/2290
f 5192/731/445 5194/728/2291 5195/729/89
f 5196/727/2292 5195/729/89 5194/728/2291
f 5195/729/89 5196/727/2292 5197/726/1292
f 5197/726/1292 5196/727/2292 5198/725/1291
f 5199/724/2293 5198/725/1291 5196/727/2292
f 5198/725/1291 5199/724/2293 5200/723/1289
f 5201/722/2294 5200/723/1289 5199/724/2293
f 5202/720/2283 5200/723/1289 5201/722/2294
f 5200/723/1289 5202/720/2283 5203/721/1287
f 5204/1026/148 5205/1027/148 5206/1028/148
f 5204/1026/148 5207/1029/60 5205/1027/148
f 5208/1030/60 5205/1027/148 5207/1029/60
f 5208/1030/60 5209/1031/60 5205/1027/148
f 5209/1031/60 5208/1030/60 5210/1032/60
f 5210/1032/60 5208/1030/60 5211/1033/60
f 5210/1032/60 5211/1033/60 5212/1034/60
f 5212/1034/60 5211/1033/60 5213/1035/148
f 5213/1035/148 5214/516/60 5212/1034/60
f 5214/516/60 5213/1035/148 5215/1036/60
f 5214/516/60 5215/1036/60 5216/1037/60
f 5214/516/60 5216/1037/60 5217/517/148
f 5218/1026/28 5219/1028/493 5220/1027/28
f 5218/1026/28 5220/1027/28 5221/1029/28
f 5220/1027/28 5222/1030/28 5221/1029/28
f 5223/1031/28 5222/1030/28 5220/1027/28
f 5222/1030/28 5223/1031/28 5224/1032/28
f 5222/1030/28 5224/1032/28 5225/1033/493
f 5225/1033/493 5224/1032/28 5226/1034/28
f 5226/1034/28 5227/1035/493 5225/1033/493
f 5228/516/28 5227/1035/493 5226/1034/28
f 5227/1035/493 5228/516/28 5229/1036/28
f 5228/516/28 5230/1037/28 5229/1036/28
f 5228/516/28 5231/517/28 5230/1037/28
f 5232/1038/2295 5233/1039/2296 5234/1040/2297
f 5233/1039/2296 5232/1038/2295 5235/1041/2298
f 5232/1038/2295 5236/1042/2299 5235/1041/2298
f 5236/1042/2299 5232/1038/2295 5237/1043/2299
f 5237/1043/2299 5238/1044/2295 5236/1042/2299
f 5239/1045/2295 5236/1042/2299 5238/1044/2295
f 5240/1046/2300 5239/1045/2295 5238/1044/2295
f 5239/1045/2295 5240/1046/2300 5241/1047/2301
f 5240/1046/2300 5242/1048/2295 5241/1047/2301
f 5241/1047/2301 5242/1048/2295 5243/1049/2298
f 5242/1048/2295 5244/1050/2302 5243/1049/2298
f 5244/1050/2302 5242/1048/2295 5245/1051/2302
f 5244/1050/2302 5245/1051/2302 5246/1052/2303
f 5247/1053/2303 5244/1050/2302 5246/1052/2303
f 5246/1052/2303 5248/1054/2304 5247/1053/2303
f 5248/1054/2304 5246/1052/2303 5249/1055/2305
f 5250/1056/2306 5251/1057/2297 5252/1058/2307
f 5251/1057/2297 5250/1056/2306 5253/1059/2306
f 5250/1056/2306 5254/1060/2308 5253/1059/2306
f 5254/1060/2308 5250/1056/2306 5255/1061/2308
f 5256/1062/2309 5254/1060/2308 5255/1061/2308
f 5254/1060/2308 5256/1062/2309 5257/1063/2309
f 5258/1064/2310 5257/1063/2309 5256/1062/2309
f 5256/1062/2309 5259/1065/2311 5258/1064/2310
f 5259/1065/2311 5260/1066/2312 5258/1064/2310
f 5260/1066/2312 5259/1065/2311 5261/1067/2312
f 5261/1067/2312 5262/1068/2313 5260/1066/2312
f 5261/1067/2312 5263/1069/2313 5262/1068/2313
f 5263/1069/2313 5264/1070/2312 5262/1068/2313
f 5265/1071/2312 5262/1068/2313 5264/1070/2312
f 5264/1070/2312 5266/1072/2305 5265/1071/2312
f 5266/1072/2305 5264/1070/2312 5267/1073/2304
f 5268/1038/2295 5269/1039/2314 5270/1040/2315
f 5269/1039/2314 5268/1038/2295 5271/1041/2298
f 5268/1038/2295 5272/1042/2299 5271/1041/2298
f 5272/1042/2299 5268/1038/2295 5273/1043/2299
f 5273/1043/2299 5274/1044/2295 5272/1042/2299
f 5275/1045/2295 5272/1042/2299 5274/1044/2295
f 5276/1046/2300 5275/1045/2295 5274/1044/2295
f 5275/1045/2295 5276/1046/2300 5277/1047/2301
f 5276/1046/2300 5278/1048/2298 5277/1047/2301
f 5277/1047/2301 5278/1048/2298 5279/1049/2295
f 5278/1048/2298 5280/1050/2302 5279/1049/2295
f 5280/1050/2302 5278/1048/2298 5281/1051/2302
f 5280/1050/2302 5281/1051/2302 5282/1052/2303
f 5283/1053/2303 5280/1050/2302 5282/1052/2303
f 5282/1052/2303 5284/1054/2304 5283/1053/2303
f 5284/1054/2304 5282/1052/2303 5285/1055/2316
f 5286/1056/2306 5287/1057/2297 5288/1058/2307
f 5287/1057/2297 5286/1056/2306 5289/1059/2306
f 5286/1056/2306 5290/1060/2308 5289/1059/2306
f 5290/1060/2308 5286/1056/2306 5291/1061/2308
f 5292/1062/2309 5290/1060/2308 5291/1061/2308
f 5290/1060/2308 5292/1062/2309 5293/1063/2312
f 5294/1064/2310 5293/1063/2312 5292/1062/2309
f 5292/1062/2309 5295/1065/2311 5294/1064/2310
f 5295/1065/2311 5296/1066/2309 5294/1064/2310
f 5296/1066/2309 5295/1065/2311 5297/1067/2309
f 5297/1067/2309 5298/1068/2313 5296/1066/2309
f 5297/1067/2309 5299/1069/2317 5298/1068/2313
f 5299/1069/2317 5300/1070/2312 5298/1068/2313
f 5301/1071/2312 5298/1068/2313 5300/1070/2312
f 5300/1070/2312 5302/1072/2305 5301/1071/2312
f 5302/1072/2305 5300/1070/2312 5303/1073/2304
f 5304/947/2318 5305/1074/1552 5306/946/2319
f 5305/1074/1552 5304/947/2318 5307/1075/2320
f 5304/947/2318 5308/1076/2321 5307/1075/2320
f 5308/1076/2321 5304/947/2318 5309/948/2322
f 5310/293/2323 5311/290/2324 5312/292/2325
f 5311/290/2324 5310/293/2323 5313/288/2323
f 5310/293/2323 5314/297/2326 5313/288/2323
f 5314/297/2326 5310/293/2323 5315/296/2327
f 5316/975/2328 5317/965/2329 5318/967/2330
f 5317/965/2329 5316/975/2328 5319/976/2331
f 5320/977/2332 5317/965/2329 5319/976/2331
f 5317/965/2329 5320/977/2332 5321/968/2333
f 5322/970/2334 5321/968/2333 5320/977/2332
f 5322/970/2334 5320/977/2332 5323/978/2335
f 5324/979/2336 5322/970/2334 5323/978/2335
f 5322/970/2334 5324/979/2336 5325/972/2336
f 5326/973/2337 5325/972/2336 5324/979/2336
f 5324/979/2336 5327/980/2337 5326/973/2337
f 5328/981/2338 5326/973/2337 5327/980/2337
f 5326/973/2337 5328/981/2338 5329/974/2339
f 5330/1077/2340 5331/1078/2341 5332/1079/2342
f 5331/1078/2341 5330/1077/2340 5333/1080/2341
f 5334/1081/2343 5331/1078/2341 5333/1080/2341
f 5331/1078/2341 5334/1081/2343 5335/1082/2344
f 5334/1081/2343 5336/1083/2345 5335/1082/2344
f 5336/1083/2345 5334/1081/2343 5337/1084/2345
f 5338/1085/2346 5336/1083/2345 5337/1084/2345
f 5336/1083/2345 5338/1085/2346 5339/1086/2346
f 5338/1085/2346 5340/1087/2347 5339/1086/2346
f 5340/1087/2347 5338/1085/2346 5341/1088/2347
f 5340/1087/2347 5341/1088/2347 5342/1089/2348
f 5342/1089/2348 5343/1090/2348 5340/1087/2347
f 5342/1089/2348 5344/1091/2349 5343/1090/2348
f 5344/1091/2349 5342/1089/2348 5345/1092/2350
f 5344/1091/2349 5345/1092/2350 5346/1093/2351
f 5344/1091/2349 5346/1093/2351 5347/1094/2340
f 5348/1095/2347 5349/1096/2348 5350/1097/2348
f 5349/1096/2348 5348/1095/2347 5351/1098/2352
f 5348/1095/2347 5352/1099/2346 5351/1098/2352
f 5352/1099/2346 5348/1095/2347 5353/1100/2346
f 5354/1101/2345 5352/1099/2346 5353/1100/2346
f 5352/1099/2346 5354/1101/2345 5355/1102/2345
f 5356/1103/2343 5355/1102/2345 5354/1101/2345
f 5357/1104/2343 5356/1103/2343 5354/1101/2345
f 5358/1105/2341 5356/1103/2343 5357/1104/2343
f 5356/1103/2343 5358/1105/2341 5359/1106/2341
f 5360/1107/2340 5359/1106/2341 5358/1105/2341
f 5361/1108/2342 5360/1107/2340 5358/1105/2341
f 5362/1109/2350 5360/1107/2340 5361/1108/2342
f 5360/1107/2340 5362/1109/2350 5363/1110/2350
f 5363/1110/2350 5362/1109/2350 5364/1111/2353
f 5364/1111/2353 5362/1109/2350 5365/1112/2353
f 5366/947/2354 5367/946/2355 5368/1074/2356
f 5368/1074/2356 5369/1075/2357 5366/947/2354
f 5370/1076/2358 5366/947/2354 5369/1075/2357
f 5366/947/2354 5370/1076/2358 5371/948/2359
f 5372/292/2360 5373/290/2361 5374/288/2362
f 5374/288/2362 5375/293/2363 5372/292/2360
f 5375/293/2363 5374/288/2362 5376/296/829
f 5376/296/829 5374/288/2362 5377/297/2364
f 5378/950/2365 5379/952/2366 5380/951/1640
f 5379/952/2366 5378/950/2365 5381/949/2367
f 5382/953/2368 5379/952/2366 5381/949/2367
f 5379/952/2366 5382/953/2368 5383/954/1539
f 5384/967/2330 5385/976/2369 5386/975/2370
f 5385/976/2369 5384/967/2330 5387/965/2371
f 5385/976/2369 5387/965/2371 5388/968/2372
f 5389/977/2373 5385/976/2369 5388/968/2372
f 5389/977/2373 5388/968/2372 5390/970/2374
f 5391/978/2375 5389/977/2373 5390/970/2374
f 5391/978/2375 5390/970/2374 5392/972/2376
f 5393/979/2376 5391/978/2375 5392/972/2376
f 5392/972/2376 5394/980/2377 5393/979/2376
f 5394/980/2377 5392/972/2376 5395/973/2377
f 5396/974/2378 5394/980/2377 5395/973/2377
f 5394/980/2377 5396/974/2378 5397/981/2379
f 5398/1078/2341 5399/1077/2380 5400/1079/2344
f 5399/1077/2380 5398/1078/2341 5401/1080/2341
f 5402/1081/2351 5401/1080/2341 5398/1078/2341
f 5403/1082/2340 5402/1081/2351 5398/1078/2341
f 5404/1083/2349 5402/1081/2351 5403/1082/2340
f 5402/1081/2351 5404/1083/2349 5405/1084/2381
f 5405/1084/2381 5404/1083/2349 5406/1085/2353
f 5406/1085/2353 5404/1083/2349 5407/1086/2348
f 5408/1087/2347 5406/1085/2353 5407/1086/2348
f 5406/1085/2353 5408/1087/2347 5409/1088/2352
f 5408/1087/2347 5410/1089/2346 5409/1088/2352
f 5410/1089/2346 5408/1087/2347 5411/1090/2346
f 5412/1091/2345 5410/1089/2346 5411/1090/2346
f 5410/1089/2346 5412/1091/2345 5413/1092/2345
f 5414/1093/2343 5413/1092/2345 5412/1091/2345
f 5415/1094/2343 5414/1093/2343 5412/1091/2345
f 5416/1096/2346 5417/1095/2347 5418/1097/2346
f 5417/1095/2347 5416/1096/2346 5419/1098/2382
f 5417/1095/2347 5419/1098/2382 5420/1099/2383
f 5420/1099/2383 5421/1100/2348 5417/1095/2347
f 5420/1099/2383 5422/1101/2350 5421/1100/2348
f 5422/1101/2350 5420/1099/2383 5423/1102/2350
f 5422/1101/2350 5423/1102/2350 5424/1103/2340
f 5422/1101/2350 5424/1103/2340 5425/1104/2351
f 5424/1103/2340 5426/1105/2341 5425/1104/2351
f 5426/1105/2341 5424/1103/2340 5427/1106/2341
f 5428/1107/2343 5426/1105/2341 5427/1106/2341
f 5426/1105/2341 5428/1107/2343 5429/1108/2384
f 5428/1107/2343 5430/1109/2345 5429/1108/2384
f 5430/1109/2345 5428/1107/2343 5431/1110/2345
f 5432/1111/2346 5430/1109/2345 5431/1110/2345
f 5430/1109/2345 5432/1111/2346 5433/1112/2346
f 5434/20/936 5435/24/266 5436/23/266
f 5436/23/266 5437/2/266 5434/20/936
f 5437/2/266 5436/23/266 5438/331/266
f 5438/331/266 5436/23/266 5439/16/936
f 5440/33/266 5437/2/266 5438/331/266
f 5437/2/266 5440/33/266 5441/4/266
f 5438/331/266 5442/1017/2385 5440/33/266
f 5443/1018/266 5440/33/266 5442/1017/2385
f 5440/33/266 5443/1018/266 5444/34/936
f 5445/774/2386 5446/59/2387 5447/66/2388
f 5445/774/2386 5447/66/2388 5448/1019/2389
f 5449/62/2390 5445/774/2386 5448/1019/2389
f 5445/774/2386 5449/62/2390 5450/63/2391
f 5451/777/2392 5452/1021/2392 5453/1020/2392
f 5451/777/2392 5454/780/2392 5452/1021/2392
f 5455/782/2392 5452/1021/2392 5454/780/2392
f 5452/1021/2392 5455/782/2392 5456/1022/2392
f 5457/1023/2393 5458/99/2393 5459/101/2394
f 5458/99/2393 5457/1023/2393 5460/1024/2393
f 5457/1023/2393 5461/103/2393 5460/1024/2393
f 5457/1023/2393 5462/105/2393 5461/103/2393
f 5463/841/2395 5464/165/2396 5465/163/2397
f 5464/165/2396 5463/841/2395 5466/1025/2395
f 5463/841/2395 5467/184/2398 5466/1025/2395
f 5467/184/2398 5463/841/2395 5468/183/2399
f 5469/719/2400 5470/201/2401 5471/390/2402
f 5470/201/2401 5469/719/2400 5472/199/2403
f 5473/202/2404 5472/199/2403 5469/719/2400
f 5469/719/2400 5474/394/2405 5473/202/2404
f 5475/745/1001 5476/743/2406 5477/744/2407
f 5476/743/2406 5475/745/1001 5478/742/1019
f 5479/740/1017 5476/743/2406 5478/742/1019
f 5479/740/1017 5480/741/2408 5476/743/2406
f 5481/739/1016 5480/741/2408 5479/740/1017
f 5481/739/1016 5482/738/2409 5480/741/2408
f 5481/739/1016 5483/737/2410 5482/738/2409
f 5483/737/2410 5481/739/1016 5484/736/2411
f 5484/736/2411 5485/735/2412 5483/737/2410
f 5485/735/2412 5484/736/2411 5486/734/2413
f 5485/735/2412 5486/734/2413 5487/732/1010
f 5485/735/2412 5487/732/1010 5488/733/2414
f 5489/731/209 5488/733/2414 5487/732/1010
f 5488/733/2414 5489/731/209 5490/730/2415
f 5489/731/209 5491/728/2416 5490/730/2415
f 5491/728/2416 5489/731/209 5492/729/325
f 5492/729/325 5493/727/2417 5491/728/2416
f 5493/727/2417 5492/729/325 5494/726/2418
f 5495/725/1005 5493/727/2417 5494/726/2418
f 5495/725/1005 5496/724/2419 5493/727/2417
f 5497/723/1003 5496/724/2419 5495/725/1005
f 5497/723/1003 5498/722/2420 5496/724/2419
f 5497/723/1003 5499/720/2407 5498/722/2420
f 5499/720/2407 5497/723/1003 5500/721/2421
f 5501/1026/385 5502/1028/385 5503/1027/385
f 5501/1026/385 5503/1027/385 5504/1029/385
f 5503/1027/385 5505/1030/385 5504/1029/385
f 5506/1031/385 5505/1030/385 5503/1027/385
f 5505/1030/385 5506/1031/385 5507/1032/385
f 5505/1030/385 5507/1032/385 5508/1033/385
f 5508/1033/385 5507/1032/385 5509/1034/385
f 5509/1034/385 5510/1035/385 5508/1033/385
f 5511/516/385 5510/1035/385 5509/1034/385
f 5510/1035/385 5511/516/385 5512/1036/385
f 5511/516/385 5513/1037/385 5512/1036/385
f 5511/516/385 5514/517/385 5513/1037/385
f 5515/1026/266 5516/1027/266 5517/1028/2422
f 5515/1026/266 5518/1029/266 5516/1027/266
f 5519/1030/266 5516/1027/266 5518/1029/266
f 5519/1030/266 5520/1031/266 5516/1027/266
f 5520/1031/266 5519/1030/266 5521/1032/266
f 5521/1032/266 5519/1030/266 5522/1033/266
f 5521/1032/266 5522/1033/266 5523/1034/2422
f 5523/1034/2422 5522/1033/266 5524/1035/266
f 5524/1035/266 5525/516/266 5523/1034/2422
f 5525/516/266 5524/1035/266 5526/1036/266
f 5525/516/266 5526/1036/266 5527/1037/266
f 5525/516/266 5527/1037/266 5528/517/266
f 5529/1039/2423 5530/1038/2424 5531/1040/2425
f 5530/1038/2424 5529/1039/2423 5532/1041/2424
f 5532/1041/2424 5533/1042/2426 5530/1038/2424
f 5534/1043/2426 5530/1038/2424 5533/1042/2426
f 5535/1044/2424 5534/1043/2426 5533/1042/2426
f 5533/1042/2426 5536/1045/2424 5535/1044/2424
f 5536/1045/2424 5537/1046/2427 5535/1044/2424
f 5537/1046/2427 5536/1045/2424 5538/1047/2428
f 5539/1048/2424 5537/1046/2427 5538/1047/2428
f 5538/1047/2428 5540/1049/2424 5539/1048/2424
f 5541/1050/2429 5539/1048/2424 5540/1049/2424
f 5539/1048/2424 5541/1050/2429 5542/1051/2430
f 5541/1050/2429 5543/1052/2431 5542/1051/2430
f 5543/1052/2431 5541/1050/2429 5544/1053/2431
f 5545/1054/2432 5543/1052/2431 5544/1053/2431
f 5543/1052/2431 5545/1054/2432 5546/1055/2433
f 5547/1057/2425 5548/1056/2434 5549/1058/2423
f 5548/1056/2434 5547/1057/2425 5550/1059/2435
f 5548/1056/2434 5550/1059/2435 5551/1060/2436
f 5552/1061/2436 5548/1056/2434 5551/1060/2436
f 5551/1060/2436 5553/1062/2437 5552/1061/2436
f 5553/1062/2437 5551/1060/2436 5554/1063/2437
f 5554/1063/2437 5555/1064/2438 5553/1062/2437
f 5553/1062/2437 5555/1064/2438 5556/1065/2439
f 5557/1066/2437 5556/1065/2439 5555/1064/2438
f 5556/1065/2439 5557/1066/2437 5558/1067/2437
f 5557/1066/2437 5559/1068/2440 5558/1067/2437
f 5558/1067/2437 5559/1068/2440 5560/1069/2440
f 5559/1068/2440 5561/1070/2437 5560/1069/2440
f 5561/1070/2437 5559/1068/2440 5562/1071/2437
f 5563/1072/2433 5561/1070/2437 5562/1071/2437
f 5561/1070/2437 5563/1072/2433 5564/1073/2432
f 5565/1039/2423 5566/1038/2424 5567/1040/2441
f 5566/1038/2424 5565/1039/2423 5568/1041/2424
f 5568/1041/2424 5569/1042/2426 5566/1038/2424
f 5570/1043/2426 5566/1038/2424 5569/1042/2426
f 5571/1044/2442 5570/1043/2426 5569/1042/2426
f 5569/1042/2426 5572/1045/2442 5571/1044/2442
f 5572/1045/2442 5573/1046/2443 5571/1044/2442
f 5573/1046/2443 5572/1045/2442 5574/1047/2444
f 5575/1048/2424 5573/1046/2443 5574/1047/2444
f 5574/1047/2444 5576/1049/2442 5575/1048/2424
f 5577/1050/2430 5575/1048/2424 5576/1049/2442
f 5575/1048/2424 5577/1050/2430 5578/1051/2429
f 5577/1050/2430 5579/1052/2431 5578/1051/2429
f 5579/1052/2431 5577/1050/2430 5580/1053/2431
f 5581/1054/2445 5579/1052/2431 5580/1053/2431
f 5579/1052/2431 5581/1054/2445 5582/1055/2446
f 5583/1057/2425 5584/1056/2434 5585/1058/2423
f 5584/1056/2434 5583/1057/2425 5586/1059/2447
f 5584/1056/2434 5586/1059/2447 5587/1060/2436
f 5588/1061/2436 5584/1056/2434 5587/1060/2436
f 5587/1060/2436 5589/1062/2437 5588/1061/2436
f 5589/1062/2437 5587/1060/2436 5590/1063/2437
f 5590/1063/2437 5591/1064/2438 5589/1062/2437
f 5589/1062/2437 5591/1064/2438 5592/1065/2448
f 5593/1066/2437 5592/1065/2448 5591/1064/2438
f 5592/1065/2448 5593/1066/2437 5594/1067/2437
f 5593/1066/2437 5595/1068/2449 5594/1067/2437
f 5594/1067/2437 5595/1068/2449 5596/1069/2449
f 5595/1068/2449 5597/1070/2437 5596/1069/2449
f 5597/1070/2437 5595/1068/2449 5598/1071/2437
f 5599/1072/2450 5597/1070/2437 5598/1071/2437
f 5597/1070/2437 5599/1072/2450 5600/1073/2445
f 5601/947/2451 5602/946/2452 5603/1074/2453
f 5603/1074/2453 5604/1075/2454 5601/947/2451
f 5605/1076/2455 5601/947/2451 5604/1075/2454
f 5601/947/2451 5605/1076/2455 5606/948/2456
f 5607/290/2457 5608/293/2458 5609/292/2459
f 5608/293/2458 5607/290/2457 5610/288/2460
f 5611/297/2461 5608/293/2458 5610/288/2460
f 5608/293/2458 5611/297/2461 5612/296/2462
f 5613/965/2463 5614/975/2464 5615/967/2465
f 5613/965/2463 5616/976/2466 5614/975/2464
f 5613/965/2463 5617/977/2467 5616/976/2466
f 5617/977/2467 5613/965/2463 5618/968/2468
f 5619/970/2469 5617/977/2467 5618/968/2468
f 5619/970/2469 5620/978/2470 5617/977/2467
f 5619/970/2469 5621/979/2471 5620/978/2470
f 5621/979/2471 5619/970/2469 5622/972/2471
f 5623/973/2472 5621/979/2471 5622/972/2471
f 5621/979/2471 5623/973/2472 5624/980/2472
f 5623/973/2472 5625/981/2473 5624/980/2472
f 5625/981/2473 5623/973/2472 5626/974/2474
f 5627/1078/2475 5628/1077/2476 5629/1079/2477
f 5628/1077/2476 5627/1078/2475 5630/1080/2475
f 5627/1078/2475 5631/1081/2478 5630/1080/2475
f 5631/1081/2478 5627/1078/2475 5632/1082/2479
f 5633/1083/2480 5631/1081/2478 5632/1082/2479
f 5631/1081/2478 5633/1083/2480 5634/1084/2480
f 5634/1084/2480 5633/1083/2480 5635/1085/2481
f 5636/1086/2481 5635/1085/2481 5633/1083/2480
f 5637/1087/2482 5635/1085/2481 5636/1086/2481
f 5635/1085/2481 5637/1087/2482 5638/1088/2482
f 5637/1087/2482 5639/1089/2483 5638/1088/2482
f 5639/1089/2483 5637/1087/2482 5640/1090/2483
f 5641/1091/2484 5639/1089/2483 5640/1090/2483
f 5639/1089/2483 5641/1091/2484 5642/1092/2485
f 5641/1091/2484 5643/1093/2486 5642/1092/2485
f 5643/1093/2486 5641/1091/2484 5644/1094/2486
f 5645/1096/2483 5646/1095/2482 5647/1097/2483
f 5646/1095/2482 5645/1096/2483 5648/1098/2487
f 5646/1095/2482 5648/1098/2487 5649/1099/2481
f 5646/1095/2482 5649/1099/2481 5650/1100/2481
f 5649/1099/2481 5651/1101/2488 5650/1100/2481
f 5651/1101/2488 5649/1099/2481 5652/1102/2480
f 5653/1103/2479 5651/1101/2488 5652/1102/2480
f 5651/1101/2488 5653/1103/2479 5654/1104/2479
f 5653/1103/2479 5655/1105/2475 5654/1104/2479
f 5655/1105/2475 5653/1103/2479 5656/1106/2475
f 5657/1107/2486 5655/1105/2475 5656/1106/2475
f 5655/1105/2475 5657/1107/2486 5658/1108/2486
f 5657/1107/2486 5659/1109/2485 5658/1108/2486
f 5659/1109/2485 5657/1107/2486 5660/1110/2484
f 5661/1111/2489 5659/1109/2485 5660/1110/2484
f 5661/1111/2489 5662/1112/2489 5659/1109/2485
f 5663/947/2490 5664/1074/2491 5665/946/2492
f 5664/1074/2491 5663/947/2490 5666/1075/2493
f 5667/1076/2494 5666/1075/2493 5663/947/2490
f 5663/947/2490 5668/948/2495 5667/1076/2494
f 5669/292/2496 5670/288/2497 5671/290/2498
f 5672/293/2499 5670/288/2497 5669/292/2496
f 5670/288/2497 5672/293/2499 5673/296/1054
f 5673/296/1054 5674/297/2500 5670/288/2497
f 5675/952/2501 5676/950/2502 5677/951/2503
f 5676/950/2502 5675/952/2501 5678/949/2504
f 5675/952/2501 5679/953/2505 5678/949/2504
f 5679/953/2505 5675/952/2501 5680/954/2506
f 5681/976/2507 5682/967/2465 5683/975/2464
f 5682/967/2465 5681/976/2507 5684/965/2508
f 5681/976/2507 5685/968/2509 5684/965/2508
f 5685/968/2509 5681/976/2507 5686/977/2510
f 5686/977/2510 5687/970/2511 5685/968/2509
f 5687/970/2511 5686/977/2510 5688/978/2512
f 5688/978/2512 5689/972/2513 5687/970/2511
f 5689/972/2513 5688/978/2512 5690/979/2513
f 5691/980/2514 5689/972/2513 5690/979/2513
f 5689/972/2513 5691/980/2514 5692/973/2514
f 5691/980/2514 5693/974/2515 5692/973/2514
f 5693/974/2515 5691/980/2514 5694/981/2516
f 5695/1077/2517 5696/1078/2475 5697/1079/2517
f 5696/1078/2475 5695/1077/2517 5698/1080/2475
f 5699/1081/2486 5696/1078/2475 5698/1080/2475
f 5696/1078/2475 5699/1081/2486 5700/1082/2486
f 5699/1081/2486 5701/1083/2484 5700/1082/2486
f 5701/1083/2484 5699/1081/2486 5702/1084/2485
f 5703/1085/2483 5701/1083/2484 5702/1084/2485
f 5703/1085/2483 5704/1086/2483 5701/1083/2484
f 5703/1085/2483 5705/1087/2518 5704/1086/2483
f 5705/1087/2518 5703/1085/2483 5706/1088/2518
f 5705/1087/2518 5706/1088/2518 5707/1089/2481
f 5705/1087/2518 5707/1089/2481 5708/1090/2519
f 5707/1089/2481 5709/1091/2488 5708/1090/2519
f 5709/1091/2488 5707/1089/2481 5710/1092/2480
f 5711/1093/2479 5709/1091/2488 5710/1092/2480
f 5709/1091/2488 5711/1093/2479 5712/1094/2479
f 5713/1095/2518 5714/1096/2481 5715/1097/2481
f 5714/1096/2481 5713/1095/2518 5716/1098/2518
f 5713/1095/2518 5717/1099/2483 5716/1098/2518
f 5717/1099/2483 5713/1095/2518 5718/1100/2483
f 5719/1101/2484 5717/1099/2483 5718/1100/2483
f 5717/1099/2483 5719/1101/2484 5720/1102/2485
f 5719/1101/2484 5721/1103/2486 5720/1102/2485
f 5721/1103/2486 5719/1101/2484 5722/1104/2476
f 5723/1105/2475 5721/1103/2486 5722/1104/2476
f 5721/1103/2486 5723/1105/2475 5724/1106/2475
f 5723/1105/2475 5725/1107/2478 5724/1106/2475
f 5725/1107/2478 5723/1105/2475 5726/1108/2478
f 5727/1109/2480 5725/1107/2478 5726/1108/2478
f 5725/1107/2478 5727/1109/2480 5728/1110/2480
f 5728/1110/2480 5727/1109/2480 5729/1111/2481
f 5730/1112/2481 5729/1111/2481 5727/1109/2480
f 5731/1113/2520 5732/1114/2521 5733/1115/2522
f 5731/1113/2520 5734/1116/2523 5732/1114/2521
f 5734/1116/2523 5731/1113/2520 5735/1117/2524
f 5734/1116/2523 5736/1118/2525 5732/1114/2521
f 5735/1117/2524 5737/1119/2526 5734/1116/2523
f 5737/1119/2526 5738/1120/2527 5734/1116/2523
f 5736/1118/2525 5734/1116/2523 5738/1120/2527
f 5739/1121/2528 5736/1118/2525 5738/1120/2527
f 5736/1118/2525 5739/1121/2528 5740/1122/2529
f 5735/1117/2524 5741/1123/2530 5737/1119/2526
f 5741/1123/2530 5735/1117/2524 5742/1124/2531
f 5738/1120/2527 5737/1119/2526 5743/1125/2532
f 5742/1124/2531 5744/1126/2533 5741/1123/2530
f 5744/1126/2533 5742/1124/2531 5745/1127/2534
f 5745/1127/2534 5746/1128/2535 5744/1126/2533
f 5746/1128/2535 5745/1127/2534 5747/1129/2536
f 5748/1130/2537 5744/1126/2533 5746/1128/2535
f 5749/1131/2538 5741/1123/2530 5744/1126/2533
f 5748/1130/2537 5749/1131/2538 5744/1126/2533
f 5749/1131/2538 5750/1132/2539 5741/1123/2530
f 5750/1132/2539 5743/1125/2532 5737/1119/2526
f 5750/1132/2539 5737/1119/2526 5741/1123/2530
f 5748/1130/2537 5751/1133/2540 5749/1131/2538
f 5751/1133/2540 5750/1132/2539 5749/1131/2538
f 5751/1133/2540 5748/1130/2537 5752/1134/2541
f 5750/1132/2539 5751/1133/2540 5753/1135/2542
f 5753/1135/2542 5743/1125/2532 5750/1132/2539
f 5743/1125/2532 5753/1135/2542 5754/1136/2543
f 5738/1120/2527 5754/1136/2543 5739/1121/2528
f 5754/1136/2543 5738/1120/2527 5743/1125/2532
f 5755/1137/2544 5739/1121/2528 5754/1136/2543
f 5755/1137/2544 5754/1136/2543 5753/1135/2542
f 5756/1138/2545 5753/1135/2542 5751/1133/2540
f 5755/1137/2544 5753/1135/2542 5756/1138/2545
f 5756/1138/2545 5751/1133/2540 5757/1139/2546
f 5751/1133/2540 5752/1134/2541 5757/1139/2546
f 5757/1139/2546 5752/1134/2541 5758/1140/2547
f 5759/1141/2548 5740/1122/2529 5739/1121/2528
f 5739/1121/2528 5755/1137/2544 5759/1141/2548
f 5740/1122/2529 5759/1141/2548 5760/1142/2549
f 5761/1143/2550 5759/1141/2548 5755/1137/2544
f 5756/1138/2545 5761/1143/2550 5755/1137/2544
f 5762/1144/2551 5760/1142/2549 5759/1141/2548
f 5759/1141/2548 5761/1143/2550 5762/1144/2551
f 5760/1142/2549 5762/1144/2551 5763/1145/2552
f 5764/1146/2553 5763/1145/2552 5762/1144/2551
f 5764/1146/2553 5765/1147/2554 5763/1145/2552
f 5762/1144/2551 5766/1148/2555 5764/1146/2553
f 5766/1148/2555 5762/1144/2551 5761/1143/2550
f 5761/1143/2550 5756/1138/2545 5767/1149/2556
f 5757/1139/2546 5767/1149/2556 5756/1138/2545
f 5767/1149/2556 5766/1148/2555 5761/1143/2550
f 5766/1148/2555 5767/1149/2556 5768/1150/2557
f 5767/1149/2556 5757/1139/2546 5769/1151/2558
f 5769/1151/2558 5768/1150/2557 5767/1149/2556
f 5758/1140/2547 5769/1151/2558 5757/1139/2546
f 5768/1150/2557 5769/1151/2558 5770/1152/2559
f 5769/1151/2558 5758/1140/2547 5771/1153/2560
f 5772/1154/2561 5769/1151/2558 5771/1153/2560
f 5769/1151/2558 5772/1154/2561 5770/1152/2559
f 5773/81/2562 5774/1155/2563 5775/82/2564
f 5773/81/2562 5776/1156/2562 5774/1155/2563
f 5777/101/2565 5776/1156/2562 5773/81/2562
f 5776/1156/2562 5778/87/2563 5774/1155/2563
f 5776/1156/2562 5777/101/2565 5779/1023/2565
f 5778/87/2563 5776/1156/2562 5780/85/2562
f 5779/1023/2565 5780/85/2562 5776/1156/2562
f 5780/85/2562 5779/1023/2565 5781/105/2565
f 5782/1155/2566 5783/87/2566 5784/88/2567
f 5782/1155/2566 5784/88/2567 5785/1157/2568
f 5782/1155/2566 5785/1157/2568 5786/82/2566
f 5784/88/2567 5787/1158/2569 5785/1157/2568
f 5786/82/2566 5785/1157/2568 5788/90/815
f 5785/1157/2568 5787/1158/2569 5789/1159/2569
f 5788/90/815 5785/1157/2568 5790/1160/2569
f 5790/1160/2569 5785/1157/2568 5789/1159/2569
f 5791/95/2570 5792/1024/2571 5793/99/1148
f 5792/1024/2571 5791/95/2570 5794/1161/2572
f 5794/1161/2572 5791/95/2570 5795/97/2573
f 5794/1161/2572 5796/103/2574 5792/1024/2571
f 5796/103/2574 5794/1161/2572 5797/104/2575
f 5797/104/2575 5794/1161/2572 5798/107/2573
f 5799/1113/2576 5800/1115/2577 5801/1114/2578
f 5799/1113/2576 5801/1114/2578 5802/1116/2579
f 5802/1116/2579 5803/1117/2580 5799/1113/2576
f 5804/1118/2581 5802/1116/2579 5801/1114/2578
f 5803/1117/2580 5802/1116/2579 5805/1119/2582
f 5806/1120/2583 5805/1119/2582 5802/1116/2579
f 5802/1116/2579 5804/1118/2581 5806/1120/2583
f 5804/1118/2581 5807/1121/2584 5806/1120/2583
f 5804/1118/2581 5808/1122/2585 5807/1121/2584
f 5809/1123/2586 5803/1117/2580 5805/1119/2582
f 5803/1117/2580 5809/1123/2586 5810/1124/2587
f 5805/1119/2582 5806/1120/2583 5811/1125/2588
f 5812/1126/2589 5810/1124/2587 5809/1123/2586
f 5810/1124/2587 5812/1126/2589 5813/1127/2590
f 5809/1123/2586 5805/1119/2582 5814/1132/2591
f 5814/1132/2591 5805/1119/2582 5811/1125/2588
f 5815/1128/2592 5813/1127/2590 5812/1126/2589
f 5813/1127/2590 5815/1128/2592 5816/1129/2593
f 5815/1128/2592 5812/1126/2589 5817/1130/2594
f 5812/1126/2589 5809/1123/2586 5818/1131/2595
f 5817/1130/2594 5812/1126/2589 5818/1131/2595
f 5818/1131/2595 5809/1123/2586 5814/1132/2591
f 5814/1132/2591 5819/1133/2596 5818/1131/2595
f 5819/1133/2596 5817/1130/2594 5818/1131/2595
f 5817/1130/2594 5819/1133/2596 5820/1134/2597
f 5811/1125/2588 5821/1135/2598 5814/1132/2591
f 5814/1132/2591 5821/1135/2598 5819/1133/2596
f 5811/1125/2588 5822/1136/2599 5821/1135/2598
f 5806/1120/2583 5807/1121/2584 5822/1136/2599
f 5806/1120/2583 5822/1136/2599 5811/1125/2588
f 5807/1121/2584 5823/1137/2600 5822/1136/2599
f 5823/1137/2600 5821/1135/2598 5822/1136/2599
f 5823/1137/2600 5824/1138/2601 5821/1135/2598
f 5824/1138/2601 5819/1133/2596 5821/1135/2598
f 5825/1139/2602 5820/1134/2597 5819/1133/2596
f 5819/1133/2596 5824/1138/2601 5825/1139/2602
f 5820/1134/2597 5825/1139/2602 5826/1140/2603
f 5808/1122/2585 5827/1141/2604 5807/1121/2584
f 5823/1137/2600 5807/1121/2584 5827/1141/2604
f 5827/1141/2604 5808/1122/2585 5828/1142/2605
f 5829/1143/2606 5824/1138/2601 5823/1137/2600
f 5823/1137/2600 5827/1141/2604 5829/1143/2606
f 5827/1141/2604 5830/1144/2607 5829/1143/2606
f 5827/1141/2604 5828/1142/2605 5830/1144/2607
f 5828/1142/2605 5831/1145/2608 5830/1144/2607
f 5832/1146/2609 5830/1144/2607 5831/1145/2608
f 5832/1146/2609 5831/1145/2608 5833/1147/2610
f 5834/1148/2611 5829/1143/2606 5830/1144/2607
f 5830/1144/2607 5832/1146/2609 5834/1148/2611
f 5834/1148/2611 5835/1149/2612 5829/1143/2606
f 5835/1149/2612 5825/1139/2602 5824/1138/2601
f 5824/1138/2601 5829/1143/2606 5835/1149/2612
f 5835/1149/2612 5834/1148/2611 5836/1150/156
f 5825/1139/2602 5835/1149/2612 5837/1151/2613
f 5836/1150/156 5837/1151/2613 5835/1149/2612
f 5837/1151/2613 5826/1140/2603 5825/1139/2602
f 5837/1151/2613 5836/1150/156 5838/1152/2614
f 5826/1140/2603 5837/1151/2613 5839/1153/2615
f 5837/1151/2613 5840/1154/2616 5839/1153/2615
f 5840/1154/2616 5837/1151/2613 5838/1152/2614
f 5841/1155/2617 5842/81/2618 5843/82/2617
f 5842/81/2618 5841/1155/2617 5844/1156/2618
f 5844/1156/2618 5845/101/2619 5842/81/2618
f 5846/87/2617 5844/1156/2618 5841/1155/2617
f 5845/101/2619 5844/1156/2618 5847/1023/2619
f 5844/1156/2618 5846/87/2617 5848/85/2620
f 5848/85/2620 5847/1023/2619 5844/1156/2618
f 5847/1023/2619 5848/85/2620 5849/105/2619
f 5850/1155/2621 5851/88/2622 5852/87/2621
f 5851/88/2622 5850/1155/2621 5853/1157/2623
f 5851/88/2622 5853/1157/2623 5854/1158/2624
f 5850/1155/2621 5855/82/2625 5853/1157/2623
f 5853/1157/2623 5856/1159/2624 5854/1158/2624
f 5855/82/2625 5857/90/1834 5853/1157/2623
f 5853/1157/2623 5858/1160/2624 5856/1159/2624
f 5853/1157/2623 5857/90/1834 5858/1160/2624
f 5859/1024/2626 5860/95/2627 5861/99/1711
f 5860/95/2627 5859/1024/2626 5862/1161/2628
f 5860/95/2627 5862/1161/2628 5863/97/2629
f 5864/103/2630 5862/1161/2628 5859/1024/2626
f 5865/104/2631 5862/1161/2628 5864/103/2630
f 5862/1161/2628 5865/104/2631 5866/107/2629
f 5867/860/687 5868/859/687 5869/406/687
f 5870/405/687 5869/406/687 5868/859/687
f 5870/405/687 5868/859/687 5871/858/687
f 5872/433/687 5871/858/687 5868/859/687
f 5868/859/687 5873/434/687 5872/433/687
f 5874/406/2632 5875/859/543 5876/860/543
f 5877/405/543 5875/859/543 5874/406/2632
f 5875/859/543 5877/405/543 5878/858/543
f 5879/433/543 5875/859/543 5878/858/543
f 5875/859/543 5879/433/543 5880/434/543
f 5881/1010/1420 5882/1011/1420 5883/1162/1420
f 5882/1011/1420 5884/1012/1420 5883/1162/1420
f 5884/1012/1420 5885/1013/1420 5883/1162/1420
f 5885/1013/1420 5886/1014/1420 5883/1162/1420
f 5886/1014/1420 5887/1015/188 5883/1162/1420
f 5887/1015/188 5888/1016/188 5883/1162/1420
f 5889/1010/1420 5890/1162/188 5891/1011/188
f 5891/1011/188 5890/1162/188 5892/1012/188
f 5892/1012/188 5890/1162/188 5893/1013/1420
f 5893/1013/1420 5890/1162/188 5894/1014/1420
f 5894/1014/1420 5890/1162/188 5895/1015/188
f 5895/1015/188 5890/1162/188 5896/1016/188
f 5897/1010/425 5898/1162/425 5899/1011/425
f 5899/1011/425 5898/1162/425 5900/1012/425
f 5900/1012/425 5898/1162/425 5901/1013/425
f 5901/1013/425 5898/1162/425 5902/1014/425
f 5902/1014/425 5898/1162/425 5903/1015/425
f 5903/1015/425 5898/1162/425 5904/1016/425
f 5905/1010/425 5906/1011/425 5907/1162/425
f 5906/1011/425 5908/1012/425 5907/1162/425
f 5908/1012/425 5909/1013/425 5907/1162/425
f 5909/1013/425 5910/1014/425 5907/1162/425
f 5910/1014/425 5911/1015/425 5907/1162/425
f 5911/1015/425 5912/1016/425 5907/1162/425
f 5913/1163/2633 5914/1021/2634 5915/1020/2634
f 5914/1021/2634 5916/1164/2633 5917/1022/2634
f 5916/1164/2633 5914/1021/2634 5918/1165/2635
f 5914/1021/2634 5913/1163/2633 5918/1165/2635
f 5919/1166/2636 5918/1165/2635 5913/1163/2633
f 5918/1165/2635 5920/1167/2636 5916/1164/2633
f 5920/1167/2636 5918/1165/2635 5921/1168/1122
f 5918/1165/2635 5919/1166/2636 5921/1168/1122
f 5922/1169/2637 5920/1167/2636 5921/1168/1122
f 5921/1168/1122 5919/1166/2636 5922/1169/2637
f 5923/1170/2638 5924/784/2638 5925/783/2638
f 5926/785/2638 5924/784/2638 5927/1171/2638
f 5927/1171/2638 5924/784/2638 5928/1172/2638
f 5924/784/2638 5923/1170/2638 5928/1172/2638
f 5929/779/2638 5928/1172/2638 5923/1170/2638
f 5928/1172/2638 5930/781/2639 5927/1171/2638
f 5930/781/2639 5928/1172/2638 5931/778/2638
f 5928/1172/2638 5929/779/2638 5931/778/2638
f 5932/1173/2640 5933/1174/794 5934/1175/2641
f 5934/1175/2641 5935/1176/2642 5936/1177/2643
f 5934/1175/2641 5937/1178/2644 5932/1173/2640
f 5934/1175/2641 5936/1177/2643 5937/1178/2644
f 5937/1178/2644 5938/210/791 5932/1173/2640
f 5938/210/791 5937/1178/2644 5939/206/2645
f 5940/207/2646 5939/206/2645 5937/1178/2644
f 5941/1179/2647 5937/1178/2644 5936/1177/2643
f 5941/1179/2647 5940/207/2646 5937/1178/2644
f 5942/1180/2648 5941/1179/2647 5936/1177/2643
f 5943/1174/2649 5944/1173/2650 5945/1175/2651
f 5945/1175/2651 5946/1177/2652 5947/1176/2653
f 5945/1175/2651 5944/1173/2650 5948/1178/2654
f 5945/1175/2651 5948/1178/2654 5946/1177/2652
f 5949/210/2655 5948/1178/2654 5944/1173/2650
f 5948/1178/2654 5949/210/2655 5950/206/2656
f 5951/207/2294 5948/1178/2654 5950/206/2656
f 5952/1179/2657 5946/1177/2652 5948/1178/2654
f 5948/1178/2654 5951/207/2294 5952/1179/2657
f 5946/1177/2652 5952/1179/2657 5953/1180/2658
f 5954/1021/2659 5955/1163/2660 5956/1020/2659
f 5954/1021/2659 5957/1022/2659 5958/1164/2660
f 5955/1163/2660 5954/1021/2659 5959/1165/2661
f 5954/1021/2659 5958/1164/2660 5959/1165/2661
f 5959/1165/2661 5960/1166/2662 5955/1163/2660
f 5961/1167/2662 5959/1165/2661 5958/1164/2660
f 5959/1165/2661 5961/1167/2662 5962/1168/2663
f 5960/1166/2662 5959/1165/2661 5962/1168/2663
f 5962/1168/2663 5963/1169/2664 5960/1166/2662
f 5963/1169/2664 5962/1168/2663 5961/1167/2662
f 5964/784/2665 5965/1170/2665 5966/783/2665
f 5964/784/2665 5967/785/2665 5968/1171/2665
f 5964/784/2665 5968/1171/2665 5969/1172/2665
f 5965/1170/2665 5964/784/2665 5969/1172/2665
f 5969/1172/2665 5970/779/2665 5965/1170/2665
f 5969/1172/2665 5968/1171/2665 5971/781/2665
f 5969/1172/2665 5971/781/2665 5972/778/2665
f 5970/779/2665 5969/1172/2665 5972/778/2665
f 5973/1174/1831 5974/1173/2666 5975/1175/2667
f 5975/1175/2667 5976/1177/2668 5977/1176/2669
f 5975/1175/2667 5978/1178/2670 5976/1177/2668
f 5975/1175/2667 5974/1173/2666 5978/1178/2670
f 5979/210/1832 5978/1178/2670 5974/1173/2666
f 5978/1178/2670 5979/210/1832 5980/206/2671
f 5981/207/2420 5978/1178/2670 5980/206/2671
f 5982/1179/2672 5976/1177/2668 5978/1178/2670
f 5978/1178/2670 5981/207/2420 5982/1179/2672
f 5976/1177/2668 5982/1179/2672 5983/1180/2673
f 5984/1173/998 5985/1174/2674 5986/1175/2675
f 5987/1177/2676 5986/1175/2675 5988/1176/2677
f 5989/1178/2678 5986/1175/2675 5987/1177/2676
f 5986/1175/2675 5989/1178/2678 5984/1173/998
f 5989/1178/2678 5990/210/996 5984/1173/998
f 5990/210/996 5989/1178/2678 5991/206/2679
f 5989/1178/2678 5992/207/2680 5991/206/2679
f 5993/1179/2681 5989/1178/2678 5987/1177/2676
f 5993/1179/2681 5992/207/2680 5989/1178/2678
f 5987/1177/2676 5994/1180/2682 5993/1179/2681
f 5995/260/2683 5996/265/2683 5997/266/2684
f 5995/260/2683 5998/453/2685 5996/265/2683
f 5999/564/2686 5995/260/2683 5997/266/2684
f 5998/453/2685 5995/260/2683 6000/261/2687
f 5999/564/2686 5997/266/2684 6001/304/2688
f 6000/261/2687 6002/457/2689 5998/453/2685
f 6003/561/2688 5999/564/2686 6001/304/2688
f 6002/457/2689 6000/261/2687 6004/589/2689
f 6001/304/2688 6005/559/2690 6003/561/2688
f 6004/589/2689 6006/587/2691 6002/457/2689
f 6005/559/2690 6001/304/2688 6007/305/2692
f 6002/457/2689 6006/587/2691 6008/458/2693
f 6009/307/2694 6005/559/2690 6007/305/2692
f 6006/587/2691 6010/585/2695 6008/458/2693
f 6005/559/2690 6009/307/2694 6011/560/2696
f 6008/458/2693 6010/585/2695 6012/269/2695
f 6013/308/2697 6011/560/2696 6009/307/2694
f 6010/585/2695 6014/268/2698 6012/269/2695
f 6011/560/2696 6013/308/2697 6015/575/2699
f 6014/268/2698 6010/585/2695 6016/584/2700
f 6013/308/2697 6017/574/2701 6015/575/2699
f 6016/584/2700 6018/309/2702 6014/268/2698
f 6017/574/2701 6013/308/2697 6018/309/2702
f 6018/309/2702 6016/584/2700 6017/574/2701
f 6019/1181/2703 6020/1182/2703 6021/1183/2704
f 6019/1181/2703 6022/1184/2705 6020/1182/2703
f 6023/1185/2706 6019/1181/2703 6021/1183/2704
f 6022/1184/2705 6019/1181/2703 6024/1186/2707
f 6023/1185/2706 6021/1183/2704 6025/1187/2708
f 6024/1186/2707 6026/1188/2709 6022/1184/2705
f 6027/1189/2710 6023/1185/2706 6025/1187/2708
f 6026/1188/2709 6024/1186/2707 6028/1190/2711
f 6029/1191/2712 6027/1189/2710 6025/1187/2708
f 6028/1190/2711 6030/1192/2713 6026/1188/2709
f 6027/1189/2710 6029/1191/2712 6031/1193/2714
f 6030/1192/2713 6028/1190/2711 6032/1194/2713
f 6033/1195/2715 6031/1193/2714 6029/1191/2712
f 6034/1196/2716 6030/1192/2713 6032/1194/2713
f 6031/1193/2714 6033/1195/2715 6035/1197/2717
f 6030/1192/2713 6034/1196/2716 6036/1198/2718
f 6033/1195/2715 6037/1199/2719 6035/1197/2717
f 6034/1196/2716 6038/1200/2720 6036/1198/2718
f 6037/1199/2719 6033/1195/2715 6039/1201/2721
f 6038/1200/2720 6040/1202/2722 6036/1198/2718
f 6038/1200/2720 6041/1203/2723 6040/1202/2722
f 6039/1201/2721 6041/1203/2723 6037/1199/2719
f 6041/1203/2723 6039/1201/2721 6042/1204/2723
f 6041/1203/2723 6042/1204/2723 6040/1202/2722
f 6043/585/2724 6044/269/2725 6045/458/2726
f 6043/585/2724 6046/268/2727 6044/269/2725
f 6047/587/2728 6043/585/2724 6045/458/2726
f 6046/268/2727 6043/585/2724 6048/584/2729
f 6045/458/2726 6049/457/2730 6047/587/2728
f 6048/584/2729 6050/574/2731 6046/268/2727
f 6051/589/2730 6047/587/2728 6049/457/2730
f 6050/574/2731 6052/309/2731 6046/268/2727
f 6049/457/2730 6053/261/2732 6051/589/2730
f 6050/574/2731 6054/308/2733 6052/309/2731
f 6053/261/2732 6049/457/2730 6055/453/2734
f 6054/308/2733 6050/574/2731 6056/575/2735
f 6055/453/2734 6057/260/2736 6053/261/2732
f 6056/575/2735 6058/307/2737 6054/308/2733
f 6057/260/2736 6055/453/2734 6059/265/2738
f 6058/307/2737 6056/575/2735 6060/560/2739
f 6061/266/2740 6057/260/2736 6059/265/2738
f 6060/560/2739 6062/305/2741 6058/307/2737
f 6063/564/2742 6057/260/2736 6061/266/2740
f 6062/305/2741 6060/560/2739 6064/559/2743
f 6061/266/2740 6065/304/2744 6063/564/2742
f 6066/561/2745 6063/564/2742 6065/304/2744
f 6066/561/2745 6065/304/2744 6062/305/2741
f 6064/559/2743 6066/561/2745 6062/305/2741
f 6067/1192/2746 6068/1196/2747 6069/1194/2748
f 6070/1190/2749 6067/1192/2746 6069/1194/2748
f 6068/1196/2747 6067/1192/2746 6071/1198/2750
f 6067/1192/2746 6070/1190/2749 6072/1188/2751
f 6071/1198/2750 6073/1200/2752 6068/1196/2747
f 6074/1186/2753 6072/1188/2751 6070/1190/2749
f 6073/1200/2752 6071/1198/2750 6075/1202/2754
f 6072/1188/2751 6074/1186/2753 6076/1184/2755
f 6073/1200/2752 6075/1202/2754 6077/1203/2756
f 6078/1181/2757 6076/1184/2755 6074/1186/2753
f 6077/1203/2756 6075/1202/2754 6079/1204/2756
f 6076/1184/2755 6078/1181/2757 6080/1182/2757
f 6081/1201/2758 6077/1203/2756 6079/1204/2756
f 6078/1181/2757 6082/1183/2759 6080/1182/2757
f 6077/1203/2756 6081/1201/2758 6083/1199/2760
f 6084/1185/2761 6082/1183/2759 6078/1181/2757
f 6085/1195/2762 6083/1199/2760 6081/1201/2758
f 6084/1185/2761 6086/1187/2763 6082/1183/2759
f 6083/1199/2760 6085/1195/2762 6087/1197/2764
f 6086/1187/2763 6084/1185/2761 6088/1189/2765
f 6089/1193/2766 6087/1197/2764 6085/1195/2762
f 6088/1189/2765 6090/1191/2767 6086/1187/2763
f 6085/1195/2762 6090/1191/2767 6089/1193/2766
f 6090/1191/2767 6088/1189/2765 6089/1193/2766
f 6091/211/2768 6092/1205/2769 6093/1206/2768
f 6094/1207/2770 6091/211/2768 6093/1206/2768
f 6092/1205/2769 6091/211/2768 6095/213/2771
f 6091/211/2768 6094/1207/2770 6096/216/2772
f 6097/1208/2773 6092/1205/2769 6095/213/2771
f 6098/1209/2774 6096/216/2772 6094/1207/2770
f 6097/1208/2773 6095/213/2771 6099/233/2775
f 6096/216/2772 6098/1209/2774 6100/218/2776
f 6101/231/2777 6097/1208/2773 6099/233/2775
f 6102/1210/2778 6100/218/2776 6098/1209/2774
f 6097/1208/2773 6101/231/2777 6103/1211/2779
f 6100/218/2776 6102/1210/2778 6104/219/2780
f 6105/230/2781 6103/1211/2779 6101/231/2777
f 6106/1212/2782 6104/219/2780 6102/1210/2778
f 6103/1211/2779 6105/230/2781 6107/1213/2781
f 6104/219/2780 6106/1212/2782 6108/221/2782
f 6109/1214/2783 6107/1213/2781 6105/230/2781
f 6106/1212/2782 6110/223/2784 6108/221/2782
f 6109/1214/2783 6105/230/2781 6111/227/2783
f 6110/223/2784 6106/1212/2782 6112/1215/2784
f 6113/225/2785 6109/1214/2783 6111/227/2783
f 6114/1216/2786 6110/223/2784 6112/1215/2784
f 6109/1214/2783 6113/225/2785 6114/1216/2786
f 6110/223/2784 6114/1216/2786 6113/225/2785
f 6115/214/2787 6116/1217/2788 6117/212/2788
f 6118/234/2789 6117/212/2788 6116/1217/2788
f 6116/1217/2788 6115/214/2787 6119/1218/2790
f 6116/1217/2788 6120/1219/2791 6118/234/2789
f 6121/215/2792 6119/1218/2790 6115/214/2787
f 6122/1220/2793 6118/234/2789 6120/1219/2791
f 6119/1218/2790 6121/215/2792 6123/1221/2792
f 6118/234/2789 6122/1220/2793 6124/232/2794
f 6121/215/2792 6125/1222/2795 6123/1221/2792
f 6126/1223/2796 6124/232/2794 6122/1220/2793
f 6125/1222/2795 6121/215/2792 6127/217/2795
f 6124/232/2794 6126/1223/2796 6128/229/2797
f 6129/220/2798 6125/1222/2795 6127/217/2795
f 6126/1223/2796 6130/228/2799 6128/229/2797
f 6125/1222/2795 6129/220/2798 6131/1224/2800
f 6130/228/2799 6126/1223/2796 6132/1225/2799
f 6133/222/2801 6131/1224/2800 6129/220/2798
f 6134/1226/2802 6130/228/2799 6132/1225/2799
f 6131/1224/2800 6133/222/2801 6135/1227/2801
f 6130/228/2799 6134/1226/2802 6136/226/2803
f 6137/1228/2804 6136/226/2803 6134/1226/2802
f 6133/222/2801 6137/1228/2804 6135/1227/2801
f 6136/226/2803 6137/1228/2804 6138/224/2804
f 6137/1228/2804 6133/222/2801 6138/224/2804
f 6139/213/2805 6140/1206/2806 6141/1205/2805
f 6142/1208/2807 6139/213/2805 6141/1205/2805
f 6140/1206/2806 6139/213/2805 6143/211/2808
f 6144/233/2807 6139/213/2805 6142/1208/2807
f 6143/211/2808 6145/1207/2809 6140/1206/2806
f 6142/1208/2807 6146/231/2810 6144/233/2807
f 6145/1207/2809 6143/211/2808 6147/216/2809
f 6146/231/2810 6142/1208/2807 6148/1211/2811
f 6147/216/2809 6149/218/2812 6145/1207/2809
f 6148/1211/2811 6150/230/2813 6146/231/2810
f 6151/1209/2812 6145/1207/2809 6149/218/2812
f 6150/230/2813 6148/1211/2811 6152/1213/2814
f 6149/218/2812 6153/1210/2815 6151/1209/2812
f 6152/1213/2814 6154/227/2816 6150/230/2813
f 6153/1210/2815 6149/218/2812 6155/219/2817
f 6154/227/2816 6152/1213/2814 6156/1214/2818
f 6155/219/2817 6157/1212/2819 6153/1210/2815
f 6156/1214/2818 6158/225/2820 6154/227/2816
f 6157/1212/2819 6155/219/2817 6159/221/2819
f 6158/225/2820 6156/1214/2818 6160/1216/2821
f 6161/223/2822 6157/1212/2819 6159/221/2819
f 6160/1216/2821 6161/223/2822 6158/225/2820
f 6161/223/2822 6160/1216/2821 6162/1215/2823
f 6157/1212/2819 6161/223/2822 6162/1215/2823
f 6163/1217/2824 6164/214/2825 6165/212/2826
f 6166/234/2827 6163/1217/2824 6165/212/2826
f 6164/214/2825 6163/1217/2824 6167/1218/2828
f 6168/1219/2827 6163/1217/2824 6166/234/2827
f 6167/1218/2828 6169/215/2829 6164/214/2825
f 6166/234/2827 6170/1220/2830 6168/1219/2827
f 6169/215/2829 6167/1218/2828 6171/1221/2829
f 6170/1220/2830 6166/234/2827 6172/232/2831
f 6169/215/2829 6171/1221/2829 6173/1222/2832
f 6172/232/2831 6174/1223/2833 6170/1220/2830
f 6175/217/2832 6169/215/2829 6173/1222/2832
f 6174/1223/2833 6172/232/2831 6176/229/2834
f 6173/1222/2832 6177/220/2835 6175/217/2832
f 6178/228/2836 6174/1223/2833 6176/229/2834
f 6177/220/2835 6173/1222/2832 6179/1224/2837
f 6174/1223/2833 6178/228/2836 6180/1225/2836
f 6179/1224/2837 6181/222/2838 6177/220/2835
f 6178/228/2836 6182/1226/2839 6180/1225/2836
f 6181/222/2838 6179/1224/2837 6183/1227/2838
f 6182/1226/2839 6178/228/2836 6184/226/2840
f 6184/226/2840 6185/1228/2841 6182/1226/2839
f 6185/1228/2841 6181/222/2838 6183/1227/2838
f 6186/224/2842 6181/222/2838 6185/1228/2841
f 6185/1228/2841 6184/226/2840 6186/224/2842
f 6187/260/2843 6188/266/2844 6189/265/2845
f 6190/453/2846 6187/260/2843 6189/265/2845
f 6188/266/2844 6187/260/2843 6191/564/2847
f 6187/260/2843 6190/453/2846 6192/261/2848
f 6193/304/2849 6188/266/2844 6191/564/2847
f 6194/457/2850 6192/261/2848 6190/453/2846
f 6191/564/2847 6195/561/2851 6193/304/2849
f 6192/261/2848 6194/457/2850 6196/589/2850
f 6195/561/2851 6197/305/2852 6193/304/2849
f 6198/587/2853 6196/589/2850 6194/457/2850
f 6197/305/2852 6195/561/2851 6199/559/2854
f 6200/458/2855 6198/587/2853 6194/457/2850
f 6201/560/2856 6197/305/2852 6199/559/2854
f 6200/458/2855 6202/585/2857 6198/587/2853
f 6197/305/2852 6201/560/2856 6203/307/2858
f 6202/585/2857 6200/458/2855 6204/269/2859
f 6205/575/2860 6203/307/2858 6201/560/2856
f 6206/268/2861 6202/585/2857 6204/269/2859
f 6203/307/2858 6205/575/2860 6207/308/2862
f 6202/585/2857 6206/268/2861 6208/584/2863
f 6206/268/2861 6209/574/2864 6208/584/2863
f 6209/574/2864 6207/308/2862 6205/575/2860
f 6209/574/2864 6206/268/2861 6210/309/2864
f 6207/308/2862 6209/574/2864 6210/309/2864
f 6211/1206/2865 6212/1205/2866 6213/211/2865
f 6213/211/2865 6214/1207/2867 6211/1206/2865
f 6213/211/2865 6212/1205/2866 6215/213/2868
f 6214/1207/2867 6213/211/2865 6216/216/2869
f 6212/1205/2866 6217/1208/2870 6215/213/2868
f 6216/216/2869 6218/1209/2871 6214/1207/2867
f 6219/233/2870 6215/213/2868 6217/1208/2870
f 6218/1209/2871 6216/216/2869 6220/218/2872
f 6217/1208/2870 6221/231/2873 6219/233/2870
f 6220/218/2872 6222/1210/2874 6218/1209/2871
f 6221/231/2873 6217/1208/2870 6223/1211/2875
f 6222/1210/2874 6220/218/2872 6224/219/2876
f 6223/1211/2875 6225/230/2877 6221/231/2873
f 6224/219/2876 6226/1212/2878 6222/1210/2874
f 6225/230/2877 6223/1211/2875 6227/1213/2879
f 6226/1212/2878 6224/219/2876 6228/221/2878
f 6227/1213/2879 6229/1214/2880 6225/230/2877
f 6230/223/2881 6226/1212/2878 6228/221/2878
f 6231/227/2880 6225/230/2877 6229/1214/2880
f 6232/1215/2881 6226/1212/2878 6230/223/2881
f 6229/1214/2880 6233/225/2882 6231/227/2880
f 6230/223/2881 6234/1216/2883 6232/1215/2881
f 6233/225/2882 6229/1214/2880 6234/1216/2883
f 6234/1216/2883 6230/223/2881 6233/225/2882
f 6235/1217/2884 6236/214/2885 6237/212/2884
f 6238/234/2886 6235/1217/2884 6237/212/2884
f 6236/214/2885 6235/1217/2884 6239/1218/2887
f 6235/1217/2884 6238/234/2886 6240/1219/2888
f 6239/1218/2887 6241/215/2889 6236/214/2885
f 6238/234/2886 6242/1220/2890 6240/1219/2888
f 6241/215/2889 6239/1218/2887 6243/1221/2889
f 6242/1220/2890 6238/234/2886 6244/232/2891
f 6245/1222/2892 6241/215/2889 6243/1221/2889
f 6244/232/2891 6246/1223/2893 6242/1220/2890
f 6241/215/2889 6245/1222/2892 6247/217/2892
f 6246/1223/2893 6244/232/2891 6248/229/2893
f 6245/1222/2892 6249/220/2894 6247/217/2892
f 6248/229/2893 6250/228/2895 6246/1223/2893
f 6249/220/2894 6245/1222/2892 6251/1224/2896
f 6250/228/2895 6252/1225/2897 6246/1223/2893
f 6251/1224/2896 6253/222/2898 6249/220/2894
f 6250/228/2895 6254/1226/2899 6252/1225/2897
f 6253/222/2898 6251/1224/2896 6255/1227/2898
f 6254/1226/2899 6250/228/2895 6256/226/2900
f 6256/226/2900 6257/1228/2901 6254/1226/2899
f 6257/1228/2901 6253/222/2898 6255/1227/2898
f 6257/1228/2901 6258/224/2901 6253/222/2898
f 6257/1228/2901 6256/226/2900 6258/224/2901
f 6259/1206/2902 6260/213/2903 6261/1205/2903
f 6262/1208/2904 6261/1205/2903 6260/213/2903
f 6260/213/2903 6259/1206/2902 6263/211/2905
f 6260/213/2903 6264/233/2906 6262/1208/2904
f 6265/1207/2907 6263/211/2905 6259/1206/2902
f 6266/231/2908 6262/1208/2904 6264/233/2906
f 6263/211/2905 6265/1207/2907 6267/216/2907
f 6262/1208/2904 6266/231/2908 6268/1211/2909
f 6265/1207/2907 6269/218/2910 6267/216/2907
f 6270/230/2911 6268/1211/2909 6266/231/2908
f 6265/1207/2907 6271/1209/2910 6269/218/2910
f 6268/1211/2909 6270/230/2911 6272/1213/2912
f 6273/1210/2913 6269/218/2910 6271/1209/2910
f 6274/227/2914 6272/1213/2912 6270/230/2911
f 6269/218/2910 6273/1210/2913 6275/219/2915
f 6272/1213/2912 6274/227/2914 6276/1214/2916
f 6277/1212/2917 6275/219/2915 6273/1210/2913
f 6278/225/2918 6276/1214/2916 6274/227/2914
f 6275/219/2915 6277/1212/2917 6279/221/2917
f 6276/1214/2916 6278/225/2918 6280/1216/2919
f 6281/223/2920 6280/1216/2919 6278/225/2918
f 6277/1212/2917 6281/223/2920 6279/221/2917
f 6280/1216/2919 6281/223/2920 6282/1215/2920
f 6277/1212/2917 6282/1215/2920 6281/223/2920
f 6283/214/2921 6284/1217/2922 6285/212/2922
f 6286/234/2923 6285/212/2922 6284/1217/2922
f 6284/1217/2922 6283/214/2921 6287/1218/2924
f 6288/1219/2923 6286/234/2923 6284/1217/2922
f 6289/215/2925 6287/1218/2924 6283/214/2921
f 6290/1220/2926 6286/234/2923 6288/1219/2923
f 6287/1218/2924 6289/215/2925 6291/1221/2925
f 6286/234/2923 6290/1220/2926 6292/232/2927
f 6289/215/2925 6293/1222/2928 6291/1221/2925
f 6294/1223/2929 6292/232/2927 6290/1220/2926
f 6293/1222/2928 6289/215/2925 6295/217/2928
f 6292/232/2927 6294/1223/2929 6296/229/2930
f 6297/220/2931 6293/1222/2928 6295/217/2928
f 6294/1223/2929 6298/228/2932 6296/229/2930
f 6293/1222/2928 6297/220/2931 6299/1224/2933
f 6298/228/2932 6294/1223/2929 6300/1225/2934
f 6301/222/2935 6299/1224/2933 6297/220/2931
f 6302/1226/2936 6298/228/2932 6300/1225/2934
f 6299/1224/2933 6301/222/2935 6303/1227/2935
f 6298/228/2932 6302/1226/2936 6304/226/2937
f 6301/222/2935 6305/1228/2938 6303/1227/2935
f 6305/1228/2938 6304/226/2937 6302/1226/2936
f 6304/226/2937 6305/1228/2938 6306/224/2938
f 6305/1228/2938 6301/222/2935 6306/224/2938
f 6307/260/2939 6308/266/2940 6309/265/2939
f 6310/453/2941 6307/260/2939 6309/265/2939
f 6308/266/2940 6307/260/2939 6311/564/2942
f 6307/260/2939 6310/453/2941 6312/261/2943
f 6311/564/2942 6313/304/2944 6308/266/2940
f 6314/457/2945 6312/261/2943 6310/453/2941
f 6313/304/2944 6311/564/2942 6315/561/2946
f 6312/261/2943 6314/457/2945 6316/589/2947
f 6317/559/2948 6313/304/2944 6315/561/2946
f 6318/587/2949 6316/589/2947 6314/457/2945
f 6313/304/2944 6317/559/2948 6319/305/2948
f 6314/457/2945 6320/458/2950 6318/587/2949
f 6317/559/2948 6321/307/2951 6319/305/2948
f 6322/585/2952 6318/587/2949 6320/458/2950
f 6321/307/2951 6317/559/2948 6323/560/2953
f 6320/458/2950 6324/269/2954 6322/585/2952
f 6325/308/2955 6321/307/2951 6323/560/2953
f 6326/268/2956 6322/585/2952 6324/269/2954
f 6323/560/2953 6327/575/2957 6325/308/2955
f 6322/585/2952 6326/268/2956 6328/584/2958
f 6329/574/2959 6325/308/2955 6327/575/2957
f 6330/309/2960 6328/584/2958 6326/268/2956
f 6325/308/2955 6329/574/2959 6330/309/2960
f 6328/584/2958 6330/309/2960 6329/574/2959
f 6331/1229/2961 6332/1230/2961 6333/1231/2961
f 6332/1230/2961 6334/1232/2961 6333/1231/2961
f 6334/1232/2961 6335/1233/2961 6333/1231/2961
f 6335/1233/2961 6336/1234/2961 6333/1231/2961
f 6337/1235/2962 6331/1229/2961 6333/1231/2961
f 6336/1234/2961 6338/1236/2961 6333/1231/2961
f 6338/1236/2961 6339/1237/2962 6333/1231/2961
f 6339/1237/2962 6337/1235/2962 6333/1231/2961
f 6339/1237/2962 6340/1238/2962 6337/1235/2962
f 6338/1236/2961 6341/1239/2961 6339/1237/2962
f 6339/1237/2962 6341/1239/2961 6342/1240/2961
f 6340/1238/2962 6339/1237/2962 6342/1240/2961
f 6341/1239/2961 6343/1241/2961 6342/1240/2961
f 6343/1241/2961 6340/1238/2962 6342/1240/2961
f 6340/1238/2962 6343/1241/2961 6344/1242/2961
f 6341/1239/2961 6345/1243/2962 6343/1241/2961
f 6345/1243/2962 6346/1244/2961 6343/1241/2961
f 6343/1241/2961 6346/1244/2961 6344/1242/2961
f 6344/1242/2961 6346/1244/2961 6347/1245/2961
f 6348/1246/2961 6346/1244/2961 6345/1243/2962
f 6347/1245/2961 6346/1244/2961 6349/1247/2961
f 6350/1248/2961 6346/1244/2961 6348/1246/2961
f 6351/1249/2961 6346/1244/2961 6350/1248/2961
f 6349/1247/2961 6346/1244/2961 6351/1249/2961
f 6352/1250/2963 6353/1251/2963 6354/1252/2963
f 6355/1253/2963 6352/1250/2963 6354/1252/2963
f 6356/1254/2963 6355/1253/2963 6354/1252/2963
f 6357/1255/2963 6356/1254/2963 6354/1252/2963
f 6353/1251/2963 6358/1256/2963 6354/1252/2963
f 6359/1257/2963 6357/1255/2963 6354/1252/2963
f 6360/1258/2963 6359/1257/2963 6354/1252/2963
f 6358/1256/2963 6360/1258/2963 6354/1252/2963
f 6361/1259/2963 6360/1258/2963 6358/1256/2963
f 6360/1258/2963 6362/1260/2963 6359/1257/2963
f 6363/1261/2963 6360/1258/2963 6361/1259/2963
f 6362/1260/2963 6360/1258/2963 6363/1261/2963
f 6364/1262/2963 6362/1260/2963 6363/1261/2963
f 6364/1262/2963 6363/1261/2963 6361/1259/2963
f 6361/1259/2963 6365/1263/2963 6364/1262/2963
f 6362/1260/2963 6364/1262/2963 6366/1264/2963
f 6364/1262/2963 6367/1265/2963 6366/1264/2963
f 6365/1263/2963 6367/1265/2963 6364/1262/2963
f 6368/1266/2964 6367/1265/2963 6365/1263/2963
f 6366/1264/2963 6367/1265/2963 6369/1267/2963
f 6370/1268/2963 6367/1265/2963 6368/1266/2964
f 6369/1267/2963 6367/1265/2963 6371/1269/2963
f 6371/1269/2963 6367/1265/2963 6372/1270/2963
f 6372/1270/2963 6367/1265/2963 6370/1268/2963
f 6373/1271/2962 6374/1272/2962 6375/1273/2961
f 6374/1272/2962 6376/1274/2961 6375/1273/2961
f 6376/1274/2961 6377/1275/2961 6375/1273/2961
f 6377/1275/2961 6378/1276/2961 6375/1273/2961
f 6379/1277/2961 6373/1271/2962 6375/1273/2961
f 6378/1276/2961 6380/1278/2961 6375/1273/2961
f 6381/1279/2961 6379/1277/2961 6375/1273/2961
f 6380/1278/2961 6381/1279/2961 6375/1273/2961
f 6381/1279/2961 6382/1280/2961 6379/1277/2961
f 6381/1279/2961 6380/1278/2961 6383/1281/2961
f 6384/1282/2961 6381/1279/2961 6383/1281/2961
f 6382/1280/2961 6381/1279/2961 6384/1282/2961
f 6385/1283/2961 6382/1280/2961 6384/1282/2961
f 6385/1283/2961 6384/1282/2961 6383/1281/2961
f 6382/1280/2961 6385/1283/2961 6386/1284/2961
f 6383/1281/2961 6387/1285/2961 6385/1283/2961
f 6387/1285/2961 6388/1286/2962 6385/1283/2961
f 6385/1283/2961 6388/1286/2962 6386/1284/2961
f 6386/1284/2961 6388/1286/2962 6389/1287/2961
f 6390/1288/2961 6388/1286/2962 6387/1285/2961
f 6389/1287/2961 6388/1286/2962 6391/1289/2961
f 6392/1290/2961 6388/1286/2962 6390/1288/2961
f 6391/1289/2961 6388/1286/2962 6393/1291/2962
f 6393/1291/2962 6388/1286/2962 6392/1290/2961
f 6394/1292/2963 6395/1293/2963 6396/1294/2963
f 6397/1295/2964 6394/1292/2963 6396/1294/2963
f 6398/1296/2963 6397/1295/2964 6396/1294/2963
f 6399/1297/2963 6398/1296/2963 6396/1294/2963
f 6395/1293/2963 6400/1298/2963 6396/1294/2963
f 6401/1299/2963 6399/1297/2963 6396/1294/2963
f 6402/1300/2963 6401/1299/2963 6396/1294/2963
f 6400/1298/2963 6402/1300/2963 6396/1294/2963
f 6400/1298/2963 6403/1301/2963 6402/1300/2963
f 6402/1300/2963 6404/1302/2963 6401/1299/2963
f 6404/1302/2963 6402/1300/2963 6405/1303/2963
f 6402/1300/2963 6403/1301/2963 6405/1303/2963
f 6406/1304/2963 6404/1302/2963 6405/1303/2963
f 6403/1301/2963 6406/1304/2963 6405/1303/2963
f 6406/1304/2963 6403/1301/2963 6407/1305/2963
f 6404/1302/2963 6406/1304/2963 6408/1306/2963
f 6406/1304/2963 6409/1307/2963 6408/1306/2963
f 6407/1305/2963 6409/1307/2963 6406/1304/2963
f 6410/1308/2963 6409/1307/2963 6407/1305/2963
f 6408/1306/2963 6409/1307/2963 6411/1309/2963
f 6412/1310/2963 6409/1307/2963 6410/1308/2963
f 6411/1309/2963 6409/1307/2963 6413/1311/2963
f 6413/1311/2963 6409/1307/2963 6414/1312/2963
f 6414/1312/2963 6409/1307/2963 6412/1310/2963
f 6415/1229/2961 6416/1230/2961 6417/1231/2961
f 6416/1230/2961 6418/1232/2961 6417/1231/2961
f 6418/1232/2961 6419/1233/2961 6417/1231/2961
f 6419/1233/2961 6420/1234/2962 6417/1231/2961
f 6421/1235/2961 6415/1229/2961 6417/1231/2961
f 6420/1234/2962 6422/1236/2961 6417/1231/2961
f 6422/1236/2961 6423/1237/2961 6417/1231/2961
f 6423/1237/2961 6421/1235/2961 6417/1231/2961
f 6423/1237/2961 6424/1238/2961 6421/1235/2961
f 6422/1236/2961 6425/1239/2962 6423/1237/2961
f 6424/1238/2961 6423/1237/2961 6426/1240/2962
f 6423/1237/2961 6425/1239/2962 6426/1240/2962
f 6425/1239/2962 6427/1241/2961 6426/1240/2962
f 6427/1241/2961 6424/1238/2961 6426/1240/2962
f 6424/1238/2961 6427/1241/2961 6428/1242/2961
f 6425/1239/2962 6429/1243/2961 6427/1241/2961
f 6429/1243/2961 6430/1244/2961 6427/1241/2961
f 6427/1241/2961 6430/1244/2961 6428/1242/2961
f 6428/1242/2961 6430/1244/2961 6431/1245/2961
f 6432/1246/2961 6430/1244/2961 6429/1243/2961
f 6431/1245/2961 6430/1244/2961 6433/1247/2961
f 6434/1248/2961 6430/1244/2961 6432/1246/2961
f 6435/1249/2961 6430/1244/2961 6434/1248/2961
f 6433/1247/2961 6430/1244/2961 6435/1249/2961
f 6436/1250/2963 6437/1251/2963 6438/1252/2963
f 6439/1253/2963 6436/1250/2963 6438/1252/2963
f 6440/1254/2963 6439/1253/2963 6438/1252/2963
f 6441/1255/2963 6440/1254/2963 6438/1252/2963
f 6437/1251/2963 6442/1256/2963 6438/1252/2963
f 6443/1257/2963 6441/1255/2963 6438/1252/2963
f 6442/1256/2963 6444/1258/2963 6438/1252/2963
f 6444/1258/2963 6443/1257/2963 6438/1252/2963
f 6445/1259/2963 6444/1258/2963 6442/1256/2963
f 6444/1258/2963 6446/1260/2963 6443/1257/2963
f 6446/1260/2963 6444/1258/2963 6447/1261/2963
f 6447/1261/2963 6444/1258/2963 6445/1259/2963
f 6448/1262/2963 6447/1261/2963 6445/1259/2963
f 6448/1262/2963 6446/1260/2963 6447/1261/2963
f 6445/1259/2963 6449/1263/2963 6448/1262/2963
f 6446/1260/2963 6448/1262/2963 6450/1264/2963
f 6448/1262/2963 6451/1265/2963 6450/1264/2963
f 6449/1263/2963 6451/1265/2963 6448/1262/2963
f 6452/1266/2963 6451/1265/2963 6449/1263/2963
f 6450/1264/2963 6451/1265/2963 6453/1267/2963
f 6454/1268/2963 6451/1265/2963 6452/1266/2963
f 6453/1267/2963 6451/1265/2963 6455/1269/2963
f 6456/1270/2964 6451/1265/2963 6454/1268/2963
f 6455/1269/2963 6451/1265/2963 6456/1270/2964
f 6457/1313/188 6458/1314/1420 6459/1315/1420
f 6460/1316/188 6458/1314/1420 6457/1313/188
f 6459/1315/1420 6458/1314/1420 6461/1317/188
f 6462/1318/188 6458/1314/1420 6460/1316/188
f 6461/1317/188 6458/1314/1420 6463/1319/188
f 6464/1320/188 6458/1314/1420 6462/1318/188
f 6465/1321/1420 6458/1314/1420 6464/1320/188
f 6463/1319/188 6458/1314/1420 6465/1321/1420
f 6466/1322/188 6467/1323/1420 6468/1324/1420
f 6469/1325/188 6466/1322/188 6468/1324/1420
f 6467/1323/1420 6470/1326/188 6468/1324/1420
f 6471/1327/1420 6469/1325/188 6468/1324/1420
f 6470/1326/188 6472/1328/1420 6468/1324/1420
f 6473/1329/188 6471/1327/1420 6468/1324/1420
f 6474/1330/1592 6473/1329/188 6468/1324/1420
f 6472/1328/1420 6474/1330/1592 6468/1324/1420
f 6475/1313/188 6476/1315/1420 6477/1314/188
f 6478/1316/188 6475/1313/188 6477/1314/188
f 6476/1315/1420 6479/1317/1420 6477/1314/188
f 6480/1318/188 6478/1316/188 6477/1314/188
f 6479/1317/1420 6481/1319/1420 6477/1314/188
f 6482/1320/188 6480/1318/188 6477/1314/188
f 6481/1319/1420 6483/1321/188 6477/1314/188
f 6483/1321/188 6482/1320/188 6477/1314/188
f 6484/1322/1420 6485/1324/1420 6486/1323/188
f 6487/1325/188 6485/1324/1420 6484/1322/1420
f 6486/1323/188 6485/1324/1420 6488/1326/188
f 6489/1327/1420 6485/1324/1420 6487/1325/188
f 6488/1326/188 6485/1324/1420 6490/1328/1420
f 6491/1329/1420 6485/1324/1420 6489/1327/1420
f 6492/1330/188 6485/1324/1420 6491/1329/1420
f 6490/1328/1420 6485/1324/1420 6492/1330/188
f 6493/1271/2961 6494/1272/2961 6495/1273/2961
f 6494/1272/2961 6496/1274/2961 6495/1273/2961
f 6496/1274/2961 6497/1275/2961 6495/1273/2961
f 6497/1275/2961 6498/1276/2961 6495/1273/2961
f 6499/1277/2961 6493/1271/2961 6495/1273/2961
f 6498/1276/2961 6500/1278/2961 6495/1273/2961
f 6501/1279/2961 6499/1277/2961 6495/1273/2961
f 6500/1278/2961 6501/1279/2961 6495/1273/2961
f 6501/1279/2961 6502/1280/2961 6499/1277/2961
f 6501/1279/2961 6500/1278/2961 6503/1281/2961
f 6504/1282/2961 6501/1279/2961 6503/1281/2961
f 6502/1280/2961 6501/1279/2961 6504/1282/2961
f 6505/1283/2961 6504/1282/2961 6503/1281/2961
f 6505/1283/2961 6502/1280/2961 6504/1282/2961
f 6502/1280/2961 6505/1283/2961 6506/1284/2961
f 6503/1281/2961 6507/1285/2962 6505/1283/2961
f 6505/1283/2961 6508/1286/2962 6506/1284/2961
f 6507/1285/2962 6508/1286/2962 6505/1283/2961
f 6506/1284/2961 6508/1286/2962 6509/1287/2961
f 6510/1288/2961 6508/1286/2962 6507/1285/2962
f 6509/1287/2961 6508/1286/2962 6511/1289/2961
f 6512/1290/2962 6508/1286/2962 6510/1288/2961
f 6511/1289/2961 6508/1286/2962 6513/1291/2961
f 6513/1291/2961 6508/1286/2962 6512/1290/2962
f 6514/1292/2963 6515/1293/2963 6516/1294/2963
f 6517/1295/2963 6514/1292/2963 6516/1294/2963
f 6518/1296/2963 6517/1295/2963 6516/1294/2963
f 6519/1297/2963 6518/1296/2963 6516/1294/2963
f 6515/1293/2963 6520/1298/2963 6516/1294/2963
f 6521/1299/2963 6519/1297/2963 6516/1294/2963
f 6522/1300/2963 6521/1299/2963 6516/1294/2963
f 6520/1298/2963 6522/1300/2963 6516/1294/2963
f 6520/1298/2963 6523/1301/2964 6522/1300/2963
f 6522/1300/2963 6524/1302/2963 6521/1299/2963
f 6524/1302/2963 6522/1300/2963 6525/1303/2963
f 6522/1300/2963 6523/1301/2964 6525/1303/2963
f 6526/1304/2963 6524/1302/2963 6525/1303/2963
f 6523/1301/2964 6526/1304/2963 6525/1303/2963
f 6526/1304/2963 6523/1301/2964 6527/1305/2963
f 6524/1302/2963 6526/1304/2963 6528/1306/2963
f 6526/1304/2963 6529/1307/2963 6528/1306/2963
f 6527/1305/2963 6529/1307/2963 6526/1304/2963
f 6530/1308/2963 6529/1307/2963 6527/1305/2963
f 6528/1306/2963 6529/1307/2963 6531/1309/2963
f 6532/1310/2963 6529/1307/2963 6530/1308/2963
f 6531/1309/2963 6529/1307/2963 6533/1311/2963
f 6533/1311/2963 6529/1307/2963 6534/1312/2963
f 6534/1312/2963 6529/1307/2963 6532/1310/2963
f 6535/1229/2965 6536/1231/2965 6537/1230/2965
f 6537/1230/2965 6536/1231/2965 6538/1232/2965
f 6538/1232/2965 6536/1231/2965 6539/1233/2965
f 6539/1233/2965 6536/1231/2965 6540/1234/2965
f 6541/1235/2965 6536/1231/2965 6535/1229/2965
f 6540/1234/2965 6536/1231/2965 6542/1236/2965
f 6542/1236/2965 6536/1231/2965 6543/1237/2965
f 6543/1237/2965 6536/1231/2965 6541/1235/2965
f 6544/1238/2965 6543/1237/2965 6541/1235/2965
f 6545/1239/2965 6542/1236/2965 6543/1237/2965
f 6543/1237/2965 6544/1238/2965 6546/1240/2965
f 6543/1237/2965 6546/1240/2965 6545/1239/2965
f 6546/1240/2965 6547/1241/2965 6545/1239/2965
f 6544/1238/2965 6547/1241/2965 6546/1240/2965
f 6547/1241/2965 6544/1238/2965 6548/1242/2965
f 6545/1239/2965 6547/1241/2965 6549/1243/2965
f 6549/1243/2965 6547/1241/2965 6550/1244/2965
f 6547/1241/2965 6548/1242/2965 6550/1244/2965
f 6548/1242/2965 6551/1245/2965 6550/1244/2965
f 6552/1246/2965 6549/1243/2965 6550/1244/2965
f 6551/1245/2965 6553/1247/2965 6550/1244/2965
f 6554/1248/2965 6552/1246/2965 6550/1244/2965
f 6555/1249/2965 6554/1248/2965 6550/1244/2965
f 6553/1247/2965 6555/1249/2965 6550/1244/2965
f 6556/1250/2966 6557/1252/2966 6558/1251/2966
f 6559/1253/2967 6557/1252/2966 6556/1250/2966
f 6560/1254/2966 6557/1252/2966 6559/1253/2967
f 6561/1255/2966 6557/1252/2966 6560/1254/2966
f 6558/1251/2966 6557/1252/2966 6562/1256/2966
f 6563/1257/2966 6557/1252/2966 6561/1255/2966
f 6562/1256/2966 6557/1252/2966 6564/1258/2966
f 6564/1258/2966 6557/1252/2966 6563/1257/2966
f 6565/1259/2968 6562/1256/2966 6564/1258/2966
f 6566/1260/2966 6564/1258/2966 6563/1257/2966
f 6564/1258/2966 6566/1260/2966 6567/1261/2966
f 6565/1259/2968 6564/1258/2966 6567/1261/2966
f 6566/1260/2966 6568/1262/2967 6567/1261/2966
f 6568/1262/2967 6565/1259/2968 6567/1261/2966
f 6569/1263/2967 6565/1259/2968 6568/1262/2967
f 6568/1262/2967 6566/1260/2966 6570/1264/2967
f 6569/1263/2967 6568/1262/2967 6571/1265/2968
f 6568/1262/2967 6570/1264/2967 6571/1265/2968
f 6572/1266/2968 6569/1263/2967 6571/1265/2968
f 6570/1264/2967 6573/1267/2966 6571/1265/2968
f 6574/1268/2967 6572/1266/2968 6571/1265/2968
f 6573/1267/2966 6575/1269/2966 6571/1265/2968
f 6576/1270/2967 6574/1268/2967 6571/1265/2968
f 6575/1269/2966 6576/1270/2967 6571/1265/2968
f 6577/1271/2965 6578/1273/2965 6579/1272/2965
f 6579/1272/2965 6578/1273/2965 6580/1274/2965
f 6580/1274/2965 6578/1273/2965 6581/1275/2965
f 6581/1275/2965 6578/1273/2965 6582/1276/2965
f 6583/1277/2965 6578/1273/2965 6577/1271/2965
f 6582/1276/2965 6578/1273/2965 6584/1278/2965
f 6584/1278/2965 6578/1273/2965 6585/1279/2965
f 6585/1279/2965 6578/1273/2965 6583/1277/2965
f 6586/1280/2965 6585/1279/2965 6583/1277/2965
f 6585/1279/2965 6587/1281/2965 6584/1278/2965
f 6587/1281/2965 6585/1279/2965 6588/1282/2965
f 6585/1279/2965 6586/1280/2965 6588/1282/2965
f 6586/1280/2965 6589/1283/2965 6588/1282/2965
f 6589/1283/2965 6587/1281/2965 6588/1282/2965
f 6589/1283/2965 6586/1280/2965 6590/1284/2965
f 6591/1285/2965 6587/1281/2965 6589/1283/2965
f 6591/1285/2965 6589/1283/2965 6592/1286/2965
f 6589/1283/2965 6590/1284/2965 6592/1286/2965
f 6590/1284/2965 6593/1287/2965 6592/1286/2965
f 6594/1288/2965 6591/1285/2965 6592/1286/2965
f 6593/1287/2965 6595/1289/2965 6592/1286/2965
f 6596/1290/2965 6594/1288/2965 6592/1286/2965
f 6597/1291/2965 6596/1290/2965 6592/1286/2965
f 6595/1289/2965 6597/1291/2965 6592/1286/2965
f 6598/1292/2968 6599/1294/2967 6600/1293/2968
f 6601/1295/2968 6599/1294/2967 6598/1292/2968
f 6602/1296/2966 6599/1294/2967 6601/1295/2968
f 6603/1297/2967 6599/1294/2967 6602/1296/2966
f 6600/1293/2968 6599/1294/2967 6604/1298/2966
f 6605/1299/2967 6599/1294/2967 6603/1297/2967
f 6606/1300/2966 6599/1294/2967 6605/1299/2967
f 6604/1298/2966 6599/1294/2967 6606/1300/2966
f 6607/1301/2968 6604/1298/2966 6606/1300/2966
f 6608/1302/2966 6606/1300/2966 6605/1299/2967
f 6606/1300/2966 6609/1303/2966 6607/1301/2968
f 6606/1300/2966 6608/1302/2966 6609/1303/2966
f 6608/1302/2966 6610/1304/2966 6609/1303/2966
f 6609/1303/2966 6610/1304/2966 6607/1301/2968
f 6610/1304/2966 6611/1305/2966 6607/1301/2968
f 6610/1304/2966 6608/1302/2966 6612/1306/2966
f 6611/1305/2966 6610/1304/2966 6613/1307/2967
f 6610/1304/2966 6612/1306/2966 6613/1307/2967
f 6614/1308/2967 6611/1305/2966 6613/1307/2967
f 6612/1306/2966 6615/1309/2966 6613/1307/2967
f 6616/1310/2967 6614/1308/2967 6613/1307/2967
f 6615/1309/2966 6617/1311/2967 6613/1307/2967
f 6617/1311/2967 6618/1312/2966 6613/1307/2967
f 6618/1312/2966 6616/1310/2967 6613/1307/2967
f 6619/1229/2965 6620/1231/2965 6621/1230/2965
f 6621/1230/2965 6620/1231/2965 6622/1232/2965
f 6622/1232/2965 6620/1231/2965 6623/1233/2965
f 6623/1233/2965 6620/1231/2965 6624/1234/2965
f 6625/1235/2965 6620/1231/2965 6619/1229/2965
f 6624/1234/2965 6620/1231/2965 6626/1236/2965
f 6627/1237/2965 6620/1231/2965 6625/1235/2965
f 6626/1236/2965 6620/1231/2965 6627/1237/2965
f 6628/1238/2965 6627/1237/2965 6625/1235/2965
f 6629/1239/2965 6626/1236/2965 6627/1237/2965
f 6627/1237/2965 6630/1240/2965 6629/1239/2965
f 6627/1237/2965 6628/1238/2965 6630/1240/2965
f 6630/1240/2965 6631/1241/2965 6629/1239/2965
f 6628/1238/2965 6631/1241/2965 6630/1240/2965
f 6631/1241/2965 6628/1238/2965 6632/1242/2965
f 6629/1239/2965 6631/1241/2965 6633/1243/2965
f 6631/1241/2965 6632/1242/2965 6634/1244/2965
f 6633/1243/2965 6631/1241/2965 6634/1244/2965
f 6632/1242/2965 6635/1245/2965 6634/1244/2965
f 6636/1246/2965 6633/1243/2965 6634/1244/2965
f 6635/1245/2965 6637/1247/2965 6634/1244/2965
f 6638/1248/2965 6636/1246/2965 6634/1244/2965
f 6637/1247/2965 6639/1249/2965 6634/1244/2965
f 6639/1249/2965 6638/1248/2965 6634/1244/2965
f 6640/1250/2966 6641/1252/2966 6642/1251/2966
f 6643/1253/2966 6641/1252/2966 6640/1250/2966
f 6644/1254/2966 6641/1252/2966 6643/1253/2966
f 6645/1255/2966 6641/1252/2966 6644/1254/2966
f 6642/1251/2966 6641/1252/2966 6646/1256/2966
f 6647/1257/2966 6641/1252/2966 6645/1255/2966
f 6648/1258/2967 6641/1252/2966 6647/1257/2966
f 6646/1256/2966 6641/1252/2966 6648/1258/2967
f 6649/1259/2967 6646/1256/2966 6648/1258/2967
f 6650/1260/2966 6648/1258/2967 6647/1257/2966
f 6648/1258/2967 6650/1260/2966 6651/1261/2968
f 6649/1259/2967 6648/1258/2967 6651/1261/2968
f 6652/1262/2966 6649/1259/2967 6651/1261/2968
f 6650/1260/2966 6652/1262/2966 6651/1261/2968
f 6653/1263/2966 6649/1259/2967 6652/1262/2966
f 6652/1262/2966 6650/1260/2966 6654/1264/2967
f 6652/1262/2966 6654/1264/2967 6655/1265/2966
f 6653/1263/2966 6652/1262/2966 6655/1265/2966
f 6656/1266/2966 6653/1263/2966 6655/1265/2966
f 6654/1264/2967 6657/1267/2968 6655/1265/2966
f 6658/1268/2966 6656/1266/2966 6655/1265/2966
f 6657/1267/2968 6659/1269/2968 6655/1265/2966
f 6660/1270/2968 6658/1268/2966 6655/1265/2966
f 6659/1269/2968 6660/1270/2968 6655/1265/2966
f 6661/1313/425 6662/1315/425 6663/1314/425
f 6664/1316/425 6661/1313/425 6663/1314/425
f 6662/1315/425 6665/1317/2172 6663/1314/425
f 6666/1318/425 6664/1316/425 6663/1314/425
f 6665/1317/2172 6667/1319/425 6663/1314/425
f 6668/1320/425 6666/1318/425 6663/1314/425
f 6669/1321/425 6668/1320/425 6663/1314/425
f 6667/1319/425 6669/1321/425 6663/1314/425
f 6670/1322/2172 6671/1324/425 6672/1323/425
f 6673/1325/425 6671/1324/425 6670/1322/2172
f 6672/1323/425 6671/1324/425 6674/1326/425
f 6675/1327/425 6671/1324/425 6673/1325/425
f 6674/1326/425 6671/1324/425 6676/1328/425
f 6677/1329/425 6671/1324/425 6675/1327/425
f 6676/1328/425 6671/1324/425 6678/1330/2172
f 6678/1330/2172 6671/1324/425 6677/1329/425
f 6679/1313/425 6680/1314/425 6681/1315/425
f 6682/1316/425 6680/1314/425 6679/1313/425
f 6681/1315/425 6680/1314/425 6683/1317/425
f 6684/1318/425 6680/1314/425 6682/1316/425
f 6683/1317/425 6680/1314/425 6685/1319/425
f 6686/1320/425 6680/1314/425 6684/1318/425
f 6687/1321/425 6680/1314/425 6686/1320/425
f 6685/1319/425 6680/1314/425 6687/1321/425
f 6688/1322/425 6689/1323/425 6690/1324/425
f 6691/1325/425 6688/1322/425 6690/1324/425
f 6689/1323/425 6692/1326/425 6690/1324/425
f 6693/1327/425 6691/1325/425 6690/1324/425
f 6692/1326/425 6694/1328/425 6690/1324/425
f 6695/1329/425 6693/1327/425 6690/1324/425
f 6694/1328/425 6696/1330/425 6690/1324/425
f 6696/1330/425 6695/1329/425 6690/1324/425
f 6697/1271/2965 6698/1273/2965 6699/1272/2965
f 6699/1272/2965 6698/1273/2965 6700/1274/2965
f 6700/1274/2965 6698/1273/2965 6701/1275/2965
f 6701/1275/2965 6698/1273/2965 6702/1276/2965
f 6703/1277/2965 6698/1273/2965 6697/1271/2965
f 6702/1276/2965 6698/1273/2965 6704/1278/2965
f 6704/1278/2965 6698/1273/2965 6705/1279/2965
f 6705/1279/2965 6698/1273/2965 6703/1277/2965
f 6706/1280/2965 6705/1279/2965 6703/1277/2965
f 6705/1279/2965 6707/1281/2965 6704/1278/2965
f 6707/1281/2965 6705/1279/2965 6708/1282/2965
f 6705/1279/2965 6706/1280/2965 6708/1282/2965
f 6709/1283/2965 6707/1281/2965 6708/1282/2965
f 6706/1280/2965 6709/1283/2965 6708/1282/2965
f 6709/1283/2965 6706/1280/2965 6710/1284/2965
f 6711/1285/2965 6707/1281/2965 6709/1283/2965
f 6711/1285/2965 6709/1283/2965 6712/1286/2965
f 6709/1283/2965 6710/1284/2965 6712/1286/2965
f 6710/1284/2965 6713/1287/2965 6712/1286/2965
f 6714/1288/2965 6711/1285/2965 6712/1286/2965
f 6713/1287/2965 6715/1289/2965 6712/1286/2965
f 6716/1290/2965 6714/1288/2965 6712/1286/2965
f 6717/1291/2965 6716/1290/2965 6712/1286/2965
f 6715/1289/2965 6717/1291/2965 6712/1286/2965
f 6718/1292/2968 6719/1294/2967 6720/1293/2968
f 6721/1295/2967 6719/1294/2967 6718/1292/2968
f 6722/1296/2967 6719/1294/2967 6721/1295/2967
f 6723/1297/2967 6719/1294/2967 6722/1296/2967
f 6720/1293/2968 6719/1294/2967 6724/1298/2967
f 6725/1299/2967 6719/1294/2967 6723/1297/2967
f 6726/1300/2967 6719/1294/2967 6725/1299/2967
f 6724/1298/2967 6719/1294/2967 6726/1300/2967
f 6727/1301/2968 6724/1298/2967 6726/1300/2967
f 6728/1302/2968 6726/1300/2967 6725/1299/2967
f 6726/1300/2967 6729/1303/2966 6727/1301/2968
f 6726/1300/2967 6728/1302/2968 6729/1303/2966
f 6728/1302/2968 6730/1304/2966 6729/1303/2966
f 6729/1303/2966 6730/1304/2966 6727/1301/2968
f 6730/1304/2966 6731/1305/2966 6727/1301/2968
f 6730/1304/2966 6728/1302/2968 6732/1306/2966
f 6730/1304/2966 6732/1306/2966 6733/1307/2967
f 6731/1305/2966 6730/1304/2966 6733/1307/2967
f 6734/1308/2968 6731/1305/2966 6733/1307/2967
f 6732/1306/2966 6735/1309/2966 6733/1307/2967
f 6736/1310/2968 6734/1308/2968 6733/1307/2967
f 6735/1309/2966 6737/1311/2966 6733/1307/2967
f 6737/1311/2966 6738/1312/2967 6733/1307/2967
f 6738/1312/2967 6736/1310/2968 6733/1307/2967
f 6739/1331/2969 6740/1332/2969 6741/1333/2969
f 6742/1334/2969 6739/1331/2969 6741/1333/2969
f 6740/1332/2969 6743/1335/2969 6741/1333/2969
f 6744/1336/2969 6742/1334/2969 6741/1333/2969
f 6743/1335/2969 6745/1337/2969 6741/1333/2969
f 6746/1338/2969 6744/1336/2969 6741/1333/2969
f 6745/1337/2969 6747/1339/2969 6741/1333/2969
f 6748/1340/2969 6746/1338/2969 6741/1333/2969
f 6747/1339/2969 6749/1341/2969 6741/1333/2969
f 6750/1342/2969 6748/1340/2969 6741/1333/2969
f 6751/1343/2969 6750/1342/2969 6741/1333/2969
f 6749/1341/2969 6751/1343/2969 6741/1333/2969
f 6752/1202/2565 6753/1198/2565 6754/1344/2565
f 6755/1204/2970 6752/1202/2565 6754/1344/2565
f 6753/1198/2565 6756/1192/2565 6754/1344/2565
f 6757/1201/2565 6755/1204/2970 6754/1344/2565
f 6756/1192/2565 6758/1188/2565 6754/1344/2565
f 6759/1195/2565 6757/1201/2565 6754/1344/2565
f 6758/1188/2565 6760/1184/2565 6754/1344/2565
f 6761/1191/2565 6759/1195/2565 6754/1344/2565
f 6760/1184/2565 6762/1182/2565 6754/1344/2565
f 6763/1187/2565 6761/1191/2565 6754/1344/2565
f 6762/1182/2565 6764/1183/2565 6754/1344/2565
f 6764/1183/2565 6763/1187/2565 6754/1344/2565
f 6765/1217/149 6766/1218/149 6767/1345/60
f 6768/1219/149 6765/1217/149 6767/1345/60
f 6766/1218/149 6769/1221/149 6767/1345/60
f 6770/1220/60 6768/1219/149 6767/1345/60
f 6769/1221/149 6771/1222/60 6767/1345/60
f 6772/1223/149 6770/1220/60 6767/1345/60
f 6771/1222/60 6773/1224/149 6767/1345/60
f 6774/1225/149 6772/1223/149 6767/1345/60
f 6773/1224/149 6775/1227/60 6767/1345/60
f 6776/1226/149 6774/1225/149 6767/1345/60
f 6777/1228/60 6776/1226/149 6767/1345/60
f 6775/1227/60 6777/1228/60 6767/1345/60
f 6778/1217/28 6779/1345/28 6780/1218/28
f 6781/1219/28 6779/1345/28 6778/1217/28
f 6780/1218/28 6779/1345/28 6782/1221/28
f 6783/1220/28 6779/1345/28 6781/1219/28
f 6782/1221/28 6779/1345/28 6784/1222/28
f 6785/1223/28 6779/1345/28 6783/1220/28
f 6784/1222/28 6779/1345/28 6786/1224/28
f 6787/1225/28 6779/1345/28 6785/1223/28
f 6786/1224/28 6779/1345/28 6788/1227/28
f 6789/1226/28 6779/1345/28 6787/1225/28
f 6790/1228/28 6779/1345/28 6789/1226/28
f 6788/1227/28 6779/1345/28 6790/1228/28
f 6791/1331/2971 6792/1333/2972 6793/1332/2973
f 6794/1334/2971 6792/1333/2972 6791/1331/2971
f 6793/1332/2973 6792/1333/2972 6795/1335/2971
f 6796/1336/2971 6792/1333/2972 6794/1334/2971
f 6795/1335/2971 6792/1333/2972 6797/1337/2971
f 6798/1338/2971 6792/1333/2972 6796/1336/2971
f 6797/1337/2971 6792/1333/2972 6799/1339/2973
f 6800/1340/2971 6792/1333/2972 6798/1338/2971
f 6799/1339/2973 6792/1333/2972 6801/1341/2971
f 6802/1342/2974 6792/1333/2972 6800/1340/2971
f 6801/1341/2971 6792/1333/2972 6803/1343/2971
f 6803/1343/2971 6792/1333/2972 6802/1342/2974
f 6804/1202/2619 6805/1344/2619 6806/1198/2619
f 6807/1204/2975 6805/1344/2619 6804/1202/2619
f 6806/1198/2619 6805/1344/2619 6808/1192/2619
f 6809/1201/2619 6805/1344/2619 6807/1204/2975
f 6808/1192/2619 6805/1344/2619 6810/1188/2619
f 6811/1195/2619 6805/1344/2619 6809/1201/2619
f 6810/1188/2619 6805/1344/2619 6812/1184/2619
f 6813/1191/2975 6805/1344/2619 6811/1195/2619
f 6812/1184/2619 6805/1344/2619 6814/1182/2975
f 6815/1187/2975 6805/1344/2619 6813/1191/2975
f 6816/1183/2619 6805/1344/2619 6815/1187/2975
f 6814/1182/2975 6805/1344/2619 6816/1183/2619
f 6817/1217/385 6818/1345/385 6819/1218/385
f 6820/1219/294 6818/1345/385 6817/1217/385
f 6819/1218/385 6818/1345/385 6821/1221/385
f 6822/1220/385 6818/1345/385 6820/1219/294
f 6821/1221/385 6818/1345/385 6823/1222/385
f 6824/1223/294 6818/1345/385 6822/1220/385
f 6823/1222/385 6818/1345/385 6825/1224/294
f 6826/1225/294 6818/1345/385 6824/1223/294
f 6825/1224/294 6818/1345/385 6827/1227/385
f 6828/1226/385 6818/1345/385 6826/1225/294
f 6829/1228/385 6818/1345/385 6828/1226/385
f 6827/1227/385 6818/1345/385 6829/1228/385
f 6830/1217/266 6831/1218/266 6832/1345/266
f 6833/1219/266 6830/1217/266 6832/1345/266
f 6831/1218/266 6834/1221/936 6832/1345/266
f 6835/1220/266 6833/1219/266 6832/1345/266
f 6834/1221/936 6836/1222/936 6832/1345/266
f 6837/1223/266 6835/1220/266 6832/1345/266
f 6836/1222/936 6838/1224/266 6832/1345/266
f 6839/1225/266 6837/1223/266 6832/1345/266
f 6838/1224/266 6840/1227/266 6832/1345/266
f 6841/1226/266 6839/1225/266 6832/1345/266
f 6840/1227/266 6842/1228/936 6832/1345/266
f 6842/1228/936 6841/1226/266 6832/1345/266
